AAACCCAAGCGCCCAT	g4
AAACCCAAGGTTCCGC	g0
AAACCCACAGACAAGC	g0
AAACCCACAGAGTTGG	g2
AAACCCACAGGTATGG	g0
AAACCCACATAGTCAC	g0
AAACCCACATCCAATG	g0
AAACCCAGTGGCTACC	g9
AAACCCATCCCGAGAC	g4
AAACCCATCTGGCCGA	g4
AAACCCATCTGTTCAT	g7
AAACGAAAGACGACGT	g3
AAACGAAAGACGTCGA	g2
AAACGAAAGGAGTCTG	g2
AAACGAACAAGAATGT	g7
AAACGAACAATACCCA	g7
AAACGAACACAAGCTT	g9
AAACGAACACGACGTC	g8
AAACGAAGTCATGCAT	g7
AAACGAAGTTATGTCG	g7
AAACGAATCTACTTCA	g2
AAACGCTAGACAACTA	g2
AAACGCTAGAGGTTTA	g7
AAACGCTAGCACCAGA	g2
AAACGCTAGGCAGGTT	g7
AAACGCTAGGTTAAAC	g3
AAACGCTAGTATGAAC	g0
AAACGCTCAATCCTAG	g2
AAACGCTCACGCAAAG	g0
AAACGCTCAGTCTTCC	g2
AAACGCTCATAGTCAC	g2
AAACGCTCATGGATCT	g0
AAACGCTGTCAGACGA	g0
AAACGCTGTCCCTAAA	g3
AAACGCTGTCGATTTG	g9
AAACGCTGTCTACATG	g2
AAAGAACAGTTCCGTA	g7
AAAGAACGTATCCTCC	g0
AAAGAACGTATTCCGA	g0
AAAGAACGTCTCGGGT	g8
AAAGAACGTTTGTTGG	g4
AAAGAACTCCTCCACA	g2
AAAGAACTCGCGTGCA	g2
AAAGAACTCTCATAGG	g2
AAAGGATAGCAGTAAT	g8
AAAGGATAGTGAATAC	g0
AAAGGATCAAACAGGC	g0
AAAGGATGTCGGTGAA	g2
AAAGGATGTGTCCAAT	g5
AAAGGATGTGTGGTCC	g3
AAAGGATTCAAGGACG	g9
AAAGGATTCATTGTTC	g1
AAAGGATTCCTAACAG	g2
AAAGGATTCGTAACAC	g4
AAAGGATTCTGCGGGT	g0
AAAGGATTCTTTGCAT	g4
AAAGGGCAGGGACCAT	g4
AAAGGGCAGTTCCGGC	g0
AAAGGGCCACGTCGTG	g4
AAAGGGCCAGGTTCGC	g4
AAAGGGCCATCATCCC	g7
AAAGGGCGTTACGTAC	g2
AAAGGGCTCATTTGGG	g6
AAAGGGCTCCAACTGA	g4
AAAGGGCTCCTGGGAC	g0
AAAGGGCTCTCAAAGC	g8
AAAGGGCTCTTCCACG	g2
AAAGGTAAGGGTCACA	g4
AAAGGTACAAGAATGT	g3
AAAGGTACAGCTACAT	g4
AAAGGTAGTATTTCTC	g4
AAAGGTAGTCTACACA	g4
AAAGGTAGTGCTATTG	g2
AAAGGTAGTTAAGGAT	g4
AAAGGTAGTTGTCATG	g1
AAAGGTATCATAGAGA	g0
AAAGGTATCGCAGAGA	g9
AAAGTCCAGACCAAGC	g2
AAAGTCCAGCAGGCTA	g2
AAAGTCCAGTCACACT	g4
AAAGTCCCAAGCTGTT	g2
AAAGTCCCAAGTGGTG	g0
AAAGTCCGTCGAAACG	g7
AAAGTCCGTTCCCACT	g2
AAAGTCCGTTCGGTTA	g0
AAAGTCCTCAACTACG	g0
AAAGTCCTCAGCGGAA	g0
AAAGTCCTCCAAGGGA	g0
AAAGTCCTCTGGGTCG	g0
AAAGTGAAGAGTGGCT	g2
AAAGTGAAGCATGATA	g2
AAAGTGAAGCGGGTAT	g2
AAAGTGAAGGTACATA	g8
AAAGTGACAGATCCTA	g2
AAAGTGACATAGGTTC	g4
AAAGTGACATCGAACT	g0
AAAGTGACATGACGGA	g4
AAAGTGACATGCAGCC	g0
AAAGTGAGTACCGTCG	g0
AAAGTGAGTTAAGACA	g4
AAAGTGATCAATGTCG	g2
AAAGTGATCGAAGTGG	g2
AAAGTGATCGATCCAA	g0
AAAGTGATCGCGAAGA	g4
AAATGGAAGACCTCCG	g2
AAATGGAAGAGGGTAA	g1
AAATGGAAGCAAATGT	g8
AAATGGACAGAGATTA	g0
AAATGGACAGGATCTT	g2
AAATGGAGTCGTTTCC	g0
AAATGGATCATTGCGA	g0
AAATGGATCGTAGGGA	g4
AAATGGATCTTAATCC	g0
AACAAAGAGGAAGAAC	g7
AACAAAGCAAATCGGG	g2
AACAAAGCACCAATTG	g0
AACAAAGCAGTGGGTA	g3
AACAAAGGTCCAATCA	g2
AACAAAGGTGGCTTGC	g0
AACAAAGTCCACAAGT	g0
AACAAAGTCCCTGGTT	g7
AACAAAGTCGAGGCAA	g2
AACAAAGTCTTAGTTC	g4
AACAACCAGAAGTGTT	g2
AACAACCAGTAGGTTA	g3
AACAACCAGTTGGAAT	g8
AACAACCCACGACGCT	g0
AACAACCCATGAGAAT	g2
AACAACCGTAAGCGGT	g3
AACAACCGTACCACGC	g0
AACAACCTCACCTACC	g4
AACAACCTCCAATCCC	g0
AACAAGAAGCTTAAGA	g8
AACAAGAAGGCCACTC	g0
AACAAGACAACGACTT	g3
AACAAGACACAAGCCC	g0
AACAAGACACCTAAAC	g4
AACAAGACAGGACGAT	g0
AACAAGACATGATCTG	g4
AACAAGACATTGAAGA	g8
AACAAGAGTGGTATGG	g9
AACAAGAGTTGCTCGG	g4
AACAAGATCATTGCCC	g4
AACAAGATCCACTTCG	g3
AACAAGATCCGCTTAC	g2
AACAAGATCTAGAACC	g0
AACAAGATCTCGTGAA	g0
AACACACAGAACGCGT	g4
AACACACAGAAGCGGG	g9
AACACACAGAATCGAT	g0
AACACACAGCCTGAAG	g2
AACACACAGCTGACTT	g0
AACACACAGGTCGTCC	g2
AACACACAGTCAAGCG	g7
AACACACAGTCATCCA	g2
AACACACCACGTTGGC	g2
AACACACCACTGGAAG	g4
AACACACTCAGCTTGA	g2
AACACACTCTAGCATG	g7
AACACACTCTGTGCTC	g2
AACAGGGAGGATGAGA	g0
AACAGGGAGTAGACAT	g4
AACAGGGCACGACCTG	g4
AACAGGGCAGGGATAC	g3
AACAGGGTCACCATGA	g2
AACAGGGTCCATGATG	g2
AACCAACAGACCACGA	g2
AACCAACAGATGCTTC	g2
AACCAACAGATTAGCA	g2
AACCAACAGCGAACTG	g2
AACCAACAGCGTTAGG	g0
AACCAACAGGTAAACT	g4
AACCAACAGTCGAATA	g2
AACCAACCAAGATGTA	g2
AACCAACCACAAAGCG	g7
AACCAACCAGAACTTC	g8
AACCAACGTCGATTCA	g8
AACCAACGTGAATTGA	g2
AACCAACGTGGTCAAG	g1
AACCAACGTTAAGTCC	g2
AACCAACTCAGCTTCC	g2
AACCAACTCTTTCAGT	g2
AACCACAAGAGCACTG	g1
AACCACAAGATCCTAC	g2
AACCACAAGCGTATGG	g3
AACCACACAAATGCTC	g6
AACCACAGTACTAAGA	g0
AACCACAGTGAGACGT	g1
AACCACAGTGGTCTCG	g7
AACCACATCGACCAAT	g0
AACCACATCTACACAG	g7
AACCATGAGCAAGCCA	g4
AACCATGAGGACGCAT	g4
AACCATGAGGGTATAT	g0
AACCATGAGGTGCCTC	g7
AACCATGAGTTCACTG	g0
AACCATGCAAACTCGT	g4
AACCATGCAACCTAAC	g0
AACCATGCAAGCCTGC	g1
AACCATGCAGCTGCCA	g0
AACCATGCAGTCTCTC	g0
AACCATGCATCTCGTC	g4
AACCATGGTAGGACCA	g2
AACCATGGTATGGAAT	g0
AACCATGGTCATGACT	g7
AACCATGTCAACTGGT	g0
AACCATGTCATCCTAT	g0
AACCATGTCATGCGGC	g2
AACCATGTCTCGCTCA	g0
AACCCAAAGAGGGTGG	g2
AACCCAAAGATGGCGT	g2
AACCCAACAAGATCCT	g2
AACCCAACACCAGTAT	g0
AACCCAACAGCCTACG	g6
AACCCAAGTACCAATC	g4
AACCCAAGTACCTAGT	g6
AACCCAATCAAGTCTG	g4
AACCTGACAATCGCCG	g0
AACCTGACAGCCATTA	g4
AACCTGAGTCTGTGCG	g0
AACCTGAGTGCAATAA	g0
AACCTTTAGAGCAGTC	g7
AACCTTTAGAGGCTGT	g2
AACCTTTAGGTGCGAT	g0
AACCTTTCAACGGCTC	g2
AACCTTTCACTCCTGT	g4
AACCTTTCACTGGCGT	g7
AACCTTTCAGAGAGGG	g8
AACCTTTGTCGCATGC	g2
AACCTTTGTGCCGTTG	g0
AACCTTTGTGGTTTAC	g1
AACCTTTGTTCAGGTT	g9
AACCTTTTCAGGGATG	g4
AACCTTTTCCGTATAG	g2
AACCTTTTCCTAAGTG	g0
AACCTTTTCGACGATT	g1
AACCTTTTCTTCGCTG	g4
AACGAAACACCCTAAA	g0
AACGAAACACCCTAGG	g0
AACGAAACAGATCCTA	g4
AACGAAACAGGTTCCG	g5
AACGAAACATGCCATA	g0
AACGAAACATTAGGAA	g9
AACGAAAGTTCGGCGT	g3
AACGAAATCAAGAATG	g2
AACGAAATCTCCGCAT	g7
AACGAAATCTCTGCTG	g0
AACGGGACAATTCGTG	g0
AACGGGAGTCTTCGAA	g7
AACGGGAGTTGTGGAG	g2
AACGGGAGTTTAGTCG	g2
AACGGGATCGTTCTCG	g1
AACGTCAAGCCTTTGA	g0
AACGTCAAGTGATAAC	g4
AACGTCACAATTGAAG	g0
AACGTCACAGTTTCAG	g8
AACGTCACATCTCATT	g1
AACGTCAGTACGTGTT	g0
AACGTCAGTTCATCTT	g2
AACGTCAGTTCTCTAT	g4
AACGTCATCACACCGG	g0
AACGTCATCAGACATC	g0
AACGTCATCCGTATGA	g0
AACGTCATCGAACACT	g1
AACGTCATCGTGGACC	g9
AACGTCATCTCTGGTC	g7
AACTTCTAGAGGCGGA	g1
AACTTCTAGTAGTCAA	g8
AACTTCTCACTTCAAG	g0
AACTTCTCAGCTATAC	g7
AACTTCTCAGGGACTA	g7
AACTTCTCAGGTGTTT	g2
AACTTCTGTAGGACCA	g0
AACTTCTGTCTCAGGC	g3
AACTTCTGTTCCGGTG	g0
AACTTCTTCATCGCCT	g2
AACTTCTTCATGAGGG	g8
AACTTCTTCCCTGTTG	g4
AACTTCTTCGTTCCCA	g4
AACTTCTTCTTCACGC	g4
AACTTCTTCTTCTGGC	g4
AAGAACAAGACAACAT	g8
AAGAACAAGCGTTCAT	g0
AAGAACAAGTCTCCTC	g2
AAGAACAAGTGATCGG	g4
AAGAACAAGTTACGAA	g4
AAGAACACAACACAAA	g2
AAGAACACAGCGTTGC	g1
AAGAACACATCTTTCA	g3
AAGAACACATGTGGTT	g7
AAGAACACATTCGATG	g5
AAGAACAGTAAGTTGA	g4
AAGAACAGTCATTCCC	g0
AAGAACAGTCCAGCGT	g2
AAGAACAGTCTTGTCC	g0
AAGAACAGTGAGTGAC	g2
AAGAACAGTTTACTGG	g8
AAGAACATCCAGTTCC	g0
AAGAACATCCGCACTT	g2
AAGAACATCGCCGAAC	g4
AAGAACATCTGATTCT	g2
AAGAACATCTGCGGGT	g7
AAGACAAAGATTGTGA	g7
AAGACAAAGCCTCGTG	g0
AAGACAAAGCTCTGTA	g7
AAGACAAAGCTGGCTC	g4
AAGACAAAGTGGTGAC	g3
AAGACAACAACACGAG	g2
AAGACAACACGCTGTG	g2
AAGACAACACGGAAGT	g4
AAGACAACAGCATTGT	g3
AAGACAACATGCAGGA	g0
AAGACAAGTGCAACAG	g0
AAGACAAGTTGCACGC	g2
AAGACAATCCCATGGG	g0
AAGACAATCGTGCACG	g0
AAGACTCCAGAATCGG	g0
AAGACTCCATGACGAG	g1
AAGACTCGTAAGATTG	g7
AAGACTCGTCGTGGAA	g0
AAGACTCGTCGTGTTA	g2
AAGACTCTCAGTCCGG	g2
AAGACTCTCTTGGCTC	g2
AAGATAGAGAGAAGGT	g0
AAGATAGAGCAAGTCG	g0
AAGATAGAGCATACTC	g7
AAGATAGAGCGTTGTT	g4
AAGATAGAGTCTGCGC	g2
AAGATAGCAAACGAGC	g0
AAGATAGCACATATGC	g8
AAGATAGCAGAGGTAC	g2
AAGATAGCAGGCTCTG	g2
AAGATAGCATATTCGG	g2
AAGATAGGTAGACGGT	g7
AAGATAGTCGGAGATG	g7
AAGATAGTCGGCTGGT	g6
AAGATAGTCTTAATCC	g0
AAGATAGTCTTACCAT	g0
AAGATAGTCTTCCCAG	g8
AAGCATCAGTACAGCG	g2
AAGCATCAGTATGAGT	g0
AAGCATCCACGAAAGC	g7
AAGCATCGTCAAAGTA	g0
AAGCATCGTCAGACGA	g0
AAGCATCGTGTCTTCC	g2
AAGCATCGTTTGACAC	g4
AAGCATCTCAAGGCTT	g0
AAGCATCTCGTCGACG	g2
AAGCATCTCGTGTGAT	g0
AAGCATCTCTGACAGT	g1
AAGCCATAGATCACCT	g7
AAGCCATAGCACTTTG	g0
AAGCCATAGGCGTTAG	g0
AAGCCATAGTTAACAG	g2
AAGCCATCAGCAGTTT	g7
AAGCCATCATGACTGT	g2
AAGCCATGTCACTCTC	g0
AAGCCATGTCGGTGAA	g4
AAGCCATGTCTGTGGC	g4
AAGCCATGTTATAGCC	g0
AAGCCATTCCACACCT	g4
AAGCCATTCCATTGTT	g7
AAGCGAGAGATGCTAA	g7
AAGCGAGAGCCGAATG	g4
AAGCGAGAGCGCCTAC	g8
AAGCGAGCACACCGCA	g2
AAGCGAGCATGGTGGA	g0
AAGCGAGCATTGACCA	g2
AAGCGAGGTAGTTAGA	g0
AAGCGAGTCCGTGCGA	g2
AAGCGAGTCCTATGGA	g0
AAGCGAGTCGAATGCT	g7
AAGCGTTAGCACTCAT	g4
AAGCGTTAGCGACAGT	g2
AAGCGTTAGTGACCTT	g3
AAGCGTTCACTAGTAC	g0
AAGCGTTCATGGAAGC	g7
AAGCGTTGTACACGTT	g2
AAGCGTTGTACCCACG	g4
AAGCGTTGTAGGCAGT	g8
AAGCGTTGTCAGGCAA	g2
AAGCGTTGTCGACTTA	g7
AAGCGTTGTTGCATAC	g2
AAGCGTTTCACGATAC	g2
AAGCGTTTCCAGTACA	g3
AAGCGTTTCCGAGAAG	g0
AAGCGTTTCGCGATCG	g2
AAGGAATAGGATAATC	g1
AAGGAATAGGCATCTT	g4
AAGGAATCACGCAGTC	g2
AAGGAATCATCCAACA	g0
AAGGAATGTAGCACGA	g9
AAGGAATGTCGCTTGG	g2
AAGGAATGTGTTACAC	g2
AAGGAATTCCAAGGGA	g4
AAGGAATTCCTTATGT	g7
AAGGAATTCGGCAGTC	g9
AAGGAATTCGTCAACA	g4
AAGGAATTCTAGCCTC	g2
AAGGAATTCTATGCCC	g4
AAGGAATTCTTAGTTC	g0
AAGGAATTCTTCACGC	g2
AAGGTAAAGATACGAT	g7
AAGGTAAAGATTGTGA	g0
AAGGTAAAGCAATAGT	g7
AAGGTAAAGGCTAGCA	g2
AAGGTAAAGTGCCAGA	g2
AAGGTAAAGTGTTCCA	g2
AAGGTAACAATACAGA	g4
AAGGTAACAGATACTC	g0
AAGGTAACAGTTCACA	g1
AAGGTAAGTTCTCCAC	g1
AAGGTAATCAGGAGAC	g9
AAGGTAATCTACTGCC	g7
AAGGTAATCTATCGCC	g2
AAGTACCAGGACATCG	g8
AAGTACCCACACGGTC	g0
AAGTACCCACCAAAGG	g0
AAGTACCCAGGCCCTA	g2
AAGTACCGTCAAGCGA	g2
AAGTACCGTCCTGAAT	g2
AAGTACCGTGCAACAG	g3
AAGTACCGTGCTAGCC	g2
AAGTACCGTTATGTCG	g3
AAGTACCTCGGTTGTA	g2
AAGTCGTAGAGAGGGC	g0
AAGTCGTAGAGGTGCT	g0
AAGTCGTAGGTGATCG	g2
AAGTCGTGTGGACTAG	g0
AAGTCGTGTGGCCCAT	g2
AAGTCGTGTTTCGTAG	g0
AAGTCGTTCACGTAGT	g3
AAGTCGTTCATGGTAC	g0
AAGTCGTTCCAACACA	g2
AAGTCGTTCGTTCGCT	g0
AAGTGAAAGCAACAAT	g3
AAGTGAAAGGAAGAAC	g0
AAGTGAAAGTCAGCGA	g0
AAGTGAAAGTGCTAGG	g3
AAGTGAACAGAGATGC	g2
AAGTGAACAGTTCACA	g0
AAGTGAAGTATGGAAT	g0
AAGTGAAGTCCTTTGC	g4
AAGTGAAGTCTGATAC	g8
AAGTGAAGTGCACGCT	g4
AAGTGAAGTTCCGTTC	g0
AAGTGAATCAAGTTGC	g0
AAGTTCGAGGCCTGCT	g0
AAGTTCGAGTATGAAC	g0
AAGTTCGAGTTACGAA	g0
AAGTTCGCAACTTGCA	g0
AAGTTCGCAGGAGACT	g2
AAGTTCGCATAGATCC	g7
AAGTTCGGTATCGCAT	g4
AAGTTCGGTGTAGTGG	g4
AAGTTCGTCCCATAGA	g0
AATAGAGAGAGCCCAA	g2
AATAGAGGTAGCTGTT	g2
AATAGAGGTATGTCCA	g8
AATAGAGTCAGTGCGC	g0
AATAGAGTCGGTATGT	g7
AATCACGAGCAAACAT	g2
AATCACGAGTTCGGTT	g2
AATCACGCAATTCACG	g2
AATCACGCAGCTTTCC	g2
AATCACGCATGGGTTT	g0
AATCACGGTACACTCA	g1
AATCACGGTATGCAAA	g4
AATCACGGTTGTGGAG	g0
AATCACGGTTTCTATC	g3
AATCACGTCCCGATCT	g4
AATCACGTCCTGGGTG	g4
AATCGACAGAGAAGGT	g1
AATCGACAGTGATGGC	g0
AATCGACCAAAGGCGT	g2
AATCGACCAATCTGCA	g0
AATCGACCATCGAACT	g2
AATCGACCATCGAAGG	g0
AATCGACGTAAGCAAT	g8
AATCGACGTCCGGACT	g0
AATCGACGTGTCCATA	g4
AATCGACGTTGTACGT	g0
AATCGACGTTTCGTAG	g2
AATCGACTCAACCCGG	g0
AATCGTGAGATTGACA	g0
AATCGTGAGCTCCATA	g0
AATCGTGAGGTTCCGC	g2
AATCGTGAGTCAGGGT	g0
AATCGTGCACAGACGA	g2
AATCGTGCACGAAGAC	g1
AATCGTGCAGCCGTTG	g0
AATCGTGCAGTCGTTA	g0
AATCGTGGTAACAGTA	g8
AATCGTGGTCATCACA	g0
AATCGTGGTCTCTCCA	g0
AATCGTGTCAAGCTGT	g4
AATGAAGAGCACCGTC	g4
AATGAAGAGCAGTAAT	g2
AATGAAGAGGCGTTGA	g4
AATGAAGAGTCCGTCG	g7
AATGAAGCACCGCTAG	g6
AATGAAGGTACAACGG	g2
AATGAAGGTACTTCCC	g0
AATGAAGGTCACGACC	g0
AATGAAGGTCACTGAT	g1
AATGAAGGTGAGGCAT	g7
AATGAAGGTTGCATTG	g2
AATGAAGTCACCGGTG	g0
AATGAAGTCATTGTGG	g0
AATGAAGTCCAAGCAT	g0
AATGAAGTCCATTTGT	g2
AATGAAGTCGGCTGTG	g7
AATGAAGTCTCGGCTT	g8
AATGACCAGAGACAAG	g2
AATGACCCAGTAACCT	g4
AATGACCCATATGCGT	g0
AATGACCCATCGATAC	g2
AATGACCCATGACTCA	g4
AATGACCCATTCAGCA	g7
AATGACCGTGGGCTTC	g0
AATGACCTCAAGGTGG	g0
AATGCCAAGAATAGTC	g0
AATGCCAAGCTAGATA	g0
AATGCCACAAACTGCT	g4
AATGCCACAAAGTGTA	g7
AATGCCACAGGTTCGC	g2
AATGCCACATGAATAG	g0
AATGCCAGTATGCAAA	g0
AATGCCAGTCTTGTCC	g0
AATGCCATCAAAGAAC	g1
AATGCCATCACCTACC	g7
AATGCCATCCGACAGC	g2
AATGCCATCGAGCCAC	g2
AATGCCATCGCAACAT	g4
AATGCCATCGCATAGT	g2
AATGGAACAGGCGATA	g2
AATGGAAGTAGCGTCC	g2
AATGGAAGTCAGACGA	g0
AATGGAAGTTAAGTCC	g7
AATGGAAGTTATAGCC	g8
AATGGAAGTTTACGAC	g0
AATGGAAGTTTCTTAC	g4
AATGGAATCATTCGTT	g2
AATGGAATCCGACAGC	g2
AATGGAATCTAGCATG	g3
AATGGAATCTATCCAT	g2
AATGGAATCTGATGGT	g2
AATGGCTAGCTTAAGA	g0
AATGGCTAGGATACCG	g4
AATGGCTCAAATGAAC	g2
AATGGCTCAGACAAGC	g4
AATGGCTCAGGTGAGT	g4
AATGGCTCATACACCA	g4
AATGGCTGTACACGTT	g2
AATGGCTGTGAAAGTT	g0
AATGGCTGTTCTCAGA	g2
AATGGCTGTTGCAAGG	g6
AATGGCTGTTGTCCCT	g1
AATGGCTTCTGGGAGA	g2
AATTCCTAGGTCCGAA	g0
AATTCCTAGTCATGCT	g7
AATTCCTCAAGCACCC	g0
AATTCCTCATCATTGG	g9
AATTCCTCATGCGTGC	g4
AATTCCTGTATTCTCT	g0
AATTCCTGTCCAAAGG	g8
AATTCCTGTTGTGTTG	g8
AATTCCTTCAAAGAAC	g2
AATTCCTTCCCAATAG	g0
AATTCCTTCCTGTTAT	g0
AATTCCTTCGTTGTGA	g6
AATTCCTTCTGTCCGT	g5
AATTTCCCAGACCAAG	g2
AATTTCCGTACTGCCG	g0
AATTTCCTCAACCTCC	g0
AATTTCCTCCGTCACT	g0
AATTTCCTCGTCTACC	g0
AATTTCCTCTAGTTCT	g2
AATTTCCTCTGGAAGG	g4
ACAAAGAAGAAGGGAT	g7
ACAAAGAAGAATCGCG	g3
ACAAAGAAGAGTTGTA	g0
ACAAAGAAGCACGTCC	g0
ACAAAGAAGCACTAGG	g2
ACAAAGAAGTATGCAA	g2
ACAAAGAAGTCAGAGC	g0
ACAAAGACAACTCCCT	g0
ACAAAGACACGGTAGA	g4
ACAAAGACAGTAACGG	g2
ACAAAGACATGCCGCA	g2
ACAAAGAGTTATCTTC	g7
ACAAAGATCGCTACGG	g2
ACAAAGATCGGTCATA	g0
ACAAAGATCTGGACCG	g3
ACAACCAAGCACGATG	g2
ACAACCAAGCAGGCTA	g2
ACAACCAAGCCTCTTC	g4
ACAACCAAGGTGCTTT	g1
ACAACCACAACACAAA	g2
ACAACCACAATTCACG	g2
ACAACCACAGTAACAA	g8
ACAACCACAGTCAGTT	g3
ACAACCACATACAGGG	g4
ACAACCACATGTTCAG	g2
ACAACCAGTGAGAGGG	g4
ACAACCAGTGGCTCTG	g2
ACAACCAGTTGCGTAT	g2
ACAACCATCCTGGTCT	g4
ACAACCATCCTGTTGC	g2
ACAACCATCTCTTGCG	g0
ACAAGCTAGGGCTAAC	g4
ACAAGCTAGGGTGAGG	g0
ACAAGCTCAAGATGGC	g0
ACAAGCTCAAGCACCC	g2
ACAAGCTCAATCACGT	g1
ACAAGCTGTAGATCGG	g0
ACAAGCTGTGTGTCGC	g4
ACAAGCTGTTAAGGAT	g2
ACAAGCTGTTCAAACC	g2
ACAAGCTTCAAGCCGC	g2
ACAAGCTTCGATAACC	g4
ACACAGTAGAGCCGAT	g7
ACACAGTAGAGTCTGG	g2
ACACAGTAGCCTCGTG	g2
ACACAGTAGGTGAGAA	g8
ACACAGTAGGTGCATG	g0
ACACAGTAGTAAGGGA	g8
ACACAGTCAAACAGGC	g0
ACACAGTCAATTGAGA	g0
ACACAGTCAGTGGCTC	g2
ACACAGTCAGTTAGAA	g3
ACACAGTCATCCGTTC	g0
ACACAGTCATGGATCT	g0
ACACAGTGTATTGAGA	g0
ACACAGTTCACCCTCA	g0
ACACAGTTCCTCTAAT	g8
ACACCAAAGATCCTAC	g7
ACACCAAAGGTCATCT	g2
ACACCAAAGGTGCATG	g9
ACACCAAAGTGAACAT	g2
ACACCAACAATCGTCA	g2
ACACCAACACTGTTCC	g8
ACACCAACATAGAAAC	g7
ACACCAACATCAGTGT	g3
ACACCAACATGACAGG	g7
ACACCAAGTACGGGAT	g0
ACACCAAGTCGGTGTC	g4
ACACCAAGTTATAGAG	g10
ACACCAAGTTGCATCA	g3
ACACCAATCCATTCAT	g2
ACACCAATCTCTGAGA	g0
ACACGCGAGGTCGACA	g3
ACACGCGCATTGACAC	g0
ACACGCGGTAAGGTCG	g0
ACACGCGGTATTGACC	g2
ACACGCGGTCTAGTGT	g3
ACACGCGGTGCCTGAC	g2
ACACGCGGTGGATACG	g0
ACACGCGTCATTCTTG	g0
ACACGCGTCGAAGGAC	g3
ACACGCGTCGCTGTTC	g2
ACACTGAAGATCGCTT	g0
ACACTGAAGCCGGAAT	g0
ACACTGAAGTATCCTG	g7
ACACTGAAGTTCCAGT	g9
ACACTGACATCGGAGA	g2
ACACTGAGTAATGCTC	g2
ACACTGAGTAGTACGG	g4
ACACTGAGTCGGCACT	g4
ACACTGATCTCGGGAC	g1
ACACTGATCTTACACT	g0
ACACTGATCTTCCTAA	g3
ACAGAAAAGCACTCGC	g7
ACAGAAAAGGGAGGAC	g0
ACAGAAACAAGATTGA	g2
ACAGAAACACAAGGTG	g2
ACAGAAACAGTTTCGA	g0
ACAGAAAGTTCGGTTA	g2
ACAGAAATCATATGGC	g2
ACAGAAATCTTAGGAC	g7
ACAGAAATCTTGGATG	g3
ACAGCCGAGAAGTCTA	g4
ACAGCCGAGATAGCTA	g2
ACAGCCGAGCGACTAG	g1
ACAGCCGAGCGATGCA	g1
ACAGCCGAGTAGAATC	g2
ACAGCCGCAATTGGTC	g8
ACAGCCGGTCAGTCGC	g4
ACAGCCGGTCCCAAAT	g0
ACAGCCGGTGCATGAG	g0
ACAGCCGGTTCAACGT	g0
ACAGCCGGTTCTAACG	g0
ACAGCCGTCATGCCAA	g2
ACAGCCGTCCCAACTC	g9
ACAGCCGTCTTAATCC	g2
ACAGGGAAGTGCACTT	g2
ACAGGGAAGTTGAAGT	g2
ACAGGGACAACCGCTG	g2
ACAGGGACAACTGCTA	g9
ACAGGGACATGTCTAG	g0
ACAGGGAGTCCAGCAC	g2
ACAGGGATCCAGGACC	g1
ACAGGGATCGATGCAT	g4
ACAGGGATCGTGTTCC	g4
ACATCCCAGATGAACT	g4
ACATCCCAGCAACCAG	g2
ACATCCCAGGACAGTC	g0
ACATCCCAGGATCACG	g4
ACATCCCAGTCACAGG	g2
ACATCCCCATCAGCGC	g3
ACATCCCGTGGCTTGC	g2
ACATCCCTCATTTGCT	g7
ACATCCCTCGGATACT	g0
ACATCCCTCGTCGGGT	g1
ACATCCCTCTACGGGC	g2
ACATCCCTCTGGCCTT	g9
ACATCGAAGAGCAGTC	g0
ACATCGAAGCAATTCC	g2
ACATCGAAGCGTACAG	g2
ACATCGAAGGATACGC	g8
ACATCGAAGGGATCTG	g1
ACATCGACAGAATGTA	g0
ACATCGACAGAGAATT	g2
ACATCGAGTAGGACCA	g0
ACATCGAGTTTCAGAC	g2
ACATGCAAGAGAGGGC	g4
ACATGCACACACCAGC	g4
ACATGCACATATGGCT	g0
ACATGCAGTACAATAG	g4
ACATGCAGTACCCGAC	g4
ACATGCAGTATCATGC	g2
ACATGCAGTATTGCCA	g0
ACATGCAGTCACTAGT	g0
ACATGCAGTCGAGCTC	g7
ACATGCAGTGCAAGAC	g0
ACATGCATCACGAACT	g0
ACATGCATCTCTCTAA	g4
ACATTTCAGAAGTCCG	g4
ACATTTCAGACTAAGT	g0
ACATTTCAGGCGTCCT	g1
ACATTTCAGGCTCAAG	g2
ACATTTCAGTAGACCG	g4
ACATTTCAGTATGAGT	g0
ACATTTCGTACCGTCG	g0
ACATTTCGTCGCCTAG	g4
ACATTTCGTCTCTCAC	g0
ACATTTCGTCTTTATC	g2
ACATTTCGTTGCAACT	g0
ACATTTCTCAAAGAAC	g7
ACATTTCTCCAAATGC	g2
ACATTTCTCCATTTAC	g2
ACATTTCTCGCATTAG	g6
ACCAAACAGGAACTCG	g7
ACCAAACAGGAGATAG	g2
ACCAAACGTACAGTCT	g7
ACCAAACGTACGAAAT	g9
ACCAAACGTACTAGCT	g2
ACCAAACGTGATCGTT	g2
ACCAAACGTTCGTAAC	g2
ACCAAACGTTGATCGT	g0
ACCAAACTCAGTGTGT	g1
ACCAAACTCCGACATA	g7
ACCAAACTCCGATAGT	g2
ACCAAACTCCTCTAAT	g0
ACCAAACTCGCTTTAT	g4
ACCAACAAGCTGCCTG	g2
ACCAACAAGGTGTGAC	g2
ACCAACACACAAGCCC	g4
ACCAACACAGAACCGA	g0
ACCAACACAGAAGCTG	g8
ACCAACACATACGCAT	g0
ACCAACAGTACATTGC	g4
ACCAACAGTACCCACG	g0
ACCAACAGTATTGGCT	g8
ACCAACAGTGGCTGAA	g7
ACCAACAGTTACAGCT	g0
ACCAACATCCTTATCA	g3
ACCAACATCGAGTGAG	g2
ACCAACATCGTTCTAT	g0
ACCAACATCTGAGAGG	g4
ACCAACATCTGCATGA	g0
ACCAACATCTTCCAGC	g8
ACCAACATCTTTCAGT	g2
ACCACAAAGACATATG	g7
ACCACAAAGGCGCTCT	g0
ACCACAAAGGTAAAGG	g4
ACCACAAGTATGATCC	g1
ACCACAATCAATCCAG	g0
ACCACAATCCATTCGC	g9
ACCACAATCGCCAGAC	g3
ACCACAATCGGTCTAA	g7
ACCATTTAGAAGCGGG	g0
ACCATTTCAACGGTAG	g2
ACCATTTCATCCGAGC	g4
ACCATTTGTGTGTTTG	g2
ACCCAAAAGCGCCTAC	g2
ACCCAAAAGTCACTCA	g2
ACCCAAAGTCAGACGA	g2
ACCCAAATCATTGAGC	g0
ACCCAAATCCAGTGTA	g3
ACCCAAATCCTCCACA	g4
ACCCAAATCGTAACTG	g4
ACCCAAATCTGAGAAA	g0
ACCCTCAAGGCCCACT	g2
ACCCTCAAGGCCCGTT	g0
ACCCTCAAGGTTTACC	g2
ACCCTCACAAAGCTAA	g9
ACCCTCACACACAGAG	g0
ACCCTCAGTACAGGTG	g2
ACCCTCAGTAGGACCA	g2
ACCCTCAGTCTACAAC	g4
ACCCTCAGTGGGATTG	g8
ACCCTCAGTGTGCTTA	g0
ACCCTCAGTTGTGTTG	g7
ACCCTCATCAAGTCTG	g0
ACCCTCATCGACACCG	g2
ACCCTCATCTGTGTGA	g9
ACCCTTGAGACCCGCT	g1
ACCCTTGAGGGCAATC	g4
ACCCTTGAGTATGCAA	g4
ACCCTTGAGTGCGACA	g0
ACCCTTGCAAATGGTA	g7
ACCCTTGCAACTCATG	g0
ACCCTTGCAATAAGGT	g0
ACCCTTGTCAACCTTT	g0
ACCCTTGTCAACTGGT	g2
ACCCTTGTCAAGCGTT	g0
ACCCTTGTCCATTCGC	g4
ACCGTTCCAAGACGGT	g4
ACCGTTCCAGAGTCAG	g2
ACCGTTCCAGTAGATA	g2
ACCGTTCGTGCAGATG	g4
ACCGTTCGTTGGAGAC	g2
ACCGTTCGTTGTAGCT	g2
ACCGTTCTCAATCTCT	g0
ACCGTTCTCCAGGACC	g0
ACCGTTCTCCTCTCGA	g9
ACCGTTCTCTGCAGCG	g2
ACCTACCAGAACCCGA	g0
ACCTACCAGACCATTC	g8
ACCTACCAGGCACTCC	g4
ACCTACCAGTCCGCGT	g2
ACCTACCAGTCTAGCT	g2
ACCTACCGTAGGAAAG	g1
ACCTACCGTCCGAAGA	g2
ACCTACCGTCGTGTTA	g0
ACCTACCGTTGCTAGT	g7
ACCTACCGTTTACCTT	g2
ACCTACCTCTCAAAGC	g3
ACCTACCTCTTACACT	g0
ACCTGAAAGCCTCAGC	g0
ACCTGAAAGGTCATAA	g2
ACCTGAACAGATCCAT	g0
ACCTGAAGTGAACCGA	g0
ACCTGAAGTGTTTACG	g0
ACCTGAAGTTCTTCAT	g1
ACCTGAAGTTTCAGAC	g2
ACCTGAATCCATAAGC	g2
ACCTGAATCCGTGGCA	g2
ACCTGTCCACTTGTCC	g0
ACCTGTCCAGTAGTTC	g2
ACCTGTCCAGTCAACT	g4
ACCTGTCGTCTTTCTA	g4
ACCTGTCGTGGGCTCT	g7
ACCTGTCGTTCAAACC	g3
ACCTGTCTCAAGTTGC	g0
ACCTGTCTCGATACGT	g2
ACCTGTCTCGCCTATC	g1
ACCTGTCTCGTGTTCC	g2
ACGATCAAGCTGCCAC	g4
ACGATCAAGGAATCGC	g2
ACGATCAAGGCGTTGA	g2
ACGATCAAGGGACTGT	g2
ACGATCAAGTTAGTAG	g8
ACGATCACAAGAGTGC	g3
ACGATCACACTACAGT	g6
ACGATCACATGTTACG	g10
ACGATCAGTTAAACCC	g3
ACGATCAGTTGCGTAT	g0
ACGATCATCCACACCT	g2
ACGATCATCCCTCGAT	g0
ACGATCATCTATCGGA	g4
ACGATGTAGGCGACAT	g8
ACGATGTCACCCAAGC	g4
ACGATGTCAGGGATAC	g1
ACGATGTCATACAGCT	g1
ACGATGTGTACCGGAA	g8
ACGATGTGTATTCCGA	g9
ACGATGTGTCACTTCC	g2
ACGATGTTCTACGGTA	g9
ACGCACGAGAACGCGT	g5
ACGCACGCAACGGCTC	g2
ACGCACGCAAGTGACG	g4
ACGCACGGTAATTAGG	g2
ACGCACGGTCGGCACT	g0
ACGCACGGTGCAGATG	g7
ACGCACGTCAACTTTC	g2
ACGCACGTCAGCAATC	g0
ACGCACGTCCTCTTTC	g1
ACGCACGTCCTTGAAG	g7
ACGGAAGAGCCTATCA	g1
ACGGAAGAGGCCTAGA	g0
ACGGAAGAGGCGCTCT	g2
ACGGAAGAGTCGCTAT	g2
ACGGAAGCAAACACCT	g2
ACGGAAGCAACAGCTT	g2
ACGGAAGCACGTTGGC	g2
ACGGAAGCACTTGACA	g4
ACGGAAGCAGCTGAAG	g9
ACGGAAGGTAACTAAG	g0
ACGGAAGGTCGACTTA	g4
ACGGAAGGTGTAGGAC	g4
ACGGAAGGTTAAGTCC	g0
ACGGAAGTCGGCATTA	g6
ACGGGTCAGGAAGTAG	g8
ACGGGTCAGGCGAACT	g4
ACGGGTCCAATGACCT	g0
ACGGGTCCATCTATCT	g0
ACGGGTCCATGGTGGA	g0
ACGGGTCGTACTAACC	g0
ACGGGTCGTCGAGTTT	g2
ACGGGTCGTGGTCTGC	g0
ACGGGTCGTTCCTACC	g9
ACGGGTCGTTCTTCAT	g0
ACGGGTCTCAACTTTC	g1
ACGGGTCTCCAACTAG	g8
ACGGGTCTCCGATGTA	g0
ACGGGTCTCCTACGGG	g3
ACGGGTCTCGAAACAA	g0
ACGGTCGAGAGTCTTC	g2
ACGGTCGCAAATTGCC	g0
ACGGTCGCAACACGAG	g7
ACGGTCGCAGCTGGTC	g2
ACGGTCGCATATGCGT	g4
ACGGTCGGTACGCGTC	g6
ACGGTCGGTACTAAGA	g0
ACGGTCGGTCTACGTA	g1
ACGGTCGTCCAAGCCG	g7
ACGGTCGTCGAGATAA	g2
ACGGTCGTCGTCACCT	g2
ACGGTCGTCTATGTGG	g0
ACGGTCGTCTGTCCGT	g7
ACGGTTAAGAGAGTGA	g2
ACGGTTAAGCAAGGAA	g3
ACGGTTAAGCCAGACA	g2
ACGGTTAAGCCTGACC	g4
ACGGTTAAGTCATAGA	g4
ACGGTTAAGTCATTGC	g2
ACGGTTAAGTTCCGGC	g4
ACGGTTACAACTCGAT	g8
ACGGTTACACGTTGGC	g4
ACGGTTACAGAGTAAT	g2
ACGGTTACAGCTGGTC	g5
ACGGTTACATGTTTGG	g0
ACGGTTATCAATCAGC	g0
ACGGTTATCTATACGG	g0
ACGTAACAGAGAGCCT	g4
ACGTAACAGAGTGAAG	g0
ACGTAACAGCATGATA	g4
ACGTAACAGCGACATG	g0
ACGTAACAGGATTTGA	g4
ACGTAACCACAAATCC	g0
ACGTAACCACGTCGTG	g0
ACGTAACGTAGACAGC	g4
ACGTAACGTATAATGG	g2
ACGTAACGTCCAACGC	g0
ACGTAACGTTGTTTGG	g0
ACGTAACTCAGCGGAA	g2
ACGTAACTCATAGCAC	g2
ACGTAACTCATTTCCA	g9
ACGTAACTCCATATGG	g0
ACGTACAAGCTGAAGC	g3
ACGTACAAGGAACTAT	g0
ACGTACAAGGGTTAGC	g7
ACGTACACAACAACAA	g2
ACGTACACAACATCGT	g4
ACGTACACAACCGTGC	g4
ACGTACACACAAATAG	g2
ACGTACACACTAACCA	g9
ACGTACACAGTCGTTA	g0
ACGTACACATGAAGGC	g4
ACGTACACATTCTGTT	g0
ACGTACAGTCATCGCG	g0
ACGTACAGTCCTCCAT	g4
ACGTACAGTCTTTATC	g4
ACGTACATCATCACTT	g0
ACGTACATCATTTGTC	g0
ACGTAGTAGAAGCCTG	g4
ACGTAGTAGAGAGCCT	g2
ACGTAGTAGCGACTAG	g0
ACGTAGTAGGACAGTC	g4
ACGTAGTAGGCACAAC	g0
ACGTAGTAGTATGTAG	g0
ACGTAGTCAATCGCCG	g0
ACGTAGTCAATGTGGG	g7
ACGTAGTGTACGGTTT	g2
ACGTAGTGTCGTCTCT	g2
ACGTAGTGTCGTGTTA	g0
ACGTAGTGTGATACTC	g0
ACGTAGTTCCTAAACG	g0
ACGTAGTTCCTTGGAA	g0
ACGTAGTTCTCCATAT	g4
ACGTCCTAGCTAATCC	g0
ACGTCCTAGTCCGCCA	g1
ACGTCCTCAACCTATG	g0
ACGTCCTCACCAGTAT	g1
ACGTCCTCATCGTTCC	g0
ACGTCCTCATGACTTG	g0
ACGTCCTGTACCGCGT	g0
ACGTCCTGTCTGTCCT	g4
ACGTCCTGTGCTAGCC	g4
ACGTCCTTCACTCTTA	g2
ACGTCCTTCCACTAGA	g1
ACGTCCTTCTGGGCCA	g2
ACGTTCCAGACTAAGT	g0
ACGTTCCAGTAAAGCT	g0
ACGTTCCCAAGTGGAC	g2
ACGTTCCCACACCAGC	g2
ACGTTCCCATCAGTGT	g2
ACGTTCCGTCGTGTTA	g2
ACGTTCCGTCTACGTA	g2
ACGTTCCGTGACGCCT	g0
ACGTTCCGTGTGGACA	g1
ACGTTCCGTTTCTATC	g7
ACGTTCCTCATTGGTG	g0
ACGTTCCTCCGCAACG	g7
ACTACGAAGAATAACC	g3
ACTACGAAGATAGCTA	g2
ACTACGAAGCTGGAGT	g2
ACTACGAAGGTGCCAA	g0
ACTACGAAGTAACGTA	g0
ACTACGAAGTCACGCC	g2
ACTACGACAGTCAGAG	g4
ACTACGAGTCGGTAAG	g2
ACTACGAGTCTTTCAT	g7
ACTACGAGTGATCATC	g0
ACTACGAGTGATCGTT	g0
ACTACGAGTTCTCTCG	g2
ACTACGATCAATCTCT	g0
ACTACGATCCGCACTT	g2
ACTACGATCGCCGAGT	g8
ACTACGATCTGGGCAC	g2
ACTACGATCTGTCTCG	g4
ACTATCTAGATGTAGT	g0
ACTATCTAGCCAAGGT	g2
ACTATCTAGCCATGCC	g9
ACTATCTAGCGTCAAG	g0
ACTATCTAGTAGAATC	g4
ACTATCTCAACCACAT	g3
ACTATCTCAAGATGGC	g0
ACTATCTCAATTTCGG	g2
ACTATCTCACGCGGTT	g0
ACTATCTCATAACGGG	g1
ACTATCTCATGAGAAT	g8
ACTATCTGTAAGATCA	g4
ACTATCTGTCACTTCC	g4
ACTATCTGTCGTGGAA	g4
ACTATCTGTGATACAA	g0
ACTATCTGTGTAAACA	g3
ACTATCTTCAGCGCAC	g4
ACTATCTTCCCGAAAT	g0
ACTATGGAGAGTGTTA	g7
ACTATGGAGATTAGAC	g0
ACTATGGAGCAACCAG	g2
ACTATGGAGGACATCG	g6
ACTATGGAGTGCACCC	g7
ACTATGGAGTGGACGT	g0
ACTATGGCAAACTCTG	g2
ACTATGGCACGACAAG	g2
ACTATGGCAGACAAAT	g4
ACTATGGCAGCATACT	g2
ACTATGGGTCGACTGC	g2
ACTATGGGTCGCTTGG	g2
ACTATGGGTCTGTCCT	g3
ACTATGGGTGGATACG	g7
ACTATGGTCACCGGTG	g8
ACTATGGTCACTTGGA	g7
ACTATGGTCGTGCATA	g4
ACTATGGTCTCTCCGA	g4
ACTATTCAGCAATTAG	g0
ACTATTCAGCACTTTG	g0
ACTATTCAGTATAGAC	g2
ACTATTCCAAAGAACT	g4
ACTATTCCAAGTAGTA	g2
ACTATTCCAATATCCG	g6
ACTATTCCACTTGTCC	g4
ACTATTCCATGAGATA	g2
ACTATTCGTAAGGAGA	g0
ACTATTCGTGCAACGA	g0
ACTATTCGTTGCATGT	g0
ACTATTCTCACAGTGT	g0
ACTATTCTCATGAGTC	g0
ACTATTCTCCTACGGG	g2
ACTATTCTCTAGGCCG	g0
ACTCCCAAGACTTCGT	g0
ACTCCCAAGCGGATCA	g2
ACTCCCAAGCTGGAGT	g4
ACTCCCAAGGGTAATT	g0
ACTCCCAAGTAGACCG	g0
ACTCCCACATTGTGCA	g0
ACTCCCAGTTCCAAAC	g0
ACTCCCATCAAATAGG	g0
ACTCCCATCAACCTCC	g4
ACTCCCATCTCGTTTA	g9
ACTCCCATCTTAATCC	g4
ACTCTCGAGAAGGTAG	g7
ACTCTCGAGGGAGTTC	g2
ACTCTCGAGTTGCTCA	g0
ACTCTCGCAGGTCAGA	g0
ACTCTCGGTTCGGTAT	g2
ACTCTCGTCAAGTTGC	g4
ACTCTCGTCAGCGCGT	g2
ACTCTCGTCGACATTG	g7
ACTCTCGTCTTGCAAG	g0
ACTGATGAGCCGGATA	g0
ACTGATGAGCCGTAAG	g2
ACTGATGAGGTCGAGT	g2
ACTGATGAGTCAGCCC	g2
ACTGATGCAAACCATC	g0
ACTGATGCAGGTGTTT	g0
ACTGATGCAGTCAGCC	g0
ACTGATGGTAACAGTA	g0
ACTGATGTCACAACCA	g9
ACTGATGTCTAGGCAT	g3
ACTGATGTCTCAGAAC	g2
ACTGATGTCTGACAGT	g3
ACTGATGTCTGATGGT	g1
ACTGCAAAGAAGAACG	g7
ACTGCAAAGGCCACTC	g2
ACTGCAACACCTCAGG	g2
ACTGCAACACGCACCA	g0
ACTGCAACATATGAAG	g2
ACTGCAACATTCACCC	g0
ACTGCAAGTCACGACC	g2
ACTGCAAGTCGCTTGG	g2
ACTGCAAGTTCAGGTT	g5
ACTGCAATCAATGTCG	g7
ACTGCAATCACGTAGT	g0
ACTGCAATCGCATTGA	g7
ACTGCAATCGTCTCAC	g0
ACTGCAATCGTGGAAG	g7
ACTGTCCAGACAACAT	g8
ACTGTCCAGCACTAGG	g5
ACTGTCCCACACACGC	g2
ACTGTCCGTAACACGG	g0
ACTGTCCGTACTAAGA	g2
ACTGTCCGTATACAGA	g3
ACTGTCCGTCACTCAA	g7
ACTGTCCGTGAACCGA	g2
ACTGTCCGTGACGTCC	g0
ACTGTCCGTGGCTACC	g0
ACTGTCCGTGGGCTCT	g0
ACTGTCCTCCGTGCGA	g2
ACTGTCCTCGGCTTCT	g0
ACTGTCCTCGTGCACG	g0
ACTGTGAAGCATGTTC	g0
ACTGTGAAGGCTCTCG	g2
ACTGTGAAGTGACCTT	g1
ACTGTGACACTACAGT	g0
ACTGTGACAGACCTAT	g4
ACTGTGAGTCGAATGG	g0
ACTGTGAGTTATAGCC	g3
ACTGTGAGTTCCACAA	g0
ACTGTGAGTTCCGCAG	g3
ACTGTGATCCTTCAGC	g2
ACTGTGATCGGACGTC	g7
ACTGTGATCTTTCAGT	g2
ACTTAGGAGATGCGAC	g2
ACTTAGGAGGAACTCG	g1
ACTTAGGAGGCAGGTT	g2
ACTTAGGAGTCCGTCG	g0
ACTTAGGCAAACCATC	g1
ACTTAGGCATTGAAAG	g8
ACTTAGGGTGCCCGTA	g2
ACTTAGGTCGCCAGTG	g0
ACTTAGGTCTAGGCAT	g0
ACTTAGGTCTCGGGAC	g7
ACTTAGGTCTTTCGAT	g0
ACTTATCAGGCAGGTT	g0
ACTTATCAGGTCATAA	g7
ACTTATCAGTCTGTAC	g7
ACTTATCCAAGCAGGT	g9
ACTTATCCAAGTTGGG	g8
ACTTATCCAGGCCTGT	g0
ACTTATCGTAACAGTA	g7
ACTTATCGTCACTCTC	g0
ACTTATCGTGCAACAG	g2
ACTTATCGTGCTGTCG	g4
ACTTATCTCGCTTGCT	g2
ACTTATCTCTCGGTCT	g7
ACTTCCGAGATGGGCT	g0
ACTTCCGAGCAGAAAG	g7
ACTTCCGAGGTAGATT	g7
ACTTCCGAGTGAGGCT	g2
ACTTCCGCACGTACAT	g2
ACTTCCGCAGACACAG	g2
ACTTCCGGTTGTAGCT	g3
ACTTCCGTCAGCTCTC	g4
ACTTCCGTCCACACAA	g0
ACTTCGCAGCAGGGAG	g6
ACTTCGCAGCCATTTG	g4
ACTTCGCAGCCTAGGA	g2
ACTTCGCAGGAAAGTG	g4
ACTTCGCAGGAGTCTG	g1
ACTTCGCCAACGGCCT	g0
ACTTCGCCACACCGCA	g1
ACTTCGCCACTGGCCA	g0
ACTTCGCCAGCGCTTG	g2
ACTTCGCGTAGAGCTG	g0
ACTTCGCGTCGCGGTT	g0
ACTTCGCGTGCGGATA	g7
ACTTCGCGTGTCCGTG	g2
ACTTCGCGTTCCGTTC	g2
ACTTCGCGTTCGGTAT	g0
ACTTCGCGTTCTAACG	g2
ACTTCGCGTTGACGGA	g2
ACTTTCAAGCAAATCA	g0
ACTTTCAAGCCATTCA	g3
ACTTTCAAGCGCACAA	g0
ACTTTCAAGCGTTAGG	g0
ACTTTCACAAGAGAGA	g0
ACTTTCACACGTAGTT	g2
ACTTTCAGTCACAGTT	g2
ACTTTCAGTCGACTGC	g2
ACTTTCAGTGGAGAAA	g4
ACTTTCAGTGTAAACA	g0
ACTTTCAGTTGAGAGC	g9
ACTTTCATCATGCCAA	g0
ACTTTCATCCCTGGTT	g2
ACTTTCATCGTAACAC	g0
ACTTTGTAGAAACACT	g2
ACTTTGTAGTATTCCG	g9
ACTTTGTCAACGAGGT	g0
ACTTTGTCAATCTGCA	g7
ACTTTGTCACCTGAAT	g0
ACTTTGTCACTGGATT	g0
ACTTTGTCAGAGTGTG	g2
ACTTTGTCATGTTTGG	g2
ACTTTGTGTGCCCGTA	g0
ACTTTGTGTGCGAACA	g0
ACTTTGTTCAGCCTCT	g0
ACTTTGTTCGACTCCT	g2
AGAAATGAGCAGAAAG	g1
AGAAATGAGGCGCTCT	g8
AGAAATGCAAAGCGTG	g0
AGAAATGCAAGAGATT	g0
AGAAATGCAAGTTCGT	g2
AGAAATGCACGCAAAG	g4
AGAAATGCAGCTATAC	g3
AGAAATGGTATGGGAC	g0
AGAAATGTCAAGTGGG	g0
AGAAATGTCTCTCTAA	g8
AGAACAAAGACAAGCC	g2
AGAACAAAGACGGAAA	g0
AGAACAAAGGATAATC	g2
AGAACAACACAGTCGC	g2
AGAACAACACCGTGAC	g0
AGAACAACACGCTTAA	g2
AGAACAACAGTTGTTG	g2
AGAACAAGTCGGAACA	g8
AGAACAAGTGAATATG	g4
AGAACAAGTTAGGGAC	g2
AGAACAAGTTCGGGTC	g0
AGAACAATCATCGACA	g4
AGAACAATCTGACCCT	g4
AGAACCTAGCAGGCAT	g7
AGAACCTCAACTTCTT	g3
AGAACCTCAATCAGCT	g0
AGAACCTGTTCGTAAC	g2
AGAACCTGTTGCTTGA	g3
AGAACCTGTTGTGGAG	g0
AGAACCTTCTGCATGA	g2
AGAAGCGAGGAACTCG	g2
AGAAGCGAGTTAACGA	g5
AGAAGCGCACGACAGA	g2
AGAAGCGGTACAGTAA	g4
AGAAGCGGTACGCTTA	g0
AGAAGCGGTGACGTCC	g2
AGAAGCGGTGAGTTGG	g4
AGAAGCGTCACTGTCC	g4
AGAAGCGTCTGCTTAT	g2
AGAAGCGTCTTAGCCC	g0
AGAAGTAAGAGCATAT	g9
AGAAGTAAGCGTGAGT	g0
AGAAGTAAGGCCTTCG	g4
AGAAGTACAACCAATC	g0
AGAAGTACAAGATGTA	g2
AGAAGTACAGCGTGCT	g0
AGAAGTACAGGTGAGT	g0
AGAAGTAGTATAGGAT	g0
AGAAGTAGTCGCTTGG	g0
AGAAGTAGTGGCTACC	g0
AGAAGTATCACCGGTG	g4
AGAAGTATCGACGTCG	g4
AGAAGTATCGATTTCT	g0
AGAAGTATCGTGCGAC	g4
AGAAGTATCTACGCGG	g2
AGACAAAAGGCATCTT	g7
AGACAAAAGGTACAGC	g4
AGACAAAAGTTCGCAT	g0
AGACAAAAGTTTCTTC	g0
AGACAAACAAGAGATT	g0
AGACAAACAAGCAGGT	g0
AGACAAACAAGTGGCA	g2
AGACAAACAGGATTCT	g2
AGACAAAGTCGTTTCC	g0
AGACAAAGTTAGGACG	g4
AGACAAATCCATAGGT	g4
AGACAAATCGACATTG	g3
AGACAAATCGCAATTG	g4
AGACAAATCGGCATCG	g0
AGACAAATCTGCGATA	g4
AGACACTAGAGGCTGT	g3
AGACACTAGATGCTAA	g3
AGACACTAGTGGATTA	g0
AGACACTCACGCGCTA	g0
AGACACTCAGCTCGGT	g0
AGACACTGTCAGTCGC	g4
AGACACTGTCCAAAGG	g0
AGACACTTCAGGTGTT	g0
AGACACTTCCACTTCG	g0
AGACACTTCTATACTC	g4
AGACAGGAGAGCATCG	g2
AGACAGGAGCGTCTGC	g2
AGACAGGAGCGTTACT	g0
AGACAGGCAACAAGTA	g0
AGACAGGCACAAATAG	g3
AGACAGGCACGATTCA	g4
AGACAGGCAGATCATC	g0
AGACAGGCAGCTACCG	g0
AGACAGGCAGCTCTGG	g9
AGACCATAGAACTGAT	g0
AGACCATAGAGAGTGA	g1
AGACCATAGGTATTGA	g0
AGACCATAGGTTAAAC	g0
AGACCATAGTGAGGTC	g4
AGACCATCAACTGAAA	g0
AGACCATCACGCTGTG	g4
AGACCATCAGCGATTT	g8
AGACCATCATCCGAGC	g1
AGACCATGTGCGAGTA	g4
AGACCATGTGCTAGCC	g8
AGACCATGTGTGAGCA	g0
AGACCATTCGAGTACT	g6
AGACCATTCGATACTG	g4
AGACCATTCTGTTGGA	g2
AGACCCGAGAATACAC	g0
AGACCCGAGAATCGTA	g2
AGACCCGAGAGGCGGA	g2
AGACCCGCAAACCACT	g0
AGACCCGCAACCAATC	g3
AGACCCGCATGGTACT	g0
AGACCCGGTACCGTCG	g3
AGACCCGGTATCCTCC	g4
AGACCCGGTGACGCCT	g0
AGACCCGGTTGGGACA	g0
AGACCCGTCCATATGG	g0
AGACCCGTCCTACGGG	g2
AGACCCGTCTTAGCAG	g4
AGACTCAAGGAATGTT	g8
AGACTCAAGGACTGGT	g2
AGACTCACAAGACCGA	g2
AGACTCACAAGTGATA	g2
AGACTCACATGGGATG	g0
AGACTCAGTCATTCCC	g0
AGACTCAGTCGTCATA	g2
AGACTCAGTGCCTTCT	g0
AGACTCAGTGTGTCGC	g6
AGACTCATCACGATAC	g0
AGACTCATCCTGTTAT	g3
AGACTCATCGGTGTAT	g3
AGAGAATAGAAGGGAT	g4
AGAGAATCAGATACTC	g0
AGAGAATCATGACGTT	g3
AGAGAATGTAGTCGTT	g9
AGAGAATGTCATACCA	g2
AGAGAATGTCCAGCAC	g4
AGAGAATGTGCCTAAT	g7
AGAGAATTCAAGTAAG	g0
AGAGAATTCACCTACC	g0
AGAGAATTCATTGAGC	g8
AGAGAATTCGAAGAAT	g2
AGAGAATTCTCCAAGA	g2
AGAGAGCAGACGCAGT	g0
AGAGAGCAGTCTGTAC	g9
AGAGAGCAGTTTCGGT	g3
AGAGAGCCACGAGGTA	g2
AGAGAGCGTGGAGAAA	g8
AGAGAGCGTGTGGTCC	g8
AGAGAGCGTTGCTGAT	g4
AGAGAGCTCGCTATTT	g0
AGAGAGCTCTCTCCGA	g0
AGAGCAGAGAAGGATG	g0
AGAGCAGAGAGAAGGT	g0
AGAGCAGAGAGGTCAC	g2
AGAGCAGAGATTACCC	g2
AGAGCAGAGGAGACCT	g2
AGAGCAGAGGATATGT	g2
AGAGCAGAGTGGTTAA	g4
AGAGCAGAGTTCAACC	g0
AGAGCAGCACAAGCCC	g4
AGAGCAGCACAATTCG	g6
AGAGCAGCACCAGACC	g0
AGAGCAGCACCCATAA	g4
AGAGCAGTCACGGACC	g0
AGAGCAGTCCAACTAG	g0
AGAGCAGTCGCTATTT	g2
AGAGCCCAGCCATATC	g4
AGAGCCCAGCTGAGTG	g1
AGAGCCCAGTACCCTA	g2
AGAGCCCAGTATGCAA	g0
AGAGCCCAGTGCCCGT	g4
AGAGCCCCAAAGCTCT	g4
AGAGCCCCACTTGTCC	g9
AGAGCCCCATTGCCTC	g7
AGAGCCCGTCATCAGT	g2
AGAGCCCGTCCGGACT	g4
AGAGCCCGTGACTATC	g7
AGAGCCCGTGCGGATA	g4
AGAGCCCGTGTTGAGG	g0
AGAGCCCGTTAGGACG	g0
AGAGCCCTCCCTCTAG	g0
AGAGCCCTCTCACGAA	g0
AGAGCCCTCTCATTAC	g0
AGAGCCCTCTCTCGAC	g3
AGATAGAAGCAACTCT	g7
AGATAGACACTACCGG	g8
AGATAGACATACAGCT	g8
AGATAGAGTGTACATC	g3
AGATAGAGTTCACGAT	g0
AGATAGAGTTCGGTAT	g1
AGATAGATCAGACAAA	g2
AGATAGATCTACCTTA	g7
AGATCCAAGCTAAACA	g0
AGATCCAAGGCAATGC	g4
AGATCCAAGTTTAGGA	g0
AGATCCACAAGCGAAC	g7
AGATCCACAAGCGCTC	g6
AGATCCACAGAGCGTA	g4
AGATCCACATAGGAGC	g7
AGATCCAGTCAACGCC	g2
AGATCCAGTGACTATC	g2
AGATCCATCCATCTCG	g4
AGATCGTCACGACGCT	g2
AGATCGTCAGCAGTCC	g0
AGATCGTCATAACTCG	g0
AGATCGTTCTGATGGT	g4
AGATGAAAGGTCGCCT	g0
AGATGAACAATTTCTC	g7
AGATGAACACGCCACA	g2
AGATGAACAGCCGTTG	g8
AGATGAAGTTGTAGCT	g7
AGATGAATCAGCTTCC	g2
AGATGAATCGGACTTA	g2
AGATGAATCGTAGGAG	g0
AGATGAATCTACTATC	g0
AGATGCTAGCGGACAT	g0
AGATGCTAGGAAGAAC	g0
AGATGCTAGGCCACCT	g2
AGATGCTAGGGTTTCT	g5
AGATGCTAGGTGCCAA	g4
AGATGCTAGTGGAATT	g3
AGATGCTCACTCTCGT	g2
AGATGCTCAGCCGGTT	g2
AGATGCTCAGTAACCT	g0
AGATGCTCATATGCGT	g4
AGATGCTGTCGCTTGG	g3
AGATGCTGTGTCCACG	g0
AGATGCTTCATTCGGA	g3
AGATGCTTCATTGTGG	g2
AGATGCTTCCTCTCTT	g2
AGATGCTTCGAGAGAC	g0
AGATGCTTCGCTTAAG	g2
AGATGCTTCGGTAGAG	g2
AGCATCAAGCATTTGC	g4
AGCATCAAGTCAGCGA	g1
AGCATCAAGTGTACCT	g2
AGCATCACAAACAGGC	g0
AGCATCACAACAACAA	g2
AGCATCACAGATCATC	g2
AGCATCAGTACGAGTG	g4
AGCATCAGTGTCATGT	g0
AGCATCAGTTGTGCCG	g2
AGCATCATCCAGTTCC	g7
AGCATCATCCGTGTCT	g3
AGCCAATAGATTGATG	g9
AGCCAATCAATCTAGC	g2
AGCCAATGTACTGCGC	g2
AGCCAATGTAGTCACT	g2
AGCCAATGTCGCTTAA	g0
AGCCAATTCTCAAAGC	g2
AGCCACGAGAGATGCC	g2
AGCCACGAGTTACGAA	g2
AGCCACGCAATACGAA	g2
AGCCACGCACCTGATA	g5
AGCCACGCACTCCGAG	g4
AGCCACGGTTAGGCTT	g0
AGCCACGGTTGCACGC	g0
AGCCACGTCCAAGAGG	g2
AGCCACGTCCGATTAG	g0
AGCCACGTCTATCGTT	g2
AGCCACGTCTGTCAGA	g0
AGCCACGTCTTGAGCA	g2
AGCCAGCAGATGATTG	g2
AGCCAGCAGGATACGC	g2
AGCCAGCCAATAGGGC	g0
AGCCAGCCAATTTCCT	g5
AGCCAGCCACGCGTGT	g0
AGCCAGCGTAGCACGA	g4
AGCCAGCGTGGCGCTT	g2
AGCCAGCTCAGTCACA	g2
AGCCAGCTCGGTCAGC	g8
AGCCAGCTCGTGCGAC	g2
AGCGATTAGACTCCGC	g4
AGCGATTAGATGAAGG	g9
AGCGATTCAATCTGCA	g2
AGCGATTCAGCACAAG	g2
AGCGATTCAGCAGTGA	g4
AGCGATTCAGTCTACA	g2
AGCGATTCATCGCTCT	g2
AGCGATTGTGGACCAA	g0
AGCGATTGTTGTTGCA	g4
AGCGATTTCAGCTCTC	g8
AGCGATTTCGCATAGT	g7
AGCGCCAAGACTTCAC	g0
AGCGCCAAGCCTTCTC	g0
AGCGCCAAGTATGATG	g7
AGCGCCACAGCATGCC	g2
AGCGCCAGTGTGATGG	g0
AGCGCCATCAACTTTC	g0
AGCGCCATCCGTCCTA	g0
AGCGCCATCCGTGCGA	g6
AGCGCTGAGCAGCCTC	g0
AGCGCTGAGGAGCTGT	g1
AGCGCTGCAGCTGTAT	g0
AGCGCTGCAGTAACAA	g0
AGCGCTGCAGTATACC	g7
AGCGCTGGTAGTTCCA	g0
AGCGCTGGTCAACCTA	g4
AGCGCTGGTCTACGTA	g2
AGCGCTGGTGACACAG	g2
AGCGCTGGTGGCGTAA	g2
AGCGCTGGTGTGAATA	g3
AGCGCTGTCGACGATT	g0
AGCGCTGTCTAGGAAA	g6
AGCGTATAGCTCCACG	g8
AGCGTATAGCTGAAAT	g0
AGCGTATAGTTTGCTG	g4
AGCGTATCAGCGTGCT	g4
AGCGTATCAGGTTACT	g4
AGCGTATCAGTAGATA	g4
AGCGTATCATCTTCGC	g2
AGCGTATCATGCAGCC	g1
AGCGTATCATGGAACG	g0
AGCGTATGTCCAACGC	g3
AGCGTATTCATTGCGA	g2
AGCGTATTCGACGACC	g2
AGCGTATTCGATACGT	g1
AGCGTATTCGCGTGCA	g4
AGCGTATTCTAGCATG	g0
AGCGTCGAGCTCACTA	g2
AGCGTCGAGGTGCTGA	g4
AGCGTCGCAAAGACTA	g0
AGCGTCGCACTACTTT	g4
AGCGTCGCAGAGTCAG	g0
AGCGTCGCATGACACT	g7
AGCGTCGGTATAGCTC	g8
AGCGTCGGTTCCGCAG	g2
AGCTACAAGTCGTTAC	g2
AGCTACAAGTTCCTGA	g0
AGCTACACAAGCAGGT	g7
AGCTACACACCAGCTG	g4
AGCTACACACCGTGCA	g7
AGCTACACACGTCGTG	g5
AGCTACAGTACGGATG	g0
AGCTACAGTCCTCATC	g0
AGCTACAGTGCTGTCG	g9
AGCTACATCAGCCTTC	g0
AGCTACATCAGTCTTT	g0
AGCTACATCATCACCC	g0
AGCTACATCGAACGCC	g0
AGCTACATCGGTGAAG	g7
AGCTACATCTTACACT	g4
AGCTCAAAGGGTTGCA	g3
AGCTCAAAGTCCCAAT	g4
AGCTCAAAGTTTCGGT	g0
AGCTCAACAACCAATC	g2
AGCTCAACATAGCACT	g2
AGCTCAAGTACGGGAT	g0
AGCTCAAGTTGGCCTG	g4
AGCTCAATCGTTCGCT	g4
AGCTTCCAGAACTGAT	g4
AGCTTCCAGGCCCAAA	g2
AGCTTCCAGTGAGCCA	g2
AGCTTCCCAACCGCCA	g2
AGCTTCCCAACGTAAA	g0
AGCTTCCCAAGTATAG	g4
AGCTTCCCATATCGGT	g2
AGCTTCCGTAGAGCTG	g0
AGCTTCCGTAGGCAGT	g0
AGCTTCCGTCGCCACA	g0
AGCTTCCTCATGCGGC	g2
AGCTTCCTCTAGAGCT	g7
AGCTTCCTCTTCCGTG	g2
AGGAAATAGACATGCG	g6
AGGAAATAGCGGATCA	g0
AGGAAATAGGGTACGT	g3
AGGAAATCAACAGCCC	g0
AGGAAATGTCACTCGG	g2
AGGAAATGTGATGTAA	g2
AGGAAATGTTAGTCGT	g0
AGGAAATTCATTCTTG	g0
AGGAAATTCATTTGCT	g9
AGGAAATTCTTTGCGC	g0
AGGAATAAGTCCGCGT	g7
AGGAATAAGTTAGAAC	g7
AGGAATACAACAGCTT	g0
AGGAATACAATCACGT	g0
AGGAATACATTAGGCT	g2
AGGAATAGTGCTTATG	g7
AGGAATAGTTGCACGC	g0
AGGAATATCAGCCCAG	g0
AGGAATATCGAGTCCG	g4
AGGAATATCTCCTGCA	g0
AGGACGAAGCCAGTAG	g2
AGGACGAAGCTCTGTA	g2
AGGACGAAGGCACAAC	g4
AGGACGACAACTGCTA	g7
AGGACGACAAGGGTCA	g0
AGGACGACAGAGCGTA	g0
AGGACGACATGTCGTA	g2
AGGACGAGTAGCCAGA	g4
AGGACGAGTCATTGCA	g2
AGGACGAGTCGTATTG	g2
AGGACGATCACTGGTA	g2
AGGACGATCATTTGCT	g4
AGGACGATCCGTTTCG	g0
AGGACGATCTCTCGCA	g2
AGGACTTAGCTAATGA	g4
AGGACTTGTTGTGCAT	g0
AGGACTTTCAAAGCCT	g0
AGGACTTTCAGTGCGC	g0
AGGAGGTAGACAGCTG	g0
AGGAGGTAGGGAGAAT	g0
AGGAGGTCAACTAGAA	g2
AGGAGGTCAATCGCCG	g2
AGGAGGTGTAGCTTAC	g4
AGGAGGTGTCATGGCC	g4
AGGAGGTTCAAGTGGG	g0
AGGAGGTTCAGCCCAG	g2
AGGAGGTTCTGTTCAT	g0
AGGATAAAGGATCACG	g2
AGGATAAAGTCCCGAC	g2
AGGATAAGTATCGTAC	g0
AGGATAAGTTGTTTGG	g3
AGGATAATCTAACGGT	g4
AGGATCTAGAACCGCA	g0
AGGATCTAGACCACGA	g0
AGGATCTAGCTGCCTG	g4
AGGATCTAGTCACGCC	g7
AGGATCTCAGTTAGAA	g3
AGGATCTCATCCAATG	g2
AGGATCTCATTGTCGA	g2
AGGATCTGTATGATCC	g0
AGGATCTGTCGTGATT	g9
AGGATCTTCATCCTGC	g0
AGGATCTTCTGCGAGC	g7
AGGCATTAGACCAAAT	g0
AGGCATTAGCTCTGTA	g4
AGGCATTCACAAAGCG	g2
AGGCATTCACAGGATG	g0
AGGCATTCACCTGCTT	g0
AGGCATTCAGGTTCGC	g3
AGGCATTGTAGCTTTG	g3
AGGCATTGTCAACGCC	g4
AGGCATTGTCCAGCCA	g0
AGGCATTGTCGGCACT	g2
AGGCATTGTGGTTCTA	g0
AGGCATTGTTGGTACT	g0
AGGCATTTCCAAGCCG	g2
AGGCCACAGCTGTTCA	g3
AGGCCACAGTAGGTTA	g3
AGGCCACGTACTAAGA	g0
AGGCCACGTCGCACGT	g2
AGGCCACGTGAGGATC	g0
AGGCCACGTGGATCGA	g0
AGGCCACTCGTTGTGA	g4
AGGCCACTCTATACTC	g0
AGGCCACTCTGTGCGG	g3
AGGCTGCAGGCGTTAG	g4
AGGCTGCCAAGGCGTA	g7
AGGCTGCCACCTATCC	g9
AGGCTGCCACGTGAGA	g0
AGGCTGCCAGCCATTA	g2
AGGCTGCCATGCCATA	g4
AGGCTGCGTTGCTCGG	g3
AGGCTGCTCATGGAGG	g0
AGGCTGCTCTCGGTAA	g2
AGGCTGCTCTTGGCTC	g2
AGGGAGTAGGTTGAGC	g6
AGGGAGTCACCCAAGC	g0
AGGGAGTCACTAGGCC	g4
AGGGAGTCAGCACGAA	g2
AGGGAGTCAGCAGACA	g2
AGGGAGTCAGCTGTAT	g8
AGGGAGTGTCAAACGG	g3
AGGGAGTGTCATCCCT	g4
AGGGAGTGTGTGAGCA	g0
AGGGAGTGTTCACGAT	g2
AGGGAGTTCAGCATTG	g1
AGGGAGTTCATACGAC	g0
AGGGAGTTCCGACGGT	g1
AGGGAGTTCTACTGAG	g2
AGGGAGTTCTGGGCAC	g8
AGGGAGTTCTTAAGGC	g6
AGGGCCTAGAACAAGG	g2
AGGGCCTAGTGCCCGT	g2
AGGGCCTGTCCACTCT	g9
AGGGCCTGTGACATCT	g4
AGGGCCTGTGCTCGTG	g2
AGGGCCTGTGGTTCTA	g2
AGGGCCTTCGATTCCC	g8
AGGGCCTTCTACTCAT	g6
AGGGCTCAGACGATAT	g4
AGGGCTCAGCCTGAAG	g2
AGGGCTCAGTTCACTG	g2
AGGGCTCCAAACGTGG	g4
AGGGCTCCACAGTACT	g10
AGGGCTCCAGGCTTGC	g0
AGGGCTCGTAGGACCA	g4
AGGGCTCGTTGTTGCA	g7
AGGGCTCTCACCGGGT	g0
AGGGCTCTCGGCATCG	g7
AGGGCTCTCTCGTGGG	g2
AGGGCTCTCTTGGATG	g6
AGGGTCCAGCGATTCT	g4
AGGGTCCCAACGGTAG	g2
AGGGTCCCACAAGCCC	g2
AGGGTCCCACTGTTCC	g7
AGGGTCCCATAGCTGT	g4
AGGGTCCGTGGCAGAT	g0
AGGGTCCTCATTACGG	g4
AGGGTCCTCGCTACAA	g2
AGGGTGAAGACGCCCT	g3
AGGGTGAAGAGTCTTC	g8
AGGGTGAAGATGACAT	g2
AGGGTGAAGCAGGGAG	g4
AGGGTGAAGTTTGGCT	g9
AGGGTGACACGAGAAC	g0
AGGGTGAGTACCGGAA	g3
AGGGTGAGTTGCCAAT	g4
AGGGTTTAGAAATGGG	g4
AGGGTTTAGGTAGCAC	g2
AGGGTTTCAAATGAGT	g4
AGGGTTTCACGACGTC	g0
AGGGTTTCACGTGAGA	g4
AGGGTTTCATCCTATT	g0
AGGGTTTGTACGAGCA	g0
AGGGTTTGTTTACCAG	g7
AGGGTTTTCCGCAGTG	g2
AGGGTTTTCGGATTAC	g8
AGGGTTTTCGGCTGGT	g0
AGGTAGGAGAAATGGG	g8
AGGTAGGAGAATAGTC	g0
AGGTAGGAGTCAGAGC	g6
AGGTAGGCACAGCTTA	g5
AGGTAGGCAGAAATCA	g8
AGGTAGGCATGACTTG	g2
AGGTAGGGTGCCCAGT	g4
AGGTAGGGTGGCAACA	g0
AGGTAGGTCCATACTT	g0
AGGTCATAGAATCCCT	g0
AGGTCATAGCCTGAGA	g7
AGGTCATAGCTCACTA	g0
AGGTCATAGGGCGAAG	g0
AGGTCATAGGTCGTCC	g4
AGGTCATAGTATGATG	g2
AGGTCATCACAAGGTG	g4
AGGTCATCAGATCACT	g4
AGGTCATCAGTGTATC	g2
AGGTCATGTCGATTCA	g7
AGGTCATGTCGTTGCG	g2
AGGTCATGTTCAGGTT	g0
AGGTCATGTTCCTAGA	g2
AGGTCATGTTCGTAAC	g4
AGGTCATTCATGGAGG	g1
AGGTCATTCCCGGTAG	g3
AGGTCATTCCGATGTA	g0
AGGTCATTCCGGTTCT	g2
AGGTCATTCTAGGCCG	g0
AGGTCTACAAGTCCCG	g1
AGGTCTACAGAAGTGC	g4
AGGTCTACAGGATGAC	g3
AGGTCTACAGGCACAA	g7
AGGTCTACATAACAGA	g0
AGGTCTAGTAAGTCAA	g2
AGGTCTAGTACAAGTA	g4
AGGTCTAGTCAACACT	g1
AGGTCTAGTCCGACGT	g0
AGGTCTAGTGAGCAGT	g2
AGGTCTAGTTAAGAAC	g2
AGGTCTATCAACGAGG	g3
AGGTCTATCACTTGTT	g2
AGGTCTATCTTGCGCT	g0
AGGTGTTAGATGCAGC	g1
AGGTGTTAGGATTCAA	g0
AGGTGTTAGTGCAGCA	g0
AGGTGTTAGTTGGGAC	g0
AGGTGTTCAGAAGCGT	g0
AGGTGTTCATTGTACG	g7
AGGTGTTGTACGTTCA	g3
AGGTGTTGTGGAAGTC	g2
AGGTGTTGTGGCGCTT	g0
AGGTTACAGAACCCGA	g6
AGGTTACAGAACTCCT	g7
AGGTTACAGCAAGCCA	g4
AGGTTACAGGCCTAAG	g0
AGGTTACAGTCTTCCC	g2
AGGTTACCAAGGTCAG	g7
AGGTTACCACCCAATA	g1
AGGTTACCAGGAATCG	g2
AGGTTACGTACCGTCG	g0
AGGTTACGTGTATTCG	g0
AGGTTACGTGTCATCA	g4
AGGTTACGTTGCCGAC	g0
AGGTTACGTTGCTCGG	g4
AGGTTACTCAGCAATC	g0
AGGTTACTCATGAGAA	g2
AGGTTACTCCTACTGC	g6
AGGTTACTCGGTCACG	g0
AGGTTACTCTAGTCAG	g9
AGGTTGTAGAACAGGA	g6
AGGTTGTAGCGGTAAC	g0
AGGTTGTCAAGTGATA	g0
AGGTTGTCAATGAGCG	g0
AGGTTGTCACATAACC	g2
AGGTTGTCACTCCCTA	g9
AGGTTGTCACTCCGGA	g8
AGGTTGTCAGTAGAAT	g0
AGGTTGTCATCACAGT	g2
AGGTTGTCATGATAGA	g7
AGGTTGTGTAGATCGG	g7
AGGTTGTGTATCCCAA	g7
AGGTTGTGTCACTTAG	g2
AGGTTGTTCCCTGGTT	g0
AGGTTGTTCTTAGCTT	g4
AGTAACCAGAAGCTGC	g2
AGTAACCAGACCATAA	g1
AGTAACCAGGATACGC	g4
AGTAACCAGTGCGACA	g0
AGTAACCAGTTGCTCA	g2
AGTAACCCAAGTCGTT	g4
AGTAACCCAATTCTCT	g0
AGTAACCCAGGAAGTC	g2
AGTAACCCATCCTTCG	g4
AGTAACCGTACGTAGG	g6
AGTAACCGTATCGCGC	g0
AGTAACCGTATCTCTT	g0
AGTAACCTCAGACCTA	g6
AGTAACCTCGACATCA	g4
AGTAACCTCGATTCCC	g7
AGTACCAAGCGATCGA	g2
AGTACCAAGGACAACC	g2
AGTACCAAGTGCAGCA	g0
AGTACCAAGTTGAAAC	g3
AGTACCACAACCAATC	g0
AGTACCACATCATCCC	g0
AGTACCACATGACCCG	g4
AGTACCAGTACATACC	g0
AGTACCAGTGACCGTC	g2
AGTACCAGTTCGAAGG	g0
AGTACCATCAAACCCA	g4
AGTACCATCCATCACC	g4
AGTACCATCCCGATCT	g6
AGTACTGAGAAGTCTA	g2
AGTACTGAGATGCGAC	g0
AGTACTGAGCAGTCTT	g8
AGTACTGAGCTTCGTA	g7
AGTACTGAGGACTTCT	g0
AGTACTGAGGATTTCC	g0
AGTACTGCAAACCATC	g0
AGTACTGCAAGCCATT	g0
AGTACTGCAAGCTCTA	g2
AGTACTGCAGCTTCCT	g0
AGTACTGCAGGAAGTC	g2
AGTACTGCAGGCCCTA	g5
AGTACTGGTCATGCAT	g0
AGTACTGGTCCGATCG	g4
AGTACTGGTCGGTGAA	g6
AGTACTGGTCTAGGCC	g2
AGTACTGGTGTCCGGT	g2
AGTACTGGTTACAGCT	g2
AGTACTGTCAAAGGTA	g4
AGTACTGTCAATCAGC	g0
AGTACTGTCATGCAGT	g4
AGTACTGTCGGTGAAG	g1
AGTACTGTCTCTGCTG	g2
AGTAGCTAGATTGACA	g1
AGTAGCTCACAAGCAG	g2
AGTAGCTGTTAAGTCC	g2
AGTAGCTTCACTCCGT	g0
AGTAGCTTCCTAAGTG	g2
AGTAGCTTCGCCGAGT	g2
AGTAGCTTCTACCCAC	g4
AGTAGCTTCTGTACAG	g0
AGTAGCTTCTTAGCCC	g0
AGTAGTCAGCCTGACC	g7
AGTAGTCAGCGACCCT	g0
AGTAGTCAGCTTACGT	g0
AGTAGTCCACGTATAC	g8
AGTAGTCCAGTCAGAG	g2
AGTAGTCGTCAAGTTC	g4
AGTAGTCGTCAGTTTG	g4
AGTAGTCGTCGTGTTA	g0
AGTAGTCGTGGCCTCA	g0
AGTAGTCTCCCATGGG	g0
AGTAGTCTCCTGTAGA	g9
AGTAGTCTCTGAGCAT	g2
AGTAGTCTCTGCTTAT	g8
AGTCAACAGATGAACT	g0
AGTCAACAGATTCGCT	g8
AGTCAACAGGCATCTT	g4
AGTCAACAGGGAGTTC	g2
AGTCAACAGTCTCGTA	g2
AGTCAACAGTGATTCC	g4
AGTCAACCAGAACTCT	g2
AGTCAACGTCCGGTGT	g8
AGTCAACGTCGCAGTC	g2
AGTCAACGTGGCATCC	g0
AGTCAACTCAGTGTGT	g2
AGTCACAAGATAGCAT	g4
AGTCACAAGCGTGTTT	g7
AGTCACAAGTGGTGAC	g4
AGTCACAAGTGTACCT	g2
AGTCACAGTACGGCAA	g4
AGTCACATCAGCCTTC	g2
AGTCACATCCACGGAC	g0
AGTCACATCTTTGGAG	g2
AGTCATGAGACGTCCC	g7
AGTCATGCACGAGGTA	g4
AGTCATGCAGTCACGC	g4
AGTCATGCATTGCTGA	g1
AGTCATGGTAGAGTTA	g2
AGTCATGGTAGCACAG	g2
AGTCATGGTCATTCCC	g2
AGTCATGTCAAATGCC	g3
AGTCATGTCGGTCTAA	g2
AGTCATGTCTGTCTCG	g1
AGTCTCCAGTGATAAC	g2
AGTCTCCAGTGCACAG	g7
AGTCTCCCAAGGCTTT	g4
AGTCTCCCACATAGCT	g3
AGTCTCCCACCGGCTA	g0
AGTCTCCCAGTAGAGC	g2
AGTCTCCGTTTACGTG	g2
AGTGACTAGAAATTGC	g0
AGTGACTAGCTGGCTC	g2
AGTGACTAGGAACTCG	g0
AGTGACTAGGGAGTTC	g2
AGTGACTCAAGATCCT	g0
AGTGACTCATGGATCT	g4
AGTGACTGTGTCACAT	g2
AGTGACTTCTCTTCAA	g0
AGTGATCAGCGCTGCT	g8
AGTGATCCATGTGTCA	g2
AGTGATCGTTAGGGAC	g7
AGTGATCGTTGATCGT	g2
AGTGATCTCAGCATTG	g2
AGTGATCTCCCAGGCA	g8
AGTGATCTCCGTTGAA	g2
AGTGATCTCGGACCAC	g2
AGTGATCTCGTTCCCA	g0
AGTGATCTCTGAATCG	g4
AGTGCCGAGCATGCAG	g0
AGTGCCGAGCTGACAG	g1
AGTGCCGAGGAGCAAA	g3
AGTGCCGAGGAGCTGT	g0
AGTGCCGAGGGATCGT	g2
AGTGCCGAGGGCAACT	g7
AGTGCCGAGTAGACCG	g9
AGTGCCGCACTTGGCG	g0
AGTGCCGCATGGCGCT	g2
AGTGCCGCATTATGCG	g7
AGTGCCGGTAGTCACT	g7
AGTGCCGGTCGAACGA	g0
AGTGCCGGTCGCAACC	g2
AGTGCCGTCACGACTA	g2
AGTGCCGTCCATCAGA	g1
AGTGCCGTCGAATCCA	g7
AGTGCCGTCGCACTCT	g4
AGTGTTGAGGCTAAAT	g3
AGTGTTGAGGTATAGT	g0
AGTGTTGAGTACGAGC	g2
AGTGTTGCAAGACGAC	g7
AGTGTTGCATCCTTCG	g2
AGTGTTGGTGGGTTGA	g7
AGTGTTGGTGTTATCG	g0
AGTGTTGGTTGGGATG	g4
AGTGTTGTCATGCGGC	g4
AGTGTTGTCATTGCGA	g3
AGTGTTGTCTTAGTTC	g0
AGTGTTGTCTTGTTAC	g0
AGTTAGCAGCGCGTTC	g2
AGTTAGCCAGGGTCTC	g4
AGTTAGCCATATAGCC	g0
AGTTAGCGTAGGGAGG	g7
AGTTAGCTCATCGCAA	g2
AGTTAGCTCCTAGAGT	g3
AGTTAGCTCTCGCTCA	g0
AGTTCCCAGAGGTTAT	g4
AGTTCCCAGCTTTGTG	g2
AGTTCCCAGTGCTCAT	g2
AGTTCCCCAGAGGAAA	g3
AGTTCCCCATCACAGT	g10
AGTTCCCGTAATGCTC	g0
AGTTCCCGTAGGCAAC	g4
AGTTCCCGTGTACATC	g4
AGTTCCCTCATGCCGG	g7
AGTTCCCTCGGCAGTC	g3
AGTTCCCTCTCGGTCT	g7
AGTTCCCTCTTCCCGA	g4
AGTTCGAAGATGAAGG	g2
AGTTCGAAGATGGGCT	g0
AGTTCGAAGGTCACCC	g2
AGTTCGACAATAGTCC	g7
AGTTCGACAGCATACT	g0
AGTTCGACATGAAAGT	g7
AGTTCGACATGAGGGT	g2
AGTTCGACATGTTACG	g0
AGTTCGAGTAACATCC	g0
AGTTCGAGTAGCACAG	g0
AGTTCGAGTGTCCTAA	g0
AGTTCGATCTAGCCTC	g2
ATACCGAAGAATTCAG	g2
ATACCGAAGATAACGT	g7
ATACCGAAGCCAAGTG	g2
ATACCGAAGCGACTGA	g2
ATACCGAAGCTAGATA	g2
ATACCGACAGGACTAG	g0
ATACCGAGTAGGCTCC	g2
ATACCGAGTGTAGCAG	g4
ATACCTTAGAACGCGT	g3
ATACCTTAGATCCAAA	g0
ATACCTTAGCGGGTTA	g0
ATACCTTAGTAATACG	g0
ATACCTTCACAAAGCG	g2
ATACCTTCAGCAGTTT	g0
ATACCTTGTCACCACG	g0
ATACCTTGTTCTTCAT	g0
ATACCTTTCAGGACGA	g2
ATACCTTTCATTCGGA	g7
ATACCTTTCTCGCTCA	g2
ATACTTCAGAGCACTG	g0
ATACTTCAGGCCCGTT	g0
ATACTTCCAAATACAG	g2
ATACTTCCACAAGTTC	g0
ATACTTCCACACCTAA	g0
ATACTTCCACATGTTG	g7
ATACTTCCACTGAATC	g2
ATACTTCGTTCTTGCC	g2
ATACTTCTCAGGAAAT	g2
ATACTTCTCGCAGTCG	g3
ATAGACCAGCCTATTG	g0
ATAGACCAGTATGCAA	g4
ATAGACCCACAATTCG	g7
ATAGACCCAGCTACTA	g0
ATAGACCGTACATTGC	g6
ATAGACCGTCAGGCAA	g0
ATAGACCGTCAGTCCG	g4
ATAGACCGTCGCATTA	g7
ATAGACCGTCTCAAGT	g0
ATAGACCGTGAGTGAC	g2
ATAGACCTCGAAGCAG	g2
ATAGACCTCGACACTA	g0
ATAGACCTCGGTAGAG	g9
ATAGACCTCGGTCTGG	g7
ATAGACCTCTACACAG	g2
ATAGAGAAGCAGCCTC	g8
ATAGAGAAGGAAACGA	g2
ATAGAGAAGGAACGAA	g4
ATAGAGAAGGTTCAGG	g2
ATAGAGAAGTAGCTCT	g0
ATAGAGAAGTGGTTCT	g2
ATAGAGACAATTCTCT	g2
ATAGAGACATACATCG	g4
ATAGAGACATCCGCGA	g1
ATAGAGAGTGCGGTAA	g3
ATAGAGAGTTTACGAC	g4
ATAGAGATCGTTAGTG	g0
ATAGAGATCTAGTTCT	g2
ATAGGCTAGCGCCCAT	g2
ATAGGCTCAAGACGGT	g2
ATAGGCTCACGTCTCT	g0
ATAGGCTCATTGTAGC	g1
ATAGGCTGTACATTGC	g0
ATAGGCTGTAGCTGCC	g7
ATAGGCTGTGAGCGAT	g2
ATAGGCTGTGCATCTA	g2
ATAGGCTGTTAGAAGT	g3
ATAGGCTTCAGTGATC	g7
ATATCCTAGGACTGGT	g2
ATATCCTAGGAGAGTA	g0
ATATCCTAGGGCGAAG	g4
ATATCCTAGGTTACCT	g4
ATATCCTAGTAGGGTC	g0
ATATCCTCAAATGATG	g7
ATATCCTCAGACCTAT	g0
ATATCCTCAGGTAGTG	g0
ATATCCTGTCCCTGTT	g0
ATATCCTGTCTTGAGT	g0
ATATCCTGTGGTAACG	g0
ATCACAGCACATCATG	g4
ATCACAGCACTGGACC	g4
ATCACAGCACTGGCGT	g2
ATCACAGCACTTTATC	g2
ATCACAGCAGTGAGCA	g1
ATCACAGCAGTTTCGA	g0
ATCACAGCATAACTCG	g2
ATCACAGGTGAATTAG	g9
ATCACAGGTTGTAAAG	g7
ATCACAGTCCGCAGTG	g3
ATCACAGTCTAGACAC	g4
ATCACAGTCTCCCTAG	g8
ATCACGAAGCCTCTGG	g0
ATCACGAAGGGACACT	g1
ATCACGAAGGTAAAGG	g0
ATCACGACACATTCGA	g2
ATCACGACAGAAGCTG	g2
ATCACGACAGTACTAC	g7
ATCACGAGTAGATTAG	g4
ATCACGAGTAGTCGGA	g2
ATCACGAGTCTCCTGT	g7
ATCACGAGTCTGTTAG	g9
ATCACGATCATCTCTA	g4
ATCACGATCGCACTCT	g6
ATCACGATCTGCGATA	g2
ATCACGATCTTGAACG	g0
ATCACTTAGCGATTCT	g2
ATCACTTAGCTAGCCC	g6
ATCACTTAGGTTAAAC	g0
ATCACTTAGGTTCCAT	g5
ATCACTTAGTAACCTC	g2
ATCACTTAGTCCCTAA	g4
ATCACTTAGTGGTTCT	g2
ATCACTTCAGTCTTCC	g7
ATCACTTGTAGTTAGA	g7
ATCACTTGTGGATCAG	g7
ATCACTTGTTAGGCTT	g2
ATCACTTTCATACGGT	g2
ATCACTTTCATGCTAG	g2
ATCACTTTCCTACACC	g0
ATCACTTTCGGATTAC	g2
ATCACTTTCGTGGCGT	g0
ATCACTTTCTTAGCCC	g1
ATCAGGTAGCTCATAC	g0
ATCAGGTAGGATATAC	g4
ATCAGGTAGGCTAACG	g7
ATCAGGTAGTTAACGA	g2
ATCAGGTCACGTACTA	g3
ATCAGGTCATAGTCGT	g4
ATCAGGTGTAACACGG	g0
ATCAGGTGTCCTTTGC	g2
ATCAGGTGTCTGTGTA	g0
ATCAGGTGTGCTTATG	g0
ATCAGGTTCACCCTGT	g8
ATCAGGTTCACTGGTA	g4
ATCAGGTTCTAGTCAG	g7
ATCATTCAGATCGACG	g0
ATCATTCAGATGAATC	g0
ATCATTCAGGAGTACC	g0
ATCATTCAGGGAACAA	g7
ATCATTCAGGGCTGAT	g0
ATCATTCAGGTTAAAC	g2
ATCATTCAGTCGGCAA	g0
ATCATTCCAAGTTCGT	g4
ATCATTCCAATCACGT	g1
ATCATTCCATTGACAC	g4
ATCATTCGTATTCCGA	g4
ATCATTCGTCCATCTC	g4
ATCATTCGTGGACTGA	g0
ATCATTCGTTCTGAGT	g0
ATCATTCTCATCTATC	g2
ATCATTCTCGCAGAGA	g2
ATCATTCTCGGAGCAA	g1
ATCATTCTCTTACGGA	g2
ATCCACCAGGCTTTCA	g2
ATCCACCAGTAGGAAG	g7
ATCCACCCACACGTGC	g2
ATCCACCCACGTGTGC	g0
ATCCACCCAGGTTACT	g0
ATCCACCGTCAAGCCC	g2
ATCCACCTCGTCGGGT	g3
ATCCACCTCTGACAGT	g2
ATCCATTAGACTGGGT	g2
ATCCATTAGCGTATAA	g0
ATCCATTAGTGACCTT	g2
ATCCATTCACACCTGG	g2
ATCCATTCATCCGTGG	g4
ATCCATTGTTGGGATG	g6
ATCCATTTCAGCTAGT	g2
ATCCATTTCTTCGATT	g0
ATCCATTTCTTTGATC	g2
ATCCCTGAGAAACTGT	g2
ATCCCTGCAAAGACGC	g0
ATCCCTGCATTCCTCG	g0
ATCCCTGGTACCCGCA	g2
ATCCCTGGTACGGGAT	g2
ATCCCTGGTATGAGGC	g4
ATCCCTGGTTAGGCTT	g4
ATCCGTCAGCATCGAG	g0
ATCCGTCAGGCTAACG	g3
ATCCGTCAGTAGAGTT	g0
ATCCGTCCAAGCAGGT	g2
ATCCGTCCAGCCGGTT	g0
ATCCGTCCAGCTATTG	g0
ATCCGTCCATGGCCCA	g2
ATCCGTCGTAGCTTTG	g4
ATCCGTCGTCCGATCG	g0
ATCCGTCGTCGGCCTA	g1
ATCCGTCGTCGTTGCG	g0
ATCCGTCTCACAAGAA	g2
ATCCGTCTCTTAATCC	g4
ATCCTATAGATGCGAC	g3
ATCCTATCAAAGCTAA	g0
ATCCTATCACAAACGG	g2
ATCCTATCACGGTCTG	g2
ATCCTATCACTGCTTC	g0
ATCCTATCAGAAGTTA	g4
ATCCTATCATCACGGC	g3
ATCCTATGTCAATCTG	g3
ATCCTATTCCGACAGC	g2
ATCCTATTCTCTGCCA	g0
ATCCTATTCTTGTGCC	g0
ATCGATGAGAGGCGTT	g8
ATCGATGCAATAGTGA	g1
ATCGATGCACTTGGCG	g4
ATCGATGCAGGCACAA	g0
ATCGATGCATCCGAAT	g0
ATCGATGCATGGAAGC	g7
ATCGATGGTATGCGTT	g0
ATCGATGGTCGGTAAG	g7
ATCGCCTAGCATCCCG	g2
ATCGCCTAGGGATGTC	g2
ATCGCCTAGGGCTGAT	g8
ATCGCCTCAAACCGGA	g2
ATCGCCTCACCAGACC	g0
ATCGCCTCACGAGGAT	g0
ATCGCCTCAGTAACGG	g4
ATCGCCTCATGGGATG	g3
ATCGCCTGTACGACAG	g0
ATCGCCTGTCCAGTTA	g0
ATCGCCTGTCTCGGGT	g0
ATCGCCTGTCTTACAG	g0
ATCGCCTTCACATCAG	g4
ATCGCCTTCTGGACCG	g7
ATCGGATAGACTCAAA	g4
ATCGGATAGGTTACCT	g4
ATCGGATCAACTCGTA	g0
ATCGGATGTCCAGGTC	g0
ATCGGATGTGAATAAC	g4
ATCGGATGTGGCGTAA	g0
ATCGGATGTGGTCTCG	g0
ATCGGATGTGTCCGGT	g2
ATCGGATTCAATCTTC	g0
ATCGGATTCCGTGACG	g7
ATCGGATTCGGTCATA	g2
ATCGGATTCGTCGCTT	g2
ATCGGCGAGCCATTTG	g0
ATCGGCGAGGTGCTTT	g0
ATCGGCGCACACTTAG	g3
ATCGGCGCAGGTACGA	g0
ATCGGCGGTTCCATTT	g2
ATCGGCGGTTGACTAC	g4
ATCGGCGTCGCCAGAC	g0
ATCGTAGAGGAGGTTC	g0
ATCGTAGAGTCGAAAT	g0
ATCGTAGCAAATCCCA	g9
ATCGTAGCAATCCTTT	g0
ATCGTAGCAGACCTGC	g8
ATCGTAGGTATCAGCT	g2
ATCGTAGGTCCTACGG	g3
ATCGTAGGTCTCTCCA	g2
ATCGTAGGTTTCGTTT	g7
ATCGTAGTCCTACTGC	g1
ATCGTAGTCGACGATT	g7
ATCGTAGTCGGCCAAC	g2
ATCGTAGTCGTAACAC	g0
ATCGTAGTCGTGCAGC	g7
ATCGTAGTCTGAGGCC	g1
ATCGTCCAGATAGCTA	g2
ATCGTCCAGATTGACA	g4
ATCGTCCAGCTAGCCC	g0
ATCGTCCAGTAACGTA	g2
ATCGTCCAGTACCCTA	g4
ATCGTCCCAACCAATC	g1
ATCGTCCCAAGACTGG	g2
ATCGTCCCAAGAGGCT	g0
ATCGTCCCACCACTGG	g0
ATCGTCCCAGTCTCTC	g0
ATCGTCCGTAACACGG	g0
ATCGTCCGTGCACGCT	g7
ATCGTCCGTTGGAGGT	g7
ATCGTCCGTTGTGGCC	g0
ATCGTCCTCCAGCTCT	g0
ATCGTCCTCCTCATAT	g2
ATCGTCCTCCTGCTAC	g2
ATCGTCCTCCTTCTGG	g2
ATCGTGAAGCATGGGT	g5
ATCGTGAAGGGACAGG	g0
ATCGTGACAATTCTTC	g2
ATCGTGACAGGACATG	g9
ATCGTGACAGGGAGAG	g0
ATCGTGAGTGTATTGC	g3
ATCGTGAGTTCTGAGT	g2
ATCGTGATCACTGGGC	g0
ATCGTGATCAGTCAGT	g0
ATCTCTAAGTGAGGTC	g3
ATCTCTAAGTTCATGC	g0
ATCTCTAAGTTGCGCC	g5
ATCTCTACAGTCAGAG	g7
ATCTCTACATGACTCA	g8
ATCTCTACATTAGGAA	g9
ATCTCTAGTAAGCGGT	g0
ATCTCTAGTCTTCTAT	g4
ATCTCTAGTTAAGAAC	g2
ATCTCTATCATTCACT	g0
ATCTCTATCCACATAG	g0
ATCTCTATCCTGGGAC	g0
ATCTCTATCGCCACTT	g2
ATCTCTATCTACCTTA	g0
ATCTCTATCTATACTC	g4
ATCTTCAAGAGTGACC	g0
ATCTTCAAGCCGAATG	g2
ATCTTCAAGGAGCTGT	g2
ATCTTCAAGTGTAGTA	g1
ATCTTCACAACCGATT	g2
ATCTTCACAAGAGATT	g7
ATCTTCACATAGTCGT	g2
ATCTTCACATGGAATA	g6
ATCTTCAGTGAATAAC	g0
ATCTTCAGTTTCTTAC	g3
ATCTTCATCCCGAATA	g4
ATCTTCATCGAGAGAC	g4
ATCTTCATCGGTCACG	g0
ATGAAAGAGCCTGTCG	g0
ATGAAAGAGGTTATAG	g7
ATGAAAGCACGAAGAC	g2
ATGAAAGCAGCAGACA	g6
ATGAAAGGTGAGCGAT	g0
ATGAAAGGTGGAAATT	g4
ATGAAAGGTGTATACC	g0
ATGAAAGTCGATGCTA	g4
ATGACCAAGACGTCCC	g7
ATGACCAAGCCGGATA	g2
ATGACCAAGGCTCCCA	g2
ATGACCAAGGCTTAGG	g0
ATGACCAAGTAGATCA	g0
ATGACCAAGTCTGCAT	g7
ATGACCAAGTTACGTC	g2
ATGACCAAGTTTCAGC	g0
ATGACCACAAACGAGC	g0
ATGACCACAACCGTGC	g2
ATGACCACAAGACCTT	g0
ATGACCACACGACGTC	g4
ATGACCACACTTTATC	g0
ATGACCACATGTGCTA	g0
ATGACCAGTAACCCTA	g9
ATGACCAGTATAGCTC	g2
ATGACCAGTGCCTTTC	g0
ATGACCAGTTGGTAGG	g7
ATGACCAGTTTCCCAC	g0
ATGACCATCACTGATG	g0
ATGACCATCCCATTTA	g0
ATGACCATCGCATTAG	g2
ATGACCATCTTTGCAT	g2
ATGAGGGAGCCTCTTC	g4
ATGAGGGAGGCCTGCT	g0
ATGAGGGAGTTAGTGA	g7
ATGAGGGCAGGCATGA	g0
ATGAGGGGTACAATAG	g1
ATGAGGGGTGGATCAG	g0
ATGAGGGGTGGGCTCT	g1
ATGAGGGGTTTGTGGT	g2
ATGAGGGTCACGGTCG	g4
ATGAGGGTCACTGCTC	g3
ATGAGGGTCATGCCGG	g0
ATGAGGGTCCTGGCTT	g1
ATGAGGGTCCTGTAAG	g4
ATGAGGGTCGCATGAT	g4
ATGAGGGTCGCTCTCA	g1
ATGAGTCAGAAACTAC	g2
ATGAGTCAGCCGTCGT	g1
ATGAGTCAGTATGAAC	g0
ATGAGTCAGTCGAATA	g4
ATGAGTCAGTCGGCAA	g2
ATGAGTCCACTCACTC	g2
ATGAGTCGTAGGCAAC	g2
ATGAGTCGTATACGGG	g2
ATGAGTCGTGGAAATT	g7
ATGAGTCGTGTTGATC	g0
ATGAGTCTCAATCGGT	g7
ATGAGTCTCCTGTTGC	g0
ATGAGTCTCGCTAGCG	g0
ATGAGTCTCGTAATGC	g0
ATGAGTCTCGTTAGAC	g7
ATGATCGAGCGATGGT	g0
ATGATCGAGGCCTAAG	g4
ATGATCGAGTAGCATA	g4
ATGATCGCACAATGCT	g5
ATGATCGCACAGAGAC	g0
ATGATCGCACGGAAGT	g2
ATGATCGCAGTCAACT	g2
ATGATCGGTAGTTACC	g0
ATGATCGGTCGACGCT	g9
ATGATCGTCCGTGTCT	g2
ATGATCGTCCTTGACC	g2
ATGATCGTCTTCTAAC	g2
ATGCATGAGAAACTCA	g2
ATGCATGAGTAGCCAG	g0
ATGCATGAGTCATAGA	g0
ATGCATGAGTCGAAAT	g6
ATGCATGCAAATGGCG	g4
ATGCATGCAAATTGGA	g4
ATGCATGCAATACGCT	g7
ATGCATGCATAAGCGG	g7
ATGCATGGTCAATGGG	g2
ATGCATGGTCGTATTG	g0
ATGCATGTCGTGAGAG	g4
ATGCCTCAGATGAACT	g2
ATGCCTCAGGTTCCAT	g3
ATGCCTCCAAGCCATT	g4
ATGCCTCCAATTCACG	g2
ATGCCTCCACGCGGTT	g4
ATGCCTCCACTGTCGG	g2
ATGCCTCCACTTTAGG	g0
ATGCCTCCATGGCGCT	g2
ATGCCTCCATTACTCT	g1
ATGCCTCGTACAATAG	g0
ATGCCTCGTCACAATC	g4
ATGCCTCGTCTCAAGT	g2
ATGCCTCGTCTCGGAC	g2
ATGCCTCGTCTGTAAC	g2
ATGCCTCGTGAATGTA	g0
ATGCCTCGTTCGTACA	g4
ATGCCTCGTTGGAGGT	g2
ATGCCTCTCCCGTTCA	g2
ATGCCTCTCCGAGGCT	g2
ATGCCTCTCGAAGCAG	g2
ATGCCTCTCGAAGTGG	g0
ATGCGATAGCAAGTCG	g0
ATGCGATCAACGGCCT	g0
ATGCGATCAGTCAGCC	g0
ATGCGATCAGTCTCTC	g0
ATGCGATCATACACCA	g0
ATGCGATCATATGGCT	g0
ATGCGATCATCGCTCT	g0
ATGCGATCATGTCAGT	g2
ATGCGATCATTGCAAC	g0
ATGCGATGTACCTTCC	g2
ATGCGATGTAGGCAAC	g2
ATGCGATGTCGCTCGA	g4
ATGCGATGTGGCATCC	g3
ATGCGATGTTCGAGCC	g4
ATGCGATGTTTGCAGT	g2
ATGCGATTCATTGCCC	g4
ATGCGATTCCAACCGG	g5
ATGCGATTCCCGTTGT	g3
ATGGAGGAGAGCGACT	g0
ATGGAGGAGAGTACCG	g0
ATGGAGGAGCTTAGTC	g2
ATGGAGGAGGCGCTTC	g0
ATGGAGGAGTACTGGG	g0
ATGGAGGCAAAGGGCT	g4
ATGGAGGGTCCAGTTA	g4
ATGGAGGTCACTGGGC	g2
ATGGAGGTCCCTTCCC	g7
ATGGAGGTCCGAGAAG	g7
ATGGAGGTCGAGGCAA	g4
ATGGAGGTCGCCTAGG	g1
ATGGATCAGAAGGATG	g2
ATGGATCAGGTCATTC	g4
ATGGATCCACCTGTCT	g3
ATGGATCCAGGTCAAG	g0
ATGGATCCATGAAGCG	g7
ATGGATCGTACGACAG	g3
ATGGATCGTAGTAAGT	g4
ATGGATCGTCCTGTTC	g0
ATGGATCTCATGAGTC	g2
ATGGATCTCGATCCAA	g9
ATGGATCTCGGAGTGA	g2
ATGGATCTCTTGAGCA	g0
ATGGGAGAGACCTTTG	g2
ATGGGAGCACGTAACT	g4
ATGGGAGCAGCAGACA	g7
ATGGGAGCAGTCAGAG	g2
ATGGGAGGTTGGAGGT	g0
ATGGGAGTCAACGTGT	g3
ATGGGAGTCCGTAATG	g3
ATGGGAGTCCTACACC	g0
ATGGGTTAGAGCATCG	g2
ATGGGTTAGAGGTCAC	g2
ATGGGTTAGGCACAAC	g0
ATGGGTTGTACGGCAA	g0
ATGGGTTGTCACAGTT	g0
ATGGGTTGTGCAATAA	g7
ATGGGTTTCCACGTCT	g4
ATGGGTTTCGTCCTTG	g0
ATGGTTGAGACCATTC	g0
ATGGTTGAGCAGAAAG	g2
ATGGTTGAGTACAGAT	g7
ATGGTTGCAGGCACTC	g0
ATGGTTGCAGTCCGTG	g0
ATGGTTGGTACAGTCT	g8
ATGGTTGGTAGTAAGT	g0
ATGGTTGGTTCAATCG	g3
ATGGTTGTCAGCGGAA	g0
ATGGTTGTCCATACTT	g2
ATGGTTGTCCATCACC	g2
ATGGTTGTCCTCACTG	g0
ATGTCCCAGCAGTACG	g0
ATGTCCCAGGCATCAG	g2
ATGTCCCAGTCACACT	g8
ATGTCCCCAAAGGTTA	g0
ATGTCCCCACGTAGAG	g2
ATGTCCCCACTGTGTA	g0
ATGTCCCCAGTAACAA	g2
ATGTCCCCATTGGGAG	g8
ATGTCCCGTGCATACT	g7
ATGTCCCGTGCCTGAC	g0
ATGTCCCGTTGGGTAG	g0
ATGTCCCTCACTCCGT	g6
ATGTCTTAGAGGACTC	g2
ATGTCTTAGCCTAGGA	g1
ATGTCTTAGCGTGTTT	g3
ATGTCTTAGGTGGCTA	g0
ATGTCTTAGTGGTTAA	g2
ATGTCTTAGTTACTCG	g0
ATGTCTTCAAGTTCGT	g4
ATGTCTTCAATTGAAG	g8
ATGTCTTGTATGGTTC	g0
ATGTCTTGTGCTGTCG	g3
ATGTCTTTCGGACTGC	g0
ATGTCTTTCTGAGCAT	g0
ATGTCTTTCTTTCAGT	g0
ATTACCTAGCACCTGC	g0
ATTACCTCAAGACCGA	g8
ATTACCTCAATGAACA	g0
ATTACCTCATTACGGT	g2
ATTACCTGTACCTAGT	g4
ATTACCTGTACGTTCA	g0
ATTACCTGTATTCCGA	g2
ATTACCTGTGTGACCC	g0
ATTACCTTCACTAGCA	g4
ATTACCTTCAGCTGTA	g5
ATTACCTTCGGTCACG	g0
ATTACTCAGAGCTGAC	g0
ATTACTCAGATTGCGG	g4
ATTACTCAGCAGCAGT	g3
ATTACTCAGGACATCG	g7
ATTACTCAGGTGCGAT	g0
ATTACTCCAGCAGTTT	g8
ATTACTCCAGCTACTA	g2
ATTACTCGTAGGCAAC	g0
ATTACTCGTTCGTGCG	g0
ATTACTCTCAACCTTT	g0
ATTACTCTCATGCTAG	g4
ATTACTCTCCAACCAA	g0
ATTATCCAGCAACTTC	g2
ATTATCCAGCATGCGA	g4
ATTATCCCAAACTAGA	g2
ATTATCCCAACGTATC	g7
ATTATCCCAGCCTACG	g0
ATTATCCCAGCGGATA	g0
ATTATCCCATACCATG	g2
ATTATCCGTACTCGAT	g0
ATTATCCGTAGTGTGG	g4
ATTATCCGTCCGGTGT	g0
ATTATCCGTCTGTCAA	g4
ATTATCCGTGTCGCTG	g6
ATTATCCGTTATCTGG	g0
ATTATCCTCAGGACAG	g0
ATTATCCTCCACTGGG	g2
ATTATCCTCTCTTGCG	g3
ATTCACTAGAGAGGTA	g7
ATTCACTAGGAAGAAC	g3
ATTCACTAGTCGAAAT	g2
ATTCACTAGTTGTCAC	g4
ATTCACTCAATAGGAT	g0
ATTCACTCAGCTGAAG	g3
ATTCACTGTACAGTTC	g0
ATTCACTGTCCCGCAA	g2
ATTCACTGTGGCAGAT	g3
ATTCACTGTTCTTAGG	g0
ATTCACTTCCATTTAC	g1
ATTCACTTCCCGAAAT	g0
ATTCACTTCCCGTGAG	g4
ATTCACTTCCGGACGT	g7
ATTCACTTCTCGCTTG	g4
ATTCAGGAGCTTCATG	g0
ATTCAGGAGGCACTAG	g3
ATTCAGGAGGGTAATT	g0
ATTCAGGAGTCCTACA	g2
ATTCAGGAGTTGCGAG	g2
ATTCAGGCAGAGTGAC	g2
ATTCAGGCAGTCAGAG	g4
ATTCAGGGTATGTCAC	g2
ATTCAGGGTCCGACGT	g3
ATTCAGGGTTAATGAG	g7
ATTCAGGGTTGTGGAG	g6
ATTCAGGGTTTCACTT	g0
ATTCAGGTCACGACTA	g2
ATTCAGGTCACGGACC	g2
ATTCAGGTCGAGTACT	g8
ATTCAGGTCGTTACCC	g2
ATTCATCAGAGACAAG	g4
ATTCATCAGAGTGAAG	g7
ATTCATCAGATTGGGC	g7
ATTCATCAGGTCATAA	g0
ATTCATCAGTTCATGC	g4
ATTCATCCAAAGCTAA	g2
ATTCATCCATCCTGTC	g4
ATTCATCGTGCGAGTA	g0
ATTCATCTCCGCTGTT	g8
ATTCATCTCTCTCGAC	g0
ATTCATCTCTTCCTAA	g1
ATTCCATAGCCAAGTG	g10
ATTCCATAGCGAGTCA	g2
ATTCCATAGGTAGCCA	g8
ATTCCATCAATTGCCA	g0
ATTCCATGTAAGGCTG	g1
ATTCCATGTCCTCAGG	g2
ATTCCATGTCGTCGGT	g0
ATTCCATGTGACTGAG	g4
ATTCCATGTGTCCTAA	g4
ATTCCATGTTCTTGCC	g7
ATTCCATTCCTAGCCT	g8
ATTCCATTCGGAGCAA	g0
ATTCCATTCTTCTTCC	g0
ATTCCCGAGCCGTTGC	g4
ATTCCCGAGGGCAGTT	g3
ATTCCCGCACATGTTG	g0
ATTCCCGCACGTCATA	g7
ATTCCCGGTAGTCGGA	g2
ATTCCCGGTGTCGATT	g0
ATTCCCGGTTGCATTG	g0
ATTCCCGTCCCATTCG	g0
ATTCCTACAATTTCGG	g6
ATTCCTACATAGGCGA	g4
ATTCCTACATGATCTG	g8
ATTCCTACATTGTAGC	g4
ATTCCTAGTAAGATCA	g3
ATTCCTAGTAAGATTG	g2
ATTCCTAGTCACGCTG	g2
ATTCCTAGTCCGAAGA	g2
ATTCCTAGTGGAAATT	g0
ATTCCTATCCGAGTGC	g4
ATTCCTATCCTGCCAT	g0
ATTCCTATCGAGAATA	g2
ATTCCTATCTTTCGAT	g0
ATTCGTTAGGTTCCGC	g6
ATTCGTTAGTATGAGT	g1
ATTCGTTAGTCGGCAA	g0
ATTCGTTAGTGGAATT	g3
ATTCGTTCAAGCTACT	g0
ATTCGTTCACAAGCTT	g7
ATTCGTTCACCAGGTC	g3
ATTCGTTCACGTTCGG	g7
ATTCGTTGTAGCGCCT	g4
ATTCGTTGTATCGAGG	g2
ATTCGTTTCATGAGTC	g0
ATTCGTTTCGAGATAA	g2
ATTCTACAGCAAGTGC	g0
ATTCTACAGTCATCCA	g0
ATTCTACCAGGACATG	g3
ATTCTACGTATCGAGG	g0
ATTCTACGTTACAGCT	g7
ATTCTACTCCAACACA	g4
ATTCTACTCCACTAGA	g0
ATTCTACTCGAAGTGG	g7
ATTCTACTCGATTTCT	g0
ATTCTTGAGAGAGCGG	g7
ATTCTTGAGTCTCTGA	g0
ATTCTTGAGTGGTTCT	g0
ATTCTTGCACAGCTTA	g7
ATTCTTGCACGTGAGA	g3
ATTCTTGGTTGGGATG	g3
ATTCTTGTCACATACG	g0
ATTCTTGTCGTAACTG	g7
ATTCTTGTCGTCCTCA	g2
ATTGGGTAGCACGATG	g2
ATTGGGTAGCCATTGT	g2
ATTGGGTAGTGTACAA	g0
ATTGGGTCAACAGCCC	g7
ATTGGGTCAACTGCTA	g0
ATTGGGTCAATACAGA	g7
ATTGGGTCACTACTTT	g0
ATTGGGTCAGCAGTGA	g5
ATTGGGTCAGTTTCAG	g3
ATTGGGTCATGACAGG	g7
ATTGGGTGTAACATAG	g0
ATTGGGTGTCACCGCA	g0
ATTGGGTGTTCTCCAC	g1
ATTGGGTGTTGCCATA	g2
ATTGGGTTCAACGAGG	g0
ATTGGGTTCTATCACT	g3
ATTGTTCAGCAGCCCT	g0
ATTGTTCAGGAAAGAC	g7
ATTGTTCAGTAGGTTA	g4
ATTGTTCAGTTGCATC	g2
ATTGTTCCATTATGCG	g0
ATTGTTCGTCTACACA	g4
ATTGTTCGTTGGACCC	g0
ATTGTTCGTTTGAAAG	g2
ATTGTTCTCACTGTCC	g9
ATTGTTCTCCACGTGG	g1
ATTGTTCTCGGCTTGG	g2
ATTTACCAGACATCCT	g4
ATTTACCAGGACCCAA	g4
ATTTACCAGGATAATC	g0
ATTTACCAGGCCTGCT	g0
ATTTACCAGGGCCCTT	g0
ATTTACCAGGTCATAA	g8
ATTTACCCAAACCATC	g4
ATTTACCCAAGGTCGA	g4
ATTTACCCAGAGTTCT	g3
ATTTACCCATGAATAG	g2
ATTTACCGTGGATACG	g1
ATTTACCTCAATGTCG	g1
ATTTACCTCAGAGTGG	g2
ATTTACCTCAGCCTCT	g6
ATTTACCTCGAGAAGC	g0
ATTTCACAGAGAAGGT	g2
ATTTCACAGCCGATAG	g1
ATTTCACAGCCGTTAT	g4
ATTTCACAGGATGAGA	g2
ATTTCACCAATTCGTG	g2
ATTTCACCAGACTCTA	g4
ATTTCACCATCCAACA	g0
ATTTCACCATGAAAGT	g7
ATTTCACGTAACCAGG	g8
ATTTCACGTACTGACT	g2
ATTTCACGTAGTACGG	g2
ATTTCACGTAGTCGTT	g4
ATTTCACGTCCCTAAA	g0
ATTTCACGTGACACAG	g4
ATTTCACTCAAGGACG	g3
ATTTCACTCCGTAGTA	g7
ATTTCACTCCGTGGGT	g2
ATTTCACTCTCGCTTG	g2
ATTTCACTCTGGTTGA	g2
ATTTCTGAGAGATCGC	g0
ATTTCTGAGCGATCGA	g0
ATTTCTGAGGACGCTA	g7
ATTTCTGAGGGCAACT	g0
ATTTCTGAGGGTACAC	g0
ATTTCTGCAAACGAGC	g0
ATTTCTGCATAGAGGC	g2
ATTTCTGGTACACTCA	g3
ATTTCTGGTAGGTCAG	g6
ATTTCTGGTGAGCTCC	g0
ATTTCTGGTGATACTC	g9
ATTTCTGGTTATTCTC	g0
ATTTCTGTCAGTCTTT	g4
ATTTCTGTCCACTGAA	g2
ATTTCTGTCCACTTTA	g0
ATTTCTGTCTCGTCAC	g2
ATTTCTGTCTGAGAAA	g0
CAAAGAAAGGTAGATT	g4
CAAAGAAAGTCATTGC	g0
CAAAGAACAAATCGGG	g4
CAAAGAACACGTACAT	g0
CAAAGAACAGCAATTC	g2
CAAAGAAGTCCTGGTG	g6
CAAAGAAGTGAATGTA	g2
CAAAGAAGTTTCTATC	g2
CAAAGAATCCGTCCTA	g4
CAAAGAATCGACGCGT	g5
CAAAGAATCTGAGATC	g2
CAACAACAGCTTGTGT	g4
CAACAACAGGAACGAA	g7
CAACAACCAGAGAAAG	g2
CAACAACCAGTAGAAT	g4
CAACAACCAGTAGTGG	g7
CAACAACCATGGTGGA	g0
CAACAACGTACCAGAG	g2
CAACAACGTAGTGTGG	g6
CAACAACGTATTGCCA	g0
CAACAACGTGGCTACC	g0
CAACAACGTTACGGAG	g2
CAACAACTCCGGCAGT	g4
CAACAACTCGACGTCG	g0
CAACAACTCGCACGAC	g4
CAACAACTCTCTCCGA	g1
CAACAGTAGACATATG	g7
CAACAGTAGCAAGGAA	g2
CAACAGTAGTCGAAAT	g0
CAACAGTAGTTTCGGT	g0
CAACAGTCAGCGTATT	g2
CAACAGTGTAGACGGT	g4
CAACAGTGTAGACGTG	g4
CAACAGTGTGACGCCT	g0
CAACAGTGTGAGATTA	g0
CAACAGTGTGCAACAG	g2
CAACAGTTCCGGACGT	g2
CAACAGTTCCTTCTGG	g3
CAACAGTTCTTAGCTT	g3
CAACCAAAGACGCCCT	g2
CAACCAAAGCAGAAAG	g7
CAACCAAAGCAGCCCT	g3
CAACCAAAGCCTCTTC	g2
CAACCAAAGGCCGCTT	g7
CAACCAAAGTTCCATG	g2
CAACCAATCATTCATC	g3
CAACCAATCGAGAGAC	g0
CAACCAATCTAAACGC	g8
CAACCTCAGACGAGCT	g2
CAACCTCAGCTGTTCA	g0
CAACCTCAGTGCTAGG	g4
CAACCTCAGTTGCGAG	g8
CAACCTCCAAGCGAAC	g0
CAACCTCCAGAGCCCT	g0
CAACCTCCATCCTTCG	g2
CAACCTCCATCTTTCA	g0
CAACCTCGTCCACAGC	g7
CAACCTCTCATTTGTC	g4
CAACCTCTCTGGTGCG	g9
CAACCTCTCTGTGCTC	g4
CAACGATAGAGGACTC	g8
CAACGATAGATGCTTC	g0
CAACGATAGGGTTAGC	g0
CAACGATAGTTTCGAC	g2
CAACGATCACTCAAGT	g3
CAACGATCACTTTATC	g9
CAACGATCAGGACATG	g4
CAACGATGTACGACTT	g2
CAACGATGTACGAGCA	g7
CAACGATGTGTGTCGC	g2
CAACGATTCAATCGGT	g0
CAACGATTCACATACG	g4
CAACGATTCGTTACCC	g0
CAACGGCAGCAGTACG	g0
CAACGGCAGCGGTAGT	g4
CAACGGCAGGTTGGTG	g2
CAACGGCAGTAACAGT	g2
CAACGGCCACAAGCAG	g0
CAACGGCCACTCATAG	g4
CAACGGCCATCCAACA	g1
CAACGGCTCCGCAGTG	g7
CAACGGCTCCGTCCTA	g7
CAACGGCTCTATTTCG	g3
CAAGACTAGCTTTGTG	g0
CAAGACTCAAATCGTC	g2
CAAGACTCAACAAGAT	g2
CAAGACTGTGAACGGT	g1
CAAGACTTCACCTGGG	g2
CAAGACTTCAGCACCG	g7
CAAGACTTCCGATCGG	g5
CAAGACTTCGTAGAGG	g4
CAAGAGGAGCGCTGCT	g0
CAAGAGGAGCGTTACT	g0
CAAGAGGAGGTACATA	g7
CAAGAGGAGTAACCGG	g3
CAAGAGGCACGCTGAC	g10
CAAGAGGCACTCCCTA	g3
CAAGAGGCATAACTCG	g0
CAAGAGGGTACAGGTG	g2
CAAGAGGGTACCGTCG	g2
CAAGAGGGTAGCTTGT	g7
CAAGAGGGTCCAGTTA	g0
CAAGAGGGTTCGGTTA	g0
CAAGAGGTCGTCACCT	g2
CAAGAGGTCTGGGTCG	g1
CAAGCTAAGCGGGTTA	g2
CAAGCTACAAATTAGG	g5
CAAGCTACACCTGCAG	g0
CAAGCTACAGGCAATG	g0
CAAGCTACAGTACTAC	g0
CAAGCTAGTCAGGAGT	g7
CAAGCTAGTCCGAAGA	g4
CAAGCTAGTGTGACCC	g0
CAAGCTAGTTCTGACA	g0
CAAGCTATCACATTGG	g7
CAAGCTATCCAAGCCG	g4
CAAGCTATCCACTGGG	g0
CAAGCTATCGACTCCT	g0
CAAGCTATCTCACGAA	g2
CAAGCTATCTTGTTAC	g8
CAAGGGAAGATGTTCC	g0
CAAGGGAAGCGGATCA	g2
CAAGGGAGTGCCGGTT	g0
CAAGGGAGTTCACGAT	g0
CAAGGGAGTTGCCATA	g0
CAAGGGATCATTACTC	g3
CAAGGGATCCGCAAAT	g7
CAATACGAGTTGCGAG	g0
CAATACGCAAATTAGG	g8
CAATACGCACGCAGTC	g4
CAATACGCATGTTACG	g8
CAATACGGTACTGCGC	g0
CAATACGGTGAGCAGT	g0
CAATACGGTTCAGTAC	g0
CAATACGGTTGGTGTT	g2
CAATACGTCAGGGATG	g2
CAATACGTCATCAGTG	g4
CAATACGTCCCTGGTT	g2
CAATACGTCGAGCTGC	g2
CAATACGTCTGACAGT	g4
CAATACGTCTTTCAGT	g0
CAATCGAAGAGGTGCT	g1
CAATCGAAGCGACAGT	g2
CAATCGAAGCTCATAC	g8
CAATCGAAGGCTAGCA	g0
CAATCGACAGAGGTTG	g7
CAATCGACAGCGAACA	g0
CAATCGAGTACTAAGA	g0
CAATCGAGTGAGCAGT	g7
CAATCGAGTGTTATCG	g0
CAATCGATCGCATTGA	g2
CAATCGATCGTAGTCA	g7
CAATGACAGAGTATAC	g4
CAATGACAGTAGACAT	g8
CAATGACAGTAGGGTC	g7
CAATGACCACCAATTG	g3
CAATGACGTGGTTTGT	g7
CAATGACTCGTGCTCT	g7
CAATTTCAGAGAGCAA	g2
CAATTTCAGCTACTAC	g4
CAATTTCCAATGCAGG	g0
CAATTTCCATGGCCCA	g4
CAATTTCGTAAGTAGT	g3
CAATTTCGTACTCGAT	g2
CAATTTCGTGTCTCCT	g8
CAATTTCGTTCTCACC	g0
CAATTTCTCACAACCA	g2
CAATTTCTCACGATAC	g2
CAATTTCTCCAATCTT	g2
CACAACAAGAGGATGA	g7
CACAACAAGCTTGTGT	g1
CACAACAAGTAAATGC	g7
CACAACACACGCAGTC	g0
CACAACAGTACAGTTC	g4
CACAACAGTAGGACCA	g2
CACAACAGTATGTCCA	g7
CACAACAGTCACAGTT	g2
CACAACAGTGTCTTGA	g4
CACAACAGTGTGACCC	g4
CACAACAGTTGATGTC	g0
CACAACATCATTTACC	g2
CACAACATCTAATTCC	g0
CACACAAAGAGAGCGG	g0
CACACAAAGATACTGA	g0
CACACAAAGCAGGCAT	g2
CACACAAAGTAGTCCT	g0
CACACAAAGTCTCTGA	g2
CACACAAAGTTGCCTA	g1
CACACAACACACACGC	g6
CACACAACACACAGCC	g4
CACACAATCCAGCTCT	g2
CACACAATCGAGAACG	g0
CACAGATAGACGCCAA	g7
CACAGATAGATAGCAT	g2
CACAGATAGTGGATAT	g4
CACAGATCACGAAGAC	g7
CACAGATCAGGGTTGA	g8
CACAGATCATTAAGCC	g7
CACAGATGTACAGAAT	g0
CACAGATTCTAGTCAG	g2
CACAGGCAGACATGCG	g0
CACAGGCAGGTGCTTT	g0
CACAGGCCAGCAGTCC	g5
CACAGGCGTAGGAGTC	g0
CACAGGCGTATGACAA	g2
CACAGGCTCAGGACGA	g4
CACAGGCTCTTGTGCC	g0
CACATGAAGAGGATCC	g2
CACATGAAGGGTAGCT	g2
CACATGAAGGTCCGAA	g7
CACATGAAGGTTAGTA	g4
CACATGAAGTAACAGT	g0
CACATGAAGTATGGCG	g0
CACATGACAGACGATG	g9
CACATGACAGTGAGCA	g7
CACATGACATGAGAAT	g7
CACATGAGTGTATTGC	g2
CACATGAGTGTTGCCG	g6
CACATGATCCACACCT	g4
CACATGATCGAACCTA	g3
CACCAAAAGCCGTAAG	g2
CACCAAAAGGGTACAC	g2
CACCAAAAGTCCTGTA	g7
CACCAAACAAGTGGAC	g9
CACCAAACACTGGACC	g4
CACCAAACAGGCCCTA	g9
CACCAAACATACTGTG	g0
CACCAAACATCCTGTC	g2
CACCAAACATGGGCAA	g4
CACCAAAGTAGAATGT	g4
CACCAAAGTTGCATAC	g0
CACCAAATCGGCCTTT	g2
CACCAAATCGTAACCA	g3
CACCGTTAGCAGTAAT	g2
CACCGTTAGGTTGACG	g0
CACCGTTCAAACCGGA	g3
CACCGTTCAATCCTAG	g4
CACCGTTCATCGCTCT	g3
CACCGTTCATCTCATT	g7
CACCGTTGTCATCCGG	g2
CACCGTTGTGGTTCTA	g0
CACCGTTTCAGATGCT	g1
CACGAATAGACCTTTG	g2
CACGAATAGACGGATC	g7
CACGAATAGAGGCTGT	g6
CACGAATAGGGTTTCT	g8
CACGAATCATAGACTC	g0
CACGAATGTTCATCGA	g4
CACGAATTCAGTCTTT	g0
CACGAATTCCGGACGT	g2
CACGAATTCGGCATAT	g4
CACGAATTCTGGAGAG	g2
CACGAATTCTTGGGCG	g8
CACGGGTAGCTGAGCA	g2
CACGGGTAGGGTAATT	g0
CACGGGTCAATAAGGT	g2
CACGGGTCACAATCTG	g4
CACGGGTCACCAGGTC	g7
CACGGGTCACTTCCTG	g2
CACGGGTCATGAAGGC	g0
CACGGGTGTACAAGCG	g7
CACGGGTTCAGTGCGC	g0
CACGGGTTCTAGACCA	g4
CACGTGGAGAAGTCAT	g1
CACGTGGAGACCTCCG	g5
CACGTGGAGCGTTCAT	g4
CACGTGGAGCTATCCA	g7
CACGTGGCAAAGGCAC	g0
CACGTGGCAACTCCAA	g7
CACGTGGCATCAGCTA	g3
CACGTGGCATTGCCTC	g7
CACGTGGGTACATTGC	g2
CACGTGGGTTGTGTTG	g2
CACGTGGTCACACCCT	g0
CACGTGGTCGGTCATA	g0
CACGTGGTCGTGCTCT	g2
CACGTGGTCGTGGGAA	g0
CACGTGGTCTCTCGCA	g2
CACGTGGTCTGCGTCT	g0
CACGTTCAGATGGCGT	g0
CACGTTCAGCTGTCCG	g2
CACGTTCAGTTCCGTA	g0
CACGTTCCACGGCACT	g8
CACGTTCCAGAGAGGG	g2
CACGTTCCATCCGAAT	g0
CACGTTCGTGCGAACA	g7
CACGTTCGTTGTCAGT	g0
CACGTTCTCACCACAA	g2
CACGTTCTCGCTCATC	g4
CACTAAGAGAAAGTCT	g0
CACTAAGAGAGGGTGG	g4
CACTAAGAGGATTACA	g0
CACTAAGCAAGCCTGC	g2
CACTAAGCAAGGTACG	g0
CACTAAGCACGTGAGA	g2
CACTAAGCATAACAGA	g2
CACTAAGGTAAGTCAA	g8
CACTAAGGTACTAACC	g0
CACTAAGGTCACCACG	g8
CACTAAGGTCCGGTCA	g0
CACTAAGGTGACACGA	g2
CACTAAGGTGCAATGG	g2
CACTAAGTCAAGTTGC	g0
CACTAAGTCGGTAACT	g8
CACTAAGTCGTGGCTG	g2
CACTAAGTCTGCACCT	g6
CACTAAGTCTTGCGCT	g2
CACTGAAAGCGTTACT	g2
CACTGAAAGGGTCTTT	g2
CACTGAAAGGTCGTCC	g9
CACTGAAAGGTTGGTG	g2
CACTGAAAGTCATACC	g0
CACTGAACAATAAGGT	g5
CACTGAACACCTGATA	g0
CACTGAATCTCGTCAC	g2
CACTGAATCTGCGATA	g0
CACTGGGAGAGGTATT	g0
CACTGGGAGCGGTAGT	g2
CACTGGGAGCTAGTTC	g2
CACTGGGAGTGCTACT	g0
CACTGGGCAATTTCTC	g4
CACTGGGGTACATTGC	g0
CACTGGGGTCTGCAAT	g2
CACTGGGGTGTCCTAA	g2
CACTGGGGTTGCGGAA	g8
CACTGGGTCTTAAGGC	g2
CACTGTCAGAGCCGAT	g0
CACTGTCAGATGACCG	g0
CACTGTCAGCGAGTAC	g2
CACTGTCAGGATGAGA	g2
CACTGTCAGGCTCACC	g2
CACTGTCAGTGAATAC	g0
CACTGTCAGTTGTAGA	g4
CACTGTCCAAACTAAG	g4
CACTGTCCAAATGCTC	g7
CACTGTCCAAGCGATG	g2
CACTGTCGTAAGCGGT	g7
CACTGTCGTCGTGCCA	g5
CACTGTCGTTCACCGG	g2
CACTGTCTCAGACCTA	g7
CACTGTCTCCAAACCA	g4
CACTGTCTCCGTTGGG	g7
CACTTCGAGCTCTTCC	g2
CACTTCGCAAAGGGTC	g2
CACTTCGCAACTGCCG	g0
CACTTCGCAAGAGTGC	g8
CACTTCGCACATTCTT	g2
CACTTCGGTGAATAAC	g0
CACTTCGGTGGAGAAA	g2
CACTTCGGTGTCCTAA	g0
CACTTCGGTTCCGCGA	g7
CACTTCGGTTTACGTG	g8
CACTTCGTCATTTCCA	g2
CACTTCGTCGTAGAGG	g2
CAGAGCCAGGTCATAA	g4
CAGAGCCAGTCCCTAA	g8
CAGAGCCCAAACCGGA	g2
CAGAGCCCAAGCCCAC	g4
CAGAGCCCAAGCGCAA	g0
CAGAGCCCACCGGTCA	g0
CAGAGCCGTATGCGTT	g8
CAGAGCCGTCGAGTGA	g2
CAGAGCCGTTCTGACA	g0
CAGAGCCGTTGTGGAG	g0
CAGAGCCTCAAACCTG	g7
CAGAGCCTCGCGGACT	g4
CAGAGCCTCTGCGGCA	g2
CAGAGCCTCTTCGATT	g2
CAGATACAGAGCAGCT	g2
CAGATACAGCAGGCTA	g7
CAGATACAGCGACTGA	g7
CAGATACGTGAAGCGT	g4
CAGATACGTTATGTCG	g0
CAGATACTCATACGGT	g2
CAGATACTCGTTGCCT	g1
CAGATCAAGAGCATAT	g0
CAGATCAAGCTGCCTG	g0
CAGATCAAGTATCCTG	g4
CAGATCACAGTATTCG	g2
CAGATCACATCCAACA	g7
CAGATCAGTAACAGTA	g0
CAGATCAGTATAGCTC	g0
CAGATCATCAAGGTGG	g2
CAGATCATCTGGCCTT	g8
CAGATTGAGCCACAAG	g0
CAGATTGAGCTAGCCC	g3
CAGATTGCAAGGCCTC	g2
CAGATTGCATGGATCT	g2
CAGATTGGTCTCTCAC	g0
CAGATTGGTGCCGAAA	g0
CAGCAATCACAAGCCC	g0
CAGCAATGTAGATCGG	g4
CAGCAATGTCGTGTTA	g0
CAGCAATGTGAGATCG	g3
CAGCAATGTTCGGCGT	g0
CAGCAATGTTGTGTTG	g0
CAGCACGAGATCGCTT	g3
CAGCACGAGATGACCG	g7
CAGCACGAGCAGAAAG	g4
CAGCACGAGCGAGAAA	g0
CAGCACGAGGGATCAC	g2
CAGCACGAGTCCGTCG	g3
CAGCACGAGTCTGCAT	g2
CAGCACGCAAAGGAGA	g0
CAGCACGCAGTCGAGA	g0
CAGCACGGTCAAAGTA	g2
CAGCACGGTGTGTGGA	g7
CAGCACGGTTAGAGAT	g2
CAGCACGTCACTGTTT	g0
CAGCACGTCAGTGTGT	g0
CAGCACGTCATGGAGG	g0
CAGCACGTCCGTAATG	g4
CAGCACGTCGAATGCT	g2
CAGCACGTCGTAGTGT	g6
CAGCACGTCTCAGAAC	g6
CAGCACGTCTCAGTCC	g2
CAGCAGCAGGCCCAAA	g2
CAGCAGCAGGTATCTC	g0
CAGCAGCAGTGTAGAT	g4
CAGCAGCAGTTGGCGA	g2
CAGCAGCCAATGCAAA	g2
CAGCAGCCACATACTG	g4
CAGCAGCCAGCTTTGA	g0
CAGCAGCGTAGTACGG	g8
CAGCAGCGTATGATCC	g2
CAGCAGCGTCGCTTAA	g7
CAGCAGCTCACTGCTC	g6
CAGCAGCTCAGGCGAA	g0
CAGCAGCTCCGAGGCT	g1
CAGCAGCTCGGTCGGT	g7
CAGCAGCTCGTTGCCT	g2
CAGCAGCTCTATTCGT	g8
CAGCCAGCAATGACCT	g4
CAGCCAGCACAGACGA	g7
CAGCCAGCATATGAAG	g0
CAGCCAGGTACTCAAC	g4
CAGCCAGGTCGTTGCG	g5
CAGCCAGGTTACACAC	g8
CAGCCAGTCATCAGTG	g4
CAGCCAGTCGCTAGCG	g2
CAGCCAGTCTCTCGAC	g2
CAGCGTGAGAATAACC	g1
CAGCGTGAGACATGCG	g4
CAGCGTGAGCTGACCC	g0
CAGCGTGAGGGCTTCC	g2
CAGCGTGAGGTAGTCG	g2
CAGCGTGAGTCATCCA	g0
CAGCGTGCACTACCCT	g4
CAGCGTGCAGCAGATG	g8
CAGCGTGCATATGCGT	g7
CAGCGTGGTAACAGGC	g7
CAGCGTGGTACCTGTA	g7
CAGCGTGGTAGCTAAA	g4
CAGCGTGGTGAACTAA	g2
CAGCGTGGTGAGATTA	g8
CAGCGTGGTGGATACG	g0
CAGCGTGGTGGGTATG	g3
CAGCGTGTCGGCATTA	g8
CAGCGTGTCGTCCATC	g7
CAGCGTGTCTACAGGT	g2
CAGGCCAAGACTCCGC	g0
CAGGCCAAGCAGTAAT	g4
CAGGCCAAGCCTCAGC	g1
CAGGCCAAGTAAAGCT	g2
CAGGCCAAGTTACTCG	g0
CAGGCCACACGACTAT	g2
CAGGCCACAGCTACTA	g8
CAGGCCAGTCTTGTCC	g4
CAGGCCAGTGACACGA	g0
CAGGCCAGTTGGCCTG	g0
CAGGCCAGTTGTTGTG	g3
CAGGCCATCCACGAAT	g0
CAGGCCATCGTCCATC	g9
CAGGCCATCTCAACCC	g4
CAGGCCATCTGCGAGC	g2
CAGGGCTAGTTCCAGT	g0
CAGGGCTCAAGTGCTT	g10
CAGGGCTCAAGTGGGT	g0
CAGGGCTCACTTCTCG	g2
CAGGGCTCATGTGCCG	g7
CAGGGCTCATTGAGCT	g7
CAGGGCTGTAGTGTGG	g7
CAGGGCTGTATGGGAC	g0
CAGGGCTGTGTGCCTG	g7
CAGGGCTTCCGATTAG	g4
CAGGGCTTCCTGTAGA	g4
CAGGGCTTCGGACTTA	g0
CAGGGCTTCGTTCTCG	g0
CAGGGCTTCTATCCAT	g0
CAGGTATAGTGCAACG	g2
CAGGTATCAAACCACT	g4
CAGGTATCAACTAGAA	g2
CAGGTATCATCCGAGC	g0
CAGGTATGTAAGGAGA	g7
CAGGTATGTCATTCCC	g2
CAGGTATGTTAGGCTT	g0
CAGGTATTCAGAGCAG	g1
CAGGTATTCATTTACC	g2
CAGGTATTCGCCTTTG	g7
CAGGTATTCTAGTGTG	g2
CAGGTATTCTTAATCC	g0
CAGTGCGAGACATACA	g2
CAGTGCGAGCACTCGC	g3
CAGTGCGAGGCCTTGC	g0
CAGTGCGAGTCCCTAA	g6
CAGTGCGAGTCGAAGC	g2
CAGTGCGCATCGCCTT	g3
CAGTGCGGTAGTGGCA	g8
CAGTGCGGTCAGGCAA	g7
CAGTGCGGTTAAGGAT	g0
CAGTGCGGTTAGAAGT	g0
CAGTGCGTCAACTGAC	g0
CAGTGCGTCAAGTCGT	g4
CAGTGCGTCAGTGCGC	g4
CAGTTAGAGACCGTTT	g0
CAGTTAGAGAGCCGAT	g0
CAGTTAGCAGACCGCT	g0
CAGTTAGGTACAGTTC	g0
CAGTTAGGTAGCTGAG	g4
CAGTTAGGTCGAGATG	g8
CAGTTAGGTTGTCTAG	g0
CAGTTAGGTTTCACAG	g5
CAGTTAGTCACCTCTG	g1
CAGTTAGTCAGGGATG	g2
CAGTTAGTCCCTATTA	g0
CAGTTAGTCCGTATAG	g0
CAGTTAGTCGGTTAGT	g3
CAGTTCCAGAGGATCC	g4
CAGTTCCAGCGTCGAA	g2
CAGTTCCAGGAGGCAG	g2
CAGTTCCCAGACCAGA	g0
CAGTTCCCAGTCGGTC	g2
CAGTTCCCATGGAGAC	g7
CAGTTCCGTAGTAAGT	g2
CAGTTCCGTCCAAATC	g2
CAGTTCCGTGCGTGCT	g2
CAGTTCCGTTATCTTC	g2
CAGTTCCTCCGTATGA	g9
CAGTTCCTCGCTCTAC	g1
CAGTTCCTCTAGGAAA	g0
CATAAGCAGCATCAGG	g0
CATAAGCAGGAACTAT	g2
CATAAGCAGGTCGTGA	g8
CATAAGCCAGTGGGTA	g2
CATAAGCCATGACAGG	g1
CATAAGCGTACAGCGA	g4
CATAAGCGTAGACTGG	g0
CATAAGCGTAGTGCGA	g6
CATAAGCGTTACTCAG	g7
CATAAGCGTTCCGTTC	g0
CATAAGCGTTGTGGAG	g0
CATAAGCTCAGAGCAG	g2
CATAAGCTCCAGCCTT	g0
CATACAGAGATTGAGT	g0
CATACAGCAACACTAC	g8
CATACAGCACACGGTC	g2
CATACAGCACTAGGCC	g7
CATACAGCAGCAAGAC	g4
CATACAGCAGGTTTAC	g2
CATACAGCAGTTTGGT	g6
CATACAGGTACTCGTA	g8
CATACAGGTGGCTTAT	g2
CATACAGGTTCGGCGT	g4
CATACAGGTTTCCCAC	g0
CATACAGTCAAGTGGG	g4
CATACAGTCGAGCCAC	g4
CATACAGTCGTCGACG	g4
CATACCCAGTTGTAAG	g4
CATACCCCACCAGCCA	g2
CATACCCCAGTGAGCA	g0
CATACCCCATAGCTGT	g4
CATACCCCATTGTCGA	g2
CATACCCGTACCTGTA	g0
CATACCCGTGACGCCT	g2
CATACCCGTTGGGCCT	g7
CATACCCTCAAGCCTA	g2
CATACCCTCATCTGTT	g4
CATACTTAGTACGTCT	g2
CATACTTCAACTCCAA	g2
CATACTTCAGGCTTGC	g0
CATACTTGTAGTATAG	g0
CATACTTGTCTCTCCA	g2
CATACTTGTGAAGCTG	g3
CATAGACAGAGGCCAT	g7
CATAGACAGAGTCGAC	g7
CATAGACCAAGACAAT	g0
CATAGACCACAAACGG	g3
CATAGACGTAGTATAG	g6
CATAGACGTGCCCTTT	g2
CATAGACTCAACCGAT	g4
CATAGACTCGGTGTAT	g0
CATCAAGAGAAACCAT	g4
CATCAAGAGCGACTGA	g2
CATCAAGAGGTAGACC	g2
CATCAAGAGTGGTGAC	g4
CATCAAGCAAACCGGA	g2
CATCAAGCAAGCGCAA	g7
CATCAAGCATGGTACT	g0
CATCAAGGTAATCAAG	g9
CATCAAGGTATCCTTT	g4
CATCAAGGTCGTTTCC	g8
CATCAAGGTGCCGTTG	g0
CATCAAGGTGTTCGAT	g5
CATCAAGTCCCAACTC	g0
CATCAAGTCGCGAAGA	g4
CATCCACAGCATGAAT	g0
CATCCACAGGATATGT	g0
CATCCACCAAGAAACT	g0
CATCCACCAATGCAGG	g2
CATCCACGTAAGGTCG	g4
CATCCACGTGTAACGG	g8
CATCCACGTTCAGCTA	g2
CATCCACTCACAAGAA	g4
CATCCACTCAGGACAG	g0
CATCCACTCTCTTCAA	g4
CATCCCAAGAGGGTCT	g8
CATCCCAAGGGAGGCA	g0
CATCCCAAGTTGGGAC	g4
CATCCCACAGAGTAAT	g2
CATCCCAGTAGCGATG	g4
CATCCCAGTATCGAGG	g2
CATCCCAGTCTGTGAT	g4
CATCCCAGTGAGATTA	g0
CATCCCAGTTGCCGAC	g2
CATCCCATCAGCTGAT	g0
CATCCCATCCACCTGT	g0
CATCCCATCCATCTCG	g2
CATCCCATCGCTCATC	g2
CATCCCATCGGAATGG	g0
CATCCCATCTTAGGAC	g8
CATCCGTAGAAGCCTG	g1
CATCCGTAGGCCCAAA	g1
CATCCGTAGGTCATAA	g8
CATCCGTAGTGTAGAT	g9
CATCCGTGTCCAGCGT	g7
CATCCGTGTTCCAGGC	g7
CATCCGTTCTCTCGAC	g0
CATCCGTTCTGGTTGA	g2
CATCGCTAGTCTTCGA	g0
CATCGCTCAACGCATT	g4
CATCGCTCAAGCCATT	g7
CATCGCTCACACTGGC	g2
CATCGCTCACGGGTAA	g4
CATCGCTCAGTTTCAG	g2
CATCGCTGTAGAATAC	g2
CATCGCTGTCCGGATC	g0
CATCGCTGTGATAGAT	g0
CATCGCTGTTCCACGG	g0
CATCGCTTCAACTACG	g0
CATCGGGAGGTCACAG	g2
CATCGGGAGTTACGAA	g4
CATCGGGAGTTGTAGA	g6
CATCGGGCAAAGCTCT	g0
CATCGGGCAATTCACG	g0
CATCGGGCACAGGATG	g4
CATCGGGCACGAAGAC	g2
CATCGGGCACGTCGTG	g6
CATCGGGCAGAGTTGG	g7
CATCGGGCATCAGCAT	g2
CATCGGGTCCATTGGA	g8
CATCGGGTCGTGCACG	g0
CATCGTCAGAAGGATG	g2
CATCGTCAGCGATCGA	g0
CATCGTCAGGTGAGAA	g6
CATCGTCAGGTTGGAC	g4
CATCGTCCAACGATCT	g0
CATCGTCCAAGTGACG	g2
CATCGTCCACCACATA	g2
CATCGTCCAGAGTTGG	g0
CATCGTCCATACGCAT	g7
CATCGTCGTAACTTCG	g0
CATCGTCGTCCCACGA	g0
CATCGTCGTCCCTAAA	g4
CATCGTCGTGTTTGCA	g10
CATCGTCTCAGCTGTA	g4
CATCGTCTCTTTCCGG	g0
CATGAGTAGAGCACTG	g9
CATGAGTAGGATTTCC	g8
CATGAGTAGGTGTGAC	g0
CATGAGTAGTGTTGTC	g2
CATGAGTAGTTGTACC	g0
CATGAGTCAACCCTAA	g0
CATGAGTCATAGATCC	g4
CATGAGTGTACAAAGT	g0
CATGAGTTCTTTGGAG	g8
CATGCAAAGCAGGCAT	g0
CATGCAACACGCCACA	g7
CATGCAACATGCCGGT	g2
CATGCAAGTGAACCGA	g4
CATGCAAGTGCGAACA	g2
CATGCAATCACTTTGT	g2
CATGCAATCATTCCTA	g2
CATGCAATCCTCTAAT	g2
CATGCAATCGACCAAT	g0
CATGCAATCTATCACT	g2
CATGCCTAGACAACTA	g0
CATGCCTAGGACGGAG	g0
CATGCCTAGGAGACCT	g4
CATGCCTAGGAGTACC	g4
CATGCCTAGTCCTACA	g3
CATGCCTCAACACGTT	g0
CATGCCTCAAGGGTCA	g0
CATGCCTCACTGCGTG	g2
CATGCCTCAGCGTGCT	g0
CATGCCTCAGCGTTGC	g2
CATGCCTGTAACATAG	g3
CATGCCTGTCATCGCG	g2
CATGCCTGTGGCTTAT	g7
CATGCCTGTGTCATCA	g7
CATGCCTTCAGAGTTC	g7
CATGCCTTCGTTGTGA	g0
CATGCCTTCTCATAGG	g9
CATGCGGAGATTTGCC	g2
CATGCGGAGCATGAAT	g8
CATGCGGAGCCTCGTG	g1
CATGCGGAGCCTGTGC	g0
CATGCGGAGTATGGAT	g0
CATGCGGCAAGACCTT	g2
CATGCGGCAAGTGGCA	g2
CATGCGGCAATACGCT	g8
CATGCGGCAGGAGACT	g3
CATGCGGCATAGAGGC	g2
CATGCGGCATATCTGG	g0
CATGCGGGTAACAGGC	g1
CATGCGGGTAAGCTCT	g9
CATGCGGGTCATAGTC	g4
CATGCGGGTCATCAGT	g0
CATGCGGGTGCAGGAT	g7
CATGCGGGTGGCACTC	g2
CATGCGGTCTCCTGAC	g0
CATGCGGTCTCTTCAA	g0
CATGCGGTCTGAGTCA	g2
CATGCGGTCTGGGCAC	g7
CATGCTCAGCTTTGTG	g4
CATGCTCAGGCAGTCA	g0
CATGCTCAGGGTTAAT	g4
CATGCTCCAGAGTTGG	g2
CATGCTCGTATATGGA	g8
CATGCTCGTCCAGCCA	g2
CATGCTCGTGCGTTTA	g2
CATGCTCGTGGGACAT	g4
CATGCTCTCAAACGTC	g8
CATGCTCTCAGCGGAA	g7
CATGCTCTCGCCAGTG	g7
CATGCTCTCTGTCTCG	g2
CATGGATAGACTTGTC	g0
CATGGATAGCGAAACC	g3
CATGGATAGGATGAGA	g7
CATGGATAGGTCTGGA	g3
CATGGATAGTCGTTAC	g0
CATGGATCAACGTTAC	g4
CATGGATGTAGCGAGT	g2
CATGGATGTCCACATA	g7
CATGGATGTCGCATGC	g4
CATGGATGTGGATCGA	g0
CATGGATTCAGGTAAA	g9
CATGGATTCATTTGGG	g7
CATGGATTCGCGTAGC	g7
CATGGATTCTTGATTC	g2
CATGGTAAGAAATGGG	g3
CATGGTAAGAATCGAT	g0
CATGGTAAGACCATTC	g0
CATGGTAAGTAACCGG	g0
CATGGTACACAAGCTT	g7
CATGGTACACAGCCAC	g0
CATGGTACAGGATCTT	g2
CATGGTACAGGCGAAT	g0
CATGGTACATCATTTC	g2
CATGGTACATGACGTT	g0
CATGGTAGTAAGAACT	g0
CATGGTATCACGGGAA	g6
CATGGTATCCATAAGC	g2
CATGGTATCCTCTAAT	g4
CATGGTATCGCCTATC	g2
CATTCATAGAGGCTGT	g2
CATTCATAGATAGTCA	g8
CATTCATAGGCACTCC	g7
CATTCATAGGGTAATT	g0
CATTCATAGTCATGGG	g7
CATTCATCAAGCCTGC	g0
CATTCATCAATCACGT	g0
CATTCATCACATTGTG	g0
CATTCATCATTGAGCT	g2
CATTCATGTGAGACGT	g0
CATTCATGTGTCATCA	g0
CATTCATGTTAAACCC	g4
CATTCATGTTAAAGTG	g0
CATTCATTCCGCCTAT	g0
CATTCATTCCTGGGTG	g3
CATTCATTCTACGGTA	g7
CATTCCGAGACGCTCC	g1
CATTCCGAGATGTAGT	g0
CATTCCGAGATTAGTG	g3
CATTCCGAGGTGCTAG	g2
CATTCCGAGTAGACAT	g8
CATTCCGCAACGCCCA	g2
CATTCCGCAGAGAAAG	g0
CATTCCGCAGCGACCT	g0
CATTCCGCATTGACTG	g0
CATTCCGGTCCAAGAG	g0
CATTCCGGTGCCTGAC	g0
CATTCCGGTTTCCAAG	g0
CATTCCGTCAACTGAC	g4
CATTCCGTCAGAGCAG	g0
CATTCCGTCCCTCTTT	g2
CATTCCGTCTAGGCAT	g4
CATTCTAAGGCGATAC	g2
CATTCTAAGTTTAGGA	g1
CATTCTACAAGAGGCT	g3
CATTCTACAAGGATGC	g2
CATTCTACACCCAAGC	g2
CATTCTACACGCCACA	g4
CATTCTACACTACCCT	g2
CATTCTACAGGAGGTT	g4
CATTCTACAGTGCCTG	g4
CATTCTACAGTTCACA	g0
CATTCTAGTTGGAGGT	g4
CATTCTATCATTTGTC	g0
CATTGAGAGAGGCGTT	g2
CATTGAGAGCGTGTCC	g0
CATTGAGAGTGAGGCT	g2
CATTGAGCACCAGCGT	g0
CATTGAGCAGGGTCTC	g4
CATTGAGCATTGACTG	g0
CATTGAGGTCCACGCA	g8
CATTGAGGTGAATGAT	g2
CATTGAGTCCTCAGGG	g6
CATTGAGTCTGGGTCG	g7
CATTGCCAGACATATG	g0
CATTGCCAGAGAGGTA	g8
CATTGCCAGCTAAGTA	g0
CATTGCCAGGTACAAT	g9
CATTGCCAGTTGAAAC	g7
CATTGCCCAAGACTGG	g0
CATTGCCCAATCAGCT	g0
CATTGCCCAGAACTCT	g2
CATTGCCGTATGAGAT	g0
CATTGCCGTCGACGCT	g6
CATTGCCTCACTTGTT	g0
CATTGCCTCCATTGGA	g5
CATTGCCTCCTGTAAG	g2
CATTGCCTCGTTTACT	g2
CATTGCCTCTACTTCA	g4
CATTGTTAGAGGGTAA	g6
CATTGTTAGAGGTATT	g8
CATTGTTCAGAATGTA	g0
CATTGTTCATACAGAA	g9
CATTGTTCATGAGATA	g0
CATTGTTGTTGCTAGT	g4
CATTGTTGTTGGCTAT	g2
CATTGTTTCCCGTTCA	g1
CATTTCAAGAGCACTG	g0
CATTTCAAGTTGCTCA	g7
CATTTCACACACACTA	g2
CATTTCACACATACTG	g2
CATTTCACACGATTCA	g8
CATTTCAGTACCCACG	g2
CATTTCAGTCTCGGAC	g0
CATTTCAGTGCACATT	g7
CATTTCAGTTGTATGC	g2
CATTTCAGTTTGCCGG	g7
CATTTCATCGCTAGCG	g7
CATTTCATCGTTTACT	g2
CATTTCATCTGACCCT	g7
CCAAGCGAGATTGAGT	g7
CCAAGCGAGGACAACC	g2
CCAAGCGAGTTGGCGA	g7
CCAAGCGCAAATTAGG	g2
CCAAGCGCACTAGAGG	g4
CCAAGCGGTAATGCGG	g6
CCAAGCGGTATCTCTT	g4
CCAAGCGGTTAAGAAC	g2
CCAAGCGTCAGACAAA	g0
CCAAGCGTCAGTGTCA	g8
CCAATGAAGACCAGCA	g0
CCAATGAAGACTCATC	g0
CCAATGACAACAAGAT	g0
CCAATGACACCACTGG	g2
CCAATGACAGTCACGC	g0
CCAATGAGTCGGAACA	g0
CCAATGAGTGACAACG	g2
CCAATGAGTTGTGGAG	g2
CCAATGATCGGTGTAT	g0
CCAATTTAGCTGCCTG	g4
CCAATTTAGGGTTAGC	g0
CCAATTTCAATGTCAC	g0
CCAATTTCACGACGTC	g4
CCAATTTGTATCAGCT	g2
CCAATTTGTCAGCTTA	g2
CCAATTTGTCTAGGCC	g0
CCAATTTGTGCCCAGT	g2
CCAATTTGTTGCATTG	g2
CCAATTTTCACGGAGA	g7
CCAATTTTCCATGCAA	g4
CCAATTTTCCTCAGGG	g4
CCAATTTTCGTTAGTG	g2
CCACAAAAGATGAATC	g2
CCACAAAAGATTAGAC	g0
CCACAAAAGCCGATCC	g2
CCACAAAAGCCTAACT	g4
CCACAAAAGCGTCTCG	g5
CCACAAACAAAGGTTA	g4
CCACAAACACATTACG	g8
CCACAAACACATTCTT	g0
CCACAAACACGTACAT	g0
CCACAAACATCTCAAG	g0
CCACAAAGTAAGCTCT	g2
CCACAAAGTACGCTAT	g7
CCACAAAGTCCTTTGC	g0
CCACAAAGTGGTGATG	g3
CCACAAAGTTGTGTAC	g0
CCACAAATCCAGCACG	g0
CCACAAATCCTAAGTG	g2
CCACAAATCGTTCCCA	g0
CCACACTAGACTTCAC	g0
CCACACTAGAGGGTCT	g3
CCACACTAGAGGTCGT	g2
CCACACTAGTTCATCG	g6
CCACACTCACCCAAGC	g3
CCACACTCACTAGGTT	g2
CCACACTGTCTGATCA	g0
CCACACTGTTATGACC	g0
CCACACTTCACCTACC	g0
CCACACTTCCCATTTA	g2
CCACACTTCTAGCCAA	g8
CCACACTTCTGTAACG	g2
CCACACTTCTGTGCAA	g0
CCACCATAGAAGCGGG	g2
CCACCATAGACGCTCC	g4
CCACCATAGCCTTTGA	g0
CCACCATAGCTTTCCC	g2
CCACCATAGTCAGGGT	g4
CCACCATCAAATGAAC	g2
CCACCATCAGAATGTA	g0
CCACCATCAGTGCGCT	g0
CCACCATCAGTGGGTA	g2
CCACCATCATTCATCT	g2
CCACCATGTCAAGGCA	g2
CCACCATGTCCTGTCT	g4
CCACCATGTGGACAGT	g7
CCACCATTCAGGCGAA	g4
CCACCATTCATCACTT	g4
CCACCATTCCCGAGTG	g7
CCACGAGAGAGTTCGG	g2
CCACGAGAGCGCTTCG	g2
CCACGAGAGTCGGCAA	g4
CCACGAGCAATGGCCC	g2
CCACGAGCAGAGTAAT	g2
CCACGAGCAGCCCACA	g7
CCACGAGCAGGGAATC	g2
CCACGAGGTGAAAGTT	g0
CCACGAGGTGAGATCG	g2
CCACGAGTCATGCCGG	g2
CCACGAGTCGGTGAAG	g2
CCACGAGTCTCGACGG	g0
CCACGAGTCTTTGCGC	g0
CCACGTTAGCAATTAG	g2
CCACGTTAGGGATCAC	g4
CCACGTTAGGTCCGAA	g4
CCACGTTAGTTTCAGC	g0
CCACGTTCACCAAATC	g4
CCACGTTCAGTCCCGA	g7
CCACGTTCAGTCGAGA	g0
CCACGTTCAGTGTGCC	g8
CCACGTTCATCCTTCG	g7
CCACGTTGTGGCCACT	g0
CCACGTTGTGGTACAG	g2
CCACGTTGTTTCGTAG	g7
CCACGTTTCATCGCCT	g1
CCACGTTTCCAGTTCC	g6
CCACGTTTCGAGTGAG	g8
CCACGTTTCGCTTAAG	g0
CCACGTTTCGTAACAC	g7
CCACTTGAGAGGACTC	g5
CCACTTGAGTCTCGTA	g2
CCACTTGCAAACTAGA	g7
CCACTTGCAGTAGAAT	g2
CCACTTGCATCGTTCC	g2
CCACTTGCATGGCCCA	g0
CCACTTGGTAGTCCTA	g2
CCACTTGTCACACGAT	g4
CCACTTGTCATGGATC	g3
CCACTTGTCTTAGCCC	g3
CCACTTGTCTTCGTAT	g2
CCATAAGCACTGAATC	g7
CCATAAGCAGGTGTGA	g0
CCATAAGGTAACGATA	g2
CCATAAGGTGGAAATT	g4
CCATAAGGTGGAAGTC	g3
CCATAAGGTGTAGGAC	g0
CCATAAGGTTAAACAG	g0
CCATAAGGTTCCTTGC	g7
CCATAAGTCAAGGTGG	g0
CCATAAGTCATCGTAG	g7
CCATAAGTCGCAATGT	g0
CCATAAGTCGCATTAG	g2
CCATCACAGAACCCGA	g8
CCATCACAGACCTGGA	g2
CCATCACAGTCTCCTC	g0
CCATCACCACGTATAC	g0
CCATCACCACGTCGTG	g0
CCATCACCATGATGCT	g2
CCATCACGTAGAGACC	g6
CCATCACGTATCAGCT	g3
CCATCACGTATCGAGG	g0
CCATCACGTCGTTGGC	g0
CCATCACGTGGAACCA	g0
CCATCACGTTGCGGCT	g0
CCATCACTCAGACAAA	g0
CCATCACTCCACCTGT	g0
CCATCACTCCGCGGAT	g7
CCATCACTCCTTATGT	g0
CCCAACTAGAGTCACG	g0
CCCAACTGTCATCGCG	g0
CCCAACTGTCGTTGGC	g4
CCCAACTGTTTACTGG	g4
CCCAACTTCACAATGC	g2
CCCAACTTCCACAGCG	g2
CCCAACTTCCTCTTTC	g4
CCCATTGAGGTCATCT	g0
CCCATTGAGTAGGGTC	g0
CCCATTGAGTCACGAG	g4
CCCATTGAGTTAACGA	g2
CCCATTGCAGCTGCCA	g2
CCCATTGCAGGCGATA	g0
CCCATTGGTGTGCTTA	g0
CCCATTGTCGTCCTTG	g4
CCCGAAGAGCTACTGT	g0
CCCGAAGAGCTTTGTG	g2
CCCGAAGAGTGCTAGG	g2
CCCGAAGCACCCTCTA	g3
CCCGAAGGTTAGGGTG	g4
CCCGAAGTCACTGGGC	g2
CCCGAAGTCCCTTGGT	g8
CCCGAAGTCCCTTGTG	g0
CCCGGAAAGCGTTAGG	g0
CCCGGAAAGGAACGTC	g0
CCCGGAAAGGCTCCCA	g7
CCCGGAACAGAACCGA	g4
CCCGGAACAGACATCT	g2
CCCGGAACAGACCTGC	g2
CCCGGAACAGTTTCAG	g7
CCCGGAACATGTGACT	g1
CCCGGAAGTATCTTCT	g2
CCCGGAAGTCCAAGAG	g0
CCCGGAAGTGGTCCCA	g0
CCCGGAATCACCCTGT	g4
CCCGGAATCACGAACT	g9
CCCGGAATCATGGGAG	g1
CCCGGAATCCGTGTGG	g9
CCCGGAATCGCGTGAC	g0
CCCGGAATCTCTGGTC	g4
CCCTAACAGAAACTGT	g0
CCCTAACAGAACTCCT	g0
CCCTAACAGGATGAGA	g4
CCCTAACAGTATGAGT	g7
CCCTAACCAACAACAA	g2
CCCTAACCAAGAAACT	g2
CCCTAACCAAGTAGTA	g0
CCCTAACCACACAGAG	g4
CCCTAACCACCCTTGT	g0
CCCTAACGTACCGGCT	g0
CCCTAACGTCTACACA	g3
CCCTAACGTGCTTATG	g0
CCCTAACGTGGATCAG	g0
CCCTAACGTGTTAACC	g0
CCCTAACGTTACCCTC	g2
CCCTAACGTTATGGTC	g2
CCCTAACTCACAATGC	g0
CCCTAACTCTAGTACG	g2
CCCTCAAAGATGGTCG	g0
CCCTCAAAGTAAGGGA	g4
CCCTCAAAGTCTTCGA	g2
CCCTCAAAGTGTAGTA	g0
CCCTCAACACGTTCGG	g0
CCCTCAACAGGGAGAG	g0
CCCTCAACATCGTGGC	g7
CCCTCAAGTAACATGA	g0
CCCTCAAGTAATGATG	g0
CCCTCAAGTACGTAGG	g2
CCCTCAAGTATGCAAA	g7
CCCTCAAGTTCATCGA	g0
CCCTCAAGTTGTGCCG	g2
CCCTCAATCAGACAAA	g0
CCCTCAATCCCAGGAC	g7
CCCTCAATCGCTACAA	g6
CCCTCAATCTTGGCTC	g0
CCCTCAATCTTTCCAA	g0
CCCTCTCAGAATTGCA	g4
CCCTCTCCAACGACTT	g6
CCCTCTCCACAGCTTA	g4
CCCTCTCCAGGCGATA	g2
CCCTCTCCATCGCTAA	g2
CCCTCTCCATTCTGTT	g2
CCCTCTCGTCCAATCA	g0
CCCTCTCGTTGCATGT	g2
CCCTCTCTCATGGTAC	g4
CCCTCTCTCCCAGGAC	g4
CCCTCTCTCCGAGCTG	g0
CCCTCTCTCGGTAGGA	g3
CCCTGATAGGAACGCT	g2
CCCTGATAGTTCTCTT	g4
CCCTGATCACTCCGGA	g8
CCCTGATCAGCCTACG	g3
CCCTGATGTCATACCA	g2
CCCTGATGTGATCGTT	g6
CCCTGATGTGCGTTTA	g3
CCCTGATGTGTGATGG	g0
CCCTGATGTTGGAGGT	g3
CCCTGATGTTTACTTC	g0
CCCTGATTCGTCAGAT	g7
CCCTTAGAGATTAGTG	g8
CCCTTAGAGGTGCTAG	g8
CCCTTAGCATCTGGGC	g0
CCCTTAGCATTGCAAC	g3
CCCTTAGGTAGCGTTT	g3
CCCTTAGGTCGTACTA	g0
CCCTTAGGTGTCATTG	g7
CCCTTAGGTTAGCGGA	g0
CCCTTAGTCCTCTCTT	g4
CCCTTAGTCTGTACAG	g7
CCGAACGAGACGGAAA	g2
CCGAACGAGACGGTTG	g7
CCGAACGAGACTGGGT	g2
CCGAACGAGGTCTTTG	g7
CCGAACGAGTAAATGC	g3
CCGAACGCACAGCTGC	g0
CCGAACGCAGTAGTGG	g8
CCGAACGCATTCTGTT	g3
CCGAACGGTAGAGTTA	g6
CCGAACGGTTGTGTAC	g0
CCGAACGGTTTACACG	g2
CCGAACGTCAGCTGAT	g3
CCGAACGTCCGTGCGA	g8
CCGAACGTCTACCACC	g2
CCGATCTAGGAAAGTG	g3
CCGATCTAGTACTGGG	g0
CCGATCTCAACTTGCA	g4
CCGATCTCACCAGCGT	g2
CCGATCTGTGGCGCTT	g0
CCGATCTTCACCTTAT	g7
CCGATCTTCGTCACCT	g7
CCGATGGAGAGGATGA	g0
CCGATGGAGAGGGTGG	g2
CCGATGGAGCAAGTCG	g2
CCGATGGAGCTAGAGC	g4
CCGATGGCAAGCTGTT	g2
CCGATGGCAATCGCCG	g4
CCGATGGCACAAGGTG	g2
CCGATGGGTCTTACTT	g0
CCGATGGGTGACAACG	g2
CCGATGGGTGAGCTCC	g2
CCGATGGGTGCGGTAA	g0
CCGATGGTCAGCGGAA	g0
CCGATGGTCGCGATCG	g2
CCGCAAGAGGCCACTC	g0
CCGCAAGCAGTTGTTG	g2
CCGCAAGGTACAAAGT	g7
CCGCAAGGTACCCACG	g2
CCGCAAGGTCAAGCGA	g0
CCGCAAGGTGCCCGTA	g4
CCGCAAGGTTATCCAG	g4
CCGCAAGTCACCTCAC	g8
CCGCAAGTCAGCCTTC	g2
CCGCAAGTCAGGACGA	g4
CCGCAAGTCCTTATAC	g8
CCGCAAGTCGGATTAC	g2
CCGCAAGTCGGCCCAA	g0
CCGCAAGTCTGTCCGT	g7
CCGGACAAGCAGAAAG	g0
CCGGACACAAATTGGA	g0
CCGGACACAAGGCTTT	g8
CCGGACACACAGTGTT	g2
CCGGACAGTCCTTTGC	g3
CCGGACAGTCGATTAC	g6
CCGGACAGTGACCGAA	g2
CCGGACAGTGATACAA	g0
CCGGACAGTTGTAAAG	g0
CCGGACATCTACGGGC	g2
CCGGGTAAGCGACATG	g2
CCGGGTAAGGGTTTCT	g4
CCGGGTACATGTGCCG	g0
CCGGGTAGTAGCTGCC	g0
CCGGGTATCACCTGGG	g1
CCGGGTATCGTGCGAC	g3
CCGGTAGAGCTACAAA	g2
CCGGTAGAGGGTTTCT	g4
CCGGTAGAGTAGGAAG	g0
CCGGTAGAGTTCGCAT	g0
CCGGTAGGTCTAGATC	g3
CCGGTAGGTTATGTGC	g1
CCGGTAGGTTTGAACC	g7
CCGGTAGTCACGACTA	g3
CCGGTAGTCCCGATCT	g7
CCGGTAGTCCGGACTG	g2
CCGGTAGTCGGTTCAA	g7
CCGGTGAAGGGAGATA	g0
CCGGTGACAATTGTGC	g0
CCGGTGACACAGAGCA	g4
CCGGTGACACGTTCGG	g0
CCGGTGACACTGGACC	g2
CCGGTGACATACAGAA	g4
CCGGTGAGTATATGGA	g7
CCGGTGAGTATGTCAC	g9
CCGGTGAGTCGCTTAA	g0
CCGGTGAGTGGGTATG	g0
CCGGTGAGTTAGAGAT	g2
CCGGTGATCGCCATAA	g0
CCGGTGATCGTCGACG	g2
CCGGTGATCTTACTGT	g0
CCGTAGGAGCATGAAT	g0
CCGTAGGAGGTAGCAC	g0
CCGTAGGCACGTAGAG	g7
CCGTAGGCACTGTGAT	g0
CCGTAGGCATAGTCAC	g4
CCGTAGGCATGAAGGC	g2
CCGTAGGGTGACTCGC	g0
CCGTAGGGTTCGCGTG	g0
CCGTAGGTCGGTCACG	g0
CCGTGAGAGGAGCTGT	g4
CCGTGAGAGTCAATCC	g2
CCGTGAGAGTGTCATC	g2
CCGTGAGCAACCACGC	g8
CCGTGAGCACAACCGC	g0
CCGTGAGCACCCTGTT	g2
CCGTGAGCACTCCTGT	g0
CCGTGAGCACTGCGAC	g0
CCGTGAGCAGCTGCCA	g3
CCGTGAGCATAGCTGT	g0
CCGTGAGTCCGACATA	g4
CCGTGAGTCCGAGGCT	g0
CCGTTCACAAGAGCTG	g0
CCGTTCACAGCTACTA	g2
CCGTTCACATTCACAG	g4
CCGTTCAGTCGCATGC	g0
CCGTTCATCATTATCC	g2
CCGTTCATCGTAGTCA	g2
CCTAACCAGATTGATG	g5
CCTAACCAGCCATGCC	g0
CCTAACCAGCCTGGAA	g0
CCTAACCAGCGGGTTA	g1
CCTAACCAGGCCACTC	g2
CCTAACCAGTTCCTGA	g0
CCTAACCCAAGCACCC	g4
CCTAACCCACTGCGAC	g7
CCTAACCCAGCACAGA	g0
CCTAACCCAGTTTCAG	g4
CCTAACCCATGGCTAT	g2
CCTAACCGTCACTCAA	g4
CCTAACCGTGACGCCT	g0
CCTAACCGTTGTCAGT	g2
CCTAACCTCAAGGCTT	g2
CCTAACCTCATGCAGT	g0
CCTAACCTCGACCACG	g0
CCTAACCTCTTTCGAT	g7
CCTAAGAAGCTCTATG	g0
CCTAAGAAGGTCTGGA	g7
CCTAAGACACCTCTAC	g2
CCTAAGACACGCTTAA	g4
CCTAAGACAGCGAACA	g1
CCTAAGACATCGCTAA	g2
CCTAAGAGTAACGGTG	g7
CCTAAGATCCGTGGCA	g3
CCTAAGATCGCTAATG	g5
CCTAAGATCTACTATC	g4
CCTAAGATCTTCCACG	g2
CCTACGTAGCACCTGC	g2
CCTACGTAGCAGCCCT	g4
CCTACGTGTCACTCTC	g0
CCTACGTGTCGGTACC	g2
CCTACGTTCACTCGAA	g2
CCTACGTTCCACGTCT	g0
CCTACGTTCCATTTCA	g2
CCTACGTTCGACGATT	g4
CCTACGTTCGCGGTAC	g4
CCTACGTTCGTAACCA	g2
CCTACGTTCTAGACCA	g2
CCTATCGAGAACTGAT	g4
CCTATCGAGACTAAGT	g2
CCTATCGAGCCACAAG	g8
CCTATCGAGCTCGGCT	g3
CCTATCGAGTCGAGGT	g0
CCTATCGCATCTCAAG	g2
CCTATCGGTACAGCGA	g4
CCTATCGGTACCTAGT	g4
CCTATCGGTTACACAC	g0
CCTATCGGTTGTAGCT	g0
CCTATCGTCAGCAATC	g2
CCTATCGTCGGACCAC	g1
CCTCAACAGCCAAGCA	g3
CCTCAACAGCCGTTAT	g0
CCTCAACAGGGTACGT	g0
CCTCAACCACTATGTG	g2
CCTCAACCAGCGTTTA	g3
CCTCAACCAGGGAGAG	g0
CCTCAACCAGTAGATA	g0
CCTCAACGTGCACATT	g2
CCTCAACGTTGGAGGT	g9
CCTCAACTCACCCTCA	g0
CCTCAACTCGTAGTCA	g2
CCTCAACTCTGGGATT	g4
CCTCACAAGACTCATC	g0
CCTCACAAGTCTTCCC	g2
CCTCACACAAAGGGCT	g1
CCTCACACAACCACAT	g9
CCTCACACAACTGATC	g0
CCTCACACAAGCGATG	g2
CCTCACAGTCCGTACG	g4
CCTCACAGTCGGTGAA	g4
CCTCACATCACCATCC	g0
CCTCACATCACGAGGA	g4
CCTCACATCAGTGTCA	g2
CCTCACATCCATAAGC	g3
CCTCACATCGACGATT	g0
CCTCACATCTGGGCAC	g2
CCTCAGTAGTCTCCTC	g3
CCTCAGTAGTTCACTG	g0
CCTCAGTAGTTGAAGT	g2
CCTCAGTCAAATGGTA	g8
CCTCAGTCACGCAGTC	g0
CCTCAGTCACTACGGC	g4
CCTCAGTCAGAATGTA	g2
CCTCAGTCATCCCGTT	g2
CCTCAGTCATCGGCCA	g0
CCTCAGTGTTACCGTA	g4
CCTCAGTTCAACGTGT	g4
CCTCAGTTCACACCCT	g0
CCTCATGAGAGTCAAT	g7
CCTCATGAGAGTGTTA	g4
CCTCATGAGCCTCAGC	g0
CCTCATGCAATGAAAC	g0
CCTCATGCACAAAGTA	g9
CCTCATGCACAGGATG	g0
CCTCATGCACCTGATA	g2
CCTCATGGTTGCATTG	g2
CCTCATGTCCTGGTCT	g7
CCTCATGTCGTCAAAC	g4
CCTCCAAAGAGAGGTA	g7
CCTCCAAAGGTATAGT	g10
CCTCCAAAGTCCCAAT	g4
CCTCCAAAGTGAGTTA	g0
CCTCCAACAACGTTAC	g0
CCTCCAACAATTTCCT	g2
CCTCCAACACCGTGAC	g0
CCTCCAACATCAGCGC	g0
CCTCCAACATGTTCGA	g2
CCTCCAAGTCCGGTCA	g2
CCTCCAAGTCCTGAAT	g9
CCTCCAAGTTATCTTC	g8
CCTCCAATCCAAACCA	g0
CCTCCAATCGCTCTAC	g0
CCTCCAATCGTGCAGC	g0
CCTCCAATCTACGCGG	g0
CCTCCTCAGCTTGTTG	g4
CCTCCTCAGGGAACAA	g2
CCTCCTCAGTCCTACA	g2
CCTCCTCAGTGTAGTA	g0
CCTCCTCCAACTACGT	g3
CCTCCTCGTACTTGTG	g2
CCTCCTCGTTATAGAG	g0
CCTCCTCGTTGTCTAG	g0
CCTCCTCTCCACATAG	g7
CCTCTAGAGAAGGCTC	g2
CCTCTAGAGATGCCGA	g0
CCTCTAGAGTATAACG	g0
CCTCTAGAGTTGCTCA	g7
CCTCTAGCAACCAGAG	g8
CCTCTAGCAACTACGT	g3
CCTCTAGCAAGACGAC	g4
CCTCTAGCACATTGTG	g2
CCTCTAGCAGGAGGAG	g2
CCTCTAGCAGTCGGTC	g8
CCTCTAGGTCTCCTGT	g4
CCTCTAGGTGGCTCTG	g0
CCTCTAGGTGTTGACT	g0
CCTCTAGTCGTACCTC	g2
CCTCTAGTCTCTATGT	g7
CCTCTCCAGACCGTTT	g4
CCTCTCCAGAGTCCGA	g2
CCTCTCCAGCCTTGAT	g5
CCTCTCCAGCGAACTG	g4
CCTCTCCAGGGATGTC	g7
CCTCTCCAGGTGCTAG	g2
CCTCTCCCAAATGAGT	g0
CCTCTCCCAACTAGAA	g4
CCTCTCCCAATAGAGT	g0
CCTCTCCGTCAGACTT	g2
CCTCTCCGTCGAACAG	g2
CCTCTCCGTGCGGATA	g7
CCTCTCCTCTGAGTCA	g2
CCTGCATAGAAGCGAA	g3
CCTGCATAGAGGTCAC	g4
CCTGCATAGTAGCATA	g7
CCTGCATGTAGCTGCC	g6
CCTGCATTCCCAAGTA	g0
CCTGCATTCCGGTAGC	g0
CCTGCATTCGCGTGCA	g2
CCTGCATTCTCGTGAA	g2
CCTGTTGAGAAGCTCG	g7
CCTGTTGAGACAGCTG	g2
CCTGTTGAGTAGGATT	g7
CCTGTTGAGTATGCAA	g4
CCTGTTGAGTTTAGGA	g0
CCTGTTGCACTGGACC	g0
CCTGTTGCAGCGGTCT	g2
CCTGTTGGTAACTAAG	g0
CCTGTTGGTATGGTTC	g2
CCTGTTGTCACTAGCA	g4
CCTGTTGTCGTAACCA	g4
CCTTCAGCACGCAAAG	g2
CCTTCAGCACTGTCCT	g0
CCTTCAGCAGCCTTCT	g2
CCTTCAGCAGTCAACT	g2
CCTTCAGCATCCGGTG	g0
CCTTCAGGTCGGCACT	g7
CCTTCAGTCATGCGGC	g0
CCTTCAGTCCAGTGCG	g0
CCTTCAGTCGGCTGTG	g7
CCTTCAGTCTTCACAT	g2
CCTTGTGAGAGGCGGA	g2
CCTTGTGAGCTACTGT	g0
CCTTGTGAGCTCTGTA	g0
CCTTGTGAGGCCCGTT	g0
CCTTGTGAGTCTTCCC	g8
CCTTGTGCAGAGCGTA	g2
CCTTGTGCATAGTCGT	g2
CCTTGTGGTACACGCC	g0
CCTTGTGGTATCGATC	g2
CCTTGTGGTATGACAA	g4
CCTTGTGGTGGTGATG	g4
CCTTGTGGTTCATCTT	g4
CCTTGTGGTTCCACAA	g3
CCTTGTGTCACCCTCA	g2
CCTTTGGAGATTAGTG	g2
CCTTTGGAGCCACAAG	g1
CCTTTGGAGCGACTTT	g8
CCTTTGGAGGAACTCG	g7
CCTTTGGAGGAGTATT	g4
CCTTTGGCAAACAGGC	g4
CCTTTGGCAACCGATT	g4
CCTTTGGCACATATGC	g2
CCTTTGGCACTATGTG	g4
CCTTTGGCAGGCTTGC	g0
CCTTTGGGTAACATCC	g3
CCTTTGGGTCGAATTC	g7
CCTTTGGTCACTTGTT	g0
CCTTTGGTCATGTCAG	g2
CCTTTGGTCGTCCTCA	g2
CGAAGGAAGACAACTA	g0
CGAAGGAAGCAACTCT	g0
CGAAGGAAGCATGGGT	g2
CGAAGGAAGCGCTGAA	g0
CGAAGGAAGGGAGAAT	g2
CGAAGGAAGTGCTAGG	g0
CGAAGGACAACTTCTT	g7
CGAAGGACAATCACGT	g3
CGAAGGACACACCTGG	g0
CGAAGGACACAGAGAC	g4
CGAAGGACACGTATAC	g3
CGAAGGACAGTTCACA	g2
CGAAGGAGTAAGATCA	g4
CGAAGGAGTCCAGAAG	g3
CGAAGGAGTGTTATCG	g0
CGAAGGATCGACGATT	g4
CGAAGTTAGGCCCACT	g0
CGAAGTTCAAGATTGA	g2
CGAAGTTCATGGACAG	g2
CGAAGTTGTAGAGACC	g0
CGAAGTTGTATTCCGA	g7
CGAAGTTGTCGCAACC	g4
CGAAGTTGTGGACAGT	g2
CGAAGTTGTGGCTTAT	g0
CGAAGTTTCAACGTGT	g9
CGAATTGAGAAGCTGC	g0
CGAATTGAGCAACTTC	g2
CGAATTGAGGCACGAT	g7
CGAATTGAGGCCTAAG	g0
CGAATTGAGTCATTGC	g2
CGAATTGCACGATAGG	g2
CGAATTGCATAACAGA	g4
CGAATTGCATGATGCT	g2
CGAATTGGTCACTTAG	g2
CGAATTGGTCGCACAC	g7
CGAATTGGTCGTTTCC	g2
CGAATTGGTGTGTGGA	g4
CGAATTGGTTGGATCT	g2
CGAATTGTCACATCAG	g0
CGAATTGTCAGACCTA	g9
CGAATTGTCATTCCTA	g2
CGAATTGTCGGAGCAA	g8
CGAATTGTCTCGTGAA	g2
CGACAGCAGCAACAAT	g0
CGACAGCAGCTACTAC	g0
CGACAGCAGGTAAGAG	g0
CGACAGCAGGTATTGA	g2
CGACAGCAGGTTATAG	g7
CGACAGCCAACAGTGG	g0
CGACAGCCAAGTGCTT	g7
CGACAGCCAGAGTTCT	g0
CGACAGCTCAAGCCTA	g8
CGACAGCTCCACGTGG	g6
CGACAGCTCCCAATAG	g7
CGACAGCTCTGAGGCC	g0
CGACAGCTCTGGGCAC	g4
CGAGAAGAGACCCGCT	g2
CGAGAAGAGATGCTTC	g2
CGAGAAGCAGAGGCTA	g4
CGAGAAGCAGGTAGTG	g8
CGAGAAGCATGTAACC	g7
CGAGAAGGTACTTCCC	g3
CGAGAAGGTCCTGGTG	g0
CGAGAAGGTGTTCGAT	g2
CGAGAAGGTTAATGAG	g0
CGAGAAGGTTCACCGG	g2
CGAGAAGTCACCATGA	g2
CGAGAAGTCCGATAAC	g2
CGAGAAGTCCTCTAGC	g0
CGAGAAGTCGTAGCTA	g6
CGAGGAAAGAAACTCA	g7
CGAGGAAAGACAGCTG	g0
CGAGGAAAGAGTGACC	g2
CGAGGAAAGCCTAGGA	g4
CGAGGAAAGGAGCAAA	g3
CGAGGAAAGGTACTGG	g0
CGAGGAACACCTCTGT	g2
CGAGGAAGTTCGGTTA	g7
CGAGGAATCAAACGAA	g2
CGAGGAATCCTAGCCT	g2
CGAGGAATCGATTGGT	g0
CGAGGAATCTCGACGG	g0
CGAGGCTAGACGATAT	g0
CGAGGCTAGACTGAGC	g3
CGAGGCTAGCACGTCC	g0
CGAGGCTAGCAGCCTC	g8
CGAGGCTAGCGCATCC	g0
CGAGGCTAGGCTCACC	g2
CGAGGCTCAAACAGGC	g0
CGAGGCTCACTCCGAG	g0
CGAGGCTCACTCTCGT	g7
CGAGGCTCAGCAGATG	g7
CGAGGCTCAGCTATAC	g0
CGAGGCTCATGTACGT	g0
CGAGGCTGTACGATCT	g9
CGAGGCTGTCCGTACG	g2
CGAGGCTGTCGGTGAA	g2
CGAGGCTGTGTAAACA	g4
CGAGGCTGTGTAGCAG	g2
CGAGGCTGTTCGAGCC	g2
CGAGGCTTCAACTCTT	g0
CGAGGCTTCCATAGGT	g6
CGAGGCTTCGCCTAGG	g2
CGAGGCTTCGCTGTCT	g2
CGAGGCTTCTGGTTGA	g4
CGAGGCTTCTTGCAAG	g0
CGAGTGCAGCCATATC	g2
CGAGTGCAGGTAAGAG	g2
CGAGTGCCAAGGAGTC	g0
CGAGTGCCACAGTATC	g0
CGAGTGCCACATACTG	g0
CGAGTGCGTAGGCAGT	g2
CGAGTGCGTCAAACGG	g0
CGAGTGCGTCACTACA	g0
CGAGTGCGTCCGGACT	g2
CGAGTGCGTGGTATGG	g0
CGAGTGCGTGTCTAAC	g2
CGAGTGCTCAGACCTA	g2
CGAGTGCTCTCATTTG	g4
CGAGTTAAGCTGGCCT	g2
CGAGTTAAGGGAGTTC	g4
CGAGTTACAAAGAGTT	g0
CGAGTTACACATTGTG	g4
CGAGTTACACCTTCGT	g4
CGAGTTACACTACCCT	g3
CGAGTTACATGGCTGC	g0
CGAGTTACATTAAAGG	g1
CGAGTTAGTGCATTAC	g6
CGAGTTAGTTGGGAAC	g2
CGAGTTAGTTGTGCAT	g4
CGAGTTATCAAGTGTC	g2
CGAGTTATCAGGTGTT	g2
CGAGTTATCATTCATC	g1
CGAGTTATCTGATGGT	g6
CGATCGGAGCGATGCA	g0
CGATCGGAGGCCCGTT	g0
CGATCGGAGGCCGCTT	g9
CGATCGGAGGCTAACG	g2
CGATCGGAGGGTCAAC	g0
CGATCGGAGGTCGAGT	g2
CGATCGGCATCCGTTC	g0
CGATCGGCATCGATCA	g0
CGATCGGGTTTCGATG	g8
CGATCGGTCAGTGTTG	g2
CGATCGGTCATACAGC	g4
CGATCGGTCCGGCAAC	g3
CGATGCGAGCCTTTCC	g4
CGATGCGCACTGAATC	g4
CGATGCGCACTTGTCC	g0
CGATGCGCAGCTTTCC	g7
CGATGCGCATCGGCCA	g2
CGATGCGGTAACACCT	g7
CGATGCGGTTCGTACA	g3
CGATGCGTCATTCATC	g0
CGATGCGTCCACCCTA	g4
CGATGCGTCCTCTCTT	g0
CGATGCGTCGCTCATC	g0
CGATGCGTCTGGGATT	g0
CGATGGCAGATCGGTG	g4
CGATGGCCAAGGACAC	g2
CGATGGCCACCCTTAC	g2
CGATGGCCAGGATCTT	g6
CGATGGCGTCGTGGTC	g0
CGATGGCGTTCGTTCC	g0
CGATGGCGTTGGGATG	g0
CGATGGCTCACTGAAC	g2
CGATGGCTCATGAGTC	g0
CGATGGCTCGAGTCTA	g0
CGATGGCTCGGTAGAG	g8
CGATGGCTCTTCCCGA	g1
CGCAGGTAGCTCTGTA	g0
CGCAGGTCACCAGCCA	g7
CGCAGGTGTCGATTTG	g3
CGCAGGTGTGAATTAG	g0
CGCAGGTGTTGAGGAC	g0
CGCAGGTGTTGTCTAG	g7
CGCAGGTGTTTGCAGT	g2
CGCAGGTTCACCTCTG	g8
CGCAGGTTCGACGATT	g0
CGCAGGTTCTAGACCA	g9
CGCATAAAGCCTCTCT	g0
CGCATAACAAATGAGT	g8
CGCATAACAAGCAGGT	g3
CGCATAACAATTTCCT	g2
CGCATAACAGTTGTTG	g3
CGCATAACATGGCGCT	g0
CGCATAAGTCGTGGTC	g2
CGCATAAGTGGAAGTC	g0
CGCATAAGTGGCTGAA	g1
CGCATAAGTGGGTTGA	g1
CGCATAAGTTTCGGCG	g0
CGCATAATCAGCGCGT	g4
CGCATAATCCGGTTCT	g0
CGCATAATCGCAAGAG	g0
CGCATAATCGCCCAGA	g4
CGCATGGAGCTTCGTA	g4
CGCATGGAGTAGGGTC	g0
CGCATGGCAAAGGGTC	g0
CGCATGGCACAGCGCT	g0
CGCATGGGTATATGGA	g0
CGCATGGGTCAGTCGC	g0
CGCATGGTCTCCGTGT	g2
CGCCAGAAGCAGCGAT	g4
CGCCAGAAGGGTCACA	g2
CGCCAGACATACATCG	g0
CGCCAGAGTCCACACG	g0
CGCCAGAGTCCGTACG	g4
CGCCAGAGTGCATTAC	g0
CGCCAGAGTGGTAATA	g2
CGCCAGATCCAGCTCT	g2
CGCCAGATCCTAAGTG	g4
CGCCAGATCGATCCAA	g0
CGCCAGATCGTTCATT	g4
CGCCAGATCTAGTACG	g2
CGCCAGATCTTGTGCC	g3
CGCCATTAGAATAGTC	g3
CGCCATTAGGAACTCG	g7
CGCCATTAGGACGCAT	g2
CGCCATTAGGCACCAA	g0
CGCCATTAGGCAGCTA	g2
CGCCATTAGGCCCACT	g6
CGCCATTAGTCCTGCG	g0
CGCCATTCACCAGCGT	g0
CGCCATTCACTGTCGG	g0
CGCCATTCACTTCATT	g0
CGCCATTCATATACCG	g2
CGCCATTGTAGATCCT	g2
CGCCATTGTATCACGT	g4
CGCCATTGTCGAGATG	g9
CGCCATTGTCGATGCC	g0
CGCCATTGTGCTGTCG	g4
CGCCATTTCAACTACG	g0
CGCCATTTCACGTCCT	g0
CGCCATTTCGTGGTAT	g5
CGCCATTTCTACACAG	g0
CGCCATTTCTCTTAAC	g0
CGCGTGAAGCCATTGT	g4
CGCGTGAAGCCGAATG	g0
CGCGTGAAGCCTCACG	g8
CGCGTGAAGCCTTCTC	g0
CGCGTGAAGTTCATGC	g0
CGCGTGACAGGCTTGC	g3
CGCGTGAGTCTGTAGT	g4
CGCGTGATCATTCATC	g6
CGCGTGATCGAACGCC	g2
CGGAACCAGAGATGCC	g0
CGGAACCAGAGTAACT	g2
CGGAACCCACCCAACG	g2
CGGAACCCAGCAATTC	g0
CGGAACCCAGTCAGCC	g2
CGGAACCCATAATCCG	g3
CGGAACCGTACCCGCA	g0
CGGAACCGTCGGAACA	g2
CGGAACCGTGAGCTCC	g2
CGGAACCTCAACGCTA	g2
CGGAACCTCATGTCTT	g0
CGGAACCTCATTTGGG	g4
CGGAACCTCCGCATAA	g4
CGGAACCTCGTGGCTG	g0
CGGAATTAGTACGTCT	g7
CGGAATTCAAGCGATG	g0
CGGAATTCACCGTGCA	g4
CGGAATTCACTATCCC	g0
CGGAATTGTACACGCC	g9
CGGAATTGTGGCTTAT	g8
CGGAATTTCTGTCCGT	g2
CGGACACAGGATCATA	g0
CGGACACAGGTCATAA	g2
CGGACACAGTAGGAAG	g7
CGGACACCACATACTG	g8
CGGACACGTATCAGGG	g0
CGGACACGTCCATCTC	g8
CGGACACGTCTGCATA	g2
CGGACACGTTGACTAC	g0
CGGACACTCTCTTGCG	g0
CGGACACTCTGGCCTT	g4
CGGAGAAAGACTAGAT	g7
CGGAGAAAGATCCCGC	g3
CGGAGAAAGCACGATG	g0
CGGAGAACAGGGAGAG	g0
CGGAGAAGTAAGCGGT	g0
CGGAGAAGTCAGTCCG	g0
CGGAGAAGTCTTGAGT	g7
CGGAGAATCACAAGGG	g0
CGGAGAATCACTGTCC	g0
CGGAGAATCATTCGTT	g2
CGGAGAATCCAGCTCT	g2
CGGAGAATCTTCGTGC	g2
CGGAGAATCTTCTTCC	g2
CGGCAGTAGCCGAATG	g9
CGGCAGTAGGCTCTAT	g2
CGGCAGTAGTTTGCTG	g2
CGGCAGTCACCAACAT	g2
CGGCAGTCACCAGCTG	g6
CGGCAGTCACTACGGC	g0
CGGCAGTCAGCGTAGA	g0
CGGCAGTGTCATCCCT	g9
CGGCAGTGTCCCTCAT	g2
CGGCAGTGTGGTCCCA	g2
CGGCAGTGTTCACCGG	g2
CGGCAGTTCAACACGT	g4
CGGGACTAGCCTAACT	g2
CGGGACTAGTTTCAGC	g2
CGGGACTCAACACTAC	g2
CGGGACTCACAATGCT	g0
CGGGACTCATGTAACC	g3
CGGGACTGTAGCGTAG	g4
CGGGACTGTAGGTACG	g2
CGGGACTGTCGAATGG	g2
CGGGACTGTCGTATTG	g0
CGGGACTGTGACATCT	g0
CGGGACTGTTGACTAC	g4
CGGGACTGTTTCCAAG	g4
CGGGACTTCAAGCCTA	g2
CGGGACTTCACGGGCT	g2
CGGGACTTCCAGTGCG	g2
CGGGACTTCTTCCTAA	g2
CGGGCATAGAGGTTAT	g4
CGGGCATAGATGACAT	g2
CGGGCATAGCCATTTG	g2
CGGGCATAGGTACCTT	g0
CGGGCATAGTCGAAAT	g8
CGGGCATCAACCAGAG	g0
CGGGCATCAAGGTCAG	g1
CGGGCATCAGACGATG	g7
CGGGCATGTGTAGTGG	g0
CGGGCATGTTAAGAAC	g2
CGGGCATTCCAAATGC	g6
CGGGCATTCCTCGCAT	g0
CGGGCATTCGTAGGAG	g4
CGGGTCAAGCACTCGC	g6
CGGGTCACACCCTAAA	g2
CGGGTCACACTAGGCC	g4
CGGGTCAGTACTTGTG	g0
CGGGTCAGTTAAGGGC	g6
CGGGTCATCAACGTGT	g1
CGGGTCATCAGTCCGG	g0
CGGGTCATCCGACGGT	g9
CGGGTGTAGGAGGCAG	g0
CGGGTGTCAACACGTT	g2
CGGGTGTCACGATTCA	g7
CGGGTGTCATGAATAG	g7
CGGGTGTCATGCAGGA	g2
CGGGTGTGTCTTCATT	g2
CGGGTGTGTGAACCGA	g0
CGGGTGTGTTGCTGAT	g6
CGGGTGTTCAAGTGTC	g2
CGGGTGTTCACGTAGT	g0
CGGGTGTTCGGCTTCT	g2
CGGGTGTTCTAAGCGT	g8
CGGTCAGAGACGGATC	g2
CGGTCAGAGATCCGAG	g0
CGGTCAGCAACGATCT	g2
CGGTCAGCAAGTTTGC	g2
CGGTCAGCACTAACCA	g1
CGGTCAGCACTGCTTC	g2
CGGTCAGCAGTCCGTG	g3
CGGTCAGCATGAGGGT	g4
CGGTCAGCATGCTGCG	g7
CGGTCAGGTACCTTCC	g1
CGGTCAGTCATCCCGT	g2
CGGTCAGTCCGTACGG	g2
CGGTCAGTCTACACTT	g4
CGTAAGTAGACATAGT	g0
CGTAAGTAGACGACTG	g0
CGTAAGTAGCCGGAAT	g0
CGTAAGTAGCTAGATA	g4
CGTAAGTAGTAACAGT	g9
CGTAAGTAGTTGTACC	g1
CGTAAGTCAACCAATC	g8
CGTAAGTCACTAAACC	g2
CGTAAGTCACTGAATC	g2
CGTAAGTCAGACATCT	g0
CGTAAGTGTAACAGGC	g2
CGTAAGTGTAGATCGG	g7
CGTAAGTGTATCGATC	g2
CGTAAGTGTCAATCTG	g0
CGTAAGTGTCAGTTTG	g7
CGTAAGTGTTTAGAGA	g2
CGTAAGTTCACGATAC	g2
CGTAAGTTCATCCTGC	g0
CGTAAGTTCCGCAGTG	g9
CGTAAGTTCGTGCAGC	g4
CGTAATGAGGATAATC	g7
CGTAATGAGGGTTAGC	g4
CGTAATGCAAACCATC	g4
CGTAATGCACAAAGCG	g0
CGTAATGCACCAAATC	g2
CGTAATGCACCATTCC	g3
CGTAATGGTGCCGTTG	g7
CGTAATGGTTATTCCT	g6
CGTAATGTCAGTCTTT	g0
CGTAATGTCCGCGGAT	g1
CGTAATGTCGCCTATC	g0
CGTAATGTCTCTTGCG	g0
CGTAGTAAGAACGTGC	g7
CGTAGTAAGTAATCCC	g0
CGTAGTAAGTGCGTCC	g0
CGTAGTAAGTGGAATT	g3
CGTAGTAAGTTGCGAG	g0
CGTAGTACAATGTGGG	g3
CGTAGTACAGTTTCGA	g0
CGTAGTAGTAGCTCGC	g0
CGTAGTAGTTCTCCTG	g1
CGTAGTATCCGTCCTA	g8
CGTAGTATCCTACCGT	g0
CGTAGTATCGATTTCT	g6
CGTAGTATCGCAGTCG	g1
CGTAGTATCTCGCAGG	g3
CGTAGTATCTCTCTTC	g7
CGTAGTATCTGTCAGA	g2
CGTAGTATCTTTCCGG	g0
CGTCAAAAGCTCACTA	g1
CGTCAAAAGGAATCGC	g3
CGTCAAAAGGCTTCCG	g2
CGTCAAACACAGCATT	g0
CGTCAAACAGATACCT	g0
CGTCAAAGTAACATAG	g0
CGTCAAAGTAATCAGA	g2
CGTCAAAGTCGCATGC	g7
CGTCAAAGTTGGACTT	g0
CGTCAAATCCGCGAGT	g2
CGTCAAATCCTCCACA	g2
CGTCAAATCCTCTAAT	g4
CGTCAAATCTGAGCAT	g1
CGTCCATAGCATATGA	g3
CGTCCATAGCTGTTAC	g7
CGTCCATAGGTTGACG	g4
CGTCCATAGGTTGCCC	g2
CGTCCATCAGGACAGT	g0
CGTCCATCAGGGCTTC	g4
CGTCCATCATACACCA	g2
CGTCCATGTCTTTCAT	g0
CGTCCATGTTGGTACT	g2
CGTCCATTCCATCTCG	g0
CGTCCATTCGCTACAA	g0
CGTGAATAGACATAGT	g2
CGTGAATAGACCTGGA	g0
CGTGAATAGAGTGGCT	g8
CGTGAATAGCTCTTCC	g4
CGTGAATAGTGCGTCC	g2
CGTGAATAGTTGTAGA	g0
CGTGAATCAATAACGA	g2
CGTGAATCAATCGAAA	g0
CGTGAATCACAATGAA	g2
CGTGAATCACGCACCA	g2
CGTGAATCAGGGAGAG	g0
CGTGAATGTACAGTAA	g0
CGTGAATTCACGTCCT	g0
CGTGAATTCATTCCTA	g4
CGTGAATTCCTTATCA	g0
CGTGAATTCGTCAAAC	g0
CGTGATAAGGACAAGA	g2
CGTGATAAGGTAACTA	g2
CGTGATACACCCAATA	g0
CGTGATACAGCCGGTT	g0
CGTGATACAGGTTCCG	g6
CGTGATATCAACACCA	g2
CGTGATATCAGTCATG	g2
CGTGATATCATAGCAC	g2
CGTGATATCGCAGAGA	g1
CGTGATATCTTCTCAA	g4
CGTGCTTAGAAACCAT	g2
CGTGCTTAGCGCCCAT	g2
CGTGCTTAGGGCCTCT	g2
CGTGCTTCACAATTCG	g2
CGTGCTTCACGCTGCA	g0
CGTGCTTCATATCGGT	g0
CGTGCTTGTCAGACTT	g2
CGTGCTTGTCCAGCGT	g2
CGTGCTTGTCCGGTCA	g3
CGTGCTTGTGACACGA	g3
CGTGCTTGTGATACTC	g3
CGTGCTTTCAAAGGAT	g8
CGTGCTTTCCTGGCTT	g0
CGTGCTTTCGTCGCTT	g0
CGTGCTTTCTGAGGCC	g0
CGTGCTTTCTTCGACC	g0
CGTGTCTAGAAGGGAT	g6
CGTGTCTCACTCTGCT	g0
CGTGTCTCAGCCGTTG	g0
CGTGTCTCATAACTCG	g2
CGTGTCTGTAGATTAG	g2
CGTGTCTGTTGATGTC	g4
CGTGTCTGTTGCCATA	g0
CGTGTCTGTTGTGTTG	g7
CGTGTCTTCAATGTCG	g0
CGTGTCTTCACCCATC	g2
CGTGTCTTCATTCACT	g0
CGTGTCTTCTGACGCG	g2
CGTGTCTTCTGGGATT	g4
CGTGTCTTCTGTAAGC	g2
CGTTAGAAGACTCAAA	g9
CGTTAGAAGCGTCTCG	g0
CGTTAGACACTAACGT	g4
CGTTAGAGTACAGGTG	g2
CGTTAGAGTACTGTTG	g2
CGTTAGAGTGGCACTC	g0
CGTTAGATCTAGTTCT	g2
CGTTCTGAGATACATG	g0
CGTTCTGAGGAGAGTA	g7
CGTTCTGAGGTACAAT	g4
CGTTCTGAGTGCACCC	g0
CGTTCTGCAAGTCGTT	g1
CGTTCTGCAATGTGGG	g0
CGTTCTGCACAAGGTG	g2
CGTTCTGCACGTAGAG	g2
CGTTCTGGTCGGAAAC	g8
CGTTCTGGTCTGCCTT	g3
CGTTCTGGTTTATGCG	g2
CGTTCTGTCGGTAAGG	g2
CGTTCTGTCGTTCTGC	g2
CGTTCTGTCTTACACT	g0
CGTTGGGAGCAGTACG	g3
CGTTGGGAGCGTATGG	g2
CGTTGGGAGCTACTGT	g1
CGTTGGGAGGAGGCAG	g2
CGTTGGGCAATCGCGC	g2
CGTTGGGCACGACGCT	g4
CGTTGGGCAGACAATA	g2
CGTTGGGGTATGGGAC	g0
CGTTGGGGTCGCATCG	g4
CGTTGGGGTCTGTCAA	g2
CGTTGGGGTGAGTTGG	g4
CGTTGGGGTTGTGCCG	g0
CGTTGGGTCATGCCAA	g3
CGTTGGGTCCCAGGCA	g8
CGTTGGGTCCCGTTGT	g4
CTAACCCAGGTTCACT	g2
CTAACCCAGTTCCTGA	g0
CTAACCCCAAATACGA	g7
CTAACCCCAACGACTT	g4
CTAACCCCAATTGCAC	g4
CTAACCCCACAAGTGG	g2
CTAACCCCATCAGCAT	g7
CTAACCCGTACAAAGT	g0
CTAACCCGTATCCTCC	g0
CTAACCCGTATTGGCT	g0
CTAACCCGTCCAAGAG	g0
CTAACCCGTGATAGAT	g4
CTAACCCGTTCACCGG	g0
CTAACCCTCAATGCAC	g2
CTAACCCTCAGAGCGA	g2
CTAACTTAGATTGAGT	g7
CTAACTTAGCACCAGA	g0
CTAACTTAGCGTTCAT	g0
CTAACTTAGCTCCGAC	g9
CTAACTTAGGTAAACT	g9
CTAACTTAGTAAGAGG	g2
CTAACTTCAATGCTCA	g7
CTAACTTCACTCTCGT	g0
CTAACTTCAGGACAGT	g4
CTAACTTGTAAGGCCA	g4
CTAACTTGTGATATAG	g0
CTAACTTGTTGTGTAC	g4
CTAACTTTCAGCATTG	g2
CTAACTTTCCCATTCG	g0
CTAACTTTCCTTACCG	g2
CTAACTTTCGAGTGAG	g4
CTAACTTTCGGTGTAT	g2
CTAACTTTCTCGAACA	g2
CTAAGTGAGAGTTGAT	g5
CTAAGTGAGCCATCCG	g2
CTAAGTGCAAGGCTTT	g4
CTAAGTGCACTTGACA	g0
CTAAGTGCATATCGGT	g0
CTAAGTGGTATGTCCA	g7
CTAAGTGGTCCTCCTA	g2
CTAAGTGGTTACACAC	g2
CTACAGAAGAAGGCTC	g2
CTACAGAAGAAGTCCG	g7
CTACAGAAGACTTCCA	g8
CTACAGAAGCTCCCTT	g2
CTACAGAAGGCTTAAA	g0
CTACAGAAGTCTAGAA	g3
CTACAGAAGTGCCTCG	g2
CTACAGAAGTGTGTTC	g2
CTACAGACAAGAGAGA	g7
CTACAGACATCCGATA	g7
CTACAGACATCTGTTT	g7
CTACAGAGTACTTGTG	g2
CTACAGAGTAGTTAGA	g7
CTACAGAGTTCTATCT	g4
CTACAGATCATCTACT	g1
CTACAGATCCATCACC	g3
CTACAGATCCTAAACG	g2
CTACATTAGGTTGGAC	g3
CTACATTAGTTTCGGT	g2
CTACATTCAATGTCTG	g1
CTACATTCAGCTTTCC	g0
CTACATTCAGGCTATT	g2
CTACATTGTCGAGCAA	g6
CTACATTGTCTTGAAC	g0
CTACATTTCGTTCCTG	g7
CTACCCAAGTTTCGGT	g7
CTACCCACAAGAAATC	g2
CTACCCACAAGCTGTT	g2
CTACCCACAAGTGTCT	g2
CTACCCACAATAGAGT	g2
CTACCCACACACGGAA	g0
CTACCCACAGGGAATC	g2
CTACCCATCAAGAATG	g2
CTACCCATCTAAACGC	g2
CTACCCATCTAGCCTC	g3
CTACCCATCTCCCTAG	g0
CTACCTGAGAACTCCT	g2
CTACCTGAGAGGTCAC	g7
CTACCTGAGCGGCTCT	g0
CTACCTGAGTCATGAA	g4
CTACCTGAGTGGTGGT	g2
CTACCTGCAACGGCTC	g0
CTACCTGCACCTTCCA	g0
CTACCTGCAGCTACAT	g0
CTACCTGGTAGGACCA	g0
CTACCTGGTGACATCT	g0
CTACCTGGTGTCACAT	g2
CTACCTGTCATTTGCT	g9
CTACCTGTCCAAACCA	g4
CTACCTGTCGGTAACT	g0
CTACCTGTCTTCGGAA	g7
CTACCTGTCTTCTGTA	g2
CTACGGGAGCTTCATG	g0
CTACGGGAGGATTACA	g4
CTACGGGAGTTCAACC	g2
CTACGGGCAGTTCACA	g2
CTACGGGGTGCGTGCT	g4
CTACGGGTCCTGGGAC	g5
CTACGGGTCCTTATCA	g2
CTACGGGTCTCTGCTG	g2
CTACTATAGATACGAT	g0
CTACTATAGATGGGCT	g2
CTACTATAGCAGCACA	g9
CTACTATAGCGATTCT	g2
CTACTATAGCGCCATC	g6
CTACTATAGGATGAGA	g2
CTACTATAGGGCCCTT	g4
CTACTATCAGCACAAG	g2
CTACTATGTCTTACTT	g0
CTACTATGTGAACGGT	g2
CTACTATGTGCCGGTT	g0
CTAGACAAGAACCGCA	g2
CTAGACAAGAGGTCGT	g4
CTAGACAAGCGCCGTT	g6
CTAGACAAGTCTGCGC	g0
CTAGACACAACCTAAC	g7
CTAGACACAACGAGGT	g0
CTAGACACAAGAGGTC	g7
CTAGACACACACTTAG	g2
CTAGACACATCGGAAG	g1
CTAGACAGTACCCACG	g2
CTAGACAGTGCCCACA	g4
CTAGACAGTGCGAGTA	g0
CTAGACATCATCTCTA	g0
CTAGACATCGCTTGAA	g4
CTAGACATCGTAACCA	g2
CTAGGTAAGCAGCGAT	g1
CTAGGTAAGGACGCAT	g2
CTAGGTAAGTCGAGGT	g2
CTAGGTAAGTGGAATT	g4
CTAGGTACAATCGCCG	g2
CTAGGTACACAGCCTG	g4
CTAGGTACATTCATCT	g2
CTAGGTAGTAACCAGG	g9
CTAGGTAGTAACTTCG	g0
CTAGGTAGTCTTTCAT	g2
CTAGGTAGTGGGTCAA	g0
CTATAGGAGAGGGCGA	g1
CTATAGGAGGGCTGAT	g9
CTATAGGAGTTTGGCT	g1
CTATAGGCAGCAAGAC	g2
CTATAGGGTACGAAAT	g2
CTATAGGGTCACCACG	g0
CTATAGGGTCTAACGT	g0
CTATAGGGTTGCGGAA	g4
CTATAGGTCCCATGGG	g0
CTATAGGTCCTCTCGA	g0
CTATCCGAGCACGTCC	g0
CTATCCGAGGCTTTCA	g0
CTATCCGCACATATGC	g7
CTATCCGCAGACCAAG	g0
CTATCCGCAGGCTACC	g2
CTATCCGCATCGCTGG	g2
CTATCCGGTTCTTGCC	g7
CTATCCGTCGCTGTCT	g0
CTATCCGTCGGTGTAT	g2
CTATCTAAGGCATTTC	g0
CTATCTACACCCTTGT	g7
CTATCTACAGAAGCGT	g4
CTATCTAGTACCAATC	g2
CTATCTAGTATCTCGA	g8
CTATCTAGTCGTACAT	g2
CTATCTAGTTACCCAA	g4
CTATCTATCAACTCTT	g4
CTATCTATCCATTGTT	g7
CTCAACCAGACACACG	g3
CTCAACCAGCTAATCC	g2
CTCAACCAGTATGAGT	g2
CTCAACCCACATGTTG	g7
CTCAACCCAGCAGAAC	g2
CTCAACCCAGCTGAAG	g0
CTCAACCGTCTCACGG	g4
CTCAACCTCATGCCGG	g0
CTCAACCTCTTGCGCT	g4
CTCAAGAAGACATAAC	g0
CTCAAGAAGACGGATC	g7
CTCAAGAAGCGCCTTG	g2
CTCAAGAAGGTTCCAT	g2
CTCAAGACACGGTCTG	g0
CTCAAGACAGCGCGTT	g0
CTCAAGACAGTGCCTG	g4
CTCAAGAGTATTCCGA	g0
CTCAAGAGTCATCTAG	g0
CTCAAGAGTGCAGATG	g2
CTCAAGAGTGCCCTTT	g4
CTCAAGAGTTCCGTTC	g2
CTCAAGAGTTTCGATG	g2
CTCAAGATCGTGGTAT	g2
CTCAATTCACAAGCTT	g0
CTCAATTCAGTCTGGC	g4
CTCAATTCAGTTGCGC	g2
CTCAATTGTAAGATTG	g0
CTCAATTGTACGATTC	g2
CTCAATTTCACGGTCG	g2
CTCAATTTCGCACGAC	g0
CTCAATTTCGGTCGAC	g2
CTCACTGAGGGAGGGT	g7
CTCACTGAGTACAGAT	g4
CTCACTGCACCATAAC	g2
CTCACTGCACCGGCTA	g5
CTCACTGCAGAGACTG	g0
CTCACTGCAGCGTTGC	g4
CTCACTGCAGTTAGGG	g2
CTCACTGCATAGAATG	g2
CTCACTGGTATCGAGG	g1
CTCACTGGTGCATCTA	g4
CTCACTGGTTTGGAAA	g2
CTCACTGTCACCTGGG	g1
CTCACTGTCACTTTGT	g8
CTCACTGTCATCGTAG	g2
CTCACTGTCCGGTAGC	g7
CTCACTGTCCGTAGGC	g0
CTCACTGTCTCCGTGT	g8
CTCAGAAAGAAACACT	g0
CTCAGAAAGAAGAGCA	g0
CTCAGAAAGAGTCTTC	g9
CTCAGAAAGCAATAGT	g4
CTCAGAAAGGCTAGCA	g0
CTCAGAACATCATCCC	g2
CTCAGAAGTCATCAGT	g2
CTCAGAAGTTATTCCT	g2
CTCAGAATCACTGAAC	g3
CTCAGAATCACTTGGA	g4
CTCAGAATCCCAAGTA	g3
CTCAGGGAGCACTAGG	g2
CTCAGGGAGGCACTCC	g0
CTCAGGGAGTTGTACC	g4
CTCAGGGCAGGAAGTC	g7
CTCAGGGCATCACGGC	g0
CTCAGGGGTAAGCTCT	g7
CTCAGGGGTGCGTTTA	g0
CTCAGGGGTGTTTACG	g0
CTCAGGGGTTTACTTC	g0
CTCAGTCAGCGTTCCG	g4
CTCAGTCAGGGACCAT	g0
CTCAGTCAGGTAAGTT	g2
CTCAGTCAGTGCGCTC	g2
CTCAGTCCAATAGTAG	g0
CTCAGTCCATATTCGG	g3
CTCAGTCCATGGCACC	g4
CTCAGTCGTCGCACGT	g3
CTCAGTCGTCGTATGT	g1
CTCAGTCGTGCGTTTA	g9
CTCAGTCGTGCTATTG	g5
CTCAGTCTCATCGGGC	g0
CTCATCGAGGCTCTCG	g7
CTCATCGAGTGGATAT	g2
CTCATCGCACACAGCC	g2
CTCATCGCACCTCGTT	g9
CTCATCGCAGGATCTT	g2
CTCATCGGTTCTCACC	g2
CTCATCGTCAAGTCTG	g6
CTCATCGTCATCCCGT	g4
CTCATCGTCCACTAGA	g4
CTCATCGTCCTTGAAG	g8
CTCATCGTCGGATTAC	g0
CTCATGCAGTACTGGG	g6
CTCATGCAGTGCTCGC	g4
CTCATGCCATGGATCT	g2
CTCATGCGTACCAATC	g2
CTCATGCGTACTGCCG	g0
CTCATGCGTTGGGTTT	g4
CTCATGCTCGGTAGGA	g7
CTCATTAAGCACTAGG	g2
CTCATTAAGCGGACAT	g0
CTCATTAAGCGGTAGT	g7
CTCATTAAGCTTTCTT	g0
CTCATTAAGGATTCCT	g0
CTCATTAAGGTAAGAG	g7
CTCATTACACACCGAC	g2
CTCATTACACATAGCT	g0
CTCATTAGTAACCCTA	g7
CTCATTAGTAACTTCG	g7
CTCATTAGTAGCTGAG	g9
CTCATTAGTCACCTTC	g8
CTCATTAGTGTACAGG	g0
CTCATTAGTGTGACCC	g4
CTCATTATCATGAGGG	g2
CTCATTATCGAAGGAC	g2
CTCATTATCGTTGTGA	g4
CTCATTATCTAAGGAA	g7
CTCATTATCTAGAGCT	g0
CTCCAACAGCATCAGG	g4
CTCCAACAGTTGAAGT	g2
CTCCAACCAATTTCCT	g0
CTCCAACCACACGGTC	g7
CTCCAACCACATACGT	g2
CTCCAACGTCTAATCG	g2
CTCCAACTCGAGATAA	g2
CTCCAACTCGTCGATA	g6
CTCCAACTCGTGGTAT	g0
CTCCAACTCTAGGAAA	g2
CTCCACAAGACTTAAG	g2
CTCCACAAGCTGGCCT	g7
CTCCACAAGGATACGC	g0
CTCCACACAAAGCTCT	g0
CTCCACACAATCTCGA	g8
CTCCACACACATACGT	g0
CTCCACACACGTCGGT	g7
CTCCACACAGTTGCGC	g2
CTCCACACATAGGTAA	g2
CTCCACACATGGGATG	g0
CTCCACACATGTTTGG	g2
CTCCACAGTCCATACA	g2
CTCCACATCGATACTG	g0
CTCCACATCGATTTCT	g2
CTCCACATCTTCGTGC	g0
CTCCATGAGAAACTAC	g0
CTCCATGAGAGCTTTC	g0
CTCCATGAGCCTCATA	g0
CTCCATGAGCGTATAA	g0
CTCCATGAGGAGCAAA	g0
CTCCATGAGGTACAAT	g8
CTCCATGAGTCTAACC	g2
CTCCATGCAAGAGTTA	g4
CTCCATGGTACCTAAC	g2
CTCCATGGTATAGGGC	g4
CTCCATGGTTCTAAGC	g2
CTCCATGTCACTTTGT	g2
CTCCATGTCCAGCCTT	g0
CTCCATGTCTACTATC	g7
CTCCCAAAGATAGCAT	g7
CTCCCAAAGATTCGCT	g1
CTCCCAAAGCATACTC	g0
CTCCCAAAGGTTCACT	g9
CTCCCAAAGGTTGGTG	g6
CTCCCAAAGTGCCAGA	g0
CTCCCAACAAGACTGG	g1
CTCCCAACACCAGCCA	g4
CTCCCAATCGCGATCG	g0
CTCCCAATCTCTTCAA	g0
CTCCCTCAGGAGAATG	g6
CTCCCTCCAAGTGCAG	g0
CTCCCTCCACTTCAGA	g2
CTCCCTCCAGCACAAG	g2
CTCCCTCCAGCACAGA	g0
CTCCCTCGTAGGGAGG	g2
CTCCCTCGTTATGTCG	g0
CTCCGATAGACGCATG	g2
CTCCGATAGAGGTATT	g0
CTCCGATAGGTTACCT	g4
CTCCGATCAAGCTACT	g0
CTCCGATCACTCCCTA	g0
CTCCGATCAGTTGTCA	g2
CTCCGATGTATATGGA	g2
CTCCGATGTTAAACCC	g2
CTCCGATGTTGGTAGG	g0
CTCCGATTCTGTAACG	g6
CTCCTCCAGACTTCAC	g3
CTCCTCCAGAGTGTGC	g2
CTCCTCCAGCTGCCAC	g2
CTCCTCCAGGAAGAAC	g4
CTCCTCCAGGTTCCAT	g7
CTCCTCCAGTGGTTAA	g9
CTCCTCCCAAGAAATC	g6
CTCCTCCCAGTTCCAA	g0
CTCCTCCTCTACACTT	g7
CTCCTTTAGGTCGTAG	g7
CTCCTTTAGTTAGAAC	g9
CTCCTTTGTACAGTTC	g2
CTCCTTTTCACCTCTG	g9
CTCCTTTTCATCTGTT	g0
CTCCTTTTCATTTCGT	g3
CTCCTTTTCCATATGG	g3
CTCCTTTTCCGCAACG	g2
CTCCTTTTCGTCAGAT	g9
CTCGAGGCAAGACGGT	g4
CTCGAGGCACAATGCT	g2
CTCGAGGCACACTTAG	g5
CTCGAGGCATGATGCT	g4
CTCGAGGCATTGTAGC	g4
CTCGAGGGTACCACGC	g3
CTCGAGGGTCTTAGTG	g7
CTCGAGGGTTCCTAGA	g6
CTCGAGGGTTGCATGT	g0
CTCGAGGGTTGGACCC	g8
CTCGAGGTCGTTATCT	g0
CTCGAGGTCTGCGTCT	g0
CTCGAGGTCTGGTGCG	g3
CTCTCAGAGAATCTAG	g2
CTCTCAGAGCTCACTA	g4
CTCTCAGAGGTAAAGG	g2
CTCTCAGCAAGTGGCA	g2
CTCTCAGCAAGTTCGT	g4
CTCTCAGCACAAGCTT	g0
CTCTCAGCAGAGGCTA	g3
CTCTCAGCATGAGATA	g1
CTCTCAGGTAGCGTCC	g4
CTCTCAGGTGTCATCA	g0
CTCTCAGGTTGCCAAT	g9
CTCTCAGTCCATGAGT	g0
CTCTCGAAGACCTGGA	g0
CTCTCGAAGTACTGTC	g2
CTCTCGAAGTCACTGT	g2
CTCTCGAAGTCCCAGC	g0
CTCTCGACACGGCACT	g4
CTCTCGAGTACAGCGA	g4
CTCTCGAGTACGAAAT	g0
CTCTCGAGTCGACTTA	g0
CTCTCGAGTGTCCTAA	g0
CTCTCGATCCTGCTAC	g2
CTCTCGATCGTTACCC	g2
CTCTCGATCTGAGTCA	g0
CTCTGGTAGCAGGCAT	g4
CTCTGGTAGCTTGTTG	g2
CTCTGGTAGGCGTTGA	g2
CTCTGGTCAACCTAAC	g2
CTCTGGTCAACGACAG	g7
CTCTGGTCAACGTATC	g2
CTCTGGTCACAACCGC	g0
CTCTGGTCATAATGCC	g7
CTCTGGTGTAGTCGGA	g2
CTCTGGTGTGGTTTGT	g0
CTCTGGTTCTAGCATG	g2
CTCTGGTTCTCAGAAC	g2
CTGAATGAGAACCGCA	g0
CTGAATGAGATGGCAC	g0
CTGAATGAGCCTTTGA	g7
CTGAATGAGTGGTGGT	g0
CTGAATGCAATCTGCA	g2
CTGAATGCACCAGACC	g3
CTGAATGCACTCAAGT	g0
CTGAATGCAGGTGACA	g0
CTGAATGGTATGAGCG	g2
CTGAATGGTGCTAGCC	g7
CTGAATGGTGTGCTTA	g0
CTGAATGTCAGTCATG	g3
CTGAATGTCCTAGCTC	g0
CTGAATGTCTTCACGC	g7
CTGAGCGAGACGGAAA	g0
CTGAGCGAGGCTCAAG	g0
CTGAGCGAGTGATAGT	g1
CTGAGCGCAACGGCTC	g4
CTGAGCGCACTCCACT	g7
CTGAGCGCAGCGATTT	g7
CTGAGCGCATCCAACA	g4
CTGAGCGGTACCACGC	g0
CTGAGCGGTACCTGTA	g0
CTGAGCGGTAGGAAAG	g0
CTGAGCGGTGGGCTCT	g0
CTGAGCGGTGTCGATT	g1
CTGAGCGGTTATTCTC	g3
CTGAGCGGTTCTAACG	g0
CTGAGCGTCAATCGGT	g2
CTGAGCGTCACGGTCG	g0
CTGAGCGTCCAAACCA	g4
CTGAGCGTCCCGTGAG	g0
CTGAGCGTCCTAAACG	g3
CTGAGCGTCTCTTCAA	g2
CTGAGGCAGAGAATCT	g2
CTGAGGCAGATTTGCC	g2
CTGAGGCAGGACTTCT	g0
CTGAGGCAGTGGCCTC	g0
CTGAGGCCAGTAGTGG	g2
CTGAGGCCATCCCGTT	g2
CTGAGGCGTACTAGCT	g0
CTGAGGCTCCATAAGC	g2
CTGAGGCTCTAGACAC	g2
CTGATCCAGAGATCGC	g2
CTGATCCAGGTAAGGA	g0
CTGATCCCAGTCAGCC	g4
CTGATCCCATGGCTGC	g6
CTGATCCGTAAGTAGT	g2
CTGATCCGTAGACAAT	g0
CTGATCCGTCATCTAG	g0
CTGATCCGTGCGTGCT	g3
CTGATCCTCATACGGT	g0
CTGATCCTCCATTGTT	g4
CTGATCCTCCCGTTCA	g0
CTGATCCTCGCAGTCG	g0
CTGATCCTCGTGCATA	g0
CTGATCCTCTTACGTT	g7
CTGCAGGAGAGCAGCT	g3
CTGCAGGAGTCAGGGT	g2
CTGCAGGCATAGGCGA	g6
CTGCAGGGTAGTTACC	g0
CTGCAGGGTATCGCTA	g0
CTGCAGGGTGAGTAGC	g0
CTGCAGGGTTGGATCT	g7
CTGCAGGTCAAGGTGG	g0
CTGCAGGTCGAACTCA	g4
CTGCATCAGAAAGCGA	g0
CTGCATCAGCGTACAG	g7
CTGCATCAGCTACTGT	g4
CTGCATCAGGTCATTC	g4
CTGCATCAGTTACGTC	g2
CTGCATCGTACAGAAT	g7
CTGCATCGTGAATATG	g2
CTGCATCTCATCCTAT	g2
CTGCCATAGACGAAGA	g2
CTGCCATAGATCGCCC	g7
CTGCCATAGGGAGGTG	g4
CTGCCATCAACGGCCT	g4
CTGCCATCAATACCTG	g3
CTGCCATCACAGCGCT	g4
CTGCCATCACCCTGAG	g6
CTGCCATCAGATACCT	g7
CTGCCATCATTGTCGA	g7
CTGCCATGTAATGATG	g4
CTGCCATGTCACCTTC	g0
CTGCCATGTGCTGATT	g0
CTGCCATTCTCATTGT	g9
CTGCCTAAGACTCATC	g4
CTGCCTAAGCTAGATA	g0
CTGCCTAAGGTAGTCG	g2
CTGCCTACATAGAGGC	g2
CTGCCTACATGGAACG	g7
CTGCCTAGTACTAAGA	g2
CTGCCTAGTCGGAACA	g2
CTGCCTAGTGCGGTAA	g8
CTGCCTAGTGTAAACA	g3
CTGCCTAGTTATTCTC	g0
CTGCCTATCAAACGTC	g7
CTGCCTATCACTCGAA	g2
CTGCCTATCTGGGATT	g2
CTGCGAGAGATTAGAC	g0
CTGCGAGAGGTTGAGC	g1
CTGCGAGAGTTGTAAG	g2
CTGCGAGCACGGGCTT	g0
CTGCGAGCACTACACA	g2
CTGCGAGCATCTAGAC	g0
CTGCGAGGTGCAACAG	g2
CTGCGAGGTTCGGTTA	g2
CTGCGAGTCACTGGGC	g0
CTGCGAGTCAGAACCT	g2
CTGCTCACATGTACGT	g0
CTGCTCAGTGAATAAC	g0
CTGCTCAGTTAGAGTA	g0
CTGCTCATCATCACCC	g0
CTGCTCATCGAGCACC	g2
CTGCTCATCGATCCAA	g2
CTGCTCATCGCACGGT	g4
CTGCTCATCTGCGGGT	g4
CTGGACGCAACGAGGT	g0
CTGGACGCAAGAGGTC	g2
CTGGACGCAGTACTAC	g0
CTGGACGGTGGTACAG	g0
CTGGACGGTTCGGTCG	g0
CTGGACGTCAAATGAG	g2
CTGGACGTCGAGTGGA	g4
CTGGCAGAGCTGTGCC	g2
CTGGCAGAGGTACAGC	g7
CTGGCAGAGTTGCATC	g3
CTGGCAGCAACCGGAA	g2
CTGGCAGCAGGTCAAG	g2
CTGGCAGCAGTTTGGT	g4
CTGGCAGCATCTAGAC	g0
CTGGCAGCATGTTACG	g0
CTGGCAGGTACACTCA	g0
CTGGCAGGTCGTTCAA	g4
CTGGCAGTCCTCACGT	g0
CTGGTCTAGCAGTAAT	g2
CTGGTCTGTACGGCAA	g0
CTGGTCTGTCTGTGTA	g0
CTGGTCTGTGCTATTG	g1
CTGGTCTTCCAACTAG	g0
CTGGTCTTCGAAGAAT	g1
CTGGTCTTCGAGTCTA	g6
CTGTACCAGGTTGACG	g4
CTGTACCAGTGTTGTC	g1
CTGTACCAGTTCGCAT	g4
CTGTACCGTTAGGAGC	g2
CTGTACCTCCGCAACG	g8
CTGTACCTCCTGGCTT	g9
CTGTACCTCTAGACCA	g2
CTGTACCTCTTTCCAA	g2
CTGTAGAAGTCATAGA	g7
CTGTAGACACCCTTAC	g6
CTGTAGACATTGACTG	g2
CTGTAGAGTATTGAGA	g7
CTGTAGAGTCATTCCC	g7
CTGTAGAGTGCCTGCA	g3
CTGTAGAGTTATTCTC	g1
CTGTAGATCAACTCTT	g4
CTGTAGATCCTTATAC	g1
CTGTATTAGACCAGCA	g8
CTGTATTAGATGAAGG	g3
CTGTATTCAAGCCCAC	g3
CTGTATTCACGGATCC	g3
CTGTATTCAGAACTCT	g2
CTGTATTCAGGTGAGT	g2
CTGTATTGTACTGTTG	g2
CTGTATTGTCCCGTGA	g7
CTGTATTGTGCTTCAA	g0
CTGTATTGTTCAGCGC	g2
CTGTATTTCATTCTTG	g7
CTGTATTTCCGAGATT	g0
CTGTCGTAGGAGACCT	g0
CTGTCGTCAGAGAAAG	g3
CTGTCGTCATAACTCG	g6
CTGTCGTCATTGACAC	g0
CTGTCGTGTGCAACAG	g6
CTGTCGTGTGGAAGTC	g2
CTGTCGTTCACTCACC	g7
CTGTCGTTCCCAGGAC	g3
CTGTCGTTCGCGTTTC	g1
CTGTCGTTCGTGCAGC	g4
CTGTCGTTCGTGCATA	g0
CTGTGAAAGAGGATGA	g0
CTGTGAAAGCGTCTGC	g0
CTGTGAAAGGCATTTC	g2
CTGTGAAAGTAAGACT	g1
CTGTGAAAGTCTAGCT	g3
CTGTGAACAACTCATG	g3
CTGTGAACAATGAACA	g7
CTGTGAACAGCAGTCC	g0
CTGTGAACAGGTGTGA	g2
CTGTGAACAGGTTACT	g0
CTGTGAACATGGTACT	g4
CTGTGAAGTTCAGCTA	g4
CTGTGAAGTTGTATGC	g7
CTGTGAATCCATTGCC	g2
CTGTGAATCTAGTTCT	g4
CTGTGAATCTCAATCT	g0
CTGTGAATCTCCATAT	g2
CTGTGGGAGACGGTTG	g0
CTGTGGGAGCGCACAA	g5
CTGTGGGAGGGAGTGG	g7
CTGTGGGAGGTATTGA	g0
CTGTGGGAGTCCCAGC	g0
CTGTGGGCAGTTAGAA	g7
CTGTGGGGTACGATGG	g0
CTGTGGGGTCAAAGAT	g4
CTGTGGGGTCCACATA	g4
CTGTGGGGTTCGGTCG	g0
CTGTGGGTCAGAGTGG	g0
CTGTGGGTCCCAATAG	g6
CTTACCGAGCGTACAG	g7
CTTACCGAGTCCGCGT	g0
CTTACCGCAAAGCTCT	g7
CTTACCGCACAATGCT	g3
CTTACCGCATCCGCGA	g7
CTTACCGGTAAGGAGA	g7
CTTACCGGTACTCGCG	g3
CTTACCGGTATGGTAA	g2
CTTACCGGTTCTCACC	g8
CTTACCGTCCAATCTT	g0
CTTACCGTCCATCCGT	g5
CTTAGGAAGGGAACAA	g2
CTTAGGAAGTGAACAT	g0
CTTAGGACATAGAAAC	g5
CTTAGGACATCCTTCG	g2
CTTAGGAGTCGATTAC	g0
CTTAGGAGTCTGTTAG	g0
CTTAGGAGTCTTACTT	g0
CTTAGGATCCAATCCC	g0
CTTAGGATCGAAGGAC	g7
CTTAGGATCGTGGCGT	g4
CTTCAATAGAATTCAG	g1
CTTCAATAGCCTGAAG	g4
CTTCAATAGGAAACGA	g0
CTTCAATCACAACGTT	g0
CTTCAATCACAGAGAC	g4
CTTCAATCACATCCCT	g0
CTTCAATCAGAACCGA	g8
CTTCAATCAGGTGAGT	g8
CTTCAATCATAAGATG	g0
CTTCAATCATACTTTC	g0
CTTCAATGTAGTATAG	g7
CTTCAATGTATTGAGA	g2
CTTCAATGTGGATCGA	g4
CTTCAATGTTGTGGAG	g0
CTTCAATTCATTTCGT	g0
CTTCAATTCGTCGCTT	g0
CTTCAATTCGTTCAGA	g2
CTTCCGAAGGTTTACC	g2
CTTCCGACAGAGAGGG	g2
CTTCCGACATCGCTAA	g4
CTTCCGAGTACGCTAT	g7
CTTCCGATCAGCTTGA	g0
CTTCCGATCCATTGCC	g4
CTTCCGATCCGCTAGG	g2
CTTCCGATCGCGTAGC	g7
CTTCCGATCTCAGTCC	g4
CTTCCGATCTGTGCAA	g0
CTTCCTTAGATCGACG	g0
CTTCCTTCAAGAATGT	g0
CTTCCTTCAGCGATTT	g0
CTTCCTTGTACGATGG	g0
CTTCCTTGTCAGACGA	g0
CTTCCTTGTCCGACGT	g7
CTTCCTTGTGCAGATG	g0
CTTCCTTTCAAGGAGC	g0
CTTCCTTTCAGGAACG	g8
CTTCCTTTCTCGAGTA	g3
CTTCGGTAGGATATAC	g2
CTTCGGTAGGGATGTC	g0
CTTCGGTAGTCAGCGA	g3
CTTCGGTAGTCATGCT	g0
CTTCGGTAGTGACACG	g7
CTTCGGTGTACTAACC	g0
CTTCGGTGTAGTATAG	g4
CTTCGGTGTATGTCAC	g4
CTTCGGTGTCATGCAT	g3
CTTCGGTGTCCGATCG	g1
CTTCGGTGTGTGTTTG	g0
CTTCGGTTCATCACTT	g0
CTTCGGTTCGGACGTC	g0
CTTCGGTTCGTGCGAC	g2
CTTCGGTTCTTCCTAA	g2
CTTCTAAAGGCACTCC	g0
CTTCTAAAGGCTCTAT	g0
CTTCTAACACGGCTAC	g0
CTTCTAAGTACAGAGC	g2
CTTCTAAGTACGTGAG	g0
CTTCTAAGTCGGTACC	g0
CTTCTAAGTGGAACAC	g8
CTTCTAATCAAGAAAC	g2
CTTCTAATCACTAGCA	g0
CTTCTAATCATAGAGA	g7
CTTCTAATCATTCATC	g0
CTTCTAATCCGGTTCT	g2
CTTCTAATCTAGATCG	g2
CTTCTAATCTCTCTAA	g4
CTTCTAATCTGAATCG	g8
CTTCTCTAGAGGATGA	g2
CTTCTCTAGATACATG	g2
CTTCTCTAGGTAAAGG	g2
CTTCTCTAGGTCCCTG	g7
CTTCTCTCAAAGGTTA	g8
CTTCTCTCAGCAAGAC	g8
CTTCTCTCATTCCTAT	g8
CTTCTCTGTATGGGAC	g0
CTTCTCTTCATGTCAG	g0
CTTCTCTTCGCTTACC	g2
CTTCTCTTCGGAGTAG	g8
CTTGAGAAGAGTTGTA	g2
CTTGAGAAGCATGCAG	g2
CTTGAGAAGCGATTCT	g2
CTTGAGAAGGGTATAT	g2
CTTGAGAGTACAGGTG	g4
CTTGAGATCAGTGTGT	g0
CTTGAGATCCATGCAA	g0
CTTGAGATCTAAACGC	g6
CTTGAGATCTTGGAAC	g5
CTTGATTAGCAATAAC	g2
CTTGATTAGTGTTGTC	g0
CTTGATTCAGTGTATC	g4
CTTGATTCATGGATCT	g2
CTTGATTGTAACCCTA	g8
CTTGATTGTGACGTCC	g0
CTTGATTGTGGTTTGT	g7
CTTGATTTCCAACACA	g0
CTTGATTTCCATACAG	g0
CTTGATTTCCTTATGT	g2
CTTGATTTCGCGTTTC	g0
CTTGATTTCGCTAAAC	g0
CTTGATTTCGTTATCT	g0
CTTTCAAAGACTGAGC	g0
CTTTCAAAGGATTCAA	g0
CTTTCAAAGGGACACT	g7
CTTTCAACACTTGACA	g0
CTTTCAACATGTTCAG	g0
CTTTCAACATTGAGGG	g7
CTTTCAAGTAGCGATG	g1
CTTTCAAGTATGTCTG	g2
CTTTCAAGTCGCAGTC	g0
CTTTCAAGTTATGGTC	g0
CTTTCAATCGGATAAA	g6
CTTTCAATCTGGTTGA	g0
CTTTCAATCTTGCAAG	g4
CTTTCGGAGATCGCTT	g7
CTTTCGGAGGAGAATG	g0
CTTTCGGAGTGGTGAC	g4
CTTTCGGCACACAGAG	g0
CTTTCGGGTAAGATTG	g0
CTTTCGGGTACCATAC	g2
CTTTCGGGTAGAGATT	g3
CTTTCGGGTGCCTACG	g0
CTTTCGGGTGTGTGTT	g2
CTTTCGGTCACCATCC	g3
CTTTCGGTCAGTGATC	g0
CTTTCGGTCCGTATGA	g0
CTTTCGGTCCTTGACC	g5
GAAACCTAGTACTGTC	g3
GAAACCTCAACCGACC	g0
GAAACCTCACGGAAGT	g0
GAAACCTCACGTTCGG	g0
GAAACCTCAGAACGCA	g2
GAAACCTCAGAATTCC	g2
GAAACCTGTCCATCTC	g0
GAAACCTGTCTAGATC	g3
GAAACCTGTCTTGCGG	g0
GAAACCTTCAAATAGG	g8
GAAACCTTCGATGGAG	g8
GAAACCTTCGCGTAGC	g7
GAAACCTTCGTCGCTT	g3
GAAACCTTCGTGACTA	g4
GAAACCTTCGTTAGAC	g7
GAAACCTTCTATGCCC	g7
GAAATGAAGATAACAC	g0
GAAATGAAGATTGATG	g3
GAAATGAAGCGTATGG	g0
GAAATGAAGGAGTACC	g2
GAAATGAAGTCAGAGC	g0
GAAATGACAATACGAA	g0
GAAATGACACAGAGAC	g1
GAAATGACACGCGCAT	g2
GAAATGACATAGGTAA	g0
GAAATGACATTGAAGA	g2
GAAATGAGTGAGCGAT	g3
GAAATGAGTGGAAATT	g2
GAAATGAGTTCTCCAC	g0
GAAATGAGTTGCGGAA	g0
GAAATGATCTAGTTCT	g0
GAAATGATCTCGTCGT	g7
GAAATGATCTTCTGTA	g1
GAACACTCAGGCTTGC	g7
GAACACTCATCCAACA	g0
GAACACTCATGCCGCA	g3
GAACACTGTCAAGGCA	g0
GAACACTTCAATGTCG	g0
GAACACTTCCCGTGAG	g4
GAACACTTCGTACACA	g9
GAACACTTCTCGCCTA	g7
GAACGTTAGATCGGTG	g0
GAACGTTAGCTCTTCC	g2
GAACGTTCACCTAAAC	g5
GAACGTTCACTCTGCT	g2
GAACGTTCAGCTATTG	g0
GAACGTTCATTGTAGC	g4
GAACGTTGTAAGACCG	g1
GAACGTTGTATAGGGC	g0
GAACGTTGTCACTTAG	g4
GAACGTTGTGTTCGAT	g2
GAACGTTTCGCCTATC	g8
GAACGTTTCGGACAAG	g2
GAACGTTTCTGTCGTC	g0
GAACTGTAGATTGATG	g0
GAACTGTAGCCGGATA	g4
GAACTGTAGGTACTGG	g2
GAACTGTAGTATGATG	g7
GAACTGTAGTCAAGCG	g0
GAACTGTAGTTACGTC	g4
GAACTGTCAAAGCTAA	g8
GAACTGTCACCATATG	g7
GAACTGTCAGACCAGA	g0
GAACTGTGTAGACGGT	g0
GAACTGTGTAGTCACT	g3
GAACTGTGTCTACGTA	g0
GAACTGTGTGGCACTC	g8
GAACTGTTCAGTCAGT	g7
GAACTGTTCCATTTAC	g0
GAACTGTTCGCGTTTC	g2
GAACTGTTCGGCTATA	g0
GAACTGTTCTCCGAAA	g0
GAAGAATAGGCCCAAA	g0
GAAGAATAGGGAGTTC	g2
GAAGAATCATACATCG	g10
GAAGAATCATAGATCC	g0
GAAGAATCATCTTCGC	g4
GAAGAATGTCAATCTG	g0
GAAGAATTCAGACCTA	g2
GAAGAATTCTTTCAGT	g2
GAAGCCCAGACCGCCT	g0
GAAGCCCAGGATGAGA	g0
GAAGCCCAGGTAAACT	g7
GAAGCCCAGTACAACA	g7
GAAGCCCCAACGGCTC	g0
GAAGCCCCACTGTGTA	g2
GAAGCCCCAGGGTTGA	g0
GAAGCCCCATCTCATT	g2
GAAGCCCGTCTTGAGT	g0
GAAGCCCTCACTGGTA	g2
GAAGCCCTCATGGATC	g0
GAAGCCCTCCGTCCTA	g9
GAAGCCCTCTTCGACC	g7
GAAGCGAAGACCCGCT	g2
GAAGCGAAGAGTGTTA	g0
GAAGCGAAGGAGATAG	g2
GAAGCGAAGGCCGCTT	g0
GAAGCGAAGGGAGATA	g2
GAAGCGAAGTGATGGC	g1
GAAGCGAAGTGCACTT	g8
GAAGCGACAATCAGCT	g0
GAAGCGAGTCGGCCTA	g0
GAAGCGAGTGGCCACT	g0
GAAGCGAGTTAGGAGC	g2
GAAGCGATCAGAGCGA	g0
GAAGCGATCGAAGCAG	g0
GAAGCGATCTCAGTCC	g2
GAAGCGATCTCGTGAA	g0
GAAGCGATCTCTGGTC	g4
GAAGCGATCTGAGGCC	g0
GAAGCGATCTTCACAT	g0
GAAGGACAGAAGCGCT	g0
GAAGGACAGCGATGGT	g10
GAAGGACAGGTATAGT	g0
GAAGGACCACATCATG	g0
GAAGGACCAGCCGTCA	g0
GAAGGACGTAGCGTAG	g7
GAAGGACGTATCAGCT	g2
GAAGGACGTCTCGCGA	g7
GAAGGACGTCTGTGCG	g7
GAAGGACGTGCGGATA	g8
GAAGGACGTGTAGGAC	g0
GAAGGACGTTCTATCT	g2
GAAGGACTCATGTCAG	g4
GAAGGACTCGAACCAT	g4
GAAGGACTCGTCAACA	g2
GAAGGACTCTCTGGTC	g2
GAAGGACTCTTGTTAC	g7
GAAGGGTAGGTTGGAC	g0
GAAGGGTAGTAGAGTT	g0
GAAGGGTCAAATGCGG	g7
GAAGGGTCAACAGATA	g3
GAAGGGTCAACCTAAC	g2
GAAGGGTCACGCAGTC	g0
GAAGGGTGTCATCCCT	g1
GAAGGGTGTCGTCTCT	g0
GAAGGGTGTGAGTCAG	g0
GAAGGGTTCGCGTTTC	g0
GAAGGGTTCGGCGATC	g9
GAAGGGTTCGTTCTAT	g8
GAAGGGTTCTGACAGT	g0
GAAGTAAAGAGGCGTT	g2
GAAGTAAAGCACTCAT	g2
GAAGTAAAGCTGCGAA	g3
GAAGTAAAGTGCCAGA	g7
GAAGTAACACGACCTG	g3
GAAGTAACAGGTCTCG	g2
GAAGTAACATCCTATT	g1
GAAGTAACATGAATCC	g10
GAAGTAATCAAGTCGT	g4
GAAGTAATCAGAGCGA	g2
GAAGTAATCCCAAGTA	g2
GAAGTAATCGAAACAA	g0
GAAGTAATCGGCTGAC	g0
GAAGTAATCTCATGCC	g0
GAATAGAAGACGACGT	g2
GAATAGAAGCCATTCA	g0
GAATAGAAGCGCTGCT	g0
GAATAGAAGTGCAGCA	g0
GAATAGAAGTTTCTTC	g2
GAATAGACAATGTCAC	g0
GAATAGACATCGATGT	g0
GAATAGAGTCGATGCC	g4
GAATAGAGTGACTGTT	g2
GAATAGAGTTAGAAAC	g0
GAATAGAGTTGGGCCT	g3
GAATAGATCACTTATC	g2
GAATCACAGATAGCAT	g4
GAATCACAGGCATCAG	g0
GAATCACCAAGATGGC	g7
GAATCACCAAGCACAG	g0
GAATCACCAGAGGAAA	g2
GAATCACGTCTTCGAA	g0
GAATCACTCCGGTAGC	g0
GAATCACTCCGTCACT	g2
GAATCACTCTTAGTTC	g2
GAATCGTAGGAACGCT	g0
GAATCGTAGGGTTTCT	g4
GAATCGTAGGTTCTTG	g2
GAATCGTCATGGAAGC	g1
GAATCGTGTCAACATC	g0
GAATCGTGTCACATTG	g0
GAATCGTGTGGCATCC	g4
GAATCGTGTTCCGCTT	g2
GAATCGTTCAAACCCA	g2
GACACGCAGCCTGGAA	g0
GACACGCAGTTAACAG	g2
GACACGCCAATTAGGA	g3
GACACGCCACACCGCA	g4
GACACGCCACGTCGTG	g7
GACACGCCATATCGGT	g0
GACACGCGTAAGTAGT	g4
GACACGCGTGAATATG	g0
GACACGCGTGCTTCAA	g0
GACACGCGTGTCCATA	g3
GACACGCTCACATTGG	g0
GACACGCTCCGGTAGC	g4
GACACGCTCGCAATGT	g0
GACAGCCAGAGATCGC	g7
GACAGCCAGCCATCCG	g9
GACAGCCAGTATGGCG	g0
GACAGCCCAATAGTCC	g7
GACAGCCCAATTTCTC	g2
GACAGCCGTCAGACGA	g3
GACAGCCGTGACTGAG	g0
GACAGCCTCGACACCG	g0
GACAGCCTCGAGATGG	g2
GACAGCCTCGCTTGCT	g0
GACATCAAGATACAGT	g4
GACATCAAGCCTCAGC	g1
GACATCAAGCTCTGTA	g7
GACATCAAGTAAACTG	g7
GACATCAAGTGAGCCA	g2
GACATCACACTACACA	g2
GACATCACAGCTGTGC	g4
GACATCACATGGAATA	g4
GACATCAGTAACATCC	g4
GACATCAGTATTGCCA	g4
GACATCAGTATTTCCT	g2
GACATCAGTGCTTCAA	g6
GACATCAGTGTTCGTA	g0
GACATCATCAGCTCTC	g2
GACATCATCGCAGTTA	g4
GACATCATCTGTGCAA	g2
GACCAATAGAGTGTGC	g2
GACCAATAGATGCGAC	g7
GACCAATAGTCCGTCG	g8
GACCAATCACTCAGAT	g0
GACCAATGTAGAGACC	g8
GACCAATGTCAGGAGT	g0
GACCAATGTGTCCACG	g4
GACCAATGTGTTACTG	g0
GACCAATGTGTTGAGG	g1
GACCAATTCCGATCTC	g7
GACCAATTCGCATAGT	g0
GACCAATTCGGCTCTT	g2
GACCCAGAGACAACTA	g0
GACCCAGAGGATACCG	g2
GACCCAGAGGTGGCTA	g8
GACCCAGAGTCTACCA	g9
GACCCAGCAAAGAGTT	g2
GACCCAGCACCGCTAG	g2
GACCCAGCACGACTAT	g2
GACCCAGGTAGGCAAC	g1
GACCCAGGTCTCTCTG	g2
GACCCAGGTTATCTTC	g2
GACCCAGGTTGAAGTA	g7
GACCCAGGTTGGATCT	g0
GACCCAGTCGGTCGAC	g4
GACCCAGTCTCTAAGG	g0
GACCCAGTCTTCACGC	g0
GACCCTTAGCATGATA	g5
GACCCTTAGCCGTTAT	g0
GACCCTTCACACCGCA	g7
GACCCTTCACGGATCC	g2
GACCCTTCATACTGTG	g8
GACCCTTGTCCGGCAT	g6
GACCCTTGTCTACGTA	g0
GACCCTTGTGAACCGA	g3
GACCCTTTCGTGTTCC	g7
GACCGTGAGCACTAGG	g1
GACCGTGAGCATATGA	g0
GACCGTGCAACTGGTT	g0
GACCGTGCACGCGGTT	g0
GACCGTGCACTACAGT	g0
GACCGTGCAGTTTGGT	g0
GACCGTGGTACGGTTT	g0
GACCGTGGTATGGTTC	g6
GACCGTGGTTTGCAGT	g0
GACCGTGTCATTCATC	g4
GACCGTGTCATTGCTT	g4
GACCGTGTCCCGTTGT	g2
GACCGTGTCCTGGGTG	g0
GACCGTGTCCTGTACC	g1
GACCGTGTCTGCGGAC	g0
GACCTTCAGGTCCTGC	g2
GACCTTCAGTGCGACA	g1
GACCTTCCACATATCG	g4
GACCTTCCACCAGTAT	g2
GACCTTCCAGCAGTCC	g4
GACCTTCCAGCTGAAG	g0
GACCTTCGTCCTACAA	g3
GACCTTCTCCAACTAG	g0
GACCTTCTCGGCTGAC	g4
GACCTTCTCTCGGTAA	g0
GACCTTCTCTGCGGGT	g0
GACCTTCTCTTGATTC	g7
GACGCTGAGCCTCTCT	g4
GACGCTGAGTATGAGT	g2
GACGCTGGTGGGTCAA	g0
GACGCTGTCCTTCAGC	g0
GACGCTGTCGCCAATA	g2
GACGCTGTCTCACGAA	g7
GACGCTGTCTGGTGGC	g2
GACGCTGTCTTCGGAA	g2
GACGTTAAGCCGCTTG	g9
GACGTTAAGCGAAACC	g9
GACGTTAAGGTAGCCA	g0
GACGTTACAACGACTT	g0
GACGTTACAGGTGTGA	g2
GACGTTACATACCACA	g4
GACGTTAGTATGACAA	g2
GACGTTAGTTCTATCT	g0
GACGTTAGTTGAAGTA	g2
GACGTTAGTTGGCTAT	g0
GACGTTAGTTGGGACA	g4
GACGTTATCTGCTTAT	g0
GACGTTATCTTTCGAT	g1
GACTATGAGACCTCCG	g7
GACTATGAGATTGTGA	g4
GACTATGCAAGAGTTA	g4
GACTATGCAAGTGCAG	g4
GACTATGCAGTAGAGC	g0
GACTATGGTAATTAGG	g0
GACTATGGTAGCGTAG	g0
GACTATGGTCCTCAGG	g2
GACTATGGTTTACCTT	g8
GACTATGTCAGACCGC	g2
GACTATGTCCCTCTTT	g0
GACTATGTCGTAGTCA	g2
GACTATGTCTCTATGT	g7
GACTCAAAGAGTCTGG	g4
GACTCAAAGGACTAAT	g1
GACTCAACACCTCGTT	g2
GACTCAACACGGTGTC	g0
GACTCAACAGTCTACA	g0
GACTCAACATTGTAGC	g0
GACTCAATCACAACCA	g0
GACTCAATCACTGGTA	g2
GACTCAATCCATCTGC	g2
GACTCAATCCTTCACG	g1
GACTCAATCTGCGTCT	g0
GACTCTCAGATGCTTC	g2
GACTCTCAGCGTTACT	g3
GACTCTCCAAATACAG	g0
GACTCTCCAATCGCAT	g0
GACTCTCCAGACCATT	g1
GACTCTCGTAAGGCCA	g0
GACTCTCGTGAGTGAC	g9
GACTCTCTCAGACCGC	g2
GACTCTCTCATCACCC	g2
GACTGATAGAAGCCAC	g0
GACTGATAGCTGCCTG	g0
GACTGATCAAGCGATG	g1
GACTGATCAAGGTCGA	g2
GACTGATCATGGCCCA	g2
GACTGATCATTGCTTT	g0
GACTGATGTCCAGAAG	g2
GACTGATGTCTAACTG	g0
GACTGATGTGTCCACG	g0
GACTGATGTTCACGAT	g0
GACTGATTCACCTGTC	g3
GACTGATTCCCTCTTT	g8
GACTGATTCGTGCGAC	g6
GACTGATTCTAACACG	g2
GACTTCCAGAACAGGA	g0
GACTTCCAGAGAAGGT	g0
GACTTCCAGAGTCAGC	g0
GACTTCCCACACAGAG	g2
GACTTCCCACCCAACG	g2
GACTTCCCACTAACGT	g7
GACTTCCCAGACCCGT	g2
GACTTCCCAGAGTAAT	g0
GACTTCCCATAACGGG	g2
GACTTCCCATGAAAGT	g5
GACTTCCGTGTGTGGA	g7
GAGAAATAGGACCCAA	g2
GAGAAATAGGTTTACC	g4
GAGAAATCACTAACGT	g4
GAGAAATCATCAGTGT	g3
GAGAAATGTCTGTGCG	g7
GAGAAATGTGTCCAAT	g0
GAGAAATGTTCGAGCC	g0
GAGAAATTCACAACCA	g2
GAGAAATTCAGCTAGT	g3
GAGAAATTCGTCAGAT	g3
GAGAAATTCTAGTTCT	g7
GAGACCCAGAGGGTAA	g2
GAGACCCCACGCTGCA	g0
GAGACCCCATAACGGG	g2
GAGACCCGTAACAGGC	g7
GAGACCCGTATGTCCA	g7
GAGACCCGTATTTCCT	g2
GAGACCCGTTTGGGTT	g4
GAGACCCTCACTTGTT	g0
GAGACCCTCCAATGCA	g0
GAGACCCTCCCGTTGT	g4
GAGACTTAGACGTCCC	g7
GAGACTTAGCATGATA	g2
GAGACTTCATCCGGCA	g0
GAGACTTCATTCACCC	g2
GAGACTTCATTCTCTA	g2
GAGACTTCATTGTCGA	g4
GAGACTTGTAGTTACC	g4
GAGACTTGTATGTCTG	g1
GAGACTTGTCAAGTTC	g8
GAGACTTGTCGAGCAA	g0
GAGACTTGTGAATGAT	g0
GAGACTTGTGATTAGA	g0
GAGACTTGTGTCGATT	g4
GAGACTTTCAGCATTG	g2
GAGACTTTCAGTGATC	g2
GAGACTTTCATGCAGT	g0
GAGACTTTCGGTATGT	g0
GAGAGGTAGAGAGGGC	g8
GAGAGGTAGTAAGAGG	g4
GAGAGGTAGTGACCTT	g2
GAGAGGTCAACCACGC	g2
GAGAGGTCAAGCAGGT	g8
GAGAGGTCACATGTTG	g0
GAGAGGTCACTGCGAC	g2
GAGAGGTCAGGTTACT	g2
GAGAGGTCATATGGCT	g0
GAGAGGTGTACAGTAA	g0
GAGAGGTGTAGCGTCC	g0
GAGAGGTTCCAAGAGG	g2
GAGAGGTTCCGAGGCT	g2
GAGATGGAGCACACCC	g4
GAGATGGAGTTTGTCG	g4
GAGATGGCAGGTCTCG	g0
GAGATGGCAGTATGAA	g7
GAGATGGCATGCCGGT	g2
GAGATGGCATTGTACG	g2
GAGATGGGTACAACGG	g1
GAGATGGGTGCCTTCT	g2
GAGATGGGTTCCTACC	g0
GAGATGGTCCCAGCGA	g6
GAGATGGTCCTAACAG	g8
GAGATGGTCGCAATTG	g4
GAGCCTGAGATACGAT	g0
GAGCCTGAGCACACCC	g2
GAGCCTGAGCTTCGTA	g2
GAGCCTGAGGAATTAC	g1
GAGCCTGAGGCGCTTC	g0
GAGCCTGCAATATCCG	g4
GAGCCTGCACAGCTGC	g3
GAGCCTGCAGCTGTCG	g2
GAGCCTGCAGGGTCTC	g1
GAGCCTGCATACTGTG	g4
GAGCCTGCATCGAGCC	g2
GAGCCTGGTAGTAAGT	g4
GAGCCTGGTCCAGCCA	g1
GAGCCTGGTCGTATTG	g4
GAGCCTGGTCTAGATC	g7
GAGCCTGGTGGACAGT	g4
GAGCCTGGTTCATCTT	g2
GAGCCTGTCACTGGTA	g4
GAGCCTGTCATAGAGA	g4
GAGCCTGTCGCTTGAA	g1
GAGCCTGTCGGACTGC	g2
GAGCTGCCAAGTTCCA	g2
GAGCTGCCACGTTCGG	g2
GAGCTGCCACTAGTAC	g1
GAGCTGCCATCCAATG	g0
GAGCTGCGTGCGGCTT	g0
GAGCTGCGTGGTCTAT	g2
GAGCTGCTCCAAGCAT	g0
GAGCTGCTCGGTCTAA	g2
GAGGCAAAGACTCTAC	g3
GAGGCAAAGGTGATAT	g6
GAGGCAAAGTAGGCCA	g1
GAGGCAAAGTAGTCTC	g4
GAGGCAACAAATCAAG	g1
GAGGCAACAAGTGCTT	g2
GAGGCAACACGAAGAC	g8
GAGGCAAGTTTAGACC	g2
GAGGCAATCAGCTGTA	g2
GAGGCAATCCATGAGT	g2
GAGGCAATCTAATTCC	g2
GAGGCAATCTTCCACG	g4
GAGGCCTAGCACTCGC	g3
GAGGCCTAGCATAGGC	g7
GAGGCCTCAAATGAGT	g0
GAGGCCTCAACTCCCT	g0
GAGGCCTCAAGCCTGC	g3
GAGGCCTCAGCGCGTT	g0
GAGGCCTCAGTCGGAA	g7
GAGGCCTGTCCTGGGT	g4
GAGGCCTTCGAGTCCG	g5
GAGGCCTTCTAGATCG	g2
GAGGGATAGAGGTTTA	g0
GAGGGATAGATGCAGC	g2
GAGGGATAGTAAACGT	g3
GAGGGATAGTGCAGGT	g0
GAGGGATCAAATGAGT	g7
GAGGGATCAAGGTCAG	g0
GAGGGATCAATCCTTT	g2
GAGGGATCAATGGGTG	g4
GAGGGATGTAGAATAC	g4
GAGGGATGTAGCTGCC	g4
GAGGGATTCAGACAAA	g2
GAGGGATTCCATTCAT	g7
GAGGGATTCGTTCAGA	g4
GAGGGATTCTTGAGCA	g2
GAGGGTACACGATTCA	g4
GAGGGTACATTGCCTC	g0
GAGGGTAGTACAGTTC	g2
GAGGGTAGTCGTGGAA	g4
GAGGGTATCAGAACCT	g2
GAGGGTATCCAAGCAT	g2
GAGTCATAGACTTGTC	g2
GAGTCATAGGAGATAG	g2
GAGTCATCAACAGCTT	g8
GAGTCATCACAGTCGC	g7
GAGTCATCACCCATAA	g2
GAGTCATCAGACAAGC	g1
GAGTCATCATGTCAGT	g7
GAGTCATGTACCAGAG	g9
GAGTCATGTCTCTCCA	g2
GAGTCATGTTCGAAGG	g1
GAGTCATTCCATATGG	g0
GAGTCATTCCGCAGTG	g4
GAGTCTAAGAACCGCA	g4
GAGTCTAAGGTGCGAT	g4
GAGTCTAAGTAAACGT	g4
GAGTCTACAACCCTAA	g2
GAGTCTACAGTATGAA	g0
GAGTCTACATCCTAAG	g2
GAGTCTAGTATTCCGA	g7
GAGTCTAGTCCAGGTC	g7
GAGTCTAGTGCAGGAT	g2
GAGTCTAGTGCTGCAC	g4
GAGTCTAGTTACACTG	g3
GAGTCTATCCTAGCTC	g0
GAGTGAGAGCTGGTGA	g4
GAGTGAGCAAGATGGC	g2
GAGTGAGCACCCTATC	g2
GAGTGAGCAGTTGCGC	g0
GAGTGAGCATGAGGGT	g2
GAGTGAGGTACAAGCG	g2
GAGTGAGGTCATGACT	g0
GAGTGAGGTTCTCGTC	g0
GAGTGAGGTTTACCTT	g0
GAGTGAGTCAGTGTTG	g0
GAGTGAGTCCCTCAAC	g2
GAGTGAGTCGCATTGA	g0
GAGTGTTAGCGACAGT	g0
GAGTGTTAGTTCGGTT	g0
GAGTGTTCAACACGAG	g2
GAGTGTTCACATCCCT	g2
GAGTGTTCACGCCACA	g0
GAGTGTTCAGCTGAGA	g2
GAGTGTTGTAACACCT	g0
GAGTGTTGTATGAAAC	g2
GAGTGTTGTTGGCCGT	g2
GAGTGTTTCCATGAGT	g7
GAGTTACAGACAGCTG	g2
GAGTTACAGGACTATA	g0
GAGTTACCACAGTCGC	g1
GAGTTACCACGACCTG	g2
GAGTTACCACGCAAAG	g8
GAGTTACCATACAGGG	g2
GAGTTACCATAGATCC	g7
GAGTTACGTATGAGGC	g6
GAGTTACGTATGGTAA	g7
GAGTTACGTGATCATC	g9
GAGTTACGTTGGCCTG	g2
GAGTTACTCACTGTTT	g4
GAGTTACTCTCAAAGC	g8
GAGTTACTCTGGCTGG	g4
GAGTTGTAGAAGGTAG	g0
GAGTTGTAGGCGCTCT	g1
GAGTTGTAGTCAGCGA	g4
GAGTTGTCAATAACCC	g7
GAGTTGTCAATAACGA	g4
GAGTTGTCAATAGAGT	g0
GAGTTGTCACACTGGC	g0
GAGTTGTCAGCTGTCG	g4
GAGTTGTCAGGACATG	g0
GAGTTGTCATCAGCTA	g0
GAGTTGTCATGTGTCA	g3
GAGTTGTGTACAGTAA	g2
GAGTTGTGTTACCTGA	g0
GAGTTGTGTTCTCTCG	g2
GAGTTGTTCCGGTAAT	g2
GAGTTGTTCGCACGAC	g3
GAGTTGTTCTCGTTTA	g0
GAGTTTGAGAGTATAC	g0
GAGTTTGAGCAATTAG	g4
GAGTTTGAGTGCAGCA	g0
GAGTTTGCACAGTGTT	g0
GAGTTTGCACCAAAGG	g2
GAGTTTGCACCAGTTA	g2
GAGTTTGCACGCAAAG	g0
GAGTTTGCAGGACTAG	g2
GAGTTTGCATTCCTAT	g4
GAGTTTGGTCGAGCTC	g2
GAGTTTGGTCGGTAAG	g0
GAGTTTGTCCTGCCAT	g0
GAGTTTGTCGAACTCA	g6
GAGTTTGTCTATGTGG	g0
GAGTTTGTCTCCAATT	g0
GAGTTTGTCTCTGACC	g2
GAGTTTGTCTTGGATG	g1
GATAGAAAGCAAGCCA	g7
GATAGAAAGGTGCATG	g0
GATAGAACAAGGTCAG	g6
GATAGAACAATGGCCC	g4
GATAGAACACACGTGC	g2
GATAGAACACCTTCGT	g0
GATAGAACACTCCGGA	g2
GATAGAAGTACAGTCT	g4
GATAGAAGTCCGAAGA	g0
GATAGAAGTCCGGACT	g0
GATAGAAGTCGCGTTG	g0
GATAGAAGTCTCAAGT	g2
GATAGAAGTGGCCTCA	g0
GATAGAAGTGGGCTTC	g0
GATAGAAGTTACACTG	g0
GATAGAAGTTACGCCG	g0
GATAGAAGTTTGTGGT	g4
GATAGAATCCTAAACG	g0
GATAGAATCGCTCATC	g0
GATAGCTAGAAACACT	g2
GATAGCTAGAGCATAT	g7
GATAGCTAGAGTGAAG	g0
GATAGCTAGGGATCTG	g7
GATAGCTAGTCGCTAT	g0
GATAGCTAGTGAACAT	g0
GATAGCTAGTTTGAGA	g0
GATAGCTCAAAGAACT	g0
GATAGCTCACCTGATA	g2
GATAGCTCACTTGTGA	g9
GATAGCTCATACAGAA	g0
GATAGCTCATGTTTGG	g0
GATAGCTGTAGGCAGT	g1
GATAGCTGTCCTGTTC	g2
GATAGCTGTCGTGGTC	g0
GATAGCTGTGGCTCTG	g0
GATAGCTGTGGTCTAT	g5
GATAGCTGTTAAGTCC	g2
GATAGCTTCCACTAGA	g6
GATAGCTTCGCATTAG	g0
GATCACAAGACGACTG	g4
GATCACAAGATCACCT	g2
GATCACAAGCAACTTC	g2
GATCACAAGCATAGGC	g2
GATCACAAGTGCCAGA	g9
GATCACACAATTTCGG	g0
GATCACACAGCACCCA	g6
GATCACACATCTGTTT	g4
GATCACAGTAGCGTCC	g0
GATCACAGTCATAACC	g4
GATCACAGTTGCAAGG	g7
GATCACAGTTTACCTT	g4
GATCAGTAGAGGCTGT	g0
GATCAGTAGTAGGCCA	g4
GATCAGTCAACACAAA	g2
GATCAGTCAGAAGTTA	g4
GATCAGTCAGCGCTTG	g3
GATCAGTCATACATCG	g2
GATCAGTGTATGCTAC	g6
GATCAGTGTCAGACTT	g2
GATCAGTGTGCAATAA	g1
GATCAGTGTTATCTTC	g2
GATCAGTGTTGAATCC	g0
GATCATGAGCGTGCTC	g4
GATCATGCAAACTCTG	g2
GATCATGCACTCATAG	g0
GATCATGCAGAGAATT	g2
GATCATGCAGCTCCTT	g4
GATCATGCATACCGTA	g6
GATCATGCATATGCGT	g2
GATCATGGTAACTTCG	g4
GATCATGGTACACGTT	g2
GATCATGGTCTAGATC	g0
GATCATGGTTATTCCT	g0
GATCATGTCCCGTAAA	g2
GATCATGTCGGAATTC	g0
GATCATGTCGTGACTA	g8
GATCATGTCTCCTGAC	g2
GATCCCTAGAGGATGA	g2
GATCCCTAGCGAGTAC	g2
GATCCCTAGCTCGTGC	g2
GATCCCTAGTACCATC	g7
GATCCCTAGTACTGTC	g4
GATCCCTAGTGGCGAT	g0
GATCCCTCAATAGTGA	g0
GATCCCTCATCAGCAT	g4
GATCCCTGTAACGTTC	g2
GATCCCTGTCGTTCAA	g1
GATCCCTTCAAGCCCG	g2
GATCCCTTCGTAACAC	g0
GATCCCTTCGTGTGAT	g0
GATCCCTTCTCTGACC	g4
GATCCCTTCTTCCACG	g2
GATCGTAAGACCAAGC	g3
GATCGTAAGCCTGGAA	g0
GATCGTAAGGGAGGGT	g0
GATCGTACACATACTG	g0
GATCGTACAGATACCT	g0
GATCGTAGTCCAGCCA	g4
GATCGTAGTCCGGTCA	g2
GATGACTAGCACTGGA	g2
GATGACTAGCTGTCCG	g7
GATGACTCACTGTTCC	g7
GATGACTCAGCCCAGT	g0
GATGACTCAGTAGAGC	g7
GATGACTGTTCCTAGA	g0
GATGACTTCACCATCC	g0
GATGACTTCCCGAGGT	g4
GATGACTTCGTGCATA	g2
GATGACTTCTGGCCTT	g2
GATGAGGAGAAAGTCT	g0
GATGAGGAGGCATTTC	g0
GATGAGGAGTCAACAA	g4
GATGAGGAGTGGTTCT	g7
GATGAGGCACTGTCCT	g3
GATGAGGCATAGTCAC	g0
GATGAGGGTAACTAAG	g0
GATGAGGGTGATCGTT	g0
GATGAGGGTTCTTAGG	g2
GATGAGGTCAACTCTT	g0
GATGAGGTCAGTGTCA	g4
GATGAGGTCGGCTGAC	g7
GATGAGGTCTCTAGGA	g2
GATGATCAGCGCCTCA	g0
GATGATCAGGTCGCCT	g2
GATGATCCACGACAAG	g2
GATGATCCATAACCCA	g4
GATGATCCATTCTCCG	g7
GATGATCGTATACAGA	g2
GATGATCGTCAAAGAT	g8
GATGATCGTCATTGCA	g2
GATGATCTCAGCTTGA	g2
GATGATCTCCATGATG	g2
GATGATCTCCTACACC	g2
GATGATCTCGGCACTG	g0
GATGATCTCTTTCGAT	g0
GATGCTACACACTTAG	g4
GATGCTAGTAGTCCTA	g3
GATGCTAGTCACGCTG	g2
GATGCTAGTGGAGAAA	g3
GATGCTAGTGTATTCG	g4
GATGCTATCAACTTTC	g0
GATGCTATCAGTCAGT	g7
GATGCTATCAGTGTGT	g2
GATGCTATCCGATCTC	g2
GATGCTATCTACTCAT	g0
GATGCTATCTCCTACG	g0
GATGGAGAGAAATGGG	g0
GATGGAGAGAGAACCC	g0
GATGGAGAGCCGCACT	g2
GATGGAGAGGCTAAAT	g2
GATGGAGAGGTAAACT	g0
GATGGAGAGGTATCTC	g0
GATGGAGCAATCGAAA	g3
GATGGAGGTCACCGCA	g7
GATGGAGTCAAGCCTA	g3
GATGGAGTCAAGTCTG	g4
GATGGAGTCCCTGGTT	g2
GATGGAGTCTCTTAAC	g2
GATGGAGTCTGGAGAG	g7
GATGTTGAGACAGCTG	g2
GATGTTGAGAGTGAAG	g2
GATGTTGAGAGTGGCT	g2
GATGTTGCAACTGAAA	g2
GATGTTGCACGCAAAG	g4
GATGTTGCACGCTTAA	g2
GATGTTGCACGGTGAA	g3
GATGTTGGTACGAGCA	g4
GATGTTGGTATGATCC	g8
GATGTTGGTTCAGGTT	g8
GATGTTGTCCCAAGCG	g2
GATGTTGTCCTGTTGC	g4
GATGTTGTCTTAAGGC	g1
GATTCGAAGAGAGTGA	g4
GATTCGAAGCAGAAAG	g0
GATTCGAAGCCTCCAG	g0
GATTCGAAGGGTAATT	g2
GATTCGACAACGGTAG	g4
GATTCGACACCCTGTT	g0
GATTCGACAGAGAATT	g0
GATTCGACAGCTAACT	g2
GATTCGACATCAGCTA	g0
GATTCGAGTAAGGCTG	g4
GATTCGAGTACGACAG	g0
GATTCGAGTACGCGTC	g3
GATTCGAGTAGACGGT	g0
GATTCGATCAACCGAT	g6
GATTCGATCAATCGGT	g9
GATTCGATCCCGTGTT	g0
GATTCGATCCCTCAAC	g0
GATTCGATCGCAGTGC	g0
GATTCGATCGGTGTAT	g6
GATTCTTAGGGTCAAC	g7
GATTCTTAGTGATAGT	g2
GATTCTTCAGCTTTCC	g7
GATTCTTCATAGCACT	g0
GATTCTTGTACACTCA	g2
GATTCTTGTCGCACGT	g1
GATTCTTGTCGTATGT	g0
GATTCTTGTCTTGGTA	g2
GATTCTTTCAAACCCA	g0
GATTCTTTCCGATTAG	g1
GATTGGTAGAGAGCGG	g9
GATTGGTAGGAACTAT	g4
GATTGGTCATTACTCT	g4
GATTGGTGTCTCGGGT	g0
GATTGGTGTGGACTGA	g4
GATTGGTGTGGCTCTG	g4
GATTGGTGTTAGAGTA	g10
GATTGGTTCTTGAACG	g0
GATTTCTAGACAGCGT	g6
GATTTCTAGAGGATGA	g0
GATTTCTAGTGCACAG	g0
GATTTCTCAACTCCAA	g0
GATTTCTCAATCCTTT	g0
GATTTCTCAGGGCTTC	g0
GATTTCTCATCTCATT	g1
GATTTCTCATGAAGGC	g2
GATTTCTGTATGGAAT	g8
GATTTCTTCCGCGAGT	g0
GATTTCTTCCGCGGAT	g0
GATTTCTTCGAGATGG	g0
GATTTCTTCTGCTTAT	g7
GCAACATAGCCACCGT	g2
GCAACATAGTGCCAGA	g0
GCAACATAGTGTTCAC	g0
GCAACATCAACACACT	g0
GCAACATCAAGCTGCC	g0
GCAACATGTCTGATAC	g2
GCAACATGTGAGGATC	g8
GCAACATGTTACAGCT	g2
GCAACATTCCGATAAC	g0
GCAACATTCGTGTCAA	g2
GCAACATTCTCATTAC	g2
GCAACATTCTGCGATA	g4
GCAACATTCTTCCAGC	g2
GCAACCGAGCTATCTG	g4
GCAACCGAGGCTCTCG	g4
GCAACCGAGGGAGGGT	g0
GCAACCGAGTCCCGGT	g0
GCAACCGCAGTGTGGA	g6
GCAACCGGTAGTAAGT	g4
GCAACCGGTGCATGTT	g4
GCAACCGGTTGAAGTA	g2
GCAACCGTCAACACCA	g7
GCAACCGTCACACGAT	g0
GCAACCGTCCGAGCTG	g2
GCAACCGTCGAACTCA	g3
GCACATAAGTAGGATT	g2
GCACATAGTACCTAAC	g7
GCACATAGTATACCCA	g2
GCACATAGTCGCATGC	g2
GCACATAGTGCTAGCC	g8
GCACATATCATCTATC	g1
GCACGGTAGACTACCT	g7
GCACGGTAGATGTTGA	g2
GCACGGTAGCTCCACG	g0
GCACGGTAGTACAACA	g4
GCACGGTAGTTAGTGA	g7
GCACGGTAGTTGTAAG	g3
GCACGGTCAATGAACA	g0
GCACGGTCACTCCGAG	g0
GCACGGTCAGAGGGTT	g0
GCACGGTCAGGACTAG	g7
GCACGGTGTCAAAGCG	g2
GCACGGTGTCTCTCTG	g2
GCACGGTTCCGAACGC	g0
GCACGGTTCGACGATT	g0
GCACGGTTCGGCTATA	g8
GCACGTGAGCAAGTCG	g7
GCACGTGAGCCAGTAG	g0
GCACGTGAGGCCCACT	g2
GCACGTGAGGTAAAGG	g0
GCACGTGCACACTGGC	g8
GCACGTGCACTGGCCA	g7
GCACGTGCAGCTATAC	g4
GCACGTGCAGCTTCCT	g0
GCACGTGCATAACCCA	g0
GCACGTGCATCGTTCC	g7
GCACGTGGTATCCCTC	g4
GCACGTGGTATCGAAA	g0
GCACGTGGTCCACTCT	g0
GCACGTGGTGGTAACG	g7
GCACGTGGTGTAAACA	g2
GCACGTGGTGTAGTGG	g2
GCACGTGTCCCACAGG	g2
GCACGTGTCGCTCATC	g0
GCACGTGTCTCGGCTT	g0
GCACGTGTCTGTTCAT	g0
GCACTAAAGACGTCGA	g2
GCACTAAAGCACACAG	g7
GCACTAAAGCATGAAT	g0
GCACTAACATTGAGCT	g4
GCACTAAGTTCTATCT	g0
GCACTAATCAATCTTC	g8
GCACTAATCAGTAGGG	g3
GCAGCCAAGCATGTTC	g7
GCAGCCACAAAGTGTA	g4
GCAGCCACAGACAATA	g2
GCAGCCACAGTAACCT	g2
GCAGCCAGTATACCTG	g1
GCAGCCAGTCCACAGC	g0
GCAGCCAGTGAATGAT	g0
GCAGCCAGTGCAACAG	g2
GCAGCCATCAAGGAGC	g4
GCAGCCATCGCTACGG	g7
GCAGCCATCGCTGACG	g3
GCAGCTGAGAAACTGT	g7
GCAGCTGAGAATCTAG	g0
GCAGCTGAGAGTTGCG	g2
GCAGCTGAGATTCGAA	g0
GCAGCTGAGCATGCGA	g0
GCAGCTGAGTGGTTGG	g10
GCAGCTGAGTTAACAG	g0
GCAGCTGAGTTGCGAG	g3
GCAGCTGCAATTCGTG	g7
GCAGCTGCACGACGTC	g8
GCAGCTGCAGATCCTA	g4
GCAGCTGCAGGTTCGC	g1
GCAGCTGGTATGTCTG	g0
GCAGCTGGTCGGTGAA	g4
GCAGCTGGTGTTCAGT	g7
GCAGCTGTCCACGTCT	g0
GCAGCTGTCTACACTT	g6
GCAGCTGTCTCGGTCT	g4
GCAGCTGTCTGACAGT	g4
GCAGGCTAGCTGACAG	g2
GCAGGCTCAACTGAAA	g2
GCAGGCTCAAGTGTCT	g0
GCAGGCTCAATACCTG	g0
GCAGGCTCACGGCTAC	g7
GCAGGCTCAGTGCGCT	g7
GCAGGCTCATCGAACT	g6
GCAGGCTCATCGCTCT	g2
GCAGGCTCATCTCATT	g4
GCAGGCTCATCTTAGG	g0
GCAGGCTCATGTCGTA	g0
GCAGGCTGTACGAAAT	g2
GCAGGCTGTCCCTAAA	g7
GCAGGCTGTTGAGAGC	g0
GCAGGCTTCGAGTCTA	g4
GCAGGCTTCTAACACG	g0
GCAGTTACAAAGTGTA	g0
GCAGTTACAACGAGGT	g3
GCAGTTACAATTCTTC	g7
GCAGTTACATCGATCA	g4
GCAGTTACATCTCGTC	g0
GCAGTTACATGAAGCG	g0
GCAGTTAGTCGACTTA	g9
GCAGTTAGTGACATCT	g4
GCAGTTATCAGAACCT	g3
GCATCGGAGAGGGTAA	g0
GCATCGGAGATCCTAC	g4
GCATCGGAGCTGCCTG	g0
GCATCGGAGTGCCCGT	g2
GCATCGGCAATTCACG	g4
GCATCGGCAGTTGAAA	g0
GCATCGGGTCACTACA	g9
GCATCGGGTCCCACGA	g0
GCATCGGGTCTCTCCA	g0
GCATCGGGTTTACGAC	g2
GCATCGGTCACCTTGC	g7
GCATCGGTCAGGCGAA	g7
GCATCGGTCATGCATG	g0
GCATCGGTCCACAGCG	g0
GCATCGGTCCCGATCT	g7
GCATCGGTCGGAACTT	g2
GCATCTCAGACCAAAT	g0
GCATCTCAGCAGAAAG	g4
GCATCTCAGGTAAACT	g0
GCATCTCCAATTCGTG	g4
GCATCTCCATATCGGT	g2
GCATCTCGTATGAGGC	g0
GCATCTCGTCCACACG	g8
GCATCTCGTCCGGATC	g2
GCATCTCGTCGTCTCT	g4
GCATCTCGTGGCCTCA	g0
GCATCTCGTTCGATTG	g8
GCATCTCGTTGCCAAT	g7
GCATCTCTCCGAGATT	g0
GCATCTCTCGCCTTGT	g0
GCATGATAGACATAAC	g0
GCATGATAGACCTCCG	g4
GCATGATAGCAACAAT	g8
GCATGATAGGGCTTCC	g0
GCATGATCAGAGTCAG	g7
GCATGATGTCAAGCCC	g8
GCATGATGTCAAGCGA	g4
GCATGATGTGCAGGAT	g1
GCATGATGTGGCCACT	g2
GCATGATTCAAAGGAT	g0
GCATGATTCAACTCTT	g0
GCATGATTCATTTGGG	g2
GCATGATTCGGTGTTA	g2
GCATGATTCTGCTCTG	g2
GCATGATTCTTGCGCT	g1
GCATTAGAGTTAGTGA	g0
GCATTAGCACCCTGAG	g2
GCATTAGCAGCCGTTG	g2
GCATTAGCAGTTGAAA	g4
GCATTAGCATTGAGGG	g3
GCATTAGGTGGATCAG	g0
GCATTAGGTTGAATCC	g0
GCATTAGTCGAGATAA	g0
GCATTAGTCGAGTACT	g0
GCATTAGTCGATTTCT	g4
GCATTAGTCGCACGAC	g7
GCATTAGTCTAACACG	g2
GCATTAGTCTACTCAT	g4
GCATTAGTCTGGGTCG	g2
GCCAACGAGACCTCCG	g3
GCCAACGAGAGCATTA	g8
GCCAACGAGAGGTGCT	g7
GCCAACGAGCATAGGC	g0
GCCAACGCACCTGTCT	g2
GCCAACGGTGAAGCTG	g2
GCCAACGGTGCCGGTT	g0
GCCAACGGTTGACGGA	g4
GCCAACGGTTTAGAGA	g4
GCCAACGTCCGCGAGT	g2
GCCAACGTCTGCAGCG	g0
GCCAACGTCTTTGCGC	g0
GCCAGCAAGAGCAGTC	g3
GCCAGCAAGCCTATTG	g7
GCCAGCAAGGAACTCG	g0
GCCAGCAAGGATTTCC	g7
GCCAGCAAGTACAGCG	g0
GCCAGCACAGCGACAA	g8
GCCAGCACAGTCAGAG	g2
GCCAGCACATCCGGTG	g2
GCCAGCAGTCACTAGT	g0
GCCAGCAGTCGTTGGC	g0
GCCAGCAGTGAGAACC	g0
GCCAGCAGTGCCTAAT	g3
GCCAGCAGTTTACCTT	g0
GCCAGCATCATTTGCT	g0
GCCAGCATCCCGAACG	g2
GCCAGCATCTCCAAGA	g7
GCCAGGTAGTCGCTAT	g4
GCCAGGTCACGTAACT	g2
GCCAGGTCAGGTCTCG	g7
GCCAGGTGTCCTACGG	g0
GCCAGGTGTGTAGGAC	g0
GCCAGGTGTTAGAGTA	g7
GCCAGGTTCCAACACA	g7
GCCAGGTTCCAGTTCC	g4
GCCAGTGAGAAGGCTC	g4
GCCAGTGAGACTCTAC	g2
GCCAGTGAGCACACAG	g2
GCCAGTGAGCTGGAGT	g2
GCCAGTGAGGTGCTAG	g3
GCCAGTGCATGCCGAC	g3
GCCAGTGGTACTCGTA	g0
GCCAGTGGTAGCTAAA	g6
GCCAGTGGTCCAGGTC	g0
GCCAGTGGTGACTAAA	g2
GCCAGTGGTTAAGCAA	g0
GCCAGTGGTTAATGAG	g0
GCCAGTGTCACCATCC	g2
GCCAGTGTCAGTGTCA	g2
GCCAGTGTCCACCTGT	g0
GCCAGTGTCCTTATGT	g0
GCCAGTGTCTACGCGG	g0
GCCATGGAGGAAAGAC	g0
GCCATGGAGGATGGCT	g7
GCCATGGCACAACGCC	g0
GCCATGGCAGTCGGAA	g0
GCCATGGCAGTTCTAG	g2
GCCATGGGTAGGATAT	g4
GCCATGGGTGAGTTGG	g2
GCCATGGGTTCAAGGG	g1
GCCATGGGTTGAAGTA	g3
GCCATGGGTTGGCCTG	g4
GCCATGGTCATCACTT	g0
GCCATGGTCGAACGGA	g0
GCCATTCAGATCGCCC	g7
GCCATTCAGTAGGAAG	g0
GCCATTCGTAGCGTTT	g0
GCCATTCGTCGGTGTC	g4
GCCATTCTCTGTGCGG	g0
GCCCAGAAGATGCCGA	g1
GCCCAGAAGCAATAAC	g1
GCCCAGAAGTCAGCGA	g3
GCCCAGACAACATACC	g0
GCCCAGACAACCTAAC	g3
GCCCAGACATCGAGCC	g2
GCCCAGACATTCGATG	g2
GCCCAGAGTACGGGAT	g4
GCCCAGAGTCGGAAAC	g2
GCCCAGAGTCGTAATC	g3
GCCCAGAGTCTGTGCG	g2
GCCCAGAGTGCGAGTA	g2
GCCCAGAGTTACGGAG	g2
GCCCAGAGTTCGTAAC	g0
GCCCAGATCACGGGAA	g3
GCCCAGATCTGCTGAA	g4
GCCCAGATCTTTGCGC	g2
GCCCGAAAGGTAATCA	g2
GCCCGAAAGTAAGAGG	g0
GCCCGAAAGTTTCGAC	g7
GCCCGAACACAAAGCG	g0
GCCCGAACACCACATA	g3
GCCCGAACACGAGGAT	g0
GCCCGAACAGAATCGG	g0
GCCCGAACAGGACAGT	g0
GCCCGAACATTACTCT	g9
GCCCGAAGTCACTACA	g7
GCCCGAAGTGACTGTT	g2
GCCCGAAGTGATGAAT	g0
GCCCGAAGTTCTTCAT	g2
GCCCGAATCCCGATCT	g2
GCCCGAATCGCCGAAC	g4
GCCCGAATCGCGGTAC	g2
GCCCGAATCTCCAAGA	g0
GCCCGAATCTGCGGCA	g0
GCCGATGAGACAGCTG	g3
GCCGATGAGACGACTG	g3
GCCGATGAGACTCTAC	g2
GCCGATGAGGAGTATT	g0
GCCGATGAGGTGTGAC	g1
GCCGATGAGTCGCGAA	g0
GCCGATGAGTCGGCAA	g0
GCCGATGCAAAGGGTC	g0
GCCGATGGTCAGGAGT	g3
GCCGATGGTCTTGCTC	g4
GCCGATGGTTGTTGCA	g0
GCCGATGTCATTCGGA	g0
GCCGATGTCGATAACC	g0
GCCGATGTCGTTCATT	g7
GCCGATGTCTCGGGAC	g1
GCCGTGAAGATAGTGT	g2
GCCGTGAAGATTAGTG	g2
GCCGTGAAGTTAACGA	g0
GCCGTGACAACGCATT	g0
GCCGTGACACGGCCAT	g0
GCCGTGACACTGCACG	g7
GCCGTGACAGCCGTCA	g4
GCCGTGACAGGTCCGT	g0
GCCGTGAGTAACGCGA	g2
GCCGTGAGTCCTACGG	g0
GCCGTGAGTCGAACAG	g4
GCCGTGAGTCGTAATC	g9
GCCGTGAGTTCTCACC	g7
GCCGTGAGTTGTATGC	g0
GCCGTGATCAACACGT	g7
GCCGTGATCACCCTTG	g4
GCCGTGATCCGAGCTG	g0
GCCGTGATCGAGCCTG	g4
GCCGTGATCTCGCCTA	g2
GCCGTGATCTCTCGAC	g8
GCCTGTTAGCCTATTG	g2
GCCTGTTCAGTAGTTC	g4
GCCTGTTCAGTCAGCC	g2
GCCTGTTGTGAACTAA	g7
GCCTGTTGTGCCTTTC	g0
GCCTGTTGTGGACCTC	g0
GCCTGTTTCACTTGTT	g2
GCCTGTTTCCGAGATT	g0
GCCTGTTTCCGCACGA	g0
GCCTGTTTCGTGCGAC	g2
GCGAGAAAGAGTGTTA	g0
GCGAGAAAGGTTGACG	g1
GCGAGAAAGTAGGTTA	g0
GCGAGAACAAGCTACT	g1
GCGAGAACAATTCTCT	g0
GCGAGAACACATTCTT	g0
GCGAGAACAGTCAGTT	g4
GCGAGAACATCCGTTC	g0
GCGAGAAGTGCGTGCT	g2
GCGAGAATCCAGTACA	g4
GCGAGAATCCATGATG	g2
GCGAGAATCGCTGTCT	g7
GCGAGAATCTTAAGGC	g4
GCGAGAATCTTAGGAC	g7
GCGATCGAGAATGTTG	g4
GCGATCGCACTCTAGA	g0
GCGATCGCAGTTAGGG	g0
GCGATCGGTGTTCATG	g9
GCGATCGGTTGGGATG	g0
GCGATCGTCGCGCTGA	g1
GCGGAAAAGGAAAGAC	g0
GCGGAAAAGGCGATAC	g0
GCGGAAAAGTGAATAC	g0
GCGGAAACAAGATGGC	g0
GCGGAAACACATTGTG	g2
GCGGAAACACCGTACG	g0
GCGGAAACACGGGCTT	g0
GCGGAAACACGGTGCT	g0
GCGGAAACACTCAGAT	g7
GCGGAAACATCACGGC	g7
GCGGAAAGTGACTAAA	g0
GCGGAAATCTATACGG	g0
GCGGAAATCTCATAGG	g4
GCGGAAATCTTAATCC	g2
GCGGATCAGACAGCTG	g0
GCGGATCAGACTCAAA	g0
GCGGATCAGTGAACAT	g0
GCGGATCCACTGCGAC	g4
GCGGATCGTCTGCATA	g4
GCGGATCGTGCCTTTC	g0
GCGGATCTCGCTGTTC	g1
GCGGATCTCTCATGGA	g0
GCGTGCACAAACTGCT	g0
GCGTGCACAAATGCGG	g0
GCGTGCACAACTCGTA	g0
GCGTGCACATCCGATA	g7
GCGTGCATCCAATCCC	g0
GCGTGCATCCTACGAA	g4
GCGTGCATCCTGGGTG	g7
GCGTGCATCGAAGCCC	g0
GCGTTTCAGACCTCAT	g0
GCGTTTCAGAGCAGCT	g2
GCGTTTCAGCCGATAG	g4
GCGTTTCAGCTCATAC	g0
GCGTTTCAGGCCCACT	g0
GCGTTTCAGGTTCTAC	g1
GCGTTTCAGTATGATG	g4
GCGTTTCAGTGCCAGA	g0
GCGTTTCCACGTCGGT	g0
GCGTTTCCATATCGGT	g0
GCGTTTCGTGACGCCT	g0
GCGTTTCGTGAGAACC	g2
GCGTTTCGTGGTAACG	g3
GCGTTTCGTTAGAAAC	g0
GCGTTTCTCAGGTGTT	g3
GCGTTTCTCCACGTCT	g0
GCGTTTCTCGCCTAGG	g0
GCGTTTCTCGGCTATA	g0
GCTACAAAGAGCACTG	g2
GCTACAAAGATAACAC	g9
GCTACAAAGCCTTGAT	g2
GCTACAAAGCGAATGC	g6
GCTACAAAGGTACAAT	g4
GCTACAAAGTGCGCTC	g2
GCTACAAAGTGTACCT	g4
GCTACAACAAGACGGT	g0
GCTACAACAGCCTTCT	g0
GCTACAACATATTCGG	g2
GCTACAACATCGAAGG	g2
GCTACAAGTGACTAAA	g0
GCTACAAGTGCGAACA	g0
GCTACAAGTTACACTG	g0
GCTACAATCAGCGGAA	g2
GCTACAATCATCGCCT	g2
GCTACAATCCACATAG	g0
GCTACAATCCACGTAA	g2
GCTACAATCCCGATCT	g0
GCTACAATCGTTGTGA	g2
GCTACAATCTGGCCTT	g0
GCTACAATCTTAATCC	g9
GCTACAATCTTGAACG	g0
GCTACCTAGCGACAGT	g4
GCTACCTAGTTGGAAT	g4
GCTACCTCAATCAAGA	g2
GCTACCTCATGTAACC	g0
GCTACCTGTATTGAGA	g0
GCTACCTGTCGTCATA	g3
GCTACCTGTGAATTGA	g2
GCTACCTTCTAGGAAA	g2
GCTCAAAAGCTGCCAC	g2
GCTCAAAAGGGAGGAC	g0
GCTCAAAAGGGCTGAT	g0
GCTCAAAGTCCTACAA	g7
GCTCAAAGTCTGTAGT	g4
GCTCAAATCAACCCGG	g6
GCTCAAATCCAAGCTA	g0
GCTGAATAGGACCCAA	g2
GCTGAATAGGTAGCCA	g2
GCTGAATAGTGGTGGT	g0
GCTGAATCAAAGCTAA	g4
GCTGAATCAAGCGAGT	g0
GCTGAATCAGAAGCTG	g0
GCTGAATCAGGACGAT	g2
GCTGAATCATATAGCC	g4
GCTGAATCATTGACAC	g8
GCTGAATGTTTACTTC	g7
GCTGAATTCAAGTGGG	g0
GCTGAATTCACCGACG	g1
GCTGAATTCACGGAGA	g0
GCTGAATTCGTACCTC	g2
GCTGCAGAGATGTTGA	g4
GCTGCAGAGGATACCG	g4
GCTGCAGCAAGGGCAT	g7
GCTGCAGCAAGTGACG	g4
GCTGCAGCACATGACT	g0
GCTGCAGCACCTATCC	g0
GCTGCAGCAGCGGTTC	g7
GCTGCAGGTCGTGGTC	g0
GCTGCAGGTTAGGGAC	g0
GCTGCAGTCATAGGCT	g2
GCTGCAGTCATGCCAA	g0
GCTGCAGTCCAAAGGG	g2
GCTGCAGTCGCTACAA	g0
GCTGCAGTCTGGCTGG	g1
GCTGCAGTCTGTCTCG	g0
GCTGGGTAGATAGGGA	g0
GCTGGGTAGGACTATA	g4
GCTGGGTAGTCGTCTA	g4
GCTGGGTCACTACTTT	g7
GCTGGGTCAGGCGTTC	g2
GCTGGGTGTACGAGTG	g2
GCTGGGTGTAGAGACC	g2
GCTGGGTTCACCCTCA	g4
GCTGGGTTCACCTTAT	g7
GCTGGGTTCGCTCTAC	g3
GCTGGGTTCGGAGCAA	g2
GCTGGGTTCGTCGATA	g2
GCTGGGTTCGTTGTGA	g0
GCTGGGTTCTGCTGAA	g9
GCTTCACAGAATCGCG	g1
GCTTCACAGACCAAGC	g2
GCTTCACAGTGGTTAA	g2
GCTTCACCACCGTGGT	g7
GCTTCACCAGATACCT	g2
GCTTCACCAGGTAGTG	g8
GCTTCACCATCCGCGA	g2
GCTTCACGTAAGGCCA	g0
GCTTCACGTAGCCAGA	g4
GCTTCACGTAGTACGG	g2
GCTTCACGTCCGGATC	g3
GCTTCACGTGTCCCTT	g0
GCTTCACTCCATAAGC	g3
GCTTCACTCGCATGAT	g8
GCTTCACTCTTCCCAG	g0
GCTTGGGAGAGAGGGC	g4
GCTTGGGAGGCGTTAG	g8
GCTTGGGAGGTCATAA	g7
GCTTGGGCAGTCGAGA	g2
GCTTGGGCATGAGGGT	g2
GCTTGGGCATTCCTCG	g0
GCTTGGGGTAGCTAAA	g2
GCTTGGGGTATCGGTT	g6
GCTTGGGGTCTGATCA	g2
GCTTGGGGTGGACTAG	g4
GCTTGGGGTTTAGACC	g0
GCTTGGGTCGAAGCCC	g2
GCTTGGGTCGAGCCAC	g4
GCTTGGGTCTGGAGAG	g0
GCTTGGGTCTTTGCTA	g2
GCTTTCGAGCCACCGT	g2
GCTTTCGAGCCTGAGA	g0
GCTTTCGAGCGAATGC	g7
GCTTTCGAGCTAAGTA	g0
GCTTTCGAGGAATGTT	g0
GCTTTCGAGTATAGAC	g0
GCTTTCGGTCGCACGT	g2
GCTTTCGTCGCCAATA	g2
GGAACCCGTTGCTCGG	g2
GGAACCCTCATGGATC	g2
GGAACCCTCGATGCTA	g2
GGAACCCTCGTCAGAT	g4
GGAACCCTCTGCTGAA	g7
GGAACCCTCTGTGTGA	g4
GGAAGTGAGCTGAGCA	g7
GGAAGTGAGTCCCGAC	g0
GGAAGTGCAAATACAG	g1
GGAAGTGGTAACATCC	g3
GGAAGTGGTATGTGTC	g7
GGAAGTGGTCTAGTGT	g2
GGAAGTGGTGCTGTCG	g2
GGAAGTGGTGGGTATG	g0
GGAAGTGGTGTTCAGT	g2
GGAAGTGGTTTACACG	g0
GGAAGTGTCCATCTGC	g5
GGAAGTGTCCATTCAT	g1
GGAAGTGTCCGATGTA	g9
GGAAGTGTCTCACTCG	g1
GGAAGTGTCTCCGTGT	g2
GGAAGTGTCTTGTGCC	g0
GGAATCTAGACCAGCA	g2
GGAATCTCAATTTCGG	g6
GGAATCTCACCGGCTA	g2
GGAATCTGTACGTAGG	g2
GGAATCTGTAGGTGCA	g2
GGAATCTGTCGGTAAG	g4
GGAATCTGTTAGGGAC	g2
GGAATCTGTTCAAAGA	g3
GGAATCTTCAGTCCGG	g0
GGAATCTTCCAATCCC	g7
GGAATCTTCCTCTAAT	g0
GGAATGGAGACTAGAT	g0
GGAATGGCAACCAATC	g0
GGAATGGCAACTCCCT	g9
GGAATGGCACGTCATA	g2
GGAATGGCAGTGTACT	g3
GGAATGGGTCCCACGA	g3
GGAATGGGTGTCTTGA	g2
GGAATGGGTGTTCATG	g4
GGAATGGTCATTGTTC	g2
GGAATGGTCCGTGGCA	g4
GGAATGGTCCTCTCGA	g4
GGAATGGTCTCCGAGG	g2
GGACGTCAGTTAGTGA	g2
GGACGTCCAACCCTCT	g2
GGACGTCCAGACCAGA	g0
GGACGTCCATAGAGGC	g7
GGACGTCGTACAAGTA	g4
GGACGTCGTCACTAGT	g0
GGACGTCGTTGCAAGG	g0
GGACGTCTCAGTGATC	g2
GGACGTCTCATTATCC	g8
GGACGTCTCCCTCGAT	g4
GGACGTCTCGCTAATG	g2
GGACGTCTCTCCGAAA	g0
GGAGAACAGAGCGACT	g7
GGAGAACAGAGGACTC	g0
GGAGAACAGGAAAGTG	g2
GGAGAACAGGGCCTCT	g0
GGAGAACCAAAGAGTT	g0
GGAGAACCAGGGAGAG	g7
GGAGAACGTAGCGCCT	g0
GGAGAACGTCCGGACT	g7
GGAGAACGTCTGCCTT	g2
GGAGAACTCACACCCT	g9
GGAGAACTCCCGTGAG	g2
GGAGAACTCTGAGCAT	g2
GGAGAACTCTGGGTCG	g1
GGAGATGAGACGTCCC	g2
GGAGATGAGACTCAAA	g4
GGAGATGAGGCACGAT	g0
GGAGATGCAACTGCTA	g4
GGAGATGCACACCTGG	g0
GGAGATGCAGCAGTCC	g6
GGAGATGCAGGCATTT	g4
GGAGATGCAGGTTCAT	g2
GGAGATGCAGTGGCTC	g2
GGAGATGCATCCTAAG	g2
GGAGATGGTACTGAGG	g7
GGAGATGGTCAGCGTC	g7
GGAGATGGTGGCCCAT	g8
GGAGATGTCGTAGCCG	g2
GGAGATGTCTCATTTG	g7
GGAGCAAAGCTCATAC	g8
GGAGCAACAATGAAAC	g0
GGAGCAACACATGTTG	g0
GGAGCAACAGACCCGT	g7
GGAGCAACATCCCACT	g0
GGAGCAAGTACCCACG	g6
GGAGCAAGTCCCTCAT	g0
GGAGCAAGTGTAACGG	g1
GGAGGATAGACCATGG	g0
GGAGGATAGAGTCCGA	g4
GGAGGATAGCAACTCT	g0
GGAGGATAGCTAGCCC	g4
GGAGGATAGTGGTTCT	g7
GGAGGATCAACCGTGC	g0
GGAGGATCAAGCGAAC	g0
GGAGGATCACGCGCAT	g4
GGAGGATCACGTATAC	g2
GGAGGATCAGCACAAG	g6
GGAGGATCAGTGTGGA	g0
GGAGGATGTAGGTGCA	g2
GGAGGATGTATAGGAT	g2
GGAGGATGTCCGTTTC	g7
GGAGGATTCCGTATGA	g0
GGAGGATTCGAATCCA	g2
GGAGGATTCTTCGACC	g2
GGAGGTAAGAACCGCA	g2
GGAGGTAAGCACCTGC	g2
GGAGGTAAGCAGCACA	g0
GGAGGTAAGCTCCGAC	g0
GGAGGTAAGCTTTCCC	g0
GGAGGTAAGGTGCATG	g0
GGAGGTACAAAGCAAT	g10
GGAGGTACAACCCTCT	g0
GGAGGTACACCCAACG	g0
GGAGGTAGTAGGAGGG	g0
GGAGGTAGTATCCCTC	g2
GGAGGTAGTGTGTCGC	g8
GGAGGTAGTTATAGCC	g0
GGAGGTAGTTGACTAC	g8
GGAGGTAGTTGGAGAC	g0
GGAGGTATCCTCTCGA	g4
GGAGGTATCTCAGAAC	g0
GGATCTAAGGGTATAT	g2
GGATCTACAGGAGGAG	g0
GGATCTACATACTGTG	g3
GGATCTATCTCCTACG	g2
GGATGTTAGCGTGCTC	g0
GGATGTTAGTTGCCTA	g0
GGATGTTCAAGGATGC	g0
GGATGTTCAGAGGGTT	g2
GGATGTTGTGAGGCAT	g4
GGATGTTGTGGAATGC	g2
GGATGTTGTGGTCTCG	g7
GGATGTTTCATTGCGA	g2
GGATGTTTCCGAACGC	g0
GGATGTTTCTGCTTTA	g0
GGCACGTAGAGCCTGA	g0
GGCACGTAGATTGACA	g3
GGCACGTAGCGTCAAG	g7
GGCACGTAGCGTCTCG	g4
GGCACGTAGCTGGAGT	g0
GGCACGTCAGGGATAC	g3
GGCACGTCATAACCCA	g0
GGCACGTGTATCAAGA	g8
GGCACGTGTTCGGGTC	g2
GGCACGTGTTGGTACT	g2
GGCACGTTCCGCTGTT	g4
GGCACGTTCTACTTCA	g0
GGCACGTTCTTTGATC	g7
GGCAGTCAGAAGGCTC	g7
GGCAGTCAGGCTCCCA	g3
GGCAGTCAGTGCAGGT	g1
GGCAGTCCAAGACTGG	g0
GGCAGTCCACGGTCTG	g4
GGCAGTCCAGCTTTCC	g0
GGCAGTCCAGTCGCAC	g0
GGCAGTCCATGCACTA	g2
GGCAGTCCATGTAACC	g0
GGCAGTCGTACCATAC	g2
GGCAGTCGTCAGACGA	g0
GGCAGTCGTGGTTTAC	g4
GGCAGTCGTTACACTG	g7
GGCAGTCTCCCGATCT	g4
GGCAGTCTCCGTGCGA	g2
GGCGTCAAGAAGGATG	g0
GGCGTCAAGGCTCTCG	g7
GGCGTCAAGTACTCGT	g4
GGCGTCAAGTATGAAC	g4
GGCGTCAAGTGATCGG	g0
GGCGTCACACCCATAA	g0
GGCGTCACAGAAGTGC	g0
GGCGTCACAGTGTGGA	g1
GGCGTCACATCCGAAT	g0
GGCGTCACATCTAGAC	g0
GGCGTCACATGAATAG	g0
GGCGTCAGTGCAACAG	g7
GGCGTCAGTGGTAATA	g4
GGCGTCATCAGGGATG	g0
GGCGTCATCATTCTTG	g0
GGCGTCATCCTGTACC	g0
GGCGTCATCGACGAGA	g0
GGCGTCATCTCACCCA	g4
GGCTGTGAGCAGTACG	g0
GGCTGTGAGCGATGCA	g2
GGCTGTGAGCGGATCA	g8
GGCTGTGAGGTTCTAC	g7
GGCTGTGCAAGGACAC	g2
GGCTGTGCACCGAATT	g0
GGCTGTGCACTGAGGA	g6
GGCTGTGGTAAGAACT	g4
GGCTGTGGTACTCCCT	g0
GGCTGTGGTGTGAGCA	g7
GGCTGTGGTTAGGGAC	g7
GGCTGTGTCAAGTGTC	g7
GGCTGTGTCAGTGGGA	g0
GGCTGTGTCATTCCTA	g2
GGCTGTGTCCATTGTT	g4
GGCTGTGTCGACGATT	g2
GGCTGTGTCGCGTCGA	g0
GGCTGTGTCTCAGTCC	g8
GGCTTGGAGAGGTTTA	g4
GGCTTGGAGATGCTGG	g9
GGCTTGGAGCATCCCG	g0
GGCTTGGCAACACACT	g8
GGCTTGGCAACGACAG	g2
GGCTTGGCAAGACTGG	g0
GGCTTGGCAATGACCT	g0
GGCTTGGCAGCTTTCC	g2
GGCTTGGGTATGTCCA	g7
GGCTTGGGTATTCTCT	g1
GGCTTGGGTCTTCTAT	g0
GGCTTGGGTTGGAGGT	g4
GGCTTGGTCAACGTGT	g0
GGCTTGGTCAATCCAG	g8
GGCTTGGTCACCTTAT	g0
GGCTTGGTCCAACTGA	g1
GGCTTGGTCCACGAAT	g2
GGCTTGGTCCCTTGGT	g6
GGCTTGGTCGGTTGTA	g0
GGCTTGGTCTAACACG	g3
GGCTTGGTCTTCGATT	g4
GGCTTTCAGAATCGTA	g7
GGCTTTCAGACGAAGA	g2
GGCTTTCAGCCTCTTC	g2
GGCTTTCAGCGTATGG	g2
GGCTTTCAGGTAGCAC	g4
GGCTTTCAGGTTGGAC	g2
GGCTTTCCAAGCACCC	g2
GGCTTTCCACAAGCCC	g0
GGCTTTCCACGGATCC	g2
GGCTTTCCATAACTCG	g7
GGCTTTCGTAACATAG	g4
GGCTTTCGTGCACAAG	g7
GGCTTTCGTTACAGCT	g0
GGCTTTCGTTGATGTC	g0
GGCTTTCTCAACTTTC	g0
GGCTTTCTCATTTCGT	g2
GGCTTTCTCCATTGGA	g0
GGCTTTCTCCGCTTAC	g7
GGCTTTCTCGCGGACT	g0
GGCTTTCTCTGGTGCG	g0
GGGAAGTAGCAGAAAG	g8
GGGAAGTAGGGTACAC	g0
GGGAAGTCACAACGCC	g0
GGGAAGTCACCTCAGG	g0
GGGAAGTCAGAAGCTG	g2
GGGAAGTGTCTCACGG	g8
GGGAAGTGTCTGTGTA	g4
GGGAAGTGTTCCTAAG	g2
GGGAAGTTCAAGCCGC	g4
GGGAAGTTCTCACCCA	g0
GGGAAGTTCTCTTAAC	g0
GGGACAAAGGTAAGTT	g1
GGGACAACAGCGTTGC	g2
GGGACAACATCCGTGG	g2
GGGACAACATGATCTG	g0
GGGACAAGTATTGACC	g0
GGGACAAGTCACCGCA	g8
GGGACAAGTGAGATCG	g4
GGGACAAGTTCTCCCA	g2
GGGACAATCAATCCAG	g0
GGGACAATCATGGGAG	g2
GGGACCTAGACTAGAT	g0
GGGACCTAGCGATGCA	g6
GGGACCTAGGTCCGAA	g2
GGGACCTCAGTCACGC	g0
GGGACCTCATCGAACT	g3
GGGACCTGTGGCACTC	g0
GGGACCTGTTATTCTC	g0
GGGACCTTCACCTCTG	g0
GGGACCTTCATCGACA	g7
GGGACCTTCCGGCTTT	g0
GGGACTCAGGTTTGAA	g7
GGGACTCAGTAGCCAG	g2
GGGACTCAGTATGGAT	g4
GGGACTCCAATAACCC	g0
GGGACTCCAGATAAAC	g4
GGGACTCCAGTAACGG	g2
GGGACTCGTATCGAAA	g0
GGGACTCGTCATACCA	g0
GGGACTCGTGGCTCTG	g2
GGGACTCGTTATAGCC	g0
GGGACTCTCGTGGCGT	g4
GGGAGATAGATACATG	g0
GGGAGATAGCCACTCG	g0
GGGAGATAGTATTAGG	g2
GGGAGATCACAGTATC	g0
GGGAGATGTACTAAGA	g2
GGGAGATGTGCCGTAC	g0
GGGAGATGTGGATCAG	g2
GGGAGATGTGTCCCTT	g8
GGGAGATGTTAGTTCG	g2
GGGAGATTCACTAGCA	g0
GGGAGATTCAGATGCT	g0
GGGAGATTCATGGCCG	g0
GGGAGATTCGGTAACT	g6
GGGAGATTCGTGTCAA	g0
GGGAGATTCTCACTCG	g0
GGGAGTAAGAGGCGGA	g3
GGGAGTAAGCCAAGCA	g2
GGGAGTAAGGATACCG	g1
GGGAGTAAGGCTTTCA	g4
GGGAGTAAGGTTTGAA	g1
GGGAGTACAACTCGTA	g1
GGGAGTACAACTTGGT	g2
GGGAGTACACCACATA	g2
GGGAGTACACGTCGTG	g2
GGGAGTACATACCATG	g0
GGGAGTAGTACCTGTA	g1
GGGAGTAGTAGGGAGG	g1
GGGAGTAGTGGCACTC	g7
GGGAGTATCATTGTGG	g0
GGGAGTATCATTTGCT	g0
GGGAGTATCCTAACAG	g2
GGGAGTATCGAATGCT	g2
GGGAGTATCGTCAACA	g7
GGGAGTATCGTCTACC	g0
GGGATCCAGCGCTGCT	g1
GGGATCCAGGGTCAAC	g0
GGGATCCAGGTTTGAA	g0
GGGATCCCAACCAACT	g7
GGGATCCCAACGGTAG	g6
GGGATCCCAAGCGAAC	g0
GGGATCCCAGGTCAAG	g4
GGGATCCCATCGCTCT	g8
GGGATCCGTACCTTCC	g2
GGGATCCGTCGTTATG	g7
GGGATCCTCACCCTTG	g4
GGGATCCTCACTGATG	g6
GGGATCCTCCTCTCTT	g2
GGGATGAAGATAGTCA	g0
GGGATGAAGCACGATG	g2
GGGATGAAGGAACTCG	g0
GGGATGAAGGGTCTTT	g0
GGGATGAAGGTCACTT	g0
GGGATGAAGTCGAGGT	g9
GGGATGACATCATGAC	g8
GGGATGACATCTCATT	g2
GGGATGACATGATCTG	g2
GGGATGAGTCAAAGAT	g2
GGGATGAGTCACTGAT	g0
GGGATGAGTTGAGGAC	g7
GGGATGATCACCTTAT	g3
GGGATGATCCATGAGT	g6
GGGCCATAGAGGTCAC	g0
GGGCCATAGCATTTGC	g2
GGGCCATAGTCAACAA	g2
GGGCCATAGTTGCATC	g1
GGGCCATCAAAGGCTG	g0
GGGCCATCAAGAAATC	g0
GGGCCATCATAACCCA	g2
GGGCCATGTAATTGGA	g2
GGGCCATGTCCAAAGG	g0
GGGCCATGTGCAACGA	g9
GGGCCATTCTTAGGAC	g3
GGGCGTTAGAGCATAT	g0
GGGCGTTAGATGCGAC	g0
GGGCGTTAGGGACAGG	g2
GGGCGTTAGGTGCCTC	g3
GGGCGTTCAAAGCACG	g0
GGGCGTTCAAGCACAG	g4
GGGCGTTCAGCAATTC	g2
GGGCGTTCAGCAGTAG	g0
GGGCGTTGTAACGATA	g7
GGGCGTTGTAGCACAG	g7
GGGCGTTGTTCTGAGT	g2
GGGCGTTTCACTCTTA	g4
GGGCGTTTCGGCTATA	g2
GGGCTACAGCCGGATA	g2
GGGCTACAGGTTTACC	g0
GGGCTACCACCAGCGT	g3
GGGCTACCATGTGGTT	g0
GGGCTACGTATCCTTT	g4
GGGCTACGTCGTTATG	g3
GGGCTACGTGTTGCCG	g2
GGGCTACTCCACAGCG	g4
GGGCTACTCGGTCAGC	g0
GGGCTACTCGTTTACT	g0
GGGCTCAAGAGTCCGA	g0
GGGCTCAAGAGTCTTC	g4
GGGCTCAAGGGCAATC	g2
GGGCTCAAGTCCTGTA	g0
GGGCTCAAGTTACGAA	g2
GGGCTCACAAAGGCGT	g7
GGGCTCACAAATAAGC	g2
GGGCTCACAGCCTACG	g4
GGGCTCACATGCCGGT	g0
GGGCTCAGTAGCTGCC	g7
GGGCTCAGTAGGACCA	g2
GGGCTCAGTGATTCTG	g7
GGGCTCAGTGCCTAAT	g3
GGGTAGAAGACATAGT	g0
GGGTAGAAGCACTAAA	g2
GGGTAGAAGCGAGTCA	g9
GGGTAGAAGGCTTTCA	g8
GGGTAGACAAGTTTGC	g2
GGGTAGACACAAGTGG	g2
GGGTAGACACTAGGCC	g0
GGGTAGAGTACAGAGC	g0
GGGTAGATCCGTCACT	g4
GGGTAGATCCGTGTGG	g4
GGGTAGATCTTGTGCC	g0
GGGTATTAGACACACG	g0
GGGTATTAGCGAGAAA	g2
GGGTATTAGGAGACCT	g2
GGGTATTAGGGCAGGA	g3
GGGTATTAGTACAGAT	g7
GGGTATTCAAGTGCTT	g8
GGGTATTCACATGGTT	g0
GGGTATTCAGTTTCAG	g3
GGGTATTCATCCGATA	g4
GGGTATTGTGAGCTCC	g4
GGGTATTGTGAGTGAC	g0
GGGTATTGTTGCCTAA	g8
GGGTATTTCATGCAGT	g3
GGGTATTTCGCTGTCT	g3
GGGTCACAGAGGTTAT	g4
GGGTCACAGATAGCTA	g4
GGGTCACAGCACTTTG	g0
GGGTCACAGCGACTAG	g4
GGGTCACAGGAAGTCC	g4
GGGTCACAGGTCCAGA	g4
GGGTCACAGTAGGATT	g2
GGGTCACCAACCGCCA	g4
GGGTCACCACGTCTCT	g4
GGGTCACCAGTAACAA	g2
GGGTCACGTAACGATA	g8
GGGTCACGTATCCCAA	g0
GGGTCACGTATGTCCA	g2
GGGTCACGTTAGTTCG	g4
GGGTCACGTTCTTCAT	g0
GGGTCACTCAACACGT	g6
GGGTCACTCAGGGTAG	g2
GGGTCACTCCGTGGCA	g0
GGGTCACTCTGAGGTT	g0
GGGTCTGAGAAGCCTG	g2
GGGTCTGAGTTTGAGA	g7
GGGTCTGCAAACTGCT	g0
GGGTCTGCACAGTATC	g3
GGGTCTGCAGACGGAT	g3
GGGTCTGCAGCGCTTG	g2
GGGTCTGCATACCGTA	g3
GGGTCTGCATCAACCA	g0
GGGTCTGTCACTTATC	g0
GGGTCTGTCATTATCC	g4
GGGTCTGTCTCTTCAA	g3
GGGTGAAAGGGTAGCT	g3
GGGTGAAAGTGTTGTC	g0
GGGTGAACACTGATTG	g2
GGGTGAACAGAGTAAT	g0
GGGTGAACATCATCCC	g4
GGGTGAAGTGACATCT	g3
GGGTGAAGTGCCTATA	g8
GGGTGAAGTTCGGACC	g7
GGGTGAAGTTGACTAC	g0
GGGTGAAGTTTCACTT	g0
GGGTGAATCCATTGCC	g7
GGGTGAATCCCAGGAC	g2
GGGTGAATCCGCAAAT	g8
GGGTGAATCGACGATT	g0
GGGTGAATCGGTCAGC	g4
GGGTGTCAGACACACG	g4
GGGTGTCAGATCCAAA	g2
GGGTGTCAGGTCATCT	g0
GGGTGTCAGTGCCCGT	g2
GGGTGTCCAACCGGAA	g2
GGGTGTCCAGGAGGAG	g6
GGGTGTCCATCAGTCA	g0
GGGTGTCCATGAAGGC	g0
GGGTGTCGTTCCGCTT	g7
GGGTGTCTCAGACAAA	g0
GGGTGTCTCCGCGATG	g0
GGGTGTCTCGAAGCAG	g4
GGGTGTCTCGCCTCTA	g1
GGGTGTCTCTGGTGGC	g7
GGGTGTCTCTTGCAAG	g4
GGGTTATAGAGTCACG	g2
GGGTTATAGGTCACCC	g0
GGGTTATAGTATAGGT	g3
GGGTTATAGTTGCCCG	g7
GGGTTATCACGTACAT	g0
GGGTTATCAGGCTCTG	g2
GGGTTATCAGGGTTGA	g0
GGGTTATGTCTCGCGA	g0
GGGTTATGTGGAACAC	g2
GGGTTATGTGGGCTTC	g2
GGGTTATGTGGTCAAG	g4
GGGTTATGTGTTAACC	g2
GGGTTATGTTATGTCG	g0
GGGTTATTCAACTACG	g8
GGGTTATTCACCCTTG	g2
GGGTTATTCGCCAACG	g0
GGGTTATTCGTGTTCC	g4
GGGTTTAAGGCTCAAG	g2
GGGTTTACAACTGCCG	g0
GGGTTTACAATTGGTC	g2
GGGTTTACAGGAATAT	g0
GGGTTTACAGGTGACA	g2
GGGTTTACATCTTAGG	g7
GGGTTTAGTGTCGATT	g3
GGGTTTAGTGTTAACC	g0
GGGTTTATCAAGCCGC	g6
GGTAACTAGACTAAGT	g7
GGTAACTCATCTCGTC	g1
GGTAACTGTGTTGCCG	g2
GGTAACTTCAAGTTGC	g0
GGTAACTTCAGCATTG	g2
GGTAACTTCATTCGGA	g1
GGTAACTTCCAGCTCT	g3
GGTAACTTCGCATTGA	g0
GGTAACTTCGTAGTCA	g6
GGTAACTTCTCCTACG	g2
GGTAACTTCTGCCTGT	g4
GGTAACTTCTTCCCAG	g2
GGTAATCAGTGATAGT	g3
GGTAATCCACGACGTC	g0
GGTAATCCACGTAACT	g3
GGTAATCGTTTCGGCG	g2
GGTAATCTCAATCAGC	g4
GGTAATCTCATTCCTA	g8
GGTAATCTCCTGTAAG	g8
GGTAGAGAGTGGAAGA	g0
GGTAGAGCAAATAGCA	g7
GGTAGAGCACTCTAGA	g2
GGTAGAGCAGCATCTA	g3
GGTAGAGCAGGTTCGC	g3
GGTAGAGGTCCTGTCT	g2
GGTAGAGGTGAAGCGT	g0
GGTAGAGGTGGAATGC	g8
GGTAGAGGTGGCTGCT	g0
GGTAGAGGTTCCGCTT	g3
GGTAGAGTCATGCCGG	g0
GGTAGAGTCCACTGAA	g0
GGTAGAGTCTTAGCAG	g2
GGTCACGAGATCGCTT	g3
GGTCACGAGCACACCC	g2
GGTCACGAGTCCCAGC	g7
GGTCACGCACCTTCCA	g0
GGTCACGCATCCCGTT	g2
GGTCACGGTACAGGTG	g0
GGTCACGGTGCTATTG	g2
GGTCACGGTGTTCCAA	g2
GGTCACGGTGTTTACG	g3
GGTCACGGTTAAAGTG	g3
GGTCACGGTTCGCGTG	g3
GGTCACGTCAAACGTC	g0
GGTCACGTCGGCGATC	g4
GGTCACGTCTGATGGT	g4
GGTCTGGAGAGGATGA	g2
GGTCTGGAGGTTCCAT	g0
GGTCTGGCACAACCGC	g0
GGTCTGGCATTGGGAG	g1
GGTCTGGGTATCGTAC	g0
GGTCTGGGTTAGCTAC	g7
GGTCTGGGTTCCACGG	g4
GGTCTGGTCAAAGAAC	g0
GGTCTGGTCATGAGTC	g2
GGTCTGGTCCGATTAG	g2
GGTCTGGTCCTCACTG	g0
GGTGAAGAGAGGCGGA	g4
GGTGAAGAGCGATGAC	g1
GGTGAAGCAATCTCGA	g2
GGTGAAGCAGTAACAA	g7
GGTGAAGGTTGCCGAC	g2
GGTGAAGTCTCAAAGC	g0
GGTGATTAGACAAGCC	g4
GGTGATTAGGCCTAAG	g2
GGTGATTCAAGCAGGT	g0
GGTGATTCATCAACCA	g4
GGTGATTGTAGGATAT	g7
GGTGATTGTGTGGTCC	g2
GGTGATTTCGAGATGG	g2
GGTGATTTCGGAGATG	g4
GGTGATTTCGGCCAAC	g2
GGTGATTTCTTAGTTC	g1
GGTGGCTAGCGAAACC	g0
GGTGGCTAGCGCCATC	g8
GGTGGCTAGTCATACC	g0
GGTGGCTCAAACTCTG	g8
GGTGGCTCAGGTACGA	g1
GGTGGCTCATACACCA	g7
GGTGGCTGTAGTGCGA	g7
GGTGGCTGTCACTTCC	g5
GGTGGCTGTCCGATCG	g2
GGTGGCTGTCGAATTC	g9
GGTGGCTGTCTACACA	g7
GGTGGCTGTTGTTGTG	g2
GGTGGCTTCAACTACG	g1
GGTGGCTTCACATCAG	g1
GGTGGCTTCGTTCCTG	g7
GGTGGCTTCTTACGTT	g2
GGTGTCGAGCGGGTTA	g0
GGTGTCGAGCGTACAG	g8
GGTGTCGCAATTGAAG	g0
GGTGTCGCACCGGTCA	g4
GGTGTCGCATTCTGTT	g4
GGTGTCGGTCACTCTC	g2
GGTGTCGGTGTCCGGT	g9
GGTGTCGGTTCTCTAT	g9
GGTGTCGTCGTGGGAA	g2
GGTGTCGTCTAGGAAA	g0
GGTGTCGTCTTCTAAC	g2
GGTGTTACAAAGCACG	g8
GGTGTTACAAGGCGTA	g4
GGTGTTACACTCACTC	g0
GGTGTTACATTGAAAG	g0
GGTGTTACATTGCAAC	g2
GGTGTTAGTCCTGGGT	g9
GGTGTTAGTGATACAA	g0
GGTGTTAGTTAGGACG	g7
GGTGTTATCAGCGCGT	g0
GGTGTTATCCGTCAAA	g2
GGTGTTATCTCGTGAA	g2
GGTTAACAGAGGTCGT	g4
GGTTAACAGCCAAGGT	g7
GGTTAACAGCTGGAGT	g7
GGTTAACAGGTGCTAG	g0
GGTTAACAGGTTACCT	g0
GGTTAACAGTACCGGA	g0
GGTTAACAGTGATGGC	g2
GGTTAACCAAGAAATC	g2
GGTTAACCACCGTGAC	g2
GGTTAACCAGCTACAT	g6
GGTTAACCAGTCAGCC	g4
GGTTAACGTCTCAAGT	g0
GGTTAACTCAAGAGGC	g3
GGTTAACTCAAGTCTG	g6
GGTTAACTCGAGCCAC	g2
GGTTAACTCTATCGGA	g2
GGTTCTCAGACCATTC	g9
GGTTCTCAGCGCCGTT	g2
GGTTCTCAGTTACGTC	g2
GGTTCTCAGTTCCGGC	g4
GGTTCTCCAGGTACGA	g0
GGTTCTCCATAGCACT	g7
GGTTCTCGTACTGGGA	g0
GGTTCTCGTATTGACC	g0
GGTTCTCTCATGCGGC	g2
GGTTCTCTCCAGTACA	g0
GGTTCTCTCCTCGATC	g0
GGTTGTAAGCAATAGT	g2
GGTTGTAAGGGAGGAC	g2
GGTTGTACATTGAAAG	g0
GGTTGTAGTACACGCC	g4
GGTTGTAGTCTCACGG	g1
GGTTGTAGTTGCTCCT	g0
GGTTGTATCCGATCTC	g0
GGTTGTATCGCGAAGA	g0
GGTTGTATCGCTACGG	g7
GGTTGTATCTGCTAGA	g4
GTAACACAGACATCCT	g2
GTAACACAGAGCTGAC	g0
GTAACACAGATGGTCG	g0
GTAACACAGCACCGAA	g2
GTAACACAGTAAGACT	g7
GTAACACAGTGTAGAT	g0
GTAACACCACATTCGA	g2
GTAACACCACCCAAGC	g0
GTAACACCACGACAAG	g3
GTAACACCATCCTATT	g8
GTAACACTCATTTGTC	g5
GTAACACTCCCTTCCC	g2
GTAACACTCCTGGGTG	g0
GTAACACTCTCAGAAC	g2
GTAACCAAGCTCGACC	g7
GTAACCAAGCTCGCAC	g7
GTAACCAAGTCACTGT	g2
GTAACCACAAATCAGA	g0
GTAACCACAAGCACAG	g2
GTAACCACAGAACGCA	g7
GTAACCACAGCACCCA	g6
GTAACCACATACTTTC	g2
GTAACCAGTACGATCT	g0
GTAACCAGTCACCTTC	g2
GTAACCAGTGCCTTTC	g0
GTAACCAGTGCTCTTC	g2
GTAACCAGTGTGACCC	g2
GTAAGTCAGAACTTCC	g0
GTAAGTCAGAGCTGAC	g0
GTAAGTCAGCTCTATG	g0
GTAAGTCAGGAACGCT	g9
GTAAGTCAGTGAATAC	g0
GTAAGTCCACACACGC	g2
GTAAGTCCAGCCTACG	g2
GTAAGTCGTATACCTG	g2
GTAAGTCGTCTGATCA	g7
GTAAGTCGTCTGTTAG	g3
GTAAGTCGTGCCAAGA	g2
GTAAGTCGTTGAGAGC	g1
GTAAGTCTCAATCTTC	g9
GTAAGTCTCACGAACT	g0
GTAAGTCTCCTCTGCA	g2
GTAAGTCTCTACTTCA	g4
GTAAGTCTCTCAGTCC	g0
GTAAGTCTCTTACCGC	g4
GTAATCGAGGCCCACT	g2
GTAATCGAGTCGAATA	g0
GTAATCGCAAATGAGT	g7
GTAATCGCACACGGTC	g0
GTAATCGCACCAGCTG	g0
GTAATCGCAGTCTGGC	g0
GTAATCGGTCCTACGG	g2
GTAATCGGTTGGCTAT	g4
GTAATCGTCAAAGGAT	g2
GTAATCGTCGATTTCT	g0
GTAATGCAGAAGCCTG	g0
GTAATGCAGTCTGCGC	g7
GTAATGCAGTTGCCTA	g7
GTAATGCCAAGCACCC	g2
GTAATGCCACCTCTGT	g2
GTAATGCCACTATCGA	g0
GTAATGCGTCTATGAC	g4
GTAATGCGTGAGACGT	g0
GTAATGCTCAGAGCAG	g0
GTAATGCTCATGAGTC	g4
GTAATGCTCGGCATTA	g4
GTACAACAGCGACATG	g2
GTACAACCAATGCAAA	g0
GTACAACCAGAGCTAG	g7
GTACAACCATGACTCA	g2
GTACAACGTCGAAACG	g2
GTACAACGTTCAACGT	g1
GTACAACGTTGCATAC	g3
GTACAACTCAGAGTGG	g8
GTACAACTCGATTGGT	g8
GTACAACTCTCTATAC	g4
GTACAGTAGAAATTGC	g2
GTACAGTAGCTCTGTA	g3
GTACAGTAGGCAGTCA	g7
GTACAGTAGGGCGAGA	g4
GTACAGTAGTGTTGTC	g4
GTACAGTCAACAGCCC	g1
GTACAGTGTGACGTCC	g3
GTACAGTGTTACAGCT	g7
GTACAGTGTTGTCCCT	g7
GTACAGTTCAATCCGA	g2
GTACAGTTCCATTCGC	g2
GTAGAAAAGAGCAGTC	g2
GTAGAAAAGCACGGAT	g9
GTAGAAAAGCCATCCG	g8
GTAGAAAAGTCCCAGC	g7
GTAGAAAAGTTGCTCA	g2
GTAGAAACATGGAAGC	g4
GTAGAAAGTAGATGTA	g3
GTAGAAAGTCACCGAC	g7
GTAGAAAGTCCCGGTA	g4
GTAGAAAGTCTATGAC	g3
GTAGAAAGTCTCAAGT	g0
GTAGAAAGTGGCCACT	g4
GTAGAAATCAAGTGTC	g4
GTAGAAATCCGTAATG	g7
GTAGAAATCGACACTA	g4
GTAGAAATCGGCTGGT	g2
GTAGAAATCTGGCCTT	g7
GTAGAGGCAAACGAGC	g4
GTAGAGGCAATTGCCA	g7
GTAGAGGCAGAACTAA	g4
GTAGAGGCAGCTCATA	g4
GTAGAGGTCCCTTCCC	g1
GTAGAGGTCCTAGAGT	g6
GTAGAGGTCGATACAC	g0
GTAGAGGTCGCTCTCA	g2
GTAGAGGTCTCTGCCA	g0
GTAGATCAGCCGCTTG	g9
GTAGATCCACGTCATA	g4
GTAGATCCACTTCCTG	g0
GTAGATCCAGAGGGTT	g2
GTAGATCCATGGAGAC	g0
GTAGATCCATTGGCAT	g0
GTAGATCGTAACACCT	g0
GTAGATCGTATATGGA	g7
GTAGATCGTATCGTGT	g0
GTAGATCGTCGATTTG	g0
GTAGATCGTGAATAAC	g7
GTAGATCTCAGCTTCC	g0
GTAGATCTCCCGATCT	g2
GTAGATCTCCGAAGGA	g7
GTAGATCTCTGCTTAT	g0
GTAGCTAAGACTGGGT	g1
GTAGCTAAGCATCCCG	g0
GTAGCTAAGGTCCCGT	g0
GTAGCTAAGTGGAATT	g0
GTAGCTACAAAGGTTA	g7
GTAGCTACAACAAGAT	g2
GTAGCTACAACCCTAA	g2
GTAGCTACAATAGGGC	g2
GTAGCTACAATTGGTC	g0
GTAGCTAGTACCTATG	g1
GTAGCTAGTGTACGCC	g3
GTAGCTAGTGTATTGC	g2
GTAGCTAGTTCAAGGG	g4
GTAGCTAGTTGGTAGG	g8
GTAGCTAGTTTCGTAG	g2
GTAGCTATCGCTTACC	g7
GTAGCTATCTAAGAAG	g0
GTAGGAGAGCAACTCT	g4
GTAGGAGAGCCGGAAT	g0
GTAGGAGAGTGGAAGA	g0
GTAGGAGAGTTGCTGT	g1
GTAGGAGCACATAGCT	g0
GTAGGAGCACCCTTAC	g7
GTAGGAGGTAACTGCT	g9
GTAGGAGGTACTGTTG	g4
GTAGGAGTCACGGGAA	g2
GTAGGAGTCCGTCAAA	g0
GTAGGAGTCGTGGCTG	g0
GTAGGAGTCTGCGAGC	g0
GTAGGTTAGAGAGCCT	g0
GTAGGTTAGCAGTACG	g2
GTAGGTTAGCTTCATG	g2
GTAGGTTCACAGTATC	g1
GTAGGTTCAGTAGTGG	g7
GTAGGTTCATCGATCA	g0
GTAGGTTGTAACCCTA	g0
GTAGGTTGTGCCTAAT	g0
GTAGGTTTCCTACTGC	g3
GTAGGTTTCGTCTCAC	g4
GTAGTACAGACATACA	g2
GTAGTACAGAGCGACT	g4
GTAGTACAGCTCGCAC	g4
GTAGTACCAAATGGTA	g1
GTAGTACCAACTACGT	g0
GTAGTACCAGACCAGA	g1
GTAGTACCATAATGAG	g2
GTAGTACCATAGTCGT	g0
GTAGTACGTCCCGCAA	g3
GTAGTACGTGAGGATC	g0
GTAGTACGTGTGCCTG	g2
GTAGTACGTTCAGCTA	g0
GTAGTACTCACAAGAA	g4
GTAGTACTCAGTGGGA	g5
GTAGTACTCCCATAAG	g0
GTAGTACTCGCTTTAT	g0
GTATTGGAGTAACCGG	g2
GTATTGGAGTAGGAAG	g0
GTATTGGAGTTGAATG	g2
GTATTGGCACCGCTAG	g0
GTATTGGCAGACCTGC	g0
GTATTGGCAGAGATGC	g2
GTATTGGGTGTTCAGT	g2
GTATTGGGTTTCGTGA	g7
GTATTGGTCATGCATG	g2
GTATTGGTCCATGATG	g4
GTATTGGTCGCAACAT	g2
GTATTTCAGAATCTAG	g0
GTATTTCCAAGGCCTC	g0
GTATTTCCACCAGTAT	g7
GTATTTCCACCTCTGT	g3
GTATTTCGTAGAGACC	g8
GTATTTCGTCAGACGA	g8
GTATTTCGTCCAAATC	g0
GTATTTCGTCCACTCT	g0
GTATTTCGTGTGGACA	g0
GTATTTCGTGTGTGGA	g0
GTATTTCTCCCAATAG	g3
GTATTTCTCCGGCTTT	g0
GTATTTCTCTCGTGAA	g0
GTCAAACAGATGGCGT	g0
GTCAAACAGTTGCCCG	g0
GTCAAACCACAAACGG	g7
GTCAAACCAGAACTAA	g2
GTCAAACGTAGGTACG	g3
GTCAAACGTATGCGGA	g0
GTCAAACGTCAACCAT	g7
GTCAAACGTCGCGTTG	g2
GTCAAACGTTCTCACC	g2
GTCAAGTAGCGTTCCG	g4
GTCAAGTAGCTCGACC	g7
GTCAAGTAGGATTCCT	g6
GTCAAGTAGGTGCCAA	g0
GTCAAGTCACAGCGCT	g4
GTCAAGTCACGGCGTT	g2
GTCAAGTCAGAACATA	g4
GTCAAGTCAGCGACCT	g4
GTCAAGTCAGCTATTG	g7
GTCAAGTTCAAGCCGC	g3
GTCAAGTTCACACGAT	g4
GTCAAGTTCCAGCACG	g0
GTCAAGTTCGACATTG	g2
GTCAAGTTCGCTAGCG	g2
GTCACGGAGGGACCAT	g0
GTCACGGAGTACCATC	g4
GTCACGGCACGCGTCA	g4
GTCACGGCATCGCTGG	g1
GTCACGGGTTAGGCTT	g6
GTCACGGGTTCGGGTC	g0
GTCACGGGTTGCGTAT	g5
GTCACTCAGAGTGTGC	g0
GTCACTCAGCCTCTGG	g0
GTCACTCAGGTCGTAG	g4
GTCACTCAGGTCTGGA	g0
GTCACTCAGGTTGGAC	g0
GTCACTCAGTACGTCT	g2
GTCACTCCAATAGTGA	g2
GTCACTCCAATGACCT	g3
GTCACTCCACCCGTAG	g7
GTCACTCCAGAAATTG	g4
GTCACTCGTATGAGCG	g2
GTCACTCGTCACATTG	g4
GTCACTCGTCTCCTGT	g3
GTCACTCTCAACCTTT	g2
GTCACTCTCACCACAA	g0
GTCACTCTCATTATCC	g7
GTCACTCTCCTCGATC	g2
GTCACTCTCCTGTTGC	g7
GTCACTCTCGTAGAGG	g2
GTCAGCGAGACGGAAA	g6
GTCAGCGAGAGGGTCT	g2
GTCAGCGCAAAGCTCT	g1
GTCAGCGCAAGACCGA	g0
GTCAGCGCAAGCGGAT	g0
GTCAGCGCAATGTCAC	g7
GTCAGCGCACAAGTGG	g6
GTCAGCGCACACAGCC	g4
GTCAGCGCAGTTCCAA	g1
GTCAGCGCATCGGCCA	g0
GTCAGCGGTGCCCACA	g10
GTCAGCGGTGCCTGAC	g1
GTCAGCGGTGTCTTCC	g2
GTCAGCGGTTTGCCGG	g4
GTCAGCGTCAGAGTTC	g2
GTCAGCGTCATCGCTC	g2
GTCAGCGTCCGAGAAG	g0
GTCAGCGTCGCTTAAG	g2
GTCATCCAGGAAGTGA	g2
GTCATCCAGTACAACA	g0
GTCATCCAGTAGTGCG	g0
GTCATCCCAATCTAGC	g4
GTCATCCCACTGTCGG	g2
GTCATCCCATCCTGTC	g7
GTCATCCGTATTCTCT	g4
GTCATCCGTCTGATAC	g0
GTCATCCGTGTTATCG	g2
GTCATCCGTTATGACC	g0
GTCATCCGTTCATCGA	g0
GTCATCCTCACCGGTG	g0
GTCATCCTCATAGGCT	g6
GTCATCCTCCAAATGC	g9
GTCATCCTCTGGTCAA	g7
GTCATGAAGGTGGTTG	g2
GTCATGAAGTTCCATG	g3
GTCATGACACACAGCC	g0
GTCATGACAGCTTCGG	g0
GTCATGACATCTATCT	g4
GTCATGAGTAGGCTCC	g2
GTCATGAGTCGTGTTA	g2
GTCATGAGTTCGTAAC	g2
GTCATGATCATTATCC	g7
GTCATGATCCCGAAAT	g0
GTCATGATCTTAGTTC	g3
GTCATTTAGAGATTCA	g4
GTCATTTAGGATGTTA	g5
GTCATTTAGGTACAAT	g7
GTCATTTCAAATCGGG	g2
GTCATTTCACATCATG	g2
GTCATTTCACTACTTT	g4
GTCATTTCATAATCGC	g4
GTCATTTGTCTTGGTA	g7
GTCATTTGTGATGAAT	g0
GTCATTTGTGTCATCA	g2
GTCATTTGTTACAGCT	g7
GTCATTTTCACTACTT	g2
GTCATTTTCCATGAGT	g0
GTCATTTTCCGTATAG	g6
GTCATTTTCTGTGCTC	g7
GTCCACTAGCTCCACG	g0
GTCCACTAGTTTGAGA	g4
GTCCACTCAAGTATAG	g2
GTCCACTCATACAGCT	g0
GTCCACTCATTGAAGA	g4
GTCCACTCATTGGCAT	g2
GTCCACTGTCGGATTT	g2
GTCCACTGTGTTGACT	g0
GTCCACTGTTAAGCAA	g0
GTCCACTTCAACGCTA	g4
GTCCACTTCCTTCGAC	g1
GTCCCATCACTAGGTT	g0
GTCCCATGTATTTCTC	g0
GTCCCATGTCGACGCT	g2
GTCCCATTCTCTCCGA	g2
GTCCCATTCTGCATGA	g2
GTCCTCAAGAGGCGTT	g1
GTCCTCAAGCATTTGC	g2
GTCCTCAAGGCTCCCA	g4
GTCCTCACAAGATGTA	g2
GTCCTCAGTAAGATAC	g0
GTCCTCAGTATCTCGA	g0
GTCCTCAGTCGCACGT	g7
GTCCTCATCAAGAAAC	g0
GTCGAATAGCTATCTG	g2
GTCGAATAGGTAAGAG	g0
GTCGAATAGTCACTCA	g0
GTCGAATCACAACGAG	g0
GTCGAATGTGCAACGA	g0
GTCGAATGTTCCATTT	g0
GTCGAATTCACTCGAA	g2
GTCGAATTCCAGGACC	g3
GTCGAATTCCTCACTG	g0
GTCGAATTCGCACGAC	g6
GTCGAATTCGGCTGAC	g7
GTCGAATTCGTAACCA	g0
GTCGAATTCTATTCGT	g0
GTCGCGAAGCATGCAG	g0
GTCGCGAAGCCATTTG	g2
GTCGCGAAGCCGTAAG	g0
GTCGCGAAGGAACTCG	g0
GTCGCGAAGTGCAGCA	g2
GTCGCGACAAGTGCTT	g0
GTCGCGACAGCGCGTT	g0
GTCGCGAGTCCCTCAT	g2
GTCGCGAGTGAATTGA	g2
GTCGCGAGTTCCGCTT	g0
GTCGCGATCAAGAATG	g0
GTCGCGATCACGGGAA	g2
GTCGTAAAGCACTAAA	g0
GTCGTAAAGCGACTTT	g0
GTCGTAAAGGTTCATC	g0
GTCGTAAAGTTTGTCG	g0
GTCGTAACACAGTCGC	g8
GTCGTAACACCCTCTA	g0
GTCGTAACAGAAATCA	g0
GTCGTAACAGCGTACC	g0
GTCGTAACATGTTACG	g7
GTCGTAATCTGCTAGA	g4
GTCGTAATCTTACCAT	g6
GTCGTTCAGAGGCGTT	g6
GTCGTTCAGTTGCTCA	g7
GTCGTTCCAAGTCATC	g0
GTCGTTCCACCTCGTT	g2
GTCGTTCCAGACCTAT	g4
GTCGTTCCAGGTGTTT	g7
GTCGTTCGTACGAAAT	g2
GTCGTTCGTGCCGGTT	g0
GTCGTTCGTTGGTAGG	g0
GTCGTTCTCTATTTCG	g7
GTCGTTCTCTGATGGT	g9
GTCGTTCTCTTAATCC	g8
GTCTACCAGACACACG	g0
GTCTACCAGATGTTAG	g0
GTCTACCAGGAGAGGC	g2
GTCTACCAGGAGTATT	g2
GTCTACCAGGGTAATT	g4
GTCTACCAGTCATCGT	g4
GTCTACCCAAGTATCC	g8
GTCTACCGTCATCCCT	g7
GTCTACCTCAACACGT	g2
GTCTACCTCGGTATGT	g4
GTCTACCTCTGTGCGG	g4
GTCTACCTCTTTGATC	g0
GTCTAGAAGAGCCTGA	g0
GTCTAGAAGCTAAGTA	g1
GTCTAGAAGTCTCTGA	g4
GTCTAGACAACTTCTT	g7
GTCTAGACAAGTCCCG	g8
GTCTAGACACCAGACC	g0
GTCTAGACACGTCGGT	g3
GTCTAGACATCCTCAC	g2
GTCTAGACATGCACTA	g3
GTCTAGAGTAGTCACT	g0
GTCTAGAGTCAGGTAG	g2
GTCTAGAGTCCAAGAG	g3
GTCTAGAGTCCAGAAG	g2
GTCTAGAGTTGTCAGT	g0
GTCTAGAGTTGTCCCT	g3
GTCTAGATCACTTCTA	g3
GTCTAGATCATCACTT	g2
GTCTAGATCCAATGCA	g0
GTCTAGATCCCGATCT	g0
GTCTAGATCTGAGTCA	g7
GTCTCACAGACGGTTG	g0
GTCTCACAGCATCAAA	g6
GTCTCACAGCTTCTAG	g7
GTCTCACAGTCTAGCT	g3
GTCTCACCAACCACAT	g1
GTCTCACCAGTGCCTG	g0
GTCTCACCATACAGAA	g7
GTCTCACCATGCCATA	g7
GTCTCACGTCTTACAG	g1
GTCTCACGTGTGACCC	g4
GTCTCACTCAGGAAGC	g0
GTCTCACTCCGCTTAC	g3
GTCTCACTCGCAGAGA	g0
GTCTCACTCTAATTCC	g8
GTCTCACTCTGAGTCA	g0
GTCTCACTCTTTGGAG	g2
GTCTGTCAGACACACG	g2
GTCTGTCAGCATCAAA	g2
GTCTGTCAGGAATTAC	g0
GTCTGTCCAAGACGGT	g0
GTCTGTCCAAGCCTGC	g2
GTCTGTCCACCTGCAG	g2
GTCTGTCGTAAGTAGT	g2
GTCTGTCGTATCGGTT	g4
GTCTGTCGTGAATGAT	g0
GTCTGTCGTGGGAGAG	g2
GTCTGTCGTTGCTTGA	g2
GTCTTTAAGAAGCCTG	g2
GTCTTTAAGCATGATA	g2
GTCTTTAAGGTGGCTA	g0
GTCTTTAAGTATGATG	g4
GTCTTTACAACCGTAT	g0
GTCTTTACACGTTCGG	g2
GTCTTTACACTGGAAG	g0
GTCTTTAGTATCGCAT	g2
GTCTTTAGTCTTGGTA	g0
GTCTTTATCTCGACCT	g4
GTGACGCAGATCACTC	g0
GTGACGCAGCCTATCA	g2
GTGACGCAGCGCCGTT	g4
GTGACGCAGTAGATCA	g2
GTGACGCAGTGACCTT	g2
GTGACGCAGTGATGGC	g3
GTGACGCCATGACAGG	g2
GTGACGCCATTATGCG	g2
GTGACGCGTATTGAGA	g4
GTGACGCGTTAGCGGA	g2
GTGACGCGTTCAACGT	g8
GTGACGCTCCCATAAG	g4
GTGACGCTCGGTAGAG	g0
GTGAGCCAGGTCGTCC	g3
GTGAGCCAGTTGTCAC	g0
GTGAGCCCACAATGCT	g8
GTGAGCCCAGTTACCA	g4
GTGAGCCGTACACGTT	g0
GTGAGCCGTAGACGTG	g0
GTGAGCCGTCCTTGTC	g0
GTGAGCCGTCTGATAC	g2
GTGAGCCTCCGGACTG	g7
GTGAGCCTCTCACTCG	g3
GTGAGGAAGGACAGCT	g0
GTGAGGAAGTGGACTG	g4
GTGAGGACAAGTGGTG	g0
GTGAGGACACGGCGTT	g2
GTGAGGACACTGTCCT	g3
GTGAGGACAGTATGAA	g8
GTGAGGAGTAACACCT	g0
GTGAGGAGTCTTGCTC	g2
GTGAGGAGTTCTTAGG	g4
GTGAGGATCCGAGCTG	g4
GTGAGGATCGATACGT	g2
GTGAGGATCGCTCTCA	g3
GTGAGTTCACAATGAA	g8
GTGAGTTCAGTAACGG	g0
GTGAGTTGTAGATTGA	g2
GTGAGTTGTCATAAAG	g9
GTGATGTAGGCCACTC	g0
GTGATGTAGGCCCACT	g4
GTGATGTAGTCGGCCT	g4
GTGATGTCAAAGCAAT	g2
GTGATGTCACCCAATA	g0
GTGATGTCACCCTCTA	g0
GTGATGTCACGCAGTC	g3
GTGATGTCACGCTTAA	g2
GTGATGTGTCGTACTA	g4
GTGATGTTCATCCCGT	g6
GTGATGTTCCATCGTC	g1
GTGATGTTCCCGAGTG	g8
GTGATGTTCGAGAATA	g0
GTGATGTTCTATCGGA	g0
GTGATGTTCTCCGCAT	g0
GTGCACGAGACTTGTC	g0
GTGCACGAGCCTGGAA	g0
GTGCACGAGTGGATTA	g0
GTGCACGCAAACTCTG	g0
GTGCACGCAAGTGGTG	g0
GTGCACGCACCGTGAC	g0
GTGCACGCAGATTAAG	g0
GTGCACGCAGTATGAA	g4
GTGCACGCATCGCTCT	g1
GTGCACGGTAGTTCCA	g2
GTGCACGGTCACGCTG	g0
GTGCACGGTCCTACAA	g4
GTGCACGGTCTGTTAG	g2
GTGCACGGTGTCCATA	g0
GTGCACGTCCAAGCAT	g2
GTGCACGTCGTGCACG	g2
GTGCACGTCGTTCTGC	g6
GTGCAGCAGCCTTTCC	g0
GTGCAGCAGTCATGCT	g0
GTGCAGCAGTGGACTG	g9
GTGCAGCCACAAGCCC	g0
GTGCAGCCACGGCACT	g0
GTGCAGCCATCCGAAT	g2
GTGCAGCCATCGAACT	g4
GTGCAGCGTATTCCGA	g0
GTGCAGCGTCTTCTAT	g2
GTGCAGCGTTCCGCGA	g2
GTGCAGCTCAAGGAGC	g4
GTGCAGCTCAGCCCAG	g4
GTGCAGCTCCTTGGAA	g0
GTGCAGCTCGATACAC	g8
GTGCGTGAGAGTATAC	g4
GTGCGTGAGGAACTCG	g2
GTGCGTGAGGGATCGT	g8
GTGCGTGAGGGTGAAA	g7
GTGCGTGAGTTACTCG	g4
GTGCGTGCAATGGCCC	g7
GTGCGTGCACATTCTT	g0
GTGCGTGCATGACTTG	g7
GTGCGTGCATGCGTGC	g9
GTGCGTGGTCTAGGTT	g0
GTGCGTGGTTCAAGGG	g0
GTGCGTGTCTCTCCGA	g2
GTGCGTGTCTTACCAT	g2
GTGCTGGAGCGCCTTG	g4
GTGCTGGAGCTATCCA	g7
GTGCTGGAGGGCCAAT	g0
GTGCTGGAGTGTTCAC	g3
GTGCTGGAGTTGCCTA	g2
GTGCTGGAGTTTAGGA	g1
GTGCTGGCAGCGCTTG	g4
GTGCTGGCATTCTTCA	g4
GTGCTGGTCATCACCC	g4
GTGCTGGTCATTTGTC	g2
GTGCTTCAGAGTATAC	g2
GTGCTTCAGGTACTGG	g8
GTGCTTCAGTTCATGC	g0
GTGCTTCCAACTTCTT	g4
GTGCTTCCACTAGTAC	g9
GTGCTTCCACTTCAAG	g7
GTGCTTCCAGCGATTT	g0
GTGCTTCCAGTTGTTG	g4
GTGCTTCCATCGGAAG	g7
GTGCTTCGTGGTACAG	g0
GTGCTTCGTTGGTGTT	g3
GTGGAAGAGCAGCACA	g3
GTGGAAGAGGACGCAT	g0
GTGGAAGAGGCTTTCA	g2
GTGGAAGAGTAGAGTT	g2
GTGGAAGCAAGCTGTT	g4
GTGGAAGCACAATGCT	g0
GTGGAAGCAGCAGACA	g2
GTGGAAGCATTGACTG	g0
GTGGAAGGTACTCCGG	g4
GTGGAAGGTTTACCAG	g0
GTGGAAGGTTTCGTTT	g0
GTGGAAGTCTGACGCG	g7
GTGGAGAAGCTAAATG	g2
GTGGAGACAAAGGCGT	g0
GTGGAGACAAGGTCAG	g4
GTGGAGACACCCAAGC	g0
GTGGAGACACCCTATC	g4
GTGGAGACATCCGGCA	g7
GTGGAGAGTCAACACT	g4
GTGGAGAGTCACGACC	g3
GTGGAGATCCTAACAG	g2
GTGGAGATCGCCAGTG	g9
GTGGAGATCTCCGAGG	g2
GTGGCGTAGACTTCAC	g4
GTGGCGTAGTATGATG	g0
GTGGCGTAGTTCATCG	g2
GTGGCGTCACTGAGGA	g2
GTGGCGTGTCGCTGCA	g0
GTGGCGTGTCTTCATT	g4
GTGGCGTTCCGCGGAT	g0
GTGGCGTTCGCGCCAA	g0
GTGGCGTTCTACTGCC	g0
GTGGCGTTCTCCGATC	g1
GTGGCGTTCTGCCTGT	g9
GTGGGAAAGGACACTG	g4
GTGGGAAAGGATTACA	g3
GTGGGAAAGTAGTCCT	g4
GTGGGAAAGTTCTCTT	g2
GTGGGAACAACTCATG	g0
GTGGGAACAAGCAGGT	g2
GTGGGAACAGGTGTGA	g0
GTGGGAAGTACTGCCG	g7
GTGGGAAGTTGGACCC	g0
GTGGGAAGTTGTGCCG	g0
GTGGGAATCAGCGCAC	g2
GTGGTTAAGCCGTTAT	g0
GTGGTTAAGTATGATG	g4
GTGGTTACAATCAAGA	g2
GTGGTTACACCAGTAT	g3
GTGGTTACACTCACTC	g0
GTGGTTAGTCGCGTTG	g7
GTGGTTAGTTAAGGAT	g1
GTGGTTAGTTCTCAGA	g7
GTGGTTATCAACCCGG	g0
GTGGTTATCCGGTTCT	g7
GTGGTTATCGACACCG	g2
GTGTAACAGACGAGCT	g8
GTGTAACAGATCGACG	g0
GTGTAACAGTACTCGT	g0
GTGTAACCAAGGTTGG	g0
GTGTAACCAATCGCGC	g2
GTGTAACCAATGCTCA	g4
GTGTAACCACCGAATT	g0
GTGTAACCAGAACTTC	g0
GTGTAACCAGATTAAG	g0
GTGTAACCATAAGCGG	g2
GTGTAACGTTCGCGTG	g0
GTGTAACTCTGTCAGA	g2
GTGTAACTCTTCACGC	g3
GTGTCCTAGGGCAGTT	g6
GTGTCCTAGTGTAGTA	g6
GTGTCCTCACGACGAA	g3
GTGTCCTGTAACGGTG	g7
GTGTCCTGTCTCAGGC	g7
GTGTCCTGTGTCCGTG	g0
GTGTCCTTCACAATGC	g4
GTGTGATCAAATGGAT	g2
GTGTGATCAAGATGTA	g0
GTGTGATGTAGACACG	g0
GTGTGATTCAACACGT	g0
GTGTGATTCCGGTAAT	g2
GTGTGGCAGATCGACG	g0
GTGTGGCAGCGAGAAA	g4
GTGTGGCAGTCACAGG	g2
GTGTGGCCACATTCGA	g3
GTGTGGCCAGCCTACG	g7
GTGTGGCGTACAACGG	g8
GTGTGGCGTAGACACG	g8
GTGTGGCGTAGCTGAG	g2
GTGTGGCGTCGAGTTT	g0
GTGTGGCGTGGATACG	g2
GTGTGGCGTGTAGTGG	g0
GTGTGGCTCCACAGGC	g2
GTGTTAGAGAAACTAC	g4
GTGTTAGAGACCAAAT	g4
GTGTTAGAGTTCGGTT	g0
GTGTTAGCAAACGGCA	g0
GTGTTAGGTAGACACG	g7
GTGTTAGGTCCTCAGG	g0
GTGTTAGGTGTGAATA	g6
GTGTTAGGTGTGCCTG	g0
GTGTTAGGTGTTCCAA	g0
GTGTTAGTCGTAACTG	g0
GTGTTCCAGGGTCAAC	g2
GTGTTCCAGTTTCGGT	g0
GTGTTCCCAAACCACT	g2
GTGTTCCCAATGAACA	g2
GTGTTCCCAATTCTTC	g9
GTGTTCCCACGCCAGT	g2
GTGTTCCCAGTCAACT	g2
GTGTTCCCATTCAGGT	g2
GTGTTCCCATTGCCGG	g2
GTGTTCCGTCTCCCTA	g4
GTTACAGAGAAATGGG	g3
GTTACAGAGAGACAAG	g1
GTTACAGAGTACTCGT	g4
GTTACAGCACACTGGC	g0
GTTACAGCAGAATTCC	g4
GTTACAGCATAGCACT	g0
GTTACAGGTATACGGG	g6
GTTACAGGTGTCCCTT	g0
GTTACAGGTTTATGCG	g0
GTTACAGGTTTGGGAG	g7
GTTACAGTCCCATGGG	g2
GTTACAGTCCTATTTG	g8
GTTACAGTCCTCTTTC	g2
GTTACCCAGAGAGGTA	g2
GTTACCCAGGATAATC	g0
GTTACCCAGGCACGAT	g7
GTTACCCAGGTGCTAG	g4
GTTACCCAGGTTAGTA	g4
GTTACCCCAACAGCCC	g0
GTTACCCCAAGGCGTA	g0
GTTACCCCACAAACGG	g4
GTTACCCCACAAAGTA	g0
GTTACCCCACCTGCGA	g0
GTTACCCCACTTGGCG	g3
GTTACCCGTTATTCCT	g2
GTTACCCGTTCACGAT	g9
GTTACCCTCGAGCCTG	g0
GTTACCCTCGTAACAC	g0
GTTACGAAGCCTCTCT	g2
GTTACGAAGGTCTTTG	g0
GTTACGAAGTGCCTCG	g6
GTTACGAGTAACATGA	g7
GTTACGAGTGCCAAGA	g2
GTTACGATCCAACTAG	g4
GTTACGATCGAGTGGA	g2
GTTACGATCGTTCGCT	g0
GTTAGACCACTACCCT	g0
GTTAGACCACTCTAGA	g3
GTTAGACCATCTATCT	g9
GTTAGACCATGGCACC	g0
GTTAGACCATGTTCAG	g0
GTTAGACGTAGAGATT	g2
GTTAGACGTCGTTATG	g0
GTTAGACGTCTTCTAT	g4
GTTAGACGTTGTGTTG	g0
GTTAGACTCAAGCCTA	g7
GTTAGTGCAAGGACAC	g0
GTTAGTGCACTCTGCT	g2
GTTAGTGCATGGCTAT	g9
GTTAGTGGTAAGCTCT	g4
GTTAGTGGTATATGGA	g2
GTTAGTGGTATGTCAC	g7
GTTAGTGGTTCCTACC	g2
GTTAGTGGTTTACCAG	g0
GTTAGTGTCAGTCCGG	g4
GTTAGTGTCAGTGTCA	g0
GTTAGTGTCCCATAGA	g7
GTTATGGAGCATGAAT	g1
GTTATGGAGCGCCCAT	g2
GTTATGGAGTATGAAC	g2
GTTATGGCACCTGATA	g4
GTTATGGCACGTACAT	g7
GTTATGGCACTACCCT	g2
GTTATGGGTAGTGGCA	g4
GTTATGGGTCGTCGGT	g0
GTTATGGGTTACACTG	g0
GTTATGGGTTGACTAC	g1
GTTATGGGTTGGGCCT	g8
GTTATGGGTTTAGAGA	g7
GTTATGGTCGACCATA	g2
GTTATGGTCGTCCTTG	g9
GTTATGGTCGTCGACG	g2
GTTATGGTCTAAGAAG	g6
GTTCATTAGATAGGGA	g0
GTTCATTAGCAATTCC	g7
GTTCATTAGGTAAACT	g1
GTTCATTAGGTAAAGG	g2
GTTCATTCAAGTCATC	g2
GTTCATTCAGACCTAT	g3
GTTCATTCATAACAGA	g2
GTTCATTGTAGAGCTG	g2
GTTCATTGTCGGAACA	g7
GTTCATTTCGAGAAAT	g2
GTTCATTTCTAACGCA	g0
GTTCATTTCTAATTCC	g7
GTTCATTTCTGGCCAG	g6
GTTCCGTAGCCTTTGA	g2
GTTCCGTAGGCCTAGA	g0
GTTCCGTAGTAACCTC	g3
GTTCCGTAGTAGAGTT	g0
GTTCCGTCAGGCTACC	g0
GTTCCGTGTCACTTAG	g1
GTTCCGTGTCCAGCCA	g2
GTTCCGTTCTGCTTAT	g9
GTTCGCTAGGTAAGTT	g0
GTTCGCTCAACCCTCT	g0
GTTCGCTCACCTCTGT	g4
GTTCGCTCAGTGGTGA	g4
GTTCGCTCATCATTTC	g7
GTTCGCTCATTGAAGA	g7
GTTCGCTGTACTCAAC	g0
GTTCGCTGTATCGCTA	g2
GTTCGCTTCGTCAAAC	g7
GTTCGCTTCGTCTAAG	g7
GTTCGCTTCTAGACCA	g0
GTTCGCTTCTCTGGTC	g2
GTTCTATAGGAGCAAA	g2
GTTCTATAGGTACCTT	g0
GTTCTATAGTGTACCT	g2
GTTCTATCAAGCCATT	g5
GTTCTATCAGGATTCT	g3
GTTCTATCATAAGCAA	g2
GTTCTATGTACTGGGA	g2
GTTCTATGTCTCCCTA	g0
GTTCTATGTCTTTCTA	g9
GTTCTATGTTAATGAG	g2
GTTCTATGTTTCAGAC	g2
GTTCTATTCAGCCTTC	g0
GTTGAACAGGTCTTTG	g0
GTTGAACAGTTGCATC	g2
GTTGAACCAACAGAGC	g3
GTTGAACCACGCGTCA	g2
GTTGAACCATATGCGT	g0
GTTGAACCATCGGAAG	g0
GTTGAACTCTTAGCAG	g2
GTTGCGGAGGTTCACT	g6
GTTGCGGAGTGCCCGT	g9
GTTGCGGCAAACACGG	g2
GTTGCGGCAAGTACCT	g2
GTTGCGGCATCGAAGG	g0
GTTGCGGGTCGCACAC	g2
GTTGCGGGTCGCATCG	g4
GTTGCGGGTCTTGAGT	g8
GTTGCGGGTTCGCGTG	g0
GTTGCGGGTTTACCTT	g0
GTTGCGGTCACCCTTG	g0
GTTGCGGTCAGCTGAT	g6
GTTGCGGTCATTTGTC	g4
GTTGCGGTCCACACCT	g7
GTTGCGGTCTCTCCGA	g2
GTTGCGGTCTGCGTCT	g2
GTTGCGGTCTGTGCAA	g2
GTTGCTCAGCGCTGCT	g2
GTTGCTCAGGCCTGAA	g3
GTTGCTCCAACTACGT	g2
GTTGCTCCACGGTGAA	g0
GTTGCTCCACGTCGTG	g0
GTTGCTCGTACGGATG	g0
GTTGCTCGTATGAAAC	g2
GTTGCTCTCCGGTAAT	g0
GTTGCTCTCTATCGCC	g6
GTTGTAGAGACATAAC	g2
GTTGTAGAGGGTATAT	g1
GTTGTAGAGGTAAGAG	g2
GTTGTAGAGTAACCTC	g2
GTTGTAGAGTAGGAAG	g0
GTTGTAGCAAGCAGGT	g0
GTTGTAGCAATCAGCT	g0
GTTGTAGCATTGTAGC	g2
GTTGTAGGTGATTAGA	g0
GTTGTAGTCCCACAGG	g8
GTTGTAGTCGACTCCT	g0
GTTGTAGTCGCAGTTA	g0
GTTGTCCAGGCAATGC	g4
GTTGTCCCAAGTCCAT	g0
GTTGTCCCAGAGTGTG	g0
GTTGTCCGTAACAGTA	g9
GTTGTCCGTCGCACGT	g3
GTTGTCCGTGATAGTA	g4
GTTGTCCGTGGACTGA	g0
GTTGTCCTCGCCTAGG	g2
GTTGTCCTCTGACAGT	g2
GTTGTGAAGAGTCCGA	g3
GTTGTGAAGGGACAGG	g0
GTTGTGAAGGTGATCG	g0
GTTGTGAAGTAACCGG	g0
GTTGTGAAGTGGTCAG	g2
GTTGTGACAAGGTCTT	g2
GTTGTGACACAAATAG	g7
GTTGTGACACAGTGAG	g6
GTTGTGACAGTACTAC	g3
GTTGTGAGTCTTGCTC	g7
GTTGTGAGTGATACTC	g0
GTTGTGATCCCTAGGG	g6
GTTGTGATCTATTTCG	g0
GTTTACTAGCCTGAAG	g0
GTTTACTAGCTCGGCT	g0
GTTTACTAGGCAATGC	g4
GTTTACTAGGTTGACG	g7
GTTTACTCAAGTTTGC	g0
GTTTACTCACCTGATA	g3
GTTTACTCATACAGCT	g4
GTTTACTCATCAGCAT	g0
GTTTACTCATTGGCAT	g0
GTTTACTGTCACTTAG	g2
GTTTACTGTCCAGAAG	g0
GTTTACTTCTCAAAGC	g2
GTTTGGAAGAGTTGTA	g2
GTTTGGAAGCTAGAAT	g4
GTTTGGAAGTATGTAG	g3
GTTTGGACAACGAGGT	g0
GTTTGGAGTATAGGAT	g0
GTTTGGAGTCCTTGTC	g4
GTTTGGATCCGCTTAC	g7
GTTTGGATCCGGTTCT	g3
GTTTGGATCGATAACC	g5
GTTTGGATCGCACGGT	g2
TAACACGAGAAGTGTT	g3
TAACACGAGGTGTGAC	g2
TAACACGAGTGTAGTA	g3
TAACACGAGTTACTCG	g0
TAACACGCACAAGTTC	g0
TAACACGCACGGCTAC	g2
TAACACGCACTATGTG	g7
TAACACGCAGCGTAGA	g0
TAACACGCATGACAAA	g0
TAACACGGTAACATCC	g3
TAACACGGTAGTGGCA	g8
TAACACGGTCGCATTA	g7
TAACACGGTCGCTGCA	g4
TAACACGTCACTGGTA	g2
TAACACGTCCATACAG	g2
TAACACGTCGGCATAT	g0
TAACACGTCTACTCAT	g0
TAACACGTCTGAGATC	g3
TAACCAGAGATCCCGC	g2
TAACCAGAGCCTCTTC	g2
TAACCAGAGTGCCCGT	g0
TAACCAGCAACGTAAA	g2
TAACCAGCAATTAGGA	g2
TAACCAGCACCAGTAT	g4
TAACCAGGTAAGATCA	g0
TAACCAGGTACGTGTT	g1
TAACCAGGTATGAGCG	g8
TAACCAGGTCAGACGA	g1
TAACCAGGTCTCACAA	g2
TAACCAGGTGTTATCG	g4
TAACCAGTCCGCATAA	g7
TAACCAGTCCGTGACG	g4
TAACCAGTCCGTTGAA	g4
TAACCAGTCCTTATAC	g0
TAACCAGTCGATCCAA	g0
TAACCAGTCTACAGGT	g0
TAACCAGTCTAGGCAT	g2
TAACGACAGTCCGCCA	g4
TAACGACCAAATCAGA	g2
TAACGACCAGCTTTCC	g0
TAACGACCATGCGGTC	g2
TAACTTCAGCGACTGA	g0
TAACTTCAGGCTTTCA	g0
TAACTTCAGTCCCAAT	g2
TAACTTCCATCATGAC	g2
TAACTTCGTAACTAAG	g7
TAACTTCGTGTTAAAG	g1
TAACTTCGTTATAGCC	g0
TAACTTCGTTGACTGT	g2
TAACTTCTCCTCGCAT	g0
TAACTTCTCGAACGGA	g4
TAAGCACAGCATGTTC	g0
TAAGCACAGCCACTCG	g0
TAAGCACAGCTAATGA	g4
TAAGCACAGGAGGGTG	g0
TAAGCACAGTCAATCC	g0
TAAGCACCACCAGTTA	g0
TAAGCACGTATAGCTC	g2
TAAGCACGTCCGACGT	g9
TAAGCACGTGAGTAGC	g8
TAAGCACGTGCTCCGA	g4
TAAGCACGTTTCACTT	g4
TAAGCACTCCATGATG	g2
TAAGCCAAGAACAGGA	g4
TAAGCCAAGACTCTTG	g2
TAAGCCAAGGAAACGA	g0
TAAGCCACAAAGGAGA	g4
TAAGCCACAACAGATA	g0
TAAGCCACACGCTATA	g7
TAAGCCAGTAAGTCAA	g7
TAAGCCAGTACGTAGG	g0
TAAGCCAGTCAATCTG	g0
TAAGCCAGTTTGTTGG	g0
TAAGCCATCATTATCC	g0
TAAGCCATCCAGTGTA	g6
TAAGCCATCCCAGGAC	g3
TAAGCGTAGCGCCGTT	g0
TAAGCGTAGCTGTGCC	g2
TAAGCGTAGGCTCTCG	g2
TAAGCGTAGTCGGCCT	g1
TAAGCGTCAACGCATT	g2
TAAGCGTCAATTGTGC	g0
TAAGCGTCACCAATTG	g2
TAAGCGTCAGGCGATA	g0
TAAGCGTGTGCGCTCA	g0
TAAGCGTGTGGACTGA	g2
TAAGCGTGTGTAAATG	g3
TAAGCGTTCAACCCGG	g8
TAAGCGTTCGCGATCG	g0
TAAGTCGAGCGTGTTT	g0
TAAGTCGAGGACAGCT	g2
TAAGTCGCAATGTGGG	g0
TAAGTCGCACCTATCC	g2
TAAGTCGCAGCGTAGA	g7
TAAGTCGCAGGAGACT	g4
TAAGTCGCATGCGGTC	g0
TAAGTCGCATGCGTGC	g0
TAAGTCGGTGGATTTC	g7
TAAGTCGGTGTCTAAC	g2
TAAGTCGGTTGCTCGG	g2
TAAGTCGTCATTCTTG	g2
TAAGTCGTCGAGTCCG	g7
TAAGTCGTCTCTATAC	g0
TAATCTCAGCACCCAC	g0
TAATCTCAGCTCGCAC	g0
TAATCTCCACTCCTTG	g2
TAATCTCCAGTCACGC	g8
TAATCTCCATGGTGGA	g0
TAATCTCGTCTACACA	g7
TAATCTCGTTGCATGT	g6
TAATCTCTCCATTCGC	g2
TAATCTCTCCGAAATC	g2
TAATTCCAGCTTTCCC	g0
TAATTCCAGGCGTTAG	g2
TAATTCCAGTGGAAAG	g2
TAATTCCCAAACACCT	g4
TAATTCCCAGAGTGTG	g8
TAATTCCCAGGTTCGC	g0
TAATTCCCATTGCCTC	g4
TAATTCCGTCAACCTA	g0
TAATTCCGTCGCATGC	g7
TAATTCCGTCGTGGTC	g5
TAATTCCGTCTCTCCA	g0
TAATTCCGTGAGTTTC	g2
TAATTCCGTTCCACAA	g0
TAATTCCGTTGTATGC	g2
TAATTCCTCACGGTCG	g7
TAATTCCTCCCATACC	g0
TAATTCCTCCGTCCTA	g7
TAATTCCTCGGCAGTC	g0
TACAACGAGCTAGATA	g8
TACAACGAGGAGAGTA	g2
TACAACGAGTCGGCCT	g7
TACAACGCAACCGCTG	g0
TACAACGCAAGCGCAA	g6
TACAACGCACGCTATA	g4
TACAACGCACTCCTTG	g0
TACAACGCAGCATCTA	g0
TACAACGGTCTACATG	g0
TACAACGTCAGATTGC	g9
TACAACGTCATACGAC	g1
TACAACGTCGAGCCAC	g3
TACAACGTCGCCAATA	g0
TACACCCAGTAGCATA	g2
TACACCCAGTTAACGA	g1
TACACCCAGTTGCATC	g0
TACACCCCAAAGGGCT	g4
TACACCCCAACCAGAG	g2
TACACCCCACGAGAAC	g0
TACACCCCAGCGTGCT	g2
TACACCCCATTAAGCC	g4
TACACCCGTGCTCTTC	g7
TACACCCGTGTCTCCT	g0
TACACCCGTGTGTACT	g0
TACACCCTCAAACTGC	g2
TACACCCTCAGCAATC	g0
TACACCCTCTCCGTGT	g7
TACAGGTAGGAGATAG	g2
TACAGGTCAACGGGTA	g2
TACAGGTCAAGGGCAT	g2
TACAGGTCAGATACCT	g0
TACAGGTCAGCTGTAT	g9
TACAGGTGTAGTCTGT	g0
TACAGGTGTCCCGGTA	g0
TACAGGTGTCGGTAAG	g9
TACAGGTGTGTCGATT	g4
TACAGGTGTTCTCTCG	g3
TACAGGTGTTTCCCAC	g2
TACAGGTTCACCTGTC	g4
TACAGGTTCCGTCAAA	g4
TACATTCAGAGTCTGG	g0
TACATTCAGATACCAA	g8
TACATTCAGGGTACGT	g1
TACATTCAGGTAGTAT	g4
TACATTCAGTAGGGTC	g2
TACATTCCACCAGCCA	g6
TACATTCGTATTCCTT	g2
TACATTCGTCCTACGG	g7
TACATTCTCAAACGAA	g1
TACATTCTCACTTGGA	g0
TACATTCTCATTGAGC	g0
TACATTCTCCATACTT	g0
TACATTCTCCGTAGTA	g0
TACATTCTCTAAACGC	g0
TACCCACAGACGAGCT	g2
TACCCACAGAGAAGGT	g2
TACCCACAGATAGTCA	g8
TACCCACAGATGATTG	g2
TACCCACAGGTTCAGG	g0
TACCCACAGTCACACT	g0
TACCCACCACATATGC	g1
TACCCACCACGGTCTG	g7
TACCCACCAGGCACTC	g4
TACCCACGTCCATCTC	g4
TACCCACGTCTTACTT	g0
TACCCACTCAGCGGAA	g3
TACCCACTCCACGTAA	g4
TACCCACTCCGTGGCA	g2
TACCCACTCGACCAAT	g7
TACCCACTCGGCATTA	g7
TACCCACTCTCGAGTA	g0
TACCCGTAGCACCGTC	g2
TACCCGTAGCGACATG	g4
TACCCGTCAAGTACCT	g2
TACCCGTCATCCAATG	g0
TACCCGTGTAACATCC	g3
TACCCGTGTCATAAAG	g0
TACCCGTTCCCGTAAA	g0
TACCCGTTCCGATCTC	g0
TACCGAAAGGGACAGG	g7
TACCGAAAGGTTGAGC	g2
TACCGAACAAGCGATG	g0
TACCGAACACGAAGAC	g2
TACCGAACATCTCATT	g4
TACCGAACATGGCACC	g0
TACCGAAGTTGACTAC	g0
TACCGAATCCACTTTA	g3
TACCGAATCGGCATAT	g2
TACCGAATCGTAGTGT	g0
TACCGAATCTACGCGG	g0
TACCGAATCTTACACT	g2
TACCGGGAGGACGCTA	g2
TACCGGGAGTAACGAT	g0
TACCGGGCAAGACTGG	g2
TACCGGGCACAAGCTT	g8
TACCGGGCAGGTTCAT	g7
TACCGGGCATCGGAGA	g7
TACCGGGGTAGAGGAA	g2
TACCGGGTCGGCCTTT	g0
TACCGGGTCTCATTTG	g0
TACCTCGAGTTAGAAC	g0
TACCTCGGTACCATAC	g2
TACCTCGGTATGTCCA	g7
TACCTCGGTCGCTCGA	g2
TACCTCGGTGACCGAA	g4
TACCTCGGTGTCCGGT	g2
TACCTCGTCACTTCTA	g7
TACCTCGTCGGTCACG	g2
TACCTCGTCGGTCTGG	g4
TACCTCGTCTACCTTA	g7
TACCTGCAGGATCACG	g7
TACCTGCAGGCATCAG	g2
TACCTGCAGTGCACAG	g4
TACCTGCGTTCTCAGA	g2
TACCTGCGTTGTAAAG	g3
TACCTGCTCCATGATG	g3
TACCTGCTCCGGCAGT	g1
TACCTGCTCGAACTCA	g4
TACCTGCTCGAGAATA	g2
TACGCTCAGGCCACTC	g0
TACGCTCCAAAGGCTG	g0
TACGCTCCAGCACCCA	g3
TACGCTCCAGGTACGA	g0
TACGCTCGTACCTGTA	g0
TACGCTCGTCTGTGAT	g0
TACGCTCTCACAAGAA	g0
TACGGGCAGAATCGAT	g4
TACGGGCAGTCTGTAC	g4
TACGGGCCAAGAAACT	g4
TACGGGCCAAGGGTCA	g2
TACGGGCCACAATCTG	g2
TACGGGCCATGACAAA	g7
TACGGGCGTCGAGTTT	g6
TACGGGCTCGGCCTTT	g8
TACGGGCTCTCCCATG	g0
TACGGTAAGCGTCTCG	g7
TACGGTAAGCTGCCAC	g7
TACGGTAAGGTCATCT	g2
TACGGTAAGTAGACAT	g8
TACGGTAAGTAGGATT	g2
TACGGTAAGTATGCAA	g0
TACGGTAAGTCATCCA	g0
TACGGTACACGTAACT	g2
TACGGTACAGATACCT	g0
TACGGTACATTGTCGA	g0
TACGGTAGTAGCCAGA	g2
TACGGTATCAACTGGT	g0
TACGGTATCCAGCAAT	g8
TACGGTATCCTAGCCT	g2
TACGGTATCGTGCGAC	g4
TACGTCCAGCCAAGTG	g0
TACGTCCAGCTCCGAC	g4
TACGTCCAGGCATCGA	g0
TACGTCCAGGGCAGTT	g4
TACGTCCAGGTCCGAA	g2
TACGTCCCAACGGCCT	g2
TACGTCCCACCCTTAC	g2
TACGTCCGTACTAAGA	g0
TACGTCCGTCAGGCAA	g8
TACGTCCGTCATCTAG	g0
TACGTCCGTCCGGTGT	g4
TACGTCCGTCTCACAA	g9
TACGTCCGTTCGTAAC	g3
TACGTCCTCGAGCTGC	g4
TACGTCCTCTAAGAAG	g2
TACTGCCAGGTAAGTT	g4
TACTGCCAGGTGGTTG	g0
TACTGCCCAGTTAGAA	g7
TACTGCCCATGACAAA	g0
TACTGCCCATGAGAAT	g4
TACTGCCGTAACGGTG	g9
TACTGCCGTGTGAATA	g2
TACTGCCGTTAAGGGC	g2
TACTGCCGTTGCAAGG	g0
TACTGCCTCTTCGTGC	g0
TACTTACAGCACTTTG	g0
TACTTACAGCTAAACA	g0
TACTTACAGTAGTCTC	g2
TACTTACCACGCGGTT	g0
TACTTACGTCAGTTTG	g9
TACTTACGTCCTCCAT	g3
TACTTACGTCTTGAAC	g2
TACTTACGTTGGTGTT	g0
TACTTACTCCAACCGG	g8
TACTTACTCGAACTCA	g2
TACTTACTCGAGCCAC	g2
TACTTACTCTATCACT	g2
TACTTCAAGTGGTGAC	g2
TACTTCACAATTTCTC	g0
TACTTCACATCGCCTT	g2
TACTTCATCATCACAG	g0
TACTTCATCCACTGAA	g4
TACTTCATCGTCACCT	g2
TACTTGTCAAAGGCGT	g1
TACTTGTCACTCCGGA	g3
TACTTGTCAGCAGAAC	g0
TACTTGTCAGCGTACC	g2
TACTTGTCATTGAAGA	g0
TACTTGTGTAGTCTGT	g0
TACTTGTTCAGACTGT	g4
TACTTGTTCTATTTCG	g4
TACTTGTTCTCTTCAA	g2
TAGACCAAGGTTGTTC	g0
TAGACCAAGTTCGCAT	g4
TAGACCACAAACCATC	g5
TAGACCACAGAGATGC	g2
TAGACCACAGCGTACC	g0
TAGACCAGTCGAGCAA	g7
TAGACCAGTGGAGGTT	g3
TAGACCAGTGTTGCCG	g2
TAGACCAGTTTGGAAA	g0
TAGACCATCACGTAGT	g0
TAGACCATCGCTACAA	g2
TAGACTGAGCACACAG	g5
TAGACTGAGCTAAGTA	g4
TAGACTGCACGTCTCT	g0
TAGACTGCAGAGACTG	g7
TAGACTGCAGGACTAG	g2
TAGACTGCATGTACGT	g4
TAGACTGGTATACGGG	g2
TAGACTGGTCCGGTGT	g2
TAGACTGTCAGCTTCC	g0
TAGACTGTCATCCCGT	g4
TAGACTGTCCCGAATA	g3
TAGACTGTCCTTATGT	g7
TAGAGTCAGATTGACA	g4
TAGAGTCCAACCACAT	g2
TAGAGTCCACATGAAA	g0
TAGAGTCCATGCCGAC	g2
TAGAGTCGTCCAGCGT	g2
TAGAGTCGTGCCTACG	g3
TAGAGTCGTTTAGTCG	g4
TAGAGTCTCAGACAAA	g2
TAGAGTCTCAGACCGC	g2
TAGAGTCTCCCTAGGG	g0
TAGAGTCTCGTTAGTG	g2
TAGAGTCTCTAGTCAG	g0
TAGATCGAGTAAACAC	g0
TAGATCGCAGCTCCTT	g2
TAGATCGCAGTTAAAG	g2
TAGATCGGTCCACACG	g0
TAGATCGTCCCTCTCC	g7
TAGATCGTCCTATTGT	g0
TAGCACAAGCGCGTTC	g0
TAGCACAAGTACAACA	g2
TAGCACAAGTGGATAT	g2
TAGCACACAAGAATAC	g0
TAGCACACACTGGATT	g2
TAGCACACAGGACATG	g2
TAGCACACAGTTGTCA	g1
TAGCACACATAGATGA	g2
TAGCACACATCGGCCA	g0
TAGCACAGTCGCAACC	g0
TAGCACAGTTGGTACT	g0
TAGCACATCCATAGAC	g9
TAGCACATCCATTTAC	g2
TAGCACATCCTTCTGG	g0
TAGCACATCGCTGATA	g4
TAGCACATCTCGACCT	g4
TAGGAGGAGAGATGCC	g0
TAGGAGGAGTGTTGTC	g0
TAGGAGGCAAGTCCAT	g9
TAGGAGGCAGGATCTT	g1
TAGGAGGGTAGCGATG	g0
TAGGAGGGTGGTCAAG	g0
TAGGAGGTCACGAACT	g0
TAGGAGGTCACTGTTT	g2
TAGGAGGTCAGCAATC	g0
TAGGAGGTCCGATTAG	g3
TAGGAGGTCGAGTTGT	g2
TAGGAGGTCTATACGG	g3
TAGGGTTAGAAACCCG	g2
TAGGGTTAGCTGTTAC	g7
TAGGGTTAGGTTCCGC	g0
TAGGGTTAGTGATAGT	g2
TAGGGTTCAACACAGG	g0
TAGGGTTCACACCGCA	g4
TAGGGTTCATACTTTC	g0
TAGGGTTGTACTCAAC	g0
TAGGGTTGTACTGGGA	g2
TAGGGTTGTCCAAGAG	g2
TAGGGTTGTGGTGATG	g7
TAGGGTTGTTGCGTAT	g0
TAGGGTTTCCAGCTCT	g4
TAGGGTTTCGGACGTC	g0
TAGGTACCAAACCGGA	g4
TAGGTACCACGCGCAT	g0
TAGGTACCAGCCATTA	g7
TAGGTACGTCGGCTAC	g7
TAGGTACGTCGGTACC	g0
TAGGTACGTCTCACGG	g0
TAGGTACGTTAAAGTG	g0
TAGGTACTCCCGAAAT	g0
TAGGTACTCGACGTCG	g9
TAGGTACTCGTTCCCA	g4
TAGGTTGAGTGAGGTC	g2
TAGGTTGAGTTCTCTT	g3
TAGGTTGAGTTGAAGT	g7
TAGGTTGCAAAGCTAA	g0
TAGGTTGGTAGGGAGG	g3
TAGGTTGGTATGTGTC	g4
TAGGTTGGTCGGTAAG	g0
TAGGTTGGTTCCGCTT	g7
TAGGTTGTCGCAACAT	g2
TAGGTTGTCGTGCACG	g4
TAGGTTGTCTCAGGCG	g2
TAGTGCAAGTATGAGT	g0
TAGTGCAAGTTTGAGA	g8
TAGTGCACAACTTGGT	g2
TAGTGCACACAGAAGC	g0
TAGTGCACACGTCGGT	g4
TAGTGCACAGTTGCGC	g2
TAGTGCAGTAGACACG	g0
TAGTGCAGTGTCATGT	g2
TAGTGCAGTTTGAACC	g2
TAGTGCATCAAAGGAT	g0
TAGTGCATCAGAGTTC	g4
TAGTGCATCTCTGAGA	g7
TAGTGCATCTGGGCCA	g0
TAGTGCATCTTTCCAA	g0
TATACCTAGAGCCTGA	g0
TATACCTAGCAGGCAT	g7
TATACCTAGCCAACCC	g2
TATACCTAGGCACGAT	g2
TATACCTAGTTAACAG	g0
TATACCTGTATCGTGT	g0
TATACCTGTCCTGGGT	g0
TATACCTGTGGATCAG	g0
TATATCCAGAGGGTCT	g4
TATATCCAGATGATTG	g0
TATATCCAGGCCTAGA	g2
TATATCCAGGTTATAG	g0
TATATCCAGTGTAGAT	g0
TATATCCCAACGATCT	g7
TATATCCCAATAGTAG	g3
TATATCCGTCACAGTT	g3
TATATCCGTCCTCCTA	g2
TATATCCGTGAGAGGG	g0
TATATCCGTGTCCACG	g0
TATATCCTCAAAGCCT	g4
TATATCCTCGGACAAG	g0
TATATCCTCTCATGCC	g3
TATCAGGAGAGCCTGA	g2
TATCAGGAGGCATCTT	g0
TATCAGGAGGGTTGCA	g2
TATCAGGAGGTTCATC	g7
TATCAGGCAAAGCACG	g0
TATCAGGCAAAGTATG	g2
TATCAGGCATCGTGGC	g3
TATCAGGGTACCCGCA	g4
TATCAGGTCGCAGATT	g0
TATCAGGTCGCTCCTA	g9
TATCAGGTCTGCATAG	g0
TATCCTAAGAATACAC	g2
TATCCTAAGATCCCGC	g0
TATCCTAAGCTACGTT	g5
TATCCTAAGGCGCTCT	g2
TATCCTACAAACCACT	g0
TATCCTACAAAGCAAT	g8
TATCCTACAGGCCCTA	g4
TATCCTATCAGCCCAG	g2
TATCCTATCAGGACAG	g0
TATCCTATCCGTGACG	g0
TATCCTATCCTCTGCA	g4
TATCCTATCTAGAACC	g4
TATCCTATCTTGGGCG	g8
TATCGCCAGATACTGA	g2
TATCGCCAGTCATTGC	g0
TATCGCCAGTGATAAC	g4
TATCGCCCAACACACT	g2
TATCGCCCAAGAGGTC	g4
TATCGCCCAGAGGCTA	g2
TATCGCCCAGGCTTGC	g8
TATCGCCCATCGATCA	g0
TATCGCCGTAACCCTA	g0
TATCGCCGTCACGACC	g0
TATCGCCGTCGAACAG	g0
TATCGCCGTCTGTGTA	g0
TATCGCCGTTGCCGAC	g7
TATCGCCTCAATCCAG	g3
TATCGCCTCGTGGGAA	g0
TATCGCCTCGTTCTGC	g2
TATCTGTAGAGGGCGA	g2
TATCTGTAGTGCAGGT	g0
TATCTGTCAGTGCCTG	g0
TATCTGTCATCCTTGC	g0
TATCTGTGTCTTCATT	g1
TATCTGTGTTCCATTT	g3
TATCTGTTCACACGAT	g0
TATCTGTTCATTATCC	g0
TATCTTGAGTTATGGA	g4
TATCTTGCAATTCTTC	g4
TATCTTGCACACACGC	g2
TATCTTGCACACCGCA	g3
TATCTTGCACGAGGAT	g2
TATCTTGCATACAGGG	g7
TATCTTGGTCTCCTGT	g0
TATCTTGGTGAATAAC	g2
TATCTTGGTTGCTGAT	g4
TATCTTGTCATGAAAG	g4
TATCTTGTCATTTGTC	g2
TATGTTCAGTGCCAGA	g0
TATGTTCAGTGGTTCT	g2
TATGTTCCAACCGGAA	g0
TATGTTCCACTGAGGA	g0
TATGTTCCACTGCTTC	g2
TATGTTCCAGCTGTAT	g2
TATGTTCCATATAGCC	g3
TATGTTCCATTGTCGA	g4
TATGTTCGTAAGCTCT	g0
TATGTTCGTTAGTTCG	g0
TATGTTCTCGACGAGA	g0
TATGTTCTCGAGAGAC	g2
TATGTTCTCGCCATAA	g3
TATGTTCTCGTGCAGC	g0
TATGTTCTCGTGTTCC	g0
TATTCCAAGATACTGA	g2
TATTCCACACAAGTGG	g4
TATTCCACACATAGCT	g4
TATTCCACAGTGTGCC	g0
TATTCCAGTCGGTAAG	g2
TATTCCATCATGCGGC	g4
TATTCCATCATGGATC	g0
TATTCCATCCGAGCTG	g2
TATTGCTAGACTGAGC	g8
TATTGCTAGCTAGCCC	g6
TATTGCTAGGACAGCT	g0
TATTGCTAGTAAGGGA	g4
TATTGCTCAGTAGTGG	g2
TATTGCTGTACTGTTG	g7
TATTGCTGTCGTCTCT	g2
TATTGCTGTGTAGTGG	g0
TATTGCTTCGCTCATC	g0
TATTGCTTCTGGTTGA	g0
TATTGGGAGACCATGG	g2
TATTGGGAGAGTCTGG	g3
TATTGGGAGGGCAACT	g3
TATTGGGCAGCACACC	g7
TATTGGGCATTCTTCA	g7
TATTGGGGTATACAGA	g0
TATTGGGGTCATACCA	g7
TATTGGGGTCCACTCT	g4
TATTGGGTCAGGGTAG	g2
TATTGGGTCGGTCACG	g1
TATTTCGAGACTGAGC	g2
TATTTCGCAGAGTGTG	g3
TATTTCGCAGCATTGT	g2
TATTTCGCAGCTTCCT	g4
TATTTCGGTATCAGGG	g0
TATTTCGGTGGGATTG	g2
TATTTCGTCAAGAGGC	g2
TATTTCGTCACAGAGG	g0
TATTTCGTCGACGCTG	g7
TATTTCGTCTTGCAGA	g0
TATTTCGTCTTGGCTC	g3
TCAAGACAGACCACGA	g2
TCAAGACAGCATGGGT	g2
TCAAGACCAAGCTGTT	g7
TCAAGACCAATGGGTG	g5
TCAAGACCACCTCAGG	g2
TCAAGACCAGCCCAGT	g7
TCAAGACGTCGGCCTA	g0
TCAAGACGTGGGATTG	g2
TCAAGACGTTATGGTC	g2
TCAAGACTCCGAAATC	g2
TCAAGACTCTACTCAT	g7
TCAAGCAAGAATCCCT	g0
TCAAGCAAGATGCAGC	g7
TCAAGCAAGATTCGAA	g0
TCAAGCAAGCAGGGAG	g2
TCAAGCACAATAACCC	g7
TCAAGCACACGGCGTT	g0
TCAAGCACACTAGGCC	g0
TCAAGCAGTACTGTTG	g9
TCAAGCAGTTCTCTCG	g0
TCAAGCAGTTTGTTCT	g4
TCAAGCATCACACCGG	g0
TCAAGCATCCCTCTCC	g2
TCAAGTGAGAGGTTTA	g8
TCAAGTGAGCTGAAAT	g2
TCAAGTGAGGGAGGGT	g0
TCAAGTGAGGTGAGCT	g0
TCAAGTGAGTCACTCA	g2
TCAAGTGCAAAGAGTT	g5
TCAAGTGCAGACAAGC	g8
TCAAGTGGTCGCTTAA	g9
TCAAGTGTCCCTCATG	g0
TCAATCTAGACTAAGT	g0
TCAATCTAGCCAACCC	g1
TCAATCTAGCCTCAAT	g2
TCAATCTCAGTATGAA	g4
TCAATCTGTACGAAAT	g0
TCAATCTGTGTCTTGA	g0
TCAATCTTCCTAGAGT	g4
TCAATTCAGAGCTGCA	g0
TCAATTCAGCCGTTGC	g0
TCAATTCCACTATCCC	g2
TCAATTCGTAATGTGA	g2
TCAATTCGTGTCCGGT	g3
TCAATTCGTTGAGAGC	g2
TCAATTCTCCCATGGG	g2
TCAATTCTCCCTGTTG	g2
TCAATTCTCGACGCGT	g4
TCAATTCTCTAGGAAA	g0
TCAATTCTCTGCGGCA	g1
TCACAAGAGAAAGTCT	g1
TCACAAGAGGCCTTGC	g7
TCACAAGAGTGAGTTA	g0
TCACAAGAGTGTACAA	g2
TCACAAGCAATTGAAG	g0
TCACAAGCACACGGAA	g3
TCACAAGCAGCAGTTT	g0
TCACAAGCAGCTGTCG	g2
TCACAAGCAGGTTCAT	g4
TCACAAGCATTCGGGC	g2
TCACAAGGTATACAGA	g4
TCACAAGGTATGGTAA	g0
TCACAAGGTGGTCAAG	g2
TCACAAGGTTGCTCCT	g0
TCACAAGTCTCCTGCA	g7
TCACAAGTCTTAATCC	g4
TCACACCAGAGAGTTT	g0
TCACACCAGCAGGGAG	g2
TCACACCAGGAGGGTG	g3
TCACACCCAAGCTGCC	g7
TCACACCCAAGTATAG	g0
TCACACCGTAACCCGC	g9
TCACACCGTGTTTACG	g2
TCACACCTCCTTCTGG	g2
TCACACCTCGACGACC	g0
TCACACCTCTATCGTT	g0
TCACATTAGACATACA	g4
TCACATTAGTAGGCCA	g2
TCACATTAGTGATAGT	g3
TCACATTCAAGGTACG	g2
TCACATTCAGGATTCT	g0
TCACATTCATATAGCC	g8
TCACATTGTATCAAGA	g0
TCACATTGTTCCACGG	g7
TCACATTTCGTAGCCG	g0
TCACGCTAGACGGATC	g0
TCACGCTAGATACATG	g0
TCACGCTCACCGGAAA	g2
TCACGCTCATCTGGGC	g7
TCACGCTGTGATCGTT	g3
TCACGCTGTTCGGTCG	g2
TCACGCTTCTCGTGAA	g0
TCACGGGCACCACATA	g5
TCACGGGGTATGCGTT	g2
TCACGGGGTCAGCTTA	g2
TCACGGGGTGATAGAT	g2
TCACGGGGTTACGGAG	g2
TCACGGGTCGATTTCT	g0
TCACGGGTCTAGATCG	g0
TCACGGGTCTGTCCGT	g2
TCACGGGTCTTCCACG	g7
TCACTATAGATCACCT	g0
TCACTATAGCATGCAG	g9
TCACTATAGGTCCCGT	g2
TCACTATAGGTTGGTG	g0
TCACTATCACAATTCG	g0
TCACTATCACTAGAGG	g0
TCACTATCAGCCGGTT	g0
TCACTATGTACATACC	g2
TCACTATGTAGCGAGT	g2
TCACTATGTTTGTGGT	g0
TCACTATGTTTGTTCT	g2
TCACTATTCAACACGT	g0
TCACTATTCAATCCGA	g0
TCACTATTCAGGAGAC	g0
TCACTATTCCGATAAC	g0
TCACTATTCGTGTTCC	g0
TCACTATTCTGGGCCA	g0
TCACTCGAGGTGGCTA	g4
TCACTCGCAAATAAGC	g9
TCACTCGCAAGGACAC	g1
TCACTCGCAATTCTTC	g2
TCACTCGGTAAGACCG	g8
TCACTCGGTGCGTGCT	g4
TCACTCGGTTAAGGAT	g0
TCACTCGTCAGTCTTT	g7
TCACTCGTCATGTCAG	g10
TCAGCAAAGGATGGCT	g1
TCAGCAAAGGTAGTAT	g0
TCAGCAAAGTATCCTG	g4
TCAGCAAAGTATGGAT	g2
TCAGCAAAGTGCCGAA	g8
TCAGCAACAATTGCTG	g7
TCAGCAACAGGCCCTA	g4
TCAGCAACATCTATCT	g0
TCAGCAAGTAAGATTG	g2
TCAGCAAGTGACTAAA	g3
TCAGCAATCCATTGCC	g0
TCAGCAATCCGTAATG	g1
TCAGCAATCGCATGAT	g0
TCAGCAATCTGACAGT	g0
TCAGCAATCTGGACTA	g4
TCAGCCTAGACTTGTC	g3
TCAGCCTAGTAACGTA	g1
TCAGCCTCAACCGTGC	g0
TCAGCCTCACCCGTAG	g7
TCAGCCTCACCTAAAC	g4
TCAGCCTCACTGTTCC	g4
TCAGCCTCATATCTCT	g2
TCAGCCTGTAGAATAC	g7
TCAGCCTGTCGCAGTC	g2
TCAGCCTGTCTGTCCT	g2
TCAGCCTGTTTGACAC	g0
TCAGCCTTCCAGGACC	g2
TCAGCCTTCCGGTAGC	g2
TCAGCCTTCCTGGTCT	g4
TCAGGGCAGATCACTC	g4
TCAGGGCAGCCTCTTC	g0
TCAGGGCAGCCTGACC	g0
TCAGGGCCAATGTCTG	g0
TCAGGGCCACACCTTC	g2
TCAGGGCCACCAGCGT	g7
TCAGGGCCAGCTATTG	g4
TCAGGGCCATCGATCA	g2
TCAGGGCCATTCCTCG	g0
TCAGGGCGTACACGCC	g3
TCAGGGCGTGGTCAAG	g0
TCAGGGCGTTTAGACC	g0
TCAGGGCTCACCTGTC	g2
TCAGGGCTCATGCAGT	g2
TCAGGGCTCCAAATGC	g0
TCAGGGCTCGCTCTCA	g0
TCAGGGCTCGGAATTC	g8
TCAGGGCTCTCACGAA	g2
TCAGGGCTCTCATTTG	g4
TCAGGGCTCTGATGGT	g2
TCAGGGCTCTGGCTGG	g7
TCAGGTAAGCCTCTCT	g0
TCAGGTACAGTCAGCC	g0
TCAGGTACAGTCTCTC	g2
TCAGGTAGTATTAAGG	g0
TCAGGTAGTTAGGCTT	g8
TCAGGTATCATTCATC	g7
TCAGGTATCCCTTGGT	g4
TCAGGTATCGCCGATG	g0
TCAGGTATCGCTCTCA	g2
TCAGTCCAGAATTGTG	g7
TCAGTCCAGTTGTCAC	g2
TCAGTCCCAAGCGGAT	g7
TCAGTCCCAAGGTCTT	g2
TCAGTCCGTAGCGATG	g0
TCAGTCCGTAGCGCTC	g0
TCAGTCCGTCTGTGTA	g1
TCAGTCCGTGGGTCAA	g8
TCAGTCCGTTACGCCG	g0
TCAGTCCTCAGAGTGG	g2
TCAGTCCTCGCCGTGA	g3
TCAGTCCTCTACGCGG	g0
TCAGTGAAGAGTGTGC	g4
TCAGTGAAGATGAACT	g1
TCAGTGAAGCCTCACG	g1
TCAGTGAAGTCATGGG	g0
TCAGTGACAAAGACGC	g2
TCAGTGACACTTTAGG	g0
TCAGTGACAGTTAGAA	g0
TCAGTGACATAATCGC	g0
TCAGTGACATCCCGTT	g4
TCAGTGACATGACGTT	g2
TCAGTGACATGCGTGC	g9
TCAGTGACATGTGACT	g2
TCAGTGAGTAATCAAG	g4
TCAGTGAGTGCCTTTC	g0
TCAGTGAGTTATGACC	g2
TCAGTGATCCAACCAA	g2
TCAGTGATCCGAGTGC	g1
TCAGTGATCCGGTTCT	g7
TCAGTGATCTTTGGAG	g1
TCAGTTTAGATTGTGA	g4
TCAGTTTAGCCGATCC	g3
TCAGTTTAGTACTGTC	g2
TCAGTTTCACAAGGTG	g0
TCAGTTTCACCAGTAT	g0
TCAGTTTCACGGTCTG	g4
TCAGTTTCAGTTAGAA	g0
TCAGTTTCATGGCTGC	g2
TCAGTTTGTACTTGTG	g9
TCAGTTTGTAGCGATG	g2
TCAGTTTGTCAGCTTA	g2
TCAGTTTGTGGCGCTT	g0
TCAGTTTGTTCGGTAT	g10
TCAGTTTTCCGCGGAT	g7
TCAGTTTTCGGAGTGA	g2
TCATACTAGCGAGTAC	g8
TCATACTAGTAACCGG	g0
TCATACTCAAAGTGTA	g4
TCATACTCAGGTACGA	g2
TCATACTCAGTCTTCC	g2
TCATACTCATAGTCAC	g0
TCATACTGTCTGTGGC	g4
TCATACTGTTCCGCAG	g2
TCATACTTCCATGATG	g0
TCATATCAGATTAGTG	g3
TCATATCAGCCGAATG	g0
TCATATCAGCCTGAAG	g4
TCATATCAGGATATGT	g0
TCATATCAGGATGGCT	g2
TCATATCCAAGTGTCT	g7
TCATATCCACAACGTT	g2
TCATATCCACGTAGAG	g2
TCATATCGTAAGCTCT	g0
TCATATCGTGCATACT	g2
TCATATCGTGCCGTTG	g0
TCATATCTCCACCTCA	g6
TCATATCTCCATTGTT	g2
TCATATCTCGAACGCC	g2
TCATATCTCGACGATT	g3
TCATCATAGTAACAGT	g0
TCATCATAGTGGTTCT	g2
TCATCATCAACTGGTT	g0
TCATCATTCGTTACCC	g0
TCATCATTCTCGACCT	g4
TCATCATTCTTCACGC	g0
TCATCCGAGATTCGAA	g7
TCATCCGAGCCTAGGA	g2
TCATCCGAGGTCTGGA	g0
TCATCCGCACACGTGC	g0
TCATCCGCACCCAATA	g4
TCATCCGCACGGCCAT	g2
TCATCCGCAGAAGCTG	g3
TCATCCGCAGAGGCAT	g7
TCATCCGCATCGCTAA	g0
TCATCCGGTAGGCTGA	g4
TCATCCGGTCCGATCG	g0
TCATCCGGTTCCAAAC	g4
TCATCCGTCAACTGGT	g1
TCATCCGTCACCTTGC	g0
TCATCCGTCAGCTCTC	g0
TCATCCGTCAGGAACG	g4
TCATCCGTCGAGTGAG	g2
TCATCCGTCTCAAAGC	g0
TCATCCGTCTGAATGC	g2
TCATCCGTCTGAGCAT	g0
TCATGAGAGAACGCGT	g1
TCATGAGAGGGTATAT	g2
TCATGAGAGGGTTTCT	g1
TCATGAGAGTAAAGCT	g0
TCATGAGAGTACAACA	g0
TCATGAGCAAACCATC	g2
TCATGAGCACAATGTC	g7
TCATGAGCAGATTTCG	g1
TCATGAGGTGTTGAGG	g3
TCATGAGGTTCAGTAC	g2
TCATGAGTCAAACGTC	g4
TCATGAGTCATCCTGC	g2
TCATGAGTCTATCGTT	g0
TCATGCCAGAGGGCGA	g2
TCATGCCCACCACTGG	g0
TCATGCCCACCTGCTT	g0
TCATGCCCAGATAAAC	g0
TCATGCCCAGGTTCAT	g0
TCATGCCGTCGGTGTC	g9
TCATGCCTCAGACCTA	g2
TCATGCCTCGTTAGAC	g8
TCATGCCTCTAACGCA	g3
TCATGGAAGGACAACC	g4
TCATGGACAAACGGCA	g8
TCATGGACATACCGTA	g0
TCATGGACATATACCG	g0
TCATGGAGTAATTGGA	g10
TCATGGAGTAGCGAGT	g0
TCATGGAGTCACGCTG	g4
TCATGGAGTGAACTAA	g9
TCATGGAGTGGTCCGT	g2
TCATGGAGTTAGAGTA	g2
TCATGGATCACCTCAC	g7
TCATGGATCCATTGCC	g0
TCATGGATCCGTCCTA	g7
TCATGGATCCTACACC	g8
TCATGTTAGAATGTTG	g2
TCATGTTAGCCAAGCA	g4
TCATGTTAGGGCTTCC	g0
TCATGTTCAACTGCTA	g2
TCATGTTCACCCTTGT	g2
TCATGTTGTACGGTTT	g0
TCATGTTGTAGTCTGT	g2
TCATGTTGTGGATCAG	g4
TCATGTTTCAAATAGG	g4
TCATGTTTCCCTCTTT	g7
TCATGTTTCCGCAACG	g0
TCATGTTTCCTCACTG	g4
TCATGTTTCGATCCCT	g0
TCATGTTTCTAATTCC	g8
TCATTACAGACCCGCT	g3
TCATTACAGCGCCATC	g5
TCATTACAGTAGTCCT	g2
TCATTACCAAAGGGTC	g0
TCATTACCAAATAAGC	g2
TCATTACCAAGACTGG	g6
TCATTACCACACGCCA	g2
TCATTACCAGCTCATA	g0
TCATTACCAGCTTCCT	g2
TCATTACCAGGCGATA	g8
TCATTACGTAAGATAC	g0
TCATTACGTAGAGACC	g6
TCATTACGTCATAAAG	g7
TCATTACGTCCCTCAT	g9
TCATTACGTGAGTGAC	g3
TCATTACGTTCTTGTT	g7
TCATTACTCAGATGCT	g3
TCATTACTCCACGTGG	g2
TCATTACTCCCGATCT	g7
TCATTCAAGGTATAGT	g0
TCATTCAAGGTTATAG	g9
TCATTCAAGTCGAATA	g4
TCATTCACACAAGTGG	g4
TCATTCACACGTACAT	g0
TCATTCACAGCGCGTT	g2
TCATTCACAGGCGATA	g2
TCATTCACATTGTGCA	g2
TCATTCAGTATACAGA	g0
TCATTCAGTATATGGA	g0
TCATTCAGTGGAATGC	g3
TCATTCAGTTCAGTAC	g4
TCATTCATCCAGTACA	g4
TCATTGTAGAATACAC	g7
TCATTGTAGAGTCCGA	g3
TCATTGTAGATGCCGA	g0
TCATTGTAGCGCTTCG	g4
TCATTGTAGTACTCGT	g0
TCATTGTAGTGTACAA	g5
TCATTGTCACCGCTGA	g4
TCATTGTCAGCGTTGC	g2
TCATTGTCATACATCG	g7
TCATTGTCATATACCG	g2
TCATTGTCATTGAAGA	g0
TCATTGTGTTCTTGCC	g0
TCATTGTTCAGGAAGC	g3
TCATTGTTCGTTGCCT	g2
TCATTGTTCTGCGAGC	g2
TCATTTGAGCTGACAG	g2
TCATTTGAGTTTGGCT	g0
TCATTTGCACACGCCA	g7
TCATTTGCACTATCCC	g1
TCATTTGGTTCCGCTT	g2
TCATTTGGTTCTCCTG	g0
TCCACCAAGAATTCAG	g2
TCCACCAAGGTACTGG	g1
TCCACCAAGTCATGAA	g9
TCCACCACACATAACC	g2
TCCACCAGTCTTGAGT	g8
TCCACCAGTGACCGAA	g0
TCCACCAGTGGCCCAT	g0
TCCACCATCTCCGAAA	g4
TCCACCATCTCGGTCT	g8
TCCACGTAGCACTCCG	g0
TCCACGTAGGCAGCTA	g0
TCCACGTAGGTCACAG	g0
TCCACGTCAATCAAGA	g0
TCCACGTCACTTCAGA	g2
TCCACGTGTACTGTTG	g4
TCCACGTTCGAGATGG	g0
TCCACGTTCGTAACCA	g7
TCCACGTTCTTAAGGC	g7
TCCAGAAAGAACAAGG	g0
TCCAGAAAGACAACTA	g0
TCCAGAAAGAGGCGTT	g7
TCCAGAAAGGATTTCC	g0
TCCAGAAAGTTCCGTA	g2
TCCAGAACACGATTCA	g0
TCCAGAACAGCGTTGC	g0
TCCAGAACATGACACT	g0
TCCAGAAGTTTAGACC	g1
TCCATCGAGCCTATCA	g8
TCCATCGAGCGGACAT	g0
TCCATCGCACAACGAG	g2
TCCATCGCACGATTCA	g0
TCCATCGCATAGTCAC	g3
TCCATCGCATATGGCT	g2
TCCATCGCATTGACCA	g7
TCCATCGGTGGAGAAA	g2
TCCATCGGTTGGACTT	g3
TCCATCGTCATTCTTG	g0
TCCATCGTCCCAGGAC	g2
TCCATCGTCCCGAACG	g0
TCCATCGTCCTCGATC	g0
TCCATGCAGAACAAGG	g0
TCCATGCCAATCTCTT	g0
TCCATGCCAATGTGGG	g2
TCCATGCGTAGATTGA	g7
TCCATGCGTATCAGGG	g0
TCCATGCGTCGTTGGC	g4
TCCATGCTCCTGGGTG	g0
TCCATGCTCGCATTGA	g0
TCCATGCTCGCTTGAA	g2
TCCCACAAGCCTGAAG	g2
TCCCACAAGCTCATAC	g4
TCCCACACAATGAAAC	g2
TCCCACACAGGTAGTG	g7
TCCCACACAGTGGCTC	g2
TCCCACACATAATCGC	g0
TCCCACAGTCACTTCC	g2
TCCCACAGTCCAGCGT	g2
TCCCACAGTGATTAGA	g8
TCCCACAGTTGTAGCT	g2
TCCCACATCGCATAGT	g1
TCCCACATCGGCATCG	g2
TCCCACATCGGTCAGC	g4
TCCCACATCTCAGGCG	g2
TCCCACATCTCTAGGA	g2
TCCCAGTAGAACTGAT	g7
TCCCAGTAGCTGACAG	g0
TCCCAGTAGGTTACAA	g0
TCCCAGTGTGCCTGAC	g2
TCCCAGTTCATGTCAG	g2
TCCCAGTTCCCTTGGT	g0
TCCCAGTTCCGATGTA	g2
TCCCAGTTCGGTCGAC	g2
TCCCATGAGAGCAGTC	g0
TCCCATGAGGTCTTTG	g1
TCCCATGAGTACCATC	g7
TCCCATGAGTCAGAGC	g7
TCCCATGAGTTGTCAC	g1
TCCCATGCAAGCGAAC	g2
TCCCATGCACCGTCGA	g2
TCCCATGCACGTTCGG	g2
TCCCATGCAGTCGTTA	g4
TCCCATGCATCGAAGG	g7
TCCCATGGTCCAGCGT	g0
TCCCATGGTCGGTGAA	g0
TCCCATGGTGAATAAC	g0
TCCGAAAAGCTGAGCA	g1
TCCGAAACACGACAAG	g7
TCCGAAACATGGGTCC	g7
TCCGAAACATTCTTCA	g2
TCCGAAAGTATCGATC	g7
TCCGAAAGTTAAACCC	g2
TCCGAAAGTTCTCCAC	g0
TCCGAAATCACACCGG	g2
TCCGAAATCGAGTTGT	g8
TCCGAAATCGTCCATC	g0
TCCGATCAGAGAGGTA	g0
TCCGATCAGTCTTCCC	g0
TCCGATCGTCATTCCC	g1
TCCGATCGTGTGTCGC	g0
TCCGATCGTTAACAGA	g8
TCCGATCGTTTGTGGT	g0
TCCGATCTCAACGTGT	g0
TCCGATCTCAGTCACA	g0
TCCGATCTCCTCTTTC	g0
TCCGATCTCGGAGATG	g2
TCCGATCTCTATGTGG	g0
TCCGATCTCTGCTCTG	g0
TCCGGGAAGGGACTGT	g6
TCCGGGAAGTCATGCT	g0
TCCGGGACAGAGGTTG	g2
TCCGGGACATAGGCGA	g7
TCCGGGATCAGGACGA	g0
TCCGGGATCCCTGGTT	g7
TCCGGGATCCGTAGTA	g2
TCCGGGATCGTTATCT	g0
TCCGGGATCTATACGG	g0
TCCGTGTCAACACACT	g8
TCCGTGTCAATCAGCT	g0
TCCGTGTGTCAGGAGT	g0
TCCGTGTGTGGCTAGA	g3
TCCGTGTGTGGTAACG	g0
TCCGTGTTCAAGAATG	g2
TCCTAATAGAAGATCT	g7
TCCTAATAGAGCATAT	g0
TCCTAATAGGGTGAAA	g3
TCCTAATAGGTCCCGT	g4
TCCTAATCAACAGCTT	g4
TCCTAATCAAGCGCAA	g2
TCCTAATCAGACGGAT	g2
TCCTAATCATACTGAC	g2
TCCTAATCATGATGCT	g3
TCCTAATGTAAGATCA	g0
TCCTAATGTACGGATG	g0
TCCTAATGTGACAACG	g0
TCCTAATGTTACCCTC	g0
TCCTAATGTTTACACG	g0
TCCTAATTCGACATCA	g4
TCCTAATTCGCACTCT	g2
TCCTAATTCTTAGCCC	g2
TCCTCCCAGAGTCCGA	g2
TCCTCCCAGATGCTAA	g3
TCCTCCCAGCCTTTCC	g4
TCCTCCCAGCTCCATA	g4
TCCTCCCAGGAGTATT	g2
TCCTCCCCAACTAGAA	g8
TCCTCCCCAATCTAGC	g2
TCCTCCCCACGCGCTA	g0
TCCTCCCGTAGAGCTG	g0
TCCTCCCGTCCAACGC	g2
TCCTCCCGTGATAGTA	g7
TCCTCCCGTGTAAACA	g0
TCCTCCCGTTCACCGG	g2
TCCTCCCTCCTCAGGG	g4
TCCTCGAAGACCATGG	g2
TCCTCGAAGGCATCGA	g0
TCCTCGAAGGTAGTCG	g0
TCCTCGAAGTAAACGT	g0
TCCTCGAAGTTTCAGC	g2
TCCTCGACAACTGGTT	g6
TCCTCGACAATCCTAG	g7
TCCTCGACACAAAGCG	g3
TCCTCGACACATTACG	g3
TCCTCGACAGACTCTA	g0
TCCTCGACATGGAATA	g4
TCCTCGAGTGGGTCAA	g2
TCCTCGAGTTCACGAT	g0
TCCTCGAGTTGTCTAG	g2
TCCTCGATCATTGCCC	g2
TCCTCGATCCATTTCA	g0
TCCTCGATCCCATTTA	g7
TCCTCTTAGCATGAAT	g2
TCCTCTTAGCCGTCGT	g8
TCCTCTTAGGCCTGCT	g4
TCCTCTTAGTATGATG	g7
TCCTCTTAGTGAGCCA	g3
TCCTCTTCAACTCATG	g8
TCCTCTTCAGGCGTTC	g2
TCCTCTTCATAACGGG	g1
TCCTCTTCATGAATCC	g3
TCCTCTTGTGTATCCA	g0
TCCTCTTTCCCTCGAT	g2
TCCTCTTTCGCTTGCT	g0
TCCTCTTTCGTAGGAG	g4
TCCTGCAAGCAGGCTA	g8
TCCTGCAAGCGACTGA	g3
TCCTGCACAATCAGCT	g6
TCCTGCACACAGAAGC	g2
TCCTGCACACGACAGA	g4
TCCTGCACAGGCTATT	g4
TCCTGCACAGTTCCAA	g0
TCCTGCACATGAGGGT	g9
TCCTGCACATGTCGTA	g2
TCCTGCAGTCTGTTAG	g0
TCCTGCAGTTGCACGC	g2
TCCTGCATCACTGAAC	g9
TCCTGCATCATACGGT	g7
TCCTGCATCCTTGACC	g2
TCCTGCATCGGCACTG	g4
TCCTTCTAGCTGGAGT	g0
TCCTTCTAGGCTCCCA	g4
TCCTTCTAGTAATCCC	g2
TCCTTCTCACAGCCTG	g0
TCCTTCTCATATGGCT	g2
TCCTTCTGTATGTGTC	g0
TCCTTCTGTTATGACC	g7
TCCTTCTTCGTTCCTG	g0
TCCTTCTTCTCTGCCA	g0
TCCTTTCAGCATTTCG	g4
TCCTTTCAGCGGACAT	g2
TCCTTTCAGGTCACTT	g0
TCCTTTCAGGTGATAT	g9
TCCTTTCAGTATGAAC	g9
TCCTTTCAGTCGGCAA	g2
TCCTTTCCACTACACA	g0
TCCTTTCGTGCAGATG	g7
TCCTTTCGTGCTCTTC	g7
TCCTTTCTCCTACAAG	g4
TCCTTTCTCCTAGCGG	g2
TCCTTTCTCTGTCGCT	g0
TCGAACAAGCACAAAT	g2
TCGAACAAGCGCCGTT	g0
TCGAACACAACAGATA	g3
TCGAACACAAGGGCAT	g7
TCGAACAGTAAGATTG	g0
TCGAACAGTCGTCATA	g8
TCGAACAGTGTCATGT	g0
TCGAACATCATGAGAA	g7
TCGAACATCATGTCAG	g2
TCGAACATCCCTCGAT	g7
TCGAACATCGACATTG	g7
TCGAACATCGCAGTTA	g2
TCGAACATCGCGCCAA	g4
TCGAAGTAGAGACAAG	g1
TCGAAGTAGCCGATTT	g7
TCGAAGTAGCTGGCTC	g1
TCGAAGTAGTCAAGCG	g0
TCGAAGTCAACCAACT	g0
TCGAAGTCACACCAGC	g0
TCGAAGTCAGCTCCTT	g8
TCGAAGTGTAAGAACT	g3
TCGAAGTGTCAAGTTC	g7
TCGAAGTTCAGTCACA	g0
TCGAAGTTCCAGCTCT	g0
TCGAAGTTCGTAGAGG	g2
TCGACCTAGCAACAAT	g3
TCGACCTAGTCGAAAT	g2
TCGACCTCAAGGGCAT	g4
TCGACCTCAATGCAAA	g0
TCGACCTCACCTCTAC	g0
TCGACCTCACGTTCGG	g2
TCGACCTCACTCTCGT	g2
TCGACCTCACTGAGTT	g0
TCGACCTCAGCGATTT	g7
TCGACCTCAGGGATAC	g0
TCGACCTCATGTCTAG	g9
TCGACCTGTGGATCAG	g0
TCGACCTGTTAGAGAT	g0
TCGACCTGTTCTCAGA	g0
TCGACCTGTTGAATCC	g4
TCGACCTTCACTTGGA	g0
TCGACCTTCAGCGCGT	g0
TCGACCTTCGGTGAAG	g2
TCGACCTTCTAGTACG	g3
TCGACGGAGAAGAACG	g2
TCGACGGAGACTCTTG	g0
TCGACGGAGGATTCAA	g6
TCGACGGCATGCGTGC	g7
TCGACGGCATGTGGCC	g6
TCGACGGCATTGAAGA	g4
TCGACGGCATTGTAGC	g0
TCGACGGGTATTCTCT	g6
TCGACGGGTGACGTCC	g2
TCGACGGTCCTCTAAT	g2
TCGACGGTCGAAGTGG	g2
TCGACGGTCGAGCACC	g0
TCGACGGTCGCCCAGA	g4
TCGACGGTCGTGAGAG	g7
TCGATTTAGACTCAAA	g0
TCGATTTAGACTCTTG	g2
TCGATTTAGCATGCAG	g2
TCGATTTAGCCTCATA	g4
TCGATTTAGTCTCCTC	g7
TCGATTTCACAAGCCC	g0
TCGATTTCACAGTATC	g0
TCGATTTCAGGACTAG	g2
TCGATTTCATTGCCGG	g2
TCGATTTTCAAGAGGC	g3
TCGATTTTCACCTGTC	g4
TCGATTTTCGCGTAGC	g7
TCGATTTTCTGATTCT	g7
TCGCACTAGCGCTGCT	g2
TCGCACTAGGAACGTC	g3
TCGCACTAGGAGACCT	g0
TCGCACTAGTAATTGG	g2
TCGCACTAGTCAAGCG	g2
TCGCACTCAAATTGGA	g2
TCGCACTCAATCGTCA	g4
TCGCACTCAATGAGCG	g2
TCGCACTCAGCTAACT	g0
TCGCACTCAGCTCCTT	g6
TCGCACTCAGTGTATC	g2
TCGCACTGTCCGGCAT	g0
TCGCACTGTTGATGTC	g7
TCGCACTTCAATCTCT	g3
TCGCACTTCATCACTT	g0
TCGCACTTCATCCTAT	g0
TCGCACTTCTACGCGG	g7
TCGCAGGAGCGTTCCG	g0
TCGCAGGAGCTGCCTG	g4
TCGCAGGCAAATCGGG	g0
TCGCAGGCAATGTCAC	g2
TCGCAGGCAATTTCTC	g0
TCGCAGGCACTCCGGA	g7
TCGCAGGCATTGACAC	g4
TCGCAGGGTCGCTCGA	g0
TCGCAGGTCGACACCG	g7
TCGCAGGTCGCTAATG	g7
TCGCTCAAGAGCTTTC	g0
TCGCTCAAGCATCAGG	g2
TCGCTCAAGGATTACA	g0
TCGCTCACACAGCATT	g0
TCGCTCACACGTCGTG	g7
TCGCTCACATCGATCA	g0
TCGCTCAGTCCAACGC	g0
TCGCTCAGTTAAGACA	g4
TCGCTCATCACGGGAA	g8
TCGCTCATCAGAGTTC	g0
TCGCTCATCATTCACT	g2
TCGCTCATCGCACGAC	g4
TCGCTCATCTGGCCTT	g3
TCGCTTGAGATAGCAT	g0
TCGCTTGAGTCTTCCC	g3
TCGCTTGCAACATCGT	g0
TCGCTTGCAATCTGCA	g0
TCGCTTGCAATTGCAC	g2
TCGCTTGCACGCGGTT	g7
TCGCTTGCACGGTAGA	g4
TCGCTTGGTTACGTAC	g7
TCGCTTGTCACTCTTA	g2
TCGCTTGTCATATGGC	g4
TCGCTTGTCCACATAG	g7
TCGCTTGTCGGTAGGA	g1
TCGCTTGTCGTAGTCA	g6
TCGGATAAGCTGACCC	g2
TCGGATAAGGCACTCC	g0
TCGGATACACCGTACG	g0
TCGGATACATGCAGGA	g0
TCGGATAGTTTGGGTT	g2
TCGGATATCACTGTCC	g7
TCGGATATCATCACAG	g2
TCGGATATCCTAGCGG	g4
TCGGATATCGTCCTCA	g7
TCGGGACAGCTTCATG	g2
TCGGGACCAACGTTAC	g2
TCGGGACCAATCGCCG	g4
TCGGGACGTAACATGA	g2
TCGGGACGTGCTGATT	g0
TCGGGACGTTCTCCAC	g2
TCGGGACTCAGACAAA	g3
TCGGGACTCCAGCACG	g0
TCGGGCAAGATACCAA	g7
TCGGGCAAGGTATCTC	g0
TCGGGCAAGTGATGGC	g9
TCGGGCAAGTGCTAGG	g0
TCGGGCACAAGTCATC	g2
TCGGGCACATAGACTC	g7
TCGGGCACATCTAACG	g2
TCGGGCACATGACTTG	g2
TCGGGCAGTATGGGAC	g2
TCGGGCAGTATGGTTC	g6
TCGGGCAGTCAGCGTC	g1
TCGGGCAGTGCTGATT	g3
TCGGGCAGTTGGATCT	g0
TCGGGCATCACAACCA	g0
TCGGGTGAGCGCATCC	g2
TCGGGTGAGTCATGGG	g0
TCGGGTGAGTTTCAGC	g2
TCGGGTGCATGCAGCC	g0
TCGGGTGGTCTCGACG	g0
TCGGGTGGTGAGAGGG	g2
TCGGGTGTCATAAGGA	g9
TCGGTCTAGATTAGCA	g7
TCGGTCTCAACCGATT	g0
TCGGTCTCACATTCTT	g0
TCGGTCTCACCAAAGG	g0
TCGGTCTCATGACTGT	g2
TCGGTCTCATGACTTG	g2
TCGGTCTGTAACAGTA	g0
TCGGTCTGTCCCAAAT	g5
TCGGTCTGTGCAAGAC	g2
TCGGTCTGTGGGCTCT	g0
TCGGTCTGTGGTCTGC	g1
TCGGTCTGTGTACATC	g2
TCGGTCTTCCATCTGC	g0
TCGGTCTTCCGTGGCA	g0
TCGTAGAAGAATCGTA	g1
TCGTAGAAGATACAGT	g4
TCGTAGAAGATAGTCA	g0
TCGTAGAAGCCTTGAT	g6
TCGTAGAAGCTAGAGC	g9
TCGTAGACAAGCGGAT	g2
TCGTAGACAATAGGAT	g0
TCGTAGAGTCCACACG	g7
TCGTAGAGTCCAGGTC	g2
TCGTAGAGTGGTCTGC	g2
TCGTAGATCAGCTAGT	g0
TCGTAGATCATAGGCT	g6
TCGTAGATCCTGTTGC	g8
TCGTAGATCGAACCTA	g0
TCGTAGATCGAGATAA	g2
TCGTAGATCTTGCGCT	g0
TCGTCCAAGACTTAAG	g3
TCGTCCAAGCACTAAA	g7
TCGTCCAAGGTGCGAT	g0
TCGTCCACAGTCGGTC	g0
TCGTCCACATAAGATG	g1
TCGTCCAGTACCCGAC	g0
TCGTCCAGTCGTACAT	g2
TCGTCCAGTCTTGCGG	g0
TCGTCCAGTGCTCCGA	g2
TCGTCCAGTGGCTAGA	g8
TCGTCCAGTTAGCTAC	g7
TCGTCCATCCCTCTAG	g2
TCGTCCATCGCAATTG	g2
TCGTCCATCTACGCAA	g4
TCGTCCATCTTTGGAG	g7
TCGTGCTAGATACGAT	g5
TCGTGCTAGCTGAAAT	g0
TCGTGCTAGGCGTCCT	g3
TCGTGCTAGGGACACT	g0
TCGTGCTAGTAAATGC	g2
TCGTGCTAGTTGCTCA	g7
TCGTGCTCAGGTTCCG	g7
TCGTGCTCAGTCACGC	g4
TCGTGCTCATCTCGTC	g2
TCGTGCTGTAAGCAAT	g3
TCGTGCTGTATCCCTC	g2
TCGTGCTGTATGACAA	g7
TCGTGCTGTCAGTCCG	g7
TCGTGCTGTGATATAG	g4
TCGTGCTGTGCCGTAC	g2
TCGTGCTGTGTCTAAC	g0
TCGTGCTTCGCAATTG	g0
TCGTGGGAGAGTATAC	g0
TCGTGGGAGCAACAAT	g0
TCGTGGGAGGGACACT	g2
TCGTGGGCAAATGCTC	g6
TCGTGGGCAACGGTAG	g0
TCGTGGGCAACTGCTA	g2
TCGTGGGCAGAAGCTG	g7
TCGTGGGCAGTACTAC	g0
TCGTGGGCATGGTGGA	g0
TCGTGGGGTAGAGTTA	g2
TCGTGGGGTCTAACTG	g2
TCGTGGGGTCTAGTGT	g7
TCGTGGGGTGAACTAA	g0
TCGTGGGTCATTTACC	g2
TCGTGGGTCCATCCGT	g0
TCGTGGGTCCTACGGG	g0
TCGTGGGTCGCTGACG	g2
TCGTGGGTCGGTCGAC	g2
TCTAACTAGAGACAAG	g3
TCTAACTAGCCAAGGT	g7
TCTAACTCAACTCCCT	g0
TCTAACTCAGAACTTC	g0
TCTAACTCAGACACAG	g0
TCTAACTCATAGACTC	g4
TCTAACTGTCAAATCC	g2
TCTAACTTCATGGTAC	g4
TCTAACTTCTGGACTA	g7
TCTACATAGCGTGCCT	g2
TCTACATAGGCACCAA	g4
TCTACATAGGCCACCT	g4
TCTACATCACCAAAGG	g4
TCTACATCAGCAGTCC	g3
TCTACATCATTATGCG	g2
TCTACATGTATTTCTC	g3
TCTACATGTCGTAATC	g7
TCTACATGTCGTACTA	g2
TCTACATGTGAATGTA	g0
TCTACATGTTGCGTAT	g4
TCTACATTCACTCACC	g0
TCTACATTCATCGACA	g7
TCTACATTCCACTGAA	g7
TCTACATTCCTTCACG	g0
TCTACATTCGCTCTCA	g0
TCTACATTCGTGGGTC	g2
TCTACATTCTCCCAAC	g2
TCTACCGCAAGACCGA	g0
TCTACCGCAGAGTAAT	g0
TCTACCGCAGGATCTT	g2
TCTACCGCATGACAAA	g2
TCTACCGGTAGTATAG	g2
TCTACCGGTATGGTAA	g2
TCTACCGGTCAGACTT	g7
TCTACCGGTCATCCCT	g6
TCTACCGGTCCCGCAA	g1
TCTACCGTCATCAGTG	g0
TCTACCGTCCAGCCTT	g0
TCTACCGTCCCTCTAG	g0
TCTACCGTCGCATTGA	g2
TCTATACAGGACATCG	g0
TCTATACAGGGAGGCA	g0
TCTATACCAAACTAGA	g0
TCTATACCACATGGTT	g2
TCTATACCAGTCCGTG	g2
TCTATACCATCCAATG	g2
TCTATACGTAGGACCA	g0
TCTATACGTATCACCA	g7
TCTATACGTCGCAGTC	g0
TCTATACGTTGAGAGC	g2
TCTATACTCAGACCGC	g7
TCTATACTCGAAGAAT	g0
TCTATACTCTTCCACG	g7
TCTATCAAGAAGGGAT	g0
TCTATCAAGGGTCTTT	g2
TCTATCACACGGCCAT	g4
TCTATCACACTAGGTT	g0
TCTATCACATACCATG	g5
TCTATCACATGGCTGC	g0
TCTATCATCAGTGTTG	g0
TCTATCATCATCGTAG	g8
TCTATCATCGGTCTAA	g4
TCTATCATCTCTCCGA	g3
TCTCACGAGACCATGG	g0
TCTCACGAGCGAGTAC	g0
TCTCACGAGTCGGGAT	g2
TCTCACGAGTCTGCAT	g3
TCTCACGCAATAGTCC	g2
TCTCACGCACCATTCC	g0
TCTCACGCACGGATCC	g2
TCTCACGCACTGCGAC	g7
TCTCACGCAGGTCCGT	g7
TCTCACGGTAGGAGTC	g4
TCTCACGGTGCAGTGA	g2
TCTCACGGTTTGGGAG	g2
TCTCACGTCCGAGCTG	g0
TCTCACGTCTCGCTTG	g4
TCTCACGTCTGAACGT	g2
TCTCACGTCTTAGTTC	g2
TCTCAGCAGACAGTCG	g0
TCTCAGCAGTAGACCG	g4
TCTCAGCAGTTCCGGC	g7
TCTCAGCCAACAGAGC	g0
TCTCAGCCAACTGGTT	g0
TCTCAGCCAATTTCCT	g2
TCTCAGCCAGCTTTGA	g2
TCTCAGCCAGTTAGAA	g5
TCTCAGCCATTGAGGG	g0
TCTCAGCGTATGAGGC	g2
TCTCAGCGTCTTGAGT	g3
TCTCAGCGTGCTTATG	g4
TCTCAGCGTTACGCCG	g3
TCTCAGCTCAAAGAAC	g0
TCTCAGCTCCTAGCGG	g4
TCTCAGCTCGCTGATA	g4
TCTCCGAAGCGACTAG	g2
TCTCCGAAGGCGAACT	g8
TCTCCGACAACAGCCC	g2
TCTCCGACAGCGGTCT	g2
TCTCCGACAGTTAGGG	g0
TCTCCGACATCATTGG	g4
TCTCCGAGTAAGATCA	g2
TCTCCGAGTCATAGTC	g2
TCTCCGAGTCCTACGG	g9
TCTCCGAGTGGTACAG	g8
TCTCCGAGTTAGCTAC	g0
TCTCCGATCGCGAAGA	g0
TCTCTGGAGTGTTCAC	g0
TCTCTGGCAATATCCG	g2
TCTCTGGGTCCTGTTC	g0
TCTCTGGGTGCGGCTT	g2
TCTCTGGGTTGGGAAC	g2
TCTCTGGTCCGAGTGC	g2
TCTCTGGTCGAGTGGA	g2
TCTCTGGTCGCAGAGA	g1
TCTGCCAAGGATTTCC	g2
TCTGCCAAGTCCTGTA	g4
TCTGCCACAAATGCGG	g2
TCTGCCACAGGCTACC	g7
TCTGCCACAGGTTCAT	g4
TCTGCCACATTGTCGA	g0
TCTGCCAGTATGGGAC	g2
TCTGCCAGTCAACCTA	g4
TCTGCCAGTGTCGCTG	g2
TCTGCCAGTTCAAACC	g0
TCTGCCATCAGACCGC	g7
TCTGCCATCAGTGTGT	g4
TCTGGCTAGAGAGGTA	g0
TCTGGCTAGAGGTTTA	g0
TCTGGCTAGCAGATAT	g2
TCTGGCTAGGCGCTTC	g0
TCTGGCTAGGTGCCAA	g0
TCTGGCTCAAGATCCT	g0
TCTGGCTCACCGTCGA	g2
TCTGGCTCACTACAGT	g3
TCTGGCTCATCGATCA	g2
TCTGGCTGTCAAATCC	g2
TCTGGCTGTCATGCAT	g4
TCTGGCTGTGATTCAC	g0
TCTGGCTGTGTCCGTG	g7
TCTGGCTTCCGAGAAG	g0
TCTGGCTTCGCCAATA	g2
TCTGGCTTCGGTGTAT	g1
TCTGGCTTCTTCACAT	g2
TCTGTCGAGACATATG	g0
TCTGTCGAGACATCCT	g0
TCTGTCGAGATCCTAC	g2
TCTGTCGAGATGAAGG	g9
TCTGTCGAGGAAGTGA	g0
TCTGTCGAGTAGAATC	g3
TCTGTCGAGTTGTAGA	g0
TCTGTCGCAACTACGT	g4
TCTGTCGGTACTCGCG	g0
TCTGTCGGTATACAGA	g0
TCTGTCGGTCTGCCTT	g0
TCTGTCGGTCTTACAG	g4
TCTGTCGGTGTCCGGT	g0
TCTGTCGGTTTGCCGG	g4
TCTGTCGTCAGCTCTC	g8
TCTGTCGTCCAATCTT	g9
TCTTAGTAGACTACGG	g2
TCTTAGTAGACTTAAG	g0
TCTTAGTAGGTAAGAG	g7
TCTTAGTCAAATGATG	g3
TCTTAGTCAAGGGCAT	g2
TCTTAGTCAAGTGCTT	g0
TCTTAGTCACACCGAC	g0
TCTTAGTCAGAGGGTT	g0
TCTTAGTGTCCAGCAC	g7
TCTTAGTTCGTGCGAC	g4
TCTTAGTTCTAACGGT	g2
TCTTAGTTCTTGGAAC	g2
TCTTCCTAGCGACCCT	g7
TCTTCCTAGCGCCTCA	g0
TCTTCCTGTCACTAGT	g4
TCTTCCTGTGGAGAAA	g0
TCTTCCTGTGGCTCTG	g2
TCTTCCTTCCACACAA	g8
TCTTGCGAGATGCAGC	g0
TCTTGCGCAGTTGAAA	g3
TCTTGCGCATAGGTTC	g4
TCTTGCGGTATCCCAA	g3
TCTTGCGGTTCCTAGA	g2
TCTTGCGTCTCACTCG	g0
TCTTGCGTCTCTCCGA	g2
TCTTTGAAGAGAGTGA	g0
TCTTTGAAGCGTTGTT	g2
TCTTTGACAGCCATTA	g2
TCTTTGACAGGATTCT	g2
TCTTTGACAGGCATTT	g0
TCTTTGACAGGCTATT	g1
TCTTTGACAGTGACCC	g0
TCTTTGACATCTCGTC	g0
TCTTTGAGTGACTGTT	g0
TCTTTGAGTTATGTGC	g2
TCTTTGATCGAATGCT	g4
TCTTTGATCGACTCCT	g2
TCTTTGATCGCACGAC	g0
TCTTTGATCGCGTTTC	g6
TCTTTGATCGCTGATA	g4
TGAACGTAGCCGAATG	g0
TGAACGTAGGGTTTCT	g2
TGAACGTCAATTCACG	g2
TGAACGTCACCCTCTA	g4
TGAACGTCATCCGAGC	g8
TGAACGTCATGAATCC	g5
TGAACGTCATGTCAGT	g3
TGAACGTGTAAGCTCT	g7
TGAACGTGTCGGTGAA	g2
TGAACGTGTGTTCCAA	g4
TGAACGTTCCCAAGTA	g2
TGAACGTTCCCAGGAC	g0
TGAACGTTCCGGCTTT	g3
TGAACGTTCTTGCAGA	g0
TGAATCGAGAGGACTC	g0
TGAATCGAGATGCTGG	g4
TGAATCGAGGTATTGA	g1
TGAATCGAGTGCTCGC	g7
TGAATCGCAATGCTCA	g3
TGAATCGCACATACGT	g9
TGAATCGCAGAATGTA	g3
TGAATCGCATCCGTTC	g0
TGAATCGGTCCCGCAA	g0
TGAATCGGTCGAGTGA	g7
TGAATCGGTGAGATAT	g2
TGAATCGGTGCCCTTT	g0
TGAATCGGTTGGGATG	g0
TGAATCGTCTCGTCGT	g0
TGAATGCAGGAGGCAG	g0
TGAATGCAGTCCGTCG	g2
TGAATGCGTCCGTTTC	g0
TGAATGCGTCGCACGT	g0
TGAATGCGTCTACACA	g4
TGAATGCTCTATCGGA	g2
TGACAGTAGCCATATC	g7
TGACAGTGTAGCTTTG	g0
TGACAGTTCCTTCAGC	g7
TGACAGTTCTCCCATG	g0
TGACAGTTCTGAGCAT	g4
TGACCCTAGGTCCAGA	g0
TGACCCTCAGCTGTAT	g2
TGACCCTGTACTGACT	g2
TGACCCTGTCATCCGG	g8
TGACCCTGTCCCTCAT	g0
TGACCCTGTTACCTGA	g4
TGACCCTGTTGGGATG	g1
TGACCCTGTTGTGTAC	g4
TGACCCTTCTAGATCG	g0
TGACCCTTCTCGGTAA	g3
TGACGCGAGCAACCAG	g8
TGACGCGAGTGCCCGT	g2
TGACGCGAGTTCATCG	g2
TGACGCGAGTTCCATG	g0
TGACGCGCAAAGGGTC	g0
TGACGCGCAATCAGCT	g2
TGACGCGCACACACGC	g2
TGACGCGCACACAGCC	g2
TGACGCGCATGATCTG	g2
TGACGCGGTCAGACTT	g7
TGACGCGGTCTCTCTG	g2
TGACGCGGTTCTCCTG	g9
TGACGCGTCCCTTGTG	g0
TGACGCGTCGGAGTGA	g4
TGACTCCAGGCCACCT	g0
TGACTCCAGTCGGGAT	g0
TGACTCCCAAGGGTCA	g4
TGACTCCCACTCTAGA	g0
TGACTCCCACTGAATC	g8
TGACTCCCATACCAGT	g7
TGACTCCCATGCGTGC	g9
TGACTCCGTAAGTCAA	g7
TGACTCCGTACTAACC	g8
TGACTCCGTCTGTGAT	g0
TGACTCCTCACTAGCA	g2
TGACTCCTCACTGGGC	g8
TGACTCCTCGTACCTC	g7
TGACTCCTCTCCACTG	g2
TGACTCCTCTCGTCGT	g8
TGACTCCTCTGTGCGG	g4
TGAGACTAGATTGAGT	g0
TGAGACTAGCGGATCA	g4
TGAGACTAGGAGAGGC	g8
TGAGACTAGTATGACA	g4
TGAGACTAGTGCAGGT	g0
TGAGACTCAACGATTC	g0
TGAGACTCAACTCATG	g9
TGAGACTCAGGCACTC	g2
TGAGACTCATCCGATA	g4
TGAGACTGTAGCGAGT	g2
TGAGACTGTCATAACC	g7
TGAGACTGTCCAACGC	g0
TGAGACTGTTCTCCAC	g0
TGAGACTGTTGAAGTA	g3
TGAGACTTCCAACACA	g2
TGAGACTTCGATGCTA	g4
TGAGCATAGAGCATAT	g4
TGAGCATAGCTAAATG	g0
TGAGCATAGTTCCTGA	g0
TGAGCATCATGACGTT	g7
TGAGCATGTATGAAGT	g4
TGAGCATGTATTGACC	g0
TGAGCATGTCTCTCAC	g8
TGAGCATGTTCTAACG	g4
TGAGCATGTTCTTGCC	g0
TGAGCATTCATGGAGG	g4
TGAGCATTCGACACCG	g0
TGAGCATTCTTCTGGC	g4
TGAGCGCAGAAGCCAC	g2
TGAGCGCAGCATCCCG	g2
TGAGCGCAGGCTTAGG	g8
TGAGCGCAGTACTGTC	g8
TGAGCGCCAACGACTT	g7
TGAGCGCCAGTGAGCA	g0
TGAGCGCGTGGCTTGC	g4
TGAGCGCGTTCGGTAT	g6
TGAGCGCTCACCCTCA	g5
TGAGCGCTCCACCTGT	g0
TGAGCGCTCTCGTGGG	g9
TGAGCGCTCTGACCCT	g0
TGAGGAGAGAAGGTAG	g0
TGAGGAGAGAGCAGCT	g0
TGAGGAGAGTGCTACT	g0
TGAGGAGCATCGGAAG	g0
TGAGGAGGTACCATAC	g4
TGAGGAGGTTAGGAGC	g5
TGAGGAGGTTCCACGG	g0
TGAGGAGGTTCCAGGC	g2
TGAGGAGGTTCTTGCC	g1
TGAGGAGTCCATTTCA	g3
TGAGGAGTCTCTCAAT	g10
TGAGGGAAGACGCAGT	g4
TGAGGGAAGCGCCTTG	g2
TGAGGGAAGGAGGGTG	g0
TGAGGGAAGGCAATGC	g2
TGAGGGAAGGCGTTAG	g0
TGAGGGAAGTTTCGAC	g2
TGAGGGACAACGGCTC	g0
TGAGGGACAGCTGTGC	g7
TGAGGGACATTCATCT	g2
TGAGGGAGTCAAAGCG	g2
TGAGGGAGTGGATTTC	g0
TGAGGTTAGGTTCTAC	g1
TGAGGTTCAAGGTCTT	g2
TGAGGTTCACACACGC	g7
TGAGGTTCATCCGAAT	g0
TGAGGTTCATGTACGT	g0
TGAGGTTGTATTCCGA	g2
TGAGGTTGTCGCATCG	g2
TGAGGTTGTGCATTTG	g0
TGAGGTTGTGTCATGT	g2
TGAGGTTGTTCTAACG	g0
TGAGGTTTCATGTCTT	g3
TGAGGTTTCCATAGAC	g0
TGAGGTTTCCCGTAAA	g2
TGAGGTTTCCGAACGC	g0
TGAGTCAAGCCTATCA	g0
TGAGTCAAGCTGAGTG	g3
TGAGTCAAGGCCTAGA	g2
TGAGTCAAGGTGGTTG	g0
TGAGTCACAACTCCCT	g4
TGAGTCACACGAAGAC	g2
TGAGTCACACTAGTAC	g3
TGAGTCAGTACAGAAT	g0
TGAGTCAGTATGTCAC	g3
TGAGTCATCATCACTT	g0
TGAGTCATCATCGACA	g0
TGAGTCATCCACTTCG	g3
TGAGTCATCGCCAGTG	g0
TGAGTCATCTGCCTGT	g7
TGATCAGAGGAACTCG	g7
TGATCAGCACAATGCT	g10
TGATCAGCAGCTGTGC	g5
TGATCAGCAGTAACCT	g8
TGATCAGCATTCACCC	g4
TGATCAGGTCACCCTT	g4
TGATCAGGTCATCAGT	g2
TGATCAGGTCCACTTC	g2
TGATCAGGTTAGGGAC	g4
TGATCAGTCGTACACA	g2
TGATCTTAGCTGGTGA	g3
TGATCTTCAAGCCTGC	g4
TGATCTTGTATTGACC	g0
TGATCTTGTGGCACTC	g2
TGATCTTGTTGTGGCC	g0
TGATCTTGTTTAGAGA	g2
TGATCTTTCACAACCA	g8
TGATCTTTCGCGTGAC	g1
TGATGCAAGTATGACA	g0
TGATGCAAGTGGATAT	g0
TGATGCACAACCACGC	g4
TGATGCACATTGACTG	g7
TGATGCAGTACGTAGG	g0
TGATGCAGTAGACAGC	g0
TGATGCAGTCTGCATA	g3
TGATGCAGTCTTCAAG	g7
TGATGCATCTGGTGGC	g0
TGATGGTAGACAGCGT	g2
TGATGGTCACAGTACT	g0
TGATGGTCACATACGT	g0
TGATGGTCACTAGAGG	g8
TGATGGTGTAAGCAAT	g0
TGATGGTGTCTAGGCC	g4
TGATTCTAGCGTGAAC	g4
TGATTCTAGCTGGCTC	g4
TGATTCTAGTTCCAGT	g4
TGATTCTCAGGGAATC	g2
TGATTCTGTAATGCGG	g2
TGATTCTGTACCGCGT	g0
TGATTCTGTCCGATCG	g4
TGATTCTGTGACGTCC	g0
TGATTCTGTGTCTTGA	g7
TGATTCTGTTCCGCGA	g10
TGATTCTGTTGTACGT	g7
TGATTCTGTTTGGGTT	g0
TGATTCTTCTTCGGTC	g2
TGATTTCAGAGAAGGT	g3
TGATTTCAGCACGATG	g2
TGATTTCAGCGCCTAC	g0
TGATTTCAGGGCCTCT	g2
TGATTTCAGTCACGCC	g2
TGATTTCAGTTGGCGA	g6
TGATTTCCACGATTCA	g8
TGATTTCCAGCGAGTA	g1
TGATTTCGTACTCCCT	g8
TGATTTCGTCGCCACA	g4
TGATTTCGTCGTTCAA	g0
TGATTTCGTCTCTCCA	g4
TGATTTCGTCTTGGTA	g7
TGATTTCGTTAAGACA	g7
TGATTTCTCACCCATC	g8
TGATTTCTCCCAAGCG	g3
TGCACGGAGCCTGCCA	g1
TGCACGGAGCCTGGAA	g4
TGCACGGAGGTTAGTA	g2
TGCACGGAGTAATCCC	g7
TGCACGGCAAAGTGTA	g0
TGCACGGCACAGTCAT	g3
TGCACGGCATCATTTC	g4
TGCACGGCATGCGTGC	g4
TGCACGGGTGCAGGAT	g4
TGCACGGGTGCCGGTT	g2
TGCACGGGTGTATTGC	g7
TGCACGGGTTAGTCGT	g9
TGCACGGGTTCCAGGC	g0
TGCACGGTCAACTGGT	g0
TGCACGGTCGCTCTAC	g0
TGCACGGTCGTAGCCG	g2
TGCACGGTCTCGACGG	g4
TGCAGATAGATAGTCA	g7
TGCAGATAGCGCCTCA	g4
TGCAGATAGCGGTAGT	g4
TGCAGATAGGCTTAAA	g2
TGCAGATCAACTGATC	g0
TGCAGATCATGTTCAG	g0
TGCAGATGTTCTAAGC	g2
TGCAGATTCCAAATGC	g2
TGCAGATTCGCCAGTG	g0
TGCAGGCAGACCACGA	g4
TGCAGGCAGACTCATC	g0
TGCAGGCAGCATCAGG	g0
TGCAGGCAGTAAACAC	g7
TGCAGGCAGTTTCTTC	g3
TGCAGGCCATCGCCTT	g1
TGCAGGCCATTGAAGA	g1
TGCAGGCGTAACATCC	g2
TGCAGGCGTAGGACCA	g4
TGCAGGCGTCAAGCGA	g4
TGCAGGCGTCACTCGG	g0
TGCAGGCTCACCTACC	g8
TGCAGGCTCATGAGTC	g7
TGCAGGCTCCGCAGTG	g0
TGCAGTAAGTAACAGT	g0
TGCAGTACAATACAGA	g9
TGCAGTACAGCGTACC	g0
TGCAGTACAGGAGACT	g0
TGCAGTAGTCAAAGTA	g3
TGCATCCAGAAGCGCT	g7
TGCATCCAGAATCGTA	g4
TGCATCCAGCGATGAC	g2
TGCATCCAGTGGTGGT	g7
TGCATCCCATTAAGCC	g8
TGCATCCGTACGGTTT	g0
TGCATCCGTCAATGGG	g4
TGCATCCGTGGAATGC	g6
TGCATCCGTTGTCTAG	g2
TGCATCCTCACAACCA	g0
TGCATCCTCCTGTACC	g4
TGCATCCTCGCGGACT	g7
TGCATGAAGAGGCCAT	g7
TGCATGAAGGAGGGTG	g8
TGCATGAAGTCATGAA	g4
TGCATGACACAAGCAG	g7
TGCATGACACAAGTTC	g4
TGCATGACACTTTATC	g6
TGCATGACATGGCTGC	g7
TGCATGAGTAAGTTGA	g0
TGCATGAGTCTTGAGT	g0
TGCATGAGTCTTTCAT	g7
TGCATGAGTGCATTTG	g7
TGCATGAGTTCGTTCC	g4
TGCATGATCCCGAACG	g8
TGCATGATCGGTCTGG	g2
TGCCGAGAGAAATTCG	g0
TGCCGAGAGTGATCGG	g2
TGCCGAGCAACTGCTA	g0
TGCCGAGCAAGGACAC	g7
TGCCGAGCAATCCTAG	g2
TGCCGAGCATACAGCT	g4
TGCCGAGCATCCGCGA	g0
TGCCGAGCATGTTTGG	g0
TGCCGAGGTACGATTC	g2
TGCCGAGGTATATGGA	g0
TGCCGAGGTATCTCTT	g0
TGCCGAGGTGGAATGC	g0
TGCCGAGGTGTGGACA	g4
TGCCGAGTCGCCGTGA	g4
TGCCGAGTCTCCTGAC	g8
TGCCGAGTCTGCTTTA	g3
TGCGACGAGACCCGCT	g0
TGCGACGAGATCGCTT	g7
TGCGACGAGCTGACAG	g2
TGCGACGGTACGGCAA	g0
TGCGACGGTACTGCCG	g7
TGCGACGGTAGCGATG	g0
TGCGACGGTATAGGAT	g2
TGCGACGTCGATACGT	g0
TGCGACGTCTAAGAAG	g2
TGCGACGTCTCGAACA	g4
TGCGATAAGAAACTGT	g2
TGCGATAAGCGTCTCG	g2
TGCGATAAGGGCAATC	g0
TGCGATAAGTGGAAAG	g7
TGCGATAAGTTGTCAC	g0
TGCGATACACAGCCAC	g4
TGCGATACAGAATCGG	g4
TGCGATACAGCGCTTG	g2
TGCGATACAGGTGACA	g2
TGCGATACATTCACAG	g4
TGCGATAGTATCCTTT	g0
TGCGATAGTGAACGGT	g2
TGCGATATCCACTTCG	g2
TGCGATATCGAATCCA	g3
TGCGGCAAGACGCAGT	g4
TGCGGCAAGCGTGCCT	g0
TGCGGCACACCTGAAT	g0
TGCGGCACACTGTCCT	g2
TGCGGCACATCCGTGG	g2
TGCGGCAGTATCGAAA	g7
TGCGGCAGTGATGTAA	g0
TGCGGCAGTGTTCATG	g3
TGCGGCAGTTGCAACT	g4
TGCGGCAGTTTGCAGT	g0
TGCGGCATCCTCAGAA	g0
TGCGGCATCGCTACAA	g2
TGCGGCATCGGCGATC	g8
TGCGGCATCGGTAGAG	g4
TGCGGCATCGTCCATC	g0
TGCGGCATCGTCTCAC	g0
TGCGGCATCTCGTCAC	g0
TGCGGCATCTTACACT	g0
TGCGGGTCACAAAGTA	g0
TGCGGGTCACGCGCTA	g0
TGCGGGTCAGGAATCG	g2
TGCGGGTGTAAGATCA	g0
TGCGGGTGTGTTAGCT	g0
TGCGGGTTCCCGTTGT	g4
TGCGGGTTCGTTCTAT	g0
TGCTCCAAGATTAGTG	g0
TGCTCCAAGGGTAATT	g0
TGCTCCACATTGGGAG	g4
TGCTCCAGTCACTCTC	g7
TGCTCCAGTTCCCACT	g0
TGCTCCAGTTTGAACC	g2
TGCTCCATCCTCCACA	g0
TGCTCCATCTAGAGCT	g4
TGCTCGTAGCTAAATG	g3
TGCTCGTAGGTCACCC	g4
TGCTCGTAGTCGAATA	g2
TGCTCGTAGTTCACTG	g3
TGCTCGTCAAAGTATG	g2
TGCTCGTCAACTGATC	g6
TGCTCGTCAAGGACAC	g8
TGCTCGTCAAGGCTTT	g2
TGCTCGTCACTGCTTC	g2
TGCTCGTGTTGCCGAC	g2
TGCTCGTGTTGGGAAC	g9
TGCTCGTGTTGTACGT	g2
TGCTCGTTCAAAGCCT	g0
TGCTCGTTCACCTGGG	g4
TGCTCGTTCCTAGAGT	g4
TGCTGAAAGCTAGAGC	g2
TGCTGAAAGCTCTATG	g0
TGCTGAAAGGAGTCTG	g2
TGCTGAAAGTCGCTAT	g0
TGCTGAACAATGGGTG	g0
TGCTGAACACACCTTC	g4
TGCTGAACACTAGGCC	g0
TGCTGAACACTGAGGA	g3
TGCTGAACAGAGTAAT	g3
TGCTGAAGTCGATTAC	g4
TGCTGAAGTGAGTGAC	g4
TGCTGAAGTTCCCACT	g2
TGCTGAATCGGTAACT	g4
TGCTTCGAGGAAAGAC	g0
TGCTTCGAGGATGCGT	g7
TGCTTCGAGGTCCTGC	g0
TGCTTCGCAAAGGAGA	g0
TGCTTCGCACCGGTCA	g4
TGCTTCGCATAATGAG	g2
TGCTTCGCATGAGGGT	g4
TGCTTCGGTCTGTAGT	g0
TGCTTCGGTTAAACAG	g2
TGCTTCGTCCGGCTTT	g5
TGCTTCGTCGGTAAGG	g5
TGCTTCGTCTCTCAAT	g4
TGCTTGCAGACTTGTC	g7
TGCTTGCAGTTCACTG	g4
TGCTTGCCAGAGTAAT	g2
TGCTTGCCAGGCTACC	g0
TGCTTGCCAGTCTGGC	g0
TGCTTGCCAGTTTCAG	g8
TGCTTGCCATGAATCC	g7
TGCTTGCGTATGAGGC	g10
TGCTTGCGTCAAAGCG	g7
TGCTTGCGTCCCGCAA	g8
TGCTTGCGTCCGGATC	g0
TGCTTGCTCTAAGCCA	g7
TGCTTGCTCTACCAGA	g0
TGCTTGCTCTAGACCA	g2
TGCTTGCTCTCTCAAT	g4
TGCTTGCTCTGCACCT	g4
TGGAACTAGATTCGCT	g4
TGGAACTAGGTAGTAT	g2
TGGAACTAGTTGCTCA	g2
TGGAACTCATCTCGTC	g0
TGGAACTCATGGAGAC	g0
TGGAACTGTAAGATAC	g0
TGGAACTGTAGTGCGA	g7
TGGAACTGTATTGAGA	g3
TGGAACTGTCCAGCCA	g5
TGGAACTGTGTTCAGT	g7
TGGAACTTCCCACAGG	g9
TGGAGAGAGAGCCCAA	g0
TGGAGAGCATACATCG	g0
TGGAGAGGTATGAGAT	g7
TGGAGAGGTCACTCGG	g2
TGGAGAGTCAACTGGT	g0
TGGAGAGTCCGAAGGA	g2
TGGAGAGTCGTAACTG	g0
TGGAGGAAGGGTCACA	g0
TGGAGGACAACGGCCT	g0
TGGAGGACAATGGCCC	g2
TGGAGGACACGGGCTT	g2
TGGAGGACAGCGGTCT	g7
TGGAGGACAGCGTACC	g0
TGGAGGAGTACAATAG	g0
TGGAGGAGTACCAATC	g0
TGGAGGAGTATGCGGA	g1
TGGAGGAGTTCAGTAC	g0
TGGAGGATCACTTATC	g2
TGGAGGATCCTTCTGG	g3
TGGAGGATCTGAACGT	g2
TGGATCAAGACCAGCA	g2
TGGATCAAGCAACAAT	g0
TGGATCAAGGCTGTAG	g0
TGGATCACAATTAGGA	g0
TGGATCACACCAACAT	g0
TGGATCACACCAGCGT	g8
TGGATCACAGGATGAC	g0
TGGATCACATAGGTTC	g2
TGGATCACATGAAGCG	g7
TGGATCACATTCCTAT	g2
TGGATCAGTAGGTAGC	g0
TGGATCAGTCTCTCCA	g0
TGGATCAGTGGTTCTA	g2
TGGATCAGTTTCGGCG	g7
TGGATCATCCATCGTC	g4
TGGATCATCCCGGTAG	g7
TGGATCATCTCTATAC	g0
TGGATGTAGACATAGT	g4
TGGATGTAGAGGCGGA	g2
TGGATGTAGATTGACA	g3
TGGATGTAGTAACCGG	g2
TGGATGTAGTGGTTAA	g7
TGGATGTCAATGCAAA	g4
TGGATGTGTATGGGAC	g2
TGGATGTGTGAGCGAT	g6
TGGATGTTCACATCAG	g0
TGGATGTTCGCTTGCT	g8
TGGCGTGAGTATAGAC	g2
TGGCGTGAGTCTGCAT	g2
TGGCGTGCAACAGCTT	g2
TGGCGTGCAACTTGCA	g4
TGGCGTGCACAAAGCG	g1
TGGCGTGCAGCGGTTC	g2
TGGCGTGGTGTTTACG	g0
TGGCGTGTCAAGTTGC	g2
TGGCGTGTCAATGCAC	g0
TGGCGTGTCCTACACC	g0
TGGCGTGTCTCCTGCA	g7
TGGGAAGAGGACATCG	g2
TGGGAAGAGGAGAGTA	g4
TGGGAAGAGGATACGC	g7
TGGGAAGAGGCTCACC	g1
TGGGAAGAGTCATACC	g2
TGGGAAGAGTTAGTAG	g2
TGGGAAGCAACAAGTA	g0
TGGGAAGCAAGTACCT	g3
TGGGAAGCAAGTGCTT	g7
TGGGAAGCATGAGTAA	g7
TGGGAAGGTAAGATAC	g7
TGGGAAGGTAAGCTCT	g2
TGGGAAGGTATGGGAC	g2
TGGGAAGGTCGATTCA	g4
TGGGAAGGTGGCTTAT	g4
TGGGAAGGTTAAACAG	g2
TGGGAAGTCGACGCGT	g4
TGGGAAGTCGCTTTAT	g2
TGGGAGAAGAATTGCA	g3
TGGGAGAAGAGATTCA	g7
TGGGAGAAGAGCTGAC	g0
TGGGAGACAAACTCGT	g0
TGGGAGACACCTGCGA	g0
TGGGAGACACGACTAT	g4
TGGGAGACAGCAGACA	g2
TGGGAGACAGGACGAT	g8
TGGGAGACAGTCTTCC	g0
TGGGAGAGTCACCGCA	g0
TGGGAGAGTGGCCTCA	g0
TGGGAGAGTTCCGCTT	g0
TGGGAGAGTTGTGTAC	g8
TGGGAGATCCGCAGTG	g0
TGGGAGATCCGTGTGG	g4
TGGGAGATCGTTACCC	g3
TGGGAGATCGTTCTGC	g2
TGGGATTAGACTCTAC	g3
TGGGATTCAAAGAACT	g2
TGGGATTCAAAGACTA	g7
TGGGATTCAAATACAG	g4
TGGGATTCAACAACAA	g4
TGGGATTGTAACGATA	g2
TGGGATTGTAGAGTTA	g0
TGGGATTGTCCTACAA	g0
TGGGATTGTGTGTTTG	g0
TGGGATTTCAATCTCT	g1
TGGGATTTCAGACATC	g4
TGGGATTTCATGGTAC	g2
TGGGATTTCCGTGCGA	g0
TGGGCGTCAAGTTCGT	g0
TGGGCGTCACCTGCTT	g3
TGGGCGTCAGACATCT	g4
TGGGCGTCATGGATCT	g4
TGGGCGTGTCATCCGG	g0
TGGGCGTGTGTGTCCG	g2
TGGGCGTTCCGAGCTG	g0
TGGGCGTTCCGGGACT	g2
TGGGCGTTCGGCATTA	g2
TGGGCGTTCTGGCCGA	g3
TGGGCGTTCTTCTGGC	g2
TGGGCTGAGAGGCTGT	g4
TGGGCTGAGTCGTCTA	g5
TGGGCTGCAACTGGTT	g0
TGGGCTGCACTTGGGC	g0
TGGGCTGCAGCGTAGA	g2
TGGGCTGGTATCTTCT	g0
TGGGCTGGTCCACACG	g9
TGGGCTGTCACGGGCT	g0
TGGGCTGTCAGGAAAT	g3
TGGGCTGTCATCTCTA	g3
TGGGCTGTCATTGTGG	g7
TGGGCTGTCTATTTCG	g0
TGGGTTAAGACCAAGC	g4
TGGGTTAAGCACCTGC	g0
TGGGTTAAGTTACGGG	g2
TGGGTTACACTTGAAC	g7
TGGGTTAGTACACTCA	g8
TGGGTTAGTACAGAAT	g10
TGGGTTAGTCGTCATA	g3
TGGGTTATCCGCTAGG	g0
TGGGTTATCGCTTGAA	g2
TGGGTTATCTCCGAAA	g0
TGGTACACACATCCCT	g0
TGGTACAGTACTCCGG	g0
TGGTACAGTGAGTTGG	g0
TGGTACAGTGGCTGCT	g3
TGGTACATCGGTCGAC	g2
TGGTACATCGTCAAAC	g7
TGGTACATCTGTCAGA	g8
TGGTAGTAGCCGAACA	g8
TGGTAGTCACGACGTC	g2
TGGTAGTCACGCACCA	g4
TGGTAGTCACTTCTCG	g0
TGGTAGTGTCGAACAG	g6
TGGTAGTGTCGATTCA	g2
TGGTAGTGTGAATATG	g7
TGGTAGTGTTCAAACC	g8
TGGTAGTTCCGCGATG	g4
TGGTAGTTCTCGGGAC	g0
TGGTGATAGAGGGTCT	g7
TGGTGATAGATCCCGC	g4
TGGTGATAGGACAAGA	g6
TGGTGATAGTATGGAT	g2
TGGTGATAGTGATAGT	g2
TGGTGATCAGAGGTAC	g2
TGGTGATCATCAACCA	g4
TGGTGATGTATTTCTC	g0
TGGTGATGTCTTTCAT	g7
TGGTGATGTGCATTAC	g4
TGGTGATGTGGTAATA	g2
TGGTGATGTTGGGTTT	g0
TGGTTAGAGGTCGTAG	g2
TGGTTAGCACCCTTGT	g0
TGGTTAGCACGCAAAG	g1
TGGTTAGCATCTGTTT	g3
TGGTTAGGTAGGAGGG	g0
TGGTTAGGTCGATTCA	g0
TGGTTAGGTTCAGCTA	g0
TGGTTAGTCACTTGGA	g0
TGGTTAGTCATTACTC	g4
TGGTTAGTCCTAAACG	g4
TGGTTAGTCTAAGAAG	g0
TGGTTAGTCTGTGTGA	g4
TGTAACGAGATCCCGC	g4
TGTAACGAGCCTTTGA	g2
TGTAACGCACTGAATC	g0
TGTAACGCATAATGAG	g2
TGTAACGCATTCCTAT	g4
TGTAAGCAGAAGTCCG	g3
TGTAAGCAGAATTGTG	g7
TGTAAGCAGAGTCACG	g2
TGTAAGCAGCTGGAGT	g2
TGTAAGCCAAGGGCAT	g0
TGTAAGCCAATACCTG	g4
TGTAAGCCACACGGAA	g0
TGTAAGCGTACTAACC	g7
TGTAAGCGTCCTTTGC	g2
TGTAAGCGTCGGCACT	g2
TGTAAGCGTGGCCTCA	g3
TGTAAGCGTTCTCACC	g0
TGTAAGCTCCCATACC	g1
TGTAAGCTCTACCACC	g4
TGTAAGCTCTGGCCAG	g0
TGTAAGCTCTGGTGCG	g2
TGTACAGAGGTTGAGC	g3
TGTACAGCAACAACAA	g4
TGTACAGCAGAGAAAG	g3
TGTACAGCATCCTCAC	g7
TGTACAGGTATGCGTT	g0
TGTACAGGTTCCTAAG	g2
TGTACAGTCACAATGC	g4
TGTACAGTCGGTAAGG	g2
TGTACAGTCTGGACTA	g7
TGTAGACAGTGCGCTC	g0
TGTAGACCACTAGGCC	g0
TGTAGACGTCATCACA	g7
TGTAGACGTCGAGCTC	g2
TGTAGACGTGTCCCTT	g2
TGTAGACTCACTTATC	g1
TGTAGACTCCCATTCG	g4
TGTAGACTCGATACGT	g2
TGTCAGAAGCACTCCG	g2
TGTCAGAAGGGAGGCA	g0
TGTCAGACAAGCTCTA	g0
TGTCAGACACAGCGCT	g0
TGTCAGACATAGATGA	g0
TGTCAGAGTGGGTATG	g2
TGTCAGAGTTGCGAAG	g3
TGTCAGATCACCATAG	g7
TGTCAGATCAGCTGAT	g0
TGTCAGATCATGCCAA	g0
TGTCAGATCTTCCACG	g8
TGTCCACAGGGTACGT	g4
TGTCCACAGTTCCTGA	g0
TGTCCACCAACTACGT	g4
TGTCCACCAAGAAATC	g4
TGTCCACCAAGACCTT	g0
TGTCCACCAAGGTTGG	g4
TGTCCACCAATCTCTT	g7
TGTCCACCACGCTGCA	g4
TGTCCACCAGCACAGA	g0
TGTCCACGTCACAGTT	g2
TGTCCACGTGAGACCA	g2
TGTCCACGTGAGTTTC	g0
TGTCCACGTGTTAGCT	g8
TGTCCACTCATTGCGA	g4
TGTCCACTCGCTAATG	g0
TGTCCACTCTGCGGAC	g7
TGTCCCAAGCTTAGTC	g0
TGTCCCAAGTAAGACT	g7
TGTCCCAAGTCACTAC	g2
TGTCCCAAGTGAGGCT	g0
TGTCCCAAGTTCAACC	g4
TGTCCCACAACAGTGG	g2
TGTCCCACACTCTGCT	g2
TGTCCCACATCAGCTA	g2
TGTCCCAGTACTGCGC	g4
TGTCCCAGTCGGAAAC	g2
TGTCCCAGTGATCATC	g1
TGTCCCAGTGGCATCC	g0
TGTCCCATCAATCCGA	g2
TGTCCCATCACGAGGA	g4
TGTCCCATCCCGAGAC	g0
TGTCCCATCCCTCTCC	g9
TGTCCTGAGCGACTTT	g7
TGTCCTGCAAATCCCA	g4
TGTCCTGCAACCGATT	g9
TGTCCTGCACTCTGCT	g2
TGTCCTGCAGGTCCCA	g2
TGTCCTGCATCTAGAC	g4
TGTCCTGCATTGCAAC	g3
TGTCCTGGTAGCCCTG	g4
TGTCCTGGTATCGGTT	g4
TGTCCTGGTCTAACGT	g4
TGTCCTGGTGAGGAAA	g3
TGTCCTGGTGTACAGG	g9
TGTCCTGTCACCGGTG	g7
TGTGAGTAGCCAAGGT	g5
TGTGAGTAGGTTGTTC	g9
TGTGAGTCAATCAGCT	g0
TGTGAGTGTAGCTGCC	g2
TGTGAGTGTAGCTTTG	g2
TGTGAGTGTGAATGTA	g7
TGTGAGTGTGCGTGCT	g0
TGTGAGTTCCTCACCA	g2
TGTGAGTTCCTTGAAG	g2
TGTGATGCACGGTAGA	g2
TGTGATGGTGAGGCAT	g4
TGTGATGTCCACGTGG	g7
TGTGATGTCCTGGTCT	g4
TGTGATGTCGACGTCG	g4
TGTGATGTCTGTTGGA	g7
TGTGCGGAGATCGACG	g4
TGTGCGGAGCAGGCAT	g7
TGTGCGGAGGTCCGAA	g0
TGTGCGGCACGATTCA	g9
TGTGCGGCAGCTCGGT	g7
TGTGCGGCATCATTGG	g2
TGTGCGGCATTCCTAT	g2
TGTGCGGGTGTCGCTG	g3
TGTGCGGGTTTAAGGA	g4
TGTGCGGTCAATCGGT	g1
TGTGCGGTCATAGCAC	g4
TGTGCGGTCATTGTGG	g0
TGTGCGGTCTGGTTGA	g0
TGTGGCGAGAAGTCCG	g2
TGTGGCGAGGTGCCAA	g2
TGTGGCGCAGTTAGAA	g3
TGTGGCGGTAGATCGG	g3
TGTGGCGGTGAAGCTG	g8
TGTGGCGGTGCTCTCT	g2
TGTGGCGGTTAGTTCG	g2
TGTGGCGTCCATCTAT	g0
TGTGGCGTCCTGTTGC	g4
TGTGTGAAGAGGCTGT	g2
TGTGTGAAGATTCGCT	g2
TGTGTGAAGCAATAGT	g2
TGTGTGAAGCGACAGT	g2
TGTGTGAAGGTATTGA	g2
TGTGTGAAGTCCTACA	g7
TGTGTGACAAATCCCA	g7
TGTGTGACAGTGTGGA	g3
TGTGTGAGTACAGAGC	g2
TGTGTGAGTCAGACTT	g2
TGTGTGATCAACTCTT	g0
TGTGTGATCGCTAATG	g2
TGTTACTAGATGACAT	g7
TGTTACTAGGGAGTGG	g1
TGTTACTCATAACTCG	g5
TGTTACTGTACAAACA	g9
TGTTACTGTAGGACCA	g0
TGTTACTGTTGAGAGC	g2
TGTTACTGTTGCGAAG	g0
TGTTACTGTTGTGGAG	g4
TGTTACTTCTACAGGT	g2
TGTTACTTCTCCAATT	g4
TGTTACTTCTGGACCG	g2
TGTTACTTCTTCGGTC	g2
TGTTCATAGGCTAACG	g2
TGTTCATCAAATAAGC	g0
TGTTCATCACACCGAC	g0
TGTTCATCACCAACAT	g2
TGTTCATCAGAGGTAC	g8
TGTTCATCAGCGCGTT	g2
TGTTCATCATAACTCG	g0
TGTTCATGTCGGCCTA	g0
TGTTCATGTGAGCGAT	g2
TGTTCATGTGATAGAT	g2
TGTTCATGTGCGAACA	g9
TGTTCATGTTGAGAGC	g2
TGTTCATTCTCTGAGA	g1
TGTTCATTCTCTTCAA	g0
TGTTCCGAGAAACTGT	g0
TGTTCCGAGAGCGACT	g0
TGTTCCGAGGTTGGTG	g3
TGTTCCGCATCCCGTT	g2
TGTTCCGGTACGTGAG	g2
TGTTCCGTCTATCGTT	g0
TGTTCCGTCTGGACTA	g0
TGTTCTAAGCACTCCG	g4
TGTTCTAAGGATCATA	g2
TGTTCTACACAACCGC	g9
TGTTCTAGTCCGATCG	g0
TGTTCTATCACCTCAC	g0
TGTTCTATCACGAGGA	g7
TGTTCTATCCCGAATA	g0
TGTTCTATCTTGCGCT	g2
TGTTGAGAGGATGCGT	g0
TGTTGAGAGGCAATGC	g0
TGTTGAGAGGCGAACT	g0
TGTTGAGAGTTCCTGA	g4
TGTTGAGCAACATCGT	g0
TGTTGAGCAGAAATTG	g2
TGTTGAGCAGCATGCC	g3
TGTTGAGGTAAGGAGA	g2
TGTTGAGGTACGACAG	g1
TGTTGAGTCAAGCTGT	g2
TGTTGAGTCGCGTGCA	g3
TGTTGGAAGCCTTTGA	g7
TGTTGGAAGCTGCGAA	g0
TGTTGGAAGTGCGACA	g0
TGTTGGACATTCGGGC	g4
TGTTGGAGTAGCGAGT	g2
TGTTGGAGTAGGCTCC	g8
TGTTGGAGTGGACTAG	g1
TGTTGGATCAGACATC	g0
TGTTGGATCTGGGTCG	g2
TGTTTGTAGATAGGGA	g0
TGTTTGTAGCAGTAAT	g1
TGTTTGTCAATCTCTT	g0
TGTTTGTGTAGACACG	g0
TGTTTGTGTATCAAGA	g0
TGTTTGTGTGCCCTTT	g0
TGTTTGTGTGGAAATT	g4
TGTTTGTGTTGAATCC	g0
TGTTTGTTCAGAGCGA	g2
TGTTTGTTCAGGAACG	g2
TTAATCCAGATACATG	g2
TTAATCCAGTATTAGG	g2
TTAATCCCACACACTA	g0
TTAATCCCACCCTTGT	g2
TTAATCCCATCTTCGC	g0
TTAATCCGTGACTAAA	g3
TTAATCCGTGCCCACA	g0
TTAATCCGTTCTCGTC	g4
TTAATCCTCCGTGTCT	g9
TTAATCCTCTATGCCC	g2
TTACAGGAGGTGAGAA	g4
TTACAGGAGTGACACG	g3
TTACAGGCACACCTAA	g4
TTACAGGCACTACGGC	g0
TTACAGGGTGAGATCG	g0
TTACAGGTCGGATACT	g2
TTACAGGTCTGGAAGG	g6
TTACCATAGAACAGGA	g2
TTACCATAGAAGTCTA	g8
TTACCATCAACCACGC	g0
TTACCATCAAGACTGG	g2
TTACCATCACACCTGG	g2
TTACCATCACTGAGGA	g0
TTACCATCATGTTTGG	g2
TTACCATGTAACGGTG	g6
TTACCATTCCGAGATT	g7
TTACCATTCGTGCATA	g0
TTACCATTCTTCGACC	g0
TTACCATTCTTCTAAC	g0
TTACCGCAGACGAGCT	g2
TTACCGCAGCCTCACG	g7
TTACCGCAGCTGTTAC	g4
TTACCGCCACCGTGCA	g4
TTACCGCGTAACACGG	g2
TTACCGCGTCTCACGG	g8
TTACCGCTCCAACCAA	g1
TTACCGCTCCAAGAGG	g2
TTACCGCTCCCGAGAC	g1
TTACCGCTCCGTGTCT	g0
TTACCGCTCCTCACTG	g2
TTACCGCTCGCCCAGA	g4
TTACCGCTCGGAGCAA	g2
TTACCGCTCTCGACCT	g2
TTACGCCAGATTAGCA	g7
TTACGCCAGATTTGCC	g1
TTACGCCAGGTGATAT	g2
TTACGCCCAAGTGACG	g2
TTACGCCCATGGCGCT	g0
TTACGCCGTCAACATC	g7
TTACGCCGTCAGGTGA	g7
TTACGCCGTCCTCAGG	g3
TTACGCCGTTATAGCC	g2
TTACGCCTCAAGCCTA	g2
TTACGCCTCAGGTAAA	g0
TTACGTTAGATGCAGC	g3
TTACGTTAGGGACTGT	g6
TTACGTTAGGTATTGA	g3
TTACGTTAGTTGTACC	g4
TTACGTTCAACTCGAT	g0
TTACGTTCATGACAGG	g4
TTACGTTCATGAGTAA	g2
TTACGTTGTTATAGCC	g7
TTACGTTGTTGGATCT	g2
TTACGTTTCTACCACC	g4
TTACGTTTCTGCTCTG	g8
TTACTGTCAGCAGTCC	g0
TTACTGTCATGTTTGG	g4
TTACTGTGTACCGTCG	g1
TTACTGTGTACGGGAT	g0
TTACTGTTCACTTTGT	g7
TTAGGCAAGACCTGGA	g7
TTAGGCAAGCGTGCCT	g1
TTAGGCACAACGATCT	g2
TTAGGCACAATTGGTC	g8
TTAGGCACATACTTTC	g0
TTAGGCAGTATCTTCT	g2
TTAGGCAGTCACCGAC	g0
TTAGGCAGTCGTATGT	g7
TTAGGCATCAACACGT	g2
TTAGGCATCAATGTCG	g2
TTAGGCATCACGAGGA	g4
TTAGGCATCATGGTAC	g0
TTAGGCATCCTACCAC	g0
TTAGGCATCGGCAGTC	g2
TTAGGGTAGCTAAACA	g0
TTAGGGTAGTGGCCTC	g2
TTAGGGTCAAGATCCT	g2
TTAGGGTCAATCGCAT	g2
TTAGGGTCACTGATTG	g0
TTAGGGTCAGAACTTC	g0
TTAGGGTCAGCTGGTC	g4
TTAGGGTGTAGGGAGG	g3
TTAGGGTGTCTAACGT	g0
TTAGGGTGTCTTTATC	g1
TTAGGGTGTGACACGA	g0
TTAGGGTGTGCCTGAC	g4
TTAGGGTGTGCGGATA	g3
TTAGGGTTCCACAGGC	g8
TTAGTCTAGCAATAAC	g4
TTAGTCTCACAATGCT	g0
TTAGTCTCACCATATG	g0
TTAGTCTCAGCCGGTT	g2
TTAGTCTCATATACCG	g4
TTAGTCTTCTACCAGA	g2
TTAGTCTTCTTTCGAT	g7
TTATTGCAGGATGCGT	g4
TTATTGCCACATGTTG	g2
TTATTGCCACGCTGTG	g0
TTATTGCCATCTATCT	g2
TTATTGCGTCCCGTGA	g3
TTATTGCGTCGTTCAA	g4
TTATTGCTCATGTCAG	g0
TTATTGCTCCATACTT	g4
TTATTGCTCGCTGCGA	g0
TTATTGCTCGCTTGCT	g0
TTCAATCAGGGACTGT	g3
TTCAATCCACTGAGGA	g0
TTCAATCCAGCTTTCC	g7
TTCAATCCAGGTATGG	g1
TTCAATCCATACCAGT	g1
TTCAATCCATAGGTTC	g7
TTCAATCCATCCGTGG	g6
TTCAATCCATGAGATA	g0
TTCAATCCATTCCTCG	g0
TTCAATCGTAATCAAG	g4
TTCAATCTCACCATAG	g3
TTCAATCTCCCAGCGA	g2
TTCAATCTCCGCGATG	g0
TTCAATCTCCTGGGTG	g0
TTCAATCTCTCTTCAA	g2
TTCACCGAGAAGGCTC	g2
TTCACCGAGACCGTTT	g4
TTCACCGAGTCGAAAT	g0
TTCACCGCAGATCATC	g0
TTCACCGCAGTAACCT	g4
TTCACCGGTACAATAG	g2
TTCACCGGTCGAGCTC	g0
TTCACCGGTCGAGTGA	g4
TTCACCGGTCGCGGTT	g3
TTCACCGTCAGGAGAC	g2
TTCACCGTCAGTGTCA	g0
TTCACGCAGATGAACT	g2
TTCACGCAGCTCCGAC	g0
TTCACGCCAACACGAG	g2
TTCACGCCATCGGTTA	g2
TTCACGCGTATCGCAT	g0
TTCACGCGTCATGCAT	g7
TTCAGGAAGCACCAGA	g0
TTCAGGACAAACTCGT	g2
TTCAGGACACTCCGGA	g2
TTCAGGACAGCCGGTT	g2
TTCAGGACATCGTGGC	g2
TTCAGGAGTACAAACA	g1
TTCAGGAGTAGTACGG	g4
TTCAGGAGTCATGGCC	g3
TTCAGGAGTCGAGTGA	g0
TTCAGGAGTCGGCACT	g0
TTCAGGAGTTAATCGC	g2
TTCAGGATCAAAGCCT	g3
TTCAGGATCATGGGAG	g2
TTCAGGATCCATCGTC	g2
TTCAGGATCGCATGAT	g4
TTCAGGATCTAATTCC	g4
TTCATGTCAAACCACT	g2
TTCATGTCAGGTTCGC	g7
TTCATGTTCAAAGGTA	g2
TTCATGTTCATGAAAG	g7
TTCATTGAGAACTCCT	g2
TTCATTGAGATACCAA	g2
TTCATTGAGGCTTTCA	g0
TTCATTGAGGTCCGAA	g7
TTCATTGAGGTCTACT	g2
TTCATTGCAAGGCGTA	g0
TTCATTGCACTAGAGG	g2
TTCATTGGTAAGGCTG	g0
TTCATTGGTGTTCCAA	g0
TTCATTGGTTCAAAGA	g4
TTCATTGTCACTCCGT	g4
TTCATTGTCGAGCACC	g0
TTCCAATAGAAGGTAG	g8
TTCCAATAGACGATAT	g1
TTCCAATAGCGCCGTT	g0
TTCCAATAGCTAATGA	g2
TTCCAATCAATCAAGA	g4
TTCCAATCATGCCGCA	g0
TTCCAATGTACTTGTG	g0
TTCCAATGTCAGACGA	g2
TTCCAATGTTTAGAGA	g2
TTCCAATTCGGAGATG	g5
TTCCAATTCTCTGCCA	g4
TTCCACGAGCAGATAT	g2
TTCCACGAGGACGCAT	g3
TTCCACGAGGGAGAAT	g0
TTCCACGCAATGTCTG	g0
TTCCACGCAGACGATG	g2
TTCCACGCAGCTAACT	g4
TTCCACGGTAGGTCAG	g4
TTCCACGGTATCAGGG	g7
TTCCACGGTGGTCTTA	g2
TTCCACGGTTATAGCC	g0
TTCCACGGTTGTTTGG	g8
TTCCACGGTTTAGTCG	g4
TTCCACGTCTGAGGTT	g2
TTCCGGTAGCTTGTGT	g0
TTCCGGTAGGTCACTT	g4
TTCCGGTCAACCAACT	g2
TTCCGGTGTACGAAAT	g2
TTCCGGTGTGAACGGT	g0
TTCCGGTGTTTCACTT	g0
TTCCGTGAGACTGGGT	g2
TTCCGTGAGATACGAT	g9
TTCCGTGAGATCGCCC	g7
TTCCGTGAGCGTGTCC	g0
TTCCGTGCAACAGAGC	g7
TTCCGTGCACATATCG	g0
TTCCGTGCAGACTCTA	g0
TTCCGTGCATACAGAA	g0
TTCCGTGCATACCATG	g2
TTCCGTGCATTGCCGG	g0
TTCCGTGGTCATCACA	g7
TTCCGTGGTGACACGA	g0
TTCCGTGTCAAGCGTT	g2
TTCCGTGTCCTCACCA	g2
TTCCTAAAGACATATG	g3
TTCCTAAAGACCAAGC	g2
TTCCTAAAGCATCCTA	g2
TTCCTAAAGTCATGAA	g9
TTCCTAAAGTCGGGAT	g2
TTCCTAAAGTCTAGCT	g2
TTCCTAACACAGAGCA	g0
TTCCTAACATCTTTCA	g0
TTCCTAAGTACGATTC	g4
TTCCTAAGTACTCGCG	g4
TTCCTAAGTCTGTGCG	g4
TTCCTAAGTTTCACTT	g3
TTCCTAATCCGATAGT	g8
TTCCTAATCTAGGAAA	g2
TTCCTAATCTCTAGGA	g2
TTCCTCTAGATGCAGC	g0
TTCCTCTAGGGTGAGG	g0
TTCCTCTCAACCACGC	g0
TTCCTCTCATAATGAG	g4
TTCCTCTGTCCACTCT	g4
TTCCTCTGTTAGGGAC	g0
TTCCTCTGTTCGGTTA	g2
TTCCTCTGTTTGAACC	g2
TTCCTCTTCACAGAGG	g7
TTCCTCTTCGGACAAG	g4
TTCCTCTTCGTGGAAG	g6
TTCCTTCAGCAAGCCA	g4
TTCCTTCAGCATTTCG	g2
TTCCTTCAGCGAGGAG	g0
TTCCTTCAGCTCGAAG	g0
TTCCTTCAGGACAAGA	g7
TTCCTTCAGGATATAC	g4
TTCCTTCAGGCATCTT	g2
TTCCTTCAGGCCTTCG	g4
TTCCTTCAGTCTCCTC	g7
TTCCTTCCAACAGCTT	g7
TTCCTTCCAACAGTGG	g0
TTCCTTCCAACTGATC	g0
TTCCTTCCAAGCAGGT	g0
TTCCTTCCAAGCTCTA	g0
TTCCTTCCACTGAGGA	g0
TTCCTTCGTTTCGCTC	g8
TTCCTTCGTTTCTATC	g2
TTCCTTCTCACAGTGT	g2
TTCCTTCTCACCTGGG	g4
TTCCTTCTCCCTTCCC	g2
TTCCTTCTCTTCACAT	g0
TTCCTTCTCTTCCCGA	g6
TTCGATTAGCACACCC	g2
TTCGATTAGTAACGAT	g0
TTCGATTCAGGACAGT	g7
TTCGATTCAGGCGATA	g2
TTCGATTCATACCACA	g7
TTCGATTGTCCGCAGT	g2
TTCGATTGTTCCGCGA	g8
TTCGATTGTTCCTAAG	g2
TTCGATTTCCAGTTCC	g2
TTCGCTGAGGAGATAG	g0
TTCGCTGCACACCTTC	g5
TTCGCTGCACCAGCTG	g4
TTCGCTGCACCAGGTC	g4
TTCGCTGGTGATGTAA	g0
TTCGCTGTCAGACCTA	g7
TTCGCTGTCAGGAAGC	g7
TTCGCTGTCGCGTGAC	g0
TTCGGTCAGATTGACA	g2
TTCGGTCCAATAGGGC	g2
TTCGGTCCACAAACGG	g7
TTCGGTCCACTGAGGA	g2
TTCGGTCCACTGGACC	g4
TTCGGTCCAGTTGTCA	g4
TTCGGTCCATTGACTG	g2
TTCGGTCGTATCGGTT	g2
TTCGGTCGTCACCCTT	g2
TTCGGTCGTGCCCACA	g4
TTCGGTCGTTGCGGAA	g0
TTCGGTCGTTTAGTCG	g7
TTCGGTCTCACGATCA	g2
TTCGGTCTCCTACCAC	g4
TTCTAACAGCAGATAT	g4
TTCTAACAGCGAGGAG	g2
TTCTAACAGTATGACA	g2
TTCTAACCAAAGGGCT	g4
TTCTAACCAGCAAGAC	g0
TTCTAACCATAGCTGT	g2
TTCTAACCATCACCAA	g7
TTCTAACGTGCATGAG	g2
TTCTAACGTGCCGTTG	g2
TTCTAACGTTGGACCC	g2
TTCTAACGTTGTTGTG	g0
TTCTAACTCCGCGATG	g4
TTCTAACTCGCTGATA	g4
TTCTAGTAGCCAGAGT	g0
TTCTAGTCAAGCCATT	g3
TTCTAGTCACAGCTTA	g2
TTCTAGTCACGACGCT	g7
TTCTAGTCACGGAAGT	g2
TTCTAGTGTACTGAGG	g4
TTCTAGTGTAGACAGC	g8
TTCTAGTGTTGGGTTT	g3
TTCTAGTTCCTGATAG	g3
TTCTCTCAGACAGCGT	g0
TTCTCTCAGACTGGGT	g4
TTCTCTCAGAGAGTTT	g4
TTCTCTCAGATCACCT	g2
TTCTCTCAGGTGCCAA	g2
TTCTCTCCACGACAAG	g2
TTCTCTCGTCATAAAG	g0
TTCTCTCGTGCTCTTC	g0
TTCTCTCGTGGCAACA	g2
TTCTCTCGTGGCTGCT	g0
TTCTCTCTCGACCAAT	g2
TTCTCTCTCGCGCTGA	g7
TTCTCTCTCTCCCTAG	g4
TTCTCTCTCTCGAACA	g4
TTCTGTAAGATCCTAC	g0
TTCTGTAAGTACAGCG	g2
TTCTGTACAGCAGTTT	g4
TTCTGTACAGCGTTTA	g2
TTCTGTAGTGTTCCAA	g2
TTCTGTAGTTCTGACA	g0
TTCTGTAGTTGCCTAA	g1
TTCTGTATCCATAGGT	g2
TTCTTCCCAGAGAGGG	g0
TTCTTCCGTATGTCTG	g8
TTCTTCCGTTACGGAG	g7
TTCTTCCGTTCGGACC	g2
TTCTTCCGTTGGCCTG	g7
TTCTTCCGTTGTGGAG	g4
TTCTTCCTCCTTACCG	g2
TTCTTCCTCGCAACAT	g0
TTCTTCCTCGGTTAGT	g0
TTCTTGAAGCTCACTA	g0
TTCTTGAAGGCCTTGC	g2
TTCTTGAAGTTGTACC	g9
TTCTTGACAAGGATGC	g0
TTCTTGACACTGTCGG	g2
TTCTTGACAGGCTATT	g4
TTCTTGAGTCACTCTC	g0
TTCTTGAGTGCAGATG	g1
TTCTTGATCGATACTG	g2
TTCTTGATCTGCGGGT	g8
TTGAACGAGCATCAAA	g0
TTGAACGAGGACAACC	g0
TTGAACGAGGCTAGCA	g0
TTGAACGCAAACCATC	g2
TTGAACGCAGAACTCT	g2
TTGAACGCAGCTCGGT	g2
TTGAACGCAGTGACCC	g0
TTGAACGGTACGTTCA	g2
TTGAACGGTTGAATCC	g0
TTGAACGTCTCTCCGA	g4
TTGAACGTCTGAATGC	g2
TTGACCCAGAAGTCTA	g0
TTGACCCCAGACCCGT	g8
TTGACCCCAGCATGCC	g2
TTGACCCCATCATTTC	g9
TTGACCCGTCAACATC	g1
TTGACCCGTCTGTTAG	g3
TTGACCCGTCTTGAGT	g2
TTGACCCGTGCTGTCG	g6
TTGACCCGTTTCGCTC	g1
TTGACCCTCCGAGGCT	g4
TTGACCCTCCGCTTAC	g0
TTGACCCTCGCCTAGG	g0
TTGACCCTCTGGGCAC	g7
TTGACCCTCTTCCACG	g4
TTGAGTGAGACGCAGT	g2
TTGAGTGAGAGTTGCG	g8
TTGAGTGAGATGCTAA	g8
TTGAGTGAGCCGTTAT	g7
TTGAGTGAGTACCCTA	g2
TTGAGTGAGTGTAGTA	g2
TTGAGTGCACATACGT	g7
TTGAGTGCAGCACGAA	g7
TTGAGTGCATCGTCCT	g0
TTGAGTGCATCTAGAC	g1
TTGAGTGTCTCACGAA	g4
TTGAGTGTCTGGTTGA	g4
TTGATGGAGAAACTAC	g3
TTGATGGAGCTTGTTG	g0
TTGATGGAGGATGTTA	g5
TTGATGGAGTAGACCG	g3
TTGATGGCAATGCAGG	g2
TTGATGGCAGAGAATT	g1
TTGATGGCAGTCGGAA	g0
TTGATGGGTCGCTGCA	g0
TTGATGGGTCTGTTAG	g6
TTGATGGTCCTGTTGC	g2
TTGATGGTCGGTCTAA	g7
TTGATGGTCTTTCTAG	g0
TTGCATTAGCACCCAC	g2
TTGCATTAGCTAGATA	g2
TTGCATTAGCTGGTGA	g2
TTGCATTAGGGCAGTT	g4
TTGCATTAGTATGGAT	g4
TTGCATTCAACGTATC	g7
TTGCATTCATCATTTC	g2
TTGCATTGTCGCCTAG	g2
TTGCATTGTTGCATGT	g2
TTGCATTGTTTCGTTT	g4
TTGCATTTCATGCCCT	g3
TTGCATTTCCTGGTCT	g2
TTGCATTTCGCTTGAA	g8
TTGCATTTCTGGAGAG	g4
TTGCCTGAGCTGCCTG	g4
TTGCCTGAGGCTGAAC	g4
TTGCCTGAGGTTGACG	g2
TTGCCTGCAAGAGGCT	g2
TTGCCTGCAGTCGCAC	g7
TTGCCTGCATACCAGT	g0
TTGCCTGGTATTTCGG	g0
TTGCCTGGTCACAGTT	g0
TTGCCTGGTTTCGTTT	g2
TTGCCTGTCATACGAC	g2
TTGCCTGTCATCTGTT	g2
TTGCGTCAGACCATGG	g0
TTGCGTCAGGCCCGTT	g2
TTGCGTCAGGCGATAC	g8
TTGCGTCCATATGCGT	g2
TTGCGTCGTCAAGCGA	g0
TTGCGTCTCAAGCTGT	g9
TTGCGTCTCCGAGGCT	g4
TTGCGTCTCTTCCAGC	g0
TTGCGTCTCTTCGGAA	g2
TTGCTGCAGCATGAAT	g0
TTGCTGCAGTCGGCAA	g2
TTGCTGCAGTGGAAAG	g9
TTGCTGCCACAACGTT	g0
TTGCTGCCACGATAGG	g7
TTGCTGCTCCAAGCCG	g4
TTGCTGCTCGTAACAC	g2
TTGCTGCTCTACACTT	g0
TTGCTGCTCTGCTGAA	g3
TTGGATGAGCATAGGC	g2
TTGGATGAGGATTACA	g0
TTGGATGCAGCAGTTT	g8
TTGGATGCAGCGTACC	g2
TTGGATGGTCGAGTGA	g7
TTGGATGGTTCGCGTG	g1
TTGGATGGTTTACCAG	g4
TTGGATGTCGACGACC	g3
TTGGATGTCTCTATGT	g3
TTGGGATAGGTTTGAA	g0
TTGGGATAGTCCTGCG	g2
TTGGGATCAAATGGTA	g4
TTGGGATCACTCTAGA	g0
TTGGGATCAGCGTGAA	g5
TTGGGATCATGGGTTT	g7
TTGGGATGTGAGATTA	g2
TTGGGATGTTAAAGTG	g7
TTGGGATTCTCTTCAA	g0
TTGGGCGAGCACTAAA	g0
TTGGGCGAGCCTCAAT	g6
TTGGGCGAGCGCCTCA	g0
TTGGGCGAGCTAAATG	g0
TTGGGCGAGCTTAGTC	g4
TTGGGCGAGGACCCAA	g2
TTGGGCGCAAATACGA	g2
TTGGGCGCAACAAGTA	g2
TTGGGCGCACAGTATC	g3
TTGGGCGCACTGTGAT	g7
TTGGGCGCAGACAAGC	g2
TTGGGCGCAGTAACCT	g0
TTGGGCGGTGGCTGAA	g4
TTGGGCGGTTAGTCGT	g6
TTGGGCGGTTGTTGTG	g0
TTGGGCGTCAGCGCGT	g2
TTGGGCGTCTGGCCGA	g0
TTGGGCGTCTGGTGGC	g0
TTGGGTAAGAACAAGG	g4
TTGGGTAAGCGGATCA	g2
TTGGGTAAGTCTTGGT	g7
TTGGGTACATGAGATA	g2
TTGGGTAGTATAGGGC	g4
TTGGGTAGTCGTAATC	g4
TTGGGTATCACCATCC	g3
TTGGGTATCACTCGAA	g8
TTGGGTATCCTCTAAT	g0
TTGGGTATCGAACGGA	g0
TTGGGTATCGACGTCG	g2
TTGGGTATCGTGGCTG	g7
TTGGTTTAGTCTAACC	g0
TTGGTTTCACAGTACT	g4
TTGGTTTCACCTCGTT	g6
TTGGTTTCATGTTCAG	g0
TTGGTTTGTACTAGCT	g1
TTGGTTTGTGATACCT	g2
TTGGTTTGTGGAATGC	g2
TTGGTTTGTTACCCTC	g4
TTGGTTTTCAGTGTCA	g9
TTGGTTTTCGAGAAAT	g1
TTGGTTTTCTACTTCA	g0
TTGTGGAAGATGTTAG	g0
TTGTGGAAGCAAATGT	g0
TTGTGGACAAGCAGGT	g0
TTGTGGACAATCGCAT	g7
TTGTGGACACTGAATC	g4
TTGTGGAGTACGTAGG	g9
TTGTGGAGTCCCGTGA	g7
TTGTGGAGTCCGTTTC	g4
TTGTGGAGTCTGTTAG	g3
TTGTGGATCGGTAAGG	g9
TTGTGGATCGGTGCAC	g2
TTGTGTTAGTTGCTGT	g2
TTGTGTTCATTGCTTT	g2
TTGTGTTGTACAGGTG	g2
TTGTGTTGTACCGGAA	g2
TTGTGTTGTCCTGAAT	g0
TTGTGTTGTGATAGTA	g7
TTGTGTTGTGATGTAA	g0
TTGTGTTGTGGTTTGT	g2
TTGTGTTGTTGAAGTA	g2
TTGTGTTTCAAACCTG	g0
TTGTGTTTCAGTGTCA	g0
TTGTGTTTCGCCTAGG	g7
TTGTGTTTCTATTTCG	g2
TTGTTCAAGACGACGT	g0
TTGTTCAAGCCAACCC	g2
TTGTTCAAGCGATGAC	g7
TTGTTCAAGGTCGCCT	g3
TTGTTCAAGTCTGGTT	g0
TTGTTCACAACAGATA	g3
TTGTTCACAGATTAAG	g8
TTGTTCAGTATTAAGG	g2
TTGTTCATCCTAGCTC	g7
TTGTTCATCGCCAGAC	g2
TTGTTCATCTGCTGAA	g0
TTGTTGTAGCCTATCA	g0
TTGTTGTAGCGTATGG	g0
TTGTTGTAGGTGCTTT	g2
TTGTTGTAGTAATTGG	g0
TTGTTGTCACAAATGA	g2
TTGTTGTCAGTCGCAC	g0
TTGTTGTCATGTGACT	g7
TTGTTGTGTAGTGCGA	g1
TTGTTGTGTGGTCTCG	g0
TTGTTGTTCACAGAGG	g2
TTGTTGTTCTTGGAAC	g3
TTGTTTGAGAACTGAT	g0
TTGTTTGAGAGCACTG	g7
TTGTTTGAGATAACAC	g2
TTGTTTGAGCTCGACC	g0
TTGTTTGAGCTGGAGT	g0
TTGTTTGAGCTGGCCT	g8
TTGTTTGCAGTTGGTT	g3
TTGTTTGCATATGGCT	g4
TTGTTTGGTACAGTAA	g2
TTGTTTGGTCTGCATA	g4
TTGTTTGGTGCAAGAC	g2
TTGTTTGGTTCCACGG	g6
TTGTTTGTCACCACAA	g0
TTGTTTGTCGGCATAT	g0
TTTACCAAGAATCGTA	g2
TTTACCAAGACAGTCG	g3
TTTACCAAGACTTGTC	g1
TTTACCAAGGGAGGTG	g4
TTTACCACAAGATTGA	g1
TTTACCACAATACGCT	g2
TTTACCACACAGTCAT	g2
TTTACCACACGTGTGC	g0
TTTACCAGTACCCAGC	g0
TTTACCAGTCAAGTTC	g0
TTTACCAGTCGAGCTC	g0
TTTACCAGTGCCGAAA	g4
TTTACCAGTTAAGACA	g4
TTTACCAGTTCCGCGA	g8
TTTACCAGTTTGACAC	g2
TTTACCATCCATCTGC	g2
TTTACCATCCCATTTA	g0
TTTACCATCCCTTTGG	g0
TTTACCATCGATACGT	g0
TTTACGTAGACAGTCG	g0
TTTACGTAGATGAAGG	g4
TTTACGTAGGGCAATC	g2
TTTACGTCACGAGAAC	g4
TTTACGTCACTGCGAC	g4
TTTACGTCAGACACCC	g0
TTTACGTGTACTGTTG	g7
TTTACGTGTATCAGCT	g3
TTTACGTGTCCAGCGT	g4
TTTACGTTCCTAAACG	g3
TTTACTGAGGTAGATT	g7
TTTACTGAGTCTGGAG	g0
TTTACTGCAGTAACGG	g0
TTTACTGGTATCCTTT	g3
TTTACTGGTATCGTTG	g4
TTTACTGGTTATAGAG	g8
TTTACTGTCCGATCGG	g3
TTTACTGTCGGTAACT	g1
TTTACTGTCGTGAGAG	g0
TTTACTGTCTCCATAT	g2
TTTACTGTCTCCTGAC	g4
TTTACTGTCTGATTCT	g2
TTTAGTCAGCATGATA	g0
TTTAGTCCAGACCATT	g0
TTTAGTCCATGACTTG	g2
TTTAGTCGTGATGAAT	g0
TTTAGTCGTTCTTAGG	g0
TTTAGTCTCTTTGCAT	g1
TTTATGCAGCATTGAA	g0
TTTATGCAGCGTCTGC	g4
TTTATGCAGCTCATAC	g7
TTTATGCCAACCGCCA	g0
TTTATGCCACAGTACT	g2
TTTATGCCACGAGGAT	g0
TTTATGCGTACCGTGC	g1
TTTATGCGTAGAGTTA	g0
TTTATGCGTGCGGATA	g2
TTTATGCGTGGCGTAA	g2
TTTATGCGTGTCCACG	g2
TTTATGCGTGTTGATC	g2
TTTATGCGTTGATCGT	g2
TTTATGCGTTGTGGAG	g4
TTTATGCGTTTCCATT	g2
TTTATGCTCACTCCGT	g4
TTTCACAAGACGAGCT	g2
TTTCACAAGAGAGTTT	g0
TTTCACAAGATTTGCC	g1
TTTCACAAGGCTGGAT	g0
TTTCACACAAAGGCGT	g4
TTTCACACACGGGTAA	g0
TTTCACACACTATGTG	g0
TTTCACACATCCAATG	g2
TTTCACAGTAGTGCGA	g0
TTTCACAGTGTCATCA	g7
TTTCACAGTTGGGTAG	g2
TTTCACATCGGCTTCT	g3
TTTCACATCTAGTGTG	g4
TTTCAGTAGAATCGCG	g5
TTTCAGTAGCACCGTC	g7
TTTCAGTAGGAATCGC	g3
TTTCAGTCAATAGTAG	g2
TTTCAGTCAATTGAAG	g2
TTTCAGTCAATTGGTC	g7
TTTCAGTCACAACGAG	g2
TTTCAGTCACACAGCC	g1
TTTCAGTCATGTCTAG	g2
TTTCAGTGTCAACCTA	g2
TTTCAGTTCACTTGGA	g2
TTTCAGTTCAGGGATG	g7
TTTCAGTTCATTTGCT	g0
TTTCAGTTCGCGAAGA	g0
TTTCAGTTCGTGGAAG	g3
TTTCAGTTCTGTGTGA	g7
TTTCATGAGAGCAACC	g0
TTTCATGAGAGGCGTT	g8
TTTCATGAGCGTATAA	g0
TTTCATGAGCTGTCCG	g0
TTTCATGAGGGCATGT	g0
TTTCATGAGGTATAGT	g2
TTTCATGCAACTGAAA	g0
TTTCATGCAACTTCTT	g4
TTTCATGCAGCGGATA	g0
TTTCATGGTAGCTAAA	g2
TTTCATGGTCAAACGG	g0
TTTCATGGTCTCGACG	g0
TTTCATGGTTAATCGC	g4
TTTCCTCCAACCGACC	g0
TTTCCTCCAAGGACAC	g4
TTTCCTCCAGGAACCA	g2
TTTCCTCGTTCGAACT	g0
TTTCCTCTCACAAGGG	g4
TTTCCTCTCAGAATAG	g2
TTTCCTCTCCGCAGTG	g7
TTTCCTCTCTAACACG	g1
TTTCCTCTCTCTTAAC	g2
TTTCGATAGAGCAACC	g6
TTTCGATAGTCCCTAA	g0
TTTCGATCACATTCGA	g7
TTTCGATCACTTACAG	g2
TTTCGATCATCGTGCG	g2
TTTCGATGTACTTGTG	g7
TTTCGATGTCTATGAC	g4
TTTCGATGTGATACCT	g2
TTTCGATGTGCAATAA	g2
TTTCGATGTGCATGAG	g2
TTTCGATGTGTTCGAT	g3
TTTCGATGTTTAGACC	g1
TTTCGATTCACTTGTT	g7
TTTCGATTCTGGGCCA	g7
TTTGACTAGAGCATTA	g0
TTTGACTAGGCTTCCG	g0
TTTGACTCAACAAGTA	g4
TTTGACTCAAGGACAC	g0
TTTGACTCAAGTGGCA	g0
TTTGACTCAGCAGTAG	g0
TTTGACTCATCCGTGG	g0
TTTGACTGTAGGCAAC	g4
TTTGACTGTCGGAAAC	g0
TTTGACTGTCGGCCTA	g4
TTTGACTGTTCATCGA	g3
TTTGACTGTTTGTTGG	g4
TTTGACTTCAGTGTTG	g4
TTTGACTTCTATCACT	g4
TTTGACTTCTGTGCAA	g3
TTTGATCAGAGGGTAA	g2
TTTGATCAGATGAATC	g3
TTTGATCAGCCTTGAT	g0
TTTGATCCACAAGCAG	g7
TTTGATCCACTACAGT	g7
TTTGATCCACTCCTGT	g0
TTTGATCGTACCGTCG	g7
TTTGATCGTTAGAGTA	g4
TTTGATCTCATGCCGG	g3
TTTGATCTCCATTGTT	g3
TTTGGAGAGACTCTAC	g0
TTTGGAGAGAGCCATG	g2
TTTGGAGAGAGTGTTA	g4
TTTGGAGGTAATGTGA	g2
TTTGGAGGTATGCTAC	g0
TTTGGAGGTATGGAGC	g2
TTTGGAGGTCAAGCCC	g8
TTTGGAGGTGTTGATC	g0
TTTGGAGGTTCAGGTT	g4
TTTGGAGGTTTCACAG	g7
TTTGGAGTCGTGGGTC	g0
TTTGGAGTCTCGACGG	g0
TTTGGAGTCTGCTGAA	g4
TTTGGAGTCTTACGTT	g0
TTTGGTTAGAAAGCGA	g3
TTTGGTTAGCCTTCTC	g1
TTTGGTTAGCTGAGTG	g2
TTTGGTTAGGATTCCT	g4
TTTGGTTAGTATTCCG	g0
TTTGGTTCAAGCGATG	g0
TTTGGTTCACAAATCC	g7
TTTGGTTCACCTAAAC	g2
TTTGGTTCAGCTGCCA	g0
TTTGGTTCATAGACTC	g2
TTTGGTTGTTCAATCG	g0
TTTGGTTGTTGCCGAC	g0
TTTGGTTTCCTCCACA	g2
TTTGTTGAGCTGGTGA	g0
TTTGTTGAGGGCAAGG	g2
TTTGTTGCAATAGGGC	g1
TTTGTTGCAGGAGGAG	g0
TTTGTTGGTAGCACGA	g0
TTTGTTGGTCGGTGAA	g3
TTTGTTGGTCTGTAAC	g0
TTTGTTGGTGCGTCGT	g4
TTTGTTGGTGTCATGT	g2
TTTGTTGGTTTGAACC	g0
TTTGTTGTCCAAGCCG	g0
TTTGTTGTCTTACTGT	g7
TTTGTTGTCTTCTAAC	g2
