AAACCCAAGCGCCCAT	g0
AAACCCAAGGTTCCGC	g1
AAACCCACAGACAAGC	g1
AAACCCACAGAGTTGG	g2
AAACCCACAGGTATGG	g3
AAACCCACATAGTCAC	g4
AAACCCACATCCAATG	g3
AAACCCAGTGGCTACC	g0
AAACCCATCCCGAGAC	g0
AAACCCATCTGGCCGA	g0
AAACCCATCTGTTCAT	g3
AAACGAAAGACGACGT	g3
AAACGAAAGACGTCGA	g2
AAACGAAAGGAGTCTG	g2
AAACGAACAAGAATGT	g3
AAACGAACAATACCCA	g0
AAACGAACACAAGCTT	g0
AAACGAACACGACGTC	g0
AAACGAAGTCATGCAT	g4
AAACGAAGTTATGTCG	g0
AAACGAATCTACTTCA	g4
AAACGCTAGACAACTA	g0
AAACGCTAGAGGTTTA	g2
AAACGCTAGCACCAGA	g5
AAACGCTAGGCAGGTT	g0
AAACGCTAGGTTAAAC	g2
AAACGCTAGTATGAAC	g3
AAACGCTCAATCCTAG	g6
AAACGCTCACGCAAAG	g4
AAACGCTCAGTCTTCC	g0
AAACGCTCATAGTCAC	g0
AAACGCTCATGGATCT	g6
AAACGCTGTCAGACGA	g0
AAACGCTGTCCCTAAA	g0
AAACGCTGTCGATTTG	g0
AAACGCTGTCTACATG	g2
AAAGAACAGTTCCGTA	g0
AAAGAACGTATCCTCC	g7
AAAGAACGTATTCCGA	g8
AAAGAACGTCTCGGGT	g4
AAAGAACGTTTGTTGG	g0
AAAGAACTCCTCCACA	g0
AAAGAACTCGCGTGCA	g7
AAAGAACTCTCATAGG	g1
AAAGGATAGCAGTAAT	g2
AAAGGATAGTGAATAC	g2
AAAGGATCAAACAGGC	g0
AAAGGATGTCGGTGAA	g2
AAAGGATGTGTCCAAT	g0
AAAGGATGTGTGGTCC	g2
AAAGGATTCAAGGACG	g4
AAAGGATTCATTGTTC	g2
AAAGGATTCCTAACAG	g2
AAAGGATTCGTAACAC	g7
AAAGGATTCTGCGGGT	g7
AAAGGATTCTTTGCAT	g2
AAAGGGCAGGGACCAT	g4
AAAGGGCAGTTCCGGC	g0
AAAGGGCCACGTCGTG	g4
AAAGGGCCAGGTTCGC	g4
AAAGGGCCATCATCCC	g6
AAAGGGCGTTACGTAC	g8
AAAGGGCTCATTTGGG	g2
AAAGGGCTCCAACTGA	g0
AAAGGGCTCCTGGGAC	g0
AAAGGGCTCTCAAAGC	g2
AAAGGGCTCTTCCACG	g2
AAAGGTAAGGGTCACA	g2
AAAGGTACAAGAATGT	g2
AAAGGTACAGCTACAT	g7
AAAGGTAGTATTTCTC	g7
AAAGGTAGTCTACACA	g0
AAAGGTAGTGCTATTG	g0
AAAGGTAGTTAAGGAT	g0
AAAGGTAGTTGTCATG	g0
AAAGGTATCATAGAGA	g0
AAAGGTATCGCAGAGA	g7
AAAGTCCAGACCAAGC	g1
AAAGTCCAGCAGGCTA	g8
AAAGTCCAGTCACACT	g7
AAAGTCCCAAGCTGTT	g4
AAAGTCCCAAGTGGTG	g2
AAAGTCCGTCGAAACG	g2
AAAGTCCGTTCCCACT	g0
AAAGTCCGTTCGGTTA	g2
AAAGTCCTCAACTACG	g0
AAAGTCCTCAGCGGAA	g7
AAAGTCCTCCAAGGGA	g0
AAAGTCCTCTGGGTCG	g2
AAAGTGAAGAGTGGCT	g2
AAAGTGAAGCATGATA	g0
AAAGTGAAGCGGGTAT	g4
AAAGTGAAGGTACATA	g2
AAAGTGACAGATCCTA	g0
AAAGTGACATAGGTTC	g4
AAAGTGACATCGAACT	g7
AAAGTGACATGACGGA	g8
AAAGTGACATGCAGCC	g3
AAAGTGAGTACCGTCG	g7
AAAGTGAGTTAAGACA	g0
AAAGTGATCAATGTCG	g0
AAAGTGATCGAAGTGG	g2
AAAGTGATCGATCCAA	g2
AAAGTGATCGCGAAGA	g0
AAATGGAAGACCTCCG	g6
AAATGGAAGAGGGTAA	g4
AAATGGAAGCAAATGT	g4
AAATGGACAGAGATTA	g0
AAATGGACAGGATCTT	g0
AAATGGAGTCGTTTCC	g4
AAATGGATCATTGCGA	g1
AAATGGATCGTAGGGA	g2
AAATGGATCTTAATCC	g0
AACAAAGAGGAAGAAC	g7
AACAAAGCAAATCGGG	g0
AACAAAGCACCAATTG	g0
AACAAAGCAGTGGGTA	g7
AACAAAGGTCCAATCA	g2
AACAAAGGTGGCTTGC	g7
AACAAAGTCCACAAGT	g4
AACAAAGTCCCTGGTT	g4
AACAAAGTCGAGGCAA	g2
AACAAAGTCTTAGTTC	g4
AACAACCAGAAGTGTT	g0
AACAACCAGTAGGTTA	g2
AACAACCAGTTGGAAT	g0
AACAACCCACGACGCT	g0
AACAACCCATGAGAAT	g2
AACAACCGTAAGCGGT	g2
AACAACCGTACCACGC	g8
AACAACCTCACCTACC	g2
AACAACCTCCAATCCC	g2
AACAAGAAGCTTAAGA	g2
AACAAGAAGGCCACTC	g4
AACAAGACAACGACTT	g2
AACAAGACACAAGCCC	g2
AACAAGACACCTAAAC	g2
AACAAGACAGGACGAT	g0
AACAAGACATGATCTG	g7
AACAAGACATTGAAGA	g9
AACAAGAGTGGTATGG	g1
AACAAGAGTTGCTCGG	g0
AACAAGATCATTGCCC	g4
AACAAGATCCACTTCG	g4
AACAAGATCCGCTTAC	g0
AACAAGATCTAGAACC	g2
AACAAGATCTCGTGAA	g6
AACACACAGAACGCGT	g0
AACACACAGAAGCGGG	g0
AACACACAGAATCGAT	g0
AACACACAGCCTGAAG	g2
AACACACAGCTGACTT	g0
AACACACAGGTCGTCC	g2
AACACACAGTCAAGCG	g1
AACACACAGTCATCCA	g2
AACACACCACGTTGGC	g8
AACACACCACTGGAAG	g7
AACACACTCAGCTTGA	g8
AACACACTCTAGCATG	g2
AACACACTCTGTGCTC	g4
AACAGGGAGGATGAGA	g0
AACAGGGAGTAGACAT	g7
AACAGGGCACGACCTG	g4
AACAGGGCAGGGATAC	g0
AACAGGGTCACCATGA	g0
AACAGGGTCCATGATG	g4
AACCAACAGACCACGA	g0
AACCAACAGATGCTTC	g0
AACCAACAGATTAGCA	g0
AACCAACAGCGAACTG	g9
AACCAACAGCGTTAGG	g0
AACCAACAGGTAAACT	g2
AACCAACAGTCGAATA	g2
AACCAACCAAGATGTA	g8
AACCAACCACAAAGCG	g2
AACCAACCAGAACTTC	g3
AACCAACGTCGATTCA	g2
AACCAACGTGAATTGA	g0
AACCAACGTGGTCAAG	g0
AACCAACGTTAAGTCC	g0
AACCAACTCAGCTTCC	g7
AACCAACTCTTTCAGT	g0
AACCACAAGAGCACTG	g0
AACCACAAGATCCTAC	g4
AACCACAAGCGTATGG	g0
AACCACACAAATGCTC	g0
AACCACAGTACTAAGA	g2
AACCACAGTGAGACGT	g0
AACCACAGTGGTCTCG	g2
AACCACATCGACCAAT	g2
AACCACATCTACACAG	g6
AACCATGAGCAAGCCA	g4
AACCATGAGGACGCAT	g0
AACCATGAGGGTATAT	g0
AACCATGAGGTGCCTC	g2
AACCATGAGTTCACTG	g5
AACCATGCAAACTCGT	g2
AACCATGCAACCTAAC	g0
AACCATGCAAGCCTGC	g8
AACCATGCAGCTGCCA	g2
AACCATGCAGTCTCTC	g2
AACCATGCATCTCGTC	g0
AACCATGGTAGGACCA	g0
AACCATGGTATGGAAT	g0
AACCATGGTCATGACT	g4
AACCATGTCAACTGGT	g1
AACCATGTCATCCTAT	g0
AACCATGTCATGCGGC	g0
AACCATGTCTCGCTCA	g2
AACCCAAAGAGGGTGG	g0
AACCCAAAGATGGCGT	g2
AACCCAACAAGATCCT	g7
AACCCAACACCAGTAT	g0
AACCCAACAGCCTACG	g0
AACCCAAGTACCAATC	g2
AACCCAAGTACCTAGT	g7
AACCCAATCAAGTCTG	g2
AACCTGACAATCGCCG	g2
AACCTGACAGCCATTA	g0
AACCTGAGTCTGTGCG	g2
AACCTGAGTGCAATAA	g0
AACCTTTAGAGCAGTC	g8
AACCTTTAGAGGCTGT	g0
AACCTTTAGGTGCGAT	g0
AACCTTTCAACGGCTC	g0
AACCTTTCACTCCTGT	g4
AACCTTTCACTGGCGT	g4
AACCTTTCAGAGAGGG	g0
AACCTTTGTCGCATGC	g2
AACCTTTGTGCCGTTG	g3
AACCTTTGTGGTTTAC	g0
AACCTTTGTTCAGGTT	g3
AACCTTTTCAGGGATG	g3
AACCTTTTCCGTATAG	g3
AACCTTTTCCTAAGTG	g2
AACCTTTTCGACGATT	g10
AACCTTTTCTTCGCTG	g2
AACGAAACACCCTAAA	g2
AACGAAACACCCTAGG	g0
AACGAAACAGATCCTA	g0
AACGAAACAGGTTCCG	g2
AACGAAACATGCCATA	g0
AACGAAACATTAGGAA	g9
AACGAAAGTTCGGCGT	g2
AACGAAATCAAGAATG	g7
AACGAAATCTCCGCAT	g0
AACGAAATCTCTGCTG	g2
AACGGGACAATTCGTG	g2
AACGGGAGTCTTCGAA	g4
AACGGGAGTTGTGGAG	g4
AACGGGAGTTTAGTCG	g7
AACGGGATCGTTCTCG	g0
AACGTCAAGCCTTTGA	g0
AACGTCAAGTGATAAC	g2
AACGTCACAATTGAAG	g0
AACGTCACAGTTTCAG	g0
AACGTCACATCTCATT	g2
AACGTCAGTACGTGTT	g2
AACGTCAGTTCATCTT	g2
AACGTCAGTTCTCTAT	g3
AACGTCATCACACCGG	g2
AACGTCATCAGACATC	g2
AACGTCATCCGTATGA	g0
AACGTCATCGAACACT	g1
AACGTCATCGTGGACC	g2
AACGTCATCTCTGGTC	g4
AACTTCTAGAGGCGGA	g1
AACTTCTAGTAGTCAA	g3
AACTTCTCACTTCAAG	g1
AACTTCTCAGCTATAC	g4
AACTTCTCAGGGACTA	g0
AACTTCTCAGGTGTTT	g3
AACTTCTGTAGGACCA	g2
AACTTCTGTCTCAGGC	g6
AACTTCTGTTCCGGTG	g1
AACTTCTTCATCGCCT	g0
AACTTCTTCATGAGGG	g0
AACTTCTTCCCTGTTG	g3
AACTTCTTCGTTCCCA	g6
AACTTCTTCTTCACGC	g6
AACTTCTTCTTCTGGC	g9
AAGAACAAGACAACAT	g4
AAGAACAAGCGTTCAT	g2
AAGAACAAGTCTCCTC	g0
AAGAACAAGTGATCGG	g6
AAGAACAAGTTACGAA	g0
AAGAACACAACACAAA	g2
AAGAACACAGCGTTGC	g8
AAGAACACATCTTTCA	g0
AAGAACACATGTGGTT	g2
AAGAACACATTCGATG	g2
AAGAACAGTAAGTTGA	g4
AAGAACAGTCATTCCC	g4
AAGAACAGTCCAGCGT	g2
AAGAACAGTCTTGTCC	g0
AAGAACAGTGAGTGAC	g1
AAGAACAGTTTACTGG	g7
AAGAACATCCAGTTCC	g2
AAGAACATCCGCACTT	g1
AAGAACATCGCCGAAC	g2
AAGAACATCTGATTCT	g1
AAGAACATCTGCGGGT	g2
AAGACAAAGATTGTGA	g0
AAGACAAAGCCTCGTG	g0
AAGACAAAGCTCTGTA	g0
AAGACAAAGCTGGCTC	g7
AAGACAAAGTGGTGAC	g0
AAGACAACAACACGAG	g2
AAGACAACACGCTGTG	g2
AAGACAACACGGAAGT	g7
AAGACAACAGCATTGT	g4
AAGACAACATGCAGGA	g0
AAGACAAGTGCAACAG	g0
AAGACAAGTTGCACGC	g4
AAGACAATCCCATGGG	g0
AAGACAATCGTGCACG	g3
AAGACTCCAGAATCGG	g2
AAGACTCCATGACGAG	g4
AAGACTCGTAAGATTG	g0
AAGACTCGTCGTGGAA	g0
AAGACTCGTCGTGTTA	g0
AAGACTCTCAGTCCGG	g2
AAGACTCTCTTGGCTC	g3
AAGATAGAGAGAAGGT	g0
AAGATAGAGCAAGTCG	g7
AAGATAGAGCATACTC	g0
AAGATAGAGCGTTGTT	g0
AAGATAGAGTCTGCGC	g4
AAGATAGCAAACGAGC	g1
AAGATAGCACATATGC	g5
AAGATAGCAGAGGTAC	g2
AAGATAGCAGGCTCTG	g2
AAGATAGCATATTCGG	g0
AAGATAGGTAGACGGT	g4
AAGATAGTCGGAGATG	g4
AAGATAGTCGGCTGGT	g9
AAGATAGTCTTAATCC	g2
AAGATAGTCTTACCAT	g2
AAGATAGTCTTCCCAG	g8
AAGCATCAGTACAGCG	g0
AAGCATCAGTATGAGT	g2
AAGCATCCACGAAAGC	g0
AAGCATCGTCAAAGTA	g2
AAGCATCGTCAGACGA	g2
AAGCATCGTGTCTTCC	g4
AAGCATCGTTTGACAC	g8
AAGCATCTCAAGGCTT	g8
AAGCATCTCGTCGACG	g4
AAGCATCTCGTGTGAT	g4
AAGCATCTCTGACAGT	g2
AAGCCATAGATCACCT	g3
AAGCCATAGCACTTTG	g4
AAGCCATAGGCGTTAG	g3
AAGCCATAGTTAACAG	g2
AAGCCATCAGCAGTTT	g9
AAGCCATCATGACTGT	g0
AAGCCATGTCACTCTC	g7
AAGCCATGTCGGTGAA	g2
AAGCCATGTCTGTGGC	g3
AAGCCATGTTATAGCC	g0
AAGCCATTCCACACCT	g0
AAGCCATTCCATTGTT	g0
AAGCGAGAGATGCTAA	g2
AAGCGAGAGCCGAATG	g0
AAGCGAGAGCGCCTAC	g2
AAGCGAGCACACCGCA	g2
AAGCGAGCATGGTGGA	g2
AAGCGAGCATTGACCA	g3
AAGCGAGGTAGTTAGA	g0
AAGCGAGTCCGTGCGA	g2
AAGCGAGTCCTATGGA	g2
AAGCGAGTCGAATGCT	g7
AAGCGTTAGCACTCAT	g0
AAGCGTTAGCGACAGT	g0
AAGCGTTAGTGACCTT	g2
AAGCGTTCACTAGTAC	g4
AAGCGTTCATGGAAGC	g2
AAGCGTTGTACACGTT	g4
AAGCGTTGTACCCACG	g2
AAGCGTTGTAGGCAGT	g6
AAGCGTTGTCAGGCAA	g4
AAGCGTTGTCGACTTA	g2
AAGCGTTGTTGCATAC	g4
AAGCGTTTCACGATAC	g2
AAGCGTTTCCAGTACA	g7
AAGCGTTTCCGAGAAG	g4
AAGCGTTTCGCGATCG	g4
AAGGAATAGGATAATC	g2
AAGGAATAGGCATCTT	g0
AAGGAATCACGCAGTC	g2
AAGGAATCATCCAACA	g0
AAGGAATGTAGCACGA	g2
AAGGAATGTCGCTTGG	g1
AAGGAATGTGTTACAC	g7
AAGGAATTCCAAGGGA	g0
AAGGAATTCCTTATGT	g7
AAGGAATTCGGCAGTC	g2
AAGGAATTCGTCAACA	g8
AAGGAATTCTAGCCTC	g4
AAGGAATTCTATGCCC	g2
AAGGAATTCTTAGTTC	g4
AAGGAATTCTTCACGC	g9
AAGGTAAAGATACGAT	g2
AAGGTAAAGATTGTGA	g4
AAGGTAAAGCAATAGT	g7
AAGGTAAAGGCTAGCA	g0
AAGGTAAAGTGCCAGA	g2
AAGGTAAAGTGTTCCA	g2
AAGGTAACAATACAGA	g0
AAGGTAACAGATACTC	g6
AAGGTAACAGTTCACA	g2
AAGGTAAGTTCTCCAC	g4
AAGGTAATCAGGAGAC	g8
AAGGTAATCTACTGCC	g7
AAGGTAATCTATCGCC	g0
AAGTACCAGGACATCG	g0
AAGTACCCACACGGTC	g3
AAGTACCCACCAAAGG	g4
AAGTACCCAGGCCCTA	g4
AAGTACCGTCAAGCGA	g2
AAGTACCGTCCTGAAT	g4
AAGTACCGTGCAACAG	g2
AAGTACCGTGCTAGCC	g1
AAGTACCGTTATGTCG	g2
AAGTACCTCGGTTGTA	g0
AAGTCGTAGAGAGGGC	g3
AAGTCGTAGAGGTGCT	g6
AAGTCGTAGGTGATCG	g4
AAGTCGTGTGGACTAG	g2
AAGTCGTGTGGCCCAT	g8
AAGTCGTGTTTCGTAG	g7
AAGTCGTTCACGTAGT	g7
AAGTCGTTCATGGTAC	g8
AAGTCGTTCCAACACA	g4
AAGTCGTTCGTTCGCT	g0
AAGTGAAAGCAACAAT	g2
AAGTGAAAGGAAGAAC	g0
AAGTGAAAGTCAGCGA	g4
AAGTGAAAGTGCTAGG	g0
AAGTGAACAGAGATGC	g2
AAGTGAACAGTTCACA	g4
AAGTGAAGTATGGAAT	g0
AAGTGAAGTCCTTTGC	g7
AAGTGAAGTCTGATAC	g4
AAGTGAAGTGCACGCT	g8
AAGTGAAGTTCCGTTC	g7
AAGTGAATCAAGTTGC	g4
AAGTTCGAGGCCTGCT	g2
AAGTTCGAGTATGAAC	g0
AAGTTCGAGTTACGAA	g7
AAGTTCGCAACTTGCA	g2
AAGTTCGCAGGAGACT	g0
AAGTTCGCATAGATCC	g4
AAGTTCGGTATCGCAT	g0
AAGTTCGGTGTAGTGG	g0
AAGTTCGTCCCATAGA	g0
AATAGAGAGAGCCCAA	g2
AATAGAGGTAGCTGTT	g2
AATAGAGGTATGTCCA	g7
AATAGAGTCAGTGCGC	g2
AATAGAGTCGGTATGT	g3
AATCACGAGCAAACAT	g0
AATCACGAGTTCGGTT	g0
AATCACGCAATTCACG	g0
AATCACGCAGCTTTCC	g0
AATCACGCATGGGTTT	g4
AATCACGGTACACTCA	g0
AATCACGGTATGCAAA	g4
AATCACGGTTGTGGAG	g7
AATCACGGTTTCTATC	g5
AATCACGTCCCGATCT	g4
AATCACGTCCTGGGTG	g0
AATCGACAGAGAAGGT	g7
AATCGACAGTGATGGC	g2
AATCGACCAAAGGCGT	g2
AATCGACCAATCTGCA	g0
AATCGACCATCGAACT	g4
AATCGACCATCGAAGG	g4
AATCGACGTAAGCAAT	g2
AATCGACGTCCGGACT	g4
AATCGACGTGTCCATA	g0
AATCGACGTTGTACGT	g2
AATCGACGTTTCGTAG	g2
AATCGACTCAACCCGG	g0
AATCGTGAGATTGACA	g4
AATCGTGAGCTCCATA	g7
AATCGTGAGGTTCCGC	g9
AATCGTGAGTCAGGGT	g7
AATCGTGCACAGACGA	g7
AATCGTGCACGAAGAC	g2
AATCGTGCAGCCGTTG	g2
AATCGTGCAGTCGTTA	g0
AATCGTGGTAACAGTA	g4
AATCGTGGTCATCACA	g0
AATCGTGGTCTCTCCA	g0
AATCGTGTCAAGCTGT	g2
AATGAAGAGCACCGTC	g4
AATGAAGAGCAGTAAT	g0
AATGAAGAGGCGTTGA	g2
AATGAAGAGTCCGTCG	g0
AATGAAGCACCGCTAG	g6
AATGAAGGTACAACGG	g2
AATGAAGGTACTTCCC	g0
AATGAAGGTCACGACC	g8
AATGAAGGTCACTGAT	g0
AATGAAGGTGAGGCAT	g0
AATGAAGGTTGCATTG	g2
AATGAAGTCACCGGTG	g2
AATGAAGTCATTGTGG	g7
AATGAAGTCCAAGCAT	g3
AATGAAGTCCATTTGT	g2
AATGAAGTCGGCTGTG	g4
AATGAAGTCTCGGCTT	g2
AATGACCAGAGACAAG	g4
AATGACCCAGTAACCT	g4
AATGACCCATATGCGT	g2
AATGACCCATCGATAC	g0
AATGACCCATGACTCA	g2
AATGACCCATTCAGCA	g8
AATGACCGTGGGCTTC	g5
AATGACCTCAAGGTGG	g2
AATGCCAAGAATAGTC	g0
AATGCCAAGCTAGATA	g2
AATGCCACAAACTGCT	g0
AATGCCACAAAGTGTA	g0
AATGCCACAGGTTCGC	g0
AATGCCACATGAATAG	g7
AATGCCAGTATGCAAA	g0
AATGCCAGTCTTGTCC	g0
AATGCCATCAAAGAAC	g0
AATGCCATCACCTACC	g2
AATGCCATCCGACAGC	g7
AATGCCATCGAGCCAC	g0
AATGCCATCGCAACAT	g2
AATGCCATCGCATAGT	g0
AATGGAACAGGCGATA	g0
AATGGAAGTAGCGTCC	g2
AATGGAAGTCAGACGA	g2
AATGGAAGTTAAGTCC	g2
AATGGAAGTTATAGCC	g6
AATGGAAGTTTACGAC	g1
AATGGAAGTTTCTTAC	g2
AATGGAATCATTCGTT	g0
AATGGAATCCGACAGC	g0
AATGGAATCTAGCATG	g8
AATGGAATCTATCCAT	g2
AATGGAATCTGATGGT	g2
AATGGCTAGCTTAAGA	g7
AATGGCTAGGATACCG	g0
AATGGCTCAAATGAAC	g3
AATGGCTCAGACAAGC	g4
AATGGCTCAGGTGAGT	g3
AATGGCTCATACACCA	g4
AATGGCTGTACACGTT	g2
AATGGCTGTGAAAGTT	g2
AATGGCTGTTCTCAGA	g9
AATGGCTGTTGCAAGG	g0
AATGGCTGTTGTCCCT	g1
AATGGCTTCTGGGAGA	g0
AATTCCTAGGTCCGAA	g3
AATTCCTAGTCATGCT	g1
AATTCCTCAAGCACCC	g0
AATTCCTCATCATTGG	g0
AATTCCTCATGCGTGC	g2
AATTCCTGTATTCTCT	g9
AATTCCTGTCCAAAGG	g2
AATTCCTGTTGTGTTG	g4
AATTCCTTCAAAGAAC	g7
AATTCCTTCCCAATAG	g2
AATTCCTTCCTGTTAT	g0
AATTCCTTCGTTGTGA	g2
AATTCCTTCTGTCCGT	g7
AATTTCCCAGACCAAG	g2
AATTTCCGTACTGCCG	g1
AATTTCCTCAACCTCC	g0
AATTTCCTCCGTCACT	g0
AATTTCCTCGTCTACC	g3
AATTTCCTCTAGTTCT	g2
AATTTCCTCTGGAAGG	g4
ACAAAGAAGAAGGGAT	g4
ACAAAGAAGAATCGCG	g2
ACAAAGAAGAGTTGTA	g8
ACAAAGAAGCACGTCC	g4
ACAAAGAAGCACTAGG	g4
ACAAAGAAGTATGCAA	g4
ACAAAGAAGTCAGAGC	g4
ACAAAGACAACTCCCT	g2
ACAAAGACACGGTAGA	g0
ACAAAGACAGTAACGG	g3
ACAAAGACATGCCGCA	g2
ACAAAGAGTTATCTTC	g0
ACAAAGATCGCTACGG	g0
ACAAAGATCGGTCATA	g2
ACAAAGATCTGGACCG	g0
ACAACCAAGCACGATG	g4
ACAACCAAGCAGGCTA	g7
ACAACCAAGCCTCTTC	g0
ACAACCAAGGTGCTTT	g0
ACAACCACAACACAAA	g2
ACAACCACAATTCACG	g2
ACAACCACAGTAACAA	g4
ACAACCACAGTCAGTT	g0
ACAACCACATACAGGG	g7
ACAACCACATGTTCAG	g3
ACAACCAGTGAGAGGG	g2
ACAACCAGTGGCTCTG	g2
ACAACCAGTTGCGTAT	g4
ACAACCATCCTGGTCT	g7
ACAACCATCCTGTTGC	g4
ACAACCATCTCTTGCG	g2
ACAAGCTAGGGCTAAC	g0
ACAAGCTAGGGTGAGG	g2
ACAAGCTCAAGATGGC	g3
ACAAGCTCAAGCACCC	g8
ACAAGCTCAATCACGT	g1
ACAAGCTGTAGATCGG	g0
ACAAGCTGTGTGTCGC	g4
ACAAGCTGTTAAGGAT	g2
ACAAGCTGTTCAAACC	g3
ACAAGCTTCAAGCCGC	g2
ACAAGCTTCGATAACC	g0
ACACAGTAGAGCCGAT	g4
ACACAGTAGAGTCTGG	g0
ACACAGTAGCCTCGTG	g0
ACACAGTAGGTGAGAA	g7
ACACAGTAGGTGCATG	g9
ACACAGTAGTAAGGGA	g2
ACACAGTCAAACAGGC	g2
ACACAGTCAATTGAGA	g1
ACACAGTCAGTGGCTC	g0
ACACAGTCAGTTAGAA	g0
ACACAGTCATCCGTTC	g0
ACACAGTCATGGATCT	g2
ACACAGTGTATTGAGA	g3
ACACAGTTCACCCTCA	g7
ACACAGTTCCTCTAAT	g2
ACACCAAAGATCCTAC	g0
ACACCAAAGGTCATCT	g0
ACACCAAAGGTGCATG	g0
ACACCAAAGTGAACAT	g2
ACACCAACAATCGTCA	g2
ACACCAACACTGTTCC	g2
ACACCAACATAGAAAC	g2
ACACCAACATCAGTGT	g2
ACACCAACATGACAGG	g4
ACACCAAGTACGGGAT	g2
ACACCAAGTCGGTGTC	g0
ACACCAAGTTATAGAG	g0
ACACCAAGTTGCATCA	g7
ACACCAATCCATTCAT	g0
ACACCAATCTCTGAGA	g2
ACACGCGAGGTCGACA	g0
ACACGCGCATTGACAC	g3
ACACGCGGTAAGGTCG	g6
ACACGCGGTATTGACC	g2
ACACGCGGTCTAGTGT	g2
ACACGCGGTGCCTGAC	g4
ACACGCGGTGGATACG	g4
ACACGCGTCATTCTTG	g7
ACACGCGTCGAAGGAC	g3
ACACGCGTCGCTGTTC	g0
ACACTGAAGATCGCTT	g2
ACACTGAAGCCGGAAT	g7
ACACTGAAGTATCCTG	g0
ACACTGAAGTTCCAGT	g9
ACACTGACATCGGAGA	g0
ACACTGAGTAATGCTC	g2
ACACTGAGTAGTACGG	g2
ACACTGAGTCGGCACT	g7
ACACTGATCTCGGGAC	g4
ACACTGATCTTACACT	g0
ACACTGATCTTCCTAA	g0
ACAGAAAAGCACTCGC	g2
ACAGAAAAGGGAGGAC	g0
ACAGAAACAAGATTGA	g2
ACAGAAACACAAGGTG	g0
ACAGAAACAGTTTCGA	g2
ACAGAAAGTTCGGTTA	g4
ACAGAAATCATATGGC	g0
ACAGAAATCTTAGGAC	g0
ACAGAAATCTTGGATG	g2
ACAGCCGAGAAGTCTA	g7
ACAGCCGAGATAGCTA	g8
ACAGCCGAGCGACTAG	g9
ACAGCCGAGCGATGCA	g0
ACAGCCGAGTAGAATC	g4
ACAGCCGCAATTGGTC	g1
ACAGCCGGTCAGTCGC	g0
ACAGCCGGTCCCAAAT	g0
ACAGCCGGTGCATGAG	g2
ACAGCCGGTTCAACGT	g4
ACAGCCGGTTCTAACG	g2
ACAGCCGTCATGCCAA	g2
ACAGCCGTCCCAACTC	g7
ACAGCCGTCTTAATCC	g0
ACAGGGAAGTGCACTT	g0
ACAGGGAAGTTGAAGT	g2
ACAGGGACAACCGCTG	g0
ACAGGGACAACTGCTA	g3
ACAGGGACATGTCTAG	g3
ACAGGGAGTCCAGCAC	g0
ACAGGGATCCAGGACC	g2
ACAGGGATCGATGCAT	g2
ACAGGGATCGTGTTCC	g2
ACATCCCAGATGAACT	g4
ACATCCCAGCAACCAG	g0
ACATCCCAGGACAGTC	g2
ACATCCCAGGATCACG	g7
ACATCCCAGTCACAGG	g4
ACATCCCCATCAGCGC	g1
ACATCCCGTGGCTTGC	g2
ACATCCCTCATTTGCT	g0
ACATCCCTCGGATACT	g0
ACATCCCTCGTCGGGT	g4
ACATCCCTCTACGGGC	g0
ACATCCCTCTGGCCTT	g7
ACATCGAAGAGCAGTC	g2
ACATCGAAGCAATTCC	g0
ACATCGAAGCGTACAG	g2
ACATCGAAGGATACGC	g0
ACATCGAAGGGATCTG	g9
ACATCGACAGAATGTA	g4
ACATCGACAGAGAATT	g2
ACATCGAGTAGGACCA	g4
ACATCGAGTTTCAGAC	g0
ACATGCAAGAGAGGGC	g0
ACATGCACACACCAGC	g0
ACATGCACATATGGCT	g0
ACATGCAGTACAATAG	g4
ACATGCAGTACCCGAC	g2
ACATGCAGTATCATGC	g2
ACATGCAGTATTGCCA	g7
ACATGCAGTCACTAGT	g3
ACATGCAGTCGAGCTC	g0
ACATGCAGTGCAAGAC	g2
ACATGCATCACGAACT	g2
ACATGCATCTCTCTAA	g0
ACATTTCAGAAGTCCG	g4
ACATTTCAGACTAAGT	g0
ACATTTCAGGCGTCCT	g7
ACATTTCAGGCTCAAG	g0
ACATTTCAGTAGACCG	g9
ACATTTCAGTATGAGT	g7
ACATTTCGTACCGTCG	g0
ACATTTCGTCGCCTAG	g2
ACATTTCGTCTCTCAC	g2
ACATTTCGTCTTTATC	g2
ACATTTCGTTGCAACT	g2
ACATTTCTCAAAGAAC	g2
ACATTTCTCCAAATGC	g4
ACATTTCTCCATTTAC	g3
ACATTTCTCGCATTAG	g1
ACCAAACAGGAACTCG	g2
ACCAAACAGGAGATAG	g6
ACCAAACGTACAGTCT	g2
ACCAAACGTACGAAAT	g0
ACCAAACGTACTAGCT	g0
ACCAAACGTGATCGTT	g2
ACCAAACGTTCGTAAC	g0
ACCAAACGTTGATCGT	g2
ACCAAACTCAGTGTGT	g2
ACCAAACTCCGACATA	g0
ACCAAACTCCGATAGT	g0
ACCAAACTCCTCTAAT	g2
ACCAAACTCGCTTTAT	g0
ACCAACAAGCTGCCTG	g2
ACCAACAAGGTGTGAC	g2
ACCAACACACAAGCCC	g4
ACCAACACAGAACCGA	g2
ACCAACACAGAAGCTG	g2
ACCAACACATACGCAT	g7
ACCAACAGTACATTGC	g0
ACCAACAGTACCCACG	g0
ACCAACAGTATTGGCT	g0
ACCAACAGTGGCTGAA	g0
ACCAACAGTTACAGCT	g2
ACCAACATCCTTATCA	g4
ACCAACATCGAGTGAG	g2
ACCAACATCGTTCTAT	g5
ACCAACATCTGAGAGG	g2
ACCAACATCTGCATGA	g7
ACCAACATCTTCCAGC	g2
ACCAACATCTTTCAGT	g7
ACCACAAAGACATATG	g0
ACCACAAAGGCGCTCT	g1
ACCACAAAGGTAAAGG	g4
ACCACAAGTATGATCC	g2
ACCACAATCAATCCAG	g7
ACCACAATCCATTCGC	g2
ACCACAATCGCCAGAC	g0
ACCACAATCGGTCTAA	g2
ACCATTTAGAAGCGGG	g4
ACCATTTCAACGGTAG	g2
ACCATTTCATCCGAGC	g2
ACCATTTGTGTGTTTG	g0
ACCCAAAAGCGCCTAC	g2
ACCCAAAAGTCACTCA	g1
ACCCAAAGTCAGACGA	g0
ACCCAAATCATTGAGC	g2
ACCCAAATCCAGTGTA	g1
ACCCAAATCCTCCACA	g2
ACCCAAATCGTAACTG	g2
ACCCAAATCTGAGAAA	g0
ACCCTCAAGGCCCACT	g0
ACCCTCAAGGCCCGTT	g7
ACCCTCAAGGTTTACC	g2
ACCCTCACAAAGCTAA	g0
ACCCTCACACACAGAG	g2
ACCCTCAGTACAGGTG	g0
ACCCTCAGTAGGACCA	g0
ACCCTCAGTCTACAAC	g0
ACCCTCAGTGGGATTG	g6
ACCCTCAGTGTGCTTA	g0
ACCCTCAGTTGTGTTG	g0
ACCCTCATCAAGTCTG	g3
ACCCTCATCGACACCG	g4
ACCCTCATCTGTGTGA	g0
ACCCTTGAGACCCGCT	g2
ACCCTTGAGGGCAATC	g3
ACCCTTGAGTATGCAA	g9
ACCCTTGAGTGCGACA	g4
ACCCTTGCAAATGGTA	g2
ACCCTTGCAACTCATG	g2
ACCCTTGCAATAAGGT	g4
ACCCTTGTCAACCTTT	g7
ACCCTTGTCAACTGGT	g0
ACCCTTGTCAAGCGTT	g4
ACCCTTGTCCATTCGC	g0
ACCGTTCCAAGACGGT	g4
ACCGTTCCAGAGTCAG	g0
ACCGTTCCAGTAGATA	g8
ACCGTTCGTGCAGATG	g0
ACCGTTCGTTGGAGAC	g4
ACCGTTCGTTGTAGCT	g2
ACCGTTCTCAATCTCT	g2
ACCGTTCTCCAGGACC	g4
ACCGTTCTCCTCTCGA	g4
ACCGTTCTCTGCAGCG	g0
ACCTACCAGAACCCGA	g3
ACCTACCAGACCATTC	g4
ACCTACCAGGCACTCC	g0
ACCTACCAGTCCGCGT	g1
ACCTACCAGTCTAGCT	g0
ACCTACCGTAGGAAAG	g0
ACCTACCGTCCGAAGA	g0
ACCTACCGTCGTGTTA	g0
ACCTACCGTTGCTAGT	g2
ACCTACCGTTTACCTT	g4
ACCTACCTCTCAAAGC	g0
ACCTACCTCTTACACT	g2
ACCTGAAAGCCTCAGC	g0
ACCTGAAAGGTCATAA	g7
ACCTGAACAGATCCAT	g0
ACCTGAAGTGAACCGA	g0
ACCTGAAGTGTTTACG	g2
ACCTGAAGTTCTTCAT	g8
ACCTGAAGTTTCAGAC	g2
ACCTGAATCCATAAGC	g2
ACCTGAATCCGTGGCA	g6
ACCTGTCCACTTGTCC	g9
ACCTGTCCAGTAGTTC	g0
ACCTGTCCAGTCAACT	g0
ACCTGTCGTCTTTCTA	g8
ACCTGTCGTGGGCTCT	g0
ACCTGTCGTTCAAACC	g0
ACCTGTCTCAAGTTGC	g7
ACCTGTCTCGATACGT	g2
ACCTGTCTCGCCTATC	g2
ACCTGTCTCGTGTTCC	g0
ACGATCAAGCTGCCAC	g4
ACGATCAAGGAATCGC	g4
ACGATCAAGGCGTTGA	g0
ACGATCAAGGGACTGT	g4
ACGATCAAGTTAGTAG	g2
ACGATCACAAGAGTGC	g0
ACGATCACACTACAGT	g2
ACGATCACATGTTACG	g0
ACGATCAGTTAAACCC	g4
ACGATCAGTTGCGTAT	g2
ACGATCATCCACACCT	g0
ACGATCATCCCTCGAT	g0
ACGATCATCTATCGGA	g10
ACGATGTAGGCGACAT	g2
ACGATGTCACCCAAGC	g0
ACGATGTCAGGGATAC	g0
ACGATGTCATACAGCT	g0
ACGATGTGTACCGGAA	g0
ACGATGTGTATTCCGA	g2
ACGATGTGTCACTTCC	g0
ACGATGTTCTACGGTA	g7
ACGCACGAGAACGCGT	g2
ACGCACGCAACGGCTC	g7
ACGCACGCAAGTGACG	g0
ACGCACGGTAATTAGG	g0
ACGCACGGTCGGCACT	g0
ACGCACGGTGCAGATG	g2
ACGCACGTCAACTTTC	g7
ACGCACGTCAGCAATC	g0
ACGCACGTCCTCTTTC	g4
ACGCACGTCCTTGAAG	g2
ACGGAAGAGCCTATCA	g2
ACGGAAGAGGCCTAGA	g7
ACGGAAGAGGCGCTCT	g2
ACGGAAGAGTCGCTAT	g2
ACGGAAGCAAACACCT	g2
ACGGAAGCAACAGCTT	g4
ACGGAAGCACGTTGGC	g0
ACGGAAGCACTTGACA	g4
ACGGAAGCAGCTGAAG	g5
ACGGAAGGTAACTAAG	g0
ACGGAAGGTCGACTTA	g0
ACGGAAGGTGTAGGAC	g7
ACGGAAGGTTAAGTCC	g4
ACGGAAGTCGGCATTA	g4
ACGGGTCAGGAAGTAG	g0
ACGGGTCAGGCGAACT	g6
ACGGGTCCAATGACCT	g2
ACGGGTCCATCTATCT	g1
ACGGGTCCATGGTGGA	g1
ACGGGTCGTACTAACC	g2
ACGGGTCGTCGAGTTT	g0
ACGGGTCGTGGTCTGC	g7
ACGGGTCGTTCCTACC	g4
ACGGGTCGTTCTTCAT	g3
ACGGGTCTCAACTTTC	g7
ACGGGTCTCCAACTAG	g2
ACGGGTCTCCGATGTA	g4
ACGGGTCTCCTACGGG	g2
ACGGGTCTCGAAACAA	g4
ACGGTCGAGAGTCTTC	g0
ACGGTCGCAAATTGCC	g0
ACGGTCGCAACACGAG	g2
ACGGTCGCAGCTGGTC	g0
ACGGTCGCATATGCGT	g7
ACGGTCGGTACGCGTC	g0
ACGGTCGGTACTAAGA	g2
ACGGTCGGTCTACGTA	g0
ACGGTCGTCCAAGCCG	g8
ACGGTCGTCGAGATAA	g7
ACGGTCGTCGTCACCT	g1
ACGGTCGTCTATGTGG	g4
ACGGTCGTCTGTCCGT	g0
ACGGTTAAGAGAGTGA	g8
ACGGTTAAGCAAGGAA	g5
ACGGTTAAGCCAGACA	g0
ACGGTTAAGCCTGACC	g2
ACGGTTAAGTCATAGA	g2
ACGGTTAAGTCATTGC	g2
ACGGTTAAGTTCCGGC	g2
ACGGTTACAACTCGAT	g0
ACGGTTACACGTTGGC	g2
ACGGTTACAGAGTAAT	g2
ACGGTTACAGCTGGTC	g7
ACGGTTACATGTTTGG	g2
ACGGTTATCAATCAGC	g0
ACGGTTATCTATACGG	g4
ACGTAACAGAGAGCCT	g0
ACGTAACAGAGTGAAG	g4
ACGTAACAGCATGATA	g0
ACGTAACAGCGACATG	g0
ACGTAACAGGATTTGA	g0
ACGTAACCACAAATCC	g2
ACGTAACCACGTCGTG	g0
ACGTAACGTAGACAGC	g7
ACGTAACGTATAATGG	g4
ACGTAACGTCCAACGC	g0
ACGTAACGTTGTTTGG	g0
ACGTAACTCAGCGGAA	g2
ACGTAACTCATAGCAC	g4
ACGTAACTCATTTCCA	g0
ACGTAACTCCATATGG	g2
ACGTACAAGCTGAAGC	g4
ACGTACAAGGAACTAT	g0
ACGTACAAGGGTTAGC	g4
ACGTACACAACAACAA	g2
ACGTACACAACATCGT	g8
ACGTACACAACCGTGC	g7
ACGTACACACAAATAG	g8
ACGTACACACTAACCA	g3
ACGTACACAGTCGTTA	g2
ACGTACACATGAAGGC	g0
ACGTACACATTCTGTT	g0
ACGTACAGTCATCGCG	g2
ACGTACAGTCCTCCAT	g0
ACGTACAGTCTTTATC	g2
ACGTACATCATCACTT	g4
ACGTACATCATTTGTC	g6
ACGTAGTAGAAGCCTG	g4
ACGTAGTAGAGAGCCT	g2
ACGTAGTAGCGACTAG	g7
ACGTAGTAGGACAGTC	g2
ACGTAGTAGGCACAAC	g3
ACGTAGTAGTATGTAG	g0
ACGTAGTCAATCGCCG	g0
ACGTAGTCAATGTGGG	g2
ACGTAGTGTACGGTTT	g0
ACGTAGTGTCGTCTCT	g2
ACGTAGTGTCGTGTTA	g0
ACGTAGTGTGATACTC	g0
ACGTAGTTCCTAAACG	g0
ACGTAGTTCCTTGGAA	g7
ACGTAGTTCTCCATAT	g7
ACGTCCTAGCTAATCC	g10
ACGTCCTAGTCCGCCA	g2
ACGTCCTCAACCTATG	g4
ACGTCCTCACCAGTAT	g4
ACGTCCTCATCGTTCC	g0
ACGTCCTCATGACTTG	g7
ACGTCCTGTACCGCGT	g8
ACGTCCTGTCTGTCCT	g2
ACGTCCTGTGCTAGCC	g0
ACGTCCTTCACTCTTA	g0
ACGTCCTTCCACTAGA	g2
ACGTCCTTCTGGGCCA	g4
ACGTTCCAGACTAAGT	g3
ACGTTCCAGTAAAGCT	g8
ACGTTCCCAAGTGGAC	g3
ACGTTCCCACACCAGC	g2
ACGTTCCCATCAGTGT	g3
ACGTTCCGTCGTGTTA	g0
ACGTTCCGTCTACGTA	g2
ACGTTCCGTGACGCCT	g0
ACGTTCCGTGTGGACA	g0
ACGTTCCGTTTCTATC	g8
ACGTTCCTCATTGGTG	g4
ACGTTCCTCCGCAACG	g3
ACTACGAAGAATAACC	g0
ACTACGAAGATAGCTA	g6
ACTACGAAGCTGGAGT	g2
ACTACGAAGGTGCCAA	g2
ACTACGAAGTAACGTA	g2
ACTACGAAGTCACGCC	g2
ACTACGACAGTCAGAG	g2
ACTACGAGTCGGTAAG	g0
ACTACGAGTCTTTCAT	g0
ACTACGAGTGATCATC	g2
ACTACGAGTGATCGTT	g0
ACTACGAGTTCTCTCG	g0
ACTACGATCAATCTCT	g0
ACTACGATCCGCACTT	g0
ACTACGATCGCCGAGT	g4
ACTACGATCTGGGCAC	g1
ACTACGATCTGTCTCG	g0
ACTATCTAGATGTAGT	g4
ACTATCTAGCCAAGGT	g2
ACTATCTAGCCATGCC	g2
ACTATCTAGCGTCAAG	g0
ACTATCTAGTAGAATC	g2
ACTATCTCAACCACAT	g2
ACTATCTCAAGATGGC	g3
ACTATCTCAATTTCGG	g3
ACTATCTCACGCGGTT	g2
ACTATCTCATAACGGG	g4
ACTATCTCATGAGAAT	g0
ACTATCTGTAAGATCA	g4
ACTATCTGTCACTTCC	g1
ACTATCTGTCGTGGAA	g2
ACTATCTGTGATACAA	g0
ACTATCTGTGTAAACA	g0
ACTATCTTCAGCGCAC	g4
ACTATCTTCCCGAAAT	g4
ACTATGGAGAGTGTTA	g2
ACTATGGAGATTAGAC	g7
ACTATGGAGCAACCAG	g2
ACTATGGAGGACATCG	g0
ACTATGGAGTGCACCC	g7
ACTATGGAGTGGACGT	g4
ACTATGGCAAACTCTG	g8
ACTATGGCACGACAAG	g0
ACTATGGCAGACAAAT	g2
ACTATGGCAGCATACT	g2
ACTATGGGTCGACTGC	g0
ACTATGGGTCGCTTGG	g2
ACTATGGGTCTGTCCT	g4
ACTATGGGTGGATACG	g4
ACTATGGTCACCGGTG	g4
ACTATGGTCACTTGGA	g4
ACTATGGTCGTGCATA	g0
ACTATGGTCTCTCCGA	g2
ACTATTCAGCAATTAG	g0
ACTATTCAGCACTTTG	g8
ACTATTCAGTATAGAC	g3
ACTATTCCAAAGAACT	g2
ACTATTCCAAGTAGTA	g0
ACTATTCCAATATCCG	g2
ACTATTCCACTTGTCC	g2
ACTATTCCATGAGATA	g7
ACTATTCGTAAGGAGA	g8
ACTATTCGTGCAACGA	g0
ACTATTCGTTGCATGT	g0
ACTATTCTCACAGTGT	g0
ACTATTCTCATGAGTC	g7
ACTATTCTCCTACGGG	g0
ACTATTCTCTAGGCCG	g2
ACTCCCAAGACTTCGT	g9
ACTCCCAAGCGGATCA	g2
ACTCCCAAGCTGGAGT	g7
ACTCCCAAGGGTAATT	g0
ACTCCCAAGTAGACCG	g0
ACTCCCACATTGTGCA	g7
ACTCCCAGTTCCAAAC	g4
ACTCCCATCAAATAGG	g4
ACTCCCATCAACCTCC	g2
ACTCCCATCTCGTTTA	g7
ACTCCCATCTTAATCC	g2
ACTCTCGAGAAGGTAG	g2
ACTCTCGAGGGAGTTC	g4
ACTCTCGAGTTGCTCA	g0
ACTCTCGCAGGTCAGA	g7
ACTCTCGGTTCGGTAT	g0
ACTCTCGTCAAGTTGC	g7
ACTCTCGTCAGCGCGT	g0
ACTCTCGTCGACATTG	g0
ACTCTCGTCTTGCAAG	g2
ACTGATGAGCCGGATA	g3
ACTGATGAGCCGTAAG	g0
ACTGATGAGGTCGAGT	g0
ACTGATGAGTCAGCCC	g0
ACTGATGCAAACCATC	g2
ACTGATGCAGGTGTTT	g3
ACTGATGCAGTCAGCC	g7
ACTGATGGTAACAGTA	g1
ACTGATGTCACAACCA	g4
ACTGATGTCTAGGCAT	g0
ACTGATGTCTCAGAAC	g9
ACTGATGTCTGACAGT	g2
ACTGATGTCTGATGGT	g2
ACTGCAAAGAAGAACG	g7
ACTGCAAAGGCCACTC	g2
ACTGCAACACCTCAGG	g2
ACTGCAACACGCACCA	g0
ACTGCAACATATGAAG	g2
ACTGCAACATTCACCC	g3
ACTGCAAGTCACGACC	g4
ACTGCAAGTCGCTTGG	g0
ACTGCAAGTTCAGGTT	g0
ACTGCAATCAATGTCG	g4
ACTGCAATCACGTAGT	g0
ACTGCAATCGCATTGA	g2
ACTGCAATCGTCTCAC	g1
ACTGCAATCGTGGAAG	g4
ACTGTCCAGACAACAT	g0
ACTGTCCAGCACTAGG	g7
ACTGTCCCACACACGC	g2
ACTGTCCGTAACACGG	g4
ACTGTCCGTACTAAGA	g0
ACTGTCCGTATACAGA	g4
ACTGTCCGTCACTCAA	g7
ACTGTCCGTGAACCGA	g0
ACTGTCCGTGACGTCC	g0
ACTGTCCGTGGCTACC	g2
ACTGTCCGTGGGCTCT	g4
ACTGTCCTCCGTGCGA	g2
ACTGTCCTCGGCTTCT	g6
ACTGTCCTCGTGCACG	g7
ACTGTGAAGCATGTTC	g3
ACTGTGAAGGCTCTCG	g3
ACTGTGAAGTGACCTT	g0
ACTGTGACACTACAGT	g2
ACTGTGACAGACCTAT	g6
ACTGTGAGTCGAATGG	g4
ACTGTGAGTTATAGCC	g0
ACTGTGAGTTCCACAA	g0
ACTGTGAGTTCCGCAG	g4
ACTGTGATCCTTCAGC	g0
ACTGTGATCGGACGTC	g3
ACTGTGATCTTTCAGT	g4
ACTTAGGAGATGCGAC	g2
ACTTAGGAGGAACTCG	g9
ACTTAGGAGGCAGGTT	g0
ACTTAGGAGTCCGTCG	g9
ACTTAGGCAAACCATC	g7
ACTTAGGCATTGAAAG	g0
ACTTAGGGTGCCCGTA	g0
ACTTAGGTCGCCAGTG	g0
ACTTAGGTCTAGGCAT	g2
ACTTAGGTCTCGGGAC	g8
ACTTAGGTCTTTCGAT	g4
ACTTATCAGGCAGGTT	g0
ACTTATCAGGTCATAA	g2
ACTTATCAGTCTGTAC	g4
ACTTATCCAAGCAGGT	g2
ACTTATCCAAGTTGGG	g0
ACTTATCCAGGCCTGT	g4
ACTTATCGTAACAGTA	g7
ACTTATCGTCACTCTC	g0
ACTTATCGTGCAACAG	g2
ACTTATCGTGCTGTCG	g0
ACTTATCTCGCTTGCT	g4
ACTTATCTCTCGGTCT	g5
ACTTCCGAGATGGGCT	g3
ACTTCCGAGCAGAAAG	g4
ACTTCCGAGGTAGATT	g2
ACTTCCGAGTGAGGCT	g3
ACTTCCGCACGTACAT	g2
ACTTCCGCAGACACAG	g4
ACTTCCGGTTGTAGCT	g2
ACTTCCGTCAGCTCTC	g0
ACTTCCGTCCACACAA	g2
ACTTCGCAGCAGGGAG	g0
ACTTCGCAGCCATTTG	g0
ACTTCGCAGCCTAGGA	g8
ACTTCGCAGGAAAGTG	g3
ACTTCGCAGGAGTCTG	g0
ACTTCGCCAACGGCCT	g2
ACTTCGCCACACCGCA	g2
ACTTCGCCACTGGCCA	g7
ACTTCGCCAGCGCTTG	g2
ACTTCGCGTAGAGCTG	g3
ACTTCGCGTCGCGGTT	g0
ACTTCGCGTGCGGATA	g7
ACTTCGCGTGTCCGTG	g4
ACTTCGCGTTCCGTTC	g4
ACTTCGCGTTCGGTAT	g0
ACTTCGCGTTCTAACG	g0
ACTTCGCGTTGACGGA	g4
ACTTTCAAGCAAATCA	g6
ACTTTCAAGCCATTCA	g2
ACTTTCAAGCGCACAA	g9
ACTTTCAAGCGTTAGG	g2
ACTTTCACAAGAGAGA	g4
ACTTTCACACGTAGTT	g2
ACTTTCAGTCACAGTT	g1
ACTTTCAGTCGACTGC	g3
ACTTTCAGTGGAGAAA	g1
ACTTTCAGTGTAAACA	g2
ACTTTCAGTTGAGAGC	g0
ACTTTCATCATGCCAA	g2
ACTTTCATCCCTGGTT	g0
ACTTTCATCGTAACAC	g3
ACTTTGTAGAAACACT	g4
ACTTTGTAGTATTCCG	g0
ACTTTGTCAACGAGGT	g7
ACTTTGTCAATCTGCA	g2
ACTTTGTCACCTGAAT	g0
ACTTTGTCACTGGATT	g2
ACTTTGTCAGAGTGTG	g2
ACTTTGTCATGTTTGG	g2
ACTTTGTGTGCCCGTA	g0
ACTTTGTGTGCGAACA	g3
ACTTTGTTCAGCCTCT	g0
ACTTTGTTCGACTCCT	g1
AGAAATGAGCAGAAAG	g0
AGAAATGAGGCGCTCT	g0
AGAAATGCAAAGCGTG	g3
AGAAATGCAAGAGATT	g0
AGAAATGCAAGTTCGT	g0
AGAAATGCACGCAAAG	g2
AGAAATGCAGCTATAC	g0
AGAAATGGTATGGGAC	g2
AGAAATGTCAAGTGGG	g7
AGAAATGTCTCTCTAA	g2
AGAACAAAGACAAGCC	g4
AGAACAAAGACGGAAA	g0
AGAACAAAGGATAATC	g3
AGAACAACACAGTCGC	g0
AGAACAACACCGTGAC	g3
AGAACAACACGCTTAA	g0
AGAACAACAGTTGTTG	g0
AGAACAAGTCGGAACA	g7
AGAACAAGTGAATATG	g4
AGAACAAGTTAGGGAC	g4
AGAACAAGTTCGGGTC	g0
AGAACAATCATCGACA	g0
AGAACAATCTGACCCT	g4
AGAACCTAGCAGGCAT	g2
AGAACCTCAACTTCTT	g4
AGAACCTCAATCAGCT	g2
AGAACCTGTTCGTAAC	g2
AGAACCTGTTGCTTGA	g0
AGAACCTGTTGTGGAG	g1
AGAACCTTCTGCATGA	g0
AGAAGCGAGGAACTCG	g2
AGAAGCGAGTTAACGA	g9
AGAAGCGCACGACAGA	g0
AGAAGCGGTACAGTAA	g2
AGAAGCGGTACGCTTA	g8
AGAAGCGGTGACGTCC	g3
AGAAGCGGTGAGTTGG	g2
AGAAGCGTCACTGTCC	g2
AGAAGCGTCTGCTTAT	g7
AGAAGCGTCTTAGCCC	g0
AGAAGTAAGAGCATAT	g7
AGAAGTAAGCGTGAGT	g3
AGAAGTAAGGCCTTCG	g2
AGAAGTACAACCAATC	g0
AGAAGTACAAGATGTA	g2
AGAAGTACAGCGTGCT	g3
AGAAGTACAGGTGAGT	g0
AGAAGTAGTATAGGAT	g0
AGAAGTAGTCGCTTGG	g4
AGAAGTAGTGGCTACC	g4
AGAAGTATCACCGGTG	g0
AGAAGTATCGACGTCG	g2
AGAAGTATCGATTTCT	g4
AGAAGTATCGTGCGAC	g7
AGAAGTATCTACGCGG	g0
AGACAAAAGGCATCTT	g6
AGACAAAAGGTACAGC	g2
AGACAAAAGTTCGCAT	g8
AGACAAAAGTTTCTTC	g0
AGACAAACAAGAGATT	g7
AGACAAACAAGCAGGT	g4
AGACAAACAAGTGGCA	g2
AGACAAACAGGATTCT	g7
AGACAAAGTCGTTTCC	g0
AGACAAAGTTAGGACG	g0
AGACAAATCCATAGGT	g4
AGACAAATCGACATTG	g9
AGACAAATCGCAATTG	g2
AGACAAATCGGCATCG	g3
AGACAAATCTGCGATA	g9
AGACACTAGAGGCTGT	g2
AGACACTAGATGCTAA	g6
AGACACTAGTGGATTA	g7
AGACACTCACGCGCTA	g2
AGACACTCAGCTCGGT	g0
AGACACTGTCAGTCGC	g7
AGACACTGTCCAAAGG	g4
AGACACTTCAGGTGTT	g4
AGACACTTCCACTTCG	g7
AGACACTTCTATACTC	g4
AGACAGGAGAGCATCG	g4
AGACAGGAGCGTCTGC	g0
AGACAGGAGCGTTACT	g0
AGACAGGCAACAAGTA	g2
AGACAGGCACAAATAG	g0
AGACAGGCACGATTCA	g2
AGACAGGCAGATCATC	g1
AGACAGGCAGCTACCG	g8
AGACAGGCAGCTCTGG	g7
AGACCATAGAACTGAT	g3
AGACCATAGAGAGTGA	g0
AGACCATAGGTATTGA	g3
AGACCATAGGTTAAAC	g9
AGACCATAGTGAGGTC	g1
AGACCATCAACTGAAA	g3
AGACCATCACGCTGTG	g2
AGACCATCAGCGATTT	g7
AGACCATCATCCGAGC	g8
AGACCATGTGCGAGTA	g7
AGACCATGTGCTAGCC	g2
AGACCATGTGTGAGCA	g2
AGACCATTCGAGTACT	g3
AGACCATTCGATACTG	g2
AGACCATTCTGTTGGA	g0
AGACCCGAGAATACAC	g2
AGACCCGAGAATCGTA	g0
AGACCCGAGAGGCGGA	g0
AGACCCGCAAACCACT	g5
AGACCCGCAACCAATC	g8
AGACCCGCATGGTACT	g0
AGACCCGGTACCGTCG	g0
AGACCCGGTATCCTCC	g0
AGACCCGGTGACGCCT	g0
AGACCCGGTTGGGACA	g7
AGACCCGTCCATATGG	g7
AGACCCGTCCTACGGG	g4
AGACCCGTCTTAGCAG	g2
AGACTCAAGGAATGTT	g0
AGACTCAAGGACTGGT	g2
AGACTCACAAGACCGA	g0
AGACTCACAAGTGATA	g0
AGACTCACATGGGATG	g2
AGACTCAGTCATTCCC	g0
AGACTCAGTCGTCATA	g2
AGACTCAGTGCCTTCT	g1
AGACTCAGTGTGTCGC	g0
AGACTCATCACGATAC	g2
AGACTCATCCTGTTAT	g2
AGACTCATCGGTGTAT	g1
AGAGAATAGAAGGGAT	g0
AGAGAATCAGATACTC	g9
AGAGAATCATGACGTT	g0
AGAGAATGTAGTCGTT	g0
AGAGAATGTCATACCA	g0
AGAGAATGTCCAGCAC	g2
AGAGAATGTGCCTAAT	g0
AGAGAATTCAAGTAAG	g1
AGAGAATTCACCTACC	g7
AGAGAATTCATTGAGC	g4
AGAGAATTCGAAGAAT	g0
AGAGAATTCTCCAAGA	g4
AGAGAGCAGACGCAGT	g0
AGAGAGCAGTCTGTAC	g2
AGAGAGCAGTTTCGGT	g4
AGAGAGCCACGAGGTA	g0
AGAGAGCGTGGAGAAA	g2
AGAGAGCGTGTGGTCC	g8
AGAGAGCGTTGCTGAT	g8
AGAGAGCTCGCTATTT	g3
AGAGAGCTCTCTCCGA	g7
AGAGCAGAGAAGGATG	g3
AGAGCAGAGAGAAGGT	g0
AGAGCAGAGAGGTCAC	g6
AGAGCAGAGATTACCC	g7
AGAGCAGAGGAGACCT	g2
AGAGCAGAGGATATGT	g7
AGAGCAGAGTGGTTAA	g4
AGAGCAGAGTTCAACC	g1
AGAGCAGCACAAGCCC	g7
AGAGCAGCACAATTCG	g6
AGAGCAGCACCAGACC	g3
AGAGCAGCACCCATAA	g0
AGAGCAGTCACGGACC	g2
AGAGCAGTCCAACTAG	g2
AGAGCAGTCGCTATTT	g2
AGAGCCCAGCCATATC	g3
AGAGCCCAGCTGAGTG	g5
AGAGCCCAGTACCCTA	g0
AGAGCCCAGTATGCAA	g2
AGAGCCCAGTGCCCGT	g2
AGAGCCCCAAAGCTCT	g8
AGAGCCCCACTTGTCC	g0
AGAGCCCCATTGCCTC	g1
AGAGCCCGTCATCAGT	g2
AGAGCCCGTCCGGACT	g4
AGAGCCCGTGACTATC	g0
AGAGCCCGTGCGGATA	g2
AGAGCCCGTGTTGAGG	g2
AGAGCCCGTTAGGACG	g0
AGAGCCCTCCCTCTAG	g0
AGAGCCCTCTCACGAA	g0
AGAGCCCTCTCATTAC	g3
AGAGCCCTCTCTCGAC	g0
AGATAGAAGCAACTCT	g4
AGATAGACACTACCGG	g0
AGATAGACATACAGCT	g2
AGATAGAGTGTACATC	g0
AGATAGAGTTCACGAT	g7
AGATAGAGTTCGGTAT	g0
AGATAGATCAGACAAA	g2
AGATAGATCTACCTTA	g7
AGATCCAAGCTAAACA	g0
AGATCCAAGGCAATGC	g1
AGATCCAAGTTTAGGA	g2
AGATCCACAAGCGAAC	g0
AGATCCACAAGCGCTC	g0
AGATCCACAGAGCGTA	g0
AGATCCACATAGGAGC	g2
AGATCCAGTCAACGCC	g2
AGATCCAGTGACTATC	g0
AGATCCATCCATCTCG	g6
AGATCGTCACGACGCT	g2
AGATCGTCAGCAGTCC	g2
AGATCGTCATAACTCG	g2
AGATCGTTCTGATGGT	g2
AGATGAAAGGTCGCCT	g2
AGATGAACAATTTCTC	g4
AGATGAACACGCCACA	g2
AGATGAACAGCCGTTG	g2
AGATGAAGTTGTAGCT	g7
AGATGAATCAGCTTCC	g7
AGATGAATCGGACTTA	g2
AGATGAATCGTAGGAG	g8
AGATGAATCTACTATC	g1
AGATGCTAGCGGACAT	g0
AGATGCTAGGAAGAAC	g2
AGATGCTAGGCCACCT	g0
AGATGCTAGGGTTTCT	g3
AGATGCTAGGTGCCAA	g0
AGATGCTAGTGGAATT	g1
AGATGCTCACTCTCGT	g6
AGATGCTCAGCCGGTT	g7
AGATGCTCAGTAACCT	g2
AGATGCTCATATGCGT	g0
AGATGCTGTCGCTTGG	g8
AGATGCTGTGTCCACG	g2
AGATGCTTCATTCGGA	g7
AGATGCTTCATTGTGG	g0
AGATGCTTCCTCTCTT	g3
AGATGCTTCGAGAGAC	g0
AGATGCTTCGCTTAAG	g0
AGATGCTTCGGTAGAG	g0
AGCATCAAGCATTTGC	g9
AGCATCAAGTCAGCGA	g0
AGCATCAAGTGTACCT	g0
AGCATCACAAACAGGC	g4
AGCATCACAACAACAA	g2
AGCATCACAGATCATC	g0
AGCATCAGTACGAGTG	g2
AGCATCAGTGTCATGT	g0
AGCATCAGTTGTGCCG	g2
AGCATCATCCAGTTCC	g3
AGCATCATCCGTGTCT	g0
AGCCAATAGATTGATG	g4
AGCCAATCAATCTAGC	g0
AGCCAATGTACTGCGC	g2
AGCCAATGTAGTCACT	g7
AGCCAATGTCGCTTAA	g0
AGCCAATTCTCAAAGC	g2
AGCCACGAGAGATGCC	g3
AGCCACGAGTTACGAA	g0
AGCCACGCAATACGAA	g8
AGCCACGCACCTGATA	g2
AGCCACGCACTCCGAG	g0
AGCCACGGTTAGGCTT	g0
AGCCACGGTTGCACGC	g4
AGCCACGTCCAAGAGG	g4
AGCCACGTCCGATTAG	g0
AGCCACGTCTATCGTT	g2
AGCCACGTCTGTCAGA	g2
AGCCACGTCTTGAGCA	g6
AGCCAGCAGATGATTG	g0
AGCCAGCAGGATACGC	g6
AGCCAGCCAATAGGGC	g7
AGCCAGCCAATTTCCT	g4
AGCCAGCCACGCGTGT	g2
AGCCAGCGTAGCACGA	g8
AGCCAGCGTGGCGCTT	g4
AGCCAGCTCAGTCACA	g2
AGCCAGCTCGGTCAGC	g2
AGCCAGCTCGTGCGAC	g2
AGCGATTAGACTCCGC	g0
AGCGATTAGATGAAGG	g0
AGCGATTCAATCTGCA	g2
AGCGATTCAGCACAAG	g7
AGCGATTCAGCAGTGA	g4
AGCGATTCAGTCTACA	g3
AGCGATTCATCGCTCT	g8
AGCGATTGTGGACCAA	g3
AGCGATTGTTGTTGCA	g4
AGCGATTTCAGCTCTC	g0
AGCGATTTCGCATAGT	g0
AGCGCCAAGACTTCAC	g0
AGCGCCAAGCCTTCTC	g0
AGCGCCAAGTATGATG	g8
AGCGCCACAGCATGCC	g0
AGCGCCAGTGTGATGG	g2
AGCGCCATCAACTTTC	g0
AGCGCCATCCGTCCTA	g4
AGCGCCATCCGTGCGA	g6
AGCGCTGAGCAGCCTC	g0
AGCGCTGAGGAGCTGT	g7
AGCGCTGCAGCTGTAT	g7
AGCGCTGCAGTAACAA	g2
AGCGCTGCAGTATACC	g0
AGCGCTGGTAGTTCCA	g7
AGCGCTGGTCAACCTA	g0
AGCGCTGGTCTACGTA	g2
AGCGCTGGTGACACAG	g0
AGCGCTGGTGGCGTAA	g0
AGCGCTGGTGTGAATA	g3
AGCGCTGTCGACGATT	g0
AGCGCTGTCTAGGAAA	g2
AGCGTATAGCTCCACG	g0
AGCGTATAGCTGAAAT	g0
AGCGTATAGTTTGCTG	g4
AGCGTATCAGCGTGCT	g0
AGCGTATCAGGTTACT	g3
AGCGTATCAGTAGATA	g7
AGCGTATCATCTTCGC	g4
AGCGTATCATGCAGCC	g2
AGCGTATCATGGAACG	g0
AGCGTATGTCCAACGC	g0
AGCGTATTCATTGCGA	g2
AGCGTATTCGACGACC	g7
AGCGTATTCGATACGT	g0
AGCGTATTCGCGTGCA	g2
AGCGTATTCTAGCATG	g2
AGCGTCGAGCTCACTA	g4
AGCGTCGAGGTGCTGA	g0
AGCGTCGCAAAGACTA	g2
AGCGTCGCACTACTTT	g2
AGCGTCGCAGAGTCAG	g0
AGCGTCGCATGACACT	g4
AGCGTCGGTATAGCTC	g9
AGCGTCGGTTCCGCAG	g3
AGCTACAAGTCGTTAC	g4
AGCTACAAGTTCCTGA	g2
AGCTACACAAGCAGGT	g10
AGCTACACACCAGCTG	g7
AGCTACACACCGTGCA	g7
AGCTACACACGTCGTG	g4
AGCTACAGTACGGATG	g0
AGCTACAGTCCTCATC	g2
AGCTACAGTGCTGTCG	g0
AGCTACATCAGCCTTC	g7
AGCTACATCAGTCTTT	g7
AGCTACATCATCACCC	g8
AGCTACATCGAACGCC	g0
AGCTACATCGGTGAAG	g2
AGCTACATCTTACACT	g0
AGCTCAAAGGGTTGCA	g1
AGCTCAAAGTCCCAAT	g2
AGCTCAAAGTTTCGGT	g4
AGCTCAACAACCAATC	g2
AGCTCAACATAGCACT	g0
AGCTCAAGTACGGGAT	g4
AGCTCAAGTTGGCCTG	g2
AGCTCAATCGTTCGCT	g4
AGCTTCCAGAACTGAT	g0
AGCTTCCAGGCCCAAA	g9
AGCTTCCAGTGAGCCA	g2
AGCTTCCCAACCGCCA	g8
AGCTTCCCAACGTAAA	g2
AGCTTCCCAAGTATAG	g0
AGCTTCCCATATCGGT	g0
AGCTTCCGTAGAGCTG	g7
AGCTTCCGTAGGCAGT	g8
AGCTTCCGTCGCCACA	g2
AGCTTCCTCATGCGGC	g5
AGCTTCCTCTAGAGCT	g3
AGCTTCCTCTTCCGTG	g2
AGGAAATAGACATGCG	g0
AGGAAATAGCGGATCA	g0
AGGAAATAGGGTACGT	g7
AGGAAATCAACAGCCC	g2
AGGAAATGTCACTCGG	g2
AGGAAATGTGATGTAA	g4
AGGAAATGTTAGTCGT	g0
AGGAAATTCATTCTTG	g2
AGGAAATTCATTTGCT	g8
AGGAAATTCTTTGCGC	g0
AGGAATAAGTCCGCGT	g2
AGGAATAAGTTAGAAC	g0
AGGAATACAACAGCTT	g7
AGGAATACAATCACGT	g0
AGGAATACATTAGGCT	g0
AGGAATAGTGCTTATG	g0
AGGAATAGTTGCACGC	g2
AGGAATATCAGCCCAG	g4
AGGAATATCGAGTCCG	g7
AGGAATATCTCCTGCA	g2
AGGACGAAGCCAGTAG	g0
AGGACGAAGCTCTGTA	g0
AGGACGAAGGCACAAC	g9
AGGACGACAACTGCTA	g2
AGGACGACAAGGGTCA	g0
AGGACGACAGAGCGTA	g4
AGGACGACATGTCGTA	g4
AGGACGAGTAGCCAGA	g2
AGGACGAGTCATTGCA	g6
AGGACGAGTCGTATTG	g1
AGGACGATCACTGGTA	g2
AGGACGATCATTTGCT	g9
AGGACGATCCGTTTCG	g2
AGGACGATCTCTCGCA	g0
AGGACTTAGCTAATGA	g4
AGGACTTGTTGTGCAT	g2
AGGACTTTCAAAGCCT	g0
AGGACTTTCAGTGCGC	g0
AGGAGGTAGACAGCTG	g2
AGGAGGTAGGGAGAAT	g0
AGGAGGTCAACTAGAA	g2
AGGAGGTCAATCGCCG	g4
AGGAGGTGTAGCTTAC	g6
AGGAGGTGTCATGGCC	g0
AGGAGGTTCAAGTGGG	g0
AGGAGGTTCAGCCCAG	g4
AGGAGGTTCTGTTCAT	g2
AGGATAAAGGATCACG	g0
AGGATAAAGTCCCGAC	g4
AGGATAAGTATCGTAC	g2
AGGATAAGTTGTTTGG	g4
AGGATAATCTAACGGT	g0
AGGATCTAGAACCGCA	g0
AGGATCTAGACCACGA	g2
AGGATCTAGCTGCCTG	g7
AGGATCTAGTCACGCC	g0
AGGATCTCAGTTAGAA	g2
AGGATCTCATCCAATG	g6
AGGATCTCATTGTCGA	g2
AGGATCTGTATGATCC	g0
AGGATCTGTCGTGATT	g4
AGGATCTTCATCCTGC	g0
AGGATCTTCTGCGAGC	g2
AGGCATTAGACCAAAT	g2
AGGCATTAGCTCTGTA	g2
AGGCATTCACAAAGCG	g0
AGGCATTCACAGGATG	g0
AGGCATTCACCTGCTT	g0
AGGCATTCAGGTTCGC	g0
AGGCATTGTAGCTTTG	g2
AGGCATTGTCAACGCC	g7
AGGCATTGTCCAGCCA	g0
AGGCATTGTCGGCACT	g6
AGGCATTGTGGTTCTA	g0
AGGCATTGTTGGTACT	g0
AGGCATTTCCAAGCCG	g0
AGGCCACAGCTGTTCA	g4
AGGCCACAGTAGGTTA	g0
AGGCCACGTACTAAGA	g2
AGGCCACGTCGCACGT	g2
AGGCCACGTGAGGATC	g8
AGGCCACGTGGATCGA	g4
AGGCCACTCGTTGTGA	g0
AGGCCACTCTATACTC	g2
AGGCCACTCTGTGCGG	g4
AGGCTGCAGGCGTTAG	g9
AGGCTGCCAAGGCGTA	g3
AGGCTGCCACCTATCC	g0
AGGCTGCCACGTGAGA	g5
AGGCTGCCAGCCATTA	g3
AGGCTGCCATGCCATA	g2
AGGCTGCGTTGCTCGG	g1
AGGCTGCTCATGGAGG	g3
AGGCTGCTCTCGGTAA	g0
AGGCTGCTCTTGGCTC	g4
AGGGAGTAGGTTGAGC	g4
AGGGAGTCACCCAAGC	g0
AGGGAGTCACTAGGCC	g0
AGGGAGTCAGCACGAA	g2
AGGGAGTCAGCAGACA	g4
AGGGAGTCAGCTGTAT	g2
AGGGAGTGTCAAACGG	g2
AGGGAGTGTCATCCCT	g8
AGGGAGTGTGTGAGCA	g0
AGGGAGTGTTCACGAT	g7
AGGGAGTTCAGCATTG	g0
AGGGAGTTCATACGAC	g0
AGGGAGTTCCGACGGT	g2
AGGGAGTTCTACTGAG	g4
AGGGAGTTCTGGGCAC	g0
AGGGAGTTCTTAAGGC	g0
AGGGCCTAGAACAAGG	g2
AGGGCCTAGTGCCCGT	g5
AGGGCCTGTCCACTCT	g0
AGGGCCTGTGACATCT	g0
AGGGCCTGTGCTCGTG	g0
AGGGCCTGTGGTTCTA	g0
AGGGCCTTCGATTCCC	g1
AGGGCCTTCTACTCAT	g8
AGGGCTCAGACGATAT	g2
AGGGCTCAGCCTGAAG	g2
AGGGCTCAGTTCACTG	g0
AGGGCTCCAAACGTGG	g4
AGGGCTCCACAGTACT	g3
AGGGCTCCAGGCTTGC	g7
AGGGCTCGTAGGACCA	g4
AGGGCTCGTTGTTGCA	g0
AGGGCTCTCACCGGGT	g0
AGGGCTCTCGGCATCG	g0
AGGGCTCTCTCGTGGG	g2
AGGGCTCTCTTGGATG	g3
AGGGTCCAGCGATTCT	g3
AGGGTCCCAACGGTAG	g0
AGGGTCCCACAAGCCC	g2
AGGGTCCCACTGTTCC	g4
AGGGTCCCATAGCTGT	g3
AGGGTCCGTGGCAGAT	g9
AGGGTCCTCATTACGG	g2
AGGGTCCTCGCTACAA	g7
AGGGTGAAGACGCCCT	g0
AGGGTGAAGAGTCTTC	g2
AGGGTGAAGATGACAT	g0
AGGGTGAAGCAGGGAG	g0
AGGGTGAAGTTTGGCT	g0
AGGGTGACACGAGAAC	g0
AGGGTGAGTACCGGAA	g2
AGGGTGAGTTGCCAAT	g4
AGGGTTTAGAAATGGG	g0
AGGGTTTAGGTAGCAC	g0
AGGGTTTCAAATGAGT	g0
AGGGTTTCACGACGTC	g6
AGGGTTTCACGTGAGA	g0
AGGGTTTCATCCTATT	g0
AGGGTTTGTACGAGCA	g4
AGGGTTTGTTTACCAG	g7
AGGGTTTTCCGCAGTG	g2
AGGGTTTTCGGATTAC	g2
AGGGTTTTCGGCTGGT	g4
AGGTAGGAGAAATGGG	g0
AGGTAGGAGAATAGTC	g4
AGGTAGGAGTCAGAGC	g4
AGGTAGGCACAGCTTA	g0
AGGTAGGCAGAAATCA	g7
AGGTAGGCATGACTTG	g0
AGGTAGGGTGCCCAGT	g0
AGGTAGGGTGGCAACA	g7
AGGTAGGTCCATACTT	g0
AGGTCATAGAATCCCT	g2
AGGTCATAGCCTGAGA	g0
AGGTCATAGCTCACTA	g2
AGGTCATAGGGCGAAG	g1
AGGTCATAGGTCGTCC	g4
AGGTCATAGTATGATG	g8
AGGTCATCACAAGGTG	g0
AGGTCATCAGATCACT	g0
AGGTCATCAGTGTATC	g2
AGGTCATGTCGATTCA	g0
AGGTCATGTCGTTGCG	g4
AGGTCATGTTCAGGTT	g4
AGGTCATGTTCCTAGA	g2
AGGTCATGTTCGTAAC	g4
AGGTCATTCATGGAGG	g2
AGGTCATTCCCGGTAG	g0
AGGTCATTCCGATGTA	g0
AGGTCATTCCGGTTCT	g0
AGGTCATTCTAGGCCG	g4
AGGTCTACAAGTCCCG	g0
AGGTCTACAGAAGTGC	g2
AGGTCTACAGGATGAC	g4
AGGTCTACAGGCACAA	g2
AGGTCTACATAACAGA	g2
AGGTCTAGTAAGTCAA	g0
AGGTCTAGTACAAGTA	g2
AGGTCTAGTCAACACT	g0
AGGTCTAGTCCGACGT	g0
AGGTCTAGTGAGCAGT	g8
AGGTCTAGTTAAGAAC	g7
AGGTCTATCAACGAGG	g7
AGGTCTATCACTTGTT	g10
AGGTCTATCTTGCGCT	g7
AGGTGTTAGATGCAGC	g3
AGGTGTTAGGATTCAA	g0
AGGTGTTAGTGCAGCA	g0
AGGTGTTAGTTGGGAC	g2
AGGTGTTCAGAAGCGT	g0
AGGTGTTCATTGTACG	g0
AGGTGTTGTACGTTCA	g0
AGGTGTTGTGGAAGTC	g0
AGGTGTTGTGGCGCTT	g0
AGGTTACAGAACCCGA	g2
AGGTTACAGAACTCCT	g8
AGGTTACAGCAAGCCA	g2
AGGTTACAGGCCTAAG	g0
AGGTTACAGTCTTCCC	g4
AGGTTACCAAGGTCAG	g0
AGGTTACCACCCAATA	g3
AGGTTACCAGGAATCG	g0
AGGTTACGTACCGTCG	g0
AGGTTACGTGTATTCG	g3
AGGTTACGTGTCATCA	g2
AGGTTACGTTGCCGAC	g4
AGGTTACGTTGCTCGG	g0
AGGTTACTCAGCAATC	g3
AGGTTACTCATGAGAA	g0
AGGTTACTCCTACTGC	g7
AGGTTACTCGGTCACG	g6
AGGTTACTCTAGTCAG	g0
AGGTTGTAGAACAGGA	g0
AGGTTGTAGCGGTAAC	g0
AGGTTGTCAAGTGATA	g4
AGGTTGTCAATGAGCG	g2
AGGTTGTCACATAACC	g4
AGGTTGTCACTCCCTA	g0
AGGTTGTCACTCCGGA	g2
AGGTTGTCAGTAGAAT	g2
AGGTTGTCATCACAGT	g0
AGGTTGTCATGATAGA	g4
AGGTTGTGTAGATCGG	g2
AGGTTGTGTATCCCAA	g8
AGGTTGTGTCACTTAG	g2
AGGTTGTTCCCTGGTT	g2
AGGTTGTTCTTAGCTT	g0
AGTAACCAGAAGCTGC	g2
AGTAACCAGACCATAA	g1
AGTAACCAGGATACGC	g0
AGTAACCAGTGCGACA	g0
AGTAACCAGTTGCTCA	g0
AGTAACCCAAGTCGTT	g4
AGTAACCCAATTCTCT	g4
AGTAACCCAGGAAGTC	g7
AGTAACCCATCCTTCG	g0
AGTAACCGTACGTAGG	g0
AGTAACCGTATCGCGC	g2
AGTAACCGTATCTCTT	g2
AGTAACCTCAGACCTA	g0
AGTAACCTCGACATCA	g4
AGTAACCTCGATTCCC	g0
AGTACCAAGCGATCGA	g7
AGTACCAAGGACAACC	g3
AGTACCAAGTGCAGCA	g4
AGTACCAAGTTGAAAC	g2
AGTACCACAACCAATC	g0
AGTACCACATCATCCC	g4
AGTACCACATGACCCG	g8
AGTACCAGTACATACC	g3
AGTACCAGTGACCGTC	g1
AGTACCAGTTCGAAGG	g0
AGTACCATCAAACCCA	g2
AGTACCATCCATCACC	g4
AGTACCATCCCGATCT	g0
AGTACTGAGAAGTCTA	g2
AGTACTGAGATGCGAC	g2
AGTACTGAGCAGTCTT	g4
AGTACTGAGCTTCGTA	g4
AGTACTGAGGACTTCT	g2
AGTACTGAGGATTTCC	g2
AGTACTGCAAACCATC	g0
AGTACTGCAAGCCATT	g2
AGTACTGCAAGCTCTA	g0
AGTACTGCAGCTTCCT	g0
AGTACTGCAGGAAGTC	g0
AGTACTGCAGGCCCTA	g0
AGTACTGGTCATGCAT	g0
AGTACTGGTCCGATCG	g8
AGTACTGGTCGGTGAA	g2
AGTACTGGTCTAGGCC	g2
AGTACTGGTGTCCGGT	g6
AGTACTGGTTACAGCT	g2
AGTACTGTCAAAGGTA	g8
AGTACTGTCAATCAGC	g3
AGTACTGTCATGCAGT	g7
AGTACTGTCGGTGAAG	g4
AGTACTGTCTCTGCTG	g0
AGTAGCTAGATTGACA	g4
AGTAGCTCACAAGCAG	g2
AGTAGCTGTTAAGTCC	g0
AGTAGCTTCACTCCGT	g0
AGTAGCTTCCTAAGTG	g0
AGTAGCTTCGCCGAGT	g0
AGTAGCTTCTACCCAC	g0
AGTAGCTTCTGTACAG	g0
AGTAGCTTCTTAGCCC	g0
AGTAGTCAGCCTGACC	g7
AGTAGTCAGCGACCCT	g8
AGTAGTCAGCTTACGT	g2
AGTAGTCCACGTATAC	g2
AGTAGTCCAGTCAGAG	g5
AGTAGTCGTCAAGTTC	g1
AGTAGTCGTCAGTTTG	g7
AGTAGTCGTCGTGTTA	g0
AGTAGTCGTGGCCTCA	g3
AGTAGTCTCCCATGGG	g0
AGTAGTCTCCTGTAGA	g0
AGTAGTCTCTGAGCAT	g0
AGTAGTCTCTGCTTAT	g2
AGTCAACAGATGAACT	g5
AGTCAACAGATTCGCT	g4
AGTCAACAGGCATCTT	g2
AGTCAACAGGGAGTTC	g2
AGTCAACAGTCTCGTA	g4
AGTCAACAGTGATTCC	g7
AGTCAACCAGAACTCT	g0
AGTCAACGTCCGGTGT	g4
AGTCAACGTCGCAGTC	g0
AGTCAACGTGGCATCC	g3
AGTCAACTCAGTGTGT	g0
AGTCACAAGATAGCAT	g2
AGTCACAAGCGTGTTT	g3
AGTCACAAGTGGTGAC	g4
AGTCACAAGTGTACCT	g4
AGTCACAGTACGGCAA	g2
AGTCACATCAGCCTTC	g3
AGTCACATCCACGGAC	g2
AGTCACATCTTTGGAG	g0
AGTCATGAGACGTCCC	g2
AGTCATGCACGAGGTA	g3
AGTCATGCAGTCACGC	g0
AGTCATGCATTGCTGA	g2
AGTCATGGTAGAGTTA	g4
AGTCATGGTAGCACAG	g2
AGTCATGGTCATTCCC	g10
AGTCATGTCAAATGCC	g0
AGTCATGTCGGTCTAA	g0
AGTCATGTCTGTCTCG	g0
AGTCTCCAGTGATAAC	g6
AGTCTCCAGTGCACAG	g2
AGTCTCCCAAGGCTTT	g0
AGTCTCCCACATAGCT	g7
AGTCTCCCACCGGCTA	g4
AGTCTCCCAGTAGAGC	g2
AGTCTCCGTTTACGTG	g0
AGTGACTAGAAATTGC	g0
AGTGACTAGCTGGCTC	g8
AGTGACTAGGAACTCG	g0
AGTGACTAGGGAGTTC	g2
AGTGACTCAAGATCCT	g2
AGTGACTCATGGATCT	g4
AGTGACTGTGTCACAT	g0
AGTGACTTCTCTTCAA	g0
AGTGATCAGCGCTGCT	g9
AGTGATCCATGTGTCA	g4
AGTGATCGTTAGGGAC	g2
AGTGATCGTTGATCGT	g7
AGTGATCTCAGCATTG	g0
AGTGATCTCCCAGGCA	g3
AGTGATCTCCGTTGAA	g2
AGTGATCTCGGACCAC	g0
AGTGATCTCGTTCCCA	g0
AGTGATCTCTGAATCG	g2
AGTGCCGAGCATGCAG	g2
AGTGCCGAGCTGACAG	g2
AGTGCCGAGGAGCAAA	g0
AGTGCCGAGGAGCTGT	g2
AGTGCCGAGGGATCGT	g4
AGTGCCGAGGGCAACT	g7
AGTGCCGAGTAGACCG	g2
AGTGCCGCACTTGGCG	g2
AGTGCCGCATGGCGCT	g2
AGTGCCGCATTATGCG	g2
AGTGCCGGTAGTCACT	g1
AGTGCCGGTCGAACGA	g4
AGTGCCGGTCGCAACC	g2
AGTGCCGTCACGACTA	g2
AGTGCCGTCCATCAGA	g7
AGTGCCGTCGAATCCA	g2
AGTGCCGTCGCACTCT	g6
AGTGTTGAGGCTAAAT	g4
AGTGTTGAGGTATAGT	g4
AGTGTTGAGTACGAGC	g0
AGTGTTGCAAGACGAC	g2
AGTGTTGCATCCTTCG	g0
AGTGTTGGTGGGTTGA	g0
AGTGTTGGTGTTATCG	g2
AGTGTTGGTTGGGATG	g0
AGTGTTGTCATGCGGC	g6
AGTGTTGTCATTGCGA	g4
AGTGTTGTCTTAGTTC	g3
AGTGTTGTCTTGTTAC	g8
AGTTAGCAGCGCGTTC	g2
AGTTAGCCAGGGTCTC	g7
AGTTAGCCATATAGCC	g2
AGTTAGCGTAGGGAGG	g2
AGTTAGCTCATCGCAA	g4
AGTTAGCTCCTAGAGT	g9
AGTTAGCTCTCGCTCA	g2
AGTTCCCAGAGGTTAT	g2
AGTTCCCAGCTTTGTG	g6
AGTTCCCAGTGCTCAT	g2
AGTTCCCCAGAGGAAA	g2
AGTTCCCCATCACAGT	g0
AGTTCCCGTAATGCTC	g9
AGTTCCCGTAGGCAAC	g0
AGTTCCCGTGTACATC	g7
AGTTCCCTCATGCCGG	g2
AGTTCCCTCGGCAGTC	g0
AGTTCCCTCTCGGTCT	g1
AGTTCCCTCTTCCCGA	g0
AGTTCGAAGATGAAGG	g4
AGTTCGAAGATGGGCT	g7
AGTTCGAAGGTCACCC	g4
AGTTCGACAATAGTCC	g9
AGTTCGACAGCATACT	g0
AGTTCGACATGAAAGT	g0
AGTTCGACATGAGGGT	g1
AGTTCGACATGTTACG	g1
AGTTCGAGTAACATCC	g0
AGTTCGAGTAGCACAG	g0
AGTTCGAGTGTCCTAA	g1
AGTTCGATCTAGCCTC	g0
ATACCGAAGAATTCAG	g0
ATACCGAAGATAACGT	g0
ATACCGAAGCCAAGTG	g2
ATACCGAAGCGACTGA	g2
ATACCGAAGCTAGATA	g0
ATACCGACAGGACTAG	g2
ATACCGAGTAGGCTCC	g3
ATACCGAGTGTAGCAG	g0
ATACCTTAGAACGCGT	g0
ATACCTTAGATCCAAA	g2
ATACCTTAGCGGGTTA	g4
ATACCTTAGTAATACG	g2
ATACCTTCACAAAGCG	g3
ATACCTTCAGCAGTTT	g1
ATACCTTGTCACCACG	g7
ATACCTTGTTCTTCAT	g2
ATACCTTTCAGGACGA	g4
ATACCTTTCATTCGGA	g7
ATACCTTTCTCGCTCA	g2
ATACTTCAGAGCACTG	g0
ATACTTCAGGCCCGTT	g0
ATACTTCCAAATACAG	g0
ATACTTCCACAAGTTC	g2
ATACTTCCACACCTAA	g2
ATACTTCCACATGTTG	g0
ATACTTCCACTGAATC	g4
ATACTTCGTTCTTGCC	g0
ATACTTCTCAGGAAAT	g0
ATACTTCTCGCAGTCG	g2
ATAGACCAGCCTATTG	g4
ATAGACCAGTATGCAA	g7
ATAGACCCACAATTCG	g2
ATAGACCCAGCTACTA	g4
ATAGACCGTACATTGC	g4
ATAGACCGTCAGGCAA	g4
ATAGACCGTCAGTCCG	g7
ATAGACCGTCGCATTA	g0
ATAGACCGTCTCAAGT	g4
ATAGACCGTGAGTGAC	g2
ATAGACCTCGAAGCAG	g0
ATAGACCTCGACACTA	g2
ATAGACCTCGGTAGAG	g7
ATAGACCTCGGTCTGG	g4
ATAGACCTCTACACAG	g4
ATAGAGAAGCAGCCTC	g4
ATAGAGAAGGAAACGA	g1
ATAGAGAAGGAACGAA	g0
ATAGAGAAGGTTCAGG	g0
ATAGAGAAGTAGCTCT	g2
ATAGAGAAGTGGTTCT	g7
ATAGAGACAATTCTCT	g7
ATAGAGACATACATCG	g6
ATAGAGACATCCGCGA	g4
ATAGAGAGTGCGGTAA	g3
ATAGAGAGTTTACGAC	g4
ATAGAGATCGTTAGTG	g0
ATAGAGATCTAGTTCT	g0
ATAGGCTAGCGCCCAT	g7
ATAGGCTCAAGACGGT	g4
ATAGGCTCACGTCTCT	g3
ATAGGCTCATTGTAGC	g4
ATAGGCTGTACATTGC	g2
ATAGGCTGTAGCTGCC	g4
ATAGGCTGTGAGCGAT	g2
ATAGGCTGTGCATCTA	g2
ATAGGCTGTTAGAAGT	g0
ATAGGCTTCAGTGATC	g0
ATATCCTAGGACTGGT	g4
ATATCCTAGGAGAGTA	g7
ATATCCTAGGGCGAAG	g7
ATATCCTAGGTTACCT	g2
ATATCCTAGTAGGGTC	g8
ATATCCTCAAATGATG	g0
ATATCCTCAGACCTAT	g0
ATATCCTCAGGTAGTG	g1
ATATCCTGTCCCTGTT	g5
ATATCCTGTCTTGAGT	g2
ATATCCTGTGGTAACG	g7
ATCACAGCACATCATG	g2
ATCACAGCACTGGACC	g7
ATCACAGCACTGGCGT	g0
ATCACAGCACTTTATC	g4
ATCACAGCAGTGAGCA	g0
ATCACAGCAGTTTCGA	g1
ATCACAGCATAACTCG	g4
ATCACAGGTGAATTAG	g0
ATCACAGGTTGTAAAG	g4
ATCACAGTCCGCAGTG	g0
ATCACAGTCTAGACAC	g4
ATCACAGTCTCCCTAG	g0
ATCACGAAGCCTCTGG	g0
ATCACGAAGGGACACT	g4
ATCACGAAGGTAAAGG	g7
ATCACGACACATTCGA	g9
ATCACGACAGAAGCTG	g2
ATCACGACAGTACTAC	g0
ATCACGAGTAGATTAG	g2
ATCACGAGTAGTCGGA	g2
ATCACGAGTCTCCTGT	g6
ATCACGAGTCTGTTAG	g4
ATCACGATCATCTCTA	g4
ATCACGATCGCACTCT	g7
ATCACGATCTGCGATA	g0
ATCACGATCTTGAACG	g2
ATCACTTAGCGATTCT	g2
ATCACTTAGCTAGCCC	g0
ATCACTTAGGTTAAAC	g0
ATCACTTAGGTTCCAT	g2
ATCACTTAGTAACCTC	g4
ATCACTTAGTCCCTAA	g2
ATCACTTAGTGGTTCT	g0
ATCACTTCAGTCTTCC	g0
ATCACTTGTAGTTAGA	g0
ATCACTTGTGGATCAG	g0
ATCACTTGTTAGGCTT	g0
ATCACTTTCATACGGT	g9
ATCACTTTCATGCTAG	g0
ATCACTTTCCTACACC	g7
ATCACTTTCGGATTAC	g0
ATCACTTTCGTGGCGT	g2
ATCACTTTCTTAGCCC	g2
ATCAGGTAGCTCATAC	g2
ATCAGGTAGGATATAC	g6
ATCAGGTAGGCTAACG	g2
ATCAGGTAGTTAACGA	g0
ATCAGGTCACGTACTA	g0
ATCAGGTCATAGTCGT	g2
ATCAGGTGTAACACGG	g2
ATCAGGTGTCCTTTGC	g0
ATCAGGTGTCTGTGTA	g0
ATCAGGTGTGCTTATG	g0
ATCAGGTTCACCCTGT	g2
ATCAGGTTCACTGGTA	g0
ATCAGGTTCTAGTCAG	g2
ATCATTCAGATCGACG	g0
ATCATTCAGATGAATC	g0
ATCATTCAGGAGTACC	g0
ATCATTCAGGGAACAA	g2
ATCATTCAGGGCTGAT	g2
ATCATTCAGGTTAAAC	g9
ATCATTCAGTCGGCAA	g8
ATCATTCCAAGTTCGT	g0
ATCATTCCAATCACGT	g4
ATCATTCCATTGACAC	g2
ATCATTCGTATTCCGA	g5
ATCATTCGTCCATCTC	g6
ATCATTCGTGGACTGA	g7
ATCATTCGTTCTGAGT	g1
ATCATTCTCATCTATC	g0
ATCATTCTCGCAGAGA	g0
ATCATTCTCGGAGCAA	g7
ATCATTCTCTTACGGA	g0
ATCCACCAGGCTTTCA	g2
ATCCACCAGTAGGAAG	g1
ATCCACCCACACGTGC	g3
ATCCACCCACGTGTGC	g0
ATCCACCCAGGTTACT	g2
ATCCACCGTCAAGCCC	g0
ATCCACCTCGTCGGGT	g4
ATCCACCTCTGACAGT	g3
ATCCATTAGACTGGGT	g8
ATCCATTAGCGTATAA	g3
ATCCATTAGTGACCTT	g4
ATCCATTCACACCTGG	g0
ATCCATTCATCCGTGG	g2
ATCCATTGTTGGGATG	g2
ATCCATTTCAGCTAGT	g8
ATCCATTTCTTCGATT	g0
ATCCATTTCTTTGATC	g3
ATCCCTGAGAAACTGT	g0
ATCCCTGCAAAGACGC	g2
ATCCCTGCATTCCTCG	g0
ATCCCTGGTACCCGCA	g0
ATCCCTGGTACGGGAT	g0
ATCCCTGGTATGAGGC	g7
ATCCCTGGTTAGGCTT	g4
ATCCGTCAGCATCGAG	g8
ATCCGTCAGGCTAACG	g2
ATCCGTCAGTAGAGTT	g4
ATCCGTCCAAGCAGGT	g0
ATCCGTCCAGCCGGTT	g0
ATCCGTCCAGCTATTG	g2
ATCCGTCCATGGCCCA	g4
ATCCGTCGTAGCTTTG	g0
ATCCGTCGTCCGATCG	g3
ATCCGTCGTCGGCCTA	g0
ATCCGTCGTCGTTGCG	g4
ATCCGTCTCACAAGAA	g7
ATCCGTCTCTTAATCC	g0
ATCCTATAGATGCGAC	g9
ATCCTATCAAAGCTAA	g7
ATCCTATCACAAACGG	g8
ATCCTATCACGGTCTG	g0
ATCCTATCACTGCTTC	g0
ATCCTATCAGAAGTTA	g0
ATCCTATCATCACGGC	g0
ATCCTATGTCAATCTG	g0
ATCCTATTCCGACAGC	g2
ATCCTATTCTCTGCCA	g7
ATCCTATTCTTGTGCC	g0
ATCGATGAGAGGCGTT	g4
ATCGATGCAATAGTGA	g2
ATCGATGCACTTGGCG	g2
ATCGATGCAGGCACAA	g0
ATCGATGCATCCGAAT	g2
ATCGATGCATGGAAGC	g9
ATCGATGGTATGCGTT	g8
ATCGATGGTCGGTAAG	g1
ATCGCCTAGCATCCCG	g0
ATCGCCTAGGGATGTC	g0
ATCGCCTAGGGCTGAT	g0
ATCGCCTCAAACCGGA	g4
ATCGCCTCACCAGACC	g1
ATCGCCTCACGAGGAT	g2
ATCGCCTCAGTAACGG	g2
ATCGCCTCATGGGATG	g4
ATCGCCTGTACGACAG	g0
ATCGCCTGTCCAGTTA	g7
ATCGCCTGTCTCGGGT	g2
ATCGCCTGTCTTACAG	g2
ATCGCCTTCACATCAG	g0
ATCGCCTTCTGGACCG	g0
ATCGGATAGACTCAAA	g4
ATCGGATAGGTTACCT	g2
ATCGGATCAACTCGTA	g0
ATCGGATGTCCAGGTC	g0
ATCGGATGTGAATAAC	g0
ATCGGATGTGGCGTAA	g0
ATCGGATGTGGTCTCG	g8
ATCGGATGTGTCCGGT	g2
ATCGGATTCAATCTTC	g2
ATCGGATTCCGTGACG	g1
ATCGGATTCGGTCATA	g3
ATCGGATTCGTCGCTT	g7
ATCGGCGAGCCATTTG	g0
ATCGGCGAGGTGCTTT	g2
ATCGGCGCACACTTAG	g9
ATCGGCGCAGGTACGA	g2
ATCGGCGGTTCCATTT	g4
ATCGGCGGTTGACTAC	g0
ATCGGCGTCGCCAGAC	g3
ATCGTAGAGGAGGTTC	g0
ATCGTAGAGTCGAAAT	g7
ATCGTAGCAAATCCCA	g2
ATCGTAGCAATCCTTT	g8
ATCGTAGCAGACCTGC	g3
ATCGTAGGTATCAGCT	g7
ATCGTAGGTCCTACGG	g0
ATCGTAGGTCTCTCCA	g1
ATCGTAGGTTTCGTTT	g2
ATCGTAGTCCTACTGC	g2
ATCGTAGTCGACGATT	g2
ATCGTAGTCGGCCAAC	g0
ATCGTAGTCGTAACAC	g0
ATCGTAGTCGTGCAGC	g4
ATCGTAGTCTGAGGCC	g0
ATCGTCCAGATAGCTA	g2
ATCGTCCAGATTGACA	g0
ATCGTCCAGCTAGCCC	g9
ATCGTCCAGTAACGTA	g2
ATCGTCCAGTACCCTA	g2
ATCGTCCCAACCAATC	g2
ATCGTCCCAAGACTGG	g1
ATCGTCCCAAGAGGCT	g2
ATCGTCCCACCACTGG	g0
ATCGTCCCAGTCTCTC	g0
ATCGTCCGTAACACGG	g0
ATCGTCCGTGCACGCT	g0
ATCGTCCGTTGGAGGT	g7
ATCGTCCGTTGTGGCC	g4
ATCGTCCTCCAGCTCT	g4
ATCGTCCTCCTCATAT	g0
ATCGTCCTCCTGCTAC	g2
ATCGTCCTCCTTCTGG	g0
ATCGTGAAGCATGGGT	g7
ATCGTGAAGGGACAGG	g0
ATCGTGACAATTCTTC	g7
ATCGTGACAGGACATG	g2
ATCGTGACAGGGAGAG	g2
ATCGTGAGTGTATTGC	g0
ATCGTGAGTTCTGAGT	g0
ATCGTGATCACTGGGC	g7
ATCGTGATCAGTCAGT	g8
ATCTCTAAGTGAGGTC	g8
ATCTCTAAGTTCATGC	g0
ATCTCTAAGTTGCGCC	g2
ATCTCTACAGTCAGAG	g4
ATCTCTACATGACTCA	g2
ATCTCTACATTAGGAA	g2
ATCTCTAGTAAGCGGT	g0
ATCTCTAGTCTTCTAT	g2
ATCTCTAGTTAAGAAC	g0
ATCTCTATCATTCACT	g2
ATCTCTATCCACATAG	g0
ATCTCTATCCTGGGAC	g0
ATCTCTATCGCCACTT	g0
ATCTCTATCTACCTTA	g4
ATCTCTATCTATACTC	g7
ATCTTCAAGAGTGACC	g6
ATCTTCAAGCCGAATG	g0
ATCTTCAAGGAGCTGT	g2
ATCTTCAAGTGTAGTA	g2
ATCTTCACAACCGATT	g4
ATCTTCACAAGAGATT	g0
ATCTTCACATAGTCGT	g2
ATCTTCACATGGAATA	g7
ATCTTCAGTGAATAAC	g8
ATCTTCAGTTTCTTAC	g2
ATCTTCATCCCGAATA	g1
ATCTTCATCGAGAGAC	g0
ATCTTCATCGGTCACG	g8
ATGAAAGAGCCTGTCG	g2
ATGAAAGAGGTTATAG	g0
ATGAAAGCACGAAGAC	g2
ATGAAAGCAGCAGACA	g9
ATGAAAGGTGAGCGAT	g2
ATGAAAGGTGGAAATT	g4
ATGAAAGGTGTATACC	g0
ATGAAAGTCGATGCTA	g0
ATGACCAAGACGTCCC	g4
ATGACCAAGCCGGATA	g7
ATGACCAAGGCTCCCA	g4
ATGACCAAGGCTTAGG	g0
ATGACCAAGTAGATCA	g0
ATGACCAAGTCTGCAT	g4
ATGACCAAGTTACGTC	g2
ATGACCAAGTTTCAGC	g0
ATGACCACAAACGAGC	g2
ATGACCACAACCGTGC	g0
ATGACCACAAGACCTT	g2
ATGACCACACGACGTC	g7
ATGACCACACTTTATC	g2
ATGACCACATGTGCTA	g2
ATGACCAGTAACCCTA	g0
ATGACCAGTATAGCTC	g1
ATGACCAGTGCCTTTC	g7
ATGACCAGTTGGTAGG	g8
ATGACCAGTTTCCCAC	g9
ATGACCATCACTGATG	g6
ATGACCATCCCATTTA	g2
ATGACCATCGCATTAG	g3
ATGACCATCTTTGCAT	g8
ATGAGGGAGCCTCTTC	g2
ATGAGGGAGGCCTGCT	g3
ATGAGGGAGTTAGTGA	g0
ATGAGGGCAGGCATGA	g7
ATGAGGGGTACAATAG	g4
ATGAGGGGTGGATCAG	g2
ATGAGGGGTGGGCTCT	g8
ATGAGGGGTTTGTGGT	g8
ATGAGGGTCACGGTCG	g0
ATGAGGGTCACTGCTC	g2
ATGAGGGTCATGCCGG	g2
ATGAGGGTCCTGGCTT	g0
ATGAGGGTCCTGTAAG	g2
ATGAGGGTCGCATGAT	g3
ATGAGGGTCGCTCTCA	g7
ATGAGTCAGAAACTAC	g3
ATGAGTCAGCCGTCGT	g0
ATGAGTCAGTATGAAC	g8
ATGAGTCAGTCGAATA	g7
ATGAGTCAGTCGGCAA	g0
ATGAGTCCACTCACTC	g0
ATGAGTCGTAGGCAAC	g4
ATGAGTCGTATACGGG	g4
ATGAGTCGTGGAAATT	g0
ATGAGTCGTGTTGATC	g0
ATGAGTCTCAATCGGT	g4
ATGAGTCTCCTGTTGC	g4
ATGAGTCTCGCTAGCG	g0
ATGAGTCTCGTAATGC	g2
ATGAGTCTCGTTAGAC	g0
ATGATCGAGCGATGGT	g2
ATGATCGAGGCCTAAG	g1
ATGATCGAGTAGCATA	g3
ATGATCGCACAATGCT	g0
ATGATCGCACAGAGAC	g7
ATGATCGCACGGAAGT	g9
ATGATCGCAGTCAACT	g2
ATGATCGGTAGTTACC	g0
ATGATCGGTCGACGCT	g3
ATGATCGTCCGTGTCT	g0
ATGATCGTCCTTGACC	g0
ATGATCGTCTTCTAAC	g7
ATGCATGAGAAACTCA	g2
ATGCATGAGTAGCCAG	g3
ATGCATGAGTCATAGA	g3
ATGCATGAGTCGAAAT	g0
ATGCATGCAAATGGCG	g0
ATGCATGCAAATTGGA	g0
ATGCATGCAATACGCT	g0
ATGCATGCATAAGCGG	g0
ATGCATGGTCAATGGG	g2
ATGCATGGTCGTATTG	g0
ATGCATGTCGTGAGAG	g0
ATGCCTCAGATGAACT	g1
ATGCCTCAGGTTCCAT	g0
ATGCCTCCAAGCCATT	g2
ATGCCTCCAATTCACG	g3
ATGCCTCCACGCGGTT	g0
ATGCCTCCACTGTCGG	g2
ATGCCTCCACTTTAGG	g1
ATGCCTCCATGGCGCT	g2
ATGCCTCCATTACTCT	g4
ATGCCTCGTACAATAG	g0
ATGCCTCGTCACAATC	g4
ATGCCTCGTCTCAAGT	g2
ATGCCTCGTCTCGGAC	g2
ATGCCTCGTCTGTAAC	g0
ATGCCTCGTGAATGTA	g0
ATGCCTCGTTCGTACA	g0
ATGCCTCGTTGGAGGT	g6
ATGCCTCTCCCGTTCA	g4
ATGCCTCTCCGAGGCT	g4
ATGCCTCTCGAAGCAG	g2
ATGCCTCTCGAAGTGG	g0
ATGCGATAGCAAGTCG	g0
ATGCGATCAACGGCCT	g0
ATGCGATCAGTCAGCC	g3
ATGCGATCAGTCTCTC	g2
ATGCGATCATACACCA	g2
ATGCGATCATATGGCT	g4
ATGCGATCATCGCTCT	g2
ATGCGATCATGTCAGT	g0
ATGCGATCATTGCAAC	g2
ATGCGATGTACCTTCC	g2
ATGCGATGTAGGCAAC	g0
ATGCGATGTCGCTCGA	g4
ATGCGATGTGGCATCC	g2
ATGCGATGTTCGAGCC	g3
ATGCGATGTTTGCAGT	g0
ATGCGATTCATTGCCC	g1
ATGCGATTCCAACCGG	g0
ATGCGATTCCCGTTGT	g0
ATGGAGGAGAGCGACT	g2
ATGGAGGAGAGTACCG	g4
ATGGAGGAGCTTAGTC	g0
ATGGAGGAGGCGCTTC	g2
ATGGAGGAGTACTGGG	g0
ATGGAGGCAAAGGGCT	g0
ATGGAGGGTCCAGTTA	g8
ATGGAGGTCACTGGGC	g9
ATGGAGGTCCCTTCCC	g8
ATGGAGGTCCGAGAAG	g2
ATGGAGGTCGAGGCAA	g0
ATGGAGGTCGCCTAGG	g2
ATGGATCAGAAGGATG	g4
ATGGATCAGGTCATTC	g0
ATGGATCCACCTGTCT	g2
ATGGATCCAGGTCAAG	g0
ATGGATCCATGAAGCG	g3
ATGGATCGTACGACAG	g0
ATGGATCGTAGTAAGT	g0
ATGGATCGTCCTGTTC	g6
ATGGATCTCATGAGTC	g8
ATGGATCTCGATCCAA	g4
ATGGATCTCGGAGTGA	g0
ATGGATCTCTTGAGCA	g2
ATGGGAGAGACCTTTG	g0
ATGGGAGCACGTAACT	g0
ATGGGAGCAGCAGACA	g4
ATGGGAGCAGTCAGAG	g0
ATGGGAGGTTGGAGGT	g0
ATGGGAGTCAACGTGT	g2
ATGGGAGTCCGTAATG	g0
ATGGGAGTCCTACACC	g7
ATGGGTTAGAGCATCG	g0
ATGGGTTAGAGGTCAC	g4
ATGGGTTAGGCACAAC	g9
ATGGGTTGTACGGCAA	g2
ATGGGTTGTCACAGTT	g0
ATGGGTTGTGCAATAA	g7
ATGGGTTTCCACGTCT	g0
ATGGGTTTCGTCCTTG	g2
ATGGTTGAGACCATTC	g7
ATGGTTGAGCAGAAAG	g0
ATGGTTGAGTACAGAT	g0
ATGGTTGCAGGCACTC	g0
ATGGTTGCAGTCCGTG	g0
ATGGTTGGTACAGTCT	g2
ATGGTTGGTAGTAAGT	g0
ATGGTTGGTTCAATCG	g4
ATGGTTGTCAGCGGAA	g7
ATGGTTGTCCATACTT	g0
ATGGTTGTCCATCACC	g8
ATGGTTGTCCTCACTG	g0
ATGTCCCAGCAGTACG	g2
ATGTCCCAGGCATCAG	g2
ATGTCCCAGTCACACT	g0
ATGTCCCCAAAGGTTA	g4
ATGTCCCCACGTAGAG	g0
ATGTCCCCACTGTGTA	g0
ATGTCCCCAGTAACAA	g7
ATGTCCCCATTGGGAG	g0
ATGTCCCGTGCATACT	g2
ATGTCCCGTGCCTGAC	g2
ATGTCCCGTTGGGTAG	g2
ATGTCCCTCACTCCGT	g0
ATGTCTTAGAGGACTC	g4
ATGTCTTAGCCTAGGA	g1
ATGTCTTAGCGTGTTT	g1
ATGTCTTAGGTGGCTA	g2
ATGTCTTAGTGGTTAA	g0
ATGTCTTAGTTACTCG	g0
ATGTCTTCAAGTTCGT	g2
ATGTCTTCAATTGAAG	g7
ATGTCTTGTATGGTTC	g2
ATGTCTTGTGCTGTCG	g7
ATGTCTTTCGGACTGC	g0
ATGTCTTTCTGAGCAT	g2
ATGTCTTTCTTTCAGT	g7
ATTACCTAGCACCTGC	g7
ATTACCTCAAGACCGA	g0
ATTACCTCAATGAACA	g0
ATTACCTCATTACGGT	g0
ATTACCTGTACCTAGT	g2
ATTACCTGTACGTTCA	g0
ATTACCTGTATTCCGA	g2
ATTACCTGTGTGACCC	g2
ATTACCTTCACTAGCA	g2
ATTACCTTCAGCTGTA	g0
ATTACCTTCGGTCACG	g0
ATTACTCAGAGCTGAC	g0
ATTACTCAGATTGCGG	g1
ATTACTCAGCAGCAGT	g0
ATTACTCAGGACATCG	g7
ATTACTCAGGTGCGAT	g0
ATTACTCCAGCAGTTT	g4
ATTACTCCAGCTACTA	g2
ATTACTCGTAGGCAAC	g0
ATTACTCGTTCGTGCG	g0
ATTACTCTCAACCTTT	g1
ATTACTCTCATGCTAG	g0
ATTACTCTCCAACCAA	g0
ATTATCCAGCAACTTC	g0
ATTATCCAGCATGCGA	g2
ATTATCCCAAACTAGA	g0
ATTATCCCAACGTATC	g0
ATTATCCCAGCCTACG	g2
ATTATCCCAGCGGATA	g9
ATTATCCCATACCATG	g0
ATTATCCGTACTCGAT	g0
ATTATCCGTAGTGTGG	g0
ATTATCCGTCCGGTGT	g4
ATTATCCGTCTGTCAA	g4
ATTATCCGTGTCGCTG	g2
ATTATCCGTTATCTGG	g4
ATTATCCTCAGGACAG	g7
ATTATCCTCCACTGGG	g0
ATTATCCTCTCTTGCG	g0
ATTCACTAGAGAGGTA	g2
ATTCACTAGGAAGAAC	g4
ATTCACTAGTCGAAAT	g4
ATTCACTAGTTGTCAC	g4
ATTCACTCAATAGGAT	g3
ATTCACTCAGCTGAAG	g0
ATTCACTGTACAGTTC	g3
ATTCACTGTCCCGCAA	g0
ATTCACTGTGGCAGAT	g3
ATTCACTGTTCTTAGG	g4
ATTCACTTCCATTTAC	g1
ATTCACTTCCCGAAAT	g2
ATTCACTTCCCGTGAG	g0
ATTCACTTCCGGACGT	g0
ATTCACTTCTCGCTTG	g0
ATTCAGGAGCTTCATG	g3
ATTCAGGAGGCACTAG	g8
ATTCAGGAGGGTAATT	g0
ATTCAGGAGTCCTACA	g2
ATTCAGGAGTTGCGAG	g4
ATTCAGGCAGAGTGAC	g0
ATTCAGGCAGTCAGAG	g0
ATTCAGGGTATGTCAC	g4
ATTCAGGGTCCGACGT	g8
ATTCAGGGTTAATGAG	g2
ATTCAGGGTTGTGGAG	g0
ATTCAGGGTTTCACTT	g7
ATTCAGGTCACGACTA	g2
ATTCAGGTCACGGACC	g2
ATTCAGGTCGAGTACT	g3
ATTCAGGTCGTTACCC	g4
ATTCATCAGAGACAAG	g0
ATTCATCAGAGTGAAG	g2
ATTCATCAGATTGGGC	g4
ATTCATCAGGTCATAA	g0
ATTCATCAGTTCATGC	g2
ATTCATCCAAAGCTAA	g0
ATTCATCCATCCTGTC	g2
ATTCATCGTGCGAGTA	g8
ATTCATCTCCGCTGTT	g0
ATTCATCTCTCTCGAC	g2
ATTCATCTCTTCCTAA	g1
ATTCCATAGCCAAGTG	g4
ATTCCATAGCGAGTCA	g4
ATTCCATAGGTAGCCA	g0
ATTCCATCAATTGCCA	g4
ATTCCATGTAAGGCTG	g2
ATTCCATGTCCTCAGG	g9
ATTCCATGTCGTCGGT	g5
ATTCCATGTGACTGAG	g0
ATTCCATGTGTCCTAA	g9
ATTCCATGTTCTTGCC	g0
ATTCCATTCCTAGCCT	g3
ATTCCATTCGGAGCAA	g7
ATTCCATTCTTCTTCC	g4
ATTCCCGAGCCGTTGC	g2
ATTCCCGAGGGCAGTT	g7
ATTCCCGCACATGTTG	g2
ATTCCCGCACGTCATA	g0
ATTCCCGGTAGTCGGA	g4
ATTCCCGGTGTCGATT	g2
ATTCCCGGTTGCATTG	g0
ATTCCCGTCCCATTCG	g0
ATTCCTACAATTTCGG	g4
ATTCCTACATAGGCGA	g0
ATTCCTACATGATCTG	g0
ATTCCTACATTGTAGC	g7
ATTCCTAGTAAGATCA	g0
ATTCCTAGTAAGATTG	g4
ATTCCTAGTCACGCTG	g0
ATTCCTAGTCCGAAGA	g9
ATTCCTAGTGGAAATT	g2
ATTCCTATCCGAGTGC	g8
ATTCCTATCCTGCCAT	g2
ATTCCTATCGAGAATA	g7
ATTCCTATCTTTCGAT	g7
ATTCGTTAGGTTCCGC	g2
ATTCGTTAGTATGAGT	g7
ATTCGTTAGTCGGCAA	g0
ATTCGTTAGTGGAATT	g0
ATTCGTTCAAGCTACT	g0
ATTCGTTCACAAGCTT	g7
ATTCGTTCACCAGGTC	g0
ATTCGTTCACGTTCGG	g0
ATTCGTTGTAGCGCCT	g0
ATTCGTTGTATCGAGG	g2
ATTCGTTTCATGAGTC	g0
ATTCGTTTCGAGATAA	g4
ATTCTACAGCAAGTGC	g7
ATTCTACAGTCATCCA	g4
ATTCTACCAGGACATG	g7
ATTCTACGTATCGAGG	g7
ATTCTACGTTACAGCT	g3
ATTCTACTCCAACACA	g2
ATTCTACTCCACTAGA	g2
ATTCTACTCGAAGTGG	g4
ATTCTACTCGATTTCT	g0
ATTCTTGAGAGAGCGG	g2
ATTCTTGAGTCTCTGA	g2
ATTCTTGAGTGGTTCT	g0
ATTCTTGCACAGCTTA	g2
ATTCTTGCACGTGAGA	g4
ATTCTTGGTTGGGATG	g4
ATTCTTGTCACATACG	g4
ATTCTTGTCGTAACTG	g0
ATTCTTGTCGTCCTCA	g2
ATTGGGTAGCACGATG	g9
ATTGGGTAGCCATTGT	g0
ATTGGGTAGTGTACAA	g0
ATTGGGTCAACAGCCC	g0
ATTGGGTCAACTGCTA	g0
ATTGGGTCAATACAGA	g7
ATTGGGTCACTACTTT	g2
ATTGGGTCAGCAGTGA	g2
ATTGGGTCAGTTTCAG	g8
ATTGGGTCATGACAGG	g0
ATTGGGTGTAACATAG	g2
ATTGGGTGTCACCGCA	g2
ATTGGGTGTTCTCCAC	g0
ATTGGGTGTTGCCATA	g0
ATTGGGTTCAACGAGG	g0
ATTGGGTTCTATCACT	g4
ATTGTTCAGCAGCCCT	g0
ATTGTTCAGGAAAGAC	g4
ATTGTTCAGTAGGTTA	g3
ATTGTTCAGTTGCATC	g0
ATTGTTCCATTATGCG	g0
ATTGTTCGTCTACACA	g2
ATTGTTCGTTGGACCC	g7
ATTGTTCGTTTGAAAG	g4
ATTGTTCTCACTGTCC	g3
ATTGTTCTCCACGTGG	g2
ATTGTTCTCGGCTTGG	g1
ATTTACCAGACATCCT	g0
ATTTACCAGGACCCAA	g2
ATTTACCAGGATAATC	g2
ATTTACCAGGCCTGCT	g2
ATTTACCAGGGCCCTT	g4
ATTTACCAGGTCATAA	g2
ATTTACCCAAACCATC	g0
ATTTACCCAAGGTCGA	g7
ATTTACCCAGAGTTCT	g4
ATTTACCCATGAATAG	g0
ATTTACCGTGGATACG	g2
ATTTACCTCAATGTCG	g3
ATTTACCTCAGAGTGG	g4
ATTTACCTCAGCCTCT	g0
ATTTACCTCGAGAAGC	g2
ATTTCACAGAGAAGGT	g2
ATTTCACAGCCGATAG	g4
ATTTCACAGCCGTTAT	g8
ATTTCACAGGATGAGA	g2
ATTTCACCAATTCGTG	g4
ATTTCACCAGACTCTA	g4
ATTTCACCATCCAACA	g0
ATTTCACCATGAAAGT	g7
ATTTCACGTAACCAGG	g9
ATTTCACGTACTGACT	g7
ATTTCACGTAGTACGG	g0
ATTTCACGTAGTCGTT	g2
ATTTCACGTCCCTAAA	g8
ATTTCACGTGACACAG	g2
ATTTCACTCAAGGACG	g4
ATTTCACTCCGTAGTA	g2
ATTTCACTCCGTGGGT	g3
ATTTCACTCTCGCTTG	g0
ATTTCACTCTGGTTGA	g2
ATTTCTGAGAGATCGC	g2
ATTTCTGAGCGATCGA	g0
ATTTCTGAGGACGCTA	g0
ATTTCTGAGGGCAACT	g2
ATTTCTGAGGGTACAC	g2
ATTTCTGCAAACGAGC	g0
ATTTCTGCATAGAGGC	g7
ATTTCTGGTACACTCA	g3
ATTTCTGGTAGGTCAG	g1
ATTTCTGGTGAGCTCC	g0
ATTTCTGGTGATACTC	g0
ATTTCTGGTTATTCTC	g9
ATTTCTGTCAGTCTTT	g2
ATTTCTGTCCACTGAA	g4
ATTTCTGTCCACTTTA	g2
ATTTCTGTCTCGTCAC	g0
ATTTCTGTCTGAGAAA	g3
CAAAGAAAGGTAGATT	g8
CAAAGAAAGTCATTGC	g3
CAAAGAACAAATCGGG	g4
CAAAGAACACGTACAT	g4
CAAAGAACAGCAATTC	g0
CAAAGAAGTCCTGGTG	g0
CAAAGAAGTGAATGTA	g0
CAAAGAAGTTTCTATC	g4
CAAAGAATCCGTCCTA	g7
CAAAGAATCGACGCGT	g0
CAAAGAATCTGAGATC	g0
CAACAACAGCTTGTGT	g2
CAACAACAGGAACGAA	g5
CAACAACCAGAGAAAG	g0
CAACAACCAGTAGAAT	g3
CAACAACCAGTAGTGG	g3
CAACAACCATGGTGGA	g8
CAACAACGTACCAGAG	g9
CAACAACGTAGTGTGG	g4
CAACAACGTATTGCCA	g2
CAACAACGTGGCTACC	g2
CAACAACGTTACGGAG	g4
CAACAACTCCGGCAGT	g0
CAACAACTCGACGTCG	g2
CAACAACTCGCACGAC	g0
CAACAACTCTCTCCGA	g4
CAACAGTAGACATATG	g4
CAACAGTAGCAAGGAA	g0
CAACAGTAGTCGAAAT	g2
CAACAGTAGTTTCGGT	g4
CAACAGTCAGCGTATT	g8
CAACAGTGTAGACGGT	g2
CAACAGTGTAGACGTG	g0
CAACAGTGTGACGCCT	g7
CAACAGTGTGAGATTA	g2
CAACAGTGTGCAACAG	g2
CAACAGTTCCGGACGT	g6
CAACAGTTCCTTCTGG	g4
CAACAGTTCTTAGCTT	g0
CAACCAAAGACGCCCT	g0
CAACCAAAGCAGAAAG	g2
CAACCAAAGCAGCCCT	g0
CAACCAAAGCCTCTTC	g2
CAACCAAAGGCCGCTT	g7
CAACCAAAGTTCCATG	g0
CAACCAATCATTCATC	g4
CAACCAATCGAGAGAC	g0
CAACCAATCTAAACGC	g4
CAACCTCAGACGAGCT	g7
CAACCTCAGCTGTTCA	g2
CAACCTCAGTGCTAGG	g4
CAACCTCAGTTGCGAG	g2
CAACCTCCAAGCGAAC	g3
CAACCTCCAGAGCCCT	g2
CAACCTCCATCCTTCG	g0
CAACCTCCATCTTTCA	g0
CAACCTCGTCCACAGC	g2
CAACCTCTCATTTGTC	g3
CAACCTCTCTGGTGCG	g4
CAACCTCTCTGTGCTC	g3
CAACGATAGAGGACTC	g2
CAACGATAGATGCTTC	g0
CAACGATAGGGTTAGC	g0
CAACGATAGTTTCGAC	g2
CAACGATCACTCAAGT	g2
CAACGATCACTTTATC	g7
CAACGATCAGGACATG	g3
CAACGATGTACGACTT	g0
CAACGATGTACGAGCA	g0
CAACGATGTGTGTCGC	g2
CAACGATTCAATCGGT	g0
CAACGATTCACATACG	g4
CAACGATTCGTTACCC	g2
CAACGGCAGCAGTACG	g7
CAACGGCAGCGGTAGT	g8
CAACGGCAGGTTGGTG	g2
CAACGGCAGTAACAGT	g0
CAACGGCCACAAGCAG	g0
CAACGGCCACTCATAG	g0
CAACGGCCATCCAACA	g7
CAACGGCTCCGCAGTG	g0
CAACGGCTCCGTCCTA	g0
CAACGGCTCTATTTCG	g9
CAAGACTAGCTTTGTG	g7
CAAGACTCAAATCGTC	g2
CAAGACTCAACAAGAT	g7
CAAGACTGTGAACGGT	g2
CAAGACTTCACCTGGG	g3
CAAGACTTCAGCACCG	g2
CAAGACTTCCGATCGG	g0
CAAGACTTCGTAGAGG	g8
CAAGAGGAGCGCTGCT	g4
CAAGAGGAGCGTTACT	g7
CAAGAGGAGGTACATA	g0
CAAGAGGAGTAACCGG	g4
CAAGAGGCACGCTGAC	g8
CAAGAGGCACTCCCTA	g2
CAAGAGGCATAACTCG	g2
CAAGAGGGTACAGGTG	g4
CAAGAGGGTACCGTCG	g1
CAAGAGGGTAGCTTGT	g2
CAAGAGGGTCCAGTTA	g4
CAAGAGGGTTCGGTTA	g2
CAAGAGGTCGTCACCT	g10
CAAGAGGTCTGGGTCG	g0
CAAGCTAAGCGGGTTA	g2
CAAGCTACAAATTAGG	g0
CAAGCTACACCTGCAG	g0
CAAGCTACAGGCAATG	g2
CAAGCTACAGTACTAC	g4
CAAGCTAGTCAGGAGT	g4
CAAGCTAGTCCGAAGA	g0
CAAGCTAGTGTGACCC	g0
CAAGCTAGTTCTGACA	g2
CAAGCTATCACATTGG	g2
CAAGCTATCCAAGCCG	g2
CAAGCTATCCACTGGG	g7
CAAGCTATCGACTCCT	g3
CAAGCTATCTCACGAA	g1
CAAGCTATCTTGTTAC	g7
CAAGGGAAGATGTTCC	g0
CAAGGGAAGCGGATCA	g0
CAAGGGAGTGCCGGTT	g2
CAAGGGAGTTCACGAT	g0
CAAGGGAGTTGCCATA	g2
CAAGGGATCATTACTC	g7
CAAGGGATCCGCAAAT	g7
CAATACGAGTTGCGAG	g4
CAATACGCAAATTAGG	g0
CAATACGCACGCAGTC	g2
CAATACGCATGTTACG	g3
CAATACGGTACTGCGC	g0
CAATACGGTGAGCAGT	g4
CAATACGGTTCAGTAC	g0
CAATACGGTTGGTGTT	g3
CAATACGTCAGGGATG	g8
CAATACGTCATCAGTG	g4
CAATACGTCCCTGGTT	g0
CAATACGTCGAGCTGC	g2
CAATACGTCTGACAGT	g4
CAATACGTCTTTCAGT	g4
CAATCGAAGAGGTGCT	g2
CAATCGAAGCGACAGT	g4
CAATCGAAGCTCATAC	g2
CAATCGAAGGCTAGCA	g2
CAATCGACAGAGGTTG	g0
CAATCGACAGCGAACA	g3
CAATCGAGTACTAAGA	g2
CAATCGAGTGAGCAGT	g0
CAATCGAGTGTTATCG	g4
CAATCGATCGCATTGA	g3
CAATCGATCGTAGTCA	g0
CAATGACAGAGTATAC	g10
CAATGACAGTAGACAT	g4
CAATGACAGTAGGGTC	g0
CAATGACCACCAATTG	g2
CAATGACGTGGTTTGT	g2
CAATGACTCGTGCTCT	g8
CAATTTCAGAGAGCAA	g2
CAATTTCAGCTACTAC	g0
CAATTTCCAATGCAGG	g0
CAATTTCCATGGCCCA	g3
CAATTTCGTAAGTAGT	g0
CAATTTCGTACTCGAT	g9
CAATTTCGTGTCTCCT	g0
CAATTTCGTTCTCACC	g2
CAATTTCTCACAACCA	g9
CAATTTCTCACGATAC	g2
CAATTTCTCCAATCTT	g4
CACAACAAGAGGATGA	g4
CACAACAAGCTTGTGT	g3
CACAACAAGTAAATGC	g7
CACAACACACGCAGTC	g7
CACAACAGTACAGTTC	g2
CACAACAGTAGGACCA	g2
CACAACAGTATGTCCA	g4
CACAACAGTCACAGTT	g0
CACAACAGTGTCTTGA	g3
CACAACAGTGTGACCC	g0
CACAACAGTTGATGTC	g7
CACAACATCATTTACC	g4
CACAACATCTAATTCC	g3
CACACAAAGAGAGCGG	g4
CACACAAAGATACTGA	g2
CACACAAAGCAGGCAT	g2
CACACAAAGTAGTCCT	g0
CACACAAAGTCTCTGA	g0
CACACAAAGTTGCCTA	g0
CACACAACACACACGC	g4
CACACAACACACAGCC	g2
CACACAATCCAGCTCT	g4
CACACAATCGAGAACG	g2
CACAGATAGACGCCAA	g0
CACAGATAGATAGCAT	g0
CACAGATAGTGGATAT	g4
CACAGATCACGAAGAC	g4
CACAGATCAGGGTTGA	g9
CACAGATCATTAAGCC	g3
CACAGATGTACAGAAT	g0
CACAGATTCTAGTCAG	g0
CACAGGCAGACATGCG	g7
CACAGGCAGGTGCTTT	g0
CACAGGCCAGCAGTCC	g2
CACAGGCGTAGGAGTC	g2
CACAGGCGTATGACAA	g2
CACAGGCTCAGGACGA	g2
CACAGGCTCTTGTGCC	g0
CACATGAAGAGGATCC	g2
CACATGAAGGGTAGCT	g0
CACATGAAGGTCCGAA	g2
CACATGAAGGTTAGTA	g4
CACATGAAGTAACAGT	g4
CACATGAAGTATGGCG	g0
CACATGACAGACGATG	g7
CACATGACAGTGAGCA	g0
CACATGACATGAGAAT	g0
CACATGAGTGTATTGC	g0
CACATGAGTGTTGCCG	g4
CACATGATCCACACCT	g2
CACATGATCGAACCTA	g7
CACCAAAAGCCGTAAG	g0
CACCAAAAGGGTACAC	g1
CACCAAAAGTCCTGTA	g9
CACCAAACAAGTGGAC	g0
CACCAAACACTGGACC	g2
CACCAAACAGGCCCTA	g0
CACCAAACATACTGTG	g4
CACCAAACATCCTGTC	g8
CACCAAACATGGGCAA	g2
CACCAAAGTAGAATGT	g4
CACCAAAGTTGCATAC	g7
CACCAAATCGGCCTTT	g2
CACCAAATCGTAACCA	g3
CACCGTTAGCAGTAAT	g2
CACCGTTAGGTTGACG	g2
CACCGTTCAAACCGGA	g2
CACCGTTCAATCCTAG	g0
CACCGTTCATCGCTCT	g4
CACCGTTCATCTCATT	g2
CACCGTTGTCATCCGG	g2
CACCGTTGTGGTTCTA	g8
CACCGTTTCAGATGCT	g0
CACGAATAGACCTTTG	g2
CACGAATAGACGGATC	g2
CACGAATAGAGGCTGT	g0
CACGAATAGGGTTTCT	g0
CACGAATCATAGACTC	g2
CACGAATGTTCATCGA	g4
CACGAATTCAGTCTTT	g0
CACGAATTCCGGACGT	g2
CACGAATTCGGCATAT	g4
CACGAATTCTGGAGAG	g0
CACGAATTCTTGGGCG	g4
CACGGGTAGCTGAGCA	g0
CACGGGTAGGGTAATT	g0
CACGGGTCAATAAGGT	g7
CACGGGTCACAATCTG	g0
CACGGGTCACCAGGTC	g0
CACGGGTCACTTCCTG	g0
CACGGGTCATGAAGGC	g0
CACGGGTGTACAAGCG	g0
CACGGGTTCAGTGCGC	g0
CACGGGTTCTAGACCA	g4
CACGTGGAGAAGTCAT	g2
CACGTGGAGACCTCCG	g4
CACGTGGAGCGTTCAT	g1
CACGTGGAGCTATCCA	g0
CACGTGGCAAAGGCAC	g0
CACGTGGCAACTCCAA	g4
CACGTGGCATCAGCTA	g3
CACGTGGCATTGCCTC	g0
CACGTGGGTACATTGC	g0
CACGTGGGTTGTGTTG	g0
CACGTGGTCACACCCT	g2
CACGTGGTCGGTCATA	g2
CACGTGGTCGTGCTCT	g2
CACGTGGTCGTGGGAA	g0
CACGTGGTCTCTCGCA	g0
CACGTGGTCTGCGTCT	g0
CACGTTCAGATGGCGT	g2
CACGTTCAGCTGTCCG	g2
CACGTTCAGTTCCGTA	g0
CACGTTCCACGGCACT	g4
CACGTTCCAGAGAGGG	g0
CACGTTCCATCCGAAT	g0
CACGTTCGTGCGAACA	g7
CACGTTCGTTGTCAGT	g4
CACGTTCTCACCACAA	g7
CACGTTCTCGCTCATC	g8
CACTAAGAGAAAGTCT	g9
CACTAAGAGAGGGTGG	g5
CACTAAGAGGATTACA	g2
CACTAAGCAAGCCTGC	g2
CACTAAGCAAGGTACG	g2
CACTAAGCACGTGAGA	g0
CACTAAGCATAACAGA	g2
CACTAAGGTAAGTCAA	g2
CACTAAGGTACTAACC	g0
CACTAAGGTCACCACG	g1
CACTAAGGTCCGGTCA	g3
CACTAAGGTGACACGA	g6
CACTAAGGTGCAATGG	g4
CACTAAGTCAAGTTGC	g3
CACTAAGTCGGTAACT	g10
CACTAAGTCGTGGCTG	g2
CACTAAGTCTGCACCT	g0
CACTAAGTCTTGCGCT	g0
CACTGAAAGCGTTACT	g7
CACTGAAAGGGTCTTT	g7
CACTGAAAGGTCGTCC	g4
CACTGAAAGGTTGGTG	g0
CACTGAAAGTCATACC	g2
CACTGAACAATAAGGT	g2
CACTGAACACCTGATA	g4
CACTGAATCTCGTCAC	g2
CACTGAATCTGCGATA	g5
CACTGGGAGAGGTATT	g0
CACTGGGAGCGGTAGT	g0
CACTGGGAGCTAGTTC	g4
CACTGGGAGTGCTACT	g4
CACTGGGCAATTTCTC	g0
CACTGGGGTACATTGC	g2
CACTGGGGTCTGCAAT	g3
CACTGGGGTGTCCTAA	g0
CACTGGGGTTGCGGAA	g4
CACTGGGTCTTAAGGC	g2
CACTGTCAGAGCCGAT	g4
CACTGTCAGATGACCG	g2
CACTGTCAGCGAGTAC	g8
CACTGTCAGGATGAGA	g2
CACTGTCAGGCTCACC	g0
CACTGTCAGTGAATAC	g4
CACTGTCAGTTGTAGA	g8
CACTGTCCAAACTAAG	g2
CACTGTCCAAATGCTC	g0
CACTGTCCAAGCGATG	g8
CACTGTCGTAAGCGGT	g0
CACTGTCGTCGTGCCA	g2
CACTGTCGTTCACCGG	g7
CACTGTCTCAGACCTA	g0
CACTGTCTCCAAACCA	g0
CACTGTCTCCGTTGGG	g0
CACTTCGAGCTCTTCC	g4
CACTTCGCAAAGGGTC	g0
CACTTCGCAACTGCCG	g0
CACTTCGCAAGAGTGC	g4
CACTTCGCACATTCTT	g0
CACTTCGGTGAATAAC	g6
CACTTCGGTGGAGAAA	g2
CACTTCGGTGTCCTAA	g2
CACTTCGGTTCCGCGA	g2
CACTTCGGTTTACGTG	g0
CACTTCGTCATTTCCA	g4
CACTTCGTCGTAGAGG	g0
CAGAGCCAGGTCATAA	g0
CAGAGCCAGTCCCTAA	g0
CAGAGCCCAAACCGGA	g4
CAGAGCCCAAGCCCAC	g2
CAGAGCCCAAGCGCAA	g0
CAGAGCCCACCGGTCA	g5
CAGAGCCGTATGCGTT	g2
CAGAGCCGTCGAGTGA	g4
CAGAGCCGTTCTGACA	g4
CAGAGCCGTTGTGGAG	g0
CAGAGCCTCAAACCTG	g2
CAGAGCCTCGCGGACT	g0
CAGAGCCTCTGCGGCA	g8
CAGAGCCTCTTCGATT	g4
CAGATACAGAGCAGCT	g9
CAGATACAGCAGGCTA	g2
CAGATACAGCGACTGA	g4
CAGATACGTGAAGCGT	g4
CAGATACGTTATGTCG	g0
CAGATACTCATACGGT	g2
CAGATACTCGTTGCCT	g2
CAGATCAAGAGCATAT	g0
CAGATCAAGCTGCCTG	g0
CAGATCAAGTATCCTG	g7
CAGATCACAGTATTCG	g3
CAGATCACATCCAACA	g4
CAGATCAGTAACAGTA	g2
CAGATCAGTATAGCTC	g2
CAGATCATCAAGGTGG	g0
CAGATCATCTGGCCTT	g2
CAGATTGAGCCACAAG	g2
CAGATTGAGCTAGCCC	g4
CAGATTGCAAGGCCTC	g2
CAGATTGCATGGATCT	g0
CAGATTGGTCTCTCAC	g2
CAGATTGGTGCCGAAA	g0
CAGCAATCACAAGCCC	g6
CAGCAATGTAGATCGG	g2
CAGCAATGTCGTGTTA	g0
CAGCAATGTGAGATCG	g0
CAGCAATGTTCGGCGT	g2
CAGCAATGTTGTGTTG	g2
CAGCACGAGATCGCTT	g9
CAGCACGAGATGACCG	g2
CAGCACGAGCAGAAAG	g7
CAGCACGAGCGAGAAA	g0
CAGCACGAGGGATCAC	g2
CAGCACGAGTCCGTCG	g7
CAGCACGAGTCTGCAT	g0
CAGCACGCAAAGGAGA	g0
CAGCACGCAGTCGAGA	g2
CAGCACGGTCAAAGTA	g0
CAGCACGGTGTGTGGA	g2
CAGCACGGTTAGAGAT	g6
CAGCACGTCACTGTTT	g2
CAGCACGTCAGTGTGT	g0
CAGCACGTCATGGAGG	g4
CAGCACGTCCGTAATG	g7
CAGCACGTCGAATGCT	g7
CAGCACGTCGTAGTGT	g8
CAGCACGTCTCAGAAC	g0
CAGCACGTCTCAGTCC	g7
CAGCAGCAGGCCCAAA	g0
CAGCAGCAGGTATCTC	g2
CAGCAGCAGTGTAGAT	g2
CAGCAGCAGTTGGCGA	g0
CAGCAGCCAATGCAAA	g9
CAGCAGCCACATACTG	g7
CAGCAGCCAGCTTTGA	g4
CAGCAGCGTAGTACGG	g2
CAGCAGCGTATGATCC	g7
CAGCAGCGTCGCTTAA	g0
CAGCAGCTCACTGCTC	g3
CAGCAGCTCAGGCGAA	g2
CAGCAGCTCCGAGGCT	g0
CAGCAGCTCGGTCGGT	g4
CAGCAGCTCGTTGCCT	g0
CAGCAGCTCTATTCGT	g0
CAGCCAGCAATGACCT	g7
CAGCCAGCACAGACGA	g0
CAGCCAGCATATGAAG	g0
CAGCCAGGTACTCAAC	g0
CAGCCAGGTCGTTGCG	g2
CAGCCAGGTTACACAC	g9
CAGCCAGTCATCAGTG	g7
CAGCCAGTCGCTAGCG	g9
CAGCCAGTCTCTCGAC	g0
CAGCGTGAGAATAACC	g7
CAGCGTGAGACATGCG	g4
CAGCGTGAGCTGACCC	g2
CAGCGTGAGGGCTTCC	g0
CAGCGTGAGGTAGTCG	g4
CAGCGTGAGTCATCCA	g4
CAGCGTGCACTACCCT	g4
CAGCGTGCAGCAGATG	g2
CAGCGTGCATATGCGT	g0
CAGCGTGGTAACAGGC	g0
CAGCGTGGTACCTGTA	g0
CAGCGTGGTAGCTAAA	g4
CAGCGTGGTGAACTAA	g7
CAGCGTGGTGAGATTA	g3
CAGCGTGGTGGATACG	g2
CAGCGTGGTGGGTATG	g0
CAGCGTGTCGGCATTA	g0
CAGCGTGTCGTCCATC	g2
CAGCGTGTCTACAGGT	g4
CAGGCCAAGACTCCGC	g0
CAGGCCAAGCAGTAAT	g0
CAGGCCAAGCCTCAGC	g7
CAGGCCAAGTAAAGCT	g0
CAGGCCAAGTTACTCG	g2
CAGGCCACACGACTAT	g2
CAGGCCACAGCTACTA	g4
CAGGCCAGTCTTGTCC	g0
CAGGCCAGTGACACGA	g7
CAGGCCAGTTGGCCTG	g0
CAGGCCAGTTGTTGTG	g2
CAGGCCATCCACGAAT	g4
CAGGCCATCGTCCATC	g0
CAGGCCATCTCAACCC	g1
CAGGCCATCTGCGAGC	g3
CAGGGCTAGTTCCAGT	g0
CAGGGCTCAAGTGCTT	g0
CAGGGCTCAAGTGGGT	g2
CAGGGCTCACTTCTCG	g2
CAGGGCTCATGTGCCG	g4
CAGGGCTCATTGAGCT	g0
CAGGGCTGTAGTGTGG	g4
CAGGGCTGTATGGGAC	g2
CAGGGCTGTGTGCCTG	g0
CAGGGCTTCCGATTAG	g0
CAGGGCTTCCTGTAGA	g2
CAGGGCTTCGGACTTA	g0
CAGGGCTTCGTTCTCG	g2
CAGGGCTTCTATCCAT	g4
CAGGTATAGTGCAACG	g0
CAGGTATCAAACCACT	g0
CAGGTATCAACTAGAA	g2
CAGGTATCATCCGAGC	g2
CAGGTATGTAAGGAGA	g8
CAGGTATGTCATTCCC	g7
CAGGTATGTTAGGCTT	g4
CAGGTATTCAGAGCAG	g2
CAGGTATTCATTTACC	g4
CAGGTATTCGCCTTTG	g3
CAGGTATTCTAGTGTG	g2
CAGGTATTCTTAATCC	g4
CAGTGCGAGACATACA	g4
CAGTGCGAGCACTCGC	g7
CAGTGCGAGGCCTTGC	g3
CAGTGCGAGTCCCTAA	g0
CAGTGCGAGTCGAAGC	g0
CAGTGCGCATCGCCTT	g0
CAGTGCGGTAGTGGCA	g0
CAGTGCGGTCAGGCAA	g2
CAGTGCGGTTAAGGAT	g4
CAGTGCGGTTAGAAGT	g2
CAGTGCGTCAACTGAC	g0
CAGTGCGTCAAGTCGT	g3
CAGTGCGTCAGTGCGC	g0
CAGTTAGAGACCGTTT	g2
CAGTTAGAGAGCCGAT	g10
CAGTTAGCAGACCGCT	g0
CAGTTAGGTACAGTTC	g7
CAGTTAGGTAGCTGAG	g0
CAGTTAGGTCGAGATG	g8
CAGTTAGGTTGTCTAG	g9
CAGTTAGGTTTCACAG	g3
CAGTTAGTCACCTCTG	g2
CAGTTAGTCAGGGATG	g0
CAGTTAGTCCCTATTA	g6
CAGTTAGTCCGTATAG	g0
CAGTTAGTCGGTTAGT	g2
CAGTTCCAGAGGATCC	g2
CAGTTCCAGCGTCGAA	g0
CAGTTCCAGGAGGCAG	g0
CAGTTCCCAGACCAGA	g0
CAGTTCCCAGTCGGTC	g4
CAGTTCCCATGGAGAC	g4
CAGTTCCGTAGTAAGT	g0
CAGTTCCGTCCAAATC	g8
CAGTTCCGTGCGTGCT	g7
CAGTTCCGTTATCTTC	g2
CAGTTCCTCCGTATGA	g2
CAGTTCCTCGCTCTAC	g4
CAGTTCCTCTAGGAAA	g3
CATAAGCAGCATCAGG	g0
CATAAGCAGGAACTAT	g2
CATAAGCAGGTCGTGA	g0
CATAAGCCAGTGGGTA	g4
CATAAGCCATGACAGG	g6
CATAAGCGTACAGCGA	g2
CATAAGCGTAGACTGG	g4
CATAAGCGTAGTGCGA	g0
CATAAGCGTTACTCAG	g0
CATAAGCGTTCCGTTC	g2
CATAAGCGTTGTGGAG	g7
CATAAGCTCAGAGCAG	g1
CATAAGCTCCAGCCTT	g1
CATACAGAGATTGAGT	g0
CATACAGCAACACTAC	g0
CATACAGCACACGGTC	g4
CATACAGCACTAGGCC	g2
CATACAGCAGCAAGAC	g1
CATACAGCAGGTTTAC	g1
CATACAGCAGTTTGGT	g0
CATACAGGTACTCGTA	g7
CATACAGGTGGCTTAT	g4
CATACAGGTTCGGCGT	g0
CATACAGGTTTCCCAC	g2
CATACAGTCAAGTGGG	g2
CATACAGTCGAGCCAC	g3
CATACAGTCGTCGACG	g9
CATACCCAGTTGTAAG	g2
CATACCCCACCAGCCA	g2
CATACCCCAGTGAGCA	g7
CATACCCCATAGCTGT	g2
CATACCCCATTGTCGA	g4
CATACCCGTACCTGTA	g7
CATACCCGTGACGCCT	g4
CATACCCGTTGGGCCT	g3
CATACCCTCAAGCCTA	g4
CATACCCTCATCTGTT	g2
CATACTTAGTACGTCT	g9
CATACTTCAACTCCAA	g2
CATACTTCAGGCTTGC	g8
CATACTTGTAGTATAG	g0
CATACTTGTCTCTCCA	g6
CATACTTGTGAAGCTG	g0
CATAGACAGAGGCCAT	g2
CATAGACAGAGTCGAC	g0
CATAGACCAAGACAAT	g0
CATAGACCACAAACGG	g0
CATAGACGTAGTATAG	g2
CATAGACGTGCCCTTT	g3
CATAGACTCAACCGAT	g2
CATAGACTCGGTGTAT	g0
CATCAAGAGAAACCAT	g0
CATCAAGAGCGACTGA	g3
CATCAAGAGGTAGACC	g0
CATCAAGAGTGGTGAC	g2
CATCAAGCAAACCGGA	g4
CATCAAGCAAGCGCAA	g0
CATCAAGCATGGTACT	g2
CATCAAGGTAATCAAG	g3
CATCAAGGTATCCTTT	g0
CATCAAGGTCGTTTCC	g7
CATCAAGGTGCCGTTG	g0
CATCAAGGTGTTCGAT	g2
CATCAAGTCCCAACTC	g2
CATCAAGTCGCGAAGA	g0
CATCCACAGCATGAAT	g7
CATCCACAGGATATGT	g4
CATCCACCAAGAAACT	g9
CATCCACCAATGCAGG	g2
CATCCACGTAAGGTCG	g0
CATCCACGTGTAACGG	g7
CATCCACGTTCAGCTA	g4
CATCCACTCACAAGAA	g2
CATCCACTCAGGACAG	g9
CATCCACTCTCTTCAA	g1
CATCCCAAGAGGGTCT	g3
CATCCCAAGGGAGGCA	g0
CATCCCAAGTTGGGAC	g4
CATCCCACAGAGTAAT	g9
CATCCCAGTAGCGATG	g2
CATCCCAGTATCGAGG	g2
CATCCCAGTCTGTGAT	g7
CATCCCAGTGAGATTA	g1
CATCCCAGTTGCCGAC	g2
CATCCCATCAGCTGAT	g0
CATCCCATCCACCTGT	g0
CATCCCATCCATCTCG	g0
CATCCCATCGCTCATC	g0
CATCCCATCGGAATGG	g0
CATCCCATCTTAGGAC	g9
CATCCGTAGAAGCCTG	g7
CATCCGTAGGCCCAAA	g0
CATCCGTAGGTCATAA	g2
CATCCGTAGTGTAGAT	g6
CATCCGTGTCCAGCGT	g2
CATCCGTGTTCCAGGC	g2
CATCCGTTCTCTCGAC	g7
CATCCGTTCTGGTTGA	g4
CATCGCTAGTCTTCGA	g0
CATCGCTCAACGCATT	g7
CATCGCTCAAGCCATT	g2
CATCGCTCACACTGGC	g1
CATCGCTCACGGGTAA	g2
CATCGCTCAGTTTCAG	g0
CATCGCTGTAGAATAC	g4
CATCGCTGTCCGGATC	g0
CATCGCTGTGATAGAT	g0
CATCGCTGTTCCACGG	g0
CATCGCTTCAACTACG	g2
CATCGGGAGGTCACAG	g4
CATCGGGAGTTACGAA	g0
CATCGGGAGTTGTAGA	g3
CATCGGGCAAAGCTCT	g0
CATCGGGCAATTCACG	g2
CATCGGGCACAGGATG	g4
CATCGGGCACGAAGAC	g2
CATCGGGCACGTCGTG	g8
CATCGGGCAGAGTTGG	g7
CATCGGGCATCAGCAT	g2
CATCGGGTCCATTGGA	g7
CATCGGGTCGTGCACG	g5
CATCGTCAGAAGGATG	g2
CATCGTCAGCGATCGA	g0
CATCGTCAGGTGAGAA	g7
CATCGTCAGGTTGGAC	g0
CATCGTCCAACGATCT	g2
CATCGTCCAAGTGACG	g7
CATCGTCCACCACATA	g0
CATCGTCCAGAGTTGG	g2
CATCGTCCATACGCAT	g2
CATCGTCGTAACTTCG	g0
CATCGTCGTCCCACGA	g0
CATCGTCGTCCCTAAA	g2
CATCGTCGTGTTTGCA	g2
CATCGTCTCAGCTGTA	g7
CATCGTCTCTTTCCGG	g1
CATGAGTAGAGCACTG	g0
CATGAGTAGGATTTCC	g0
CATGAGTAGGTGTGAC	g2
CATGAGTAGTGTTGTC	g3
CATGAGTAGTTGTACC	g0
CATGAGTCAACCCTAA	g0
CATGAGTCATAGATCC	g4
CATGAGTGTACAAAGT	g1
CATGAGTTCTTTGGAG	g2
CATGCAAAGCAGGCAT	g0
CATGCAACACGCCACA	g4
CATGCAACATGCCGGT	g4
CATGCAAGTGAACCGA	g4
CATGCAAGTGCGAACA	g9
CATGCAATCACTTTGT	g4
CATGCAATCATTCCTA	g0
CATGCAATCCTCTAAT	g0
CATGCAATCGACCAAT	g1
CATGCAATCTATCACT	g2
CATGCCTAGACAACTA	g2
CATGCCTAGGACGGAG	g2
CATGCCTAGGAGACCT	g2
CATGCCTAGGAGTACC	g4
CATGCCTAGTCCTACA	g2
CATGCCTCAACACGTT	g3
CATGCCTCAAGGGTCA	g4
CATGCCTCACTGCGTG	g7
CATGCCTCAGCGTGCT	g7
CATGCCTCAGCGTTGC	g3
CATGCCTGTAACATAG	g2
CATGCCTGTCATCGCG	g6
CATGCCTGTGGCTTAT	g2
CATGCCTGTGTCATCA	g7
CATGCCTTCAGAGTTC	g0
CATGCCTTCGTTGTGA	g3
CATGCCTTCTCATAGG	g2
CATGCGGAGATTTGCC	g2
CATGCGGAGCATGAAT	g0
CATGCGGAGCCTCGTG	g8
CATGCGGAGCCTGTGC	g0
CATGCGGAGTATGGAT	g7
CATGCGGCAAGACCTT	g2
CATGCGGCAAGTGGCA	g4
CATGCGGCAATACGCT	g0
CATGCGGCAGGAGACT	g0
CATGCGGCATAGAGGC	g7
CATGCGGCATATCTGG	g0
CATGCGGGTAACAGGC	g0
CATGCGGGTAAGCTCT	g8
CATGCGGGTCATAGTC	g0
CATGCGGGTCATCAGT	g0
CATGCGGGTGCAGGAT	g7
CATGCGGGTGGCACTC	g4
CATGCGGTCTCCTGAC	g0
CATGCGGTCTCTTCAA	g0
CATGCGGTCTGAGTCA	g0
CATGCGGTCTGGGCAC	g4
CATGCTCAGCTTTGTG	g0
CATGCTCAGGCAGTCA	g7
CATGCTCAGGGTTAAT	g2
CATGCTCCAGAGTTGG	g4
CATGCTCGTATATGGA	g9
CATGCTCGTCCAGCCA	g4
CATGCTCGTGCGTTTA	g0
CATGCTCGTGGGACAT	g0
CATGCTCTCAAACGTC	g0
CATGCTCTCAGCGGAA	g2
CATGCTCTCGCCAGTG	g0
CATGCTCTCTGTCTCG	g2
CATGGATAGACTTGTC	g0
CATGGATAGCGAAACC	g7
CATGGATAGGATGAGA	g0
CATGGATAGGTCTGGA	g0
CATGGATAGTCGTTAC	g2
CATGGATCAACGTTAC	g0
CATGGATGTAGCGAGT	g7
CATGGATGTCCACATA	g2
CATGGATGTCGCATGC	g9
CATGGATGTGGATCGA	g8
CATGGATTCAGGTAAA	g2
CATGGATTCATTTGGG	g0
CATGGATTCGCGTAGC	g2
CATGGATTCTTGATTC	g4
CATGGTAAGAAATGGG	g0
CATGGTAAGAATCGAT	g0
CATGGTAAGACCATTC	g7
CATGGTAAGTAACCGG	g0
CATGGTACACAAGCTT	g2
CATGGTACACAGCCAC	g2
CATGGTACAGGATCTT	g0
CATGGTACAGGCGAAT	g2
CATGGTACATCATTTC	g0
CATGGTACATGACGTT	g0
CATGGTAGTAAGAACT	g3
CATGGTATCACGGGAA	g2
CATGGTATCCATAAGC	g2
CATGGTATCCTCTAAT	g5
CATGGTATCGCCTATC	g3
CATTCATAGAGGCTGT	g1
CATTCATAGATAGTCA	g2
CATTCATAGGCACTCC	g2
CATTCATAGGGTAATT	g0
CATTCATAGTCATGGG	g3
CATTCATCAAGCCTGC	g0
CATTCATCAATCACGT	g2
CATTCATCACATTGTG	g4
CATTCATCATTGAGCT	g5
CATTCATGTGAGACGT	g2
CATTCATGTGTCATCA	g0
CATTCATGTTAAACCC	g1
CATTCATGTTAAAGTG	g2
CATTCATTCCGCCTAT	g0
CATTCATTCCTGGGTG	g0
CATTCATTCTACGGTA	g7
CATTCCGAGACGCTCC	g0
CATTCCGAGATGTAGT	g4
CATTCCGAGATTAGTG	g3
CATTCCGAGGTGCTAG	g4
CATTCCGAGTAGACAT	g3
CATTCCGCAACGCCCA	g4
CATTCCGCAGAGAAAG	g4
CATTCCGCAGCGACCT	g3
CATTCCGCATTGACTG	g2
CATTCCGGTCCAAGAG	g2
CATTCCGGTGCCTGAC	g2
CATTCCGGTTTCCAAG	g0
CATTCCGTCAACTGAC	g0
CATTCCGTCAGAGCAG	g0
CATTCCGTCCCTCTTT	g7
CATTCCGTCTAGGCAT	g0
CATTCTAAGGCGATAC	g2
CATTCTAAGTTTAGGA	g2
CATTCTACAAGAGGCT	g4
CATTCTACAAGGATGC	g0
CATTCTACACCCAAGC	g0
CATTCTACACGCCACA	g2
CATTCTACACTACCCT	g0
CATTCTACAGGAGGTT	g6
CATTCTACAGTGCCTG	g4
CATTCTACAGTTCACA	g2
CATTCTAGTTGGAGGT	g2
CATTCTATCATTTGTC	g2
CATTGAGAGAGGCGTT	g0
CATTGAGAGCGTGTCC	g0
CATTGAGAGTGAGGCT	g0
CATTGAGCACCAGCGT	g4
CATTGAGCAGGGTCTC	g0
CATTGAGCATTGACTG	g0
CATTGAGGTCCACGCA	g0
CATTGAGGTGAATGAT	g2
CATTGAGTCCTCAGGG	g7
CATTGAGTCTGGGTCG	g2
CATTGCCAGACATATG	g0
CATTGCCAGAGAGGTA	g4
CATTGCCAGCTAAGTA	g0
CATTGCCAGGTACAAT	g0
CATTGCCAGTTGAAAC	g6
CATTGCCCAAGACTGG	g2
CATTGCCCAATCAGCT	g0
CATTGCCCAGAACTCT	g0
CATTGCCGTATGAGAT	g6
CATTGCCGTCGACGCT	g0
CATTGCCTCACTTGTT	g2
CATTGCCTCCATTGGA	g4
CATTGCCTCCTGTAAG	g4
CATTGCCTCGTTTACT	g0
CATTGCCTCTACTTCA	g0
CATTGTTAGAGGGTAA	g0
CATTGTTAGAGGTATT	g2
CATTGTTCAGAATGTA	g7
CATTGTTCATACAGAA	g0
CATTGTTCATGAGATA	g4
CATTGTTGTTGCTAGT	g2
CATTGTTGTTGGCTAT	g0
CATTGTTTCCCGTTCA	g2
CATTTCAAGAGCACTG	g7
CATTTCAAGTTGCTCA	g2
CATTTCACACACACTA	g8
CATTTCACACATACTG	g0
CATTTCACACGATTCA	g0
CATTTCAGTACCCACG	g2
CATTTCAGTCTCGGAC	g4
CATTTCAGTGCACATT	g3
CATTTCAGTTGTATGC	g2
CATTTCAGTTTGCCGG	g4
CATTTCATCGCTAGCG	g7
CATTTCATCGTTTACT	g7
CATTTCATCTGACCCT	g0
CCAAGCGAGATTGAGT	g2
CCAAGCGAGGACAACC	g7
CCAAGCGAGTTGGCGA	g0
CCAAGCGCAAATTAGG	g2
CCAAGCGCACTAGAGG	g7
CCAAGCGGTAATGCGG	g4
CCAAGCGGTATCTCTT	g3
CCAAGCGGTTAAGAAC	g4
CCAAGCGTCAGACAAA	g4
CCAAGCGTCAGTGTCA	g0
CCAATGAAGACCAGCA	g0
CCAATGAAGACTCATC	g7
CCAATGACAACAAGAT	g4
CCAATGACACCACTGG	g2
CCAATGACAGTCACGC	g7
CCAATGAGTCGGAACA	g2
CCAATGAGTGACAACG	g1
CCAATGAGTTGTGGAG	g0
CCAATGATCGGTGTAT	g7
CCAATTTAGCTGCCTG	g2
CCAATTTAGGGTTAGC	g0
CCAATTTCAATGTCAC	g2
CCAATTTCACGACGTC	g0
CCAATTTGTATCAGCT	g3
CCAATTTGTCAGCTTA	g0
CCAATTTGTCTAGGCC	g0
CCAATTTGTGCCCAGT	g3
CCAATTTGTTGCATTG	g7
CCAATTTTCACGGAGA	g2
CCAATTTTCCATGCAA	g0
CCAATTTTCCTCAGGG	g6
CCAATTTTCGTTAGTG	g2
CCACAAAAGATGAATC	g0
CCACAAAAGATTAGAC	g2
CCACAAAAGCCGATCC	g2
CCACAAAAGCCTAACT	g4
CCACAAAAGCGTCTCG	g0
CCACAAACAAAGGTTA	g2
CCACAAACACATTACG	g9
CCACAAACACATTCTT	g2
CCACAAACACGTACAT	g3
CCACAAACATCTCAAG	g4
CCACAAAGTAAGCTCT	g0
CCACAAAGTACGCTAT	g0
CCACAAAGTCCTTTGC	g2
CCACAAAGTGGTGATG	g0
CCACAAAGTTGTGTAC	g7
CCACAAATCCAGCACG	g9
CCACAAATCCTAAGTG	g2
CCACAAATCGTTCCCA	g8
CCACACTAGACTTCAC	g0
CCACACTAGAGGGTCT	g2
CCACACTAGAGGTCGT	g2
CCACACTAGTTCATCG	g4
CCACACTCACCCAAGC	g2
CCACACTCACTAGGTT	g4
CCACACTGTCTGATCA	g2
CCACACTGTTATGACC	g3
CCACACTTCACCTACC	g2
CCACACTTCCCATTTA	g8
CCACACTTCTAGCCAA	g0
CCACACTTCTGTAACG	g4
CCACACTTCTGTGCAA	g2
CCACCATAGAAGCGGG	g2
CCACCATAGACGCTCC	g2
CCACCATAGCCTTTGA	g2
CCACCATAGCTTTCCC	g8
CCACCATAGTCAGGGT	g2
CCACCATCAAATGAAC	g2
CCACCATCAGAATGTA	g0
CCACCATCAGTGCGCT	g7
CCACCATCAGTGGGTA	g2
CCACCATCATTCATCT	g0
CCACCATGTCAAGGCA	g7
CCACCATGTCCTGTCT	g2
CCACCATGTGGACAGT	g2
CCACCATTCAGGCGAA	g2
CCACCATTCATCACTT	g3
CCACCATTCCCGAGTG	g4
CCACGAGAGAGTTCGG	g1
CCACGAGAGCGCTTCG	g4
CCACGAGAGTCGGCAA	g2
CCACGAGCAATGGCCC	g0
CCACGAGCAGAGTAAT	g0
CCACGAGCAGCCCACA	g0
CCACGAGCAGGGAATC	g2
CCACGAGGTGAAAGTT	g0
CCACGAGGTGAGATCG	g2
CCACGAGTCATGCCGG	g4
CCACGAGTCGGTGAAG	g0
CCACGAGTCTCGACGG	g8
CCACGAGTCTTTGCGC	g2
CCACGTTAGCAATTAG	g8
CCACGTTAGGGATCAC	g0
CCACGTTAGGTCCGAA	g0
CCACGTTAGTTTCAGC	g4
CCACGTTCACCAAATC	g7
CCACGTTCAGTCCCGA	g2
CCACGTTCAGTCGAGA	g0
CCACGTTCAGTGTGCC	g7
CCACGTTCATCCTTCG	g0
CCACGTTGTGGCCACT	g2
CCACGTTGTGGTACAG	g3
CCACGTTGTTTCGTAG	g0
CCACGTTTCATCGCCT	g2
CCACGTTTCCAGTTCC	g0
CCACGTTTCGAGTGAG	g2
CCACGTTTCGCTTAAG	g0
CCACGTTTCGTAACAC	g0
CCACTTGAGAGGACTC	g4
CCACTTGAGTCTCGTA	g2
CCACTTGCAAACTAGA	g0
CCACTTGCAGTAGAAT	g7
CCACTTGCATCGTTCC	g2
CCACTTGCATGGCCCA	g2
CCACTTGGTAGTCCTA	g0
CCACTTGTCACACGAT	g0
CCACTTGTCATGGATC	g8
CCACTTGTCTTAGCCC	g0
CCACTTGTCTTCGTAT	g2
CCATAAGCACTGAATC	g2
CCATAAGCAGGTGTGA	g0
CCATAAGGTAACGATA	g2
CCATAAGGTGGAAATT	g0
CCATAAGGTGGAAGTC	g4
CCATAAGGTGTAGGAC	g2
CCATAAGGTTAAACAG	g0
CCATAAGGTTCCTTGC	g0
CCATAAGTCAAGGTGG	g4
CCATAAGTCATCGTAG	g7
CCATAAGTCGCAATGT	g0
CCATAAGTCGCATTAG	g0
CCATCACAGAACCCGA	g0
CCATCACAGACCTGGA	g2
CCATCACAGTCTCCTC	g2
CCATCACCACGTATAC	g0
CCATCACCACGTCGTG	g8
CCATCACCATGATGCT	g1
CCATCACGTAGAGACC	g0
CCATCACGTATCAGCT	g4
CCATCACGTATCGAGG	g0
CCATCACGTCGTTGGC	g0
CCATCACGTGGAACCA	g0
CCATCACGTTGCGGCT	g2
CCATCACTCAGACAAA	g0
CCATCACTCCACCTGT	g2
CCATCACTCCGCGGAT	g2
CCATCACTCCTTATGT	g0
CCCAACTAGAGTCACG	g3
CCCAACTGTCATCGCG	g0
CCCAACTGTCGTTGGC	g2
CCCAACTGTTTACTGG	g7
CCCAACTTCACAATGC	g0
CCCAACTTCCACAGCG	g2
CCCAACTTCCTCTTTC	g0
CCCATTGAGGTCATCT	g2
CCCATTGAGTAGGGTC	g0
CCCATTGAGTCACGAG	g0
CCCATTGAGTTAACGA	g0
CCCATTGCAGCTGCCA	g0
CCCATTGCAGGCGATA	g2
CCCATTGGTGTGCTTA	g0
CCCATTGTCGTCCTTG	g3
CCCGAAGAGCTACTGT	g4
CCCGAAGAGCTTTGTG	g7
CCCGAAGAGTGCTAGG	g7
CCCGAAGCACCCTCTA	g0
CCCGAAGGTTAGGGTG	g2
CCCGAAGTCACTGGGC	g2
CCCGAAGTCCCTTGGT	g1
CCCGAAGTCCCTTGTG	g2
CCCGGAAAGCGTTAGG	g2
CCCGGAAAGGAACGTC	g7
CCCGGAAAGGCTCCCA	g2
CCCGGAACAGAACCGA	g0
CCCGGAACAGACATCT	g2
CCCGGAACAGACCTGC	g2
CCCGGAACAGTTTCAG	g2
CCCGGAACATGTGACT	g2
CCCGGAAGTATCTTCT	g0
CCCGGAAGTCCAAGAG	g2
CCCGGAAGTGGTCCCA	g0
CCCGGAATCACCCTGT	g2
CCCGGAATCACGAACT	g2
CCCGGAATCATGGGAG	g7
CCCGGAATCCGTGTGG	g0
CCCGGAATCGCGTGAC	g0
CCCGGAATCTCTGGTC	g1
CCCTAACAGAAACTGT	g4
CCCTAACAGAACTCCT	g4
CCCTAACAGGATGAGA	g4
CCCTAACAGTATGAGT	g0
CCCTAACCAACAACAA	g1
CCCTAACCAAGAAACT	g0
CCCTAACCAAGTAGTA	g3
CCCTAACCACACAGAG	g7
CCCTAACCACCCTTGT	g8
CCCTAACGTACCGGCT	g0
CCCTAACGTCTACACA	g0
CCCTAACGTGCTTATG	g8
CCCTAACGTGGATCAG	g7
CCCTAACGTGTTAACC	g0
CCCTAACGTTACCCTC	g3
CCCTAACGTTATGGTC	g4
CCCTAACTCACAATGC	g0
CCCTAACTCTAGTACG	g2
CCCTCAAAGATGGTCG	g2
CCCTCAAAGTAAGGGA	g7
CCCTCAAAGTCTTCGA	g2
CCCTCAAAGTGTAGTA	g6
CCCTCAACACGTTCGG	g4
CCCTCAACAGGGAGAG	g2
CCCTCAACATCGTGGC	g7
CCCTCAAGTAACATGA	g0
CCCTCAAGTAATGATG	g0
CCCTCAAGTACGTAGG	g7
CCCTCAAGTATGCAAA	g0
CCCTCAAGTTCATCGA	g2
CCCTCAAGTTGTGCCG	g0
CCCTCAATCAGACAAA	g0
CCCTCAATCCCAGGAC	g0
CCCTCAATCGCTACAA	g0
CCCTCAATCTTGGCTC	g2
CCCTCAATCTTTCCAA	g7
CCCTCTCAGAATTGCA	g0
CCCTCTCCAACGACTT	g2
CCCTCTCCACAGCTTA	g7
CCCTCTCCAGGCGATA	g0
CCCTCTCCATCGCTAA	g8
CCCTCTCCATTCTGTT	g2
CCCTCTCGTCCAATCA	g0
CCCTCTCGTTGCATGT	g0
CCCTCTCTCATGGTAC	g2
CCCTCTCTCCCAGGAC	g0
CCCTCTCTCCGAGCTG	g7
CCCTCTCTCGGTAGGA	g0
CCCTGATAGGAACGCT	g8
CCCTGATAGTTCTCTT	g7
CCCTGATCACTCCGGA	g4
CCCTGATCAGCCTACG	g0
CCCTGATGTCATACCA	g2
CCCTGATGTGATCGTT	g2
CCCTGATGTGCGTTTA	g0
CCCTGATGTGTGATGG	g8
CCCTGATGTTGGAGGT	g9
CCCTGATGTTTACTTC	g4
CCCTGATTCGTCAGAT	g3
CCCTTAGAGATTAGTG	g4
CCCTTAGAGGTGCTAG	g3
CCCTTAGCATCTGGGC	g0
CCCTTAGCATTGCAAC	g6
CCCTTAGGTAGCGTTT	g2
CCCTTAGGTCGTACTA	g7
CCCTTAGGTGTCATTG	g4
CCCTTAGGTTAGCGGA	g1
CCCTTAGTCCTCTCTT	g6
CCCTTAGTCTGTACAG	g7
CCGAACGAGACGGAAA	g0
CCGAACGAGACGGTTG	g4
CCGAACGAGACTGGGT	g1
CCGAACGAGGTCTTTG	g4
CCGAACGAGTAAATGC	g7
CCGAACGCACAGCTGC	g2
CCGAACGCAGTAGTGG	g7
CCGAACGCATTCTGTT	g1
CCGAACGGTAGAGTTA	g6
CCGAACGGTTGTGTAC	g2
CCGAACGGTTTACACG	g2
CCGAACGTCAGCTGAT	g3
CCGAACGTCCGTGCGA	g4
CCGAACGTCTACCACC	g7
CCGATCTAGGAAAGTG	g0
CCGATCTAGTACTGGG	g4
CCGATCTCAACTTGCA	g4
CCGATCTCACCAGCGT	g4
CCGATCTGTGGCGCTT	g2
CCGATCTTCACCTTAT	g0
CCGATCTTCGTCACCT	g8
CCGATGGAGAGGATGA	g0
CCGATGGAGAGGGTGG	g4
CCGATGGAGCAAGTCG	g2
CCGATGGAGCTAGAGC	g0
CCGATGGCAAGCTGTT	g7
CCGATGGCAATCGCCG	g4
CCGATGGCACAAGGTG	g0
CCGATGGGTCTTACTT	g0
CCGATGGGTGACAACG	g0
CCGATGGGTGAGCTCC	g0
CCGATGGGTGCGGTAA	g2
CCGATGGTCAGCGGAA	g0
CCGATGGTCGCGATCG	g4
CCGCAAGAGGCCACTC	g0
CCGCAAGCAGTTGTTG	g2
CCGCAAGGTACAAAGT	g3
CCGCAAGGTACCCACG	g4
CCGCAAGGTCAAGCGA	g4
CCGCAAGGTGCCCGTA	g7
CCGCAAGGTTATCCAG	g2
CCGCAAGTCACCTCAC	g0
CCGCAAGTCAGCCTTC	g0
CCGCAAGTCAGGACGA	g8
CCGCAAGTCCTTATAC	g2
CCGCAAGTCGGATTAC	g0
CCGCAAGTCGGCCCAA	g4
CCGCAAGTCTGTCCGT	g0
CCGGACAAGCAGAAAG	g8
CCGGACACAAATTGGA	g0
CCGGACACAAGGCTTT	g0
CCGGACACACAGTGTT	g2
CCGGACAGTCCTTTGC	g3
CCGGACAGTCGATTAC	g2
CCGGACAGTGACCGAA	g0
CCGGACAGTGATACAA	g2
CCGGACAGTTGTAAAG	g3
CCGGACATCTACGGGC	g2
CCGGGTAAGCGACATG	g4
CCGGGTAAGGGTTTCT	g0
CCGGGTACATGTGCCG	g4
CCGGGTAGTAGCTGCC	g2
CCGGGTATCACCTGGG	g1
CCGGGTATCGTGCGAC	g0
CCGGTAGAGCTACAAA	g2
CCGGTAGAGGGTTTCT	g2
CCGGTAGAGTAGGAAG	g2
CCGGTAGAGTTCGCAT	g4
CCGGTAGGTCTAGATC	g4
CCGGTAGGTTATGTGC	g2
CCGGTAGGTTTGAACC	g7
CCGGTAGTCACGACTA	g1
CCGGTAGTCCCGATCT	g0
CCGGTAGTCCGGACTG	g5
CCGGTAGTCGGTTCAA	g0
CCGGTGAAGGGAGATA	g8
CCGGTGACAATTGTGC	g4
CCGGTGACACAGAGCA	g0
CCGGTGACACGTTCGG	g4
CCGGTGACACTGGACC	g3
CCGGTGACATACAGAA	g2
CCGGTGAGTATATGGA	g0
CCGGTGAGTATGTCAC	g0
CCGGTGAGTCGCTTAA	g3
CCGGTGAGTGGGTATG	g0
CCGGTGAGTTAGAGAT	g2
CCGGTGATCGCCATAA	g2
CCGGTGATCGTCGACG	g0
CCGGTGATCTTACTGT	g0
CCGTAGGAGCATGAAT	g4
CCGTAGGAGGTAGCAC	g0
CCGTAGGCACGTAGAG	g0
CCGTAGGCACTGTGAT	g2
CCGTAGGCATAGTCAC	g0
CCGTAGGCATGAAGGC	g7
CCGTAGGGTGACTCGC	g4
CCGTAGGGTTCGCGTG	g6
CCGTAGGTCGGTCACG	g4
CCGTGAGAGGAGCTGT	g4
CCGTGAGAGTCAATCC	g3
CCGTGAGAGTGTCATC	g3
CCGTGAGCAACCACGC	g2
CCGTGAGCACAACCGC	g2
CCGTGAGCACCCTGTT	g0
CCGTGAGCACTCCTGT	g0
CCGTGAGCACTGCGAC	g7
CCGTGAGCAGCTGCCA	g0
CCGTGAGCATAGCTGT	g7
CCGTGAGTCCGACATA	g9
CCGTGAGTCCGAGGCT	g2
CCGTTCACAAGAGCTG	g8
CCGTTCACAGCTACTA	g4
CCGTTCACATTCACAG	g9
CCGTTCAGTCGCATGC	g4
CCGTTCATCATTATCC	g3
CCGTTCATCGTAGTCA	g0
CCTAACCAGATTGATG	g1
CCTAACCAGCCATGCC	g0
CCTAACCAGCCTGGAA	g0
CCTAACCAGCGGGTTA	g0
CCTAACCAGGCCACTC	g0
CCTAACCAGTTCCTGA	g7
CCTAACCCAAGCACCC	g2
CCTAACCCACTGCGAC	g7
CCTAACCCAGCACAGA	g0
CCTAACCCAGTTTCAG	g2
CCTAACCCATGGCTAT	g0
CCTAACCGTCACTCAA	g2
CCTAACCGTGACGCCT	g0
CCTAACCGTTGTCAGT	g0
CCTAACCTCAAGGCTT	g2
CCTAACCTCATGCAGT	g2
CCTAACCTCGACCACG	g4
CCTAACCTCTTTCGAT	g7
CCTAAGAAGCTCTATG	g2
CCTAAGAAGGTCTGGA	g4
CCTAAGACACCTCTAC	g4
CCTAAGACACGCTTAA	g0
CCTAAGACAGCGAACA	g0
CCTAAGACATCGCTAA	g2
CCTAAGAGTAACGGTG	g7
CCTAAGATCCGTGGCA	g0
CCTAAGATCGCTAATG	g2
CCTAAGATCTACTATC	g0
CCTAAGATCTTCCACG	g0
CCTACGTAGCACCTGC	g0
CCTACGTAGCAGCCCT	g7
CCTACGTGTCACTCTC	g0
CCTACGTGTCGGTACC	g0
CCTACGTTCACTCGAA	g3
CCTACGTTCCACGTCT	g0
CCTACGTTCCATTTCA	g7
CCTACGTTCGACGATT	g0
CCTACGTTCGCGGTAC	g4
CCTACGTTCGTAACCA	g2
CCTACGTTCTAGACCA	g0
CCTATCGAGAACTGAT	g2
CCTATCGAGACTAAGT	g4
CCTATCGAGCCACAAG	g2
CCTATCGAGCTCGGCT	g0
CCTATCGAGTCGAGGT	g0
CCTATCGCATCTCAAG	g7
CCTATCGGTACAGCGA	g0
CCTATCGGTACCTAGT	g4
CCTATCGGTTACACAC	g3
CCTATCGGTTGTAGCT	g0
CCTATCGTCAGCAATC	g2
CCTATCGTCGGACCAC	g7
CCTCAACAGCCAAGCA	g0
CCTCAACAGCCGTTAT	g0
CCTCAACAGGGTACGT	g2
CCTCAACCACTATGTG	g4
CCTCAACCAGCGTTTA	g0
CCTCAACCAGGGAGAG	g7
CCTCAACCAGTAGATA	g0
CCTCAACGTGCACATT	g8
CCTCAACGTTGGAGGT	g7
CCTCAACTCACCCTCA	g8
CCTCAACTCGTAGTCA	g0
CCTCAACTCTGGGATT	g0
CCTCACAAGACTCATC	g1
CCTCACAAGTCTTCCC	g2
CCTCACACAAAGGGCT	g2
CCTCACACAACCACAT	g0
CCTCACACAACTGATC	g4
CCTCACACAAGCGATG	g3
CCTCACAGTCCGTACG	g3
CCTCACAGTCGGTGAA	g2
CCTCACATCACCATCC	g2
CCTCACATCACGAGGA	g0
CCTCACATCAGTGTCA	g2
CCTCACATCCATAAGC	g0
CCTCACATCGACGATT	g0
CCTCACATCTGGGCAC	g0
CCTCAGTAGTCTCCTC	g7
CCTCAGTAGTTCACTG	g3
CCTCAGTAGTTGAAGT	g9
CCTCAGTCAAATGGTA	g8
CCTCAGTCACGCAGTC	g2
CCTCAGTCACTACGGC	g0
CCTCAGTCAGAATGTA	g2
CCTCAGTCATCCCGTT	g0
CCTCAGTCATCGGCCA	g2
CCTCAGTGTTACCGTA	g4
CCTCAGTTCAACGTGT	g2
CCTCAGTTCACACCCT	g4
CCTCATGAGAGTCAAT	g2
CCTCATGAGAGTGTTA	g8
CCTCATGAGCCTCAGC	g2
CCTCATGCAATGAAAC	g0
CCTCATGCACAAAGTA	g3
CCTCATGCACAGGATG	g2
CCTCATGCACCTGATA	g2
CCTCATGGTTGCATTG	g3
CCTCATGTCCTGGTCT	g2
CCTCATGTCGTCAAAC	g0
CCTCCAAAGAGAGGTA	g0
CCTCCAAAGGTATAGT	g0
CCTCCAAAGTCCCAAT	g1
CCTCCAAAGTGAGTTA	g9
CCTCCAACAACGTTAC	g6
CCTCCAACAATTTCCT	g0
CCTCCAACACCGTGAC	g0
CCTCCAACATCAGCGC	g4
CCTCCAACATGTTCGA	g2
CCTCCAAGTCCGGTCA	g6
CCTCCAAGTCCTGAAT	g2
CCTCCAAGTTATCTTC	g7
CCTCCAATCCAAACCA	g3
CCTCCAATCGCTCTAC	g4
CCTCCAATCGTGCAGC	g2
CCTCCAATCTACGCGG	g0
CCTCCTCAGCTTGTTG	g0
CCTCCTCAGGGAACAA	g0
CCTCCTCAGTCCTACA	g7
CCTCCTCAGTGTAGTA	g2
CCTCCTCCAACTACGT	g4
CCTCCTCGTACTTGTG	g7
CCTCCTCGTTATAGAG	g0
CCTCCTCGTTGTCTAG	g5
CCTCCTCTCCACATAG	g2
CCTCTAGAGAAGGCTC	g0
CCTCTAGAGATGCCGA	g4
CCTCTAGAGTATAACG	g7
CCTCTAGAGTTGCTCA	g2
CCTCTAGCAACCAGAG	g0
CCTCTAGCAACTACGT	g2
CCTCTAGCAAGACGAC	g0
CCTCTAGCACATTGTG	g0
CCTCTAGCAGGAGGAG	g3
CCTCTAGCAGTCGGTC	g0
CCTCTAGGTCTCCTGT	g9
CCTCTAGGTGGCTCTG	g0
CCTCTAGGTGTTGACT	g2
CCTCTAGTCGTACCTC	g2
CCTCTAGTCTCTATGT	g2
CCTCTCCAGACCGTTT	g0
CCTCTCCAGAGTCCGA	g0
CCTCTCCAGCCTTGAT	g0
CCTCTCCAGCGAACTG	g2
CCTCTCCAGGGATGTC	g2
CCTCTCCAGGTGCTAG	g0
CCTCTCCCAAATGAGT	g8
CCTCTCCCAACTAGAA	g0
CCTCTCCCAATAGAGT	g2
CCTCTCCGTCAGACTT	g4
CCTCTCCGTCGAACAG	g0
CCTCTCCGTGCGGATA	g2
CCTCTCCTCTGAGTCA	g0
CCTGCATAGAAGCGAA	g2
CCTGCATAGAGGTCAC	g7
CCTGCATAGTAGCATA	g1
CCTGCATGTAGCTGCC	g4
CCTGCATTCCCAAGTA	g6
CCTGCATTCCGGTAGC	g0
CCTGCATTCGCGTGCA	g3
CCTGCATTCTCGTGAA	g9
CCTGTTGAGAAGCTCG	g0
CCTGTTGAGACAGCTG	g2
CCTGTTGAGTAGGATT	g7
CCTGTTGAGTATGCAA	g0
CCTGTTGAGTTTAGGA	g4
CCTGTTGCACTGGACC	g0
CCTGTTGCAGCGGTCT	g2
CCTGTTGGTAACTAAG	g2
CCTGTTGGTATGGTTC	g2
CCTGTTGTCACTAGCA	g0
CCTGTTGTCGTAACCA	g2
CCTTCAGCACGCAAAG	g2
CCTTCAGCACTGTCCT	g4
CCTTCAGCAGCCTTCT	g0
CCTTCAGCAGTCAACT	g7
CCTTCAGCATCCGGTG	g2
CCTTCAGGTCGGCACT	g7
CCTTCAGTCATGCGGC	g0
CCTTCAGTCCAGTGCG	g7
CCTTCAGTCGGCTGTG	g1
CCTTCAGTCTTCACAT	g2
CCTTGTGAGAGGCGGA	g2
CCTTGTGAGCTACTGT	g4
CCTTGTGAGCTCTGTA	g8
CCTTGTGAGGCCCGTT	g0
CCTTGTGAGTCTTCCC	g2
CCTTGTGCAGAGCGTA	g0
CCTTGTGCATAGTCGT	g0
CCTTGTGGTACACGCC	g0
CCTTGTGGTATCGATC	g2
CCTTGTGGTATGACAA	g5
CCTTGTGGTGGTGATG	g7
CCTTGTGGTTCATCTT	g0
CCTTGTGGTTCCACAA	g0
CCTTGTGTCACCCTCA	g2
CCTTTGGAGATTAGTG	g2
CCTTTGGAGCCACAAG	g0
CCTTTGGAGCGACTTT	g8
CCTTTGGAGGAACTCG	g4
CCTTTGGAGGAGTATT	g4
CCTTTGGCAAACAGGC	g0
CCTTTGGCAACCGATT	g0
CCTTTGGCACATATGC	g0
CCTTTGGCACTATGTG	g2
CCTTTGGCAGGCTTGC	g0
CCTTTGGGTAACATCC	g2
CCTTTGGGTCGAATTC	g0
CCTTTGGTCACTTGTT	g7
CCTTTGGTCATGTCAG	g0
CCTTTGGTCGTCCTCA	g8
CGAAGGAAGACAACTA	g3
CGAAGGAAGCAACTCT	g8
CGAAGGAAGCATGGGT	g4
CGAAGGAAGCGCTGAA	g0
CGAAGGAAGGGAGAAT	g2
CGAAGGAAGTGCTAGG	g0
CGAAGGACAACTTCTT	g2
CGAAGGACAATCACGT	g2
CGAAGGACACACCTGG	g4
CGAAGGACACAGAGAC	g8
CGAAGGACACGTATAC	g9
CGAAGGACAGTTCACA	g4
CGAAGGAGTAAGATCA	g1
CGAAGGAGTCCAGAAG	g8
CGAAGGAGTGTTATCG	g0
CGAAGGATCGACGATT	g2
CGAAGTTAGGCCCACT	g0
CGAAGTTCAAGATTGA	g0
CGAAGTTCATGGACAG	g2
CGAAGTTGTAGAGACC	g0
CGAAGTTGTATTCCGA	g7
CGAAGTTGTCGCAACC	g2
CGAAGTTGTGGACAGT	g2
CGAAGTTGTGGCTTAT	g7
CGAAGTTTCAACGTGT	g1
CGAATTGAGAAGCTGC	g7
CGAATTGAGCAACTTC	g0
CGAATTGAGGCACGAT	g1
CGAATTGAGGCCTAAG	g1
CGAATTGAGTCATTGC	g2
CGAATTGCACGATAGG	g3
CGAATTGCATAACAGA	g2
CGAATTGCATGATGCT	g2
CGAATTGGTCACTTAG	g3
CGAATTGGTCGCACAC	g9
CGAATTGGTCGTTTCC	g4
CGAATTGGTGTGTGGA	g7
CGAATTGGTTGGATCT	g2
CGAATTGTCACATCAG	g0
CGAATTGTCAGACCTA	g3
CGAATTGTCATTCCTA	g7
CGAATTGTCGGAGCAA	g8
CGAATTGTCTCGTGAA	g2
CGACAGCAGCAACAAT	g0
CGACAGCAGCTACTAC	g0
CGACAGCAGGTAAGAG	g1
CGACAGCAGGTATTGA	g2
CGACAGCAGGTTATAG	g0
CGACAGCCAACAGTGG	g0
CGACAGCCAAGTGCTT	g2
CGACAGCCAGAGTTCT	g4
CGACAGCTCAAGCCTA	g2
CGACAGCTCCACGTGG	g8
CGACAGCTCCCAATAG	g1
CGACAGCTCTGAGGCC	g2
CGACAGCTCTGGGCAC	g0
CGAGAAGAGACCCGCT	g0
CGAGAAGAGATGCTTC	g7
CGAGAAGCAGAGGCTA	g8
CGAGAAGCAGGTAGTG	g5
CGAGAAGCATGTAACC	g8
CGAGAAGGTACTTCCC	g4
CGAGAAGGTCCTGGTG	g0
CGAGAAGGTGTTCGAT	g2
CGAGAAGGTTAATGAG	g4
CGAGAAGGTTCACCGG	g4
CGAGAAGTCACCATGA	g0
CGAGAAGTCCGATAAC	g0
CGAGAAGTCCTCTAGC	g3
CGAGAAGTCGTAGCTA	g2
CGAGGAAAGAAACTCA	g0
CGAGGAAAGACAGCTG	g2
CGAGGAAAGAGTGACC	g2
CGAGGAAAGCCTAGGA	g2
CGAGGAAAGGAGCAAA	g9
CGAGGAAAGGTACTGG	g2
CGAGGAACACCTCTGT	g2
CGAGGAAGTTCGGTTA	g9
CGAGGAATCAAACGAA	g5
CGAGGAATCCTAGCCT	g6
CGAGGAATCGATTGGT	g4
CGAGGAATCTCGACGG	g2
CGAGGCTAGACGATAT	g2
CGAGGCTAGACTGAGC	g0
CGAGGCTAGCACGTCC	g0
CGAGGCTAGCAGCCTC	g0
CGAGGCTAGCGCATCC	g8
CGAGGCTAGGCTCACC	g2
CGAGGCTCAAACAGGC	g0
CGAGGCTCACTCCGAG	g2
CGAGGCTCACTCTCGT	g4
CGAGGCTCAGCAGATG	g2
CGAGGCTCAGCTATAC	g0
CGAGGCTCATGTACGT	g0
CGAGGCTGTACGATCT	g7
CGAGGCTGTCCGTACG	g4
CGAGGCTGTCGGTGAA	g2
CGAGGCTGTGTAAACA	g8
CGAGGCTGTGTAGCAG	g6
CGAGGCTGTTCGAGCC	g2
CGAGGCTTCAACTCTT	g0
CGAGGCTTCCATAGGT	g3
CGAGGCTTCGCCTAGG	g2
CGAGGCTTCGCTGTCT	g2
CGAGGCTTCTGGTTGA	g8
CGAGGCTTCTTGCAAG	g7
CGAGTGCAGCCATATC	g4
CGAGTGCAGGTAAGAG	g2
CGAGTGCCAAGGAGTC	g4
CGAGTGCCACAGTATC	g1
CGAGTGCCACATACTG	g1
CGAGTGCGTAGGCAGT	g7
CGAGTGCGTCAAACGG	g7
CGAGTGCGTCACTACA	g2
CGAGTGCGTCCGGACT	g8
CGAGTGCGTGGTATGG	g4
CGAGTGCGTGTCTAAC	g0
CGAGTGCTCAGACCTA	g0
CGAGTGCTCTCATTTG	g8
CGAGTTAAGCTGGCCT	g3
CGAGTTAAGGGAGTTC	g4
CGAGTTACAAAGAGTT	g7
CGAGTTACACATTGTG	g4
CGAGTTACACCTTCGT	g3
CGAGTTACACTACCCT	g7
CGAGTTACATGGCTGC	g2
CGAGTTACATTAAAGG	g0
CGAGTTAGTGCATTAC	g6
CGAGTTAGTTGGGAAC	g6
CGAGTTAGTTGTGCAT	g6
CGAGTTATCAAGTGTC	g0
CGAGTTATCAGGTGTT	g0
CGAGTTATCATTCATC	g0
CGAGTTATCTGATGGT	g0
CGATCGGAGCGATGCA	g7
CGATCGGAGGCCCGTT	g4
CGATCGGAGGCCGCTT	g2
CGATCGGAGGCTAACG	g4
CGATCGGAGGGTCAAC	g3
CGATCGGAGGTCGAGT	g4
CGATCGGCATCCGTTC	g0
CGATCGGCATCGATCA	g0
CGATCGGGTTTCGATG	g0
CGATCGGTCAGTGTTG	g0
CGATCGGTCATACAGC	g4
CGATCGGTCCGGCAAC	g4
CGATGCGAGCCTTTCC	g0
CGATGCGCACTGAATC	g7
CGATGCGCACTTGTCC	g4
CGATGCGCAGCTTTCC	g0
CGATGCGCATCGGCCA	g2
CGATGCGGTAACACCT	g4
CGATGCGGTTCGTACA	g2
CGATGCGTCATTCATC	g0
CGATGCGTCCACCCTA	g2
CGATGCGTCCTCTCTT	g2
CGATGCGTCGCTCATC	g0
CGATGCGTCTGGGATT	g0
CGATGGCAGATCGGTG	g4
CGATGGCCAAGGACAC	g2
CGATGGCCACCCTTAC	g4
CGATGGCCAGGATCTT	g2
CGATGGCGTCGTGGTC	g2
CGATGGCGTTCGTTCC	g2
CGATGGCGTTGGGATG	g0
CGATGGCTCACTGAAC	g2
CGATGGCTCATGAGTC	g2
CGATGGCTCGAGTCTA	g3
CGATGGCTCGGTAGAG	g2
CGATGGCTCTTCCCGA	g0
CGCAGGTAGCTCTGTA	g0
CGCAGGTCACCAGCCA	g7
CGCAGGTGTCGATTTG	g0
CGCAGGTGTGAATTAG	g0
CGCAGGTGTTGAGGAC	g0
CGCAGGTGTTGTCTAG	g4
CGCAGGTGTTTGCAGT	g7
CGCAGGTTCACCTCTG	g0
CGCAGGTTCGACGATT	g4
CGCAGGTTCTAGACCA	g4
CGCATAAAGCCTCTCT	g4
CGCATAACAAATGAGT	g4
CGCATAACAAGCAGGT	g4
CGCATAACAATTTCCT	g0
CGCATAACAGTTGTTG	g4
CGCATAACATGGCGCT	g7
CGCATAAGTCGTGGTC	g3
CGCATAAGTGGAAGTC	g3
CGCATAAGTGGCTGAA	g3
CGCATAAGTGGGTTGA	g2
CGCATAAGTTTCGGCG	g4
CGCATAATCAGCGCGT	g1
CGCATAATCCGGTTCT	g0
CGCATAATCGCAAGAG	g4
CGCATAATCGCCCAGA	g0
CGCATGGAGCTTCGTA	g0
CGCATGGAGTAGGGTC	g1
CGCATGGCAAAGGGTC	g0
CGCATGGCACAGCGCT	g2
CGCATGGGTATATGGA	g7
CGCATGGGTCAGTCGC	g4
CGCATGGTCTCCGTGT	g8
CGCCAGAAGCAGCGAT	g0
CGCCAGAAGGGTCACA	g2
CGCCAGACATACATCG	g2
CGCCAGAGTCCACACG	g2
CGCCAGAGTCCGTACG	g2
CGCCAGAGTGCATTAC	g8
CGCCAGAGTGGTAATA	g2
CGCCAGATCCAGCTCT	g3
CGCCAGATCCTAAGTG	g2
CGCCAGATCGATCCAA	g4
CGCCAGATCGTTCATT	g0
CGCCAGATCTAGTACG	g0
CGCCAGATCTTGTGCC	g2
CGCCATTAGAATAGTC	g0
CGCCATTAGGAACTCG	g2
CGCCATTAGGACGCAT	g7
CGCCATTAGGCACCAA	g9
CGCCATTAGGCAGCTA	g7
CGCCATTAGGCCCACT	g0
CGCCATTAGTCCTGCG	g0
CGCCATTCACCAGCGT	g2
CGCCATTCACTGTCGG	g3
CGCCATTCACTTCATT	g4
CGCCATTCATATACCG	g0
CGCCATTGTAGATCCT	g2
CGCCATTGTATCACGT	g0
CGCCATTGTCGAGATG	g2
CGCCATTGTCGATGCC	g2
CGCCATTGTGCTGTCG	g7
CGCCATTTCAACTACG	g0
CGCCATTTCACGTCCT	g8
CGCCATTTCGTGGTAT	g0
CGCCATTTCTACACAG	g0
CGCCATTTCTCTTAAC	g7
CGCGTGAAGCCATTGT	g3
CGCGTGAAGCCGAATG	g8
CGCGTGAAGCCTCACG	g4
CGCGTGAAGCCTTCTC	g1
CGCGTGAAGTTCATGC	g4
CGCGTGACAGGCTTGC	g0
CGCGTGAGTCTGTAGT	g0
CGCGTGATCATTCATC	g2
CGCGTGATCGAACGCC	g1
CGGAACCAGAGATGCC	g0
CGGAACCAGAGTAACT	g0
CGGAACCCACCCAACG	g0
CGGAACCCAGCAATTC	g0
CGGAACCCAGTCAGCC	g2
CGGAACCCATAATCCG	g4
CGGAACCGTACCCGCA	g8
CGGAACCGTCGGAACA	g0
CGGAACCGTGAGCTCC	g2
CGGAACCTCAACGCTA	g0
CGGAACCTCATGTCTT	g2
CGGAACCTCATTTGGG	g2
CGGAACCTCCGCATAA	g7
CGGAACCTCGTGGCTG	g1
CGGAATTAGTACGTCT	g0
CGGAATTCAAGCGATG	g2
CGGAATTCACCGTGCA	g2
CGGAATTCACTATCCC	g2
CGGAATTGTACACGCC	g2
CGGAATTGTGGCTTAT	g0
CGGAATTTCTGTCCGT	g4
CGGACACAGGATCATA	g0
CGGACACAGGTCATAA	g2
CGGACACAGTAGGAAG	g3
CGGACACCACATACTG	g7
CGGACACGTATCAGGG	g0
CGGACACGTCCATCTC	g0
CGGACACGTCTGCATA	g2
CGGACACGTTGACTAC	g0
CGGACACTCTCTTGCG	g3
CGGACACTCTGGCCTT	g1
CGGAGAAAGACTAGAT	g4
CGGAGAAAGATCCCGC	g0
CGGAGAAAGCACGATG	g4
CGGAGAACAGGGAGAG	g8
CGGAGAAGTAAGCGGT	g0
CGGAGAAGTCAGTCCG	g2
CGGAGAAGTCTTGAGT	g2
CGGAGAATCACAAGGG	g0
CGGAGAATCACTGTCC	g0
CGGAGAATCATTCGTT	g0
CGGAGAATCCAGCTCT	g1
CGGAGAATCTTCGTGC	g3
CGGAGAATCTTCTTCC	g0
CGGCAGTAGCCGAATG	g2
CGGCAGTAGGCTCTAT	g2
CGGCAGTAGTTTGCTG	g2
CGGCAGTCACCAACAT	g2
CGGCAGTCACCAGCTG	g4
CGGCAGTCACTACGGC	g7
CGGCAGTCAGCGTAGA	g8
CGGCAGTGTCATCCCT	g2
CGGCAGTGTCCCTCAT	g3
CGGCAGTGTGGTCCCA	g0
CGGCAGTGTTCACCGG	g2
CGGCAGTTCAACACGT	g0
CGGGACTAGCCTAACT	g5
CGGGACTAGTTTCAGC	g4
CGGGACTCAACACTAC	g2
CGGGACTCACAATGCT	g4
CGGGACTCATGTAACC	g2
CGGGACTGTAGCGTAG	g4
CGGGACTGTAGGTACG	g2
CGGGACTGTCGAATGG	g3
CGGGACTGTCGTATTG	g0
CGGGACTGTGACATCT	g2
CGGGACTGTTGACTAC	g4
CGGGACTGTTTCCAAG	g0
CGGGACTTCAAGCCTA	g2
CGGGACTTCACGGGCT	g2
CGGGACTTCCAGTGCG	g0
CGGGACTTCTTCCTAA	g0
CGGGCATAGAGGTTAT	g0
CGGGCATAGATGACAT	g4
CGGGCATAGCCATTTG	g0
CGGGCATAGGTACCTT	g3
CGGGCATAGTCGAAAT	g2
CGGGCATCAACCAGAG	g0
CGGGCATCAAGGTCAG	g0
CGGGCATCAGACGATG	g0
CGGGCATGTGTAGTGG	g0
CGGGCATGTTAAGAAC	g1
CGGGCATTCCAAATGC	g0
CGGGCATTCCTCGCAT	g2
CGGGCATTCGTAGGAG	g8
CGGGTCAAGCACTCGC	g2
CGGGTCACACCCTAAA	g9
CGGGTCACACTAGGCC	g4
CGGGTCAGTACTTGTG	g7
CGGGTCAGTTAAGGGC	g2
CGGGTCATCAACGTGT	g4
CGGGTCATCAGTCCGG	g4
CGGGTCATCCGACGGT	g2
CGGGTGTAGGAGGCAG	g0
CGGGTGTCAACACGTT	g0
CGGGTGTCACGATTCA	g0
CGGGTGTCATGAATAG	g4
CGGGTGTCATGCAGGA	g4
CGGGTGTGTCTTCATT	g0
CGGGTGTGTGAACCGA	g8
CGGGTGTGTTGCTGAT	g0
CGGGTGTTCAAGTGTC	g2
CGGGTGTTCACGTAGT	g1
CGGGTGTTCGGCTTCT	g7
CGGGTGTTCTAAGCGT	g0
CGGTCAGAGACGGATC	g2
CGGTCAGAGATCCGAG	g6
CGGTCAGCAACGATCT	g7
CGGTCAGCAAGTTTGC	g7
CGGTCAGCACTAACCA	g0
CGGTCAGCACTGCTTC	g0
CGGTCAGCAGTCCGTG	g8
CGGTCAGCATGAGGGT	g0
CGGTCAGCATGCTGCG	g7
CGGTCAGGTACCTTCC	g7
CGGTCAGTCATCCCGT	g0
CGGTCAGTCCGTACGG	g2
CGGTCAGTCTACACTT	g0
CGTAAGTAGACATAGT	g2
CGTAAGTAGACGACTG	g7
CGTAAGTAGCCGGAAT	g4
CGTAAGTAGCTAGATA	g0
CGTAAGTAGTAACAGT	g0
CGTAAGTAGTTGTACC	g4
CGTAAGTCAACCAATC	g2
CGTAAGTCACTAAACC	g0
CGTAAGTCACTGAATC	g0
CGTAAGTCAGACATCT	g2
CGTAAGTGTAACAGGC	g4
CGTAAGTGTAGATCGG	g8
CGTAAGTGTATCGATC	g0
CGTAAGTGTCAATCTG	g0
CGTAAGTGTCAGTTTG	g2
CGTAAGTGTTTAGAGA	g7
CGTAAGTTCACGATAC	g10
CGTAAGTTCATCCTGC	g0
CGTAAGTTCCGCAGTG	g2
CGTAAGTTCGTGCAGC	g6
CGTAATGAGGATAATC	g0
CGTAATGAGGGTTAGC	g7
CGTAATGCAAACCATC	g2
CGTAATGCACAAAGCG	g4
CGTAATGCACCAAATC	g2
CGTAATGCACCATTCC	g4
CGTAATGGTGCCGTTG	g2
CGTAATGGTTATTCCT	g2
CGTAATGTCAGTCTTT	g0
CGTAATGTCCGCGGAT	g0
CGTAATGTCGCCTATC	g0
CGTAATGTCTCTTGCG	g7
CGTAGTAAGAACGTGC	g0
CGTAGTAAGTAATCCC	g2
CGTAGTAAGTGCGTCC	g6
CGTAGTAAGTGGAATT	g0
CGTAGTAAGTTGCGAG	g1
CGTAGTACAATGTGGG	g0
CGTAGTACAGTTTCGA	g0
CGTAGTAGTAGCTCGC	g0
CGTAGTAGTTCTCCTG	g0
CGTAGTATCCGTCCTA	g2
CGTAGTATCCTACCGT	g2
CGTAGTATCGATTTCT	g6
CGTAGTATCGCAGTCG	g2
CGTAGTATCTCGCAGG	g0
CGTAGTATCTCTCTTC	g0
CGTAGTATCTGTCAGA	g7
CGTAGTATCTTTCCGG	g2
CGTCAAAAGCTCACTA	g0
CGTCAAAAGGAATCGC	g0
CGTCAAAAGGCTTCCG	g0
CGTCAAACACAGCATT	g4
CGTCAAACAGATACCT	g2
CGTCAAAGTAACATAG	g4
CGTCAAAGTAATCAGA	g4
CGTCAAAGTCGCATGC	g2
CGTCAAAGTTGGACTT	g0
CGTCAAATCCGCGAGT	g7
CGTCAAATCCTCCACA	g4
CGTCAAATCCTCTAAT	g7
CGTCAAATCTGAGCAT	g0
CGTCCATAGCATATGA	g1
CGTCCATAGCTGTTAC	g3
CGTCCATAGGTTGACG	g0
CGTCCATAGGTTGCCC	g3
CGTCCATCAGGACAGT	g2
CGTCCATCAGGGCTTC	g4
CGTCCATCATACACCA	g3
CGTCCATGTCTTTCAT	g0
CGTCCATGTTGGTACT	g4
CGTCCATTCCATCTCG	g7
CGTCCATTCGCTACAA	g0
CGTGAATAGACATAGT	g2
CGTGAATAGACCTGGA	g0
CGTGAATAGAGTGGCT	g0
CGTGAATAGCTCTTCC	g3
CGTGAATAGTGCGTCC	g7
CGTGAATAGTTGTAGA	g4
CGTGAATCAATAACGA	g7
CGTGAATCAATCGAAA	g4
CGTGAATCACAATGAA	g0
CGTGAATCACGCACCA	g0
CGTGAATCAGGGAGAG	g2
CGTGAATGTACAGTAA	g0
CGTGAATTCACGTCCT	g4
CGTGAATTCATTCCTA	g0
CGTGAATTCCTTATCA	g2
CGTGAATTCGTCAAAC	g4
CGTGATAAGGACAAGA	g3
CGTGATAAGGTAACTA	g0
CGTGATACACCCAATA	g2
CGTGATACAGCCGGTT	g8
CGTGATACAGGTTCCG	g0
CGTGATATCAACACCA	g4
CGTGATATCAGTCATG	g0
CGTGATATCATAGCAC	g3
CGTGATATCGCAGAGA	g7
CGTGATATCTTCTCAA	g0
CGTGCTTAGAAACCAT	g7
CGTGCTTAGCGCCCAT	g0
CGTGCTTAGGGCCTCT	g9
CGTGCTTCACAATTCG	g4
CGTGCTTCACGCTGCA	g4
CGTGCTTCATATCGGT	g0
CGTGCTTGTCAGACTT	g8
CGTGCTTGTCCAGCGT	g6
CGTGCTTGTCCGGTCA	g0
CGTGCTTGTGACACGA	g0
CGTGCTTGTGATACTC	g7
CGTGCTTTCAAAGGAT	g2
CGTGCTTTCCTGGCTT	g2
CGTGCTTTCGTCGCTT	g8
CGTGCTTTCTGAGGCC	g4
CGTGCTTTCTTCGACC	g0
CGTGTCTAGAAGGGAT	g0
CGTGTCTCACTCTGCT	g2
CGTGTCTCAGCCGTTG	g2
CGTGTCTCATAACTCG	g7
CGTGTCTGTAGATTAG	g0
CGTGTCTGTTGATGTC	g4
CGTGTCTGTTGCCATA	g3
CGTGTCTGTTGTGTTG	g0
CGTGTCTTCAATGTCG	g4
CGTGTCTTCACCCATC	g4
CGTGTCTTCATTCACT	g2
CGTGTCTTCTGACGCG	g0
CGTGTCTTCTGGGATT	g2
CGTGTCTTCTGTAAGC	g8
CGTTAGAAGACTCAAA	g4
CGTTAGAAGCGTCTCG	g7
CGTTAGACACTAACGT	g0
CGTTAGAGTACAGGTG	g2
CGTTAGAGTACTGTTG	g8
CGTTAGAGTGGCACTC	g3
CGTTAGATCTAGTTCT	g7
CGTTCTGAGATACATG	g9
CGTTCTGAGGAGAGTA	g7
CGTTCTGAGGTACAAT	g7
CGTTCTGAGTGCACCC	g0
CGTTCTGCAAGTCGTT	g6
CGTTCTGCAATGTGGG	g0
CGTTCTGCACAAGGTG	g0
CGTTCTGCACGTAGAG	g4
CGTTCTGGTCGGAAAC	g2
CGTTCTGGTCTGCCTT	g0
CGTTCTGGTTTATGCG	g3
CGTTCTGTCGGTAAGG	g3
CGTTCTGTCGTTCTGC	g1
CGTTCTGTCTTACACT	g0
CGTTGGGAGCAGTACG	g0
CGTTGGGAGCGTATGG	g7
CGTTGGGAGCTACTGT	g2
CGTTGGGAGGAGGCAG	g3
CGTTGGGCAATCGCGC	g0
CGTTGGGCACGACGCT	g0
CGTTGGGCAGACAATA	g2
CGTTGGGGTATGGGAC	g0
CGTTGGGGTCGCATCG	g2
CGTTGGGGTCTGTCAA	g9
CGTTGGGGTGAGTTGG	g0
CGTTGGGGTTGTGCCG	g5
CGTTGGGTCATGCCAA	g7
CGTTGGGTCCCAGGCA	g2
CGTTGGGTCCCGTTGT	g0
CTAACCCAGGTTCACT	g0
CTAACCCAGTTCCTGA	g7
CTAACCCCAAATACGA	g1
CTAACCCCAACGACTT	g0
CTAACCCCAATTGCAC	g4
CTAACCCCACAAGTGG	g4
CTAACCCCATCAGCAT	g1
CTAACCCGTACAAAGT	g4
CTAACCCGTATCCTCC	g2
CTAACCCGTATTGGCT	g2
CTAACCCGTCCAAGAG	g3
CTAACCCGTGATAGAT	g2
CTAACCCGTTCACCGG	g2
CTAACCCTCAATGCAC	g4
CTAACCCTCAGAGCGA	g0
CTAACTTAGATTGAGT	g2
CTAACTTAGCACCAGA	g4
CTAACTTAGCGTTCAT	g4
CTAACTTAGCTCCGAC	g0
CTAACTTAGGTAAACT	g5
CTAACTTAGTAAGAGG	g4
CTAACTTCAATGCTCA	g4
CTAACTTCACTCTCGT	g0
CTAACTTCAGGACAGT	g2
CTAACTTGTAAGGCCA	g9
CTAACTTGTGATATAG	g3
CTAACTTGTTGTGTAC	g0
CTAACTTTCAGCATTG	g0
CTAACTTTCCCATTCG	g2
CTAACTTTCCTTACCG	g1
CTAACTTTCGAGTGAG	g2
CTAACTTTCGGTGTAT	g0
CTAACTTTCTCGAACA	g7
CTAAGTGAGAGTTGAT	g2
CTAAGTGAGCCATCCG	g3
CTAAGTGCAAGGCTTT	g7
CTAAGTGCACTTGACA	g4
CTAAGTGCATATCGGT	g0
CTAAGTGGTATGTCCA	g2
CTAAGTGGTCCTCCTA	g2
CTAAGTGGTTACACAC	g10
CTACAGAAGAAGGCTC	g2
CTACAGAAGAAGTCCG	g6
CTACAGAAGACTTCCA	g8
CTACAGAAGCTCCCTT	g2
CTACAGAAGGCTTAAA	g0
CTACAGAAGTCTAGAA	g1
CTACAGAAGTGCCTCG	g9
CTACAGAAGTGTGTTC	g8
CTACAGACAAGAGAGA	g2
CTACAGACATCCGATA	g0
CTACAGACATCTGTTT	g0
CTACAGAGTACTTGTG	g0
CTACAGAGTAGTTAGA	g7
CTACAGAGTTCTATCT	g0
CTACAGATCATCTACT	g2
CTACAGATCCATCACC	g0
CTACAGATCCTAAACG	g1
CTACATTAGGTTGGAC	g3
CTACATTAGTTTCGGT	g1
CTACATTCAATGTCTG	g4
CTACATTCAGCTTTCC	g2
CTACATTCAGGCTATT	g2
CTACATTGTCGAGCAA	g0
CTACATTGTCTTGAAC	g9
CTACATTTCGTTCCTG	g0
CTACCCAAGTTTCGGT	g0
CTACCCACAAGAAATC	g0
CTACCCACAAGCTGTT	g2
CTACCCACAAGTGTCT	g1
CTACCCACAATAGAGT	g0
CTACCCACACACGGAA	g7
CTACCCACAGGGAATC	g7
CTACCCATCAAGAATG	g2
CTACCCATCTAAACGC	g0
CTACCCATCTAGCCTC	g2
CTACCCATCTCCCTAG	g2
CTACCTGAGAACTCCT	g3
CTACCTGAGAGGTCAC	g4
CTACCTGAGCGGCTCT	g2
CTACCTGAGTCATGAA	g0
CTACCTGAGTGGTGGT	g7
CTACCTGCAACGGCTC	g0
CTACCTGCACCTTCCA	g8
CTACCTGCAGCTACAT	g8
CTACCTGGTAGGACCA	g8
CTACCTGGTGACATCT	g2
CTACCTGGTGTCACAT	g2
CTACCTGTCATTTGCT	g1
CTACCTGTCCAAACCA	g7
CTACCTGTCGGTAACT	g3
CTACCTGTCTTCGGAA	g4
CTACCTGTCTTCTGTA	g2
CTACGGGAGCTTCATG	g0
CTACGGGAGGATTACA	g0
CTACGGGAGTTCAACC	g0
CTACGGGCAGTTCACA	g2
CTACGGGGTGCGTGCT	g2
CTACGGGTCCTGGGAC	g6
CTACGGGTCCTTATCA	g1
CTACGGGTCTCTGCTG	g7
CTACTATAGATACGAT	g2
CTACTATAGATGGGCT	g8
CTACTATAGCAGCACA	g0
CTACTATAGCGATTCT	g0
CTACTATAGCGCCATC	g4
CTACTATAGGATGAGA	g0
CTACTATAGGGCCCTT	g7
CTACTATCAGCACAAG	g2
CTACTATGTCTTACTT	g2
CTACTATGTGAACGGT	g0
CTACTATGTGCCGGTT	g9
CTAGACAAGAACCGCA	g4
CTAGACAAGAGGTCGT	g4
CTAGACAAGCGCCGTT	g2
CTAGACAAGTCTGCGC	g2
CTAGACACAACCTAAC	g2
CTAGACACAACGAGGT	g0
CTAGACACAAGAGGTC	g4
CTAGACACACACTTAG	g0
CTAGACACATCGGAAG	g0
CTAGACAGTACCCACG	g7
CTAGACAGTGCCCACA	g3
CTAGACAGTGCGAGTA	g6
CTAGACATCATCTCTA	g7
CTAGACATCGCTTGAA	g2
CTAGACATCGTAACCA	g0
CTAGGTAAGCAGCGAT	g0
CTAGGTAAGGACGCAT	g0
CTAGGTAAGTCGAGGT	g7
CTAGGTAAGTGGAATT	g2
CTAGGTACAATCGCCG	g2
CTAGGTACACAGCCTG	g0
CTAGGTACATTCATCT	g0
CTAGGTAGTAACCAGG	g2
CTAGGTAGTAACTTCG	g0
CTAGGTAGTCTTTCAT	g4
CTAGGTAGTGGGTCAA	g2
CTATAGGAGAGGGCGA	g7
CTATAGGAGGGCTGAT	g7
CTATAGGAGTTTGGCT	g5
CTATAGGCAGCAAGAC	g7
CTATAGGGTACGAAAT	g0
CTATAGGGTCACCACG	g0
CTATAGGGTCTAACGT	g2
CTATAGGGTTGCGGAA	g2
CTATAGGTCCCATGGG	g2
CTATAGGTCCTCTCGA	g4
CTATCCGAGCACGTCC	g2
CTATCCGAGGCTTTCA	g2
CTATCCGCACATATGC	g4
CTATCCGCAGACCAAG	g2
CTATCCGCAGGCTACC	g3
CTATCCGCATCGCTGG	g0
CTATCCGGTTCTTGCC	g2
CTATCCGTCGCTGTCT	g2
CTATCCGTCGGTGTAT	g7
CTATCTAAGGCATTTC	g3
CTATCTACACCCTTGT	g1
CTATCTACAGAAGCGT	g9
CTATCTAGTACCAATC	g4
CTATCTAGTATCTCGA	g7
CTATCTAGTCGTACAT	g3
CTATCTAGTTACCCAA	g0
CTATCTATCAACTCTT	g2
CTATCTATCCATTGTT	g4
CTCAACCAGACACACG	g0
CTCAACCAGCTAATCC	g7
CTCAACCAGTATGAGT	g3
CTCAACCCACATGTTG	g7
CTCAACCCAGCAGAAC	g3
CTCAACCCAGCTGAAG	g2
CTCAACCGTCTCACGG	g0
CTCAACCTCATGCCGG	g7
CTCAACCTCTTGCGCT	g0
CTCAAGAAGACATAAC	g0
CTCAAGAAGACGGATC	g4
CTCAAGAAGCGCCTTG	g2
CTCAAGAAGGTTCCAT	g0
CTCAAGACACGGTCTG	g3
CTCAAGACAGCGCGTT	g7
CTCAAGACAGTGCCTG	g0
CTCAAGAGTATTCCGA	g3
CTCAAGAGTCATCTAG	g0
CTCAAGAGTGCAGATG	g2
CTCAAGAGTGCCCTTT	g4
CTCAAGAGTTCCGTTC	g2
CTCAAGAGTTTCGATG	g0
CTCAAGATCGTGGTAT	g4
CTCAATTCACAAGCTT	g4
CTCAATTCAGTCTGGC	g1
CTCAATTCAGTTGCGC	g4
CTCAATTGTAAGATTG	g0
CTCAATTGTACGATTC	g0
CTCAATTTCACGGTCG	g0
CTCAATTTCGCACGAC	g0
CTCAATTTCGGTCGAC	g0
CTCACTGAGGGAGGGT	g0
CTCACTGAGTACAGAT	g2
CTCACTGCACCATAAC	g7
CTCACTGCACCGGCTA	g7
CTCACTGCAGAGACTG	g4
CTCACTGCAGCGTTGC	g1
CTCACTGCAGTTAGGG	g0
CTCACTGCATAGAATG	g1
CTCACTGGTATCGAGG	g4
CTCACTGGTGCATCTA	g2
CTCACTGGTTTGGAAA	g7
CTCACTGTCACCTGGG	g0
CTCACTGTCACTTTGT	g2
CTCACTGTCATCGTAG	g4
CTCACTGTCCGGTAGC	g1
CTCACTGTCCGTAGGC	g0
CTCACTGTCTCCGTGT	g0
CTCAGAAAGAAACACT	g0
CTCAGAAAGAAGAGCA	g2
CTCAGAAAGAGTCTTC	g8
CTCAGAAAGCAATAGT	g3
CTCAGAAAGGCTAGCA	g0
CTCAGAACATCATCCC	g4
CTCAGAAGTCATCAGT	g7
CTCAGAAGTTATTCCT	g7
CTCAGAATCACTGAAC	g2
CTCAGAATCACTTGGA	g7
CTCAGAATCCCAAGTA	g0
CTCAGGGAGCACTAGG	g0
CTCAGGGAGGCACTCC	g2
CTCAGGGAGTTGTACC	g2
CTCAGGGCAGGAAGTC	g7
CTCAGGGCATCACGGC	g2
CTCAGGGGTAAGCTCT	g4
CTCAGGGGTGCGTTTA	g8
CTCAGGGGTGTTTACG	g2
CTCAGGGGTTTACTTC	g0
CTCAGTCAGCGTTCCG	g7
CTCAGTCAGGGACCAT	g0
CTCAGTCAGGTAAGTT	g8
CTCAGTCAGTGCGCTC	g5
CTCAGTCCAATAGTAG	g0
CTCAGTCCATATTCGG	g6
CTCAGTCCATGGCACC	g1
CTCAGTCGTCGCACGT	g0
CTCAGTCGTCGTATGT	g2
CTCAGTCGTGCGTTTA	g9
CTCAGTCGTGCTATTG	g0
CTCAGTCTCATCGGGC	g2
CTCATCGAGGCTCTCG	g4
CTCATCGAGTGGATAT	g0
CTCATCGCACACAGCC	g1
CTCATCGCACCTCGTT	g4
CTCATCGCAGGATCTT	g4
CTCATCGGTTCTCACC	g2
CTCATCGTCAAGTCTG	g7
CTCATCGTCATCCCGT	g3
CTCATCGTCCACTAGA	g2
CTCATCGTCCTTGAAG	g0
CTCATCGTCGGATTAC	g0
CTCATGCAGTACTGGG	g0
CTCATGCAGTGCTCGC	g0
CTCATGCCATGGATCT	g7
CTCATGCGTACCAATC	g4
CTCATGCGTACTGCCG	g0
CTCATGCGTTGGGTTT	g0
CTCATGCTCGGTAGGA	g0
CTCATTAAGCACTAGG	g0
CTCATTAAGCGGACAT	g4
CTCATTAAGCGGTAGT	g0
CTCATTAAGCTTTCTT	g7
CTCATTAAGGATTCCT	g2
CTCATTAAGGTAAGAG	g7
CTCATTACACACCGAC	g7
CTCATTACACATAGCT	g2
CTCATTAGTAACCCTA	g2
CTCATTAGTAACTTCG	g3
CTCATTAGTAGCTGAG	g8
CTCATTAGTCACCTTC	g0
CTCATTAGTGTACAGG	g2
CTCATTAGTGTGACCC	g6
CTCATTATCATGAGGG	g2
CTCATTATCGAAGGAC	g0
CTCATTATCGTTGTGA	g7
CTCATTATCTAAGGAA	g4
CTCATTATCTAGAGCT	g7
CTCCAACAGCATCAGG	g0
CTCCAACAGTTGAAGT	g7
CTCCAACCAATTTCCT	g0
CTCCAACCACACGGTC	g2
CTCCAACCACATACGT	g7
CTCCAACGTCTAATCG	g1
CTCCAACTCGAGATAA	g2
CTCCAACTCGTCGATA	g9
CTCCAACTCGTGGTAT	g0
CTCCAACTCTAGGAAA	g4
CTCCACAAGACTTAAG	g2
CTCCACAAGCTGGCCT	g0
CTCCACAAGGATACGC	g0
CTCCACACAAAGCTCT	g0
CTCCACACAATCTCGA	g0
CTCCACACACATACGT	g2
CTCCACACACGTCGGT	g1
CTCCACACAGTTGCGC	g3
CTCCACACATAGGTAA	g2
CTCCACACATGGGATG	g2
CTCCACACATGTTTGG	g3
CTCCACAGTCCATACA	g4
CTCCACATCGATACTG	g2
CTCCACATCGATTTCT	g4
CTCCACATCTTCGTGC	g8
CTCCATGAGAAACTAC	g4
CTCCATGAGAGCTTTC	g0
CTCCATGAGCCTCATA	g2
CTCCATGAGCGTATAA	g3
CTCCATGAGGAGCAAA	g2
CTCCATGAGGTACAAT	g0
CTCCATGAGTCTAACC	g7
CTCCATGCAAGAGTTA	g2
CTCCATGGTACCTAAC	g4
CTCCATGGTATAGGGC	g2
CTCCATGGTTCTAAGC	g2
CTCCATGTCACTTTGT	g2
CTCCATGTCCAGCCTT	g4
CTCCATGTCTACTATC	g2
CTCCCAAAGATAGCAT	g6
CTCCCAAAGATTCGCT	g0
CTCCCAAAGCATACTC	g2
CTCCCAAAGGTTCACT	g2
CTCCCAAAGGTTGGTG	g4
CTCCCAAAGTGCCAGA	g3
CTCCCAACAAGACTGG	g3
CTCCCAACACCAGCCA	g2
CTCCCAATCGCGATCG	g7
CTCCCAATCTCTTCAA	g2
CTCCCTCAGGAGAATG	g0
CTCCCTCCAAGTGCAG	g4
CTCCCTCCACTTCAGA	g2
CTCCCTCCAGCACAAG	g7
CTCCCTCCAGCACAGA	g9
CTCCCTCGTAGGGAGG	g0
CTCCCTCGTTATGTCG	g7
CTCCGATAGACGCATG	g4
CTCCGATAGAGGTATT	g7
CTCCGATAGGTTACCT	g1
CTCCGATCAAGCTACT	g0
CTCCGATCACTCCCTA	g2
CTCCGATCAGTTGTCA	g2
CTCCGATGTATATGGA	g2
CTCCGATGTTAAACCC	g2
CTCCGATGTTGGTAGG	g4
CTCCGATTCTGTAACG	g10
CTCCTCCAGACTTCAC	g2
CTCCTCCAGAGTGTGC	g8
CTCCTCCAGCTGCCAC	g2
CTCCTCCAGGAAGAAC	g4
CTCCTCCAGGTTCCAT	g0
CTCCTCCAGTGGTTAA	g0
CTCCTCCCAAGAAATC	g0
CTCCTCCCAGTTCCAA	g7
CTCCTCCTCTACACTT	g7
CTCCTTTAGGTCGTAG	g0
CTCCTTTAGTTAGAAC	g0
CTCCTTTGTACAGTTC	g0
CTCCTTTTCACCTCTG	g2
CTCCTTTTCATCTGTT	g3
CTCCTTTTCATTTCGT	g2
CTCCTTTTCCATATGG	g2
CTCCTTTTCCGCAACG	g8
CTCCTTTTCGTCAGAT	g4
CTCGAGGCAAGACGGT	g2
CTCGAGGCACAATGCT	g2
CTCGAGGCACACTTAG	g0
CTCGAGGCATGATGCT	g7
CTCGAGGCATTGTAGC	g2
CTCGAGGGTACCACGC	g2
CTCGAGGGTCTTAGTG	g4
CTCGAGGGTTCCTAGA	g2
CTCGAGGGTTGCATGT	g7
CTCGAGGGTTGGACCC	g3
CTCGAGGTCGTTATCT	g1
CTCGAGGTCTGCGTCT	g4
CTCGAGGTCTGGTGCG	g0
CTCTCAGAGAATCTAG	g2
CTCTCAGAGCTCACTA	g2
CTCTCAGAGGTAAAGG	g2
CTCTCAGCAAGTGGCA	g5
CTCTCAGCAAGTTCGT	g4
CTCTCAGCACAAGCTT	g0
CTCTCAGCAGAGGCTA	g2
CTCTCAGCATGAGATA	g3
CTCTCAGGTAGCGTCC	g9
CTCTCAGGTGTCATCA	g4
CTCTCAGGTTGCCAAT	g8
CTCTCAGTCCATGAGT	g1
CTCTCGAAGACCTGGA	g0
CTCTCGAAGTACTGTC	g2
CTCTCGAAGTCACTGT	g2
CTCTCGAAGTCCCAGC	g0
CTCTCGACACGGCACT	g4
CTCTCGAGTACAGCGA	g3
CTCTCGAGTACGAAAT	g4
CTCTCGAGTCGACTTA	g0
CTCTCGAGTGTCCTAA	g3
CTCTCGATCCTGCTAC	g7
CTCTCGATCGTTACCC	g0
CTCTCGATCTGAGTCA	g2
CTCTGGTAGCAGGCAT	g2
CTCTGGTAGCTTGTTG	g0
CTCTGGTAGGCGTTGA	g3
CTCTGGTCAACCTAAC	g8
CTCTGGTCAACGACAG	g0
CTCTGGTCAACGTATC	g7
CTCTGGTCACAACCGC	g9
CTCTGGTCATAATGCC	g4
CTCTGGTGTAGTCGGA	g2
CTCTGGTGTGGTTTGT	g4
CTCTGGTTCTAGCATG	g6
CTCTGGTTCTCAGAAC	g2
CTGAATGAGAACCGCA	g3
CTGAATGAGATGGCAC	g8
CTGAATGAGCCTTTGA	g2
CTGAATGAGTGGTGGT	g0
CTGAATGCAATCTGCA	g4
CTGAATGCACCAGACC	g3
CTGAATGCACTCAAGT	g0
CTGAATGCAGGTGACA	g2
CTGAATGGTATGAGCG	g2
CTGAATGGTGCTAGCC	g0
CTGAATGGTGTGCTTA	g7
CTGAATGTCAGTCATG	g1
CTGAATGTCCTAGCTC	g4
CTGAATGTCTTCACGC	g4
CTGAGCGAGACGGAAA	g0
CTGAGCGAGGCTCAAG	g2
CTGAGCGAGTGATAGT	g2
CTGAGCGCAACGGCTC	g0
CTGAGCGCACTCCACT	g4
CTGAGCGCAGCGATTT	g2
CTGAGCGCATCCAACA	g2
CTGAGCGGTACCACGC	g0
CTGAGCGGTACCTGTA	g2
CTGAGCGGTAGGAAAG	g0
CTGAGCGGTGGGCTCT	g0
CTGAGCGGTGTCGATT	g0
CTGAGCGGTTATTCTC	g2
CTGAGCGGTTCTAACG	g4
CTGAGCGTCAATCGGT	g4
CTGAGCGTCACGGTCG	g0
CTGAGCGTCCAAACCA	g2
CTGAGCGTCCCGTGAG	g0
CTGAGCGTCCTAAACG	g2
CTGAGCGTCTCTTCAA	g4
CTGAGGCAGAGAATCT	g0
CTGAGGCAGATTTGCC	g0
CTGAGGCAGGACTTCT	g0
CTGAGGCAGTGGCCTC	g0
CTGAGGCCAGTAGTGG	g0
CTGAGGCCATCCCGTT	g9
CTGAGGCGTACTAGCT	g7
CTGAGGCTCCATAAGC	g3
CTGAGGCTCTAGACAC	g7
CTGATCCAGAGATCGC	g2
CTGATCCAGGTAAGGA	g7
CTGATCCCAGTCAGCC	g0
CTGATCCCATGGCTGC	g4
CTGATCCGTAAGTAGT	g3
CTGATCCGTAGACAAT	g0
CTGATCCGTCATCTAG	g2
CTGATCCGTGCGTGCT	g6
CTGATCCTCATACGGT	g0
CTGATCCTCCATTGTT	g2
CTGATCCTCCCGTTCA	g1
CTGATCCTCGCAGTCG	g1
CTGATCCTCGTGCATA	g2
CTGATCCTCTTACGTT	g0
CTGCAGGAGAGCAGCT	g7
CTGCAGGAGTCAGGGT	g0
CTGCAGGCATAGGCGA	g2
CTGCAGGGTAGTTACC	g2
CTGCAGGGTATCGCTA	g2
CTGCAGGGTGAGTAGC	g4
CTGCAGGGTTGGATCT	g3
CTGCAGGTCAAGGTGG	g0
CTGCAGGTCGAACTCA	g0
CTGCATCAGAAAGCGA	g8
CTGCATCAGCGTACAG	g8
CTGCATCAGCTACTGT	g0
CTGCATCAGGTCATTC	g0
CTGCATCAGTTACGTC	g0
CTGCATCGTACAGAAT	g0
CTGCATCGTGAATATG	g0
CTGCATCTCATCCTAT	g8
CTGCCATAGACGAAGA	g0
CTGCCATAGATCGCCC	g1
CTGCCATAGGGAGGTG	g2
CTGCCATCAACGGCCT	g4
CTGCCATCAATACCTG	g2
CTGCCATCACAGCGCT	g7
CTGCCATCACCCTGAG	g0
CTGCCATCAGATACCT	g6
CTGCCATCATTGTCGA	g0
CTGCCATGTAATGATG	g2
CTGCCATGTCACCTTC	g2
CTGCCATGTGCTGATT	g7
CTGCCATTCTCATTGT	g2
CTGCCTAAGACTCATC	g7
CTGCCTAAGCTAGATA	g0
CTGCCTAAGGTAGTCG	g2
CTGCCTACATAGAGGC	g8
CTGCCTACATGGAACG	g0
CTGCCTAGTACTAAGA	g0
CTGCCTAGTCGGAACA	g4
CTGCCTAGTGCGGTAA	g1
CTGCCTAGTGTAAACA	g0
CTGCCTAGTTATTCTC	g2
CTGCCTATCAAACGTC	g2
CTGCCTATCACTCGAA	g4
CTGCCTATCTGGGATT	g2
CTGCGAGAGATTAGAC	g2
CTGCGAGAGGTTGAGC	g7
CTGCGAGAGTTGTAAG	g4
CTGCGAGCACGGGCTT	g2
CTGCGAGCACTACACA	g0
CTGCGAGCATCTAGAC	g4
CTGCGAGGTGCAACAG	g0
CTGCGAGGTTCGGTTA	g4
CTGCGAGTCACTGGGC	g4
CTGCGAGTCAGAACCT	g0
CTGCTCACATGTACGT	g4
CTGCTCAGTGAATAAC	g0
CTGCTCAGTTAGAGTA	g4
CTGCTCATCATCACCC	g7
CTGCTCATCGAGCACC	g7
CTGCTCATCGATCCAA	g7
CTGCTCATCGCACGGT	g8
CTGCTCATCTGCGGGT	g2
CTGGACGCAACGAGGT	g0
CTGGACGCAAGAGGTC	g0
CTGGACGCAGTACTAC	g4
CTGGACGGTGGTACAG	g0
CTGGACGGTTCGGTCG	g4
CTGGACGTCAAATGAG	g2
CTGGACGTCGAGTGGA	g0
CTGGCAGAGCTGTGCC	g8
CTGGCAGAGGTACAGC	g0
CTGGCAGAGTTGCATC	g2
CTGGCAGCAACCGGAA	g8
CTGGCAGCAGGTCAAG	g2
CTGGCAGCAGTTTGGT	g0
CTGGCAGCATCTAGAC	g4
CTGGCAGCATGTTACG	g2
CTGGCAGGTACACTCA	g2
CTGGCAGGTCGTTCAA	g3
CTGGCAGTCCTCACGT	g3
CTGGTCTAGCAGTAAT	g7
CTGGTCTGTACGGCAA	g2
CTGGTCTGTCTGTGTA	g0
CTGGTCTGTGCTATTG	g7
CTGGTCTTCCAACTAG	g2
CTGGTCTTCGAAGAAT	g4
CTGGTCTTCGAGTCTA	g0
CTGTACCAGGTTGACG	g0
CTGTACCAGTGTTGTC	g7
CTGTACCAGTTCGCAT	g1
CTGTACCGTTAGGAGC	g9
CTGTACCTCCGCAACG	g7
CTGTACCTCCTGGCTT	g2
CTGTACCTCTAGACCA	g3
CTGTACCTCTTTCCAA	g0
CTGTAGAAGTCATAGA	g8
CTGTAGACACCCTTAC	g0
CTGTAGACATTGACTG	g4
CTGTAGAGTATTGAGA	g8
CTGTAGAGTCATTCCC	g0
CTGTAGAGTGCCTGCA	g0
CTGTAGAGTTATTCTC	g2
CTGTAGATCAACTCTT	g8
CTGTAGATCCTTATAC	g8
CTGTATTAGACCAGCA	g2
CTGTATTAGATGAAGG	g9
CTGTATTCAAGCCCAC	g0
CTGTATTCACGGATCC	g0
CTGTATTCAGAACTCT	g2
CTGTATTCAGGTGAGT	g4
CTGTATTGTACTGTTG	g0
CTGTATTGTCCCGTGA	g6
CTGTATTGTGCTTCAA	g2
CTGTATTGTTCAGCGC	g4
CTGTATTTCATTCTTG	g0
CTGTATTTCCGAGATT	g7
CTGTCGTAGGAGACCT	g2
CTGTCGTCAGAGAAAG	g4
CTGTCGTCATAACTCG	g0
CTGTCGTCATTGACAC	g0
CTGTCGTGTGCAACAG	g0
CTGTCGTGTGGAAGTC	g3
CTGTCGTTCACTCACC	g2
CTGTCGTTCCCAGGAC	g4
CTGTCGTTCGCGTTTC	g6
CTGTCGTTCGTGCAGC	g0
CTGTCGTTCGTGCATA	g8
CTGTGAAAGAGGATGA	g0
CTGTGAAAGCGTCTGC	g7
CTGTGAAAGGCATTTC	g6
CTGTGAAAGTAAGACT	g0
CTGTGAAAGTCTAGCT	g0
CTGTGAACAACTCATG	g2
CTGTGAACAATGAACA	g0
CTGTGAACAGCAGTCC	g4
CTGTGAACAGGTGTGA	g0
CTGTGAACAGGTTACT	g2
CTGTGAACATGGTACT	g2
CTGTGAAGTTCAGCTA	g4
CTGTGAAGTTGTATGC	g10
CTGTGAATCCATTGCC	g2
CTGTGAATCTAGTTCT	g2
CTGTGAATCTCAATCT	g0
CTGTGAATCTCCATAT	g0
CTGTGGGAGACGGTTG	g3
CTGTGGGAGCGCACAA	g2
CTGTGGGAGGGAGTGG	g0
CTGTGGGAGGTATTGA	g2
CTGTGGGAGTCCCAGC	g0
CTGTGGGCAGTTAGAA	g3
CTGTGGGGTACGATGG	g2
CTGTGGGGTCAAAGAT	g2
CTGTGGGGTCCACATA	g7
CTGTGGGGTTCGGTCG	g2
CTGTGGGTCAGAGTGG	g4
CTGTGGGTCCCAATAG	g0
CTTACCGAGCGTACAG	g3
CTTACCGAGTCCGCGT	g8
CTTACCGCAAAGCTCT	g0
CTTACCGCACAATGCT	g7
CTTACCGCATCCGCGA	g0
CTTACCGGTAAGGAGA	g4
CTTACCGGTACTCGCG	g2
CTTACCGGTATGGTAA	g8
CTTACCGGTTCTCACC	g0
CTTACCGTCCAATCTT	g2
CTTACCGTCCATCCGT	g4
CTTAGGAAGGGAACAA	g0
CTTAGGAAGTGAACAT	g2
CTTAGGACATAGAAAC	g4
CTTAGGACATCCTTCG	g6
CTTAGGAGTCGATTAC	g1
CTTAGGAGTCTGTTAG	g2
CTTAGGAGTCTTACTT	g0
CTTAGGATCCAATCCC	g0
CTTAGGATCGAAGGAC	g2
CTTAGGATCGTGGCGT	g2
CTTCAATAGAATTCAG	g2
CTTCAATAGCCTGAAG	g2
CTTCAATAGGAAACGA	g2
CTTCAATCACAACGTT	g4
CTTCAATCACAGAGAC	g8
CTTCAATCACATCCCT	g4
CTTCAATCAGAACCGA	g0
CTTCAATCAGGTGAGT	g8
CTTCAATCATAAGATG	g2
CTTCAATCATACTTTC	g2
CTTCAATGTAGTATAG	g4
CTTCAATGTATTGAGA	g2
CTTCAATGTGGATCGA	g0
CTTCAATGTTGTGGAG	g0
CTTCAATTCATTTCGT	g0
CTTCAATTCGTCGCTT	g9
CTTCAATTCGTTCAGA	g3
CTTCCGAAGGTTTACC	g4
CTTCCGACAGAGAGGG	g3
CTTCCGACATCGCTAA	g2
CTTCCGAGTACGCTAT	g0
CTTCCGATCAGCTTGA	g3
CTTCCGATCCATTGCC	g4
CTTCCGATCCGCTAGG	g3
CTTCCGATCGCGTAGC	g8
CTTCCGATCTCAGTCC	g4
CTTCCGATCTGTGCAA	g0
CTTCCTTAGATCGACG	g2
CTTCCTTCAAGAATGT	g0
CTTCCTTCAGCGATTT	g0
CTTCCTTGTACGATGG	g2
CTTCCTTGTCAGACGA	g4
CTTCCTTGTCCGACGT	g4
CTTCCTTGTGCAGATG	g4
CTTCCTTTCAAGGAGC	g7
CTTCCTTTCAGGAACG	g2
CTTCCTTTCTCGAGTA	g2
CTTCGGTAGGATATAC	g7
CTTCGGTAGGGATGTC	g0
CTTCGGTAGTCAGCGA	g4
CTTCGGTAGTCATGCT	g0
CTTCGGTAGTGACACG	g7
CTTCGGTGTACTAACC	g0
CTTCGGTGTAGTATAG	g0
CTTCGGTGTATGTCAC	g3
CTTCGGTGTCATGCAT	g2
CTTCGGTGTCCGATCG	g8
CTTCGGTGTGTGTTTG	g8
CTTCGGTTCATCACTT	g2
CTTCGGTTCGGACGTC	g0
CTTCGGTTCGTGCGAC	g2
CTTCGGTTCTTCCTAA	g4
CTTCTAAAGGCACTCC	g0
CTTCTAAAGGCTCTAT	g0
CTTCTAACACGGCTAC	g2
CTTCTAAGTACAGAGC	g2
CTTCTAAGTACGTGAG	g4
CTTCTAAGTCGGTACC	g2
CTTCTAAGTGGAACAC	g0
CTTCTAATCAAGAAAC	g2
CTTCTAATCACTAGCA	g2
CTTCTAATCATAGAGA	g0
CTTCTAATCATTCATC	g2
CTTCTAATCCGGTTCT	g2
CTTCTAATCTAGATCG	g4
CTTCTAATCTCTCTAA	g1
CTTCTAATCTGAATCG	g2
CTTCTCTAGAGGATGA	g2
CTTCTCTAGATACATG	g7
CTTCTCTAGGTAAAGG	g0
CTTCTCTAGGTCCCTG	g0
CTTCTCTCAAAGGTTA	g0
CTTCTCTCAGCAAGAC	g2
CTTCTCTCATTCCTAT	g2
CTTCTCTGTATGGGAC	g4
CTTCTCTTCATGTCAG	g0
CTTCTCTTCGCTTACC	g2
CTTCTCTTCGGAGTAG	g3
CTTGAGAAGAGTTGTA	g3
CTTGAGAAGCATGCAG	g8
CTTGAGAAGCGATTCT	g7
CTTGAGAAGGGTATAT	g0
CTTGAGAGTACAGGTG	g8
CTTGAGATCAGTGTGT	g0
CTTGAGATCCATGCAA	g2
CTTGAGATCTAAACGC	g2
CTTGAGATCTTGGAAC	g0
CTTGATTAGCAATAAC	g7
CTTGATTAGTGTTGTC	g1
CTTGATTCAGTGTATC	g0
CTTGATTCATGGATCT	g2
CTTGATTGTAACCCTA	g0
CTTGATTGTGACGTCC	g4
CTTGATTGTGGTTTGT	g0
CTTGATTTCCAACACA	g2
CTTGATTTCCATACAG	g0
CTTGATTTCCTTATGT	g2
CTTGATTTCGCGTTTC	g0
CTTGATTTCGCTAAAC	g0
CTTGATTTCGTTATCT	g2
CTTTCAAAGACTGAGC	g0
CTTTCAAAGGATTCAA	g3
CTTTCAAAGGGACACT	g0
CTTTCAACACTTGACA	g0
CTTTCAACATGTTCAG	g4
CTTTCAACATTGAGGG	g0
CTTTCAAGTAGCGATG	g1
CTTTCAAGTATGTCTG	g4
CTTTCAAGTCGCAGTC	g7
CTTTCAAGTTATGGTC	g6
CTTTCAATCGGATAAA	g2
CTTTCAATCTGGTTGA	g0
CTTTCAATCTTGCAAG	g4
CTTTCGGAGATCGCTT	g0
CTTTCGGAGGAGAATG	g8
CTTTCGGAGTGGTGAC	g2
CTTTCGGCACACAGAG	g0
CTTTCGGGTAAGATTG	g0
CTTTCGGGTACCATAC	g2
CTTTCGGGTAGAGATT	g0
CTTTCGGGTGCCTACG	g0
CTTTCGGGTGTGTGTT	g2
CTTTCGGTCACCATCC	g6
CTTTCGGTCAGTGATC	g3
CTTTCGGTCCGTATGA	g4
CTTTCGGTCCTTGACC	g0
GAAACCTAGTACTGTC	g0
GAAACCTCAACCGACC	g4
GAAACCTCACGGAAGT	g0
GAAACCTCACGTTCGG	g0
GAAACCTCAGAACGCA	g4
GAAACCTCAGAATTCC	g2
GAAACCTGTCCATCTC	g0
GAAACCTGTCTAGATC	g4
GAAACCTGTCTTGCGG	g0
GAAACCTTCAAATAGG	g4
GAAACCTTCGATGGAG	g2
GAAACCTTCGCGTAGC	g7
GAAACCTTCGTCGCTT	g0
GAAACCTTCGTGACTA	g0
GAAACCTTCGTTAGAC	g7
GAAACCTTCTATGCCC	g0
GAAATGAAGATAACAC	g8
GAAATGAAGATTGATG	g0
GAAATGAAGCGTATGG	g0
GAAATGAAGGAGTACC	g3
GAAATGAAGTCAGAGC	g4
GAAATGACAATACGAA	g2
GAAATGACACAGAGAC	g2
GAAATGACACGCGCAT	g2
GAAATGACATAGGTAA	g0
GAAATGACATTGAAGA	g0
GAAATGAGTGAGCGAT	g1
GAAATGAGTGGAAATT	g4
GAAATGAGTTCTCCAC	g0
GAAATGAGTTGCGGAA	g4
GAAATGATCTAGTTCT	g0
GAAATGATCTCGTCGT	g2
GAAATGATCTTCTGTA	g2
GAACACTCAGGCTTGC	g0
GAACACTCATCCAACA	g4
GAACACTCATGCCGCA	g4
GAACACTGTCAAGGCA	g2
GAACACTTCAATGTCG	g0
GAACACTTCCCGTGAG	g2
GAACACTTCGTACACA	g2
GAACACTTCTCGCCTA	g2
GAACGTTAGATCGGTG	g6
GAACGTTAGCTCTTCC	g4
GAACGTTCACCTAAAC	g3
GAACGTTCACTCTGCT	g7
GAACGTTCAGCTATTG	g4
GAACGTTCATTGTAGC	g2
GAACGTTGTAAGACCG	g0
GAACGTTGTATAGGGC	g2
GAACGTTGTCACTTAG	g0
GAACGTTGTGTTCGAT	g2
GAACGTTTCGCCTATC	g2
GAACGTTTCGGACAAG	g0
GAACGTTTCTGTCGTC	g0
GAACTGTAGATTGATG	g2
GAACTGTAGCCGGATA	g7
GAACTGTAGGTACTGG	g4
GAACTGTAGTATGATG	g2
GAACTGTAGTCAAGCG	g5
GAACTGTAGTTACGTC	g4
GAACTGTCAAAGCTAA	g4
GAACTGTCACCATATG	g0
GAACTGTCAGACCAGA	g3
GAACTGTGTAGACGGT	g2
GAACTGTGTAGTCACT	g7
GAACTGTGTCTACGTA	g7
GAACTGTGTGGCACTC	g2
GAACTGTTCAGTCAGT	g2
GAACTGTTCCATTTAC	g9
GAACTGTTCGCGTTTC	g0
GAACTGTTCGGCTATA	g1
GAACTGTTCTCCGAAA	g0
GAAGAATAGGCCCAAA	g0
GAAGAATAGGGAGTTC	g0
GAAGAATCATACATCG	g2
GAAGAATCATAGATCC	g4
GAAGAATCATCTTCGC	g4
GAAGAATGTCAATCTG	g0
GAAGAATTCAGACCTA	g0
GAAGAATTCTTTCAGT	g0
GAAGCCCAGACCGCCT	g7
GAAGCCCAGGATGAGA	g0
GAAGCCCAGGTAAACT	g2
GAAGCCCAGTACAACA	g2
GAAGCCCCAACGGCTC	g3
GAAGCCCCACTGTGTA	g2
GAAGCCCCAGGGTTGA	g2
GAAGCCCCATCTCATT	g3
GAAGCCCGTCTTGAGT	g0
GAAGCCCTCACTGGTA	g7
GAAGCCCTCATGGATC	g2
GAAGCCCTCCGTCCTA	g2
GAAGCCCTCTTCGACC	g7
GAAGCGAAGACCCGCT	g0
GAAGCGAAGAGTGTTA	g6
GAAGCGAAGGAGATAG	g0
GAAGCGAAGGCCGCTT	g9
GAAGCGAAGGGAGATA	g0
GAAGCGAAGTGATGGC	g2
GAAGCGAAGTGCACTT	g4
GAAGCGACAATCAGCT	g2
GAAGCGAGTCGGCCTA	g0
GAAGCGAGTGGCCACT	g0
GAAGCGAGTTAGGAGC	g1
GAAGCGATCAGAGCGA	g8
GAAGCGATCGAAGCAG	g0
GAAGCGATCTCAGTCC	g7
GAAGCGATCTCGTGAA	g7
GAAGCGATCTCTGGTC	g4
GAAGCGATCTGAGGCC	g0
GAAGCGATCTTCACAT	g2
GAAGGACAGAAGCGCT	g0
GAAGGACAGCGATGGT	g3
GAAGGACAGGTATAGT	g3
GAAGGACCACATCATG	g0
GAAGGACCAGCCGTCA	g7
GAAGGACGTAGCGTAG	g0
GAAGGACGTATCAGCT	g2
GAAGGACGTCTCGCGA	g4
GAAGGACGTCTGTGCG	g2
GAAGGACGTGCGGATA	g6
GAAGGACGTGTAGGAC	g2
GAAGGACGTTCTATCT	g2
GAAGGACTCATGTCAG	g0
GAAGGACTCGAACCAT	g2
GAAGGACTCGTCAACA	g0
GAAGGACTCTCTGGTC	g3
GAAGGACTCTTGTTAC	g2
GAAGGGTAGGTTGGAC	g7
GAAGGGTAGTAGAGTT	g2
GAAGGGTCAAATGCGG	g1
GAAGGGTCAACAGATA	g0
GAAGGGTCAACCTAAC	g0
GAAGGGTCACGCAGTC	g0
GAAGGGTGTCATCCCT	g2
GAAGGGTGTCGTCTCT	g4
GAAGGGTGTGAGTCAG	g0
GAAGGGTTCGCGTTTC	g2
GAAGGGTTCGGCGATC	g2
GAAGGGTTCGTTCTAT	g3
GAAGGGTTCTGACAGT	g3
GAAGTAAAGAGGCGTT	g2
GAAGTAAAGCACTCAT	g2
GAAGTAAAGCTGCGAA	g0
GAAGTAAAGTGCCAGA	g7
GAAGTAACACGACCTG	g9
GAAGTAACAGGTCTCG	g0
GAAGTAACATCCTATT	g0
GAAGTAACATGAATCC	g4
GAAGTAATCAAGTCGT	g0
GAAGTAATCAGAGCGA	g3
GAAGTAATCCCAAGTA	g0
GAAGTAATCGAAACAA	g2
GAAGTAATCGGCTGAC	g7
GAAGTAATCTCATGCC	g4
GAATAGAAGACGACGT	g3
GAATAGAAGCCATTCA	g10
GAATAGAAGCGCTGCT	g2
GAATAGAAGTGCAGCA	g0
GAATAGAAGTTTCTTC	g7
GAATAGACAATGTCAC	g2
GAATAGACATCGATGT	g4
GAATAGAGTCGATGCC	g2
GAATAGAGTGACTGTT	g7
GAATAGAGTTAGAAAC	g7
GAATAGAGTTGGGCCT	g1
GAATAGATCACTTATC	g4
GAATCACAGATAGCAT	g2
GAATCACAGGCATCAG	g9
GAATCACCAAGATGGC	g4
GAATCACCAAGCACAG	g3
GAATCACCAGAGGAAA	g0
GAATCACGTCTTCGAA	g3
GAATCACTCCGGTAGC	g6
GAATCACTCCGTCACT	g7
GAATCACTCTTAGTTC	g1
GAATCGTAGGAACGCT	g4
GAATCGTAGGGTTTCT	g4
GAATCGTAGGTTCTTG	g0
GAATCGTCATGGAAGC	g0
GAATCGTGTCAACATC	g0
GAATCGTGTCACATTG	g2
GAATCGTGTGGCATCC	g6
GAATCGTGTTCCGCTT	g0
GAATCGTTCAAACCCA	g0
GACACGCAGCCTGGAA	g2
GACACGCAGTTAACAG	g0
GACACGCCAATTAGGA	g0
GACACGCCACACCGCA	g2
GACACGCCACGTCGTG	g7
GACACGCCATATCGGT	g1
GACACGCGTAAGTAGT	g9
GACACGCGTGAATATG	g2
GACACGCGTGCTTCAA	g3
GACACGCGTGTCCATA	g0
GACACGCTCACATTGG	g8
GACACGCTCCGGTAGC	g4
GACACGCTCGCAATGT	g1
GACAGCCAGAGATCGC	g3
GACAGCCAGCCATCCG	g7
GACAGCCAGTATGGCG	g3
GACAGCCCAATAGTCC	g2
GACAGCCCAATTTCTC	g1
GACAGCCGTCAGACGA	g4
GACAGCCGTGACTGAG	g7
GACAGCCTCGACACCG	g0
GACAGCCTCGAGATGG	g2
GACAGCCTCGCTTGCT	g3
GACATCAAGATACAGT	g2
GACATCAAGCCTCAGC	g4
GACATCAAGCTCTGTA	g3
GACATCAAGTAAACTG	g2
GACATCAAGTGAGCCA	g4
GACATCACACTACACA	g0
GACATCACAGCTGTGC	g2
GACATCACATGGAATA	g2
GACATCAGTAACATCC	g4
GACATCAGTATTGCCA	g0
GACATCAGTATTTCCT	g4
GACATCAGTGCTTCAA	g0
GACATCAGTGTTCGTA	g3
GACATCATCAGCTCTC	g0
GACATCATCGCAGTTA	g8
GACATCATCTGTGCAA	g0
GACCAATAGAGTGTGC	g2
GACCAATAGATGCGAC	g0
GACCAATAGTCCGTCG	g6
GACCAATCACTCAGAT	g2
GACCAATGTAGAGACC	g7
GACCAATGTCAGGAGT	g0
GACCAATGTGTCCACG	g0
GACCAATGTGTTACTG	g2
GACCAATGTGTTGAGG	g4
GACCAATTCCGATCTC	g3
GACCAATTCGCATAGT	g2
GACCAATTCGGCTCTT	g2
GACCCAGAGACAACTA	g0
GACCCAGAGGATACCG	g0
GACCCAGAGGTGGCTA	g6
GACCCAGAGTCTACCA	g2
GACCCAGCAAAGAGTT	g0
GACCCAGCACCGCTAG	g2
GACCCAGCACGACTAT	g2
GACCCAGGTAGGCAAC	g1
GACCCAGGTCTCTCTG	g7
GACCCAGGTTATCTTC	g2
GACCCAGGTTGAAGTA	g0
GACCCAGGTTGGATCT	g7
GACCCAGTCGGTCGAC	g2
GACCCAGTCTCTAAGG	g3
GACCCAGTCTTCACGC	g0
GACCCTTAGCATGATA	g3
GACCCTTAGCCGTTAT	g2
GACCCTTCACACCGCA	g4
GACCCTTCACGGATCC	g7
GACCCTTCATACTGTG	g7
GACCCTTGTCCGGCAT	g2
GACCCTTGTCTACGTA	g0
GACCCTTGTGAACCGA	g7
GACCCTTTCGTGTTCC	g7
GACCGTGAGCACTAGG	g2
GACCGTGAGCATATGA	g2
GACCGTGCAACTGGTT	g7
GACCGTGCACGCGGTT	g1
GACCGTGCACTACAGT	g0
GACCGTGCAGTTTGGT	g0
GACCGTGGTACGGTTT	g3
GACCGTGGTATGGTTC	g1
GACCGTGGTTTGCAGT	g2
GACCGTGTCATTCATC	g4
GACCGTGTCATTGCTT	g0
GACCGTGTCCCGTTGT	g0
GACCGTGTCCTGGGTG	g4
GACCGTGTCCTGTACC	g8
GACCGTGTCTGCGGAC	g0
GACCTTCAGGTCCTGC	g7
GACCTTCAGTGCGACA	g8
GACCTTCCACATATCG	g4
GACCTTCCACCAGTAT	g4
GACCTTCCAGCAGTCC	g0
GACCTTCCAGCTGAAG	g1
GACCTTCGTCCTACAA	g2
GACCTTCTCCAACTAG	g7
GACCTTCTCGGCTGAC	g7
GACCTTCTCTCGGTAA	g4
GACCTTCTCTGCGGGT	g2
GACCTTCTCTTGATTC	g0
GACGCTGAGCCTCTCT	g0
GACGCTGAGTATGAGT	g3
GACGCTGGTGGGTCAA	g0
GACGCTGTCCTTCAGC	g2
GACGCTGTCGCCAATA	g2
GACGCTGTCTCACGAA	g4
GACGCTGTCTGGTGGC	g1
GACGCTGTCTTCGGAA	g2
GACGTTAAGCCGCTTG	g2
GACGTTAAGCGAAACC	g2
GACGTTAAGGTAGCCA	g0
GACGTTACAACGACTT	g2
GACGTTACAGGTGTGA	g0
GACGTTACATACCACA	g4
GACGTTAGTATGACAA	g0
GACGTTAGTTCTATCT	g4
GACGTTAGTTGAAGTA	g7
GACGTTAGTTGGCTAT	g2
GACGTTAGTTGGGACA	g2
GACGTTATCTGCTTAT	g0
GACGTTATCTTTCGAT	g0
GACTATGAGACCTCCG	g0
GACTATGAGATTGTGA	g3
GACTATGCAAGAGTTA	g0
GACTATGCAAGTGCAG	g1
GACTATGCAGTAGAGC	g0
GACTATGGTAATTAGG	g3
GACTATGGTAGCGTAG	g0
GACTATGGTCCTCAGG	g0
GACTATGGTTTACCTT	g2
GACTATGTCAGACCGC	g2
GACTATGTCCCTCTTT	g4
GACTATGTCGTAGTCA	g4
GACTATGTCTCTATGT	g0
GACTCAAAGAGTCTGG	g2
GACTCAAAGGACTAAT	g4
GACTCAACACCTCGTT	g2
GACTCAACACGGTGTC	g0
GACTCAACAGTCTACA	g9
GACTCAACATTGTAGC	g4
GACTCAATCACAACCA	g0
GACTCAATCACTGGTA	g2
GACTCAATCCATCTGC	g4
GACTCAATCCTTCACG	g4
GACTCAATCTGCGTCT	g0
GACTCTCAGATGCTTC	g2
GACTCTCAGCGTTACT	g2
GACTCTCCAAATACAG	g8
GACTCTCCAATCGCAT	g2
GACTCTCCAGACCATT	g4
GACTCTCGTAAGGCCA	g2
GACTCTCGTGAGTGAC	g2
GACTCTCTCAGACCGC	g2
GACTCTCTCATCACCC	g2
GACTGATAGAAGCCAC	g2
GACTGATAGCTGCCTG	g2
GACTGATCAAGCGATG	g7
GACTGATCAAGGTCGA	g7
GACTGATCATGGCCCA	g0
GACTGATCATTGCTTT	g4
GACTGATGTCCAGAAG	g0
GACTGATGTCTAACTG	g0
GACTGATGTGTCCACG	g0
GACTGATGTTCACGAT	g4
GACTGATTCACCTGTC	g0
GACTGATTCCCTCTTT	g1
GACTGATTCGTGCGAC	g9
GACTGATTCTAACACG	g4
GACTTCCAGAACAGGA	g4
GACTTCCAGAGAAGGT	g2
GACTTCCAGAGTCAGC	g0
GACTTCCCACACAGAG	g0
GACTTCCCACCCAACG	g7
GACTTCCCACTAACGT	g0
GACTTCCCAGACCCGT	g0
GACTTCCCAGAGTAAT	g0
GACTTCCCATAACGGG	g0
GACTTCCCATGAAAGT	g8
GACTTCCGTGTGTGGA	g2
GAGAAATAGGACCCAA	g1
GAGAAATAGGTTTACC	g2
GAGAAATCACTAACGT	g0
GAGAAATCATCAGTGT	g2
GAGAAATGTCTGTGCG	g0
GAGAAATGTGTCCAAT	g2
GAGAAATGTTCGAGCC	g0
GAGAAATTCACAACCA	g7
GAGAAATTCAGCTAGT	g0
GAGAAATTCGTCAGAT	g2
GAGAAATTCTAGTTCT	g0
GAGACCCAGAGGGTAA	g0
GAGACCCCACGCTGCA	g0
GAGACCCCATAACGGG	g0
GAGACCCGTAACAGGC	g7
GAGACCCGTATGTCCA	g0
GAGACCCGTATTTCCT	g3
GAGACCCGTTTGGGTT	g0
GAGACCCTCACTTGTT	g0
GAGACCCTCCAATGCA	g0
GAGACCCTCCCGTTGT	g7
GAGACTTAGACGTCCC	g2
GAGACTTAGCATGATA	g0
GAGACTTCATCCGGCA	g2
GAGACTTCATTCACCC	g0
GAGACTTCATTCTCTA	g4
GAGACTTCATTGTCGA	g2
GAGACTTGTAGTTACC	g2
GAGACTTGTATGTCTG	g2
GAGACTTGTCAAGTTC	g1
GAGACTTGTCGAGCAA	g4
GAGACTTGTGAATGAT	g0
GAGACTTGTGATTAGA	g0
GAGACTTGTGTCGATT	g0
GAGACTTTCAGCATTG	g0
GAGACTTTCAGTGATC	g0
GAGACTTTCATGCAGT	g8
GAGACTTTCGGTATGT	g7
GAGAGGTAGAGAGGGC	g2
GAGAGGTAGTAAGAGG	g0
GAGAGGTAGTGACCTT	g2
GAGAGGTCAACCACGC	g0
GAGAGGTCAAGCAGGT	g4
GAGAGGTCACATGTTG	g2
GAGAGGTCACTGCGAC	g2
GAGAGGTCAGGTTACT	g2
GAGAGGTCATATGGCT	g2
GAGAGGTGTACAGTAA	g0
GAGAGGTGTAGCGTCC	g2
GAGAGGTTCCAAGAGG	g2
GAGAGGTTCCGAGGCT	g7
GAGATGGAGCACACCC	g0
GAGATGGAGTTTGTCG	g0
GAGATGGCAGGTCTCG	g7
GAGATGGCAGTATGAA	g9
GAGATGGCATGCCGGT	g0
GAGATGGCATTGTACG	g2
GAGATGGGTACAACGG	g2
GAGATGGGTGCCTTCT	g2
GAGATGGGTTCCTACC	g7
GAGATGGTCCCAGCGA	g0
GAGATGGTCCTAACAG	g2
GAGATGGTCGCAATTG	g9
GAGCCTGAGATACGAT	g2
GAGCCTGAGCACACCC	g7
GAGCCTGAGCTTCGTA	g2
GAGCCTGAGGAATTAC	g2
GAGCCTGAGGCGCTTC	g0
GAGCCTGCAATATCCG	g0
GAGCCTGCACAGCTGC	g2
GAGCCTGCAGCTGTCG	g4
GAGCCTGCAGGGTCTC	g2
GAGCCTGCATACTGTG	g4
GAGCCTGCATCGAGCC	g3
GAGCCTGGTAGTAAGT	g8
GAGCCTGGTCCAGCCA	g4
GAGCCTGGTCGTATTG	g2
GAGCCTGGTCTAGATC	g2
GAGCCTGGTGGACAGT	g3
GAGCCTGGTTCATCTT	g2
GAGCCTGTCACTGGTA	g4
GAGCCTGTCATAGAGA	g0
GAGCCTGTCGCTTGAA	g2
GAGCCTGTCGGACTGC	g0
GAGCTGCCAAGTTCCA	g2
GAGCTGCCACGTTCGG	g2
GAGCTGCCACTAGTAC	g7
GAGCTGCCATCCAATG	g2
GAGCTGCGTGCGGCTT	g0
GAGCTGCGTGGTCTAT	g0
GAGCTGCTCCAAGCAT	g0
GAGCTGCTCGGTCTAA	g7
GAGGCAAAGACTCTAC	g2
GAGGCAAAGGTGATAT	g7
GAGGCAAAGTAGGCCA	g5
GAGGCAAAGTAGTCTC	g2
GAGGCAACAAATCAAG	g4
GAGGCAACAAGTGCTT	g4
GAGGCAACACGAAGAC	g0
GAGGCAAGTTTAGACC	g7
GAGGCAATCAGCTGTA	g0
GAGGCAATCCATGAGT	g2
GAGGCAATCTAATTCC	g2
GAGGCAATCTTCCACG	g1
GAGGCCTAGCACTCGC	g2
GAGGCCTAGCATAGGC	g1
GAGGCCTCAAATGAGT	g2
GAGGCCTCAACTCCCT	g0
GAGGCCTCAAGCCTGC	g2
GAGGCCTCAGCGCGTT	g2
GAGGCCTCAGTCGGAA	g7
GAGGCCTGTCCTGGGT	g0
GAGGCCTTCGAGTCCG	g7
GAGGCCTTCTAGATCG	g0
GAGGGATAGAGGTTTA	g2
GAGGGATAGATGCAGC	g2
GAGGGATAGTAAACGT	g0
GAGGGATAGTGCAGGT	g0
GAGGGATCAAATGAGT	g4
GAGGGATCAAGGTCAG	g4
GAGGGATCAATCCTTT	g0
GAGGGATCAATGGGTG	g0
GAGGGATGTAGAATAC	g3
GAGGGATGTAGCTGCC	g0
GAGGGATTCAGACAAA	g0
GAGGGATTCCATTCAT	g2
GAGGGATTCGTTCAGA	g2
GAGGGATTCTTGAGCA	g7
GAGGGTACACGATTCA	g8
GAGGGTACATTGCCTC	g4
GAGGGTAGTACAGTTC	g0
GAGGGTAGTCGTGGAA	g8
GAGGGTATCAGAACCT	g7
GAGGGTATCCAAGCAT	g7
GAGTCATAGACTTGTC	g2
GAGTCATAGGAGATAG	g1
GAGTCATCAACAGCTT	g0
GAGTCATCACAGTCGC	g0
GAGTCATCACCCATAA	g0
GAGTCATCAGACAAGC	g8
GAGTCATCATGTCAGT	g0
GAGTCATGTACCAGAG	g7
GAGTCATGTCTCTCCA	g0
GAGTCATGTTCGAAGG	g2
GAGTCATTCCATATGG	g2
GAGTCATTCCGCAGTG	g2
GAGTCTAAGAACCGCA	g0
GAGTCTAAGGTGCGAT	g4
GAGTCTAAGTAAACGT	g0
GAGTCTACAACCCTAA	g2
GAGTCTACAGTATGAA	g0
GAGTCTACATCCTAAG	g2
GAGTCTAGTATTCCGA	g7
GAGTCTAGTCCAGGTC	g2
GAGTCTAGTGCAGGAT	g3
GAGTCTAGTGCTGCAC	g2
GAGTCTAGTTACACTG	g2
GAGTCTATCCTAGCTC	g0
GAGTGAGAGCTGGTGA	g1
GAGTGAGCAAGATGGC	g0
GAGTGAGCACCCTATC	g0
GAGTGAGCAGTTGCGC	g0
GAGTGAGCATGAGGGT	g0
GAGTGAGGTACAAGCG	g4
GAGTGAGGTCATGACT	g3
GAGTGAGGTTCTCGTC	g0
GAGTGAGGTTTACCTT	g4
GAGTGAGTCAGTGTTG	g1
GAGTGAGTCCCTCAAC	g0
GAGTGAGTCGCATTGA	g2
GAGTGTTAGCGACAGT	g0
GAGTGTTAGTTCGGTT	g2
GAGTGTTCAACACGAG	g0
GAGTGTTCACATCCCT	g4
GAGTGTTCACGCCACA	g0
GAGTGTTCAGCTGAGA	g3
GAGTGTTGTAACACCT	g2
GAGTGTTGTATGAAAC	g0
GAGTGTTGTTGGCCGT	g4
GAGTGTTTCCATGAGT	g9
GAGTTACAGACAGCTG	g0
GAGTTACAGGACTATA	g4
GAGTTACCACAGTCGC	g0
GAGTTACCACGACCTG	g4
GAGTTACCACGCAAAG	g2
GAGTTACCATACAGGG	g6
GAGTTACCATAGATCC	g2
GAGTTACGTATGAGGC	g4
GAGTTACGTATGGTAA	g2
GAGTTACGTGATCATC	g0
GAGTTACGTTGGCCTG	g2
GAGTTACTCACTGTTT	g0
GAGTTACTCTCAAAGC	g9
GAGTTACTCTGGCTGG	g0
GAGTTGTAGAAGGTAG	g7
GAGTTGTAGGCGCTCT	g1
GAGTTGTAGTCAGCGA	g7
GAGTTGTCAATAACCC	g3
GAGTTGTCAATAACGA	g4
GAGTTGTCAATAGAGT	g2
GAGTTGTCACACTGGC	g0
GAGTTGTCAGCTGTCG	g2
GAGTTGTCAGGACATG	g2
GAGTTGTCATCAGCTA	g6
GAGTTGTCATGTGTCA	g4
GAGTTGTGTACAGTAA	g4
GAGTTGTGTTACCTGA	g2
GAGTTGTGTTCTCTCG	g4
GAGTTGTTCCGGTAAT	g7
GAGTTGTTCGCACGAC	g0
GAGTTGTTCTCGTTTA	g0
GAGTTTGAGAGTATAC	g2
GAGTTTGAGCAATTAG	g0
GAGTTTGAGTGCAGCA	g0
GAGTTTGCACAGTGTT	g8
GAGTTTGCACCAAAGG	g8
GAGTTTGCACCAGTTA	g3
GAGTTTGCACGCAAAG	g2
GAGTTTGCAGGACTAG	g2
GAGTTTGCATTCCTAT	g2
GAGTTTGGTCGAGCTC	g2
GAGTTTGGTCGGTAAG	g4
GAGTTTGTCCTGCCAT	g1
GAGTTTGTCGAACTCA	g0
GAGTTTGTCTATGTGG	g2
GAGTTTGTCTCCAATT	g4
GAGTTTGTCTCTGACC	g0
GAGTTTGTCTTGGATG	g0
GATAGAAAGCAAGCCA	g0
GATAGAAAGGTGCATG	g3
GATAGAACAAGGTCAG	g0
GATAGAACAATGGCCC	g7
GATAGAACACACGTGC	g2
GATAGAACACCTTCGT	g0
GATAGAACACTCCGGA	g2
GATAGAAGTACAGTCT	g7
GATAGAAGTCCGAAGA	g3
GATAGAAGTCCGGACT	g0
GATAGAAGTCGCGTTG	g2
GATAGAAGTCTCAAGT	g2
GATAGAAGTGGCCTCA	g4
GATAGAAGTGGGCTTC	g0
GATAGAAGTTACACTG	g0
GATAGAAGTTACGCCG	g0
GATAGAAGTTTGTGGT	g7
GATAGAATCCTAAACG	g2
GATAGAATCGCTCATC	g7
GATAGCTAGAAACACT	g0
GATAGCTAGAGCATAT	g2
GATAGCTAGAGTGAAG	g1
GATAGCTAGGGATCTG	g4
GATAGCTAGTCGCTAT	g2
GATAGCTAGTGAACAT	g0
GATAGCTAGTTTGAGA	g0
GATAGCTCAAAGAACT	g0
GATAGCTCACCTGATA	g3
GATAGCTCACTTGTGA	g4
GATAGCTCATACAGAA	g2
GATAGCTCATGTTTGG	g3
GATAGCTGTAGGCAGT	g2
GATAGCTGTCCTGTTC	g0
GATAGCTGTCGTGGTC	g0
GATAGCTGTGGCTCTG	g7
GATAGCTGTGGTCTAT	g8
GATAGCTGTTAAGTCC	g0
GATAGCTTCCACTAGA	g7
GATAGCTTCGCATTAG	g0
GATCACAAGACGACTG	g7
GATCACAAGATCACCT	g0
GATCACAAGCAACTTC	g2
GATCACAAGCATAGGC	g4
GATCACAAGTGCCAGA	g3
GATCACACAATTTCGG	g2
GATCACACAGCACCCA	g9
GATCACACATCTGTTT	g3
GATCACAGTAGCGTCC	g2
GATCACAGTCATAACC	g0
GATCACAGTTGCAAGG	g0
GATCACAGTTTACCTT	g0
GATCAGTAGAGGCTGT	g2
GATCAGTAGTAGGCCA	g7
GATCAGTCAACACAAA	g2
GATCAGTCAGAAGTTA	g0
GATCAGTCAGCGCTTG	g3
GATCAGTCATACATCG	g0
GATCAGTGTATGCTAC	g2
GATCAGTGTCAGACTT	g8
GATCAGTGTGCAATAA	g4
GATCAGTGTTATCTTC	g3
GATCAGTGTTGAATCC	g4
GATCATGAGCGTGCTC	g1
GATCATGCAAACTCTG	g3
GATCATGCACTCATAG	g4
GATCATGCAGAGAATT	g4
GATCATGCAGCTCCTT	g0
GATCATGCATACCGTA	g0
GATCATGCATATGCGT	g2
GATCATGGTAACTTCG	g4
GATCATGGTACACGTT	g0
GATCATGGTCTAGATC	g2
GATCATGGTTATTCCT	g6
GATCATGTCCCGTAAA	g4
GATCATGTCGGAATTC	g4
GATCATGTCGTGACTA	g0
GATCATGTCTCCTGAC	g3
GATCCCTAGAGGATGA	g9
GATCCCTAGCGAGTAC	g0
GATCCCTAGCTCGTGC	g0
GATCCCTAGTACCATC	g0
GATCCCTAGTACTGTC	g4
GATCCCTAGTGGCGAT	g9
GATCCCTCAATAGTGA	g2
GATCCCTCATCAGCAT	g0
GATCCCTGTAACGTTC	g7
GATCCCTGTCGTTCAA	g7
GATCCCTTCAAGCCCG	g0
GATCCCTTCGTAACAC	g0
GATCCCTTCGTGTGAT	g0
GATCCCTTCTCTGACC	g8
GATCCCTTCTTCCACG	g7
GATCGTAAGACCAAGC	g4
GATCGTAAGCCTGGAA	g6
GATCGTAAGGGAGGGT	g0
GATCGTACACATACTG	g0
GATCGTACAGATACCT	g7
GATCGTAGTCCAGCCA	g9
GATCGTAGTCCGGTCA	g2
GATGACTAGCACTGGA	g2
GATGACTAGCTGTCCG	g4
GATGACTCACTGTTCC	g0
GATGACTCAGCCCAGT	g4
GATGACTCAGTAGAGC	g7
GATGACTGTTCCTAGA	g1
GATGACTTCACCATCC	g7
GATGACTTCCCGAGGT	g0
GATGACTTCGTGCATA	g2
GATGACTTCTGGCCTT	g6
GATGAGGAGAAAGTCT	g3
GATGAGGAGGCATTTC	g2
GATGAGGAGTCAACAA	g2
GATGAGGAGTGGTTCT	g2
GATGAGGCACTGTCCT	g0
GATGAGGCATAGTCAC	g2
GATGAGGGTAACTAAG	g0
GATGAGGGTGATCGTT	g4
GATGAGGGTTCTTAGG	g0
GATGAGGTCAACTCTT	g4
GATGAGGTCAGTGTCA	g7
GATGAGGTCGGCTGAC	g3
GATGAGGTCTCTAGGA	g0
GATGATCAGCGCCTCA	g7
GATGATCAGGTCGCCT	g3
GATGATCCACGACAAG	g2
GATGATCCATAACCCA	g0
GATGATCCATTCTCCG	g0
GATGATCGTATACAGA	g0
GATGATCGTCAAAGAT	g2
GATGATCGTCATTGCA	g2
GATGATCTCAGCTTGA	g8
GATGATCTCCATGATG	g2
GATGATCTCCTACACC	g4
GATGATCTCGGCACTG	g7
GATGATCTCTTTCGAT	g0
GATGCTACACACTTAG	g0
GATGCTAGTAGTCCTA	g3
GATGCTAGTCACGCTG	g0
GATGCTAGTGGAGAAA	g0
GATGCTAGTGTATTCG	g3
GATGCTATCAACTTTC	g5
GATGCTATCAGTCAGT	g4
GATGCTATCAGTGTGT	g2
GATGCTATCCGATCTC	g4
GATGCTATCTACTCAT	g2
GATGCTATCTCCTACG	g0
GATGGAGAGAAATGGG	g4
GATGGAGAGAGAACCC	g0
GATGGAGAGCCGCACT	g7
GATGGAGAGGCTAAAT	g5
GATGGAGAGGTAAACT	g2
GATGGAGAGGTATCTC	g0
GATGGAGCAATCGAAA	g3
GATGGAGGTCACCGCA	g0
GATGGAGTCAAGCCTA	g9
GATGGAGTCAAGTCTG	g0
GATGGAGTCCCTGGTT	g2
GATGGAGTCTCTTAAC	g4
GATGGAGTCTGGAGAG	g2
GATGTTGAGACAGCTG	g0
GATGTTGAGAGTGAAG	g7
GATGTTGAGAGTGGCT	g2
GATGTTGCAACTGAAA	g0
GATGTTGCACGCAAAG	g7
GATGTTGCACGCTTAA	g3
GATGTTGCACGGTGAA	g2
GATGTTGGTACGAGCA	g7
GATGTTGGTATGATCC	g2
GATGTTGGTTCAGGTT	g0
GATGTTGTCCCAAGCG	g2
GATGTTGTCCTGTTGC	g0
GATGTTGTCTTAAGGC	g2
GATTCGAAGAGAGTGA	g0
GATTCGAAGCAGAAAG	g4
GATTCGAAGCCTCCAG	g7
GATTCGAAGGGTAATT	g2
GATTCGACAACGGTAG	g8
GATTCGACACCCTGTT	g2
GATTCGACAGAGAATT	g3
GATTCGACAGCTAACT	g1
GATTCGACATCAGCTA	g4
GATTCGAGTAAGGCTG	g2
GATTCGAGTACGACAG	g0
GATTCGAGTACGCGTC	g0
GATTCGAGTAGACGGT	g7
GATTCGATCAACCGAT	g0
GATTCGATCAATCGGT	g2
GATTCGATCCCGTGTT	g0
GATTCGATCCCTCAAC	g0
GATTCGATCGCAGTGC	g7
GATTCGATCGGTGTAT	g0
GATTCTTAGGGTCAAC	g7
GATTCTTAGTGATAGT	g9
GATTCTTCAGCTTTCC	g2
GATTCTTCATAGCACT	g0
GATTCTTGTACACTCA	g8
GATTCTTGTCGCACGT	g0
GATTCTTGTCGTATGT	g0
GATTCTTGTCTTGGTA	g0
GATTCTTTCAAACCCA	g0
GATTCTTTCCGATTAG	g2
GATTGGTAGAGAGCGG	g2
GATTGGTAGGAACTAT	g8
GATTGGTCATTACTCT	g7
GATTGGTGTCTCGGGT	g4
GATTGGTGTGGACTGA	g0
GATTGGTGTGGCTCTG	g2
GATTGGTGTTAGAGTA	g0
GATTGGTTCTTGAACG	g1
GATTTCTAGACAGCGT	g0
GATTTCTAGAGGATGA	g2
GATTTCTAGTGCACAG	g7
GATTTCTCAACTCCAA	g4
GATTTCTCAATCCTTT	g2
GATTTCTCAGGGCTTC	g7
GATTTCTCATCTCATT	g2
GATTTCTCATGAAGGC	g2
GATTTCTGTATGGAAT	g8
GATTTCTTCCGCGAGT	g4
GATTTCTTCCGCGGAT	g3
GATTTCTTCGAGATGG	g0
GATTTCTTCTGCTTAT	g2
GCAACATAGCCACCGT	g8
GCAACATAGTGCCAGA	g7
GCAACATAGTGTTCAC	g0
GCAACATCAACACACT	g4
GCAACATCAAGCTGCC	g3
GCAACATGTCTGATAC	g2
GCAACATGTGAGGATC	g2
GCAACATGTTACAGCT	g2
GCAACATTCCGATAAC	g2
GCAACATTCGTGTCAA	g2
GCAACATTCTCATTAC	g0
GCAACATTCTGCGATA	g0
GCAACATTCTTCCAGC	g0
GCAACCGAGCTATCTG	g4
GCAACCGAGGCTCTCG	g0
GCAACCGAGGGAGGGT	g0
GCAACCGAGTCCCGGT	g3
GCAACCGCAGTGTGGA	g2
GCAACCGGTAGTAAGT	g0
GCAACCGGTGCATGTT	g3
GCAACCGGTTGAAGTA	g0
GCAACCGTCAACACCA	g0
GCAACCGTCACACGAT	g2
GCAACCGTCCGAGCTG	g2
GCAACCGTCGAACTCA	g0
GCACATAAGTAGGATT	g0
GCACATAGTACCTAAC	g6
GCACATAGTATACCCA	g0
GCACATAGTCGCATGC	g0
GCACATAGTGCTAGCC	g2
GCACATATCATCTATC	g4
GCACGGTAGACTACCT	g1
GCACGGTAGATGTTGA	g1
GCACGGTAGCTCCACG	g10
GCACGGTAGTACAACA	g7
GCACGGTAGTTAGTGA	g10
GCACGGTAGTTGTAAG	g0
GCACGGTCAATGAACA	g2
GCACGGTCACTCCGAG	g7
GCACGGTCAGAGGGTT	g2
GCACGGTCAGGACTAG	g0
GCACGGTGTCAAAGCG	g0
GCACGGTGTCTCTCTG	g7
GCACGGTTCCGAACGC	g0
GCACGGTTCGACGATT	g4
GCACGGTTCGGCTATA	g2
GCACGTGAGCAAGTCG	g0
GCACGTGAGCCAGTAG	g0
GCACGTGAGGCCCACT	g2
GCACGTGAGGTAAAGG	g2
GCACGTGCACACTGGC	g4
GCACGTGCACTGGCCA	g4
GCACGTGCAGCTATAC	g2
GCACGTGCAGCTTCCT	g4
GCACGTGCATAACCCA	g2
GCACGTGCATCGTTCC	g7
GCACGTGGTATCCCTC	g4
GCACGTGGTATCGAAA	g0
GCACGTGGTCCACTCT	g4
GCACGTGGTGGTAACG	g7
GCACGTGGTGTAAACA	g0
GCACGTGGTGTAGTGG	g0
GCACGTGTCCCACAGG	g0
GCACGTGTCGCTCATC	g4
GCACGTGTCTCGGCTT	g0
GCACGTGTCTGTTCAT	g2
GCACTAAAGACGTCGA	g2
GCACTAAAGCACACAG	g4
GCACTAAAGCATGAAT	g7
GCACTAACATTGAGCT	g0
GCACTAAGTTCTATCT	g0
GCACTAATCAATCTTC	g0
GCACTAATCAGTAGGG	g2
GCAGCCAAGCATGTTC	g2
GCAGCCACAAAGTGTA	g0
GCAGCCACAGACAATA	g2
GCAGCCACAGTAACCT	g8
GCAGCCAGTATACCTG	g2
GCAGCCAGTCCACAGC	g0
GCAGCCAGTGAATGAT	g2
GCAGCCAGTGCAACAG	g2
GCAGCCATCAAGGAGC	g8
GCAGCCATCGCTACGG	g4
GCAGCCATCGCTGACG	g7
GCAGCTGAGAAACTGT	g2
GCAGCTGAGAATCTAG	g0
GCAGCTGAGAGTTGCG	g6
GCAGCTGAGATTCGAA	g4
GCAGCTGAGCATGCGA	g4
GCAGCTGAGTGGTTGG	g3
GCAGCTGAGTTAACAG	g8
GCAGCTGAGTTGCGAG	g0
GCAGCTGCAATTCGTG	g4
GCAGCTGCACGACGTC	g0
GCAGCTGCAGATCCTA	g4
GCAGCTGCAGGTTCGC	g0
GCAGCTGGTATGTCTG	g4
GCAGCTGGTCGGTGAA	g2
GCAGCTGGTGTTCAGT	g0
GCAGCTGTCCACGTCT	g0
GCAGCTGTCTACACTT	g7
GCAGCTGTCTCGGTCT	g4
GCAGCTGTCTGACAGT	g3
GCAGGCTAGCTGACAG	g0
GCAGGCTCAACTGAAA	g2
GCAGGCTCAAGTGTCT	g0
GCAGGCTCAATACCTG	g3
GCAGGCTCACGGCTAC	g0
GCAGGCTCAGTGCGCT	g2
GCAGGCTCATCGAACT	g0
GCAGGCTCATCGCTCT	g7
GCAGGCTCATCTCATT	g0
GCAGGCTCATCTTAGG	g4
GCAGGCTCATGTCGTA	g8
GCAGGCTGTACGAAAT	g1
GCAGGCTGTCCCTAAA	g4
GCAGGCTGTTGAGAGC	g0
GCAGGCTTCGAGTCTA	g2
GCAGGCTTCTAACACG	g2
GCAGTTACAAAGTGTA	g7
GCAGTTACAACGAGGT	g0
GCAGTTACAATTCTTC	g4
GCAGTTACATCGATCA	g4
GCAGTTACATCTCGTC	g6
GCAGTTACATGAAGCG	g2
GCAGTTAGTCGACTTA	g0
GCAGTTAGTGACATCT	g4
GCAGTTATCAGAACCT	g4
GCATCGGAGAGGGTAA	g1
GCATCGGAGATCCTAC	g2
GCATCGGAGCTGCCTG	g0
GCATCGGAGTGCCCGT	g0
GCATCGGCAATTCACG	g0
GCATCGGCAGTTGAAA	g8
GCATCGGGTCACTACA	g7
GCATCGGGTCCCACGA	g0
GCATCGGGTCTCTCCA	g4
GCATCGGGTTTACGAC	g2
GCATCGGTCACCTTGC	g8
GCATCGGTCAGGCGAA	g4
GCATCGGTCATGCATG	g2
GCATCGGTCCACAGCG	g4
GCATCGGTCCCGATCT	g2
GCATCGGTCGGAACTT	g7
GCATCTCAGACCAAAT	g4
GCATCTCAGCAGAAAG	g7
GCATCTCAGGTAAACT	g2
GCATCTCCAATTCGTG	g2
GCATCTCCATATCGGT	g0
GCATCTCGTATGAGGC	g2
GCATCTCGTCCACACG	g7
GCATCTCGTCCGGATC	g4
GCATCTCGTCGTCTCT	g2
GCATCTCGTGGCCTCA	g3
GCATCTCGTTCGATTG	g6
GCATCTCGTTGCCAAT	g4
GCATCTCTCCGAGATT	g4
GCATCTCTCGCCTTGT	g0
GCATGATAGACATAAC	g5
GCATGATAGACCTCCG	g4
GCATGATAGCAACAAT	g7
GCATGATAGGGCTTCC	g0
GCATGATCAGAGTCAG	g4
GCATGATGTCAAGCCC	g0
GCATGATGTCAAGCGA	g3
GCATGATGTGCAGGAT	g7
GCATGATGTGGCCACT	g0
GCATGATTCAAAGGAT	g0
GCATGATTCAACTCTT	g2
GCATGATTCATTTGGG	g0
GCATGATTCGGTGTTA	g4
GCATGATTCTGCTCTG	g0
GCATGATTCTTGCGCT	g2
GCATTAGAGTTAGTGA	g0
GCATTAGCACCCTGAG	g6
GCATTAGCAGCCGTTG	g4
GCATTAGCAGTTGAAA	g2
GCATTAGCATTGAGGG	g4
GCATTAGGTGGATCAG	g2
GCATTAGGTTGAATCC	g6
GCATTAGTCGAGATAA	g4
GCATTAGTCGAGTACT	g0
GCATTAGTCGATTTCT	g2
GCATTAGTCGCACGAC	g0
GCATTAGTCTAACACG	g8
GCATTAGTCTACTCAT	g4
GCATTAGTCTGGGTCG	g4
GCCAACGAGACCTCCG	g8
GCCAACGAGAGCATTA	g7
GCCAACGAGAGGTGCT	g0
GCCAACGAGCATAGGC	g0
GCCAACGCACCTGTCT	g2
GCCAACGGTGAAGCTG	g3
GCCAACGGTGCCGGTT	g4
GCCAACGGTTGACGGA	g3
GCCAACGGTTTAGAGA	g5
GCCAACGTCCGCGAGT	g0
GCCAACGTCTGCAGCG	g1
GCCAACGTCTTTGCGC	g7
GCCAGCAAGAGCAGTC	g1
GCCAGCAAGCCTATTG	g2
GCCAGCAAGGAACTCG	g7
GCCAGCAAGGATTTCC	g0
GCCAGCAAGTACAGCG	g0
GCCAGCACAGCGACAA	g5
GCCAGCACAGTCAGAG	g3
GCCAGCACATCCGGTG	g4
GCCAGCAGTCACTAGT	g0
GCCAGCAGTCGTTGGC	g0
GCCAGCAGTGAGAACC	g7
GCCAGCAGTGCCTAAT	g5
GCCAGCAGTTTACCTT	g0
GCCAGCATCATTTGCT	g0
GCCAGCATCCCGAACG	g1
GCCAGCATCTCCAAGA	g2
GCCAGGTAGTCGCTAT	g0
GCCAGGTCACGTAACT	g0
GCCAGGTCAGGTCTCG	g0
GCCAGGTGTCCTACGG	g0
GCCAGGTGTGTAGGAC	g2
GCCAGGTGTTAGAGTA	g4
GCCAGGTTCCAACACA	g0
GCCAGGTTCCAGTTCC	g7
GCCAGTGAGAAGGCTC	g3
GCCAGTGAGACTCTAC	g2
GCCAGTGAGCACACAG	g4
GCCAGTGAGCTGGAGT	g2
GCCAGTGAGGTGCTAG	g2
GCCAGTGCATGCCGAC	g0
GCCAGTGGTACTCGTA	g7
GCCAGTGGTAGCTAAA	g0
GCCAGTGGTCCAGGTC	g4
GCCAGTGGTGACTAAA	g0
GCCAGTGGTTAAGCAA	g10
GCCAGTGGTTAATGAG	g2
GCCAGTGTCACCATCC	g0
GCCAGTGTCAGTGTCA	g3
GCCAGTGTCCACCTGT	g2
GCCAGTGTCCTTATGT	g2
GCCAGTGTCTACGCGG	g2
GCCATGGAGGAAAGAC	g0
GCCATGGAGGATGGCT	g0
GCCATGGCACAACGCC	g4
GCCATGGCAGTCGGAA	g4
GCCATGGCAGTTCTAG	g4
GCCATGGGTAGGATAT	g2
GCCATGGGTGAGTTGG	g0
GCCATGGGTTCAAGGG	g0
GCCATGGGTTGAAGTA	g7
GCCATGGGTTGGCCTG	g0
GCCATGGTCATCACTT	g4
GCCATGGTCGAACGGA	g0
GCCATTCAGATCGCCC	g2
GCCATTCAGTAGGAAG	g2
GCCATTCGTAGCGTTT	g4
GCCATTCGTCGGTGTC	g4
GCCATTCTCTGTGCGG	g7
GCCCAGAAGATGCCGA	g0
GCCCAGAAGCAATAAC	g0
GCCCAGAAGTCAGCGA	g4
GCCCAGACAACATACC	g4
GCCCAGACAACCTAAC	g4
GCCCAGACATCGAGCC	g2
GCCCAGACATTCGATG	g0
GCCCAGAGTACGGGAT	g2
GCCCAGAGTCGGAAAC	g2
GCCCAGAGTCGTAATC	g0
GCCCAGAGTCTGTGCG	g2
GCCCAGAGTGCGAGTA	g2
GCCCAGAGTTACGGAG	g0
GCCCAGAGTTCGTAAC	g2
GCCCAGATCACGGGAA	g0
GCCCAGATCTGCTGAA	g4
GCCCAGATCTTTGCGC	g6
GCCCGAAAGGTAATCA	g0
GCCCGAAAGTAAGAGG	g0
GCCCGAAAGTTTCGAC	g7
GCCCGAACACAAAGCG	g4
GCCCGAACACCACATA	g0
GCCCGAACACGAGGAT	g2
GCCCGAACAGAATCGG	g2
GCCCGAACAGGACAGT	g0
GCCCGAACATTACTCT	g0
GCCCGAAGTCACTACA	g8
GCCCGAAGTGACTGTT	g0
GCCCGAAGTGATGAAT	g0
GCCCGAAGTTCTTCAT	g2
GCCCGAATCCCGATCT	g2
GCCCGAATCGCCGAAC	g0
GCCCGAATCGCGGTAC	g1
GCCCGAATCTCCAAGA	g2
GCCCGAATCTGCGGCA	g0
GCCGATGAGACAGCTG	g4
GCCGATGAGACGACTG	g0
GCCGATGAGACTCTAC	g4
GCCGATGAGGAGTATT	g0
GCCGATGAGGTGTGAC	g1
GCCGATGAGTCGCGAA	g2
GCCGATGAGTCGGCAA	g0
GCCGATGCAAAGGGTC	g7
GCCGATGGTCAGGAGT	g4
GCCGATGGTCTTGCTC	g4
GCCGATGGTTGTTGCA	g4
GCCGATGTCATTCGGA	g2
GCCGATGTCGATAACC	g0
GCCGATGTCGTTCATT	g0
GCCGATGTCTCGGGAC	g1
GCCGTGAAGATAGTGT	g3
GCCGTGAAGATTAGTG	g0
GCCGTGAAGTTAACGA	g9
GCCGTGACAACGCATT	g1
GCCGTGACACGGCCAT	g4
GCCGTGACACTGCACG	g4
GCCGTGACAGCCGTCA	g2
GCCGTGACAGGTCCGT	g3
GCCGTGAGTAACGCGA	g3
GCCGTGAGTCCTACGG	g0
GCCGTGAGTCGAACAG	g0
GCCGTGAGTCGTAATC	g1
GCCGTGAGTTCTCACC	g4
GCCGTGAGTTGTATGC	g8
GCCGTGATCAACACGT	g10
GCCGTGATCACCCTTG	g4
GCCGTGATCCGAGCTG	g0
GCCGTGATCGAGCCTG	g3
GCCGTGATCTCGCCTA	g4
GCCGTGATCTCTCGAC	g6
GCCTGTTAGCCTATTG	g7
GCCTGTTCAGTAGTTC	g2
GCCTGTTCAGTCAGCC	g1
GCCTGTTGTGAACTAA	g0
GCCTGTTGTGCCTTTC	g8
GCCTGTTGTGGACCTC	g8
GCCTGTTTCACTTGTT	g2
GCCTGTTTCCGAGATT	g2
GCCTGTTTCCGCACGA	g0
GCCTGTTTCGTGCGAC	g0
GCGAGAAAGAGTGTTA	g7
GCGAGAAAGGTTGACG	g0
GCGAGAAAGTAGGTTA	g4
GCGAGAACAAGCTACT	g3
GCGAGAACAATTCTCT	g4
GCGAGAACACATTCTT	g7
GCGAGAACAGTCAGTT	g1
GCGAGAACATCCGTTC	g4
GCGAGAAGTGCGTGCT	g7
GCGAGAATCCAGTACA	g2
GCGAGAATCCATGATG	g0
GCGAGAATCGCTGTCT	g0
GCGAGAATCTTAAGGC	g2
GCGAGAATCTTAGGAC	g3
GCGATCGAGAATGTTG	g3
GCGATCGCACTCTAGA	g2
GCGATCGCAGTTAGGG	g4
GCGATCGGTGTTCATG	g2
GCGATCGGTTGGGATG	g7
GCGATCGTCGCGCTGA	g7
GCGGAAAAGGAAAGAC	g1
GCGGAAAAGGCGATAC	g4
GCGGAAAAGTGAATAC	g3
GCGGAAACAAGATGGC	g2
GCGGAAACACATTGTG	g2
GCGGAAACACCGTACG	g0
GCGGAAACACGGGCTT	g2
GCGGAAACACGGTGCT	g2
GCGGAAACACTCAGAT	g0
GCGGAAACATCACGGC	g0
GCGGAAAGTGACTAAA	g4
GCGGAAATCTATACGG	g2
GCGGAAATCTCATAGG	g7
GCGGAAATCTTAATCC	g0
GCGGATCAGACAGCTG	g4
GCGGATCAGACTCAAA	g2
GCGGATCAGTGAACAT	g6
GCGGATCCACTGCGAC	g0
GCGGATCGTCTGCATA	g9
GCGGATCGTGCCTTTC	g3
GCGGATCTCGCTGTTC	g0
GCGGATCTCTCATGGA	g2
GCGTGCACAAACTGCT	g2
GCGTGCACAAATGCGG	g6
GCGTGCACAACTCGTA	g2
GCGTGCACATCCGATA	g0
GCGTGCATCCAATCCC	g2
GCGTGCATCCTACGAA	g4
GCGTGCATCCTGGGTG	g2
GCGTGCATCGAAGCCC	g2
GCGTTTCAGACCTCAT	g0
GCGTTTCAGAGCAGCT	g6
GCGTTTCAGCCGATAG	g0
GCGTTTCAGCTCATAC	g4
GCGTTTCAGGCCCACT	g0
GCGTTTCAGGTTCTAC	g0
GCGTTTCAGTATGATG	g4
GCGTTTCAGTGCCAGA	g4
GCGTTTCCACGTCGGT	g0
GCGTTTCCATATCGGT	g2
GCGTTTCGTGACGCCT	g4
GCGTTTCGTGAGAACC	g0
GCGTTTCGTGGTAACG	g1
GCGTTTCGTTAGAAAC	g0
GCGTTTCTCAGGTGTT	g7
GCGTTTCTCCACGTCT	g7
GCGTTTCTCGCCTAGG	g1
GCGTTTCTCGGCTATA	g5
GCTACAAAGAGCACTG	g2
GCTACAAAGATAACAC	g3
GCTACAAAGCCTTGAT	g8
GCTACAAAGCGAATGC	g4
GCTACAAAGGTACAAT	g0
GCTACAAAGTGCGCTC	g7
GCTACAAAGTGTACCT	g2
GCTACAACAAGACGGT	g4
GCTACAACAGCCTTCT	g2
GCTACAACATATTCGG	g0
GCTACAACATCGAAGG	g2
GCTACAAGTGACTAAA	g2
GCTACAAGTGCGAACA	g4
GCTACAAGTTACACTG	g2
GCTACAATCAGCGGAA	g2
GCTACAATCATCGCCT	g2
GCTACAATCCACATAG	g0
GCTACAATCCACGTAA	g0
GCTACAATCCCGATCT	g2
GCTACAATCGTTGTGA	g4
GCTACAATCTGGCCTT	g8
GCTACAATCTTAATCC	g0
GCTACAATCTTGAACG	g0
GCTACCTAGCGACAGT	g0
GCTACCTAGTTGGAAT	g0
GCTACCTCAATCAAGA	g0
GCTACCTCATGTAACC	g0
GCTACCTGTATTGAGA	g0
GCTACCTGTCGTCATA	g2
GCTACCTGTGAATTGA	g0
GCTACCTTCTAGGAAA	g0
GCTCAAAAGCTGCCAC	g0
GCTCAAAAGGGAGGAC	g0
GCTCAAAAGGGCTGAT	g0
GCTCAAAGTCCTACAA	g3
GCTCAAAGTCTGTAGT	g6
GCTCAAATCAACCCGG	g0
GCTCAAATCCAAGCTA	g2
GCTGAATAGGACCCAA	g2
GCTGAATAGGTAGCCA	g7
GCTGAATAGTGGTGGT	g7
GCTGAATCAAAGCTAA	g7
GCTGAATCAAGCGAGT	g8
GCTGAATCAGAAGCTG	g0
GCTGAATCAGGACGAT	g0
GCTGAATCATATAGCC	g0
GCTGAATCATTGACAC	g0
GCTGAATGTTTACTTC	g4
GCTGAATTCAAGTGGG	g2
GCTGAATTCACCGACG	g0
GCTGAATTCACGGAGA	g0
GCTGAATTCGTACCTC	g7
GCTGCAGAGATGTTGA	g2
GCTGCAGAGGATACCG	g2
GCTGCAGCAAGGGCAT	g4
GCTGCAGCAAGTGACG	g0
GCTGCAGCACATGACT	g0
GCTGCAGCACCTATCC	g7
GCTGCAGCAGCGGTTC	g3
GCTGCAGGTCGTGGTC	g0
GCTGCAGGTTAGGGAC	g7
GCTGCAGTCATAGGCT	g0
GCTGCAGTCATGCCAA	g6
GCTGCAGTCCAAAGGG	g0
GCTGCAGTCGCTACAA	g0
GCTGCAGTCTGGCTGG	g4
GCTGCAGTCTGTCTCG	g6
GCTGGGTAGATAGGGA	g0
GCTGGGTAGGACTATA	g1
GCTGGGTAGTCGTCTA	g2
GCTGGGTCACTACTTT	g3
GCTGGGTCAGGCGTTC	g0
GCTGGGTGTACGAGTG	g8
GCTGGGTGTAGAGACC	g0
GCTGGGTTCACCCTCA	g9
GCTGGGTTCACCTTAT	g1
GCTGGGTTCGCTCTAC	g0
GCTGGGTTCGGAGCAA	g2
GCTGGGTTCGTCGATA	g0
GCTGGGTTCGTTGTGA	g2
GCTGGGTTCTGCTGAA	g2
GCTTCACAGAATCGCG	g2
GCTTCACAGACCAAGC	g2
GCTTCACAGTGGTTAA	g6
GCTTCACCACCGTGGT	g7
GCTTCACCAGATACCT	g2
GCTTCACCAGGTAGTG	g4
GCTTCACCATCCGCGA	g0
GCTTCACGTAAGGCCA	g0
GCTTCACGTAGCCAGA	g4
GCTTCACGTAGTACGG	g0
GCTTCACGTCCGGATC	g0
GCTTCACGTGTCCCTT	g1
GCTTCACTCCATAAGC	g2
GCTTCACTCGCATGAT	g7
GCTTCACTCTTCCCAG	g2
GCTTGGGAGAGAGGGC	g2
GCTTGGGAGGCGTTAG	g0
GCTTGGGAGGTCATAA	g0
GCTTGGGCAGTCGAGA	g4
GCTTGGGCATGAGGGT	g7
GCTTGGGCATTCCTCG	g2
GCTTGGGGTAGCTAAA	g2
GCTTGGGGTATCGGTT	g4
GCTTGGGGTCTGATCA	g0
GCTTGGGGTGGACTAG	g0
GCTTGGGGTTTAGACC	g1
GCTTGGGTCGAAGCCC	g0
GCTTGGGTCGAGCCAC	g0
GCTTGGGTCTGGAGAG	g4
GCTTGGGTCTTTGCTA	g0
GCTTTCGAGCCACCGT	g4
GCTTTCGAGCCTGAGA	g8
GCTTTCGAGCGAATGC	g7
GCTTTCGAGCTAAGTA	g2
GCTTTCGAGGAATGTT	g4
GCTTTCGAGTATAGAC	g0
GCTTTCGGTCGCACGT	g2
GCTTTCGTCGCCAATA	g9
GGAACCCGTTGCTCGG	g0
GGAACCCTCATGGATC	g2
GGAACCCTCGATGCTA	g2
GGAACCCTCGTCAGAT	g2
GGAACCCTCTGCTGAA	g2
GGAACCCTCTGTGTGA	g2
GGAAGTGAGCTGAGCA	g2
GGAAGTGAGTCCCGAC	g4
GGAAGTGCAAATACAG	g0
GGAAGTGGTAACATCC	g9
GGAAGTGGTATGTGTC	g7
GGAAGTGGTCTAGTGT	g0
GGAAGTGGTGCTGTCG	g0
GGAAGTGGTGGGTATG	g6
GGAAGTGGTGTTCAGT	g2
GGAAGTGGTTTACACG	g7
GGAAGTGTCCATCTGC	g0
GGAAGTGTCCATTCAT	g0
GGAAGTGTCCGATGTA	g2
GGAAGTGTCTCACTCG	g2
GGAAGTGTCTCCGTGT	g0
GGAAGTGTCTTGTGCC	g2
GGAATCTAGACCAGCA	g0
GGAATCTCAATTTCGG	g2
GGAATCTCACCGGCTA	g0
GGAATCTGTACGTAGG	g0
GGAATCTGTAGGTGCA	g0
GGAATCTGTCGGTAAG	g7
GGAATCTGTTAGGGAC	g4
GGAATCTGTTCAAAGA	g0
GGAATCTTCAGTCCGG	g3
GGAATCTTCCAATCCC	g7
GGAATCTTCCTCTAAT	g2
GGAATGGAGACTAGAT	g4
GGAATGGCAACCAATC	g9
GGAATGGCAACTCCCT	g7
GGAATGGCACGTCATA	g7
GGAATGGCAGTGTACT	g4
GGAATGGGTCCCACGA	g2
GGAATGGGTGTCTTGA	g4
GGAATGGGTGTTCATG	g4
GGAATGGTCATTGTTC	g2
GGAATGGTCCGTGGCA	g0
GGAATGGTCCTCTCGA	g0
GGAATGGTCTCCGAGG	g4
GGACGTCAGTTAGTGA	g4
GGACGTCCAACCCTCT	g8
GGACGTCCAGACCAGA	g2
GGACGTCCATAGAGGC	g2
GGACGTCGTACAAGTA	g2
GGACGTCGTCACTAGT	g1
GGACGTCGTTGCAAGG	g2
GGACGTCTCAGTGATC	g3
GGACGTCTCATTATCC	g0
GGACGTCTCCCTCGAT	g3
GGACGTCTCGCTAATG	g0
GGACGTCTCTCCGAAA	g0
GGAGAACAGAGCGACT	g7
GGAGAACAGAGGACTC	g2
GGAGAACAGGAAAGTG	g7
GGAGAACAGGGCCTCT	g0
GGAGAACCAAAGAGTT	g7
GGAGAACCAGGGAGAG	g4
GGAGAACGTAGCGCCT	g3
GGAGAACGTCCGGACT	g3
GGAGAACGTCTGCCTT	g3
GGAGAACTCACACCCT	g2
GGAGAACTCCCGTGAG	g4
GGAGAACTCTGAGCAT	g2
GGAGAACTCTGGGTCG	g1
GGAGATGAGACGTCCC	g0
GGAGATGAGACTCAAA	g2
GGAGATGAGGCACGAT	g1
GGAGATGCAACTGCTA	g4
GGAGATGCACACCTGG	g0
GGAGATGCAGCAGTCC	g2
GGAGATGCAGGCATTT	g0
GGAGATGCAGGTTCAT	g0
GGAGATGCAGTGGCTC	g7
GGAGATGCATCCTAAG	g2
GGAGATGGTACTGAGG	g0
GGAGATGGTCAGCGTC	g7
GGAGATGGTGGCCCAT	g1
GGAGATGTCGTAGCCG	g0
GGAGATGTCTCATTTG	g0
GGAGCAAAGCTCATAC	g4
GGAGCAACAATGAAAC	g8
GGAGCAACACATGTTG	g2
GGAGCAACAGACCCGT	g3
GGAGCAACATCCCACT	g4
GGAGCAAGTACCCACG	g0
GGAGCAAGTCCCTCAT	g2
GGAGCAAGTGTAACGG	g2
GGAGGATAGACCATGG	g0
GGAGGATAGAGTCCGA	g6
GGAGGATAGCAACTCT	g0
GGAGGATAGCTAGCCC	g2
GGAGGATAGTGGTTCT	g2
GGAGGATCAACCGTGC	g0
GGAGGATCAAGCGAAC	g3
GGAGGATCACGCGCAT	g0
GGAGGATCACGTATAC	g0
GGAGGATCAGCACAAG	g2
GGAGGATCAGTGTGGA	g3
GGAGGATGTAGGTGCA	g2
GGAGGATGTATAGGAT	g0
GGAGGATGTCCGTTTC	g2
GGAGGATTCCGTATGA	g0
GGAGGATTCGAATCCA	g4
GGAGGATTCTTCGACC	g0
GGAGGTAAGAACCGCA	g3
GGAGGTAAGCACCTGC	g2
GGAGGTAAGCAGCACA	g5
GGAGGTAAGCTCCGAC	g4
GGAGGTAAGCTTTCCC	g0
GGAGGTAAGGTGCATG	g2
GGAGGTACAAAGCAAT	g0
GGAGGTACAACCCTCT	g7
GGAGGTACACCCAACG	g2
GGAGGTAGTAGGAGGG	g0
GGAGGTAGTATCCCTC	g2
GGAGGTAGTGTGTCGC	g2
GGAGGTAGTTATAGCC	g7
GGAGGTAGTTGACTAC	g3
GGAGGTAGTTGGAGAC	g8
GGAGGTATCCTCTCGA	g8
GGAGGTATCTCAGAAC	g6
GGATCTAAGGGTATAT	g4
GGATCTACAGGAGGAG	g0
GGATCTACATACTGTG	g2
GGATCTATCTCCTACG	g0
GGATGTTAGCGTGCTC	g0
GGATGTTAGTTGCCTA	g4
GGATGTTCAAGGATGC	g0
GGATGTTCAGAGGGTT	g2
GGATGTTGTGAGGCAT	g2
GGATGTTGTGGAATGC	g0
GGATGTTGTGGTCTCG	g0
GGATGTTTCATTGCGA	g2
GGATGTTTCCGAACGC	g4
GGATGTTTCTGCTTTA	g0
GGCACGTAGAGCCTGA	g4
GGCACGTAGATTGACA	g2
GGCACGTAGCGTCAAG	g2
GGCACGTAGCGTCTCG	g0
GGCACGTAGCTGGAGT	g4
GGCACGTCAGGGATAC	g2
GGCACGTCATAACCCA	g4
GGCACGTGTATCAAGA	g7
GGCACGTGTTCGGGTC	g2
GGCACGTGTTGGTACT	g0
GGCACGTTCCGCTGTT	g2
GGCACGTTCTACTTCA	g0
GGCACGTTCTTTGATC	g0
GGCAGTCAGAAGGCTC	g2
GGCAGTCAGGCTCCCA	g3
GGCAGTCAGTGCAGGT	g4
GGCAGTCCAAGACTGG	g0
GGCAGTCCACGGTCTG	g2
GGCAGTCCAGCTTTCC	g0
GGCAGTCCAGTCGCAC	g0
GGCAGTCCATGCACTA	g0
GGCAGTCCATGTAACC	g0
GGCAGTCGTACCATAC	g1
GGCAGTCGTCAGACGA	g0
GGCAGTCGTGGTTTAC	g0
GGCAGTCGTTACACTG	g7
GGCAGTCTCCCGATCT	g2
GGCAGTCTCCGTGCGA	g4
GGCGTCAAGAAGGATG	g0
GGCGTCAAGGCTCTCG	g7
GGCGTCAAGTACTCGT	g7
GGCGTCAAGTATGAAC	g4
GGCGTCAAGTGATCGG	g4
GGCGTCACACCCATAA	g7
GGCGTCACAGAAGTGC	g2
GGCGTCACAGTGTGGA	g2
GGCGTCACATCCGAAT	g0
GGCGTCACATCTAGAC	g2
GGCGTCACATGAATAG	g8
GGCGTCAGTGCAACAG	g7
GGCGTCAGTGGTAATA	g0
GGCGTCATCAGGGATG	g1
GGCGTCATCATTCTTG	g0
GGCGTCATCCTGTACC	g6
GGCGTCATCGACGAGA	g3
GGCGTCATCTCACCCA	g0
GGCTGTGAGCAGTACG	g2
GGCTGTGAGCGATGCA	g2
GGCTGTGAGCGGATCA	g4
GGCTGTGAGGTTCTAC	g7
GGCTGTGCAAGGACAC	g3
GGCTGTGCACCGAATT	g0
GGCTGTGCACTGAGGA	g7
GGCTGTGGTAAGAACT	g0
GGCTGTGGTACTCCCT	g0
GGCTGTGGTGTGAGCA	g2
GGCTGTGGTTAGGGAC	g7
GGCTGTGTCAAGTGTC	g2
GGCTGTGTCAGTGGGA	g0
GGCTGTGTCATTCCTA	g7
GGCTGTGTCCATTGTT	g3
GGCTGTGTCGACGATT	g3
GGCTGTGTCGCGTCGA	g0
GGCTGTGTCTCAGTCC	g7
GGCTTGGAGAGGTTTA	g7
GGCTTGGAGATGCTGG	g0
GGCTTGGAGCATCCCG	g2
GGCTTGGCAACACACT	g2
GGCTTGGCAACGACAG	g0
GGCTTGGCAAGACTGG	g0
GGCTTGGCAATGACCT	g0
GGCTTGGCAGCTTTCC	g0
GGCTTGGGTATGTCCA	g5
GGCTTGGGTATTCTCT	g4
GGCTTGGGTCTTCTAT	g2
GGCTTGGGTTGGAGGT	g2
GGCTTGGTCAACGTGT	g0
GGCTTGGTCAATCCAG	g2
GGCTTGGTCACCTTAT	g7
GGCTTGGTCCAACTGA	g8
GGCTTGGTCCACGAAT	g0
GGCTTGGTCCCTTGGT	g0
GGCTTGGTCGGTTGTA	g4
GGCTTGGTCTAACACG	g0
GGCTTGGTCTTCGATT	g4
GGCTTTCAGAATCGTA	g1
GGCTTTCAGACGAAGA	g4
GGCTTTCAGCCTCTTC	g7
GGCTTTCAGCGTATGG	g0
GGCTTTCAGGTAGCAC	g0
GGCTTTCAGGTTGGAC	g0
GGCTTTCCAAGCACCC	g7
GGCTTTCCACAAGCCC	g0
GGCTTTCCACGGATCC	g0
GGCTTTCCATAACTCG	g2
GGCTTTCGTAACATAG	g2
GGCTTTCGTGCACAAG	g2
GGCTTTCGTTACAGCT	g2
GGCTTTCGTTGATGTC	g4
GGCTTTCTCAACTTTC	g4
GGCTTTCTCATTTCGT	g1
GGCTTTCTCCATTGGA	g7
GGCTTTCTCCGCTTAC	g4
GGCTTTCTCGCGGACT	g1
GGCTTTCTCTGGTGCG	g7
GGGAAGTAGCAGAAAG	g4
GGGAAGTAGGGTACAC	g7
GGGAAGTCACAACGCC	g7
GGGAAGTCACCTCAGG	g1
GGGAAGTCAGAAGCTG	g0
GGGAAGTGTCTCACGG	g0
GGGAAGTGTCTGTGTA	g3
GGGAAGTGTTCCTAAG	g2
GGGAAGTTCAAGCCGC	g0
GGGAAGTTCTCACCCA	g3
GGGAAGTTCTCTTAAC	g4
GGGACAAAGGTAAGTT	g0
GGGACAACAGCGTTGC	g4
GGGACAACATCCGTGG	g0
GGGACAACATGATCTG	g0
GGGACAAGTATTGACC	g0
GGGACAAGTCACCGCA	g4
GGGACAAGTGAGATCG	g2
GGGACAAGTTCTCCCA	g2
GGGACAATCAATCCAG	g3
GGGACAATCATGGGAG	g2
GGGACCTAGACTAGAT	g2
GGGACCTAGCGATGCA	g7
GGGACCTAGGTCCGAA	g9
GGGACCTCAGTCACGC	g0
GGGACCTCATCGAACT	g7
GGGACCTGTGGCACTC	g2
GGGACCTGTTATTCTC	g4
GGGACCTTCACCTCTG	g7
GGGACCTTCATCGACA	g3
GGGACCTTCCGGCTTT	g4
GGGACTCAGGTTTGAA	g2
GGGACTCAGTAGCCAG	g4
GGGACTCAGTATGGAT	g7
GGGACTCCAATAACCC	g4
GGGACTCCAGATAAAC	g2
GGGACTCCAGTAACGG	g4
GGGACTCGTATCGAAA	g0
GGGACTCGTCATACCA	g4
GGGACTCGTGGCTCTG	g0
GGGACTCGTTATAGCC	g4
GGGACTCTCGTGGCGT	g7
GGGAGATAGATACATG	g2
GGGAGATAGCCACTCG	g2
GGGAGATAGTATTAGG	g7
GGGAGATCACAGTATC	g0
GGGAGATGTACTAAGA	g2
GGGAGATGTGCCGTAC	g9
GGGAGATGTGGATCAG	g7
GGGAGATGTGTCCCTT	g0
GGGAGATGTTAGTTCG	g7
GGGAGATTCACTAGCA	g8
GGGAGATTCAGATGCT	g0
GGGAGATTCATGGCCG	g8
GGGAGATTCGGTAACT	g7
GGGAGATTCGTGTCAA	g4
GGGAGATTCTCACTCG	g7
GGGAGTAAGAGGCGGA	g0
GGGAGTAAGCCAAGCA	g4
GGGAGTAAGGATACCG	g2
GGGAGTAAGGCTTTCA	g2
GGGAGTAAGGTTTGAA	g2
GGGAGTACAACTCGTA	g4
GGGAGTACAACTTGGT	g3
GGGAGTACACCACATA	g3
GGGAGTACACGTCGTG	g4
GGGAGTACATACCATG	g0
GGGAGTAGTACCTGTA	g8
GGGAGTAGTAGGGAGG	g0
GGGAGTAGTGGCACTC	g6
GGGAGTATCATTGTGG	g3
GGGAGTATCATTTGCT	g2
GGGAGTATCCTAACAG	g4
GGGAGTATCGAATGCT	g0
GGGAGTATCGTCAACA	g9
GGGAGTATCGTCTACC	g3
GGGATCCAGCGCTGCT	g3
GGGATCCAGGGTCAAC	g7
GGGATCCAGGTTTGAA	g9
GGGATCCCAACCAACT	g2
GGGATCCCAACGGTAG	g0
GGGATCCCAAGCGAAC	g0
GGGATCCCAGGTCAAG	g0
GGGATCCCATCGCTCT	g0
GGGATCCGTACCTTCC	g3
GGGATCCGTCGTTATG	g4
GGGATCCTCACCCTTG	g4
GGGATCCTCACTGATG	g3
GGGATCCTCCTCTCTT	g4
GGGATGAAGATAGTCA	g3
GGGATGAAGCACGATG	g2
GGGATGAAGGAACTCG	g1
GGGATGAAGGGTCTTT	g0
GGGATGAAGGTCACTT	g0
GGGATGAAGTCGAGGT	g3
GGGATGACATCATGAC	g2
GGGATGACATCTCATT	g4
GGGATGACATGATCTG	g1
GGGATGAGTCAAAGAT	g2
GGGATGAGTCACTGAT	g2
GGGATGAGTTGAGGAC	g2
GGGATGATCACCTTAT	g2
GGGATGATCCATGAGT	g4
GGGCCATAGAGGTCAC	g0
GGGCCATAGCATTTGC	g2
GGGCCATAGTCAACAA	g9
GGGCCATAGTTGCATC	g8
GGGCCATCAAAGGCTG	g0
GGGCCATCAAGAAATC	g2
GGGCCATCATAACCCA	g0
GGGCCATGTAATTGGA	g6
GGGCCATGTCCAAAGG	g1
GGGCCATGTGCAACGA	g1
GGGCCATTCTTAGGAC	g2
GGGCGTTAGAGCATAT	g0
GGGCGTTAGATGCGAC	g6
GGGCGTTAGGGACAGG	g0
GGGCGTTAGGTGCCTC	g2
GGGCGTTCAAAGCACG	g4
GGGCGTTCAAGCACAG	g2
GGGCGTTCAGCAATTC	g0
GGGCGTTCAGCAGTAG	g2
GGGCGTTGTAACGATA	g0
GGGCGTTGTAGCACAG	g2
GGGCGTTGTTCTGAGT	g0
GGGCGTTTCACTCTTA	g0
GGGCGTTTCGGCTATA	g2
GGGCTACAGCCGGATA	g2
GGGCTACAGGTTTACC	g2
GGGCTACCACCAGCGT	g7
GGGCTACCATGTGGTT	g2
GGGCTACGTATCCTTT	g0
GGGCTACGTCGTTATG	g2
GGGCTACGTGTTGCCG	g0
GGGCTACTCCACAGCG	g2
GGGCTACTCGGTCAGC	g0
GGGCTACTCGTTTACT	g4
GGGCTCAAGAGTCCGA	g0
GGGCTCAAGAGTCTTC	g4
GGGCTCAAGGGCAATC	g2
GGGCTCAAGTCCTGTA	g7
GGGCTCAAGTTACGAA	g2
GGGCTCACAAAGGCGT	g0
GGGCTCACAAATAAGC	g3
GGGCTCACAGCCTACG	g0
GGGCTCACATGCCGGT	g1
GGGCTCAGTAGCTGCC	g3
GGGCTCAGTAGGACCA	g0
GGGCTCAGTGATTCTG	g0
GGGCTCAGTGCCTAAT	g0
GGGTAGAAGACATAGT	g6
GGGTAGAAGCACTAAA	g4
GGGTAGAAGCGAGTCA	g2
GGGTAGAAGGCTTTCA	g4
GGGTAGACAAGTTTGC	g0
GGGTAGACACAAGTGG	g0
GGGTAGACACTAGGCC	g0
GGGTAGAGTACAGAGC	g7
GGGTAGATCCGTCACT	g4
GGGTAGATCCGTGTGG	g3
GGGTAGATCTTGTGCC	g2
GGGTATTAGACACACG	g7
GGGTATTAGCGAGAAA	g3
GGGTATTAGGAGACCT	g1
GGGTATTAGGGCAGGA	g4
GGGTATTAGTACAGAT	g2
GGGTATTCAAGTGCTT	g0
GGGTATTCACATGGTT	g7
GGGTATTCAGTTTCAG	g4
GGGTATTCATCCGATA	g0
GGGTATTGTGAGCTCC	g3
GGGTATTGTGAGTGAC	g7
GGGTATTGTTGCCTAA	g5
GGGTATTTCATGCAGT	g7
GGGTATTTCGCTGTCT	g6
GGGTCACAGAGGTTAT	g2
GGGTCACAGATAGCTA	g1
GGGTCACAGCACTTTG	g2
GGGTCACAGCGACTAG	g4
GGGTCACAGGAAGTCC	g3
GGGTCACAGGTCCAGA	g4
GGGTCACAGTAGGATT	g7
GGGTCACCAACCGCCA	g0
GGGTCACCACGTCTCT	g4
GGGTCACCAGTAACAA	g4
GGGTCACGTAACGATA	g0
GGGTCACGTATCCCAA	g1
GGGTCACGTATGTCCA	g0
GGGTCACGTTAGTTCG	g2
GGGTCACGTTCTTCAT	g2
GGGTCACTCAACACGT	g4
GGGTCACTCAGGGTAG	g2
GGGTCACTCCGTGGCA	g9
GGGTCACTCTGAGGTT	g0
GGGTCTGAGAAGCCTG	g3
GGGTCTGAGTTTGAGA	g0
GGGTCTGCAAACTGCT	g9
GGGTCTGCACAGTATC	g2
GGGTCTGCAGACGGAT	g4
GGGTCTGCAGCGCTTG	g0
GGGTCTGCATACCGTA	g0
GGGTCTGCATCAACCA	g7
GGGTCTGTCACTTATC	g4
GGGTCTGTCATTATCC	g2
GGGTCTGTCTCTTCAA	g0
GGGTGAAAGGGTAGCT	g0
GGGTGAAAGTGTTGTC	g4
GGGTGAACACTGATTG	g2
GGGTGAACAGAGTAAT	g4
GGGTGAACATCATCCC	g0
GGGTGAAGTGACATCT	g0
GGGTGAAGTGCCTATA	g2
GGGTGAAGTTCGGACC	g2
GGGTGAAGTTGACTAC	g7
GGGTGAAGTTTCACTT	g4
GGGTGAATCCATTGCC	g4
GGGTGAATCCCAGGAC	g4
GGGTGAATCCGCAAAT	g0
GGGTGAATCGACGATT	g6
GGGTGAATCGGTCAGC	g2
GGGTGTCAGACACACG	g0
GGGTGTCAGATCCAAA	g1
GGGTGTCAGGTCATCT	g0
GGGTGTCAGTGCCCGT	g2
GGGTGTCCAACCGGAA	g0
GGGTGTCCAGGAGGAG	g0
GGGTGTCCATCAGTCA	g0
GGGTGTCCATGAAGGC	g5
GGGTGTCGTTCCGCTT	g0
GGGTGTCTCAGACAAA	g0
GGGTGTCTCCGCGATG	g6
GGGTGTCTCGAAGCAG	g3
GGGTGTCTCGCCTCTA	g6
GGGTGTCTCTGGTGGC	g1
GGGTGTCTCTTGCAAG	g0
GGGTTATAGAGTCACG	g4
GGGTTATAGGTCACCC	g3
GGGTTATAGTATAGGT	g6
GGGTTATAGTTGCCCG	g3
GGGTTATCACGTACAT	g0
GGGTTATCAGGCTCTG	g3
GGGTTATCAGGGTTGA	g2
GGGTTATGTCTCGCGA	g8
GGGTTATGTGGAACAC	g3
GGGTTATGTGGGCTTC	g4
GGGTTATGTGGTCAAG	g0
GGGTTATGTGTTAACC	g7
GGGTTATGTTATGTCG	g4
GGGTTATTCAACTACG	g4
GGGTTATTCACCCTTG	g2
GGGTTATTCGCCAACG	g0
GGGTTATTCGTGTTCC	g2
GGGTTTAAGGCTCAAG	g3
GGGTTTACAACTGCCG	g0
GGGTTTACAATTGGTC	g2
GGGTTTACAGGAATAT	g0
GGGTTTACAGGTGACA	g1
GGGTTTACATCTTAGG	g7
GGGTTTAGTGTCGATT	g7
GGGTTTAGTGTTAACC	g0
GGGTTTATCAAGCCGC	g0
GGTAACTAGACTAAGT	g2
GGTAACTCATCTCGTC	g2
GGTAACTGTGTTGCCG	g2
GGTAACTTCAAGTTGC	g4
GGTAACTTCAGCATTG	g0
GGTAACTTCATTCGGA	g4
GGTAACTTCCAGCTCT	g3
GGTAACTTCGCATTGA	g2
GGTAACTTCGTAGTCA	g7
GGTAACTTCTCCTACG	g2
GGTAACTTCTGCCTGT	g4
GGTAACTTCTTCCCAG	g4
GGTAATCAGTGATAGT	g2
GGTAATCCACGACGTC	g0
GGTAATCCACGTAACT	g0
GGTAATCGTTTCGGCG	g4
GGTAATCTCAATCAGC	g4
GGTAATCTCATTCCTA	g4
GGTAATCTCCTGTAAG	g2
GGTAGAGAGTGGAAGA	g8
GGTAGAGCAAATAGCA	g0
GGTAGAGCACTCTAGA	g7
GGTAGAGCAGCATCTA	g0
GGTAGAGCAGGTTCGC	g8
GGTAGAGGTCCTGTCT	g1
GGTAGAGGTGAAGCGT	g2
GGTAGAGGTGGAATGC	g2
GGTAGAGGTGGCTGCT	g4
GGTAGAGGTTCCGCTT	g2
GGTAGAGTCATGCCGG	g0
GGTAGAGTCCACTGAA	g2
GGTAGAGTCTTAGCAG	g7
GGTCACGAGATCGCTT	g0
GGTCACGAGCACACCC	g0
GGTCACGAGTCCCAGC	g2
GGTCACGCACCTTCCA	g3
GGTCACGCATCCCGTT	g0
GGTCACGGTACAGGTG	g0
GGTCACGGTGCTATTG	g0
GGTCACGGTGTTCCAA	g2
GGTCACGGTGTTTACG	g8
GGTCACGGTTAAAGTG	g7
GGTCACGGTTCGCGTG	g8
GGTCACGTCAAACGTC	g0
GGTCACGTCGGCGATC	g4
GGTCACGTCTGATGGT	g6
GGTCTGGAGAGGATGA	g2
GGTCTGGAGGTTCCAT	g2
GGTCTGGCACAACCGC	g2
GGTCTGGCATTGGGAG	g0
GGTCTGGGTATCGTAC	g0
GGTCTGGGTTAGCTAC	g2
GGTCTGGGTTCCACGG	g7
GGTCTGGTCAAAGAAC	g0
GGTCTGGTCATGAGTC	g4
GGTCTGGTCCGATTAG	g2
GGTCTGGTCCTCACTG	g0
GGTGAAGAGAGGCGGA	g4
GGTGAAGAGCGATGAC	g3
GGTGAAGCAATCTCGA	g4
GGTGAAGCAGTAACAA	g1
GGTGAAGGTTGCCGAC	g7
GGTGAAGTCTCAAAGC	g0
GGTGATTAGACAAGCC	g2
GGTGATTAGGCCTAAG	g4
GGTGATTCAAGCAGGT	g7
GGTGATTCATCAACCA	g4
GGTGATTGTAGGATAT	g9
GGTGATTGTGTGGTCC	g2
GGTGATTTCGAGATGG	g3
GGTGATTTCGGAGATG	g3
GGTGATTTCGGCCAAC	g2
GGTGATTTCTTAGTTC	g7
GGTGGCTAGCGAAACC	g2
GGTGGCTAGCGCCATC	g4
GGTGGCTAGTCATACC	g7
GGTGGCTCAAACTCTG	g4
GGTGGCTCAGGTACGA	g0
GGTGGCTCATACACCA	g2
GGTGGCTGTAGTGCGA	g0
GGTGGCTGTCACTTCC	g2
GGTGGCTGTCCGATCG	g2
GGTGGCTGTCGAATTC	g6
GGTGGCTGTCTACACA	g0
GGTGGCTGTTGTTGTG	g0
GGTGGCTTCAACTACG	g8
GGTGGCTTCACATCAG	g0
GGTGGCTTCGTTCCTG	g0
GGTGGCTTCTTACGTT	g0
GGTGTCGAGCGGGTTA	g2
GGTGTCGAGCGTACAG	g0
GGTGTCGCAATTGAAG	g0
GGTGTCGCACCGGTCA	g1
GGTGTCGCATTCTGTT	g0
GGTGTCGGTCACTCTC	g2
GGTGTCGGTGTCCGGT	g8
GGTGTCGGTTCTCTAT	g2
GGTGTCGTCGTGGGAA	g0
GGTGTCGTCTAGGAAA	g0
GGTGTCGTCTTCTAAC	g2
GGTGTTACAAAGCACG	g0
GGTGTTACAAGGCGTA	g7
GGTGTTACACTCACTC	g2
GGTGTTACATTGAAAG	g8
GGTGTTACATTGCAAC	g4
GGTGTTAGTCCTGGGT	g3
GGTGTTAGTGATACAA	g0
GGTGTTAGTTAGGACG	g8
GGTGTTATCAGCGCGT	g2
GGTGTTATCCGTCAAA	g9
GGTGTTATCTCGTGAA	g0
GGTTAACAGAGGTCGT	g0
GGTTAACAGCCAAGGT	g7
GGTTAACAGCTGGAGT	g3
GGTTAACAGGTGCTAG	g0
GGTTAACAGGTTACCT	g2
GGTTAACAGTACCGGA	g2
GGTTAACAGTGATGGC	g2
GGTTAACCAAGAAATC	g3
GGTTAACCACCGTGAC	g0
GGTTAACCAGCTACAT	g0
GGTTAACCAGTCAGCC	g7
GGTTAACGTCTCAAGT	g0
GGTTAACTCAAGAGGC	g0
GGTTAACTCAAGTCTG	g7
GGTTAACTCGAGCCAC	g4
GGTTAACTCTATCGGA	g4
GGTTCTCAGACCATTC	g0
GGTTCTCAGCGCCGTT	g2
GGTTCTCAGTTACGTC	g2
GGTTCTCAGTTCCGGC	g4
GGTTCTCCAGGTACGA	g6
GGTTCTCCATAGCACT	g0
GGTTCTCGTACTGGGA	g1
GGTTCTCGTATTGACC	g1
GGTTCTCTCATGCGGC	g2
GGTTCTCTCCAGTACA	g7
GGTTCTCTCCTCGATC	g0
GGTTGTAAGCAATAGT	g2
GGTTGTAAGGGAGGAC	g1
GGTTGTACATTGAAAG	g6
GGTTGTAGTACACGCC	g9
GGTTGTAGTCTCACGG	g0
GGTTGTAGTTGCTCCT	g7
GGTTGTATCCGATCTC	g7
GGTTGTATCGCGAAGA	g6
GGTTGTATCGCTACGG	g0
GGTTGTATCTGCTAGA	g0
GTAACACAGACATCCT	g0
GTAACACAGAGCTGAC	g4
GTAACACAGATGGTCG	g1
GTAACACAGCACCGAA	g3
GTAACACAGTAAGACT	g4
GTAACACAGTGTAGAT	g7
GTAACACCACATTCGA	g4
GTAACACCACCCAAGC	g9
GTAACACCACGACAAG	g0
GTAACACCATCCTATT	g0
GTAACACTCATTTGTC	g0
GTAACACTCCCTTCCC	g6
GTAACACTCCTGGGTG	g0
GTAACACTCTCAGAAC	g0
GTAACCAAGCTCGACC	g0
GTAACCAAGCTCGCAC	g7
GTAACCAAGTCACTGT	g6
GTAACCACAAATCAGA	g2
GTAACCACAAGCACAG	g7
GTAACCACAGAACGCA	g3
GTAACCACAGCACCCA	g0
GTAACCACATACTTTC	g0
GTAACCAGTACGATCT	g0
GTAACCAGTCACCTTC	g2
GTAACCAGTGCCTTTC	g0
GTAACCAGTGCTCTTC	g0
GTAACCAGTGTGACCC	g2
GTAAGTCAGAACTTCC	g4
GTAAGTCAGAGCTGAC	g4
GTAAGTCAGCTCTATG	g0
GTAAGTCAGGAACGCT	g2
GTAAGTCAGTGAATAC	g4
GTAAGTCCACACACGC	g8
GTAAGTCCAGCCTACG	g2
GTAAGTCGTATACCTG	g8
GTAAGTCGTCTGATCA	g4
GTAAGTCGTCTGTTAG	g2
GTAAGTCGTGCCAAGA	g0
GTAAGTCGTTGAGAGC	g2
GTAAGTCTCAATCTTC	g3
GTAAGTCTCACGAACT	g4
GTAAGTCTCCTCTGCA	g4
GTAAGTCTCTACTTCA	g7
GTAAGTCTCTCAGTCC	g2
GTAAGTCTCTTACCGC	g2
GTAATCGAGGCCCACT	g1
GTAATCGAGTCGAATA	g7
GTAATCGCAAATGAGT	g2
GTAATCGCACACGGTC	g7
GTAATCGCACCAGCTG	g2
GTAATCGCAGTCTGGC	g0
GTAATCGGTCCTACGG	g2
GTAATCGGTTGGCTAT	g4
GTAATCGTCAAAGGAT	g4
GTAATCGTCGATTTCT	g0
GTAATGCAGAAGCCTG	g0
GTAATGCAGTCTGCGC	g4
GTAATGCAGTTGCCTA	g1
GTAATGCCAAGCACCC	g2
GTAATGCCACCTCTGT	g4
GTAATGCCACTATCGA	g2
GTAATGCGTCTATGAC	g0
GTAATGCGTGAGACGT	g4
GTAATGCTCAGAGCAG	g5
GTAATGCTCATGAGTC	g2
GTAATGCTCGGCATTA	g2
GTACAACAGCGACATG	g8
GTACAACCAATGCAAA	g7
GTACAACCAGAGCTAG	g7
GTACAACCATGACTCA	g2
GTACAACGTCGAAACG	g0
GTACAACGTTCAACGT	g0
GTACAACGTTGCATAC	g2
GTACAACTCAGAGTGG	g0
GTACAACTCGATTGGT	g4
GTACAACTCTCTATAC	g0
GTACAGTAGAAATTGC	g0
GTACAGTAGCTCTGTA	g1
GTACAGTAGGCAGTCA	g2
GTACAGTAGGGCGAGA	g2
GTACAGTAGTGTTGTC	g0
GTACAGTCAACAGCCC	g4
GTACAGTGTGACGTCC	g4
GTACAGTGTTACAGCT	g8
GTACAGTGTTGTCCCT	g7
GTACAGTTCAATCCGA	g0
GTACAGTTCCATTCGC	g0
GTAGAAAAGAGCAGTC	g0
GTAGAAAAGCACGGAT	g0
GTAGAAAAGCCATCCG	g9
GTAGAAAAGTCCCAGC	g0
GTAGAAAAGTTGCTCA	g0
GTAGAAACATGGAAGC	g2
GTAGAAAGTAGATGTA	g2
GTAGAAAGTCACCGAC	g4
GTAGAAAGTCCCGGTA	g3
GTAGAAAGTCTATGAC	g8
GTAGAAAGTCTCAAGT	g0
GTAGAAAGTGGCCACT	g2
GTAGAAATCAAGTGTC	g5
GTAGAAATCCGTAATG	g0
GTAGAAATCGACACTA	g2
GTAGAAATCGGCTGGT	g0
GTAGAAATCTGGCCTT	g7
GTAGAGGCAAACGAGC	g4
GTAGAGGCAATTGCCA	g4
GTAGAGGCAGAACTAA	g0
GTAGAGGCAGCTCATA	g0
GTAGAGGTCCCTTCCC	g2
GTAGAGGTCCTAGAGT	g7
GTAGAGGTCGATACAC	g7
GTAGAGGTCGCTCTCA	g0
GTAGAGGTCTCTGCCA	g2
GTAGATCAGCCGCTTG	g8
GTAGATCCACGTCATA	g6
GTAGATCCACTTCCTG	g0
GTAGATCCAGAGGGTT	g7
GTAGATCCATGGAGAC	g6
GTAGATCCATTGGCAT	g8
GTAGATCGTAACACCT	g2
GTAGATCGTATATGGA	g2
GTAGATCGTATCGTGT	g2
GTAGATCGTCGATTTG	g0
GTAGATCGTGAATAAC	g2
GTAGATCTCAGCTTCC	g0
GTAGATCTCCCGATCT	g2
GTAGATCTCCGAAGGA	g4
GTAGATCTCTGCTTAT	g0
GTAGCTAAGACTGGGT	g2
GTAGCTAAGCATCCCG	g0
GTAGCTAAGGTCCCGT	g3
GTAGCTAAGTGGAATT	g4
GTAGCTACAAAGGTTA	g3
GTAGCTACAACAAGAT	g2
GTAGCTACAACCCTAA	g4
GTAGCTACAATAGGGC	g4
GTAGCTACAATTGGTC	g0
GTAGCTAGTACCTATG	g2
GTAGCTAGTGTACGCC	g0
GTAGCTAGTGTATTGC	g2
GTAGCTAGTTCAAGGG	g1
GTAGCTAGTTGGTAGG	g0
GTAGCTAGTTTCGTAG	g9
GTAGCTATCGCTTACC	g4
GTAGCTATCTAAGAAG	g7
GTAGGAGAGCAACTCT	g8
GTAGGAGAGCCGGAAT	g2
GTAGGAGAGTGGAAGA	g4
GTAGGAGAGTTGCTGT	g2
GTAGGAGCACATAGCT	g3
GTAGGAGCACCCTTAC	g2
GTAGGAGGTAACTGCT	g3
GTAGGAGGTACTGTTG	g9
GTAGGAGTCACGGGAA	g2
GTAGGAGTCCGTCAAA	g4
GTAGGAGTCGTGGCTG	g4
GTAGGAGTCTGCGAGC	g0
GTAGGTTAGAGAGCCT	g2
GTAGGTTAGCAGTACG	g0
GTAGGTTAGCTTCATG	g6
GTAGGTTCACAGTATC	g7
GTAGGTTCAGTAGTGG	g1
GTAGGTTCATCGATCA	g2
GTAGGTTGTAACCCTA	g0
GTAGGTTGTGCCTAAT	g0
GTAGGTTTCCTACTGC	g2
GTAGGTTTCGTCTCAC	g7
GTAGTACAGACATACA	g4
GTAGTACAGAGCGACT	g4
GTAGTACAGCTCGCAC	g0
GTAGTACCAAATGGTA	g0
GTAGTACCAACTACGT	g7
GTAGTACCAGACCAGA	g2
GTAGTACCATAATGAG	g0
GTAGTACCATAGTCGT	g1
GTAGTACGTCCCGCAA	g0
GTAGTACGTGAGGATC	g4
GTAGTACGTGTGCCTG	g8
GTAGTACGTTCAGCTA	g2
GTAGTACTCACAAGAA	g4
GTAGTACTCAGTGGGA	g3
GTAGTACTCCCATAAG	g4
GTAGTACTCGCTTTAT	g1
GTATTGGAGTAACCGG	g0
GTATTGGAGTAGGAAG	g4
GTATTGGAGTTGAATG	g7
GTATTGGCACCGCTAG	g2
GTATTGGCAGACCTGC	g0
GTATTGGCAGAGATGC	g2
GTATTGGGTGTTCAGT	g0
GTATTGGGTTTCGTGA	g2
GTATTGGTCATGCATG	g3
GTATTGGTCCATGATG	g2
GTATTGGTCGCAACAT	g0
GTATTTCAGAATCTAG	g2
GTATTTCCAAGGCCTC	g2
GTATTTCCACCAGTAT	g8
GTATTTCCACCTCTGT	g0
GTATTTCGTAGAGACC	g6
GTATTTCGTCAGACGA	g2
GTATTTCGTCCAAATC	g2
GTATTTCGTCCACTCT	g0
GTATTTCGTGTGGACA	g7
GTATTTCGTGTGTGGA	g8
GTATTTCTCCCAATAG	g0
GTATTTCTCCGGCTTT	g0
GTATTTCTCTCGTGAA	g0
GTCAAACAGATGGCGT	g4
GTCAAACAGTTGCCCG	g0
GTCAAACCACAAACGG	g2
GTCAAACCAGAACTAA	g0
GTCAAACGTAGGTACG	g0
GTCAAACGTATGCGGA	g7
GTCAAACGTCAACCAT	g2
GTCAAACGTCGCGTTG	g6
GTCAAACGTTCTCACC	g0
GTCAAGTAGCGTTCCG	g4
GTCAAGTAGCTCGACC	g2
GTCAAGTAGGATTCCT	g7
GTCAAGTAGGTGCCAA	g0
GTCAAGTCACAGCGCT	g2
GTCAAGTCACGGCGTT	g0
GTCAAGTCAGAACATA	g8
GTCAAGTCAGCGACCT	g0
GTCAAGTCAGCTATTG	g2
GTCAAGTTCAAGCCGC	g3
GTCAAGTTCACACGAT	g0
GTCAAGTTCCAGCACG	g4
GTCAAGTTCGACATTG	g2
GTCAAGTTCGCTAGCG	g2
GTCACGGAGGGACCAT	g2
GTCACGGAGTACCATC	g1
GTCACGGCACGCGTCA	g0
GTCACGGCATCGCTGG	g0
GTCACGGGTTAGGCTT	g7
GTCACGGGTTCGGGTC	g4
GTCACGGGTTGCGTAT	g2
GTCACTCAGAGTGTGC	g2
GTCACTCAGCCTCTGG	g2
GTCACTCAGGTCGTAG	g4
GTCACTCAGGTCTGGA	g0
GTCACTCAGGTTGGAC	g7
GTCACTCAGTACGTCT	g4
GTCACTCCAATAGTGA	g7
GTCACTCCAATGACCT	g0
GTCACTCCACCCGTAG	g0
GTCACTCCAGAAATTG	g4
GTCACTCGTATGAGCG	g2
GTCACTCGTCACATTG	g2
GTCACTCGTCTCCTGT	g4
GTCACTCTCAACCTTT	g0
GTCACTCTCACCACAA	g0
GTCACTCTCATTATCC	g0
GTCACTCTCCTCGATC	g6
GTCACTCTCCTGTTGC	g7
GTCACTCTCGTAGAGG	g2
GTCAGCGAGACGGAAA	g2
GTCAGCGAGAGGGTCT	g0
GTCAGCGCAAAGCTCT	g4
GTCAGCGCAAGACCGA	g1
GTCAGCGCAAGCGGAT	g0
GTCAGCGCAATGTCAC	g2
GTCAGCGCACAAGTGG	g8
GTCAGCGCACACAGCC	g7
GTCAGCGCAGTTCCAA	g7
GTCAGCGCATCGGCCA	g2
GTCAGCGGTGCCCACA	g7
GTCAGCGGTGCCTGAC	g7
GTCAGCGGTGTCTTCC	g2
GTCAGCGGTTTGCCGG	g4
GTCAGCGTCAGAGTTC	g0
GTCAGCGTCATCGCTC	g2
GTCAGCGTCCGAGAAG	g2
GTCAGCGTCGCTTAAG	g4
GTCATCCAGGAAGTGA	g2
GTCATCCAGTACAACA	g2
GTCATCCAGTAGTGCG	g2
GTCATCCCAATCTAGC	g0
GTCATCCCACTGTCGG	g7
GTCATCCCATCCTGTC	g4
GTCATCCGTATTCTCT	g7
GTCATCCGTCTGATAC	g4
GTCATCCGTGTTATCG	g7
GTCATCCGTTATGACC	g7
GTCATCCGTTCATCGA	g5
GTCATCCTCACCGGTG	g4
GTCATCCTCATAGGCT	g7
GTCATCCTCCAAATGC	g8
GTCATCCTCTGGTCAA	g3
GTCATGAAGGTGGTTG	g2
GTCATGAAGTTCCATG	g0
GTCATGACACACAGCC	g0
GTCATGACAGCTTCGG	g2
GTCATGACATCTATCT	g4
GTCATGAGTAGGCTCC	g1
GTCATGAGTCGTGTTA	g2
GTCATGAGTTCGTAAC	g2
GTCATGATCATTATCC	g2
GTCATGATCCCGAAAT	g5
GTCATGATCTTAGTTC	g0
GTCATTTAGAGATTCA	g7
GTCATTTAGGATGTTA	g0
GTCATTTAGGTACAAT	g7
GTCATTTCAAATCGGG	g0
GTCATTTCACATCATG	g0
GTCATTTCACTACTTT	g2
GTCATTTCATAATCGC	g2
GTCATTTGTCTTGGTA	g2
GTCATTTGTGATGAAT	g0
GTCATTTGTGTCATCA	g4
GTCATTTGTTACAGCT	g4
GTCATTTTCACTACTT	g0
GTCATTTTCCATGAGT	g2
GTCATTTTCCGTATAG	g4
GTCATTTTCTGTGCTC	g4
GTCCACTAGCTCCACG	g9
GTCCACTAGTTTGAGA	g8
GTCCACTCAAGTATAG	g3
GTCCACTCATACAGCT	g1
GTCCACTCATTGAAGA	g3
GTCCACTCATTGGCAT	g4
GTCCACTGTCGGATTT	g4
GTCCACTGTGTTGACT	g2
GTCCACTGTTAAGCAA	g9
GTCCACTTCAACGCTA	g2
GTCCACTTCCTTCGAC	g0
GTCCCATCACTAGGTT	g7
GTCCCATGTATTTCTC	g2
GTCCCATGTCGACGCT	g0
GTCCCATTCTCTCCGA	g0
GTCCCATTCTGCATGA	g2
GTCCTCAAGAGGCGTT	g2
GTCCTCAAGCATTTGC	g0
GTCCTCAAGGCTCCCA	g8
GTCCTCACAAGATGTA	g2
GTCCTCAGTAAGATAC	g2
GTCCTCAGTATCTCGA	g4
GTCCTCAGTCGCACGT	g2
GTCCTCATCAAGAAAC	g2
GTCGAATAGCTATCTG	g4
GTCGAATAGGTAAGAG	g4
GTCGAATAGTCACTCA	g0
GTCGAATCACAACGAG	g4
GTCGAATGTGCAACGA	g0
GTCGAATGTTCCATTT	g0
GTCGAATTCACTCGAA	g4
GTCGAATTCCAGGACC	g0
GTCGAATTCCTCACTG	g7
GTCGAATTCGCACGAC	g0
GTCGAATTCGGCTGAC	g2
GTCGAATTCGTAACCA	g4
GTCGAATTCTATTCGT	g0
GTCGCGAAGCATGCAG	g4
GTCGCGAAGCCATTTG	g2
GTCGCGAAGCCGTAAG	g0
GTCGCGAAGGAACTCG	g0
GTCGCGAAGTGCAGCA	g2
GTCGCGACAAGTGCTT	g7
GTCGCGACAGCGCGTT	g2
GTCGCGAGTCCCTCAT	g0
GTCGCGAGTGAATTGA	g7
GTCGCGAGTTCCGCTT	g4
GTCGCGATCAAGAATG	g0
GTCGCGATCACGGGAA	g2
GTCGTAAAGCACTAAA	g2
GTCGTAAAGCGACTTT	g0
GTCGTAAAGGTTCATC	g2
GTCGTAAAGTTTGTCG	g4
GTCGTAACACAGTCGC	g9
GTCGTAACACCCTCTA	g0
GTCGTAACAGAAATCA	g3
GTCGTAACAGCGTACC	g0
GTCGTAACATGTTACG	g4
GTCGTAATCTGCTAGA	g2
GTCGTAATCTTACCAT	g8
GTCGTTCAGAGGCGTT	g2
GTCGTTCAGTTGCTCA	g0
GTCGTTCCAAGTCATC	g0
GTCGTTCCACCTCGTT	g2
GTCGTTCCAGACCTAT	g9
GTCGTTCCAGGTGTTT	g2
GTCGTTCGTACGAAAT	g0
GTCGTTCGTGCCGGTT	g7
GTCGTTCGTTGGTAGG	g7
GTCGTTCTCTATTTCG	g2
GTCGTTCTCTGATGGT	g1
GTCGTTCTCTTAATCC	g2
GTCTACCAGACACACG	g4
GTCTACCAGATGTTAG	g2
GTCTACCAGGAGAGGC	g4
GTCTACCAGGAGTATT	g2
GTCTACCAGGGTAATT	g2
GTCTACCAGTCATCGT	g7
GTCTACCCAAGTATCC	g8
GTCTACCGTCATCCCT	g2
GTCTACCTCAACACGT	g3
GTCTACCTCGGTATGT	g1
GTCTACCTCTGTGCGG	g0
GTCTACCTCTTTGATC	g0
GTCTAGAAGAGCCTGA	g6
GTCTAGAAGCTAAGTA	g0
GTCTAGAAGTCTCTGA	g4
GTCTAGACAACTTCTT	g4
GTCTAGACAAGTCCCG	g7
GTCTAGACACCAGACC	g0
GTCTAGACACGTCGGT	g3
GTCTAGACATCCTCAC	g3
GTCTAGACATGCACTA	g0
GTCTAGAGTAGTCACT	g2
GTCTAGAGTCAGGTAG	g0
GTCTAGAGTCCAAGAG	g2
GTCTAGAGTCCAGAAG	g2
GTCTAGAGTTGTCAGT	g2
GTCTAGAGTTGTCCCT	g2
GTCTAGATCACTTCTA	g8
GTCTAGATCATCACTT	g8
GTCTAGATCCAATGCA	g0
GTCTAGATCCCGATCT	g0
GTCTAGATCTGAGTCA	g4
GTCTCACAGACGGTTG	g4
GTCTCACAGCATCAAA	g0
GTCTCACAGCTTCTAG	g7
GTCTCACAGTCTAGCT	g7
GTCTCACCAACCACAT	g0
GTCTCACCAGTGCCTG	g0
GTCTCACCATACAGAA	g7
GTCTCACCATGCCATA	g4
GTCTCACGTCTTACAG	g4
GTCTCACGTGTGACCC	g0
GTCTCACTCAGGAAGC	g0
GTCTCACTCCGCTTAC	g2
GTCTCACTCGCAGAGA	g0
GTCTCACTCTAATTCC	g4
GTCTCACTCTGAGTCA	g4
GTCTCACTCTTTGGAG	g7
GTCTGTCAGACACACG	g0
GTCTGTCAGCATCAAA	g2
GTCTGTCAGGAATTAC	g2
GTCTGTCCAAGACGGT	g0
GTCTGTCCAAGCCTGC	g2
GTCTGTCCACCTGCAG	g3
GTCTGTCGTAAGTAGT	g2
GTCTGTCGTATCGGTT	g0
GTCTGTCGTGAATGAT	g7
GTCTGTCGTGGGAGAG	g4
GTCTGTCGTTGCTTGA	g2
GTCTTTAAGAAGCCTG	g8
GTCTTTAAGCATGATA	g2
GTCTTTAAGGTGGCTA	g0
GTCTTTAAGTATGATG	g3
GTCTTTACAACCGTAT	g2
GTCTTTACACGTTCGG	g4
GTCTTTACACTGGAAG	g2
GTCTTTAGTATCGCAT	g2
GTCTTTAGTCTTGGTA	g2
GTCTTTATCTCGACCT	g0
GTGACGCAGATCACTC	g9
GTGACGCAGCCTATCA	g2
GTGACGCAGCGCCGTT	g3
GTGACGCAGTAGATCA	g6
GTGACGCAGTGACCTT	g0
GTGACGCAGTGATGGC	g2
GTGACGCCATGACAGG	g0
GTGACGCCATTATGCG	g2
GTGACGCGTATTGAGA	g0
GTGACGCGTTAGCGGA	g3
GTGACGCGTTCAACGT	g2
GTGACGCTCCCATAAG	g7
GTGACGCTCGGTAGAG	g2
GTGAGCCAGGTCGTCC	g0
GTGAGCCAGTTGTCAC	g0
GTGAGCCCACAATGCT	g6
GTGAGCCCAGTTACCA	g9
GTGAGCCGTACACGTT	g0
GTGAGCCGTAGACGTG	g2
GTGAGCCGTCCTTGTC	g0
GTGAGCCGTCTGATAC	g2
GTGAGCCTCCGGACTG	g2
GTGAGCCTCTCACTCG	g0
GTGAGGAAGGACAGCT	g3
GTGAGGAAGTGGACTG	g7
GTGAGGACAAGTGGTG	g2
GTGAGGACACGGCGTT	g4
GTGAGGACACTGTCCT	g2
GTGAGGACAGTATGAA	g3
GTGAGGAGTAACACCT	g2
GTGAGGAGTCTTGCTC	g2
GTGAGGAGTTCTTAGG	g4
GTGAGGATCCGAGCTG	g0
GTGAGGATCGATACGT	g4
GTGAGGATCGCTCTCA	g2
GTGAGTTCACAATGAA	g2
GTGAGTTCAGTAACGG	g2
GTGAGTTGTAGATTGA	g0
GTGAGTTGTCATAAAG	g0
GTGATGTAGGCCACTC	g0
GTGATGTAGGCCCACT	g0
GTGATGTAGTCGGCCT	g2
GTGATGTCAAAGCAAT	g0
GTGATGTCACCCAATA	g0
GTGATGTCACCCTCTA	g4
GTGATGTCACGCAGTC	g2
GTGATGTCACGCTTAA	g2
GTGATGTGTCGTACTA	g4
GTGATGTTCATCCCGT	g2
GTGATGTTCCATCGTC	g0
GTGATGTTCCCGAGTG	g4
GTGATGTTCGAGAATA	g0
GTGATGTTCTATCGGA	g7
GTGATGTTCTCCGCAT	g2
GTGCACGAGACTTGTC	g2
GTGCACGAGCCTGGAA	g2
GTGCACGAGTGGATTA	g0
GTGCACGCAAACTCTG	g9
GTGCACGCAAGTGGTG	g4
GTGCACGCACCGTGAC	g8
GTGCACGCAGATTAAG	g3
GTGCACGCAGTATGAA	g7
GTGCACGCATCGCTCT	g2
GTGCACGGTAGTTCCA	g2
GTGCACGGTCACGCTG	g0
GTGCACGGTCCTACAA	g2
GTGCACGGTCTGTTAG	g0
GTGCACGGTGTCCATA	g0
GTGCACGTCCAAGCAT	g4
GTGCACGTCGTGCACG	g4
GTGCACGTCGTTCTGC	g3
GTGCAGCAGCCTTTCC	g0
GTGCAGCAGTCATGCT	g2
GTGCAGCAGTGGACTG	g0
GTGCAGCCACAAGCCC	g8
GTGCAGCCACGGCACT	g4
GTGCAGCCATCCGAAT	g0
GTGCAGCCATCGAACT	g2
GTGCAGCGTATTCCGA	g9
GTGCAGCGTCTTCTAT	g4
GTGCAGCGTTCCGCGA	g4
GTGCAGCTCAAGGAGC	g0
GTGCAGCTCAGCCCAG	g2
GTGCAGCTCCTTGGAA	g4
GTGCAGCTCGATACAC	g0
GTGCGTGAGAGTATAC	g0
GTGCGTGAGGAACTCG	g9
GTGCGTGAGGGATCGT	g2
GTGCGTGAGGGTGAAA	g4
GTGCGTGAGTTACTCG	g0
GTGCGTGCAATGGCCC	g3
GTGCGTGCACATTCTT	g2
GTGCGTGCATGACTTG	g0
GTGCGTGCATGCGTGC	g3
GTGCGTGGTCTAGGTT	g0
GTGCGTGGTTCAAGGG	g7
GTGCGTGTCTCTCCGA	g2
GTGCGTGTCTTACCAT	g6
GTGCTGGAGCGCCTTG	g2
GTGCTGGAGCTATCCA	g8
GTGCTGGAGGGCCAAT	g0
GTGCTGGAGTGTTCAC	g3
GTGCTGGAGTTGCCTA	g2
GTGCTGGAGTTTAGGA	g2
GTGCTGGCAGCGCTTG	g4
GTGCTGGCATTCTTCA	g0
GTGCTGGTCATCACCC	g4
GTGCTGGTCATTTGTC	g2
GTGCTTCAGAGTATAC	g8
GTGCTTCAGGTACTGG	g3
GTGCTTCAGTTCATGC	g0
GTGCTTCCAACTTCTT	g2
GTGCTTCCACTAGTAC	g4
GTGCTTCCACTTCAAG	g0
GTGCTTCCAGCGATTT	g0
GTGCTTCCAGTTGTTG	g2
GTGCTTCCATCGGAAG	g2
GTGCTTCGTGGTACAG	g0
GTGCTTCGTTGGTGTT	g0
GTGGAAGAGCAGCACA	g0
GTGGAAGAGGACGCAT	g7
GTGGAAGAGGCTTTCA	g7
GTGGAAGAGTAGAGTT	g0
GTGGAAGCAAGCTGTT	g2
GTGGAAGCACAATGCT	g4
GTGGAAGCAGCAGACA	g2
GTGGAAGCATTGACTG	g0
GTGGAAGGTACTCCGG	g0
GTGGAAGGTTTACCAG	g2
GTGGAAGGTTTCGTTT	g4
GTGGAAGTCTGACGCG	g4
GTGGAGAAGCTAAATG	g6
GTGGAGACAAAGGCGT	g0
GTGGAGACAAGGTCAG	g0
GTGGAGACACCCAAGC	g2
GTGGAGACACCCTATC	g0
GTGGAGACATCCGGCA	g2
GTGGAGAGTCAACACT	g7
GTGGAGAGTCACGACC	g8
GTGGAGATCCTAACAG	g4
GTGGAGATCGCCAGTG	g0
GTGGAGATCTCCGAGG	g8
GTGGCGTAGACTTCAC	g2
GTGGCGTAGTATGATG	g0
GTGGCGTAGTTCATCG	g4
GTGGCGTCACTGAGGA	g0
GTGGCGTGTCGCTGCA	g7
GTGGCGTGTCTTCATT	g2
GTGGCGTTCCGCGGAT	g0
GTGGCGTTCGCGCCAA	g3
GTGGCGTTCTACTGCC	g0
GTGGCGTTCTCCGATC	g0
GTGGCGTTCTGCCTGT	g2
GTGGGAAAGGACACTG	g2
GTGGGAAAGGATTACA	g4
GTGGGAAAGTAGTCCT	g1
GTGGGAAAGTTCTCTT	g0
GTGGGAACAACTCATG	g1
GTGGGAACAAGCAGGT	g3
GTGGGAACAGGTGTGA	g8
GTGGGAAGTACTGCCG	g0
GTGGGAAGTTGGACCC	g7
GTGGGAAGTTGTGCCG	g2
GTGGGAATCAGCGCAC	g0
GTGGTTAAGCCGTTAT	g2
GTGGTTAAGTATGATG	g7
GTGGTTACAATCAAGA	g8
GTGGTTACACCAGTAT	g0
GTGGTTACACTCACTC	g2
GTGGTTAGTCGCGTTG	g3
GTGGTTAGTTAAGGAT	g7
GTGGTTAGTTCTCAGA	g0
GTGGTTATCAACCCGG	g2
GTGGTTATCCGGTTCT	g0
GTGGTTATCGACACCG	g4
GTGTAACAGACGAGCT	g4
GTGTAACAGATCGACG	g4
GTGTAACAGTACTCGT	g0
GTGTAACCAAGGTTGG	g2
GTGTAACCAATCGCGC	g7
GTGTAACCAATGCTCA	g4
GTGTAACCACCGAATT	g2
GTGTAACCAGAACTTC	g4
GTGTAACCAGATTAAG	g0
GTGTAACCATAAGCGG	g8
GTGTAACGTTCGCGTG	g1
GTGTAACTCTGTCAGA	g2
GTGTAACTCTTCACGC	g0
GTGTCCTAGGGCAGTT	g8
GTGTCCTAGTGTAGTA	g2
GTGTCCTCACGACGAA	g4
GTGTCCTGTAACGGTG	g7
GTGTCCTGTCTCAGGC	g2
GTGTCCTGTGTCCGTG	g2
GTGTCCTTCACAATGC	g2
GTGTGATCAAATGGAT	g7
GTGTGATCAAGATGTA	g2
GTGTGATGTAGACACG	g2
GTGTGATTCAACACGT	g4
GTGTGATTCCGGTAAT	g7
GTGTGGCAGATCGACG	g4
GTGTGGCAGCGAGAAA	g4
GTGTGGCAGTCACAGG	g4
GTGTGGCCACATTCGA	g0
GTGTGGCCAGCCTACG	g5
GTGTGGCGTACAACGG	g2
GTGTGGCGTAGACACG	g2
GTGTGGCGTAGCTGAG	g2
GTGTGGCGTCGAGTTT	g8
GTGTGGCGTGGATACG	g3
GTGTGGCGTGTAGTGG	g4
GTGTGGCTCCACAGGC	g7
GTGTTAGAGAAACTAC	g4
GTGTTAGAGACCAAAT	g0
GTGTTAGAGTTCGGTT	g0
GTGTTAGCAAACGGCA	g9
GTGTTAGGTAGACACG	g7
GTGTTAGGTCCTCAGG	g0
GTGTTAGGTGTGAATA	g8
GTGTTAGGTGTGCCTG	g2
GTGTTAGGTGTTCCAA	g3
GTGTTAGTCGTAACTG	g0
GTGTTCCAGGGTCAAC	g0
GTGTTCCAGTTTCGGT	g6
GTGTTCCCAAACCACT	g0
GTGTTCCCAATGAACA	g0
GTGTTCCCAATTCTTC	g3
GTGTTCCCACGCCAGT	g2
GTGTTCCCAGTCAACT	g4
GTGTTCCCATTCAGGT	g4
GTGTTCCCATTGCCGG	g7
GTGTTCCGTCTCCCTA	g7
GTTACAGAGAAATGGG	g0
GTTACAGAGAGACAAG	g2
GTTACAGAGTACTCGT	g8
GTTACAGCACACTGGC	g3
GTTACAGCAGAATTCC	g2
GTTACAGCATAGCACT	g4
GTTACAGGTATACGGG	g7
GTTACAGGTGTCCCTT	g0
GTTACAGGTTTATGCG	g0
GTTACAGGTTTGGGAG	g0
GTTACAGTCCCATGGG	g0
GTTACAGTCCTATTTG	g8
GTTACAGTCCTCTTTC	g4
GTTACCCAGAGAGGTA	g8
GTTACCCAGGATAATC	g0
GTTACCCAGGCACGAT	g1
GTTACCCAGGTGCTAG	g4
GTTACCCAGGTTAGTA	g7
GTTACCCCAACAGCCC	g3
GTTACCCCAAGGCGTA	g0
GTTACCCCACAAACGG	g7
GTTACCCCACAAAGTA	g0
GTTACCCCACCTGCGA	g8
GTTACCCCACTTGGCG	g2
GTTACCCGTTATTCCT	g0
GTTACCCGTTCACGAT	g0
GTTACCCTCGAGCCTG	g4
GTTACCCTCGTAACAC	g7
GTTACGAAGCCTCTCT	g0
GTTACGAAGGTCTTTG	g8
GTTACGAAGTGCCTCG	g0
GTTACGAGTAACATGA	g8
GTTACGAGTGCCAAGA	g0
GTTACGATCCAACTAG	g2
GTTACGATCGAGTGGA	g2
GTTACGATCGTTCGCT	g0
GTTAGACCACTACCCT	g2
GTTAGACCACTCTAGA	g7
GTTAGACCATCTATCT	g0
GTTAGACCATGGCACC	g6
GTTAGACCATGTTCAG	g2
GTTAGACGTAGAGATT	g4
GTTAGACGTCGTTATG	g0
GTTAGACGTCTTCTAT	g0
GTTAGACGTTGTGTTG	g0
GTTAGACTCAAGCCTA	g2
GTTAGTGCAAGGACAC	g0
GTTAGTGCACTCTGCT	g2
GTTAGTGCATGGCTAT	g0
GTTAGTGGTAAGCTCT	g0
GTTAGTGGTATATGGA	g7
GTTAGTGGTATGTCAC	g0
GTTAGTGGTTCCTACC	g8
GTTAGTGGTTTACCAG	g2
GTTAGTGTCAGTCCGG	g2
GTTAGTGTCAGTGTCA	g8
GTTAGTGTCCCATAGA	g1
GTTATGGAGCATGAAT	g6
GTTATGGAGCGCCCAT	g4
GTTATGGAGTATGAAC	g6
GTTATGGCACCTGATA	g0
GTTATGGCACGTACAT	g1
GTTATGGCACTACCCT	g0
GTTATGGGTAGTGGCA	g2
GTTATGGGTCGTCGGT	g0
GTTATGGGTTACACTG	g2
GTTATGGGTTGACTAC	g4
GTTATGGGTTGGGCCT	g2
GTTATGGGTTTAGAGA	g0
GTTATGGTCGACCATA	g0
GTTATGGTCGTCCTTG	g4
GTTATGGTCGTCGACG	g7
GTTATGGTCTAAGAAG	g4
GTTCATTAGATAGGGA	g7
GTTCATTAGCAATTCC	g2
GTTCATTAGGTAAACT	g0
GTTCATTAGGTAAAGG	g0
GTTCATTCAAGTCATC	g2
GTTCATTCAGACCTAT	g0
GTTCATTCATAACAGA	g2
GTTCATTGTAGAGCTG	g0
GTTCATTGTCGGAACA	g2
GTTCATTTCGAGAAAT	g7
GTTCATTTCTAACGCA	g0
GTTCATTTCTAATTCC	g2
GTTCATTTCTGGCCAG	g4
GTTCCGTAGCCTTTGA	g0
GTTCCGTAGGCCTAGA	g8
GTTCCGTAGTAACCTC	g0
GTTCCGTAGTAGAGTT	g2
GTTCCGTCAGGCTACC	g0
GTTCCGTGTCACTTAG	g4
GTTCCGTGTCCAGCCA	g2
GTTCCGTTCTGCTTAT	g7
GTTCGCTAGGTAAGTT	g2
GTTCGCTCAACCCTCT	g0
GTTCGCTCACCTCTGT	g7
GTTCGCTCAGTGGTGA	g0
GTTCGCTCATCATTTC	g0
GTTCGCTCATTGAAGA	g7
GTTCGCTGTACTCAAC	g3
GTTCGCTGTATCGCTA	g0
GTTCGCTTCGTCAAAC	g2
GTTCGCTTCGTCTAAG	g0
GTTCGCTTCTAGACCA	g0
GTTCGCTTCTCTGGTC	g0
GTTCTATAGGAGCAAA	g1
GTTCTATAGGTACCTT	g1
GTTCTATAGTGTACCT	g0
GTTCTATCAAGCCATT	g6
GTTCTATCAGGATTCT	g7
GTTCTATCATAAGCAA	g2
GTTCTATGTACTGGGA	g0
GTTCTATGTCTCCCTA	g0
GTTCTATGTCTTTCTA	g2
GTTCTATGTTAATGAG	g4
GTTCTATGTTTCAGAC	g9
GTTCTATTCAGCCTTC	g3
GTTGAACAGGTCTTTG	g2
GTTGAACAGTTGCATC	g2
GTTGAACCAACAGAGC	g0
GTTGAACCACGCGTCA	g1
GTTGAACCATATGCGT	g0
GTTGAACCATCGGAAG	g1
GTTGAACTCTTAGCAG	g0
GTTGCGGAGGTTCACT	g0
GTTGCGGAGTGCCCGT	g2
GTTGCGGCAAACACGG	g4
GTTGCGGCAAGTACCT	g7
GTTGCGGCATCGAAGG	g4
GTTGCGGGTCGCACAC	g6
GTTGCGGGTCGCATCG	g2
GTTGCGGGTCTTGAGT	g2
GTTGCGGGTTCGCGTG	g9
GTTGCGGGTTTACCTT	g4
GTTGCGGTCACCCTTG	g0
GTTGCGGTCAGCTGAT	g3
GTTGCGGTCATTTGTC	g2
GTTGCGGTCCACACCT	g2
GTTGCGGTCTCTCCGA	g6
GTTGCGGTCTGCGTCT	g0
GTTGCGGTCTGTGCAA	g7
GTTGCTCAGCGCTGCT	g2
GTTGCTCAGGCCTGAA	g2
GTTGCTCCAACTACGT	g4
GTTGCTCCACGGTGAA	g0
GTTGCTCCACGTCGTG	g0
GTTGCTCGTACGGATG	g2
GTTGCTCGTATGAAAC	g7
GTTGCTCTCCGGTAAT	g2
GTTGCTCTCTATCGCC	g2
GTTGTAGAGACATAAC	g0
GTTGTAGAGGGTATAT	g0
GTTGTAGAGGTAAGAG	g2
GTTGTAGAGTAACCTC	g0
GTTGTAGAGTAGGAAG	g0
GTTGTAGCAAGCAGGT	g2
GTTGTAGCAATCAGCT	g0
GTTGTAGCATTGTAGC	g2
GTTGTAGGTGATTAGA	g4
GTTGTAGTCCCACAGG	g7
GTTGTAGTCGACTCCT	g0
GTTGTAGTCGCAGTTA	g2
GTTGTCCAGGCAATGC	g2
GTTGTCCCAAGTCCAT	g4
GTTGTCCCAGAGTGTG	g2
GTTGTCCGTAACAGTA	g3
GTTGTCCGTCGCACGT	g0
GTTGTCCGTGATAGTA	g0
GTTGTCCGTGGACTGA	g0
GTTGTCCTCGCCTAGG	g9
GTTGTCCTCTGACAGT	g2
GTTGTGAAGAGTCCGA	g0
GTTGTGAAGGGACAGG	g5
GTTGTGAAGGTGATCG	g0
GTTGTGAAGTAACCGG	g2
GTTGTGAAGTGGTCAG	g2
GTTGTGACAAGGTCTT	g1
GTTGTGACACAAATAG	g3
GTTGTGACACAGTGAG	g2
GTTGTGACAGTACTAC	g0
GTTGTGAGTCTTGCTC	g1
GTTGTGAGTGATACTC	g2
GTTGTGATCCCTAGGG	g2
GTTGTGATCTATTTCG	g2
GTTTACTAGCCTGAAG	g2
GTTTACTAGCTCGGCT	g0
GTTTACTAGGCAATGC	g4
GTTTACTAGGTTGACG	g1
GTTTACTCAAGTTTGC	g0
GTTTACTCACCTGATA	g0
GTTTACTCATACAGCT	g2
GTTTACTCATCAGCAT	g3
GTTTACTCATTGGCAT	g0
GTTTACTGTCACTTAG	g3
GTTTACTGTCCAGAAG	g0
GTTTACTTCTCAAAGC	g0
GTTTGGAAGAGTTGTA	g8
GTTTGGAAGCTAGAAT	g2
GTTTGGAAGTATGTAG	g0
GTTTGGACAACGAGGT	g2
GTTTGGAGTATAGGAT	g4
GTTTGGAGTCCTTGTC	g0
GTTTGGATCCGCTTAC	g2
GTTTGGATCCGGTTCT	g0
GTTTGGATCGATAACC	g4
GTTTGGATCGCACGGT	g2
TAACACGAGAAGTGTT	g0
TAACACGAGGTGTGAC	g1
TAACACGAGTGTAGTA	g4
TAACACGAGTTACTCG	g4
TAACACGCACAAGTTC	g5
TAACACGCACGGCTAC	g0
TAACACGCACTATGTG	g3
TAACACGCAGCGTAGA	g0
TAACACGCATGACAAA	g0
TAACACGGTAACATCC	g2
TAACACGGTAGTGGCA	g0
TAACACGGTCGCATTA	g4
TAACACGGTCGCTGCA	g2
TAACACGTCACTGGTA	g9
TAACACGTCCATACAG	g0
TAACACGTCGGCATAT	g0
TAACACGTCTACTCAT	g0
TAACACGTCTGAGATC	g8
TAACCAGAGATCCCGC	g2
TAACCAGAGCCTCTTC	g0
TAACCAGAGTGCCCGT	g0
TAACCAGCAACGTAAA	g2
TAACCAGCAATTAGGA	g7
TAACCAGCACCAGTAT	g0
TAACCAGGTAAGATCA	g7
TAACCAGGTACGTGTT	g4
TAACCAGGTATGAGCG	g7
TAACCAGGTCAGACGA	g0
TAACCAGGTCTCACAA	g2
TAACCAGGTGTTATCG	g3
TAACCAGTCCGCATAA	g7
TAACCAGTCCGTGACG	g0
TAACCAGTCCGTTGAA	g2
TAACCAGTCCTTATAC	g4
TAACCAGTCGATCCAA	g3
TAACCAGTCTACAGGT	g0
TAACCAGTCTAGGCAT	g0
TAACGACAGTCCGCCA	g0
TAACGACCAAATCAGA	g3
TAACGACCAGCTTTCC	g0
TAACGACCATGCGGTC	g2
TAACTTCAGCGACTGA	g2
TAACTTCAGGCTTTCA	g2
TAACTTCAGTCCCAAT	g2
TAACTTCCATCATGAC	g7
TAACTTCGTAACTAAG	g0
TAACTTCGTGTTAAAG	g2
TAACTTCGTTATAGCC	g2
TAACTTCGTTGACTGT	g2
TAACTTCTCCTCGCAT	g0
TAACTTCTCGAACGGA	g4
TAAGCACAGCATGTTC	g4
TAAGCACAGCCACTCG	g0
TAAGCACAGCTAATGA	g0
TAAGCACAGGAGGGTG	g5
TAAGCACAGTCAATCC	g7
TAAGCACCACCAGTTA	g2
TAAGCACGTATAGCTC	g0
TAAGCACGTCCGACGT	g8
TAAGCACGTGAGTAGC	g2
TAAGCACGTGCTCCGA	g2
TAAGCACGTTTCACTT	g0
TAAGCACTCCATGATG	g2
TAAGCCAAGAACAGGA	g2
TAAGCCAAGACTCTTG	g3
TAAGCCAAGGAAACGA	g2
TAAGCCACAAAGGAGA	g7
TAAGCCACAACAGATA	g6
TAAGCCACACGCTATA	g2
TAAGCCAGTAAGTCAA	g2
TAAGCCAGTACGTAGG	g0
TAAGCCAGTCAATCTG	g2
TAAGCCAGTTTGTTGG	g0
TAAGCCATCATTATCC	g0
TAAGCCATCCAGTGTA	g7
TAAGCCATCCCAGGAC	g0
TAAGCGTAGCGCCGTT	g7
TAAGCGTAGCTGTGCC	g7
TAAGCGTAGGCTCTCG	g0
TAAGCGTAGTCGGCCT	g7
TAAGCGTCAACGCATT	g2
TAAGCGTCAATTGTGC	g8
TAAGCGTCACCAATTG	g0
TAAGCGTCAGGCGATA	g0
TAAGCGTGTGCGCTCA	g9
TAAGCGTGTGGACTGA	g3
TAAGCGTGTGTAAATG	g2
TAAGCGTTCAACCCGG	g2
TAAGCGTTCGCGATCG	g2
TAAGTCGAGCGTGTTT	g2
TAAGTCGAGGACAGCT	g3
TAAGTCGCAATGTGGG	g2
TAAGTCGCACCTATCC	g3
TAAGTCGCAGCGTAGA	g2
TAAGTCGCAGGAGACT	g0
TAAGTCGCATGCGGTC	g2
TAAGTCGCATGCGTGC	g0
TAAGTCGGTGGATTTC	g0
TAAGTCGGTGTCTAAC	g2
TAAGTCGGTTGCTCGG	g8
TAAGTCGTCATTCTTG	g0
TAAGTCGTCGAGTCCG	g0
TAAGTCGTCTCTATAC	g8
TAATCTCAGCACCCAC	g3
TAATCTCAGCTCGCAC	g4
TAATCTCCACTCCTTG	g2
TAATCTCCAGTCACGC	g7
TAATCTCCATGGTGGA	g2
TAATCTCGTCTACACA	g7
TAATCTCGTTGCATGT	g2
TAATCTCTCCATTCGC	g8
TAATCTCTCCGAAATC	g9
TAATTCCAGCTTTCCC	g7
TAATTCCAGGCGTTAG	g8
TAATTCCAGTGGAAAG	g4
TAATTCCCAAACACCT	g8
TAATTCCCAGAGTGTG	g5
TAATTCCCAGGTTCGC	g0
TAATTCCCATTGCCTC	g0
TAATTCCGTCAACCTA	g2
TAATTCCGTCGCATGC	g2
TAATTCCGTCGTGGTC	g2
TAATTCCGTCTCTCCA	g0
TAATTCCGTGAGTTTC	g2
TAATTCCGTTCCACAA	g2
TAATTCCGTTGTATGC	g8
TAATTCCTCACGGTCG	g2
TAATTCCTCCCATACC	g6
TAATTCCTCCGTCCTA	g4
TAATTCCTCGGCAGTC	g0
TACAACGAGCTAGATA	g4
TACAACGAGGAGAGTA	g0
TACAACGAGTCGGCCT	g2
TACAACGCAACCGCTG	g2
TACAACGCAAGCGCAA	g2
TACAACGCACGCTATA	g2
TACAACGCACTCCTTG	g2
TACAACGCAGCATCTA	g9
TACAACGGTCTACATG	g0
TACAACGTCAGATTGC	g0
TACAACGTCATACGAC	g2
TACAACGTCGAGCCAC	g0
TACAACGTCGCCAATA	g8
TACACCCAGTAGCATA	g0
TACACCCAGTTAACGA	g2
TACACCCAGTTGCATC	g7
TACACCCCAAAGGGCT	g7
TACACCCCAACCAGAG	g2
TACACCCCACGAGAAC	g4
TACACCCCAGCGTGCT	g2
TACACCCCATTAAGCC	g9
TACACCCGTGCTCTTC	g0
TACACCCGTGTCTCCT	g2
TACACCCGTGTGTACT	g2
TACACCCTCAAACTGC	g0
TACACCCTCAGCAATC	g2
TACACCCTCTCCGTGT	g0
TACAGGTAGGAGATAG	g2
TACAGGTCAACGGGTA	g4
TACAGGTCAAGGGCAT	g7
TACAGGTCAGATACCT	g0
TACAGGTCAGCTGTAT	g2
TACAGGTGTAGTCTGT	g2
TACAGGTGTCCCGGTA	g2
TACAGGTGTCGGTAAG	g0
TACAGGTGTGTCGATT	g2
TACAGGTGTTCTCTCG	g6
TACAGGTGTTTCCCAC	g4
TACAGGTTCACCTGTC	g2
TACAGGTTCCGTCAAA	g2
TACATTCAGAGTCTGG	g0
TACATTCAGATACCAA	g4
TACATTCAGGGTACGT	g6
TACATTCAGGTAGTAT	g3
TACATTCAGTAGGGTC	g0
TACATTCCACCAGCCA	g1
TACATTCGTATTCCTT	g0
TACATTCGTCCTACGG	g2
TACATTCTCAAACGAA	g1
TACATTCTCACTTGGA	g0
TACATTCTCATTGAGC	g7
TACATTCTCCATACTT	g7
TACATTCTCCGTAGTA	g4
TACATTCTCTAAACGC	g2
TACCCACAGACGAGCT	g2
TACCCACAGAGAAGGT	g0
TACCCACAGATAGTCA	g4
TACCCACAGATGATTG	g4
TACCCACAGGTTCAGG	g0
TACCCACAGTCACACT	g2
TACCCACCACATATGC	g2
TACCCACCACGGTCTG	g0
TACCCACCAGGCACTC	g2
TACCCACGTCCATCTC	g0
TACCCACGTCTTACTT	g0
TACCCACTCAGCGGAA	g2
TACCCACTCCACGTAA	g7
TACCCACTCCGTGGCA	g2
TACCCACTCGACCAAT	g8
TACCCACTCGGCATTA	g0
TACCCACTCTCGAGTA	g0
TACCCGTAGCACCGTC	g0
TACCCGTAGCGACATG	g3
TACCCGTCAAGTACCT	g4
TACCCGTCATCCAATG	g4
TACCCGTGTAACATCC	g2
TACCCGTGTCATAAAG	g9
TACCCGTTCCCGTAAA	g0
TACCCGTTCCGATCTC	g2
TACCGAAAGGGACAGG	g4
TACCGAAAGGTTGAGC	g2
TACCGAACAAGCGATG	g2
TACCGAACACGAAGAC	g2
TACCGAACATCTCATT	g2
TACCGAACATGGCACC	g2
TACCGAAGTTGACTAC	g7
TACCGAATCCACTTTA	g0
TACCGAATCGGCATAT	g0
TACCGAATCGTAGTGT	g0
TACCGAATCTACGCGG	g2
TACCGAATCTTACACT	g7
TACCGGGAGGACGCTA	g6
TACCGGGAGTAACGAT	g0
TACCGGGCAAGACTGG	g7
TACCGGGCACAAGCTT	g0
TACCGGGCAGGTTCAT	g0
TACCGGGCATCGGAGA	g2
TACCGGGGTAGAGGAA	g9
TACCGGGTCGGCCTTT	g4
TACCGGGTCTCATTTG	g0
TACCTCGAGTTAGAAC	g4
TACCTCGGTACCATAC	g7
TACCTCGGTATGTCCA	g4
TACCTCGGTCGCTCGA	g2
TACCTCGGTGACCGAA	g2
TACCTCGGTGTCCGGT	g7
TACCTCGTCACTTCTA	g4
TACCTCGTCGGTCACG	g8
TACCTCGTCGGTCTGG	g0
TACCTCGTCTACCTTA	g2
TACCTGCAGGATCACG	g0
TACCTGCAGGCATCAG	g3
TACCTGCAGTGCACAG	g8
TACCTGCGTTCTCAGA	g2
TACCTGCGTTGTAAAG	g0
TACCTGCTCCATGATG	g3
TACCTGCTCCGGCAGT	g0
TACCTGCTCGAACTCA	g3
TACCTGCTCGAGAATA	g4
TACGCTCAGGCCACTC	g0
TACGCTCCAAAGGCTG	g2
TACGCTCCAGCACCCA	g0
TACGCTCCAGGTACGA	g0
TACGCTCGTACCTGTA	g0
TACGCTCGTCTGTGAT	g8
TACGCTCTCACAAGAA	g2
TACGGGCAGAATCGAT	g2
TACGGGCAGTCTGTAC	g4
TACGGGCCAAGAAACT	g7
TACGGGCCAAGGGTCA	g4
TACGGGCCACAATCTG	g4
TACGGGCCATGACAAA	g0
TACGGGCGTCGAGTTT	g4
TACGGGCTCGGCCTTT	g0
TACGGGCTCTCCCATG	g1
TACGGTAAGCGTCTCG	g0
TACGGTAAGCTGCCAC	g0
TACGGTAAGGTCATCT	g1
TACGGTAAGTAGACAT	g3
TACGGTAAGTAGGATT	g7
TACGGTAAGTATGCAA	g0
TACGGTAAGTCATCCA	g0
TACGGTACACGTAACT	g8
TACGGTACAGATACCT	g2
TACGGTACATTGTCGA	g0
TACGGTAGTAGCCAGA	g0
TACGGTATCAACTGGT	g0
TACGGTATCCAGCAAT	g0
TACGGTATCCTAGCCT	g0
TACGGTATCGTGCGAC	g0
TACGTCCAGCCAAGTG	g0
TACGTCCAGCTCCGAC	g0
TACGTCCAGGCATCGA	g7
TACGTCCAGGGCAGTT	g0
TACGTCCAGGTCCGAA	g0
TACGTCCCAACGGCCT	g0
TACGTCCCACCCTTAC	g3
TACGTCCGTACTAAGA	g2
TACGTCCGTCAGGCAA	g3
TACGTCCGTCATCTAG	g4
TACGTCCGTCCGGTGT	g1
TACGTCCGTCTCACAA	g4
TACGTCCGTTCGTAAC	g2
TACGTCCTCGAGCTGC	g7
TACGTCCTCTAAGAAG	g2
TACTGCCAGGTAAGTT	g7
TACTGCCAGGTGGTTG	g0
TACTGCCCAGTTAGAA	g4
TACTGCCCATGACAAA	g0
TACTGCCCATGAGAAT	g2
TACTGCCGTAACGGTG	g0
TACTGCCGTGTGAATA	g0
TACTGCCGTTAAGGGC	g2
TACTGCCGTTGCAAGG	g9
TACTGCCTCTTCGTGC	g8
TACTTACAGCACTTTG	g4
TACTTACAGCTAAACA	g0
TACTTACAGTAGTCTC	g3
TACTTACCACGCGGTT	g0
TACTTACGTCAGTTTG	g2
TACTTACGTCCTCCAT	g2
TACTTACGTCTTGAAC	g8
TACTTACGTTGGTGTT	g2
TACTTACTCCAACCGG	g2
TACTTACTCGAACTCA	g8
TACTTACTCGAGCCAC	g2
TACTTACTCTATCACT	g8
TACTTCAAGTGGTGAC	g0
TACTTCACAATTTCTC	g4
TACTTCACATCGCCTT	g7
TACTTCATCATCACAG	g0
TACTTCATCCACTGAA	g2
TACTTCATCGTCACCT	g7
TACTTGTCAAAGGCGT	g6
TACTTGTCACTCCGGA	g7
TACTTGTCAGCAGAAC	g2
TACTTGTCAGCGTACC	g7
TACTTGTCATTGAAGA	g0
TACTTGTGTAGTCTGT	g1
TACTTGTTCAGACTGT	g0
TACTTGTTCTATTTCG	g2
TACTTGTTCTCTTCAA	g0
TAGACCAAGGTTGTTC	g2
TAGACCAAGTTCGCAT	g0
TAGACCACAAACCATC	g7
TAGACCACAGAGATGC	g2
TAGACCACAGCGTACC	g8
TAGACCAGTCGAGCAA	g7
TAGACCAGTGGAGGTT	g2
TAGACCAGTGTTGCCG	g7
TAGACCAGTTTGGAAA	g2
TAGACCATCACGTAGT	g0
TAGACCATCGCTACAA	g4
TAGACTGAGCACACAG	g0
TAGACTGAGCTAAGTA	g7
TAGACTGCACGTCTCT	g7
TAGACTGCAGAGACTG	g4
TAGACTGCAGGACTAG	g4
TAGACTGCATGTACGT	g0
TAGACTGGTATACGGG	g2
TAGACTGGTCCGGTGT	g0
TAGACTGTCAGCTTCC	g6
TAGACTGTCATCCCGT	g0
TAGACTGTCCCGAATA	g0
TAGACTGTCCTTATGT	g2
TAGAGTCAGATTGACA	g2
TAGAGTCCAACCACAT	g0
TAGAGTCCACATGAAA	g0
TAGAGTCCATGCCGAC	g4
TAGAGTCGTCCAGCGT	g0
TAGAGTCGTGCCTACG	g0
TAGAGTCGTTTAGTCG	g3
TAGAGTCTCAGACAAA	g2
TAGAGTCTCAGACCGC	g7
TAGAGTCTCCCTAGGG	g4
TAGAGTCTCGTTAGTG	g2
TAGAGTCTCTAGTCAG	g3
TAGATCGAGTAAACAC	g0
TAGATCGCAGCTCCTT	g2
TAGATCGCAGTTAAAG	g0
TAGATCGGTCCACACG	g2
TAGATCGTCCCTCTCC	g7
TAGATCGTCCTATTGT	g2
TAGCACAAGCGCGTTC	g2
TAGCACAAGTACAACA	g6
TAGCACAAGTGGATAT	g4
TAGCACACAAGAATAC	g8
TAGCACACACTGGATT	g0
TAGCACACAGGACATG	g2
TAGCACACAGTTGTCA	g0
TAGCACACATAGATGA	g6
TAGCACACATCGGCCA	g0
TAGCACAGTCGCAACC	g7
TAGCACAGTTGGTACT	g2
TAGCACATCCATAGAC	g0
TAGCACATCCATTTAC	g0
TAGCACATCCTTCTGG	g2
TAGCACATCGCTGATA	g2
TAGCACATCTCGACCT	g7
TAGGAGGAGAGATGCC	g7
TAGGAGGAGTGTTGTC	g4
TAGGAGGCAAGTCCAT	g0
TAGGAGGCAGGATCTT	g8
TAGGAGGGTAGCGATG	g7
TAGGAGGGTGGTCAAG	g1
TAGGAGGTCACGAACT	g2
TAGGAGGTCACTGTTT	g0
TAGGAGGTCAGCAATC	g6
TAGGAGGTCCGATTAG	g0
TAGGAGGTCGAGTTGT	g4
TAGGAGGTCTATACGG	g2
TAGGGTTAGAAACCCG	g2
TAGGGTTAGCTGTTAC	g0
TAGGGTTAGGTTCCGC	g2
TAGGGTTAGTGATAGT	g4
TAGGGTTCAACACAGG	g0
TAGGGTTCACACCGCA	g0
TAGGGTTCATACTTTC	g1
TAGGGTTGTACTCAAC	g4
TAGGGTTGTACTGGGA	g0
TAGGGTTGTCCAAGAG	g4
TAGGGTTGTGGTGATG	g0
TAGGGTTGTTGCGTAT	g2
TAGGGTTTCCAGCTCT	g2
TAGGGTTTCGGACGTC	g1
TAGGTACCAAACCGGA	g0
TAGGTACCACGCGCAT	g0
TAGGTACCAGCCATTA	g2
TAGGTACGTCGGCTAC	g9
TAGGTACGTCGGTACC	g0
TAGGTACGTCTCACGG	g0
TAGGTACGTTAAAGTG	g4
TAGGTACTCCCGAAAT	g7
TAGGTACTCGACGTCG	g7
TAGGTACTCGTTCCCA	g4
TAGGTTGAGTGAGGTC	g0
TAGGTTGAGTTCTCTT	g0
TAGGTTGAGTTGAAGT	g0
TAGGTTGCAAAGCTAA	g0
TAGGTTGGTAGGGAGG	g2
TAGGTTGGTATGTGTC	g0
TAGGTTGGTCGGTAAG	g0
TAGGTTGGTTCCGCTT	g0
TAGGTTGTCGCAACAT	g7
TAGGTTGTCGTGCACG	g2
TAGGTTGTCTCAGGCG	g0
TAGTGCAAGTATGAGT	g9
TAGTGCAAGTTTGAGA	g0
TAGTGCACAACTTGGT	g9
TAGTGCACACAGAAGC	g3
TAGTGCACACGTCGGT	g0
TAGTGCACAGTTGCGC	g2
TAGTGCAGTAGACACG	g4
TAGTGCAGTGTCATGT	g2
TAGTGCAGTTTGAACC	g7
TAGTGCATCAAAGGAT	g0
TAGTGCATCAGAGTTC	g4
TAGTGCATCTCTGAGA	g0
TAGTGCATCTGGGCCA	g0
TAGTGCATCTTTCCAA	g4
TATACCTAGAGCCTGA	g3
TATACCTAGCAGGCAT	g2
TATACCTAGCCAACCC	g0
TATACCTAGGCACGAT	g2
TATACCTAGTTAACAG	g0
TATACCTGTATCGTGT	g4
TATACCTGTCCTGGGT	g0
TATACCTGTGGATCAG	g4
TATATCCAGAGGGTCT	g0
TATATCCAGATGATTG	g4
TATATCCAGGCCTAGA	g4
TATATCCAGGTTATAG	g3
TATATCCAGTGTAGAT	g0
TATATCCCAACGATCT	g0
TATATCCCAATAGTAG	g6
TATATCCGTCACAGTT	g0
TATATCCGTCCTCCTA	g2
TATATCCGTGAGAGGG	g2
TATATCCGTGTCCACG	g0
TATATCCTCAAAGCCT	g2
TATATCCTCGGACAAG	g0
TATATCCTCTCATGCC	g0
TATCAGGAGAGCCTGA	g7
TATCAGGAGGCATCTT	g0
TATCAGGAGGGTTGCA	g0
TATCAGGAGGTTCATC	g9
TATCAGGCAAAGCACG	g4
TATCAGGCAAAGTATG	g2
TATCAGGCATCGTGGC	g6
TATCAGGGTACCCGCA	g2
TATCAGGTCGCAGATT	g0
TATCAGGTCGCTCCTA	g2
TATCAGGTCTGCATAG	g2
TATCCTAAGAATACAC	g7
TATCCTAAGATCCCGC	g8
TATCCTAAGCTACGTT	g7
TATCCTAAGGCGCTCT	g3
TATCCTACAAACCACT	g2
TATCCTACAAAGCAAT	g3
TATCCTACAGGCCCTA	g7
TATCCTATCAGCCCAG	g0
TATCCTATCAGGACAG	g7
TATCCTATCCGTGACG	g0
TATCCTATCCTCTGCA	g0
TATCCTATCTAGAACC	g3
TATCCTATCTTGGGCG	g4
TATCGCCAGATACTGA	g4
TATCGCCAGTCATTGC	g2
TATCGCCAGTGATAAC	g2
TATCGCCCAACACACT	g0
TATCGCCCAAGAGGTC	g4
TATCGCCCAGAGGCTA	g1
TATCGCCCAGGCTTGC	g8
TATCGCCCATCGATCA	g4
TATCGCCGTAACCCTA	g8
TATCGCCGTCACGACC	g9
TATCGCCGTCGAACAG	g0
TATCGCCGTCTGTGTA	g2
TATCGCCGTTGCCGAC	g1
TATCGCCTCAATCCAG	g0
TATCGCCTCGTGGGAA	g6
TATCGCCTCGTTCTGC	g2
TATCTGTAGAGGGCGA	g7
TATCTGTAGTGCAGGT	g0
TATCTGTCAGTGCCTG	g3
TATCTGTCATCCTTGC	g0
TATCTGTGTCTTCATT	g4
TATCTGTGTTCCATTT	g2
TATCTGTTCACACGAT	g0
TATCTGTTCATTATCC	g4
TATCTTGAGTTATGGA	g3
TATCTTGCAATTCTTC	g2
TATCTTGCACACACGC	g0
TATCTTGCACACCGCA	g2
TATCTTGCACGAGGAT	g0
TATCTTGCATACAGGG	g4
TATCTTGGTCTCCTGT	g2
TATCTTGGTGAATAAC	g8
TATCTTGGTTGCTGAT	g0
TATCTTGTCATGAAAG	g7
TATCTTGTCATTTGTC	g7
TATGTTCAGTGCCAGA	g8
TATGTTCAGTGGTTCT	g0
TATGTTCCAACCGGAA	g2
TATGTTCCACTGAGGA	g4
TATGTTCCACTGCTTC	g0
TATGTTCCAGCTGTAT	g2
TATGTTCCATATAGCC	g2
TATGTTCCATTGTCGA	g4
TATGTTCGTAAGCTCT	g7
TATGTTCGTTAGTTCG	g2
TATGTTCTCGACGAGA	g4
TATGTTCTCGAGAGAC	g0
TATGTTCTCGCCATAA	g2
TATGTTCTCGTGCAGC	g0
TATGTTCTCGTGTTCC	g0
TATTCCAAGATACTGA	g2
TATTCCACACAAGTGG	g4
TATTCCACACATAGCT	g7
TATTCCACAGTGTGCC	g0
TATTCCAGTCGGTAAG	g2
TATTCCATCATGCGGC	g2
TATTCCATCATGGATC	g3
TATTCCATCCGAGCTG	g0
TATTGCTAGACTGAGC	g2
TATTGCTAGCTAGCCC	g0
TATTGCTAGGACAGCT	g2
TATTGCTAGTAAGGGA	g0
TATTGCTCAGTAGTGG	g9
TATTGCTGTACTGTTG	g0
TATTGCTGTCGTCTCT	g0
TATTGCTGTGTAGTGG	g0
TATTGCTTCGCTCATC	g0
TATTGCTTCTGGTTGA	g4
TATTGGGAGACCATGG	g7
TATTGGGAGAGTCTGG	g2
TATTGGGAGGGCAACT	g0
TATTGGGCAGCACACC	g6
TATTGGGCATTCTTCA	g2
TATTGGGGTATACAGA	g1
TATTGGGGTCATACCA	g0
TATTGGGGTCCACTCT	g8
TATTGGGTCAGGGTAG	g7
TATTGGGTCGGTCACG	g9
TATTTCGAGACTGAGC	g2
TATTTCGCAGAGTGTG	g2
TATTTCGCAGCATTGT	g0
TATTTCGCAGCTTCCT	g7
TATTTCGGTATCAGGG	g2
TATTTCGGTGGGATTG	g0
TATTTCGTCAAGAGGC	g2
TATTTCGTCACAGAGG	g7
TATTTCGTCGACGCTG	g0
TATTTCGTCTTGCAGA	g0
TATTTCGTCTTGGCTC	g0
TCAAGACAGACCACGA	g3
TCAAGACAGCATGGGT	g3
TCAAGACCAAGCTGTT	g2
TCAAGACCAATGGGTG	g0
TCAAGACCACCTCAGG	g6
TCAAGACCAGCCCAGT	g0
TCAAGACGTCGGCCTA	g2
TCAAGACGTGGGATTG	g7
TCAAGACGTTATGGTC	g4
TCAAGACTCCGAAATC	g4
TCAAGACTCTACTCAT	g0
TCAAGCAAGAATCCCT	g2
TCAAGCAAGATGCAGC	g7
TCAAGCAAGATTCGAA	g0
TCAAGCAAGCAGGGAG	g6
TCAAGCACAATAACCC	g0
TCAAGCACACGGCGTT	g0
TCAAGCACACTAGGCC	g0
TCAAGCAGTACTGTTG	g0
TCAAGCAGTTCTCTCG	g0
TCAAGCAGTTTGTTCT	g2
TCAAGCATCACACCGG	g0
TCAAGCATCCCTCTCC	g0
TCAAGTGAGAGGTTTA	g2
TCAAGTGAGCTGAAAT	g1
TCAAGTGAGGGAGGGT	g7
TCAAGTGAGGTGAGCT	g0
TCAAGTGAGTCACTCA	g5
TCAAGTGCAAAGAGTT	g7
TCAAGTGCAGACAAGC	g1
TCAAGTGGTCGCTTAA	g2
TCAAGTGTCCCTCATG	g0
TCAATCTAGACTAAGT	g2
TCAATCTAGCCAACCC	g2
TCAATCTAGCCTCAAT	g2
TCAATCTCAGTATGAA	g2
TCAATCTGTACGAAAT	g0
TCAATCTGTGTCTTGA	g2
TCAATCTTCCTAGAGT	g0
TCAATTCAGAGCTGCA	g0
TCAATTCAGCCGTTGC	g0
TCAATTCCACTATCCC	g2
TCAATTCGTAATGTGA	g0
TCAATTCGTGTCCGGT	g8
TCAATTCGTTGAGAGC	g0
TCAATTCTCCCATGGG	g7
TCAATTCTCCCTGTTG	g0
TCAATTCTCGACGCGT	g2
TCAATTCTCTAGGAAA	g0
TCAATTCTCTGCGGCA	g2
TCACAAGAGAAAGTCT	g0
TCACAAGAGGCCTTGC	g8
TCACAAGAGTGAGTTA	g2
TCACAAGAGTGTACAA	g4
TCACAAGCAATTGAAG	g2
TCACAAGCACACGGAA	g4
TCACAAGCAGCAGTTT	g0
TCACAAGCAGCTGTCG	g0
TCACAAGCAGGTTCAT	g8
TCACAAGCATTCGGGC	g2
TCACAAGGTATACAGA	g4
TCACAAGGTATGGTAA	g0
TCACAAGGTGGTCAAG	g0
TCACAAGGTTGCTCCT	g0
TCACAAGTCTCCTGCA	g10
TCACAAGTCTTAATCC	g2
TCACACCAGAGAGTTT	g0
TCACACCAGCAGGGAG	g0
TCACACCAGGAGGGTG	g2
TCACACCCAAGCTGCC	g0
TCACACCCAAGTATAG	g7
TCACACCGTAACCCGC	g7
TCACACCGTGTTTACG	g0
TCACACCTCCTTCTGG	g4
TCACACCTCGACGACC	g1
TCACACCTCTATCGTT	g4
TCACATTAGACATACA	g2
TCACATTAGTAGGCCA	g7
TCACATTAGTGATAGT	g5
TCACATTCAAGGTACG	g4
TCACATTCAGGATTCT	g2
TCACATTCATATAGCC	g4
TCACATTGTATCAAGA	g4
TCACATTGTTCCACGG	g2
TCACATTTCGTAGCCG	g0
TCACGCTAGACGGATC	g3
TCACGCTAGATACATG	g0
TCACGCTCACCGGAAA	g4
TCACGCTCATCTGGGC	g2
TCACGCTGTGATCGTT	g0
TCACGCTGTTCGGTCG	g2
TCACGCTTCTCGTGAA	g0
TCACGGGCACCACATA	g2
TCACGGGGTATGCGTT	g0
TCACGGGGTCAGCTTA	g8
TCACGGGGTGATAGAT	g0
TCACGGGGTTACGGAG	g1
TCACGGGTCGATTTCT	g4
TCACGGGTCTAGATCG	g1
TCACGGGTCTGTCCGT	g4
TCACGGGTCTTCCACG	g2
TCACTATAGATCACCT	g7
TCACTATAGCATGCAG	g2
TCACTATAGGTCCCGT	g0
TCACTATAGGTTGGTG	g0
TCACTATCACAATTCG	g9
TCACTATCACTAGAGG	g7
TCACTATCAGCCGGTT	g2
TCACTATGTACATACC	g7
TCACTATGTAGCGAGT	g0
TCACTATGTTTGTGGT	g0
TCACTATGTTTGTTCT	g0
TCACTATTCAACACGT	g7
TCACTATTCAATCCGA	g4
TCACTATTCAGGAGAC	g2
TCACTATTCCGATAAC	g2
TCACTATTCGTGTTCC	g0
TCACTATTCTGGGCCA	g0
TCACTCGAGGTGGCTA	g1
TCACTCGCAAATAAGC	g0
TCACTCGCAAGGACAC	g3
TCACTCGCAATTCTTC	g0
TCACTCGGTAAGACCG	g4
TCACTCGGTGCGTGCT	g0
TCACTCGGTTAAGGAT	g0
TCACTCGTCAGTCTTT	g3
TCACTCGTCATGTCAG	g1
TCAGCAAAGGATGGCT	g4
TCAGCAAAGGTAGTAT	g0
TCAGCAAAGTATCCTG	g2
TCAGCAAAGTATGGAT	g0
TCAGCAAAGTGCCGAA	g7
TCAGCAACAATTGCTG	g4
TCAGCAACAGGCCCTA	g2
TCAGCAACATCTATCT	g4
TCAGCAAGTAAGATTG	g8
TCAGCAAGTGACTAAA	g4
TCAGCAATCCATTGCC	g0
TCAGCAATCCGTAATG	g2
TCAGCAATCGCATGAT	g2
TCAGCAATCTGACAGT	g2
TCAGCAATCTGGACTA	g2
TCAGCCTAGACTTGTC	g2
TCAGCCTAGTAACGTA	g7
TCAGCCTCAACCGTGC	g0
TCAGCCTCACCCGTAG	g0
TCAGCCTCACCTAAAC	g8
TCAGCCTCACTGTTCC	g2
TCAGCCTCATATCTCT	g2
TCAGCCTGTAGAATAC	g2
TCAGCCTGTCGCAGTC	g0
TCAGCCTGTCTGTCCT	g2
TCAGCCTGTTTGACAC	g2
TCAGCCTTCCAGGACC	g2
TCAGCCTTCCGGTAGC	g4
TCAGCCTTCCTGGTCT	g4
TCAGGGCAGATCACTC	g2
TCAGGGCAGCCTCTTC	g8
TCAGGGCAGCCTGACC	g0
TCAGGGCCAATGTCTG	g4
TCAGGGCCACACCTTC	g4
TCAGGGCCACCAGCGT	g2
TCAGGGCCAGCTATTG	g3
TCAGGGCCATCGATCA	g4
TCAGGGCCATTCCTCG	g0
TCAGGGCGTACACGCC	g7
TCAGGGCGTGGTCAAG	g7
TCAGGGCGTTTAGACC	g0
TCAGGGCTCACCTGTC	g3
TCAGGGCTCATGCAGT	g2
TCAGGGCTCCAAATGC	g0
TCAGGGCTCGCTCTCA	g7
TCAGGGCTCGGAATTC	g0
TCAGGGCTCTCACGAA	g2
TCAGGGCTCTCATTTG	g9
TCAGGGCTCTGATGGT	g8
TCAGGGCTCTGGCTGG	g4
TCAGGTAAGCCTCTCT	g0
TCAGGTACAGTCAGCC	g2
TCAGGTACAGTCTCTC	g4
TCAGGTAGTATTAAGG	g0
TCAGGTAGTTAGGCTT	g0
TCAGGTATCATTCATC	g2
TCAGGTATCCCTTGGT	g0
TCAGGTATCGCCGATG	g2
TCAGGTATCGCTCTCA	g7
TCAGTCCAGAATTGTG	g4
TCAGTCCAGTTGTCAC	g2
TCAGTCCCAAGCGGAT	g0
TCAGTCCCAAGGTCTT	g1
TCAGTCCGTAGCGATG	g0
TCAGTCCGTAGCGCTC	g0
TCAGTCCGTCTGTGTA	g2
TCAGTCCGTGGGTCAA	g0
TCAGTCCGTTACGCCG	g0
TCAGTCCTCAGAGTGG	g2
TCAGTCCTCGCCGTGA	g4
TCAGTCCTCTACGCGG	g4
TCAGTGAAGAGTGTGC	g4
TCAGTGAAGATGAACT	g4
TCAGTGAAGCCTCACG	g1
TCAGTGAAGTCATGGG	g0
TCAGTGACAAAGACGC	g4
TCAGTGACACTTTAGG	g7
TCAGTGACAGTTAGAA	g2
TCAGTGACATAATCGC	g0
TCAGTGACATCCCGTT	g1
TCAGTGACATGACGTT	g0
TCAGTGACATGCGTGC	g9
TCAGTGACATGTGACT	g2
TCAGTGAGTAATCAAG	g1
TCAGTGAGTGCCTTTC	g2
TCAGTGAGTTATGACC	g0
TCAGTGATCCAACCAA	g7
TCAGTGATCCGAGTGC	g2
TCAGTGATCCGGTTCT	g0
TCAGTGATCTTTGGAG	g4
TCAGTTTAGATTGTGA	g2
TCAGTTTAGCCGATCC	g0
TCAGTTTAGTACTGTC	g0
TCAGTTTCACAAGGTG	g0
TCAGTTTCACCAGTAT	g4
TCAGTTTCACGGTCTG	g2
TCAGTTTCAGTTAGAA	g5
TCAGTTTCATGGCTGC	g0
TCAGTTTGTACTTGTG	g0
TCAGTTTGTAGCGATG	g2
TCAGTTTGTCAGCTTA	g7
TCAGTTTGTGGCGCTT	g2
TCAGTTTGTTCGGTAT	g2
TCAGTTTTCCGCGGAT	g0
TCAGTTTTCGGAGTGA	g0
TCATACTAGCGAGTAC	g5
TCATACTAGTAACCGG	g2
TCATACTCAAAGTGTA	g2
TCATACTCAGGTACGA	g0
TCATACTCAGTCTTCC	g4
TCATACTCATAGTCAC	g4
TCATACTGTCTGTGGC	g2
TCATACTGTTCCGCAG	g4
TCATACTTCCATGATG	g2
TCATATCAGATTAGTG	g6
TCATATCAGCCGAATG	g0
TCATATCAGCCTGAAG	g7
TCATATCAGGATATGT	g2
TCATATCAGGATGGCT	g2
TCATATCCAAGTGTCT	g1
TCATATCCACAACGTT	g0
TCATATCCACGTAGAG	g4
TCATATCGTAAGCTCT	g2
TCATATCGTGCATACT	g2
TCATATCGTGCCGTTG	g7
TCATATCTCCACCTCA	g0
TCATATCTCCATTGTT	g1
TCATATCTCGAACGCC	g0
TCATATCTCGACGATT	g2
TCATCATAGTAACAGT	g2
TCATCATAGTGGTTCT	g3
TCATCATCAACTGGTT	g0
TCATCATTCGTTACCC	g2
TCATCATTCTCGACCT	g2
TCATCATTCTTCACGC	g8
TCATCCGAGATTCGAA	g4
TCATCCGAGCCTAGGA	g2
TCATCCGAGGTCTGGA	g0
TCATCCGCACACGTGC	g0
TCATCCGCACCCAATA	g0
TCATCCGCACGGCCAT	g4
TCATCCGCAGAAGCTG	g2
TCATCCGCAGAGGCAT	g0
TCATCCGCATCGCTAA	g2
TCATCCGGTAGGCTGA	g2
TCATCCGGTCCGATCG	g2
TCATCCGGTTCCAAAC	g1
TCATCCGTCAACTGGT	g4
TCATCCGTCACCTTGC	g0
TCATCCGTCAGCTCTC	g0
TCATCCGTCAGGAACG	g0
TCATCCGTCGAGTGAG	g2
TCATCCGTCTCAAAGC	g7
TCATCCGTCTGAATGC	g8
TCATCCGTCTGAGCAT	g0
TCATGAGAGAACGCGT	g8
TCATGAGAGGGTATAT	g4
TCATGAGAGGGTTTCT	g2
TCATGAGAGTAAAGCT	g0
TCATGAGAGTACAACA	g8
TCATGAGCAAACCATC	g0
TCATGAGCACAATGTC	g4
TCATGAGCAGATTTCG	g8
TCATGAGGTGTTGAGG	g7
TCATGAGGTTCAGTAC	g5
TCATGAGTCAAACGTC	g0
TCATGAGTCATCCTGC	g0
TCATGAGTCTATCGTT	g8
TCATGCCAGAGGGCGA	g0
TCATGCCCACCACTGG	g4
TCATGCCCACCTGCTT	g0
TCATGCCCAGATAAAC	g0
TCATGCCCAGGTTCAT	g1
TCATGCCGTCGGTGTC	g0
TCATGCCTCAGACCTA	g6
TCATGCCTCGTTAGAC	g0
TCATGCCTCTAACGCA	g8
TCATGGAAGGACAACC	g2
TCATGGACAAACGGCA	g0
TCATGGACATACCGTA	g0
TCATGGACATATACCG	g2
TCATGGAGTAATTGGA	g8
TCATGGAGTAGCGAGT	g2
TCATGGAGTCACGCTG	g0
TCATGGAGTGAACTAA	g0
TCATGGAGTGGTCCGT	g6
TCATGGAGTTAGAGTA	g4
TCATGGATCACCTCAC	g0
TCATGGATCCATTGCC	g0
TCATGGATCCGTCCTA	g0
TCATGGATCCTACACC	g0
TCATGTTAGAATGTTG	g2
TCATGTTAGCCAAGCA	g4
TCATGTTAGGGCTTCC	g0
TCATGTTCAACTGCTA	g8
TCATGTTCACCCTTGT	g4
TCATGTTGTACGGTTT	g4
TCATGTTGTAGTCTGT	g0
TCATGTTGTGGATCAG	g4
TCATGTTTCAAATAGG	g6
TCATGTTTCCCTCTTT	g2
TCATGTTTCCGCAACG	g1
TCATGTTTCCTCACTG	g0
TCATGTTTCGATCCCT	g4
TCATGTTTCTAATTCC	g4
TCATTACAGACCCGCT	g0
TCATTACAGCGCCATC	g0
TCATTACAGTAGTCCT	g2
TCATTACCAAAGGGTC	g4
TCATTACCAAATAAGC	g9
TCATTACCAAGACTGG	g0
TCATTACCACACGCCA	g8
TCATTACCAGCTCATA	g1
TCATTACCAGCTTCCT	g3
TCATTACCAGGCGATA	g4
TCATTACGTAAGATAC	g2
TCATTACGTAGAGACC	g7
TCATTACGTCATAAAG	g2
TCATTACGTCCCTCAT	g0
TCATTACGTGAGTGAC	g1
TCATTACGTTCTTGTT	g4
TCATTACTCAGATGCT	g4
TCATTACTCCACGTGG	g0
TCATTACTCCCGATCT	g8
TCATTCAAGGTATAGT	g2
TCATTCAAGGTTATAG	g0
TCATTCAAGTCGAATA	g3
TCATTCACACAAGTGG	g2
TCATTCACACGTACAT	g8
TCATTCACAGCGCGTT	g4
TCATTCACAGGCGATA	g0
TCATTCACATTGTGCA	g2
TCATTCAGTATACAGA	g2
TCATTCAGTATATGGA	g7
TCATTCAGTGGAATGC	g4
TCATTCAGTTCAGTAC	g2
TCATTCATCCAGTACA	g7
TCATTGTAGAATACAC	g3
TCATTGTAGAGTCCGA	g0
TCATTGTAGATGCCGA	g0
TCATTGTAGCGCTTCG	g0
TCATTGTAGTACTCGT	g0
TCATTGTAGTGTACAA	g0
TCATTGTCACCGCTGA	g4
TCATTGTCAGCGTTGC	g4
TCATTGTCATACATCG	g2
TCATTGTCATATACCG	g7
TCATTGTCATTGAAGA	g2
TCATTGTGTTCTTGCC	g4
TCATTGTTCAGGAAGC	g0
TCATTGTTCGTTGCCT	g7
TCATTGTTCTGCGAGC	g2
TCATTTGAGCTGACAG	g1
TCATTTGAGTTTGGCT	g0
TCATTTGCACACGCCA	g7
TCATTTGCACTATCCC	g0
TCATTTGGTTCCGCTT	g0
TCATTTGGTTCTCCTG	g0
TCCACCAAGAATTCAG	g4
TCCACCAAGGTACTGG	g0
TCCACCAAGTCATGAA	g4
TCCACCACACATAACC	g1
TCCACCAGTCTTGAGT	g2
TCCACCAGTGACCGAA	g2
TCCACCAGTGGCCCAT	g0
TCCACCATCTCCGAAA	g0
TCCACCATCTCGGTCT	g0
TCCACGTAGCACTCCG	g0
TCCACGTAGGCAGCTA	g0
TCCACGTAGGTCACAG	g2
TCCACGTCAATCAAGA	g2
TCCACGTCACTTCAGA	g2
TCCACGTGTACTGTTG	g7
TCCACGTTCGAGATGG	g7
TCCACGTTCGTAACCA	g6
TCCACGTTCTTAAGGC	g6
TCCAGAAAGAACAAGG	g3
TCCAGAAAGACAACTA	g7
TCCAGAAAGAGGCGTT	g4
TCCAGAAAGGATTTCC	g2
TCCAGAAAGTTCCGTA	g0
TCCAGAACACGATTCA	g2
TCCAGAACAGCGTTGC	g0
TCCAGAACATGACACT	g7
TCCAGAAGTTTAGACC	g0
TCCATCGAGCCTATCA	g7
TCCATCGAGCGGACAT	g5
TCCATCGCACAACGAG	g8
TCCATCGCACGATTCA	g7
TCCATCGCATAGTCAC	g0
TCCATCGCATATGGCT	g0
TCCATCGCATTGACCA	g8
TCCATCGGTGGAGAAA	g0
TCCATCGGTTGGACTT	g2
TCCATCGTCATTCTTG	g0
TCCATCGTCCCAGGAC	g4
TCCATCGTCCCGAACG	g3
TCCATCGTCCTCGATC	g7
TCCATGCAGAACAAGG	g3
TCCATGCCAATCTCTT	g2
TCCATGCCAATGTGGG	g0
TCCATGCGTAGATTGA	g2
TCCATGCGTATCAGGG	g0
TCCATGCGTCGTTGGC	g0
TCCATGCTCCTGGGTG	g2
TCCATGCTCGCATTGA	g7
TCCATGCTCGCTTGAA	g0
TCCCACAAGCCTGAAG	g0
TCCCACAAGCTCATAC	g9
TCCCACACAATGAAAC	g4
TCCCACACAGGTAGTG	g8
TCCCACACAGTGGCTC	g0
TCCCACACATAATCGC	g0
TCCCACAGTCACTTCC	g2
TCCCACAGTCCAGCGT	g7
TCCCACAGTGATTAGA	g2
TCCCACAGTTGTAGCT	g4
TCCCACATCGCATAGT	g0
TCCCACATCGGCATCG	g0
TCCCACATCGGTCAGC	g3
TCCCACATCTCAGGCG	g2
TCCCACATCTCTAGGA	g4
TCCCAGTAGAACTGAT	g9
TCCCAGTAGCTGACAG	g0
TCCCAGTAGGTTACAA	g2
TCCCAGTGTGCCTGAC	g2
TCCCAGTTCATGTCAG	g4
TCCCAGTTCCCTTGGT	g9
TCCCAGTTCCGATGTA	g0
TCCCAGTTCGGTCGAC	g2
TCCCATGAGAGCAGTC	g7
TCCCATGAGGTCTTTG	g4
TCCCATGAGTACCATC	g0
TCCCATGAGTCAGAGC	g0
TCCCATGAGTTGTCAC	g7
TCCCATGCAAGCGAAC	g2
TCCCATGCACCGTCGA	g3
TCCCATGCACGTTCGG	g2
TCCCATGCAGTCGTTA	g0
TCCCATGCATCGAAGG	g2
TCCCATGGTCCAGCGT	g4
TCCCATGGTCGGTGAA	g0
TCCCATGGTGAATAAC	g8
TCCGAAAAGCTGAGCA	g10
TCCGAAACACGACAAG	g0
TCCGAAACATGGGTCC	g0
TCCGAAACATTCTTCA	g2
TCCGAAAGTATCGATC	g2
TCCGAAAGTTAAACCC	g2
TCCGAAAGTTCTCCAC	g5
TCCGAAATCACACCGG	g2
TCCGAAATCGAGTTGT	g0
TCCGAAATCGTCCATC	g7
TCCGATCAGAGAGGTA	g4
TCCGATCAGTCTTCCC	g4
TCCGATCGTCATTCCC	g0
TCCGATCGTGTGTCGC	g7
TCCGATCGTTAACAGA	g4
TCCGATCGTTTGTGGT	g0
TCCGATCTCAACGTGT	g7
TCCGATCTCAGTCACA	g0
TCCGATCTCCTCTTTC	g0
TCCGATCTCGGAGATG	g0
TCCGATCTCTATGTGG	g0
TCCGATCTCTGCTCTG	g6
TCCGGGAAGGGACTGT	g6
TCCGGGAAGTCATGCT	g9
TCCGGGACAGAGGTTG	g4
TCCGGGACATAGGCGA	g7
TCCGGGATCAGGACGA	g0
TCCGGGATCCCTGGTT	g0
TCCGGGATCCGTAGTA	g6
TCCGGGATCGTTATCT	g2
TCCGGGATCTATACGG	g4
TCCGTGTCAACACACT	g4
TCCGTGTCAATCAGCT	g4
TCCGTGTGTCAGGAGT	g2
TCCGTGTGTGGCTAGA	g4
TCCGTGTGTGGTAACG	g0
TCCGTGTTCAAGAATG	g0
TCCTAATAGAAGATCT	g2
TCCTAATAGAGCATAT	g0
TCCTAATAGGGTGAAA	g0
TCCTAATAGGTCCCGT	g7
TCCTAATCAACAGCTT	g3
TCCTAATCAAGCGCAA	g7
TCCTAATCAGACGGAT	g2
TCCTAATCATACTGAC	g8
TCCTAATCATGATGCT	g4
TCCTAATGTAAGATCA	g7
TCCTAATGTACGGATG	g8
TCCTAATGTGACAACG	g0
TCCTAATGTTACCCTC	g8
TCCTAATGTTTACACG	g4
TCCTAATTCGACATCA	g2
TCCTAATTCGCACTCT	g0
TCCTAATTCTTAGCCC	g2
TCCTCCCAGAGTCCGA	g4
TCCTCCCAGATGCTAA	g0
TCCTCCCAGCCTTTCC	g4
TCCTCCCAGCTCCATA	g2
TCCTCCCAGGAGTATT	g2
TCCTCCCCAACTAGAA	g2
TCCTCCCCAATCTAGC	g0
TCCTCCCCACGCGCTA	g7
TCCTCCCGTAGAGCTG	g5
TCCTCCCGTCCAACGC	g0
TCCTCCCGTGATAGTA	g0
TCCTCCCGTGTAAACA	g0
TCCTCCCGTTCACCGG	g8
TCCTCCCTCCTCAGGG	g3
TCCTCGAAGACCATGG	g2
TCCTCGAAGGCATCGA	g0
TCCTCGAAGGTAGTCG	g6
TCCTCGAAGTAAACGT	g7
TCCTCGAAGTTTCAGC	g2
TCCTCGACAACTGGTT	g1
TCCTCGACAATCCTAG	g7
TCCTCGACACAAAGCG	g0
TCCTCGACACATTACG	g6
TCCTCGACAGACTCTA	g2
TCCTCGACATGGAATA	g0
TCCTCGAGTGGGTCAA	g0
TCCTCGAGTTCACGAT	g4
TCCTCGAGTTGTCTAG	g4
TCCTCGATCATTGCCC	g2
TCCTCGATCCATTTCA	g7
TCCTCGATCCCATTTA	g3
TCCTCTTAGCATGAAT	g0
TCCTCTTAGCCGTCGT	g1
TCCTCTTAGGCCTGCT	g0
TCCTCTTAGTATGATG	g0
TCCTCTTAGTGAGCCA	g9
TCCTCTTCAACTCATG	g0
TCCTCTTCAGGCGTTC	g9
TCCTCTTCATAACGGG	g6
TCCTCTTCATGAATCC	g9
TCCTCTTGTGTATCCA	g4
TCCTCTTTCCCTCGAT	g1
TCCTCTTTCGCTTGCT	g2
TCCTCTTTCGTAGGAG	g0
TCCTGCAAGCAGGCTA	g0
TCCTGCAAGCGACTGA	g0
TCCTGCACAATCAGCT	g7
TCCTGCACACAGAAGC	g3
TCCTGCACACGACAGA	g0
TCCTGCACAGGCTATT	g0
TCCTGCACAGTTCCAA	g2
TCCTGCACATGAGGGT	g0
TCCTGCACATGTCGTA	g0
TCCTGCAGTCTGTTAG	g2
TCCTGCAGTTGCACGC	g2
TCCTGCATCACTGAAC	g9
TCCTGCATCATACGGT	g2
TCCTGCATCCTTGACC	g6
TCCTGCATCGGCACTG	g2
TCCTTCTAGCTGGAGT	g3
TCCTTCTAGGCTCCCA	g7
TCCTTCTAGTAATCCC	g7
TCCTTCTCACAGCCTG	g1
TCCTTCTCATATGGCT	g4
TCCTTCTGTATGTGTC	g8
TCCTTCTGTTATGACC	g5
TCCTTCTTCGTTCCTG	g3
TCCTTCTTCTCTGCCA	g2
TCCTTTCAGCATTTCG	g0
TCCTTTCAGCGGACAT	g0
TCCTTTCAGGTCACTT	g7
TCCTTTCAGGTGATAT	g2
TCCTTTCAGTATGAAC	g0
TCCTTTCAGTCGGCAA	g7
TCCTTTCCACTACACA	g0
TCCTTTCGTGCAGATG	g2
TCCTTTCGTGCTCTTC	g0
TCCTTTCTCCTACAAG	g0
TCCTTTCTCCTAGCGG	g4
TCCTTTCTCTGTCGCT	g0
TCGAACAAGCACAAAT	g2
TCGAACAAGCGCCGTT	g7
TCGAACACAACAGATA	g0
TCGAACACAAGGGCAT	g0
TCGAACAGTAAGATTG	g0
TCGAACAGTCGTCATA	g0
TCGAACAGTGTCATGT	g2
TCGAACATCATGAGAA	g4
TCGAACATCATGTCAG	g0
TCGAACATCCCTCGAT	g1
TCGAACATCGACATTG	g4
TCGAACATCGCAGTTA	g2
TCGAACATCGCGCCAA	g3
TCGAAGTAGAGACAAG	g4
TCGAAGTAGCCGATTT	g0
TCGAAGTAGCTGGCTC	g2
TCGAAGTAGTCAAGCG	g2
TCGAAGTCAACCAACT	g4
TCGAAGTCACACCAGC	g2
TCGAAGTCAGCTCCTT	g4
TCGAAGTGTAAGAACT	g4
TCGAAGTGTCAAGTTC	g1
TCGAAGTTCAGTCACA	g0
TCGAAGTTCCAGCTCT	g8
TCGAAGTTCGTAGAGG	g2
TCGACCTAGCAACAAT	g0
TCGACCTAGTCGAAAT	g0
TCGACCTCAAGGGCAT	g8
TCGACCTCAATGCAAA	g3
TCGACCTCACCTCTAC	g7
TCGACCTCACGTTCGG	g2
TCGACCTCACTCTCGT	g0
TCGACCTCACTGAGTT	g0
TCGACCTCAGCGATTT	g0
TCGACCTCAGGGATAC	g7
TCGACCTCATGTCTAG	g4
TCGACCTGTGGATCAG	g0
TCGACCTGTTAGAGAT	g2
TCGACCTGTTCTCAGA	g5
TCGACCTGTTGAATCC	g0
TCGACCTTCACTTGGA	g0
TCGACCTTCAGCGCGT	g2
TCGACCTTCGGTGAAG	g0
TCGACCTTCTAGTACG	g2
TCGACGGAGAAGAACG	g2
TCGACGGAGACTCTTG	g0
TCGACGGAGGATTCAA	g2
TCGACGGCATGCGTGC	g0
TCGACGGCATGTGGCC	g7
TCGACGGCATTGAAGA	g2
TCGACGGCATTGTAGC	g2
TCGACGGGTATTCTCT	g4
TCGACGGGTGACGTCC	g2
TCGACGGTCCTCTAAT	g2
TCGACGGTCGAAGTGG	g0
TCGACGGTCGAGCACC	g2
TCGACGGTCGCCCAGA	g2
TCGACGGTCGTGAGAG	g0
TCGATTTAGACTCAAA	g7
TCGATTTAGACTCTTG	g4
TCGATTTAGCATGCAG	g2
TCGATTTAGCCTCATA	g8
TCGATTTAGTCTCCTC	g1
TCGATTTCACAAGCCC	g3
TCGATTTCACAGTATC	g0
TCGATTTCAGGACTAG	g3
TCGATTTCATTGCCGG	g0
TCGATTTTCAAGAGGC	g0
TCGATTTTCACCTGTC	g8
TCGATTTTCGCGTAGC	g0
TCGATTTTCTGATTCT	g7
TCGCACTAGCGCTGCT	g2
TCGCACTAGGAACGTC	g2
TCGCACTAGGAGACCT	g0
TCGCACTAGTAATTGG	g2
TCGCACTAGTCAAGCG	g0
TCGCACTCAAATTGGA	g0
TCGCACTCAATCGTCA	g2
TCGCACTCAATGAGCG	g0
TCGCACTCAGCTAACT	g4
TCGCACTCAGCTCCTT	g2
TCGCACTCAGTGTATC	g2
TCGCACTGTCCGGCAT	g7
TCGCACTGTTGATGTC	g0
TCGCACTTCAATCTCT	g3
TCGCACTTCATCACTT	g4
TCGCACTTCATCCTAT	g0
TCGCACTTCTACGCGG	g4
TCGCAGGAGCGTTCCG	g0
TCGCAGGAGCTGCCTG	g2
TCGCAGGCAAATCGGG	g4
TCGCAGGCAATGTCAC	g0
TCGCAGGCAATTTCTC	g0
TCGCAGGCACTCCGGA	g0
TCGCAGGCATTGACAC	g2
TCGCAGGGTCGCTCGA	g2
TCGCAGGTCGACACCG	g0
TCGCAGGTCGCTAATG	g2
TCGCTCAAGAGCTTTC	g4
TCGCTCAAGCATCAGG	g9
TCGCTCAAGGATTACA	g0
TCGCTCACACAGCATT	g3
TCGCTCACACGTCGTG	g7
TCGCTCACATCGATCA	g3
TCGCTCAGTCCAACGC	g0
TCGCTCAGTTAAGACA	g0
TCGCTCATCACGGGAA	g2
TCGCTCATCAGAGTTC	g0
TCGCTCATCATTCACT	g2
TCGCTCATCGCACGAC	g3
TCGCTCATCTGGCCTT	g0
TCGCTTGAGATAGCAT	g2
TCGCTTGAGTCTTCCC	g0
TCGCTTGCAACATCGT	g0
TCGCTTGCAATCTGCA	g2
TCGCTTGCAATTGCAC	g0
TCGCTTGCACGCGGTT	g9
TCGCTTGCACGGTAGA	g7
TCGCTTGGTTACGTAC	g2
TCGCTTGTCACTCTTA	g4
TCGCTTGTCATATGGC	g0
TCGCTTGTCCACATAG	g2
TCGCTTGTCGGTAGGA	g2
TCGCTTGTCGTAGTCA	g3
TCGGATAAGCTGACCC	g2
TCGGATAAGGCACTCC	g7
TCGGATACACCGTACG	g4
TCGGATACATGCAGGA	g4
TCGGATAGTTTGGGTT	g4
TCGGATATCACTGTCC	g4
TCGGATATCATCACAG	g0
TCGGATATCCTAGCGG	g2
TCGGATATCGTCCTCA	g2
TCGGGACAGCTTCATG	g8
TCGGGACCAACGTTAC	g4
TCGGGACCAATCGCCG	g6
TCGGGACGTAACATGA	g0
TCGGGACGTGCTGATT	g8
TCGGGACGTTCTCCAC	g2
TCGGGACTCAGACAAA	g2
TCGGGACTCCAGCACG	g2
TCGGGCAAGATACCAA	g4
TCGGGCAAGGTATCTC	g2
TCGGGCAAGTGATGGC	g0
TCGGGCAAGTGCTAGG	g2
TCGGGCACAAGTCATC	g0
TCGGGCACATAGACTC	g0
TCGGGCACATCTAACG	g0
TCGGGCACATGACTTG	g8
TCGGGCAGTATGGGAC	g2
TCGGGCAGTATGGTTC	g0
TCGGGCAGTCAGCGTC	g4
TCGGGCAGTGCTGATT	g2
TCGGGCAGTTGGATCT	g2
TCGGGCATCACAACCA	g2
TCGGGTGAGCGCATCC	g0
TCGGGTGAGTCATGGG	g5
TCGGGTGAGTTTCAGC	g8
TCGGGTGCATGCAGCC	g1
TCGGGTGGTCTCGACG	g0
TCGGGTGGTGAGAGGG	g0
TCGGGTGTCATAAGGA	g3
TCGGTCTAGATTAGCA	g0
TCGGTCTCAACCGATT	g2
TCGGTCTCACATTCTT	g3
TCGGTCTCACCAAAGG	g0
TCGGTCTCATGACTGT	g0
TCGGTCTCATGACTTG	g4
TCGGTCTGTAACAGTA	g3
TCGGTCTGTCCCAAAT	g8
TCGGTCTGTGCAAGAC	g2
TCGGTCTGTGGGCTCT	g0
TCGGTCTGTGGTCTGC	g0
TCGGTCTGTGTACATC	g2
TCGGTCTTCCATCTGC	g1
TCGGTCTTCCGTGGCA	g7
TCGTAGAAGAATCGTA	g0
TCGTAGAAGATACAGT	g8
TCGTAGAAGATAGTCA	g0
TCGTAGAAGCCTTGAT	g2
TCGTAGAAGCTAGAGC	g0
TCGTAGACAAGCGGAT	g2
TCGTAGACAATAGGAT	g2
TCGTAGAGTCCACACG	g2
TCGTAGAGTCCAGGTC	g0
TCGTAGAGTGGTCTGC	g0
TCGTAGATCAGCTAGT	g7
TCGTAGATCATAGGCT	g0
TCGTAGATCCTGTTGC	g7
TCGTAGATCGAACCTA	g4
TCGTAGATCGAGATAA	g2
TCGTAGATCTTGCGCT	g2
TCGTCCAAGACTTAAG	g2
TCGTCCAAGCACTAAA	g4
TCGTCCAAGGTGCGAT	g0
TCGTCCACAGTCGGTC	g0
TCGTCCACATAAGATG	g0
TCGTCCAGTACCCGAC	g3
TCGTCCAGTCGTACAT	g0
TCGTCCAGTCTTGCGG	g4
TCGTCCAGTGCTCCGA	g3
TCGTCCAGTGGCTAGA	g0
TCGTCCAGTTAGCTAC	g4
TCGTCCATCCCTCTAG	g2
TCGTCCATCGCAATTG	g2
TCGTCCATCTACGCAA	g4
TCGTCCATCTTTGGAG	g5
TCGTGCTAGATACGAT	g5
TCGTGCTAGCTGAAAT	g2
TCGTGCTAGGCGTCCT	g0
TCGTGCTAGGGACACT	g3
TCGTGCTAGTAAATGC	g3
TCGTGCTAGTTGCTCA	g4
TCGTGCTCAGGTTCCG	g7
TCGTGCTCAGTCACGC	g3
TCGTGCTCATCTCGTC	g5
TCGTGCTGTAAGCAAT	g2
TCGTGCTGTATCCCTC	g3
TCGTGCTGTATGACAA	g0
TCGTGCTGTCAGTCCG	g1
TCGTGCTGTGATATAG	g0
TCGTGCTGTGCCGTAC	g2
TCGTGCTGTGTCTAAC	g2
TCGTGCTTCGCAATTG	g2
TCGTGGGAGAGTATAC	g9
TCGTGGGAGCAACAAT	g0
TCGTGGGAGGGACACT	g2
TCGTGGGCAAATGCTC	g4
TCGTGGGCAACGGTAG	g4
TCGTGGGCAACTGCTA	g0
TCGTGGGCAGAAGCTG	g0
TCGTGGGCAGTACTAC	g2
TCGTGGGCATGGTGGA	g2
TCGTGGGGTAGAGTTA	g7
TCGTGGGGTCTAACTG	g2
TCGTGGGGTCTAGTGT	g0
TCGTGGGGTGAACTAA	g4
TCGTGGGTCATTTACC	g1
TCGTGGGTCCATCCGT	g7
TCGTGGGTCCTACGGG	g0
TCGTGGGTCGCTGACG	g0
TCGTGGGTCGGTCGAC	g0
TCTAACTAGAGACAAG	g4
TCTAACTAGCCAAGGT	g0
TCTAACTCAACTCCCT	g9
TCTAACTCAGAACTTC	g7
TCTAACTCAGACACAG	g3
TCTAACTCATAGACTC	g0
TCTAACTGTCAAATCC	g3
TCTAACTTCATGGTAC	g4
TCTAACTTCTGGACTA	g0
TCTACATAGCGTGCCT	g2
TCTACATAGGCACCAA	g0
TCTACATAGGCCACCT	g8
TCTACATCACCAAAGG	g2
TCTACATCAGCAGTCC	g7
TCTACATCATTATGCG	g2
TCTACATGTATTTCTC	g0
TCTACATGTCGTAATC	g2
TCTACATGTCGTACTA	g0
TCTACATGTGAATGTA	g4
TCTACATGTTGCGTAT	g0
TCTACATTCACTCACC	g0
TCTACATTCATCGACA	g2
TCTACATTCCACTGAA	g0
TCTACATTCCTTCACG	g0
TCTACATTCGCTCTCA	g7
TCTACATTCGTGGGTC	g0
TCTACATTCTCCCAAC	g2
TCTACCGCAAGACCGA	g2
TCTACCGCAGAGTAAT	g0
TCTACCGCAGGATCTT	g8
TCTACCGCATGACAAA	g2
TCTACCGGTAGTATAG	g6
TCTACCGGTATGGTAA	g3
TCTACCGGTCAGACTT	g7
TCTACCGGTCATCCCT	g4
TCTACCGGTCCCGCAA	g0
TCTACCGTCATCAGTG	g1
TCTACCGTCCAGCCTT	g8
TCTACCGTCCCTCTAG	g2
TCTACCGTCGCATTGA	g3
TCTATACAGGACATCG	g0
TCTATACAGGGAGGCA	g1
TCTATACCAAACTAGA	g8
TCTATACCACATGGTT	g1
TCTATACCAGTCCGTG	g2
TCTATACCATCCAATG	g4
TCTATACGTAGGACCA	g0
TCTATACGTATCACCA	g4
TCTATACGTCGCAGTC	g4
TCTATACGTTGAGAGC	g2
TCTATACTCAGACCGC	g2
TCTATACTCGAAGAAT	g1
TCTATACTCTTCCACG	g2
TCTATCAAGAAGGGAT	g2
TCTATCAAGGGTCTTT	g2
TCTATCACACGGCCAT	g2
TCTATCACACTAGGTT	g5
TCTATCACATACCATG	g3
TCTATCACATGGCTGC	g7
TCTATCATCAGTGTTG	g0
TCTATCATCATCGTAG	g2
TCTATCATCGGTCTAA	g3
TCTATCATCTCTCCGA	g2
TCTCACGAGACCATGG	g0
TCTCACGAGCGAGTAC	g2
TCTCACGAGTCGGGAT	g7
TCTCACGAGTCTGCAT	g0
TCTCACGCAATAGTCC	g0
TCTCACGCACCATTCC	g3
TCTCACGCACGGATCC	g2
TCTCACGCACTGCGAC	g3
TCTCACGCAGGTCCGT	g2
TCTCACGGTAGGAGTC	g2
TCTCACGGTGCAGTGA	g3
TCTCACGGTTTGGGAG	g6
TCTCACGTCCGAGCTG	g2
TCTCACGTCTCGCTTG	g0
TCTCACGTCTGAACGT	g0
TCTCACGTCTTAGTTC	g2
TCTCAGCAGACAGTCG	g0
TCTCAGCAGTAGACCG	g4
TCTCAGCAGTTCCGGC	g4
TCTCAGCCAACAGAGC	g2
TCTCAGCCAACTGGTT	g0
TCTCAGCCAATTTCCT	g4
TCTCAGCCAGCTTTGA	g8
TCTCAGCCAGTTAGAA	g4
TCTCAGCCATTGAGGG	g0
TCTCAGCGTATGAGGC	g1
TCTCAGCGTCTTGAGT	g2
TCTCAGCGTGCTTATG	g6
TCTCAGCGTTACGCCG	g3
TCTCAGCTCAAAGAAC	g0
TCTCAGCTCCTAGCGG	g7
TCTCAGCTCGCTGATA	g2
TCTCCGAAGCGACTAG	g7
TCTCCGAAGGCGAACT	g4
TCTCCGACAACAGCCC	g2
TCTCCGACAGCGGTCT	g2
TCTCCGACAGTTAGGG	g2
TCTCCGACATCATTGG	g4
TCTCCGAGTAAGATCA	g8
TCTCCGAGTCATAGTC	g2
TCTCCGAGTCCTACGG	g0
TCTCCGAGTGGTACAG	g2
TCTCCGAGTTAGCTAC	g0
TCTCCGATCGCGAAGA	g0
TCTCTGGAGTGTTCAC	g0
TCTCTGGCAATATCCG	g0
TCTCTGGGTCCTGTTC	g0
TCTCTGGGTGCGGCTT	g7
TCTCTGGGTTGGGAAC	g2
TCTCTGGTCCGAGTGC	g0
TCTCTGGTCGAGTGGA	g1
TCTCTGGTCGCAGAGA	g2
TCTGCCAAGGATTTCC	g4
TCTGCCAAGTCCTGTA	g4
TCTGCCACAAATGCGG	g0
TCTGCCACAGGCTACC	g8
TCTGCCACAGGTTCAT	g4
TCTGCCACATTGTCGA	g0
TCTGCCAGTATGGGAC	g8
TCTGCCAGTCAACCTA	g4
TCTGCCAGTGTCGCTG	g2
TCTGCCAGTTCAAACC	g0
TCTGCCATCAGACCGC	g0
TCTGCCATCAGTGTGT	g0
TCTGGCTAGAGAGGTA	g0
TCTGGCTAGAGGTTTA	g0
TCTGGCTAGCAGATAT	g0
TCTGGCTAGGCGCTTC	g2
TCTGGCTAGGTGCCAA	g4
TCTGGCTCAAGATCCT	g2
TCTGGCTCACCGTCGA	g2
TCTGGCTCACTACAGT	g8
TCTGGCTCATCGATCA	g8
TCTGGCTGTCAAATCC	g2
TCTGGCTGTCATGCAT	g0
TCTGGCTGTGATTCAC	g0
TCTGGCTGTGTCCGTG	g0
TCTGGCTTCCGAGAAG	g2
TCTGGCTTCGCCAATA	g2
TCTGGCTTCGGTGTAT	g2
TCTGGCTTCTTCACAT	g2
TCTGTCGAGACATATG	g0
TCTGTCGAGACATCCT	g2
TCTGTCGAGATCCTAC	g8
TCTGTCGAGATGAAGG	g4
TCTGTCGAGGAAGTGA	g2
TCTGTCGAGTAGAATC	g0
TCTGTCGAGTTGTAGA	g2
TCTGTCGCAACTACGT	g2
TCTGTCGGTACTCGCG	g0
TCTGTCGGTATACAGA	g2
TCTGTCGGTCTGCCTT	g2
TCTGTCGGTCTTACAG	g1
TCTGTCGGTGTCCGGT	g4
TCTGTCGGTTTGCCGG	g7
TCTGTCGTCAGCTCTC	g10
TCTGTCGTCCAATCTT	g4
TCTTAGTAGACTACGG	g7
TCTTAGTAGACTTAAG	g2
TCTTAGTAGGTAAGAG	g0
TCTTAGTCAAATGATG	g7
TCTTAGTCAAGGGCAT	g2
TCTTAGTCAAGTGCTT	g0
TCTTAGTCACACCGAC	g2
TCTTAGTCAGAGGGTT	g8
TCTTAGTGTCCAGCAC	g4
TCTTAGTTCGTGCGAC	g0
TCTTAGTTCTAACGGT	g0
TCTTAGTTCTTGGAAC	g4
TCTTCCTAGCGACCCT	g9
TCTTCCTAGCGCCTCA	g10
TCTTCCTGTCACTAGT	g1
TCTTCCTGTGGAGAAA	g7
TCTTCCTGTGGCTCTG	g0
TCTTCCTTCCACACAA	g4
TCTTGCGAGATGCAGC	g4
TCTTGCGCAGTTGAAA	g0
TCTTGCGCATAGGTTC	g0
TCTTGCGGTATCCCAA	g2
TCTTGCGGTTCCTAGA	g0
TCTTGCGTCTCACTCG	g7
TCTTGCGTCTCTCCGA	g4
TCTTTGAAGAGAGTGA	g0
TCTTTGAAGCGTTGTT	g0
TCTTTGACAGCCATTA	g2
TCTTTGACAGGATTCT	g0
TCTTTGACAGGCATTT	g1
TCTTTGACAGGCTATT	g2
TCTTTGACAGTGACCC	g3
TCTTTGACATCTCGTC	g4
TCTTTGAGTGACTGTT	g0
TCTTTGAGTTATGTGC	g7
TCTTTGATCGAATGCT	g0
TCTTTGATCGACTCCT	g0
TCTTTGATCGCACGAC	g0
TCTTTGATCGCGTTTC	g0
TCTTTGATCGCTGATA	g0
TGAACGTAGCCGAATG	g0
TGAACGTAGGGTTTCT	g7
TGAACGTCAATTCACG	g2
TGAACGTCACCCTCTA	g0
TGAACGTCATCCGAGC	g2
TGAACGTCATGAATCC	g4
TGAACGTCATGTCAGT	g2
TGAACGTGTAAGCTCT	g7
TGAACGTGTCGGTGAA	g3
TGAACGTGTGTTCCAA	g4
TGAACGTTCCCAAGTA	g6
TGAACGTTCCCAGGAC	g2
TGAACGTTCCGGCTTT	g0
TGAACGTTCTTGCAGA	g3
TGAATCGAGAGGACTC	g2
TGAATCGAGATGCTGG	g0
TGAATCGAGGTATTGA	g2
TGAATCGAGTGCTCGC	g0
TGAATCGCAATGCTCA	g0
TGAATCGCACATACGT	g0
TGAATCGCAGAATGTA	g9
TGAATCGCATCCGTTC	g7
TGAATCGGTCCCGCAA	g6
TGAATCGGTCGAGTGA	g7
TGAATCGGTGAGATAT	g2
TGAATCGGTGCCCTTT	g0
TGAATCGGTTGGGATG	g2
TGAATCGTCTCGTCGT	g2
TGAATGCAGGAGGCAG	g0
TGAATGCAGTCCGTCG	g2
TGAATGCGTCCGTTTC	g2
TGAATGCGTCGCACGT	g3
TGAATGCGTCTACACA	g9
TGAATGCTCTATCGGA	g2
TGACAGTAGCCATATC	g2
TGACAGTGTAGCTTTG	g3
TGACAGTTCCTTCAGC	g7
TGACAGTTCTCCCATG	g0
TGACAGTTCTGAGCAT	g2
TGACCCTAGGTCCAGA	g2
TGACCCTCAGCTGTAT	g4
TGACCCTGTACTGACT	g9
TGACCCTGTCATCCGG	g0
TGACCCTGTCCCTCAT	g0
TGACCCTGTTACCTGA	g2
TGACCCTGTTGGGATG	g0
TGACCCTGTTGTGTAC	g2
TGACCCTTCTAGATCG	g3
TGACCCTTCTCGGTAA	g7
TGACGCGAGCAACCAG	g2
TGACGCGAGTGCCCGT	g2
TGACGCGAGTTCATCG	g0
TGACGCGAGTTCCATG	g2
TGACGCGCAAAGGGTC	g7
TGACGCGCAATCAGCT	g0
TGACGCGCACACACGC	g2
TGACGCGCACACAGCC	g7
TGACGCGCATGATCTG	g0
TGACGCGGTCAGACTT	g9
TGACGCGGTCTCTCTG	g0
TGACGCGGTTCTCCTG	g7
TGACGCGTCCCTTGTG	g1
TGACGCGTCGGAGTGA	g4
TGACTCCAGGCCACCT	g2
TGACTCCAGTCGGGAT	g7
TGACTCCCAAGGGTCA	g3
TGACTCCCACTCTAGA	g2
TGACTCCCACTGAATC	g2
TGACTCCCATACCAGT	g3
TGACTCCCATGCGTGC	g2
TGACTCCGTAAGTCAA	g7
TGACTCCGTACTAACC	g2
TGACTCCGTCTGTGAT	g0
TGACTCCTCACTAGCA	g4
TGACTCCTCACTGGGC	g6
TGACTCCTCGTACCTC	g2
TGACTCCTCTCCACTG	g7
TGACTCCTCTCGTCGT	g3
TGACTCCTCTGTGCGG	g3
TGAGACTAGATTGAGT	g0
TGAGACTAGCGGATCA	g4
TGAGACTAGGAGAGGC	g0
TGAGACTAGTATGACA	g0
TGAGACTAGTGCAGGT	g4
TGAGACTCAACGATTC	g0
TGAGACTCAACTCATG	g8
TGAGACTCAGGCACTC	g2
TGAGACTCATCCGATA	g4
TGAGACTGTAGCGAGT	g4
TGAGACTGTCATAACC	g2
TGAGACTGTCCAACGC	g0
TGAGACTGTTCTCCAC	g0
TGAGACTGTTGAAGTA	g2
TGAGACTTCCAACACA	g3
TGAGACTTCGATGCTA	g2
TGAGCATAGAGCATAT	g0
TGAGCATAGCTAAATG	g2
TGAGCATAGTTCCTGA	g7
TGAGCATCATGACGTT	g2
TGAGCATGTATGAAGT	g5
TGAGCATGTATTGACC	g2
TGAGCATGTCTCTCAC	g4
TGAGCATGTTCTAACG	g1
TGAGCATGTTCTTGCC	g7
TGAGCATTCATGGAGG	g9
TGAGCATTCGACACCG	g2
TGAGCATTCTTCTGGC	g0
TGAGCGCAGAAGCCAC	g0
TGAGCGCAGCATCCCG	g0
TGAGCGCAGGCTTAGG	g1
TGAGCGCAGTACTGTC	g4
TGAGCGCCAACGACTT	g2
TGAGCGCCAGTGAGCA	g6
TGAGCGCGTGGCTTGC	g2
TGAGCGCGTTCGGTAT	g3
TGAGCGCTCACCCTCA	g4
TGAGCGCTCCACCTGT	g0
TGAGCGCTCTCGTGGG	g8
TGAGCGCTCTGACCCT	g0
TGAGGAGAGAAGGTAG	g2
TGAGGAGAGAGCAGCT	g7
TGAGGAGAGTGCTACT	g3
TGAGGAGCATCGGAAG	g0
TGAGGAGGTACCATAC	g2
TGAGGAGGTTAGGAGC	g0
TGAGGAGGTTCCACGG	g2
TGAGGAGGTTCCAGGC	g7
TGAGGAGGTTCTTGCC	g4
TGAGGAGTCCATTTCA	g2
TGAGGAGTCTCTCAAT	g0
TGAGGGAAGACGCAGT	g0
TGAGGGAAGCGCCTTG	g0
TGAGGGAAGGAGGGTG	g0
TGAGGGAAGGCAATGC	g3
TGAGGGAAGGCGTTAG	g7
TGAGGGAAGTTTCGAC	g2
TGAGGGACAACGGCTC	g2
TGAGGGACAGCTGTGC	g3
TGAGGGACATTCATCT	g2
TGAGGGAGTCAAAGCG	g7
TGAGGGAGTGGATTTC	g0
TGAGGTTAGGTTCTAC	g0
TGAGGTTCAAGGTCTT	g0
TGAGGTTCACACACGC	g4
TGAGGTTCATCCGAAT	g2
TGAGGTTCATGTACGT	g7
TGAGGTTGTATTCCGA	g7
TGAGGTTGTCGCATCG	g0
TGAGGTTGTGCATTTG	g0
TGAGGTTGTGTCATGT	g3
TGAGGTTGTTCTAACG	g2
TGAGGTTTCATGTCTT	g2
TGAGGTTTCCATAGAC	g2
TGAGGTTTCCCGTAAA	g2
TGAGGTTTCCGAACGC	g2
TGAGTCAAGCCTATCA	g0
TGAGTCAAGCTGAGTG	g0
TGAGTCAAGGCCTAGA	g4
TGAGTCAAGGTGGTTG	g0
TGAGTCACAACTCCCT	g2
TGAGTCACACGAAGAC	g4
TGAGTCACACTAGTAC	g8
TGAGTCAGTACAGAAT	g0
TGAGTCAGTATGTCAC	g2
TGAGTCATCATCACTT	g2
TGAGTCATCATCGACA	g9
TGAGTCATCCACTTCG	g3
TGAGTCATCGCCAGTG	g2
TGAGTCATCTGCCTGT	g0
TGATCAGAGGAACTCG	g2
TGATCAGCACAATGCT	g0
TGATCAGCAGCTGTGC	g0
TGATCAGCAGTAACCT	g0
TGATCAGCATTCACCC	g0
TGATCAGGTCACCCTT	g9
TGATCAGGTCATCAGT	g7
TGATCAGGTCCACTTC	g3
TGATCAGGTTAGGGAC	g2
TGATCAGTCGTACACA	g8
TGATCTTAGCTGGTGA	g0
TGATCTTCAAGCCTGC	g9
TGATCTTGTATTGACC	g2
TGATCTTGTGGCACTC	g5
TGATCTTGTTGTGGCC	g0
TGATCTTGTTTAGAGA	g4
TGATCTTTCACAACCA	g1
TGATCTTTCGCGTGAC	g7
TGATGCAAGTATGACA	g0
TGATGCAAGTGGATAT	g2
TGATGCACAACCACGC	g2
TGATGCACATTGACTG	g8
TGATGCAGTACGTAGG	g4
TGATGCAGTAGACAGC	g6
TGATGCAGTCTGCATA	g2
TGATGCAGTCTTCAAG	g2
TGATGCATCTGGTGGC	g3
TGATGGTAGACAGCGT	g4
TGATGGTCACAGTACT	g0
TGATGGTCACATACGT	g7
TGATGGTCACTAGAGG	g1
TGATGGTGTAAGCAAT	g0
TGATGGTGTCTAGGCC	g7
TGATTCTAGCGTGAAC	g4
TGATTCTAGCTGGCTC	g0
TGATTCTAGTTCCAGT	g3
TGATTCTCAGGGAATC	g0
TGATTCTGTAATGCGG	g7
TGATTCTGTACCGCGT	g0
TGATTCTGTCCGATCG	g7
TGATTCTGTGACGTCC	g9
TGATTCTGTGTCTTGA	g3
TGATTCTGTTCCGCGA	g7
TGATTCTGTTGTACGT	g0
TGATTCTGTTTGGGTT	g9
TGATTCTTCTTCGGTC	g4
TGATTTCAGAGAAGGT	g4
TGATTTCAGCACGATG	g2
TGATTTCAGCGCCTAC	g5
TGATTTCAGGGCCTCT	g0
TGATTTCAGTCACGCC	g8
TGATTTCAGTTGGCGA	g0
TGATTTCCACGATTCA	g2
TGATTTCCAGCGAGTA	g2
TGATTTCGTACTCCCT	g0
TGATTTCGTCGCCACA	g0
TGATTTCGTCGTTCAA	g0
TGATTTCGTCTCTCCA	g0
TGATTTCGTCTTGGTA	g4
TGATTTCGTTAAGACA	g8
TGATTTCTCACCCATC	g0
TGATTTCTCCCAAGCG	g0
TGCACGGAGCCTGCCA	g0
TGCACGGAGCCTGGAA	g2
TGCACGGAGGTTAGTA	g2
TGCACGGAGTAATCCC	g7
TGCACGGCAAAGTGTA	g0
TGCACGGCACAGTCAT	g2
TGCACGGCATCATTTC	g2
TGCACGGCATGCGTGC	g2
TGCACGGGTGCAGGAT	g0
TGCACGGGTGCCGGTT	g2
TGCACGGGTGTATTGC	g2
TGCACGGGTTAGTCGT	g2
TGCACGGGTTCCAGGC	g2
TGCACGGTCAACTGGT	g4
TGCACGGTCGCTCTAC	g2
TGCACGGTCGTAGCCG	g2
TGCACGGTCTCGACGG	g0
TGCAGATAGATAGTCA	g0
TGCAGATAGCGCCTCA	g0
TGCAGATAGCGGTAGT	g4
TGCAGATAGGCTTAAA	g7
TGCAGATCAACTGATC	g2
TGCAGATCATGTTCAG	g2
TGCAGATGTTCTAAGC	g7
TGCAGATTCCAAATGC	g0
TGCAGATTCGCCAGTG	g7
TGCAGGCAGACCACGA	g7
TGCAGGCAGACTCATC	g4
TGCAGGCAGCATCAGG	g2
TGCAGGCAGTAAACAC	g0
TGCAGGCAGTTTCTTC	g2
TGCAGGCCATCGCCTT	g2
TGCAGGCCATTGAAGA	g7
TGCAGGCGTAACATCC	g2
TGCAGGCGTAGGACCA	g0
TGCAGGCGTCAAGCGA	g2
TGCAGGCGTCACTCGG	g0
TGCAGGCTCACCTACC	g7
TGCAGGCTCATGAGTC	g3
TGCAGGCTCCGCAGTG	g0
TGCAGTAAGTAACAGT	g8
TGCAGTACAATACAGA	g6
TGCAGTACAGCGTACC	g1
TGCAGTACAGGAGACT	g8
TGCAGTAGTCAAAGTA	g0
TGCATCCAGAAGCGCT	g4
TGCATCCAGAATCGTA	g0
TGCATCCAGCGATGAC	g0
TGCATCCAGTGGTGGT	g3
TGCATCCCATTAAGCC	g0
TGCATCCGTACGGTTT	g1
TGCATCCGTCAATGGG	g2
TGCATCCGTGGAATGC	g7
TGCATCCGTTGTCTAG	g3
TGCATCCTCACAACCA	g2
TGCATCCTCCTGTACC	g1
TGCATCCTCGCGGACT	g3
TGCATGAAGAGGCCAT	g3
TGCATGAAGGAGGGTG	g0
TGCATGAAGTCATGAA	g7
TGCATGACACAAGCAG	g2
TGCATGACACAAGTTC	g4
TGCATGACACTTTATC	g2
TGCATGACATGGCTGC	g2
TGCATGAGTAAGTTGA	g9
TGCATGAGTCTTGAGT	g4
TGCATGAGTCTTTCAT	g2
TGCATGAGTGCATTTG	g0
TGCATGAGTTCGTTCC	g6
TGCATGATCCCGAACG	g7
TGCATGATCGGTCTGG	g0
TGCCGAGAGAAATTCG	g4
TGCCGAGAGTGATCGG	g4
TGCCGAGCAACTGCTA	g0
TGCCGAGCAAGGACAC	g2
TGCCGAGCAATCCTAG	g0
TGCCGAGCATACAGCT	g0
TGCCGAGCATCCGCGA	g0
TGCCGAGCATGTTTGG	g2
TGCCGAGGTACGATTC	g0
TGCCGAGGTATATGGA	g3
TGCCGAGGTATCTCTT	g3
TGCCGAGGTGGAATGC	g2
TGCCGAGGTGTGGACA	g0
TGCCGAGTCGCCGTGA	g0
TGCCGAGTCTCCTGAC	g1
TGCCGAGTCTGCTTTA	g4
TGCGACGAGACCCGCT	g2
TGCGACGAGATCGCTT	g2
TGCGACGAGCTGACAG	g0
TGCGACGGTACGGCAA	g7
TGCGACGGTACTGCCG	g8
TGCGACGGTAGCGATG	g0
TGCGACGGTATAGGAT	g2
TGCGACGTCGATACGT	g0
TGCGACGTCTAAGAAG	g8
TGCGACGTCTCGAACA	g2
TGCGATAAGAAACTGT	g2
TGCGATAAGCGTCTCG	g7
TGCGATAAGGGCAATC	g0
TGCGATAAGTGGAAAG	g3
TGCGATAAGTTGTCAC	g2
TGCGATACACAGCCAC	g4
TGCGATACAGAATCGG	g4
TGCGATACAGCGCTTG	g1
TGCGATACAGGTGACA	g2
TGCGATACATTCACAG	g0
TGCGATAGTATCCTTT	g7
TGCGATAGTGAACGGT	g4
TGCGATATCCACTTCG	g7
TGCGATATCGAATCCA	g0
TGCGGCAAGACGCAGT	g7
TGCGGCAAGCGTGCCT	g7
TGCGGCACACCTGAAT	g0
TGCGGCACACTGTCCT	g8
TGCGGCACATCCGTGG	g7
TGCGGCAGTATCGAAA	g0
TGCGGCAGTGATGTAA	g5
TGCGGCAGTGTTCATG	g9
TGCGGCAGTTGCAACT	g7
TGCGGCAGTTTGCAGT	g0
TGCGGCATCCTCAGAA	g0
TGCGGCATCGCTACAA	g0
TGCGGCATCGGCGATC	g2
TGCGGCATCGGTAGAG	g3
TGCGGCATCGTCCATC	g2
TGCGGCATCGTCTCAC	g5
TGCGGCATCTCGTCAC	g7
TGCGGCATCTTACACT	g0
TGCGGGTCACAAAGTA	g4
TGCGGGTCACGCGCTA	g2
TGCGGGTCAGGAATCG	g3
TGCGGGTGTAAGATCA	g4
TGCGGGTGTGTTAGCT	g0
TGCGGGTTCCCGTTGT	g8
TGCGGGTTCGTTCTAT	g0
TGCTCCAAGATTAGTG	g2
TGCTCCAAGGGTAATT	g0
TGCTCCACATTGGGAG	g4
TGCTCCAGTCACTCTC	g0
TGCTCCAGTTCCCACT	g2
TGCTCCAGTTTGAACC	g2
TGCTCCATCCTCCACA	g0
TGCTCCATCTAGAGCT	g4
TGCTCGTAGCTAAATG	g8
TGCTCGTAGGTCACCC	g1
TGCTCGTAGTCGAATA	g1
TGCTCGTAGTTCACTG	g0
TGCTCGTCAAAGTATG	g7
TGCTCGTCAACTGATC	g0
TGCTCGTCAAGGACAC	g0
TGCTCGTCAAGGCTTT	g2
TGCTCGTCACTGCTTC	g2
TGCTCGTGTTGCCGAC	g0
TGCTCGTGTTGGGAAC	g3
TGCTCGTGTTGTACGT	g0
TGCTCGTTCAAAGCCT	g6
TGCTCGTTCACCTGGG	g0
TGCTCGTTCCTAGAGT	g0
TGCTGAAAGCTAGAGC	g0
TGCTGAAAGCTCTATG	g2
TGCTGAAAGGAGTCTG	g0
TGCTGAAAGTCGCTAT	g2
TGCTGAACAATGGGTG	g8
TGCTGAACACACCTTC	g0
TGCTGAACACTAGGCC	g0
TGCTGAACACTGAGGA	g1
TGCTGAACAGAGTAAT	g3
TGCTGAAGTCGATTAC	g2
TGCTGAAGTGAGTGAC	g2
TGCTGAAGTTCCCACT	g3
TGCTGAATCGGTAACT	g2
TGCTTCGAGGAAAGAC	g3
TGCTTCGAGGATGCGT	g0
TGCTTCGAGGTCCTGC	g2
TGCTTCGCAAAGGAGA	g2
TGCTTCGCACCGGTCA	g1
TGCTTCGCATAATGAG	g2
TGCTTCGCATGAGGGT	g2
TGCTTCGGTCTGTAGT	g2
TGCTTCGGTTAAACAG	g4
TGCTTCGTCCGGCTTT	g0
TGCTTCGTCGGTAAGG	g1
TGCTTCGTCTCTCAAT	g2
TGCTTGCAGACTTGTC	g0
TGCTTGCAGTTCACTG	g1
TGCTTGCCAGAGTAAT	g7
TGCTTGCCAGGCTACC	g2
TGCTTGCCAGTCTGGC	g1
TGCTTGCCAGTTTCAG	g9
TGCTTGCCATGAATCC	g2
TGCTTGCGTATGAGGC	g2
TGCTTGCGTCAAAGCG	g7
TGCTTGCGTCCCGCAA	g2
TGCTTGCGTCCGGATC	g7
TGCTTGCTCTAAGCCA	g3
TGCTTGCTCTACCAGA	g2
TGCTTGCTCTAGACCA	g0
TGCTTGCTCTCTCAAT	g0
TGCTTGCTCTGCACCT	g2
TGGAACTAGATTCGCT	g0
TGGAACTAGGTAGTAT	g2
TGGAACTAGTTGCTCA	g0
TGGAACTCATCTCGTC	g7
TGGAACTCATGGAGAC	g0
TGGAACTGTAAGATAC	g4
TGGAACTGTAGTGCGA	g0
TGGAACTGTATTGAGA	g0
TGGAACTGTCCAGCCA	g0
TGGAACTGTGTTCAGT	g2
TGGAACTTCCCACAGG	g2
TGGAGAGAGAGCCCAA	g0
TGGAGAGCATACATCG	g5
TGGAGAGGTATGAGAT	g2
TGGAGAGGTCACTCGG	g0
TGGAGAGTCAACTGGT	g2
TGGAGAGTCCGAAGGA	g2
TGGAGAGTCGTAACTG	g4
TGGAGGAAGGGTCACA	g0
TGGAGGACAACGGCCT	g7
TGGAGGACAATGGCCC	g2
TGGAGGACACGGGCTT	g5
TGGAGGACAGCGGTCT	g2
TGGAGGACAGCGTACC	g4
TGGAGGAGTACAATAG	g2
TGGAGGAGTACCAATC	g2
TGGAGGAGTATGCGGA	g2
TGGAGGAGTTCAGTAC	g4
TGGAGGATCACTTATC	g0
TGGAGGATCCTTCTGG	g6
TGGAGGATCTGAACGT	g0
TGGATCAAGACCAGCA	g2
TGGATCAAGCAACAAT	g2
TGGATCAAGGCTGTAG	g1
TGGATCACAATTAGGA	g5
TGGATCACACCAACAT	g1
TGGATCACACCAGCGT	g2
TGGATCACAGGATGAC	g8
TGGATCACATAGGTTC	g2
TGGATCACATGAAGCG	g6
TGGATCACATTCCTAT	g3
TGGATCAGTAGGTAGC	g1
TGGATCAGTCTCTCCA	g0
TGGATCAGTGGTTCTA	g0
TGGATCAGTTTCGGCG	g3
TGGATCATCCATCGTC	g1
TGGATCATCCCGGTAG	g1
TGGATCATCTCTATAC	g7
TGGATGTAGACATAGT	g4
TGGATGTAGAGGCGGA	g0
TGGATGTAGATTGACA	g0
TGGATGTAGTAACCGG	g0
TGGATGTAGTGGTTAA	g7
TGGATGTCAATGCAAA	g2
TGGATGTGTATGGGAC	g0
TGGATGTGTGAGCGAT	g1
TGGATGTTCACATCAG	g4
TGGATGTTCGCTTGCT	g0
TGGCGTGAGTATAGAC	g2
TGGCGTGAGTCTGCAT	g0
TGGCGTGCAACAGCTT	g0
TGGCGTGCAACTTGCA	g9
TGGCGTGCACAAAGCG	g7
TGGCGTGCAGCGGTTC	g0
TGGCGTGGTGTTTACG	g0
TGGCGTGTCAAGTTGC	g4
TGGCGTGTCAATGCAC	g2
TGGCGTGTCCTACACC	g2
TGGCGTGTCTCCTGCA	g2
TGGGAAGAGGACATCG	g4
TGGGAAGAGGAGAGTA	g3
TGGGAAGAGGATACGC	g2
TGGGAAGAGGCTCACC	g7
TGGGAAGAGTCATACC	g0
TGGGAAGAGTTAGTAG	g0
TGGGAAGCAACAAGTA	g3
TGGGAAGCAAGTACCT	g0
TGGGAAGCAAGTGCTT	g5
TGGGAAGCATGAGTAA	g0
TGGGAAGGTAAGATAC	g7
TGGGAAGGTAAGCTCT	g4
TGGGAAGGTATGGGAC	g2
TGGGAAGGTCGATTCA	g4
TGGGAAGGTGGCTTAT	g0
TGGGAAGGTTAAACAG	g7
TGGGAAGTCGACGCGT	g0
TGGGAAGTCGCTTTAT	g7
TGGGAGAAGAATTGCA	g0
TGGGAGAAGAGATTCA	g1
TGGGAGAAGAGCTGAC	g0
TGGGAGACAAACTCGT	g5
TGGGAGACACCTGCGA	g8
TGGGAGACACGACTAT	g0
TGGGAGACAGCAGACA	g4
TGGGAGACAGGACGAT	g2
TGGGAGACAGTCTTCC	g7
TGGGAGAGTCACCGCA	g8
TGGGAGAGTGGCCTCA	g3
TGGGAGAGTTCCGCTT	g2
TGGGAGAGTTGTGTAC	g2
TGGGAGATCCGCAGTG	g0
TGGGAGATCCGTGTGG	g0
TGGGAGATCGTTACCC	g0
TGGGAGATCGTTCTGC	g0
TGGGATTAGACTCTAC	g0
TGGGATTCAAAGAACT	g4
TGGGATTCAAAGACTA	g0
TGGGATTCAAATACAG	g2
TGGGATTCAACAACAA	g6
TGGGATTGTAACGATA	g4
TGGGATTGTAGAGTTA	g0
TGGGATTGTCCTACAA	g7
TGGGATTGTGTGTTTG	g4
TGGGATTTCAATCTCT	g4
TGGGATTTCAGACATC	g4
TGGGATTTCATGGTAC	g4
TGGGATTTCCGTGCGA	g4
TGGGCGTCAAGTTCGT	g4
TGGGCGTCACCTGCTT	g2
TGGGCGTCAGACATCT	g2
TGGGCGTCATGGATCT	g2
TGGGCGTGTCATCCGG	g6
TGGGCGTGTGTGTCCG	g7
TGGGCGTTCCGAGCTG	g3
TGGGCGTTCCGGGACT	g0
TGGGCGTTCGGCATTA	g0
TGGGCGTTCTGGCCGA	g7
TGGGCGTTCTTCTGGC	g0
TGGGCTGAGAGGCTGT	g4
TGGGCTGAGTCGTCTA	g0
TGGGCTGCAACTGGTT	g0
TGGGCTGCACTTGGGC	g0
TGGGCTGCAGCGTAGA	g0
TGGGCTGGTATCTTCT	g2
TGGGCTGGTCCACACG	g2
TGGGCTGTCACGGGCT	g0
TGGGCTGTCAGGAAAT	g4
TGGGCTGTCATCTCTA	g1
TGGGCTGTCATTGTGG	g2
TGGGCTGTCTATTTCG	g2
TGGGTTAAGACCAAGC	g2
TGGGTTAAGCACCTGC	g0
TGGGTTAAGTTACGGG	g3
TGGGTTACACTTGAAC	g7
TGGGTTAGTACACTCA	g0
TGGGTTAGTACAGAAT	g0
TGGGTTAGTCGTCATA	g0
TGGGTTATCCGCTAGG	g0
TGGGTTATCGCTTGAA	g0
TGGGTTATCTCCGAAA	g1
TGGTACACACATCCCT	g0
TGGTACAGTACTCCGG	g2
TGGTACAGTGAGTTGG	g2
TGGTACAGTGGCTGCT	g7
TGGTACATCGGTCGAC	g1
TGGTACATCGTCAAAC	g0
TGGTACATCTGTCAGA	g0
TGGTAGTAGCCGAACA	g1
TGGTAGTCACGACGTC	g7
TGGTAGTCACGCACCA	g2
TGGTAGTCACTTCTCG	g7
TGGTAGTGTCGAACAG	g4
TGGTAGTGTCGATTCA	g0
TGGTAGTGTGAATATG	g0
TGGTAGTGTTCAAACC	g2
TGGTAGTTCCGCGATG	g8
TGGTAGTTCTCGGGAC	g4
TGGTGATAGAGGGTCT	g0
TGGTGATAGATCCCGC	g0
TGGTGATAGGACAAGA	g2
TGGTGATAGTATGGAT	g2
TGGTGATAGTGATAGT	g1
TGGTGATCAGAGGTAC	g2
TGGTGATCATCAACCA	g4
TGGTGATGTATTTCTC	g0
TGGTGATGTCTTTCAT	g3
TGGTGATGTGCATTAC	g4
TGGTGATGTGGTAATA	g1
TGGTGATGTTGGGTTT	g9
TGGTTAGAGGTCGTAG	g2
TGGTTAGCACCCTTGT	g2
TGGTTAGCACGCAAAG	g0
TGGTTAGCATCTGTTT	g0
TGGTTAGGTAGGAGGG	g2
TGGTTAGGTCGATTCA	g0
TGGTTAGGTTCAGCTA	g2
TGGTTAGTCACTTGGA	g0
TGGTTAGTCATTACTC	g6
TGGTTAGTCCTAAACG	g2
TGGTTAGTCTAAGAAG	g2
TGGTTAGTCTGTGTGA	g8
TGTAACGAGATCCCGC	g8
TGTAACGAGCCTTTGA	g8
TGTAACGCACTGAATC	g2
TGTAACGCATAATGAG	g2
TGTAACGCATTCCTAT	g3
TGTAAGCAGAAGTCCG	g4
TGTAAGCAGAATTGTG	g7
TGTAAGCAGAGTCACG	g2
TGTAAGCAGCTGGAGT	g1
TGTAAGCCAAGGGCAT	g2
TGTAAGCCAATACCTG	g0
TGTAAGCCACACGGAA	g7
TGTAAGCGTACTAACC	g4
TGTAAGCGTCCTTTGC	g2
TGTAAGCGTCGGCACT	g4
TGTAAGCGTGGCCTCA	g3
TGTAAGCGTTCTCACC	g2
TGTAAGCTCCCATACC	g4
TGTAAGCTCTACCACC	g8
TGTAAGCTCTGGCCAG	g4
TGTAAGCTCTGGTGCG	g4
TGTACAGAGGTTGAGC	g6
TGTACAGCAACAACAA	g7
TGTACAGCAGAGAAAG	g4
TGTACAGCATCCTCAC	g0
TGTACAGGTATGCGTT	g0
TGTACAGGTTCCTAAG	g4
TGTACAGTCACAATGC	g7
TGTACAGTCGGTAAGG	g0
TGTACAGTCTGGACTA	g0
TGTAGACAGTGCGCTC	g4
TGTAGACCACTAGGCC	g7
TGTAGACGTCATCACA	g2
TGTAGACGTCGAGCTC	g0
TGTAGACGTGTCCCTT	g0
TGTAGACTCACTTATC	g2
TGTAGACTCCCATTCG	g0
TGTAGACTCGATACGT	g1
TGTCAGAAGCACTCCG	g0
TGTCAGAAGGGAGGCA	g0
TGTCAGACAAGCTCTA	g2
TGTCAGACACAGCGCT	g4
TGTCAGACATAGATGA	g4
TGTCAGAGTGGGTATG	g2
TGTCAGAGTTGCGAAG	g2
TGTCAGATCACCATAG	g7
TGTCAGATCAGCTGAT	g2
TGTCAGATCATGCCAA	g0
TGTCAGATCTTCCACG	g4
TGTCCACAGGGTACGT	g2
TGTCCACAGTTCCTGA	g2
TGTCCACCAACTACGT	g7
TGTCCACCAAGAAATC	g2
TGTCCACCAAGACCTT	g0
TGTCCACCAAGGTTGG	g6
TGTCCACCAATCTCTT	g0
TGTCCACCACGCTGCA	g2
TGTCCACCAGCACAGA	g2
TGTCCACGTCACAGTT	g4
TGTCCACGTGAGACCA	g7
TGTCCACGTGAGTTTC	g0
TGTCCACGTGTTAGCT	g0
TGTCCACTCATTGCGA	g0
TGTCCACTCGCTAATG	g0
TGTCCACTCTGCGGAC	g7
TGTCCCAAGCTTAGTC	g7
TGTCCCAAGTAAGACT	g4
TGTCCCAAGTCACTAC	g2
TGTCCCAAGTGAGGCT	g2
TGTCCCAAGTTCAACC	g4
TGTCCCACAACAGTGG	g7
TGTCCCACACTCTGCT	g2
TGTCCCACATCAGCTA	g6
TGTCCCAGTACTGCGC	g0
TGTCCCAGTCGGAAAC	g2
TGTCCCAGTGATCATC	g8
TGTCCCAGTGGCATCC	g2
TGTCCCATCAATCCGA	g0
TGTCCCATCACGAGGA	g4
TGTCCCATCCCGAGAC	g2
TGTCCCATCCCTCTCC	g0
TGTCCTGAGCGACTTT	g0
TGTCCTGCAAATCCCA	g0
TGTCCTGCAACCGATT	g0
TGTCCTGCACTCTGCT	g4
TGTCCTGCAGGTCCCA	g0
TGTCCTGCATCTAGAC	g3
TGTCCTGCATTGCAAC	g0
TGTCCTGGTAGCCCTG	g0
TGTCCTGGTATCGGTT	g7
TGTCCTGGTCTAACGT	g2
TGTCCTGGTGAGGAAA	g3
TGTCCTGGTGTACAGG	g2
TGTCCTGTCACCGGTG	g0
TGTGAGTAGCCAAGGT	g2
TGTGAGTAGGTTGTTC	g2
TGTGAGTCAATCAGCT	g4
TGTGAGTGTAGCTGCC	g2
TGTGAGTGTAGCTTTG	g6
TGTGAGTGTGAATGTA	g7
TGTGAGTGTGCGTGCT	g2
TGTGAGTTCCTCACCA	g4
TGTGAGTTCCTTGAAG	g0
TGTGATGCACGGTAGA	g0
TGTGATGGTGAGGCAT	g2
TGTGATGTCCACGTGG	g2
TGTGATGTCCTGGTCT	g6
TGTGATGTCGACGTCG	g1
TGTGATGTCTGTTGGA	g0
TGTGCGGAGATCGACG	g4
TGTGCGGAGCAGGCAT	g0
TGTGCGGAGGTCCGAA	g7
TGTGCGGCACGATTCA	g2
TGTGCGGCAGCTCGGT	g0
TGTGCGGCATCATTGG	g0
TGTGCGGCATTCCTAT	g4
TGTGCGGGTGTCGCTG	g0
TGTGCGGGTTTAAGGA	g1
TGTGCGGTCAATCGGT	g2
TGTGCGGTCATAGCAC	g0
TGTGCGGTCATTGTGG	g2
TGTGCGGTCTGGTTGA	g0
TGTGGCGAGAAGTCCG	g2
TGTGGCGAGGTGCCAA	g0
TGTGGCGCAGTTAGAA	g4
TGTGGCGGTAGATCGG	g2
TGTGGCGGTGAAGCTG	g3
TGTGGCGGTGCTCTCT	g2
TGTGGCGGTTAGTTCG	g4
TGTGGCGTCCATCTAT	g2
TGTGGCGTCCTGTTGC	g2
TGTGTGAAGAGGCTGT	g0
TGTGTGAAGATTCGCT	g4
TGTGTGAAGCAATAGT	g0
TGTGTGAAGCGACAGT	g7
TGTGTGAAGGTATTGA	g0
TGTGTGAAGTCCTACA	g2
TGTGTGACAAATCCCA	g0
TGTGTGACAGTGTGGA	g8
TGTGTGAGTACAGAGC	g0
TGTGTGAGTCAGACTT	g6
TGTGTGATCAACTCTT	g2
TGTGTGATCGCTAATG	g0
TGTTACTAGATGACAT	g1
TGTTACTAGGGAGTGG	g4
TGTTACTCATAACTCG	g8
TGTTACTGTACAAACA	g4
TGTTACTGTAGGACCA	g8
TGTTACTGTTGAGAGC	g2
TGTTACTGTTGCGAAG	g7
TGTTACTGTTGTGGAG	g4
TGTTACTTCTACAGGT	g1
TGTTACTTCTCCAATT	g7
TGTTACTTCTGGACCG	g2
TGTTACTTCTTCGGTC	g2
TGTTCATAGGCTAACG	g0
TGTTCATCAAATAAGC	g2
TGTTCATCACACCGAC	g4
TGTTCATCACCAACAT	g4
TGTTCATCAGAGGTAC	g9
TGTTCATCAGCGCGTT	g2
TGTTCATCATAACTCG	g0
TGTTCATGTCGGCCTA	g0
TGTTCATGTGAGCGAT	g4
TGTTCATGTGATAGAT	g0
TGTTCATGTGCGAACA	g1
TGTTCATGTTGAGAGC	g2
TGTTCATTCTCTGAGA	g2
TGTTCATTCTCTTCAA	g4
TGTTCCGAGAAACTGT	g0
TGTTCCGAGAGCGACT	g8
TGTTCCGAGGTTGGTG	g4
TGTTCCGCATCCCGTT	g1
TGTTCCGGTACGTGAG	g7
TGTTCCGTCTATCGTT	g0
TGTTCCGTCTGGACTA	g2
TGTTCTAAGCACTCCG	g6
TGTTCTAAGGATCATA	g4
TGTTCTACACAACCGC	g2
TGTTCTAGTCCGATCG	g2
TGTTCTATCACCTCAC	g4
TGTTCTATCACGAGGA	g0
TGTTCTATCCCGAATA	g4
TGTTCTATCTTGCGCT	g9
TGTTGAGAGGATGCGT	g4
TGTTGAGAGGCAATGC	g0
TGTTGAGAGGCGAACT	g0
TGTTGAGAGTTCCTGA	g0
TGTTGAGCAACATCGT	g1
TGTTGAGCAGAAATTG	g0
TGTTGAGCAGCATGCC	g1
TGTTGAGGTAAGGAGA	g0
TGTTGAGGTACGACAG	g0
TGTTGAGTCAAGCTGT	g3
TGTTGAGTCGCGTGCA	g4
TGTTGGAAGCCTTTGA	g2
TGTTGGAAGCTGCGAA	g0
TGTTGGAAGTGCGACA	g2
TGTTGGACATTCGGGC	g0
TGTTGGAGTAGCGAGT	g2
TGTTGGAGTAGGCTCC	g0
TGTTGGAGTGGACTAG	g7
TGTTGGATCAGACATC	g4
TGTTGGATCTGGGTCG	g2
TGTTTGTAGATAGGGA	g2
TGTTTGTAGCAGTAAT	g2
TGTTTGTCAATCTCTT	g4
TGTTTGTGTAGACACG	g0
TGTTTGTGTATCAAGA	g2
TGTTTGTGTGCCCTTT	g8
TGTTTGTGTGGAAATT	g4
TGTTTGTGTTGAATCC	g0
TGTTTGTTCAGAGCGA	g2
TGTTTGTTCAGGAACG	g7
TTAATCCAGATACATG	g2
TTAATCCAGTATTAGG	g2
TTAATCCCACACACTA	g4
TTAATCCCACCCTTGT	g2
TTAATCCCATCTTCGC	g0
TTAATCCGTGACTAAA	g2
TTAATCCGTGCCCACA	g0
TTAATCCGTTCTCGTC	g4
TTAATCCTCCGTGTCT	g2
TTAATCCTCTATGCCC	g7
TTACAGGAGGTGAGAA	g7
TTACAGGAGTGACACG	g0
TTACAGGCACACCTAA	g2
TTACAGGCACTACGGC	g0
TTACAGGGTGAGATCG	g3
TTACAGGTCGGATACT	g2
TTACAGGTCTGGAAGG	g2
TTACCATAGAACAGGA	g4
TTACCATAGAAGTCTA	g0
TTACCATCAACCACGC	g3
TTACCATCAAGACTGG	g7
TTACCATCACACCTGG	g2
TTACCATCACTGAGGA	g0
TTACCATCATGTTTGG	g3
TTACCATGTAACGGTG	g7
TTACCATTCCGAGATT	g0
TTACCATTCGTGCATA	g0
TTACCATTCTTCGACC	g7
TTACCATTCTTCTAAC	g4
TTACCGCAGACGAGCT	g0
TTACCGCAGCCTCACG	g0
TTACCGCAGCTGTTAC	g7
TTACCGCCACCGTGCA	g2
TTACCGCGTAACACGG	g0
TTACCGCGTCTCACGG	g2
TTACCGCTCCAACCAA	g0
TTACCGCTCCAAGAGG	g7
TTACCGCTCCCGAGAC	g2
TTACCGCTCCGTGTCT	g1
TTACCGCTCCTCACTG	g0
TTACCGCTCGCCCAGA	g7
TTACCGCTCGGAGCAA	g9
TTACCGCTCTCGACCT	g0
TTACGCCAGATTAGCA	g2
TTACGCCAGATTTGCC	g1
TTACGCCAGGTGATAT	g4
TTACGCCCAAGTGACG	g2
TTACGCCCATGGCGCT	g0
TTACGCCGTCAACATC	g4
TTACGCCGTCAGGTGA	g2
TTACGCCGTCCTCAGG	g2
TTACGCCGTTATAGCC	g2
TTACGCCTCAAGCCTA	g0
TTACGCCTCAGGTAAA	g0
TTACGTTAGATGCAGC	g0
TTACGTTAGGGACTGT	g4
TTACGTTAGGTATTGA	g4
TTACGTTAGTTGTACC	g0
TTACGTTCAACTCGAT	g2
TTACGTTCATGACAGG	g0
TTACGTTCATGAGTAA	g0
TTACGTTGTTATAGCC	g2
TTACGTTGTTGGATCT	g7
TTACGTTTCTACCACC	g4
TTACGTTTCTGCTCTG	g0
TTACTGTCAGCAGTCC	g7
TTACTGTCATGTTTGG	g2
TTACTGTGTACCGTCG	g0
TTACTGTGTACGGGAT	g0
TTACTGTTCACTTTGT	g0
TTAGGCAAGACCTGGA	g7
TTAGGCAAGCGTGCCT	g2
TTAGGCACAACGATCT	g0
TTAGGCACAATTGGTC	g4
TTAGGCACATACTTTC	g7
TTAGGCAGTATCTTCT	g0
TTAGGCAGTCACCGAC	g3
TTAGGCAGTCGTATGT	g7
TTAGGCATCAACACGT	g2
TTAGGCATCAATGTCG	g4
TTAGGCATCACGAGGA	g2
TTAGGCATCATGGTAC	g4
TTAGGCATCCTACCAC	g0
TTAGGCATCGGCAGTC	g1
TTAGGGTAGCTAAACA	g7
TTAGGGTAGTGGCCTC	g3
TTAGGGTCAAGATCCT	g0
TTAGGGTCAATCGCAT	g2
TTAGGGTCACTGATTG	g2
TTAGGGTCAGAACTTC	g2
TTAGGGTCAGCTGGTC	g2
TTAGGGTGTAGGGAGG	g0
TTAGGGTGTCTAACGT	g2
TTAGGGTGTCTTTATC	g7
TTAGGGTGTGACACGA	g2
TTAGGGTGTGCCTGAC	g0
TTAGGGTGTGCGGATA	g7
TTAGGGTTCCACAGGC	g0
TTAGTCTAGCAATAAC	g0
TTAGTCTCACAATGCT	g0
TTAGTCTCACCATATG	g7
TTAGTCTCAGCCGGTT	g7
TTAGTCTCATATACCG	g9
TTAGTCTTCTACCAGA	g4
TTAGTCTTCTTTCGAT	g0
TTATTGCAGGATGCGT	g7
TTATTGCCACATGTTG	g2
TTATTGCCACGCTGTG	g2
TTATTGCCATCTATCT	g7
TTATTGCGTCCCGTGA	g7
TTATTGCGTCGTTCAA	g0
TTATTGCTCATGTCAG	g0
TTATTGCTCCATACTT	g4
TTATTGCTCGCTGCGA	g0
TTATTGCTCGCTTGCT	g7
TTCAATCAGGGACTGT	g0
TTCAATCCACTGAGGA	g2
TTCAATCCAGCTTTCC	g2
TTCAATCCAGGTATGG	g1
TTCAATCCATACCAGT	g2
TTCAATCCATAGGTTC	g7
TTCAATCCATCCGTGG	g1
TTCAATCCATGAGATA	g2
TTCAATCCATTCCTCG	g0
TTCAATCGTAATCAAG	g2
TTCAATCTCACCATAG	g0
TTCAATCTCCCAGCGA	g0
TTCAATCTCCGCGATG	g1
TTCAATCTCCTGGGTG	g0
TTCAATCTCTCTTCAA	g4
TTCACCGAGAAGGCTC	g7
TTCACCGAGACCGTTT	g2
TTCACCGAGTCGAAAT	g9
TTCACCGCAGATCATC	g2
TTCACCGCAGTAACCT	g0
TTCACCGGTACAATAG	g2
TTCACCGGTCGAGCTC	g0
TTCACCGGTCGAGTGA	g9
TTCACCGGTCGCGGTT	g0
TTCACCGTCAGGAGAC	g0
TTCACCGTCAGTGTCA	g7
TTCACGCAGATGAACT	g8
TTCACGCAGCTCCGAC	g3
TTCACGCCAACACGAG	g2
TTCACGCCATCGGTTA	g0
TTCACGCGTATCGCAT	g7
TTCACGCGTCATGCAT	g7
TTCAGGAAGCACCAGA	g0
TTCAGGACAAACTCGT	g2
TTCAGGACACTCCGGA	g0
TTCAGGACAGCCGGTT	g3
TTCAGGACATCGTGGC	g7
TTCAGGAGTACAAACA	g7
TTCAGGAGTAGTACGG	g2
TTCAGGAGTCATGGCC	g2
TTCAGGAGTCGAGTGA	g2
TTCAGGAGTCGGCACT	g0
TTCAGGAGTTAATCGC	g2
TTCAGGATCAAAGCCT	g8
TTCAGGATCATGGGAG	g1
TTCAGGATCCATCGTC	g7
TTCAGGATCGCATGAT	g7
TTCAGGATCTAATTCC	g0
TTCATGTCAAACCACT	g0
TTCATGTCAGGTTCGC	g7
TTCATGTTCAAAGGTA	g0
TTCATGTTCATGAAAG	g0
TTCATTGAGAACTCCT	g0
TTCATTGAGATACCAA	g0
TTCATTGAGGCTTTCA	g7
TTCATTGAGGTCCGAA	g0
TTCATTGAGGTCTACT	g7
TTCATTGCAAGGCGTA	g0
TTCATTGCACTAGAGG	g4
TTCATTGGTAAGGCTG	g0
TTCATTGGTGTTCCAA	g2
TTCATTGGTTCAAAGA	g3
TTCATTGTCACTCCGT	g0
TTCATTGTCGAGCACC	g0
TTCCAATAGAAGGTAG	g2
TTCCAATAGACGATAT	g2
TTCCAATAGCGCCGTT	g0
TTCCAATAGCTAATGA	g6
TTCCAATCAATCAAGA	g2
TTCCAATCATGCCGCA	g0
TTCCAATGTACTTGTG	g0
TTCCAATGTCAGACGA	g4
TTCCAATGTTTAGAGA	g0
TTCCAATTCGGAGATG	g0
TTCCAATTCTCTGCCA	g0
TTCCACGAGCAGATAT	g2
TTCCACGAGGACGCAT	g0
TTCCACGAGGGAGAAT	g2
TTCCACGCAATGTCTG	g0
TTCCACGCAGACGATG	g0
TTCCACGCAGCTAACT	g4
TTCCACGGTAGGTCAG	g4
TTCCACGGTATCAGGG	g4
TTCCACGGTGGTCTTA	g1
TTCCACGGTTATAGCC	g2
TTCCACGGTTGTTTGG	g8
TTCCACGGTTTAGTCG	g2
TTCCACGTCTGAGGTT	g2
TTCCGGTAGCTTGTGT	g0
TTCCGGTAGGTCACTT	g2
TTCCGGTCAACCAACT	g1
TTCCGGTGTACGAAAT	g2
TTCCGGTGTGAACGGT	g2
TTCCGGTGTTTCACTT	g2
TTCCGTGAGACTGGGT	g2
TTCCGTGAGATACGAT	g0
TTCCGTGAGATCGCCC	g0
TTCCGTGAGCGTGTCC	g4
TTCCGTGCAACAGAGC	g0
TTCCGTGCACATATCG	g0
TTCCGTGCAGACTCTA	g0
TTCCGTGCATACAGAA	g0
TTCCGTGCATACCATG	g4
TTCCGTGCATTGCCGG	g2
TTCCGTGGTCATCACA	g2
TTCCGTGGTGACACGA	g0
TTCCGTGTCAAGCGTT	g0
TTCCGTGTCCTCACCA	g0
TTCCTAAAGACATATG	g7
TTCCTAAAGACCAAGC	g0
TTCCTAAAGCATCCTA	g7
TTCCTAAAGTCATGAA	g9
TTCCTAAAGTCGGGAT	g4
TTCCTAAAGTCTAGCT	g4
TTCCTAACACAGAGCA	g7
TTCCTAACATCTTTCA	g1
TTCCTAAGTACGATTC	g1
TTCCTAAGTACTCGCG	g0
TTCCTAAGTCTGTGCG	g0
TTCCTAAGTTTCACTT	g0
TTCCTAATCCGATAGT	g2
TTCCTAATCTAGGAAA	g9
TTCCTAATCTCTAGGA	g0
TTCCTCTAGATGCAGC	g2
TTCCTCTAGGGTGAGG	g0
TTCCTCTCAACCACGC	g0
TTCCTCTCATAATGAG	g0
TTCCTCTGTCCACTCT	g2
TTCCTCTGTTAGGGAC	g8
TTCCTCTGTTCGGTTA	g2
TTCCTCTGTTTGAACC	g0
TTCCTCTTCACAGAGG	g4
TTCCTCTTCGGACAAG	g0
TTCCTCTTCGTGGAAG	g2
TTCCTTCAGCAAGCCA	g4
TTCCTTCAGCATTTCG	g4
TTCCTTCAGCGAGGAG	g0
TTCCTTCAGCTCGAAG	g1
TTCCTTCAGGACAAGA	g2
TTCCTTCAGGATATAC	g2
TTCCTTCAGGCATCTT	g2
TTCCTTCAGGCCTTCG	g3
TTCCTTCAGTCTCCTC	g4
TTCCTTCCAACAGCTT	g2
TTCCTTCCAACAGTGG	g0
TTCCTTCCAACTGATC	g0
TTCCTTCCAAGCAGGT	g2
TTCCTTCCAAGCTCTA	g7
TTCCTTCCACTGAGGA	g2
TTCCTTCGTTTCGCTC	g0
TTCCTTCGTTTCTATC	g0
TTCCTTCTCACAGTGT	g0
TTCCTTCTCACCTGGG	g2
TTCCTTCTCCCTTCCC	g3
TTCCTTCTCTTCACAT	g4
TTCCTTCTCTTCCCGA	g2
TTCGATTAGCACACCC	g7
TTCGATTAGTAACGAT	g2
TTCGATTCAGGACAGT	g1
TTCGATTCAGGCGATA	g2
TTCGATTCATACCACA	g0
TTCGATTGTCCGCAGT	g9
TTCGATTGTTCCGCGA	g0
TTCGATTGTTCCTAAG	g3
TTCGATTTCCAGTTCC	g2
TTCGCTGAGGAGATAG	g3
TTCGCTGCACACCTTC	g0
TTCGCTGCACCAGCTG	g0
TTCGCTGCACCAGGTC	g0
TTCGCTGGTGATGTAA	g2
TTCGCTGTCAGACCTA	g0
TTCGCTGTCAGGAAGC	g4
TTCGCTGTCGCGTGAC	g7
TTCGGTCAGATTGACA	g0
TTCGGTCCAATAGGGC	g6
TTCGGTCCACAAACGG	g0
TTCGGTCCACTGAGGA	g4
TTCGGTCCACTGGACC	g4
TTCGGTCCAGTTGTCA	g3
TTCGGTCCATTGACTG	g3
TTCGGTCGTATCGGTT	g2
TTCGGTCGTCACCCTT	g2
TTCGGTCGTGCCCACA	g6
TTCGGTCGTTGCGGAA	g0
TTCGGTCGTTTAGTCG	g0
TTCGGTCTCACGATCA	g0
TTCGGTCTCCTACCAC	g5
TTCTAACAGCAGATAT	g2
TTCTAACAGCGAGGAG	g2
TTCTAACAGTATGACA	g2
TTCTAACCAAAGGGCT	g0
TTCTAACCAGCAAGAC	g0
TTCTAACCATAGCTGT	g3
TTCTAACCATCACCAA	g0
TTCTAACGTGCATGAG	g5
TTCTAACGTGCCGTTG	g2
TTCTAACGTTGGACCC	g2
TTCTAACGTTGTTGTG	g1
TTCTAACTCCGCGATG	g2
TTCTAACTCGCTGATA	g7
TTCTAGTAGCCAGAGT	g0
TTCTAGTCAAGCCATT	g0
TTCTAGTCACAGCTTA	g0
TTCTAGTCACGACGCT	g2
TTCTAGTCACGGAAGT	g0
TTCTAGTGTACTGAGG	g0
TTCTAGTGTAGACAGC	g4
TTCTAGTGTTGGGTTT	g0
TTCTAGTTCCTGATAG	g0
TTCTCTCAGACAGCGT	g0
TTCTCTCAGACTGGGT	g2
TTCTCTCAGAGAGTTT	g2
TTCTCTCAGATCACCT	g0
TTCTCTCAGGTGCCAA	g0
TTCTCTCCACGACAAG	g0
TTCTCTCGTCATAAAG	g7
TTCTCTCGTGCTCTTC	g7
TTCTCTCGTGGCAACA	g2
TTCTCTCGTGGCTGCT	g9
TTCTCTCTCGACCAAT	g7
TTCTCTCTCGCGCTGA	g4
TTCTCTCTCTCCCTAG	g0
TTCTCTCTCTCGAACA	g2
TTCTGTAAGATCCTAC	g0
TTCTGTAAGTACAGCG	g4
TTCTGTACAGCAGTTT	g0
TTCTGTACAGCGTTTA	g0
TTCTGTAGTGTTCCAA	g0
TTCTGTAGTTCTGACA	g1
TTCTGTAGTTGCCTAA	g0
TTCTGTATCCATAGGT	g0
TTCTTCCCAGAGAGGG	g2
TTCTTCCGTATGTCTG	g1
TTCTTCCGTTACGGAG	g2
TTCTTCCGTTCGGACC	g0
TTCTTCCGTTGGCCTG	g2
TTCTTCCGTTGTGGAG	g0
TTCTTCCTCCTTACCG	g0
TTCTTCCTCGCAACAT	g5
TTCTTCCTCGGTTAGT	g0
TTCTTGAAGCTCACTA	g2
TTCTTGAAGGCCTTGC	g2
TTCTTGAAGTTGTACC	g4
TTCTTGACAAGGATGC	g4
TTCTTGACACTGTCGG	g2
TTCTTGACAGGCTATT	g0
TTCTTGAGTCACTCTC	g7
TTCTTGAGTGCAGATG	g0
TTCTTGATCGATACTG	g2
TTCTTGATCTGCGGGT	g1
TTGAACGAGCATCAAA	g0
TTGAACGAGGACAACC	g2
TTGAACGAGGCTAGCA	g2
TTGAACGCAAACCATC	g2
TTGAACGCAGAACTCT	g2
TTGAACGCAGCTCGGT	g2
TTGAACGCAGTGACCC	g5
TTGAACGGTACGTTCA	g1
TTGAACGGTTGAATCC	g1
TTGAACGTCTCTCCGA	g0
TTGAACGTCTGAATGC	g2
TTGACCCAGAAGTCTA	g2
TTGACCCCAGACCCGT	g2
TTGACCCCAGCATGCC	g0
TTGACCCCATCATTTC	g0
TTGACCCGTCAACATC	g7
TTGACCCGTCTGTTAG	g4
TTGACCCGTCTTGAGT	g2
TTGACCCGTGCTGTCG	g0
TTGACCCGTTTCGCTC	g0
TTGACCCTCCGAGGCT	g3
TTGACCCTCCGCTTAC	g2
TTGACCCTCGCCTAGG	g2
TTGACCCTCTGGGCAC	g2
TTGACCCTCTTCCACG	g2
TTGAGTGAGACGCAGT	g4
TTGAGTGAGAGTTGCG	g2
TTGAGTGAGATGCTAA	g9
TTGAGTGAGCCGTTAT	g4
TTGAGTGAGTACCCTA	g0
TTGAGTGAGTGTAGTA	g6
TTGAGTGCACATACGT	g2
TTGAGTGCAGCACGAA	g4
TTGAGTGCATCGTCCT	g2
TTGAGTGCATCTAGAC	g0
TTGAGTGTCTCACGAA	g7
TTGAGTGTCTGGTTGA	g0
TTGATGGAGAAACTAC	g7
TTGATGGAGCTTGTTG	g9
TTGATGGAGGATGTTA	g0
TTGATGGAGTAGACCG	g0
TTGATGGCAATGCAGG	g0
TTGATGGCAGAGAATT	g4
TTGATGGCAGTCGGAA	g8
TTGATGGGTCGCTGCA	g4
TTGATGGGTCTGTTAG	g0
TTGATGGTCCTGTTGC	g2
TTGATGGTCGGTCTAA	g0
TTGATGGTCTTTCTAG	g3
TTGCATTAGCACCCAC	g7
TTGCATTAGCTAGATA	g2
TTGCATTAGCTGGTGA	g8
TTGCATTAGGGCAGTT	g4
TTGCATTAGTATGGAT	g0
TTGCATTCAACGTATC	g9
TTGCATTCATCATTTC	g4
TTGCATTGTCGCCTAG	g4
TTGCATTGTTGCATGT	g7
TTGCATTGTTTCGTTT	g0
TTGCATTTCATGCCCT	g2
TTGCATTTCCTGGTCT	g2
TTGCATTTCGCTTGAA	g2
TTGCATTTCTGGAGAG	g0
TTGCCTGAGCTGCCTG	g2
TTGCCTGAGGCTGAAC	g0
TTGCCTGAGGTTGACG	g3
TTGCCTGCAAGAGGCT	g2
TTGCCTGCAGTCGCAC	g2
TTGCCTGCATACCAGT	g7
TTGCCTGGTATTTCGG	g0
TTGCCTGGTCACAGTT	g4
TTGCCTGGTTTCGTTT	g2
TTGCCTGTCATACGAC	g0
TTGCCTGTCATCTGTT	g7
TTGCGTCAGACCATGG	g7
TTGCGTCAGGCCCGTT	g4
TTGCGTCAGGCGATAC	g3
TTGCGTCCATATGCGT	g10
TTGCGTCGTCAAGCGA	g2
TTGCGTCTCAAGCTGT	g3
TTGCGTCTCCGAGGCT	g2
TTGCGTCTCTTCCAGC	g0
TTGCGTCTCTTCGGAA	g4
TTGCTGCAGCATGAAT	g2
TTGCTGCAGTCGGCAA	g2
TTGCTGCAGTGGAAAG	g4
TTGCTGCCACAACGTT	g2
TTGCTGCCACGATAGG	g0
TTGCTGCTCCAAGCCG	g0
TTGCTGCTCGTAACAC	g0
TTGCTGCTCTACACTT	g2
TTGCTGCTCTGCTGAA	g4
TTGGATGAGCATAGGC	g0
TTGGATGAGGATTACA	g7
TTGGATGCAGCAGTTT	g8
TTGGATGCAGCGTACC	g3
TTGGATGGTCGAGTGA	g0
TTGGATGGTTCGCGTG	g2
TTGGATGGTTTACCAG	g0
TTGGATGTCGACGACC	g1
TTGGATGTCTCTATGT	g2
TTGGGATAGGTTTGAA	g0
TTGGGATAGTCCTGCG	g2
TTGGGATCAAATGGTA	g7
TTGGGATCACTCTAGA	g1
TTGGGATCAGCGTGAA	g0
TTGGGATCATGGGTTT	g0
TTGGGATGTGAGATTA	g0
TTGGGATGTTAAAGTG	g1
TTGGGATTCTCTTCAA	g4
TTGGGCGAGCACTAAA	g0
TTGGGCGAGCCTCAAT	g0
TTGGGCGAGCGCCTCA	g0
TTGGGCGAGCTAAATG	g9
TTGGGCGAGCTTAGTC	g0
TTGGGCGAGGACCCAA	g7
TTGGGCGCAAATACGA	g1
TTGGGCGCAACAAGTA	g2
TTGGGCGCACAGTATC	g0
TTGGGCGCACTGTGAT	g0
TTGGGCGCAGACAAGC	g7
TTGGGCGCAGTAACCT	g0
TTGGGCGGTGGCTGAA	g8
TTGGGCGGTTAGTCGT	g3
TTGGGCGGTTGTTGTG	g0
TTGGGCGTCAGCGCGT	g9
TTGGGCGTCTGGCCGA	g4
TTGGGCGTCTGGTGGC	g4
TTGGGTAAGAACAAGG	g8
TTGGGTAAGCGGATCA	g9
TTGGGTAAGTCTTGGT	g0
TTGGGTACATGAGATA	g0
TTGGGTAGTATAGGGC	g4
TTGGGTAGTCGTAATC	g4
TTGGGTATCACCATCC	g4
TTGGGTATCACTCGAA	g2
TTGGGTATCCTCTAAT	g7
TTGGGTATCGAACGGA	g2
TTGGGTATCGACGTCG	g0
TTGGGTATCGTGGCTG	g8
TTGGTTTAGTCTAACC	g0
TTGGTTTCACAGTACT	g0
TTGGTTTCACCTCGTT	g0
TTGGTTTCATGTTCAG	g2
TTGGTTTGTACTAGCT	g0
TTGGTTTGTGATACCT	g8
TTGGTTTGTGGAATGC	g7
TTGGTTTGTTACCCTC	g0
TTGGTTTTCAGTGTCA	g7
TTGGTTTTCGAGAAAT	g2
TTGGTTTTCTACTTCA	g2
TTGTGGAAGATGTTAG	g2
TTGTGGAAGCAAATGT	g2
TTGTGGACAAGCAGGT	g3
TTGTGGACAATCGCAT	g2
TTGTGGACACTGAATC	g0
TTGTGGAGTACGTAGG	g4
TTGTGGAGTCCCGTGA	g7
TTGTGGAGTCCGTTTC	g3
TTGTGGAGTCTGTTAG	g2
TTGTGGATCGGTAAGG	g0
TTGTGGATCGGTGCAC	g1
TTGTGTTAGTTGCTGT	g0
TTGTGTTCATTGCTTT	g2
TTGTGTTGTACAGGTG	g2
TTGTGTTGTACCGGAA	g4
TTGTGTTGTCCTGAAT	g0
TTGTGTTGTGATAGTA	g0
TTGTGTTGTGATGTAA	g2
TTGTGTTGTGGTTTGT	g2
TTGTGTTGTTGAAGTA	g3
TTGTGTTTCAAACCTG	g9
TTGTGTTTCAGTGTCA	g7
TTGTGTTTCGCCTAGG	g2
TTGTGTTTCTATTTCG	g2
TTGTTCAAGACGACGT	g6
TTGTTCAAGCCAACCC	g7
TTGTTCAAGCGATGAC	g2
TTGTTCAAGGTCGCCT	g4
TTGTTCAAGTCTGGTT	g0
TTGTTCACAACAGATA	g7
TTGTTCACAGATTAAG	g5
TTGTTCAGTATTAAGG	g0
TTGTTCATCCTAGCTC	g4
TTGTTCATCGCCAGAC	g0
TTGTTCATCTGCTGAA	g2
TTGTTGTAGCCTATCA	g0
TTGTTGTAGCGTATGG	g7
TTGTTGTAGGTGCTTT	g0
TTGTTGTAGTAATTGG	g2
TTGTTGTCACAAATGA	g2
TTGTTGTCAGTCGCAC	g2
TTGTTGTCATGTGACT	g9
TTGTTGTGTAGTGCGA	g4
TTGTTGTGTGGTCTCG	g0
TTGTTGTTCACAGAGG	g2
TTGTTGTTCTTGGAAC	g8
TTGTTTGAGAACTGAT	g4
TTGTTTGAGAGCACTG	g9
TTGTTTGAGATAACAC	g2
TTGTTTGAGCTCGACC	g2
TTGTTTGAGCTGGAGT	g0
TTGTTTGAGCTGGCCT	g2
TTGTTTGCAGTTGGTT	g4
TTGTTTGCATATGGCT	g0
TTGTTTGGTACAGTAA	g3
TTGTTTGGTCTGCATA	g0
TTGTTTGGTGCAAGAC	g0
TTGTTTGGTTCCACGG	g0
TTGTTTGTCACCACAA	g7
TTGTTTGTCGGCATAT	g4
TTTACCAAGAATCGTA	g8
TTTACCAAGACAGTCG	g0
TTTACCAAGACTTGTC	g0
TTTACCAAGGGAGGTG	g0
TTTACCACAAGATTGA	g0
TTTACCACAATACGCT	g7
TTTACCACACAGTCAT	g2
TTTACCACACGTGTGC	g0
TTTACCAGTACCCAGC	g8
TTTACCAGTCAAGTTC	g1
TTTACCAGTCGAGCTC	g2
TTTACCAGTGCCGAAA	g4
TTTACCAGTTAAGACA	g0
TTTACCAGTTCCGCGA	g0
TTTACCAGTTTGACAC	g4
TTTACCATCCATCTGC	g2
TTTACCATCCCATTTA	g9
TTTACCATCCCTTTGG	g0
TTTACCATCGATACGT	g8
TTTACGTAGACAGTCG	g4
TTTACGTAGATGAAGG	g4
TTTACGTAGGGCAATC	g8
TTTACGTCACGAGAAC	g0
TTTACGTCACTGCGAC	g0
TTTACGTCAGACACCC	g2
TTTACGTGTACTGTTG	g0
TTTACGTGTATCAGCT	g0
TTTACGTGTCCAGCGT	g0
TTTACGTTCCTAAACG	g1
TTTACTGAGGTAGATT	g0
TTTACTGAGTCTGGAG	g0
TTTACTGCAGTAACGG	g9
TTTACTGGTATCCTTT	g0
TTTACTGGTATCGTTG	g0
TTTACTGGTTATAGAG	g4
TTTACTGTCCGATCGG	g4
TTTACTGTCGGTAACT	g4
TTTACTGTCGTGAGAG	g2
TTTACTGTCTCCATAT	g2
TTTACTGTCTCCTGAC	g0
TTTACTGTCTGATTCT	g0
TTTAGTCAGCATGATA	g2
TTTAGTCCAGACCATT	g4
TTTAGTCCATGACTTG	g1
TTTAGTCGTGATGAAT	g0
TTTAGTCGTTCTTAGG	g0
TTTAGTCTCTTTGCAT	g3
TTTATGCAGCATTGAA	g0
TTTATGCAGCGTCTGC	g7
TTTATGCAGCTCATAC	g0
TTTATGCCAACCGCCA	g4
TTTATGCCACAGTACT	g2
TTTATGCCACGAGGAT	g0
TTTATGCGTACCGTGC	g2
TTTATGCGTAGAGTTA	g2
TTTATGCGTGCGGATA	g3
TTTATGCGTGGCGTAA	g4
TTTATGCGTGTCCACG	g7
TTTATGCGTGTTGATC	g2
TTTATGCGTTGATCGT	g0
TTTATGCGTTGTGGAG	g2
TTTATGCGTTTCCATT	g1
TTTATGCTCACTCCGT	g0
TTTCACAAGACGAGCT	g3
TTTCACAAGAGAGTTT	g2
TTTCACAAGATTTGCC	g2
TTTCACAAGGCTGGAT	g0
TTTCACACAAAGGCGT	g0
TTTCACACACGGGTAA	g2
TTTCACACACTATGTG	g2
TTTCACACATCCAATG	g7
TTTCACAGTAGTGCGA	g2
TTTCACAGTGTCATCA	g2
TTTCACAGTTGGGTAG	g0
TTTCACATCGGCTTCT	g0
TTTCACATCTAGTGTG	g9
TTTCAGTAGAATCGCG	g1
TTTCAGTAGCACCGTC	g7
TTTCAGTAGGAATCGC	g6
TTTCAGTCAATAGTAG	g1
TTTCAGTCAATTGAAG	g2
TTTCAGTCAATTGGTC	g0
TTTCAGTCACAACGAG	g0
TTTCAGTCACACAGCC	g2
TTTCAGTCATGTCTAG	g2
TTTCAGTGTCAACCTA	g2
TTTCAGTTCACTTGGA	g2
TTTCAGTTCAGGGATG	g0
TTTCAGTTCATTTGCT	g0
TTTCAGTTCGCGAAGA	g4
TTTCAGTTCGTGGAAG	g3
TTTCAGTTCTGTGTGA	g2
TTTCATGAGAGCAACC	g2
TTTCATGAGAGGCGTT	g4
TTTCATGAGCGTATAA	g0
TTTCATGAGCTGTCCG	g0
TTTCATGAGGGCATGT	g2
TTTCATGAGGTATAGT	g2
TTTCATGCAACTGAAA	g9
TTTCATGCAACTTCTT	g2
TTTCATGCAGCGGATA	g2
TTTCATGGTAGCTAAA	g2
TTTCATGGTCAAACGG	g0
TTTCATGGTCTCGACG	g4
TTTCATGGTTAATCGC	g2
TTTCCTCCAACCGACC	g0
TTTCCTCCAAGGACAC	g7
TTTCCTCCAGGAACCA	g3
TTTCCTCGTTCGAACT	g1
TTTCCTCTCACAAGGG	g7
TTTCCTCTCAGAATAG	g7
TTTCCTCTCCGCAGTG	g0
TTTCCTCTCTAACACG	g0
TTTCCTCTCTCTTAAC	g0
TTTCGATAGAGCAACC	g4
TTTCGATAGTCCCTAA	g9
TTTCGATCACATTCGA	g4
TTTCGATCACTTACAG	g0
TTTCGATCATCGTGCG	g0
TTTCGATGTACTTGTG	g4
TTTCGATGTCTATGAC	g4
TTTCGATGTGATACCT	g1
TTTCGATGTGCAATAA	g2
TTTCGATGTGCATGAG	g1
TTTCGATGTGTTCGAT	g4
TTTCGATGTTTAGACC	g2
TTTCGATTCACTTGTT	g8
TTTCGATTCTGGGCCA	g0
TTTGACTAGAGCATTA	g4
TTTGACTAGGCTTCCG	g0
TTTGACTCAACAAGTA	g2
TTTGACTCAAGGACAC	g9
TTTGACTCAAGTGGCA	g9
TTTGACTCAGCAGTAG	g4
TTTGACTCATCCGTGG	g2
TTTGACTGTAGGCAAC	g4
TTTGACTGTCGGAAAC	g2
TTTGACTGTCGGCCTA	g2
TTTGACTGTTCATCGA	g0
TTTGACTGTTTGTTGG	g7
TTTGACTTCAGTGTTG	g0
TTTGACTTCTATCACT	g4
TTTGACTTCTGTGCAA	g3
TTTGATCAGAGGGTAA	g0
TTTGATCAGATGAATC	g7
TTTGATCAGCCTTGAT	g4
TTTGATCCACAAGCAG	g0
TTTGATCCACTACAGT	g2
TTTGATCCACTCCTGT	g4
TTTGATCGTACCGTCG	g0
TTTGATCGTTAGAGTA	g7
TTTGATCTCATGCCGG	g7
TTTGATCTCCATTGTT	g0
TTTGGAGAGACTCTAC	g0
TTTGGAGAGAGCCATG	g2
TTTGGAGAGAGTGTTA	g9
TTTGGAGGTAATGTGA	g0
TTTGGAGGTATGCTAC	g2
TTTGGAGGTATGGAGC	g7
TTTGGAGGTCAAGCCC	g9
TTTGGAGGTGTTGATC	g7
TTTGGAGGTTCAGGTT	g0
TTTGGAGGTTTCACAG	g2
TTTGGAGTCGTGGGTC	g0
TTTGGAGTCTCGACGG	g4
TTTGGAGTCTGCTGAA	g2
TTTGGAGTCTTACGTT	g2
TTTGGTTAGAAAGCGA	g4
TTTGGTTAGCCTTCTC	g4
TTTGGTTAGCTGAGTG	g4
TTTGGTTAGGATTCCT	g2
TTTGGTTAGTATTCCG	g3
TTTGGTTCAAGCGATG	g2
TTTGGTTCACAAATCC	g2
TTTGGTTCACCTAAAC	g4
TTTGGTTCAGCTGCCA	g0
TTTGGTTCATAGACTC	g2
TTTGGTTGTTCAATCG	g0
TTTGGTTGTTGCCGAC	g0
TTTGGTTTCCTCCACA	g0
TTTGTTGAGCTGGTGA	g0
TTTGTTGAGGGCAAGG	g2
TTTGTTGCAATAGGGC	g0
TTTGTTGCAGGAGGAG	g6
TTTGTTGGTAGCACGA	g5
TTTGTTGGTCGGTGAA	g2
TTTGTTGGTCTGTAAC	g7
TTTGTTGGTGCGTCGT	g0
TTTGTTGGTGTCATGT	g2
TTTGTTGGTTTGAACC	g7
TTTGTTGTCCAAGCCG	g0
TTTGTTGTCTTACTGT	g0
TTTGTTGTCTTCTAAC	g0
