AAACCCAAGAAGTATC	neuronal
AAACCCAAGATGGTAT	neuronal
AAACCCAAGGCGTTAG	unresolved
AAACCCAAGGTTGAGC	unresolved
AAACCCACACAGTCGC	neuronal
AAACCCACAGAAATCA	neuronal
AAACCCACAGAACCGA	unresolved
AAACCCACAGACGCTC	oligodendrocyte_OPC
AAACCCACAGGAATAT	neuronal
AAACCCACATCGAAGG	astrocyte
AAACCCACATGGGTTT	astrocyte
AAACCCACATGGTGGA	unresolved
AAACCCAGTCAGGTGA	microglia_immune
AAACCCAGTCGTGCCA	astrocyte
AAACCCATCTTGTGCC	astrocyte
AAACGAAAGATACATG	vascular
AAACGAAAGATGAACT	oligodendrocyte_OPC
AAACGAAAGCAGGTCA	neuronal
AAACGAAAGCGAACTG	oligodendrocyte_OPC
AAACGAACAACTACGT	unresolved
AAACGAACACATTCTT	astrocyte
AAACGAACATTGTCGA	unresolved
AAACGAAGTGTCCCTT	oligodendrocyte_OPC
AAACGAATCAATCTCT	oligodendrocyte_OPC
AAACGAATCCAACTGA	unresolved
AAACGAATCGATGCTA	astrocyte
AAACGAATCGCAGAGA	neuronal
AAACGCTAGCACTTTG	oligodendrocyte_OPC
AAACGCTAGCTACGTT	unresolved
AAACGCTAGGTCATCT	microglia_immune
AAACGCTAGTATAGAC	astrocyte
AAACGCTCAATTGCTG	neuronal
AAACGCTCAGAGGACT	astrocyte
AAACGCTCATGGCCCA	unresolved
AAACGCTGTGCCTGCA	astrocyte
AAACGCTGTGGCCACT	unresolved
AAACGCTTCAATCAGC	unresolved
AAACGCTTCACACGAT	unresolved
AAACGCTTCCCATACC	unresolved
AAACGCTTCCGCATAA	ambiguous_or_doublet
AAACGCTTCGAAGTGG	oligodendrocyte_OPC
AAACGCTTCTTTGATC	astrocyte
AAAGAACAGACAAGCC	oligodendrocyte_OPC
AAAGAACAGCTCTTCC	neuronal
AAAGAACAGGACACTG	unresolved
AAAGAACAGGTTCTTG	astrocyte
AAAGAACCACCAGGTC	unresolved
AAAGAACCATACCGTA	oligodendrocyte_OPC
AAAGAACCATTCTGTT	astrocyte
AAAGAACCATTGGGAG	astrocyte
AAAGAACGTAGCTGTT	unresolved
AAAGAACGTCAATGGG	oligodendrocyte_OPC
AAAGAACGTGGTCCCA	astrocyte
AAAGAACGTGGTCCGT	astrocyte
AAAGAACGTGTGGTCC	unresolved
AAAGAACTCAAGTCTG	unresolved
AAAGAACTCCAAGAGG	astrocyte
AAAGAACTCGAAGCAG	oligodendrocyte_OPC
AAAGAACTCGATACGT	astrocyte
AAAGGATAGAAGCGGG	unresolved
AAAGGATAGCCAAGGT	oligodendrocyte_OPC
AAAGGATAGCCGATAG	neuronal
AAAGGATAGCCGATCC	astrocyte
AAAGGATAGCTTGTTG	oligodendrocyte_OPC
AAAGGATAGTGCACCC	astrocyte
AAAGGATCACGTACAT	unresolved
AAAGGATCACTAGTAC	astrocyte
AAAGGATCAGTCAACT	neuronal
AAAGGATCATTATGCG	unresolved
AAAGGATGTCATAGTC	oligodendrocyte_OPC
AAAGGATGTCGTCTCT	unresolved
AAAGGATGTGATTCAC	unresolved
AAAGGATGTTACACTG	unresolved
AAAGGATTCACATACG	neuronal
AAAGGATTCATCGACA	unresolved
AAAGGATTCCCGTTCA	astrocyte
AAAGGATTCCGCCTAT	neuronal
AAAGGATTCGGTCACG	unresolved
AAAGGGCAGCCTCTCT	unresolved
AAAGGGCAGTGGATTA	unresolved
AAAGGGCAGTGGCCTC	unresolved
AAAGGGCCAGTGGGTA	neuronal
AAAGGGCGTAGAATGT	unresolved
AAAGGGCGTATTCCGA	oligodendrocyte_OPC
AAAGGGCGTCCTGTCT	unresolved
AAAGGGCGTGAGACGT	unresolved
AAAGGGCGTGATACAA	unresolved
AAAGGGCGTTCAGTAC	unresolved
AAAGGGCGTTTGAAAG	oligodendrocyte_OPC
AAAGGGCTCAACCCGG	astrocyte
AAAGGGCTCAATGCAC	unresolved
AAAGGGCTCTTCTCAA	neuronal
AAAGGTAAGACGATAT	neuronal
AAAGGTACACATGGTT	unresolved
AAAGGTACAGGCCTGT	astrocyte
AAAGGTACAGTCGAGA	astrocyte
AAAGGTAGTCTGTGAT	unresolved
AAAGGTAGTTACACTG	ambiguous_or_doublet
AAAGGTAGTTGCACGC	unresolved
AAAGGTATCACCTCGT	astrocyte
AAAGGTATCCGTGTCT	unresolved
AAAGGTATCTCCTGAC	unresolved
AAAGTCCAGGATTCAA	oligodendrocyte_OPC
AAAGTCCAGGCATGGT	unresolved
AAAGTCCAGTCCCGAC	neuronal
AAAGTCCAGTTTGAGA	astrocyte
AAAGTCCCAAATAGCA	oligodendrocyte_OPC
AAAGTCCCAAGTGCTT	oligodendrocyte_OPC
AAAGTCCCAATGTTGC	oligodendrocyte_OPC
AAAGTCCCAGCCTACG	unresolved
AAAGTCCCAGGTTCGC	unresolved
AAAGTCCCATCGAAGG	astrocyte
AAAGTCCCATGCCGAC	unresolved
AAAGTCCGTACCGGCT	neuronal
AAAGTCCGTACGCGTC	astrocyte
AAAGTCCGTACTCCCT	astrocyte
AAAGTCCGTCTCCTGT	unresolved
AAAGTCCGTGCGTCGT	unresolved
AAAGTCCGTTCTCTAT	astrocyte
AAAGTCCTCAGATGCT	neuronal
AAAGTCCTCCTATTGT	astrocyte
AAAGTCCTCCTTACCG	oligodendrocyte_OPC
AAAGTCCTCGAGTTGT	oligodendrocyte_OPC
AAAGTCCTCGGCATCG	unresolved
AAAGTCCTCGTTCCCA	unresolved
AAAGTGAAGGGAGGCA	unresolved
AAAGTGACAACGTATC	unresolved
AAAGTGACAAGCACCC	unresolved
AAAGTGACAAGCGAAC	oligodendrocyte_OPC
AAAGTGACAATAACCC	astrocyte
AAAGTGACAGACGGAT	oligodendrocyte_OPC
AAAGTGACAGTAACGG	unresolved
AAAGTGACAGTCTACA	unresolved
AAAGTGAGTCATCCGG	unresolved
AAAGTGAGTCTGTAAC	unresolved
AAAGTGAGTGGGCTCT	unresolved
AAAGTGAGTTAAGACA	unresolved
AAAGTGATCAAGTCTG	neuronal
AAAGTGATCCCTCTTT	unresolved
AAAGTGATCCTACGAA	oligodendrocyte_OPC
AAAGTGATCGCCGAAC	neuronal
AAAGTGATCTATTCGT	microglia_immune
AAAGTGATCTGCCCTA	unresolved
AAAGTGATCTTGAGCA	oligodendrocyte_OPC
AAATGGAAGACCGCCT	neuronal
AAATGGAAGAGGACTC	unresolved
AAATGGAAGATCCTAC	unresolved
AAATGGAAGCTGACCC	unresolved
AAATGGAAGGAGGTTC	neuronal
AAATGGAAGGCGCTCT	neuronal
AAATGGACAAGTGGAC	unresolved
AAATGGACAATGGCAG	unresolved
AAATGGACAGCCTTCT	unresolved
AAATGGACAGCTCGGT	unresolved
AAATGGAGTGACCTGC	oligodendrocyte_OPC
AAATGGAGTGTGTCGC	astrocyte
AAATGGAGTTGACTGT	unresolved
AAATGGATCCATCAGA	astrocyte
AACAAAGAGAAGCGAA	neuronal
AACAAAGAGACTGTTC	oligodendrocyte_OPC
AACAAAGAGCAGATAT	oligodendrocyte_OPC
AACAAAGAGCCGTTAT	unresolved
AACAAAGAGGAACTAT	unresolved
AACAAAGCAATAGGGC	unresolved
AACAAAGCACACGTGC	unresolved
AACAAAGCAGTTAAAG	unresolved
AACAAAGGTCTTCCGT	neuronal
AACAAAGTCACGTCCT	unresolved
AACAAAGTCCTGCCAT	astrocyte
AACAAAGTCGGCTGGT	neuronal
AACAAAGTCTACACAG	vascular
AACAACCCAACCGGAA	oligodendrocyte_OPC
AACAACCCATTGAGCT	unresolved
AACAACCGTAGCTTTG	oligodendrocyte_OPC
AACAACCGTCGTGGTC	unresolved
AACAACCGTTAGAGAT	neuronal
AACAACCGTTCGGTAT	oligodendrocyte_OPC
AACAACCTCAGACCGC	oligodendrocyte_OPC
AACAACCTCGCGCCAA	unresolved
AACAAGAAGCAGGCAT	astrocyte
AACAAGAAGGGTTAGC	oligodendrocyte_OPC
AACAAGAAGTAATCCC	oligodendrocyte_OPC
AACAAGACAATTGTGC	astrocyte
AACAAGACACCGTGCA	unresolved
AACAAGAGTAGCGTCC	neuronal
AACAAGAGTCTCTCAC	microglia_immune
AACAAGAGTGAATAAC	unresolved
AACAAGAGTGCTGCAC	oligodendrocyte_OPC
AACAAGATCCTCCACA	unresolved
AACAAGATCGGTGAAG	astrocyte
AACACACAGATGGTCG	unresolved
AACACACCAACCAGAG	astrocyte
AACACACCAACCGGAA	neuronal
AACACACCAATAGAGT	astrocyte
AACACACCATGACAAA	astrocyte
AACACACGTACAGCGA	unresolved
AACACACGTATTCCTT	unresolved
AACACACGTCGAGTTT	neuronal
AACACACGTTGGTAGG	unresolved
AACACACTCACAACCA	neuronal
AACACACTCCTTATGT	unresolved
AACACACTCGAGAAAT	unresolved
AACACACTCGCACTCT	unresolved
AACACACTCGGCTCTT	oligodendrocyte_OPC
AACACACTCTACCTTA	astrocyte
AACACACTCTTTCTAG	unresolved
AACAGGGAGAAGTCAT	unresolved
AACAGGGAGAGTTGAT	neuronal
AACAGGGAGGATGGCT	unresolved
AACAGGGCAAGAAACT	neuronal
AACAGGGCACATTCGA	astrocyte
AACAGGGCAGGTCAAG	oligodendrocyte_OPC
AACAGGGGTATCATGC	unresolved
AACAGGGGTATGAAGT	oligodendrocyte_OPC
AACAGGGTCCTTCTTC	astrocyte
AACAGGGTCGATTCCC	unresolved
AACAGGGTCGCCGTGA	oligodendrocyte_OPC
AACAGGGTCTACCCAC	astrocyte
AACAGGGTCTGGCCTT	oligodendrocyte_OPC
AACAGGGTCTGTTGGA	microglia_immune
AACAGGGTCTTACCAT	microglia_immune
AACCAACAGAAGCGAA	unresolved
AACCAACAGGGAGGGT	astrocyte
AACCAACCAAATCGGG	neuronal
AACCAACCAAATCGTC	neuronal
AACCAACCAAGCGAGT	astrocyte
AACCAACCAAGTACCT	unresolved
AACCAACCAGAGTCAG	neuronal
AACCAACGTATGCAAA	neuronal
AACCAACGTGGGAGAG	oligodendrocyte_OPC
AACCAACTCATTGCCC	oligodendrocyte_OPC
AACCAACTCCACGGGT	astrocyte
AACCAACTCCTCTGCA	microglia_immune
AACCAACTCGACGCGT	oligodendrocyte_OPC
AACCAACTCGCTCTCA	unresolved
AACCACAAGAAGTCCG	unresolved
AACCACAAGCAGGTCA	astrocyte
AACCACAAGCGAGTCA	neuronal
AACCACAAGGCACAAC	astrocyte
AACCACAAGGTCACTT	oligodendrocyte_OPC
AACCACAAGTACGTCT	neuronal
AACCACACAATTGAGA	oligodendrocyte_OPC
AACCACACACCCTAAA	unresolved
AACCACACACGGTGCT	neuronal
AACCACACACGTCGGT	oligodendrocyte_OPC
AACCACACAGATCCAT	unresolved
AACCACAGTAGCGTCC	unresolved
AACCACAGTATCAGGG	neuronal
AACCACAGTCAGGCAA	unresolved
AACCACAGTCGGTAAG	astrocyte
AACCACAGTGCATCTA	oligodendrocyte_OPC
AACCACAGTGTAAACA	oligodendrocyte_OPC
AACCACAGTTCCAAAC	neuronal
AACCACAGTTTGTGGT	unresolved
AACCACATCAACCTTT	astrocyte
AACCACATCACTTGTT	unresolved
AACCACATCCGATTAG	oligodendrocyte_OPC
AACCACATCGTCAGAT	oligodendrocyte_OPC
AACCACATCTCTCTAA	oligodendrocyte_OPC
AACCATGAGAATGTTG	vascular
AACCATGAGCCTCTTC	unresolved
AACCATGCAGCAAGAC	unresolved
AACCATGGTAGATCCT	neuronal
AACCATGGTATGAAAC	unresolved
AACCATGGTCATAACC	astrocyte
AACCATGGTCTACAAC	oligodendrocyte_OPC
AACCATGTCACCATGA	microglia_immune
AACCATGTCCAACCAA	unresolved
AACCATGTCTAGGCCG	astrocyte
AACCCAAAGAACTGAT	astrocyte
AACCCAAAGAATACAC	unresolved
AACCCAAAGACTCAAA	oligodendrocyte_OPC
AACCCAAAGGCTCAAG	oligodendrocyte_OPC
AACCCAAAGTGTTGAA	unresolved
AACCCAACAAATACAG	unresolved
AACCCAACAATAACCC	neuronal
AACCCAACACAACATC	astrocyte
AACCCAACACTAGGTT	oligodendrocyte_OPC
AACCCAACATGCGTGC	neuronal
AACCCAACATTAGGAA	unresolved
AACCCAAGTATTCCGA	unresolved
AACCCAAGTCCAAATC	unresolved
AACCCAAGTCGTAATC	unresolved
AACCCAAGTTGCTCGG	neuronal
AACCCAATCAGCCTTC	astrocyte
AACCCAATCAGTGATC	oligodendrocyte_OPC
AACCCAATCCGGCAAC	microglia_immune
AACCCAATCCTCTCTT	microglia_immune
AACCCAATCTCACCCA	neuronal
AACCCAATCTCCTGAC	astrocyte
AACCTGAAGCCTCATA	astrocyte
AACCTGAAGCTTGTGT	microglia_immune
AACCTGACACACGGAA	unresolved
AACCTGACACCCTGAG	unresolved
AACCTGACAGCAAGAC	unresolved
AACCTGAGTGGGCTTC	neuronal
AACCTGAGTTGCCTAA	unresolved
AACCTGATCCTAGCTC	neuronal
AACCTGATCGTAGCTA	oligodendrocyte_OPC
AACCTTTAGAAAGCGA	oligodendrocyte_OPC
AACCTTTAGAGAGCCT	unresolved
AACCTTTAGAGGTTAT	astrocyte
AACCTTTAGAGTTGCG	astrocyte
AACCTTTAGCATGAAT	unresolved
AACCTTTAGCCGAATG	oligodendrocyte_OPC
AACCTTTAGCTACTGT	neuronal
AACCTTTAGGCTCACC	unresolved
AACCTTTAGGGACAGG	unresolved
AACCTTTCAAACTAGA	oligodendrocyte_OPC
AACCTTTCAAGGTCAG	astrocyte
AACCTTTCACACGGTC	astrocyte
AACCTTTCACGACAAG	unresolved
AACCTTTGTAACTAAG	astrocyte
AACCTTTGTTGGACCC	astrocyte
AACCTTTGTTTACTTC	unresolved
AACCTTTGTTTGGCTA	oligodendrocyte_OPC
AACCTTTTCACGTCCT	oligodendrocyte_OPC
AACCTTTTCCCGTTGT	ambiguous_or_doublet
AACCTTTTCGCCGAGT	neuronal
AACGAAAAGATGGTCG	unresolved
AACGAAAAGGTCCCTG	astrocyte
AACGAAAAGGTTACCT	oligodendrocyte_OPC
AACGAAAAGTCGGCCT	astrocyte
AACGAAACACCCTTAC	astrocyte
AACGAAACAGACCATT	oligodendrocyte_OPC
AACGAAACAGGCTATT	unresolved
AACGAAAGTCACTTAG	vascular
AACGAAAGTGTACGCC	astrocyte
AACGAAAGTTGGGTAG	unresolved
AACGAAATCATCGGGC	astrocyte
AACGAAATCCATAAGC	unresolved
AACGAAATCTCTCAAT	unresolved
AACGGGAAGCCTCTGG	oligodendrocyte_OPC
AACGGGACAGTAGAGC	unresolved
AACGGGACATAAGCAA	ambiguous_or_doublet
AACGGGACATGACTGT	oligodendrocyte_OPC
AACGGGAGTCGAATGG	oligodendrocyte_OPC
AACGGGAGTGTGTCGC	oligodendrocyte_OPC
AACGGGAGTGTTACTG	unresolved
AACGGGATCCACGTGG	neuronal
AACGTCAAGTACAGAT	oligodendrocyte_OPC
AACGTCAAGTGAATAC	oligodendrocyte_OPC
AACGTCACACTGGACC	oligodendrocyte_OPC
AACGTCACAGGCACTC	unresolved
AACGTCACAGTGGTGA	neuronal
AACGTCACATGAATCC	astrocyte
AACGTCACATGAGATA	oligodendrocyte_OPC
AACGTCAGTCGGATTT	astrocyte
AACGTCAGTCTAGATC	oligodendrocyte_OPC
AACGTCAGTCTGCATA	neuronal
AACGTCAGTGACCGTC	neuronal
AACGTCAGTTACCTGA	astrocyte
AACGTCATCAAAGGAT	unresolved
AACGTCATCATCCCGT	neuronal
AACGTCATCCGACGGT	neuronal
AACGTCATCCGTCAAA	neuronal
AACGTCATCGCAGATT	neuronal
AACTTCTAGAGCAAGA	neuronal
AACTTCTAGATTGATG	unresolved
AACTTCTAGCTACAAA	oligodendrocyte_OPC
AACTTCTAGGGCAATC	neuronal
AACTTCTCACATGTTG	unresolved
AACTTCTCAGCGTAGA	unresolved
AACTTCTCATCGAAGG	astrocyte
AACTTCTCATTCTCCG	neuronal
AACTTCTGTATCATGC	unresolved
AACTTCTTCAATCCAG	neuronal
AACTTCTTCAATCTCT	unresolved
AACTTCTTCTCTCTTC	oligodendrocyte_OPC
AACTTCTTCTGGAAGG	unresolved
AAGAACAAGAAACTCA	unresolved
AAGAACAAGCTCTGTA	oligodendrocyte_OPC
AAGAACAAGGAAGAAC	neuronal
AAGAACAAGGGTAATT	unresolved
AAGAACAAGTGCTCGC	unresolved
AAGAACACATCTCAAG	microglia_immune
AAGAACACATTGGCAT	astrocyte
AAGAACAGTCGCATTA	neuronal
AAGAACAGTGGGACAT	neuronal
AAGAACAGTTAAGGAT	unresolved
AAGAACAGTTTGGGTT	neuronal
AAGAACATCACCCTCA	unresolved
AAGAACATCATAGCAC	unresolved
AAGAACATCTAACACG	unresolved
AAGAACATCTCATAGG	oligodendrocyte_OPC
AAGAACATCTCGTGGG	neuronal
AAGAACATCTGAGTCA	neuronal
AAGAACATCTGCGGCA	microglia_immune
AAGAACATCTGTAACG	unresolved
AAGAACATCTTGCAGA	unresolved
AAGACAAAGCGTTACT	neuronal
AAGACAACACAGACGA	unresolved
AAGACAACATGGTGGA	neuronal
AAGACAAGTATGATCC	neuronal
AAGACAATCAACTGAC	unresolved
AAGACAATCCACTAGA	unresolved
AAGACAATCGTTCTGC	unresolved
AAGACTCAGGCGACAT	astrocyte
AAGACTCCACAGCTTA	neuronal
AAGACTCCATGGCGCT	neuronal
AAGACTCCATTCAGGT	unresolved
AAGACTCGTAGAGACC	astrocyte
AAGACTCGTGAATGAT	unresolved
AAGACTCGTTAAGTCC	neuronal
AAGACTCGTTGGGTAG	neuronal
AAGACTCTCATTGAGC	microglia_immune
AAGACTCTCCTTCAGC	oligodendrocyte_OPC
AAGACTCTCGCAGTTA	neuronal
AAGACTCTCGCGGTAC	neuronal
AAGATAGAGCAAGCCA	oligodendrocyte_OPC
AAGATAGAGCGGTAAC	microglia_immune
AAGATAGAGCGTGAAC	unresolved
AAGATAGAGGTGTGAC	neuronal
AAGATAGCAATACAGA	unresolved
AAGATAGCACAATGTC	astrocyte
AAGATAGCACACTTAG	astrocyte
AAGATAGGTATTTCCT	neuronal
AAGATAGGTCAGGAGT	neuronal
AAGATAGGTCCGATCG	astrocyte
AAGATAGTCACTTGGA	astrocyte
AAGATAGTCTTAGTTC	oligodendrocyte_OPC
AAGCATCAGAACCGCA	unresolved
AAGCATCAGATGCTAA	oligodendrocyte_OPC
AAGCATCAGCAACAAT	neuronal
AAGCATCAGCCGAACA	astrocyte
AAGCATCCAAAGCGTG	astrocyte
AAGCATCCAAATGCTC	microglia_immune
AAGCATCCAATGAAAC	unresolved
AAGCATCCATCGCTCT	astrocyte
AAGCATCCATGGAGAC	astrocyte
AAGCATCGTCGCATCG	astrocyte
AAGCATCGTCGCCACA	unresolved
AAGCATCGTCTCAAGT	oligodendrocyte_OPC
AAGCATCGTTGTATGC	unresolved
AAGCATCTCAAGAGGC	neuronal
AAGCATCTCGAGAACG	microglia_immune
AAGCATCTCGGTGCAC	astrocyte
AAGCCATAGGGTATAT	microglia_immune
AAGCCATAGTAGTCAA	unresolved
AAGCCATCAGTAACAA	unresolved
AAGCCATGTAAGGCCA	unresolved
AAGCCATGTACTCGCG	unresolved
AAGCCATGTACTCGTA	neuronal
AAGCCATGTCCCAAAT	oligodendrocyte_OPC
AAGCCATGTGATACCT	unresolved
AAGCCATGTTCGGTTA	neuronal
AAGCCATTCATACGAC	astrocyte
AAGCCATTCGTGTGAT	oligodendrocyte_OPC
AAGCCATTCTACTTCA	unresolved
AAGCCATTCTCTAAGG	astrocyte
AAGCGAGAGACTGAGC	unresolved
AAGCGAGAGAGCAGCT	neuronal
AAGCGAGAGCAAACAT	neuronal
AAGCGAGAGCGACAGT	astrocyte
AAGCGAGAGTCAATCC	unresolved
AAGCGAGCATCTCATT	unresolved
AAGCGAGGTAATCAGA	unresolved
AAGCGAGGTAATTGGA	microglia_immune
AAGCGAGGTACCGGCT	unresolved
AAGCGAGGTATCGATC	unresolved
AAGCGAGGTCGCACAC	neuronal
AAGCGAGGTCTTGAGT	unresolved
AAGCGAGTCAGAGTTC	unresolved
AAGCGAGTCCTACCAC	unresolved
AAGCGAGTCTGACGCG	microglia_immune
AAGCGTTAGACGGATC	oligodendrocyte_OPC
AAGCGTTAGTCAGAGC	oligodendrocyte_OPC
AAGCGTTAGTTGGCTT	oligodendrocyte_OPC
AAGCGTTCAACCGCCA	unresolved
AAGCGTTCAGACAAAT	unresolved
AAGCGTTCAGCCGTTG	vascular
AAGCGTTCATCGATAC	oligodendrocyte_OPC
AAGCGTTGTAGTCTTG	oligodendrocyte_OPC
AAGCGTTGTATCCCTC	astrocyte
AAGCGTTTCACACGAT	astrocyte
AAGCGTTTCAGCATTG	vascular
AAGCGTTTCCTTACCG	oligodendrocyte_OPC
AAGCGTTTCTACCAGA	unresolved
AAGCGTTTCTGGACCG	astrocyte
AAGGAATAGACATGCG	unresolved
AAGGAATAGACCCTTA	astrocyte
AAGGAATAGAGAACCC	oligodendrocyte_OPC
AAGGAATAGAGGTTTA	oligodendrocyte_OPC
AAGGAATAGCGTTAGG	astrocyte
AAGGAATAGGCTTAGG	neuronal
AAGGAATCAGCATGCC	unresolved
AAGGAATGTGCGTTTA	neuronal
AAGGAATGTTTAGAGA	oligodendrocyte_OPC
AAGGAATTCAGTGTCA	unresolved
AAGGAATTCTGGGCCA	unresolved
AAGGAATTCTTAGCTT	unresolved
AAGGTAAAGCATAGGC	neuronal
AAGGTAAAGGCAGGTT	unresolved
AAGGTAAAGGTGAGAA	unresolved
AAGGTAAAGTCACTCA	oligodendrocyte_OPC
AAGGTAACACGTATAC	oligodendrocyte_OPC
AAGGTAACACTTACAG	astrocyte
AAGGTAACAGCTTCCT	neuronal
AAGGTAAGTCTGTGCG	astrocyte
AAGGTAATCAACTGGT	astrocyte
AAGGTAATCCTATGGA	unresolved
AAGTACCAGCGTTACT	unresolved
AAGTACCAGCTGGCCT	unresolved
AAGTACCAGGGCAACT	neuronal
AAGTACCCAAAGACTA	unresolved
AAGTACCCAGGCTCTG	astrocyte
AAGTACCCATCCTAAG	unresolved
AAGTACCCATTGCAAC	unresolved
AAGTACCGTACAATAG	neuronal
AAGTACCGTACCGTCG	neuronal
AAGTACCGTACGGCAA	astrocyte
AAGTACCGTAGTGTGG	oligodendrocyte_OPC
AAGTACCGTCACTGAT	microglia_immune
AAGTACCTCACTCCGT	oligodendrocyte_OPC
AAGTACCTCAGTAGGG	neuronal
AAGTACCTCCGTGTGG	astrocyte
AAGTACCTCTCTAAGG	unresolved
AAGTCGTGTCTAGGCC	unresolved
AAGTCGTGTTCGATTG	unresolved
AAGTCGTTCCAACCAA	unresolved
AAGTCGTTCCCTCGAT	oligodendrocyte_OPC
AAGTGAAAGCTTACGT	microglia_immune
AAGTGAAAGGCCTAAG	unresolved
AAGTGAAAGGTGAGAA	unresolved
AAGTGAACAAATGCTC	oligodendrocyte_OPC
AAGTGAACAGTTGTTG	unresolved
AAGTGAACATACCGTA	unresolved
AAGTGAAGTCATCCCT	astrocyte
AAGTGAAGTGAGGCAT	astrocyte
AAGTGAAGTGTCCATA	unresolved
AAGTGAATCAAGTTGC	neuronal
AAGTGAATCACTTATC	unresolved
AAGTGAATCCATCCGT	unresolved
AAGTGAATCCATCTCG	unresolved
AAGTGAATCTCCATAT	unresolved
AAGTGAATCTCGAGTA	oligodendrocyte_OPC
AAGTGAATCTCTATGT	oligodendrocyte_OPC
AAGTTCGAGAGGTTAT	unresolved
AAGTTCGAGCACCAGA	astrocyte
AAGTTCGAGGACAAGA	unresolved
AAGTTCGAGGTTCTAC	oligodendrocyte_OPC
AAGTTCGAGTGGTTGG	oligodendrocyte_OPC
AAGTTCGCAAATTGCC	neuronal
AAGTTCGCATAACGGG	oligodendrocyte_OPC
AAGTTCGCATATGGCT	oligodendrocyte_OPC
AAGTTCGGTATTTCTC	microglia_immune
AAGTTCGGTTGTAAAG	neuronal
AAGTTCGGTTTAGACC	neuronal
AAGTTCGTCGCCTTGT	astrocyte
AAGTTCGTCTTAGCAG	astrocyte
AATAGAGAGATGGTAT	unresolved
AATAGAGCAGTTTCAG	astrocyte
AATAGAGCATCCGGTG	neuronal
AATAGAGGTATCGAGG	neuronal
AATAGAGGTGACTAAA	neuronal
AATAGAGGTTAAAGTG	astrocyte
AATAGAGGTTGTGGCC	astrocyte
AATAGAGTCTACGCAA	astrocyte
AATCACGAGAAACTGT	oligodendrocyte_OPC
AATCACGAGACAAGCC	neuronal
AATCACGAGACATACA	oligodendrocyte_OPC
AATCACGAGCAGTACG	vascular
AATCACGAGTATCTGC	oligodendrocyte_OPC
AATCACGCAATACGAA	oligodendrocyte_OPC
AATCACGCAGCACGAA	neuronal
AATCACGCAGCGATTT	neuronal
AATCACGGTATCAGGG	unresolved
AATCACGGTGCCTAAT	astrocyte
AATCACGTCAGCATTG	astrocyte
AATCACGTCGCTGCGA	unresolved
AATCACGTCGTACCTC	oligodendrocyte_OPC
AATCGACAGGGCGAGA	astrocyte
AATCGACCAAAGCTAA	oligodendrocyte_OPC
AATCGACCACACTGGC	unresolved
AATCGACCACCGTACG	oligodendrocyte_OPC
AATCGACGTACGGTTT	astrocyte
AATCGACGTCAGACGA	astrocyte
AATCGACGTCGGAAAC	neuronal
AATCGACGTGGAGAAA	unresolved
AATCGACGTGGCGTAA	neuronal
AATCGACGTGTCCATA	neuronal
AATCGACGTTGTAGCT	astrocyte
AATCGACTCAGTGGGA	unresolved
AATCGACTCTTACGTT	unresolved
AATCGTGAGGTCGTCC	neuronal
AATCGTGAGTCAGGGT	unresolved
AATCGTGAGTGGCAGT	microglia_immune
AATCGTGCAACACGAG	neuronal
AATCGTGCACATTACG	oligodendrocyte_OPC
AATCGTGGTATGAGAT	unresolved
AATCGTGGTATGTCTG	astrocyte
AATCGTGGTCCACGCA	unresolved
AATCGTGGTCTGGTTA	unresolved
AATCGTGGTTGGGCCT	astrocyte
AATCGTGTCAGTAGGG	astrocyte
AATCGTGTCGCTTAAG	unresolved
AATCGTGTCTACTCAT	unresolved
AATGAAGAGAGAGGGC	unresolved
AATGAAGAGCCTCCAG	astrocyte
AATGAAGAGGAGAATG	unresolved
AATGAAGAGGAGGTTC	unresolved
AATGAAGAGGCCGCTT	astrocyte
AATGAAGAGGCCTTCG	microglia_immune
AATGAAGAGGTCGTAG	unresolved
AATGAAGAGTCCCAAT	astrocyte
AATGAAGCAACTGCCG	astrocyte
AATGAAGCAAGACCGA	ambiguous_or_doublet
AATGAAGCAATAAGGT	astrocyte
AATGAAGCACAGCCAC	astrocyte
AATGAAGCATCGATGT	astrocyte
AATGAAGGTAAGATTG	neuronal
AATGAAGGTACCTATG	neuronal
AATGAAGGTACTTCCC	astrocyte
AATGAAGGTATAGCTC	neuronal
AATGAAGGTCTACTGA	unresolved
AATGAAGGTCTAGGCC	astrocyte
AATGAAGGTTGTCAGT	astrocyte
AATGAAGTCAAATGAG	unresolved
AATGAAGTCAACGAGG	neuronal
AATGAAGTCACCGGGT	neuronal
AATGAAGTCAGCGCAC	unresolved
AATGAAGTCAGCTTCC	astrocyte
AATGAAGTCCAACACA	unresolved
AATGAAGTCGCCTTTG	neuronal
AATGAAGTCTGCGGCA	neuronal
AATGACCAGATAACAC	unresolved
AATGACCAGCACTCAT	oligodendrocyte_OPC
AATGACCAGCATGAAT	unresolved
AATGACCCACTGTGTA	unresolved
AATGACCCAGGAATAT	astrocyte
AATGACCCAGTCTCTC	unresolved
AATGACCGTCGAGTGA	neuronal
AATGACCGTGACCTGC	unresolved
AATGACCGTTACGGAG	neuronal
AATGACCGTTCAGCGC	neuronal
AATGACCTCATCTATC	astrocyte
AATGACCTCGGTTAGT	unresolved
AATGCCAAGAGACAAG	oligodendrocyte_OPC
AATGCCAAGATTTGCC	unresolved
AATGCCAAGCCTAACT	neuronal
AATGCCAAGCGTCTCG	oligodendrocyte_OPC
AATGCCACAACTCCCT	microglia_immune
AATGCCACAAGGACAC	astrocyte
AATGCCACAGACCAGA	unresolved
AATGCCACAGGTTACT	unresolved
AATGCCACATCATCCC	unresolved
AATGCCACATGGCGCT	astrocyte
AATGCCAGTCAGGTGA	oligodendrocyte_OPC
AATGCCAGTCCACTTC	ambiguous_or_doublet
AATGCCAGTTCCGTTC	oligodendrocyte_OPC
AATGCCATCATTACGG	microglia_immune
AATGCCATCCAGTGCG	oligodendrocyte_OPC
AATGGAAAGAACAAGG	unresolved
AATGGAAAGAATGTTG	astrocyte
AATGGAAAGGAGTATT	unresolved
AATGGAAAGGCAGTCA	neuronal
AATGGAACAATCTCTT	unresolved
AATGGAACACTACGGC	unresolved
AATGGAACACTATCCC	unresolved
AATGGAACAGATTTCG	neuronal
AATGGAAGTATGACAA	unresolved
AATGGAAGTCCACTCT	oligodendrocyte_OPC
AATGGAAGTTACTCAG	astrocyte
AATGGAAGTTGCCGCA	unresolved
AATGGAAGTTGCTAGT	oligodendrocyte_OPC
AATGGAATCCTTCTGG	neuronal
AATGGAATCGACCTAA	unresolved
AATGGAATCTCCGATC	unresolved
AATGGCTAGCCTTTCC	unresolved
AATGGCTAGGTGCCTC	unresolved
AATGGCTAGTACTCGT	unresolved
AATGGCTAGTACTGGG	unresolved
AATGGCTCACAATCTG	oligodendrocyte_OPC
AATGGCTCACTACCGG	astrocyte
AATGGCTCACTCGATA	unresolved
AATGGCTCAGCCGGTT	astrocyte
AATGGCTCATGATCTG	neuronal
AATGGCTCATGGCGCT	unresolved
AATGGCTGTCAAACGG	astrocyte
AATGGCTGTCGATGCC	unresolved
AATGGCTGTCGCATTA	vascular
AATGGCTGTGCGTGCT	unresolved
AATGGCTGTTGTAAAG	neuronal
AATGGCTTCCGATCTC	neuronal
AATGGCTTCGATCCCT	unresolved
AATGGCTTCGCCAGAC	unresolved
AATGGCTTCTCTCAAT	unresolved
AATTCCTAGAGTGACC	unresolved
AATTCCTAGCACCGAA	neuronal
AATTCCTAGTAGGCCA	astrocyte
AATTCCTAGTATGTAG	neuronal
AATTCCTAGTCCGCGT	oligodendrocyte_OPC
AATTCCTCAATCCTAG	astrocyte
AATTCCTCACTGGCCA	oligodendrocyte_OPC
AATTCCTCATCTAACG	microglia_immune
AATTCCTGTACTAACC	oligodendrocyte_OPC
AATTCCTGTCGTATTG	astrocyte
AATTCCTTCAAAGACA	oligodendrocyte_OPC
AATTCCTTCGCTAGCG	astrocyte
AATTCCTTCTCCAAGA	unresolved
AATTCCTTCTTCTAAC	oligodendrocyte_OPC
AATTTCCAGCGTATAA	neuronal
AATTTCCAGTACTCGT	oligodendrocyte_OPC
AATTTCCAGTTCAACC	unresolved
AATTTCCCAACTGCTA	microglia_immune
AATTTCCCACCACATA	unresolved
AATTTCCCAGACCGCT	oligodendrocyte_OPC
AATTTCCCAGCTAACT	astrocyte
AATTTCCCATAACTCG	unresolved
AATTTCCGTCAACGCC	oligodendrocyte_OPC
AATTTCCGTCACTTAG	unresolved
AATTTCCGTCGTAATC	neuronal
AATTTCCGTGACAGCA	vascular
AATTTCCGTGTGTTTG	unresolved
AATTTCCGTTTCAGAC	astrocyte
AATTTCCGTTTGGAAA	astrocyte
AATTTCCTCCTCTAGC	unresolved
AATTTCCTCTACACAG	astrocyte
AATTTCCTCTGTCAGA	neuronal
ACAAAGAAGTAGTCCT	astrocyte
ACAAAGAAGTGGATAT	unresolved
ACAAAGAAGTGGCGAT	unresolved
ACAAAGAAGTTTCTTC	astrocyte
ACAAAGACAAATCGTC	oligodendrocyte_OPC
ACAAAGACAAGTTGGG	neuronal
ACAAAGACAATCGAAA	oligodendrocyte_OPC
ACAAAGAGTCATAGTC	unresolved
ACAAAGAGTCGAACAG	oligodendrocyte_OPC
ACAAAGAGTTTCACAG	unresolved
ACAAAGATCCAAGCTA	neuronal
ACAAAGATCCGATGCG	oligodendrocyte_OPC
ACAACCAAGACAAGCC	unresolved
ACAACCAAGCTCCGAC	unresolved
ACAACCAAGGGCTGAT	astrocyte
ACAACCACAAGGGTCA	neuronal
ACAACCACACGCAGTC	neuronal
ACAACCACATTCCTCG	unresolved
ACAACCACATTCTGTT	oligodendrocyte_OPC
ACAACCAGTACAAGTA	neuronal
ACAACCAGTAGTGCGA	unresolved
ACAACCAGTATACAGA	astrocyte
ACAACCAGTCATGGCC	unresolved
ACAACCAGTCTCACAA	oligodendrocyte_OPC
ACAACCAGTGAATTGA	unresolved
ACAACCAGTGCGAGTA	astrocyte
ACAACCAGTTCCGCAG	unresolved
ACAACCAGTTCTGAGT	astrocyte
ACAACCATCAATCCGA	astrocyte
ACAACCATCCAGCTCT	microglia_immune
ACAACCATCGTGCATA	unresolved
ACAACCATCGTTGTGA	unresolved
ACAAGCTAGACCACGA	neuronal
ACAAGCTAGAGAAGGT	neuronal
ACAAGCTAGCCTCAGC	oligodendrocyte_OPC
ACAAGCTAGTAGTCCT	unresolved
ACAAGCTAGTTGTAAG	microglia_immune
ACAAGCTCATTGTAGC	unresolved
ACAAGCTGTAGACACG	unresolved
ACAAGCTGTATGCTAC	neuronal
ACAAGCTGTGTTGAGG	neuronal
ACAAGCTGTTCGTGCG	astrocyte
ACAAGCTGTTTGATCG	unresolved
ACAAGCTTCAAGTGGG	unresolved
ACAAGCTTCAGAATAG	unresolved
ACAAGCTTCCTAGAGT	unresolved
ACAAGCTTCCTCCACA	oligodendrocyte_OPC
ACACAGTAGCACCTGC	oligodendrocyte_OPC
ACACAGTAGCATGTTC	unresolved
ACACAGTAGGGACACT	unresolved
ACACAGTAGTCATGCT	unresolved
ACACAGTCATCACCAA	oligodendrocyte_OPC
ACACAGTCATCTCCCA	neuronal
ACACAGTGTCTTGAGT	neuronal
ACACAGTGTGAAAGTT	neuronal
ACACAGTGTGCAACAG	oligodendrocyte_OPC
ACACAGTGTGCCTTTC	oligodendrocyte_OPC
ACACAGTGTTGATGTC	neuronal
ACACAGTTCAAGGACG	neuronal
ACACAGTTCCATTGGA	astrocyte
ACACAGTTCTCGCTCA	unresolved
ACACCAAAGAATAGTC	unresolved
ACACCAAAGCTTAGTC	unresolved
ACACCAAAGGCGATAC	oligodendrocyte_OPC
ACACCAAAGTTACTCG	vascular
ACACCAACACTTGAAC	neuronal
ACACCAACAGAATCGG	astrocyte
ACACCAACATTGAAGA	microglia_immune
ACACCAAGTAGACACG	astrocyte
ACACCAAGTATGTCCA	oligodendrocyte_OPC
ACACCAAGTCCGGTGT	unresolved
ACACCAAGTCTCTCTG	oligodendrocyte_OPC
ACACCAAGTTTGATCG	unresolved
ACACCAATCATTGAGC	oligodendrocyte_OPC
ACACCAATCCACTGGG	vascular
ACACCAATCCCGAGGT	unresolved
ACACCAATCGGCACTG	oligodendrocyte_OPC
ACACCAATCGTGTGAT	oligodendrocyte_OPC
ACACGCGAGAAGCGCT	oligodendrocyte_OPC
ACACGCGAGTGGCCTC	oligodendrocyte_OPC
ACACGCGCATGACGAG	unresolved
ACACGCGGTACCAGAG	unresolved
ACACGCGGTAGCGCTC	neuronal
ACACGCGGTCCTGGTG	neuronal
ACACGCGGTCGTTGGC	oligodendrocyte_OPC
ACACGCGTCGATGGAG	unresolved
ACACTGAAGAACAGGA	unresolved
ACACTGAAGACTCTTG	unresolved
ACACTGAAGAGGTTTA	neuronal
ACACTGAAGCCTCTCT	oligodendrocyte_OPC
ACACTGACACCCTATC	unresolved
ACACTGAGTAGTCGGA	astrocyte
ACACTGAGTCAAATCC	unresolved
ACACTGAGTCCAAGAG	astrocyte
ACACTGAGTCTGTGAT	unresolved
ACACTGAGTGCAGATG	astrocyte
ACACTGAGTGGCCTCA	oligodendrocyte_OPC
ACAGAAAAGCATCCCG	neuronal
ACAGAAAAGCTTCTAG	neuronal
ACAGAAAAGTTACTCG	astrocyte
ACAGAAACAACGATCT	astrocyte
ACAGAAACAAGGTACG	oligodendrocyte_OPC
ACAGAAAGTACAGTAA	oligodendrocyte_OPC
ACAGAAAGTACTAGCT	oligodendrocyte_OPC
ACAGAAAGTACTCAAC	neuronal
ACAGAAAGTCAACATC	astrocyte
ACAGAAAGTCAAGCCC	microglia_immune
ACAGAAAGTCTAGTGT	oligodendrocyte_OPC
ACAGAAAGTGGACCAA	neuronal
ACAGAAAGTTGGCTAT	astrocyte
ACAGAAATCGTAGCCG	oligodendrocyte_OPC
ACAGAAATCGTCACCT	unresolved
ACAGAAATCTGAGATC	neuronal
ACAGCCGAGAGCCCAA	oligodendrocyte_OPC
ACAGCCGAGCGGGTTA	unresolved
ACAGCCGAGGATATGT	neuronal
ACAGCCGAGGTTGACG	oligodendrocyte_OPC
ACAGCCGCAGAACTAA	unresolved
ACAGCCGGTACGGCAA	unresolved
ACAGCCGGTCAAGCGA	oligodendrocyte_OPC
ACAGCCGGTCACTCTC	oligodendrocyte_OPC
ACAGCCGGTCCCAAAT	neuronal
ACAGCCGGTTTATGCG	astrocyte
ACAGCCGTCAGGAAGC	astrocyte
ACAGCCGTCAGTGTGT	oligodendrocyte_OPC
ACAGCCGTCCAACACA	astrocyte
ACAGCCGTCCCAGCGA	unresolved
ACAGGGAAGACTCCGC	microglia_immune
ACAGGGAAGATCACTC	neuronal
ACAGGGACACTGGACC	neuronal
ACAGGGACAGATCCAT	oligodendrocyte_OPC
ACAGGGACATAAGCGG	oligodendrocyte_OPC
ACAGGGACATCGTGCG	microglia_immune
ACAGGGAGTATCGAGG	neuronal
ACAGGGAGTATTAAGG	unresolved
ACAGGGAGTCTGCATA	unresolved
ACAGGGAGTGATTAGA	oligodendrocyte_OPC
ACAGGGATCCATAGAC	unresolved
ACAGGGATCGAGTCTA	unresolved
ACAGGGATCGGCTTGG	unresolved
ACAGGGATCGTTCATT	unresolved
ACAGGGATCTCGGCTT	vascular
ACAGGGATCTGGAAGG	neuronal
ACATCCCAGAGTAACT	astrocyte
ACATCCCAGCCTATCA	unresolved
ACATCCCAGCCTGAAG	neuronal
ACATCCCAGCGAGGAG	unresolved
ACATCCCAGGAAAGAC	unresolved
ACATCCCCACCTCAGG	oligodendrocyte_OPC
ACATCCCCACCTGCAG	unresolved
ACATCCCCAGGCTATT	microglia_immune
ACATCCCCATATACCG	oligodendrocyte_OPC
ACATCCCCATGCGGTC	astrocyte
ACATCCCCATTCGATG	neuronal
ACATCCCGTCGCTCGA	oligodendrocyte_OPC
ACATCCCGTGTTGAGG	oligodendrocyte_OPC
ACATCCCGTTACCTGA	oligodendrocyte_OPC
ACATCCCTCCTCTAAT	neuronal
ACATCCCTCGCCTATC	neuronal
ACATCCCTCTGGACCG	unresolved
ACATCCCTCTTAATCC	unresolved
ACATCGAAGCCGTTGC	astrocyte
ACATCGACACCAGGTC	unresolved
ACATCGACACTATCGA	unresolved
ACATCGACAGATTAAG	unresolved
ACATCGACAGGGAGAG	neuronal
ACATCGACATATCTGG	oligodendrocyte_OPC
ACATCGAGTACAAACA	neuronal
ACATCGAGTTAGGACG	neuronal
ACATCGAGTTAGGGTG	unresolved
ACATCGAGTTATGTCG	astrocyte
ACATCGATCAACGCTA	unresolved
ACATCGATCGCCGAAC	astrocyte
ACATCGATCTCTTAAC	unresolved
ACATGCAAGACATAAC	neuronal
ACATGCAAGACCTTTG	neuronal
ACATGCAAGCCTCACG	neuronal
ACATGCAAGGACAGTC	oligodendrocyte_OPC
ACATGCACAAGAGCTG	oligodendrocyte_OPC
ACATGCACACCAAATC	unresolved
ACATGCACAGGTCAGA	neuronal
ACATGCACAGGTGAGT	unresolved
ACATGCAGTACCGGAA	microglia_immune
ACATGCAGTGCAGGAT	unresolved
ACATGCAGTGCTGCAC	oligodendrocyte_OPC
ACATGCAGTTTCTATC	vascular
ACATGCATCACCTTGC	unresolved
ACATGCATCCCTCAAC	unresolved
ACATGCATCGATGGAG	oligodendrocyte_OPC
ACATGCATCGGTTCAA	neuronal
ACATTTCAGACGAGCT	oligodendrocyte_OPC
ACATTTCAGATTGATG	astrocyte
ACATTTCAGCAACTCT	astrocyte
ACATTTCAGGTTGCCC	vascular
ACATTTCCAACACAAA	unresolved
ACATTTCCAATTGCCA	oligodendrocyte_OPC
ACATTTCCAGAGTTCT	astrocyte
ACATTTCCATAGAATG	vascular
ACATTTCCATAGATGA	neuronal
ACATTTCGTGTCTTCC	astrocyte
ACATTTCTCATTATCC	unresolved
ACATTTCTCCATACAG	neuronal
ACATTTCTCCGTGTGG	astrocyte
ACATTTCTCCTCATAT	neuronal
ACATTTCTCTAACGGT	unresolved
ACATTTCTCTAGACCA	astrocyte
ACCAAACAGAGGATGA	neuronal
ACCAAACCAACGATCT	oligodendrocyte_OPC
ACCAAACCATACTTTC	oligodendrocyte_OPC
ACCAAACCATCATCTT	neuronal
ACCAAACGTAACTTCG	astrocyte
ACCAAACGTCAAGCCC	oligodendrocyte_OPC
ACCAAACGTCTTCCGT	unresolved
ACCAAACGTGGGAGAG	oligodendrocyte_OPC
ACCAAACGTTAGAAGT	neuronal
ACCAAACGTTCGAAGG	unresolved
ACCAAACGTTGTCCCT	astrocyte
ACCAACAAGCAAGTCG	unresolved
ACCAACAAGGATATAC	neuronal
ACCAACAAGGCACGAT	microglia_immune
ACCAACAAGTCTCCTC	astrocyte
ACCAACACAAAGTATG	neuronal
ACCAACACAATAGAGT	oligodendrocyte_OPC
ACCAACACACAGTGTT	neuronal
ACCAACACACTTGGCG	oligodendrocyte_OPC
ACCAACAGTAAGCAAT	microglia_immune
ACCAACAGTGGCCACT	unresolved
ACCAACAGTTCCTTGC	unresolved
ACCAACAGTTGAGGAC	unresolved
ACCAACATCAGAATAG	astrocyte
ACCAACATCGGAATTC	oligodendrocyte_OPC
ACCAACATCGGCAGTC	unresolved
ACCAACATCGTTATCT	unresolved
ACCACAAAGTAATCCC	microglia_immune
ACCACAACAACAGCCC	oligodendrocyte_OPC
ACCACAACACCTGCAG	astrocyte
ACCACAACACTACGGC	unresolved
ACCACAACATTGAGCT	unresolved
ACCACAAGTCACCGAC	neuronal
ACCACAAGTCTTGCTC	neuronal
ACCACAAGTTCGGCGT	microglia_immune
ACCACAATCATTGTTC	unresolved
ACCACAATCCGAACGC	unresolved
ACCATTTAGAGATTCA	oligodendrocyte_OPC
ACCATTTAGCACGGAT	astrocyte
ACCATTTAGCCATATC	oligodendrocyte_OPC
ACCATTTAGGACACTG	unresolved
ACCATTTCAACACAGG	unresolved
ACCATTTCAACAGATA	oligodendrocyte_OPC
ACCATTTCAAGTTGGG	vascular
ACCATTTCACACAGCC	unresolved
ACCATTTCAGCCGGTT	microglia_immune
ACCATTTCAGCCTACG	unresolved
ACCATTTCAGCTCATA	vascular
ACCATTTGTATTTCTC	oligodendrocyte_OPC
ACCATTTGTCTCGGAC	microglia_immune
ACCATTTGTGGTCTGC	neuronal
ACCATTTGTTGGTGTT	neuronal
ACCATTTGTTTCCCAC	neuronal
ACCATTTTCACCGACG	unresolved
ACCATTTTCAGATTGC	unresolved
ACCATTTTCCCGTGAG	vascular
ACCATTTTCGGCATCG	astrocyte
ACCATTTTCGTAACTG	unresolved
ACCCAAAAGAAGAGCA	unresolved
ACCCAAAAGAAGCTGC	unresolved
ACCCAAAAGGCATCTT	oligodendrocyte_OPC
ACCCAAAAGTTACGGG	neuronal
ACCCAAACAAGAGTAT	neuronal
ACCCAAACAAGTGATA	unresolved
ACCCAAACACAGTCCG	neuronal
ACCCAAACACGACGTC	astrocyte
ACCCAAACAGCAGTCC	astrocyte
ACCCAAACATAAGCGG	astrocyte
ACCCAAACATCTCAAG	astrocyte
ACCCAAACATCTCATT	oligodendrocyte_OPC
ACCCAAAGTAACCCGC	neuronal
ACCCAAAGTCCGGTCA	unresolved
ACCCAAAGTCTGTGGC	astrocyte
ACCCAAAGTTGTAAAG	unresolved
ACCCAAAGTTGTGTAC	oligodendrocyte_OPC
ACCCAAATCCTTCTGG	unresolved
ACCCAAATCGTGTCAA	oligodendrocyte_OPC
ACCCAAATCTCAATCT	unresolved
ACCCAAATCTGGACTA	neuronal
ACCCTCAAGACTCAAA	oligodendrocyte_OPC
ACCCTCACAGGATTCT	astrocyte
ACCCTCACATGACGAG	oligodendrocyte_OPC
ACCCTCAGTTTGTTCT	astrocyte
ACCCTCATCCCTTGTG	neuronal
ACCCTCATCCTGTACC	vascular
ACCCTTGAGACTCAAA	unresolved
ACCCTTGAGCACTCCG	astrocyte
ACCCTTGAGCATGCAG	oligodendrocyte_OPC
ACCCTTGAGTGTACAA	neuronal
ACCCTTGAGTGTCATC	oligodendrocyte_OPC
ACCCTTGCAATCGTCA	neuronal
ACCCTTGCACTTGGCG	unresolved
ACCCTTGCAGCGGTCT	vascular
ACCCTTGCATCAGTCA	astrocyte
ACCCTTGCATCTAACG	neuronal
ACCCTTGGTCGTCGGT	unresolved
ACCCTTGGTCTGTGAT	astrocyte
ACCCTTGGTGATACAA	neuronal
ACCCTTGTCACTGAAC	microglia_immune
ACCCTTGTCAGCGGAA	vascular
ACCCTTGTCGGACCAC	oligodendrocyte_OPC
ACCCTTGTCGTCAGAT	unresolved
ACCCTTGTCTATGCCC	neuronal
ACCGTTCAGAATCTAG	vascular
ACCGTTCAGAGTCGAC	oligodendrocyte_OPC
ACCGTTCAGATAGCTA	neuronal
ACCGTTCAGCGACTGA	neuronal
ACCGTTCAGCGTATGG	oligodendrocyte_OPC
ACCGTTCAGCGTTACT	unresolved
ACCGTTCAGTCATGGG	unresolved
ACCGTTCCACATCATG	oligodendrocyte_OPC
ACCGTTCCATCCGATA	unresolved
ACCGTTCGTCAACGCC	unresolved
ACCGTTCGTGAGATCG	oligodendrocyte_OPC
ACCGTTCGTGGTCTAT	astrocyte
ACCGTTCGTTGGACTT	oligodendrocyte_OPC
ACCGTTCTCAGCCTTC	astrocyte
ACCGTTCTCTCTATAC	unresolved
ACCTACCAGGACTAAT	vascular
ACCTACCAGGATTTCC	neuronal
ACCTACCAGGCTAGCA	unresolved
ACCTACCAGGGTTTCT	oligodendrocyte_OPC
ACCTACCCAAGACGGT	astrocyte
ACCTACCCAGACGCTC	oligodendrocyte_OPC
ACCTACCCAGTTCTAG	neuronal
ACCTACCGTGAAGCTG	unresolved
ACCTACCGTGTAACGG	unresolved
ACCTACCGTGTCCGGT	unresolved
ACCTACCGTTCCTAAG	unresolved
ACCTACCTCAACTACG	neuronal
ACCTACCTCCAACCGG	neuronal
ACCTACCTCCAATCTT	oligodendrocyte_OPC
ACCTACCTCCGATAGT	neuronal
ACCTACCTCGCTGTCT	astrocyte
ACCTACCTCTATGTGG	astrocyte
ACCTACCTCTGGGATT	astrocyte
ACCTGAAAGAGGTGCT	oligodendrocyte_OPC
ACCTGAAAGCCAAGTG	neuronal
ACCTGAAAGCCTTCTC	unresolved
ACCTGAAAGGGTGAAA	astrocyte
ACCTGAAAGGTTCCAT	oligodendrocyte_OPC
ACCTGAACAACACGTT	unresolved
ACCTGAACAATACCCA	neuronal
ACCTGAACAGCAGTTT	vascular
ACCTGAACAGGTCCGT	unresolved
ACCTGAACATAACCCA	microglia_immune
ACCTGAAGTCGCATGC	oligodendrocyte_OPC
ACCTGAAGTGGTAATA	neuronal
ACCTGAAGTGTCTTCC	oligodendrocyte_OPC
ACCTGAAGTTAGGGAC	astrocyte
ACCTGAAGTTCGAACT	oligodendrocyte_OPC
ACCTGAAGTTGCCGCA	unresolved
ACCTGAATCAGTGCGC	vascular
ACCTGAATCCTATGGA	oligodendrocyte_OPC
ACCTGAATCGATTTCT	unresolved
ACCTGAATCGGCATAT	oligodendrocyte_OPC
ACCTGAATCGTGCTCT	microglia_immune
ACCTGAATCTTAGTTC	astrocyte
ACCTGTCAGCCGTAAG	unresolved
ACCTGTCAGCGCGTTC	neuronal
ACCTGTCCACACGGTC	astrocyte
ACCTGTCCACGAGGTA	unresolved
ACCTGTCCACGCCACA	unresolved
ACCTGTCCATGACAAA	unresolved
ACCTGTCGTTGGGTAG	neuronal
ACCTGTCTCATTGCCC	unresolved
ACCTGTCTCCATATGG	unresolved
ACCTGTCTCCTTCTTC	unresolved
ACCTGTCTCTGCGTCT	oligodendrocyte_OPC
ACGATCAAGAACTGAT	astrocyte
ACGATCAAGCGGTAGT	neuronal
ACGATCAAGCTAGTTC	ambiguous_or_doublet
ACGATCAAGGAAAGAC	unresolved
ACGATCAAGGGTCACA	astrocyte
ACGATCAAGGTCGTCC	unresolved
ACGATCACAAACTCGT	oligodendrocyte_OPC
ACGATCACAATAACGA	oligodendrocyte_OPC
ACGATCACAGCTGTCG	microglia_immune
ACGATCACATACCATG	unresolved
ACGATCACATAGCTGT	unresolved
ACGATCAGTAGGCAAC	unresolved
ACGATCAGTGTTGACT	unresolved
ACGATCATCATTACGG	neuronal
ACGATCATCCAACCAA	oligodendrocyte_OPC
ACGATCATCTGTCAGA	microglia_immune
ACGATGTAGTTACGTC	oligodendrocyte_OPC
ACGATGTCAAGCCCAC	astrocyte
ACGATGTCACCCTCTA	neuronal
ACGATGTCAGCGTAGA	unresolved
ACGATGTCAGTTTCGA	oligodendrocyte_OPC
ACGATGTCATGACGGA	unresolved
ACGATGTCATGGAGAC	astrocyte
ACGATGTGTCACAGTT	neuronal
ACGATGTGTCTGTGCG	unresolved
ACGATGTGTTAGCTAC	oligodendrocyte_OPC
ACGATGTGTTCCAGGC	unresolved
ACGATGTTCAGGAACG	astrocyte
ACGATGTTCCACTTCG	oligodendrocyte_OPC
ACGATGTTCGCCAGAC	astrocyte
ACGATGTTCGGACGTC	unresolved
ACGATGTTCTAAGCCA	unresolved
ACGATGTTCTCGGTAA	vascular
ACGATGTTCTCTAAGG	unresolved
ACGCACGAGAATTGTG	neuronal
ACGCACGAGCACCCAC	oligodendrocyte_OPC
ACGCACGAGCCGGATA	oligodendrocyte_OPC
ACGCACGAGCTGTTAC	unresolved
ACGCACGAGTTCCATG	neuronal
ACGCACGCAACACTAC	neuronal
ACGCACGCAACTCATG	astrocyte
ACGCACGCAGGTTCGC	unresolved
ACGCACGCATCGTCCT	neuronal
ACGCACGCATTGACAC	oligodendrocyte_OPC
ACGCACGGTATCACGT	oligodendrocyte_OPC
ACGCACGGTCCTCATC	unresolved
ACGCACGGTGCAGGAT	oligodendrocyte_OPC
ACGCACGGTTTACACG	unresolved
ACGCACGTCCTCTCGA	microglia_immune
ACGCACGTCGCAGAGA	unresolved
ACGGAAGAGATTCGCT	neuronal
ACGGAAGCAACAGTGG	oligodendrocyte_OPC
ACGGAAGCACGCCAGT	astrocyte
ACGGAAGCATCCGCGA	astrocyte
ACGGAAGGTAGGCTCC	neuronal
ACGGAAGGTCCGTACG	neuronal
ACGGAAGGTCTCGACG	neuronal
ACGGAAGGTGCCTTTC	unresolved
ACGGAAGGTTCTCCTG	unresolved
ACGGAAGGTTGTTGCA	ambiguous_or_doublet
ACGGAAGGTTTCGTAG	oligodendrocyte_OPC
ACGGAAGTCGGCTGAC	neuronal
ACGGAAGTCGTGCACG	astrocyte
ACGGAAGTCGTGGACC	astrocyte
ACGGAAGTCTAGTGTG	astrocyte
ACGGAAGTCTGAGGTT	neuronal
ACGGGTCAGCGTCTGC	neuronal
ACGGGTCAGTCGCGAA	astrocyte
ACGGGTCCAACTCATG	astrocyte
ACGGGTCCACATCCCT	neuronal
ACGGGTCCACTTACAG	unresolved
ACGGGTCCAGAGGAAA	unresolved
ACGGGTCCAGTCTTCC	oligodendrocyte_OPC
ACGGGTCCATACCACA	unresolved
ACGGGTCGTAACGGTG	unresolved
ACGGGTCGTAATACCC	unresolved
ACGGGTCGTACGTTCA	unresolved
ACGGGTCGTCGCGGTT	neuronal
ACGGGTCGTTCTCGTC	unresolved
ACGGGTCTCAATCAGC	oligodendrocyte_OPC
ACGGGTCTCACTACGA	astrocyte
ACGGGTCTCCTTATCA	microglia_immune
ACGGTCGAGAACAGGA	neuronal
ACGGTCGAGAGTGTGC	astrocyte
ACGGTCGAGGGTCAAC	astrocyte
ACGGTCGAGGTAAGTT	unresolved
ACGGTCGAGTATGAGT	unresolved
ACGGTCGAGTTTCTTC	neuronal
ACGGTCGCAAATCAGA	unresolved
ACGGTCGCAATGTTGC	astrocyte
ACGGTCGCAGCCCACA	unresolved
ACGGTCGCATTGGATC	neuronal
ACGGTCGGTAAGATTG	neuronal
ACGGTCGGTAGCTGTT	unresolved
ACGGTCGGTATTCTCT	oligodendrocyte_OPC
ACGGTCGGTCATATGC	astrocyte
ACGGTCGGTTCCCACT	neuronal
ACGGTCGGTTGGGAAC	oligodendrocyte_OPC
ACGGTCGTCGACTCCT	unresolved
ACGGTCGTCGCTGCGA	neuronal
ACGGTCGTCGGACAAG	unresolved
ACGGTTAAGAGTCAAT	astrocyte
ACGGTTAAGCACACCC	astrocyte
ACGGTTAAGGCACTCC	astrocyte
ACGGTTACACAAGTGG	unresolved
ACGGTTACACATTCGA	neuronal
ACGGTTACACGTCTCT	unresolved
ACGGTTACACTATCCC	astrocyte
ACGGTTACAGAAGTTA	unresolved
ACGGTTACATCTTCGC	unresolved
ACGGTTACATTGAGCT	unresolved
ACGGTTACATTGCTGA	oligodendrocyte_OPC
ACGGTTAGTCCATAGT	astrocyte
ACGGTTATCCTCTCGA	oligodendrocyte_OPC
ACGGTTATCGTAGCTA	microglia_immune
ACGGTTATCTGCACCT	unresolved
ACGGTTATCTGGCCAG	microglia_immune
ACGGTTATCTTGGTGA	neuronal
ACGTAACAGACATATG	unresolved
ACGTAACAGATGACAT	neuronal
ACGTAACAGGGTTTCT	unresolved
ACGTAACAGTGGTCAG	oligodendrocyte_OPC
ACGTAACGTCATCACA	unresolved
ACGTAACGTCGTGTTA	unresolved
ACGTAACGTGAATGAT	microglia_immune
ACGTAACGTGAGGCAT	unresolved
ACGTAACTCACGAGGA	unresolved
ACGTAACTCCATTGTT	oligodendrocyte_OPC
ACGTACACAATGCAGG	oligodendrocyte_OPC
ACGTACACAATTGAAG	astrocyte
ACGTACACACACCTGG	astrocyte
ACGTACACAGACACCC	neuronal
ACGTACACAGCGATTT	unresolved
ACGTACACAGTGTGGA	neuronal
ACGTACACATCGCTGG	astrocyte
ACGTACAGTATGCGGA	astrocyte
ACGTACAGTCTGCATA	neuronal
ACGTACAGTGGAATGC	oligodendrocyte_OPC
ACGTACAGTGTATTGC	unresolved
ACGTACATCCGATTAG	oligodendrocyte_OPC
ACGTACATCTTGTGCC	oligodendrocyte_OPC
ACGTAGTAGCTTTGTG	neuronal
ACGTAGTAGGACATCG	unresolved
ACGTAGTAGTGCACCC	oligodendrocyte_OPC
ACGTAGTCAAAGTGTA	oligodendrocyte_OPC
ACGTAGTGTCTGTGAT	unresolved
ACGTAGTGTGAACGGT	unresolved
ACGTAGTTCACTGTTT	unresolved
ACGTAGTTCCCGAACG	oligodendrocyte_OPC
ACGTAGTTCGTTGTGA	unresolved
ACGTCCTAGAACTCCT	neuronal
ACGTCCTAGGTCGACA	neuronal
ACGTCCTAGGTGAGAA	unresolved
ACGTCCTAGGTTTACC	unresolved
ACGTCCTCAACCGATT	unresolved
ACGTCCTCAAGCGCTC	oligodendrocyte_OPC
ACGTCCTCACAGTCAT	neuronal
ACGTCCTCATTCGATG	neuronal
ACGTCCTGTCCTCCTA	unresolved
ACGTCCTGTTGGGAAC	unresolved
ACGTCCTTCGATAACC	unresolved
ACGTCCTTCGCACTCT	neuronal
ACGTCCTTCTCTTCAA	unresolved
ACGTTCCAGAATCTAG	neuronal
ACGTTCCAGCCTGCCA	unresolved
ACGTTCCAGCCTGTCG	unresolved
ACGTTCCAGGTAAGTT	astrocyte
ACGTTCCAGTAGGATT	oligodendrocyte_OPC
ACGTTCCCAGTCAGAG	unresolved
ACGTTCCCATTCCTAT	neuronal
ACGTTCCGTAGCGTTT	unresolved
ACGTTCCTCAAGCCGC	neuronal
ACGTTCCTCCGTATAG	unresolved
ACGTTCCTCGAGAAGC	neuronal
ACGTTCCTCGCAATGT	astrocyte
ACGTTCCTCTTACACT	unresolved
ACTACGAAGATACGAT	oligodendrocyte_OPC
ACTACGAAGGTCGAGT	oligodendrocyte_OPC
ACTACGAAGTAGAATC	astrocyte
ACTACGAAGTAGGATT	unresolved
ACTACGACAATGTTGC	neuronal
ACTACGACAGATTAAG	neuronal
ACTACGACATCTTAGG	unresolved
ACTACGACATGCACTA	unresolved
ACTACGAGTACACGTT	astrocyte
ACTACGAGTAGACACG	oligodendrocyte_OPC
ACTACGAGTCATATGC	unresolved
ACTACGAGTCATTGCA	neuronal
ACTACGATCCGTGGTG	microglia_immune
ACTACGATCGCGTGAC	unresolved
ACTACGATCGGCACTG	unresolved
ACTACGATCTCACGAA	astrocyte
ACTACGATCTCTTAAC	neuronal
ACTACGATCTGTGTGA	neuronal
ACTATCTAGCCTCACG	oligodendrocyte_OPC
ACTATCTCAAGCAGGT	neuronal
ACTATCTCAGAGTCAG	astrocyte
ACTATCTCAGTGGCTC	oligodendrocyte_OPC
ACTATCTCAGTTACCA	unresolved
ACTATCTCATCACGGC	unresolved
ACTATCTGTAACTTCG	neuronal
ACTATCTGTAGTGTGG	neuronal
ACTATCTGTCATACCA	oligodendrocyte_OPC
ACTATCTTCCCGTGTT	neuronal
ACTATCTTCGACCACG	oligodendrocyte_OPC
ACTATCTTCGTAGCTA	neuronal
ACTATCTTCGTGTCAA	unresolved
ACTATCTTCTAACGCA	astrocyte
ACTATGGAGAGAGCAA	oligodendrocyte_OPC
ACTATGGAGCTCTTCC	astrocyte
ACTATGGAGGAGTACC	unresolved
ACTATGGAGGTCACTT	oligodendrocyte_OPC
ACTATGGAGTCACGAG	neuronal
ACTATGGAGTGCCCGT	neuronal
ACTATGGCAAATGCGG	astrocyte
ACTATGGCACGACGTC	neuronal
ACTATGGCACGGTAGA	unresolved
ACTATGGCAGGAGGAG	astrocyte
ACTATGGCATGCAGCC	astrocyte
ACTATGGGTCGCAACC	astrocyte
ACTATGGGTGACTCTA	oligodendrocyte_OPC
ACTATGGGTGTTGAGG	astrocyte
ACTATGGTCAACTGAC	astrocyte
ACTATGGTCAATCTTC	unresolved
ACTATGGTCACGACTA	unresolved
ACTATGGTCCATGCAA	neuronal
ACTATGGTCCTAGCCT	neuronal
ACTATTCAGATGGGCT	neuronal
ACTATTCAGGGATGTC	astrocyte
ACTATTCAGGGCAGAG	unresolved
ACTATTCCAGTGTGGA	neuronal
ACTATTCGTCACGTGC	unresolved
ACTATTCGTGTCCGGT	astrocyte
ACTATTCGTTCCGGTG	unresolved
ACTATTCGTTTGCCGG	unresolved
ACTATTCTCACAACCA	unresolved
ACTATTCTCCTGATAG	unresolved
ACTCCCAAGAGGTGCT	unresolved
ACTCCCAAGGGCCTCT	unresolved
ACTCCCAAGGTGGGTT	astrocyte
ACTCCCACAAATAGCA	microglia_immune
ACTCCCACAGTTAGAA	oligodendrocyte_OPC
ACTCCCACATGACGAG	oligodendrocyte_OPC
ACTCCCAGTCGACGCT	neuronal
ACTCCCAGTGTCTTGA	microglia_immune
ACTCCCAGTTGGCCGT	unresolved
ACTCCCATCAGCTGAT	unresolved
ACTCCCATCAGGTAAA	astrocyte
ACTCCCATCCACCCTA	unresolved
ACTCCCATCCGAGTGC	neuronal
ACTCCCATCCTGTTGC	unresolved
ACTCCCATCGACATTG	astrocyte
ACTCCCATCTCCGAAA	unresolved
ACTCCCATCTGGGCCA	unresolved
ACTCTCGAGATGAAGG	unresolved
ACTCTCGCAATAGGAT	oligodendrocyte_OPC
ACTCTCGCAGCGCGTT	unresolved
ACTCTCGCATGACAAA	oligodendrocyte_OPC
ACTCTCGCATTGCTGA	unresolved
ACTCTCGGTATCGCAT	astrocyte
ACTCTCGGTGACCGAA	neuronal
ACTCTCGGTGCACGCT	unresolved
ACTCTCGGTGTTAGCT	oligodendrocyte_OPC
ACTCTCGGTTCGTTCC	unresolved
ACTCTCGGTTGGCCTG	unresolved
ACTCTCGGTTTACTGG	oligodendrocyte_OPC
ACTCTCGTCCGTTGAA	neuronal
ACTCTCGTCCTTATCA	neuronal
ACTCTCGTCGACGCTG	oligodendrocyte_OPC
ACTCTCGTCTAGGCCG	unresolved
ACTGATGAGAGAACCC	oligodendrocyte_OPC
ACTGATGAGATCGACG	unresolved
ACTGATGAGGATTTCC	unresolved
ACTGATGAGGCGTTAG	unresolved
ACTGATGAGTGGAAGA	unresolved
ACTGATGAGTTGAATG	unresolved
ACTGATGCACCACATA	vascular
ACTGATGCACGCTGTG	astrocyte
ACTGATGCATTCCTAT	unresolved
ACTGATGGTCGATTTG	unresolved
ACTGATGGTCGGTGTC	astrocyte
ACTGATGGTTATAGAG	astrocyte
ACTGATGTCGGAGTGA	astrocyte
ACTGATGTCGTTCAGA	unresolved
ACTGATGTCGTTTACT	unresolved
ACTGCAAAGAGTTCGG	astrocyte
ACTGCAAAGAGTTGCG	neuronal
ACTGCAAAGGGTCTTT	neuronal
ACTGCAACAACGCATT	astrocyte
ACTGCAACAAGTGGGT	unresolved
ACTGCAACAATAGTGA	unresolved
ACTGCAAGTAATACCC	oligodendrocyte_OPC
ACTGCAAGTCCACATA	vascular
ACTGCAAGTCGATTCA	unresolved
ACTGCAAGTTAATCGC	neuronal
ACTGCAATCCACTGGG	vascular
ACTGCAATCGTTGTAG	unresolved
ACTGTCCAGATCGACG	neuronal
ACTGTCCAGGACTAAT	oligodendrocyte_OPC
ACTGTCCCAGGTCAGA	unresolved
ACTGTCCCAGTTACCA	unresolved
ACTGTCCCATGTTCGA	oligodendrocyte_OPC
ACTGTCCTCACCGCTT	oligodendrocyte_OPC
ACTGTCCTCAGACCTA	unresolved
ACTGTCCTCCACGGAC	unresolved
ACTGTGAAGGACTATA	unresolved
ACTGTGACAACTTGGT	oligodendrocyte_OPC
ACTGTGACAATTCTTC	neuronal
ACTGTGAGTCACTGAT	astrocyte
ACTGTGAGTCGAGATG	oligodendrocyte_OPC
ACTGTGAGTCTACAAC	unresolved
ACTGTGAGTTTCGACA	oligodendrocyte_OPC
ACTGTGATCGCTAGCG	unresolved
ACTGTGATCGTAGGGA	oligodendrocyte_OPC
ACTGTGATCTCGCTCA	oligodendrocyte_OPC
ACTGTGATCTTTGCGC	unresolved
ACTTAGGAGAATGTTG	neuronal
ACTTAGGAGATGTTGA	neuronal
ACTTAGGAGCTAAGTA	unresolved
ACTTAGGAGGACTTCT	unresolved
ACTTAGGAGGATATAC	astrocyte
ACTTAGGAGGATTCAA	astrocyte
ACTTAGGAGGCCCACT	unresolved
ACTTAGGAGTATAACG	vascular
ACTTAGGGTACCTTCC	unresolved
ACTTAGGGTATGCAAA	astrocyte
ACTTAGGGTATGCTAC	neuronal
ACTTAGGGTCCAAATC	microglia_immune
ACTTAGGGTCGCAGTC	unresolved
ACTTAGGGTCTAGATC	neuronal
ACTTAGGGTGCTTCAA	oligodendrocyte_OPC
ACTTAGGGTTAGCTAC	astrocyte
ACTTAGGTCCAGTGCG	neuronal
ACTTAGGTCTGAATGC	neuronal
ACTTAGGTCTTTCAGT	oligodendrocyte_OPC
ACTTATCAGCCAAGGT	unresolved
ACTTATCAGGAGATAG	oligodendrocyte_OPC
ACTTATCAGGTTAAAC	neuronal
ACTTATCAGTGGTTCT	unresolved
ACTTATCCAAATGGCG	astrocyte
ACTTATCCATAATCGC	oligodendrocyte_OPC
ACTTATCGTAACCCTA	unresolved
ACTTATCGTAGAAACT	astrocyte
ACTTATCGTATGCGGA	astrocyte
ACTTATCGTCGAACGA	oligodendrocyte_OPC
ACTTATCGTGCCCAGT	neuronal
ACTTATCGTTGATGTC	microglia_immune
ACTTATCTCTAGCCAA	neuronal
ACTTATCTCTGGTCAA	unresolved
ACTTCCGAGAACTCCT	oligodendrocyte_OPC
ACTTCCGAGACCTGGA	oligodendrocyte_OPC
ACTTCCGAGACGGTCA	neuronal
ACTTCCGAGCAGCGAT	unresolved
ACTTCCGAGTAGAGTT	unresolved
ACTTCCGCACTGAATC	unresolved
ACTTCCGCAGACGATG	astrocyte
ACTTCCGCAGGACTTT	unresolved
ACTTCCGCATAACGGG	unresolved
ACTTCCGCATTGTGCA	astrocyte
ACTTCCGGTGTTTCTT	neuronal
ACTTCCGGTTCGGCTG	unresolved
ACTTCCGTCCTCTTTC	astrocyte
ACTTCCGTCTGTCCCA	oligodendrocyte_OPC
ACTTCGCAGAAACTAC	astrocyte
ACTTCGCCAAAGGAGA	oligodendrocyte_OPC
ACTTCGCCAACCGATT	unresolved
ACTTCGCCACGCGTCA	unresolved
ACTTCGCCATCTCGTC	unresolved
ACTTCGCGTAACGTTC	oligodendrocyte_OPC
ACTTCGCGTATAGGGC	neuronal
ACTTCGCGTCAACATC	oligodendrocyte_OPC
ACTTCGCGTCATAACC	unresolved
ACTTCGCGTGAGCCAA	unresolved
ACTTCGCTCATGTCAG	unresolved
ACTTCGCTCCACAGCG	neuronal
ACTTCGCTCTACTGAG	unresolved
ACTTTCAAGAGGGTGG	neuronal
ACTTTCAAGCAAATGT	neuronal
ACTTTCAAGCCAAGCA	astrocyte
ACTTTCAAGGACAAGA	neuronal
ACTTTCACAAGTGTCT	neuronal
ACTTTCACACATATCG	unresolved
ACTTTCACACTCCGAG	neuronal
ACTTTCACAGAGACTG	oligodendrocyte_OPC
ACTTTCACAGAGGACT	vascular
ACTTTCAGTAAGTAGT	unresolved
ACTTTCAGTACGGGAT	oligodendrocyte_OPC
ACTTTCAGTAGCGTAG	astrocyte
ACTTTCAGTCAACATC	unresolved
ACTTTCAGTCAACGCC	unresolved
ACTTTCAGTCAAGCCC	oligodendrocyte_OPC
ACTTTCAGTGTCTTCC	unresolved
ACTTTCATCCGGCTTT	unresolved
ACTTTCATCTAGACAC	astrocyte
ACTTTCATCTCAGAAC	astrocyte
ACTTTCATCTTTCCAA	unresolved
ACTTTGTAGCCATTGT	astrocyte
ACTTTGTAGTGCCCGT	unresolved
ACTTTGTCACCTGCTT	unresolved
ACTTTGTCACTGTTCC	astrocyte
ACTTTGTGTCATCCCT	oligodendrocyte_OPC
ACTTTGTGTGTCTCCT	oligodendrocyte_OPC
ACTTTGTGTTCCGGTG	unresolved
ACTTTGTGTTTCGACA	astrocyte
ACTTTGTTCATTGCCC	unresolved
ACTTTGTTCATTTGGG	ambiguous_or_doublet
ACTTTGTTCGCACTCT	astrocyte
ACTTTGTTCTAGTTCT	oligodendrocyte_OPC
ACTTTGTTCTGAGGCC	oligodendrocyte_OPC
AGAAATGAGAGTTGCG	oligodendrocyte_OPC
AGAAATGAGCTGTACT	unresolved
AGAAATGAGGGACTGT	unresolved
AGAAATGAGTGCTCGC	microglia_immune
AGAAATGAGTTCACTG	vascular
AGAAATGCAAGTGGTG	unresolved
AGAAATGCACCCTGAG	unresolved
AGAAATGCAGACAAAT	astrocyte
AGAAATGGTGTTAAAG	unresolved
AGAAATGGTTACCCAA	unresolved
AGAAATGGTTCCCACT	neuronal
AGAAATGGTTGCATAC	oligodendrocyte_OPC
AGAAATGTCAAGGTGG	unresolved
AGAAATGTCATTACCT	neuronal
AGAAATGTCCAAATGC	astrocyte
AGAAATGTCGAGTGGA	neuronal
AGAACAAAGAAGAGCA	unresolved
AGAACAAAGAGGACTC	astrocyte
AGAACAAAGCAACAAT	unresolved
AGAACAAAGGCCCAAA	unresolved
AGAACAAAGTCGGCCT	unresolved
AGAACAACAAGACCGA	unresolved
AGAACAACACGAAAGC	unresolved
AGAACAACATTCCTAT	unresolved
AGAACAAGTAACTGCT	astrocyte
AGAACAAGTATGAGGC	ambiguous_or_doublet
AGAACAAGTGCCCAGT	astrocyte
AGAACAAGTGGAATGC	unresolved
AGAACAAGTTCTCTAT	oligodendrocyte_OPC
AGAACAATCAGTCCGG	astrocyte
AGAACAATCCCAAGTA	unresolved
AGAACAATCCGAGCTG	oligodendrocyte_OPC
AGAACCTCAACCACGC	neuronal
AGAACCTCAAGAGATT	neuronal
AGAACCTCACACGGTC	oligodendrocyte_OPC
AGAACCTGTAAGCAAT	unresolved
AGAACCTGTACGTTCA	unresolved
AGAACCTGTCAGACTT	unresolved
AGAACCTGTCTGCGCA	unresolved
AGAACCTGTGGGCTTC	oligodendrocyte_OPC
AGAACCTGTTCGGCCA	unresolved
AGAACCTTCATGCTAG	oligodendrocyte_OPC
AGAACCTTCCCGTTGT	oligodendrocyte_OPC
AGAACCTTCCGGCAAC	unresolved
AGAACCTTCTGCTGAA	neuronal
AGAAGCGAGAATCGTA	astrocyte
AGAAGCGAGGCCTTGC	unresolved
AGAAGCGAGTAAACAC	neuronal
AGAAGCGAGTAGGCCA	astrocyte
AGAAGCGAGTGAGTGC	neuronal
AGAAGCGCAATTGGTC	neuronal
AGAAGCGCACCATTCC	oligodendrocyte_OPC
AGAAGCGCACGTACTA	unresolved
AGAAGCGCATCGAACT	unresolved
AGAAGCGGTCCACTTC	oligodendrocyte_OPC
AGAAGCGGTCCTGGGT	astrocyte
AGAAGCGGTCTTCGAA	neuronal
AGAAGCGGTTGGATCT	neuronal
AGAAGCGTCAGTCCGG	oligodendrocyte_OPC
AGAAGCGTCTAAGGAA	oligodendrocyte_OPC
AGAAGCGTCTCCGATC	astrocyte
AGAAGCGTCTTCGGAA	unresolved
AGAAGTAAGATCCGAG	neuronal
AGAAGTACACCGCTAG	astrocyte
AGAAGTACAGCGACCT	oligodendrocyte_OPC
AGAAGTACATGAAAGT	oligodendrocyte_OPC
AGAAGTAGTCTACTGA	oligodendrocyte_OPC
AGAAGTAGTGGGATTG	unresolved
AGAAGTAGTTCTAAGC	oligodendrocyte_OPC
AGAAGTATCAAATGCC	oligodendrocyte_OPC
AGAAGTATCAGACCCG	neuronal
AGAAGTATCCCGAATA	oligodendrocyte_OPC
AGAAGTATCGCTACGG	microglia_immune
AGAAGTATCGTGGCGT	neuronal
AGAAGTATCTAAGCCA	unresolved
AGACAAAAGAACCCGA	unresolved
AGACAAAAGACGATAT	unresolved
AGACAAAAGAGCCATG	astrocyte
AGACAAAAGCCTTTGA	neuronal
AGACAAAAGTTGTACC	microglia_immune
AGACAAACAAGGGTCA	neuronal
AGACAAACACCTTCCA	astrocyte
AGACAAACAGTAACGG	neuronal
AGACAAAGTCCATACA	unresolved
AGACAAAGTTGTGTAC	microglia_immune
AGACAAATCATGGTAC	astrocyte
AGACAAATCCCATTTA	oligodendrocyte_OPC
AGACAAATCCCTGTTG	oligodendrocyte_OPC
AGACAAATCGACATCA	unresolved
AGACAAATCGGAGCAA	neuronal
AGACAAATCTGCTCTG	oligodendrocyte_OPC
AGACACTAGGTAGCCA	oligodendrocyte_OPC
AGACACTCACGAAGAC	astrocyte
AGACACTGTTACCCAA	oligodendrocyte_OPC
AGACACTGTTGTACGT	astrocyte
AGACACTGTTTGGAGG	astrocyte
AGACACTTCACCTTAT	neuronal
AGACACTTCCAGTGTA	oligodendrocyte_OPC
AGACACTTCCGGGACT	neuronal
AGACACTTCCTTGGAA	astrocyte
AGACACTTCTGCTTAT	neuronal
AGACACTTCTTACCAT	astrocyte
AGACACTTCTTCGATT	oligodendrocyte_OPC
AGACAGGAGACGTCCC	unresolved
AGACAGGAGGAAAGTG	oligodendrocyte_OPC
AGACAGGAGGATAATC	oligodendrocyte_OPC
AGACAGGCACACCTTC	microglia_immune
AGACAGGCACTAGAGG	astrocyte
AGACAGGGTCAGGAGT	oligodendrocyte_OPC
AGACAGGTCAACCCGG	unresolved
AGACAGGTCACCCTGT	microglia_immune
AGACAGGTCCCGAACG	neuronal
AGACAGGTCCGTAATG	oligodendrocyte_OPC
AGACAGGTCGAGAGCA	astrocyte
AGACAGGTCTCTTGCG	oligodendrocyte_OPC
AGACCATAGATGGTAT	astrocyte
AGACCATCAGCGAACA	oligodendrocyte_OPC
AGACCATCAGGTGTGA	neuronal
AGACCATGTACCCGCA	oligodendrocyte_OPC
AGACCATGTAGTGATA	astrocyte
AGACCATGTAGTGTGG	neuronal
AGACCATTCACCTTGC	unresolved
AGACCATTCAGGACAG	unresolved
AGACCATTCATCTATC	unresolved
AGACCATTCTATTTCG	oligodendrocyte_OPC
AGACCCGAGGCATCTT	unresolved
AGACCCGAGGCCCGTT	neuronal
AGACCCGCAACACTAC	microglia_immune
AGACCCGCACACAGAG	unresolved
AGACCCGCACCCAATA	oligodendrocyte_OPC
AGACCCGCACCCTGTT	neuronal
AGACCCGCACGCGGTT	unresolved
AGACCCGCAGTTAAAG	oligodendrocyte_OPC
AGACCCGCATGCGTGC	astrocyte
AGACCCGGTAACACCT	unresolved
AGACCCGGTAACGCGA	unresolved
AGACCCGGTGGCTACC	neuronal
AGACCCGGTTCTCTCG	oligodendrocyte_OPC
AGACCCGTCAAGTGTC	unresolved
AGACCCGTCAGCGTCG	astrocyte
AGACCCGTCCCGTGAG	unresolved
AGACCCGTCCTATGGA	unresolved
AGACCCGTCTTTGCTA	oligodendrocyte_OPC
AGACTCAAGATCGCTT	unresolved
AGACTCAAGATGTAGT	unresolved
AGACTCAAGGCCATAG	ambiguous_or_doublet
AGACTCAAGTTATGGA	neuronal
AGACTCACAATGAACA	neuronal
AGACTCACACAAATAG	unresolved
AGACTCACACGGCTAC	neuronal
AGACTCACACTCCTGT	astrocyte
AGACTCAGTACTCGCG	astrocyte
AGACTCAGTATCGCGC	neuronal
AGACTCAGTATGAGAT	oligodendrocyte_OPC
AGACTCAGTGAGTTTC	unresolved
AGACTCAGTGCCTTTC	astrocyte
AGACTCAGTGTGAGCA	oligodendrocyte_OPC
AGACTCAGTTCAAAGA	neuronal
AGACTCATCTAGTGAC	unresolved
AGAGAATAGCTTACGT	astrocyte
AGAGAATAGTGATAGT	astrocyte
AGAGAATCACAGTCCG	neuronal
AGAGAATCACATCCCT	unresolved
AGAGAATCACTTGTGA	neuronal
AGAGAATCAGGTTCCG	oligodendrocyte_OPC
AGAGAATGTTCAGTAC	neuronal
AGAGAATGTTGTGCCG	vascular
AGAGAATGTTTGGAGG	oligodendrocyte_OPC
AGAGAATTCGAAATCC	unresolved
AGAGAATTCGATCCAA	oligodendrocyte_OPC
AGAGAATTCGTACACA	astrocyte
AGAGAATTCTACACAG	astrocyte
AGAGAATTCTGTGCTC	unresolved
AGAGAGCAGCAATTCC	astrocyte
AGAGAGCAGCATGGGT	oligodendrocyte_OPC
AGAGAGCAGTCACTGT	neuronal
AGAGAGCGTACGTGAG	neuronal
AGAGAGCGTAGGTCAG	astrocyte
AGAGAGCGTCAAAGCG	oligodendrocyte_OPC
AGAGAGCGTCTCGGAC	unresolved
AGAGAGCGTTGCAAGG	oligodendrocyte_OPC
AGAGAGCGTTTATGCG	vascular
AGAGAGCTCCGACAGC	neuronal
AGAGAGCTCGATCCAA	unresolved
AGAGCAGAGAGAGAAC	astrocyte
AGAGCAGAGCAGGGAG	oligodendrocyte_OPC
AGAGCAGAGGTAGTCG	neuronal
AGAGCAGCAATTGAAG	unresolved
AGAGCAGCACCTCAGG	unresolved
AGAGCAGGTAGAAACT	unresolved
AGAGCAGGTATACCCA	unresolved
AGAGCAGGTCCAGTTA	unresolved
AGAGCAGGTCTCAAGT	unresolved
AGAGCAGGTGAACGGT	unresolved
AGAGCAGGTTGGGATG	unresolved
AGAGCAGTCAAAGGAT	neuronal
AGAGCAGTCCTAGCTC	oligodendrocyte_OPC
AGAGCAGTCGGACGTC	oligodendrocyte_OPC
AGAGCAGTCGTAACTG	unresolved
AGAGCAGTCTACACTT	astrocyte
AGAGCAGTCTATTCGT	unresolved
AGAGCAGTCTCGTGGG	neuronal
AGAGCCCAGAAGATCT	unresolved
AGAGCCCAGAATCGCG	unresolved
AGAGCCCAGCGCGTTC	unresolved
AGAGCCCAGTAAATGC	neuronal
AGAGCCCAGTTACTCG	astrocyte
AGAGCCCCAACTGATC	oligodendrocyte_OPC
AGAGCCCCACTCTGCT	vascular
AGAGCCCCAGCCCAGT	neuronal
AGAGCCCGTCTAGATC	unresolved
AGAGCCCGTCTCCTGT	neuronal
AGAGCCCGTGACGCCT	neuronal
AGAGCCCGTGAGTTGG	astrocyte
AGAGCCCGTGATAGAT	unresolved
AGAGCCCGTGTTTCTT	oligodendrocyte_OPC
AGAGCCCGTTGTGCAT	microglia_immune
AGAGCCCTCCTGGTCT	neuronal
AGAGCCCTCTCGGCTT	oligodendrocyte_OPC
AGATAGAAGCTAATGA	unresolved
AGATAGAAGCTGGAGT	oligodendrocyte_OPC
AGATAGAAGTAGGAAG	neuronal
AGATAGACACGCACCA	unresolved
AGATAGACAGGTCCGT	neuronal
AGATAGACATGATAGA	astrocyte
AGATAGAGTACAGTAA	unresolved
AGATAGAGTGCATGAG	vascular
AGATAGAGTTCGGGTC	astrocyte
AGATAGAGTTTACCTT	unresolved
AGATAGATCGTGCACG	astrocyte
AGATCCAAGAGTACCG	neuronal
AGATCCAAGCAATTCC	unresolved
AGATCCAAGCATGCAG	oligodendrocyte_OPC
AGATCCAAGCGCTGCT	unresolved
AGATCCACAACCGTAT	astrocyte
AGATCCACAAGGTCAG	unresolved
AGATCCACACGACGCT	astrocyte
AGATCCACACTCCGAG	oligodendrocyte_OPC
AGATCCACAGTCTACA	astrocyte
AGATCCAGTAACAAGT	astrocyte
AGATCCAGTAGAGATT	unresolved
AGATCCAGTATGAGGC	neuronal
AGATCCAGTCCATAGT	unresolved
AGATCCAGTGGTCTAT	astrocyte
AGATCCATCAGCAATC	oligodendrocyte_OPC
AGATCCATCTGATTCT	unresolved
AGATCCATCTTGGCTC	oligodendrocyte_OPC
AGATCCATCTTTGCTA	neuronal
AGATCGTAGGATACAT	unresolved
AGATCGTAGGTAGTAT	unresolved
AGATCGTCACTGGCCA	neuronal
AGATCGTGTATCGCTA	astrocyte
AGATCGTGTCTGATAC	neuronal
AGATCGTGTCTGTCCT	unresolved
AGATCGTGTCTTTCAT	unresolved
AGATCGTGTTCCTAAG	unresolved
AGATCGTGTTGGACCC	unresolved
AGATCGTTCAAGTGGG	neuronal
AGATCGTTCCATTGGA	unresolved
AGATGAAAGACCTTTG	neuronal
AGATGAAAGCACGGAT	unresolved
AGATGAAAGGCACAAC	oligodendrocyte_OPC
AGATGAAAGTAAACTG	astrocyte
AGATGAAAGTAAATGC	unresolved
AGATGAAAGTATGAAC	oligodendrocyte_OPC
AGATGAAAGTGAATAC	oligodendrocyte_OPC
AGATGAACACGTCGTG	oligodendrocyte_OPC
AGATGAAGTAGAATGT	oligodendrocyte_OPC
AGATGAAGTATAGCTC	astrocyte
AGATGAAGTCCATAGT	unresolved
AGATGAAGTCTGTAAC	unresolved
AGATGAAGTGAGACCA	unresolved
AGATGAAGTTTAGACC	unresolved
AGATGAATCCACTAGA	oligodendrocyte_OPC
AGATGAATCCGTCAAA	unresolved
AGATGAATCGCGTGAC	ambiguous_or_doublet
AGATGAATCTCTGACC	unresolved
AGATGCTAGAGTGGCT	oligodendrocyte_OPC
AGATGCTAGCACGTCC	astrocyte
AGATGCTAGCGCCCAT	neuronal
AGATGCTAGTGGCAGT	neuronal
AGATGCTCAACAGCCC	oligodendrocyte_OPC
AGATGCTCACAGTCGC	vascular
AGATGCTCACGGGCTT	unresolved
AGATGCTCAGAAGCGT	astrocyte
AGATGCTCAGCATTGT	unresolved
AGATGCTCAGTATACC	neuronal
AGATGCTCATGTTTGG	ambiguous_or_doublet
AGATGCTGTACAATAG	oligodendrocyte_OPC
AGATGCTGTAGACTGG	unresolved
AGATGCTGTGCGTGCT	oligodendrocyte_OPC
AGATGCTGTGGCTTAT	unresolved
AGATGCTGTTTACGTG	oligodendrocyte_OPC
AGATGCTTCAAACCTG	oligodendrocyte_OPC
AGATGCTTCAAGGCTT	unresolved
AGATGCTTCAGACCGC	astrocyte
AGATGCTTCATAGGCT	microglia_immune
AGATGCTTCCATGCAA	neuronal
AGATGCTTCGAACACT	microglia_immune
AGATGCTTCGCGTGAC	neuronal
AGCATCAAGCACCAGA	neuronal
AGCATCAAGCATTGTC	unresolved
AGCATCAAGCGACTAG	unresolved
AGCATCACAATCCTTT	astrocyte
AGCATCACAGATACCT	oligodendrocyte_OPC
AGCATCACAGGAACCA	unresolved
AGCATCACATGCAGCC	unresolved
AGCATCAGTAACGTTC	oligodendrocyte_OPC
AGCATCAGTACCGTCG	neuronal
AGCATCAGTGAATAAC	unresolved
AGCATCAGTTGGATCT	unresolved
AGCATCATCCCGTGTT	unresolved
AGCATCATCGAGTCTA	unresolved
AGCATCATCTCAGAAC	neuronal
AGCCAATAGAGTAACT	unresolved
AGCCAATAGGAACATT	neuronal
AGCCAATAGTCCTGTA	unresolved
AGCCAATAGTTGCCTA	unresolved
AGCCAATTCAGTCCGG	neuronal
AGCCAATTCGCAAGAG	unresolved
AGCCAATTCGGCTATA	astrocyte
AGCCAATTCGGTGCAC	unresolved
AGCCAATTCTAGTTCT	unresolved
AGCCAATTCTTCCGTG	unresolved
AGCCACGAGCAAGTCG	unresolved
AGCCACGCAATTAGGA	microglia_immune
AGCCACGCACAGTATC	oligodendrocyte_OPC
AGCCACGCACCTAAAC	neuronal
AGCCACGCACTCGATA	vascular
AGCCACGCAGTCGGTC	unresolved
AGCCACGCATCGATGT	oligodendrocyte_OPC
AGCCACGCATGCCATA	unresolved
AGCCACGCATTCTCTA	neuronal
AGCCACGGTCCCTGAG	unresolved
AGCCACGGTCGTATTG	astrocyte
AGCCACGGTTCCTAGA	neuronal
AGCCACGTCCCTTCCC	unresolved
AGCCACGTCTGCCTGT	astrocyte
AGCCAGCAGAAGCTCG	unresolved
AGCCAGCAGTGGCCTC	neuronal
AGCCAGCCAAAGCGTG	unresolved
AGCCAGCCAAGATCCT	neuronal
AGCCAGCCACGCGGTT	astrocyte
AGCCAGCCAGTTCCAA	unresolved
AGCCAGCCAGTTGGTT	unresolved
AGCCAGCCATTGACCA	unresolved
AGCCAGCGTATCAAGA	unresolved
AGCCAGCGTATGGTTC	unresolved
AGCCAGCGTCATAACC	neuronal
AGCCAGCGTTTGAACC	astrocyte
AGCCAGCTCGTTCTCG	neuronal
AGCCAGCTCTAAACGC	neuronal
AGCCAGCTCTAGGCCG	oligodendrocyte_OPC
AGCCAGCTCTCCGATC	oligodendrocyte_OPC
AGCCAGCTCTGTTGGA	neuronal
AGCCAGCTCTTTGCAT	neuronal
AGCGATTAGAACGTGC	unresolved
AGCGATTAGACGCAGT	unresolved
AGCGATTAGACTTGTC	astrocyte
AGCGATTAGCCGGATA	astrocyte
AGCGATTAGGCGTCCT	unresolved
AGCGATTGTACGTTCA	astrocyte
AGCGATTGTAGCTTTG	oligodendrocyte_OPC
AGCGATTGTCTACACA	astrocyte
AGCGATTGTGGAGAAA	oligodendrocyte_OPC
AGCGATTGTGGGCTCT	oligodendrocyte_OPC
AGCGATTGTGGTATGG	unresolved
AGCGATTGTTCGGGTC	neuronal
AGCGATTGTTGTACGT	unresolved
AGCGATTTCCATACTT	vascular
AGCGATTTCTAAGAAG	unresolved
AGCGATTTCTATTGTC	unresolved
AGCGATTTCTCGGCTT	unresolved
AGCGCCAAGCCTGAGA	oligodendrocyte_OPC
AGCGCCAAGCCTTCTC	unresolved
AGCGCCAAGCTAGATA	neuronal
AGCGCCAAGTGCACAG	astrocyte
AGCGCCAAGTGCCCGT	neuronal
AGCGCCACACATGGTT	oligodendrocyte_OPC
AGCGCCACAGGTTTAC	oligodendrocyte_OPC
AGCGCCACATCGTTCC	astrocyte
AGCGCCACATCTTCGC	astrocyte
AGCGCCAGTCAGTTTG	unresolved
AGCGCCAGTGAGCGAT	oligodendrocyte_OPC
AGCGCCAGTGCGTTTA	neuronal
AGCGCCAGTGGATCGA	oligodendrocyte_OPC
AGCGCCAGTGGCCACT	astrocyte
AGCGCCATCACGGGCT	unresolved
AGCGCCATCAGTCATG	oligodendrocyte_OPC
AGCGCCATCCATAAGC	unresolved
AGCGCCATCCCTCGAT	unresolved
AGCGCCATCGGACAAG	vascular
AGCGCCATCGTAGGGA	oligodendrocyte_OPC
AGCGCCATCTTAGCTT	unresolved
AGCGCTGAGCCTCACG	neuronal
AGCGCTGAGTCCCTAA	unresolved
AGCGCTGAGTTAGTGA	neuronal
AGCGCTGCAAACTGCT	neuronal
AGCGCTGCAACCAGAG	unresolved
AGCGCTGCAAGACGGT	astrocyte
AGCGCTGCACATCCCT	neuronal
AGCGCTGCACCTATCC	unresolved
AGCGCTGCAGGGTTGA	oligodendrocyte_OPC
AGCGCTGGTACATTGC	unresolved
AGCGCTGGTACCTTCC	neuronal
AGCGCTGGTCGTATTG	unresolved
AGCGCTGGTGACTCTA	neuronal
AGCGCTGGTGAGATCG	unresolved
AGCGCTGGTGGATCGA	neuronal
AGCGCTGGTTACACTG	unresolved
AGCGCTGTCAGGTAAA	neuronal
AGCGCTGTCCTGTTAT	unresolved
AGCGCTGTCTGCAGCG	oligodendrocyte_OPC
AGCGTATAGCGTATAA	neuronal
AGCGTATAGTCGTCTA	unresolved
AGCGTATAGTTCAACC	oligodendrocyte_OPC
AGCGTATAGTTCTCTT	astrocyte
AGCGTATCAAGCTGCC	unresolved
AGCGTATCACGTATAC	astrocyte
AGCGTATCAGCGATTT	unresolved
AGCGTATCAGCTGTCG	neuronal
AGCGTATGTACGAGTG	unresolved
AGCGTATGTATGGAAT	microglia_immune
AGCGTATGTGCGTTTA	unresolved
AGCGTATGTGGAACCA	unresolved
AGCGTATTCACCGCTT	unresolved
AGCGTATTCAGAGTTC	neuronal
AGCGTATTCATGCATG	astrocyte
AGCGTATTCCCATAAG	astrocyte
AGCGTATTCTCCGCAT	astrocyte
AGCGTATTCTTAAGGC	neuronal
AGCGTCGAGCAGTAAT	neuronal
AGCGTCGCACTCCGAG	oligodendrocyte_OPC
AGCGTCGCAGACAAGC	unresolved
AGCGTCGGTACCTTCC	unresolved
AGCGTCGGTGACTCTA	unresolved
AGCGTCGGTTAAGGAT	unresolved
AGCGTCGGTTCAAGTC	unresolved
AGCTACAAGAAACTAC	astrocyte
AGCTACAAGAGGGTCT	neuronal
AGCTACAAGGCACAAC	unresolved
AGCTACAAGTACTGTC	unresolved
AGCTACAAGTTGGAAT	unresolved
AGCTACACACAAAGCG	oligodendrocyte_OPC
AGCTACAGTAACACCT	neuronal
AGCTACAGTACGATTC	astrocyte
AGCTACAGTGTTTACG	unresolved
AGCTACAGTGTTTCTT	unresolved
AGCTACAGTTAAACCC	astrocyte
AGCTACATCGAACCAT	oligodendrocyte_OPC
AGCTACATCTATCACT	neuronal
AGCTACATCTGGTGCG	oligodendrocyte_OPC
AGCTCAAAGTTCTCTT	astrocyte
AGCTCAACAGAAATTG	neuronal
AGCTCAACAGCCGGTT	oligodendrocyte_OPC
AGCTCAACAGTCAGAG	unresolved
AGCTCAACATGGCACC	oligodendrocyte_OPC
AGCTCAAGTACCTATG	astrocyte
AGCTCAAGTCAGATTC	neuronal
AGCTCAATCCGTACGG	unresolved
AGCTCAATCTTTCGAT	unresolved
AGCTTCCAGCCAAGTG	neuronal
AGCTTCCAGGACAAGA	oligodendrocyte_OPC
AGCTTCCAGGGAGATA	vascular
AGCTTCCAGTACGTCT	astrocyte
AGCTTCCAGTTCCGGC	unresolved
AGCTTCCCAGAAGCTG	unresolved
AGCTTCCGTCGCATGC	oligodendrocyte_OPC
AGCTTCCGTCTTGCGG	unresolved
AGCTTCCGTGCTAGCC	unresolved
AGCTTCCGTGGGTATG	oligodendrocyte_OPC
AGCTTCCGTTGCCGAC	unresolved
AGCTTCCGTTGCTCGG	neuronal
AGCTTCCTCAGTGTCA	unresolved
AGCTTCCTCCTGTAAG	oligodendrocyte_OPC
AGCTTCCTCTTTGCAT	unresolved
AGGAAATAGTAAAGCT	oligodendrocyte_OPC
AGGAAATAGTCCCAAT	microglia_immune
AGGAAATCAACGCATT	oligodendrocyte_OPC
AGGAAATCACGGGTAA	astrocyte
AGGAAATCAGTTAGAA	oligodendrocyte_OPC
AGGAAATGTCGGCCTA	vascular
AGGAAATGTTTGGCTA	astrocyte
AGGAAATTCACTTCTA	astrocyte
AGGAAATTCAGTGTTG	astrocyte
AGGAAATTCCACACCT	unresolved
AGGAAATTCCATCAGA	neuronal
AGGAAATTCGAGAGAC	oligodendrocyte_OPC
AGGAAATTCGTGGACC	unresolved
AGGAATAAGGTGCATG	unresolved
AGGAATAAGTGAATAC	unresolved
AGGAATACAAGGTCTT	oligodendrocyte_OPC
AGGAATAGTAACATAG	astrocyte
AGGAATAGTCTCTCAC	astrocyte
AGGAATAGTGGCCACT	astrocyte
AGGAATATCCCTCGTA	astrocyte
AGGAATATCCTAGAGT	unresolved
AGGACGAAGCGACATG	neuronal
AGGACGACAGACGCTC	unresolved
AGGACGAGTAGTCGGA	unresolved
AGGACGAGTCACTACA	unresolved
AGGACGAGTCCATACA	oligodendrocyte_OPC
AGGACGAGTTATTCCT	unresolved
AGGACGATCAGTCACA	unresolved
AGGACGATCCCACAGG	astrocyte
AGGACGATCCCTCGTA	unresolved
AGGACTTAGACTCTAC	unresolved
AGGACTTAGAGGTCAC	unresolved
AGGACTTAGATGAACT	unresolved
AGGACTTAGCAATAAC	unresolved
AGGACTTAGCTCCGAC	neuronal
AGGACTTAGGAACGCT	astrocyte
AGGACTTAGGGAGGCA	unresolved
AGGACTTAGGGTAATT	neuronal
AGGACTTAGGGTTTCT	neuronal
AGGACTTAGTCTACCA	astrocyte
AGGACTTAGTGATTCC	neuronal
AGGACTTCAACGGCCT	unresolved
AGGACTTCACAATGTC	oligodendrocyte_OPC
AGGACTTCAGCACAGA	oligodendrocyte_OPC
AGGACTTCAGTAGAGC	oligodendrocyte_OPC
AGGACTTCAGTCGTTA	unresolved
AGGACTTCATGACGGA	oligodendrocyte_OPC
AGGACTTGTACAGAGC	neuronal
AGGACTTGTACGACTT	astrocyte
AGGACTTGTATCTTCT	oligodendrocyte_OPC
AGGACTTGTCAACCTA	neuronal
AGGACTTTCGAGAGCA	oligodendrocyte_OPC
AGGACTTTCTATTTCG	astrocyte
AGGAGGTAGTCGAGGT	neuronal
AGGAGGTCAATGTGGG	unresolved
AGGAGGTCACCTGCGA	unresolved
AGGAGGTCACGCGGTT	oligodendrocyte_OPC
AGGAGGTCAGCAGACA	astrocyte
AGGAGGTCAGTATGAA	oligodendrocyte_OPC
AGGAGGTCATGCCGCA	unresolved
AGGAGGTGTAATTGGA	unresolved
AGGAGGTGTACGTGAG	oligodendrocyte_OPC
AGGAGGTGTAGGACCA	unresolved
AGGAGGTGTGGCGTAA	oligodendrocyte_OPC
AGGAGGTTCCAATCTT	oligodendrocyte_OPC
AGGAGGTTCGCCACTT	astrocyte
AGGAGGTTCGGTCGAC	unresolved
AGGAGGTTCGTAGCTA	neuronal
AGGAGGTTCTTTGCTA	astrocyte
AGGATAAAGAGTGGCT	vascular
AGGATAAAGATCGCTT	unresolved
AGGATAAAGCTGGCCT	unresolved
AGGATAAAGGCAGCTA	oligodendrocyte_OPC
AGGATAAAGGGTCAAC	unresolved
AGGATAACACAATGAA	unresolved
AGGATAACACACTTAG	neuronal
AGGATAACACCGTCTT	unresolved
AGGATAACATCGATAC	unresolved
AGGATAAGTACGTGAG	neuronal
AGGATAAGTATGCAAA	neuronal
AGGATAAGTCAGACGA	unresolved
AGGATAATCACTTTGT	neuronal
AGGATAATCATGGGAG	unresolved
AGGATAATCGTTGCCT	unresolved
AGGATAATCTGATTCT	unresolved
AGGATAATCTGGGATT	unresolved
AGGATCTAGCAGCGAT	neuronal
AGGATCTAGGGTTGCA	oligodendrocyte_OPC
AGGATCTAGGTCGAGT	unresolved
AGGATCTAGGTTGAGC	astrocyte
AGGATCTAGTCACTGT	astrocyte
AGGATCTCAAGCGGAT	neuronal
AGGATCTCAGATCACT	unresolved
AGGATCTCAGGTCCGT	oligodendrocyte_OPC
AGGATCTCATGTGTCA	unresolved
AGGATCTGTACGGTTT	oligodendrocyte_OPC
AGGATCTGTAGGCAGT	astrocyte
AGGATCTGTGTTAAAG	oligodendrocyte_OPC
AGGATCTTCACCCTTG	unresolved
AGGATCTTCAGTGTCA	microglia_immune
AGGATCTTCATGGGAG	oligodendrocyte_OPC
AGGATCTTCCCGAATA	unresolved
AGGATCTTCGTAGTCA	oligodendrocyte_OPC
AGGCATTAGAGCAAGA	unresolved
AGGCATTAGATAGGGA	astrocyte
AGGCATTAGCACGGAT	astrocyte
AGGCATTAGCGAGGAG	oligodendrocyte_OPC
AGGCATTCAACACACT	microglia_immune
AGGCATTCATCCTATT	neuronal
AGGCATTGTACTAAGA	oligodendrocyte_OPC
AGGCATTGTGCCTGCA	oligodendrocyte_OPC
AGGCATTGTTCGAAGG	unresolved
AGGCATTTCACAAGAA	astrocyte
AGGCATTTCATTCACT	unresolved
AGGCATTTCCTACGAA	unresolved
AGGCATTTCGACGATT	oligodendrocyte_OPC
AGGCATTTCTCCCAAC	astrocyte
AGGCCACAGATGGCGT	unresolved
AGGCCACCACAATGTC	oligodendrocyte_OPC
AGGCCACCATAACTCG	neuronal
AGGCCACCATCCGATA	unresolved
AGGCCACGTAATGATG	astrocyte
AGGCCACGTCTACAGT	unresolved
AGGCCACGTGGACAGT	unresolved
AGGCCACGTTCACCGG	unresolved
AGGCCACGTTTCGTTT	vascular
AGGCCACTCAGTCAGT	neuronal
AGGCCACTCATTGCCC	oligodendrocyte_OPC
AGGCCACTCCTCATAT	neuronal
AGGCCACTCTGTCCGT	astrocyte
AGGCTGCAGAAGCGCT	unresolved
AGGCTGCAGAATCGCG	unresolved
AGGCTGCAGAGCCTGA	neuronal
AGGCTGCAGGATACAT	astrocyte
AGGCTGCAGGCAGGGA	unresolved
AGGCTGCCAGGCCCTA	unresolved
AGGCTGCCAGTCAACT	unresolved
AGGCTGCCAGTGCGCT	neuronal
AGGCTGCCATCGAGCC	oligodendrocyte_OPC
AGGCTGCGTACGGCAA	oligodendrocyte_OPC
AGGCTGCGTGAGGCAT	unresolved
AGGCTGCGTGCCAAGA	unresolved
AGGCTGCTCCGTGTAA	oligodendrocyte_OPC
AGGCTGCTCGTTATCT	neuronal
AGGCTGCTCTGCCCTA	astrocyte
AGGCTGCTCTTCGGTC	unresolved
AGGGAGTAGTTCCGTA	unresolved
AGGGAGTCAAGAGATT	neuronal
AGGGAGTCAAGGGTCA	neuronal
AGGGAGTCACCAATTG	oligodendrocyte_OPC
AGGGAGTCAGAGGAAA	neuronal
AGGGAGTCAGGACTTT	oligodendrocyte_OPC
AGGGAGTCAGGTATGG	neuronal
AGGGAGTCATTGGGAG	neuronal
AGGGAGTTCAATCTTC	unresolved
AGGGAGTTCATCACTT	vascular
AGGGAGTTCGTCTCAC	unresolved
AGGGAGTTCGTTCTGC	unresolved
AGGGAGTTCTAGGCAT	unresolved
AGGGAGTTCTTGCGCT	neuronal
AGGGCCTAGACCAAAT	vascular
AGGGCCTAGATCACCT	unresolved
AGGGCCTAGCAACAAT	unresolved
AGGGCCTGTATCTTCT	oligodendrocyte_OPC
AGGGCCTGTCCAGCGT	unresolved
AGGGCCTGTTCCAGGC	unresolved
AGGGCCTGTTCGAGCC	unresolved
AGGGCCTTCCATCTAT	vascular
AGGGCCTTCCCTCTCC	ambiguous_or_doublet
AGGGCCTTCCGTAGGC	astrocyte
AGGGCCTTCGCAGTCG	neuronal
AGGGCCTTCTACTTCA	astrocyte
AGGGCCTTCTGACGCG	unresolved
AGGGCTCAGACCAAGC	unresolved
AGGGCTCAGCTCCGAC	unresolved
AGGGCTCAGGGTAATT	neuronal
AGGGCTCAGGTCGAGT	oligodendrocyte_OPC
AGGGCTCCACAATGTC	astrocyte
AGGGCTCCACCTCAGG	oligodendrocyte_OPC
AGGGCTCGTACGGGAT	oligodendrocyte_OPC
AGGGCTCGTAGAAACT	unresolved
AGGGCTCGTAGACGGT	astrocyte
AGGGCTCGTCCACATA	unresolved
AGGGCTCGTTGGGCCT	oligodendrocyte_OPC
AGGGCTCTCAGGCGAA	unresolved
AGGGCTCTCATTCGGA	unresolved
AGGGCTCTCTCCCATG	unresolved
AGGGTCCAGAGAGTGA	neuronal
AGGGTCCAGGTAGACC	oligodendrocyte_OPC
AGGGTCCCAAGATGTA	unresolved
AGGGTCCCAAGTGATA	microglia_immune
AGGGTCCCAATGTCTG	oligodendrocyte_OPC
AGGGTCCCACACCAGC	neuronal
AGGGTCCCAGATGCGA	neuronal
AGGGTCCCAGTAGGAC	oligodendrocyte_OPC
AGGGTCCGTAGATCCT	unresolved
AGGGTCCGTAGCGAGT	unresolved
AGGGTCCGTCAGACGA	oligodendrocyte_OPC
AGGGTCCTCTACTTCA	oligodendrocyte_OPC
AGGGTGAAGCCTTTGA	oligodendrocyte_OPC
AGGGTGAAGCTCTGTA	neuronal
AGGGTGACAATCAGCT	neuronal
AGGGTGACACAGAAGC	unresolved
AGGGTGACACCGTACG	ambiguous_or_doublet
AGGGTGAGTGTAAATG	oligodendrocyte_OPC
AGGGTGATCATTTCGT	unresolved
AGGGTGATCCTTTAGT	oligodendrocyte_OPC
AGGGTGATCTGTCAGA	neuronal
AGGGTGATCTTCTAAC	unresolved
AGGGTTTAGACTTGTC	unresolved
AGGGTTTAGCTTAGTC	unresolved
AGGGTTTAGTCATCCA	astrocyte
AGGGTTTCATATACCG	unresolved
AGGGTTTGTCGACGCT	oligodendrocyte_OPC
AGGGTTTGTGCTTATG	neuronal
AGGGTTTGTGTAGTGG	unresolved
AGGGTTTGTGTGAGCA	astrocyte
AGGGTTTTCACTGCTC	oligodendrocyte_OPC
AGGGTTTTCATTTCCA	unresolved
AGGGTTTTCTATGCCC	vascular
AGGGTTTTCTGCGATA	neuronal
AGGGTTTTCTTTCCGG	astrocyte
AGGTAGGAGACCACGA	microglia_immune
AGGTAGGAGAGTCGAC	unresolved
AGGTAGGAGATGCGAC	oligodendrocyte_OPC
AGGTAGGAGGTAAAGG	oligodendrocyte_OPC
AGGTAGGCATAACCCA	neuronal
AGGTAGGGTATGCAAA	neuronal
AGGTAGGGTCGGTAAG	neuronal
AGGTAGGGTGTGTACT	unresolved
AGGTAGGGTTCAACGT	unresolved
AGGTAGGTCATTATCC	neuronal
AGGTAGGTCGACATCA	unresolved
AGGTAGGTCTCCGAGG	unresolved
AGGTAGGTCTGTCTCG	microglia_immune
AGGTCATAGCTTGTTG	oligodendrocyte_OPC
AGGTCATAGTACCCTA	unresolved
AGGTCATAGTGCAACG	vascular
AGGTCATCAAGTCGTT	microglia_immune
AGGTCATCAGAGACTG	astrocyte
AGGTCATCATGTGCCG	oligodendrocyte_OPC
AGGTCATGTACGAAAT	astrocyte
AGGTCATGTCTACACA	unresolved
AGGTCATGTGTTACTG	oligodendrocyte_OPC
AGGTCATTCTCGTCGT	astrocyte
AGGTCTAAGAGGATCC	neuronal
AGGTCTAAGCATCAAA	astrocyte
AGGTCTAAGCTCGAAG	unresolved
AGGTCTAAGTCCCAAT	oligodendrocyte_OPC
AGGTCTACAAATGGTA	astrocyte
AGGTCTACACACCAGC	unresolved
AGGTCTACACTCATAG	oligodendrocyte_OPC
AGGTCTACATCCTGTC	oligodendrocyte_OPC
AGGTCTACATGCGTGC	neuronal
AGGTCTAGTCATACCA	neuronal
AGGTCTAGTCTACGTA	unresolved
AGGTCTAGTGGTCTTA	vascular
AGGTCTAGTTCAACGT	oligodendrocyte_OPC
AGGTCTATCGAAGCCC	astrocyte
AGGTCTATCGTCCTCA	unresolved
AGGTGTTAGAATCGAT	ambiguous_or_doublet
AGGTGTTAGAGAGGGC	unresolved
AGGTGTTAGGATACCG	astrocyte
AGGTGTTAGGATGGCT	unresolved
AGGTGTTAGTGTTGAA	astrocyte
AGGTGTTCAAGCCTGC	oligodendrocyte_OPC
AGGTGTTCACACAGAG	neuronal
AGGTGTTCACGGTGTC	neuronal
AGGTGTTCATGACGAG	oligodendrocyte_OPC
AGGTGTTCATGGGATG	neuronal
AGGTGTTGTAACTAAG	neuronal
AGGTGTTGTATGGAAT	astrocyte
AGGTGTTGTCACAATC	unresolved
AGGTGTTGTCCTACGG	neuronal
AGGTGTTGTCTTGCTC	unresolved
AGGTGTTGTGTAACGG	unresolved
AGGTGTTGTTGCTTGA	unresolved
AGGTGTTTCACGAACT	oligodendrocyte_OPC
AGGTGTTTCCATAGAC	unresolved
AGGTGTTTCGAGAAGC	neuronal
AGGTGTTTCTGATTCT	oligodendrocyte_OPC
AGGTTACAGAATCGTA	astrocyte
AGGTTACAGACGAGCT	unresolved
AGGTTACAGGCGCTCT	neuronal
AGGTTACCAAATGAGT	neuronal
AGGTTACCAGACTGCC	oligodendrocyte_OPC
AGGTTACCAGCGATTT	oligodendrocyte_OPC
AGGTTACCAGTCGCTG	neuronal
AGGTTACCATTGTAGC	unresolved
AGGTTACGTGATTCAC	unresolved
AGGTTACGTTAGAAGT	oligodendrocyte_OPC
AGGTTACTCAGCTTCC	unresolved
AGGTTACTCCATTCAT	unresolved
AGGTTACTCGGCTATA	microglia_immune
AGGTTACTCGGTAGAG	neuronal
AGGTTACTCGTGCGAC	oligodendrocyte_OPC
AGGTTACTCTATGCCC	oligodendrocyte_OPC
AGGTTACTCTCGGGAC	unresolved
AGGTTGTAGACCTCCG	oligodendrocyte_OPC
AGGTTGTAGATTAGAC	unresolved
AGGTTGTAGGCATCGA	astrocyte
AGGTTGTAGTAACAGT	unresolved
AGGTTGTCAATTCTCT	astrocyte
AGGTTGTCACGTGAGA	astrocyte
AGGTTGTCAGCAGTAG	oligodendrocyte_OPC
AGGTTGTCATTCTGTT	astrocyte
AGGTTGTGTATACCTG	unresolved
AGGTTGTGTGTTACAC	microglia_immune
AGGTTGTGTTGTGGAG	oligodendrocyte_OPC
AGGTTGTTCCACAGCG	neuronal
AGGTTGTTCCACGTGG	oligodendrocyte_OPC
AGGTTGTTCCGGGACT	neuronal
AGGTTGTTCGTTGTTT	oligodendrocyte_OPC
AGGTTGTTCTACGGTA	neuronal
AGGTTGTTCTTTACAC	unresolved
AGTAACCAGCTAAATG	neuronal
AGTAACCCAACTTGGT	oligodendrocyte_OPC
AGTAACCCAATGCAAA	oligodendrocyte_OPC
AGTAACCCATAATGAG	unresolved
AGTAACCGTATGAAGT	neuronal
AGTAACCGTCGCTGCA	neuronal
AGTAACCTCACATCAG	ambiguous_or_doublet
AGTAACCTCCAAGGGA	unresolved
AGTAACCTCGGCTTCT	neuronal
AGTAACCTCTCGCTTG	unresolved
AGTACCAAGCACAAAT	neuronal
AGTACCAAGCGACTGA	unresolved
AGTACCAAGGCCTTCG	unresolved
AGTACCAAGGCTCCCA	unresolved
AGTACCAAGGGTCACA	oligodendrocyte_OPC
AGTACCAAGTACCATC	astrocyte
AGTACCACAATCGTCA	unresolved
AGTACCACACAAAGCG	unresolved
AGTACCACACCCTAAA	unresolved
AGTACCACAGCTGTCG	oligodendrocyte_OPC
AGTACCACATTCGGGC	astrocyte
AGTACCAGTTACGCCG	unresolved
AGTACCAGTTGTTTGG	neuronal
AGTACCATCCAATCTT	astrocyte
AGTACCATCCTGGGTG	astrocyte
AGTACCATCTGTTCAT	unresolved
AGTACTGAGGCATCAG	microglia_immune
AGTACTGAGTAGTCTC	unresolved
AGTACTGCAGTGGGTA	neuronal
AGTACTGCATAGCACT	neuronal
AGTACTGCATCTGGGC	unresolved
AGTACTGGTATCTCGA	oligodendrocyte_OPC
AGTACTGGTCTGTGGC	neuronal
AGTACTGGTGAAAGTT	neuronal
AGTACTGGTGATTGGG	unresolved
AGTACTGGTGGGATTG	astrocyte
AGTACTGGTGTTCCTC	unresolved
AGTACTGTCAACTACG	astrocyte
AGTACTGTCACTACTT	neuronal
AGTACTGTCGCTAAAC	neuronal
AGTACTGTCGTGCTCT	unresolved
AGTACTGTCTTCCCAG	unresolved
AGTAGCTAGAACTTCC	unresolved
AGTAGCTAGCCAGTAG	astrocyte
AGTAGCTCAACAGCTT	astrocyte
AGTAGCTCAACTACGT	oligodendrocyte_OPC
AGTAGCTCAATCCAGT	oligodendrocyte_OPC
AGTAGCTCACGTCTCT	unresolved
AGTAGCTCAGGCTACC	unresolved
AGTAGCTCATGACGAG	astrocyte
AGTAGCTCATGGATCT	oligodendrocyte_OPC
AGTAGCTGTCCAGGTC	neuronal
AGTAGCTGTCCGGACT	neuronal
AGTAGCTGTCGGATTT	microglia_immune
AGTAGCTGTCTACGTA	astrocyte
AGTAGCTGTGTCATTG	oligodendrocyte_OPC
AGTAGCTGTTGCCAAT	oligodendrocyte_OPC
AGTAGCTTCCACAAGT	unresolved
AGTAGCTTCCGTATGA	unresolved
AGTAGCTTCTCCGAGG	unresolved
AGTAGTCAGCATTGTC	unresolved
AGTAGTCAGCTCGAAG	oligodendrocyte_OPC
AGTAGTCCACCAGCTG	unresolved
AGTAGTCCAGGGTCTC	neuronal
AGTAGTCCATATTCGG	unresolved
AGTAGTCCATTCGGGC	oligodendrocyte_OPC
AGTAGTCGTAGCGATG	oligodendrocyte_OPC
AGTAGTCGTGGAAATT	neuronal
AGTAGTCGTTGTACGT	neuronal
AGTAGTCTCAGAGCGA	unresolved
AGTAGTCTCGACCCAG	astrocyte
AGTAGTCTCGCGTAGC	neuronal
AGTCAACAGCCTAACT	neuronal
AGTCAACAGTCTGTAC	unresolved
AGTCAACCAGTCTTCC	vascular
AGTCAACTCATCTGTT	neuronal
AGTCAACTCGCACGGT	unresolved
AGTCAACTCGTAGTCA	neuronal
AGTCACAAGCGCCCAT	astrocyte
AGTCACAAGGAAGTCC	astrocyte
AGTCACACAATCTAGC	microglia_immune
AGTCACACACCACTGG	oligodendrocyte_OPC
AGTCACACAGACGGAT	unresolved
AGTCACACAGGAAGTC	unresolved
AGTCACACAGGACTAG	neuronal
AGTCACAGTGCGGATA	oligodendrocyte_OPC
AGTCACAGTTCAGTAC	ambiguous_or_doublet
AGTCACATCAATCTCT	unresolved
AGTCACATCCGAAGGA	unresolved
AGTCACATCCTTGGAA	oligodendrocyte_OPC
AGTCACATCGGAAGGT	unresolved
AGTCACATCTAATTCC	neuronal
AGTCATGAGCGCTGAA	neuronal
AGTCATGAGTCACACT	unresolved
AGTCATGCAAGCTACT	unresolved
AGTCATGCAGACGATG	astrocyte
AGTCATGCATCATTTC	astrocyte
AGTCATGCATGCCATA	astrocyte
AGTCATGGTAACAGGC	unresolved
AGTCATGGTATGCGGA	unresolved
AGTCATGGTGACTCTA	unresolved
AGTCATGGTGGCTGCT	microglia_immune
AGTCATGGTTCCGCTT	oligodendrocyte_OPC
AGTCATGGTTGCTCCT	unresolved
AGTCATGTCCGGGACT	neuronal
AGTCATGTCGTAACTG	oligodendrocyte_OPC
AGTCTCCAGCCGTTAT	unresolved
AGTCTCCAGTGCAGCA	unresolved
AGTCTCCCACGACGCT	oligodendrocyte_OPC
AGTCTCCCACGAGAAC	unresolved
AGTCTCCCAGCACACC	astrocyte
AGTCTCCCAGTCGGAA	unresolved
AGTCTCCGTAGGACTG	astrocyte
AGTCTCCGTCTTGTCC	unresolved
AGTCTCCTCCGACATA	neuronal
AGTCTCCTCGGAGCAA	unresolved
AGTGACTAGCACCTGC	unresolved
AGTGACTAGCTGCCTG	unresolved
AGTGACTAGTTGTAAG	oligodendrocyte_OPC
AGTGACTCACAATGCT	unresolved
AGTGACTCACACTTAG	unresolved
AGTGACTGTACTCCGG	unresolved
AGTGACTGTAGATGTA	unresolved
AGTGACTGTAGTAAGT	unresolved
AGTGACTGTCTGTCAA	neuronal
AGTGACTGTTGCGGCT	unresolved
AGTGACTTCCGCACTT	unresolved
AGTGACTTCCGTGTAA	astrocyte
AGTGACTTCGACATCA	unresolved
AGTGACTTCGCCTTTG	vascular
AGTGATCAGAAGATCT	vascular
AGTGATCCACAATGTC	unresolved
AGTGATCCACTATCCC	oligodendrocyte_OPC
AGTGATCCAGCGGATA	astrocyte
AGTGATCCATATGCGT	unresolved
AGTGATCGTCAACGCC	unresolved
AGTGATCGTGACCGAA	astrocyte
AGTGATCGTGCGGCTT	unresolved
AGTGATCTCAACCTTT	microglia_immune
AGTGATCTCGAACCTA	unresolved
AGTGATCTCTATCGTT	unresolved
AGTGATCTCTCCTGAC	astrocyte
AGTGCCGAGAGCCCAA	unresolved
AGTGCCGAGCCTGAAG	unresolved
AGTGCCGAGTGCTCAT	unresolved
AGTGCCGCAACGGGTA	microglia_immune
AGTGCCGCAACTGGTT	neuronal
AGTGCCGCACCTGCTT	oligodendrocyte_OPC
AGTGCCGCACGTACAT	astrocyte
AGTGCCGCAGGTCCGT	oligodendrocyte_OPC
AGTGCCGGTAGCTGAG	oligodendrocyte_OPC
AGTGCCGGTATCACGT	unresolved
AGTGCCGGTGTAAATG	oligodendrocyte_OPC
AGTGCCGGTGTGATGG	oligodendrocyte_OPC
AGTGCCGGTTATTCCT	unresolved
AGTGCCGTCAATCCGA	neuronal
AGTGCCGTCACTGGTA	oligodendrocyte_OPC
AGTGCCGTCAGTGTTG	neuronal
AGTGCCGTCCTCATAT	neuronal
AGTGCCGTCTCACGAA	neuronal
AGTGCCGTCTTAGCAG	vascular
AGTGTTGAGTGCTACT	unresolved
AGTGTTGAGTTAGTGA	unresolved
AGTGTTGCAATCTAGC	oligodendrocyte_OPC
AGTGTTGCAGAAACCG	unresolved
AGTGTTGCAGCAAGAC	astrocyte
AGTGTTGCAGTGGCTC	neuronal
AGTGTTGGTCAGCGTC	neuronal
AGTGTTGGTCCTACGG	unresolved
AGTGTTGGTCGTGGAA	unresolved
AGTGTTGGTGACTGAG	unresolved
AGTGTTGGTTGCTTGA	unresolved
AGTGTTGGTTTGATCG	oligodendrocyte_OPC
AGTGTTGTCCATCCGT	oligodendrocyte_OPC
AGTGTTGTCCCGAAAT	neuronal
AGTTAGCAGGTCGAGT	unresolved
AGTTAGCCAAACACGG	oligodendrocyte_OPC
AGTTAGCCATCCGTTC	oligodendrocyte_OPC
AGTTAGCCATCTGTTT	neuronal
AGTTAGCCATGGAATA	neuronal
AGTTAGCGTCGTATTG	astrocyte
AGTTAGCGTGCTCTCT	microglia_immune
AGTTAGCGTGCTGCAC	neuronal
AGTTAGCGTGTGAGCA	oligodendrocyte_OPC
AGTTAGCTCATATGGC	unresolved
AGTTCCCAGAGAGAAC	unresolved
AGTTCCCCAACCAGAG	unresolved
AGTTCCCCACCGTCTT	unresolved
AGTTCCCCACCTGATA	neuronal
AGTTCCCCAGACCGCT	unresolved
AGTTCCCGTAGGACCA	unresolved
AGTTCCCGTCGCCTAG	unresolved
AGTTCCCTCACATTGG	oligodendrocyte_OPC
AGTTCCCTCACCCTTG	unresolved
AGTTCGAAGATGGGCT	unresolved
AGTTCGAAGGGATGTC	oligodendrocyte_OPC
AGTTCGAAGTAGCTCT	astrocyte
AGTTCGACAAAGGAGA	neuronal
AGTTCGACAACCGTAT	astrocyte
AGTTCGACACCTCTGT	unresolved
AGTTCGACAGAAACCG	oligodendrocyte_OPC
AGTTCGACATAAGCAA	unresolved
AGTTCGACATGACGTT	neuronal
AGTTCGAGTTTCACAG	oligodendrocyte_OPC
AGTTCGATCAAAGACA	unresolved
AGTTCGATCACAGTGT	unresolved
AGTTCGATCGAATGCT	unresolved
AGTTCGATCGCGGTAC	oligodendrocyte_OPC
ATACCGAAGACATACA	unresolved
ATACCGAAGCTCCGAC	neuronal
ATACCGACATCATCCC	unresolved
ATACCGACATGCCATA	oligodendrocyte_OPC
ATACCGAGTATGTCAC	astrocyte
ATACCGAGTCCAGCAC	oligodendrocyte_OPC
ATACCGAGTGTAGCAG	unresolved
ATACCGAGTTCTCGTC	neuronal
ATACCGAGTTTGCCGG	oligodendrocyte_OPC
ATACCGATCAGATTGC	astrocyte
ATACCGATCCGTTGGG	oligodendrocyte_OPC
ATACCGATCTCCAATT	neuronal
ATACCTTAGATCGACG	neuronal
ATACCTTAGCCTATCA	unresolved
ATACCTTAGCGCCGTT	unresolved
ATACCTTAGGCTTCCG	oligodendrocyte_OPC
ATACCTTAGGGAGAAT	oligodendrocyte_OPC
ATACCTTAGTGGCAGT	oligodendrocyte_OPC
ATACCTTCACTGAGGA	oligodendrocyte_OPC
ATACCTTCATTGTAGC	unresolved
ATACCTTGTGCATGAG	astrocyte
ATACCTTGTTCCCAAA	neuronal
ATACCTTTCCTTTGAT	unresolved
ATACCTTTCGGCACTG	neuronal
ATACCTTTCTTTGATC	astrocyte
ATACTTCAGAGGTTTA	astrocyte
ATACTTCAGATGCTAA	neuronal
ATACTTCAGCCGATTT	unresolved
ATACTTCAGGCCTTCG	unresolved
ATACTTCAGGTGAGAA	unresolved
ATACTTCCATAGGAGC	unresolved
ATACTTCCATGCGTGC	unresolved
ATACTTCGTCGAAACG	unresolved
ATACTTCGTCTAGTGT	neuronal
ATACTTCTCGATACAC	oligodendrocyte_OPC
ATACTTCTCGGATTAC	oligodendrocyte_OPC
ATACTTCTCTCCCAAC	unresolved
ATAGACCAGAAGGATG	unresolved
ATAGACCAGACATCAA	unresolved
ATAGACCAGATGTTGA	oligodendrocyte_OPC
ATAGACCAGGAGAGGC	microglia_immune
ATAGACCAGGCATCTT	unresolved
ATAGACCAGGGAACAA	oligodendrocyte_OPC
ATAGACCCAGGCTCTG	unresolved
ATAGACCCATTGACCA	neuronal
ATAGACCGTCACCACG	neuronal
ATAGACCGTGAGATTA	neuronal
ATAGACCGTGAGCAGT	unresolved
ATAGACCGTGCAATAA	unresolved
ATAGACCGTTCCGCTT	unresolved
ATAGACCGTTGTCCCT	unresolved
ATAGACCTCACTTCTA	astrocyte
ATAGACCTCAGCTTGA	oligodendrocyte_OPC
ATAGACCTCCCTCAAC	unresolved
ATAGACCTCCGATAGT	oligodendrocyte_OPC
ATAGAGAAGACAGCGT	neuronal
ATAGAGAAGCGTGAAC	oligodendrocyte_OPC
ATAGAGAAGGATGAGA	neuronal
ATAGAGACACACAGCC	unresolved
ATAGAGACAGGATGAC	astrocyte
ATAGAGAGTCCCGTGA	unresolved
ATAGAGATCAGAATAG	oligodendrocyte_OPC
ATAGAGATCAGATTGC	astrocyte
ATAGAGATCCAACCAA	astrocyte
ATAGAGATCCTCTGCA	oligodendrocyte_OPC
ATAGAGATCTCAGAAC	astrocyte
ATAGGCTAGCGACATG	astrocyte
ATAGGCTAGGAACTCG	unresolved
ATAGGCTAGGCGAAGG	neuronal
ATAGGCTCACTGGCCA	unresolved
ATAGGCTCAGAGAGGG	oligodendrocyte_OPC
ATAGGCTGTACTGACT	neuronal
ATAGGCTGTAGGTACG	vascular
ATAGGCTGTCTAGGCC	unresolved
ATAGGCTGTTTGCCGG	oligodendrocyte_OPC
ATAGGCTTCGCATAGT	unresolved
ATATCCTAGAACCCGA	microglia_immune
ATATCCTAGGCTAAAT	neuronal
ATATCCTAGGTGCAGT	astrocyte
ATATCCTAGTCCCTAA	unresolved
ATATCCTAGTGACCTT	microglia_immune
ATATCCTCATTGAGCT	neuronal
ATATCCTTCAGCAGAG	astrocyte
ATCACAGAGAGCCCAA	neuronal
ATCACAGAGCAATTCC	unresolved
ATCACAGAGCGAGGAG	neuronal
ATCACAGAGTCGCCCA	neuronal
ATCACAGAGTGGTTCT	unresolved
ATCACAGCACCCTAAA	unresolved
ATCACAGGTCACAGTT	unresolved
ATCACAGGTCGAGATG	oligodendrocyte_OPC
ATCACAGGTGTCCGGT	unresolved
ATCACAGGTGTTCGTA	microglia_immune
ATCACAGGTTGATGTC	unresolved
ATCACAGTCGACCAAT	astrocyte
ATCACGAAGGATTTAG	microglia_immune
ATCACGAAGTAATCCC	oligodendrocyte_OPC
ATCACGAAGTCTTCGA	oligodendrocyte_OPC
ATCACGAAGTTGGAAT	unresolved
ATCACGACAACCGATT	neuronal
ATCACGACAATCACGT	neuronal
ATCACGACACAAGGTG	astrocyte
ATCACGACAGAACTCT	neuronal
ATCACGACAGCGGTTC	unresolved
ATCACGACATCATGAC	neuronal
ATCACGACATCCGGCA	neuronal
ATCACGACATGCTGCG	unresolved
ATCACGAGTACAAAGT	ambiguous_or_doublet
ATCACGAGTATACCTG	oligodendrocyte_OPC
ATCACGAGTCGTTGGC	unresolved
ATCACGAGTCGTTTCC	neuronal
ATCACGAGTGTTAGCT	unresolved
ATCACGATCAGCACCG	astrocyte
ATCACGATCGACGCGT	neuronal
ATCACGATCTAATTCC	astrocyte
ATCACGATCTCCAATT	neuronal
ATCACTTAGCGCCATC	unresolved
ATCACTTAGTAGAGTT	unresolved
ATCACTTAGTGGTGGT	neuronal
ATCACTTCAGAACTCT	oligodendrocyte_OPC
ATCACTTGTATACGGG	unresolved
ATCACTTGTGCAGTGA	astrocyte
ATCACTTGTGCTTCAA	astrocyte
ATCACTTGTGGACAGT	astrocyte
ATCACTTTCATAAGGA	neuronal
ATCACTTTCGCAGTCG	neuronal
ATCACTTTCTTCACGC	unresolved
ATCAGGTAGAGAATCT	unresolved
ATCAGGTAGAGAGCAA	astrocyte
ATCAGGTAGGAACGTC	neuronal
ATCAGGTAGGGAGAAT	neuronal
ATCAGGTAGTAGCTCT	unresolved
ATCAGGTAGTGATAGT	microglia_immune
ATCAGGTAGTGTGTTC	astrocyte
ATCAGGTCAAACGTGG	unresolved
ATCAGGTCAACACGTT	astrocyte
ATCAGGTCAATCAGCT	neuronal
ATCAGGTCACGGTGCT	oligodendrocyte_OPC
ATCAGGTCACTTTATC	astrocyte
ATCAGGTCAGGCTACC	neuronal
ATCAGGTCATATCGGT	unresolved
ATCAGGTCATGAGGGT	astrocyte
ATCAGGTGTAGACACG	unresolved
ATCAGGTGTCCAAATC	unresolved
ATCAGGTGTCGCATCG	unresolved
ATCAGGTGTTGCCATA	neuronal
ATCAGGTTCATTGCCC	unresolved
ATCAGGTTCGTTAGAC	microglia_immune
ATCAGGTTCTTCACAT	neuronal
ATCATTCAGCCTAGGA	vascular
ATCATTCCAAGAGGCT	microglia_immune
ATCATTCCATCTCAAG	oligodendrocyte_OPC
ATCATTCCATCTCGTC	unresolved
ATCATTCGTCCTGTTC	oligodendrocyte_OPC
ATCATTCGTGAGTGAC	microglia_immune
ATCATTCGTGGAAATT	unresolved
ATCATTCGTTGGGCCT	unresolved
ATCATTCGTTTCCAAG	neuronal
ATCATTCTCATCAGTG	unresolved
ATCATTCTCATTCACT	unresolved
ATCATTCTCCACGTAA	oligodendrocyte_OPC
ATCATTCTCTTACTGT	unresolved
ATCCACCAGACTCCGC	astrocyte
ATCCACCAGAGTGTTA	oligodendrocyte_OPC
ATCCACCAGCTAGTTC	neuronal
ATCCACCAGCTTGTTG	unresolved
ATCCACCAGGACAGCT	oligodendrocyte_OPC
ATCCACCAGTAGGCCA	unresolved
ATCCACCCAAACGTGG	unresolved
ATCCACCCAAAGAGTT	oligodendrocyte_OPC
ATCCACCCACTAAACC	astrocyte
ATCCACCCAGGGAATC	unresolved
ATCCACCCATCTGCGG	unresolved
ATCCACCCATGGACAG	neuronal
ATCCACCGTAGCGAGT	unresolved
ATCCACCGTGCATTTG	astrocyte
ATCCACCTCATTGCCC	unresolved
ATCCACCTCCGCCTAT	astrocyte
ATCCACCTCGGTGTTA	neuronal
ATCCATTAGACGTCCC	oligodendrocyte_OPC
ATCCATTCAGTCGCTG	oligodendrocyte_OPC
ATCCATTCAGTGTGCC	astrocyte
ATCCATTGTAGCTTGT	unresolved
ATCCATTGTCGTCAGC	unresolved
ATCCATTGTCTACGAT	oligodendrocyte_OPC
ATCCATTGTCTTACAG	unresolved
ATCCATTGTGGCTCTG	vascular
ATCCATTGTTCAGCGC	oligodendrocyte_OPC
ATCCATTGTTGAATCC	unresolved
ATCCATTTCAAGTCTG	neuronal
ATCCATTTCACCTGTC	unresolved
ATCCATTTCAGCGTCG	unresolved
ATCCATTTCTTACCAT	neuronal
ATCCCTGAGTAATTGG	oligodendrocyte_OPC
ATCCCTGAGTTACGGG	unresolved
ATCCCTGCAAAGGCGT	unresolved
ATCCCTGCAACGACAG	neuronal
ATCCCTGCAGCAGATG	oligodendrocyte_OPC
ATCCCTGCATATCTGG	astrocyte
ATCCCTGGTACAGCGA	oligodendrocyte_OPC
ATCCCTGGTCCACAGC	oligodendrocyte_OPC
ATCCCTGGTCCTGTTC	vascular
ATCCCTGGTCGATTTG	unresolved
ATCCCTGGTCTGTAGT	oligodendrocyte_OPC
ATCCCTGGTGATACAA	oligodendrocyte_OPC
ATCCCTGGTTCCTTGC	oligodendrocyte_OPC
ATCCCTGGTTGCTAGT	neuronal
ATCCCTGTCTAAGCGT	neuronal
ATCCGTCAGACTCATC	neuronal
ATCCGTCAGCTGGTGA	astrocyte
ATCCGTCAGGCATGGT	unresolved
ATCCGTCAGGTTAAAC	neuronal
ATCCGTCAGTGATAAC	astrocyte
ATCCGTCAGTTTCGGT	astrocyte
ATCCGTCCACCATTCC	unresolved
ATCCGTCCACGAGAAC	unresolved
ATCCGTCCACTTGAAC	astrocyte
ATCCGTCCAGGAGGAG	oligodendrocyte_OPC
ATCCGTCCAGGGATAC	astrocyte
ATCCGTCCATGACGAG	unresolved
ATCCGTCCATTGGGAG	astrocyte
ATCCGTCGTCCTATAG	unresolved
ATCCGTCGTCGCGTCA	unresolved
ATCCGTCGTTGCATAC	neuronal
ATCCTATAGAACAGGA	astrocyte
ATCCTATAGGCTTAGG	unresolved
ATCCTATAGGTCCCGT	astrocyte
ATCCTATCAAGTGATA	unresolved
ATCCTATCAATTGAGA	neuronal
ATCCTATCAGTATGAA	astrocyte
ATCCTATGTAACTTCG	neuronal
ATCCTATGTACTGAGG	astrocyte
ATCCTATGTATAGGGC	unresolved
ATCCTATGTCGCAACC	unresolved
ATCCTATGTGATTCTG	oligodendrocyte_OPC
ATCCTATGTTGCAACT	oligodendrocyte_OPC
ATCGATGAGAGGATCC	astrocyte
ATCGATGAGAGTATAC	astrocyte
ATCGATGAGAGTCCGA	astrocyte
ATCGATGAGGATATAC	unresolved
ATCGATGAGTGCACTT	unresolved
ATCGATGCAAGGCAAC	unresolved
ATCGATGCACACGGAA	unresolved
ATCGATGCAGAGGCTA	oligodendrocyte_OPC
ATCGATGCAGGAGACT	neuronal
ATCGATGCATGGCTAT	unresolved
ATCGATGGTCCCGGTA	vascular
ATCGATGGTCGTGCCA	unresolved
ATCGATGGTGTCTAAC	oligodendrocyte_OPC
ATCGATGGTTGCATCA	astrocyte
ATCGATGTCAGTAGGG	neuronal
ATCGATGTCATACAGC	astrocyte
ATCGATGTCGAACGCC	oligodendrocyte_OPC
ATCGATGTCGACGACC	neuronal
ATCGATGTCTAAGGAA	astrocyte
ATCGCCTAGAAGCGGG	astrocyte
ATCGCCTAGATGCTTC	neuronal
ATCGCCTAGATGGTAT	oligodendrocyte_OPC
ATCGCCTAGGGTATAT	unresolved
ATCGCCTCAAAGACTA	neuronal
ATCGCCTCAACCTAAC	neuronal
ATCGCCTCAAGAGTGC	astrocyte
ATCGCCTCAGACCGCT	oligodendrocyte_OPC
ATCGCCTCAGCTCATA	neuronal
ATCGCCTCATAAGCAA	neuronal
ATCGCCTCATGAATAG	oligodendrocyte_OPC
ATCGCCTCATGTTCGA	oligodendrocyte_OPC
ATCGCCTGTACACTCA	astrocyte
ATCGCCTGTCAATGGG	oligodendrocyte_OPC
ATCGCCTGTCGTTGCG	unresolved
ATCGCCTGTCTTTCAT	astrocyte
ATCGCCTGTGTACAGG	oligodendrocyte_OPC
ATCGCCTGTGTGAATA	unresolved
ATCGCCTTCGAGGCAA	astrocyte
ATCGGATAGACCAGAC	unresolved
ATCGGATAGAGTTGAT	oligodendrocyte_OPC
ATCGGATAGCTTTGTG	neuronal
ATCGGATAGGGTACGT	unresolved
ATCGGATAGTTAACGA	neuronal
ATCGGATCAGGCGTTC	oligodendrocyte_OPC
ATCGGATCATCAGCGC	unresolved
ATCGGATCATGTTCGA	unresolved
ATCGGATGTATACCCA	astrocyte
ATCGGATGTATGTGTC	unresolved
ATCGGATGTCTGCCTT	unresolved
ATCGGATGTGGACCAA	neuronal
ATCGGATGTTGCTGAT	neuronal
ATCGGATTCAGTGATC	unresolved
ATCGGATTCATCTCTA	oligodendrocyte_OPC
ATCGGATTCATTGCGA	astrocyte
ATCGGATTCGTGGCGT	unresolved
ATCGGATTCTCGAGTA	astrocyte
ATCGGATTCTGCGGCA	neuronal
ATCGGCGAGAAACTAC	unresolved
ATCGGCGCACGCGGTT	astrocyte
ATCGGCGCAGCATACT	oligodendrocyte_OPC
ATCGGCGCATCTCAAG	astrocyte
ATCGGCGGTAAGATAC	unresolved
ATCGGCGGTAATGCTC	unresolved
ATCGGCGGTTCCACAA	neuronal
ATCGGCGGTTCGAACT	oligodendrocyte_OPC
ATCGGCGGTTGTGGCC	unresolved
ATCGGCGTCCTTTAGT	unresolved
ATCGGCGTCGCTAAAC	unresolved
ATCGTAGAGACCCGCT	unresolved
ATCGTAGAGCAGGCAT	unresolved
ATCGTAGAGCCACAAG	oligodendrocyte_OPC
ATCGTAGAGCCAGTAG	oligodendrocyte_OPC
ATCGTAGAGGGCTTCC	neuronal
ATCGTAGAGTCTGCGC	vascular
ATCGTAGAGTTCCGTA	oligodendrocyte_OPC
ATCGTAGAGTTGCTGT	unresolved
ATCGTAGGTATAGCTC	oligodendrocyte_OPC
ATCGTAGGTTAGGGTG	oligodendrocyte_OPC
ATCGTAGGTTATGTCG	oligodendrocyte_OPC
ATCGTAGTCCTAGCTC	astrocyte
ATCGTCCAGGGCTGAT	astrocyte
ATCGTCCAGGGTCTTT	oligodendrocyte_OPC
ATCGTCCAGTCCCTAA	unresolved
ATCGTCCCACTAGGTT	oligodendrocyte_OPC
ATCGTCCCAGTGGCTC	oligodendrocyte_OPC
ATCGTCCGTAGATCGG	astrocyte
ATCGTCCGTCTGGTTA	neuronal
ATCGTCCGTTAAACAG	neuronal
ATCGTCCGTTCCACAA	oligodendrocyte_OPC
ATCGTCCGTTCCAGGC	neuronal
ATCGTCCTCAGAGTGG	neuronal
ATCGTCCTCAGGAGAC	neuronal
ATCGTCCTCATGCCGG	oligodendrocyte_OPC
ATCGTCCTCCGCATAA	unresolved
ATCGTCCTCCTAGCTC	oligodendrocyte_OPC
ATCGTCCTCGAAGTGG	neuronal
ATCGTGAAGACATCAA	oligodendrocyte_OPC
ATCGTGAAGCCGCTTG	unresolved
ATCGTGAAGCGGTATG	astrocyte
ATCGTGAAGTACAGAT	unresolved
ATCGTGACAACACTAC	unresolved
ATCGTGACAAGGCTTT	unresolved
ATCGTGACAGCTCCTT	microglia_immune
ATCGTGAGTAGGACCA	unresolved
ATCGTGAGTCGTGGTC	unresolved
ATCGTGAGTCTCCCTA	astrocyte
ATCGTGATCGTCCATC	astrocyte
ATCGTGATCTGCGAGC	unresolved
ATCTCTAAGAGGGCGA	astrocyte
ATCTCTAAGCAATTCC	neuronal
ATCTCTAAGGGCAATC	oligodendrocyte_OPC
ATCTCTACAACTGCTA	unresolved
ATCTCTACAATTCACG	unresolved
ATCTCTACACCGTACG	unresolved
ATCTCTACACTTTAGG	astrocyte
ATCTCTACATATGAAG	microglia_immune
ATCTCTAGTCAACGCC	oligodendrocyte_OPC
ATCTCTAGTCATGGCC	unresolved
ATCTCTAGTGACGCCT	astrocyte
ATCTCTAGTGAGCAGT	microglia_immune
ATCTCTAGTGGCAACA	unresolved
ATCTCTAGTTAAGACA	unresolved
ATCTCTAGTTCAAAGA	neuronal
ATCTCTATCAAGGAGC	neuronal
ATCTCTATCATAGCAC	unresolved
ATCTCTATCCACCTGT	oligodendrocyte_OPC
ATCTCTATCGCCTTTG	neuronal
ATCTCTATCTGAATGC	astrocyte
ATCTCTATCTTAGCCC	unresolved
ATCTCTATCTTCTGTA	unresolved
ATCTTCAAGACATGCG	neuronal
ATCTTCAAGACTGAGC	astrocyte
ATCTTCAAGATGCGAC	unresolved
ATCTTCAAGTCACTAC	oligodendrocyte_OPC
ATCTTCACAAACTCGT	oligodendrocyte_OPC
ATCTTCACAAAGTATG	unresolved
ATCTTCACACCTAAAC	unresolved
ATCTTCACAGACACAG	oligodendrocyte_OPC
ATCTTCAGTACAGTAA	oligodendrocyte_OPC
ATCTTCAGTACCGGAA	unresolved
ATCTTCAGTTGATGTC	unresolved
ATCTTCATCATTTACC	unresolved
ATCTTCATCGGTGAAG	unresolved
ATCTTCATCGTGGGTC	neuronal
ATCTTCATCTCATGCC	neuronal
ATGAAAGAGCACTCCG	unresolved
ATGAAAGAGGTAGCAC	oligodendrocyte_OPC
ATGAAAGCAACTTGGT	unresolved
ATGAAAGCACCCAAGC	oligodendrocyte_OPC
ATGAAAGCACTAGTAC	astrocyte
ATGAAAGGTACGACAG	astrocyte
ATGAAAGGTCTTGAGT	unresolved
ATGAAAGTCCAAGGGA	unresolved
ATGAAAGTCTATTGTC	unresolved
ATGACCAAGGTTCTAC	astrocyte
ATGACCACAAGCACAG	astrocyte
ATGACCACAATCTAGC	unresolved
ATGACCACACAATGAA	vascular
ATGACCACACACGGAA	oligodendrocyte_OPC
ATGACCAGTCACTCGG	unresolved
ATGACCAGTGGGACAT	astrocyte
ATGACCAGTTGATCGT	astrocyte
ATGAGGGAGAGAGGGC	unresolved
ATGAGGGAGCCACTCG	unresolved
ATGAGGGAGCGAGTAC	neuronal
ATGAGGGAGGCAGTCA	unresolved
ATGAGGGAGTTGCGCC	oligodendrocyte_OPC
ATGAGGGCAACGCATT	neuronal
ATGAGGGCAACTGAAA	unresolved
ATGAGGGCAAGTATAG	astrocyte
ATGAGGGCACAGTCCG	unresolved
ATGAGGGCACCAGCTG	astrocyte
ATGAGGGCACCAGGTC	neuronal
ATGAGGGCAGTGCCTG	ambiguous_or_doublet
ATGAGGGGTCCACACG	unresolved
ATGAGGGGTTACACTG	astrocyte
ATGAGGGGTTACGCCG	neuronal
ATGAGGGTCAGTGTTG	unresolved
ATGAGGGTCCAACACA	unresolved
ATGAGGGTCGCATGAT	unresolved
ATGAGGGTCGCTCTAC	neuronal
ATGAGGGTCTCATTGT	vascular
ATGAGGGTCTCGTCAC	astrocyte
ATGAGTCAGAAATGGG	astrocyte
ATGAGTCAGCAGGTCA	neuronal
ATGAGTCAGGCGATAC	unresolved
ATGAGTCCATAGAATG	astrocyte
ATGAGTCGTAAGACCG	unresolved
ATGAGTCGTACCAGAG	astrocyte
ATGAGTCGTAGCTGAG	unresolved
ATGAGTCGTCACCCTT	unresolved
ATGAGTCTCACGGTCG	oligodendrocyte_OPC
ATGAGTCTCCGATTAG	oligodendrocyte_OPC
ATGAGTCTCCTTACCG	unresolved
ATGATCGAGAGGCTGT	oligodendrocyte_OPC
ATGATCGAGTCCTGCG	oligodendrocyte_OPC
ATGATCGCAAGTCCCG	oligodendrocyte_OPC
ATGATCGCAATTCTTC	oligodendrocyte_OPC
ATGATCGCACGTGTGC	unresolved
ATGATCGCAGAGTGAC	neuronal
ATGATCGCAGGCCCTA	unresolved
ATGATCGGTCAGCTTA	oligodendrocyte_OPC
ATGATCGGTTCAACGT	unresolved
ATGCATGAGATAGGGA	unresolved
ATGCATGAGGAGTACC	unresolved
ATGCATGAGTAATCCC	oligodendrocyte_OPC
ATGCATGAGTGTGTTC	unresolved
ATGCATGCAAGCGAGT	neuronal
ATGCATGCAATTCTTC	unresolved
ATGCATGCAGAGTGAC	unresolved
ATGCATGCATGCCGGT	unresolved
ATGCATGGTATACAGA	unresolved
ATGCATGGTATGTCTG	microglia_immune
ATGCATGGTCTAGTGT	ambiguous_or_doublet
ATGCATGGTTTCGCTC	neuronal
ATGCATGGTTTGTGGT	unresolved
ATGCATGTCAGTCCGG	astrocyte
ATGCATGTCGAGAAAT	oligodendrocyte_OPC
ATGCATGTCGTTCAGA	oligodendrocyte_OPC
ATGCCTCAGAAACCCG	oligodendrocyte_OPC
ATGCCTCAGACAGCTG	neuronal
ATGCCTCAGACGACGT	oligodendrocyte_OPC
ATGCCTCAGACTAGAT	unresolved
ATGCCTCAGAGCCATG	oligodendrocyte_OPC
ATGCCTCAGAGGCGGA	unresolved
ATGCCTCAGGTAGTAT	astrocyte
ATGCCTCAGTTCCTGA	unresolved
ATGCCTCCAACTCGAT	microglia_immune
ATGCCTCCATCCGATA	oligodendrocyte_OPC
ATGCCTCGTACCGGAA	unresolved
ATGCCTCGTAGCCAGA	astrocyte
ATGCCTCGTTACCTTT	unresolved
ATGCCTCTCATAAGGA	unresolved
ATGCCTCTCATCAGTG	oligodendrocyte_OPC
ATGCCTCTCCGGACGT	vascular
ATGCCTCTCGAGTCCG	unresolved
ATGCCTCTCTACGGGC	unresolved
ATGCCTCTCTCTAAGG	neuronal
ATGCCTCTCTGTGCTC	astrocyte
ATGCGATAGACATAGT	astrocyte
ATGCGATAGATGCAGC	oligodendrocyte_OPC
ATGCGATAGCGCCTCA	unresolved
ATGCGATAGGAGCAAA	astrocyte
ATGCGATAGGCCACCT	astrocyte
ATGCGATCACAACGAG	unresolved
ATGCGATCACAAGCTT	oligodendrocyte_OPC
ATGCGATCATAACCCA	unresolved
ATGCGATGTAATGCGG	unresolved
ATGCGATGTCAACATC	unresolved
ATGCGATGTCATCACA	neuronal
ATGCGATGTCGTTTCC	unresolved
ATGCGATGTCTCACGG	astrocyte
ATGCGATGTTCGAGCC	neuronal
ATGCGATTCCACAGGC	astrocyte
ATGCGATTCGCTACAA	unresolved
ATGCGATTCTTCGCTG	unresolved
ATGGAGGAGATGGCGT	neuronal
ATGGAGGAGGTGAGCT	vascular
ATGGAGGCACACCGCA	unresolved
ATGGAGGGTCAAGCGA	unresolved
ATGGAGGGTGCGTGCT	oligodendrocyte_OPC
ATGGAGGGTGTCCTAA	unresolved
ATGGAGGTCAATCAGC	unresolved
ATGGAGGTCCGAACGC	astrocyte
ATGGAGGTCCGATAAC	neuronal
ATGGAGGTCGAAGTGG	neuronal
ATGGATCAGACTTCGT	neuronal
ATGGATCAGGGTGAGG	oligodendrocyte_OPC
ATGGATCCAAGATCCT	astrocyte
ATGGATCGTACGTGTT	oligodendrocyte_OPC
ATGGATCGTGCTGCAC	astrocyte
ATGGATCGTTACCTTT	neuronal
ATGGATCGTTTCGCTC	oligodendrocyte_OPC
ATGGATCTCATCCCGT	astrocyte
ATGGATCTCATGCTAG	unresolved
ATGGATCTCCGCACGA	unresolved
ATGGGAGAGAACAAGG	neuronal
ATGGGAGAGCGATGAC	neuronal
ATGGGAGAGGGAGGCA	oligodendrocyte_OPC
ATGGGAGAGTGGTGGT	unresolved
ATGGGAGCACGTGAGA	oligodendrocyte_OPC
ATGGGAGCAGCGTTTA	unresolved
ATGGGAGCATCCGTTC	unresolved
ATGGGAGGTACTCCGG	neuronal
ATGGGAGGTATGCGGA	unresolved
ATGGGAGGTCAGGTAG	oligodendrocyte_OPC
ATGGGAGGTGACAGCA	unresolved
ATGGGAGGTTACTCAG	astrocyte
ATGGGAGTCAACCTCC	unresolved
ATGGGAGTCATCGTAG	unresolved
ATGGGAGTCCCATTTA	neuronal
ATGGGAGTCCGACGGT	oligodendrocyte_OPC
ATGGGAGTCGAAACAA	vascular
ATGGGAGTCGACACCG	astrocyte
ATGGGTTAGACTACCT	oligodendrocyte_OPC
ATGGGTTAGCCGTTGC	astrocyte
ATGGGTTAGTCGGCCT	astrocyte
ATGGGTTCAAGCTACT	oligodendrocyte_OPC
ATGGGTTCACATAACC	oligodendrocyte_OPC
ATGGGTTCAGCACAGA	oligodendrocyte_OPC
ATGGGTTCAGTATGAA	oligodendrocyte_OPC
ATGGGTTCATTGTCGA	oligodendrocyte_OPC
ATGGGTTGTAAGCAAT	oligodendrocyte_OPC
ATGGGTTGTAATCAGA	neuronal
ATGGGTTGTCTGTTAG	astrocyte
ATGGGTTGTGCGGATA	astrocyte
ATGGGTTGTTGCTCAA	unresolved
ATGGGTTTCAAGTCTG	neuronal
ATGGGTTTCAAGTGGG	astrocyte
ATGGGTTTCAATCCAG	neuronal
ATGGGTTTCAGTGATC	unresolved
ATGGGTTTCCTGTACC	unresolved
ATGGGTTTCGTTAGAC	astrocyte
ATGGGTTTCTGTGTGA	neuronal
ATGGTTGAGATTACCC	astrocyte
ATGGTTGAGCGGTATG	unresolved
ATGGTTGAGCGTGCCT	unresolved
ATGGTTGAGTCATCCA	unresolved
ATGGTTGAGTGATAAC	oligodendrocyte_OPC
ATGGTTGCAAATGGAT	neuronal
ATGGTTGCATCTCGTC	unresolved
ATGGTTGGTCAGGAGT	neuronal
ATGGTTGGTCTAGGTT	astrocyte
ATGGTTGTCCAACCGG	neuronal
ATGGTTGTCCATCTAT	microglia_immune
ATGGTTGTCCCGTAAA	astrocyte
ATGGTTGTCGTAACAC	unresolved
ATGGTTGTCGTGCATA	unresolved
ATGGTTGTCTTGAACG	unresolved
ATGTCCCAGAGCTGAC	unresolved
ATGTCCCAGCAGTACG	astrocyte
ATGTCCCAGCGGGTAT	neuronal
ATGTCCCAGTATGACA	neuronal
ATGTCCCAGTGAGCCA	neuronal
ATGTCCCCAATAACGA	oligodendrocyte_OPC
ATGTCCCCATCGAAGG	oligodendrocyte_OPC
ATGTCCCCATGTTCAG	oligodendrocyte_OPC
ATGTCCCGTCACAGTT	neuronal
ATGTCCCGTCAGACTT	unresolved
ATGTCCCGTCCATACA	neuronal
ATGTCCCGTGAGTAAT	unresolved
ATGTCCCTCCCGAAAT	unresolved
ATGTCTTAGAAACACT	astrocyte
ATGTCTTAGATAGTCA	unresolved
ATGTCTTAGCCTATTG	oligodendrocyte_OPC
ATGTCTTAGTCCCTAA	unresolved
ATGTCTTAGTTCCATG	microglia_immune
ATGTCTTCAAGGATGC	unresolved
ATGTCTTCATAGGTTC	astrocyte
ATGTCTTGTACACTCA	astrocyte
ATGTCTTTCACCTCTG	microglia_immune
ATGTCTTTCTGAACGT	unresolved
ATGTCTTTCTGAGAGG	unresolved
ATTACCTAGCAATTCC	microglia_immune
ATTACCTAGTCACTCA	oligodendrocyte_OPC
ATTACCTAGTTGGAGC	unresolved
ATTACCTCACAAGGTG	astrocyte
ATTACCTCACCCGTAG	astrocyte
ATTACCTCAGACGCTC	vascular
ATTACCTCATGACGGA	oligodendrocyte_OPC
ATTACCTCATTCGGGC	neuronal
ATTACCTGTAGCGCCT	unresolved
ATTACCTGTCAGTCCG	unresolved
ATTACCTGTCTCGCGA	unresolved
ATTACCTGTCTTGCTC	neuronal
ATTACCTGTGTGTGTT	unresolved
ATTACCTGTTGATCGT	unresolved
ATTACCTTCCTACGGG	unresolved
ATTACCTTCGCATGAT	astrocyte
ATTACCTTCGCTTTAT	unresolved
ATTACCTTCGGCAGTC	unresolved
ATTACCTTCGTTGTAG	unresolved
ATTACCTTCTACACAG	neuronal
ATTACTCAGCACACAG	unresolved
ATTACTCAGGGCCAAT	astrocyte
ATTACTCAGGTGAGCT	vascular
ATTACTCAGTACCATC	oligodendrocyte_OPC
ATTACTCAGTGGACTG	unresolved
ATTACTCCAATCGCGC	unresolved
ATTACTCCAATTGAAG	unresolved
ATTACTCCACAGTACT	astrocyte
ATTACTCCAGCCATTA	unresolved
ATTACTCCATACCACA	oligodendrocyte_OPC
ATTACTCGTATGATCC	neuronal
ATTACTCGTGGCAACA	unresolved
ATTACTCGTGTACATC	unresolved
ATTACTCGTGTTTACG	astrocyte
ATTACTCGTTAAGTCC	unresolved
ATTACTCGTTAATCGC	neuronal
ATTACTCGTTTCCATT	astrocyte
ATTACTCTCCGTAGGC	neuronal
ATTACTCTCTAACACG	unresolved
ATTACTCTCTGTGCAA	vascular
ATTACTCTCTTCACGC	neuronal
ATTATCCAGAATAGTC	oligodendrocyte_OPC
ATTATCCAGAGCCGAT	unresolved
ATTATCCAGTAACAGT	oligodendrocyte_OPC
ATTATCCCACCAAAGG	unresolved
ATTATCCCACGCGTCA	unresolved
ATTATCCCACTCCACT	astrocyte
ATTATCCCAGCAGGAT	vascular
ATTATCCCAGGCGATA	astrocyte
ATTATCCCAGGGACTA	unresolved
ATTATCCCATGCAGCC	unresolved
ATTATCCGTCAAGCCC	neuronal
ATTATCCGTCTTCGAA	microglia_immune
ATTATCCGTGTTCAGT	oligodendrocyte_OPC
ATTATCCTCCAACACA	unresolved
ATTATCCTCTTGAGCA	unresolved
ATTCACTAGACGATAT	oligodendrocyte_OPC
ATTCACTAGAGCCGAT	neuronal
ATTCACTAGAGTTCGG	oligodendrocyte_OPC
ATTCACTAGCACGATG	unresolved
ATTCACTAGGACTATA	astrocyte
ATTCACTAGTCTCCTC	unresolved
ATTCACTAGTGTTCCA	unresolved
ATTCACTGTATCGGTT	unresolved
ATTCACTGTATTGGCT	oligodendrocyte_OPC
ATTCACTGTTAGTTCG	neuronal
ATTCACTGTTGGAGAC	unresolved
ATTCACTTCAAGGCTT	unresolved
ATTCACTTCAGTCCGG	unresolved
ATTCACTTCGGAACTT	microglia_immune
ATTCACTTCTCCAAGA	unresolved
ATTCAGGAGAGATGCC	unresolved
ATTCAGGAGGTCATCT	oligodendrocyte_OPC
ATTCAGGAGTTTCGGT	oligodendrocyte_OPC
ATTCAGGCAAGTGGCA	astrocyte
ATTCAGGCACTGGATT	astrocyte
ATTCAGGCAGCGCTTG	astrocyte
ATTCAGGCATGGGCAA	neuronal
ATTCAGGGTCACCTTC	neuronal
ATTCAGGGTGAGCAGT	oligodendrocyte_OPC
ATTCAGGGTGTGAGCA	neuronal
ATTCAGGGTTCTCGCT	neuronal
ATTCAGGTCAAGTGGG	neuronal
ATTCAGGTCCCGTGAG	unresolved
ATTCAGGTCCGGACGT	unresolved
ATTCAGGTCGAGTCCG	neuronal
ATTCAGGTCGTCAAAC	astrocyte
ATTCATCAGCCATTCA	astrocyte
ATTCATCAGTCGCCAC	neuronal
ATTCATCCAAGACGAC	astrocyte
ATTCATCCACCCTAAA	oligodendrocyte_OPC
ATTCATCCACCTCGTT	microglia_immune
ATTCATCCAGATTTCG	unresolved
ATTCATCCATCGGTTA	microglia_immune
ATTCATCCATGTGGTT	unresolved
ATTCATCCATTCAGCA	microglia_immune
ATTCATCGTAGCGCCT	unresolved
ATTCATCGTAGTATAG	neuronal
ATTCATCGTATAGGGC	unresolved
ATTCATCGTGACCGTC	unresolved
ATTCATCGTGACGTCC	unresolved
ATTCATCGTGTTACTG	astrocyte
ATTCATCGTTACAGCT	unresolved
ATTCATCGTTATCTTC	astrocyte
ATTCATCGTTCCACGG	unresolved
ATTCATCGTTCGGTTA	unresolved
ATTCATCTCGACCCAG	unresolved
ATTCATCTCGCCTTTG	vascular
ATTCATCTCGTGTGGC	vascular
ATTCATCTCTAGACCA	neuronal
ATTCCATAGCAAGTGC	oligodendrocyte_OPC
ATTCCATAGCCTTCTC	oligodendrocyte_OPC
ATTCCATAGCGACTAG	unresolved
ATTCCATAGCTCTGTA	astrocyte
ATTCCATAGGAAACGA	microglia_immune
ATTCCATAGTAACCGG	astrocyte
ATTCCATAGTCGAATA	astrocyte
ATTCCATAGTGAACAT	unresolved
ATTCCATCAAGTTTGC	astrocyte
ATTCCATCACCCTGTT	unresolved
ATTCCATCAGCGGATA	neuronal
ATTCCATCATCCGTGG	unresolved
ATTCCATCATGTTCAG	neuronal
ATTCCATCATTAGGAA	neuronal
ATTCCATGTCCGATCG	unresolved
ATTCCATGTCTAGGCC	oligodendrocyte_OPC
ATTCCATGTCTTGTCC	neuronal
ATTCCATGTGCCTATA	unresolved
ATTCCATGTTGTAAAG	unresolved
ATTCCATTCGACTCCT	astrocyte
ATTCCATTCTAGTGTG	oligodendrocyte_OPC
ATTCCCGAGAGAGTTT	astrocyte
ATTCCCGAGCTTCTAG	unresolved
ATTCCCGAGGCACGAT	unresolved
ATTCCCGAGGCATCTT	unresolved
ATTCCCGAGGTGCAGT	microglia_immune
ATTCCCGCAAATTGCC	unresolved
ATTCCCGCAACGCCCA	astrocyte
ATTCCCGCACCCAACG	unresolved
ATTCCCGCAGAACGCA	neuronal
ATTCCCGGTATGAGAT	unresolved
ATTCCCGGTCCTTGTC	unresolved
ATTCCCGGTGACAGGT	oligodendrocyte_OPC
ATTCCCGGTGTATTCG	microglia_immune
ATTCCCGGTGTTTCTT	neuronal
ATTCCCGTCACTCGAA	unresolved
ATTCCCGTCCACACCT	oligodendrocyte_OPC
ATTCCCGTCCGTTTCG	oligodendrocyte_OPC
ATTCCCGTCGCCCAGA	neuronal
ATTCCCGTCGTTCCCA	unresolved
ATTCCCGTCTCCGAGG	unresolved
ATTCCTAAGAAAGCGA	unresolved
ATTCCTAAGAAGAGCA	microglia_immune
ATTCCTAAGAGTAACT	astrocyte
ATTCCTAAGCCAACCC	neuronal
ATTCCTAAGGATACCG	unresolved
ATTCCTAAGGCAGTCA	neuronal
ATTCCTAAGTCTCTGA	neuronal
ATTCCTACAGCCCAGT	oligodendrocyte_OPC
ATTCCTACAGCGGTTC	unresolved
ATTCCTACAGCGTTTA	neuronal
ATTCCTACAGTGAGCA	oligodendrocyte_OPC
ATTCCTACATGGCGCT	oligodendrocyte_OPC
ATTCCTAGTCGCAACC	unresolved
ATTCCTAGTCTTACAG	unresolved
ATTCCTAGTGCCAAGA	unresolved
ATTCCTAGTGTAGTGG	unresolved
ATTCCTAGTGTTGATC	neuronal
ATTCCTAGTTCTTAGG	unresolved
ATTCCTATCATGCATG	microglia_immune
ATTCCTATCGAGAGAC	astrocyte
ATTCCTATCTTTCTAG	unresolved
ATTCGTTAGATACTGA	unresolved
ATTCGTTAGGAATCGC	neuronal
ATTCGTTAGGAATGTT	neuronal
ATTCGTTCAATGCAAA	oligodendrocyte_OPC
ATTCGTTCACCAATTG	neuronal
ATTCGTTCAGAACGCA	unresolved
ATTCGTTGTACCTGTA	neuronal
ATTCGTTGTAGCACGA	unresolved
ATTCGTTGTGCCTTCT	unresolved
ATTCGTTGTTAAGTCC	neuronal
ATTCGTTGTTCGATTG	vascular
ATTCGTTGTTGCATAC	neuronal
ATTCGTTTCATGACAC	oligodendrocyte_OPC
ATTCGTTTCATGGATC	oligodendrocyte_OPC
ATTCGTTTCCACACCT	oligodendrocyte_OPC
ATTCGTTTCTATCGGA	astrocyte
ATTCTACAGAGAGTGA	microglia_immune
ATTCTACAGATCGCTT	unresolved
ATTCTACAGCTCATAC	unresolved
ATTCTACAGTTCACTG	ambiguous_or_doublet
ATTCTACCAAATGAAC	unresolved
ATTCTACCAAGCTGTT	oligodendrocyte_OPC
ATTCTACCACTATGTG	neuronal
ATTCTACCAGGTTACT	unresolved
ATTCTACCATCTAACG	unresolved
ATTCTACGTACACGCC	microglia_immune
ATTCTACGTCTGCATA	astrocyte
ATTCTACGTGCAATGG	astrocyte
ATTCTACGTGGTTTGT	astrocyte
ATTCTACGTTCGGGTC	astrocyte
ATTCTACTCAGATTGC	unresolved
ATTCTACTCCACCTCA	neuronal
ATTCTACTCCTTGACC	astrocyte
ATTCTACTCGTAACCA	astrocyte
ATTCTACTCTTTGGAG	unresolved
ATTCTTGAGCATAGGC	unresolved
ATTCTTGAGCGTCAGA	neuronal
ATTCTTGGTACCGGCT	unresolved
ATTCTTGGTCACCACG	unresolved
ATTCTTGGTCATCGCG	unresolved
ATTCTTGGTTCGTAAC	unresolved
ATTCTTGTCGAAGCAG	unresolved
ATTCTTGTCGCCAATA	oligodendrocyte_OPC
ATTCTTGTCTCTCTTC	unresolved
ATTGGGTAGACCAACG	unresolved
ATTGGGTAGCACCGTC	unresolved
ATTGGGTAGGTGCCAA	oligodendrocyte_OPC
ATTGGGTAGTGGACTG	oligodendrocyte_OPC
ATTGGGTCACGGTGCT	unresolved
ATTGGGTCACTCCTGT	unresolved
ATTGGGTCAGACTCTA	unresolved
ATTGGGTCATAGAATG	microglia_immune
ATTGGGTCATTCACAG	neuronal
ATTGGGTCATTGCTTT	unresolved
ATTGGGTGTAAGGAGA	oligodendrocyte_OPC
ATTGGGTGTAGACTGG	unresolved
ATTGGGTGTAGTGCGA	ambiguous_or_doublet
ATTGGGTGTATTGAGA	vascular
ATTGGGTGTCCAAGAG	neuronal
ATTGGGTGTCGCTGCA	unresolved
ATTGGGTGTTCGAAGG	astrocyte
ATTGGGTTCCTACAAG	neuronal
ATTGGGTTCCTGTTAT	unresolved
ATTGGGTTCGAACGCC	unresolved
ATTGGGTTCGACGAGA	neuronal
ATTGGGTTCGCCGATG	oligodendrocyte_OPC
ATTGGGTTCGTGACTA	astrocyte
ATTGTTCAGACATCAA	astrocyte
ATTGTTCAGACTACGG	neuronal
ATTGTTCAGGACTTCT	unresolved
ATTGTTCAGGTAGCAC	neuronal
ATTGTTCAGTTGAAGT	astrocyte
ATTGTTCCATGAATAG	unresolved
ATTGTTCGTCATGGCC	oligodendrocyte_OPC
ATTGTTCGTCCGGATC	unresolved
ATTGTTCGTCGTGCCA	neuronal
ATTGTTCGTGCCCAGT	neuronal
ATTGTTCGTGCCCTTT	astrocyte
ATTGTTCTCGTAGGGA	oligodendrocyte_OPC
ATTGTTCTCTACAGGT	astrocyte
ATTGTTCTCTATGTGG	unresolved
ATTTACCAGAGAGTGA	unresolved
ATTTACCAGTAGCAAT	ambiguous_or_doublet
ATTTACCCAAGCTCTA	unresolved
ATTTACCCACTTCAGA	unresolved
ATTTACCCAGACCAAG	neuronal
ATTTACCGTCAATCTG	neuronal
ATTTACCGTCTCACGG	oligodendrocyte_OPC
ATTTACCGTGTCGCTG	microglia_immune
ATTTACCGTTCTTCAT	oligodendrocyte_OPC
ATTTACCTCATGCTAG	unresolved
ATTTCACAGACTCAAA	neuronal
ATTTCACAGAGAAGGT	unresolved
ATTTCACAGCTTCATG	unresolved
ATTTCACAGGCCACTC	oligodendrocyte_OPC
ATTTCACAGGCTCACC	astrocyte
ATTTCACAGTTCCGGC	neuronal
ATTTCACCAATCCTAG	unresolved
ATTTCACCACATCCCT	unresolved
ATTTCACCACTCCACT	unresolved
ATTTCACCAGGAGGTT	unresolved
ATTTCACGTAGATCGG	oligodendrocyte_OPC
ATTTCACGTATCAAGA	astrocyte
ATTTCACGTCAGGCAA	vascular
ATTTCACGTGTAAATG	astrocyte
ATTTCACGTTAACCTG	unresolved
ATTTCACGTTCTGACA	unresolved
ATTTCACTCAAAGCCT	unresolved
ATTTCACTCACTTCTA	oligodendrocyte_OPC
ATTTCACTCGTGGAAG	neuronal
ATTTCACTCTGGTTGA	astrocyte
ATTTCTGAGACAACTA	oligodendrocyte_OPC
ATTTCTGAGCCGCTTG	unresolved
ATTTCTGAGGATCACG	neuronal
ATTTCTGAGTGGCCTC	unresolved
ATTTCTGAGTTTGCTG	neuronal
ATTTCTGCAAGCGAGT	oligodendrocyte_OPC
ATTTCTGCAGGCACAA	astrocyte
ATTTCTGGTAGCTAAA	unresolved
ATTTCTGGTCACCGCA	neuronal
ATTTCTGGTCTGTAGT	neuronal
ATTTCTGGTGATTAGA	astrocyte
ATTTCTGGTGGGTCAA	neuronal
ATTTCTGGTGTTCGTA	vascular
ATTTCTGTCCAAGGGA	neuronal
ATTTCTGTCCGCCTAT	astrocyte
ATTTCTGTCCGTTTCG	unresolved
ATTTCTGTCGGACTTA	unresolved
ATTTCTGTCGTGCAGC	neuronal
ATTTCTGTCTGTCCGT	oligodendrocyte_OPC
CAAAGAAAGACGCCCT	microglia_immune
CAAAGAAAGAGTTGTA	oligodendrocyte_OPC
CAAAGAAAGCAGGCTA	astrocyte
CAAAGAAAGGAACGAA	astrocyte
CAAAGAAAGGACTATA	oligodendrocyte_OPC
CAAAGAAAGGTGGCTA	ambiguous_or_doublet
CAAAGAAAGTGGCGAT	oligodendrocyte_OPC
CAAAGAACAACCGATT	oligodendrocyte_OPC
CAAAGAACAATTGGTC	neuronal
CAAAGAACACCTCTAC	unresolved
CAAAGAACAGAGGCTA	astrocyte
CAAAGAACAGGACAGT	unresolved
CAAAGAAGTAATTAGG	unresolved
CAAAGAAGTAGTGCGA	neuronal
CAAAGAAGTATGATCC	microglia_immune
CAAAGAAGTATTCCTT	unresolved
CAAAGAAGTGATGAAT	neuronal
CAAAGAATCGATACAC	neuronal
CAAAGAATCGCTCATC	neuronal
CAAAGAATCTAGGCAT	unresolved
CAAAGAATCTCCTGCA	neuronal
CAACAACAGACCAGCA	oligodendrocyte_OPC
CAACAACAGGTCGTCC	unresolved
CAACAACAGTGCTAGG	unresolved
CAACAACCACCTTCCA	astrocyte
CAACAACGTGTTGACT	neuronal
CAACAACGTTCCACAA	neuronal
CAACAACTCAAGGAGC	unresolved
CAACAACTCACTTGGA	astrocyte
CAACAACTCCGTAGGC	unresolved
CAACAACTCCGTTGGG	vascular
CAACAACTCGAGCTGC	unresolved
CAACAGTAGAGGGTGG	oligodendrocyte_OPC
CAACAGTAGAGTACCG	oligodendrocyte_OPC
CAACAGTAGAGTGAAG	unresolved
CAACAGTAGATAGGGA	unresolved
CAACAGTAGCCTCTTC	unresolved
CAACAGTAGGCCTGCT	astrocyte
CAACAGTCAAATGGAT	oligodendrocyte_OPC
CAACAGTCAAGGTCGA	unresolved
CAACAGTCACGAGGTA	oligodendrocyte_OPC
CAACAGTCAGATCCTA	vascular
CAACAGTCATCCGGTG	astrocyte
CAACAGTCATCGTTCC	oligodendrocyte_OPC
CAACAGTGTGCCTGCA	unresolved
CAACAGTGTTTGGCTA	astrocyte
CAACAGTTCAATCCAG	astrocyte
CAACAGTTCCATCTAT	astrocyte
CAACAGTTCGCTTGCT	unresolved
CAACAGTTCTTACCGC	neuronal
CAACCAAAGACCGTTT	unresolved
CAACCAAAGAGCGACT	neuronal
CAACCAAAGCACTTTG	unresolved
CAACCAAAGTACTCGT	unresolved
CAACCAACAAAGCAAT	oligodendrocyte_OPC
CAACCAACACATCATG	vascular
CAACCAACAGAACTTC	unresolved
CAACCAACATGTGCTA	neuronal
CAACCAACATTCCTCG	astrocyte
CAACCAAGTAAGACCG	oligodendrocyte_OPC
CAACCAAGTACGAGTG	unresolved
CAACCAAGTACGTACT	astrocyte
CAACCAAGTGACGCCT	astrocyte
CAACCAAGTGTACATC	microglia_immune
CAACCAAGTTCAGCGC	unresolved
CAACCAAGTTGTTTGG	astrocyte
CAACCAATCACAAGAA	neuronal
CAACCAATCCATAGAC	astrocyte
CAACCAATCGTCAGAT	neuronal
CAACCTCAGGATAATC	oligodendrocyte_OPC
CAACCTCAGGGCAACT	oligodendrocyte_OPC
CAACCTCAGTATTCCG	unresolved
CAACCTCCAACGACAG	unresolved
CAACCTCCAACTGCTA	oligodendrocyte_OPC
CAACCTCCACCATTCC	astrocyte
CAACCTCCAGCACGAA	vascular
CAACCTCCAGGACATG	oligodendrocyte_OPC
CAACCTCCAGGTGTTT	neuronal
CAACCTCCAGTGAGCA	unresolved
CAACCTCGTCAACCTA	unresolved
CAACCTCGTCAACGCC	oligodendrocyte_OPC
CAACCTCGTGAGTTTC	oligodendrocyte_OPC
CAACCTCGTTTAGAGA	unresolved
CAACCTCTCCATCTAT	unresolved
CAACCTCTCCGATCGG	vascular
CAACCTCTCTAAGCGT	oligodendrocyte_OPC
CAACCTCTCTGCTCTG	unresolved
CAACGATAGAAATTCG	neuronal
CAACGATAGCTACAAA	neuronal
CAACGATAGTACTGTC	oligodendrocyte_OPC
CAACGATAGTAGTGCG	astrocyte
CAACGATGTGCATGTT	unresolved
CAACGATGTGCGACAA	astrocyte
CAACGATGTGGTACAG	astrocyte
CAACGATGTTATAGAG	oligodendrocyte_OPC
CAACGGCAGCCACAAG	unresolved
CAACGGCAGCTAGCCC	oligodendrocyte_OPC
CAACGGCAGGCAGGGA	neuronal
CAACGGCAGTATGACA	neuronal
CAACGGCCAAATCAGA	unresolved
CAACGGCCAAGACTGG	astrocyte
CAACGGCCAATTTCGG	astrocyte
CAACGGCCACAAGTGG	unresolved
CAACGGCCAGGTTTAC	astrocyte
CAACGGCCAGTCAGCC	neuronal
CAACGGCCATTGCTGA	unresolved
CAACGGCGTACCGCGT	unresolved
CAACGGCGTCCTACGG	microglia_immune
CAACGGCGTGCAGGAT	oligodendrocyte_OPC
CAACGGCGTGTTAAAG	neuronal
CAACGGCGTGTTCCAA	unresolved
CAACGGCGTTCCAGGC	oligodendrocyte_OPC
CAACGGCTCACGGGCT	microglia_immune
CAACGGCTCGACACCG	unresolved
CAACGGCTCGAGGCAA	neuronal
CAACGGCTCGCGATCG	unresolved
CAACGGCTCGTCGGGT	oligodendrocyte_OPC
CAACGGCTCTATGCCC	unresolved
CAAGACTAGATACTGA	neuronal
CAAGACTAGCTACGTT	oligodendrocyte_OPC
CAAGACTCACAGAAGC	unresolved
CAAGACTCAGCTCTGG	unresolved
CAAGACTCATAATCGC	unresolved
CAAGACTCATGCAGCC	oligodendrocyte_OPC
CAAGACTGTACGTGTT	oligodendrocyte_OPC
CAAGACTGTGAATTGA	astrocyte
CAAGACTGTTTGCAGT	ambiguous_or_doublet
CAAGACTGTTTGTGGT	astrocyte
CAAGACTTCCGATGCG	unresolved
CAAGAGGCAAATGGCG	microglia_immune
CAAGAGGCAATTCGTG	unresolved
CAAGAGGCAATTTCGG	unresolved
CAAGAGGCACAATGTC	astrocyte
CAAGAGGCAGTTACCA	astrocyte
CAAGAGGGTCTTTCAT	oligodendrocyte_OPC
CAAGAGGGTGAGATAT	oligodendrocyte_OPC
CAAGAGGGTTAGGAGC	astrocyte
CAAGAGGGTTGCACGC	unresolved
CAAGAGGTCGGTCAGC	neuronal
CAAGAGGTCTAGAGCT	neuronal
CAAGAGGTCTGTGCTC	neuronal
CAAGCTAAGGATGTTA	unresolved
CAAGCTAAGGGAGTTC	unresolved
CAAGCTAAGGTCTGGA	astrocyte
CAAGCTAAGTTGAATG	astrocyte
CAAGCTACAGTAGAGC	neuronal
CAAGCTAGTAAGGCCA	unresolved
CAAGCTAGTCCCTGAG	unresolved
CAAGCTAGTGATGGCA	neuronal
CAAGCTAGTTACCCTC	oligodendrocyte_OPC
CAAGCTATCACCTACC	unresolved
CAAGCTATCATCGCAA	astrocyte
CAAGCTATCATGACAC	neuronal
CAAGCTATCATTTGGG	unresolved
CAAGCTATCCGAGGCT	unresolved
CAAGCTATCGCATTAG	astrocyte
CAAGCTATCGCTAATG	astrocyte
CAAGCTATCTCTTCAA	unresolved
CAAGGGAAGACGATAT	astrocyte
CAAGGGAAGCAGGCAT	astrocyte
CAAGGGAAGGACACTG	unresolved
CAAGGGAAGTAGGCCA	unresolved
CAAGGGACATCCGTGG	unresolved
CAAGGGACATGACTAC	oligodendrocyte_OPC
CAAGGGACATTAGGCT	oligodendrocyte_OPC
CAAGGGAGTACAGTAA	astrocyte
CAAGGGAGTAGCTAAA	neuronal
CAAGGGAGTCTCGGAC	unresolved
CAAGGGAGTCTGTCAA	unresolved
CAAGGGAGTGACCGTC	oligodendrocyte_OPC
CAAGGGAGTGCGAGTA	unresolved
CAAGGGAGTTCTGAGT	oligodendrocyte_OPC
CAAGGGATCACGGGAA	vascular
CAAGGGATCCTTCACG	neuronal
CAAGGGATCGCGTCGA	neuronal
CAAGGGATCTGCTAGA	microglia_immune
CAATACGAGCGAGTAC	neuronal
CAATACGAGTTGCCCG	oligodendrocyte_OPC
CAATACGCAAGCACAG	astrocyte
CAATACGCAAGTACCT	oligodendrocyte_OPC
CAATACGCACGTAACT	unresolved
CAATACGGTCACAATC	microglia_immune
CAATACGGTCCGTACG	neuronal
CAATACGGTTGAGGAC	neuronal
CAATACGGTTGGGATG	oligodendrocyte_OPC
CAATACGGTTGTGGCC	unresolved
CAATACGTCAGCTTGA	neuronal
CAATACGTCGAGTGGA	oligodendrocyte_OPC
CAATCGAAGACGGAAA	unresolved
CAATCGAAGTAATACG	unresolved
CAATCGAAGTAGACAT	astrocyte
CAATCGAAGTCATACC	oligodendrocyte_OPC
CAATCGACAAGCGAAC	unresolved
CAATCGACACTGATTG	unresolved
CAATCGACATGAATAG	astrocyte
CAATCGAGTGTCCCTT	neuronal
CAATCGAGTTCTTAGG	oligodendrocyte_OPC
CAATCGAGTTTACGAC	astrocyte
CAATCGAGTTTCCAAG	unresolved
CAATCGATCATTGCGA	unresolved
CAATCGATCGAGTCCG	unresolved
CAATCGATCTATGCCC	oligodendrocyte_OPC
CAATCGATCTGCGGAC	neuronal
CAATGACAGAAGGGAT	neuronal
CAATGACAGAGGCCAT	neuronal
CAATGACAGAGTTGCG	neuronal
CAATGACAGCGCCTTG	unresolved
CAATGACAGGTCATAA	neuronal
CAATGACAGTACCCTA	astrocyte
CAATGACAGTTACTCG	oligodendrocyte_OPC
CAATGACCACGACGTC	neuronal
CAATGACCACGGGTAA	unresolved
CAATGACCACTGTCGG	oligodendrocyte_OPC
CAATGACCATAGTCGT	neuronal
CAATGACGTCATTGCA	microglia_immune
CAATGACGTCCTGTCT	unresolved
CAATGACGTCGAACGA	oligodendrocyte_OPC
CAATGACGTCGGCTAC	unresolved
CAATGACGTTACCGTA	neuronal
CAATGACTCAACGTGT	unresolved
CAATGACTCGTGTTCC	unresolved
CAATTTCAGACCACGA	neuronal
CAATTTCAGACTAAGT	unresolved
CAATTTCAGATGACAT	oligodendrocyte_OPC
CAATTTCAGCGCACAA	neuronal
CAATTTCAGTAGAGTT	unresolved
CAATTTCCAAGTGCTT	neuronal
CAATTTCCAGACCAAG	unresolved
CAATTTCCAGCTGTCG	astrocyte
CAATTTCCATACCATG	unresolved
CAATTTCCATACTTTC	neuronal
CAATTTCCATTGAAGA	neuronal
CAATTTCGTGCTATTG	microglia_immune
CAATTTCGTTCGCGTG	unresolved
CAATTTCTCACGATAC	unresolved
CAATTTCTCCGTACGG	astrocyte
CAATTTCTCGATGCTA	vascular
CAATTTCTCGCGCTGA	oligodendrocyte_OPC
CAATTTCTCTGAGAGG	oligodendrocyte_OPC
CACAACAAGTGCAACG	astrocyte
CACAACAAGTGCGCTC	unresolved
CACAACACAGCAGTTT	neuronal
CACAACACATACAGGG	neuronal
CACAACACATCCGTGG	neuronal
CACAACAGTAGATCCT	oligodendrocyte_OPC
CACAACAGTCCTGGGT	astrocyte
CACAACAGTCGCGTTG	oligodendrocyte_OPC
CACAACAGTTTACCTT	oligodendrocyte_OPC
CACAACATCACTGTTT	unresolved
CACAACATCCGAAATC	unresolved
CACAACATCGCATTAG	unresolved
CACACAAAGAGGTTAT	oligodendrocyte_OPC
CACACAAAGCAACTTC	vascular
CACACAAAGGACAAGA	neuronal
CACACAAAGTAGTCAA	neuronal
CACACAACAAGGACAC	neuronal
CACACAACACCGCTAG	unresolved
CACACAACAGAATGTA	unresolved
CACACAACAGACATCT	neuronal
CACACAAGTCATGGCC	neuronal
CACACAAGTGAATTGA	astrocyte
CACACAAGTGACAGGT	unresolved
CACACAAGTGCGTCGT	unresolved
CACACAAGTTAAAGTG	oligodendrocyte_OPC
CACACAAGTTCAGCTA	astrocyte
CACACAATCATTACGG	unresolved
CACACAATCGACCAAT	neuronal
CACACAATCGCTGCGA	astrocyte
CACACAATCTGAGTCA	neuronal
CACAGATAGAGTCCGA	astrocyte
CACAGATCAACGGCCT	neuronal
CACAGATCAAGAGTAT	oligodendrocyte_OPC
CACAGATCAGGGAATC	unresolved
CACAGATCATCTGGGC	neuronal
CACAGATCATGCCGCA	astrocyte
CACAGATGTAGGTACG	astrocyte
CACAGATGTAGTATAG	oligodendrocyte_OPC
CACAGATGTATCGCTA	unresolved
CACAGATGTGAGAGGG	unresolved
CACAGATGTGGCAGAT	neuronal
CACAGATGTGTAGTGG	astrocyte
CACAGATGTTTCGCTC	unresolved
CACAGATTCAGTGTTG	unresolved
CACAGATTCCCATTTA	astrocyte
CACAGATTCTCGGTCT	neuronal
CACAGGCAGAGCCTGA	oligodendrocyte_OPC
CACAGGCAGCACCGAA	oligodendrocyte_OPC
CACAGGCAGGGTGAAA	oligodendrocyte_OPC
CACAGGCAGTGTAGTA	unresolved
CACAGGCCAAGACGGT	astrocyte
CACAGGCCAAGAGATT	neuronal
CACAGGCCACTGCGAC	oligodendrocyte_OPC
CACAGGCCACTGTTCC	neuronal
CACAGGCCAGTTGCGC	unresolved
CACAGGCCATACATCG	unresolved
CACAGGCCATTGAAAG	oligodendrocyte_OPC
CACAGGCGTGAGACCA	astrocyte
CACAGGCTCAAGTCTG	astrocyte
CACAGGCTCACCTTGC	astrocyte
CACAGGCTCTAGCCTC	neuronal
CACAGGCTCTCCTGAC	unresolved
CACATGAAGCACCGAA	neuronal
CACATGAAGCTCGACC	unresolved
CACATGAAGGGAGGTG	unresolved
CACATGAAGGTCACAG	neuronal
CACATGACAAGACGAC	unresolved
CACATGACAATTGTGC	astrocyte
CACATGACACCATTCC	unresolved
CACATGACAGCTGAAG	unresolved
CACATGACATCCGAAT	unresolved
CACATGACATTGAGGG	astrocyte
CACATGAGTCATATGC	unresolved
CACATGAGTCCTCCAT	unresolved
CACATGAGTCCTTAAG	unresolved
CACATGATCACCTTAT	unresolved
CACATGATCAGATTGC	neuronal
CACATGATCGAGATGG	oligodendrocyte_OPC
CACATGATCTCTCGAC	oligodendrocyte_OPC
CACATGATCTTACACT	unresolved
CACCAAAAGGTATCTC	microglia_immune
CACCAAAAGGTGATCG	unresolved
CACCAAAAGTAGGTTA	astrocyte
CACCAAAAGTCCTGTA	unresolved
CACCAAAAGTCGGCCT	unresolved
CACCAAACAAGCTGTT	neuronal
CACCAAAGTAACCCGC	unresolved
CACCAAAGTACCGGAA	unresolved
CACCAAAGTACCTAAC	unresolved
CACCAAAGTCGGTAAG	astrocyte
CACCAAAGTTCGGCTG	neuronal
CACCAAATCCGGTTCT	oligodendrocyte_OPC
CACCAAATCCTGTAAG	vascular
CACCAAATCGCCGAGT	unresolved
CACCAAATCGGAGATG	unresolved
CACCAAATCGTTGTGA	neuronal
CACCAAATCTCTGGTC	neuronal
CACCAAATCTGAATCG	neuronal
CACCGTTAGCCTTCTC	astrocyte
CACCGTTAGGATGAGA	unresolved
CACCGTTAGGCTGGAT	oligodendrocyte_OPC
CACCGTTCAAATCGGG	neuronal
CACCGTTCAACTTGGT	oligodendrocyte_OPC
CACCGTTCAAGTCATC	neuronal
CACCGTTCAATACAGA	neuronal
CACCGTTCACAACCGC	microglia_immune
CACCGTTCACTCCTGT	unresolved
CACCGTTCAGAGTGTG	unresolved
CACCGTTGTAACGATA	neuronal
CACCGTTGTAGCTCGC	unresolved
CACCGTTGTCAAAGCG	unresolved
CACCGTTGTCTGTGGC	oligodendrocyte_OPC
CACCGTTGTGGTCTCG	unresolved
CACCGTTGTTTGCAGT	astrocyte
CACCGTTTCACCGACG	unresolved
CACCGTTTCCGCACGA	unresolved
CACCGTTTCCGGGACT	unresolved
CACCGTTTCGTAATGC	oligodendrocyte_OPC
CACGAATAGATGTTGA	astrocyte
CACGAATAGCACGGAT	astrocyte
CACGAATAGCGACTGA	neuronal
CACGAATAGCGGTAAC	astrocyte
CACGAATAGCGTCAAG	unresolved
CACGAATAGGTACAGC	unresolved
CACGAATAGTCATGGG	unresolved
CACGAATAGTCCCAGC	unresolved
CACGAATAGTTGAATG	neuronal
CACGAATCAACTCCAA	astrocyte
CACGAATCAACTCGAT	oligodendrocyte_OPC
CACGAATCAGTCTCTC	astrocyte
CACGAATGTACTGACT	unresolved
CACGAATTCAAACCCA	oligodendrocyte_OPC
CACGAATTCACTTTGT	microglia_immune
CACGAATTCAGCTTGA	astrocyte
CACGAATTCATGCCAA	astrocyte
CACGAATTCGCGTAGC	oligodendrocyte_OPC
CACGAATTCGGACCAC	unresolved
CACGAATTCTCTGGTC	astrocyte
CACGAATTCTGCGTCT	microglia_immune
CACGAATTCTTACGTT	neuronal
CACGGGTAGAAATCCA	unresolved
CACGGGTAGGGATCAC	neuronal
CACGGGTAGGTGGCTA	astrocyte
CACGGGTAGTACCCTA	unresolved
CACGGGTCATGCCGGT	unresolved
CACGGGTCATTAGGCT	unresolved
CACGGGTGTATGCTTG	unresolved
CACGGGTGTGGCTCTG	unresolved
CACGGGTGTTCAGCGC	unresolved
CACGGGTGTTGCGTAT	unresolved
CACGGGTGTTTCAGAC	vascular
CACGGGTTCAGACCGC	unresolved
CACGGGTTCGTGGGTC	astrocyte
CACGGGTTCTAGATCG	neuronal
CACGTGGAGCCTTGAT	microglia_immune
CACGTGGAGTAATCCC	unresolved
CACGTGGAGTCTGGAG	astrocyte
CACGTGGAGTTAACGA	unresolved
CACGTGGCACACCGCA	unresolved
CACGTGGCAGAGTAAT	unresolved
CACGTGGCAGGGAATC	neuronal
CACGTGGGTATGCGTT	oligodendrocyte_OPC
CACGTGGTCAAGATAG	neuronal
CACGTGGTCCACCTCA	neuronal
CACGTGGTCGTAATGC	oligodendrocyte_OPC
CACGTGGTCTCCGCAT	oligodendrocyte_OPC
CACGTGGTCTGCTCTG	microglia_immune
CACGTTCAGACCTGGA	neuronal
CACGTTCAGCCATATC	neuronal
CACGTTCAGCGCTGAA	astrocyte
CACGTTCAGCTTACGT	unresolved
CACGTTCAGGACAACC	astrocyte
CACGTTCAGGATTACA	oligodendrocyte_OPC
CACGTTCAGTGGTTAA	neuronal
CACGTTCCAAAGCTAA	unresolved
CACGTTCCATCACGGC	neuronal
CACGTTCGTAGAGCTG	oligodendrocyte_OPC
CACGTTCGTCATGACT	microglia_immune
CACGTTCGTCGCTTGG	neuronal
CACGTTCGTGCGCTCA	oligodendrocyte_OPC
CACGTTCGTTTGTTGG	oligodendrocyte_OPC
CACGTTCTCCAAGCCG	unresolved
CACGTTCTCCATAGAC	unresolved
CACGTTCTCGCATGAT	oligodendrocyte_OPC
CACTAAGAGAATTCAG	astrocyte
CACTAAGAGACGTCGA	neuronal
CACTAAGAGTCACAGG	oligodendrocyte_OPC
CACTAAGCAACCCGCA	ambiguous_or_doublet
CACTAAGCATCCTAAG	microglia_immune
CACTAAGGTACGGTTT	microglia_immune
CACTAAGGTAGCGATG	astrocyte
CACTAAGGTCTTGGTA	neuronal
CACTAAGGTGTCCGGT	microglia_immune
CACTAAGGTTGGAGGT	unresolved
CACTAAGTCCTTCACG	neuronal
CACTAAGTCGACATAC	oligodendrocyte_OPC
CACTAAGTCTCTGGTC	vascular
CACTAAGTCTGGGATT	astrocyte
CACTGAAAGAATCGAT	neuronal
CACTGAAAGTGGTTCT	neuronal
CACTGAACAAGCACCC	unresolved
CACTGAACACATAACC	neuronal
CACTGAACACCGTACG	unresolved
CACTGAAGTCAACATC	neuronal
CACTGAAGTGGGTATG	neuronal
CACTGAATCAGGGTAG	oligodendrocyte_OPC
CACTGAATCCACCCTA	unresolved
CACTGAATCCATCACC	astrocyte
CACTGAATCCTCAGAA	unresolved
CACTGAATCGTTAGAC	astrocyte
CACTGAATCTGTCCGT	neuronal
CACTGGGAGCAAGTCG	unresolved
CACTGGGAGCCATGCC	unresolved
CACTGGGAGGGTATAT	unresolved
CACTGGGAGTTGGAAT	microglia_immune
CACTGGGCACTCCTGT	neuronal
CACTGGGCATAGAAAC	unresolved
CACTGGGGTACCGGCT	neuronal
CACTGGGGTCCACAGC	unresolved
CACTGGGGTCCCTCAT	neuronal
CACTGGGGTGCACGCT	oligodendrocyte_OPC
CACTGGGGTGTGTCCG	oligodendrocyte_OPC
CACTGGGTCACTCCGT	neuronal
CACTGGGTCGTCTACC	oligodendrocyte_OPC
CACTGGGTCGTCTCAC	unresolved
CACTGGGTCTCGCAGG	oligodendrocyte_OPC
CACTGTCAGCTGGAGT	unresolved
CACTGTCAGGCCTAGA	vascular
CACTGTCAGGGCAGTT	microglia_immune
CACTGTCCAATAACGA	astrocyte
CACTGTCCACAACGTT	neuronal
CACTGTCCACGTTGGC	oligodendrocyte_OPC
CACTGTCCACTTCAAG	neuronal
CACTGTCCATCGAACT	unresolved
CACTGTCCATGAATCC	neuronal
CACTGTCCATTGAGGG	neuronal
CACTGTCGTCCAATCA	neuronal
CACTGTCGTCGATTTG	astrocyte
CACTGTCGTGTATACC	astrocyte
CACTGTCGTTGAATCC	unresolved
CACTGTCGTTGTTGCA	neuronal
CACTGTCTCATACGGT	unresolved
CACTGTCTCCGTAATG	astrocyte
CACTGTCTCGGCCTTT	microglia_immune
CACTGTCTCTAACGGT	unresolved
CACTTCGAGGAAAGAC	unresolved
CACTTCGAGGCTTAAA	unresolved
CACTTCGCAAATAGCA	neuronal
CACTTCGCAAATGGTA	unresolved
CACTTCGCAACAAGTA	ambiguous_or_doublet
CACTTCGCAACAGCTT	unresolved
CACTTCGCACACCTGG	unresolved
CACTTCGCACATACTG	unresolved
CACTTCGCATCCTATT	oligodendrocyte_OPC
CACTTCGGTGTTGAGG	unresolved
CACTTCGGTTAGGCTT	unresolved
CACTTCGGTTGCCTAA	vascular
CACTTCGGTTTACTTC	neuronal
CACTTCGTCAAGCGTT	unresolved
CACTTCGTCACATTGG	neuronal
CACTTCGTCGTTCCTG	neuronal
CACTTCGTCTCTGACC	oligodendrocyte_OPC
CAGAGCCAGCCTGAAG	neuronal
CAGAGCCAGCGAAACC	unresolved
CAGAGCCAGGATAATC	oligodendrocyte_OPC
CAGAGCCAGTCCGCGT	unresolved
CAGAGCCAGTTACGGG	neuronal
CAGAGCCCAAACGGCA	unresolved
CAGAGCCCACATAGCT	astrocyte
CAGAGCCCACTACTTT	astrocyte
CAGAGCCCACTGTGAT	unresolved
CAGAGCCCATCAGCAT	oligodendrocyte_OPC
CAGAGCCGTACGAGTG	astrocyte
CAGAGCCTCATTCGGA	unresolved
CAGAGCCTCCAAAGGG	astrocyte
CAGAGCCTCTTGGATG	unresolved
CAGATACAGACCGCCT	oligodendrocyte_OPC
CAGATACAGCGCTGCT	neuronal
CAGATACAGTCATGCT	astrocyte
CAGATACCACAAACGG	neuronal
CAGATACCATCAGCGC	astrocyte
CAGATACGTAACAGGC	neuronal
CAGATACGTAAGGAGA	vascular
CAGATACGTAAGGCTG	unresolved
CAGATACGTCACAGAG	oligodendrocyte_OPC
CAGATACGTGTATCCA	unresolved
CAGATACGTTAGAGAT	microglia_immune
CAGATCAAGAATTGCA	neuronal
CAGATCAAGACGGATC	unresolved
CAGATCAAGACTGTTC	astrocyte
CAGATCAAGCCACTCG	neuronal
CAGATCAAGGCCACCT	neuronal
CAGATCAAGTAGCATA	astrocyte
CAGATCAAGTCGAATA	neuronal
CAGATCAAGTTAGTAG	neuronal
CAGATCACACACCAGC	oligodendrocyte_OPC
CAGATCAGTAACGCGA	neuronal
CAGATCAGTCACTCGG	astrocyte
CAGATCAGTCAGGCAA	unresolved
CAGATCAGTGAAGCTG	oligodendrocyte_OPC
CAGATCAGTTCAAACC	oligodendrocyte_OPC
CAGATCAGTTCTATCT	astrocyte
CAGATCAGTTGGCCGT	neuronal
CAGATCATCAATCCAG	oligodendrocyte_OPC
CAGATCATCAGGAAAT	unresolved
CAGATCATCATAGAGA	oligodendrocyte_OPC
CAGATCATCCAGGACC	oligodendrocyte_OPC
CAGATCATCCCAGCGA	unresolved
CAGATCATCGGTAAGG	unresolved
CAGATCATCGTTGTGA	oligodendrocyte_OPC
CAGATTGAGAGCTTTC	astrocyte
CAGATTGAGAGTTGTA	unresolved
CAGATTGAGTCATACC	astrocyte
CAGATTGCAAGACCTT	neuronal
CAGATTGCAGAATGTA	unresolved
CAGATTGCAGAGTTCT	oligodendrocyte_OPC
CAGATTGGTACCGGCT	unresolved
CAGATTGGTCGGTGTC	unresolved
CAGATTGGTCTAGATC	neuronal
CAGATTGGTTCTAACG	neuronal
CAGCAATAGCCTTTGA	astrocyte
CAGCAATAGCGGATCA	oligodendrocyte_OPC
CAGCAATAGGGAGGGT	unresolved
CAGCAATAGGGATGTC	oligodendrocyte_OPC
CAGCAATAGGTAACTA	astrocyte
CAGCAATCAAACTAGA	unresolved
CAGCAATCAACACGTT	vascular
CAGCAATCACGCCAGT	neuronal
CAGCAATCAGAGTTGG	oligodendrocyte_OPC
CAGCAATCATGACTGT	oligodendrocyte_OPC
CAGCAATCATGAGTAA	unresolved
CAGCAATCATGATCTG	oligodendrocyte_OPC
CAGCAATGTACTGCGC	neuronal
CAGCAATGTAGCCAGA	neuronal
CAGCAATGTATGCTAC	unresolved
CAGCAATGTCCTCCTA	neuronal
CAGCAATGTTGCATAC	unresolved
CAGCAATGTTGGGAAC	astrocyte
CAGCAATTCTTAGTTC	unresolved
CAGCACGAGATACGAT	unresolved
CAGCACGAGCCACTCG	oligodendrocyte_OPC
CAGCACGCACCTGCAG	unresolved
CAGCACGCATCGAGCC	astrocyte
CAGCACGCATTGAAGA	oligodendrocyte_OPC
CAGCACGGTACGTAGG	unresolved
CAGCACGGTCTCAGAT	astrocyte
CAGCACGGTGTAAACA	neuronal
CAGCACGTCCTTCTTC	neuronal
CAGCAGCAGCATGCGA	astrocyte
CAGCAGCAGCTGCCAC	astrocyte
CAGCAGCAGTAGCATA	neuronal
CAGCAGCCAATCCTAG	unresolved
CAGCAGCCACTTCAAG	unresolved
CAGCAGCCAGGTCCGT	unresolved
CAGCAGCGTACAAGCG	astrocyte
CAGCAGCGTGGTTTAC	oligodendrocyte_OPC
CAGCAGCGTGTTAGCT	neuronal
CAGCAGCTCATGAAAG	vascular
CAGCAGCTCGGCATCG	astrocyte
CAGCAGCTCGGCTCTT	unresolved
CAGCAGCTCTCATGCC	astrocyte
CAGCAGCTCTCCTGTG	unresolved
CAGCAGCTCTCTTAAC	neuronal
CAGCCAGAGACAAGCC	unresolved
CAGCCAGAGCATCGAG	neuronal
CAGCCAGAGCATCTTG	astrocyte
CAGCCAGAGGATTTGA	unresolved
CAGCCAGAGTGGCCTC	unresolved
CAGCCAGAGTTAACAG	astrocyte
CAGCCAGCAAAGGTTA	unresolved
CAGCCAGCAGATCATC	unresolved
CAGCCAGCATGACTAC	neuronal
CAGCCAGGTCAAGCCC	vascular
CAGCCAGGTCCGGACT	oligodendrocyte_OPC
CAGCCAGGTGATCATC	astrocyte
CAGCCAGGTGCAAGAC	astrocyte
CAGCCAGGTGCGGCTT	neuronal
CAGCCAGTCCTGGGAC	astrocyte
CAGCCAGTCGCAGTGC	astrocyte
CAGCCAGTCGGTAACT	unresolved
CAGCCAGTCTGAGGTT	oligodendrocyte_OPC
CAGCGTGAGAGAGCAA	unresolved
CAGCGTGAGAGCATAT	unresolved
CAGCGTGAGCGGCTCT	neuronal
CAGCGTGAGGGACACT	unresolved
CAGCGTGAGTCCCAAT	unresolved
CAGCGTGAGTGTTGAA	unresolved
CAGCGTGAGTTTGTCG	astrocyte
CAGCGTGCAAGGTCTT	unresolved
CAGCGTGCACCTCTAC	unresolved
CAGCGTGCACGCTATA	oligodendrocyte_OPC
CAGCGTGCAGGCGAAT	neuronal
CAGCGTGGTCAACGCC	unresolved
CAGCGTGGTCGAAACG	unresolved
CAGCGTGGTGAGGCAT	unresolved
CAGCGTGTCAGACAAA	neuronal
CAGCGTGTCATTTGTC	oligodendrocyte_OPC
CAGCGTGTCGACGATT	vascular
CAGCGTGTCGATACAC	vascular
CAGCGTGTCGTTTACT	neuronal
CAGCGTGTCTCCGTGT	neuronal
CAGGCCAAGACGATAT	unresolved
CAGGCCAAGATGCTGG	neuronal
CAGGCCAAGCCTCTCT	oligodendrocyte_OPC
CAGGCCAAGCTTAAGA	oligodendrocyte_OPC
CAGGCCAAGGATACAT	unresolved
CAGGCCAAGTGCCAGA	astrocyte
CAGGCCACACAATGTC	oligodendrocyte_OPC
CAGGCCACACACGGAA	unresolved
CAGGCCACACCCGTAG	oligodendrocyte_OPC
CAGGCCAGTGGCGTAA	unresolved
CAGGCCAGTTAACAGA	unresolved
CAGGCCAGTTAAGGAT	neuronal
CAGGGCTAGAATGTTG	unresolved
CAGGGCTAGGTTACAA	astrocyte
CAGGGCTAGTAGGCCA	microglia_immune
CAGGGCTCAAGTTCGT	oligodendrocyte_OPC
CAGGGCTCAGCTGTGC	unresolved
CAGGGCTCATGTACGT	unresolved
CAGGGCTGTAACTAAG	unresolved
CAGGGCTGTACGATTC	astrocyte
CAGGGCTGTACTCGAT	oligodendrocyte_OPC
CAGGGCTGTCAACCAT	oligodendrocyte_OPC
CAGGGCTGTCTCACAA	neuronal
CAGGGCTTCAGCACCG	oligodendrocyte_OPC
CAGGGCTTCCCATAGA	unresolved
CAGGGCTTCCGATTAG	ambiguous_or_doublet
CAGGGCTTCCTACGAA	oligodendrocyte_OPC
CAGGGCTTCTGTCTCG	oligodendrocyte_OPC
CAGGGCTTCTGTTGGA	unresolved
CAGGTATAGCAAGTCG	unresolved
CAGGTATCACTAGGCC	unresolved
CAGGTATCAGACAAGC	unresolved
CAGGTATCAGAGCGTA	microglia_immune
CAGGTATCAGCGTGCT	neuronal
CAGGTATGTCGCATGC	neuronal
CAGGTATGTGTATTGC	unresolved
CAGGTATGTTGAGTCT	ambiguous_or_doublet
CAGGTATTCACTAGCA	oligodendrocyte_OPC
CAGGTATTCATGGTAC	vascular
CAGGTATTCTTCCCAG	neuronal
CAGTGCGAGACCAACG	unresolved
CAGTGCGAGCGGGTTA	unresolved
CAGTGCGAGGACATCG	neuronal
CAGTGCGAGGTATCTC	astrocyte
CAGTGCGCAAACAGGC	oligodendrocyte_OPC
CAGTGCGCAACAGATA	astrocyte
CAGTGCGCAATTGTGC	oligodendrocyte_OPC
CAGTGCGCACGACAGA	oligodendrocyte_OPC
CAGTGCGCAGGTGGAT	astrocyte
CAGTGCGGTACGACAG	unresolved
CAGTGCGGTAGAAACT	neuronal
CAGTGCGGTAGTCACT	unresolved
CAGTGCGGTCCACTTC	neuronal
CAGTGCGGTCCCACGA	astrocyte
CAGTGCGGTCCCTGTT	unresolved
CAGTGCGTCGAGATAA	microglia_immune
CAGTTAGAGCAACAGC	oligodendrocyte_OPC
CAGTTAGAGCAGGCTA	astrocyte
CAGTTAGAGGTCCCTG	neuronal
CAGTTAGCAATACCCA	astrocyte
CAGTTAGCACATTGTG	vascular
CAGTTAGCACTCTAGA	unresolved
CAGTTAGCAGCCGTTG	microglia_immune
CAGTTAGCAGCGCTTG	unresolved
CAGTTAGCAGGCCTGT	unresolved
CAGTTAGCATGTCGTA	microglia_immune
CAGTTAGGTACGATGG	unresolved
CAGTTAGGTACGCGTC	unresolved
CAGTTAGGTGTATTGC	oligodendrocyte_OPC
CAGTTAGGTTCTTGTT	unresolved
CAGTTAGGTTGCCATA	unresolved
CAGTTAGGTTGTAAAG	astrocyte
CAGTTAGGTTGTAGCT	astrocyte
CAGTTAGGTTTATGCG	oligodendrocyte_OPC
CAGTTAGTCCTCACTG	neuronal
CAGTTAGTCGACGAGA	oligodendrocyte_OPC
CAGTTAGTCTCACGAA	oligodendrocyte_OPC
CAGTTAGTCTCGTCGT	neuronal
CAGTTCCAGATGTAGT	unresolved
CAGTTCCCACCCTATC	astrocyte
CAGTTCCCACTAGAGG	microglia_immune
CAGTTCCCACTTGACA	oligodendrocyte_OPC
CAGTTCCCATCGCTCT	neuronal
CAGTTCCGTCAGGTGA	oligodendrocyte_OPC
CAGTTCCGTGCGAACA	oligodendrocyte_OPC
CAGTTCCGTTCAGCTA	unresolved
CAGTTCCTCAGCGGAA	unresolved
CAGTTCCTCAGCGTCG	oligodendrocyte_OPC
CAGTTCCTCCCTGGTT	unresolved
CAGTTCCTCCGCACGA	astrocyte
CAGTTCCTCGGAGCAA	oligodendrocyte_OPC
CAGTTCCTCGGCTGGT	unresolved
CAGTTCCTCTCATTAC	unresolved
CAGTTCCTCTGACAGT	microglia_immune
CAGTTCCTCTGAGATC	astrocyte
CAGTTCCTCTGGGCCA	unresolved
CATAAGCAGGATATAC	unresolved
CATAAGCCACCAATTG	unresolved
CATAAGCCAGACCGCT	unresolved
CATAAGCGTTTGTTGG	unresolved
CATAAGCTCAAGTAAG	unresolved
CATAAGCTCATGTCTT	astrocyte
CATAAGCTCGACGCGT	astrocyte
CATAAGCTCGCCAACG	astrocyte
CATAAGCTCGCCTATC	astrocyte
CATAAGCTCTCATGCC	unresolved
CATACAGAGAATAGTC	unresolved
CATACAGAGAGGGCGA	unresolved
CATACAGAGCGATGGT	neuronal
CATACAGAGGGACACT	neuronal
CATACAGAGTGCAGGT	unresolved
CATACAGCAAATGAGT	oligodendrocyte_OPC
CATACAGCAAGTTCGT	astrocyte
CATACAGCACTAACCA	unresolved
CATACAGCAGCAGTTT	unresolved
CATACAGCAGCTCGGT	neuronal
CATACAGCAGGCTTGC	oligodendrocyte_OPC
CATACAGGTAAGATAC	oligodendrocyte_OPC
CATACAGGTCGTACAT	unresolved
CATACAGGTGGTCTGC	unresolved
CATACAGTCGTCAGAT	unresolved
CATACAGTCTCCTGCA	unresolved
CATACCCAGCAATTCC	neuronal
CATACCCCAATGAAAC	unresolved
CATACCCCAGGATTCT	neuronal
CATACCCCATAGGTTC	astrocyte
CATACCCCATGACTTG	unresolved
CATACCCGTCCTTAAG	unresolved
CATACCCGTCTTTCTA	neuronal
CATACCCGTGTCTTCC	unresolved
CATACCCGTTCTCCAC	oligodendrocyte_OPC
CATACCCTCAATCCGA	neuronal
CATACCCTCACCATCC	oligodendrocyte_OPC
CATACCCTCGTGTTCC	astrocyte
CATACCCTCGTTACCC	neuronal
CATACCCTCTAGAGCT	neuronal
CATACTTAGAATCCCT	unresolved
CATACTTCACAACATC	unresolved
CATACTTCACACGGAA	oligodendrocyte_OPC
CATACTTCACATATCG	neuronal
CATACTTCAGTAGTTC	oligodendrocyte_OPC
CATACTTGTGATGAAT	unresolved
CATACTTGTGCGGCTT	neuronal
CATACTTGTTGACTAC	oligodendrocyte_OPC
CATACTTGTTGCTAGT	unresolved
CATACTTTCCTCTTTC	neuronal
CATACTTTCGGCTGGT	astrocyte
CATACTTTCTGCCTGT	microglia_immune
CATAGACAGCAACAAT	unresolved
CATAGACAGGTTCAGG	astrocyte
CATAGACAGTTCGCAT	astrocyte
CATAGACCACTAGGTT	unresolved
CATAGACCAGCTGAGA	unresolved
CATAGACCATAGGAGC	unresolved
CATAGACCATCGGTTA	unresolved
CATAGACGTCATAAAG	astrocyte
CATAGACGTCCCAAAT	unresolved
CATAGACTCATTGCGA	astrocyte
CATAGACTCCCATTCG	unresolved
CATAGACTCCTCTTTC	unresolved
CATAGACTCGATGCTA	oligodendrocyte_OPC
CATAGACTCTAACACG	neuronal
CATAGACTCTGAACGT	vascular
CATAGACTCTTCGACC	unresolved
CATCAAGAGCAGCCCT	oligodendrocyte_OPC
CATCAAGAGCTCGTGC	unresolved
CATCAAGAGGCTTAAA	ambiguous_or_doublet
CATCAAGAGGTTGGAC	astrocyte
CATCAAGAGTCTACCA	unresolved
CATCAAGCAAAGACGC	neuronal
CATCAAGCAAAGTGTA	unresolved
CATCAAGCACCGCTGA	neuronal
CATCAAGCACGACAAG	unresolved
CATCAAGGTAAGGCCA	neuronal
CATCAAGGTATGGTAA	oligodendrocyte_OPC
CATCAAGGTCAGACTT	oligodendrocyte_OPC
CATCAAGGTCGAGTGA	oligodendrocyte_OPC
CATCAAGGTGACCGTC	astrocyte
CATCAAGGTGGCTGCT	oligodendrocyte_OPC
CATCAAGTCGCGTTTC	oligodendrocyte_OPC
CATCAAGTCGTAACAC	microglia_immune
CATCAAGTCGTGTTCC	microglia_immune
CATCAAGTCTGCCTGT	unresolved
CATCCACAGACCACGA	neuronal
CATCCACAGCGATGCA	astrocyte
CATCCACAGCTGGTGA	oligodendrocyte_OPC
CATCCACAGTTGCGAG	neuronal
CATCCACCAAAGGGCT	oligodendrocyte_OPC
CATCCACCAAATGAAC	astrocyte
CATCCACCAACAGATA	oligodendrocyte_OPC
CATCCACCAATTAGGA	unresolved
CATCCACCACTATCGA	oligodendrocyte_OPC
CATCCACCACTTGAGT	neuronal
CATCCACCAGCGTACC	unresolved
CATCCACGTATAGCTC	neuronal
CATCCACGTCCATACA	neuronal
CATCCACGTCCATCTC	neuronal
CATCCACGTTAAGTCC	unresolved
CATCCACTCACAAGAA	unresolved
CATCCACTCACGGGAA	neuronal
CATCCACTCCAACTAG	astrocyte
CATCCACTCCCATAAG	unresolved
CATCCACTCCGACGGT	unresolved
CATCCACTCTCCCTAG	oligodendrocyte_OPC
CATCCACTCTCTAAGG	neuronal
CATCCACTCTGCCCTA	neuronal
CATCCCAAGACATCCT	astrocyte
CATCCCAAGAGGGCGA	neuronal
CATCCCAAGTTGCCCG	microglia_immune
CATCCCACAACCGATT	neuronal
CATCCCACAAGATTGA	unresolved
CATCCCAGTAACGATA	unresolved
CATCCCAGTCGGTGTC	oligodendrocyte_OPC
CATCCCAGTTATCTGG	oligodendrocyte_OPC
CATCCCATCTAGGCCG	unresolved
CATCCCATCTTACGGA	astrocyte
CATCCGTAGACAAGCC	unresolved
CATCCGTCAAATTGGA	unresolved
CATCCGTCAAGTTCGT	astrocyte
CATCCGTCACAATGTC	neuronal
CATCCGTCATCTCATT	unresolved
CATCCGTGTATACAGA	astrocyte
CATCCGTGTTAGAAAC	oligodendrocyte_OPC
CATCCGTGTTGGGAAC	oligodendrocyte_OPC
CATCCGTTCACTCGAA	unresolved
CATCCGTTCCGCACGA	microglia_immune
CATCCGTTCCTAAGTG	unresolved
CATCCGTTCGCAGATT	unresolved
CATCCGTTCTATTCGT	neuronal
CATCCGTTCTGGTTGA	neuronal
CATCGCTAGAAGTCCG	astrocyte
CATCGCTAGATAACGT	neuronal
CATCGCTAGGGCTTCC	unresolved
CATCGCTCACCCTAGG	oligodendrocyte_OPC
CATCGCTCATCAGCTA	unresolved
CATCGCTCATGGCCCA	neuronal
CATCGCTGTAACACCT	unresolved
CATCGCTGTAGGTAGC	astrocyte
CATCGCTTCAGATTGC	unresolved
CATCGCTTCCCTCGAT	unresolved
CATCGCTTCCTTGGAA	astrocyte
CATCGCTTCGTCTAAG	neuronal
CATCGGGAGAGCATCG	neuronal
CATCGGGAGAGGGTGG	unresolved
CATCGGGAGGAACTAT	unresolved
CATCGGGAGGTGGTTG	microglia_immune
CATCGGGCAAATACAG	unresolved
CATCGGGCAATGGCCC	neuronal
CATCGGGCAGGTAGTG	unresolved
CATCGGGCAGTGTGGA	unresolved
CATCGGGCATCATTTC	neuronal
CATCGGGGTACCTAAC	oligodendrocyte_OPC
CATCGGGGTCTCAGGC	astrocyte
CATCGGGGTTCCAAAC	astrocyte
CATCGGGTCCCTCAAC	astrocyte
CATCGGGTCGAATCCA	unresolved
CATCGGGTCGTGCGAC	astrocyte
CATCGGGTCTGCGGGT	ambiguous_or_doublet
CATCGTCAGCAAGCCA	astrocyte
CATCGTCAGCCAAGCA	unresolved
CATCGTCAGCTTGTTG	unresolved
CATCGTCAGGATTTCC	oligodendrocyte_OPC
CATCGTCCACGACGAA	neuronal
CATCGTCCACGACTAT	vascular
CATCGTCCAGCGTGAA	unresolved
CATCGTCCAGTCAGAG	neuronal
CATCGTCCATACCACA	unresolved
CATCGTCCATCCTTGC	neuronal
CATCGTCGTAGACGGT	unresolved
CATCGTCGTTAAGACA	neuronal
CATCGTCGTTCACCGG	unresolved
CATCGTCTCGTGTTCC	microglia_immune
CATCGTCTCTATTTCG	unresolved
CATGAGTAGCGCCTAC	vascular
CATGAGTCAAACTGCT	oligodendrocyte_OPC
CATGAGTCACCCAACG	astrocyte
CATGAGTCAGAAGTGC	unresolved
CATGAGTCATACAGAA	astrocyte
CATGAGTCATACAGCT	vascular
CATGAGTCATCTCAAG	unresolved
CATGAGTGTATTAAGG	unresolved
CATGAGTGTGATCGTT	oligodendrocyte_OPC
CATGAGTGTTCGTACA	oligodendrocyte_OPC
CATGAGTTCGTAGAGG	oligodendrocyte_OPC
CATGAGTTCTCGCAGG	neuronal
CATGCAAAGAGAACCC	unresolved
CATGCAAAGATAACGT	vascular
CATGCAAAGTAGCATA	unresolved
CATGCAAAGTGGGAAA	vascular
CATGCAACAACCCGCA	unresolved
CATGCAACAACTCCAA	neuronal
CATGCAACATCCAACA	unresolved
CATGCAAGTCCGATCG	oligodendrocyte_OPC
CATGCAAGTCTACTGA	oligodendrocyte_OPC
CATGCAATCACCTTAT	vascular
CATGCAATCTTTCTAG	oligodendrocyte_OPC
CATGCCTAGCAAGGAA	oligodendrocyte_OPC
CATGCCTAGCACGTCC	astrocyte
CATGCCTAGGCGAAGG	oligodendrocyte_OPC
CATGCCTAGTAACGTA	microglia_immune
CATGCCTAGTGAATAC	unresolved
CATGCCTAGTGACACG	unresolved
CATGCCTCAACGTAAA	astrocyte
CATGCCTCAATTTCCT	unresolved
CATGCCTCACCCTAAA	neuronal
CATGCCTCATCCGAAT	microglia_immune
CATGCCTCATGTTACG	neuronal
CATGCCTGTAGCACGA	oligodendrocyte_OPC
CATGCCTGTGAGAGGG	neuronal
CATGCCTTCCAGGACC	ambiguous_or_doublet
CATGCCTTCCCGATCT	astrocyte
CATGCGGAGACTAGAT	astrocyte
CATGCGGAGACTTCAC	neuronal
CATGCGGAGAGAGCGG	neuronal
CATGCGGAGAGATGCC	unresolved
CATGCGGAGCATCTTG	unresolved
CATGCGGAGCCGATCC	oligodendrocyte_OPC
CATGCGGAGCCGCTTG	oligodendrocyte_OPC
CATGCGGAGCCTTTGA	astrocyte
CATGCGGAGCTGTCCG	oligodendrocyte_OPC
CATGCGGAGGAGAATG	oligodendrocyte_OPC
CATGCGGAGGTGGCTA	astrocyte
CATGCGGAGTAGTCAA	astrocyte
CATGCGGCACTGTGTA	unresolved
CATGCGGCACTTGGGC	neuronal
CATGCGGCATGAATAG	unresolved
CATGCGGGTAGCCCTG	neuronal
CATGCGGGTCAGGAGT	unresolved
CATGCGGGTTGCTGAT	oligodendrocyte_OPC
CATGCGGTCCAAGCCG	vascular
CATGCGGTCCCGTAAA	vascular
CATGCGGTCGCAGATT	neuronal
CATGCGGTCGGAGTAG	neuronal
CATGCTCAGCAATTCC	astrocyte
CATGCTCAGCAGTCTT	unresolved
CATGCTCAGCGTTGTT	astrocyte
CATGCTCAGCTAGAGC	neuronal
CATGCTCAGGCACTAG	unresolved
CATGCTCCAACCCGCA	unresolved
CATGCTCGTAGCTGTT	oligodendrocyte_OPC
CATGCTCGTCCAGAAG	neuronal
CATGCTCGTGTTCATG	unresolved
CATGCTCGTTTGGGTT	unresolved
CATGCTCTCCAGTGCG	astrocyte
CATGCTCTCGATTGGT	unresolved
CATGCTCTCTAGATCG	astrocyte
CATGCTCTCTGGCCTT	neuronal
CATGGATAGCCTTCTC	microglia_immune
CATGGATAGGCCACTC	oligodendrocyte_OPC
CATGGATCAACCCGCA	unresolved
CATGGATCACTGTGTA	neuronal
CATGGATGTACACGTT	astrocyte
CATGGATGTACGAAAT	unresolved
CATGGATGTAGTGGCA	unresolved
CATGGATGTATGAAGT	neuronal
CATGGATGTGAGAACC	neuronal
CATGGATGTGGTCTCG	unresolved
CATGGATGTTTGAACC	neuronal
CATGGATTCCATAAGC	microglia_immune
CATGGATTCGAACGCC	astrocyte
CATGGATTCGCATTGA	unresolved
CATGGATTCTTGGATG	microglia_immune
CATGGATTCTTTCGAT	neuronal
CATGGTAAGATGAAGG	neuronal
CATGGTAAGATGAATC	oligodendrocyte_OPC
CATGGTAAGCGCTTCG	astrocyte
CATGGTAAGTGTTGTC	neuronal
CATGGTACAAGGTACG	astrocyte
CATGGTACACATGAAA	astrocyte
CATGGTACACCAAATC	astrocyte
CATGGTAGTACAGAGC	unresolved
CATGGTAGTACTGCCG	unresolved
CATGGTAGTCTCGACG	unresolved
CATGGTAGTGGATCGA	astrocyte
CATGGTAGTTACGGAG	unresolved
CATGGTAGTTTCGCTC	unresolved
CATGGTATCAAGCCGC	unresolved
CATGGTATCCTCAGGG	unresolved
CATGGTATCCTTCGAC	oligodendrocyte_OPC
CATGGTATCGTTGCCT	astrocyte
CATTCATAGAGGGTCT	unresolved
CATTCATCACGGATCC	oligodendrocyte_OPC
CATTCATCAGGCGATA	oligodendrocyte_OPC
CATTCATCATAGTCGT	unresolved
CATTCATGTCAAACGG	unresolved
CATTCATGTTCTTCAT	neuronal
CATTCCGAGAGGGTCT	astrocyte
CATTCCGAGCATCCTA	neuronal
CATTCCGAGGTTCACT	microglia_immune
CATTCCGAGTTGCTCA	astrocyte
CATTCCGCAAATGGAT	unresolved
CATTCCGCAATGGCCC	astrocyte
CATTCCGCATTCGGGC	unresolved
CATTCCGGTACCTATG	microglia_immune
CATTCCGGTATCCTTT	vascular
CATTCCGGTGACTATC	unresolved
CATTCCGTCAATCCGA	neuronal
CATTCCGTCACTAGCA	unresolved
CATTCCGTCATGCCGG	unresolved
CATTCCGTCTGAGGTT	oligodendrocyte_OPC
CATTCTAAGGTATTGA	neuronal
CATTCTACAAACTGCT	oligodendrocyte_OPC
CATTCTACACTTGAGT	neuronal
CATTCTACATGACTCA	oligodendrocyte_OPC
CATTCTAGTCATCGGC	vascular
CATTCTAGTGGCTAGA	astrocyte
CATTCTATCCGTGGTG	unresolved
CATTCTATCCTGTACC	unresolved
CATTCTATCGGAACTT	unresolved
CATTCTATCGGCTGTG	unresolved
CATTCTATCGGTCTGG	unresolved
CATTCTATCGTTCCTG	oligodendrocyte_OPC
CATTCTATCGTTCTGC	astrocyte
CATTCTATCTGCCCTA	neuronal
CATTCTATCTTCGATT	vascular
CATTCTATCTTTCGAT	unresolved
CATTGAGAGATCCAAA	oligodendrocyte_OPC
CATTGAGAGCGCCCAT	oligodendrocyte_OPC
CATTGAGAGTTGCTCA	astrocyte
CATTGAGCAAAGCTAA	unresolved
CATTGAGCAATACGAA	oligodendrocyte_OPC
CATTGAGCAATAGTCC	unresolved
CATTGAGCAATTGGTC	astrocyte
CATTGAGGTCATCACA	oligodendrocyte_OPC
CATTGAGGTCGAGTGA	unresolved
CATTGAGGTCTGTAAC	unresolved
CATTGAGGTGGGAGAG	unresolved
CATTGAGGTGGTTCTA	unresolved
CATTGAGGTTGTTGAC	unresolved
CATTGAGTCAAGCCTA	astrocyte
CATTGAGTCAGACCTA	unresolved
CATTGAGTCATCAGTG	astrocyte
CATTGAGTCCCTCGAT	unresolved
CATTGAGTCCGATAGT	neuronal
CATTGAGTCGAACTCA	neuronal
CATTGAGTCGTAGCCG	oligodendrocyte_OPC
CATTGAGTCTTTGCAT	oligodendrocyte_OPC
CATTGCCAGAAATGGG	unresolved
CATTGCCAGCACTTTG	neuronal
CATTGCCAGTTGGGAC	astrocyte
CATTGCCCAACGGCCT	neuronal
CATTGCCCAGAGAAAG	oligodendrocyte_OPC
CATTGCCCAGCCGTTG	unresolved
CATTGCCGTACTGACT	unresolved
CATTGCCGTCATATGC	neuronal
CATTGCCGTCTACAGT	unresolved
CATTGCCGTTACCTGA	unresolved
CATTGCCGTTCTTCAT	neuronal
CATTGCCGTTGATGTC	neuronal
CATTGCCTCAACCTCC	neuronal
CATTGTTAGTAGTCAA	astrocyte
CATTGTTAGTGGAATT	oligodendrocyte_OPC
CATTGTTCAAGAAACT	unresolved
CATTGTTCAAGTGTCT	unresolved
CATTGTTCAATACGAA	astrocyte
CATTGTTCACCATTCC	unresolved
CATTGTTCAGGGCTTC	unresolved
CATTGTTCAGTTGAAA	unresolved
CATTGTTCATCCGTTC	vascular
CATTGTTCATGAAGGC	astrocyte
CATTGTTCATTGGATC	unresolved
CATTGTTGTAAGGTCG	astrocyte
CATTGTTGTAGGGTAC	unresolved
CATTGTTGTTCGGCGT	unresolved
CATTGTTTCCAAACCA	astrocyte
CATTGTTTCGCACGGT	unresolved
CATTTCAAGCGTCAGA	oligodendrocyte_OPC
CATTTCAAGGAACTAT	microglia_immune
CATTTCAAGTAGTCTC	ambiguous_or_doublet
CATTTCAAGTCCTGTA	astrocyte
CATTTCACAAGGCAAC	astrocyte
CATTTCACACGACAGA	unresolved
CATTTCACAGCATGCC	astrocyte
CATTTCACATTCTTCA	unresolved
CATTTCAGTCCAGCCA	ambiguous_or_doublet
CATTTCATCAGCTTCC	oligodendrocyte_OPC
CATTTCATCATTGCGA	astrocyte
CATTTCATCCCACAGG	vascular
CATTTCATCGGAACTT	oligodendrocyte_OPC
CCAAGCGAGACTGGGT	unresolved
CCAAGCGAGCGACAGT	unresolved
CCAAGCGAGCTAAGTA	unresolved
CCAAGCGAGGCTCTCG	unresolved
CCAAGCGCAAGAATAC	unresolved
CCAAGCGCACTGATTG	astrocyte
CCAAGCGCACTTCCTG	astrocyte
CCAAGCGCAGGTACGA	oligodendrocyte_OPC
CCAAGCGCAGGTTCCG	astrocyte
CCAAGCGGTATCGTAC	neuronal
CCAAGCGGTCAACCTA	oligodendrocyte_OPC
CCAAGCGGTTGCAACT	neuronal
CCAAGCGGTTGCTCAA	unresolved
CCAAGCGGTTTGGAGG	unresolved
CCAAGCGTCAAGCCAT	neuronal
CCAAGCGTCCCTCTAG	unresolved
CCAATGAAGAGCATTA	ambiguous_or_doublet
CCAATGAAGCACTCCG	neuronal
CCAATGAAGGGCTAAC	oligodendrocyte_OPC
CCAATGAAGTCGTCTA	unresolved
CCAATGACAAATCGTC	microglia_immune
CCAATGACAGACCATT	oligodendrocyte_OPC
CCAATGACAGGCTCTG	neuronal
CCAATGAGTCTTACTT	unresolved
CCAATGAGTGATGAAT	microglia_immune
CCAATGAGTGTCCCTT	astrocyte
CCAATGATCGTGGCGT	unresolved
CCAATTTAGCACTGGA	unresolved
CCAATTTAGCGAGTCA	oligodendrocyte_OPC
CCAATTTAGTATGGCG	oligodendrocyte_OPC
CCAATTTCAACCGGAA	astrocyte
CCAATTTCAATCGTCA	unresolved
CCAATTTCACTTTAGG	astrocyte
CCAATTTCAGACACAG	unresolved
CCAATTTCATTGCTGA	neuronal
CCAATTTCATTGGGAG	astrocyte
CCAATTTGTAAGTAGT	astrocyte
CCAATTTGTCATAGTC	neuronal
CCAATTTGTCCTATAG	microglia_immune
CCAATTTGTTCGTAAC	unresolved
CCAATTTTCACATACG	unresolved
CCAATTTTCGGACCAC	neuronal
CCAATTTTCGGCTGGT	astrocyte
CCAATTTTCGTCCTCA	microglia_immune
CCACAAAAGAAACTCA	unresolved
CCACAAAAGACGATAT	astrocyte
CCACAAAAGATGACAT	neuronal
CCACAAAAGCACTAGG	neuronal
CCACAAAAGCGTATGG	vascular
CCACAAAAGCTTCATG	neuronal
CCACAAAAGGTCCCTG	unresolved
CCACAAAAGGTCGCCT	unresolved
CCACAAACAAGACAAT	oligodendrocyte_OPC
CCACAAACAGCTGTAT	unresolved
CCACAAACATTGACAC	unresolved
CCACAAATCACTGTCC	unresolved
CCACAAATCATTTGCT	microglia_immune
CCACAAATCCCGATCT	unresolved
CCACAAATCCGTGGCA	neuronal
CCACAAATCGCAGAGA	oligodendrocyte_OPC
CCACAAATCGGACCAC	oligodendrocyte_OPC
CCACAAATCTCTGACC	ambiguous_or_doublet
CCACACTAGACTAGAT	ambiguous_or_doublet
CCACACTAGCAGAAAG	unresolved
CCACACTAGTACTCGT	neuronal
CCACACTCAATGCAAA	neuronal
CCACACTCATCCGCGA	oligodendrocyte_OPC
CCACACTCATCCTTGC	neuronal
CCACACTGTATGAGAT	unresolved
CCACACTGTATTCCGA	neuronal
CCACACTGTCATGCAT	unresolved
CCACACTGTCTAATCG	oligodendrocyte_OPC
CCACACTGTTGGATCT	unresolved
CCACACTGTTGGCCGT	astrocyte
CCACACTTCAAAGGTA	unresolved
CCACACTTCCACATAG	neuronal
CCACACTTCCGGACGT	oligodendrocyte_OPC
CCACACTTCGAATGCT	neuronal
CCACACTTCGTCTAAG	oligodendrocyte_OPC
CCACACTTCTAGCCTC	neuronal
CCACACTTCTTACGTT	neuronal
CCACACTTCTTTGCTA	oligodendrocyte_OPC
CCACCATAGACCGCCT	unresolved
CCACCATAGGACAACC	astrocyte
CCACCATAGGATCACG	unresolved
CCACCATAGGCGACAT	unresolved
CCACCATCAGCTTTGA	oligodendrocyte_OPC
CCACCATCAGGCCTGT	neuronal
CCACCATTCAATCAGC	oligodendrocyte_OPC
CCACCATTCCTTCTTC	astrocyte
CCACCATTCGCAGTGC	astrocyte
CCACCATTCGGTAACT	oligodendrocyte_OPC
CCACCATTCGTTTACT	oligodendrocyte_OPC
CCACCATTCTCATGGA	microglia_immune
CCACGAGAGCATCTTG	oligodendrocyte_OPC
CCACGAGAGCGCCTTG	astrocyte
CCACGAGAGGTGCGAT	unresolved
CCACGAGAGTAGTCAA	unresolved
CCACGAGAGTCCTACA	astrocyte
CCACGAGAGTTTGCTG	neuronal
CCACGAGCAAATGAGT	unresolved
CCACGAGCAATGCTCA	vascular
CCACGAGCAGGGAGAG	unresolved
CCACGAGCATGCAGGA	neuronal
CCACGAGGTAATGATG	unresolved
CCACGAGTCAATCCAG	neuronal
CCACGAGTCACTGGGC	unresolved
CCACGAGTCCCATTCG	astrocyte
CCACGAGTCGCTCTCA	astrocyte
CCACGTTAGAATAACC	oligodendrocyte_OPC
CCACGTTAGAGTATAC	unresolved
CCACGTTAGCAGGCAT	astrocyte
CCACGTTAGCCAACCC	ambiguous_or_doublet
CCACGTTAGCTGTGCC	astrocyte
CCACGTTAGTCACAGG	ambiguous_or_doublet
CCACGTTAGTTTGAGA	oligodendrocyte_OPC
CCACGTTCAAGCTCTA	neuronal
CCACGTTCAAGGTCGA	neuronal
CCACGTTCACCCTCTA	unresolved
CCACGTTCATACATCG	neuronal
CCACGTTGTACGAGCA	unresolved
CCACGTTGTAGAGATT	unresolved
CCACGTTGTCAGCTTA	unresolved
CCACGTTGTCTAGATC	unresolved
CCACGTTGTCTTGAGT	unresolved
CCACGTTGTGGCTAGA	astrocyte
CCACGTTGTTCGGTTA	astrocyte
CCACGTTTCGGCACTG	astrocyte
CCACGTTTCGTGACTA	unresolved
CCACGTTTCTTCCGTG	neuronal
CCACTTGAGAAGATCT	unresolved
CCACTTGAGCCTCTTC	microglia_immune
CCACTTGAGGTGGGTT	oligodendrocyte_OPC
CCACTTGAGTGACCTT	unresolved
CCACTTGCACTCATAG	unresolved
CCACTTGCAGGTATGG	neuronal
CCACTTGCAGTAACCT	oligodendrocyte_OPC
CCACTTGCATTGCAAC	astrocyte
CCACTTGGTACCCAGC	unresolved
CCACTTGGTGTACGCC	unresolved
CCACTTGGTTACACAC	neuronal
CCACTTGGTTATTCTC	astrocyte
CCACTTGGTTCTTGCC	oligodendrocyte_OPC
CCACTTGGTTGTACGT	neuronal
CCACTTGTCACCTACC	unresolved
CCACTTGTCTATGTGG	unresolved
CCATAAGAGCTCTATG	vascular
CCATAAGAGGTCATCT	unresolved
CCATAAGAGGTTTGAA	astrocyte
CCATAAGAGTACGTCT	neuronal
CCATAAGAGTCTTCGA	oligodendrocyte_OPC
CCATAAGAGTGGAAGA	unresolved
CCATAAGCACCCAAGC	oligodendrocyte_OPC
CCATAAGGTAGTTCCA	oligodendrocyte_OPC
CCATAAGGTATCGAAA	neuronal
CCATAAGGTATGCTTG	unresolved
CCATAAGGTGAAGCTG	neuronal
CCATAAGGTGGGACAT	neuronal
CCATAAGGTGGTCTAT	unresolved
CCATAAGGTTCAGCGC	unresolved
CCATAAGGTTTGAACC	oligodendrocyte_OPC
CCATAAGGTTTGATCG	unresolved
CCATAAGTCGGAGTAG	unresolved
CCATAAGTCTCGGTCT	oligodendrocyte_OPC
CCATAAGTCTGCATGA	unresolved
CCATCACAGGGAGAAT	unresolved
CCATCACAGTGACACG	oligodendrocyte_OPC
CCATCACAGTGAGTTA	neuronal
CCATCACAGTTGGCGA	unresolved
CCATCACCAAGTCGTT	unresolved
CCATCACCACGGGTAA	ambiguous_or_doublet
CCATCACCAGCCTTCT	astrocyte
CCATCACCAGGTCAGA	oligodendrocyte_OPC
CCATCACGTAGAATAC	unresolved
CCATCACGTAGCGTTT	microglia_immune
CCATCACGTCGTTGGC	neuronal
CCATCACGTGATACTC	unresolved
CCATCACGTGCCGGTT	vascular
CCATCACGTTACTCAG	oligodendrocyte_OPC
CCATCACGTTGGCCTG	unresolved
CCATCACGTTTACCAG	unresolved
CCATCACTCACGATAC	unresolved
CCATCACTCCTACCGT	unresolved
CCATCACTCCTGTAGA	neuronal
CCATCACTCGCGTCGA	oligodendrocyte_OPC
CCATCACTCGTACACA	astrocyte
CCCAACTAGAAAGCGA	oligodendrocyte_OPC
CCCAACTAGACGAGCT	neuronal
CCCAACTCAACAGATA	microglia_immune
CCCAACTCATAAGATG	unresolved
CCCAACTCATCAGCAT	ambiguous_or_doublet
CCCAACTGTGAGCTCC	oligodendrocyte_OPC
CCCAACTTCAGGAGAC	neuronal
CCCAACTTCCATTTGT	astrocyte
CCCAACTTCCGGTAGC	unresolved
CCCAACTTCGAGATGG	neuronal
CCCAACTTCTCATTGT	neuronal
CCCAACTTCTTGGCTC	vascular
CCCAACTTCTTGTGCC	astrocyte
CCCATTGAGTCAGAGC	neuronal
CCCATTGCAACCGGAA	unresolved
CCCATTGCAAGAGCTG	neuronal
CCCATTGCAGCAGACA	unresolved
CCCATTGCATGCCATA	neuronal
CCCATTGGTCCCGTGA	unresolved
CCCATTGGTCCTACAA	unresolved
CCCATTGGTGGGTCAA	unresolved
CCCATTGTCCTCATAT	oligodendrocyte_OPC
CCCATTGTCTACTCAT	ambiguous_or_doublet
CCCATTGTCTCACGAA	unresolved
CCCATTGTCTCGGTCT	neuronal
CCCGAAGAGAGGTCAC	oligodendrocyte_OPC
CCCGAAGAGGAAGAAC	vascular
CCCGAAGAGGGATCGT	unresolved
CCCGAAGCATATCTCT	unresolved
CCCGAAGCATGACGTT	unresolved
CCCGAAGGTAGCTTGT	neuronal
CCCGAAGGTAGGCTGA	unresolved
CCCGAAGGTTAAAGTG	microglia_immune
CCCGAAGGTTGTTGCA	astrocyte
CCCGAAGTCAAGTAAG	unresolved
CCCGAAGTCATGAGTC	neuronal
CCCGGAAAGATGTTCC	oligodendrocyte_OPC
CCCGGAAAGCTCGCAC	oligodendrocyte_OPC
CCCGGAAAGGATGTTA	neuronal
CCCGGAACAGACAAAT	astrocyte
CCCGGAACAGGTTCCG	unresolved
CCCGGAAGTAGTATAG	oligodendrocyte_OPC
CCCGGAAGTTGGGAAC	unresolved
CCCGGAAGTTTCACAG	oligodendrocyte_OPC
CCCGGAATCCGTCACT	astrocyte
CCCGGAATCGATTGAC	astrocyte
CCCGGAATCTCAATCT	unresolved
CCCGGAATCTCTTCAA	unresolved
CCCTAACAGAATCGCG	oligodendrocyte_OPC
CCCTAACAGATGGCGT	astrocyte
CCCTAACAGCAGTACG	neuronal
CCCTAACAGGATTTAG	neuronal
CCCTAACAGGCGCTCT	neuronal
CCCTAACAGTAGGTTA	unresolved
CCCTAACCAATTCACG	unresolved
CCCTAACCAGCTAACT	oligodendrocyte_OPC
CCCTAACCATCCGGCA	neuronal
CCCTAACGTATGCTAC	unresolved
CCCTAACGTCTTACTT	oligodendrocyte_OPC
CCCTAACGTGCCGGTT	unresolved
CCCTAACTCATGTCTT	oligodendrocyte_OPC
CCCTAACTCCACTTTA	unresolved
CCCTAACTCGCTCTAC	oligodendrocyte_OPC
CCCTAACTCGTGGGAA	unresolved
CCCTAACTCTACGCGG	unresolved
CCCTAACTCTCCTGCA	astrocyte
CCCTAACTCTTGGTCC	neuronal
CCCTCAAAGGCATCAG	astrocyte
CCCTCAAAGTGAATAC	unresolved
CCCTCAACAAAGTATG	vascular
CCCTCAACAAGAGCTG	oligodendrocyte_OPC
CCCTCAACAATTCTTC	unresolved
CCCTCAACATCACCAA	neuronal
CCCTCAAGTAGACTGG	neuronal
CCCTCAAGTGGCCCAT	neuronal
CCCTCAATCACTCTTA	neuronal
CCCTCAATCAGCCCAG	oligodendrocyte_OPC
CCCTCAATCCCGAGGT	unresolved
CCCTCAATCCTGATAG	unresolved
CCCTCAATCGGTCACG	neuronal
CCCTCAATCGTCAACA	oligodendrocyte_OPC
CCCTCAATCGTTCCCA	microglia_immune
CCCTCTCCAAGGTCTT	oligodendrocyte_OPC
CCCTCTCCACCCATAA	neuronal
CCCTCTCGTACTTGTG	unresolved
CCCTCTCGTATCCCAA	oligodendrocyte_OPC
CCCTCTCGTCCTGTTC	unresolved
CCCTCTCGTGTTCGTA	unresolved
CCCTCTCTCAAACCTG	neuronal
CCCTCTCTCACTTGGA	unresolved
CCCTCTCTCATGGAGG	unresolved
CCCTCTCTCGTGCACG	astrocyte
CCCTCTCTCGTTCTAT	oligodendrocyte_OPC
CCCTCTCTCTCGTGAA	astrocyte
CCCTGATAGATTGGGC	astrocyte
CCCTGATAGTAGTCTC	astrocyte
CCCTGATCACAAATCC	unresolved
CCCTGATCACCGTACG	astrocyte
CCCTGATCACGACGAA	oligodendrocyte_OPC
CCCTGATCACGAGGTA	astrocyte
CCCTGATGTACTCGAT	neuronal
CCCTGATGTCAGACGA	oligodendrocyte_OPC
CCCTGATGTGGGCTTC	unresolved
CCCTGATTCAACGTGT	unresolved
CCCTTAGAGCTGACAG	unresolved
CCCTTAGAGCTTAAGA	neuronal
CCCTTAGCAACACAGG	astrocyte
CCCTTAGCAATTAGGA	ambiguous_or_doublet
CCCTTAGCACTAGGCC	microglia_immune
CCCTTAGCACTGGAAG	oligodendrocyte_OPC
CCCTTAGCAGATCCTA	astrocyte
CCCTTAGCAGCAATTC	unresolved
CCCTTAGCATCTATCT	unresolved
CCCTTAGGTACAGGTG	microglia_immune
CCCTTAGGTAGTCGGA	oligodendrocyte_OPC
CCCTTAGGTCGTCGGT	neuronal
CCCTTAGGTGAGTCAG	neuronal
CCCTTAGGTGGAGGTT	oligodendrocyte_OPC
CCCTTAGGTTAGCGGA	unresolved
CCCTTAGGTTCTCCTG	astrocyte
CCCTTAGTCGCTTAAG	neuronal
CCCTTAGTCTGGGTCG	astrocyte
CCCTTAGTCTTGGCTC	neuronal
CCGAACGAGACCCGCT	unresolved
CCGAACGAGTGCGACA	oligodendrocyte_OPC
CCGAACGCAAAGGTTA	oligodendrocyte_OPC
CCGAACGCAGAACATA	unresolved
CCGAACGCATTGACTG	unresolved
CCGAACGGTCAGATTC	astrocyte
CCGAACGGTCATCGCG	unresolved
CCGAACGTCCCAAGCG	neuronal
CCGAACGTCGCACGAC	astrocyte
CCGATCTAGAAGCGAA	oligodendrocyte_OPC
CCGATCTAGCACCAGA	oligodendrocyte_OPC
CCGATCTAGTAGTCTC	unresolved
CCGATCTCAGCTGCCA	astrocyte
CCGATCTCAGGCACAA	unresolved
CCGATCTGTACTAAGA	oligodendrocyte_OPC
CCGATCTGTGCTAGCC	astrocyte
CCGATCTGTGGCTACC	unresolved
CCGATCTGTTGCCATA	oligodendrocyte_OPC
CCGATCTTCAAGCTTG	oligodendrocyte_OPC
CCGATCTTCCGTGTCT	ambiguous_or_doublet
CCGATCTTCTGCATAG	oligodendrocyte_OPC
CCGATCTTCTGGAGAG	astrocyte
CCGATCTTCTTCCTAA	unresolved
CCGATGGAGAAGCTCG	oligodendrocyte_OPC
CCGATGGAGATAGCTA	oligodendrocyte_OPC
CCGATGGAGCTAGATA	oligodendrocyte_OPC
CCGATGGAGTGACACG	unresolved
CCGATGGCAACAGAGC	unresolved
CCGATGGCAAGGCGTA	astrocyte
CCGATGGCACGATAGG	microglia_immune
CCGATGGCAGAGTGAC	unresolved
CCGATGGCAGGTCTCG	neuronal
CCGATGGCATTAAGCC	unresolved
CCGATGGCATTGGCAT	neuronal
CCGATGGGTAGGCTCC	neuronal
CCGATGGGTTGGTGTT	astrocyte
CCGATGGTCAAGAGTA	oligodendrocyte_OPC
CCGATGGTCCGAGATT	neuronal
CCGATGGTCCTAGCCT	neuronal
CCGATGGTCGATAACC	unresolved
CCGATGGTCGCAGAGA	unresolved
CCGATGGTCGCGAAGA	unresolved
CCGCAAGAGCATCAGG	neuronal
CCGCAAGAGGAGTCTG	astrocyte
CCGCAAGCAAGGCTTT	unresolved
CCGCAAGGTGGCTCTG	oligodendrocyte_OPC
CCGCAAGGTTTGACAC	astrocyte
CCGCAAGTCATGAGGG	unresolved
CCGCAAGTCATTCGGA	ambiguous_or_doublet
CCGCAAGTCCGTCCTA	unresolved
CCGCAAGTCCTCTTTC	neuronal
CCGCAAGTCTTAATCC	unresolved
CCGGACAAGGGTAGCT	neuronal
CCGGACAAGGTTGACG	neuronal
CCGGACAAGTCTCCTC	unresolved
CCGGACACAACTGCCG	unresolved
CCGGACACACTGCATA	unresolved
CCGGACAGTACCACGC	unresolved
CCGGACAGTAGCTGCC	unresolved
CCGGACAGTCGGCCTA	unresolved
CCGGACAGTTACAGCT	unresolved
CCGGACATCAATCTCT	astrocyte
CCGGACATCACATTGG	astrocyte
CCGGACATCAGCTGTA	unresolved
CCGGACATCAGGAAGC	unresolved
CCGGACATCAGGACGA	unresolved
CCGGACATCCATATGG	neuronal
CCGGGTAAGATAACAC	unresolved
CCGGGTAAGGCCACTC	neuronal
CCGGGTACAAACGGCA	unresolved
CCGGGTACAAATCGTC	unresolved
CCGGGTACACTGGAAG	unresolved
CCGGGTACAGCGCGTT	astrocyte
CCGGGTACATTGCCTC	oligodendrocyte_OPC
CCGGGTAGTAGAATGT	oligodendrocyte_OPC
CCGGGTAGTATGCTAC	neuronal
CCGGGTATCATCAGTG	unresolved
CCGGGTATCATCTCTA	unresolved
CCGGGTATCCGAAGGA	neuronal
CCGGGTATCGAACGCC	unresolved
CCGGGTATCTATCCAT	vascular
CCGGTAGAGCGGTATG	unresolved
CCGGTAGAGTATGAAC	unresolved
CCGGTAGAGTGAGGCT	oligodendrocyte_OPC
CCGGTAGCACGGAAGT	astrocyte
CCGGTAGCACTGGCCA	vascular
CCGGTAGCACTTCAGA	neuronal
CCGGTAGCAGCTGTTA	neuronal
CCGGTAGCATGGATCT	unresolved
CCGGTAGGTATCGATC	microglia_immune
CCGGTAGGTGGCCTCA	unresolved
CCGGTAGGTTAGGGAC	neuronal
CCGGTAGTCACCTGGG	astrocyte
CCGGTGAAGATCGACG	neuronal
CCGGTGAAGGCATCAG	microglia_immune
CCGGTGAAGGTAGTCG	oligodendrocyte_OPC
CCGGTGAAGGTCATCT	astrocyte
CCGGTGAAGTGAGTGC	unresolved
CCGGTGAAGTTCGGTT	astrocyte
CCGGTGAGTTCCAGGC	neuronal
CCGGTGAGTTCTAACG	oligodendrocyte_OPC
CCGGTGAGTTGCGTAT	vascular
CCGGTGAGTTGTTTGG	unresolved
CCGGTGATCAGCTTCC	oligodendrocyte_OPC
CCGGTGATCAGTCCGG	neuronal
CCGGTGATCGGCAGTC	unresolved
CCGTAGGAGAACGCGT	oligodendrocyte_OPC
CCGTAGGAGATTTGCC	oligodendrocyte_OPC
CCGTAGGAGGGACACT	unresolved
CCGTAGGAGTTGTACC	astrocyte
CCGTAGGCAATTCACG	astrocyte
CCGTAGGCAATTGCGT	unresolved
CCGTAGGCAGACAAGC	oligodendrocyte_OPC
CCGTAGGCAGGTGAGT	unresolved
CCGTAGGCATATGAAG	neuronal
CCGTAGGGTACAAACA	neuronal
CCGTAGGGTGCCCAGT	unresolved
CCGTAGGGTGTTCCTC	unresolved
CCGTAGGGTTAACCTG	astrocyte
CCGTAGGGTTATAGAG	unresolved
CCGTAGGTCGCAATGT	oligodendrocyte_OPC
CCGTAGGTCGCGAAGA	microglia_immune
CCGTAGGTCTGTAAGC	unresolved
CCGTGAGAGACTCTTG	astrocyte
CCGTGAGAGGGACAGG	astrocyte
CCGTGAGAGTACTCGT	unresolved
CCGTGAGAGTAGTCAA	unresolved
CCGTGAGAGTGGGAAA	unresolved
CCGTGAGCACCGCTGA	neuronal
CCGTGAGGTATCACGT	unresolved
CCGTGAGGTATTTCCT	unresolved
CCGTGAGGTGCAGATG	neuronal
CCGTGAGGTTGAGGAC	astrocyte
CCGTGAGTCCATTGTT	unresolved
CCGTGAGTCGGCATCG	unresolved
CCGTTCAAGAGGGTCT	astrocyte
CCGTTCAAGCCATATC	astrocyte
CCGTTCAAGGGTTTCT	unresolved
CCGTTCAAGGTCCAGA	unresolved
CCGTTCACACACGGAA	oligodendrocyte_OPC
CCGTTCACAGTCAGAG	neuronal
CCGTTCACATACAGCT	unresolved
CCGTTCACATCACCAA	unresolved
CCGTTCAGTATCAGCT	ambiguous_or_doublet
CCGTTCAGTATCCCAA	vascular
CCGTTCAGTCCTTAAG	unresolved
CCGTTCAGTGCATACT	astrocyte
CCGTTCAGTGTGTACT	unresolved
CCGTTCAGTTGTATGC	unresolved
CCGTTCATCACATCAG	unresolved
CCGTTCATCCGGGACT	astrocyte
CCGTTCATCGGACTGC	neuronal
CCTAACCAGATGACAT	unresolved
CCTAACCAGCCTCCAG	oligodendrocyte_OPC
CCTAACCAGCGATGAC	microglia_immune
CCTAACCAGTAGTCCT	astrocyte
CCTAACCCAGCGCTTG	neuronal
CCTAACCCATCATCCC	neuronal
CCTAACCCATTCCTAT	neuronal
CCTAACCTCATTCTTG	oligodendrocyte_OPC
CCTAACCTCTCCGAGG	unresolved
CCTAAGAAGAATTTGG	neuronal
CCTAAGAAGGGATCTG	unresolved
CCTAAGACACGGCCAT	neuronal
CCTAAGACAGGTCAAG	astrocyte
CCTAAGACAGTATGAA	astrocyte
CCTAAGACATCTATCT	unresolved
CCTAAGAGTATCACCA	oligodendrocyte_OPC
CCTAAGAGTCAAAGTA	oligodendrocyte_OPC
CCTAAGAGTCTCTCTG	astrocyte
CCTAAGATCAAGGAGC	astrocyte
CCTAAGATCATCAGTG	unresolved
CCTACGTAGAAGCTCG	neuronal
CCTACGTAGAGCAGAA	oligodendrocyte_OPC
CCTACGTAGCCGTTGC	astrocyte
CCTACGTAGGTCCGAA	unresolved
CCTACGTCAACCGTGC	unresolved
CCTACGTGTATTCTCT	neuronal
CCTACGTGTTCTTGTT	vascular
CCTACGTGTTGCCTAA	oligodendrocyte_OPC
CCTACGTGTTGGCCGT	neuronal
CCTACGTTCAGATTGC	unresolved
CCTACGTTCTTCGACC	astrocyte
CCTATCGAGAGCATAT	astrocyte
CCTATCGAGAGTCTTC	unresolved
CCTATCGAGATCACTC	unresolved
CCTATCGAGCAAGCCA	neuronal
CCTATCGAGCGTACAG	unresolved
CCTATCGAGGGTTAGC	ambiguous_or_doublet
CCTATCGAGTACAGCG	astrocyte
CCTATCGCACTGCGAC	neuronal
CCTATCGCAGTAACCT	unresolved
CCTATCGCATTGGGAG	neuronal
CCTATCGGTACGATTC	oligodendrocyte_OPC
CCTATCGGTCTTTATC	unresolved
CCTATCGTCACGATAC	vascular
CCTATCGTCGGCCCAA	unresolved
CCTCAACAGAATCGAT	vascular
CCTCAACAGCCTGGAA	astrocyte
CCTCAACAGGCTAAAT	neuronal
CCTCAACAGTACCGGA	unresolved
CCTCAACCACAGACGA	unresolved
CCTCAACCACTAGTAC	unresolved
CCTCAACCACTCAGAT	neuronal
CCTCAACCAGAGTTCT	neuronal
CCTCAACCAGCTTTGA	unresolved
CCTCAACGTAGTTCCA	astrocyte
CCTCAACGTATGTCAC	neuronal
CCTCAACGTCAGTTTG	unresolved
CCTCAACGTCATAGTC	neuronal
CCTCAACGTTATAGCC	astrocyte
CCTCAACGTTGTTGTG	astrocyte
CCTCAACGTTTACCTT	oligodendrocyte_OPC
CCTCAACTCAAAGGTA	unresolved
CCTCAACTCAGTGTGT	oligodendrocyte_OPC
CCTCAACTCATTCATC	oligodendrocyte_OPC
CCTCAACTCTTCGGTC	oligodendrocyte_OPC
CCTCACAAGATAACAC	unresolved
CCTCACAAGCGTGCTC	oligodendrocyte_OPC
CCTCACAAGGCTATCT	unresolved
CCTCACAAGTAGCCAG	astrocyte
CCTCACACACGGCCAT	unresolved
CCTCACAGTAGCGAGT	oligodendrocyte_OPC
CCTCACAGTGCCGTAC	unresolved
CCTCACAGTGGCGTAA	oligodendrocyte_OPC
CCTCACAGTGTAGCAG	neuronal
CCTCACAGTGTGGACA	oligodendrocyte_OPC
CCTCACAGTTGTTTGG	unresolved
CCTCACATCGCTCATC	unresolved
CCTCACATCTATCCAT	oligodendrocyte_OPC
CCTCAGTAGAGGTCAC	astrocyte
CCTCAGTAGCTAAATG	unresolved
CCTCAGTCAAGGTCAG	neuronal
CCTCAGTCACCGTCTT	vascular
CCTCAGTCATCCGTTC	ambiguous_or_doublet
CCTCAGTGTAGCGTCC	neuronal
CCTCAGTGTAGTTAGA	unresolved
CCTCAGTGTATCAAGA	neuronal
CCTCAGTGTATTCCGA	unresolved
CCTCAGTGTCGATTCA	neuronal
CCTCAGTTCACTGTTT	neuronal
CCTCATGAGATTCGCT	unresolved
CCTCATGAGGAATTAC	unresolved
CCTCATGAGTCAGAGC	unresolved
CCTCATGAGTCTAACC	unresolved
CCTCATGAGTTGGCTT	astrocyte
CCTCATGCAACCAGAG	vascular
CCTCATGCAGAGTTCT	neuronal
CCTCATGCATAACCCA	unresolved
CCTCATGGTCCTGGGT	unresolved
CCTCATGGTCTAACGT	unresolved
CCTCATGGTGCGAGTA	unresolved
CCTCATGGTTTGAAAG	astrocyte
CCTCATGTCGTTGTGA	neuronal
CCTCATGTCTGTGCAA	neuronal
CCTCCAAAGAACGTGC	neuronal
CCTCCAAAGCTTCGTA	neuronal
CCTCCAAAGGCCACTC	oligodendrocyte_OPC
CCTCCAAAGGTAGTCG	astrocyte
CCTCCAAAGTGGAATT	ambiguous_or_doublet
CCTCCAACAACCACGC	unresolved
CCTCCAAGTCGCAGTC	neuronal
CCTCCAAGTGATTCAC	unresolved
CCTCCAAGTGGTAATA	neuronal
CCTCCAATCTACCAGA	unresolved
CCTCCTCAGCAAACAT	neuronal
CCTCCTCAGCTCGACC	unresolved
CCTCCTCAGTCCCTAA	unresolved
CCTCCTCCAGGATTCT	unresolved
CCTCCTCCAGGCGATA	unresolved
CCTCCTCGTAACCAGG	unresolved
CCTCCTCGTAGCTAAA	unresolved
CCTCCTCGTCAACCTA	oligodendrocyte_OPC
CCTCCTCGTGGAACCA	unresolved
CCTCCTCGTGGTTCTA	oligodendrocyte_OPC
CCTCCTCGTTGGTACT	neuronal
CCTCCTCTCAATCTCT	astrocyte
CCTCCTCTCATGACAC	neuronal
CCTCCTCTCCTTCTAA	unresolved
CCTCCTCTCGTCTAAG	astrocyte
CCTCCTCTCGTTCATT	neuronal
CCTCTAGAGCTACTGT	unresolved
CCTCTAGAGTTGTAAG	neuronal
CCTCTAGAGTTTGTCG	oligodendrocyte_OPC
CCTCTAGCAAGTATAG	oligodendrocyte_OPC
CCTCTAGCACCAGTTA	unresolved
CCTCTAGCACCTATCC	neuronal
CCTCTAGCACGAGAAC	astrocyte
CCTCTAGCAGTTGGTT	microglia_immune
CCTCTAGGTAACGATA	astrocyte
CCTCTAGGTATTGACC	unresolved
CCTCTAGGTCCAGCGT	unresolved
CCTCTAGGTTAAGACA	neuronal
CCTCTAGTCCTACCAC	oligodendrocyte_OPC
CCTCTAGTCCTAGAGT	unresolved
CCTCTAGTCGTGCAGC	unresolved
CCTCTAGTCTTCCACG	microglia_immune
CCTCTCCAGAGGGTGG	unresolved
CCTCTCCAGGGCAGAG	unresolved
CCTCTCCCAACAAGAT	astrocyte
CCTCTCCCAACGAGGT	neuronal
CCTCTCCCAACGATTC	unresolved
CCTCTCCCAATGAGCG	unresolved
CCTCTCCCAGGGATAC	neuronal
CCTCTCCCAGTCCCGA	astrocyte
CCTCTCCCATTGCTTT	oligodendrocyte_OPC
CCTCTCCGTAGTCCTA	microglia_immune
CCTCTCCGTTGGGACA	neuronal
CCTCTCCTCATCTCTA	oligodendrocyte_OPC
CCTCTCCTCGGATTAC	unresolved
CCTCTCCTCTCCAATT	unresolved
CCTGCATAGAAAGCGA	astrocyte
CCTGCATAGCATATGA	astrocyte
CCTGCATAGGGCAACT	oligodendrocyte_OPC
CCTGCATCACCAGCGT	neuronal
CCTGCATCATACACCA	neuronal
CCTGCATGTCACCCTT	astrocyte
CCTGCATGTCATACCA	unresolved
CCTGCATGTCATCCCT	ambiguous_or_doublet
CCTGCATGTCCGAAGA	oligodendrocyte_OPC
CCTGCATGTGCACATT	oligodendrocyte_OPC
CCTGCATGTGGATTTC	unresolved
CCTGCATTCACATACG	oligodendrocyte_OPC
CCTGCATTCCCTCTAG	astrocyte
CCTGCATTCCTCTCGA	unresolved
CCTGCATTCCTTTAGT	unresolved
CCTGCATTCGACGACC	unresolved
CCTGCATTCTCTTGCG	oligodendrocyte_OPC
CCTGCATTCTGTGTGA	astrocyte
CCTGTTGAGCGACATG	unresolved
CCTGTTGAGGTACTGG	unresolved
CCTGTTGAGTCAATCC	unresolved
CCTGTTGAGTCAGCGA	microglia_immune
CCTGTTGAGTCTGGAG	oligodendrocyte_OPC
CCTGTTGCATGTCAGT	unresolved
CCTGTTGCATTCGGGC	unresolved
CCTGTTGCATTGAAGA	unresolved
CCTGTTGGTAATTGGA	unresolved
CCTGTTGGTAGGCTCC	unresolved
CCTGTTGGTCACTCAA	oligodendrocyte_OPC
CCTGTTGGTCCCAAAT	astrocyte
CCTGTTGTCAGCTGTA	unresolved
CCTGTTGTCAGTGATC	oligodendrocyte_OPC
CCTGTTGTCATGTCAG	astrocyte
CCTGTTGTCGCTGCGA	astrocyte
CCTGTTGTCTCCTGTG	unresolved
CCTTCAGAGAGAGAAC	unresolved
CCTTCAGAGATGCCGA	unresolved
CCTTCAGAGATTGGGC	unresolved
CCTTCAGAGGATTCAA	neuronal
CCTTCAGAGTCCGCGT	neuronal
CCTTCAGAGTTACTCG	unresolved
CCTTCAGCAAAGAGTT	astrocyte
CCTTCAGCAACGTAAA	astrocyte
CCTTCAGCAATCGTCA	oligodendrocyte_OPC
CCTTCAGCACATTCGA	microglia_immune
CCTTCAGCACGACGAA	unresolved
CCTTCAGCACGCTGCA	neuronal
CCTTCAGCATAGATCC	unresolved
CCTTCAGCATCGGTTA	neuronal
CCTTCAGGTCACTTAG	neuronal
CCTTCAGGTTAATCGC	oligodendrocyte_OPC
CCTTCAGTCGCTTACC	unresolved
CCTTCAGTCGTCGGGT	unresolved
CCTTCAGTCGTGGCTG	neuronal
CCTTCAGTCGTTAGTG	astrocyte
CCTTCAGTCTAGTCAG	unresolved
CCTTCAGTCTAGTGTG	oligodendrocyte_OPC
CCTTCAGTCTTTGCTA	unresolved
CCTTGTGAGGTTCCGC	neuronal
CCTTGTGCACAAAGCG	unresolved
CCTTGTGCACACGTGC	astrocyte
CCTTGTGCACGGTAGA	unresolved
CCTTGTGCATCCGCGA	oligodendrocyte_OPC
CCTTGTGGTATGTCCA	microglia_immune
CCTTGTGTCAAACGAA	unresolved
CCTTGTGTCATCAGTG	oligodendrocyte_OPC
CCTTGTGTCCTCACGT	neuronal
CCTTTGGAGCCTATTG	microglia_immune
CCTTTGGAGCGACTAG	unresolved
CCTTTGGAGGACATCG	oligodendrocyte_OPC
CCTTTGGAGGAGAGTA	neuronal
CCTTTGGAGGTATCTC	oligodendrocyte_OPC
CCTTTGGAGGTCTTTG	unresolved
CCTTTGGAGGTTGGAC	oligodendrocyte_OPC
CCTTTGGCAATCAGCT	neuronal
CCTTTGGCACATATCG	neuronal
CCTTTGGCACGCACCA	oligodendrocyte_OPC
CCTTTGGCAGACAAGC	astrocyte
CCTTTGGGTAGGGAGG	astrocyte
CCTTTGGGTTAGCTAC	oligodendrocyte_OPC
CCTTTGGTCCACACCT	ambiguous_or_doublet
CCTTTGGTCGTGCGAC	unresolved
CCTTTGGTCTCGTTTA	astrocyte
CCTTTGGTCTTTCGAT	unresolved
CGAAGGAAGGAAAGTG	neuronal
CGAAGGAAGGCCATAG	neuronal
CGAAGGAAGTCTTCCC	unresolved
CGAAGGACAGCGGATA	unresolved
CGAAGGACAGTAACCT	unresolved
CGAAGGACATCGGTTA	oligodendrocyte_OPC
CGAAGGAGTCAGATTC	unresolved
CGAAGGAGTCTATGAC	neuronal
CGAAGGAGTGTGATGG	unresolved
CGAAGGAGTTTACACG	unresolved
CGAAGGATCGCCCAGA	unresolved
CGAAGGATCTCACTCG	oligodendrocyte_OPC
CGAAGGATCTCCTGTG	unresolved
CGAAGTTAGCCTCTTC	oligodendrocyte_OPC
CGAAGTTAGTGGCCTC	oligodendrocyte_OPC
CGAAGTTCAAGTGGGT	oligodendrocyte_OPC
CGAAGTTCACATAGCT	oligodendrocyte_OPC
CGAAGTTCACTGTGAT	unresolved
CGAAGTTCAGCACAGA	neuronal
CGAAGTTCAGCATTGT	microglia_immune
CGAAGTTCAGTAGAGC	oligodendrocyte_OPC
CGAAGTTGTATGACAA	microglia_immune
CGAAGTTGTATTTCGG	astrocyte
CGAAGTTGTGTTTCTT	oligodendrocyte_OPC
CGAAGTTTCCAACCAA	astrocyte
CGAAGTTTCGAGTTGT	astrocyte
CGAAGTTTCGCAGAGA	oligodendrocyte_OPC
CGAAGTTTCGCATTGA	astrocyte
CGAAGTTTCTTCGACC	astrocyte
CGAATTGAGACATAAC	neuronal
CGAATTGAGCGAGGAG	oligodendrocyte_OPC
CGAATTGAGCGGTAGT	neuronal
CGAATTGAGGATACCG	unresolved
CGAATTGAGGCTGAAC	oligodendrocyte_OPC
CGAATTGAGGTCTACT	oligodendrocyte_OPC
CGAATTGAGTTGGGAC	astrocyte
CGAATTGCAAGGGCAT	oligodendrocyte_OPC
CGAATTGCAATTGCGT	oligodendrocyte_OPC
CGAATTGCACAGTGTT	astrocyte
CGAATTGCAGCTTCGG	neuronal
CGAATTGCAGTAGATA	oligodendrocyte_OPC
CGAATTGGTAAGGAGA	unresolved
CGAATTGGTATCCCAA	neuronal
CGAATTGTCACTGCTC	oligodendrocyte_OPC
CGAATTGTCACTGTTT	unresolved
CGAATTGTCATCGACA	unresolved
CGAATTGTCCGATTAG	oligodendrocyte_OPC
CGAATTGTCGGTAGAG	oligodendrocyte_OPC
CGACAGCAGAACGCGT	unresolved
CGACAGCAGCATGAAT	unresolved
CGACAGCAGGATACCG	neuronal
CGACAGCAGGTTTACC	unresolved
CGACAGCCAAGGAGTC	oligodendrocyte_OPC
CGACAGCCACTGGCCA	unresolved
CGACAGCCATTCCTAT	oligodendrocyte_OPC
CGACAGCGTCCAATCA	unresolved
CGACAGCGTCCAGGTC	vascular
CGACAGCGTGCGCTCA	neuronal
CGACAGCGTGTTTACG	neuronal
CGACAGCTCGAGTGAG	vascular
CGACAGCTCGGTTGTA	unresolved
CGACAGCTCGTCGCTT	vascular
CGAGAAGCAAGGAGTC	unresolved
CGAGAAGCAAGGCTTT	ambiguous_or_doublet
CGAGAAGCACAGAAGC	unresolved
CGAGAAGCACCCGTAG	oligodendrocyte_OPC
CGAGAAGCACCTCTGT	oligodendrocyte_OPC
CGAGAAGCACCTGCTT	neuronal
CGAGAAGGTAAGTCAA	vascular
CGAGAAGTCGGCGATC	unresolved
CGAGAAGTCGTAGCTA	astrocyte
CGAGAAGTCTCGCCTA	unresolved
CGAGGAAAGCGAACTG	neuronal
CGAGGAAAGGAAGAAC	neuronal
CGAGGAAAGGAATCGC	unresolved
CGAGGAAAGGTCTGGA	unresolved
CGAGGAAAGTCCGCGT	unresolved
CGAGGAAAGTGCAAAT	astrocyte
CGAGGAACACGGCCAT	oligodendrocyte_OPC
CGAGGAACAGGGAATC	unresolved
CGAGGAAGTCCGAAAG	unresolved
CGAGGAAGTCGAATGG	astrocyte
CGAGGAAGTCGTGGAA	oligodendrocyte_OPC
CGAGGAAGTGCATTAC	neuronal
CGAGGAAGTTAATGAG	oligodendrocyte_OPC
CGAGGAATCACCCTGT	unresolved
CGAGGAATCACCTGTC	neuronal
CGAGGAATCAGCGTCG	ambiguous_or_doublet
CGAGGAATCCAACACA	microglia_immune
CGAGGAATCCCATAGA	unresolved
CGAGGAATCGAAGAAT	unresolved
CGAGGAATCGTGGCTG	neuronal
CGAGGCTAGACCAGAC	oligodendrocyte_OPC
CGAGGCTAGAGAAGGT	unresolved
CGAGGCTAGAGAGCGG	astrocyte
CGAGGCTAGGTCGTCC	astrocyte
CGAGGCTAGTGCTCGC	neuronal
CGAGGCTCAAGACGAC	unresolved
CGAGGCTCAGAGCCCT	unresolved
CGAGGCTCAGGAAGTC	unresolved
CGAGGCTCAGGAGGTT	oligodendrocyte_OPC
CGAGGCTCAGTTGAAA	microglia_immune
CGAGGCTGTAATCAAG	unresolved
CGAGGCTGTCTTTCTA	unresolved
CGAGGCTGTGAGATCG	astrocyte
CGAGGCTGTGATTCTG	unresolved
CGAGGCTTCCAAATGC	unresolved
CGAGGCTTCCGTCACT	oligodendrocyte_OPC
CGAGTGCAGAGAGCAA	unresolved
CGAGTGCAGATCGCCC	microglia_immune
CGAGTGCAGCATGCAG	unresolved
CGAGTGCAGCGCTGAA	oligodendrocyte_OPC
CGAGTGCAGTTTCGGT	unresolved
CGAGTGCCAACGGCTC	unresolved
CGAGTGCCACTATCGA	neuronal
CGAGTGCCAGAAACCG	microglia_immune
CGAGTGCGTACAGCGA	unresolved
CGAGTGCGTCGGATTT	neuronal
CGAGTGCGTGGTAACG	unresolved
CGAGTTAAGCAAGTCG	unresolved
CGAGTTAAGCCGAACA	unresolved
CGAGTTAAGCGAGAAA	unresolved
CGAGTTACAAATCAGA	oligodendrocyte_OPC
CGAGTTACAAGTGGAC	oligodendrocyte_OPC
CGAGTTACAGAGCCCT	oligodendrocyte_OPC
CGAGTTACAGCGGATA	neuronal
CGAGTTACAGGTGTTT	oligodendrocyte_OPC
CGAGTTACAGTCGCAC	unresolved
CGAGTTAGTACACTCA	neuronal
CGAGTTAGTAGATCGG	unresolved
CGAGTTAGTCACCGAC	astrocyte
CGAGTTAGTGAGCGAT	astrocyte
CGAGTTAGTGATCATC	astrocyte
CGAGTTAGTGCCTAAT	oligodendrocyte_OPC
CGAGTTATCAACCTTT	unresolved
CGAGTTATCATGCCGG	astrocyte
CGAGTTATCGAACCAT	neuronal
CGATCGGAGCATCGAG	neuronal
CGATCGGAGCCAGTAG	microglia_immune
CGATCGGAGGTAAGTT	oligodendrocyte_OPC
CGATCGGAGGTAGCCA	unresolved
CGATCGGAGTCATGAA	astrocyte
CGATCGGAGTGGCAGT	unresolved
CGATCGGCACAATCTG	unresolved
CGATCGGCACCCTTAC	unresolved
CGATCGGCACTTTAGG	neuronal
CGATCGGCATCGAACT	unresolved
CGATCGGCATGGGTCC	astrocyte
CGATCGGCATTGACTG	unresolved
CGATCGGGTACCCACG	oligodendrocyte_OPC
CGATCGGGTACTCGTA	oligodendrocyte_OPC
CGATCGGGTATTTCTC	astrocyte
CGATCGGGTCCAGCAC	unresolved
CGATCGGGTGCGACAA	unresolved
CGATCGGTCCAAACCA	unresolved
CGATCGGTCCACCCTA	neuronal
CGATCGGTCCCAAGTA	neuronal
CGATCGGTCCCTATTA	neuronal
CGATCGGTCCGTATAG	unresolved
CGATCGGTCGCACGAC	oligodendrocyte_OPC
CGATCGGTCGCTGCGA	unresolved
CGATCGGTCGCTTGAA	microglia_immune
CGATCGGTCTGGGCCA	unresolved
CGATGCGAGAGTTGTA	astrocyte
CGATGCGAGCCTATTG	unresolved
CGATGCGAGGTCTGGA	neuronal
CGATGCGAGTAGCCAG	unresolved
CGATGCGCAATAGTCC	astrocyte
CGATGCGCACGCTATA	unresolved
CGATGCGCAGATGCGA	oligodendrocyte_OPC
CGATGCGCAGGACAGT	oligodendrocyte_OPC
CGATGCGCAGTAGGAC	neuronal
CGATGCGCATGTGCTA	oligodendrocyte_OPC
CGATGCGGTCATGCAT	unresolved
CGATGCGGTCCCTGTT	oligodendrocyte_OPC
CGATGCGGTCCGTACG	oligodendrocyte_OPC
CGATGCGGTCTGCATA	neuronal
CGATGCGGTGAATTGA	neuronal
CGATGCGGTTACAGCT	astrocyte
CGATGCGTCGCTGCGA	unresolved
CGATGGCAGATAGCAT	ambiguous_or_doublet
CGATGGCAGCTCGGCT	unresolved
CGATGGCAGCTTAAGA	unresolved
CGATGGCAGGAGTACC	neuronal
CGATGGCAGGCCTTGC	unresolved
CGATGGCAGTTTCGGT	unresolved
CGATGGCCAGTAACCT	unresolved
CGATGGCGTCCTTAAG	oligodendrocyte_OPC
CGATGGCGTCGCCTAG	unresolved
CGATGGCGTCTAATCG	microglia_immune
CGATGGCTCACGGGAA	unresolved
CGATGGCTCTCGCAGG	unresolved
CGCAGGTAGACATAGT	oligodendrocyte_OPC
CGCAGGTAGATTGACA	oligodendrocyte_OPC
CGCAGGTAGTCCGCCA	oligodendrocyte_OPC
CGCAGGTCACCATTCC	unresolved
CGCAGGTCACGCACCA	unresolved
CGCAGGTCAGTAGTGG	neuronal
CGCAGGTGTCACAGAG	oligodendrocyte_OPC
CGCAGGTGTCATAGTC	oligodendrocyte_OPC
CGCAGGTGTTACCCAA	astrocyte
CGCAGGTTCAGTCACA	neuronal
CGCAGGTTCAGTGATC	vascular
CGCAGGTTCCGCTTAC	oligodendrocyte_OPC
CGCAGGTTCCTAACAG	astrocyte
CGCAGGTTCGAGTGGA	unresolved
CGCAGGTTCTAGATCG	astrocyte
CGCATAAAGAGTATAC	oligodendrocyte_OPC
CGCATAAAGATACAGT	astrocyte
CGCATAAAGGCTTAGG	oligodendrocyte_OPC
CGCATAAAGGGAACAA	unresolved
CGCATAAAGTCCTACA	neuronal
CGCATAACACGTCGGT	oligodendrocyte_OPC
CGCATAACAGATTAAG	unresolved
CGCATAACATCGGATT	oligodendrocyte_OPC
CGCATAACATGGGTTT	unresolved
CGCATAAGTAGAGGAA	unresolved
CGCATAAGTATGGTTC	oligodendrocyte_OPC
CGCATAAGTGCGGTAA	unresolved
CGCATAAGTGGTCTGC	unresolved
CGCATAAGTTTCTATC	neuronal
CGCATAATCAATCAGC	oligodendrocyte_OPC
CGCATAATCACCTGTC	neuronal
CGCATAATCTGCGGAC	unresolved
CGCATAATCTGTGCAA	unresolved
CGCATGGAGCAATAAC	oligodendrocyte_OPC
CGCATGGAGTCTCTGA	unresolved
CGCATGGAGTTGCTGT	unresolved
CGCATGGCACCGGTCA	neuronal
CGCATGGCATCCTTCG	ambiguous_or_doublet
CGCATGGGTACATACC	neuronal
CGCATGGGTGCCAAGA	unresolved
CGCATGGGTTACACAC	unresolved
CGCATGGTCAACTCTT	astrocyte
CGCATGGTCACCTCAC	oligodendrocyte_OPC
CGCATGGTCAGGAACG	astrocyte
CGCATGGTCTGAGAGG	microglia_immune
CGCCAGAAGGTTGGTG	astrocyte
CGCCAGACAAAGGTTA	unresolved
CGCCAGACAATACCCA	neuronal
CGCCAGACATCGAGCC	astrocyte
CGCCAGAGTCCACATA	oligodendrocyte_OPC
CGCCAGAGTCCTGAAT	neuronal
CGCCAGAGTCTTACTT	unresolved
CGCCAGAGTGCCGAAA	unresolved
CGCCAGAGTTGTGGCC	astrocyte
CGCCAGATCAATGTCG	unresolved
CGCCAGATCACGGTCG	neuronal
CGCCAGATCGACGATT	neuronal
CGCCAGATCGGAAGGT	unresolved
CGCCATTAGACGGAAA	unresolved
CGCCATTAGACTTCGT	astrocyte
CGCCATTAGCTAGATA	oligodendrocyte_OPC
CGCCATTAGTCAGGGT	unresolved
CGCCATTCACTACGGC	astrocyte
CGCCATTCAGCGGTCT	ambiguous_or_doublet
CGCCATTGTAGGACTG	oligodendrocyte_OPC
CGCCATTGTAGGTACG	neuronal
CGCCATTGTATGCTAC	unresolved
CGCCATTGTCCTACAA	vascular
CGCCATTGTTCGGTTA	oligodendrocyte_OPC
CGCCATTTCCTTCTAA	astrocyte
CGCCATTTCTGTCCGT	unresolved
CGCGTGAAGCGTGCCT	unresolved
CGCGTGAAGTATAGGT	unresolved
CGCGTGACAACCAATC	oligodendrocyte_OPC
CGCGTGACAATTGGTC	unresolved
CGCGTGACACCCTTAC	ambiguous_or_doublet
CGCGTGACACGTCATA	unresolved
CGCGTGACAGCCCAGT	unresolved
CGCGTGACATCGCTAA	unresolved
CGCGTGAGTTTGTTGG	unresolved
CGGAACCAGCATATGA	astrocyte
CGGAACCAGTAGACCG	unresolved
CGGAACCAGTCGAATA	unresolved
CGGAACCCAAGGATGC	astrocyte
CGGAACCCACGAGGTA	astrocyte
CGGAACCCATGGGCAA	neuronal
CGGAACCTCAATGCAC	neuronal
CGGAACCTCCATACTT	neuronal
CGGAACCTCTGTGCAA	oligodendrocyte_OPC
CGGAATTAGTCGGCAA	unresolved
CGGAATTAGTTCATCG	astrocyte
CGGAATTCAAGACGAC	oligodendrocyte_OPC
CGGAATTCACTCCGGA	neuronal
CGGAATTCACTCTAGA	neuronal
CGGAATTCAGCAGTGA	neuronal
CGGAATTCAGCTATTG	unresolved
CGGAATTCAGTTGTTG	astrocyte
CGGAATTCATGCCGCA	astrocyte
CGGAATTCATGTGTCA	unresolved
CGGAATTGTCGATGCC	unresolved
CGGAATTGTCTCGCGA	unresolved
CGGAATTGTGTATCCA	neuronal
CGGAATTGTTATCTTC	astrocyte
CGGAATTTCAACCCGG	neuronal
CGGAATTTCACCATCC	astrocyte
CGGAATTTCATTCATC	oligodendrocyte_OPC
CGGAATTTCCATAGAC	vascular
CGGAATTTCGCTCATC	unresolved
CGGAATTTCGGACCAC	astrocyte
CGGAATTTCTACTATC	neuronal
CGGACACAGACGCAGT	neuronal
CGGACACAGCCTGACC	neuronal
CGGACACAGGACTTCT	unresolved
CGGACACAGGTTGACG	unresolved
CGGACACAGTCACTCA	unresolved
CGGACACCACGCTGAC	astrocyte
CGGACACCAGAGTCTT	unresolved
CGGACACCATTGCTGA	astrocyte
CGGACACGTACGTGAG	unresolved
CGGACACGTCGTTTCC	oligodendrocyte_OPC
CGGACACTCATGAGTC	unresolved
CGGACACTCCAGTGCG	oligodendrocyte_OPC
CGGACACTCCTATGGA	unresolved
CGGACACTCCTTCAGC	unresolved
CGGACACTCGTTCAGA	unresolved
CGGACACTCTTACACT	neuronal
CGGAGAAAGGTACAGC	oligodendrocyte_OPC
CGGAGAAAGTGCCGAA	neuronal
CGGAGAACACCTCTAC	oligodendrocyte_OPC
CGGAGAACATGGGAAC	astrocyte
CGGAGAAGTCGCTTAA	unresolved
CGGAGAAGTCTACACA	unresolved
CGGAGAATCAACGCTA	neuronal
CGGAGAATCGTCTAAG	astrocyte
CGGAGAATCTCGAGTA	unresolved
CGGAGAATCTCTTAAC	neuronal
CGGCAGTAGCTGGTGA	oligodendrocyte_OPC
CGGCAGTAGTGGTTAA	oligodendrocyte_OPC
CGGCAGTCAAACTAGA	astrocyte
CGGCAGTCAACCACGC	oligodendrocyte_OPC
CGGCAGTCAGGAACCA	oligodendrocyte_OPC
CGGCAGTCAGTGTGCC	astrocyte
CGGCAGTCATAGACTC	neuronal
CGGCAGTGTATGCGTT	neuronal
CGGCAGTGTGATATAG	unresolved
CGGCAGTGTGCCGAAA	unresolved
CGGCAGTGTTCTCTAT	astrocyte
CGGCAGTTCAACCTCC	astrocyte
CGGCAGTTCAGGAAGC	neuronal
CGGCAGTTCTGTCGTC	unresolved
CGGGACTAGAACTCCT	oligodendrocyte_OPC
CGGGACTAGCAGTACG	unresolved
CGGGACTAGCCTGAAG	unresolved
CGGGACTAGGTAAGAG	astrocyte
CGGGACTAGTCTGCAT	oligodendrocyte_OPC
CGGGACTAGTGATTCC	neuronal
CGGGACTAGTGTTCCA	unresolved
CGGGACTCACGTCTCT	unresolved
CGGGACTCACTAACCA	unresolved
CGGGACTCATCCTGTC	unresolved
CGGGACTGTATGAAAC	oligodendrocyte_OPC
CGGGACTGTCAGCTTA	unresolved
CGGGACTGTCATAAAG	unresolved
CGGGACTGTCCCTAAA	astrocyte
CGGGACTTCCGATAGT	neuronal
CGGGACTTCCTTCACG	unresolved
CGGGACTTCGGCATTA	neuronal
CGGGACTTCTCAAAGC	unresolved
CGGGCATCACAAATAG	unresolved
CGGGCATCACTCCCTA	unresolved
CGGGCATCAGATACTC	oligodendrocyte_OPC
CGGGCATCAGTCAGTT	unresolved
CGGGCATCAGTGACCC	unresolved
CGGGCATCATCTGTTT	oligodendrocyte_OPC
CGGGCATCATGCACTA	vascular
CGGGCATGTCCTCAGG	astrocyte
CGGGCATGTCCTGTCT	oligodendrocyte_OPC
CGGGCATGTGTCTAAC	astrocyte
CGGGCATTCAAACTGC	astrocyte
CGGGCATTCGCCTTTG	unresolved
CGGGCATTCGCTGTTC	unresolved
CGGGCATTCGCTTGAA	unresolved
CGGGCATTCTGGTTGA	unresolved
CGGGCATTCTTAGCCC	unresolved
CGGGTCAAGAAACTGT	unresolved
CGGGTCAAGCGAGGAG	neuronal
CGGGTCAAGCTTTCTT	unresolved
CGGGTCACACTACAGT	astrocyte
CGGGTCACAGATCATC	oligodendrocyte_OPC
CGGGTCACAGCCCACA	neuronal
CGGGTCACATACAGCT	astrocyte
CGGGTCAGTACGTGAG	unresolved
CGGGTCAGTGGGCTTC	astrocyte
CGGGTCATCATACAGC	unresolved
CGGGTCATCCGGACGT	unresolved
CGGGTCATCCGGTAAT	unresolved
CGGGTCATCTCGTTTA	unresolved
CGGGTCATCTGCGTCT	unresolved
CGGGTGTAGACAGCTG	unresolved
CGGGTGTAGCATGCAG	unresolved
CGGGTGTAGGCCTAGA	astrocyte
CGGGTGTAGTAGGTTA	unresolved
CGGGTGTCAATAGTCC	oligodendrocyte_OPC
CGGGTGTCACAATGCT	unresolved
CGGGTGTCAGGGATAC	vascular
CGGGTGTGTACGCTTA	astrocyte
CGGGTGTTCAATCTTC	unresolved
CGGGTGTTCTGCTTAT	astrocyte
CGGGTGTTCTGTCCCA	neuronal
CGGTCAGAGAGAGAAC	unresolved
CGGTCAGAGCTGGAGT	astrocyte
CGGTCAGAGGCTCCCA	unresolved
CGGTCAGAGGGCCAAT	microglia_immune
CGGTCAGAGTACGTCT	unresolved
CGGTCAGAGTCATGCT	microglia_immune
CGGTCAGCAAAGGGCT	neuronal
CGGTCAGCAATCACGT	neuronal
CGGTCAGCAATGCAAA	microglia_immune
CGGTCAGCAATGTGGG	unresolved
CGGTCAGCACATATGC	neuronal
CGGTCAGCAGCCGTTG	oligodendrocyte_OPC
CGGTCAGGTAAGGCTG	astrocyte
CGGTCAGGTCACTCGG	neuronal
CGGTCAGGTGTGTGTT	unresolved
CGGTCAGTCCCAAGCG	neuronal
CGGTCAGTCGTGCAGC	astrocyte
CGTAAGTAGACGACGT	unresolved
CGTAAGTAGAGTCAGC	unresolved
CGTAAGTAGCATTTGC	neuronal
CGTAAGTAGGGAGTGG	unresolved
CGTAAGTCACAGACGA	oligodendrocyte_OPC
CGTAAGTCACATTCTT	neuronal
CGTAAGTCAGCGACAA	microglia_immune
CGTAAGTCAGGACGAT	neuronal
CGTAAGTCATGGAGAC	astrocyte
CGTAAGTCATGGCCAC	astrocyte
CGTAAGTGTAAGTCAA	microglia_immune
CGTAAGTGTCGTTCAA	unresolved
CGTAAGTGTGCTGCAC	microglia_immune
CGTAAGTGTTGGCCTG	unresolved
CGTAAGTTCACCCATC	oligodendrocyte_OPC
CGTAAGTTCAGCCTCT	oligodendrocyte_OPC
CGTAAGTTCATCTATC	oligodendrocyte_OPC
CGTAAGTTCATTTCGT	oligodendrocyte_OPC
CGTAAGTTCCGCAGTG	vascular
CGTAAGTTCGAGTCTA	neuronal
CGTAAGTTCTCTCGCA	unresolved
CGTAATGAGAAGTCCG	astrocyte
CGTAATGAGCATGATA	astrocyte
CGTAATGAGCGCCATC	astrocyte
CGTAATGAGTCCGCGT	oligodendrocyte_OPC
CGTAATGAGTTGTAAG	neuronal
CGTAATGCAAATCAGA	unresolved
CGTAATGCAATAGTGA	unresolved
CGTAATGCACATGTTG	unresolved
CGTAATGCATATACCG	oligodendrocyte_OPC
CGTAATGGTACAGTAA	oligodendrocyte_OPC
CGTAATGGTCGGCCTA	oligodendrocyte_OPC
CGTAATGGTGCTAGCC	ambiguous_or_doublet
CGTAATGTCAATCAGC	unresolved
CGTAATGTCACTACTT	unresolved
CGTAATGTCCGTAATG	oligodendrocyte_OPC
CGTAATGTCGCTACAA	neuronal
CGTAATGTCTAGCATG	astrocyte
CGTAGTAAGATCCTAC	oligodendrocyte_OPC
CGTAGTAAGCATCTTG	unresolved
CGTAGTAAGCATGCAG	astrocyte
CGTAGTAAGCCTCTTC	unresolved
CGTAGTAGTAATCAGA	unresolved
CGTAGTAGTCACTACA	neuronal
CGTAGTAGTCGAAACG	unresolved
CGTAGTAGTGAGTTTC	unresolved
CGTAGTAGTGCAATGG	oligodendrocyte_OPC
CGTAGTAGTGTTATCG	neuronal
CGTAGTAGTTGGGAAC	unresolved
CGTAGTATCAAGGTGG	astrocyte
CGTAGTATCTTTGATC	neuronal
CGTCAAAAGAGCAAGA	ambiguous_or_doublet
CGTCAAAAGATAGTGT	oligodendrocyte_OPC
CGTCAAAAGCCAAGTG	astrocyte
CGTCAAAAGGTTACAA	microglia_immune
CGTCAAACACAACCGC	unresolved
CGTCAAACACCCAACG	oligodendrocyte_OPC
CGTCAAACAGCTACAT	unresolved
CGTCAAACATTCACAG	astrocyte
CGTCAAAGTACATTGC	unresolved
CGTCAAATCATAGCAC	unresolved
CGTCAAATCCGTCACT	astrocyte
CGTCAAATCGGAGTAG	neuronal
CGTCAAATCGTGAGAG	astrocyte
CGTCAAATCTAGACCA	astrocyte
CGTCCATAGATGCTAA	unresolved
CGTCCATAGGGCAACT	unresolved
CGTCCATCAAGCACCC	oligodendrocyte_OPC
CGTCCATCACGACGCT	unresolved
CGTCCATCATCGTCCT	oligodendrocyte_OPC
CGTCCATGTATGTGTC	neuronal
CGTCCATGTCGTATTG	microglia_immune
CGTCCATGTCTTTCTA	astrocyte
CGTCCATGTTCCTAGA	astrocyte
CGTCCATGTTCGGCCA	neuronal
CGTCCATTCAGACCCG	oligodendrocyte_OPC
CGTCCATTCATGCAGT	unresolved
CGTCCATTCCGTTGAA	unresolved
CGTGAATAGATCACCT	neuronal
CGTGAATAGGCCATAG	unresolved
CGTGAATAGGGATGTC	oligodendrocyte_OPC
CGTGAATCACGCAGTC	astrocyte
CGTGAATCACTGCATA	oligodendrocyte_OPC
CGTGAATGTCTTCATT	astrocyte
CGTGAATGTGGGAGAG	oligodendrocyte_OPC
CGTGAATGTTCAAGGG	oligodendrocyte_OPC
CGTGAATGTTTCAGAC	unresolved
CGTGAATTCCGTAGGC	astrocyte
CGTGAATTCCTAGCGG	oligodendrocyte_OPC
CGTGATAAGGCCTGCT	astrocyte
CGTGATAAGGGCAGGA	vascular
CGTGATAAGTACAACA	oligodendrocyte_OPC
CGTGATAAGTATGTAG	oligodendrocyte_OPC
CGTGATACACTTCAAG	oligodendrocyte_OPC
CGTGATACAGCGGTTC	neuronal
CGTGATAGTAGTTCCA	unresolved
CGTGATAGTATCCCAA	unresolved
CGTGATAGTTACACTG	astrocyte
CGTGATAGTTGCCAAT	neuronal
CGTGATAGTTGCTGAT	oligodendrocyte_OPC
CGTGATATCAACCTCC	unresolved
CGTGATATCACATCAG	unresolved
CGTGATATCATCTCTA	ambiguous_or_doublet
CGTGATATCCGTATAG	vascular
CGTGATATCGTCCTTG	oligodendrocyte_OPC
CGTGCTTAGAGAATCT	vascular
CGTGCTTAGCGAGAAA	unresolved
CGTGCTTAGCGTGTTT	ambiguous_or_doublet
CGTGCTTCAAGAATGT	unresolved
CGTGCTTCACATAACC	unresolved
CGTGCTTCAGAGGGTT	unresolved
CGTGCTTCAGGACAGT	microglia_immune
CGTGCTTCATTGGATC	oligodendrocyte_OPC
CGTGCTTGTAATTAGG	neuronal
CGTGCTTGTCAAGCGA	neuronal
CGTGCTTGTCAGTCTA	unresolved
CGTGTCTAGATTGATG	unresolved
CGTGTCTAGCCGCACT	unresolved
CGTGTCTAGCTTTCTT	neuronal
CGTGTCTAGGGTAGCT	astrocyte
CGTGTCTAGGTAGCAC	neuronal
CGTGTCTAGTAACAGT	unresolved
CGTGTCTCACAGACGA	unresolved
CGTGTCTCAGTAACCT	unresolved
CGTGTCTCATTGCTTT	neuronal
CGTGTCTGTAATTAGG	neuronal
CGTGTCTGTCCCTAAA	oligodendrocyte_OPC
CGTGTCTGTGCCCTTT	oligodendrocyte_OPC
CGTGTCTTCAGTGCGC	oligodendrocyte_OPC
CGTGTCTTCCGGCAAC	unresolved
CGTGTCTTCGAAGCAG	vascular
CGTTAGAAGCCATATC	unresolved
CGTTAGAAGGGTCTTT	unresolved
CGTTAGAAGGTAAGAG	neuronal
CGTTAGAAGTACTGGG	neuronal
CGTTAGAAGTGCCTCG	unresolved
CGTTAGACAAATTAGG	astrocyte
CGTTAGACAATACAGA	unresolved
CGTTAGACACTCCGGA	unresolved
CGTTAGACAGTCTACA	oligodendrocyte_OPC
CGTTAGACATAATCGC	microglia_immune
CGTTAGAGTGTTGATC	neuronal
CGTTAGAGTTAAGCAA	oligodendrocyte_OPC
CGTTAGATCTACTGCC	ambiguous_or_doublet
CGTTAGATCTCTATGT	unresolved
CGTTCTGAGATGCTGG	neuronal
CGTTCTGAGCCGAATG	unresolved
CGTTCTGAGGCCACCT	oligodendrocyte_OPC
CGTTCTGAGTCATACC	unresolved
CGTTCTGAGTGCCTCG	neuronal
CGTTCTGCAAGGCAAC	neuronal
CGTTCTGCACTTGACA	unresolved
CGTTCTGCAGAAATTG	astrocyte
CGTTCTGGTCCTGGGT	unresolved
CGTTCTGGTCTATGAC	ambiguous_or_doublet
CGTTCTGGTCTGCGCA	oligodendrocyte_OPC
CGTTCTGGTGGCTCTG	unresolved
CGTTCTGTCACCTCTG	unresolved
CGTTCTGTCAGTCTTT	unresolved
CGTTCTGTCGCTGTCT	oligodendrocyte_OPC
CGTTCTGTCTTGCAAG	unresolved
CGTTGGGAGAATCGAT	microglia_immune
CGTTGGGAGGTTGAGC	oligodendrocyte_OPC
CGTTGGGCACCTGCTT	oligodendrocyte_OPC
CGTTGGGCAGCGGTCT	astrocyte
CGTTGGGCAGTATACC	astrocyte
CGTTGGGCATACACCA	unresolved
CGTTGGGCATAGAGGC	unresolved
CGTTGGGGTACAAGTA	unresolved
CGTTGGGGTTATTCTC	oligodendrocyte_OPC
CGTTGGGTCTTCTGTA	unresolved
CTAACCCAGAAGGCTC	unresolved
CTAACCCCATCGAGCC	neuronal
CTAACCCGTCACCCTT	astrocyte
CTAACCCGTCGAGATG	oligodendrocyte_OPC
CTAACCCGTGCCTGCA	unresolved
CTAACCCGTTGCCGAC	unresolved
CTAACCCTCACTTGGA	oligodendrocyte_OPC
CTAACCCTCATACAGC	oligodendrocyte_OPC
CTAACCCTCATTGCTT	unresolved
CTAACCCTCCCGGTAG	unresolved
CTAACCCTCCGAGAAG	neuronal
CTAACCCTCCGAGCTG	oligodendrocyte_OPC
CTAACCCTCGATACAC	neuronal
CTAACCCTCGCCTCTA	unresolved
CTAACCCTCGTAGGAG	oligodendrocyte_OPC
CTAACCCTCTAAGAAG	unresolved
CTAACTTAGACTTCGT	unresolved
CTAACTTAGAGGGCGA	unresolved
CTAACTTAGGATTTAG	astrocyte
CTAACTTAGGCACTAG	unresolved
CTAACTTAGGGTTAAT	microglia_immune
CTAACTTAGTTGTAAG	unresolved
CTAACTTCAAGGACAC	unresolved
CTAACTTCACCCATAA	astrocyte
CTAACTTCACTGTCCT	microglia_immune
CTAACTTCAGATACTC	astrocyte
CTAACTTCAGCTATTG	neuronal
CTAACTTGTAGTCGGA	neuronal
CTAACTTGTCCACGCA	astrocyte
CTAACTTGTCCGGACT	unresolved
CTAACTTGTCGAGTTT	astrocyte
CTAACTTGTTAAACAG	oligodendrocyte_OPC
CTAACTTGTTACCGTA	unresolved
CTAACTTTCACCTTAT	vascular
CTAACTTTCTCGTTTA	astrocyte
CTAACTTTCTTGGATG	astrocyte
CTAAGTGAGCTTACGT	neuronal
CTAAGTGAGTAAAGCT	oligodendrocyte_OPC
CTAAGTGAGTGCAGCA	unresolved
CTAAGTGAGTTCCTGA	microglia_immune
CTAAGTGCAAATGCTC	unresolved
CTAAGTGCACAACGAG	oligodendrocyte_OPC
CTAAGTGCAGCACAAG	unresolved
CTAAGTGCATACAGAA	astrocyte
CTAAGTGGTCATCGCG	unresolved
CTAAGTGGTCGTTGGC	unresolved
CTAAGTGGTGAGATTA	oligodendrocyte_OPC
CTAAGTGGTGAGGCAT	unresolved
CTAAGTGGTGTTCATG	neuronal
CTAAGTGGTTCAATCG	vascular
CTAAGTGTCCATTTCA	unresolved
CTAAGTGTCCCTATTA	astrocyte
CTAAGTGTCCTACACC	astrocyte
CTAAGTGTCGATCCAA	unresolved
CTAAGTGTCTGCGTCT	astrocyte
CTACAGAAGCATTGAA	unresolved
CTACAGAAGGATGCGT	unresolved
CTACAGAAGGTAAGTT	unresolved
CTACAGAAGTCTAGCT	astrocyte
CTACAGACAACGGGTA	astrocyte
CTACAGACACTGGATT	unresolved
CTACAGACAGGTGGAT	unresolved
CTACAGACATATGGCT	neuronal
CTACAGAGTCTTACAG	astrocyte
CTACAGATCAGGTAAA	astrocyte
CTACAGATCCTTCGAC	unresolved
CTACATTAGACTCAAA	neuronal
CTACATTAGCGTGAGT	unresolved
CTACATTAGCTTGTTG	neuronal
CTACATTAGGGTTTCT	unresolved
CTACATTAGGTCATCT	unresolved
CTACATTCACACCGAC	ambiguous_or_doublet
CTACATTCACTGCGAC	astrocyte
CTACATTCAGCGGATA	oligodendrocyte_OPC
CTACATTGTATGAAGT	unresolved
CTACATTGTGTGGACA	vascular
CTACATTTCGACGCTG	microglia_immune
CTACATTTCGAGCTGC	oligodendrocyte_OPC
CTACATTTCTGGTGCG	unresolved
CTACCCAAGAGGTGCT	unresolved
CTACCCACACTCCCTA	oligodendrocyte_OPC
CTACCCACACTGTGAT	oligodendrocyte_OPC
CTACCCACATGATGCT	unresolved
CTACCCACATTCATCT	unresolved
CTACCCAGTCCCGTGA	astrocyte
CTACCCAGTCGTACTA	neuronal
CTACCCAGTGAAGCTG	unresolved
CTACCCAGTTAGAAGT	microglia_immune
CTACCCATCATGAGTC	ambiguous_or_doublet
CTACCCATCTCGGTAA	unresolved
CTACCTGAGCGTATAA	unresolved
CTACCTGAGGTAATCA	unresolved
CTACCTGAGTACAGAT	astrocyte
CTACCTGGTAAGGCTG	astrocyte
CTACCTGGTGTTCGAT	neuronal
CTACCTGGTTATCCAG	neuronal
CTACCTGTCCTCTAGC	oligodendrocyte_OPC
CTACCTGTCGTGGAAG	microglia_immune
CTACCTGTCTATCACT	astrocyte
CTACCTGTCTTACGTT	unresolved
CTACGGGAGATTTGCC	astrocyte
CTACGGGAGCACACAG	oligodendrocyte_OPC
CTACGGGAGCACCCAC	unresolved
CTACGGGAGTTCTCTT	unresolved
CTACGGGCAATAGAGT	astrocyte
CTACGGGCACAACCGC	neuronal
CTACGGGCAGAAATCA	astrocyte
CTACGGGCAGGACTAG	neuronal
CTACGGGGTGCGGTAA	unresolved
CTACGGGGTTCGTAAC	astrocyte
CTACGGGTCAACGTGT	neuronal
CTACGGGTCACCTCAC	unresolved
CTACGGGTCAGCGTCG	astrocyte
CTACGGGTCATCGCTC	oligodendrocyte_OPC
CTACGGGTCCCGAAAT	oligodendrocyte_OPC
CTACGGGTCTGTCCGT	unresolved
CTACTATAGGTTCACT	unresolved
CTACTATAGTCTGGTT	unresolved
CTACTATCAACGATTC	neuronal
CTACTATCACCGTGGT	unresolved
CTACTATGTACGAGCA	oligodendrocyte_OPC
CTACTATGTAGACGTG	unresolved
CTACTATGTAGGGTAC	oligodendrocyte_OPC
CTACTATGTATCGGTT	unresolved
CTACTATTCAACCGAT	astrocyte
CTACTATTCACTTTGT	vascular
CTACTATTCGATTCCC	ambiguous_or_doublet
CTACTATTCGCATAGT	unresolved
CTACTATTCGCCGTGA	unresolved
CTAGACAAGAAGCCAC	vascular
CTAGACAAGAGGACTC	unresolved
CTAGACAAGGGAGATA	unresolved
CTAGACAAGGTAAACT	unresolved
CTAGACAAGGTCTTTG	oligodendrocyte_OPC
CTAGACAAGTCAGCCC	microglia_immune
CTAGACACAAATCGGG	oligodendrocyte_OPC
CTAGACACAACACTAC	vascular
CTAGACACAAGGAGTC	microglia_immune
CTAGACACACGTCTCT	unresolved
CTAGACACATCCAATG	ambiguous_or_doublet
CTAGACAGTCAAGCCC	neuronal
CTAGACAGTCTGTGAT	ambiguous_or_doublet
CTAGACAGTGAGGATC	astrocyte
CTAGACAGTGCACGCT	unresolved
CTAGACAGTTGTCCCT	oligodendrocyte_OPC
CTAGACATCATTCGTT	oligodendrocyte_OPC
CTAGACATCCTTGGAA	unresolved
CTAGGTAAGAAGGATG	unresolved
CTAGGTAAGAAGGGAT	unresolved
CTAGGTAAGACATAGT	astrocyte
CTAGGTAAGATGGGCT	unresolved
CTAGGTAAGCCATCCG	unresolved
CTAGGTAAGCGCCGTT	neuronal
CTAGGTAAGTCCGCCA	neuronal
CTAGGTACAGGACTTT	unresolved
CTAGGTACATCCAACA	astrocyte
CTAGGTACATCGAAGG	neuronal
CTAGGTAGTGGCTGCT	astrocyte
CTAGGTAGTGTATACC	oligodendrocyte_OPC
CTAGGTAGTGTGCCTG	oligodendrocyte_OPC
CTAGGTAGTTAGAAGT	neuronal
CTAGGTAGTTTCCCAC	unresolved
CTAGGTATCACCACAA	oligodendrocyte_OPC
CTAGGTATCGGACTTA	astrocyte
CTAGGTATCGGTCTGG	unresolved
CTAGGTATCGTTCTAT	unresolved
CTAGGTATCTTAATCC	astrocyte
CTATAGGAGATCGCCC	ambiguous_or_doublet
CTATAGGAGATTGACA	oligodendrocyte_OPC
CTATAGGAGCATAGGC	oligodendrocyte_OPC
CTATAGGAGCGTTGTT	neuronal
CTATAGGCAAAGACTA	unresolved
CTATAGGCAAGAGCTG	astrocyte
CTATAGGCAGCGTTGC	ambiguous_or_doublet
CTATAGGCATAGGCGA	astrocyte
CTATAGGGTGCATACT	unresolved
CTATAGGGTGTATTCG	neuronal
CTATAGGTCAGAGCAG	astrocyte
CTATCCGAGCCGTCGT	unresolved
CTATCCGAGCTAAGTA	unresolved
CTATCCGAGGCGATAC	unresolved
CTATCCGAGGGAGATA	unresolved
CTATCCGAGTAGCCAG	neuronal
CTATCCGAGTGAGGCT	microglia_immune
CTATCCGCAAACGAGC	unresolved
CTATCCGCAAACTGCT	neuronal
CTATCCGCAATCGAAA	oligodendrocyte_OPC
CTATCCGCAGCGACCT	astrocyte
CTATCCGCATTGTACG	astrocyte
CTATCCGGTCGGAACA	unresolved
CTATCCGGTCTACAAC	unresolved
CTATCCGGTCTGCATA	oligodendrocyte_OPC
CTATCCGGTTCCTAAG	neuronal
CTATCCGGTTGCGGCT	ambiguous_or_doublet
CTATCCGTCCCGAGGT	astrocyte
CTATCCGTCGCCGTGA	astrocyte
CTATCCGTCGCGCCAA	neuronal
CTATCCGTCGCTTTAT	unresolved
CTATCCGTCGGCTCTT	oligodendrocyte_OPC
CTATCCGTCGGTCTAA	unresolved
CTATCTAAGAGACAAG	unresolved
CTATCTAAGCACCCAC	oligodendrocyte_OPC
CTATCTAAGGGCCAAT	astrocyte
CTATCTAAGTCATCCA	astrocyte
CTATCTAAGTTGCGAG	neuronal
CTATCTAAGTTTCTTC	oligodendrocyte_OPC
CTATCTACATCCTTGC	vascular
CTATCTAGTACTGCGC	unresolved
CTATCTAGTTCTCAGA	unresolved
CTCAACCAGCCTGCCA	oligodendrocyte_OPC
CTCAACCAGCGTTCCG	oligodendrocyte_OPC
CTCAACCAGGAACGCT	neuronal
CTCAACCAGGCGTTAG	oligodendrocyte_OPC
CTCAACCAGGTAAGAG	unresolved
CTCAACCAGTGAGGTC	astrocyte
CTCAACCAGTTGCTCA	oligodendrocyte_OPC
CTCAACCCAATGTCAC	neuronal
CTCAACCGTACGTGTT	unresolved
CTCAACCGTACTTCCC	unresolved
CTCAACCGTAGGAGTC	unresolved
CTCAACCGTCATGGCC	astrocyte
CTCAACCGTCTACGAT	astrocyte
CTCAACCGTTACCTTT	oligodendrocyte_OPC
CTCAACCGTTAGGCCC	unresolved
CTCAACCGTTCAGGTT	astrocyte
CTCAACCGTTCCAGGC	unresolved
CTCAACCGTTTCTTAC	neuronal
CTCAACCTCACGTCCT	unresolved
CTCAACCTCATTTGGG	oligodendrocyte_OPC
CTCAACCTCCCTCTCC	microglia_immune
CTCAACCTCCTCACTG	astrocyte
CTCAACCTCGTCCATC	neuronal
CTCAACCTCTCGCCTA	microglia_immune
CTCAACCTCTCGGCTT	unresolved
CTCAAGAAGAAATTGC	oligodendrocyte_OPC
CTCAAGAAGTTGCGCC	astrocyte
CTCAAGACAACTTGGT	astrocyte
CTCAAGACACCAGACC	unresolved
CTCAAGACAGGACTTT	vascular
CTCAAGACATGGAATA	microglia_immune
CTCAAGATCTTAGCCC	unresolved
CTCAATTAGATAACAC	unresolved
CTCAATTAGCCGATCC	microglia_immune
CTCAATTAGCGTTGTT	unresolved
CTCAATTAGGACTGGT	unresolved
CTCAATTCAACCTATG	unresolved
CTCAATTGTAAGTAGT	astrocyte
CTCAATTGTATCTCTT	neuronal
CTCAATTGTGGCCCAT	unresolved
CTCAATTTCCGTTGGG	neuronal
CTCACTGAGAATTTGG	unresolved
CTCACTGAGGGCTAAC	unresolved
CTCACTGCAAATGAGT	neuronal
CTCACTGCACATGAAA	unresolved
CTCACTGCACCGTCGA	microglia_immune
CTCACTGCACGATTCA	vascular
CTCACTGCAGGATGAC	astrocyte
CTCACTGGTAGCTTGT	astrocyte
CTCACTGGTATAGCTC	unresolved
CTCACTGGTCGATTTG	unresolved
CTCACTGGTCGCACAC	neuronal
CTCACTGTCAAGCGTT	unresolved
CTCACTGTCACTCACC	astrocyte
CTCACTGTCCATACTT	unresolved
CTCACTGTCGGTTAGT	neuronal
CTCACTGTCTGTCGCT	neuronal
CTCACTGTCTTCTCAA	neuronal
CTCAGAAAGGATCATA	unresolved
CTCAGAAAGTAAACTG	unresolved
CTCAGAAAGTCAGCCC	oligodendrocyte_OPC
CTCAGAACAAACTGCT	oligodendrocyte_OPC
CTCAGAACACATGTTG	astrocyte
CTCAGAACAGCCGGTT	microglia_immune
CTCAGAACATATAGCC	astrocyte
CTCAGAAGTCACGTGC	neuronal
CTCAGAAGTCATAACC	oligodendrocyte_OPC
CTCAGAAGTGGTTTGT	unresolved
CTCAGAATCGTAGGGA	unresolved
CTCAGAATCTGGAGAG	unresolved
CTCAGGGAGAATTGCA	unresolved
CTCAGGGAGACTTAAG	unresolved
CTCAGGGAGTTGTACC	astrocyte
CTCAGGGCAAAGCTCT	oligodendrocyte_OPC
CTCAGGGCAACGCATT	unresolved
CTCAGGGCAACTGATC	vascular
CTCAGGGCACAGTCGC	astrocyte
CTCAGGGCACATAGCT	unresolved
CTCAGGGCAGAGCGTA	unresolved
CTCAGGGGTAACGTTC	neuronal
CTCAGGGGTAGATTGA	neuronal
CTCAGGGGTTACGATC	oligodendrocyte_OPC
CTCAGGGTCTGAGCAT	neuronal
CTCAGTCAGCACACCC	astrocyte
CTCAGTCAGCACTGGA	neuronal
CTCAGTCAGCCATATC	neuronal
CTCAGTCAGCCATCCG	astrocyte
CTCAGTCAGCTCGTGC	oligodendrocyte_OPC
CTCAGTCAGTGTACCT	unresolved
CTCAGTCAGTGTTCAC	astrocyte
CTCAGTCCAATCAAGA	neuronal
CTCAGTCCACATATCG	microglia_immune
CTCAGTCGTACCTAAC	unresolved
CTCAGTCGTACTCGAT	ambiguous_or_doublet
CTCAGTCGTAGGTCAG	ambiguous_or_doublet
CTCAGTCGTGAAAGTT	unresolved
CTCAGTCGTGGAAATT	astrocyte
CTCAGTCTCAGACAAA	unresolved
CTCAGTCTCAGTCCGG	vascular
CTCAGTCTCATGCGGC	oligodendrocyte_OPC
CTCAGTCTCCTGTAGA	oligodendrocyte_OPC
CTCATCGAGAACGCGT	vascular
CTCATCGCAAAGGGTC	astrocyte
CTCATCGCACAAACGG	astrocyte
CTCATCGCACCCAACG	unresolved
CTCATCGCACTCAGAT	unresolved
CTCATCGCATCGATGT	neuronal
CTCATCGGTACTGGGA	unresolved
CTCATCGGTCTCTCCA	unresolved
CTCATCGGTGGGTCAA	unresolved
CTCATCGTCCTATTGT	neuronal
CTCATCGTCTACTCAT	astrocyte
CTCATGCAGAAACTCA	oligodendrocyte_OPC
CTCATGCAGATTGAGT	unresolved
CTCATGCAGCTTCATG	unresolved
CTCATGCCAAATCAAG	oligodendrocyte_OPC
CTCATGCCAACTGGTT	astrocyte
CTCATGCCACCACTGG	neuronal
CTCATGCCACCCTGAG	neuronal
CTCATGCCAGAGTGTG	unresolved
CTCATGCCAGGCTTGC	astrocyte
CTCATGCCATGTACGT	oligodendrocyte_OPC
CTCATGCGTACAAGCG	unresolved
CTCATGCGTAGGCTCC	unresolved
CTCATGCGTGATACCT	neuronal
CTCATGCTCATGCTAG	neuronal
CTCATGCTCCGCGAGT	unresolved
CTCATGCTCTCGCAGG	vascular
CTCATGCTCTTACCAT	oligodendrocyte_OPC
CTCATTAAGACTTCAC	unresolved
CTCATTAAGCACTAAA	neuronal
CTCATTAAGCATGCGA	oligodendrocyte_OPC
CTCATTAAGCTCAGAG	unresolved
CTCATTAAGGATGCGT	unresolved
CTCATTAAGGCATGGT	astrocyte
CTCATTAAGGCCACCT	neuronal
CTCATTACAACTTCTT	astrocyte
CTCATTACAAGGTCGA	unresolved
CTCATTACACTTCAGA	unresolved
CTCATTACATAGTCAC	ambiguous_or_doublet
CTCATTACATCACCAA	microglia_immune
CTCATTAGTGCCGTTG	astrocyte
CTCATTATCAAACGAA	unresolved
CTCATTATCCACGAAT	neuronal
CTCATTATCCCTTTGG	astrocyte
CTCATTATCCGCGGAT	oligodendrocyte_OPC
CTCATTATCGACCCAG	unresolved
CTCCAACAGACGAAGA	astrocyte
CTCCAACAGGCCCACT	unresolved
CTCCAACAGGTGCCTC	unresolved
CTCCAACCACAACATC	neuronal
CTCCAACCACCTATCC	astrocyte
CTCCAACCACGTACTA	oligodendrocyte_OPC
CTCCAACCAGACCGCT	astrocyte
CTCCAACCAGTGTACT	oligodendrocyte_OPC
CTCCAACCAGTTGTCA	unresolved
CTCCAACGTATGAAGT	neuronal
CTCCAACGTGCCCTTT	unresolved
CTCCAACGTTTACGTG	oligodendrocyte_OPC
CTCCAACTCAGCGTCG	neuronal
CTCCAACTCATTCCTA	astrocyte
CTCCAACTCATTTGTC	unresolved
CTCCAACTCGGCCTTT	unresolved
CTCCAACTCTCTGCCA	neuronal
CTCCAACTCTGTCAGA	oligodendrocyte_OPC
CTCCACAAGCCTGTCG	unresolved
CTCCACAAGGCTAAAT	neuronal
CTCCACACAAATCGTC	unresolved
CTCCACACAATACCTG	astrocyte
CTCCACACACTCGATA	neuronal
CTCCACACACTGGATT	neuronal
CTCCACACAGTAACAA	oligodendrocyte_OPC
CTCCACACATCCTTCG	unresolved
CTCCACAGTAGCTTAC	oligodendrocyte_OPC
CTCCACAGTATGGGAC	oligodendrocyte_OPC
CTCCACAGTTCTTAGG	vascular
CTCCACAGTTGAATCC	neuronal
CTCCACATCACCTCTG	microglia_immune
CTCCACATCCAAGCCG	microglia_immune
CTCCACATCGCCTTGT	astrocyte
CTCCACATCTGAATCG	unresolved
CTCCATGAGCCGTTGC	unresolved
CTCCATGAGTTTGAGA	neuronal
CTCCATGCAACACAGG	astrocyte
CTCCATGCAGAGTGTG	unresolved
CTCCATGGTAAGTCAA	neuronal
CTCCATGGTACTCAAC	neuronal
CTCCATGGTAGCCAGA	microglia_immune
CTCCATGGTCATCAGT	unresolved
CTCCATGGTCCGACGT	oligodendrocyte_OPC
CTCCATGTCACCATCC	oligodendrocyte_OPC
CTCCATGTCCATCCGT	oligodendrocyte_OPC
CTCCATGTCGGAAACG	astrocyte
CTCCATGTCTCTTAAC	unresolved
CTCCCAAAGACAAGCC	unresolved
CTCCCAAAGATGCAGC	unresolved
CTCCCAAAGCTCCCTT	astrocyte
CTCCCAAAGTGCCCGT	unresolved
CTCCCAAAGTTAACAG	unresolved
CTCCCAAAGTTACTCG	astrocyte
CTCCCAACAACTTGGT	oligodendrocyte_OPC
CTCCCAACATAATCCG	neuronal
CTCCCAACATACAGAA	neuronal
CTCCCAAGTATCTTCT	unresolved
CTCCCAAGTCTAGTGT	unresolved
CTCCCAAGTGGAATGC	astrocyte
CTCCCAAGTGTCATCA	oligodendrocyte_OPC
CTCCCAAGTTGTGCCG	unresolved
CTCCCAATCAGTCCGG	microglia_immune
CTCCCAATCATGTCAG	unresolved
CTCCCAATCCATTGTT	oligodendrocyte_OPC
CTCCCAATCCTCTAGC	unresolved
CTCCCAATCTATACGG	vascular
CTCCCAATCTCTCTAA	astrocyte
CTCCCTCAGGGAGGCA	neuronal
CTCCCTCCACCACATA	neuronal
CTCCCTCCACTTGTCC	neuronal
CTCCCTCCAGCCGTCA	vascular
CTCCCTCCATCCGTGG	neuronal
CTCCCTCGTAAGATTG	unresolved
CTCCCTCGTACTCCGG	neuronal
CTCCCTCGTATAGCTC	neuronal
CTCCCTCGTCCTGTTC	neuronal
CTCCCTCGTCTCTCTG	vascular
CTCCCTCGTGCAGATG	oligodendrocyte_OPC
CTCCCTCGTGGTCCCA	neuronal
CTCCCTCGTGTGTCGC	astrocyte
CTCCCTCGTGTTGAGG	unresolved
CTCCCTCGTTCGGCCA	neuronal
CTCCCTCTCAAATGAG	neuronal
CTCCCTCTCCGCGATG	unresolved
CTCCCTCTCGCTTTAT	astrocyte
CTCCCTCTCGTAACCA	astrocyte
CTCCCTCTCTCGGTCT	neuronal
CTCCCTCTCTCTTCAA	astrocyte
CTCCGATAGAGGACTC	oligodendrocyte_OPC
CTCCGATAGCCGATCC	vascular
CTCCGATAGCCTTTGA	neuronal
CTCCGATAGGACAAGA	neuronal
CTCCGATAGTCTACCA	astrocyte
CTCCGATAGTCTTGGT	unresolved
CTCCGATCAGAGATTA	oligodendrocyte_OPC
CTCCGATCAGCAGAAC	astrocyte
CTCCGATCAGTAGTGG	unresolved
CTCCGATCAGTATACC	unresolved
CTCCGATCAGTTGCGC	microglia_immune
CTCCGATCATCAGCGC	unresolved
CTCCGATGTAGATCGG	neuronal
CTCCGATGTGGAATGC	ambiguous_or_doublet
CTCCGATTCAAGCCTA	astrocyte
CTCCGATTCACAGTGT	oligodendrocyte_OPC
CTCCGATTCGGAACTT	neuronal
CTCCGATTCGGTCTAA	unresolved
CTCCGATTCGTGGGTC	neuronal
CTCCGATTCTAAGGAA	astrocyte
CTCCGATTCTAGACAC	neuronal
CTCCTCCAGACAGTCG	oligodendrocyte_OPC
CTCCTCCAGAGCCCAA	unresolved
CTCCTCCAGTAGTCCT	unresolved
CTCCTCCAGTTCCTGA	astrocyte
CTCCTCCCAAGCCTGC	unresolved
CTCCTCCCACGGGCTT	oligodendrocyte_OPC
CTCCTCCCACGTAACT	oligodendrocyte_OPC
CTCCTCCCAGATAAAC	oligodendrocyte_OPC
CTCCTCCCAGCACAAG	astrocyte
CTCCTCCCATTGAAGA	unresolved
CTCCTCCGTAGGAAAG	unresolved
CTCCTCCGTGTAGTGG	neuronal
CTCCTCCGTTATAGCC	astrocyte
CTCCTTTAGACAACAT	oligodendrocyte_OPC
CTCCTTTAGCCTTTGA	vascular
CTCCTTTAGCGATCGA	neuronal
CTCCTTTAGGGTAGCT	unresolved
CTCCTTTCAAAGAGTT	oligodendrocyte_OPC
CTCCTTTCAAATGGTA	oligodendrocyte_OPC
CTCCTTTCAAGCAGGT	oligodendrocyte_OPC
CTCCTTTCAATAGGAT	unresolved
CTCCTTTCACCCTCTA	neuronal
CTCCTTTCACGGTAGA	unresolved
CTCCTTTCAGCCGTCA	unresolved
CTCCTTTCAGGTTCAT	microglia_immune
CTCCTTTCATCACGGC	astrocyte
CTCCTTTTCAAGAGTA	neuronal
CTCCTTTTCAGTGCGC	oligodendrocyte_OPC
CTCCTTTTCCGATGTA	unresolved
CTCGAGGAGACGATAT	neuronal
CTCGAGGAGAGAGAAC	oligodendrocyte_OPC
CTCGAGGAGATGGTCG	oligodendrocyte_OPC
CTCGAGGAGTATTAGG	unresolved
CTCGAGGCAAAGCGTG	oligodendrocyte_OPC
CTCGAGGCAATGTCTG	astrocyte
CTCGAGGCATGCCGGT	unresolved
CTCGAGGGTAAGAACT	microglia_immune
CTCGAGGGTATAGGGC	astrocyte
CTCGAGGGTGAGACCA	unresolved
CTCGAGGGTGGAACCA	oligodendrocyte_OPC
CTCGAGGGTGTAGTGG	microglia_immune
CTCGAGGGTTGCTTGA	unresolved
CTCGAGGTCCACGGGT	unresolved
CTCGAGGTCCTCGCAT	neuronal
CTCGAGGTCTAGTGAC	unresolved
CTCGAGGTCTCGTCAC	oligodendrocyte_OPC
CTCGAGGTCTGTCTCG	vascular
CTCTCAGAGATGGCGT	unresolved
CTCTCAGAGTCTTGGT	astrocyte
CTCTCAGCACAAGGTG	neuronal
CTCTCAGCACCAAATC	neuronal
CTCTCAGCAGCATCTA	unresolved
CTCTCAGCATGTCGTA	oligodendrocyte_OPC
CTCTCAGCATGTGCCG	oligodendrocyte_OPC
CTCTCAGGTACTAGCT	oligodendrocyte_OPC
CTCTCAGGTATTCTCT	unresolved
CTCTCAGGTCGTCGGT	unresolved
CTCTCAGGTTCTCTAT	unresolved
CTCTCAGGTTGTGGAG	neuronal
CTCTCAGTCAACGAGG	neuronal
CTCTCAGTCCTCAGAA	neuronal
CTCTCAGTCTGCGGCA	unresolved
CTCTCAGTCTGGCTGG	neuronal
CTCTCAGTCTTAGTTC	unresolved
CTCTCGAAGCAATTAG	neuronal
CTCTCGAAGCACCGTC	neuronal
CTCTCGAAGCGCTTCG	neuronal
CTCTCGAAGTACCCTA	unresolved
CTCTCGAAGTCCCAGC	neuronal
CTCTCGACACAGTGTT	unresolved
CTCTCGACACTGTCCT	oligodendrocyte_OPC
CTCTCGACACTTGAAC	neuronal
CTCTCGACAGACATCT	neuronal
CTCTCGACAGAGTCAG	neuronal
CTCTCGACAGCAGTAG	unresolved
CTCTCGACATACACCA	unresolved
CTCTCGACATCGGAGA	astrocyte
CTCTCGACATTGAAAG	neuronal
CTCTCGAGTATGGTAA	unresolved
CTCTCGAGTATTGCCA	oligodendrocyte_OPC
CTCTCGAGTCCGGTGT	oligodendrocyte_OPC
CTCTCGAGTCGCGTTG	astrocyte
CTCTCGAGTCGGAACA	oligodendrocyte_OPC
CTCTCGAGTGTGAGCA	astrocyte
CTCTCGAGTTAGAAGT	neuronal
CTCTCGAGTTCAGCTA	unresolved
CTCTCGAGTTCCAAAC	neuronal
CTCTCGAGTTCCTACC	oligodendrocyte_OPC
CTCTCGATCAGTCATG	microglia_immune
CTCTCGATCCGGACGT	vascular
CTCTCGATCTATTGTC	neuronal
CTCTCGATCTCTCAAT	oligodendrocyte_OPC
CTCTCGATCTTTGATC	astrocyte
CTCTGGTAGACCAACG	unresolved
CTCTGGTAGACCCGCT	vascular
CTCTGGTAGCTAAACA	astrocyte
CTCTGGTAGTCATAGA	ambiguous_or_doublet
CTCTGGTCAGTGGGTA	unresolved
CTCTGGTGTAGACGTG	astrocyte
CTCTGGTGTAGTGCGA	unresolved
CTCTGGTGTATGAAGT	microglia_immune
CTCTGGTGTCAAACGG	oligodendrocyte_OPC
CTCTGGTGTCTACGTA	unresolved
CTCTGGTGTGATCATC	neuronal
CTCTGGTGTTACACTG	vascular
CTCTGGTTCGCTCTAC	unresolved
CTCTGGTTCTATGTGG	astrocyte
CTCTGGTTCTGCGTCT	neuronal
CTCTGGTTCTGTCCCA	astrocyte
CTGAATGAGCAGTAAT	oligodendrocyte_OPC
CTGAATGAGTGGCGAT	astrocyte
CTGAATGAGTTTGGCT	unresolved
CTGAATGCAAGATCCT	neuronal
CTGAATGCAATCAAGA	oligodendrocyte_OPC
CTGAATGCACGCTGTG	astrocyte
CTGAATGCACGGTGTC	unresolved
CTGAATGCACGTCATA	unresolved
CTGAATGCAGACTGCC	neuronal
CTGAATGCAGATCCAT	unresolved
CTGAATGCAGGACATG	unresolved
CTGAATGCAGTCGAGA	unresolved
CTGAATGCAGTCTCTC	neuronal
CTGAATGGTCATCCCT	unresolved
CTGAATGGTCGGTACC	unresolved
CTGAATGGTGTTCATG	unresolved
CTGAATGGTTACTCAG	neuronal
CTGAATGGTTCTCCCA	astrocyte
CTGAATGTCAGGAACG	unresolved
CTGAATGTCATCTCTA	vascular
CTGAATGTCTGAGCAT	neuronal
CTGAGCGAGAGCCTGA	vascular
CTGAGCGAGCAGTAAT	unresolved
CTGAGCGAGTCCGCGT	unresolved
CTGAGCGAGTGGGAAA	unresolved
CTGAGCGCAAATCAAG	astrocyte
CTGAGCGCACAGCTGC	vascular
CTGAGCGCACCAATTG	unresolved
CTGAGCGCACGATTCA	astrocyte
CTGAGCGCAGAGTGAC	neuronal
CTGAGCGGTACAGAGC	unresolved
CTGAGCGGTATCAGCT	unresolved
CTGAGCGGTCCGCAGT	unresolved
CTGAGCGGTCTAACTG	unresolved
CTGAGCGGTTAACCTG	vascular
CTGAGCGTCTAGCAAC	unresolved
CTGAGGCAGTCACAGG	neuronal
CTGAGGCCAAACGAGC	astrocyte
CTGAGGCCATTAAAGG	oligodendrocyte_OPC
CTGAGGCGTGGATGAC	astrocyte
CTGAGGCGTGTCTCCT	unresolved
CTGAGGCTCAACACCA	oligodendrocyte_OPC
CTGAGGCTCATTGCTT	oligodendrocyte_OPC
CTGAGGCTCGAACTCA	unresolved
CTGAGGCTCGCCAGAC	neuronal
CTGATCCAGCCTGTGC	oligodendrocyte_OPC
CTGATCCAGTCTTCCC	astrocyte
CTGATCCCAGCTCCTT	neuronal
CTGATCCGTATGACAA	microglia_immune
CTGATCCGTCCACTCT	astrocyte
CTGATCCGTGGCTGAA	astrocyte
CTGATCCGTGTTCATG	oligodendrocyte_OPC
CTGATCCGTTATGTCG	oligodendrocyte_OPC
CTGATCCTCAACCTTT	astrocyte
CTGATCCTCCAAGCAT	unresolved
CTGATCCTCGCCGAGT	oligodendrocyte_OPC
CTGATCCTCGCTTGAA	unresolved
CTGATCCTCTGAATGC	neuronal
CTGCAGGAGAAACCAT	astrocyte
CTGCAGGAGATGGGCT	oligodendrocyte_OPC
CTGCAGGAGCCACTCG	unresolved
CTGCAGGAGGAACTCG	unresolved
CTGCAGGAGTAGACCG	astrocyte
CTGCAGGAGTCTAGAA	unresolved
CTGCAGGCAATTTCGG	unresolved
CTGCAGGCACCTGAAT	unresolved
CTGCAGGCAGCCGGTT	unresolved
CTGCAGGCATGATGCT	unresolved
CTGCAGGCATTAAGCC	astrocyte
CTGCAGGGTACTCGTA	neuronal
CTGCAGGGTATCGCGC	astrocyte
CTGCAGGGTCCAGCAC	unresolved
CTGCAGGGTTCTCACC	unresolved
CTGCAGGTCATTTCGT	unresolved
CTGCAGGTCGGTGAAG	oligodendrocyte_OPC
CTGCATCAGATCGCTT	neuronal
CTGCATCAGATTAGAC	oligodendrocyte_OPC
CTGCATCAGCAGGTCA	oligodendrocyte_OPC
CTGCATCCAACGACTT	unresolved
CTGCATCCAAGTGATA	unresolved
CTGCATCCAATTGCTG	oligodendrocyte_OPC
CTGCATCCATCGGAGA	oligodendrocyte_OPC
CTGCATCGTGAGTTTC	astrocyte
CTGCATCTCAAACTGC	oligodendrocyte_OPC
CTGCATCTCGCCGTGA	unresolved
CTGCATCTCTATCGCC	neuronal
CTGCATCTCTCAGTCC	neuronal
CTGCCATAGACATATG	oligodendrocyte_OPC
CTGCCATAGGCGTTAG	neuronal
CTGCCATAGGGTCACA	neuronal
CTGCCATAGTAGGGTC	neuronal
CTGCCATAGTAGGTTA	astrocyte
CTGCCATCACATGACT	unresolved
CTGCCATCACTTGTCC	unresolved
CTGCCATCATTGGATC	unresolved
CTGCCATGTACCCGCA	unresolved
CTGCCATGTAGCGTAG	neuronal
CTGCCATGTCGTGATT	unresolved
CTGCCATGTCTTTATC	neuronal
CTGCCATGTGACGCCT	neuronal
CTGCCATGTTATGTCG	neuronal
CTGCCATTCAATCAGC	vascular
CTGCCATTCACCTGGG	astrocyte
CTGCCATTCAGTCTTT	unresolved
CTGCCATTCCCGTTCA	neuronal
CTGCCATTCGAACTCA	unresolved
CTGCCATTCTTGCGCT	unresolved
CTGCCTAAGGATCACG	astrocyte
CTGCCTACAACCGGAA	unresolved
CTGCCTACAAGAGGTC	oligodendrocyte_OPC
CTGCCTAGTATCGAAA	microglia_immune
CTGCCTAGTATGAAAC	astrocyte
CTGCCTAGTCACTCAA	unresolved
CTGCCTAGTCCCTCAT	neuronal
CTGCCTAGTGTTTGCA	oligodendrocyte_OPC
CTGCCTAGTTCAGGTT	neuronal
CTGCCTATCCCTCTAG	oligodendrocyte_OPC
CTGCCTATCCGCGAGT	oligodendrocyte_OPC
CTGCCTATCGGTAACT	unresolved
CTGCCTATCGTACCTC	astrocyte
CTGCCTATCTCCTGTG	oligodendrocyte_OPC
CTGCCTATCTGAATGC	unresolved
CTGCGAGAGAGGGCGA	neuronal
CTGCGAGAGGCAGTCA	unresolved
CTGCGAGAGGCATCTT	unresolved
CTGCGAGAGGGAGTGG	oligodendrocyte_OPC
CTGCGAGAGGTGTGAC	unresolved
CTGCGAGCACCCTTGT	oligodendrocyte_OPC
CTGCGAGCAGACGGAT	astrocyte
CTGCGAGCAGTCGCTG	oligodendrocyte_OPC
CTGCGAGCATAATCGC	oligodendrocyte_OPC
CTGCGAGCATGAATAG	unresolved
CTGCGAGGTACTGCCG	neuronal
CTGCGAGGTAGTCGGA	microglia_immune
CTGCGAGGTCAAAGAT	oligodendrocyte_OPC
CTGCGAGGTCTACACA	unresolved
CTGCGAGGTTGTACGT	unresolved
CTGCGAGTCAAATGCC	neuronal
CTGCGAGTCACAAGAA	astrocyte
CTGCGAGTCCTTGACC	oligodendrocyte_OPC
CTGCGAGTCTGTCGTC	unresolved
CTGCGAGTCTTCGCTG	unresolved
CTGCTCAAGCTTCTAG	unresolved
CTGCTCAAGTCACGCC	oligodendrocyte_OPC
CTGCTCACACCCAATA	oligodendrocyte_OPC
CTGCTCACACCCTCTA	oligodendrocyte_OPC
CTGCTCACACGCAAAG	unresolved
CTGCTCACACTCCGGA	neuronal
CTGCTCACAGCAGACA	unresolved
CTGCTCAGTACAATAG	unresolved
CTGCTCATCAGAATAG	oligodendrocyte_OPC
CTGCTCATCCACTTTA	astrocyte
CTGCTCATCCCTCTCC	oligodendrocyte_OPC
CTGCTCATCGCCGAGT	astrocyte
CTGGACGAGATGAAGG	unresolved
CTGGACGAGTCTGCGC	neuronal
CTGGACGCAGAAATTG	neuronal
CTGGACGCATTGCCGG	microglia_immune
CTGGACGGTATGCTAC	oligodendrocyte_OPC
CTGGACGGTATTCCGA	neuronal
CTGGACGGTCCAGTTA	oligodendrocyte_OPC
CTGGACGGTCGCTCGA	oligodendrocyte_OPC
CTGGACGGTTCCTAAG	neuronal
CTGGACGGTTGAGAGC	unresolved
CTGGACGGTTTCGTGA	oligodendrocyte_OPC
CTGGACGTCACTCTTA	oligodendrocyte_OPC
CTGGACGTCCTTCTGG	oligodendrocyte_OPC
CTGGACGTCGCTGCGA	ambiguous_or_doublet
CTGGACGTCTTTCGAT	neuronal
CTGGCAGAGAATCGTA	neuronal
CTGGCAGAGAGGGTCT	astrocyte
CTGGCAGAGATGGCAC	oligodendrocyte_OPC
CTGGCAGAGCATCGAG	neuronal
CTGGCAGCACATGAAA	oligodendrocyte_OPC
CTGGCAGCACCTCTAC	unresolved
CTGGCAGCACGGGTAA	oligodendrocyte_OPC
CTGGCAGCAGAGGAAA	unresolved
CTGGCAGCAGGACGAT	oligodendrocyte_OPC
CTGGCAGCATATGGCT	unresolved
CTGGCAGCATGCAGCC	astrocyte
CTGGCAGCATTCTCCG	astrocyte
CTGGCAGGTGCACGCT	astrocyte
CTGGCAGTCGGAGTGA	unresolved
CTGGCAGTCTATTTCG	oligodendrocyte_OPC
CTGGCAGTCTTGGGCG	neuronal
CTGGCAGTCTTTGATC	astrocyte
CTGGTCTAGACGGATC	oligodendrocyte_OPC
CTGGTCTAGCTCCATA	astrocyte
CTGGTCTAGCTTCATG	astrocyte
CTGGTCTAGCTTGTTG	unresolved
CTGGTCTAGGAGGCAG	unresolved
CTGGTCTAGTAGCATA	microglia_immune
CTGGTCTCAAGCTGCC	unresolved
CTGGTCTCAAGTGATA	unresolved
CTGGTCTCAGGGCTTC	unresolved
CTGGTCTGTCATGGCC	neuronal
CTGGTCTGTCTCGACG	unresolved
CTGGTCTGTGACGTCC	oligodendrocyte_OPC
CTGGTCTGTGAGATAT	astrocyte
CTGGTCTGTTGCATGT	neuronal
CTGGTCTTCCATCTCG	unresolved
CTGGTCTTCCCGTGTT	oligodendrocyte_OPC
CTGGTCTTCGATACAC	unresolved
CTGGTCTTCGTAATGC	oligodendrocyte_OPC
CTGGTCTTCTATGTGG	neuronal
CTGGTCTTCTATTCGT	microglia_immune
CTGTACCAGAGCAGTC	oligodendrocyte_OPC
CTGTACCAGTACAACA	oligodendrocyte_OPC
CTGTACCAGTGGTCAG	oligodendrocyte_OPC
CTGTACCCAAGACGAC	neuronal
CTGTACCCATGACACT	unresolved
CTGTACCCATGGAACG	neuronal
CTGTACCCATGTTTGG	microglia_immune
CTGTACCGTCACTCTC	oligodendrocyte_OPC
CTGTACCGTGTCTTAG	unresolved
CTGTACCGTTGCTCAA	oligodendrocyte_OPC
CTGTACCGTTTGCAGT	neuronal
CTGTACCTCATCAGTG	oligodendrocyte_OPC
CTGTACCTCGCTGTCT	unresolved
CTGTACCTCGTTAGTG	unresolved
CTGTAGAAGGTAAGAG	unresolved
CTGTAGACAAACTGCT	astrocyte
CTGTAGACAACCAATC	unresolved
CTGTAGACACAATCTG	oligodendrocyte_OPC
CTGTAGACACCGTCGA	microglia_immune
CTGTAGACACCTCAGG	astrocyte
CTGTAGAGTATTCCTT	neuronal
CTGTAGAGTGAGCAGT	unresolved
CTGTAGAGTTACCCAA	oligodendrocyte_OPC
CTGTAGAGTTACCTGA	unresolved
CTGTAGATCCGTGTCT	oligodendrocyte_OPC
CTGTAGATCGAATGCT	oligodendrocyte_OPC
CTGTAGATCTATCCAT	neuronal
CTGTATTAGAGTCGAC	astrocyte
CTGTATTAGGCGATAC	unresolved
CTGTATTCAAAGCTAA	unresolved
CTGTATTCAACGATTC	unresolved
CTGTATTCACAAATAG	neuronal
CTGTATTCACGGTCTG	vascular
CTGTATTCACTGTCGG	oligodendrocyte_OPC
CTGTATTGTCTCGCGA	unresolved
CTGTATTGTGGGCTCT	neuronal
CTGTATTGTGTACGCC	oligodendrocyte_OPC
CTGTATTTCAAGTCGT	unresolved
CTGTATTTCACCGACG	oligodendrocyte_OPC
CTGTATTTCCTCTCGA	oligodendrocyte_OPC
CTGTATTTCGACATCA	vascular
CTGTATTTCTAACACG	oligodendrocyte_OPC
CTGTATTTCTGGGAGA	oligodendrocyte_OPC
CTGTATTTCTGGTTGA	microglia_immune
CTGTCGTAGGAATCGC	neuronal
CTGTCGTAGGGATCGT	astrocyte
CTGTCGTCACAAGCAG	unresolved
CTGTCGTGTCAACATC	neuronal
CTGTCGTGTTGCCATA	unresolved
CTGTCGTTCGGCATCG	unresolved
CTGTCGTTCTCACGAA	unresolved
CTGTCGTTCTGGACCG	neuronal
CTGTGAAAGACGTCCC	microglia_immune
CTGTGAAAGCACTCGC	astrocyte
CTGTGAAAGCTGGTGA	astrocyte
CTGTGAACAATCTAGC	unresolved
CTGTGAACACAGGATG	astrocyte
CTGTGAACACGATAGG	astrocyte
CTGTGAACAGAGAGGG	oligodendrocyte_OPC
CTGTGAACATTGAGGG	unresolved
CTGTGAAGTAGACAGC	astrocyte
CTGTGAAGTGCGAACA	astrocyte
CTGTGAATCATTCGTT	microglia_immune
CTGTGAATCGTCCATC	neuronal
CTGTGGGAGTCGAGGT	astrocyte
CTGTGGGAGTCTCGTA	unresolved
CTGTGGGAGTGCGTCC	unresolved
CTGTGGGCAAACGTGG	oligodendrocyte_OPC
CTGTGGGGTCTGATCA	unresolved
CTGTGGGGTCTTCAAG	unresolved
CTGTGGGGTGTTGACT	unresolved
CTGTGGGTCAAGAGTA	unresolved
CTGTGGGTCGTGTCAA	unresolved
CTTACCGAGCTCGACC	unresolved
CTTACCGAGTGCACAG	unresolved
CTTACCGCAAATGGTA	astrocyte
CTTACCGCACCAGACC	neuronal
CTTACCGCATCACAGT	neuronal
CTTACCGCATCCTCAC	neuronal
CTTACCGGTAACTTCG	oligodendrocyte_OPC
CTTACCGGTCAGTCGC	astrocyte
CTTACCGGTCCTCAGG	neuronal
CTTACCGGTGAAGCTG	oligodendrocyte_OPC
CTTACCGTCATCGGGC	astrocyte
CTTACCGTCTGAATGC	oligodendrocyte_OPC
CTTAGGAAGATGCGAC	unresolved
CTTAGGAAGTAGTCCT	oligodendrocyte_OPC
CTTAGGAAGTGCAGGT	neuronal
CTTAGGACACCACTGG	unresolved
CTTAGGACACGATTCA	unresolved
CTTAGGACACGCGTCA	ambiguous_or_doublet
CTTAGGACAGGAATAT	neuronal
CTTAGGACATAATCCG	unresolved
CTTAGGACATTCCTCG	neuronal
CTTAGGAGTAAGTAGT	microglia_immune
CTTAGGAGTCAGACGA	oligodendrocyte_OPC
CTTAGGAGTCAGACTT	astrocyte
CTTAGGAGTCCATAGT	unresolved
CTTAGGAGTGAACGGT	neuronal
CTTAGGAGTGACACGA	astrocyte
CTTAGGAGTGGTCCGT	neuronal
CTTAGGATCGCCAGAC	unresolved
CTTAGGATCTCCACTG	oligodendrocyte_OPC
CTTCAATAGCAGCGAT	neuronal
CTTCAATAGCCGCACT	vascular
CTTCAATAGGTAGATT	unresolved
CTTCAATAGTCTAGAA	neuronal
CTTCAATAGTGATTCC	unresolved
CTTCAATCAATCTGCA	unresolved
CTTCAATCAATGAACA	astrocyte
CTTCAATCAGGCACTC	astrocyte
CTTCAATCATCATCTT	unresolved
CTTCAATGTATCACGT	oligodendrocyte_OPC
CTTCAATGTCAGCGTC	unresolved
CTTCAATGTCCCACGA	unresolved
CTTCAATGTTATTCCT	neuronal
CTTCAATGTTGCGTAT	unresolved
CTTCAATGTTGGACTT	unresolved
CTTCAATTCGGAATTC	unresolved
CTTCAATTCTCTAAGG	unresolved
CTTCAATTCTGGACTA	oligodendrocyte_OPC
CTTCCGAAGCCTCCAG	oligodendrocyte_OPC
CTTCCGAAGCTGAGCA	astrocyte
CTTCCGACAACTTGGT	oligodendrocyte_OPC
CTTCCGACACCCTCTA	oligodendrocyte_OPC
CTTCCGACACCTGCTT	unresolved
CTTCCGACAGCAGTGA	neuronal
CTTCCGACAGGCACAA	unresolved
CTTCCGACAGTTCACA	oligodendrocyte_OPC
CTTCCGACATTGCCGG	neuronal
CTTCCGAGTAGAGCTG	neuronal
CTTCCGAGTCGTCGGT	neuronal
CTTCCGAGTTAGGCCC	oligodendrocyte_OPC
CTTCCGATCATACAGC	neuronal
CTTCCGATCCACGTCT	neuronal
CTTCCGATCCTCAGGG	oligodendrocyte_OPC
CTTCCGATCGTAACCA	unresolved
CTTCCGATCTGCCTCA	unresolved
CTTCCGATCTTACTGT	unresolved
CTTCCTTAGAAGCCAC	microglia_immune
CTTCCTTAGAATCGCG	neuronal
CTTCCTTAGCACACCC	oligodendrocyte_OPC
CTTCCTTAGCACGTCC	neuronal
CTTCCTTAGCGATGGT	unresolved
CTTCCTTAGGCCACTC	unresolved
CTTCCTTAGGTATTGA	astrocyte
CTTCCTTAGTCAGAGC	vascular
CTTCCTTCAACCCGCA	vascular
CTTCCTTCAACGGCTC	unresolved
CTTCCTTCAACTTGGT	neuronal
CTTCCTTCAAGACGAC	neuronal
CTTCCTTCACACACGC	oligodendrocyte_OPC
CTTCCTTCACGTACTA	unresolved
CTTCCTTCAGGGATAC	oligodendrocyte_OPC
CTTCCTTGTCAGTCCG	unresolved
CTTCCTTGTCCTATAG	oligodendrocyte_OPC
CTTCCTTGTCTGTCAA	oligodendrocyte_OPC
CTTCCTTGTTCTATCT	unresolved
CTTCCTTTCACTTCTA	oligodendrocyte_OPC
CTTCCTTTCTGAACGT	oligodendrocyte_OPC
CTTCGGTAGCTAGATA	unresolved
CTTCGGTAGGGATCAC	unresolved
CTTCGGTAGTTCCGTA	oligodendrocyte_OPC
CTTCGGTCAAGAGATT	neuronal
CTTCGGTCATGACAAA	neuronal
CTTCGGTGTGCTGTCG	unresolved
CTTCGGTGTTCTAAGC	oligodendrocyte_OPC
CTTCTAAAGTCTGGAG	oligodendrocyte_OPC
CTTCTAAAGTGCCAGA	astrocyte
CTTCTAACACATATCG	unresolved
CTTCTAACATTAGGAA	neuronal
CTTCTAAGTGTAGTGG	unresolved
CTTCTAATCGCCTATC	unresolved
CTTCTCTAGATCACTC	astrocyte
CTTCTCTAGGCGCTCT	oligodendrocyte_OPC
CTTCTCTCAAGCACAG	oligodendrocyte_OPC
CTTCTCTCACTGGCGT	unresolved
CTTCTCTCATCCTCAC	oligodendrocyte_OPC
CTTCTCTCATGCAGCC	neuronal
CTTCTCTGTAAGCGGT	unresolved
CTTCTCTGTACCTGTA	unresolved
CTTCTCTGTGTCATTG	ambiguous_or_doublet
CTTCTCTGTGTCTCCT	vascular
CTTCTCTTCTTCACAT	neuronal
CTTGAGAAGCAGCACA	astrocyte
CTTGAGAAGCAGTCTT	unresolved
CTTGAGAAGGGTGGGA	microglia_immune
CTTGAGAAGTGATAGT	neuronal
CTTGAGAAGTTCCTGA	astrocyte
CTTGAGACACATTCTT	microglia_immune
CTTGAGACACTGAATC	oligodendrocyte_OPC
CTTGAGACAGCCCACA	oligodendrocyte_OPC
CTTGAGAGTGTCATGT	neuronal
CTTGAGAGTTACCTTT	oligodendrocyte_OPC
CTTGAGAGTTCCAGGC	neuronal
CTTGAGAGTTTACGAC	unresolved
CTTGAGATCAAGCCCG	astrocyte
CTTGAGATCCGTACGG	unresolved
CTTGAGATCGCTGTCT	unresolved
CTTGAGATCGTGAGAG	neuronal
CTTGATTAGAGCATCG	unresolved
CTTGATTAGGAAGAAC	astrocyte
CTTGATTAGGTGCCTC	unresolved
CTTGATTCAAACAGGC	unresolved
CTTGATTCACTGTGTA	unresolved
CTTGATTGTACCAATC	unresolved
CTTGATTGTACTCCGG	unresolved
CTTGATTGTAGCCCTG	oligodendrocyte_OPC
CTTGATTTCCAAGGGA	unresolved
CTTGATTTCCTTGACC	astrocyte
CTTGATTTCGTGCTCT	unresolved
CTTTCAAAGAGAGGGC	unresolved
CTTTCAACAAGTCCCG	unresolved
CTTTCAACACAGCATT	unresolved
CTTTCAACACCGGAAA	astrocyte
CTTTCAACAGACCAAG	astrocyte
CTTTCAACAGAGACTG	unresolved
CTTTCAAGTAAGATAC	oligodendrocyte_OPC
CTTTCAAGTCTAACTG	astrocyte
CTTTCAAGTGGTCTGC	neuronal
CTTTCAAGTTCTCGTC	unresolved
CTTTCAATCCATACTT	neuronal
CTTTCAATCGAGAGAC	unresolved
CTTTCGGAGACACACG	neuronal
CTTTCGGAGAGAGCGG	astrocyte
CTTTCGGAGAGCATCG	unresolved
CTTTCGGAGAGCATTA	microglia_immune
CTTTCGGAGGTTACAA	neuronal
CTTTCGGAGTGAGGCT	unresolved
CTTTCGGAGTTTGTCG	vascular
CTTTCGGCAACTAGAA	oligodendrocyte_OPC
CTTTCGGCACAGCCTG	unresolved
CTTTCGGCAGAGCCCT	unresolved
CTTTCGGCAGTGTGCC	astrocyte
CTTTCGGCATTCATCT	neuronal
CTTTCGGCATTCCTAT	neuronal
CTTTCGGCATTCGGGC	oligodendrocyte_OPC
CTTTCGGGTAGGGTAC	oligodendrocyte_OPC
CTTTCGGGTCGAGTTT	unresolved
CTTTCGGGTGAGCAGT	neuronal
CTTTCGGGTGCATGAG	oligodendrocyte_OPC
CTTTCGGGTTCTCCTG	unresolved
CTTTCGGTCAACGTGT	unresolved
CTTTCGGTCCGAGTGC	oligodendrocyte_OPC
CTTTCGGTCCGTGTGG	unresolved
GAAACCTAGCAACAGC	astrocyte
GAAACCTAGCAACTTC	oligodendrocyte_OPC
GAAACCTAGCGTTACT	astrocyte
GAAACCTAGGCCTGAA	oligodendrocyte_OPC
GAAACCTAGGTTACAA	unresolved
GAAACCTAGGTTATAG	oligodendrocyte_OPC
GAAACCTCACACGTGC	unresolved
GAAACCTCACGTCGTG	astrocyte
GAAACCTCACTGTTCC	neuronal
GAAACCTCAGCGAGTA	unresolved
GAAACCTGTCGGCCTA	unresolved
GAAACCTGTCTGTAGT	oligodendrocyte_OPC
GAAACCTGTGAACTAA	astrocyte
GAAACCTGTTGGCTAT	microglia_immune
GAAACCTGTTTACCTT	astrocyte
GAAACCTTCACCTCAC	microglia_immune
GAAACCTTCAGAACCT	microglia_immune
GAAACCTTCATAGAGA	vascular
GAAACCTTCCCTTGTG	neuronal
GAAATGAAGAGGCCAT	neuronal
GAAATGAAGAGGTCAC	neuronal
GAAATGAAGTAATCCC	unresolved
GAAATGACAAGTGTCT	neuronal
GAAATGACACATACGT	astrocyte
GAAATGACATGAGATA	neuronal
GAAATGACATGAGGGT	oligodendrocyte_OPC
GAAATGACATGCCGCA	neuronal
GAAATGAGTAGGAGGG	astrocyte
GAAATGAGTAGTAAGT	oligodendrocyte_OPC
GAAATGAGTCCTGAAT	astrocyte
GAAATGAGTGTGTGTT	neuronal
GAAATGAGTTGTGTTG	neuronal
GAAATGATCCAAGCTA	neuronal
GAAATGATCCGGACGT	oligodendrocyte_OPC
GAAATGATCCTGGTCT	unresolved
GAAATGATCGTTCTGC	oligodendrocyte_OPC
GAAATGATCTTAATCC	oligodendrocyte_OPC
GAACACTAGCCTATCA	oligodendrocyte_OPC
GAACACTAGGCATCTT	oligodendrocyte_OPC
GAACACTCAAAGAACT	oligodendrocyte_OPC
GAACACTCAGAAATTG	ambiguous_or_doublet
GAACACTGTAGACGGT	unresolved
GAACACTGTATCCTCC	oligodendrocyte_OPC
GAACACTGTATGAGAT	unresolved
GAACACTGTCACTCGG	neuronal
GAACACTGTCCGGATC	astrocyte
GAACACTGTCGAGTGA	astrocyte
GAACACTGTTGGCCTG	astrocyte
GAACACTTCCGTGGTG	astrocyte
GAACACTTCCTAACAG	astrocyte
GAACACTTCCTTTGAT	unresolved
GAACGTTAGAAGGGAT	unresolved
GAACGTTAGACTCCGC	neuronal
GAACGTTAGCTGAAGC	unresolved
GAACGTTAGTGAGGTC	neuronal
GAACGTTCAACGACTT	oligodendrocyte_OPC
GAACGTTCAGACTCTA	oligodendrocyte_OPC
GAACGTTCATAATCCG	neuronal
GAACGTTGTACAATAG	unresolved
GAACGTTGTACTCCCT	vascular
GAACGTTGTCAAGCCC	unresolved
GAACGTTGTCACCCTT	unresolved
GAACGTTGTCGAACGA	astrocyte
GAACGTTGTGAGGAAA	astrocyte
GAACGTTGTTGCGGCT	oligodendrocyte_OPC
GAACGTTTCATCGCTC	unresolved
GAACGTTTCCATTGTT	unresolved
GAACGTTTCGGCCCAA	unresolved
GAACGTTTCTGGCCGA	oligodendrocyte_OPC
GAACTGTAGATGTTCC	unresolved
GAACTGTAGGGTGAAA	unresolved
GAACTGTAGGTAGGCT	unresolved
GAACTGTAGTATCTGC	unresolved
GAACTGTCAAATTGCC	astrocyte
GAACTGTCAACGCCCA	unresolved
GAACTGTCAGCGATTT	unresolved
GAACTGTCAGGCTTGC	unresolved
GAACTGTCATGTGGCC	oligodendrocyte_OPC
GAACTGTGTTCCTAAG	unresolved
GAACTGTTCACCTTGC	oligodendrocyte_OPC
GAACTGTTCCCTTTGG	microglia_immune
GAACTGTTCTCCAAGA	oligodendrocyte_OPC
GAAGAATAGACGAAGA	unresolved
GAAGAATAGAGTCTTC	unresolved
GAAGAATAGCGTCGAA	neuronal
GAAGAATCAAACTCTG	neuronal
GAAGAATCACACGCCA	vascular
GAAGAATCACGCGTCA	astrocyte
GAAGAATCACTTCTCG	neuronal
GAAGAATCAGCCTTCT	oligodendrocyte_OPC
GAAGAATCATCTCATT	neuronal
GAAGAATGTCGCTGCA	unresolved
GAAGAATGTGGGCTCT	astrocyte
GAAGAATGTGTAAACA	astrocyte
GAAGAATGTGTTTCTT	unresolved
GAAGAATGTTTCCAAG	unresolved
GAAGAATTCACAATGC	unresolved
GAAGAATTCACTTGTT	astrocyte
GAAGAATTCCTTCACG	neuronal
GAAGAATTCGATTCCC	microglia_immune
GAAGAATTCGCGCCAA	oligodendrocyte_OPC
GAAGAATTCGTGGACC	oligodendrocyte_OPC
GAAGAATTCTCATTGT	unresolved
GAAGAATTCTTTCGAT	oligodendrocyte_OPC
GAAGCCCAGCTGAAGC	oligodendrocyte_OPC
GAAGCCCAGGACATCG	unresolved
GAAGCCCAGTAGGATT	unresolved
GAAGCCCCACCAGACC	unresolved
GAAGCCCCACCAGCGT	oligodendrocyte_OPC
GAAGCCCCATCAGTGT	oligodendrocyte_OPC
GAAGCCCCATGACTTG	astrocyte
GAAGCCCGTCAACCAT	neuronal
GAAGCCCGTCTGCGCA	neuronal
GAAGCCCGTGATTCTG	unresolved
GAAGCCCGTGGACAGT	oligodendrocyte_OPC
GAAGCCCGTGGCTGAA	oligodendrocyte_OPC
GAAGCCCGTGGGAGAG	neuronal
GAAGCCCGTTGACTAC	oligodendrocyte_OPC
GAAGCCCTCAAGTCGT	unresolved
GAAGCCCTCTCGTGAA	neuronal
GAAGCGAAGGGTTTCT	astrocyte
GAAGCGACAATTGAGA	unresolved
GAAGCGACATCCCGTT	unresolved
GAAGCGAGTCGAATTC	unresolved
GAAGCGAGTGACAACG	neuronal
GAAGCGAGTTAAGAAC	neuronal
GAAGCGAGTTACCTTT	astrocyte
GAAGCGATCACCATGA	unresolved
GAAGCGATCCACCTCA	oligodendrocyte_OPC
GAAGCGATCCGATGCG	astrocyte
GAAGCGATCGGTGTAT	unresolved
GAAGCGATCGTTGTGA	microglia_immune
GAAGCGATCTTCGGTC	unresolved
GAAGGACAGCAACAGC	unresolved
GAAGGACCAATTTCTC	unresolved
GAAGGACCACCTGCAG	unresolved
GAAGGACCAGCCTATA	unresolved
GAAGGACGTCACAGTT	microglia_immune
GAAGGACGTGAGGATC	unresolved
GAAGGACGTGGAACCA	neuronal
GAAGGACGTTTGATCG	astrocyte
GAAGGACTCATCCTAT	unresolved
GAAGGACTCATTTCGT	oligodendrocyte_OPC
GAAGGACTCCGCCTAT	astrocyte
GAAGGACTCGTAGGGA	unresolved
GAAGGGTAGAAGCCAC	astrocyte
GAAGGGTAGATGGTAT	unresolved
GAAGGGTAGTGAGGCT	unresolved
GAAGGGTCACGCAGTC	neuronal
GAAGGGTCACTGTCGG	oligodendrocyte_OPC
GAAGGGTCATAACGGG	astrocyte
GAAGGGTGTACTAGCT	unresolved
GAAGGGTGTGGTCTCG	astrocyte
GAAGGGTGTTACGCCG	neuronal
GAAGGGTTCACAACCA	oligodendrocyte_OPC
GAAGGGTTCGTCCTTG	unresolved
GAAGGGTTCTCCAATT	oligodendrocyte_OPC
GAAGGGTTCTCGTGGG	neuronal
GAAGTAAAGGAACTCG	microglia_immune
GAAGTAACAAGTTGGG	unresolved
GAAGTAACAATAGTGA	neuronal
GAAGTAACACTGGAAG	oligodendrocyte_OPC
GAAGTAACAGCACCCA	unresolved
GAAGTAACAGCTCATA	astrocyte
GAAGTAACAGCTTCGG	neuronal
GAAGTAACATCCGAGC	oligodendrocyte_OPC
GAAGTAAGTATACAGA	unresolved
GAAGTAAGTGCTCGTG	unresolved
GAAGTAAGTTCAGCTA	astrocyte
GAAGTAAGTTCTCAGA	neuronal
GAAGTAAGTTTGGGAG	unresolved
GAAGTAATCAGAGCAG	oligodendrocyte_OPC
GAAGTAATCCAACACA	neuronal
GAAGTAATCCTTTGAT	microglia_immune
GAATAGAAGACAACAT	unresolved
GAATAGAAGAGCGACT	neuronal
GAATAGAAGATGAACT	unresolved
GAATAGAAGGTGCCAA	astrocyte
GAATAGAAGTCACACT	neuronal
GAATAGAAGTCGAAAT	unresolved
GAATAGACAGTGTATC	neuronal
GAATAGACATGATAGA	unresolved
GAATAGAGTCTCACGG	unresolved
GAATAGAGTGATAGAT	unresolved
GAATAGAGTTTCACTT	astrocyte
GAATAGATCAGTAGGG	oligodendrocyte_OPC
GAATAGATCCCTCTAG	astrocyte
GAATCACAGATCCTAC	oligodendrocyte_OPC
GAATCACAGTGAACAT	astrocyte
GAATCACAGTTGGACG	neuronal
GAATCACCAAATGAAC	oligodendrocyte_OPC
GAATCACCAAGACGAC	oligodendrocyte_OPC
GAATCACCAGCTGTTA	vascular
GAATCACCAGTCACGC	astrocyte
GAATCACGTAAGGCCA	oligodendrocyte_OPC
GAATCACGTCAACGCC	astrocyte
GAATCACGTCTAGTGT	unresolved
GAATCACGTGAGTAGC	unresolved
GAATCACGTTAGAAAC	oligodendrocyte_OPC
GAATCACGTTCGAAGG	neuronal
GAATCACGTTCTAAGC	unresolved
GAATCACTCATGAGAA	neuronal
GAATCACTCTGCGGGT	neuronal
GAATCACTCTTCCAGC	astrocyte
GAATCGTAGCATATGA	oligodendrocyte_OPC
GAATCGTAGCGCATCC	unresolved
GAATCGTAGGCGTTGA	unresolved
GAATCGTCACACCGAC	neuronal
GAATCGTCACCAGTAT	unresolved
GAATCGTCAGAGGACT	unresolved
GAATCGTCAGGATTCT	unresolved
GAATCGTGTAATCAGA	astrocyte
GAATCGTGTAATGCGG	unresolved
GAATCGTGTCATGGCC	neuronal
GAATCGTGTGGAACCA	astrocyte
GAATCGTGTGGTCTGC	unresolved
GAATCGTGTTGCTCCT	astrocyte
GAATCGTGTTGTGTTG	unresolved
GAATCGTTCCACACCT	unresolved
GAATCGTTCCTATGGA	oligodendrocyte_OPC
GAATCGTTCCTGTTAT	neuronal
GAATCGTTCGAGGCAA	unresolved
GAATCGTTCGGATAAA	unresolved
GACACGCAGCCATATC	unresolved
GACACGCCACAACGCC	neuronal
GACACGCCACATATCG	unresolved
GACACGCCAGGAGACT	neuronal
GACACGCCATTCTCCG	astrocyte
GACACGCGTGTCTTCC	oligodendrocyte_OPC
GACACGCTCTATTTCG	unresolved
GACAGCCAGACTACCT	neuronal
GACAGCCAGGAATGTT	oligodendrocyte_OPC
GACAGCCCAGCGACCT	oligodendrocyte_OPC
GACAGCCCATCGCTCT	unresolved
GACAGCCCATGTCAGT	astrocyte
GACAGCCGTATGGTAA	microglia_immune
GACAGCCGTGCATTAC	vascular
GACAGCCGTGGCTGCT	neuronal
GACAGCCTCACAAGGG	microglia_immune
GACAGCCTCACAGAGG	oligodendrocyte_OPC
GACAGCCTCGACGACC	unresolved
GACAGCCTCTGCGGCA	unresolved
GACATCAAGACGCATG	unresolved
GACATCAAGAGCAGCT	unresolved
GACATCAAGAGGATCC	astrocyte
GACATCAAGCGTATGG	neuronal
GACATCAAGGCTAACG	unresolved
GACATCACAAACACCT	unresolved
GACATCACACCATATG	unresolved
GACATCACACGCTTAA	unresolved
GACATCACATTGAAAG	neuronal
GACATCAGTAAGGCTG	unresolved
GACATCAGTAGCACAG	astrocyte
GACATCAGTATGGAAT	astrocyte
GACATCAGTCCATCTC	unresolved
GACATCAGTGACCGTC	unresolved
GACATCAGTGGTCTGC	oligodendrocyte_OPC
GACATCAGTTTCACTT	neuronal
GACATCATCCTGTTGC	unresolved
GACATCATCTGTTGGA	microglia_immune
GACATCATCTTGATTC	astrocyte
GACCAATAGACCAGAC	astrocyte
GACCAATAGACCATAA	unresolved
GACCAATAGATTGCGG	unresolved
GACCAATAGTTGGGAC	neuronal
GACCAATCACCTATCC	vascular
GACCAATCACTGGCCA	neuronal
GACCAATCAGCACGAA	oligodendrocyte_OPC
GACCAATCAGTCAACT	unresolved
GACCAATGTATCGCGC	unresolved
GACCAATGTCAGACTT	unresolved
GACCAATGTCAGGCAA	unresolved
GACCAATGTCCGAAAG	unresolved
GACCAATGTGAAGCTG	unresolved
GACCAATGTTACACTG	unresolved
GACCAATTCAATCGGT	astrocyte
GACCAATTCAATCTCT	unresolved
GACCAATTCATTGTGG	oligodendrocyte_OPC
GACCAATTCCATACTT	neuronal
GACCAATTCGAGTCTA	oligodendrocyte_OPC
GACCAATTCGCTACGG	unresolved
GACCAATTCGTTACCC	neuronal
GACCAATTCTCTCAAT	astrocyte
GACCAATTCTGGTGCG	oligodendrocyte_OPC
GACCCAGAGCCTCATA	unresolved
GACCCAGAGTAGCATA	oligodendrocyte_OPC
GACCCAGCATGATAGA	neuronal
GACCCAGGTCGAAACG	neuronal
GACCCAGGTGGGCTCT	astrocyte
GACCCAGGTGTACGCC	neuronal
GACCCAGGTTGAAGTA	unresolved
GACCCAGTCGCAGTCG	astrocyte
GACCCAGTCGCTGATA	unresolved
GACCCAGTCGGAGCAA	oligodendrocyte_OPC
GACCCAGTCTACGGGC	astrocyte
GACCCAGTCTAGTACG	neuronal
GACCCTTAGACTAAGT	unresolved
GACCCTTAGGCATCAG	oligodendrocyte_OPC
GACCCTTAGGCCTAGA	oligodendrocyte_OPC
GACCCTTAGTTGGACG	neuronal
GACCCTTCAACGGCTC	unresolved
GACCCTTCAATTGTGC	oligodendrocyte_OPC
GACCCTTCACACCGAC	oligodendrocyte_OPC
GACCCTTCACCGCTAG	unresolved
GACCCTTCAGCATGCC	oligodendrocyte_OPC
GACCCTTCAGTCGGTC	unresolved
GACCCTTGTACATACC	vascular
GACCCTTGTATCTTCT	vascular
GACCCTTGTCGCGTTG	unresolved
GACCCTTGTCGCTTAA	unresolved
GACCCTTGTTAAGGGC	neuronal
GACCCTTGTTGCTCGG	oligodendrocyte_OPC
GACCCTTTCATCTGTT	astrocyte
GACCCTTTCCCTATTA	microglia_immune
GACCCTTTCGATCCCT	unresolved
GACCCTTTCTGTAACG	neuronal
GACCGTGAGAACGCGT	oligodendrocyte_OPC
GACCGTGAGACGACGT	unresolved
GACCGTGAGGAGACCT	unresolved
GACCGTGAGGGTATAT	oligodendrocyte_OPC
GACCGTGAGTGAGTTA	astrocyte
GACCGTGAGTGGACGT	oligodendrocyte_OPC
GACCGTGCACCTGTCT	neuronal
GACCGTGCACTGTCCT	astrocyte
GACCGTGCAGCAGGAT	oligodendrocyte_OPC
GACCGTGCAGCGGTCT	vascular
GACCGTGCATCCGTGG	unresolved
GACCGTGCATTGCCTC	unresolved
GACCGTGGTACCGTGC	unresolved
GACCGTGGTATAGGAT	astrocyte
GACCGTGGTCATCTAG	unresolved
GACCGTGGTTACGTAC	unresolved
GACCGTGGTTCTCTAT	neuronal
GACCGTGGTTGCTGAT	unresolved
GACCGTGTCAATCCGA	oligodendrocyte_OPC
GACCGTGTCAGTCATG	astrocyte
GACCGTGTCATTTGCT	astrocyte
GACCGTGTCGTACACA	unresolved
GACCTTCAGAGTCACG	oligodendrocyte_OPC
GACCTTCAGGCTAGCA	neuronal
GACCTTCAGGTGAGCT	neuronal
GACCTTCCAACGTTAC	oligodendrocyte_OPC
GACCTTCCAGTAGATA	oligodendrocyte_OPC
GACCTTCGTACTCGCG	microglia_immune
GACCTTCGTCAGATTC	unresolved
GACCTTCGTCTCACAA	unresolved
GACCTTCGTGAGGAAA	oligodendrocyte_OPC
GACCTTCTCGGTCTGG	oligodendrocyte_OPC
GACGCTGAGGCGAACT	unresolved
GACGCTGAGTAAGCAT	microglia_immune
GACGCTGGTATCAAGA	astrocyte
GACGCTGGTTCGGCTG	oligodendrocyte_OPC
GACGCTGTCAACGCTA	microglia_immune
GACGCTGTCAAGCCGC	unresolved
GACGCTGTCAGACCCG	neuronal
GACGCTGTCCAACTAG	unresolved
GACGCTGTCGATCCCT	unresolved
GACGCTGTCGTTTACT	astrocyte
GACGCTGTCTTGATTC	microglia_immune
GACGTTAAGCACAAAT	unresolved
GACGTTAAGGCACTAG	microglia_immune
GACGTTAAGTGCCAGA	neuronal
GACGTTAAGTGTTGAA	neuronal
GACGTTACACAATGAA	neuronal
GACGTTACACTATGTG	astrocyte
GACGTTACATGACAGG	unresolved
GACGTTAGTAGTCCTA	unresolved
GACGTTAGTCCAAGAG	oligodendrocyte_OPC
GACGTTAGTCGAATTC	oligodendrocyte_OPC
GACGTTAGTTCAAAGA	neuronal
GACGTTATCCGATAGT	unresolved
GACGTTATCGTTCATT	unresolved
GACGTTATCTGACAGT	oligodendrocyte_OPC
GACGTTATCTGAGAAA	vascular
GACTATGAGAAACACT	neuronal
GACTATGAGGGAACAA	astrocyte
GACTATGCAACATCGT	vascular
GACTATGCAAGAGGCT	astrocyte
GACTATGCACGAAAGC	oligodendrocyte_OPC
GACTATGCAGCTCATA	unresolved
GACTATGCAGCTGGTC	oligodendrocyte_OPC
GACTATGGTACCCACG	unresolved
GACTATGGTACTTGTG	neuronal
GACTATGTCAGAATAG	astrocyte
GACTATGTCCGACATA	microglia_immune
GACTATGTCTCGTGAA	unresolved
GACTCAAAGCGACTAG	oligodendrocyte_OPC
GACTCAACATAAGCAA	unresolved
GACTCAAGTACGACTT	neuronal
GACTCAAGTTGACTAC	oligodendrocyte_OPC
GACTCAATCAAACCTG	astrocyte
GACTCAATCATGAGAA	unresolved
GACTCAATCCGGACTG	unresolved
GACTCAATCGTTCGCT	neuronal
GACTCTCAGGCACTAG	astrocyte
GACTCTCAGGTACATA	neuronal
GACTCTCCAATCAGCT	astrocyte
GACTCTCCACACGCCA	unresolved
GACTCTCCAGAGGTTG	unresolved
GACTCTCCAGGCATGA	oligodendrocyte_OPC
GACTCTCCAGGGCTTC	astrocyte
GACTCTCCATTGTAGC	unresolved
GACTCTCGTATTAAGG	ambiguous_or_doublet
GACTCTCGTGTGGACA	astrocyte
GACTCTCGTTAAGGAT	neuronal
GACTCTCGTTCCAGGC	oligodendrocyte_OPC
GACTCTCTCAGCATTG	unresolved
GACTCTCTCGCTAATG	astrocyte
GACTCTCTCTGGGCAC	unresolved
GACTGATAGGTTGTTC	oligodendrocyte_OPC
GACTGATAGTAAGAGG	unresolved
GACTGATCAAACCACT	microglia_immune
GACTGATCAAATGCTC	neuronal
GACTGATCAAGAGGTC	astrocyte
GACTGATCACCTCGTT	unresolved
GACTGATCATCTGGGC	unresolved
GACTGATCATGAGATA	vascular
GACTGATCATGGATCT	oligodendrocyte_OPC
GACTGATCATTCTTCA	astrocyte
GACTGATGTACCACGC	oligodendrocyte_OPC
GACTGATGTGGCACTC	unresolved
GACTGATGTGTAGGAC	astrocyte
GACTGATGTTTACACG	unresolved
GACTTCCAGACCACGA	microglia_immune
GACTTCCAGGTTGCCC	astrocyte
GACTTCCCAACTAGAA	oligodendrocyte_OPC
GACTTCCCAATTCGTG	unresolved
GACTTCCCACAGCTTA	astrocyte
GACTTCCCACCGTGCA	oligodendrocyte_OPC
GACTTCCCATTCTCCG	unresolved
GACTTCCGTACGTGTT	oligodendrocyte_OPC
GACTTCCGTCGACGCT	neuronal
GACTTCCGTCGACTTA	unresolved
GACTTCCGTTTCCATT	neuronal
GACTTCCTCATGGATC	microglia_immune
GACTTCCTCCGAGGCT	microglia_immune
GACTTCCTCTGTCAGA	unresolved
GAGAAATAGCATATGA	oligodendrocyte_OPC
GAGAAATCAATCGCGC	unresolved
GAGAAATCAATGGCCC	unresolved
GAGAAATCAGCGTATT	oligodendrocyte_OPC
GAGAAATCATCAACCA	astrocyte
GAGAAATCATTGAGCT	neuronal
GAGAAATGTCACAATC	neuronal
GAGAAATGTCTAACGT	ambiguous_or_doublet
GAGAAATGTGAATTAG	neuronal
GAGAAATGTGAGACGT	oligodendrocyte_OPC
GAGAAATGTGCCGAAA	unresolved
GAGAAATGTGGTTCTA	astrocyte
GAGAAATGTTCTCCAC	unresolved
GAGAAATGTTTATGCG	neuronal
GAGAAATTCCGTACGG	unresolved
GAGAAATTCTATCGGA	unresolved
GAGACCCAGCACCTGC	astrocyte
GAGACCCAGGCAGGGA	unresolved
GAGACCCAGGTTGGAC	neuronal
GAGACCCAGTACAACA	neuronal
GAGACCCAGTGGACGT	neuronal
GAGACCCCACAAAGTA	astrocyte
GAGACCCCAGCTGTTA	unresolved
GAGACCCCAGGGATAC	unresolved
GAGACCCGTAGCGATG	unresolved
GAGACCCGTATCGCTA	oligodendrocyte_OPC
GAGACCCGTATTGCCA	oligodendrocyte_OPC
GAGACCCGTCAGACTT	microglia_immune
GAGACCCGTGTTCGAT	astrocyte
GAGACCCTCGCTTTAT	unresolved
GAGACCCTCGTAGAGG	oligodendrocyte_OPC
GAGACCCTCTACTGAG	neuronal
GAGACCCTCTCATGGA	unresolved
GAGACTTAGCGAGGAG	unresolved
GAGACTTCAAACTGCT	unresolved
GAGACTTCACTGCATA	unresolved
GAGACTTCAGATGCGA	unresolved
GAGACTTCATCCTTCG	vascular
GAGACTTGTACCCGCA	oligodendrocyte_OPC
GAGACTTGTATACCCA	neuronal
GAGACTTGTCCACACG	oligodendrocyte_OPC
GAGACTTGTCTACTGA	unresolved
GAGACTTGTCTAGGTT	oligodendrocyte_OPC
GAGACTTGTTTGTTGG	oligodendrocyte_OPC
GAGACTTTCCAGTTCC	astrocyte
GAGACTTTCCCAGGAC	unresolved
GAGACTTTCTTGGATG	unresolved
GAGAGGTAGATGCTTC	unresolved
GAGAGGTAGCATATGA	vascular
GAGAGGTAGGCACTCC	oligodendrocyte_OPC
GAGAGGTCACTTCAGA	astrocyte
GAGAGGTGTAGACAAT	neuronal
GAGAGGTGTAGGCAGT	oligodendrocyte_OPC
GAGAGGTGTCTCAGGC	microglia_immune
GAGAGGTGTGTTATCG	unresolved
GAGAGGTGTTAGGCCC	unresolved
GAGAGGTGTTCGTAAC	unresolved
GAGAGGTGTTCTAAGC	microglia_immune
GAGAGGTGTTCTGACA	unresolved
GAGAGGTTCAAGCCGC	unresolved
GAGAGGTTCCAGCAAT	unresolved
GAGAGGTTCCCAACTC	neuronal
GAGAGGTTCTCATGGA	neuronal
GAGAGGTTCTTAGTTC	neuronal
GAGATGGAGAATTCAG	unresolved
GAGATGGAGAGGTGCT	neuronal
GAGATGGAGCCTGTCG	astrocyte
GAGATGGCAGGAGACT	astrocyte
GAGATGGCAGGTATGG	astrocyte
GAGATGGCAGTGTGCC	unresolved
GAGATGGCATGTCGTA	astrocyte
GAGATGGGTGATACCT	oligodendrocyte_OPC
GAGATGGGTGCAATGG	oligodendrocyte_OPC
GAGATGGGTTATAGCC	astrocyte
GAGATGGGTTGCCTAA	oligodendrocyte_OPC
GAGATGGTCACACCGG	unresolved
GAGATGGTCACCTACC	neuronal
GAGATGGTCGCAGATT	astrocyte
GAGCCTGAGCGTATGG	oligodendrocyte_OPC
GAGCCTGAGGTAAGGA	unresolved
GAGCCTGAGGTCCCGT	unresolved
GAGCCTGCAGCCCACA	vascular
GAGCCTGCATGTTACG	astrocyte
GAGCCTGCATTACTCT	oligodendrocyte_OPC
GAGCCTGGTATGTGTC	unresolved
GAGCCTGGTGGATACG	unresolved
GAGCCTGGTGTCATTG	astrocyte
GAGCCTGTCGCTTGAA	unresolved
GAGCCTGTCTTACGGA	unresolved
GAGCTGCAGGACTAAT	unresolved
GAGCTGCAGGGCCAAT	neuronal
GAGCTGCCAACAAGAT	vascular
GAGCTGCCAGACCTAT	neuronal
GAGCTGCCATAGAATG	unresolved
GAGCTGCGTCATCGGC	oligodendrocyte_OPC
GAGCTGCGTTAAACCC	unresolved
GAGCTGCGTTGGCCTG	neuronal
GAGCTGCTCCGATAAC	unresolved
GAGCTGCTCGGTGTAT	oligodendrocyte_OPC
GAGCTGCTCTAGAACC	neuronal
GAGGCAAAGAGGTCAC	unresolved
GAGGCAAAGTCACTCA	unresolved
GAGGCAACAAATGGTA	unresolved
GAGGCAACAACCCTCT	vascular
GAGGCAACACCAGCGT	unresolved
GAGGCAAGTCATGCAT	astrocyte
GAGGCAAGTCTAACGT	unresolved
GAGGCAATCACTTCTA	astrocyte
GAGGCAATCAGCGTCG	astrocyte
GAGGCAATCCGGCTTT	astrocyte
GAGGCAATCGTGGGTC	ambiguous_or_doublet
GAGGCAATCTACCTTA	neuronal
GAGGCCTAGACGATAT	neuronal
GAGGCCTAGCATAGGC	neuronal
GAGGCCTAGTACTGTC	astrocyte
GAGGCCTAGTCTGCGC	oligodendrocyte_OPC
GAGGCCTCAACAGCTT	astrocyte
GAGGCCTCAACTGCTA	unresolved
GAGGCCTCAATAGAGT	astrocyte
GAGGCCTCACAGAGCA	unresolved
GAGGCCTCACGAAGAC	unresolved
GAGGCCTCACGGCCAT	unresolved
GAGGCCTCAGACCGCT	neuronal
GAGGCCTCAGCACAAG	oligodendrocyte_OPC
GAGGCCTGTTGCACGC	astrocyte
GAGGCCTTCATACGAC	oligodendrocyte_OPC
GAGGCCTTCCCGTTGT	microglia_immune
GAGGCCTTCTCCCAAC	unresolved
GAGGGATAGATAACGT	neuronal
GAGGGATAGCAGTCTT	unresolved
GAGGGATAGGTGGTTG	unresolved
GAGGGATAGTCGCCAC	unresolved
GAGGGATCAACCGTGC	unresolved
GAGGGATCAAGCCATT	unresolved
GAGGGATCAATTGTGC	astrocyte
GAGGGATCACTTGTCC	unresolved
GAGGGATCAGAAATTG	neuronal
GAGGGATCAGACCTAT	astrocyte
GAGGGATCAGTTGGTT	unresolved
GAGGGATCATGACGAG	vascular
GAGGGATCATTGAGGG	unresolved
GAGGGATGTCCGACGT	oligodendrocyte_OPC
GAGGGATGTCTTAGTG	astrocyte
GAGGGATGTGTTACTG	unresolved
GAGGGATTCAGCCTTC	unresolved
GAGGGATTCAGTCACA	astrocyte
GAGGGATTCATCGACA	astrocyte
GAGGGATTCCAATGCA	astrocyte
GAGGGATTCCGCGGAT	microglia_immune
GAGGGATTCGTAGTGT	ambiguous_or_doublet
GAGGGATTCTTGGTGA	unresolved
GAGGGTAAGAGACAAG	unresolved
GAGGGTACACTGCGAC	neuronal
GAGGGTACACTTGTGA	unresolved
GAGGGTAGTGACTAAA	unresolved
GAGGGTAGTGATAGAT	ambiguous_or_doublet
GAGGGTAGTGATTCTG	microglia_immune
GAGGGTAGTTGGTAGG	oligodendrocyte_OPC
GAGGGTAGTTTGGGAG	unresolved
GAGGGTATCAATCTCT	astrocyte
GAGGGTATCCAGTTCC	oligodendrocyte_OPC
GAGGGTATCCTTATAC	astrocyte
GAGGGTATCTGAGCAT	microglia_immune
GAGTCATAGACCTTTG	unresolved
GAGTCATAGTCTACCA	unresolved
GAGTCATCAATGCAAA	astrocyte
GAGTCATCACAGAGAC	unresolved
GAGTCATCACATATCG	microglia_immune
GAGTCATCATTGAGCT	oligodendrocyte_OPC
GAGTCATGTAACGATA	neuronal
GAGTCATGTAATTGGA	neuronal
GAGTCATGTCCGGATC	unresolved
GAGTCATTCAGTAGGG	unresolved
GAGTCATTCGAAGCAG	oligodendrocyte_OPC
GAGTCATTCGTGGCTG	vascular
GAGTCATTCTCAACGA	astrocyte
GAGTCTAAGCTACTGT	astrocyte
GAGTCTAAGCTGACAG	unresolved
GAGTCTAAGGCTCACC	unresolved
GAGTCTAAGTGGTTGG	oligodendrocyte_OPC
GAGTCTACATTGAAGA	oligodendrocyte_OPC
GAGTCTAGTCGAGATG	unresolved
GAGTCTAGTTGAGGAC	neuronal
GAGTCTAGTTGTTGAC	unresolved
GAGTCTATCGAATGCT	astrocyte
GAGTCTATCGTAGAGG	vascular
GAGTCTATCTGTGCTC	oligodendrocyte_OPC
GAGTCTATCTGTTCAT	neuronal
GAGTGAGAGAAAGCGA	oligodendrocyte_OPC
GAGTGAGAGAGGATCC	oligodendrocyte_OPC
GAGTGAGAGCTAAGTA	astrocyte
GAGTGAGAGGTCGAGT	astrocyte
GAGTGAGAGTGATAGT	astrocyte
GAGTGAGCAAGTCGTT	oligodendrocyte_OPC
GAGTGAGGTAGAAACT	oligodendrocyte_OPC
GAGTGAGGTGATACTC	unresolved
GAGTGAGGTGCCAAGA	astrocyte
GAGTGAGTCATTCGGA	astrocyte
GAGTGAGTCCCTTCCC	unresolved
GAGTGAGTCGAGATGG	neuronal
GAGTGAGTCGCGCTGA	unresolved
GAGTGAGTCTATCGGA	neuronal
GAGTGTTAGACTCTTG	astrocyte
GAGTGTTAGCACCAGA	microglia_immune
GAGTGTTAGGACTAAT	unresolved
GAGTGTTAGTGGCCTC	unresolved
GAGTGTTAGTTAGTGA	unresolved
GAGTGTTCAACGATTC	astrocyte
GAGTGTTCAAGGACAC	vascular
GAGTGTTCACGGCCAT	oligodendrocyte_OPC
GAGTGTTCAGCGGTCT	oligodendrocyte_OPC
GAGTGTTGTAAGCGGT	neuronal
GAGTGTTGTGCCTGCA	unresolved
GAGTGTTGTTACGATC	neuronal
GAGTGTTTCACCGGGT	neuronal
GAGTTACCAACCCGCA	oligodendrocyte_OPC
GAGTTACCAGAATGTA	unresolved
GAGTTACCAGAGATGC	oligodendrocyte_OPC
GAGTTACGTAAGGAGA	oligodendrocyte_OPC
GAGTTACGTAGAGACC	astrocyte
GAGTTACGTCTACAGT	astrocyte
GAGTTACTCCGAACGC	microglia_immune
GAGTTACTCCTTACCG	unresolved
GAGTTACTCGAGATGG	astrocyte
GAGTTACTCGTTCATT	neuronal
GAGTTACTCTGATTCT	unresolved
GAGTTACTCTGGAAGG	astrocyte
GAGTTGTAGCTACTGT	neuronal
GAGTTGTAGGCCTTCG	neuronal
GAGTTGTAGGTTCCGC	unresolved
GAGTTGTAGTCTGCAT	oligodendrocyte_OPC
GAGTTGTCAATGGGTG	unresolved
GAGTTGTCAGACTGCC	neuronal
GAGTTGTCATATCGGT	neuronal
GAGTTGTGTGTTGCCG	unresolved
GAGTTGTTCAATCGGT	oligodendrocyte_OPC
GAGTTGTTCAGAGCGA	astrocyte
GAGTTGTTCTGAGCAT	oligodendrocyte_OPC
GAGTTGTTCTGCGTCT	astrocyte
GAGTTTGAGAAACCCG	neuronal
GAGTTTGAGCCGAATG	astrocyte
GAGTTTGAGCCTGCCA	oligodendrocyte_OPC
GAGTTTGAGGCTAACG	microglia_immune
GAGTTTGAGGGTTGCA	unresolved
GAGTTTGCACCTCTAC	unresolved
GAGTTTGCAGGCCTGT	neuronal
GAGTTTGCATCCGAGC	unresolved
GAGTTTGGTACTCAAC	astrocyte
GAGTTTGGTCAAACGG	astrocyte
GAGTTTGGTGAAGCGT	oligodendrocyte_OPC
GAGTTTGGTGTCCACG	oligodendrocyte_OPC
GAGTTTGTCACTTATC	unresolved
GAGTTTGTCCCATACC	astrocyte
GAGTTTGTCTCACGAA	oligodendrocyte_OPC
GAGTTTGTCTGAGAAA	astrocyte
GATAGAAAGCGGACAT	neuronal
GATAGAAAGCTGGCCT	neuronal
GATAGAAAGTTGTAAG	microglia_immune
GATAGAACAATGCAGG	unresolved
GATAGAACAGCGGTTC	oligodendrocyte_OPC
GATAGAAGTACCTTCC	unresolved
GATAGAAGTCGAGATG	oligodendrocyte_OPC
GATAGAAGTCTTCCGT	vascular
GATAGAAGTGTCTTGA	oligodendrocyte_OPC
GATAGAATCAGCGTCG	unresolved
GATAGAATCGACCAAT	astrocyte
GATAGAATCGATCCAA	oligodendrocyte_OPC
GATAGCTAGCATACTC	astrocyte
GATAGCTCAGATTCGT	neuronal
GATAGCTCATGCAGGA	unresolved
GATAGCTGTAGAGCTG	oligodendrocyte_OPC
GATAGCTGTAGTGTGG	neuronal
GATAGCTGTATTAAGG	oligodendrocyte_OPC
GATAGCTGTCAAAGTA	vascular
GATAGCTGTCCGACGT	neuronal
GATAGCTGTCGGTACC	unresolved
GATAGCTGTGACACGA	neuronal
GATAGCTGTTTCGACA	oligodendrocyte_OPC
GATAGCTTCGATTTCT	unresolved
GATAGCTTCGTGGACC	unresolved
GATCACAAGAGAGTGA	astrocyte
GATCACAAGATTAGAC	oligodendrocyte_OPC
GATCACAAGCAGCCCT	unresolved
GATCACAAGCTTAAGA	neuronal
GATCACAAGTCCCAGC	astrocyte
GATCACACAATAACCC	neuronal
GATCACACAATGAACA	neuronal
GATCACACAGACGGAT	unresolved
GATCACAGTGCGGTAA	neuronal
GATCACATCGAGAATA	oligodendrocyte_OPC
GATCAGTAGAGAACCC	unresolved
GATCAGTAGCCTTTCC	oligodendrocyte_OPC
GATCAGTAGGTAACTA	microglia_immune
GATCAGTAGGTATCTC	oligodendrocyte_OPC
GATCAGTAGTGGACTG	neuronal
GATCAGTAGTTGTCAC	oligodendrocyte_OPC
GATCAGTCAAATCGTC	oligodendrocyte_OPC
GATCAGTCACTTGAAC	neuronal
GATCAGTCAGTCACGC	astrocyte
GATCAGTCATATCGGT	neuronal
GATCAGTCATGGTACT	unresolved
GATCAGTGTCAGTTTG	astrocyte
GATCAGTGTCCTCATC	astrocyte
GATCAGTGTCGAACGA	oligodendrocyte_OPC
GATCAGTGTCGAATTC	astrocyte
GATCAGTGTGAGCCAA	oligodendrocyte_OPC
GATCAGTGTTAAACCC	unresolved
GATCAGTGTTCAGCTA	oligodendrocyte_OPC
GATCAGTTCCGCAAAT	microglia_immune
GATCAGTTCCGCACGA	unresolved
GATCATGAGATTCGCT	oligodendrocyte_OPC
GATCATGAGGCTTCCG	neuronal
GATCATGAGTATTAGG	oligodendrocyte_OPC
GATCATGCAAAGGCAC	unresolved
GATCATGCAAAGGCGT	vascular
GATCATGCAATAGTCC	neuronal
GATCATGCATCCTGTC	unresolved
GATCATGCATTGACTG	neuronal
GATCATGGTCAATGGG	neuronal
GATCATGGTCGCTGCA	astrocyte
GATCATGGTGACAGCA	unresolved
GATCATGGTGTGAATA	astrocyte
GATCATGTCACTAGCA	ambiguous_or_doublet
GATCATGTCCAGCAAT	astrocyte
GATCCCTAGAACTCCT	vascular
GATCCCTAGTGGAAGA	astrocyte
GATCCCTAGTTTAGGA	neuronal
GATCCCTCAAGGTCTT	unresolved
GATCCCTCAAGTGGCA	oligodendrocyte_OPC
GATCCCTCACACCGCA	oligodendrocyte_OPC
GATCCCTCACAGTACT	neuronal
GATCCCTCAGGCTCTG	neuronal
GATCCCTGTGATCATC	astrocyte
GATCCCTGTGTACGCC	neuronal
GATCCCTGTTGTATGC	unresolved
GATCCCTTCATGAAAG	unresolved
GATCCCTTCCCACAGG	neuronal
GATCCCTTCCCATAGA	neuronal
GATCCCTTCGCCATAA	microglia_immune
GATCGTAAGAAGCTCG	neuronal
GATCGTAAGATGAATC	unresolved
GATCGTAAGATTCGCT	astrocyte
GATCGTAAGTCATCGT	unresolved
GATCGTAAGTGATTCC	microglia_immune
GATCGTACACGAAAGC	unresolved
GATCGTAGTAGTGGCA	neuronal
GATCGTAGTATCCCTC	unresolved
GATCGTAGTCACTTAG	unresolved
GATCGTATCCAACACA	microglia_immune
GATCGTATCCTTATAC	unresolved
GATCGTATCGCGCCAA	microglia_immune
GATGACTAGGCTAACG	neuronal
GATGACTAGGGAGTTC	neuronal
GATGACTAGTAACGTA	astrocyte
GATGACTCAATAGTGA	unresolved
GATGACTCACAGCCTG	astrocyte
GATGACTCACGGTGCT	neuronal
GATGACTCATGACTAC	astrocyte
GATGACTCATTCGATG	unresolved
GATGACTCATTCGGGC	neuronal
GATGACTGTCAAACGG	unresolved
GATGACTGTCGTTTCC	unresolved
GATGACTGTGCACGCT	neuronal
GATGACTGTGCCTAAT	astrocyte
GATGACTGTTGTGCCG	astrocyte
GATGACTTCCGGGACT	microglia_immune
GATGACTTCGCACGAC	astrocyte
GATGAGGAGATAACGT	unresolved
GATGAGGAGGCATCGA	oligodendrocyte_OPC
GATGAGGCACAAGCTT	astrocyte
GATGAGGCACGACTAT	oligodendrocyte_OPC
GATGAGGCACTGCACG	unresolved
GATGAGGCAGAAGTGC	oligodendrocyte_OPC
GATGAGGCATAACGGG	oligodendrocyte_OPC
GATGAGGCATACCGTA	oligodendrocyte_OPC
GATGAGGGTGCGGATA	ambiguous_or_doublet
GATGAGGGTTCTGACA	microglia_immune
GATGAGGTCAAGTCGT	neuronal
GATGAGGTCATGCCAA	unresolved
GATGAGGTCATTCACT	oligodendrocyte_OPC
GATGAGGTCGCCGAGT	astrocyte
GATGAGGTCGCTATTT	unresolved
GATGAGGTCGTTTACT	microglia_immune
GATGAGGTCTGGGCCA	astrocyte
GATGATCAGACGAAGA	neuronal
GATGATCAGGAACTAT	unresolved
GATGATCAGGGAGGGT	microglia_immune
GATGATCAGGGTGAAA	unresolved
GATGATCAGTGAGGTC	neuronal
GATGATCCAACCACAT	neuronal
GATGATCCAACGATCT	unresolved
GATGATCCAATGGGTG	unresolved
GATGATCGTACAAAGT	microglia_immune
GATGATCGTAGCCAGA	neuronal
GATGATCGTATCATGC	oligodendrocyte_OPC
GATGATCGTCACCGAC	ambiguous_or_doublet
GATGATCGTCTACAAC	neuronal
GATGATCGTGAGCCAA	astrocyte
GATGATCGTGTATTGC	neuronal
GATGATCGTGTTTACG	oligodendrocyte_OPC
GATGATCGTTAAGAAC	neuronal
GATGATCGTTCTCGCT	unresolved
GATGATCTCCCGAAAT	vascular
GATGATCTCCGTATGA	astrocyte
GATGATCTCCTGTAAG	astrocyte
GATGATCTCGCATTAG	astrocyte
GATGATCTCGGACTGC	oligodendrocyte_OPC
GATGATCTCGTGGGTC	unresolved
GATGATCTCTCTCGAC	oligodendrocyte_OPC
GATGCTAAGGGCAGGA	vascular
GATGCTACAAAGTATG	astrocyte
GATGCTACAACACAAA	neuronal
GATGCTACACATAACC	oligodendrocyte_OPC
GATGCTAGTAGCTTAC	unresolved
GATGCTAGTCTTTCAT	neuronal
GATGCTAGTTACCTGA	unresolved
GATGCTAGTTTCGGCG	neuronal
GATGCTATCGTGAGAG	neuronal
GATGGAGAGCCGCTTG	astrocyte
GATGGAGAGCCGTTAT	unresolved
GATGGAGAGGCGACAT	oligodendrocyte_OPC
GATGGAGAGTACAACA	microglia_immune
GATGGAGAGTGAGTTA	unresolved
GATGGAGAGTTCTCTT	unresolved
GATGGAGCAATAGGAT	neuronal
GATGGAGCACTTGTCC	astrocyte
GATGGAGCAGACGGAT	unresolved
GATGGAGGTACATACC	unresolved
GATGGAGGTAGCGTCC	neuronal
GATGGAGGTCATCGGC	unresolved
GATGGAGGTCGGTGTC	unresolved
GATGGAGGTGATAGAT	unresolved
GATGGAGGTGGGTATG	astrocyte
GATGGAGGTGTGATGG	unresolved
GATGGAGGTTCCACGG	unresolved
GATGGAGGTTCTGACA	oligodendrocyte_OPC
GATGGAGTCACTCTTA	microglia_immune
GATGGAGTCATCACCC	unresolved
GATGGAGTCCAAGGGA	unresolved
GATGGAGTCGAGAAGC	neuronal
GATGGAGTCTGGGTCG	astrocyte
GATGTTGAGCATCCTA	unresolved
GATGTTGAGCCAGTAG	unresolved
GATGTTGAGCTAGAGC	oligodendrocyte_OPC
GATGTTGAGGTTATAG	unresolved
GATGTTGAGTGATTCC	unresolved
GATGTTGAGTGCTACT	unresolved
GATGTTGCAACTGATC	unresolved
GATGTTGCAGCCATTA	neuronal
GATGTTGCATCAGCTA	astrocyte
GATGTTGTCACCCTTG	unresolved
GATGTTGTCCATCTAT	astrocyte
GATGTTGTCGCGTTTC	neuronal
GATGTTGTCGTCACCT	unresolved
GATTCGAAGACCAAGC	oligodendrocyte_OPC
GATTCGAAGTGTTCAC	unresolved
GATTCGAAGTTGGAGC	astrocyte
GATTCGACAACAACAA	astrocyte
GATTCGACAACTAGAA	neuronal
GATTCGACACGCCACA	neuronal
GATTCGACACGCTTAA	unresolved
GATTCGACAGCAGTAG	unresolved
GATTCGACAGTCAGTT	neuronal
GATTCGACATTGTGCA	unresolved
GATTCGAGTCTTAGTG	neuronal
GATTCGAGTGTTGCCG	ambiguous_or_doublet
GATTCGAGTTCGTACA	unresolved
GATTCGATCCCTAGGG	neuronal
GATTCGATCCGCGATG	unresolved
GATTCGATCGCGTCGA	unresolved
GATTCGATCGGCGATC	unresolved
GATTCGATCTGCCCTA	unresolved
GATTCTTAGAGAATCT	unresolved
GATTCTTAGAGGCCAT	oligodendrocyte_OPC
GATTCTTAGATCACTC	unresolved
GATTCTTAGGCTTCCG	unresolved
GATTCTTAGGGCGAAG	oligodendrocyte_OPC
GATTCTTAGTCAGCGA	oligodendrocyte_OPC
GATTCTTCAACACTAC	neuronal
GATTCTTCAATCTAGC	astrocyte
GATTCTTCAGGCTTGC	oligodendrocyte_OPC
GATTCTTCATCCAATG	unresolved
GATTCTTCATGGCCCA	oligodendrocyte_OPC
GATTCTTGTTGGGTTT	unresolved
GATTGGTAGCACCGAA	astrocyte
GATTGGTAGCTCCATA	unresolved
GATTGGTAGGCTAACG	oligodendrocyte_OPC
GATTGGTAGGGCGAGA	unresolved
GATTGGTAGTACCCTA	neuronal
GATTGGTCACCATTCC	neuronal
GATTGGTCAGCAGATG	unresolved
GATTGGTCATGACTGT	astrocyte
GATTGGTCATGGCTGC	unresolved
GATTGGTGTAACCCTA	oligodendrocyte_OPC
GATTGGTGTAGATCCT	unresolved
GATTGGTGTAGGTACG	unresolved
GATTGGTGTCACGCTG	oligodendrocyte_OPC
GATTGGTGTCACTCTC	astrocyte
GATTGGTGTCGTATGT	unresolved
GATTGGTGTCGTTATG	neuronal
GATTGGTGTCTCACAA	unresolved
GATTGGTGTGGCCACT	unresolved
GATTGGTGTGTGTACT	oligodendrocyte_OPC
GATTGGTGTTAAGCAA	vascular
GATTGGTGTTGCGAAG	unresolved
GATTGGTTCCAGTGCG	neuronal
GATTGGTTCCTAGCTC	oligodendrocyte_OPC
GATTGGTTCGCCGTGA	unresolved
GATTTCTAGAACGCGT	unresolved
GATTTCTAGACTACGG	astrocyte
GATTTCTAGGAGTCTG	unresolved
GATTTCTAGGGCTAAC	unresolved
GATTTCTCAATACGCT	unresolved
GATTTCTCACGACCTG	neuronal
GATTTCTCACGACGCT	unresolved
GATTTCTCAGTCTGGC	unresolved
GATTTCTGTACCCGAC	neuronal
GATTTCTGTATGGAGC	unresolved
GATTTCTGTCAGCTTA	neuronal
GATTTCTGTCCCTCAT	astrocyte
GATTTCTGTCGTACAT	oligodendrocyte_OPC
GATTTCTGTCTACGTA	neuronal
GATTTCTGTTCCATTT	oligodendrocyte_OPC
GATTTCTTCACTGTCC	vascular
GATTTCTTCCGCAGTG	oligodendrocyte_OPC
GATTTCTTCGCCAACG	oligodendrocyte_OPC
GATTTCTTCGCTTGCT	unresolved
GATTTCTTCGTCGGGT	astrocyte
GATTTCTTCGTTGTGA	neuronal
GATTTCTTCTTTGATC	unresolved
GCAACATAGATCCAAA	neuronal
GCAACATCACCCTAGG	oligodendrocyte_OPC
GCAACATCACTCATAG	oligodendrocyte_OPC
GCAACATCAGCTACAT	unresolved
GCAACATGTACAGTTC	unresolved
GCAACATGTGAATATG	neuronal
GCAACATGTGAGGAAA	unresolved
GCAACATGTGAGTTTC	vascular
GCAACATGTGGCGCTT	oligodendrocyte_OPC
GCAACATTCCCTATTA	unresolved
GCAACATTCTAGTTCT	neuronal
GCAACATTCTCTGGTC	astrocyte
GCAACCGAGATCGGTG	neuronal
GCAACCGAGGTAGATT	vascular
GCAACCGAGGTGCATG	oligodendrocyte_OPC
GCAACCGCAACTCGTA	neuronal
GCAACCGCACGGTGTC	unresolved
GCAACCGCACGTTGGC	astrocyte
GCAACCGCAGATTCGT	oligodendrocyte_OPC
GCAACCGCAGTCGGAA	unresolved
GCAACCGCATTGACTG	oligodendrocyte_OPC
GCAACCGGTAGGTGCA	unresolved
GCAACCGGTCTAGATC	oligodendrocyte_OPC
GCAACCGGTCTCGACG	unresolved
GCAACCGGTGAATGTA	microglia_immune
GCAACCGGTGACACAG	astrocyte
GCAACCGGTGCCTATA	neuronal
GCAACCGTCAAGTGGG	neuronal
GCAACCGTCAGTCATG	neuronal
GCAACCGTCGGTGTTA	oligodendrocyte_OPC
GCACATAAGAGTCTTC	unresolved
GCACATAAGCATAGGC	astrocyte
GCACATACAAGTTCGT	oligodendrocyte_OPC
GCACATACACCAGTTA	unresolved
GCACATAGTAATACCC	unresolved
GCACATAGTAGTTCCA	astrocyte
GCACATAGTCCAGCAC	unresolved
GCACATAGTTACTCAG	neuronal
GCACATATCGAATGCT	astrocyte
GCACATATCTGGACTA	microglia_immune
GCACGGTAGACTTAAG	unresolved
GCACGGTAGGATGTTA	unresolved
GCACGGTAGGGTAGCT	oligodendrocyte_OPC
GCACGGTAGTCAAGCG	neuronal
GCACGGTAGTCTGTAC	oligodendrocyte_OPC
GCACGGTCAACCACAT	unresolved
GCACGGTCACGACGCT	unresolved
GCACGGTGTAAGGAGA	neuronal
GCACGGTGTGCTCTCT	oligodendrocyte_OPC
GCACGGTGTTGGTAGG	unresolved
GCACGGTTCATCACCC	neuronal
GCACGGTTCCATTCGC	unresolved
GCACGGTTCCGGTTCT	unresolved
GCACGGTTCTCATTTG	oligodendrocyte_OPC
GCACGTGAGAGAGCGG	neuronal
GCACGTGAGGGACTGT	unresolved
GCACGTGAGTGCACCC	astrocyte
GCACGTGAGTTTGCTG	unresolved
GCACGTGCAACCAATC	oligodendrocyte_OPC
GCACGTGCATGAAGGC	unresolved
GCACGTGGTCTTACAG	neuronal
GCACGTGGTCTTACTT	astrocyte
GCACGTGTCAAACCTG	microglia_immune
GCACGTGTCCGTCCTA	oligodendrocyte_OPC
GCACGTGTCCTCTTTC	unresolved
GCACGTGTCCTTCTAA	vascular
GCACGTGTCTTCACGC	neuronal
GCACGTGTCTTCGTGC	astrocyte
GCACGTGTCTTTGCTA	neuronal
GCACTAAAGCAATTCC	unresolved
GCACTAAAGCACTTTG	astrocyte
GCACTAAAGCTCGGCT	neuronal
GCACTAAAGTCAGGGT	oligodendrocyte_OPC
GCACTAACAATCGTCA	unresolved
GCACTAACACACCGCA	oligodendrocyte_OPC
GCACTAACACGCGTCA	oligodendrocyte_OPC
GCACTAACACGTCGGT	neuronal
GCACTAACATCGCTGG	unresolved
GCACTAAGTATCGTTG	oligodendrocyte_OPC
GCACTAAGTCGCCACA	oligodendrocyte_OPC
GCACTAATCTCTGGTC	neuronal
GCAGCCAAGAAACCAT	neuronal
GCAGCCAAGCTGCCAC	neuronal
GCAGCCAAGTGGACGT	astrocyte
GCAGCCACAGAGTGTG	unresolved
GCAGCCACAGCACAAG	oligodendrocyte_OPC
GCAGCCACATGGCCCA	vascular
GCAGCCAGTCGATTTG	unresolved
GCAGCCAGTGACATCT	oligodendrocyte_OPC
GCAGCCAGTGCCCAGT	astrocyte
GCAGCCAGTGCGGTAA	oligodendrocyte_OPC
GCAGCCAGTGGGATTG	unresolved
GCAGCCAGTTGGAGGT	astrocyte
GCAGCCATCACATACG	unresolved
GCAGCCATCATAGGCT	oligodendrocyte_OPC
GCAGCCATCGCTTGAA	unresolved
GCAGCCATCTAGTACG	astrocyte
GCAGCTGAGAGTGGCT	astrocyte
GCAGCTGAGATCGGTG	astrocyte
GCAGCTGAGCATGATA	oligodendrocyte_OPC
GCAGCTGAGCCGATAG	unresolved
GCAGCTGCAAGAAACT	ambiguous_or_doublet
GCAGCTGCACAGTACT	oligodendrocyte_OPC
GCAGCTGCACCGGTCA	microglia_immune
GCAGCTGCAGACAATA	unresolved
GCAGCTGCATTGACTG	oligodendrocyte_OPC
GCAGCTGGTAACTGCT	oligodendrocyte_OPC
GCAGCTGGTAAGATAC	oligodendrocyte_OPC
GCAGCTGGTACAGAAT	vascular
GCAGCTGGTAGAATAC	unresolved
GCAGCTGGTCATAACC	unresolved
GCAGCTGTCCAGCTCT	astrocyte
GCAGCTGTCGCGATCG	unresolved
GCAGCTGTCGGTTGTA	neuronal
GCAGCTGTCTCATTAC	oligodendrocyte_OPC
GCAGCTGTCTCGTTTA	oligodendrocyte_OPC
GCAGGCTAGCTATCCA	oligodendrocyte_OPC
GCAGGCTAGTGAGGCT	unresolved
GCAGGCTCAGAGATGC	unresolved
GCAGGCTCATAGTCAC	neuronal
GCAGGCTCATATGGCT	microglia_immune
GCAGGCTCATCACCAA	neuronal
GCAGGCTGTAGGTTTC	unresolved
GCAGGCTGTCCACATA	oligodendrocyte_OPC
GCAGGCTGTTTCGACA	astrocyte
GCAGGCTTCATGAGTC	microglia_immune
GCAGGCTTCCATCTAT	unresolved
GCAGGCTTCGTACACA	unresolved
GCAGGCTTCTCTCTAA	neuronal
GCAGGCTTCTGCGATA	unresolved
GCAGGCTTCTGGTCAA	neuronal
GCAGTTAAGAGCCATG	astrocyte
GCAGTTAAGATGACAT	astrocyte
GCAGTTAAGTTGCGAG	unresolved
GCAGTTACAAGTCCCG	astrocyte
GCAGTTACACCAGTTA	neuronal
GCAGTTACATTCTCCG	unresolved
GCAGTTAGTCATATGC	astrocyte
GCAGTTAGTCGAGATG	oligodendrocyte_OPC
GCAGTTAGTGACGCCT	oligodendrocyte_OPC
GCAGTTAGTGTGAGCA	oligodendrocyte_OPC
GCAGTTAGTTATTCCT	oligodendrocyte_OPC
GCAGTTATCGTTATCT	astrocyte
GCATCGGAGAAGTCCG	astrocyte
GCATCGGAGAATCGCG	microglia_immune
GCATCGGAGATGACCG	astrocyte
GCATCGGAGGGATCAC	astrocyte
GCATCGGAGGTCATTC	unresolved
GCATCGGCAAGGTTGG	vascular
GCATCGGCACGTTCGG	oligodendrocyte_OPC
GCATCGGGTAAGAACT	vascular
GCATCGGGTAGCTGAG	oligodendrocyte_OPC
GCATCGGGTATCTTCT	oligodendrocyte_OPC
GCATCGGGTCCATACA	oligodendrocyte_OPC
GCATCGGGTCTAGTGT	unresolved
GCATCGGGTCTGTCCT	unresolved
GCATCGGGTGCTATTG	unresolved
GCATCGGGTGGACTGA	astrocyte
GCATCGGGTTCTCGCT	astrocyte
GCATCGGTCCAAGAGG	oligodendrocyte_OPC
GCATCGGTCCACAGCG	oligodendrocyte_OPC
GCATCGGTCGCAGTGC	unresolved
GCATCGGTCTCTAGGA	unresolved
GCATCTCAGAAGATCT	oligodendrocyte_OPC
GCATCTCAGAGGCGTT	neuronal
GCATCTCAGATGTTAG	unresolved
GCATCTCAGCCTATTG	neuronal
GCATCTCAGGAACGTC	neuronal
GCATCTCAGGGAGAAT	microglia_immune
GCATCTCAGGGCAAGG	astrocyte
GCATCTCAGGTCACAG	unresolved
GCATCTCCAAAGGCAC	neuronal
GCATCTCCAAGAGTTA	unresolved
GCATCTCCACCTCTGT	oligodendrocyte_OPC
GCATCTCCACTAAACC	unresolved
GCATCTCGTAATGATG	oligodendrocyte_OPC
GCATCTCGTATGACAA	unresolved
GCATCTCGTATGCGGA	neuronal
GCATCTCGTCCGTACG	unresolved
GCATCTCGTGTCCATA	neuronal
GCATCTCGTGTTTACG	unresolved
GCATCTCGTTGGTAGG	unresolved
GCATCTCGTTTCCATT	unresolved
GCATCTCTCTCTTAAC	oligodendrocyte_OPC
GCATCTCTCTGGGTCG	unresolved
GCATGATAGCCTTGAT	unresolved
GCATGATAGGACCCAA	neuronal
GCATGATAGGTGAGCT	unresolved
GCATGATAGTACTGTC	unresolved
GCATGATCAAATCAAG	unresolved
GCATGATCAACCGGAA	unresolved
GCATGATCAATCAAGA	oligodendrocyte_OPC
GCATGATCAATGAAAC	neuronal
GCATGATGTGAGGCAT	unresolved
GCATGATGTTGGAGAC	unresolved
GCATGATTCATCGTAG	neuronal
GCATGATTCATTTCCA	unresolved
GCATGATTCCCATAGA	astrocyte
GCATGATTCCGGCTTT	unresolved
GCATGATTCCTCGCAT	neuronal
GCATGATTCGGCATTA	vascular
GCATGATTCTCGCTTG	oligodendrocyte_OPC
GCATGATTCTTCGATT	astrocyte
GCATTAGAGAAGAGCA	unresolved
GCATTAGAGCACTCTA	astrocyte
GCATTAGAGTCACAGG	vascular
GCATTAGAGTTTAGGA	astrocyte
GCATTAGCAGTCGTTA	oligodendrocyte_OPC
GCATTAGGTAGCTCGC	unresolved
GCATTAGGTTGCTTGA	oligodendrocyte_OPC
GCATTAGTCATGACAC	neuronal
GCATTAGTCATTCACT	vascular
GCATTAGTCATTTACC	unresolved
GCATTAGTCCACAGGC	unresolved
GCATTAGTCCGATCGG	unresolved
GCATTAGTCGCTTACC	astrocyte
GCATTAGTCTATTCGT	unresolved
GCCAACGAGCAGCAGT	astrocyte
GCCAACGCAAGACAAT	oligodendrocyte_OPC
GCCAACGCATCATGAC	unresolved
GCCAACGGTAGATGTA	unresolved
GCCAACGGTAGTCTGT	astrocyte
GCCAACGGTCACATTG	astrocyte
GCCAACGGTCATATGC	vascular
GCCAACGGTCGATGCC	oligodendrocyte_OPC
GCCAACGGTGCGTTTA	astrocyte
GCCAACGGTGGAGAAA	oligodendrocyte_OPC
GCCAACGGTTCCAAAC	astrocyte
GCCAACGGTTGCATAC	oligodendrocyte_OPC
GCCAACGTCAGCAATC	astrocyte
GCCAACGTCATGCGGC	astrocyte
GCCAACGTCCTCACTG	astrocyte
GCCAACGTCTCTATAC	unresolved
GCCAACGTCTGAATGC	neuronal
GCCAGCAAGAATTGCA	unresolved
GCCAGCAAGAGGTTAT	microglia_immune
GCCAGCAAGCAGGCTA	unresolved
GCCAGCAAGGCTCCCA	oligodendrocyte_OPC
GCCAGCAAGTTCCATG	neuronal
GCCAGCACACATAGCT	neuronal
GCCAGCACACGTGAGA	oligodendrocyte_OPC
GCCAGCACAGAAGCGT	oligodendrocyte_OPC
GCCAGCACAGATCCAT	neuronal
GCCAGCACAGCTGAGA	oligodendrocyte_OPC
GCCAGCAGTCCATCTC	oligodendrocyte_OPC
GCCAGCAGTCTGTCCT	unresolved
GCCAGCAGTCTTAGTG	neuronal
GCCAGCAGTGCGTGCT	astrocyte
GCCAGCAGTGGACTAG	neuronal
GCCAGCATCAAAGGAT	oligodendrocyte_OPC
GCCAGCATCCACTTCG	neuronal
GCCAGCATCCATACAG	neuronal
GCCAGCATCCATTTAC	astrocyte
GCCAGCATCCATTTCA	astrocyte
GCCAGCATCGATAACC	unresolved
GCCAGCATCGCTTACC	astrocyte
GCCAGCATCTCGTGGG	unresolved
GCCAGGTAGGAAGTAG	neuronal
GCCAGGTCAATTGCAC	oligodendrocyte_OPC
GCCAGGTCACCCTATC	unresolved
GCCAGGTCACTGGCGT	ambiguous_or_doublet
GCCAGGTCAGACATCT	astrocyte
GCCAGGTCATCCGGTG	astrocyte
GCCAGGTGTACAGTCT	unresolved
GCCAGGTGTATGCGGA	unresolved
GCCAGGTGTCCCGGTA	astrocyte
GCCAGGTGTCTCGGAC	unresolved
GCCAGGTGTGGCTAGA	vascular
GCCAGGTGTTGGAGGT	astrocyte
GCCAGGTTCATGCCCT	unresolved
GCCAGGTTCGGACTTA	unresolved
GCCAGTGAGGGACTGT	unresolved
GCCAGTGAGTCTGTAC	microglia_immune
GCCAGTGCAAAGGTTA	unresolved
GCCAGTGCAAGTTCCA	neuronal
GCCAGTGCACCAGCCA	oligodendrocyte_OPC
GCCAGTGCACGGGCTT	unresolved
GCCAGTGCACGTGAGA	astrocyte
GCCAGTGCACTCATAG	oligodendrocyte_OPC
GCCAGTGGTACAGAGC	unresolved
GCCAGTGGTACGACTT	oligodendrocyte_OPC
GCCAGTGGTGTGACCC	unresolved
GCCAGTGGTGTGTGGA	neuronal
GCCAGTGGTTTGTGGT	neuronal
GCCAGTGTCATTCGTT	neuronal
GCCAGTGTCCCGTTGT	unresolved
GCCAGTGTCGGCTGAC	astrocyte
GCCATGGAGCTCGCAC	astrocyte
GCCATGGAGGAAGAAC	astrocyte
GCCATGGAGTAAGCAT	oligodendrocyte_OPC
GCCATGGCACCCAACG	unresolved
GCCATGGCACGGGCTT	unresolved
GCCATGGCACTCCGAG	neuronal
GCCATGGCAGAGGTTG	vascular
GCCATGGCAGCTGAAG	unresolved
GCCATGGGTACTAGCT	oligodendrocyte_OPC
GCCATGGGTAGCACAG	neuronal
GCCATGGGTCCATACA	astrocyte
GCCATGGGTCTGGTTA	neuronal
GCCATGGGTGAAGCGT	oligodendrocyte_OPC
GCCATGGGTGACTAAA	astrocyte
GCCATGGGTGCAGATG	unresolved
GCCATGGGTTCGTAAC	astrocyte
GCCATGGTCACTTGGA	microglia_immune
GCCATGGTCCTGCTAC	astrocyte
GCCATGGTCGGAAGGT	neuronal
GCCATTCAGAGGATGA	unresolved
GCCATTCCAGTGTACT	unresolved
GCCATTCCATACATCG	unresolved
GCCATTCCATCGCCTT	oligodendrocyte_OPC
GCCATTCTCCACTTCG	neuronal
GCCATTCTCCACTTTA	oligodendrocyte_OPC
GCCATTCTCGGTCTGG	unresolved
GCCATTCTCTTACACT	ambiguous_or_doublet
GCCCAGAAGAAAGTCT	oligodendrocyte_OPC
GCCCAGAAGATTAGAC	unresolved
GCCCAGAAGCAGGCTA	astrocyte
GCCCAGAAGCCATGCC	vascular
GCCCAGAAGCGTTAGG	unresolved
GCCCAGAAGCTCCGAC	neuronal
GCCCAGAAGGTCTGGA	neuronal
GCCCAGAAGGTGCGAT	unresolved
GCCCAGAAGTCAGCCC	unresolved
GCCCAGACAACCAGAG	neuronal
GCCCAGACAAGCTACT	neuronal
GCCCAGACAGCACGAA	neuronal
GCCCAGACATAGCTGT	unresolved
GCCCAGAGTCTTTATC	astrocyte
GCCCAGATCCACAGGC	unresolved
GCCCAGATCCGCTGTT	astrocyte
GCCCAGATCTATGCCC	unresolved
GCCCGAAAGAATAGTC	neuronal
GCCCGAAAGACGGATC	neuronal
GCCCGAAAGCGGTATG	neuronal
GCCCGAAAGCTCGAAG	unresolved
GCCCGAAAGGAGGGTG	oligodendrocyte_OPC
GCCCGAACAAACTAAG	astrocyte
GCCCGAACAACAGAGC	neuronal
GCCCGAACAAGTGGCA	neuronal
GCCCGAACAGGAATAT	neuronal
GCCCGAACATCCTCAC	neuronal
GCCCGAAGTCACGCTG	unresolved
GCCCGAAGTCGATTTG	unresolved
GCCCGAAGTGTAGGAC	neuronal
GCCCGAAGTTTGAAAG	neuronal
GCCGATGAGACTGTTC	unresolved
GCCGATGAGAGAGCCT	unresolved
GCCGATGAGATAGTGT	unresolved
GCCGATGAGCATCAAA	astrocyte
GCCGATGAGGGCAGAG	unresolved
GCCGATGAGTACGAGC	unresolved
GCCGATGCAACACAAA	oligodendrocyte_OPC
GCCGATGCAAGACCTT	unresolved
GCCGATGCACAAGCTT	ambiguous_or_doublet
GCCGATGCACGGCACT	unresolved
GCCGATGCAGCCGTCA	oligodendrocyte_OPC
GCCGATGCATGGCACC	neuronal
GCCGATGCATTGTCGA	oligodendrocyte_OPC
GCCGATGGTACCGTCG	oligodendrocyte_OPC
GCCGATGGTCCACTTC	microglia_immune
GCCGATGGTCGAACGA	unresolved
GCCGATGGTCTTGCGG	unresolved
GCCGATGGTTACGCCG	oligodendrocyte_OPC
GCCGATGGTTTCAGAC	neuronal
GCCGATGTCCATATGG	neuronal
GCCGATGTCCATCGTC	astrocyte
GCCGATGTCTCCGAGG	oligodendrocyte_OPC
GCCGATGTCTTCACAT	unresolved
GCCGTGAAGCTCAGAG	astrocyte
GCCGTGAAGGAAAGTG	neuronal
GCCGTGACAGACCCGT	unresolved
GCCGTGACAGGTTCAT	oligodendrocyte_OPC
GCCGTGACATCTCCCA	neuronal
GCCGTGACATGACTAC	oligodendrocyte_OPC
GCCGTGATCAGGGATG	oligodendrocyte_OPC
GCCGTGATCGCAATTG	neuronal
GCCGTGATCGTAGAGG	neuronal
GCCGTGATCTTCCCGA	unresolved
GCCTGTTAGCGTGAGT	neuronal
GCCTGTTAGGATTTAG	astrocyte
GCCTGTTAGGGTCTTT	unresolved
GCCTGTTAGTATGACA	neuronal
GCCTGTTAGTCCGCGT	oligodendrocyte_OPC
GCCTGTTCAACCCTAA	vascular
GCCTGTTCACCAGCCA	unresolved
GCCTGTTCACGGCGTT	neuronal
GCCTGTTCAGCACAAG	unresolved
GCCTGTTGTATCAAGA	oligodendrocyte_OPC
GCCTGTTGTCACTCAA	oligodendrocyte_OPC
GCCTGTTGTTCGTGCG	astrocyte
GCCTGTTGTTGTCATG	unresolved
GCCTGTTTCAGGAACG	neuronal
GCCTGTTTCATTACTC	unresolved
GCCTGTTTCGAGAGAC	microglia_immune
GCCTGTTTCGCGGACT	unresolved
GCCTGTTTCGTTACCC	neuronal
GCGAGAAAGATTGGGC	oligodendrocyte_OPC
GCGAGAAAGTGCAAAT	unresolved
GCGAGAACAACGCATT	unresolved
GCGAGAACAATACCTG	microglia_immune
GCGAGAACACATGGTT	neuronal
GCGAGAACACGCACCA	unresolved
GCGAGAACACTCCGGA	neuronal
GCGAGAACATCTGGGC	unresolved
GCGAGAAGTAACTGCT	neuronal
GCGAGAAGTAGCCCTG	unresolved
GCGAGAAGTCAGGAGT	unresolved
GCGAGAATCACAAGGG	microglia_immune
GCGAGAATCACAATGC	unresolved
GCGATCGAGCATCCTA	unresolved
GCGATCGAGGGCCAAT	oligodendrocyte_OPC
GCGATCGAGGTACTGG	unresolved
GCGATCGAGTAGTGCG	neuronal
GCGATCGCAGCGTGAA	neuronal
GCGATCGCAGGACGAT	oligodendrocyte_OPC
GCGATCGGTATTCTCT	oligodendrocyte_OPC
GCGATCGGTGGTAATA	unresolved
GCGATCGGTTGTCATG	oligodendrocyte_OPC
GCGATCGTCAGTCCGG	astrocyte
GCGATCGTCCAAAGGG	neuronal
GCGATCGTCCACAAGT	unresolved
GCGATCGTCCGATGCG	astrocyte
GCGATCGTCGCCACTT	unresolved
GCGATCGTCTATACGG	unresolved
GCGGAAAAGCATCAAA	oligodendrocyte_OPC
GCGGAAAAGCGCCTAC	unresolved
GCGGAAAAGGCACTAG	oligodendrocyte_OPC
GCGGAAACAACGAGGT	oligodendrocyte_OPC
GCGGAAACACTCCTTG	neuronal
GCGGAAACACTCGATA	unresolved
GCGGAAAGTCGAACAG	unresolved
GCGGAAAGTGTACAGG	neuronal
GCGGAAATCATTGGTG	unresolved
GCGGAAATCGAGCACC	unresolved
GCGGAAATCGAGTGAG	neuronal
GCGGAAATCGGCGATC	unresolved
GCGGAAATCTCGCTTG	neuronal
GCGGAAATCTTCTGGC	astrocyte
GCGGATCAGACATATG	neuronal
GCGGATCCAACTGCTA	unresolved
GCGGATCCAGAGTGAC	unresolved
GCGGATCCAGTAGTTC	neuronal
GCGGATCCAGTTTCGA	astrocyte
GCGGATCGTAGCCCTG	unresolved
GCGGATCGTCTCGACG	neuronal
GCGGATCGTCTTCAAG	unresolved
GCGGATCGTTCTCGCT	astrocyte
GCGGATCGTTGGGCCT	astrocyte
GCGGATCGTTGGTACT	neuronal
GCGGATCGTTTCACAG	unresolved
GCGGATCTCCAGCTCT	astrocyte
GCGTGCAAGCTACTAC	neuronal
GCGTGCAAGTCTTGGT	astrocyte
GCGTGCACAGGTCAGA	astrocyte
GCGTGCAGTAACTAAG	neuronal
GCGTGCAGTAATCAGA	oligodendrocyte_OPC
GCGTGCAGTCGAGTGA	astrocyte
GCGTGCAGTGGCTTGC	unresolved
GCGTGCATCAACCTCC	microglia_immune
GCGTGCATCACGTAGT	oligodendrocyte_OPC
GCGTGCATCCTCAGGG	unresolved
GCGTGCATCTAGCAAC	astrocyte
GCGTTTCAGAAATGGG	neuronal
GCGTTTCAGACGGAAA	neuronal
GCGTTTCAGTATGTAG	astrocyte
GCGTTTCCAGCACGAA	oligodendrocyte_OPC
GCGTTTCGTATCGCTA	neuronal
GCGTTTCGTGGTCCGT	unresolved
GCGTTTCTCACTGATG	unresolved
GCGTTTCTCATTCTTG	microglia_immune
GCGTTTCTCCTTATAC	unresolved
GCGTTTCTCGGTTAGT	oligodendrocyte_OPC
GCTACAAAGATGGGCT	oligodendrocyte_OPC
GCTACAAGTACAACGG	neuronal
GCTACAAGTAGTGGCA	astrocyte
GCTACAAGTCTTCTAT	unresolved
GCTACAAGTTCTCCAC	unresolved
GCTACAAGTTTCAGAC	unresolved
GCTACAATCATTGGTG	astrocyte
GCTACAATCGCTTAAG	astrocyte
GCTACCTAGAGTACCG	unresolved
GCTACCTAGCGTCTGC	oligodendrocyte_OPC
GCTACCTAGTACCGGA	oligodendrocyte_OPC
GCTACCTGTAAGCTCT	neuronal
GCTACCTGTAATGCGG	astrocyte
GCTACCTGTATTGGCT	neuronal
GCTACCTGTGTTACAC	unresolved
GCTACCTGTTGCTTGA	oligodendrocyte_OPC
GCTACCTGTTGTGCCG	astrocyte
GCTACCTTCATTATCC	microglia_immune
GCTACCTTCCAGCTCT	oligodendrocyte_OPC
GCTACCTTCCTAGCCT	astrocyte
GCTACCTTCGACATAC	unresolved
GCTACCTTCGCAATGT	neuronal
GCTACCTTCTACGCGG	unresolved
GCTCAAAAGAACGCGT	neuronal
GCTCAAAAGACTGGGT	oligodendrocyte_OPC
GCTCAAACACTTCAAG	unresolved
GCTCAAACAGATACCT	unresolved
GCTCAAACAGCCATTA	unresolved
GCTCAAACAGGACAGT	oligodendrocyte_OPC
GCTCAAACAGTGCCTG	astrocyte
GCTCAAAGTCCATACA	astrocyte
GCTCAAAGTCTTCAAG	unresolved
GCTCAAAGTTAGCTAC	vascular
GCTCAAAGTTCGGCTG	oligodendrocyte_OPC
GCTCAAAGTTGTAAAG	neuronal
GCTCAAAGTTGTTTGG	neuronal
GCTCAAATCAAGGACG	oligodendrocyte_OPC
GCTCAAATCAGAGTGG	neuronal
GCTCAAATCGAGAAAT	oligodendrocyte_OPC
GCTCAAATCGAGAAGC	unresolved
GCTCAAATCTCTCCGA	vascular
GCTGAATCAAGAGTGC	vascular
GCTGAATCACGACGTC	neuronal
GCTGAATCACGTAACT	neuronal
GCTGAATCAGAACCGA	unresolved
GCTGAATGTACACGTT	unresolved
GCTGAATGTACGCGTC	unresolved
GCTGAATGTGCCTTTC	neuronal
GCTGAATTCATAGACC	neuronal
GCTGAATTCATGCCGG	neuronal
GCTGAATTCCACCTCA	oligodendrocyte_OPC
GCTGCAGAGGCCCAAA	neuronal
GCTGCAGAGGTTCTTG	astrocyte
GCTGCAGCAAACACGG	vascular
GCTGCAGCAACGATCT	astrocyte
GCTGCAGCACATACTG	astrocyte
GCTGCAGCAGCTGTGC	oligodendrocyte_OPC
GCTGCAGCAGTCGCTG	unresolved
GCTGCAGCATCAGTGT	oligodendrocyte_OPC
GCTGCAGGTAAGGCTG	ambiguous_or_doublet
GCTGCAGGTCGTATGT	unresolved
GCTGCAGGTTGCTCAA	neuronal
GCTGCAGTCGTAGTGT	oligodendrocyte_OPC
GCTGCAGTCTGAGATC	neuronal
GCTGGGTAGTCAACAA	neuronal
GCTGGGTCACAGTCCG	oligodendrocyte_OPC
GCTGGGTCACGTCGTG	neuronal
GCTGGGTCAGAGATGC	astrocyte
GCTGGGTCATAGACTC	unresolved
GCTGGGTCATGTCAGT	unresolved
GCTGGGTGTCGAACAG	unresolved
GCTGGGTGTGTCCGGT	unresolved
GCTGGGTTCACTCGAA	unresolved
GCTGGGTTCTTAGGAC	oligodendrocyte_OPC
GCTTCACAGCTCTGTA	astrocyte
GCTTCACAGCTGTGCC	unresolved
GCTTCACCAACACAGG	unresolved
GCTTCACCAAGTCCAT	astrocyte
GCTTCACGTAATTGGA	neuronal
GCTTCACGTAGTACGG	neuronal
GCTTCACGTGCTTATG	unresolved
GCTTCACGTTCTCACC	oligodendrocyte_OPC
GCTTCACTCTGCTTTA	oligodendrocyte_OPC
GCTTGGGAGTCCCAAT	neuronal
GCTTGGGAGTCGAGGT	neuronal
GCTTGGGAGTGATAGT	oligodendrocyte_OPC
GCTTGGGCAAGTGACG	unresolved
GCTTGGGCAGGGATAC	microglia_immune
GCTTGGGCATACAGGG	unresolved
GCTTGGGCATAGGTTC	unresolved
GCTTGGGGTATTCCGA	ambiguous_or_doublet
GCTTGGGGTCTCTCCA	unresolved
GCTTGGGGTGCGACAA	unresolved
GCTTGGGGTGTTACAC	neuronal
GCTTGGGGTTCGAACT	unresolved
GCTTGGGTCATCCTAT	astrocyte
GCTTGGGTCTGCATAG	oligodendrocyte_OPC
GCTTTCGAGACTGGGT	unresolved
GCTTTCGAGAGCAGTC	vascular
GCTTTCGAGAGTGACC	astrocyte
GCTTTCGAGCGCATCC	neuronal
GCTTTCGAGCGTCAGA	neuronal
GCTTTCGAGGTGGTTG	oligodendrocyte_OPC
GCTTTCGCAACCCGCA	neuronal
GCTTTCGCACTGAATC	astrocyte
GCTTTCGCAGGTCAAG	neuronal
GCTTTCGCAGTCTTCC	unresolved
GCTTTCGCATAATGCC	oligodendrocyte_OPC
GCTTTCGGTGTCCGTG	microglia_immune
GCTTTCGGTTGGACCC	astrocyte
GCTTTCGGTTTCGACA	unresolved
GCTTTCGTCACGGGAA	oligodendrocyte_OPC
GCTTTCGTCAGACATC	unresolved
GCTTTCGTCCCTCTAG	neuronal
GCTTTCGTCGATAACC	astrocyte
GCTTTCGTCGCTAGCG	astrocyte
GCTTTCGTCGTAGGAG	unresolved
GGAACCCAGCAAGTCG	oligodendrocyte_OPC
GGAACCCAGTGTCATC	neuronal
GGAACCCCAATAGGAT	oligodendrocyte_OPC
GGAACCCCAGAGAATT	astrocyte
GGAACCCCAGCTGGTC	unresolved
GGAACCCGTCATGGCC	astrocyte
GGAACCCGTGACGCCT	neuronal
GGAACCCGTGACTCTA	oligodendrocyte_OPC
GGAACCCTCACCTGTC	neuronal
GGAACCCTCTCATTTG	oligodendrocyte_OPC
GGAAGTGAGCATATGA	unresolved
GGAAGTGAGCGCTGAA	neuronal
GGAAGTGAGCTCAGAG	astrocyte
GGAAGTGAGCTGAAGC	oligodendrocyte_OPC
GGAAGTGAGGCTAAAT	neuronal
GGAAGTGAGGGCAAGG	microglia_immune
GGAAGTGAGGTCATCT	unresolved
GGAAGTGAGTATCTGC	astrocyte
GGAAGTGCAACTCCCT	neuronal
GGAAGTGCAATACGCT	unresolved
GGAAGTGCAATGGCCC	unresolved
GGAAGTGCACGCCAGT	unresolved
GGAAGTGCACGGGCTT	unresolved
GGAAGTGCACTCTCGT	astrocyte
GGAAGTGCAGTCGCTG	neuronal
GGAAGTGGTAAGTAGT	oligodendrocyte_OPC
GGAAGTGGTATGCGTT	unresolved
GGAAGTGGTCCAGCGT	astrocyte
GGAAGTGGTCTGCAAT	unresolved
GGAAGTGGTGTGTGGA	neuronal
GGAAGTGGTTAACAGA	unresolved
GGAAGTGGTTAGAGAT	unresolved
GGAAGTGTCATTACCT	unresolved
GGAAGTGTCCCTGGTT	unresolved
GGAATCTAGCAACTCT	oligodendrocyte_OPC
GGAATCTAGCTTGTTG	neuronal
GGAATCTAGTAGCCAG	unresolved
GGAATCTAGTTCGGTT	unresolved
GGAATCTCAAACCACT	vascular
GGAATCTCACAGTCGC	astrocyte
GGAATCTCACGTTCGG	unresolved
GGAATCTCATACTGAC	vascular
GGAATCTCATCGAGCC	oligodendrocyte_OPC
GGAATCTCATGTCAGT	oligodendrocyte_OPC
GGAATCTGTACGAAAT	unresolved
GGAATCTGTCGTTGCG	unresolved
GGAATCTGTGGATCAG	unresolved
GGAATCTGTGTCCGTG	oligodendrocyte_OPC
GGAATCTTCATCGCCT	unresolved
GGAATCTTCCTCTTTC	neuronal
GGAATCTTCTCTCCGA	neuronal
GGAATGGAGAAGCGGG	neuronal
GGAATGGAGAATCGAT	unresolved
GGAATGGAGGAACTAT	unresolved
GGAATGGAGGGTAGCT	unresolved
GGAATGGCAACGAGGT	oligodendrocyte_OPC
GGAATGGCAAGGTACG	unresolved
GGAATGGCAATCTCTT	astrocyte
GGAATGGCACCCAATA	unresolved
GGAATGGCACTGTGTA	neuronal
GGAATGGCAGCACGAA	unresolved
GGAATGGCATCGTTCC	astrocyte
GGAATGGCATTAGGAA	astrocyte
GGAATGGGTATGAGCG	oligodendrocyte_OPC
GGAATGGGTCACTAGT	unresolved
GGAATGGGTCATCGCG	astrocyte
GGAATGGGTCTTGCTC	unresolved
GGAATGGGTTAATGAG	microglia_immune
GGAATGGTCCGTGTAA	astrocyte
GGAATGGTCGACATCA	unresolved
GGAATGGTCTCATTAC	oligodendrocyte_OPC
GGACGTCAGCGAGTCA	astrocyte
GGACGTCCAAGAGTAT	unresolved
GGACGTCCAAGTGACG	unresolved
GGACGTCCAATGCAAA	oligodendrocyte_OPC
GGACGTCCAGCAGATG	neuronal
GGACGTCGTATGCTTG	astrocyte
GGACGTCGTTCTCAGA	unresolved
GGACGTCGTTGGGTAG	unresolved
GGACGTCTCCACTAGA	astrocyte
GGACGTCTCGGTCTAA	neuronal
GGAGAACAGAAGGCTC	unresolved
GGAGAACAGACTCAAA	unresolved
GGAGAACAGCGGGTTA	oligodendrocyte_OPC
GGAGAACAGTGCACCC	unresolved
GGAGAACCAAGGAGTC	neuronal
GGAGAACCACAGCCTG	unresolved
GGAGAACGTCACGTGC	neuronal
GGAGAACGTCAGACTT	neuronal
GGAGAACGTCGTATTG	unresolved
GGAGAACGTCTAACTG	oligodendrocyte_OPC
GGAGAACGTCTCGGGT	neuronal
GGAGAACGTGGCCACT	unresolved
GGAGAACTCAATCCGA	unresolved
GGAGAACTCACTGGTA	unresolved
GGAGAACTCAGACCTA	oligodendrocyte_OPC
GGAGATGAGATGAATC	oligodendrocyte_OPC
GGAGATGAGGGTAGCT	neuronal
GGAGATGCAAATAAGC	astrocyte
GGAGATGCAAATACAG	microglia_immune
GGAGATGCACCACATA	neuronal
GGAGATGCACGGTGCT	microglia_immune
GGAGATGGTAGTATAG	unresolved
GGAGATGGTCACCCTT	oligodendrocyte_OPC
GGAGATGGTCATCACA	astrocyte
GGAGATGGTGATCATC	neuronal
GGAGATGGTTACGATC	unresolved
GGAGATGGTTATCCAG	unresolved
GGAGATGTCCACACCT	oligodendrocyte_OPC
GGAGATGTCCATTGGA	oligodendrocyte_OPC
GGAGATGTCGTGTCAA	astrocyte
GGAGATGTCTTCGTGC	unresolved
GGAGCAAAGGGCGAGA	oligodendrocyte_OPC
GGAGCAACAACTGCTA	unresolved
GGAGCAACATCAGCTA	astrocyte
GGAGCAAGTAGTGTGG	astrocyte
GGAGCAAGTGGCCCAT	oligodendrocyte_OPC
GGAGCAATCACAAGGG	unresolved
GGAGCAATCCTACCAC	astrocyte
GGAGCAATCGCTGTTC	oligodendrocyte_OPC
GGAGCAATCGTGGCGT	astrocyte
GGAGGATAGGTACAGC	oligodendrocyte_OPC
GGAGGATCACCCTTAC	unresolved
GGAGGATCACCTATCC	neuronal
GGAGGATCACCTGCAG	neuronal
GGAGGATCAGCCCACA	unresolved
GGAGGATCATCTAACG	unresolved
GGAGGATGTAGCTTGT	unresolved
GGAGGATGTATGCTTG	oligodendrocyte_OPC
GGAGGATGTATTGACC	oligodendrocyte_OPC
GGAGGATGTCCCTGAG	unresolved
GGAGGATGTCTCAGGC	unresolved
GGAGGATGTGCGAACA	unresolved
GGAGGATTCAACACCA	microglia_immune
GGAGGATTCGCTTACC	oligodendrocyte_OPC
GGAGGATTCTTGATTC	oligodendrocyte_OPC
GGAGGTAAGAGGCGTT	unresolved
GGAGGTAAGAGTCTTC	astrocyte
GGAGGTAAGCGTGTTT	unresolved
GGAGGTAAGCTTGTGT	unresolved
GGAGGTAAGGCTTAGG	astrocyte
GGAGGTAAGGTAGTCG	astrocyte
GGAGGTAAGTTAGTAG	unresolved
GGAGGTACAACCAGAG	oligodendrocyte_OPC
GGAGGTACAGGAGGTT	unresolved
GGAGGTACATCGAAGG	oligodendrocyte_OPC
GGAGGTAGTGATCATC	neuronal
GGAGGTAGTGATTCAC	unresolved
GGAGGTAGTGGAAGTC	unresolved
GGAGGTATCAGGACAG	unresolved
GGAGGTATCATCACCC	microglia_immune
GGAGGTATCATTGTGG	vascular
GGAGGTATCCGCTAGG	oligodendrocyte_OPC
GGAGGTATCGAGAACG	oligodendrocyte_OPC
GGAGGTATCTGAGGCC	unresolved
GGAGGTATCTGCAGCG	astrocyte
GGATCTAAGCGTTCAT	unresolved
GGATCTAAGCTGGCTC	unresolved
GGATCTAAGTAAGAGG	unresolved
GGATCTACAGAAGCTG	unresolved
GGATCTACAGGAATAT	neuronal
GGATCTAGTGACACGA	neuronal
GGATCTAGTGAGTTGG	unresolved
GGATCTAGTGTAAACA	unresolved
GGATCTATCACAGTGT	vascular
GGATCTATCCGTGTAA	astrocyte
GGATCTATCCTAAACG	unresolved
GGATCTATCTGCAGCG	astrocyte
GGATGTTAGACCCGCT	unresolved
GGATGTTAGAGTCAGC	unresolved
GGATGTTAGGCCTAAG	astrocyte
GGATGTTAGTGGAATT	neuronal
GGATGTTCACGACGCT	astrocyte
GGATGTTCAGAGAATT	oligodendrocyte_OPC
GGATGTTCAGCTGTTA	unresolved
GGATGTTCAGTTGAAA	astrocyte
GGATGTTCATCACGGC	oligodendrocyte_OPC
GGATGTTCATCATTGG	unresolved
GGATGTTGTACAGAGC	oligodendrocyte_OPC
GGATGTTGTAGTCTGT	unresolved
GGATGTTGTATCGAGG	neuronal
GGATGTTGTGGATCGA	astrocyte
GGATGTTGTTCATCTT	neuronal
GGATGTTTCAAAGACA	unresolved
GGATGTTTCACATACG	neuronal
GGCACGTAGTGGTGGT	neuronal
GGCACGTCATGGGTTT	oligodendrocyte_OPC
GGCACGTGTCGAGCTC	unresolved
GGCACGTGTGAATGTA	ambiguous_or_doublet
GGCACGTTCCGGACGT	unresolved
GGCACGTTCGCAATGT	unresolved
GGCACGTTCGCCTTGT	neuronal
GGCACGTTCTTACCGC	oligodendrocyte_OPC
GGCAGTCAGACGCAGT	oligodendrocyte_OPC
GGCAGTCAGCGACATG	unresolved
GGCAGTCAGCGAGAAA	unresolved
GGCAGTCAGCTCGGCT	unresolved
GGCAGTCAGGCTATCT	unresolved
GGCAGTCAGGGACTGT	neuronal
GGCAGTCAGGTGATCG	astrocyte
GGCAGTCAGGTTAGTA	unresolved
GGCAGTCCAAGTTTGC	unresolved
GGCAGTCCACTGAGTT	neuronal
GGCAGTCCACTTCATT	astrocyte
GGCAGTCCAGAATGTA	neuronal
GGCAGTCGTATCATGC	astrocyte
GGCAGTCGTATGAGAT	unresolved
GGCAGTCGTGTGATGG	oligodendrocyte_OPC
GGCAGTCGTTAAACAG	astrocyte
GGCAGTCGTTTACCAG	unresolved
GGCAGTCTCGCAATGT	unresolved
GGCGTCAAGCTGTACT	oligodendrocyte_OPC
GGCGTCAAGTTGGACG	astrocyte
GGCGTCACAACACAAA	unresolved
GGCGTCACAACTGGTT	unresolved
GGCGTCACACAGGATG	unresolved
GGCGTCACAGAGAAAG	astrocyte
GGCGTCACAGCATACT	unresolved
GGCGTCAGTACAGAAT	unresolved
GGCGTCAGTGAGTAGC	oligodendrocyte_OPC
GGCGTCATCACTACTT	unresolved
GGCGTCATCATCACCC	unresolved
GGCGTCATCCTAGCGG	unresolved
GGCGTCATCGAGTCTA	neuronal
GGCGTCATCTTCTGGC	neuronal
GGCTGTGAGCGTCTGC	neuronal
GGCTGTGAGGACGCTA	oligodendrocyte_OPC
GGCTGTGCAATAACCC	oligodendrocyte_OPC
GGCTGTGCAATCCTAG	oligodendrocyte_OPC
GGCTGTGCAGCGTATT	oligodendrocyte_OPC
GGCTGTGCAGTTAAAG	oligodendrocyte_OPC
GGCTGTGGTCGAGCTC	unresolved
GGCTGTGGTGCTCGTG	neuronal
GGCTGTGGTTCGATTG	neuronal
GGCTGTGGTTCTGAGT	oligodendrocyte_OPC
GGCTGTGTCATTCCTA	astrocyte
GGCTGTGTCATTTGTC	unresolved
GGCTGTGTCGAACACT	neuronal
GGCTGTGTCGCATTGA	neuronal
GGCTGTGTCGGACAAG	astrocyte
GGCTGTGTCTGGCCAG	oligodendrocyte_OPC
GGCTGTGTCTTAGTTC	astrocyte
GGCTGTGTCTTGGCTC	oligodendrocyte_OPC
GGCTTGGAGCCATCCG	neuronal
GGCTTGGAGGTGCCAA	unresolved
GGCTTGGCAAGTCCCG	neuronal
GGCTTGGCACGGAAGT	neuronal
GGCTTGGCAGAAATTG	unresolved
GGCTTGGCATTGGCAT	neuronal
GGCTTGGGTACTGAGG	unresolved
GGCTTGGGTCGAGCTC	neuronal
GGCTTGGGTCGCTTGG	unresolved
GGCTTGGGTCTTCGAA	neuronal
GGCTTGGGTTCAACGT	unresolved
GGCTTGGTCAGAACCT	neuronal
GGCTTGGTCAGCCTCT	neuronal
GGCTTGGTCCGTCACT	neuronal
GGCTTGGTCGTACCTC	astrocyte
GGCTTGGTCGTGCAGC	neuronal
GGCTTGGTCTTCGATT	neuronal
GGCTTTCAGCGAGTCA	unresolved
GGCTTTCAGCTTCTAG	unresolved
GGCTTTCAGTCTGGAG	neuronal
GGCTTTCAGTGTGTTC	oligodendrocyte_OPC
GGCTTTCCACATCCCT	neuronal
GGCTTTCGTAGTAAGT	vascular
GGCTTTCGTGGACTAG	unresolved
GGCTTTCTCATGAGAA	astrocyte
GGCTTTCTCCATACAG	unresolved
GGGAAGTAGGCCGCTT	astrocyte
GGGAAGTAGGTAAGTT	astrocyte
GGGAAGTAGTAAGGGA	unresolved
GGGAAGTCAACCAACT	unresolved
GGGAAGTCATCGATAC	unresolved
GGGAAGTCATTGGCAT	oligodendrocyte_OPC
GGGAAGTGTAGAGGAA	unresolved
GGGAAGTGTAGCTGTT	oligodendrocyte_OPC
GGGAAGTGTCGAGTGA	astrocyte
GGGAAGTTCCTTCTGG	oligodendrocyte_OPC
GGGACAAAGACTAGAT	unresolved
GGGACAAAGCTCCCTT	astrocyte
GGGACAAAGGTGAGCT	oligodendrocyte_OPC
GGGACAAAGTTTCTTC	neuronal
GGGACAACAAACGAGC	unresolved
GGGACAACAAATTGGA	unresolved
GGGACAACAACAGCCC	unresolved
GGGACAACAGGTGTGA	unresolved
GGGACAACAGTCGGAA	oligodendrocyte_OPC
GGGACAACATGACTGT	unresolved
GGGACAAGTATTTCTC	unresolved
GGGACAAGTCATAGTC	unresolved
GGGACAAGTGGCACTC	unresolved
GGGACAAGTGTTCGAT	unresolved
GGGACAATCACACGAT	unresolved
GGGACAATCAGGAGAC	oligodendrocyte_OPC
GGGACAATCCCTGGTT	astrocyte
GGGACAATCCGATCGG	astrocyte
GGGACAATCGTCCTCA	unresolved
GGGACAATCTATGTGG	oligodendrocyte_OPC
GGGACAATCTCTGCCA	unresolved
GGGACCTAGACAAGCC	unresolved
GGGACCTAGGTCATAA	neuronal
GGGACCTCAACAAAGT	unresolved
GGGACCTCAAGAGTAT	unresolved
GGGACCTCACAGTGAG	neuronal
GGGACCTCAGAGTCTT	neuronal
GGGACCTCAGCGTGAA	unresolved
GGGACCTCAGCGTTTA	astrocyte
GGGACCTCATTACGGT	oligodendrocyte_OPC
GGGACCTGTAGCTGCC	neuronal
GGGACCTGTCAACCAT	neuronal
GGGACCTGTCCTGTCT	microglia_immune
GGGACCTGTGTCTTGA	astrocyte
GGGACCTGTTCATCTT	microglia_immune
GGGACCTGTTTACTTC	astrocyte
GGGACCTTCCTGGGAC	oligodendrocyte_OPC
GGGACCTTCGTCAGAT	unresolved
GGGACCTTCTACCAGA	oligodendrocyte_OPC
GGGACCTTCTTACGTT	neuronal
GGGACTCAGAAATCCA	astrocyte
GGGACTCAGCATTGAA	neuronal
GGGACTCAGGTGTGAC	astrocyte
GGGACTCAGTCCCAAT	unresolved
GGGACTCAGTGCACAG	neuronal
GGGACTCCAAGGCCTC	astrocyte
GGGACTCCACATTCTT	unresolved
GGGACTCCACCCTAGG	unresolved
GGGACTCCATGTTACG	unresolved
GGGACTCGTCAGCTTA	vascular
GGGACTCGTCGTCATA	unresolved
GGGACTCGTGGAGAAA	astrocyte
GGGACTCGTTTCGTGA	unresolved
GGGACTCTCCGGCAGT	neuronal
GGGACTCTCGCTGATA	astrocyte
GGGAGATAGAAAGCGA	unresolved
GGGAGATAGAGTTCGG	astrocyte
GGGAGATAGCACCGAA	neuronal
GGGAGATAGCATTGAA	unresolved
GGGAGATAGCGATTCT	oligodendrocyte_OPC
GGGAGATAGGCCTTCG	neuronal
GGGAGATAGGTCATAA	astrocyte
GGGAGATAGGTCGAGT	astrocyte
GGGAGATCAACGGGTA	astrocyte
GGGAGATCAATGCAAA	oligodendrocyte_OPC
GGGAGATCACAATTCG	neuronal
GGGAGATCAGGCTATT	astrocyte
GGGAGATCATATAGCC	oligodendrocyte_OPC
GGGAGATCATCCTAAG	oligodendrocyte_OPC
GGGAGATCATGTCAGT	oligodendrocyte_OPC
GGGAGATGTGTGGACA	unresolved
GGGAGATGTTCAAGGG	astrocyte
GGGAGATGTTCTCCAC	unresolved
GGGAGATTCAATGCAC	neuronal
GGGAGATTCCATAAGC	unresolved
GGGAGTAAGCGTACAG	unresolved
GGGAGTAAGGGCCTCT	neuronal
GGGAGTAAGTTAGAAC	unresolved
GGGAGTACAACTCATG	neuronal
GGGAGTACAATTTCCT	oligodendrocyte_OPC
GGGAGTACACGCGGTT	neuronal
GGGAGTACAGAAGTGC	astrocyte
GGGAGTACAGGTCAAG	unresolved
GGGAGTACATACTGTG	astrocyte
GGGAGTACATAGATCC	astrocyte
GGGAGTACATCTCCCA	microglia_immune
GGGAGTACATGGATCT	oligodendrocyte_OPC
GGGAGTAGTATCACGT	unresolved
GGGAGTAGTGCCTTCT	unresolved
GGGAGTATCAGCGTCG	unresolved
GGGAGTATCCAGTTCC	unresolved
GGGAGTATCCGACATA	unresolved
GGGAGTATCCGCAAAT	unresolved
GGGAGTATCTGAGTCA	neuronal
GGGAGTATCTTCGGTC	microglia_immune
GGGATCCAGAAGCTCG	unresolved
GGGATCCAGCCAAGTG	oligodendrocyte_OPC
GGGATCCAGCTCGAAG	unresolved
GGGATCCAGGGTCTTT	unresolved
GGGATCCAGTAGCCAG	neuronal
GGGATCCAGTCGGGAT	unresolved
GGGATCCCAATTGGTC	neuronal
GGGATCCCAGAGATTA	oligodendrocyte_OPC
GGGATCCCAGGTGGAT	unresolved
GGGATCCCATGGAGAC	astrocyte
GGGATCCGTCTCCCTA	neuronal
GGGATCCGTGCGAACA	neuronal
GGGATCCGTTGACTGT	astrocyte
GGGATCCTCACCTGTC	neuronal
GGGATCCTCTCTCGCA	unresolved
GGGATGAAGACGCAGT	microglia_immune
GGGATGAAGACTCATC	neuronal
GGGATGAAGGCGCTCT	astrocyte
GGGATGAAGGTTCAGG	unresolved
GGGATGAAGTTCCAGT	neuronal
GGGATGACACTCCTTG	neuronal
GGGATGACATGACTGT	unresolved
GGGATGAGTAAGAACT	unresolved
GGGATGAGTAGAGTTA	microglia_immune
GGGATGAGTCCTCATC	unresolved
GGGATGAGTCTCGCGA	neuronal
GGGATGAGTGCCTACG	unresolved
GGGATGAGTTCTCCCA	unresolved
GGGATGATCCCATAGA	unresolved
GGGATGATCCTTATCA	neuronal
GGGATGATCGCTGACG	neuronal
GGGATGATCTTGGAAC	oligodendrocyte_OPC
GGGCCATAGACATCCT	neuronal
GGGCCATAGAGCATTA	neuronal
GGGCCATAGCCAGACA	neuronal
GGGCCATAGTATCTGC	unresolved
GGGCCATCACATATGC	unresolved
GGGCCATCACCTGAAT	oligodendrocyte_OPC
GGGCCATCAGAGCGTA	neuronal
GGGCCATCAGCTTTCC	unresolved
GGGCCATGTGAGTGAC	microglia_immune
GGGCCATGTTCGGTTA	astrocyte
GGGCCATTCACCTACC	unresolved
GGGCCATTCACTCGAA	microglia_immune
GGGCCATTCGCTGCGA	astrocyte
GGGCCATTCGTTGTTT	vascular
GGGCGTTAGAGCTTTC	astrocyte
GGGCGTTAGCTTCGTA	unresolved
GGGCGTTAGGGCCCTT	oligodendrocyte_OPC
GGGCGTTAGGGCGAAG	unresolved
GGGCGTTAGTTCACTG	oligodendrocyte_OPC
GGGCGTTCAAATCAGA	neuronal
GGGCGTTCAAGAGTAT	neuronal
GGGCGTTCAAGTGATA	neuronal
GGGCGTTCACTACGGC	unresolved
GGGCGTTCACTAGGCC	neuronal
GGGCGTTCAGACCAAG	astrocyte
GGGCGTTCATAGATCC	oligodendrocyte_OPC
GGGCGTTTCAACCGAT	astrocyte
GGGCGTTTCACGGGAA	oligodendrocyte_OPC
GGGCGTTTCCACTGGG	neuronal
GGGCGTTTCGGTAGAG	unresolved
GGGCGTTTCTTCGGAA	vascular
GGGCGTTTCTTGTGCC	unresolved
GGGCTACAGACATAGT	unresolved
GGGCTACAGCCAAGTG	unresolved
GGGCTACAGCGTATAA	astrocyte
GGGCTACAGGCTCTAT	unresolved
GGGCTACAGTATGGCG	astrocyte
GGGCTACAGTCATGCT	oligodendrocyte_OPC
GGGCTACCACAACATC	neuronal
GGGCTACCAGCATCTA	neuronal
GGGCTACCATAATCGC	astrocyte
GGGCTACCATATCGGT	astrocyte
GGGCTACCATGACGTT	astrocyte
GGGCTACCATGACTAC	unresolved
GGGCTACCATTGTACG	unresolved
GGGCTACGTTCCCACT	vascular
GGGCTACGTTTCGTAG	neuronal
GGGCTACTCCTATTGT	unresolved
GGGCTACTCTGCATAG	astrocyte
GGGCTCAAGCAATTAG	oligodendrocyte_OPC
GGGCTCAAGCGGTATG	unresolved
GGGCTCAAGTGGTCAG	astrocyte
GGGCTCAAGTTGCATC	unresolved
GGGCTCACAAAGAGTT	unresolved
GGGCTCACACGTGTGC	neuronal
GGGCTCACAGCGAGTA	unresolved
GGGCTCAGTCAGACGA	neuronal
GGGCTCAGTCCACGCA	oligodendrocyte_OPC
GGGCTCAGTCGGCCTA	astrocyte
GGGCTCAGTCGTAATC	unresolved
GGGCTCAGTTCGGCTG	unresolved
GGGCTCATCCGCAACG	oligodendrocyte_OPC
GGGCTCATCGTGTGGC	oligodendrocyte_OPC
GGGTAGAAGACAAGCC	unresolved
GGGTAGAAGATTGAGT	unresolved
GGGTAGAAGCCGAATG	unresolved
GGGTAGAAGTCTACCA	vascular
GGGTAGAAGTCTGCGC	vascular
GGGTAGACAATAGGGC	astrocyte
GGGTAGACACTCCTTG	neuronal
GGGTAGACAGTAGAGC	oligodendrocyte_OPC
GGGTAGACATACGCAT	unresolved
GGGTAGAGTACCGGCT	oligodendrocyte_OPC
GGGTAGAGTCACTGAT	neuronal
GGGTAGAGTTCTTCAT	neuronal
GGGTATTAGACTTGTC	neuronal
GGGTATTAGAGTTCGG	neuronal
GGGTATTAGCCGGATA	neuronal
GGGTATTAGGTCACTT	microglia_immune
GGGTATTAGTAGGGTC	unresolved
GGGTATTCATTGACAC	unresolved
GGGTATTGTAATGCTC	neuronal
GGGTATTGTACGAGTG	microglia_immune
GGGTATTGTAGTGTGG	oligodendrocyte_OPC
GGGTATTGTATCGCGC	unresolved
GGGTATTGTATGAAAC	oligodendrocyte_OPC
GGGTATTGTGAACTAA	astrocyte
GGGTATTGTGATCGTT	unresolved
GGGTATTGTGTTGAGG	unresolved
GGGTATTGTGTTGATC	unresolved
GGGTATTGTTTAGAGA	unresolved
GGGTATTTCAAAGGAT	oligodendrocyte_OPC
GGGTATTTCTACAGGT	neuronal
GGGTCACAGACATAAC	oligodendrocyte_OPC
GGGTCACAGCTACTAC	unresolved
GGGTCACAGGCTCTCG	vascular
GGGTCACAGGCTTAGG	vascular
GGGTCACAGTATCTGC	neuronal
GGGTCACCAATGCTCA	unresolved
GGGTCACCAGTTTCGA	unresolved
GGGTCACCATATCGGT	unresolved
GGGTCACCATCCTGTC	astrocyte
GGGTCACGTAGGCAAC	neuronal
GGGTCACTCGATACAC	oligodendrocyte_OPC
GGGTCACTCGGCACTG	neuronal
GGGTCTGAGGTACAGC	unresolved
GGGTCTGCACCAGTAT	unresolved
GGGTCTGCAGCTATTG	oligodendrocyte_OPC
GGGTCTGCATCGCTGG	unresolved
GGGTCTGGTACTAACC	unresolved
GGGTCTGGTACTTCCC	neuronal
GGGTCTGTCATGTCAG	astrocyte
GGGTCTGTCGTCAACA	unresolved
GGGTCTGTCTATCGGA	unresolved
GGGTGAAAGAAGCGAA	neuronal
GGGTGAAAGCCGAATG	unresolved
GGGTGAAAGGTCCCGT	unresolved
GGGTGAAAGTCCTGCG	unresolved
GGGTGAACAAAGAACT	neuronal
GGGTGAACAAAGTATG	neuronal
GGGTGAACATCGGTTA	unresolved
GGGTGAAGTATACCCA	oligodendrocyte_OPC
GGGTGAAGTATCGATC	neuronal
GGGTGAAGTCAGCTTA	unresolved
GGGTGAAGTTGAATCC	neuronal
GGGTGAATCAAGAAAC	unresolved
GGGTGAATCACGAGGA	astrocyte
GGGTGAATCCGAGGCT	oligodendrocyte_OPC
GGGTGAATCCGATAGT	oligodendrocyte_OPC
GGGTGAATCGTTCAGA	unresolved
GGGTGTCAGACGAGCT	unresolved
GGGTGTCAGAGTAACT	microglia_immune
GGGTGTCAGCTGACAG	unresolved
GGGTGTCAGGGAGTTC	unresolved
GGGTGTCCACTGAGTT	unresolved
GGGTGTCCAGCTACCG	oligodendrocyte_OPC
GGGTGTCGTATGGTTC	neuronal
GGGTGTCGTCATAACC	unresolved
GGGTGTCGTCCAGCGT	astrocyte
GGGTGTCGTCGTACTA	unresolved
GGGTGTCGTGGCCCAT	oligodendrocyte_OPC
GGGTGTCTCACACCGG	unresolved
GGGTGTCTCCAGTTCC	unresolved
GGGTGTCTCCTAACAG	unresolved
GGGTTATAGCATTTGC	neuronal
GGGTTATAGCCGATAG	unresolved
GGGTTATAGCCGCACT	neuronal
GGGTTATAGCGTTACT	neuronal
GGGTTATAGCTTACGT	neuronal
GGGTTATAGTAGTCCT	unresolved
GGGTTATAGTTCCGTA	unresolved
GGGTTATCAAACTCGT	unresolved
GGGTTATCAACTACGT	astrocyte
GGGTTATCAATAACGA	unresolved
GGGTTATCAATGTCTG	unresolved
GGGTTATCACAAGTGG	astrocyte
GGGTTATCACAGTACT	unresolved
GGGTTATGTAGGCAGT	unresolved
GGGTTATGTATCACCA	oligodendrocyte_OPC
GGGTTATGTCTGATCA	oligodendrocyte_OPC
GGGTTATGTGGCAGAT	oligodendrocyte_OPC
GGGTTATGTTAAGCAA	unresolved
GGGTTATTCCATGCAA	unresolved
GGGTTATTCCCATAAG	astrocyte
GGGTTATTCCTACGGG	neuronal
GGGTTATTCGACGTCG	unresolved
GGGTTTAAGACATCCT	unresolved
GGGTTTAAGCGCACAA	astrocyte
GGGTTTAAGGATACAT	astrocyte
GGGTTTAAGGTCCCGT	oligodendrocyte_OPC
GGGTTTAAGGTGGTTG	astrocyte
GGGTTTAAGTACTGGG	unresolved
GGGTTTACAATGTGGG	unresolved
GGGTTTACATGTTCAG	oligodendrocyte_OPC
GGGTTTAGTCGTTGGC	unresolved
GGGTTTATCACCGACG	unresolved
GGGTTTATCACTGCTC	unresolved
GGGTTTATCAGAACCT	neuronal
GGGTTTATCAGTGTTG	microglia_immune
GGGTTTATCTCGGTCT	astrocyte
GGTAACTAGACTAAGT	neuronal
GGTAACTAGACTTCGT	neuronal
GGTAACTAGCCATATC	unresolved
GGTAACTAGCCATTGT	unresolved
GGTAACTGTACGCGTC	vascular
GGTAACTGTCGGTGTC	neuronal
GGTAACTGTTGGTAGG	oligodendrocyte_OPC
GGTAACTTCACTAGCA	unresolved
GGTAACTTCAGCAGAG	unresolved
GGTAACTTCAGTCATG	astrocyte
GGTAACTTCATCCCGT	unresolved
GGTAACTTCCACCTGT	neuronal
GGTAACTTCCTCACGT	astrocyte
GGTAACTTCCTGGGAC	astrocyte
GGTAACTTCGGAGTGA	astrocyte
GGTAACTTCGGCAGTC	unresolved
GGTAACTTCTCAGGCG	oligodendrocyte_OPC
GGTAATCAGATGATTG	neuronal
GGTAATCAGCTGCCAC	unresolved
GGTAATCAGCTTAGTC	ambiguous_or_doublet
GGTAATCAGGCTGTAG	unresolved
GGTAATCCAACTCGAT	unresolved
GGTAATCCAAGGAGTC	unresolved
GGTAATCCACGATAGG	unresolved
GGTAATCCAGAGATGC	neuronal
GGTAATCCAGCTTTGA	neuronal
GGTAATCGTAGCACAG	unresolved
GGTAATCGTCGACGCT	neuronal
GGTAATCGTCGACTGC	microglia_immune
GGTAATCGTCTTGAAC	unresolved
GGTAATCTCCCTGTTG	astrocyte
GGTAATCTCCTATGGA	oligodendrocyte_OPC
GGTAATCTCGTGGCGT	neuronal
GGTAGAGAGAGAGCGG	neuronal
GGTAGAGAGTCGAATA	oligodendrocyte_OPC
GGTAGAGCACACGTGC	unresolved
GGTAGAGCACATGAAA	neuronal
GGTAGAGCAGTCGAGA	unresolved
GGTAGAGGTGACTATC	unresolved
GGTAGAGGTGGTCAAG	ambiguous_or_doublet
GGTAGAGGTTGAGGAC	neuronal
GGTAGAGGTTTCGCTC	astrocyte
GGTAGAGGTTTCGTAG	neuronal
GGTAGAGGTTTGAAAG	unresolved
GGTAGAGTCCCAGGAC	neuronal
GGTAGAGTCCGAGAAG	oligodendrocyte_OPC
GGTAGAGTCCTTACCG	neuronal
GGTAGAGTCTCATTAC	unresolved
GGTCACGAGCCTTCTC	astrocyte
GGTCACGAGCTAGCCC	unresolved
GGTCACGAGTAGAATC	astrocyte
GGTCACGCAAACAGGC	neuronal
GGTCACGCACCCTGAG	neuronal
GGTCACGCAGAGTAAT	astrocyte
GGTCACGCAGGTCAAG	neuronal
GGTCACGCAGTTAAAG	oligodendrocyte_OPC
GGTCACGCATTGCTGA	unresolved
GGTCACGGTACTCCGG	neuronal
GGTCACGGTACTTCCC	unresolved
GGTCACGGTATCCCTC	unresolved
GGTCACGGTCATACCA	astrocyte
GGTCACGGTCCATAGT	unresolved
GGTCACGGTGGGTTGA	oligodendrocyte_OPC
GGTCACGGTTGCAACT	unresolved
GGTCACGTCATGCCCT	unresolved
GGTCACGTCGGTTGTA	oligodendrocyte_OPC
GGTCACGTCTACGGGC	oligodendrocyte_OPC
GGTCTGGAGTAGGATT	oligodendrocyte_OPC
GGTCTGGCAAAGGTTA	oligodendrocyte_OPC
GGTCTGGCAAATTGGA	unresolved
GGTCTGGCACACCAGC	astrocyte
GGTCTGGCACAGAAGC	unresolved
GGTCTGGCACTCCCTA	oligodendrocyte_OPC
GGTCTGGCACTCCTGT	microglia_immune
GGTCTGGGTAATGCTC	unresolved
GGTCTGGGTAATGTGA	unresolved
GGTCTGGGTGATACAA	unresolved
GGTCTGGGTGGCTTAT	astrocyte
GGTCTGGGTTCGTAAC	unresolved
GGTCTGGGTTGCCGAC	ambiguous_or_doublet
GGTCTGGGTTTGTTCT	unresolved
GGTCTGGTCCCAGGAC	oligodendrocyte_OPC
GGTCTGGTCGGTCTGG	oligodendrocyte_OPC
GGTCTGGTCTCTCTAA	oligodendrocyte_OPC
GGTCTGGTCTTCGATT	astrocyte
GGTGAAGAGAATTCAG	oligodendrocyte_OPC
GGTGAAGAGACCGTTT	oligodendrocyte_OPC
GGTGAAGAGACGCCCT	unresolved
GGTGAAGAGGGCAGTT	unresolved
GGTGAAGAGTCTCGTA	unresolved
GGTGAAGAGTTCACTG	oligodendrocyte_OPC
GGTGAAGCAAGTCCCG	unresolved
GGTGAAGCAATAACCC	neuronal
GGTGAAGCAGTAACAA	unresolved
GGTGAAGGTAACGTTC	astrocyte
GGTGAAGTCAAGTAAG	unresolved
GGTGAAGTCTGAGATC	microglia_immune
GGTGATTAGGTAAGTT	astrocyte
GGTGATTAGTTACTCG	vascular
GGTGATTCAAATGGAT	unresolved
GGTGATTCACCCTCTA	unresolved
GGTGATTCAGAAATCA	neuronal
GGTGATTCAGAGCCCT	astrocyte
GGTGATTCAGCGTGAA	neuronal
GGTGATTCAGTAGTTC	neuronal
GGTGATTGTAACTGCT	unresolved
GGTGATTGTACGTAGG	neuronal
GGTGATTGTCCTACGG	astrocyte
GGTGATTGTGGATACG	neuronal
GGTGATTGTGGTCTGC	neuronal
GGTGATTGTTCCACGG	oligodendrocyte_OPC
GGTGATTTCTCGCAGG	unresolved
GGTGATTTCTTACTGT	vascular
GGTGGCTCAAAGCTAA	neuronal
GGTGGCTCAAATCCCA	unresolved
GGTGGCTCACCTCTAC	astrocyte
GGTGGCTCAGTATGAA	oligodendrocyte_OPC
GGTGGCTCATCAGCGC	neuronal
GGTGGCTGTGCAAGAC	astrocyte
GGTGGCTTCCCTAGGG	oligodendrocyte_OPC
GGTGTCGAGGTCGACA	neuronal
GGTGTCGAGTACGTCT	oligodendrocyte_OPC
GGTGTCGAGTCATCCA	oligodendrocyte_OPC
GGTGTCGAGTCGAATA	neuronal
GGTGTCGCAAGTGGGT	oligodendrocyte_OPC
GGTGTCGCAGTGTGCC	oligodendrocyte_OPC
GGTGTCGGTGGAAGTC	unresolved
GGTGTCGGTGTCTAAC	oligodendrocyte_OPC
GGTGTCGTCACTACTT	unresolved
GGTGTCGTCGGTAGGA	astrocyte
GGTGTCGTCTCTATAC	unresolved
GGTGTTAAGACTAGAT	astrocyte
GGTGTTAAGGATCATA	astrocyte
GGTGTTAAGGGTTTCT	neuronal
GGTGTTAAGTGCCAGA	unresolved
GGTGTTACATAATGCC	unresolved
GGTGTTACATAGAATG	unresolved
GGTGTTAGTTACGCCG	neuronal
GGTGTTAGTTGCATCA	unresolved
GGTGTTATCACATCAG	unresolved
GGTGTTATCGGAGATG	unresolved
GGTTAACAGATGCGAC	neuronal
GGTTAACAGCACAAAT	astrocyte
GGTTAACAGCCATTTG	neuronal
GGTTAACAGGCTTAGG	unresolved
GGTTAACAGGGCAGTT	microglia_immune
GGTTAACCAAACTGCT	astrocyte
GGTTAACCAGCTAACT	unresolved
GGTTAACGTAATGCTC	unresolved
GGTTAACGTCGCATTA	unresolved
GGTTAACGTCGTACAT	unresolved
GGTTAACGTGAACCGA	unresolved
GGTTAACGTGTGGTCC	microglia_immune
GGTTAACGTTCAACGT	neuronal
GGTTAACGTTGCCGCA	oligodendrocyte_OPC
GGTTAACGTTTAGACC	astrocyte
GGTTAACGTTTCGTGA	unresolved
GGTTAACTCGAGTTGT	microglia_immune
GGTTAACTCTCGACGG	astrocyte
GGTTCTCAGAGTTGAT	astrocyte
GGTTCTCAGCCGATTT	neuronal
GGTTCTCCAAAGGGTC	oligodendrocyte_OPC
GGTTCTCCACGCCACA	unresolved
GGTTCTCCAGGTCAGA	neuronal
GGTTCTCGTCCTTTGC	microglia_immune
GGTTCTCGTTCTTGCC	unresolved
GGTTCTCGTTTCCAAG	astrocyte
GGTTCTCTCCCACAGG	microglia_immune
GGTTCTCTCGGATTAC	astrocyte
GGTTCTCTCGGTCAGC	unresolved
GGTTGTAAGATTCGCT	neuronal
GGTTGTACACTAACCA	unresolved
GGTTGTACAGACCTAT	unresolved
GGTTGTAGTACGGGAT	unresolved
GGTTGTAGTACTTGTG	astrocyte
GGTTGTAGTATAGGGC	oligodendrocyte_OPC
GGTTGTAGTATGCGTT	unresolved
GGTTGTATCAAGCGTT	neuronal
GGTTGTATCACAACCA	neuronal
GGTTGTATCCAGCAAT	unresolved
GGTTGTATCGCGTGCA	neuronal
GGTTGTATCGGAAACG	neuronal
GTAACACAGGTCTGGA	astrocyte
GTAACACAGGTTGCCC	unresolved
GTAACACCAACGACTT	astrocyte
GTAACACCATTGCTTT	ambiguous_or_doublet
GTAACACGTAAGACCG	unresolved
GTAACACGTGAGTAAT	oligodendrocyte_OPC
GTAACACGTTAGAAAC	oligodendrocyte_OPC
GTAACACGTTCCGCGA	unresolved
GTAACACTCGACTCCT	astrocyte
GTAACACTCTGGGATT	oligodendrocyte_OPC
GTAACACTCTTCTGTA	ambiguous_or_doublet
GTAACCACACCCTAAA	neuronal
GTAACCACAGCGTACC	neuronal
GTAACCACAGCTGCCA	astrocyte
GTAACCACAGGGTCTC	microglia_immune
GTAACCAGTAACGCGA	oligodendrocyte_OPC
GTAACCAGTCACTTAG	astrocyte
GTAACCAGTCGATGCC	astrocyte
GTAACCAGTTGCACGC	unresolved
GTAACCATCCTCCACA	neuronal
GTAACCATCTGGGCAC	oligodendrocyte_OPC
GTAAGTCAGAGTATAC	neuronal
GTAAGTCAGATGGTAT	oligodendrocyte_OPC
GTAAGTCAGGCTCTCG	neuronal
GTAAGTCAGTTAGTGA	neuronal
GTAAGTCCACGAAGAC	oligodendrocyte_OPC
GTAAGTCCAGCGGATA	unresolved
GTAAGTCCAGGTTCCG	oligodendrocyte_OPC
GTAAGTCGTAAGCAAT	oligodendrocyte_OPC
GTAAGTCGTATGAGGC	unresolved
GTAAGTCGTGGGAGAG	astrocyte
GTAAGTCGTTATAGCC	unresolved
GTAAGTCTCACTACTT	astrocyte
GTAAGTCTCCTATTTG	oligodendrocyte_OPC
GTAAGTCTCGACATTG	neuronal
GTAAGTCTCGAGCCAC	unresolved
GTAAGTCTCGGAGATG	astrocyte
GTAAGTCTCGTTGTTT	neuronal
GTAAGTCTCTCATTGT	unresolved
GTAATCGAGAAACTAC	oligodendrocyte_OPC
GTAATCGCATGGTACT	unresolved
GTAATCGGTAACACCT	unresolved
GTAATCGGTTCGATTG	unresolved
GTAATCGGTTGGGAAC	unresolved
GTAATCGTCGGTGAAG	neuronal
GTAATCGTCGTTATCT	neuronal
GTAATCGTCTCGCTCA	neuronal
GTAATCGTCTGGGCAC	neuronal
GTAATGCAGACTAGAT	unresolved
GTAATGCAGATGAACT	vascular
GTAATGCAGCATGCGA	oligodendrocyte_OPC
GTAATGCAGCTCTATG	unresolved
GTAATGCAGGATACAT	oligodendrocyte_OPC
GTAATGCCAACTGAAA	oligodendrocyte_OPC
GTAATGCCACCATAAC	oligodendrocyte_OPC
GTAATGCCACTCAGAT	astrocyte
GTAATGCCATGCTGCG	unresolved
GTAATGCGTACCACGC	microglia_immune
GTAATGCGTAGACAGC	microglia_immune
GTAATGCGTTCCAAAC	astrocyte
GTAATGCGTTTCCAAG	astrocyte
GTAATGCTCTAAGCCA	astrocyte
GTAATGCTCTATCGGA	neuronal
GTACAACAGTATGCAA	vascular
GTACAACCAAGTTTGC	oligodendrocyte_OPC
GTACAACGTATTTCCT	unresolved
GTACAACGTCCTCATC	astrocyte
GTACAACTCAAGCCGC	astrocyte
GTACAGTAGAGGATGA	unresolved
GTACAGTAGCTCGAAG	oligodendrocyte_OPC
GTACAGTAGGGACACT	unresolved
GTACAGTAGTACTGTC	astrocyte
GTACAGTAGTGCACTT	neuronal
GTACAGTCAAATGATG	neuronal
GTACAGTCACAACGCC	neuronal
GTACAGTCACCCAACG	neuronal
GTACAGTCATCTGTTT	microglia_immune
GTACAGTGTATTGACC	astrocyte
GTACAGTGTCCAATCA	astrocyte
GTACAGTGTCTTAGTG	unresolved
GTACAGTGTGTGTGTT	microglia_immune
GTACAGTTCAGACAAA	unresolved
GTAGAAAAGCGCACAA	unresolved
GTAGAAAAGGCTAACG	oligodendrocyte_OPC
GTAGAAAAGGTTCCGC	unresolved
GTAGAAACACATTGTG	neuronal
GTAGAAACACCCTAAA	oligodendrocyte_OPC
GTAGAAAGTACCTGTA	microglia_immune
GTAGAAAGTATCGTAC	astrocyte
GTAGAAAGTGAATGTA	unresolved
GTAGAAAGTGCGTGCT	unresolved
GTAGAAATCAAGCTGT	unresolved
GTAGAAATCGGAGCAA	unresolved
GTAGAAATCGTGCATA	unresolved
GTAGAAATCTTAGCTT	neuronal
GTAGAGGAGCCTCATA	neuronal
GTAGAGGAGCTTAAGA	oligodendrocyte_OPC
GTAGAGGAGGTAAGGA	unresolved
GTAGAGGAGTCGCGAA	microglia_immune
GTAGAGGAGTTCATGC	unresolved
GTAGAGGCAACGAGGT	neuronal
GTAGAGGCAGCCTATA	unresolved
GTAGAGGGTACGTGTT	neuronal
GTAGAGGGTGCTCTTC	unresolved
GTAGAGGGTGTGACCC	astrocyte
GTAGAGGGTTGTACGT	oligodendrocyte_OPC
GTAGAGGTCAGCTCTC	unresolved
GTAGAGGTCCGCAGTG	oligodendrocyte_OPC
GTAGAGGTCTCTGAGA	unresolved
GTAGATCAGATCCCAT	unresolved
GTAGATCAGGAATTAC	oligodendrocyte_OPC
GTAGATCAGTATCTGC	neuronal
GTAGATCAGTGCCAGA	oligodendrocyte_OPC
GTAGATCAGTGTTCCA	unresolved
GTAGATCCAAAGCGTG	unresolved
GTAGATCCAAATCGTC	microglia_immune
GTAGATCCAACTGTGT	microglia_immune
GTAGATCCAAGTTGGG	vascular
GTAGATCCAGCCTACG	astrocyte
GTAGATCCATAGAGGC	oligodendrocyte_OPC
GTAGATCCATGCGTGC	unresolved
GTAGATCGTCATGACT	oligodendrocyte_OPC
GTAGATCGTTCTCTCG	astrocyte
GTAGATCTCGCAGAGA	unresolved
GTAGATCTCGCTAATG	unresolved
GTAGCTAAGGACGCTA	unresolved
GTAGCTAAGGTTCCGC	unresolved
GTAGCTACAGACGGAT	unresolved
GTAGCTACATGAGAAT	oligodendrocyte_OPC
GTAGCTACATTAAAGG	neuronal
GTAGCTACATTCTCTA	neuronal
GTAGCTAGTAGACAGC	astrocyte
GTAGCTAGTATGCGTT	unresolved
GTAGCTAGTCACTCTC	unresolved
GTAGCTAGTCATCCCT	neuronal
GTAGCTAGTCGTGATT	neuronal
GTAGCTAGTGGGATTG	oligodendrocyte_OPC
GTAGCTAGTGGGTTGA	unresolved
GTAGCTATCATCTACT	oligodendrocyte_OPC
GTAGCTATCATGGTAC	unresolved
GTAGCTATCCTGTTGC	oligodendrocyte_OPC
GTAGCTATCGAGGCAA	astrocyte
GTAGCTATCGCGATCG	astrocyte
GTAGGAGAGTAGTCTC	unresolved
GTAGGAGAGTGAATAC	ambiguous_or_doublet
GTAGGAGCAACACTAC	neuronal
GTAGGAGCAGCACAAG	neuronal
GTAGGAGCATACGCAT	microglia_immune
GTAGGAGCATTGACAC	oligodendrocyte_OPC
GTAGGAGGTGCACAAG	oligodendrocyte_OPC
GTAGGAGGTGGCGTAA	neuronal
GTAGGAGTCGCGGACT	neuronal
GTAGGAGTCGTAACTG	astrocyte
GTAGGTTAGGAAACGA	oligodendrocyte_OPC
GTAGGTTAGTTTGAGA	astrocyte
GTAGGTTCAAGTGCAG	oligodendrocyte_OPC
GTAGGTTGTAATGTGA	unresolved
GTAGGTTGTATGAGAT	neuronal
GTAGGTTGTCGAACAG	microglia_immune
GTAGGTTGTCTCTCAC	neuronal
GTAGGTTGTTATGTGC	oligodendrocyte_OPC
GTAGGTTTCACCGGTG	unresolved
GTAGTACAGCCTTGAT	unresolved
GTAGTACAGCGGTAAC	unresolved
GTAGTACAGTTGGACG	oligodendrocyte_OPC
GTAGTACCACATCCCT	unresolved
GTAGTACCACTGCGTG	unresolved
GTAGTACCAGAAGCGT	unresolved
GTAGTACCAGGACAGT	unresolved
GTAGTACCATCCGAGC	astrocyte
GTAGTACCATCTCAAG	unresolved
GTAGTACGTAAGGTCG	oligodendrocyte_OPC
GTAGTACGTAATTAGG	astrocyte
GTAGTACGTATACCTG	vascular
GTAGTACGTCGGCCTA	unresolved
GTAGTACGTGAGCCAA	neuronal
GTAGTACGTGGCTAGA	astrocyte
GTAGTACTCGCTACGG	unresolved
GTAGTACTCTGTTCAT	astrocyte
GTATTGGAGAAACTCA	neuronal
GTATTGGAGCCTATCA	unresolved
GTATTGGAGCGACTAG	neuronal
GTATTGGAGGGTATAT	astrocyte
GTATTGGAGTAGCCAG	unresolved
GTATTGGCAGAGTTGG	neuronal
GTATTGGGTACGATTC	unresolved
GTATTGGGTAGCTGAG	unresolved
GTATTGGGTATACCTG	astrocyte
GTATTGGGTCGAGTTT	neuronal
GTATTGGGTCGTCTCT	unresolved
GTATTGGGTTACTCAG	neuronal
GTATTGGGTTCCTAAG	astrocyte
GTATTGGGTTCTCCAC	oligodendrocyte_OPC
GTATTGGGTTCTGACA	unresolved
GTATTGGTCACCGACG	unresolved
GTATTGGTCCGAGAAG	microglia_immune
GTATTGGTCCGGTTCT	unresolved
GTATTGGTCCGTATAG	oligodendrocyte_OPC
GTATTTCAGGAGAGGC	unresolved
GTATTTCAGGTACTGG	neuronal
GTATTTCCAAGAAACT	oligodendrocyte_OPC
GTATTTCCAAGACTGG	unresolved
GTATTTCCAAGCACAG	unresolved
GTATTTCGTATGGTAA	unresolved
GTATTTCGTCATGACT	unresolved
GTATTTCGTTAGTCGT	unresolved
GTATTTCTCACCTACC	ambiguous_or_doublet
GTATTTCTCCACTTTA	unresolved
GTATTTCTCCGTAATG	unresolved
GTATTTCTCCGTAGGC	astrocyte
GTATTTCTCCTCGCAT	unresolved
GTATTTCTCTCCATAT	astrocyte
GTATTTCTCTTTCTAG	oligodendrocyte_OPC
GTCAAACAGACCATTC	astrocyte
GTCAAACCAAGAATAC	oligodendrocyte_OPC
GTCAAACCACAGCTGC	astrocyte
GTCAAACGTACTCAAC	unresolved
GTCAAACGTAGAGCTG	unresolved
GTCAAACGTCAAGTTC	neuronal
GTCAAACGTCACCTTC	oligodendrocyte_OPC
GTCAAACGTGATACCT	unresolved
GTCAAACTCAGCGCAC	astrocyte
GTCAAACTCGAGTGAG	oligodendrocyte_OPC
GTCAAACTCGCTAATG	astrocyte
GTCAAACTCGGCAGTC	unresolved
GTCAAGTAGCAATAGT	neuronal
GTCAAGTAGGCCTAGA	vascular
GTCAAGTAGGCTAGCA	neuronal
GTCAAGTAGGTTATAG	oligodendrocyte_OPC
GTCAAGTAGTTGTCGT	unresolved
GTCAAGTCACCCTGAG	oligodendrocyte_OPC
GTCAAGTCACTTTATC	astrocyte
GTCAAGTCAGCTACCG	oligodendrocyte_OPC
GTCAAGTGTAGAATAC	astrocyte
GTCAAGTGTATCAGCT	neuronal
GTCAAGTGTCATCCGG	unresolved
GTCAAGTGTCCACGCA	unresolved
GTCAAGTGTGACTCTA	oligodendrocyte_OPC
GTCAAGTGTGGTTCTA	oligodendrocyte_OPC
GTCAAGTGTTGAAGTA	unresolved
GTCAAGTTCATGGAGG	unresolved
GTCAAGTTCGGCCTTT	unresolved
GTCACGGAGCAAGTGC	oligodendrocyte_OPC
GTCACGGCAACAACAA	oligodendrocyte_OPC
GTCACGGCACACGGTC	unresolved
GTCACGGCATAACAGA	neuronal
GTCACGGGTACTCGCG	astrocyte
GTCACGGGTAGGGAGG	unresolved
GTCACGGGTCTTTCAT	neuronal
GTCACGGGTGTACATC	astrocyte
GTCACGGGTTAAGACA	microglia_immune
GTCACGGGTTAGGACG	astrocyte
GTCACGGGTTCTCTAT	unresolved
GTCACGGGTTGGCTAT	oligodendrocyte_OPC
GTCACGGGTTTGTTGG	neuronal
GTCACGGTCATTGCTT	astrocyte
GTCACGGTCCATTCGC	unresolved
GTCACGGTCGTGGGAA	unresolved
GTCACGGTCTAAGAAG	astrocyte
GTCACGGTCTCGCTTG	neuronal
GTCACTCAGGAGGCAG	neuronal
GTCACTCAGGCTCTCG	unresolved
GTCACTCCAATTGCAC	oligodendrocyte_OPC
GTCACTCCATGACTAC	unresolved
GTCACTCGTGAGATCG	neuronal
GTCACTCGTGCATTAC	astrocyte
GTCACTCGTGTTCAGT	astrocyte
GTCACTCGTTACCGTA	oligodendrocyte_OPC
GTCACTCGTTGAGGAC	unresolved
GTCACTCTCCATTCAT	astrocyte
GTCACTCTCCTGTTGC	unresolved
GTCACTCTCGTCAAAC	oligodendrocyte_OPC
GTCACTCTCTACGCAA	unresolved
GTCACTCTCTTGAGCA	oligodendrocyte_OPC
GTCAGCGAGGAACGAA	oligodendrocyte_OPC
GTCAGCGCAACTCCCT	unresolved
GTCAGCGCATTCGATG	oligodendrocyte_OPC
GTCAGCGGTAGGCAAC	unresolved
GTCAGCGGTAGTCCTA	unresolved
GTCAGCGGTCGCCACA	unresolved
GTCAGCGTCCAAACCA	oligodendrocyte_OPC
GTCAGCGTCCAATGCA	neuronal
GTCAGCGTCGCCATAA	neuronal
GTCAGCGTCTGCTCTG	neuronal
GTCATCCCACACTTAG	unresolved
GTCATCCCACCAATTG	oligodendrocyte_OPC
GTCATCCCACGCCACA	oligodendrocyte_OPC
GTCATCCCACTAGAGG	unresolved
GTCATCCCAGCTGTCG	unresolved
GTCATCCCATATTCGG	unresolved
GTCATCCGTTACCCTC	astrocyte
GTCATGAAGAATAACC	unresolved
GTCATGAAGAGAGCAA	unresolved
GTCATGAAGCGTGCTC	astrocyte
GTCATGAAGGATGGCT	unresolved
GTCATGAAGGTACAAT	neuronal
GTCATGACAAGTGGCA	unresolved
GTCATGACAATACCTG	vascular
GTCATGAGTCCGCAGT	oligodendrocyte_OPC
GTCATGAGTTGGGTTT	oligodendrocyte_OPC
GTCATGATCACATTGG	neuronal
GTCATGATCATTCATC	astrocyte
GTCATGATCCACAAGT	oligodendrocyte_OPC
GTCATGATCTACCACC	oligodendrocyte_OPC
GTCATGATCTTACCAT	neuronal
GTCATTTAGCGTGTCC	unresolved
GTCATTTAGGGCAGGA	unresolved
GTCATTTAGGTGAGCT	oligodendrocyte_OPC
GTCATTTAGTGCACCC	oligodendrocyte_OPC
GTCATTTCAAAGTATG	vascular
GTCATTTCAACGGGTA	oligodendrocyte_OPC
GTCATTTCAAGCTGTT	oligodendrocyte_OPC
GTCATTTCAAGTGGGT	oligodendrocyte_OPC
GTCATTTCACAATTCG	oligodendrocyte_OPC
GTCATTTCACAGTGTT	unresolved
GTCATTTCACCTGAAT	neuronal
GTCATTTCATGGGATG	unresolved
GTCATTTGTAGTAAGT	unresolved
GTCATTTGTCCGTTTC	unresolved
GTCATTTGTGCGTTTA	neuronal
GTCATTTGTTCGAAGG	astrocyte
GTCATTTTCAGCAATC	neuronal
GTCATTTTCATCTACT	neuronal
GTCATTTTCCTACTGC	unresolved
GTCATTTTCTGTCGCT	unresolved
GTCCACTAGAGAGGTA	vascular
GTCCACTAGATTAGTG	neuronal
GTCCACTAGCCGTTGC	unresolved
GTCCACTAGCTTCATG	unresolved
GTCCACTAGCTTGTTG	neuronal
GTCCACTAGGAGTATT	neuronal
GTCCACTAGGCACTCC	unresolved
GTCCACTAGGGAGGCA	astrocyte
GTCCACTAGGTCACAG	neuronal
GTCCACTAGTCACTGT	oligodendrocyte_OPC
GTCCACTCAAGTAGTA	oligodendrocyte_OPC
GTCCACTCAATAAGGT	unresolved
GTCCACTCACCAAATC	unresolved
GTCCACTCACGGTGAA	astrocyte
GTCCACTCAGTTGAAA	unresolved
GTCCACTCATGGTACT	ambiguous_or_doublet
GTCCACTCATGTTACG	unresolved
GTCCACTGTATGTGTC	ambiguous_or_doublet
GTCCACTGTCCGGCAT	neuronal
GTCCACTTCAGAATAG	neuronal
GTCCCATAGACTAAGT	unresolved
GTCCCATAGCAAATGT	unresolved
GTCCCATAGGATTTGA	neuronal
GTCCCATAGGTCGACA	oligodendrocyte_OPC
GTCCCATCAAAGACTA	unresolved
GTCCCATCAACTAGAA	astrocyte
GTCCCATCACTCAGAT	oligodendrocyte_OPC
GTCCCATCAGCAGACA	unresolved
GTCCCATCAGGAGGTT	unresolved
GTCCCATGTGATAGTA	neuronal
GTCCCATGTGGACCTC	neuronal
GTCCCATTCCACCTGT	unresolved
GTCCCATTCGGTTAGT	unresolved
GTCCCATTCTATTCGT	unresolved
GTCCCATTCTGGTGGC	oligodendrocyte_OPC
GTCCTCAAGACTGGGT	unresolved
GTCCTCAAGCTTGTGT	unresolved
GTCCTCAAGGATGGCT	unresolved
GTCCTCAAGGGTAGCT	oligodendrocyte_OPC
GTCCTCAAGTGCCGAA	neuronal
GTCCTCACAACAGAGC	oligodendrocyte_OPC
GTCCTCACACCCTGTT	unresolved
GTCCTCACACGTAGTT	unresolved
GTCCTCACAGAAACCG	unresolved
GTCCTCACATGATGCT	oligodendrocyte_OPC
GTCCTCACATTGAAGA	unresolved
GTCCTCACATTGAGGG	astrocyte
GTCCTCACATTGCTGA	oligodendrocyte_OPC
GTCCTCAGTACGGATG	astrocyte
GTCCTCAGTCATGCAT	unresolved
GTCCTCATCAAGCCGC	oligodendrocyte_OPC
GTCCTCATCATTGGTG	neuronal
GTCGAATAGCATAGGC	astrocyte
GTCGAATAGCGTGTTT	oligodendrocyte_OPC
GTCGAATAGGAACTCG	neuronal
GTCGAATAGGAGTCTG	unresolved
GTCGAATAGTCCTACA	neuronal
GTCGAATCAAGGCGTA	unresolved
GTCGAATGTAGACAGC	oligodendrocyte_OPC
GTCGAATGTAGGTTTC	oligodendrocyte_OPC
GTCGAATGTCGCGGTT	unresolved
GTCGAATGTCTGCAAT	neuronal
GTCGAATGTGGTTCTA	neuronal
GTCGAATTCATAGGCT	oligodendrocyte_OPC
GTCGAATTCCCAATAG	microglia_immune
GTCGAATTCTGAGGCC	unresolved
GTCGAATTCTGGACCG	unresolved
GTCGCGAAGTTCAACC	unresolved
GTCGCGACACGCGCAT	microglia_immune
GTCGCGACACGCGTGT	neuronal
GTCGCGACATAAGCGG	astrocyte
GTCGCGAGTACGTAGG	vascular
GTCGCGAGTCAACCTA	neuronal
GTCGCGAGTCCGAAGA	unresolved
GTCGCGAGTGACGCCT	unresolved
GTCGCGAGTGGATGAC	unresolved
GTCGCGAGTGGCTACC	unresolved
GTCGCGAGTTGGCTAT	unresolved
GTCGCGAGTTTAAGGA	unresolved
GTCGCGATCAGTCCGG	unresolved
GTCGCGATCCAATCCC	neuronal
GTCGCGATCCTGTTAT	oligodendrocyte_OPC
GTCGCGATCGTCGATA	unresolved
GTCGCGATCTACACAG	oligodendrocyte_OPC
GTCGTAAAGAAGGTAG	unresolved
GTCGTAAAGACTCTAC	oligodendrocyte_OPC
GTCGTAAAGGGATCAC	unresolved
GTCGTAACACCCTGAG	ambiguous_or_doublet
GTCGTAACACGCTATA	oligodendrocyte_OPC
GTCGTAACACGTCGGT	astrocyte
GTCGTAACAGAATCGG	oligodendrocyte_OPC
GTCGTAACAGTCCCGA	neuronal
GTCGTAACATGGATCT	neuronal
GTCGTAACATTCAGCA	neuronal
GTCGTAATCAAAGACA	neuronal
GTCGTAATCAAATGAG	unresolved
GTCGTAATCGAAGCAG	astrocyte
GTCGTAATCTGGCTGG	oligodendrocyte_OPC
GTCGTTCAGGTCCCGT	neuronal
GTCGTTCCAACCTATG	neuronal
GTCGTTCCAAGCACCC	unresolved
GTCGTTCCAATGAGCG	oligodendrocyte_OPC
GTCGTTCCAGCTTTGA	oligodendrocyte_OPC
GTCGTTCGTAAGAACT	oligodendrocyte_OPC
GTCGTTCGTACGTACT	oligodendrocyte_OPC
GTCGTTCGTAGTGCGA	unresolved
GTCGTTCGTATCGAGG	neuronal
GTCGTTCGTCACGACC	astrocyte
GTCGTTCGTGAACGGT	oligodendrocyte_OPC
GTCGTTCGTGGCTAGA	neuronal
GTCGTTCGTTGTCCCT	oligodendrocyte_OPC
GTCGTTCTCAAGTAAG	neuronal
GTCGTTCTCCACTAGA	astrocyte
GTCGTTCTCCAGCACG	astrocyte
GTCGTTCTCTGTAACG	vascular
GTCTACCAGACTGAGC	ambiguous_or_doublet
GTCTACCAGACTTCGT	astrocyte
GTCTACCAGCACGATG	unresolved
GTCTACCAGCCAAGCA	astrocyte
GTCTACCAGTACTGGG	neuronal
GTCTACCCAACTGAAA	unresolved
GTCTACCCAAGGTCGA	unresolved
GTCTACCCAATTGAGA	astrocyte
GTCTACCCACATGAAA	unresolved
GTCTACCCACTCTGCT	oligodendrocyte_OPC
GTCTACCCATACAGGG	neuronal
GTCTACCCATCAGCGC	oligodendrocyte_OPC
GTCTACCCATCTTTCA	unresolved
GTCTACCGTATCACCA	astrocyte
GTCTACCGTCAGTCCG	astrocyte
GTCTACCGTCTGTGAT	ambiguous_or_doublet
GTCTACCGTGTCATTG	astrocyte
GTCTACCGTTCCACGG	neuronal
GTCTACCGTTGCATCA	astrocyte
GTCTACCTCATGCCCT	unresolved
GTCTACCTCCCAGGAC	oligodendrocyte_OPC
GTCTACCTCCGAGCTG	neuronal
GTCTAGAAGATCCCGC	oligodendrocyte_OPC
GTCTAGAAGATGTTAG	astrocyte
GTCTAGAAGCCGCACT	unresolved
GTCTAGAAGTCATCGT	oligodendrocyte_OPC
GTCTAGAAGTGAATAC	neuronal
GTCTAGAAGTTGCTGT	oligodendrocyte_OPC
GTCTAGACAAATTGGA	neuronal
GTCTAGACACAGGATG	astrocyte
GTCTAGACACGCAAAG	oligodendrocyte_OPC
GTCTAGACACGCTGTG	oligodendrocyte_OPC
GTCTAGACATACAGAA	astrocyte
GTCTAGACATGTGCTA	unresolved
GTCTAGAGTCACAATC	oligodendrocyte_OPC
GTCTAGAGTCTCACGG	unresolved
GTCTAGAGTTCACGAT	astrocyte
GTCTAGAGTTCTCACC	oligodendrocyte_OPC
GTCTAGAGTTGGACCC	unresolved
GTCTAGATCAAGAATG	oligodendrocyte_OPC
GTCTAGATCCTGTAAG	neuronal
GTCTAGATCGCAGATT	neuronal
GTCTAGATCGTGCACG	unresolved
GTCTAGATCTGTCAGA	astrocyte
GTCTAGATCTTGATTC	neuronal
GTCTCACAGAGGGTCT	unresolved
GTCTCACAGGGCCTCT	astrocyte
GTCTCACAGTCTGGTT	unresolved
GTCTCACCAAACTGCT	unresolved
GTCTCACCAAGAGTTA	unresolved
GTCTCACCAGGGAATC	astrocyte
GTCTCACCAGTGACCC	unresolved
GTCTCACCATACCACA	neuronal
GTCTCACGTCTCGACG	unresolved
GTCTCACGTCTGTCAA	neuronal
GTCTCACGTGTGCCTG	neuronal
GTCTCACTCACCTCGT	unresolved
GTCTCACTCACTGTCC	oligodendrocyte_OPC
GTCTCACTCTACAGGT	vascular
GTCTCACTCTTAAGGC	neuronal
GTCTGTCAGACTCATC	astrocyte
GTCTGTCAGTGTTCCA	unresolved
GTCTGTCCAAATGATG	oligodendrocyte_OPC
GTCTGTCCACACGCCA	unresolved
GTCTGTCCACATATCG	unresolved
GTCTGTCCACCTTCGT	unresolved
GTCTGTCCAGAGTGTG	neuronal
GTCTGTCCAGGGCTTC	neuronal
GTCTGTCGTCGAACGA	oligodendrocyte_OPC
GTCTGTCTCCAATGCA	oligodendrocyte_OPC
GTCTGTCTCCGTTGAA	neuronal
GTCTGTCTCGACGCGT	neuronal
GTCTGTCTCGTACACA	unresolved
GTCTGTCTCGTGGACC	astrocyte
GTCTGTCTCGTGTTCC	astrocyte
GTCTGTCTCTAGAACC	unresolved
GTCTGTCTCTGCCCTA	oligodendrocyte_OPC
GTCTGTCTCTTCCGTG	unresolved
GTCTTTAAGAATTTGG	unresolved
GTCTTTAAGAGCTGCA	oligodendrocyte_OPC
GTCTTTAAGCCGTTGC	astrocyte
GTCTTTAAGGTACCTT	oligodendrocyte_OPC
GTCTTTAAGGTGTGAC	neuronal
GTCTTTAAGTCACGCC	astrocyte
GTCTTTAAGTGGAAAG	unresolved
GTCTTTACAATCTCTT	oligodendrocyte_OPC
GTCTTTAGTACGATTC	oligodendrocyte_OPC
GTCTTTAGTATCAAGA	neuronal
GTCTTTAGTCACTCTC	oligodendrocyte_OPC
GTCTTTAGTTCAGTAC	neuronal
GTCTTTAGTTTACCTT	neuronal
GTCTTTATCGCAAGAG	neuronal
GTCTTTATCGCTGATA	neuronal
GTCTTTATCTTCGGAA	unresolved
GTGACGCAGATAACAC	astrocyte
GTGACGCAGATACCAA	oligodendrocyte_OPC
GTGACGCAGATGTAGT	neuronal
GTGACGCAGCCAGACA	microglia_immune
GTGACGCAGGAGAATG	neuronal
GTGACGCCAAAGACGC	unresolved
GTGACGCCAAAGGCAC	unresolved
GTGACGCCACATTCGA	astrocyte
GTGACGCCACTGGACC	vascular
GTGACGCCAGCAGTAG	neuronal
GTGACGCCAGGTTCGC	unresolved
GTGACGCCATGTCGTA	astrocyte
GTGACGCGTACACGCC	astrocyte
GTGACGCGTACGGATG	unresolved
GTGACGCGTAGTCTTG	unresolved
GTGACGCGTGCTCTCT	neuronal
GTGACGCGTTACTCAG	oligodendrocyte_OPC
GTGACGCTCACACGAT	vascular
GTGACGCTCACCCTGT	astrocyte
GTGACGCTCTGGGCCA	oligodendrocyte_OPC
GTGACGCTCTTCGATT	oligodendrocyte_OPC
GTGAGCCAGAACGTGC	astrocyte
GTGAGCCAGGAGCTGT	oligodendrocyte_OPC
GTGAGCCAGTATGATG	neuronal
GTGAGCCCACTCCGAG	oligodendrocyte_OPC
GTGAGCCCATTGAGCT	vascular
GTGAGCCGTATGAAAC	unresolved
GTGAGCCGTCGAGCTC	unresolved
GTGAGCCGTTCTGAGT	unresolved
GTGAGCCGTTGCTCAA	unresolved
GTGAGCCTCAGTGCGC	unresolved
GTGAGCCTCCCAGGCA	unresolved
GTGAGCCTCGCGTTTC	neuronal
GTGAGCCTCGGACGTC	oligodendrocyte_OPC
GTGAGCCTCGTCCATC	unresolved
GTGAGCCTCGTCTACC	unresolved
GTGAGCCTCGTTCTGC	oligodendrocyte_OPC
GTGAGCCTCTCAATCT	unresolved
GTGAGGAAGACCAGAC	unresolved
GTGAGGAAGAGAGCGG	unresolved
GTGAGGAAGCCTTGAT	unresolved
GTGAGGAAGGACAACC	unresolved
GTGAGGAAGTCTGTAC	astrocyte
GTGAGGACACAACGAG	unresolved
GTGAGGACATAGGTTC	neuronal
GTGAGGAGTACAATAG	unresolved
GTGAGGAGTCACTCTC	neuronal
GTGAGGAGTGGGCTCT	neuronal
GTGAGGAGTGTTCCTC	neuronal
GTGAGGATCAAGAGGC	unresolved
GTGAGGATCGTTACCC	neuronal
GTGAGTTAGCTCCATA	neuronal
GTGAGTTAGCTCGAAG	unresolved
GTGAGTTAGGCAATGC	oligodendrocyte_OPC
GTGAGTTAGTACTGGG	astrocyte
GTGAGTTCAAAGGCTG	oligodendrocyte_OPC
GTGAGTTCAAGATTGA	unresolved
GTGAGTTCAAGTGGGT	oligodendrocyte_OPC
GTGAGTTCACCTGCGA	unresolved
GTGAGTTCAGCAAGAC	astrocyte
GTGAGTTCATCGGAGA	oligodendrocyte_OPC
GTGAGTTGTACTAAGA	unresolved
GTGAGTTGTCGGTGTC	astrocyte
GTGAGTTGTGAACGGT	oligodendrocyte_OPC
GTGATGTAGACTACCT	oligodendrocyte_OPC
GTGATGTAGCGAGTAC	unresolved
GTGATGTAGGAAGAAC	oligodendrocyte_OPC
GTGATGTAGGTACCTT	oligodendrocyte_OPC
GTGATGTCAAATGGCG	microglia_immune
GTGATGTCACGAGGTA	neuronal
GTGATGTCAGAGTAAT	oligodendrocyte_OPC
GTGATGTCAGCATACT	astrocyte
GTGATGTCAGGACAGT	unresolved
GTGATGTCATAGAAAC	unresolved
GTGATGTCATCTCATT	neuronal
GTGATGTGTACTAAGA	astrocyte
GTGATGTGTATGAAAC	oligodendrocyte_OPC
GTGATGTGTCGAAGCA	unresolved
GTGATGTGTCGGTAAG	oligodendrocyte_OPC
GTGATGTGTTAGGAGC	neuronal
GTGATGTGTTGGGCCT	oligodendrocyte_OPC
GTGATGTTCAGCACCG	astrocyte
GTGATGTTCATTGCTT	astrocyte
GTGATGTTCGAGAGCA	unresolved
GTGATGTTCTCGCAGG	unresolved
GTGCACGAGAAGCCAC	neuronal
GTGCACGAGAGACAAG	unresolved
GTGCACGAGAGGCTGT	microglia_immune
GTGCACGAGCCGAATG	unresolved
GTGCACGCACGTTGGC	oligodendrocyte_OPC
GTGCACGCAGATGCGA	unresolved
GTGCACGCAGCTATAC	unresolved
GTGCACGCATCTGCGG	astrocyte
GTGCACGCATGGCCAC	astrocyte
GTGCACGGTAATCAGA	oligodendrocyte_OPC
GTGCACGGTCAAAGTA	astrocyte
GTGCACGGTCGACTTA	oligodendrocyte_OPC
GTGCACGGTGTGTTTG	unresolved
GTGCACGTCATGTCAG	neuronal
GTGCACGTCTGGCTGG	neuronal
GTGCAGCAGACATAAC	unresolved
GTGCAGCAGAGCTGAC	astrocyte
GTGCAGCAGCCTGAGA	neuronal
GTGCAGCAGTACAACA	astrocyte
GTGCAGCCAACCCTCT	astrocyte
GTGCAGCCACCTGTCT	unresolved
GTGCAGCCAGGCGAAT	unresolved
GTGCAGCCATCCTAAG	oligodendrocyte_OPC
GTGCAGCCATTCTTCA	unresolved
GTGCAGCGTACTTCCC	unresolved
GTGCAGCGTCAGCGTC	ambiguous_or_doublet
GTGCAGCGTGGGTCAA	oligodendrocyte_OPC
GTGCAGCGTTGTCATG	unresolved
GTGCAGCTCAAGCTTG	neuronal
GTGCAGCTCATGCCAA	oligodendrocyte_OPC
GTGCAGCTCCCGGTAG	unresolved
GTGCAGCTCGGCTTCT	neuronal
GTGCAGCTCGGTCACG	oligodendrocyte_OPC
GTGCGTGAGAGGCCAT	unresolved
GTGCGTGAGGCCACCT	neuronal
GTGCGTGAGGTTCCGC	astrocyte
GTGCGTGAGTAGAATC	astrocyte
GTGCGTGCATCTCAAG	unresolved
GTGCGTGGTAAGTCAA	unresolved
GTGCGTGGTCAAAGTA	oligodendrocyte_OPC
GTGCGTGGTCACATTG	unresolved
GTGCGTGGTGTGAGCA	neuronal
GTGCGTGGTGTTCCAA	unresolved
GTGCGTGTCCAGCTCT	unresolved
GTGCGTGTCCTCACCA	oligodendrocyte_OPC
GTGCGTGTCGGTCACG	unresolved
GTGCGTGTCGTAGTGT	unresolved
GTGCGTGTCTAGGCAT	neuronal
GTGCGTGTCTATTGTC	oligodendrocyte_OPC
GTGCGTGTCTCCGTGT	unresolved
GTGCTGGAGAATCCCT	unresolved
GTGCTGGAGATGGGCT	astrocyte
GTGCTGGAGCAGGTCA	unresolved
GTGCTGGAGCTAGTTC	vascular
GTGCTGGAGCTGACCC	oligodendrocyte_OPC
GTGCTGGAGGACTGGT	oligodendrocyte_OPC
GTGCTGGAGGGTTAGC	unresolved
GTGCTGGCAAACTCGT	unresolved
GTGCTGGCAAGCGAAC	oligodendrocyte_OPC
GTGCTGGCATAATGAG	unresolved
GTGCTGGCATGGCCCA	microglia_immune
GTGCTGGCATTGTAGC	oligodendrocyte_OPC
GTGCTGGGTACCGCGT	oligodendrocyte_OPC
GTGCTTCAGAAATTCG	microglia_immune
GTGCTTCAGAACCCGA	unresolved
GTGCTTCAGTCCGCGT	astrocyte
GTGCTTCCAAAGGATT	ambiguous_or_doublet
GTGCTTCCAACAGCCC	neuronal
GTGCTTCCAATGTTGC	unresolved
GTGCTTCGTGTATTGC	oligodendrocyte_OPC
GTGCTTCTCGGTAGAG	unresolved
GTGGAAGAGGGAACAA	astrocyte
GTGGAAGAGGGTACGT	astrocyte
GTGGAAGAGTACAGCG	unresolved
GTGGAAGAGTGCGACA	neuronal
GTGGAAGCACGTACTA	astrocyte
GTGGAAGCAGAGTCAG	oligodendrocyte_OPC
GTGGAAGCATGAAGCG	unresolved
GTGGAAGCATGCCATA	neuronal
GTGGAAGGTAGGACCA	astrocyte
GTGGAAGGTAGGATAT	neuronal
GTGGAAGGTGATAGAT	neuronal
GTGGAAGGTGCGGTAA	astrocyte
GTGGAAGGTTTCGGCG	astrocyte
GTGGAAGTCACACCGG	astrocyte
GTGGAAGTCCGAGAAG	oligodendrocyte_OPC
GTGGAGAAGAGGGTAA	unresolved
GTGGAGAAGATTAGTG	neuronal
GTGGAGAAGGACTGGT	unresolved
GTGGAGAAGGTAGACC	microglia_immune
GTGGAGAAGGTTAGTA	unresolved
GTGGAGAAGTATGAGT	astrocyte
GTGGAGACACATGGTT	oligodendrocyte_OPC
GTGGAGACACTATCCC	oligodendrocyte_OPC
GTGGAGACATGAAAGT	microglia_immune
GTGGAGAGTCAGTCTA	neuronal
GTGGAGAGTTCGTAAC	unresolved
GTGGAGAGTTGGACTT	unresolved
GTGGAGATCAATCCGA	oligodendrocyte_OPC
GTGGAGATCAGCGTCG	neuronal
GTGGAGATCATTGCCC	oligodendrocyte_OPC
GTGGAGATCCTACTGC	unresolved
GTGGAGATCGCAGATT	unresolved
GTGGAGATCTCCCTAG	unresolved
GTGGCGTAGAAGGTAG	oligodendrocyte_OPC
GTGGCGTCAAATGCTC	neuronal
GTGGCGTCACACCTTC	unresolved
GTGGCGTCACGTACAT	ambiguous_or_doublet
GTGGCGTCACTCCGGA	unresolved
GTGGCGTCAGCGAACA	neuronal
GTGGCGTCAGGAATCG	neuronal
GTGGCGTCAGGATTCT	oligodendrocyte_OPC
GTGGCGTCAGTGACCC	neuronal
GTGGCGTGTACCAGAG	oligodendrocyte_OPC
GTGGCGTGTGCCGTTG	unresolved
GTGGCGTGTGGCAGAT	unresolved
GTGGCGTTCAGCGGAA	unresolved
GTGGCGTTCAGGACGA	neuronal
GTGGCGTTCATGCAGT	unresolved
GTGGCGTTCGCCTAGG	unresolved
GTGGCGTTCTACTCAT	unresolved
GTGGCGTTCTGTCGTC	unresolved
GTGGGAAAGACTAAGT	neuronal
GTGGGAACAAGTGGCA	unresolved
GTGGGAACACAAAGTA	unresolved
GTGGGAACAGACGGAT	neuronal
GTGGGAACATGACGAG	unresolved
GTGGGAACATGGTGGA	unresolved
GTGGGAAGTGCAGTGA	unresolved
GTGGGAAGTTGCAACT	unresolved
GTGGGAATCAAGAATG	astrocyte
GTGGGAATCAGCTGTA	neuronal
GTGGGAATCCCAATAG	microglia_immune
GTGGGAATCGGCCTTT	unresolved
GTGGTTAAGAATCGAT	oligodendrocyte_OPC
GTGGTTAAGCACTCCG	unresolved
GTGGTTAAGCTGAGTG	unresolved
GTGGTTAAGGCATTTC	astrocyte
GTGGTTAAGGTTCTTG	neuronal
GTGGTTAAGTAACCTC	astrocyte
GTGGTTACAAATGGTA	unresolved
GTGGTTACACGCTTAA	oligodendrocyte_OPC
GTGGTTACACTACCCT	oligodendrocyte_OPC
GTGGTTACAGAAGTGC	neuronal
GTGGTTACAGAGAGGG	astrocyte
GTGGTTACATACCAGT	astrocyte
GTGGTTAGTAGCCCTG	unresolved
GTGGTTAGTAGGTTTC	neuronal
GTGGTTAGTCCTCAGG	unresolved
GTGGTTAGTCCTCCAT	microglia_immune
GTGGTTATCACGGTCG	astrocyte
GTGGTTATCGAGCTGC	oligodendrocyte_OPC
GTGGTTATCTTCTCAA	unresolved
GTGTAACAGGCCTAAG	unresolved
GTGTAACAGGGTCACA	neuronal
GTGTAACAGGTGGTTG	astrocyte
GTGTAACCACGAAAGC	oligodendrocyte_OPC
GTGTAACCATGCTGCG	oligodendrocyte_OPC
GTGTAACGTTGCAAGG	astrocyte
GTGTAACTCACGAACT	oligodendrocyte_OPC
GTGTAACTCCGCGAGT	unresolved
GTGTAACTCGGAGCAA	oligodendrocyte_OPC
GTGTCCTAGGGTCTTT	neuronal
GTGTCCTAGTATGAGT	unresolved
GTGTCCTCAATTGCCA	astrocyte
GTGTCCTCACCGAATT	oligodendrocyte_OPC
GTGTCCTCACTGAATC	oligodendrocyte_OPC
GTGTCCTCAGCTGTTA	neuronal
GTGTCCTGTCCTTAAG	oligodendrocyte_OPC
GTGTCCTGTCTGGTTA	unresolved
GTGTCCTGTGTATACC	oligodendrocyte_OPC
GTGTCCTGTTAGCGGA	neuronal
GTGTCCTGTTCTGACA	neuronal
GTGTCCTTCAATCCGA	unresolved
GTGTCCTTCTTCCAGC	astrocyte
GTGTGATAGATGTAGT	unresolved
GTGTGATAGCAATTCC	neuronal
GTGTGATAGCACCCAC	unresolved
GTGTGATAGGACTATA	oligodendrocyte_OPC
GTGTGATCAATACGCT	astrocyte
GTGTGATCATGACCCG	oligodendrocyte_OPC
GTGTGATGTACCTGTA	neuronal
GTGTGATGTACGTACT	neuronal
GTGTGATGTAGGCTCC	neuronal
GTGTGATGTGTAGTGG	neuronal
GTGTGATGTTCCGCAG	oligodendrocyte_OPC
GTGTGATTCAGGACGA	unresolved
GTGTGATTCGGAATTC	neuronal
GTGTGATTCTTCCACG	unresolved
GTGTGGCAGCATCAGG	neuronal
GTGTGGCAGGCAATGC	microglia_immune
GTGTGGCAGTTTGCTG	unresolved
GTGTGGCCAAGAAATC	unresolved
GTGTGGCCACGGCACT	astrocyte
GTGTGGCCACGGTGTC	unresolved
GTGTGGCCACTGGCCA	astrocyte
GTGTGGCCATCCTGTC	astrocyte
GTGTGGCCATGGCGCT	oligodendrocyte_OPC
GTGTGGCGTAGACGTG	neuronal
GTGTGGCGTCAGCTTA	neuronal
GTGTGGCGTTCTAACG	unresolved
GTGTGGCTCATTTACC	astrocyte
GTGTGGCTCGACGATT	unresolved
GTGTTAGAGAAACCCG	unresolved
GTGTTAGAGCAACTCT	oligodendrocyte_OPC
GTGTTAGAGGCATTTC	astrocyte
GTGTTAGAGGGCAGAG	astrocyte
GTGTTAGCAAAGAGTT	microglia_immune
GTGTTAGCACTGCGTG	neuronal
GTGTTAGGTCTCACGG	unresolved
GTGTTAGGTGAGGATC	unresolved
GTGTTAGGTGCGGTAA	astrocyte
GTGTTAGGTTATCTGG	unresolved
GTGTTAGGTTCTTCAT	astrocyte
GTGTTAGTCATGGATC	oligodendrocyte_OPC
GTGTTAGTCTGGAGAG	unresolved
GTGTTCCAGATGCGAC	astrocyte
GTGTTCCAGCTGACTT	unresolved
GTGTTCCAGGTATAGT	astrocyte
GTGTTCCCACCCTGAG	oligodendrocyte_OPC
GTGTTCCCACGACAGA	oligodendrocyte_OPC
GTGTTCCCAGAGGAAA	unresolved
GTGTTCCCATACCACA	unresolved
GTGTTCCCATATAGCC	oligodendrocyte_OPC
GTGTTCCGTAGACAAT	oligodendrocyte_OPC
GTGTTCCGTAGTGATA	unresolved
GTGTTCCGTCCTCCTA	unresolved
GTGTTCCGTCTGCAAT	unresolved
GTGTTCCGTGAGTAGC	neuronal
GTGTTCCGTGCTTATG	unresolved
GTGTTCCGTTCGGTTA	oligodendrocyte_OPC
GTGTTCCGTTGCTCGG	astrocyte
GTGTTCCTCGATGCAT	astrocyte
GTTACAGAGACCATTC	astrocyte
GTTACAGAGATGACCG	neuronal
GTTACAGAGGCACCAA	oligodendrocyte_OPC
GTTACAGCAAAGTGTA	oligodendrocyte_OPC
GTTACAGCAAGTATAG	oligodendrocyte_OPC
GTTACAGCACAAATAG	oligodendrocyte_OPC
GTTACAGCACGTTCGG	astrocyte
GTTACAGCAGTGGGTA	unresolved
GTTACAGCATGGAGAC	astrocyte
GTTACAGGTGCGACAA	astrocyte
GTTACAGGTTGGCCTG	astrocyte
GTTACAGTCGCTACAA	unresolved
GTTACCCAGCCATTGT	ambiguous_or_doublet
GTTACCCAGGTACCTT	oligodendrocyte_OPC
GTTACCCCAACAACAA	oligodendrocyte_OPC
GTTACCCCACACCGAC	oligodendrocyte_OPC
GTTACCCCACGCACCA	neuronal
GTTACCCCACGTATAC	unresolved
GTTACCCCAGCGTACC	oligodendrocyte_OPC
GTTACCCCAGGACTAG	oligodendrocyte_OPC
GTTACCCCAGTCAGAG	unresolved
GTTACCCGTAACTGCT	unresolved
GTTACCCGTCGGTAAG	unresolved
GTTACCCGTGCGTTTA	oligodendrocyte_OPC
GTTACCCGTGTGAGCA	neuronal
GTTACCCGTGTTGATC	neuronal
GTTACCCGTTCCAGGC	astrocyte
GTTACCCTCATAGACC	neuronal
GTTACCCTCTTCGTAT	astrocyte
GTTACCCTCTTCTCAA	unresolved
GTTACGAAGTAACGTA	oligodendrocyte_OPC
GTTACGAAGTAATACG	neuronal
GTTACGACAAAGAGTT	neuronal
GTTACGACAACCTAAC	neuronal
GTTACGACACTAGAGG	oligodendrocyte_OPC
GTTACGACAGAACTTC	oligodendrocyte_OPC
GTTACGACAGCATCTA	unresolved
GTTACGATCCCGGTAG	oligodendrocyte_OPC
GTTACGATCCTCACCA	unresolved
GTTAGACAGAGCATCG	neuronal
GTTAGACAGGTACAGC	neuronal
GTTAGACCAACGAGGT	unresolved
GTTAGACCACCAGCGT	unresolved
GTTAGACCAGACCCGT	unresolved
GTTAGACCAGGCACTC	neuronal
GTTAGACCAGGTACGA	astrocyte
GTTAGACCATTACGGT	unresolved
GTTAGACGTGAGTGAC	oligodendrocyte_OPC
GTTAGACGTTCGTACA	neuronal
GTTAGACGTTGCATGT	microglia_immune
GTTAGACTCCATCTAT	unresolved
GTTAGACTCCTACTGC	neuronal
GTTAGACTCCTCTCTT	neuronal
GTTAGACTCTAGCAAC	oligodendrocyte_OPC
GTTAGACTCTGCGTCT	astrocyte
GTTAGACTCTTCGGAA	unresolved
GTTAGTGAGAGTCTTC	unresolved
GTTAGTGAGCGCACAA	astrocyte
GTTAGTGAGGCTCTAT	neuronal
GTTAGTGAGTCCTGCG	neuronal
GTTAGTGAGTCTGGAG	astrocyte
GTTAGTGAGTGGAATT	microglia_immune
GTTAGTGCAAATACGA	unresolved
GTTAGTGCACACCGAC	neuronal
GTTAGTGCACCAACAT	unresolved
GTTAGTGCACCAGACC	neuronal
GTTAGTGCACGTAGTT	oligodendrocyte_OPC
GTTAGTGCAGACAAAT	astrocyte
GTTAGTGCATCTTTCA	unresolved
GTTAGTGCATGTCTAG	oligodendrocyte_OPC
GTTAGTGGTACGAAAT	neuronal
GTTAGTGGTACGGGAT	astrocyte
GTTAGTGGTCATCGGC	oligodendrocyte_OPC
GTTAGTGGTGGCTTGC	neuronal
GTTAGTGGTTAAGTCC	unresolved
GTTAGTGTCTCGCTCA	oligodendrocyte_OPC
GTTATGGAGCACTAGG	neuronal
GTTATGGAGGTTCAGG	unresolved
GTTATGGAGTATGCAA	astrocyte
GTTATGGAGTGCCAGA	ambiguous_or_doublet
GTTATGGCATCATCCC	astrocyte
GTTATGGCATTCTCCG	astrocyte
GTTATGGGTAACGCGA	unresolved
GTTATGGGTAATGCGG	astrocyte
GTTATGGGTCAGTCTA	unresolved
GTTATGGGTTCTCCAC	astrocyte
GTTATGGGTTTCGGCG	astrocyte
GTTATGGTCCCGAGTG	oligodendrocyte_OPC
GTTATGGTCCCTTCCC	ambiguous_or_doublet
GTTATGGTCTTCCCGA	neuronal
GTTCATTAGAGGACTC	unresolved
GTTCATTAGCGAGGAG	unresolved
GTTCATTCACAATGTC	neuronal
GTTCATTCAGCTTTGA	neuronal
GTTCATTGTAAGCAAT	unresolved
GTTCATTGTCTAATCG	neuronal
GTTCATTGTTATTCCT	unresolved
GTTCATTTCAGACTGT	oligodendrocyte_OPC
GTTCATTTCCCGGTAG	neuronal
GTTCATTTCCCTTCCC	unresolved
GTTCATTTCCGATGTA	unresolved
GTTCATTTCGTTCTCG	unresolved
GTTCCGTAGACAACTA	neuronal
GTTCCGTCACTATGTG	unresolved
GTTCCGTCATCCCACT	astrocyte
GTTCCGTGTCCCGCAA	neuronal
GTTCCGTGTCGCTTAA	astrocyte
GTTCCGTGTCGTGGAA	unresolved
GTTCCGTGTCTTGCTC	astrocyte
GTTCCGTGTGGACTGA	neuronal
GTTCCGTGTTTCAGAC	unresolved
GTTCCGTTCAAGTTGC	unresolved
GTTCCGTTCTGCGGCA	unresolved
GTTCGCTAGACCGTTT	unresolved
GTTCGCTAGCATGGGT	unresolved
GTTCGCTCAGCGCGTT	oligodendrocyte_OPC
GTTCGCTCATAGACTC	unresolved
GTTCGCTCATGTGGTT	unresolved
GTTCGCTCATTGTGCA	astrocyte
GTTCGCTGTCGGTGAA	oligodendrocyte_OPC
GTTCGCTGTGCCAAGA	astrocyte
GTTCGCTGTTTAGTCG	oligodendrocyte_OPC
GTTCGCTGTTTCGTTT	astrocyte
GTTCGCTTCAAGTCGT	unresolved
GTTCGCTTCCAAACCA	oligodendrocyte_OPC
GTTCGCTTCGAAGGAC	oligodendrocyte_OPC
GTTCTATAGAAACCAT	unresolved
GTTCTATAGATGCTAA	astrocyte
GTTCTATAGCAACAAT	astrocyte
GTTCTATAGGGCCAAT	oligodendrocyte_OPC
GTTCTATAGGGCTAAC	unresolved
GTTCTATCAACGAGGT	unresolved
GTTCTATCACCGTGGT	microglia_immune
GTTCTATCACTCTCGT	neuronal
GTTCTATGTACCGTGC	neuronal
GTTCTATGTCGAGTTT	neuronal
GTTCTATGTGCAACAG	astrocyte
GTTCTATTCAGACAAA	unresolved
GTTCTATTCCTACTGC	unresolved
GTTCTATTCTATCGTT	unresolved
GTTCTATTCTGATTCT	unresolved
GTTCTATTCTGTAAGC	neuronal
GTTGAACAGCACTCAT	neuronal
GTTGAACAGGCTAGCA	unresolved
GTTGAACAGGTCGTCC	unresolved
GTTGAACAGTATGCAA	astrocyte
GTTGAACAGTTGCATC	unresolved
GTTGAACCAGTCAACT	unresolved
GTTGAACGTACCAATC	unresolved
GTTGAACGTATGATCC	oligodendrocyte_OPC
GTTGAACGTCGAGATG	unresolved
GTTGAACGTTACCGTA	unresolved
GTTGAACTCGACGTCG	astrocyte
GTTGCGGAGCCGTTGC	neuronal
GTTGCGGAGGCGAAGG	unresolved
GTTGCGGAGGTCACCC	neuronal
GTTGCGGAGGTGGTTG	oligodendrocyte_OPC
GTTGCGGCATGACTGT	astrocyte
GTTGCGGGTGAGACCA	astrocyte
GTTGCGGGTGCACGCT	astrocyte
GTTGCGGGTTAAACAG	oligodendrocyte_OPC
GTTGCGGGTTATTCCT	neuronal
GTTGCGGGTTGGGCCT	neuronal
GTTGCGGTCAATCCAG	vascular
GTTGCGGTCCGCAGTG	unresolved
GTTGCGGTCGACATCA	microglia_immune
GTTGCGGTCGACGCTG	astrocyte
GTTGCGGTCGTCTAAG	oligodendrocyte_OPC
GTTGCTCAGATGCTAA	astrocyte
GTTGCTCCAACTTGGT	neuronal
GTTGCTCCAATTGAAG	neuronal
GTTGCTCCACACCTAA	neuronal
GTTGCTCCAGCTAACT	astrocyte
GTTGCTCGTCAACGCC	astrocyte
GTTGCTCGTCCCTGTT	unresolved
GTTGCTCTCGTCTACC	astrocyte
GTTGCTCTCTTCTGTA	vascular
GTTGCTCTCTTTGGAG	oligodendrocyte_OPC
GTTGTAGAGATCACCT	oligodendrocyte_OPC
GTTGTAGAGATGAAGG	unresolved
GTTGTAGAGTACCGGA	unresolved
GTTGTAGCACTTCTCG	neuronal
GTTGTAGGTAGTGATA	neuronal
GTTGTAGGTCGAAGCA	neuronal
GTTGTAGTCATTCCTA	microglia_immune
GTTGTAGTCCCTAGGG	unresolved
GTTGTCCAGAATAACC	astrocyte
GTTGTCCAGACAACTA	microglia_immune
GTTGTCCAGAGCATAT	oligodendrocyte_OPC
GTTGTCCAGGCTGTAG	unresolved
GTTGTCCAGGTTCTTG	microglia_immune
GTTGTCCAGTCCCAAT	oligodendrocyte_OPC
GTTGTCCCAACGCCCA	astrocyte
GTTGTCCCAAGACCGA	neuronal
GTTGTCCCAATTGCGT	unresolved
GTTGTCCCAGACACCC	oligodendrocyte_OPC
GTTGTCCCATGACCCG	neuronal
GTTGTCCGTGCGACAA	astrocyte
GTTGTGAAGAATGTTG	unresolved
GTTGTGAAGGGAGTTC	microglia_immune
GTTGTGAAGGTACAGC	astrocyte
GTTGTGAAGTTAGTAG	astrocyte
GTTGTGACACAAGGTG	astrocyte
GTTGTGACATCGTGCG	microglia_immune
GTTGTGAGTCTGCAAT	neuronal
GTTGTGAGTGGATACG	oligodendrocyte_OPC
GTTGTGAGTTATCTGG	neuronal
GTTGTGATCACAATGC	oligodendrocyte_OPC
GTTGTGATCGAGAGCA	unresolved
GTTGTGATCGAGTACT	unresolved
GTTGTGATCGGTTCAA	unresolved
GTTGTGATCTCGCTCA	neuronal
GTTTACTAGACGGATC	neuronal
GTTTACTAGGAAAGTG	unresolved
GTTTACTAGTAGAATC	unresolved
GTTTACTAGTTGTAGA	unresolved
GTTTACTCAGCAGAAC	oligodendrocyte_OPC
GTTTACTGTAACCAGG	unresolved
GTTTACTGTCAGTCTA	unresolved
GTTTACTGTCTCCTGT	unresolved
GTTTACTGTGAGGATC	unresolved
GTTTACTGTGAGTAAT	unresolved
GTTTACTGTTGCATTG	ambiguous_or_doublet
GTTTACTTCCCATTTA	unresolved
GTTTACTTCCGGACTG	unresolved
GTTTACTTCGTTCTGC	unresolved
GTTTACTTCTAACGGT	unresolved
GTTTACTTCTCACCCA	oligodendrocyte_OPC
GTTTGGAAGACTTGTC	oligodendrocyte_OPC
GTTTGGACAATAGTGA	neuronal
GTTTGGACAGAGCTAG	unresolved
GTTTGGACATCTCCCA	unresolved
GTTTGGACATGTGGCC	unresolved
GTTTGGAGTAAGAACT	unresolved
GTTTGGAGTCCTGAAT	oligodendrocyte_OPC
GTTTGGATCACATCAG	oligodendrocyte_OPC
GTTTGGATCAGGACAG	unresolved
GTTTGGATCCCATTTA	unresolved
GTTTGGATCCCTATTA	astrocyte
GTTTGGATCCTCTAAT	astrocyte
GTTTGGATCCTTACCG	neuronal
GTTTGGATCTGGTGGC	unresolved
GTTTGGATCTTGAGCA	neuronal
TAACACGAGACTGAGC	unresolved
TAACACGAGAGAGCGG	neuronal
TAACACGAGTCTAGAA	unresolved
TAACACGCAATGAGCG	neuronal
TAACACGCACAGGATG	oligodendrocyte_OPC
TAACACGCAGAATGTA	neuronal
TAACACGCAGGGAATC	unresolved
TAACACGTCAAGTCTG	oligodendrocyte_OPC
TAACACGTCCCAATAG	astrocyte
TAACACGTCTTAGCCC	neuronal
TAACACGTCTTTGATC	oligodendrocyte_OPC
TAACCAGAGCGACATG	neuronal
TAACCAGAGCGGCTCT	astrocyte
TAACCAGCAACCACAT	unresolved
TAACCAGCAATCGAAA	neuronal
TAACCAGCACAATGCT	neuronal
TAACCAGCACAATTCG	unresolved
TAACCAGCACTCCCTA	unresolved
TAACCAGCAGAAATTG	neuronal
TAACCAGGTAGATTGA	astrocyte
TAACCAGGTCGACTGC	astrocyte
TAACCAGGTGAACCGA	neuronal
TAACCAGGTTACAGCT	astrocyte
TAACCAGTCAAGCCTA	neuronal
TAACCAGTCAATCAGC	unresolved
TAACCAGTCAGCTTGA	unresolved
TAACCAGTCCGCGAGT	oligodendrocyte_OPC
TAACGACAGACCTCCG	unresolved
TAACGACAGCGCATCC	unresolved
TAACGACAGCTGTGCC	unresolved
TAACGACAGGAATTAC	oligodendrocyte_OPC
TAACGACAGTGGACTG	unresolved
TAACGACCAACGATCT	neuronal
TAACGACCAACGCCCA	vascular
TAACGACCAAGTGCTT	neuronal
TAACGACCACAACGTT	unresolved
TAACGACCACACCGCA	unresolved
TAACGACGTAGAGATT	unresolved
TAACGACGTAGATTAG	unresolved
TAACGACGTCAAGTTC	unresolved
TAACGACTCACACCGG	neuronal
TAACGACTCCCTGTTG	unresolved
TAACGACTCCTGATAG	microglia_immune
TAACGACTCTCGCAGG	oligodendrocyte_OPC
TAACGACTCTCTTGCG	oligodendrocyte_OPC
TAACTTCAGCCTCGTG	astrocyte
TAACTTCAGTAACGAT	neuronal
TAACTTCAGTTCGCAT	neuronal
TAACTTCCATGACACT	astrocyte
TAACTTCGTAGGAGGG	unresolved
TAACTTCGTCAGGTGA	unresolved
TAACTTCGTGCTGATT	astrocyte
TAACTTCGTGTTAGCT	unresolved
TAACTTCGTTTACTGG	oligodendrocyte_OPC
TAACTTCTCCATAAGC	astrocyte
TAACTTCTCCCGAGGT	oligodendrocyte_OPC
TAACTTCTCCTACGAA	unresolved
TAACTTCTCGTTCTCG	microglia_immune
TAACTTCTCTGTCCCA	unresolved
TAAGCACAGAAACCCG	oligodendrocyte_OPC
TAAGCACAGAGAACCC	neuronal
TAAGCACAGATGATTG	unresolved
TAAGCACAGGTAGCCA	astrocyte
TAAGCACAGGTCATAA	neuronal
TAAGCACAGTCCCAGC	unresolved
TAAGCACAGTGCGACA	unresolved
TAAGCACCAACCAGAG	unresolved
TAAGCACCACACAGAG	unresolved
TAAGCACCAGATGCGA	astrocyte
TAAGCACCAGGCATTT	unresolved
TAAGCACCATACAGAA	astrocyte
TAAGCACCATGGGATG	neuronal
TAAGCACCATTGAAGA	microglia_immune
TAAGCACCATTGTAGC	unresolved
TAAGCACGTAGTGCGA	oligodendrocyte_OPC
TAAGCACGTCACAATC	unresolved
TAAGCACGTCGGCCTA	neuronal
TAAGCACGTCTACAAC	oligodendrocyte_OPC
TAAGCACGTCTTGCTC	unresolved
TAAGCACTCCATGATG	unresolved
TAAGCACTCGAGTCTA	microglia_immune
TAAGCACTCGGCTATA	unresolved
TAAGCACTCTTACGGA	oligodendrocyte_OPC
TAAGCACTCTTGGAAC	neuronal
TAAGCCAAGGAGGTTC	microglia_immune
TAAGCCACAAGTATCC	astrocyte
TAAGCCACAGGTCCCA	astrocyte
TAAGCCACATCGATCA	unresolved
TAAGCCACATGACGGA	oligodendrocyte_OPC
TAAGCCAGTATCGGTT	unresolved
TAAGCCAGTCCGAAAG	unresolved
TAAGCCAGTTCCTTGC	neuronal
TAAGCCAGTTTAGACC	ambiguous_or_doublet
TAAGCCATCCGAAATC	unresolved
TAAGCCATCGAGTCTA	neuronal
TAAGCCATCGGCCAAC	neuronal
TAAGCCATCTGTCGTC	unresolved
TAAGCGTAGAAACACT	oligodendrocyte_OPC
TAAGCGTAGCATGTTC	neuronal
TAAGCGTAGCGTGCCT	unresolved
TAAGCGTAGGATATAC	unresolved
TAAGCGTAGTCAAGCG	unresolved
TAAGCGTAGTGCAGCA	neuronal
TAAGCGTCAAGAGTAT	unresolved
TAAGCGTCAGCAGACA	astrocyte
TAAGCGTCAGTCGCAC	oligodendrocyte_OPC
TAAGCGTCATAGGTTC	astrocyte
TAAGCGTGTGCCCAGT	oligodendrocyte_OPC
TAAGCGTGTTTGCCGG	neuronal
TAAGCGTTCAGACCGC	oligodendrocyte_OPC
TAAGCGTTCGAGTGGA	neuronal
TAAGCGTTCGTCACCT	unresolved
TAAGTCGAGATTGGGC	unresolved
TAAGTCGAGCAGGCAT	unresolved
TAAGTCGAGTAACCGG	unresolved
TAAGTCGCATCTAGAC	unresolved
TAAGTCGCATTAAGCC	neuronal
TAAGTCGGTGCAGGAT	unresolved
TAAGTCGGTTCCAAAC	oligodendrocyte_OPC
TAAGTCGGTTGCATCA	neuronal
TAAGTCGGTTTGGCTA	astrocyte
TAAGTCGTCACCCTCA	ambiguous_or_doublet
TAAGTCGTCCATTCAT	oligodendrocyte_OPC
TAAGTCGTCCCTTTGG	unresolved
TAAGTCGTCTGTTGGA	neuronal
TAATCTCAGAGGGTAA	oligodendrocyte_OPC
TAATCTCAGCATCCCG	oligodendrocyte_OPC
TAATCTCAGCGCTTCG	microglia_immune
TAATCTCAGCTGTCCG	neuronal
TAATCTCAGGACTAAT	neuronal
TAATCTCAGTCCCTAA	astrocyte
TAATCTCAGTGTACCT	unresolved
TAATCTCCAAATGGCG	unresolved
TAATCTCCAACGCATT	neuronal
TAATCTCCACGTAGTT	neuronal
TAATCTCCACTTGGGC	unresolved
TAATCTCCAGCGTACC	oligodendrocyte_OPC
TAATCTCCAGGCGATA	astrocyte
TAATCTCGTAGCACGA	vascular
TAATCTCGTAGGTCAG	unresolved
TAATCTCGTGGGCTCT	unresolved
TAATCTCGTTAACCTG	oligodendrocyte_OPC
TAATCTCTCAGAATAG	oligodendrocyte_OPC
TAATCTCTCAGTCATG	neuronal
TAATCTCTCCCTTGGT	astrocyte
TAATCTCTCGAACCAT	neuronal
TAATTCCAGCGTTAGG	oligodendrocyte_OPC
TAATTCCAGGCAGGGA	unresolved
TAATTCCAGGCTGAAC	neuronal
TAATTCCAGTGGACGT	unresolved
TAATTCCCAAGAGTGC	neuronal
TAATTCCCACTAACCA	microglia_immune
TAATTCCCACTACACA	astrocyte
TAATTCCCACTAGGCC	neuronal
TAATTCCCAGCTCGGT	oligodendrocyte_OPC
TAATTCCCAGGTCCGT	unresolved
TAATTCCCAGTCGTTA	neuronal
TAATTCCGTGGCTTAT	oligodendrocyte_OPC
TAATTCCGTGTGGACA	neuronal
TAATTCCGTTGGAGGT	microglia_immune
TAATTCCTCAGGCGAA	microglia_immune
TAATTCCTCATGGCCG	astrocyte
TAATTCCTCATTTGTC	oligodendrocyte_OPC
TAATTCCTCGCTTTAT	unresolved
TAATTCCTCTATGCCC	unresolved
TAATTCCTCTGCATAG	neuronal
TACAACGAGGTTCCAT	neuronal
TACAACGAGTAAGAGG	astrocyte
TACAACGAGTCCCAGC	unresolved
TACAACGCAACTTGCA	unresolved
TACAACGCATGAGGGT	unresolved
TACAACGGTAAGACCG	neuronal
TACAACGGTCAACGCC	unresolved
TACAACGGTGATATAG	astrocyte
TACAACGGTGTTCAGT	unresolved
TACAACGGTTAGGCCC	astrocyte
TACAACGTCATAGAGA	unresolved
TACAACGTCCTTCTAA	neuronal
TACAACGTCGACTCCT	astrocyte
TACACCCAGAAGCTCG	oligodendrocyte_OPC
TACACCCAGCCTGAGA	neuronal
TACACCCAGTCTGCAT	unresolved
TACACCCAGTGGACGT	neuronal
TACACCCAGTTCTCTT	unresolved
TACACCCAGTTGCGCC	neuronal
TACACCCCACACCGCA	astrocyte
TACACCCCATAATCGC	unresolved
TACACCCTCAGGAACG	oligodendrocyte_OPC
TACACCCTCGTGGCTG	unresolved
TACACCCTCTCCTGAC	unresolved
TACAGGTCAACGAGGT	unresolved
TACAGGTGTAAGATAC	astrocyte
TACAGGTGTACGTAGG	unresolved
TACAGGTGTCCTGTTC	unresolved
TACAGGTTCACTTCTA	astrocyte
TACAGGTTCATTGGTG	neuronal
TACAGGTTCGCAATGT	unresolved
TACAGGTTCGCTCTAC	unresolved
TACAGGTTCTCGCTCA	neuronal
TACAGGTTCTGAGAGG	astrocyte
TACAGGTTCTGCCCTA	unresolved
TACATTCAGACGCTCC	oligodendrocyte_OPC
TACATTCAGAGTATAC	oligodendrocyte_OPC
TACATTCAGGGATGTC	neuronal
TACATTCAGGTTCTAC	unresolved
TACATTCCAATCAGCT	unresolved
TACATTCCAATTTCGG	unresolved
TACATTCCACACACTA	unresolved
TACATTCCACCGAATT	ambiguous_or_doublet
TACATTCCACTTTAGG	oligodendrocyte_OPC
TACATTCCAGGTCAGA	unresolved
TACATTCCAGTAGAGC	astrocyte
TACATTCCAGTGCCTG	astrocyte
TACATTCCATAGAAAC	astrocyte
TACATTCCATGTTTGG	neuronal
TACATTCGTCAGCGTC	unresolved
TACATTCGTCTACAAC	astrocyte
TACATTCGTTACCCTC	astrocyte
TACATTCGTTCTTAGG	neuronal
TACATTCTCAGCTAGT	unresolved
TACATTCTCCGATGCG	unresolved
TACCCACAGACATCCT	oligodendrocyte_OPC
TACCCACAGACCATGG	astrocyte
TACCCACAGACCGTTT	neuronal
TACCCACAGTCGCTAT	astrocyte
TACCCACCAGACCATT	ambiguous_or_doublet
TACCCACCAGTTTCAG	oligodendrocyte_OPC
TACCCACGTAAGAACT	oligodendrocyte_OPC
TACCCACGTTGTTTGG	astrocyte
TACCCACTCAAGGAGC	oligodendrocyte_OPC
TACCCACTCATAGACC	vascular
TACCCACTCATCTACT	neuronal
TACCCACTCCGTGGGT	neuronal
TACCCACTCTTCGACC	microglia_immune
TACCCGTAGAGGCGGA	unresolved
TACCCGTAGCGCAATG	astrocyte
TACCCGTAGCGCATCC	oligodendrocyte_OPC
TACCCGTAGGATTTCC	neuronal
TACCCGTAGGGCAATC	ambiguous_or_doublet
TACCCGTCAAAGGTTA	neuronal
TACCCGTCACGGCCAT	oligodendrocyte_OPC
TACCCGTCAGTTTCGA	ambiguous_or_doublet
TACCCGTGTATCGCAT	unresolved
TACCCGTGTCCATAGT	oligodendrocyte_OPC
TACCCGTGTCGACGCT	neuronal
TACCCGTGTGAGCTCC	oligodendrocyte_OPC
TACCCGTGTTTACGAC	oligodendrocyte_OPC
TACCCGTTCAAGCGTT	unresolved
TACCCGTTCATTGTGG	oligodendrocyte_OPC
TACCCGTTCCATTCAT	oligodendrocyte_OPC
TACCCGTTCCGTTGAA	unresolved
TACCCGTTCTCGTCGT	oligodendrocyte_OPC
TACCGAAAGAAGAACG	oligodendrocyte_OPC
TACCGAAAGACTTCGT	unresolved
TACCGAAAGGGCAAGG	astrocyte
TACCGAACAAACTCTG	unresolved
TACCGAACAGAAACCG	oligodendrocyte_OPC
TACCGAAGTAATCAGA	oligodendrocyte_OPC
TACCGAAGTAGCGTCC	neuronal
TACCGAAGTCGCTTAA	unresolved
TACCGAATCACTACTT	unresolved
TACCGAATCCGTCACT	unresolved
TACCGAATCGGTCAGC	neuronal
TACCGAATCTTACCAT	oligodendrocyte_OPC
TACCGGGAGTGCGCTC	astrocyte
TACCGGGCAAGCGAGT	unresolved
TACCGGGCAATAGAGT	astrocyte
TACCGGGGTAAGTTGA	unresolved
TACCGGGGTAATGTGA	microglia_immune
TACCGGGGTACTAACC	unresolved
TACCGGGTCATTACCT	neuronal
TACCGGGTCGCCAACG	vascular
TACCGGGTCGCCACTT	neuronal
TACCGGGTCGCTGACG	astrocyte
TACCGGGTCGGCATCG	astrocyte
TACCGGGTCGTGCTCT	unresolved
TACCGGGTCTCTCTAA	unresolved
TACCTCGAGGCAGGTT	unresolved
TACCTCGAGTCAGGGT	oligodendrocyte_OPC
TACCTCGCAATGAGCG	unresolved
TACCTCGCAGCAATTC	neuronal
TACCTCGCAGCCTATA	astrocyte
TACCTCGGTACAGGTG	microglia_immune
TACCTCGGTACCGGCT	unresolved
TACCTCGGTGCAGTGA	oligodendrocyte_OPC
TACCTCGTCAGTGTCA	neuronal
TACCTCGTCATCTCTA	neuronal
TACCTGCAGAATTGCA	oligodendrocyte_OPC
TACCTGCAGCATTGTC	neuronal
TACCTGCAGCGTTAGG	oligodendrocyte_OPC
TACCTGCAGGATATAC	oligodendrocyte_OPC
TACCTGCCAAGAAACT	astrocyte
TACCTGCCACAGTACT	unresolved
TACCTGCCAGAGTGTG	astrocyte
TACCTGCCAGGAACCA	neuronal
TACCTGCCAGGTGACA	unresolved
TACCTGCCATAACCCA	unresolved
TACCTGCCATGGCTAT	neuronal
TACCTGCCATGTGGTT	unresolved
TACCTGCGTAGGTAGC	ambiguous_or_doublet
TACCTGCGTCCGTTTC	unresolved
TACCTGCGTCGTCGGT	neuronal
TACCTGCGTCTTGCTC	neuronal
TACCTGCGTGACTCGC	neuronal
TACCTGCGTTCTATCT	unresolved
TACCTGCTCCGATCGG	neuronal
TACCTGCTCCTCTCGA	unresolved
TACGCTCAGCTAGATA	unresolved
TACGCTCCAAGGACAC	unresolved
TACGCTCCACAGTCAT	astrocyte
TACGCTCCACTACTTT	unresolved
TACGCTCCATGCCGGT	astrocyte
TACGCTCCATTCTCTA	astrocyte
TACGCTCGTATCAGGG	oligodendrocyte_OPC
TACGCTCGTGAGTAGC	oligodendrocyte_OPC
TACGCTCGTGATTCTG	neuronal
TACGCTCGTGGTCTCG	unresolved
TACGCTCGTTCAAGTC	astrocyte
TACGCTCGTTGTTGCA	unresolved
TACGCTCTCAAGATAG	neuronal
TACGCTCTCATGCCGG	unresolved
TACGCTCTCGGTCTAA	unresolved
TACGCTCTCGTCGGGT	oligodendrocyte_OPC
TACGCTCTCTGGTCAA	unresolved
TACGGGCAGGTAAACT	oligodendrocyte_OPC
TACGGGCAGTATAGGT	oligodendrocyte_OPC
TACGGGCCAAACAGGC	oligodendrocyte_OPC
TACGGGCCAAGGGTCA	microglia_immune
TACGGGCCACCCTTGT	unresolved
TACGGGCCAGGCTTGC	unresolved
TACGGGCCATAGCTGT	oligodendrocyte_OPC
TACGGGCCATGACGAG	neuronal
TACGGGCGTGATACCT	microglia_immune
TACGGGCTCAATCCAG	ambiguous_or_doublet
TACGGGCTCGCCTAGG	astrocyte
TACGGGCTCGGCATTA	unresolved
TACGGTAAGACATAGT	neuronal
TACGGTAAGATCACTC	astrocyte
TACGGTAAGCCTCTCT	astrocyte
TACGGTAAGTGAGGCT	vascular
TACGGTACAAAGGCTG	neuronal
TACGGTACATGAGAAT	unresolved
TACGGTAGTATAGGAT	unresolved
TACGGTAGTCCTGTCT	neuronal
TACGGTAGTGGTAACG	unresolved
TACGGTAGTGGTACAG	unresolved
TACGGTAGTTCCAGGC	unresolved
TACGGTATCATTACGG	unresolved
TACGGTATCCGAAATC	astrocyte
TACGGTATCCGATAAC	neuronal
TACGGTATCGCTCATC	unresolved
TACGTCCAGCGGGTTA	microglia_immune
TACGTCCAGGACATCG	oligodendrocyte_OPC
TACGTCCAGGAGATAG	oligodendrocyte_OPC
TACGTCCAGGCCACTC	astrocyte
TACGTCCAGGGAGGGT	neuronal
TACGTCCAGTTGCGAG	unresolved
TACGTCCCAAGCTCTA	unresolved
TACGTCCCACAACATC	unresolved
TACGTCCCAGTCTACA	unresolved
TACGTCCCAGTTGTCA	astrocyte
TACGTCCCATAACAGA	neuronal
TACGTCCCATCACAGT	oligodendrocyte_OPC
TACGTCCGTACCTAAC	unresolved
TACGTCCGTAGATTAG	unresolved
TACGTCCGTATGCTTG	astrocyte
TACGTCCGTCCACACG	unresolved
TACGTCCGTTCTCGCT	microglia_immune
TACGTCCTCAAGCTTG	ambiguous_or_doublet
TACGTCCTCACTAGCA	unresolved
TACGTCCTCATTACCT	oligodendrocyte_OPC
TACGTCCTCGTGGCGT	unresolved
TACTGCCAGAGGGTCT	oligodendrocyte_OPC
TACTGCCAGGTTCCGC	microglia_immune
TACTGCCAGGTTGGAC	vascular
TACTGCCAGTACCCTA	neuronal
TACTGCCCAACCGCTG	oligodendrocyte_OPC
TACTGCCCAAGCAGGT	astrocyte
TACTGCCCAATATCCG	unresolved
TACTGCCCACCAGGTC	oligodendrocyte_OPC
TACTGCCCAGCGACAA	oligodendrocyte_OPC
TACTGCCGTACGTGAG	astrocyte
TACTGCCGTATCGGTT	unresolved
TACTGCCGTATTGACC	oligodendrocyte_OPC
TACTGCCGTCTCACGG	vascular
TACTGCCGTGAGACGT	neuronal
TACTGCCGTTCCTTGC	unresolved
TACTGCCTCATTCACT	unresolved
TACTGCCTCCGTGTCT	oligodendrocyte_OPC
TACTGCCTCTCGTCAC	neuronal
TACTTACAGACGGTCA	unresolved
TACTTACAGCCGTTAT	vascular
TACTTACAGGATATAC	unresolved
TACTTACCACAAGTTC	oligodendrocyte_OPC
TACTTACCATTGTACG	unresolved
TACTTACGTAGGACCA	oligodendrocyte_OPC
TACTTACGTATACAGA	astrocyte
TACTTACGTCAAGCCC	unresolved
TACTTACGTCAAGCGA	unresolved
TACTTACGTCTCCTGT	unresolved
TACTTACTCAAGCTTG	astrocyte
TACTTACTCACCGGGT	unresolved
TACTTACTCATTGCGA	oligodendrocyte_OPC
TACTTACTCCTTATCA	vascular
TACTTACTCGACGAGA	unresolved
TACTTACTCGAGCTGC	unresolved
TACTTACTCGTGTGGC	oligodendrocyte_OPC
TACTTCAAGATGATTG	unresolved
TACTTCAAGCATTTCG	neuronal
TACTTCAAGCCTCTCT	astrocyte
TACTTCAAGTCGCCAC	unresolved
TACTTCAAGTTAACAG	oligodendrocyte_OPC
TACTTCACAAATGCGG	astrocyte
TACTTCACAACCACAT	unresolved
TACTTCACACCTGCTT	neuronal
TACTTCACAGCGAACA	oligodendrocyte_OPC
TACTTCACATGCAGGA	astrocyte
TACTTCACATTGACTG	neuronal
TACTTCAGTCCAATCA	unresolved
TACTTCAGTCCATCTC	unresolved
TACTTCATCAGGAAGC	unresolved
TACTTCATCGAGCTGC	vascular
TACTTCATCGATGCTA	oligodendrocyte_OPC
TACTTCATCGCTAAAC	neuronal
TACTTGTAGACTTAAG	unresolved
TACTTGTAGGGATCTG	unresolved
TACTTGTAGTACAGCG	unresolved
TACTTGTAGTGAGTTA	oligodendrocyte_OPC
TACTTGTCAACCTAAC	astrocyte
TACTTGTCAAGAATGT	unresolved
TACTTGTCACGATTCA	ambiguous_or_doublet
TACTTGTCATGTGGTT	unresolved
TACTTGTGTAGGCTGA	unresolved
TACTTGTGTTCTCTAT	microglia_immune
TACTTGTTCGATCCAA	unresolved
TACTTGTTCTCATGCC	oligodendrocyte_OPC
TAGACCAAGCCTCTCT	oligodendrocyte_OPC
TAGACCAAGTAATTGG	unresolved
TAGACCACACCTGCAG	neuronal
TAGACCACACCTGCGA	unresolved
TAGACCACAGCTGTAT	oligodendrocyte_OPC
TAGACCACAGGTCCGT	unresolved
TAGACCACATACTTTC	unresolved
TAGACCACATCCTTGC	microglia_immune
TAGACCAGTACATACC	oligodendrocyte_OPC
TAGACCAGTGTAAACA	oligodendrocyte_OPC
TAGACCAGTTGGTGTT	neuronal
TAGACCATCGAGAGAC	unresolved
TAGACCATCGGTGTTA	astrocyte
TAGACCATCGTCGACG	unresolved
TAGACCATCTATTCGT	unresolved
TAGACTGAGCTTACGT	oligodendrocyte_OPC
TAGACTGAGGACTAAT	neuronal
TAGACTGAGTCCTACA	neuronal
TAGACTGAGTTCCATG	microglia_immune
TAGACTGCAACGATCT	oligodendrocyte_OPC
TAGACTGCAGGTTACT	unresolved
TAGACTGGTGTTATCG	unresolved
TAGACTGTCACCACAA	astrocyte
TAGACTGTCAGCTCTC	neuronal
TAGACTGTCATTGGTG	astrocyte
TAGACTGTCTGGACTA	oligodendrocyte_OPC
TAGAGTCAGCCAGAGT	unresolved
TAGAGTCAGCTACGTT	neuronal
TAGAGTCCAAGGGTCA	oligodendrocyte_OPC
TAGAGTCCACCGGAAA	unresolved
TAGAGTCCACTACTTT	oligodendrocyte_OPC
TAGAGTCCAGGCACTC	astrocyte
TAGAGTCCAGTCCGTG	unresolved
TAGAGTCGTCCGCAGT	neuronal
TAGAGTCGTTATCTTC	neuronal
TAGAGTCTCATATGGC	astrocyte
TAGAGTCTCATTGTGG	oligodendrocyte_OPC
TAGAGTCTCGTTCTCG	unresolved
TAGAGTCTCTCAGGCG	unresolved
TAGATCGAGGCGTTGA	neuronal
TAGATCGAGGTAGTCG	astrocyte
TAGATCGAGGTTCCGC	unresolved
TAGATCGAGTCATGCT	unresolved
TAGATCGCACAGCCTG	neuronal
TAGATCGCACGCGTGT	astrocyte
TAGATCGGTAGCGAGT	neuronal
TAGATCGGTATGAGCG	unresolved
TAGATCGGTGACAACG	neuronal
TAGATCGGTTAACCTG	astrocyte
TAGATCGGTTCTCTCG	neuronal
TAGATCGTCATAGACC	unresolved
TAGATCGTCCCTCTTT	unresolved
TAGATCGTCCGACGGT	oligodendrocyte_OPC
TAGATCGTCGGCTCTT	neuronal
TAGCACAAGCAGGTCA	unresolved
TAGCACAAGCCATTGT	astrocyte
TAGCACAAGTACTGTC	oligodendrocyte_OPC
TAGCACAAGTTGGACG	neuronal
TAGCACACAAGCGAGT	unresolved
TAGCACACAATTTCCT	oligodendrocyte_OPC
TAGCACACAGTGAGCA	unresolved
TAGCACAGTGTTTGCA	astrocyte
TAGCACAGTTGTGCCG	oligodendrocyte_OPC
TAGCACATCATCGACA	neuronal
TAGCACATCCCGAAAT	unresolved
TAGCACATCTCGCTCA	oligodendrocyte_OPC
TAGCACATCTTGTTAC	unresolved
TAGGAGGAGAGTTGTA	oligodendrocyte_OPC
TAGGAGGAGATCCCGC	microglia_immune
TAGGAGGAGCTCGAAG	astrocyte
TAGGAGGAGTACTGGG	neuronal
TAGGAGGAGTGTACCT	unresolved
TAGGAGGAGTGTTCCA	astrocyte
TAGGAGGCAAACGTGG	astrocyte
TAGGAGGCAAGGCTTT	neuronal
TAGGAGGCAATGCAGG	astrocyte
TAGGAGGCACTAACCA	oligodendrocyte_OPC
TAGGAGGCAGCTATTG	unresolved
TAGGAGGGTCCAATCA	astrocyte
TAGGAGGGTGAGGATC	neuronal
TAGGAGGGTGCATGTT	oligodendrocyte_OPC
TAGGAGGTCAGTCAGT	unresolved
TAGGAGGTCATGGATC	oligodendrocyte_OPC
TAGGAGGTCATTACGG	neuronal
TAGGAGGTCCTCGCAT	unresolved
TAGGAGGTCGTCCATC	unresolved
TAGGAGGTCTGGAAGG	neuronal
TAGGGTTAGACGTCCC	unresolved
TAGGGTTAGATCCGAG	astrocyte
TAGGGTTAGCTTAAGA	neuronal
TAGGGTTAGGAGTACC	neuronal
TAGGGTTCAAATGCTC	astrocyte
TAGGGTTCAACTGATC	oligodendrocyte_OPC
TAGGGTTCAAGCGCTC	microglia_immune
TAGGGTTGTAAGGAGA	unresolved
TAGGGTTGTATAGGGC	oligodendrocyte_OPC
TAGGGTTGTGTCACAT	neuronal
TAGGGTTTCTCTAAGG	unresolved
TAGGTACAGAGTACCG	unresolved
TAGGTACAGCCTAACT	astrocyte
TAGGTACAGCTTAGTC	unresolved
TAGGTACAGTCGCGAA	oligodendrocyte_OPC
TAGGTACCACAAGGTG	astrocyte
TAGGTACCACAATTCG	unresolved
TAGGTACCAGGGATAC	oligodendrocyte_OPC
TAGGTACGTACCCGCA	oligodendrocyte_OPC
TAGGTACGTACCTAAC	unresolved
TAGGTACGTAGGTCAG	astrocyte
TAGGTACGTATCTTCT	oligodendrocyte_OPC
TAGGTACGTCAGTTTG	unresolved
TAGGTACGTCATAAAG	unresolved
TAGGTACGTCATTCCC	oligodendrocyte_OPC
TAGGTACGTCCGGACT	unresolved
TAGGTACTCAGCTTGA	unresolved
TAGGTACTCGTCCTTG	oligodendrocyte_OPC
TAGGTTGAGAGCCATG	unresolved
TAGGTTGAGGGAGGGT	microglia_immune
TAGGTTGAGGTAGATT	neuronal
TAGGTTGAGGTGCCAA	oligodendrocyte_OPC
TAGGTTGAGGTTGAGC	astrocyte
TAGGTTGAGTTAGTGA	unresolved
TAGGTTGCATATCTGG	vascular
TAGGTTGGTAACTTCG	neuronal
TAGGTTGGTCTTCAAG	neuronal
TAGGTTGTCAAAGACA	neuronal
TAGGTTGTCACTCACC	oligodendrocyte_OPC
TAGGTTGTCATTCTTG	unresolved
TAGGTTGTCTTGGTGA	unresolved
TAGTGCAAGAGAGCCT	oligodendrocyte_OPC
TAGTGCAAGGGTGGGA	neuronal
TAGTGCAAGTCAGCCC	unresolved
TAGTGCACAAAGGATT	oligodendrocyte_OPC
TAGTGCACATACGCAT	unresolved
TAGTGCACATTGCCTC	microglia_immune
TAGTGCAGTAAGGCTG	unresolved
TAGTGCAGTACAGTCT	oligodendrocyte_OPC
TAGTGCAGTACTGGGA	oligodendrocyte_OPC
TAGTGCAGTCGGCTAC	oligodendrocyte_OPC
TAGTGCAGTGCCAAGA	unresolved
TAGTGCAGTGGGTATG	oligodendrocyte_OPC
TAGTGCAGTGTAAACA	neuronal
TAGTGCAGTTCGGTTA	unresolved
TAGTGCAGTTGCATCA	microglia_immune
TAGTGCAGTTGCCAAT	oligodendrocyte_OPC
TAGTGCATCACTACTT	neuronal
TAGTGCATCTTGGCTC	astrocyte
TATACCTAGACCAACG	oligodendrocyte_OPC
TATACCTAGAGCAGTC	unresolved
TATACCTAGGCAATGC	unresolved
TATACCTAGTGGACTG	unresolved
TATACCTGTAAGATAC	vascular
TATACCTGTACTCGCG	oligodendrocyte_OPC
TATACCTGTAGCCAGA	astrocyte
TATACCTGTAGTGGCA	oligodendrocyte_OPC
TATACCTGTCCTGGGT	neuronal
TATACCTGTTAGAGTA	vascular
TATACCTTCGCATTAG	oligodendrocyte_OPC
TATACCTTCGTCGATA	oligodendrocyte_OPC
TATACCTTCTCCGTGT	unresolved
TATACCTTCTCTCAAT	oligodendrocyte_OPC
TATATCCAGAATGTTG	oligodendrocyte_OPC
TATATCCAGAGGACTC	oligodendrocyte_OPC
TATATCCAGTCATACC	neuronal
TATATCCAGTTTGGCT	astrocyte
TATATCCCAAATCGTC	astrocyte
TATATCCGTTAACCTG	unresolved
TATATCCTCGACATAC	unresolved
TATATCCTCTTCCAGC	unresolved
TATCAGGAGCAACAGC	unresolved
TATCAGGAGCAGCGAT	oligodendrocyte_OPC
TATCAGGAGCCACCGT	astrocyte
TATCAGGAGGGCGAGA	vascular
TATCAGGCAAGCGGAT	unresolved
TATCAGGCACGGCGTT	unresolved
TATCAGGCATACAGCT	oligodendrocyte_OPC
TATCAGGCATTAGGCT	neuronal
TATCAGGGTAAGATAC	unresolved
TATCAGGGTATAGCTC	unresolved
TATCAGGGTTGATGTC	unresolved
TATCAGGTCAACTTTC	oligodendrocyte_OPC
TATCAGGTCCGATGCG	neuronal
TATCAGGTCCGCACTT	oligodendrocyte_OPC
TATCAGGTCTCGCTTG	astrocyte
TATCAGGTCTGTCGTC	microglia_immune
TATCCTAAGAATTGCA	oligodendrocyte_OPC
TATCCTAAGTACCCTA	microglia_immune
TATCCTACAATCTCTT	astrocyte
TATCCTACACGTTGGC	oligodendrocyte_OPC
TATCCTACACTGTGAT	neuronal
TATCCTACAGTTGCGC	unresolved
TATCCTACATACTGTG	unresolved
TATCCTAGTCGACGCT	unresolved
TATCCTAGTCGGCCTA	unresolved
TATCCTAGTTACCGTA	neuronal
TATCCTATCGGAGCAA	unresolved
TATCCTATCGGTGCAC	oligodendrocyte_OPC
TATCCTATCGTAACAC	microglia_immune
TATCCTATCGTTCTAT	astrocyte
TATCCTATCTAATTCC	neuronal
TATCCTATCTTACCAT	oligodendrocyte_OPC
TATCGCCAGCGTTGTT	oligodendrocyte_OPC
TATCGCCAGGTCCTGC	unresolved
TATCGCCCAAAGCTCT	astrocyte
TATCGCCCAACACGTT	unresolved
TATCGCCGTGAGACGT	unresolved
TATCGCCTCAAACCTG	unresolved
TATCGCCTCAGTCACA	unresolved
TATCGCCTCCCGAGGT	unresolved
TATCGCCTCGAAGCCC	unresolved
TATCTGTAGCCATTGT	unresolved
TATCTGTCAAACTGCT	astrocyte
TATCTGTCAATCCTTT	astrocyte
TATCTGTCAATGAACA	unresolved
TATCTGTCAGCTCGGT	neuronal
TATCTGTCAGTTGTTG	unresolved
TATCTGTCATCGCTAA	unresolved
TATCTGTGTCACCACG	unresolved
TATCTGTGTCATAAAG	neuronal
TATCTGTGTGATTAGA	astrocyte
TATCTGTTCATGGGAG	neuronal
TATCTGTTCGAGAGCA	unresolved
TATCTGTTCGCAGTGC	unresolved
TATCTGTTCGTTCCCA	vascular
TATCTTGAGGTACAGC	oligodendrocyte_OPC
TATCTTGCAACATCGT	unresolved
TATCTTGCAGCACAAG	unresolved
TATCTTGCATATCGGT	neuronal
TATCTTGGTACGTGAG	unresolved
TATCTTGGTCGAAGCA	unresolved
TATCTTGGTGGGCTCT	astrocyte
TATCTTGGTTGCACGC	unresolved
TATCTTGTCACCCTGT	astrocyte
TATCTTGTCCTACAAG	oligodendrocyte_OPC
TATCTTGTCGAATCCA	unresolved
TATCTTGTCTCAAAGC	unresolved
TATCTTGTCTGCATGA	oligodendrocyte_OPC
TATCTTGTCTTACTGT	astrocyte
TATGTTCAGATACAGT	astrocyte
TATGTTCAGCCTCCAG	neuronal
TATGTTCAGCTCAGAG	unresolved
TATGTTCAGTAGAGTT	unresolved
TATGTTCAGTCATCGT	neuronal
TATGTTCAGTGCCTCG	oligodendrocyte_OPC
TATGTTCAGTGGCCTC	oligodendrocyte_OPC
TATGTTCCAAACCACT	unresolved
TATGTTCCAAATCAAG	oligodendrocyte_OPC
TATGTTCCACACGTGC	unresolved
TATGTTCCATGGCACC	oligodendrocyte_OPC
TATGTTCGTACCCGAC	unresolved
TATGTTCTCAGAGTGG	unresolved
TATGTTCTCCCACAGG	oligodendrocyte_OPC
TATGTTCTCCGTCACT	unresolved
TATGTTCTCCTGTAGA	unresolved
TATGTTCTCTATTCGT	astrocyte
TATTCCAAGGTTAAAC	vascular
TATTCCAAGTGCTACT	neuronal
TATTCCAAGTTGGACG	astrocyte
TATTCCACAACTCCCT	unresolved
TATTCCACACCCTAGG	oligodendrocyte_OPC
TATTCCACATCGTTCC	microglia_immune
TATTCCAGTACGGGAT	astrocyte
TATTCCAGTAGCGATG	neuronal
TATTCCAGTCGAGCAA	oligodendrocyte_OPC
TATTCCAGTGTGTCGC	neuronal
TATTCCAGTTCAAACC	microglia_immune
TATTCCAGTTTCGTTT	neuronal
TATTCCATCTAGGAAA	microglia_immune
TATTGCTAGACCTCCG	neuronal
TATTGCTAGCCTCACG	neuronal
TATTGCTCATCTTTCA	neuronal
TATTGCTGTAATGATG	unresolved
TATTGCTGTAGGATAT	unresolved
TATTGCTTCATTGGTG	neuronal
TATTGCTTCGTCACCT	oligodendrocyte_OPC
TATTGCTTCTACCCAC	vascular
TATTGGGAGACGACGT	neuronal
TATTGGGAGGATTCCT	unresolved
TATTGGGAGGTTCAGG	unresolved
TATTGGGAGGTTGACG	astrocyte
TATTGGGCATGGAAGC	unresolved
TATTGGGGTATATGGA	neuronal
TATTGGGGTATGCGTT	oligodendrocyte_OPC
TATTGGGTCCAACCAA	unresolved
TATTGGGTCCCGAGAC	unresolved
TATTGGGTCCGTCCTA	oligodendrocyte_OPC
TATTGGGTCGGACCAC	neuronal
TATTGGGTCGTTGTGA	unresolved
TATTGGGTCTACTCAT	unresolved
TATTTCGAGAGGTTAT	unresolved
TATTTCGAGCCTGTCG	neuronal
TATTTCGAGCGACCCT	neuronal
TATTTCGAGGAGCAAA	oligodendrocyte_OPC
TATTTCGAGTCGCGAA	neuronal
TATTTCGCAACACAGG	unresolved
TATTTCGCAACACGTT	oligodendrocyte_OPC
TATTTCGCAGGCTACC	oligodendrocyte_OPC
TATTTCGCATCGATGT	unresolved
TATTTCGGTATCTCTT	neuronal
TATTTCGGTGACTCTA	astrocyte
TATTTCGTCACTTGTT	unresolved
TATTTCGTCAGCTTGA	oligodendrocyte_OPC
TATTTCGTCCGTTTCG	unresolved
TATTTCGTCCTCTCGA	unresolved
TATTTCGTCTCCCATG	unresolved
TATTTCGTCTGCCTGT	unresolved
TCAAGACAGAGATTCA	oligodendrocyte_OPC
TCAAGACAGCGCCTAC	oligodendrocyte_OPC
TCAAGACAGGGTATAT	unresolved
TCAAGACCACGAGAAC	neuronal
TCAAGACCAGTTCACA	neuronal
TCAAGACCATCCGGTG	neuronal
TCAAGACCATGACAAA	unresolved
TCAAGACCATGGGCAA	unresolved
TCAAGACGTATGCGGA	oligodendrocyte_OPC
TCAAGACGTCAACATC	microglia_immune
TCAAGACGTCGGAAAC	unresolved
TCAAGACGTGTTAAAG	unresolved
TCAAGACGTGTTCGAT	oligodendrocyte_OPC
TCAAGACGTTCAGTAC	unresolved
TCAAGACTCACAGTGT	unresolved
TCAAGACTCATCTGTT	unresolved
TCAAGACTCTTCCGTG	ambiguous_or_doublet
TCAAGCAAGTCACTGT	unresolved
TCAAGCACAATTGAGA	unresolved
TCAAGCACACAGTATC	oligodendrocyte_OPC
TCAAGCACACATTGTG	unresolved
TCAAGCACAGATTTCG	astrocyte
TCAAGCACAGGCGTTC	astrocyte
TCAAGCACAGTTACCA	neuronal
TCAAGCAGTACCATAC	unresolved
TCAAGCATCAAGAGTA	unresolved
TCAAGCATCCCATAGA	unresolved
TCAAGCATCCGGACTG	unresolved
TCAAGTGAGCCGATAG	astrocyte
TCAAGTGAGGCCGCTT	astrocyte
TCAAGTGAGGGTACGT	microglia_immune
TCAAGTGAGTAACAGT	oligodendrocyte_OPC
TCAAGTGAGTTTCTTC	neuronal
TCAAGTGCAACCCTAA	unresolved
TCAAGTGCAAGTGATA	unresolved
TCAAGTGCAATTCTTC	astrocyte
TCAAGTGCACGGATCC	oligodendrocyte_OPC
TCAAGTGCAGATACCT	neuronal
TCAAGTGCAGTTTCGA	neuronal
TCAAGTGGTAACGGTG	neuronal
TCAAGTGGTAAGCAAT	unresolved
TCAAGTGGTATGGAAT	unresolved
TCAAGTGGTCGTTTCC	oligodendrocyte_OPC
TCAAGTGGTGAACCGA	unresolved
TCAAGTGGTGGAACAC	oligodendrocyte_OPC
TCAAGTGGTGTGGTCC	unresolved
TCAAGTGTCAGTCACA	oligodendrocyte_OPC
TCAAGTGTCATCGCTC	neuronal
TCAAGTGTCATTTCCA	neuronal
TCAAGTGTCGATTGAC	astrocyte
TCAATCTAGCGATCGA	astrocyte
TCAATCTAGCTGCGAA	microglia_immune
TCAATCTCAACGATTC	oligodendrocyte_OPC
TCAATCTCACCGTGAC	unresolved
TCAATCTCAGCTGTAT	astrocyte
TCAATCTCATCCTTGC	neuronal
TCAATCTGTCATGGCC	oligodendrocyte_OPC
TCAATCTGTGAGAACC	astrocyte
TCAATCTGTGTGTTTG	neuronal
TCAATCTGTTTAGTCG	oligodendrocyte_OPC
TCAATCTTCCTCTAAT	unresolved
TCAATCTTCGTAGCCG	unresolved
TCAATTCAGAGGTTAT	unresolved
TCAATTCAGCCTCTTC	oligodendrocyte_OPC
TCAATTCAGGCCTGAA	oligodendrocyte_OPC
TCAATTCAGGCTTCCG	microglia_immune
TCAATTCCAACAAGAT	astrocyte
TCAATTCCAGTCAGCC	astrocyte
TCAATTCCATAATGCC	neuronal
TCAATTCCATGAATAG	unresolved
TCAATTCGTGCGCTCA	unresolved
TCAATTCGTGGTCAAG	unresolved
TCAATTCGTTATCCAG	neuronal
TCAATTCGTTCCCACT	astrocyte
TCAATTCGTTGTAAAG	astrocyte
TCAATTCTCAGTCACA	unresolved
TCAATTCTCCCTGGTT	unresolved
TCACAAGAGACGGATC	neuronal
TCACAAGAGATGTTCC	neuronal
TCACAAGAGGTAGCCA	astrocyte
TCACAAGCAAAGGCGT	neuronal
TCACAAGCAACGTTAC	unresolved
TCACAAGCAATACGAA	neuronal
TCACAAGCAGCGTGCT	neuronal
TCACAAGCATGAATCC	astrocyte
TCACAAGGTCACGCTG	oligodendrocyte_OPC
TCACAAGGTCATACCA	oligodendrocyte_OPC
TCACAAGGTCGCATCG	neuronal
TCACAAGGTGCAGATG	unresolved
TCACAAGTCATTGTTC	astrocyte
TCACAAGTCCTAGCTC	astrocyte
TCACAAGTCGAATCCA	neuronal
TCACAAGTCGACGTCG	neuronal
TCACAAGTCTACGCAA	microglia_immune
TCACAAGTCTCTATGT	astrocyte
TCACACCAGAGTGGCT	oligodendrocyte_OPC
TCACACCAGGGTATAT	oligodendrocyte_OPC
TCACACCAGTCACGCC	unresolved
TCACACCAGTCCTACA	unresolved
TCACACCAGTCTCCTC	unresolved
TCACACCAGTTACGTC	microglia_immune
TCACACCCAAGAGCTG	unresolved
TCACACCCAAGGATGC	oligodendrocyte_OPC
TCACACCCACAAGGTG	unresolved
TCACACCCACGCGGTT	neuronal
TCACACCCAGGCCCTA	neuronal
TCACACCCAGTAGAGC	unresolved
TCACACCGTACGTACT	oligodendrocyte_OPC
TCACACCGTAGGGAGG	oligodendrocyte_OPC
TCACACCGTCACCGAC	oligodendrocyte_OPC
TCACACCGTCGAATGG	oligodendrocyte_OPC
TCACACCGTCGAGTTT	oligodendrocyte_OPC
TCACACCGTCTGTCAA	neuronal
TCACACCTCAAGCTGT	oligodendrocyte_OPC
TCACATTAGACTTCCA	neuronal
TCACATTAGCATTTGC	unresolved
TCACATTAGCTGGCTC	oligodendrocyte_OPC
TCACATTAGGCACTCC	oligodendrocyte_OPC
TCACATTAGTTGTCGT	neuronal
TCACATTCAATCTCGA	oligodendrocyte_OPC
TCACATTCACATCCCT	unresolved
TCACATTCAGAACATA	astrocyte
TCACATTCAGTAGTGG	neuronal
TCACATTGTAACGGTG	oligodendrocyte_OPC
TCACATTGTACTTGTG	astrocyte
TCACATTGTGCCCAGT	unresolved
TCACATTGTGCGTTTA	unresolved
TCACATTTCATACGAC	unresolved
TCACATTTCCCAGCGA	unresolved
TCACATTTCGCCACTT	oligodendrocyte_OPC
TCACATTTCGGTAAGG	unresolved
TCACATTTCGTAGAGG	unresolved
TCACATTTCTACACAG	astrocyte
TCACGCTAGATTTGCC	neuronal
TCACGCTAGCGTGAGT	oligodendrocyte_OPC
TCACGCTAGGCACCAA	neuronal
TCACGCTAGGGCAGTT	microglia_immune
TCACGCTCAACCGTAT	unresolved
TCACGCTCAGACAATA	oligodendrocyte_OPC
TCACGCTCAGAGACTG	unresolved
TCACGCTGTCACCTTC	unresolved
TCACGCTGTCATGACT	unresolved
TCACGCTGTCGGCACT	oligodendrocyte_OPC
TCACGCTTCATATGGC	neuronal
TCACGCTTCGTGCAGC	astrocyte
TCACGGGAGACGCCCT	oligodendrocyte_OPC
TCACGGGAGATCCTAC	astrocyte
TCACGGGAGCTGGTGA	unresolved
TCACGGGAGGCCCAAA	oligodendrocyte_OPC
TCACGGGCAACCGTAT	oligodendrocyte_OPC
TCACGGGCACATATGC	unresolved
TCACGGGCACCAGCGT	astrocyte
TCACGGGCACTAGTAC	neuronal
TCACGGGCAGGCTACC	oligodendrocyte_OPC
TCACGGGGTATTGCCA	unresolved
TCACGGGGTCACCCTT	neuronal
TCACGGGGTTGTACGT	neuronal
TCACGGGTCAGGACGA	oligodendrocyte_OPC
TCACGGGTCCACGTCT	oligodendrocyte_OPC
TCACGGGTCCTGGGAC	vascular
TCACGGGTCGGCGATC	unresolved
TCACGGGTCTTCGTAT	oligodendrocyte_OPC
TCACTATAGAGAAGGT	neuronal
TCACTATAGATTGTGA	unresolved
TCACTATAGCTTCGTA	astrocyte
TCACTATAGGCAATGC	astrocyte
TCACTATCATCCGTGG	astrocyte
TCACTATTCAACGCTA	microglia_immune
TCACTATTCGCTGTCT	astrocyte
TCACTATTCGTTCTGC	unresolved
TCACTATTCTGAGTCA	microglia_immune
TCACTCGAGAGCCATG	unresolved
TCACTCGAGGTATCTC	astrocyte
TCACTCGAGGTCATCT	neuronal
TCACTCGCATACCAGT	neuronal
TCACTCGGTCATCTAG	microglia_immune
TCACTCGGTGGAGAAA	unresolved
TCACTCGGTTACGCCG	unresolved
TCACTCGTCAAAGCCT	unresolved
TCACTCGTCCGAGCTG	unresolved
TCACTCGTCTAACACG	unresolved
TCACTCGTCTTACCGC	unresolved
TCAGCAAAGACGCCCT	unresolved
TCAGCAAAGAGTGACC	unresolved
TCAGCAAAGCATTGAA	oligodendrocyte_OPC
TCAGCAAAGGAGACCT	oligodendrocyte_OPC
TCAGCAAAGGATGCGT	oligodendrocyte_OPC
TCAGCAAAGGATGTTA	neuronal
TCAGCAACACCTGTCT	astrocyte
TCAGCAACACGGATCC	astrocyte
TCAGCAACAGAGTCTT	neuronal
TCAGCAACATATGAAG	unresolved
TCAGCAACATGAGGGT	neuronal
TCAGCAACATGGGATG	neuronal
TCAGCAAGTACCTAGT	unresolved
TCAGCAAGTAGACTGG	oligodendrocyte_OPC
TCAGCAAGTATCCCAA	microglia_immune
TCAGCAAGTGTAGTGG	astrocyte
TCAGCAATCAGGCGAA	astrocyte
TCAGCAATCCCAGGCA	oligodendrocyte_OPC
TCAGCAATCCCTGGTT	neuronal
TCAGCAATCCGCACGA	astrocyte
TCAGCAATCGCTCTCA	unresolved
TCAGCAATCTAACGCA	astrocyte
TCAGCAATCTCTCCGA	astrocyte
TCAGCCTAGAAGTCTA	unresolved
TCAGCCTAGTTGTACC	oligodendrocyte_OPC
TCAGCCTCAACTCCCT	unresolved
TCAGCCTCACCGTGGT	neuronal
TCAGCCTGTCGATTAC	unresolved
TCAGCCTGTTAGGGTG	unresolved
TCAGCCTGTTCTCTAT	astrocyte
TCAGCCTGTTCTTGCC	vascular
TCAGCCTTCGAGATGG	neuronal
TCAGCCTTCGGTAACT	astrocyte
TCAGCCTTCTATCGGA	unresolved
TCAGCCTTCTGCATAG	unresolved
TCAGGGCAGATGTTAG	neuronal
TCAGGGCAGGCAATGC	astrocyte
TCAGGGCCAAGTACCT	oligodendrocyte_OPC
TCAGGGCCAGCAGATG	neuronal
TCAGGGCGTACCACGC	neuronal
TCAGGGCGTGACAGCA	unresolved
TCAGGGCGTGCTGATT	neuronal
TCAGGGCGTTAAACCC	unresolved
TCAGGGCGTTCGGCTG	neuronal
TCAGGGCGTTGAGAGC	oligodendrocyte_OPC
TCAGGGCGTTTAGAGA	astrocyte
TCAGGGCTCATGCATG	unresolved
TCAGGGCTCCCATTCG	astrocyte
TCAGGGCTCCCGATCT	astrocyte
TCAGGGCTCGGAGTGA	neuronal
TCAGGTAAGAGATCGC	unresolved
TCAGGTAAGCCAGTAG	microglia_immune
TCAGGTAAGGCCCAAA	astrocyte
TCAGGTAAGTCGCCAC	unresolved
TCAGGTACAATCGAAA	neuronal
TCAGGTAGTACAGAGC	neuronal
TCAGGTAGTACTAAGA	astrocyte
TCAGGTAGTGTCCGTG	unresolved
TCAGGTATCCCAGGAC	unresolved
TCAGGTATCCTAACAG	oligodendrocyte_OPC
TCAGGTATCTCTTGCG	oligodendrocyte_OPC
TCAGGTATCTTCCGTG	neuronal
TCAGTCCAGATTGAGT	neuronal
TCAGTCCAGGCACTAG	microglia_immune
TCAGTCCAGGCGAACT	oligodendrocyte_OPC
TCAGTCCAGTCACTAC	oligodendrocyte_OPC
TCAGTCCAGTCCTGTA	unresolved
TCAGTCCCAATCAAGA	astrocyte
TCAGTCCCACCAGGTC	unresolved
TCAGTCCCAGGAATCG	neuronal
TCAGTCCCATTCAGGT	unresolved
TCAGTCCGTATGCTAC	neuronal
TCAGTCCGTATGCTTG	astrocyte
TCAGTCCGTCTGATAC	neuronal
TCAGTCCGTGGATACG	neuronal
TCAGTCCGTTCTCCAC	unresolved
TCAGTCCTCAAGCTGT	neuronal
TCAGTCCTCACACGAT	neuronal
TCAGTCCTCACCTGGG	unresolved
TCAGTCCTCCACTAGA	astrocyte
TCAGTCCTCCCGAGGT	astrocyte
TCAGTCCTCTCTAAGG	oligodendrocyte_OPC
TCAGTCCTCTTTCCAA	astrocyte
TCAGTCCTCTTTGCGC	neuronal
TCAGTGAAGGAAGTGA	unresolved
TCAGTGACAGCGAGTA	neuronal
TCAGTGACATGAGGGT	oligodendrocyte_OPC
TCAGTGAGTAAGCGGT	unresolved
TCAGTGAGTACAAGTA	unresolved
TCAGTGAGTATCGATC	astrocyte
TCAGTGAGTCCAACGC	unresolved
TCAGTGAGTCGGAAAC	neuronal
TCAGTGAGTGTATACC	oligodendrocyte_OPC
TCAGTGATCCAATCCC	astrocyte
TCAGTGATCTTGCAAG	unresolved
TCAGTTTAGCCTTTGA	unresolved
TCAGTTTAGCTTTCCC	oligodendrocyte_OPC
TCAGTTTAGTGGAATT	astrocyte
TCAGTTTAGTTACGAA	unresolved
TCAGTTTCAAGTAGTA	neuronal
TCAGTTTCAAGTTCCA	oligodendrocyte_OPC
TCAGTTTCACGCTGTG	unresolved
TCAGTTTGTAACGTTC	unresolved
TCAGTTTGTAGCTGAG	unresolved
TCAGTTTGTGATGTAA	oligodendrocyte_OPC
TCAGTTTGTGTTCAGT	neuronal
TCAGTTTGTTGTATGC	unresolved
TCAGTTTTCCGCACTT	astrocyte
TCAGTTTTCGCGCCAA	neuronal
TCATACTAGAAATCCA	oligodendrocyte_OPC
TCATACTAGACAGCTG	oligodendrocyte_OPC
TCATACTAGAGATTCA	unresolved
TCATACTAGCTTCGTA	oligodendrocyte_OPC
TCATACTAGGTCCCGT	unresolved
TCATACTAGTAGATCA	oligodendrocyte_OPC
TCATACTAGTCACACT	astrocyte
TCATACTCAAACGGCA	oligodendrocyte_OPC
TCATACTCAAGTGATA	oligodendrocyte_OPC
TCATACTCATGAAGCG	vascular
TCATACTCATGGCTGC	oligodendrocyte_OPC
TCATACTGTGTATCCA	neuronal
TCATACTTCAATGTCG	neuronal
TCATACTTCCAATCTT	neuronal
TCATACTTCCATATGG	unresolved
TCATACTTCCGTGACG	oligodendrocyte_OPC
TCATACTTCGGCAGTC	astrocyte
TCATATCCACACTGGC	vascular
TCATATCCATTGCCTC	unresolved
TCATATCGTATGGTTC	oligodendrocyte_OPC
TCATATCGTCTTCCGT	oligodendrocyte_OPC
TCATATCGTGATCGTT	astrocyte
TCATATCGTTGGATCT	unresolved
TCATATCTCCCTTTGG	unresolved
TCATATCTCCTACGGG	unresolved
TCATATCTCGAGAAAT	astrocyte
TCATCATAGAAGAACG	neuronal
TCATCATAGTGGCCTC	unresolved
TCATCATAGTTCCGTA	unresolved
TCATCATCAGGTGGAT	neuronal
TCATCATCATGGGTCC	neuronal
TCATCATCATGTACGT	unresolved
TCATCATGTAGTCACT	oligodendrocyte_OPC
TCATCATGTCAGGAGT	astrocyte
TCATCATGTGTGTCCG	unresolved
TCATCATTCATCGACA	unresolved
TCATCATTCCATATGG	astrocyte
TCATCATTCTCGGTAA	oligodendrocyte_OPC
TCATCCGAGCCACCGT	oligodendrocyte_OPC
TCATCCGAGGTAGATT	neuronal
TCATCCGAGGTCGTCC	unresolved
TCATCCGAGTAACCTC	ambiguous_or_doublet
TCATCCGAGTTCTCTT	unresolved
TCATCCGCACGCGCAT	oligodendrocyte_OPC
TCATCCGCAGCAGTTT	oligodendrocyte_OPC
TCATCCGCAGGACGAT	neuronal
TCATCCGCATATGAAG	oligodendrocyte_OPC
TCATCCGCATGCCGCA	oligodendrocyte_OPC
TCATCCGGTATCCCTC	neuronal
TCATCCGTCAACCCGG	neuronal
TCATCCGTCACTCCGT	astrocyte
TCATCCGTCCGTGGCA	microglia_immune
TCATCCGTCGGTGAAG	unresolved
TCATCCGTCTCCCATG	unresolved
TCATGAGAGACGCCAA	unresolved
TCATGAGAGAGATCGC	oligodendrocyte_OPC
TCATGAGAGATTGACA	unresolved
TCATGAGAGATTGGGC	neuronal
TCATGAGCAAGGACAC	oligodendrocyte_OPC
TCATGAGGTACGTGTT	neuronal
TCATGAGGTAGCACAG	neuronal
TCATGAGGTATTGACC	oligodendrocyte_OPC
TCATGAGGTCTTTCTA	unresolved
TCATGAGGTTGCATAC	oligodendrocyte_OPC
TCATGAGTCCGTGTAA	astrocyte
TCATGAGTCCTACTGC	unresolved
TCATGAGTCGAGAGAC	astrocyte
TCATGAGTCTCCGATC	oligodendrocyte_OPC
TCATGCCAGACCCGCT	astrocyte
TCATGCCAGACTCGAG	neuronal
TCATGCCAGCGTGAAC	neuronal
TCATGCCCAATGCTCA	oligodendrocyte_OPC
TCATGCCGTGACCGTC	oligodendrocyte_OPC
TCATGCCGTGACGCCT	oligodendrocyte_OPC
TCATGCCGTGCATGAG	unresolved
TCATGCCGTTCATCTT	neuronal
TCATGCCTCCTTCTGG	neuronal
TCATGCCTCGCAGTTA	unresolved
TCATGCCTCTTACCAT	neuronal
TCATGCCTCTTCGTGC	neuronal
TCATGGAAGCCTTCTC	unresolved
TCATGGAAGCGATTCT	neuronal
TCATGGAAGGCGATAC	neuronal
TCATGGAAGTTAGTAG	unresolved
TCATGGACAACTGCCG	oligodendrocyte_OPC
TCATGGAGTCATACCA	neuronal
TCATGGAGTCATAGTC	unresolved
TCATGGAGTTGATGTC	unresolved
TCATGGATCCTCAGGG	unresolved
TCATGGATCTCATAGG	unresolved
TCATGGATCTGAGCAT	neuronal
TCATGTTAGAAGCGCT	oligodendrocyte_OPC
TCATGTTAGTATTGCC	unresolved
TCATGTTCAAAGAGTT	astrocyte
TCATGTTCAAGCTGTT	unresolved
TCATGTTCAAGTGACG	unresolved
TCATGTTCAGCAGATG	unresolved
TCATGTTCATTGCAAC	oligodendrocyte_OPC
TCATGTTGTACCAGAG	unresolved
TCATGTTGTCCGGCAT	oligodendrocyte_OPC
TCATGTTGTGTTTGCA	oligodendrocyte_OPC
TCATGTTGTTACCCAA	unresolved
TCATGTTGTTGCTTGA	unresolved
TCATGTTTCAGGAACG	neuronal
TCATGTTTCGAACGCC	oligodendrocyte_OPC
TCATGTTTCGCAGTTA	unresolved
TCATGTTTCGCCAGAC	unresolved
TCATGTTTCTCATTTG	unresolved
TCATTACAGGGAGGGT	neuronal
TCATTACAGTAATACG	unresolved
TCATTACAGTACTCGT	unresolved
TCATTACCAAGCCTGC	oligodendrocyte_OPC
TCATTACCACTGTGAT	neuronal
TCATTACCAGAGGTAC	oligodendrocyte_OPC
TCATTACCATCTCAAG	unresolved
TCATTACGTCTACGAT	neuronal
TCATTACGTCTCTCAC	microglia_immune
TCATTACGTGTCCGTG	unresolved
TCATTACTCACAATGC	oligodendrocyte_OPC
TCATTACTCCATATGG	unresolved
TCATTACTCTCCAATT	astrocyte
TCATTACTCTTCTGTA	unresolved
TCATTCAAGACGACGT	unresolved
TCATTCAAGAGAGCCT	unresolved
TCATTCAAGCTTTCCC	astrocyte
TCATTCAAGGACAGTC	unresolved
TCATTCACAAAGGTTA	unresolved
TCATTCACAACCGCTG	unresolved
TCATTCACAACCGTAT	neuronal
TCATTCACAAGATTGA	neuronal
TCATTCACACAACGCC	neuronal
TCATTCACACATCATG	astrocyte
TCATTCACAGAGAGGG	oligodendrocyte_OPC
TCATTCAGTCTAATCG	neuronal
TCATTCAGTCTCTCCA	unresolved
TCATTCATCACGTAGT	unresolved
TCATTCATCCGTGACG	neuronal
TCATTGTAGGAACGTC	microglia_immune
TCATTGTAGGCCTTCG	unresolved
TCATTGTAGGGTAATT	neuronal
TCATTGTAGGTTCCGC	microglia_immune
TCATTGTAGTATCTGC	microglia_immune
TCATTGTCAAGACCGA	unresolved
TCATTGTCACAAGCCC	neuronal
TCATTGTCATGCGTGC	microglia_immune
TCATTGTCATGTTCGA	astrocyte
TCATTGTGTAGGCTGA	unresolved
TCATTGTGTCAACACT	neuronal
TCATTGTGTGAGATTA	unresolved
TCATTGTGTGATAGAT	unresolved
TCATTGTGTGGACTAG	oligodendrocyte_OPC
TCATTGTGTGGACTGA	neuronal
TCATTGTGTGGCAACA	astrocyte
TCATTGTGTGTGACCC	unresolved
TCATTGTGTGTGGACA	unresolved
TCATTGTGTTAAACAG	unresolved
TCATTGTGTTCTCGTC	neuronal
TCATTGTTCAAGCCAT	oligodendrocyte_OPC
TCATTGTTCAGCGCGT	neuronal
TCATTGTTCGGTTGTA	microglia_immune
TCATTGTTCGTTGTGA	unresolved
TCATTGTTCTGCGGGT	unresolved
TCATTGTTCTGCGTCT	unresolved
TCATTTGAGAGAGCAA	neuronal
TCATTTGAGCTTTCCC	oligodendrocyte_OPC
TCATTTGCAACCGCTG	unresolved
TCATTTGCAAGCACAG	oligodendrocyte_OPC
TCATTTGCACGGATCC	neuronal
TCATTTGCAGACTGCC	astrocyte
TCATTTGCAGGACTTT	unresolved
TCATTTGCAGTGCCTG	unresolved
TCATTTGCAGTTGAAA	neuronal
TCATTTGCATCACGGC	unresolved
TCATTTGGTACTAACC	neuronal
TCATTTGGTAGCTGAG	unresolved
TCATTTGGTCAAATCC	unresolved
TCATTTGGTCGCTTGG	unresolved
TCATTTGGTGTCCTAA	neuronal
TCATTTGTCAAGCGTT	neuronal
TCATTTGTCACATCAG	neuronal
TCATTTGTCATGAGAA	unresolved
TCATTTGTCCACTTCG	neuronal
TCATTTGTCCGAGATT	neuronal
TCATTTGTCGGACGTC	neuronal
TCATTTGTCGTAACTG	oligodendrocyte_OPC
TCATTTGTCGTAGGGA	astrocyte
TCATTTGTCTCTAAGG	astrocyte
TCCACCAAGACCCGCT	neuronal
TCCACCAAGAGGGTGG	unresolved
TCCACCAAGAGGTTTA	neuronal
TCCACCAAGCACTAAA	unresolved
TCCACCACAACCGGAA	unresolved
TCCACCACAACGGGTA	neuronal
TCCACCACACGAGAAC	neuronal
TCCACCACACGTGAGA	unresolved
TCCACCACAGATAAAC	astrocyte
TCCACCAGTACGTGTT	unresolved
TCCACCAGTATCCCTC	astrocyte
TCCACCAGTGCACATT	neuronal
TCCACCAGTTAAAGTG	oligodendrocyte_OPC
TCCACCAGTTCAGCTA	oligodendrocyte_OPC
TCCACCAGTTGCCGAC	oligodendrocyte_OPC
TCCACCATCACCCTTG	unresolved
TCCACCATCCTCACTG	astrocyte
TCCACCATCTAGCCAA	unresolved
TCCACCATCTGTCAGA	neuronal
TCCACGTAGAACTCCT	vascular
TCCACGTAGACTCCGC	unresolved
TCCACGTAGGCACCAA	neuronal
TCCACGTAGTATGATG	microglia_immune
TCCACGTAGTCGGGAT	vascular
TCCACGTCAATACAGA	neuronal
TCCACGTCAGGGTCTC	unresolved
TCCACGTGTCAGTTTG	oligodendrocyte_OPC
TCCACGTGTCGCTGCA	astrocyte
TCCACGTTCCGTTTCG	neuronal
TCCACGTTCGAGAATA	astrocyte
TCCAGAAAGAAGGATG	astrocyte
TCCAGAAAGCGACATG	oligodendrocyte_OPC
TCCAGAAAGGCACGAT	oligodendrocyte_OPC
TCCAGAAAGGCCTAAG	neuronal
TCCAGAAAGGTTACCT	unresolved
TCCAGAACACGACCTG	unresolved
TCCAGAACATGCGTGC	unresolved
TCCAGAAGTCAACCTA	oligodendrocyte_OPC
TCCAGAAGTCTTGAAC	microglia_immune
TCCAGAAGTTCAAGGG	unresolved
TCCAGAATCACTTGTT	oligodendrocyte_OPC
TCCAGAATCGACCTAA	vascular
TCCAGAATCGTTGTTT	oligodendrocyte_OPC
TCCAGAATCTATCGTT	unresolved
TCCATCGAGAAGCTGC	neuronal
TCCATCGAGAGATTCA	unresolved
TCCATCGAGGATGTTA	unresolved
TCCATCGAGTACCGGA	neuronal
TCCATCGCACGACGCT	unresolved
TCCATCGGTATAGCTC	microglia_immune
TCCATCGGTCAGATTC	oligodendrocyte_OPC
TCCATCGTCGACGCTG	neuronal
TCCATCGTCGCTAGCG	unresolved
TCCATCGTCGCTGACG	neuronal
TCCATGCAGAATTCAG	astrocyte
TCCATGCAGATTAGTG	unresolved
TCCATGCAGTGCACTT	neuronal
TCCATGCCAAGGATGC	neuronal
TCCATGCCACATGACT	unresolved
TCCATGCCACGCTATA	oligodendrocyte_OPC
TCCATGCGTGTGAATA	astrocyte
TCCATGCGTTACACTG	neuronal
TCCATGCGTTGCCTAA	ambiguous_or_doublet
TCCATGCGTTGCTCCT	unresolved
TCCCACAAGAAATCCA	oligodendrocyte_OPC
TCCCACAAGAGTGAAG	unresolved
TCCCACAAGCCTAACT	unresolved
TCCCACAAGTGGGAAA	neuronal
TCCCACACACGACAGA	vascular
TCCCACACACGTAACT	neuronal
TCCCACACATCATCCC	unresolved
TCCCACAGTCCATCTC	neuronal
TCCCACAGTCGGTACC	neuronal
TCCCACAGTGATCGTT	oligodendrocyte_OPC
TCCCACAGTGGTCCCA	astrocyte
TCCCACAGTGTTTACG	oligodendrocyte_OPC
TCCCACAGTTTGTGGT	unresolved
TCCCACATCAAACTGC	microglia_immune
TCCCACATCACCACAA	neuronal
TCCCACATCCGCTGTT	unresolved
TCCCACATCTGCTAGA	astrocyte
TCCCAGTAGACAAGCC	neuronal
TCCCAGTAGCTTTGTG	astrocyte
TCCCAGTAGGTCGTAG	neuronal
TCCCAGTCACATCATG	unresolved
TCCCAGTCATGAGTAA	unresolved
TCCCAGTCATGTACGT	microglia_immune
TCCCAGTGTGATCGTT	oligodendrocyte_OPC
TCCCAGTTCCCGTGAG	unresolved
TCCCAGTTCCTAGCCT	unresolved
TCCCAGTTCCTTTGAT	vascular
TCCCAGTTCGGCAGTC	neuronal
TCCCAGTTCGTTCTGC	unresolved
TCCCATGAGATTAGCA	unresolved
TCCCATGAGCTTGTGT	neuronal
TCCCATGAGGTGGGTT	astrocyte
TCCCATGCAACCCTAA	unresolved
TCCCATGCAATTTCGG	neuronal
TCCCATGCATCATTGG	neuronal
TCCCATGCATCGCTCT	unresolved
TCCCATGCATCTTAGG	astrocyte
TCCCATGCATGAGTAA	astrocyte
TCCCATGGTAACACCT	unresolved
TCCCATGGTGAAGCTG	unresolved
TCCCATGGTTCGTAAC	unresolved
TCCCATGGTTTCCCAC	neuronal
TCCCATGTCATAGACC	neuronal
TCCGAAAAGTTCTCTT	neuronal
TCCGAAACAACAGATA	unresolved
TCCGAAACACCTGCTT	oligodendrocyte_OPC
TCCGAAACAGCACACC	microglia_immune
TCCGAAACAGCTGAAG	unresolved
TCCGAAAGTAGGTGCA	unresolved
TCCGAAAGTCACTAGT	oligodendrocyte_OPC
TCCGAAAGTGACGTCC	unresolved
TCCGAAAGTGGGCTCT	unresolved
TCCGAAAGTTAGGGTG	oligodendrocyte_OPC
TCCGAAAGTTGTCAGT	unresolved
TCCGAAATCAACCCGG	neuronal
TCCGAAATCGACGACC	neuronal
TCCGAAATCGCGTAGC	unresolved
TCCGAAATCGTCGCTT	unresolved
TCCGAAATCTGTCGTC	vascular
TCCGATCAGATCCAAA	astrocyte
TCCGATCAGCCTAACT	unresolved
TCCGATCAGGCCACTC	oligodendrocyte_OPC
TCCGATCCAAAGGTTA	astrocyte
TCCGATCCACACAGAG	astrocyte
TCCGATCCACCATAAC	neuronal
TCCGATCGTATTCCTT	unresolved
TCCGATCGTCCAGTTA	neuronal
TCCGATCGTCCTGGTG	microglia_immune
TCCGATCGTGCTCTTC	astrocyte
TCCGATCTCCCGAAAT	unresolved
TCCGATCTCCGAAATC	oligodendrocyte_OPC
TCCGATCTCCGTGTAA	unresolved
TCCGATCTCGCCTTTG	unresolved
TCCGATCTCTCAGAAC	unresolved
TCCGGGAAGGGCCCTT	unresolved
TCCGGGACAAACTCGT	oligodendrocyte_OPC
TCCGGGACAATAGGGC	unresolved
TCCGGGACACCTGCTT	neuronal
TCCGGGACAGCCCAGT	unresolved
TCCGGGACAGCGCGTT	neuronal
TCCGGGACAGGACGAT	unresolved
TCCGGGACAGGTGACA	microglia_immune
TCCGGGACATTGGCAT	neuronal
TCCGGGAGTACTGCGC	astrocyte
TCCGGGAGTATCCTCC	neuronal
TCCGGGAGTTCGAACT	unresolved
TCCGGGATCAATCCAG	unresolved
TCCGGGATCACGTAGT	oligodendrocyte_OPC
TCCGGGATCGAGTGGA	oligodendrocyte_OPC
TCCGGGATCGTTGCCT	unresolved
TCCGTGTCACAGAAGC	unresolved
TCCGTGTCACATACGT	astrocyte
TCCGTGTCAGGTTCAT	microglia_immune
TCCGTGTCATTATGCG	unresolved
TCCGTGTGTGTGTGGA	astrocyte
TCCGTGTTCACGGGAA	unresolved
TCCGTGTTCATAGACC	unresolved
TCCGTGTTCTAGAACC	unresolved
TCCGTGTTCTTCGGTC	neuronal
TCCTAATAGAGCAAGA	unresolved
TCCTAATAGAGGTTAT	microglia_immune
TCCTAATAGTACAACA	unresolved
TCCTAATAGTGAATAC	neuronal
TCCTAATCAACGACAG	unresolved
TCCTAATCAATCACGT	neuronal
TCCTAATCAATGTCAC	neuronal
TCCTAATCAATTAGGA	ambiguous_or_doublet
TCCTAATCAGAGAGGG	unresolved
TCCTAATCATTGAAAG	unresolved
TCCTAATGTACCCACG	unresolved
TCCTAATGTAGCCAGA	astrocyte
TCCTAATGTCTACGTA	neuronal
TCCTAATGTTCGGTCG	astrocyte
TCCTAATTCCGCGATG	oligodendrocyte_OPC
TCCTAATTCCTTGGAA	neuronal
TCCTAATTCGACCATA	astrocyte
TCCTAATTCTCAGGCG	unresolved
TCCTAATTCTGTGCTC	neuronal
TCCTAATTCTGTGTGA	unresolved
TCCTCCCAGCCAGTAG	oligodendrocyte_OPC
TCCTCCCAGGGCTTCC	neuronal
TCCTCCCAGGTGCCAA	neuronal
TCCTCCCAGTAGTCAA	microglia_immune
TCCTCCCAGTCTCTGA	neuronal
TCCTCCCCACAGCGCT	neuronal
TCCTCCCCATGCCGGT	neuronal
TCCTCCCGTACGATGG	astrocyte
TCCTCCCGTTTACACG	neuronal
TCCTCCCTCGACATCA	unresolved
TCCTCGAAGAAATCCA	astrocyte
TCCTCGAAGACCCGCT	unresolved
TCCTCGAAGCTAGTTC	oligodendrocyte_OPC
TCCTCGACAATAGAGT	oligodendrocyte_OPC
TCCTCGACACTAGTAC	unresolved
TCCTCGACAGGATGAC	ambiguous_or_doublet
TCCTCGACAGGTCAAG	neuronal
TCCTCGACATATGAAG	neuronal
TCCTCGACATGTTCGA	oligodendrocyte_OPC
TCCTCGAGTAGTTACC	unresolved
TCCTCGAGTCGATTTG	unresolved
TCCTCGAGTTTGAAAG	unresolved
TCCTCGATCGAGAAAT	neuronal
TCCTCTTAGATGACAT	astrocyte
TCCTCTTAGGGTTAGC	neuronal
TCCTCTTCAAAGGAGA	unresolved
TCCTCTTCAAATTGGA	unresolved
TCCTCTTCAACACAGG	oligodendrocyte_OPC
TCCTCTTCAAGAGGTC	vascular
TCCTCTTCAAGTGCAG	astrocyte
TCCTCTTCACCGTCGA	oligodendrocyte_OPC
TCCTCTTCATCCGGCA	ambiguous_or_doublet
TCCTCTTGTCGACGCT	neuronal
TCCTCTTGTCTAGTGT	neuronal
TCCTCTTTCCAGCAAT	oligodendrocyte_OPC
TCCTCTTTCCTACGAA	vascular
TCCTCTTTCTATCCAT	astrocyte
TCCTGCACAAACGGCA	unresolved
TCCTGCACAGATTCGT	oligodendrocyte_OPC
TCCTGCACAGTCGCAC	astrocyte
TCCTGCAGTACACTCA	neuronal
TCCTGCAGTCACCGCA	astrocyte
TCCTGCAGTCGAATTC	neuronal
TCCTGCAGTGTCCACG	oligodendrocyte_OPC
TCCTGCAGTTCCGTTC	unresolved
TCCTGCAGTTGTAGCT	unresolved
TCCTGCAGTTTAAGGA	astrocyte
TCCTGCATCTTAGGAC	neuronal
TCCTTCTAGACGGAAA	unresolved
TCCTTCTAGAGAGCAA	unresolved
TCCTTCTAGCCGCACT	astrocyte
TCCTTCTAGCTTTCCC	unresolved
TCCTTCTCAAATGGCG	neuronal
TCCTTCTCAAGGGTCA	astrocyte
TCCTTCTGTATCGTGT	neuronal
TCCTTCTGTCATCAGT	unresolved
TCCTTCTGTGACAGCA	unresolved
TCCTTCTGTGCACATT	unresolved
TCCTTCTGTGCCGTAC	unresolved
TCCTTCTGTGGCACTC	oligodendrocyte_OPC
TCCTTCTGTTAACCTG	microglia_immune
TCCTTCTTCAAGGCTT	neuronal
TCCTTCTTCGTGGTAT	unresolved
TCCTTTCAGATGCTGG	unresolved
TCCTTTCAGCTAGAGC	astrocyte
TCCTTTCAGCTGAAGC	neuronal
TCCTTTCAGGTTCACT	unresolved
TCCTTTCAGGTTTGAA	astrocyte
TCCTTTCAGTTGTAGA	unresolved
TCCTTTCCAAACGAGC	unresolved
TCCTTTCCAACGATCT	oligodendrocyte_OPC
TCCTTTCCAATCCTTT	neuronal
TCCTTTCCAATTCTTC	unresolved
TCCTTTCCAGCTTTGA	astrocyte
TCCTTTCGTAGACGTG	neuronal
TCCTTTCGTCGAGTTT	unresolved
TCCTTTCGTTCCAGGC	astrocyte
TCCTTTCTCGTGACTA	unresolved
TCCTTTCTCTTTGGAG	unresolved
TCGAACAAGAAGTGTT	unresolved
TCGAACAAGCCGTTAT	vascular
TCGAACAAGCGGACAT	astrocyte
TCGAACACACAACGCC	astrocyte
TCGAACACACTAGAGG	unresolved
TCGAACACAGTCGCTG	unresolved
TCGAACAGTATCACGT	astrocyte
TCGAACAGTCTAATCG	microglia_immune
TCGAACATCAAGTCGT	unresolved
TCGAACATCATCGCAA	unresolved
TCGAACATCCCGTAAA	unresolved
TCGAACATCCTTTAGT	oligodendrocyte_OPC
TCGAACATCGACACTA	oligodendrocyte_OPC
TCGAAGTAGAAGGCTC	unresolved
TCGAAGTAGACGTCCC	oligodendrocyte_OPC
TCGAAGTAGATAGTCA	neuronal
TCGAAGTAGCCTAACT	neuronal
TCGAAGTAGCGTGAAC	astrocyte
TCGAAGTAGGTAGTAT	neuronal
TCGAAGTAGTCCTACA	unresolved
TCGAAGTCAAACAGGC	oligodendrocyte_OPC
TCGAAGTCACTCCTGT	unresolved
TCGAAGTCAGACCAGA	unresolved
TCGAAGTGTACTAGCT	oligodendrocyte_OPC
TCGAAGTGTCGAGTGA	oligodendrocyte_OPC
TCGAAGTGTGATGGCA	astrocyte
TCGAAGTGTGCCTACG	oligodendrocyte_OPC
TCGAAGTGTGGAAATT	oligodendrocyte_OPC
TCGAAGTGTTGCTCGG	unresolved
TCGAAGTGTTGCTGAT	unresolved
TCGAAGTTCGGACAAG	unresolved
TCGAAGTTCGTCGGGT	unresolved
TCGAAGTTCTGTGCTC	astrocyte
TCGACCTAGAAGTCTA	oligodendrocyte_OPC
TCGACCTAGAGAGCGG	neuronal
TCGACCTAGTTCGCAT	unresolved
TCGACCTCAAATTGGA	unresolved
TCGACCTCACACGGAA	oligodendrocyte_OPC
TCGACCTCACTTCATT	unresolved
TCGACCTCATAGTCGT	unresolved
TCGACCTCATTGGGAG	oligodendrocyte_OPC
TCGACCTGTAGGAGGG	neuronal
TCGACCTGTGCGCTCA	unresolved
TCGACCTGTGGTTCTA	unresolved
TCGACCTGTTCGATTG	oligodendrocyte_OPC
TCGACCTTCTCTGCTG	unresolved
TCGACGGAGATGATTG	oligodendrocyte_OPC
TCGACGGAGCCTCTCT	microglia_immune
TCGACGGAGGCAGTCA	astrocyte
TCGACGGAGGTAGATT	unresolved
TCGACGGAGGTAGCAC	unresolved
TCGACGGAGGTCATAA	oligodendrocyte_OPC
TCGACGGAGGTTGGTG	oligodendrocyte_OPC
TCGACGGAGTATAACG	oligodendrocyte_OPC
TCGACGGCACTTGGGC	oligodendrocyte_OPC
TCGACGGCAGCCGTCA	vascular
TCGACGGGTGATATAG	neuronal
TCGACGGGTGCCAAGA	unresolved
TCGACGGGTGCCGTAC	unresolved
TCGACGGGTGTCCGGT	oligodendrocyte_OPC
TCGACGGGTGTTCGAT	microglia_immune
TCGACGGTCCGATAGT	unresolved
TCGACGGTCCGTCCTA	unresolved
TCGACGGTCCTCACTG	astrocyte
TCGACGGTCGCATTAG	astrocyte
TCGACGGTCGGAGTGA	unresolved
TCGACGGTCGTCTCAC	unresolved
TCGACGGTCTCGAGTA	oligodendrocyte_OPC
TCGACGGTCTTGCGCT	microglia_immune
TCGATTTAGAGATCGC	neuronal
TCGATTTAGCCACTCG	oligodendrocyte_OPC
TCGATTTAGCTCTTCC	oligodendrocyte_OPC
TCGATTTAGTCATGCT	oligodendrocyte_OPC
TCGATTTAGTCTAACC	unresolved
TCGATTTAGTGGAATT	astrocyte
TCGATTTAGTTTGCTG	neuronal
TCGATTTCAACTTGGT	unresolved
TCGATTTCACCCATAA	oligodendrocyte_OPC
TCGATTTCACCCTAAA	oligodendrocyte_OPC
TCGATTTGTCTCCTGT	neuronal
TCGATTTGTCTGTGAT	unresolved
TCGATTTTCCTGCTAC	unresolved
TCGATTTTCTCAGGCG	neuronal
TCGATTTTCTGATTCT	oligodendrocyte_OPC
TCGCACTAGAAATTCG	unresolved
TCGCACTAGAGCAGCT	unresolved
TCGCACTAGAGTTGCG	astrocyte
TCGCACTAGTTTAGGA	neuronal
TCGCACTCACCCTTGT	microglia_immune
TCGCACTGTAGCGATG	oligodendrocyte_OPC
TCGCACTGTTAGAAGT	neuronal
TCGCACTTCCCATGGG	neuronal
TCGCACTTCGCAGTTA	unresolved
TCGCACTTCTCGCCTA	neuronal
TCGCAGGAGAGTAACT	neuronal
TCGCAGGAGCCTTTCC	neuronal
TCGCAGGAGGCGAACT	microglia_immune
TCGCAGGAGGCGAAGG	oligodendrocyte_OPC
TCGCAGGAGGGTGAGG	ambiguous_or_doublet
TCGCAGGCAGCGTGAA	astrocyte
TCGCAGGCATGGGTCC	unresolved
TCGCAGGGTAGCTTGT	unresolved
TCGCAGGGTCATCGGC	vascular
TCGCAGGGTGATCGTT	oligodendrocyte_OPC
TCGCAGGGTTGACTAC	astrocyte
TCGCAGGTCCCGATCT	oligodendrocyte_OPC
TCGCAGGTCGTCCATC	oligodendrocyte_OPC
TCGCTCAAGAGAATCT	neuronal
TCGCTCAAGTAGTCTC	ambiguous_or_doublet
TCGCTCAAGTCAATCC	astrocyte
TCGCTCAAGTCGAAGC	oligodendrocyte_OPC
TCGCTCAAGTGTAGTA	neuronal
TCGCTCAAGTTGCGCC	astrocyte
TCGCTCACACTGTGAT	neuronal
TCGCTCACAGAGCCCT	oligodendrocyte_OPC
TCGCTCACAGCGGTCT	unresolved
TCGCTCACAGTTAGGG	astrocyte
TCGCTCACATCCGCGA	neuronal
TCGCTCACATCTGTTT	astrocyte
TCGCTCACATGTCGTA	astrocyte
TCGCTCAGTCTTCAAG	ambiguous_or_doublet
TCGCTCAGTGACTCTA	unresolved
TCGCTCAGTTCGGACC	oligodendrocyte_OPC
TCGCTCATCATCAGTG	unresolved
TCGCTCATCCATACAG	unresolved
TCGCTCATCCTATTTG	oligodendrocyte_OPC
TCGCTCATCTCGTGAA	unresolved
TCGCTTGAGCGCCTAC	unresolved
TCGCTTGAGCTGAGTG	neuronal
TCGCTTGAGCTTTGTG	neuronal
TCGCTTGCAAGTCCAT	unresolved
TCGCTTGCAGCCATTA	unresolved
TCGCTTGCAGCGTGCT	neuronal
TCGCTTGCAGGCACTC	unresolved
TCGCTTGGTCGAATGG	neuronal
TCGCTTGGTGCAACAG	neuronal
TCGCTTGGTTTGCCGG	neuronal
TCGCTTGTCACCGGTG	astrocyte
TCGCTTGTCCACGGAC	unresolved
TCGCTTGTCCGCTTAC	neuronal
TCGGATAAGAATACAC	unresolved
TCGGATAAGGTCGTAG	astrocyte
TCGGATAAGTAGTCAA	astrocyte
TCGGATAAGTCAGAGC	unresolved
TCGGATACAACATCGT	unresolved
TCGGATACAAGCCATT	unresolved
TCGGATACAGAGTTCT	oligodendrocyte_OPC
TCGGATACAGTCCCGA	unresolved
TCGGATACAGTTCTAG	unresolved
TCGGATAGTCGAGCTC	vascular
TCGGATAGTGGACTAG	unresolved
TCGGATAGTGGCAGAT	unresolved
TCGGATAGTGTCCTAA	neuronal
TCGGATATCCGATGTA	oligodendrocyte_OPC
TCGGATATCGCAGTCG	neuronal
TCGGATATCTCACTCG	astrocyte
TCGGGACAGGGCAGAG	neuronal
TCGGGACCACGTGTGC	vascular
TCGGGACGTCCGAAGA	unresolved
TCGGGACGTGTTGATC	vascular
TCGGGACTCACCGGGT	neuronal
TCGGGACTCGCCATAA	unresolved
TCGGGACTCGGCAGTC	unresolved
TCGGGCAAGCCGAACA	neuronal
TCGGGCACAACGACAG	unresolved
TCGGGCACACAAATGA	unresolved
TCGGGCACACGGCACT	astrocyte
TCGGGCACAGGGTCTC	unresolved
TCGGGCACATACATCG	neuronal
TCGGGCAGTCGAAGCA	unresolved
TCGGGCAGTGCGTGCT	oligodendrocyte_OPC
TCGGGCATCGAGTGAG	unresolved
TCGGGCATCTGCGATA	unresolved
TCGGGTGCACCCTGTT	oligodendrocyte_OPC
TCGGGTGCATTCAGGT	unresolved
TCGGGTGGTAGCTGCC	unresolved
TCGGGTGGTGAGACCA	unresolved
TCGGGTGTCAATCTCT	neuronal
TCGGGTGTCAGCTGTA	unresolved
TCGGGTGTCATTCGTT	neuronal
TCGGGTGTCCGACATA	unresolved
TCGGGTGTCTATCGCC	neuronal
TCGGTCTAGTGTGTTC	neuronal
TCGGTCTCAACGGTAG	oligodendrocyte_OPC
TCGGTCTCACACGGTC	oligodendrocyte_OPC
TCGGTCTCAGCTAACT	neuronal
TCGGTCTCATACGCAT	astrocyte
TCGGTCTCATCTTTCA	oligodendrocyte_OPC
TCGGTCTGTAAGAACT	unresolved
TCGGTCTGTACGGTTT	astrocyte
TCGGTCTGTCACTCGG	neuronal
TCGGTCTGTTGACGGA	unresolved
TCGGTCTTCAATGCAC	unresolved
TCGGTCTTCATGAGTC	oligodendrocyte_OPC
TCGGTCTTCGGTTCAA	unresolved
TCGGTCTTCGTGGCGT	unresolved
TCGGTCTTCTCTAGGA	neuronal
TCGTAGAAGAAACTAC	unresolved
TCGTAGAAGATAACAC	unresolved
TCGTAGAAGGATATGT	oligodendrocyte_OPC
TCGTAGAAGTAATACG	neuronal
TCGTAGAAGTTGAATG	astrocyte
TCGTAGACACAAATCC	unresolved
TCGTAGACAGCCTATA	astrocyte
TCGTAGACAGGTTTAC	unresolved
TCGTAGACATCACAGT	astrocyte
TCGTAGACATCATTTC	neuronal
TCGTAGACATTACTCT	neuronal
TCGTAGAGTCTGTGGC	oligodendrocyte_OPC
TCGTAGAGTGTGACCC	neuronal
TCGTAGAGTGTGTCGC	unresolved
TCGTAGAGTTGCCAAT	astrocyte
TCGTAGATCAGGAAAT	neuronal
TCGTAGATCGATGCTA	oligodendrocyte_OPC
TCGTAGATCTAAGGAA	oligodendrocyte_OPC
TCGTCCAAGAGTGACC	unresolved
TCGTCCAAGGCGAAGG	neuronal
TCGTCCAAGGCGACAT	unresolved
TCGTCCACAAAGCTCT	vascular
TCGTCCACAAAGGGTC	oligodendrocyte_OPC
TCGTCCACACATATGC	astrocyte
TCGTCCACACATGGTT	unresolved
TCGTCCACACCCATAA	unresolved
TCGTCCACACTGGACC	unresolved
TCGTCCAGTTACCCTC	oligodendrocyte_OPC
TCGTCCATCAAACGAA	oligodendrocyte_OPC
TCGTGCTAGCATGGGT	astrocyte
TCGTGCTAGTTGCCTA	oligodendrocyte_OPC
TCGTGCTCACAGAGAC	neuronal
TCGTGCTCAGAACTAA	unresolved
TCGTGCTCAGTAGATA	neuronal
TCGTGCTCATAGATGA	unresolved
TCGTGCTGTAGCTGTT	unresolved
TCGTGCTGTCAACCAT	neuronal
TCGTGCTGTCACTCTC	astrocyte
TCGTGCTGTTAGTTCG	astrocyte
TCGTGCTGTTCGGCGT	unresolved
TCGTGCTTCAAAGGAT	unresolved
TCGTGCTTCCTGTTGC	oligodendrocyte_OPC
TCGTGCTTCGTCGACG	unresolved
TCGTGGGAGTTACTCG	unresolved
TCGTGGGCAAGTGTCT	neuronal
TCGTGGGCACTGGCGT	unresolved
TCGTGGGCAGAAATTG	astrocyte
TCGTGGGCAGCGTATT	neuronal
TCGTGGGGTAGGCTGA	unresolved
TCGTGGGGTGATACAA	unresolved
TCGTGGGTCCGCTAGG	unresolved
TCGTGGGTCCGTATGA	oligodendrocyte_OPC
TCGTGGGTCCTGGGAC	neuronal
TCGTGGGTCGGAAGGT	unresolved
TCTAACTAGCAAATCA	unresolved
TCTAACTAGCAACAAT	unresolved
TCTAACTAGCTGAAGC	unresolved
TCTAACTAGGACGCTA	unresolved
TCTAACTAGGCTGGAT	oligodendrocyte_OPC
TCTAACTAGGTCGCCT	oligodendrocyte_OPC
TCTAACTAGTGGTGGT	neuronal
TCTAACTCAAGAGGTC	neuronal
TCTAACTCAGTTACCA	astrocyte
TCTAACTCATAGCTGT	neuronal
TCTAACTCATATCTCT	unresolved
TCTAACTGTAGTGCGA	unresolved
TCTAACTGTCAGTCTA	unresolved
TCTAACTGTGTCCACG	vascular
TCTAACTTCAGCCTTC	astrocyte
TCTAACTTCAGGGTAG	neuronal
TCTAACTTCGAAGTGG	unresolved
TCTAACTTCGCGGTAC	oligodendrocyte_OPC
TCTAACTTCGTAGAGG	oligodendrocyte_OPC
TCTACATAGACTTCAC	unresolved
TCTACATAGGCTCTCG	neuronal
TCTACATAGGGTGAAA	oligodendrocyte_OPC
TCTACATAGTAGGCCA	astrocyte
TCTACATAGTTCCTGA	oligodendrocyte_OPC
TCTACATCAGAACTTC	unresolved
TCTACATGTCCAACGC	astrocyte
TCTACATGTGTGTCCG	oligodendrocyte_OPC
TCTACATGTTGATCGT	oligodendrocyte_OPC
TCTACATGTTTGGGTT	oligodendrocyte_OPC
TCTACATTCCTAGCCT	neuronal
TCTACATTCGATTGGT	astrocyte
TCTACATTCTTTGCTA	neuronal
TCTACCGAGATTTGCC	oligodendrocyte_OPC
TCTACCGAGGGATCAC	oligodendrocyte_OPC
TCTACCGCAAAGGAGA	unresolved
TCTACCGCAAGTCGTT	unresolved
TCTACCGCAAGTGGTG	unresolved
TCTACCGCATCCGAAT	vascular
TCTACCGCATGAAGGC	neuronal
TCTACCGGTAAGACCG	astrocyte
TCTACCGGTAAGTTAG	neuronal
TCTACCGGTATCTCTT	oligodendrocyte_OPC
TCTACCGGTATTTCCT	oligodendrocyte_OPC
TCTACCGGTCCAAGAG	unresolved
TCTACCGGTGACACAG	neuronal
TCTACCGGTGATTCAC	oligodendrocyte_OPC
TCTACCGGTGCGGTAA	astrocyte
TCTACCGGTGTGCTTA	unresolved
TCTACCGTCACAGAGG	astrocyte
TCTACCGTCATCACAG	unresolved
TCTACCGTCCTTTAGT	neuronal
TCTACCGTCTGTCCGT	neuronal
TCTATACAGCGTTCCG	astrocyte
TCTATACAGCTGTGCC	unresolved
TCTATACAGGTGCCAA	vascular
TCTATACCAAACCACT	astrocyte
TCTATACCACAAGGTG	astrocyte
TCTATACCAGGGCTTC	unresolved
TCTATACGTAACGATA	oligodendrocyte_OPC
TCTATACGTAGACGTG	unresolved
TCTATACGTTGCATCA	neuronal
TCTATACTCACAAGGG	astrocyte
TCTATACTCCGTGTCT	oligodendrocyte_OPC
TCTATACTCGGATACT	unresolved
TCTATACTCTATCACT	unresolved
TCTATCAAGAGTCTTC	unresolved
TCTATCAAGGTCCCGT	neuronal
TCTATCAAGTTGCGCC	unresolved
TCTATCACAGTAGAAT	astrocyte
TCTATCAGTAACAAGT	unresolved
TCTATCAGTAGCGTCC	unresolved
TCTATCAGTCGGTGAA	unresolved
TCTATCAGTCTTCTAT	neuronal
TCTATCATCAGAACCT	astrocyte
TCTATCATCATTACGG	unresolved
TCTATCATCCCGAGGT	unresolved
TCTATCATCCCTGGTT	unresolved
TCTATCATCCGAAATC	unresolved
TCTATCATCTTCCTAA	unresolved
TCTCACGAGAACAAGG	unresolved
TCTCACGAGAAGTCCG	unresolved
TCTCACGAGAGGGTCT	neuronal
TCTCACGAGGCCATAG	oligodendrocyte_OPC
TCTCACGAGGTAACTA	astrocyte
TCTCACGAGGTCCCTG	unresolved
TCTCACGAGGTTGACG	unresolved
TCTCACGAGTCTTCCC	astrocyte
TCTCACGAGTTACTCG	oligodendrocyte_OPC
TCTCACGCAATCACGT	neuronal
TCTCACGCACTGGCGT	oligodendrocyte_OPC
TCTCACGCATAATGCC	oligodendrocyte_OPC
TCTCACGGTACCCGCA	neuronal
TCTCACGGTCACAGTT	unresolved
TCTCACGGTCAGCTTA	unresolved
TCTCACGGTGTCGCTG	astrocyte
TCTCACGTCCACACAA	oligodendrocyte_OPC
TCTCACGTCCTGTTAT	astrocyte
TCTCAGCAGAGTGAAG	neuronal
TCTCAGCAGCCATTTG	neuronal
TCTCAGCAGCCTCAGC	oligodendrocyte_OPC
TCTCAGCAGTTGTCAC	neuronal
TCTCAGCCAACAACAA	oligodendrocyte_OPC
TCTCAGCCAACCAATC	microglia_immune
TCTCAGCCATAATCCG	neuronal
TCTCAGCCATCCGAAT	microglia_immune
TCTCAGCCATGGCCAC	oligodendrocyte_OPC
TCTCAGCGTACGATTC	unresolved
TCTCAGCGTCACATTG	unresolved
TCTCAGCGTGACGCCT	unresolved
TCTCAGCTCGTGTGGC	astrocyte
TCTCAGCTCTCTATAC	oligodendrocyte_OPC
TCTCCGAAGGCACTAG	unresolved
TCTCCGAAGGTCGTCC	unresolved
TCTCCGAAGGTGATAT	unresolved
TCTCCGACAATGTCTG	astrocyte
TCTCCGACACGCGTCA	astrocyte
TCTCCGACACGCTGTG	oligodendrocyte_OPC
TCTCCGACACTACCGG	oligodendrocyte_OPC
TCTCCGACAGGCCTGT	neuronal
TCTCCGACATCCGGCA	vascular
TCTCCGAGTGATCATC	unresolved
TCTCCGATCTCTCTTC	unresolved
TCTCCGATCTCTGCCA	unresolved
TCTCCGATCTGCAGCG	oligodendrocyte_OPC
TCTCCGATCTGTGCTC	astrocyte
TCTCTGGAGGATTACA	unresolved
TCTCTGGAGGCACAAC	unresolved
TCTCTGGAGGCAGGTT	neuronal
TCTCTGGAGTAACCGG	neuronal
TCTCTGGCAAGGCAAC	unresolved
TCTCTGGCATGGGTTT	unresolved
TCTCTGGCATGGTGGA	astrocyte
TCTCTGGGTACATTGC	oligodendrocyte_OPC
TCTCTGGGTACTGTTG	neuronal
TCTCTGGGTATCTTCT	neuronal
TCTCTGGGTGAGATAT	oligodendrocyte_OPC
TCTCTGGGTGATCATC	oligodendrocyte_OPC
TCTCTGGGTGTCACAT	astrocyte
TCTCTGGGTTCCAAAC	unresolved
TCTCTGGGTTTAGACC	microglia_immune
TCTCTGGTCACTACTT	oligodendrocyte_OPC
TCTCTGGTCATTCACT	astrocyte
TCTCTGGTCGGTTCAA	unresolved
TCTGCCAAGAGAACCC	unresolved
TCTGCCAAGCGTCTGC	unresolved
TCTGCCAAGGGAGTGG	neuronal
TCTGCCAAGGTAAACT	unresolved
TCTGCCAAGTAGGGTC	neuronal
TCTGCCAAGTCAGCGA	astrocyte
TCTGCCACAAGATCCT	unresolved
TCTGCCACATCAGCGC	oligodendrocyte_OPC
TCTGCCAGTACTCGTA	unresolved
TCTGCCAGTGCCTACG	neuronal
TCTGCCATCAGAGCGA	unresolved
TCTGCCATCCGGTTCT	neuronal
TCTGGCTAGACGCATG	astrocyte
TCTGGCTAGCTGACAG	oligodendrocyte_OPC
TCTGGCTAGTAACCTC	unresolved
TCTGGCTAGTTTGCTG	unresolved
TCTGGCTCAACAGCCC	astrocyte
TCTGGCTCAGTCTTCC	neuronal
TCTGGCTCATTGCCTC	neuronal
TCTGGCTGTCTACACA	neuronal
TCTGGCTGTGACATCT	neuronal
TCTGGCTGTGCCAAGA	unresolved
TCTGGCTGTTGCTCAA	neuronal
TCTGGCTTCAACCGAT	unresolved
TCTGGCTTCCAAATGC	unresolved
TCTGGCTTCCGCGATG	neuronal
TCTGGCTTCCTACGAA	microglia_immune
TCTGGCTTCGGCCAAC	astrocyte
TCTGGCTTCTAGGCAT	unresolved
TCTGGCTTCTTACGTT	oligodendrocyte_OPC
TCTGTCGAGATAGTCA	astrocyte
TCTGTCGAGGTGAGAA	vascular
TCTGTCGAGTCCGCCA	microglia_immune
TCTGTCGAGTGCCGAA	unresolved
TCTGTCGAGTTCCTGA	astrocyte
TCTGTCGCACCGCTAG	astrocyte
TCTGTCGCACTTACAG	oligodendrocyte_OPC
TCTGTCGCAGTCAGAG	unresolved
TCTGTCGGTAGTTCCA	neuronal
TCTGTCGGTATTGGCT	oligodendrocyte_OPC
TCTGTCGGTGCTGTCG	unresolved
TCTGTCGTCACCATCC	vascular
TCTGTCGTCGAGTCTA	unresolved
TCTGTCGTCGCAGATT	neuronal
TCTGTCGTCGTCACCT	unresolved
TCTTAGTAGAAGCGGG	microglia_immune
TCTTAGTAGACTCGAG	neuronal
TCTTAGTAGCCAAGCA	unresolved
TCTTAGTAGGCTAACG	unresolved
TCTTAGTAGTCCCAAT	unresolved
TCTTAGTAGTGTAGTA	unresolved
TCTTAGTAGTTGCCTA	neuronal
TCTTAGTCAACGCCCA	unresolved
TCTTAGTCAAGTGATA	unresolved
TCTTAGTCAATCGCCG	microglia_immune
TCTTAGTCACGAAAGC	oligodendrocyte_OPC
TCTTAGTCAGTCCGTG	astrocyte
TCTTAGTCATATGCGT	neuronal
TCTTAGTTCCGGCTTT	unresolved
TCTTAGTTCTCTATGT	unresolved
TCTTAGTTCTTGAACG	neuronal
TCTTAGTTCTTGGTCC	oligodendrocyte_OPC
TCTTCCTCAGAGAATT	microglia_immune
TCTTCCTCAGAGAGGG	unresolved
TCTTCCTCATGTGCTA	unresolved
TCTTCCTGTACCAATC	unresolved
TCTTCCTGTTCCAGGC	unresolved
TCTTCCTGTTTGAAAG	neuronal
TCTTCCTTCACCCTGT	unresolved
TCTTCCTTCACCGACG	oligodendrocyte_OPC
TCTTCCTTCACGGGAA	unresolved
TCTTCCTTCAGGTAAA	unresolved
TCTTCCTTCAGTGCGC	oligodendrocyte_OPC
TCTTCCTTCATACAGC	neuronal
TCTTCCTTCTAGTGTG	oligodendrocyte_OPC
TCTTGCGAGACGAAGA	unresolved
TCTTGCGAGACTCAAA	astrocyte
TCTTGCGAGGCCTTCG	oligodendrocyte_OPC
TCTTGCGCACGTACTA	oligodendrocyte_OPC
TCTTGCGCAGAAGTTA	unresolved
TCTTGCGGTCAGTCCG	unresolved
TCTTGCGGTTCAAGGG	unresolved
TCTTGCGGTTGGCTAT	unresolved
TCTTGCGTCATGAGTC	oligodendrocyte_OPC
TCTTGCGTCATTGAGC	unresolved
TCTTGCGTCCAGCCTT	unresolved
TCTTGCGTCCTCTAGC	astrocyte
TCTTGCGTCGTCGCTT	unresolved
TCTTGCGTCTCCGTGT	astrocyte
TCTTGCGTCTCTCAAT	oligodendrocyte_OPC
TCTTTGAAGATGGTCG	unresolved
TCTTTGAAGGTTACCT	neuronal
TCTTTGAAGTTGAAAC	unresolved
TCTTTGAAGTTTCAGC	neuronal
TCTTTGACACATCCCT	oligodendrocyte_OPC
TCTTTGACACGACGTC	astrocyte
TCTTTGACACGCGCTA	neuronal
TCTTTGACACTCGATA	astrocyte
TCTTTGAGTAATTAGG	neuronal
TCTTTGAGTATCGCAT	unresolved
TCTTTGAGTCGAGCTC	astrocyte
TCTTTGAGTCTTAGTG	unresolved
TCTTTGAGTGGGCTTC	neuronal
TCTTTGATCAATCTTC	neuronal
TCTTTGATCATGCTAG	astrocyte
TCTTTGATCCATGAGT	unresolved
TCTTTGATCTAAGGAA	oligodendrocyte_OPC
TCTTTGATCTAGGAAA	neuronal
TCTTTGATCTAGTGTG	microglia_immune
TCTTTGATCTATGTGG	astrocyte
TGAACGTAGACATCAA	oligodendrocyte_OPC
TGAACGTAGAGAACCC	unresolved
TGAACGTAGCTTAAGA	astrocyte
TGAACGTAGGACAAGA	astrocyte
TGAACGTAGGATTACA	oligodendrocyte_OPC
TGAACGTAGGCCTGAA	astrocyte
TGAACGTAGTTCATCG	astrocyte
TGAACGTCAGTGGCTC	vascular
TGAACGTGTAGAATAC	neuronal
TGAACGTGTCACGACC	unresolved
TGAACGTGTGAGCTCC	astrocyte
TGAACGTGTTAGTTCG	unresolved
TGAACGTTCACCCTCA	unresolved
TGAACGTTCCCTTTGG	unresolved
TGAACGTTCCTGGGAC	oligodendrocyte_OPC
TGAACGTTCGGCGATC	oligodendrocyte_OPC
TGAACGTTCGTGCATA	unresolved
TGAATCGAGACAACTA	astrocyte
TGAATCGAGCCTTTGA	unresolved
TGAATCGAGGCCCAAA	oligodendrocyte_OPC
TGAATCGAGTCGAAGC	unresolved
TGAATCGAGTGCGTCC	unresolved
TGAATCGAGTTCGGTT	unresolved
TGAATCGCACAGTGTT	neuronal
TGAATCGCACCTGCGA	neuronal
TGAATCGCACGCAAAG	unresolved
TGAATCGCAGAATGTA	neuronal
TGAATCGCAGACAAGC	neuronal
TGAATCGCAGCACACC	neuronal
TGAATCGCATAACGGG	astrocyte
TGAATCGGTAACACGG	astrocyte
TGAATCGGTACCGGAA	astrocyte
TGAATCGGTATTTCGG	astrocyte
TGAATCGGTCACAATC	unresolved
TGAATCGGTTCCGCGA	oligodendrocyte_OPC
TGAATCGGTTCCTAAG	oligodendrocyte_OPC
TGAATCGTCCCTCTTT	neuronal
TGAATCGTCTGGGCAC	unresolved
TGAATGCAGATACGAT	microglia_immune
TGAATGCAGCATAGGC	oligodendrocyte_OPC
TGAATGCAGCATTTCG	astrocyte
TGAATGCAGTATTAGG	unresolved
TGAATGCCAAATCAAG	oligodendrocyte_OPC
TGAATGCCAGAGATGC	unresolved
TGAATGCGTCCAGTTA	neuronal
TGAATGCGTGAATTGA	unresolved
TGAATGCGTGCACATT	unresolved
TGAATGCGTGCATGAG	neuronal
TGAATGCGTGGAATGC	oligodendrocyte_OPC
TGAATGCGTGGATTTC	oligodendrocyte_OPC
TGAATGCGTGTTCCAA	neuronal
TGAATGCGTTGTGGCC	neuronal
TGAATGCGTTTAAGGA	astrocyte
TGAATGCTCACGGTCG	microglia_immune
TGAATGCTCCGCGATG	unresolved
TGAATGCTCGAAGCCC	neuronal
TGACAGTAGCAAGGAA	unresolved
TGACAGTAGCAGCCTC	neuronal
TGACAGTAGTAAGGGA	neuronal
TGACAGTAGTTGTCGT	unresolved
TGACAGTCATTGTAGC	oligodendrocyte_OPC
TGACAGTGTAACATGA	unresolved
TGACAGTGTATGGGAC	oligodendrocyte_OPC
TGACAGTGTCAGACTT	neuronal
TGACAGTGTGACTCGC	astrocyte
TGACAGTGTGCCTTCT	neuronal
TGACAGTTCAGTGATC	oligodendrocyte_OPC
TGACAGTTCATCACTT	astrocyte
TGACAGTTCGCTTACC	astrocyte
TGACAGTTCGTCCATC	oligodendrocyte_OPC
TGACAGTTCTATCGTT	unresolved
TGACAGTTCTGAGAAA	unresolved
TGACAGTTCTGTCCGT	astrocyte
TGACAGTTCTTCGGAA	oligodendrocyte_OPC
TGACCCTAGAGCAGAA	oligodendrocyte_OPC
TGACCCTAGCACCGAA	unresolved
TGACCCTCAAGCCCAC	microglia_immune
TGACCCTCACCAGTTA	unresolved
TGACCCTCACTACTTT	microglia_immune
TGACCCTGTAGGACTG	neuronal
TGACCCTGTGATAGAT	unresolved
TGACCCTGTTGATCGT	neuronal
TGACCCTTCCACTTTA	unresolved
TGACCCTTCCCTCTAG	neuronal
TGACCCTTCCTCGATC	unresolved
TGACCCTTCCTCGCAT	astrocyte
TGACCCTTCCTCTCTT	neuronal
TGACCCTTCTCTGCCA	unresolved
TGACCCTTCTGTCAGA	unresolved
TGACGCGAGAAGCTCG	unresolved
TGACGCGAGAGGTGCT	unresolved
TGACGCGAGCTCGAAG	oligodendrocyte_OPC
TGACGCGAGTCGCGAA	unresolved
TGACGCGCAAATGCTC	unresolved
TGACGCGCACAACCGC	unresolved
TGACGCGCACCAATTG	microglia_immune
TGACGCGCACCCTGTT	unresolved
TGACGCGCACGTAACT	oligodendrocyte_OPC
TGACGCGCATGTTTGG	microglia_immune
TGACGCGGTATCAGGG	unresolved
TGACGCGGTCATTCCC	unresolved
TGACGCGGTGTCCTAA	vascular
TGACGCGGTTACGTAC	unresolved
TGACGCGGTTTAGAGA	unresolved
TGACGCGTCATGGTAC	vascular
TGACGCGTCCGTACGG	oligodendrocyte_OPC
TGACGCGTCCTTATCA	unresolved
TGACGCGTCCTTCTGG	oligodendrocyte_OPC
TGACGCGTCGCGATCG	neuronal
TGACGCGTCTTAGCCC	oligodendrocyte_OPC
TGACTCCAGGCCTAAG	neuronal
TGACTCCAGTACAACA	neuronal
TGACTCCAGTCGGGAT	unresolved
TGACTCCAGTCTCGTA	unresolved
TGACTCCAGTCTTGGT	astrocyte
TGACTCCAGTGCACCC	unresolved
TGACTCCCAAAGGCAC	unresolved
TGACTCCCAACTCCCT	unresolved
TGACTCCCAATGGCCC	astrocyte
TGACTCCCAGAATTCC	unresolved
TGACTCCGTCGAGATG	unresolved
TGACTCCGTGTCGATT	unresolved
TGACTCCGTTATTCTC	unresolved
TGACTCCGTTCCTTGC	neuronal
TGACTCCTCCCTTTGG	oligodendrocyte_OPC
TGAGACTAGGGCAATC	oligodendrocyte_OPC
TGAGACTAGTTTCTTC	astrocyte
TGAGACTCAGTCACGC	oligodendrocyte_OPC
TGAGACTCATCGCCTT	neuronal
TGAGACTCATTACTCT	oligodendrocyte_OPC
TGAGACTGTATGATCC	oligodendrocyte_OPC
TGAGACTGTCATCGCG	unresolved
TGAGACTTCAGCGGAA	astrocyte
TGAGACTTCATTACCT	neuronal
TGAGACTTCTGGTGCG	neuronal
TGAGCATAGAGTGAAG	astrocyte
TGAGCATAGGAGAGGC	neuronal
TGAGCATAGTAAGCAT	astrocyte
TGAGCATCAATCGTCA	unresolved
TGAGCATCACAGAGAC	unresolved
TGAGCATCAGCACGAA	astrocyte
TGAGCATCAGGTCCGT	unresolved
TGAGCATCATGACGTT	unresolved
TGAGCATGTAAGGCTG	neuronal
TGAGCATGTAGCACGA	oligodendrocyte_OPC
TGAGCATGTGTAAACA	neuronal
TGAGCATGTGTTCCAA	unresolved
TGAGCATTCACAACCA	neuronal
TGAGCATTCCAGTTCC	oligodendrocyte_OPC
TGAGCATTCCATCTCG	neuronal
TGAGCATTCGAACGCC	unresolved
TGAGCATTCGCTCATC	oligodendrocyte_OPC
TGAGCATTCTCCATAT	neuronal
TGAGCATTCTCCGTGT	neuronal
TGAGCGCAGAGAATCT	astrocyte
TGAGCGCAGAGCAACC	astrocyte
TGAGCGCAGGTGCAGT	oligodendrocyte_OPC
TGAGCGCAGTATGACA	astrocyte
TGAGCGCCAAGCGAGT	oligodendrocyte_OPC
TGAGCGCCACACTTAG	ambiguous_or_doublet
TGAGCGCCACCTGCTT	unresolved
TGAGCGCCAGCTTCCT	oligodendrocyte_OPC
TGAGCGCCATCAGCAT	oligodendrocyte_OPC
TGAGCGCCATGGAATA	unresolved
TGAGCGCGTAACACCT	oligodendrocyte_OPC
TGAGCGCGTAGGTACG	oligodendrocyte_OPC
TGAGCGCGTCCGGTGT	unresolved
TGAGCGCGTCGAGCAA	unresolved
TGAGCGCGTGGCAGAT	unresolved
TGAGCGCGTGGGTATG	neuronal
TGAGCGCTCATGCTAG	unresolved
TGAGCGCTCCACATAG	oligodendrocyte_OPC
TGAGCGCTCGTTCAGA	unresolved
TGAGCGCTCTGGCCGA	neuronal
TGAGCGCTCTGTAACG	astrocyte
TGAGGAGAGTGCCGAA	astrocyte
TGAGGAGAGTTTCGAC	neuronal
TGAGGAGCAAGCAATA	astrocyte
TGAGGAGCACTGTTCC	neuronal
TGAGGAGCATACAGGG	microglia_immune
TGAGGAGCATGACTGT	neuronal
TGAGGAGGTACGCTTA	unresolved
TGAGGAGGTATCGATC	unresolved
TGAGGAGGTCCTGTCT	astrocyte
TGAGGAGGTGATCATC	unresolved
TGAGGAGGTTAAGGGC	neuronal
TGAGGAGTCATCTATC	ambiguous_or_doublet
TGAGGAGTCATGGCCG	unresolved
TGAGGAGTCATTGAGC	unresolved
TGAGGAGTCCATTGGA	neuronal
TGAGGAGTCCCTATTA	unresolved
TGAGGAGTCGAACACT	neuronal
TGAGGAGTCGAACCTA	astrocyte
TGAGGAGTCGGTCGAC	unresolved
TGAGGAGTCTTCGCTG	neuronal
TGAGGGAAGAGAGGGC	unresolved
TGAGGGAAGCGACATG	unresolved
TGAGGGAGTCCACATA	neuronal
TGAGGGAGTTATGACC	neuronal
TGAGGGAGTTCAAAGA	astrocyte
TGAGGGATCAAGGAGC	unresolved
TGAGGGATCAGGCGAA	unresolved
TGAGGGATCCACGGAC	oligodendrocyte_OPC
TGAGGGATCTAGGAAA	astrocyte
TGAGGTTCAGTGCCTG	neuronal
TGAGGTTCATGACTAC	astrocyte
TGAGGTTGTAGCTGAG	neuronal
TGAGGTTGTCCCACGA	oligodendrocyte_OPC
TGAGGTTTCAGGGTAG	astrocyte
TGAGGTTTCATTGTTC	unresolved
TGAGTCAAGATCGGTG	oligodendrocyte_OPC
TGAGTCAAGTATAGGT	oligodendrocyte_OPC
TGAGTCAAGTGAGGTC	unresolved
TGAGTCAAGTGATCGG	neuronal
TGAGTCAAGTTTGCTG	oligodendrocyte_OPC
TGAGTCAGTCCGGTGT	unresolved
TGAGTCAGTCTTGCTC	neuronal
TGAGTCAGTTGGATCT	oligodendrocyte_OPC
TGAGTCAGTTTACTTC	neuronal
TGAGTCATCGGACTGC	unresolved
TGAGTCATCTATTGTC	vascular
TGAGTCATCTTTCTAG	neuronal
TGATCAGAGCGTTACT	oligodendrocyte_OPC
TGATCAGAGTAGGATT	unresolved
TGATCAGAGTTTAGGA	oligodendrocyte_OPC
TGATCAGCAAAGCTAA	unresolved
TGATCAGCAATTGCCA	oligodendrocyte_OPC
TGATCAGCACCCAATA	unresolved
TGATCAGCAGACAATA	astrocyte
TGATCAGGTACCAATC	neuronal
TGATCAGGTAGGGTAC	astrocyte
TGATCAGGTCAGTCGC	unresolved
TGATCAGGTGAGACCA	unresolved
TGATCAGGTGATTCAC	oligodendrocyte_OPC
TGATCAGGTTGTGTTG	unresolved
TGATCAGTCTGTCTCG	neuronal
TGATCTTAGACCAAGC	unresolved
TGATCTTAGCGTCAAG	neuronal
TGATCTTCAAAGTATG	neuronal
TGATCTTCAAGTCCCG	oligodendrocyte_OPC
TGATCTTCAGTTACCA	astrocyte
TGATCTTCATCGGAGA	astrocyte
TGATCTTCATGGCCCA	unresolved
TGATCTTGTAACACCT	vascular
TGATCTTGTACTAGCT	unresolved
TGATCTTGTTCTCCCA	neuronal
TGATCTTTCAAGGCTT	oligodendrocyte_OPC
TGATCTTTCCTACAAG	oligodendrocyte_OPC
TGATCTTTCGGCTTGG	neuronal
TGATCTTTCTGGGCCA	unresolved
TGATGCAAGAATCTAG	unresolved
TGATGCAAGACTCTAC	unresolved
TGATGCAAGAGGATCC	oligodendrocyte_OPC
TGATGCAAGATGCTGG	vascular
TGATGCAAGCTACTGT	neuronal
TGATGCAAGGAAAGTG	astrocyte
TGATGCAAGGGTACAC	unresolved
TGATGCAAGTGACACG	astrocyte
TGATGCACAAAGGCTG	vascular
TGATGCACAAGTGGTG	neuronal
TGATGCACATAGATCC	unresolved
TGATGCAGTAACAAGT	astrocyte
TGATGCAGTCGACTGC	oligodendrocyte_OPC
TGATGCAGTGGGACAT	vascular
TGATGCATCATCACAG	unresolved
TGATGCATCATTGCTT	oligodendrocyte_OPC
TGATGCATCGCTAAAC	astrocyte
TGATGCATCTCTTCAA	unresolved
TGATGGTAGAATCGTA	unresolved
TGATGGTAGACGAAGA	unresolved
TGATGGTAGAGAGTGA	neuronal
TGATGGTAGCCTGTCG	astrocyte
TGATGGTAGCGCACAA	unresolved
TGATGGTAGTAAGCAT	neuronal
TGATGGTCAACATCGT	astrocyte
TGATGGTCAACGCATT	astrocyte
TGATGGTCACCATATG	unresolved
TGATGGTCAGTTCACA	unresolved
TGATGGTGTAAGTTAG	oligodendrocyte_OPC
TGATGGTGTAGCTTAC	unresolved
TGATGGTTCTCCGTGT	astrocyte
TGATGGTTCTCTTGCG	unresolved
TGATTCTAGTTCCAGT	neuronal
TGATTCTGTCGAGATG	oligodendrocyte_OPC
TGATTCTGTCGCACGT	unresolved
TGATTCTGTGGGTATG	unresolved
TGATTCTGTGTAAATG	oligodendrocyte_OPC
TGATTCTGTTGGCCGT	unresolved
TGATTCTGTTTCCCAC	oligodendrocyte_OPC
TGATTCTTCAGTCACA	unresolved
TGATTCTTCCGATTAG	oligodendrocyte_OPC
TGATTCTTCCGCTGTT	astrocyte
TGATTCTTCCGTGGCA	astrocyte
TGATTCTTCCTTCTGG	unresolved
TGATTCTTCGGTCGGT	unresolved
TGATTCTTCTCGCGTT	neuronal
TGATTCTTCTTCACAT	unresolved
TGATTTCAGCTTAAGA	oligodendrocyte_OPC
TGATTTCAGTCAATCC	unresolved
TGATTTCAGTCGCGAA	oligodendrocyte_OPC
TGATTTCCACAAGCTT	unresolved
TGATTTCCATTGAAAG	oligodendrocyte_OPC
TGATTTCGTAGGGAGG	oligodendrocyte_OPC
TGATTTCGTATGGGAC	oligodendrocyte_OPC
TGATTTCGTCAAGGCA	oligodendrocyte_OPC
TGATTTCGTCTGCGCA	oligodendrocyte_OPC
TGATTTCGTTGAGTCT	neuronal
TGATTTCGTTGCCGCA	unresolved
TGATTTCTCAGCCCAG	neuronal
TGATTTCTCAGCTAGT	neuronal
TGATTTCTCCTGTTGC	neuronal
TGATTTCTCGCCGATG	oligodendrocyte_OPC
TGATTTCTCGCGTAGC	oligodendrocyte_OPC
TGATTTCTCTAGAGCT	unresolved
TGCACGGAGAGAGTTT	unresolved
TGCACGGAGTCATAGA	unresolved
TGCACGGCAGCGCTTG	oligodendrocyte_OPC
TGCACGGCAGGGACTA	unresolved
TGCACGGCATCCGTGG	neuronal
TGCACGGCATCTATCT	unresolved
TGCACGGCATCTTAGG	unresolved
TGCACGGGTTAGGAGC	neuronal
TGCACGGTCCGGTTCT	neuronal
TGCACGGTCTGTCGCT	neuronal
TGCAGATAGATGTTAG	neuronal
TGCAGATAGCCTGGAA	unresolved
TGCAGATCATGCGTGC	unresolved
TGCAGATGTCCCGCAA	astrocyte
TGCAGATGTCGCACAC	ambiguous_or_doublet
TGCAGATGTCGTGTTA	unresolved
TGCAGATGTGCGACAA	neuronal
TGCAGATGTGTTTACG	unresolved
TGCAGATGTTACCTTT	unresolved
TGCAGATTCCCGAGTG	unresolved
TGCAGATTCGCCCAGA	microglia_immune
TGCAGGCAGCCGATCC	unresolved
TGCAGGCAGGTAGCCA	oligodendrocyte_OPC
TGCAGGCCAATTCGTG	neuronal
TGCAGGCCACATTACG	oligodendrocyte_OPC
TGCAGGCCACTGATTG	unresolved
TGCAGGCCAGGCACTC	astrocyte
TGCAGGCCATATGGCT	unresolved
TGCAGGCGTATGGAAT	astrocyte
TGCAGGCGTCTCGGGT	astrocyte
TGCAGGCGTGAGCGAT	unresolved
TGCAGGCGTGATAGTA	neuronal
TGCAGGCGTTGTGTTG	neuronal
TGCAGGCTCCCTTGGT	unresolved
TGCAGGCTCGAGGCAA	neuronal
TGCAGGCTCGAGTGGA	oligodendrocyte_OPC
TGCAGGCTCGGTCATA	oligodendrocyte_OPC
TGCAGTAAGAAGCTCG	neuronal
TGCAGTAAGACGACGT	neuronal
TGCAGTAAGAGCGACT	unresolved
TGCAGTAAGGACACTG	unresolved
TGCAGTAAGGCTAAAT	unresolved
TGCAGTAAGGTCGACA	unresolved
TGCAGTAAGTCGGCAA	oligodendrocyte_OPC
TGCAGTACACAAGCCC	astrocyte
TGCAGTACACTCAGAT	astrocyte
TGCAGTACAGCAGACA	unresolved
TGCAGTACAGCCTACG	oligodendrocyte_OPC
TGCAGTAGTACTAACC	astrocyte
TGCAGTAGTATGGAAT	oligodendrocyte_OPC
TGCAGTATCAAATAGG	oligodendrocyte_OPC
TGCAGTATCATAGGCT	unresolved
TGCAGTATCATCTATC	neuronal
TGCAGTATCATTCCTA	neuronal
TGCATCCAGAGAGCGG	oligodendrocyte_OPC
TGCATCCAGGCTTCCG	neuronal
TGCATCCCAGAGTCTT	neuronal
TGCATCCGTACAGAAT	unresolved
TGCATCCGTATCGCTA	unresolved
TGCATCCGTCCCTGAG	oligodendrocyte_OPC
TGCATCCGTCCTTAAG	unresolved
TGCATCCGTCGGTAAG	unresolved
TGCATCCTCCAAAGGG	unresolved
TGCATCCTCCACACAA	oligodendrocyte_OPC
TGCATCCTCCGTGTCT	neuronal
TGCATCCTCGCTACGG	astrocyte
TGCATCCTCGTACACA	vascular
TGCATCCTCGTTGTAG	oligodendrocyte_OPC
TGCATCCTCTACACAG	astrocyte
TGCATCCTCTAGCCTC	unresolved
TGCATGAAGAAATTCG	oligodendrocyte_OPC
TGCATGAAGGATAATC	oligodendrocyte_OPC
TGCATGAAGGCGCTCT	unresolved
TGCATGAAGGGCAATC	unresolved
TGCATGAAGGTCATCT	vascular
TGCATGAAGTCATACC	oligodendrocyte_OPC
TGCATGACAGAATGTA	oligodendrocyte_OPC
TGCATGACAGACAAGC	astrocyte
TGCATGACAGAGAAAG	unresolved
TGCATGACAGGACGAT	neuronal
TGCATGAGTAGCGCCT	astrocyte
TGCATGAGTAGTGCGA	neuronal
TGCATGAGTCTAGGTT	oligodendrocyte_OPC
TGCATGAGTCTGTGCG	astrocyte
TGCATGAGTGGGTTGA	neuronal
TGCATGATCCACGTGG	astrocyte
TGCATGATCGGACTGC	oligodendrocyte_OPC
TGCCGAGAGGACGCTA	unresolved
TGCCGAGAGGTCCCGT	neuronal
TGCCGAGCAAAGACTA	unresolved
TGCCGAGCAAATGATG	astrocyte
TGCCGAGCAACACACT	oligodendrocyte_OPC
TGCCGAGCACGCTGCA	astrocyte
TGCCGAGCACTTGGGC	neuronal
TGCCGAGGTACTGAGG	vascular
TGCCGAGGTAGGTGCA	unresolved
TGCCGAGGTCGTGGTC	unresolved
TGCCGAGGTCTCCTGT	microglia_immune
TGCCGAGTCATTGTGG	unresolved
TGCCGAGTCCATCTGC	neuronal
TGCCGAGTCCATTGGA	unresolved
TGCCGAGTCCTACCGT	neuronal
TGCGACGAGTACCCTA	astrocyte
TGCGACGAGTCACTCA	neuronal
TGCGACGAGTCATGAA	neuronal
TGCGACGCAAAGACGC	unresolved
TGCGACGCACAGTATC	astrocyte
TGCGACGCACCCTGTT	neuronal
TGCGACGCAGGTCTCG	oligodendrocyte_OPC
TGCGACGCATGACTGT	unresolved
TGCGACGCATTCAGCA	ambiguous_or_doublet
TGCGACGGTAGCGATG	neuronal
TGCGACGGTCTGTCCT	astrocyte
TGCGACGGTGGCATCC	astrocyte
TGCGACGGTGTCGCTG	neuronal
TGCGACGGTTCGAGCC	unresolved
TGCGACGGTTCTTGTT	unresolved
TGCGACGGTTTATGCG	oligodendrocyte_OPC
TGCGACGTCACCATAG	unresolved
TGCGACGTCCGTCAAA	neuronal
TGCGACGTCTGCTGAA	oligodendrocyte_OPC
TGCGATAAGAGAATCT	neuronal
TGCGATAAGTGCAAAT	neuronal
TGCGATAAGTGCGACA	astrocyte
TGCGATACACAATGTC	oligodendrocyte_OPC
TGCGATACATCATTGG	microglia_immune
TGCGATAGTAGTCTTG	oligodendrocyte_OPC
TGCGATAGTATCACGT	unresolved
TGCGATAGTATGCTTG	neuronal
TGCGATAGTCACGCTG	oligodendrocyte_OPC
TGCGATAGTCCTGAAT	astrocyte
TGCGATAGTGAATGAT	unresolved
TGCGATATCCCGTTCA	astrocyte
TGCGATATCCTTCTAA	neuronal
TGCGATATCGAGCTGC	unresolved
TGCGATATCTACACTT	unresolved
TGCGGCACAAGTCATC	oligodendrocyte_OPC
TGCGGCACACGTCGTG	neuronal
TGCGGCACATGTTCAG	astrocyte
TGCGGCACATTCTGTT	unresolved
TGCGGCACATTGTGCA	oligodendrocyte_OPC
TGCGGCAGTCCACGCA	astrocyte
TGCGGCAGTGAGTCAG	astrocyte
TGCGGCAGTTAGGCCC	vascular
TGCGGCAGTTCTTAGG	microglia_immune
TGCGGCATCAAGAAAC	neuronal
TGCGGCATCAAGATAG	unresolved
TGCGGCATCACGTCCT	microglia_immune
TGCGGCATCGCGTGAC	unresolved
TGCGGCATCTTACCAT	astrocyte
TGCGGGTAGGAACGAA	unresolved
TGCGGGTCAAGCTGCC	unresolved
TGCGGGTCAGCAGTAG	oligodendrocyte_OPC
TGCGGGTCAGTTGTCA	oligodendrocyte_OPC
TGCGGGTCATCTTCGC	astrocyte
TGCGGGTGTACCGGCT	oligodendrocyte_OPC
TGCGGGTGTAGCGAGT	unresolved
TGCGGGTGTAGGGTAC	neuronal
TGCGGGTGTATGAAAC	neuronal
TGCGGGTGTCTTGAGT	unresolved
TGCGGGTGTGAAGCGT	oligodendrocyte_OPC
TGCGGGTTCCAAAGGG	astrocyte
TGCGGGTTCCACCTGT	neuronal
TGCGGGTTCGATTTCT	oligodendrocyte_OPC
TGCGGGTTCTTCACAT	astrocyte
TGCTCCAAGATTGCGG	unresolved
TGCTCCAAGCAGTACG	oligodendrocyte_OPC
TGCTCCAAGCGAATGC	unresolved
TGCTCCAAGGACATCG	unresolved
TGCTCCAAGGCCCACT	unresolved
TGCTCCAAGTCAACAA	unresolved
TGCTCCAAGTGTGTTC	oligodendrocyte_OPC
TGCTCCACACTATCGA	unresolved
TGCTCCACAGATCATC	oligodendrocyte_OPC
TGCTCCACATTGGGAG	unresolved
TGCTCCAGTAGACAAT	oligodendrocyte_OPC
TGCTCCAGTATCAAGA	unresolved
TGCTCCAGTCGTACTA	astrocyte
TGCTCCAGTGAGAGGG	unresolved
TGCTCCAGTGTATACC	unresolved
TGCTCCAGTTACACTG	unresolved
TGCTCCAGTTCTCGCT	neuronal
TGCTCCAGTTGTCAGT	astrocyte
TGCTCCATCATATGGC	oligodendrocyte_OPC
TGCTCCATCCACTTCG	unresolved
TGCTCCATCCAGCTCT	neuronal
TGCTCCATCCTCGATC	oligodendrocyte_OPC
TGCTCCATCGGACTGC	astrocyte
TGCTCCATCTAAGCCA	neuronal
TGCTCCATCTTCTAAC	neuronal
TGCTCGTAGGTACTGG	astrocyte
TGCTCGTAGTAACGAT	astrocyte
TGCTCGTAGTTCAACC	unresolved
TGCTCGTCAAAGAACT	unresolved
TGCTCGTCATGGACAG	unresolved
TGCTCGTGTAAGATCA	astrocyte
TGCTCGTGTACGATTC	unresolved
TGCTCGTGTATTCCGA	unresolved
TGCTCGTTCCAAAGGG	unresolved
TGCTCGTTCCAAGCTA	unresolved
TGCTCGTTCGCTCATC	neuronal
TGCTCGTTCGTCAGAT	unresolved
TGCTCGTTCTTTACAC	oligodendrocyte_OPC
TGCTCGTTCTTTCCAA	oligodendrocyte_OPC
TGCTGAAAGAGGCCAT	unresolved
TGCTGAAAGATTGCGG	astrocyte
TGCTGAAAGGGCCCTT	unresolved
TGCTGAACAAATGCGG	microglia_immune
TGCTGAATCCACCTGT	neuronal
TGCTGAATCTAACACG	oligodendrocyte_OPC
TGCTTCGAGATGTTCC	neuronal
TGCTTCGAGCTGCCAC	neuronal
TGCTTCGAGCTGTTCA	neuronal
TGCTTCGAGTAAACAC	astrocyte
TGCTTCGCACGTGAGA	neuronal
TGCTTCGCAGACACAG	neuronal
TGCTTCGGTGGATTTC	vascular
TGCTTCGGTGTTCGAT	unresolved
TGCTTCGGTTTCACTT	microglia_immune
TGCTTCGTCACGAGGA	astrocyte
TGCTTCGTCAGAGTTC	vascular
TGCTTCGTCGACGTCG	neuronal
TGCTTCGTCGCCGAAC	vascular
TGCTTCGTCGTCAAAC	astrocyte
TGCTTCGTCGTTCTGC	unresolved
TGCTTCGTCTAACGCA	microglia_immune
TGCTTCGTCTAGCAAC	oligodendrocyte_OPC
TGCTTCGTCTGACAGT	unresolved
TGCTTGCAGTAAGAGG	unresolved
TGCTTGCCACGACGAA	microglia_immune
TGCTTGCCACGAGGTA	neuronal
TGCTTGCCAGGGCTTC	neuronal
TGCTTGCCATTGGGAG	neuronal
TGCTTGCGTACCCGAC	astrocyte
TGCTTGCGTCCCAAAT	neuronal
TGCTTGCGTGACACGA	unresolved
TGCTTGCGTTCCGCGA	unresolved
TGCTTGCGTTGTGTTG	oligodendrocyte_OPC
TGCTTGCTCGAACGCC	vascular
TGCTTGCTCGTTCGCT	astrocyte
TGGAACTAGACCCGCT	unresolved
TGGAACTAGGATAATC	oligodendrocyte_OPC
TGGAACTAGGCTATCT	unresolved
TGGAACTAGGGTAATT	oligodendrocyte_OPC
TGGAACTAGGTGGGTT	oligodendrocyte_OPC
TGGAACTAGTCTCCTC	astrocyte
TGGAACTCAAGACCGA	oligodendrocyte_OPC
TGGAACTCACCCAATA	unresolved
TGGAACTCATACTTTC	neuronal
TGGAACTGTAGATTGA	oligodendrocyte_OPC
TGGAACTGTAGTGTGG	astrocyte
TGGAACTGTGCACAAG	neuronal
TGGAACTTCCATTGCC	astrocyte
TGGAACTTCCGGTAGC	oligodendrocyte_OPC
TGGAACTTCGCCAATA	oligodendrocyte_OPC
TGGAACTTCGTAGCCG	vascular
TGGAGAGAGACTCCGC	unresolved
TGGAGAGAGCGTGTTT	microglia_immune
TGGAGAGAGGAGAATG	oligodendrocyte_OPC
TGGAGAGAGGATTCCT	unresolved
TGGAGAGCAACAAGAT	astrocyte
TGGAGAGCAGACGATG	astrocyte
TGGAGAGCAGCTGCCA	unresolved
TGGAGAGGTACTAGCT	neuronal
TGGAGAGGTAGCACGA	unresolved
TGGAGAGGTCACGACC	astrocyte
TGGAGAGGTCTGTAGT	neuronal
TGGAGAGGTGCCGTTG	unresolved
TGGAGAGGTGGCGCTT	oligodendrocyte_OPC
TGGAGAGGTTGCGAAG	astrocyte
TGGAGAGGTTTCGATG	unresolved
TGGAGAGTCAACACGT	unresolved
TGGAGAGTCATCTGTT	astrocyte
TGGAGAGTCCCGTGTT	unresolved
TGGAGAGTCCGATGTA	neuronal
TGGAGAGTCTCTTGCG	oligodendrocyte_OPC
TGGAGAGTCTGGGCCA	oligodendrocyte_OPC
TGGAGGAAGAGAGAAC	neuronal
TGGAGGAAGCAGTCTT	oligodendrocyte_OPC
TGGAGGAAGCTACAAA	unresolved
TGGAGGACAAGAGGCT	oligodendrocyte_OPC
TGGAGGACACAGCTGC	neuronal
TGGAGGACATAACGGG	oligodendrocyte_OPC
TGGAGGACATAGGTAA	unresolved
TGGAGGACATCCGTTC	astrocyte
TGGAGGAGTCGGAACA	oligodendrocyte_OPC
TGGAGGAGTTGATCGT	astrocyte
TGGAGGAGTTGCCAAT	vascular
TGGAGGAGTTGCCTAA	oligodendrocyte_OPC
TGGAGGAGTTGGCCGT	neuronal
TGGATCAAGAGTCAGC	astrocyte
TGGATCAAGCATTTCG	unresolved
TGGATCAAGTGCACTT	neuronal
TGGATCACAAAGTGTA	unresolved
TGGATCACAACTAGAA	oligodendrocyte_OPC
TGGATCACATCATTGG	oligodendrocyte_OPC
TGGATCACATGAGATA	neuronal
TGGATCAGTATCGCAT	oligodendrocyte_OPC
TGGATCAGTCCGAAAG	neuronal
TGGATCAGTCCTTGTC	unresolved
TGGATCAGTGCCTGAC	unresolved
TGGATCATCATTTACC	unresolved
TGGATCATCTTGGTGA	neuronal
TGGATGTAGGGTAGCT	unresolved
TGGATGTAGTAACGTA	unresolved
TGGATGTCAACCGCCA	unresolved
TGGATGTCAAGTCGTT	unresolved
TGGATGTCACACGCCA	astrocyte
TGGATGTCACAGTCCG	astrocyte
TGGATGTGTAGATGTA	astrocyte
TGGATGTGTCAAAGTA	neuronal
TGGATGTGTGAAGCGT	neuronal
TGGATGTTCTTCTTCC	astrocyte
TGGCGTGAGACCTTTG	unresolved
TGGCGTGAGCCTTTCC	unresolved
TGGCGTGAGTAAGCAT	vascular
TGGCGTGAGTGGTGGT	astrocyte
TGGCGTGAGTTACGAA	astrocyte
TGGCGTGCAAATGCGG	microglia_immune
TGGCGTGCAACTTGGT	astrocyte
TGGCGTGCAAGCACCC	oligodendrocyte_OPC
TGGCGTGCACGCGCTA	unresolved
TGGCGTGGTTGCGAAG	neuronal
TGGCGTGTCAAATGAG	neuronal
TGGCGTGTCCGATGCG	unresolved
TGGCGTGTCGGTCATA	microglia_immune
TGGGAAGAGGCTTCCG	astrocyte
TGGGAAGCAAGCACAG	oligodendrocyte_OPC
TGGGAAGCAAGGCCTC	neuronal
TGGGAAGCACAGCATT	unresolved
TGGGAAGCACGTTCGG	unresolved
TGGGAAGCAGCTGCCA	unresolved
TGGGAAGCAGGATCTT	neuronal
TGGGAAGGTAGGGAGG	unresolved
TGGGAAGGTCCTCCTA	astrocyte
TGGGAAGGTGAGTAGC	unresolved
TGGGAAGGTGTGATGG	unresolved
TGGGAAGGTTCCGTTC	neuronal
TGGGAAGTCCATCTGC	astrocyte
TGGGAAGTCGTAGTGT	oligodendrocyte_OPC
TGGGAAGTCTAGTCAG	neuronal
TGGGAAGTCTATCGCC	astrocyte
TGGGAGAAGAAAGCGA	oligodendrocyte_OPC
TGGGAGAAGATGATTG	unresolved
TGGGAGAAGGCCTGCT	neuronal
TGGGAGACAGGTGAGT	oligodendrocyte_OPC
TGGGAGACATGGAAGC	oligodendrocyte_OPC
TGGGAGAGTCTAGTGT	unresolved
TGGGAGAGTTTCGTTT	vascular
TGGGAGATCACTACGA	astrocyte
TGGGAGATCCCTCAAC	neuronal
TGGGATTAGACGATAT	unresolved
TGGGATTAGGGAACAA	unresolved
TGGGATTAGTAGGAAG	astrocyte
TGGGATTAGTAGTCCT	unresolved
TGGGATTCACTCCGAG	oligodendrocyte_OPC
TGGGATTCACTCTCGT	unresolved
TGGGATTCAGTATTCG	neuronal
TGGGATTCATATTCGG	unresolved
TGGGATTGTAAGATCA	astrocyte
TGGGATTGTCCTGTCT	unresolved
TGGGATTGTCTTCATT	unresolved
TGGGATTGTGGGACAT	microglia_immune
TGGGATTTCACGAACT	unresolved
TGGGATTTCCTTGACC	unresolved
TGGGATTTCGAGTGAG	unresolved
TGGGATTTCGTGCACG	astrocyte
TGGGATTTCTACACTT	astrocyte
TGGGATTTCTCTGCCA	neuronal
TGGGATTTCTTAGGAC	unresolved
TGGGCGTAGAGGTTTA	unresolved
TGGGCGTAGGCAGGGA	neuronal
TGGGCGTAGGCGATAC	oligodendrocyte_OPC
TGGGCGTCAACCGACC	unresolved
TGGGCGTCACACAGCC	unresolved
TGGGCGTCACACGGAA	unresolved
TGGGCGTCACTCCGGA	unresolved
TGGGCGTGTAAGAACT	unresolved
TGGGCGTGTACTGCCG	unresolved
TGGGCGTGTCAGGTGA	unresolved
TGGGCGTGTGAAGCGT	neuronal
TGGGCGTGTGCAATGG	astrocyte
TGGGCGTGTGTTGATC	oligodendrocyte_OPC
TGGGCGTTCCCAAGTA	neuronal
TGGGCGTTCGTCAACA	unresolved
TGGGCGTTCTGACGCG	oligodendrocyte_OPC
TGGGCTGAGTGGCAGT	unresolved
TGGGCTGAGTGTCATC	astrocyte
TGGGCTGCAGACGCTC	oligodendrocyte_OPC
TGGGCTGCAGCACAAG	oligodendrocyte_OPC
TGGGCTGCATAGAGGC	unresolved
TGGGCTGGTATCAGGG	unresolved
TGGGCTGGTCACCGCA	unresolved
TGGGCTGGTCGAGATG	oligodendrocyte_OPC
TGGGCTGGTGATGAAT	unresolved
TGGGCTGGTGCCTTTC	unresolved
TGGGCTGTCAAGGTGG	neuronal
TGGGCTGTCACCATCC	vascular
TGGGCTGTCGGAATTC	unresolved
TGGGCTGTCGTTATCT	unresolved
TGGGCTGTCTTTGCAT	astrocyte
TGGGTTAAGATAGCTA	neuronal
TGGGTTAAGATGGCGT	neuronal
TGGGTTAAGCGTTCCG	astrocyte
TGGGTTAAGCTCACTA	neuronal
TGGGTTAAGGTTGGAC	ambiguous_or_doublet
TGGGTTACACTATGTG	astrocyte
TGGGTTAGTATTCTCT	oligodendrocyte_OPC
TGGGTTAGTGAGACGT	oligodendrocyte_OPC
TGGGTTAGTGCGTTTA	neuronal
TGGGTTAGTGGTACAG	neuronal
TGGGTTAGTTGCATCA	oligodendrocyte_OPC
TGGGTTAGTTGCTCCT	unresolved
TGGGTTATCCCAACTC	unresolved
TGGGTTATCCCGGTAG	oligodendrocyte_OPC
TGGGTTATCGCTATTT	unresolved
TGGGTTATCTGAGAAA	oligodendrocyte_OPC
TGGTACAAGCTTTCTT	astrocyte
TGGTACAAGTCCCTAA	neuronal
TGGTACAAGTGATCGG	neuronal
TGGTACACAAAGGCAC	neuronal
TGGTACACACAAAGCG	oligodendrocyte_OPC
TGGTACACACGGCGTT	astrocyte
TGGTACACACTTTATC	neuronal
TGGTACACATAATGCC	neuronal
TGGTACACATTAGGCT	unresolved
TGGTACAGTCCGATCG	oligodendrocyte_OPC
TGGTACAGTGAGACGT	unresolved
TGGTACAGTTGATGTC	unresolved
TGGTACATCACATTGG	oligodendrocyte_OPC
TGGTACATCAGGACGA	oligodendrocyte_OPC
TGGTACATCCATCTAT	neuronal
TGGTACATCCGGTAAT	astrocyte
TGGTACATCCTCACCA	unresolved
TGGTACATCCTTGGAA	unresolved
TGGTACATCGCTTTAT	astrocyte
TGGTAGTAGAGAGGGC	unresolved
TGGTAGTAGCATAGGC	unresolved
TGGTAGTAGCCGCTTG	astrocyte
TGGTAGTAGCTTGTTG	unresolved
TGGTAGTAGGGCCAAT	unresolved
TGGTAGTAGTAGGTTA	unresolved
TGGTAGTCACTCTCGT	unresolved
TGGTAGTCAGGGACTA	unresolved
TGGTAGTCATAGATGA	oligodendrocyte_OPC
TGGTAGTCATGGAAGC	oligodendrocyte_OPC
TGGTAGTGTACGGTTT	oligodendrocyte_OPC
TGGTAGTGTATGCTAC	unresolved
TGGTAGTGTGAGATAT	unresolved
TGGTAGTGTGTTAACC	astrocyte
TGGTAGTTCAATCAGC	neuronal
TGGTAGTTCACCTGGG	astrocyte
TGGTAGTTCCCGAGGT	oligodendrocyte_OPC
TGGTGATGTGAAAGTT	oligodendrocyte_OPC
TGGTGATGTTCCAAAC	ambiguous_or_doublet
TGGTGATTCCCTCGAT	oligodendrocyte_OPC
TGGTGATTCTAGCAAC	astrocyte
TGGTTAGAGATGTTCC	astrocyte
TGGTTAGAGCGACTAG	neuronal
TGGTTAGAGCTTGTTG	unresolved
TGGTTAGCAATGACCT	oligodendrocyte_OPC
TGGTTAGCAGCAATTC	neuronal
TGGTTAGGTACAGCGA	unresolved
TGGTTAGGTACCTAAC	microglia_immune
TGGTTAGGTGCGACAA	astrocyte
TGGTTAGGTTAGAGAT	unresolved
TGGTTAGGTTCTTGTT	unresolved
TGGTTAGTCCATACAG	vascular
TGGTTAGTCTGATGGT	astrocyte
TGGTTAGTCTGCGGAC	unresolved
TGTAACGAGGCAGGTT	vascular
TGTAACGAGTGCGTCC	unresolved
TGTAACGCAACGACAG	oligodendrocyte_OPC
TGTAACGCAAGAGGTC	unresolved
TGTAACGCAAGCGAAC	neuronal
TGTAACGCAATAGGAT	unresolved
TGTAACGCACAAGTGG	unresolved
TGTAACGCACCAATTG	astrocyte
TGTAACGCACTGCACG	ambiguous_or_doublet
TGTAACGCACTGCATA	unresolved
TGTAACGCAGAGGCAT	unresolved
TGTAACGCAGTACTAC	oligodendrocyte_OPC
TGTAACGCATCGAGCC	unresolved
TGTAACGCATTGCCTC	unresolved
TGTAACGGTCACTACA	neuronal
TGTAACGGTCTCAGAT	astrocyte
TGTAACGGTCTTCCGT	oligodendrocyte_OPC
TGTAACGGTTGCTCGG	oligodendrocyte_OPC
TGTAACGTCATTTCCA	oligodendrocyte_OPC
TGTAACGTCCACTTCG	unresolved
TGTAACGTCGTACCTC	unresolved
TGTAAGCAGAATTGCA	neuronal
TGTAAGCAGGGAGTGG	neuronal
TGTAAGCAGTCCTGCG	unresolved
TGTAAGCAGTTACGTC	oligodendrocyte_OPC
TGTAAGCAGTTGGGAC	neuronal
TGTAAGCCAACACACT	unresolved
TGTAAGCCAGCTCGGT	neuronal
TGTAAGCGTAGTCCTA	astrocyte
TGTAAGCGTTGATCGT	unresolved
TGTAAGCGTTTAAGGA	oligodendrocyte_OPC
TGTAAGCTCACTTTGT	oligodendrocyte_OPC
TGTAAGCTCATCTATC	oligodendrocyte_OPC
TGTAAGCTCATGAGAA	astrocyte
TGTAAGCTCCGTTGGG	astrocyte
TGTAAGCTCCTTATGT	astrocyte
TGTAAGCTCGACCACG	unresolved
TGTAAGCTCGCCTCTA	unresolved
TGTAAGCTCGGTAAGG	astrocyte
TGTAAGCTCTGGCCAG	unresolved
TGTAAGCTCTGTCCCA	unresolved
TGTACAGAGAAATTGC	unresolved
TGTACAGAGTAGACCG	neuronal
TGTACAGAGTATAGGT	unresolved
TGTACAGCAAGTGCTT	neuronal
TGTACAGCATACCGTA	oligodendrocyte_OPC
TGTACAGCATGGCCAC	astrocyte
TGTACAGGTACTTCCC	astrocyte
TGTACAGGTATACGGG	oligodendrocyte_OPC
TGTACAGGTCGCCACA	unresolved
TGTACAGGTCGCTTAA	unresolved
TGTACAGTCAACCCGG	neuronal
TGTACAGTCCGTGGTG	astrocyte
TGTACAGTCTTCTCAA	neuronal
TGTACAGTCTTGTTAC	unresolved
TGTAGACAGAAGCGGG	neuronal
TGTAGACAGCACCAGA	neuronal
TGTAGACAGCGCTTCG	neuronal
TGTAGACAGGATACGC	vascular
TGTAGACAGGCTATCT	oligodendrocyte_OPC
TGTAGACAGTCATTGC	astrocyte
TGTAGACCAATTGCTG	oligodendrocyte_OPC
TGTAGACCACAAATCC	oligodendrocyte_OPC
TGTAGACCACACAGAG	unresolved
TGTAGACCACACGCCA	astrocyte
TGTAGACCATACCATG	astrocyte
TGTAGACGTACCTTCC	oligodendrocyte_OPC
TGTAGACGTGCTTATG	oligodendrocyte_OPC
TGTAGACGTGTACATC	unresolved
TGTAGACTCATTGTTC	astrocyte
TGTAGACTCTGTCGTC	neuronal
TGTCAGAAGCGTATGG	neuronal
TGTCAGACACAGACGA	microglia_immune
TGTCAGACACGACTAT	astrocyte
TGTCAGACACTCAAGT	neuronal
TGTCAGACAGTAGAGC	astrocyte
TGTCAGACATTAAGCC	unresolved
TGTCAGACATTGACAC	astrocyte
TGTCAGAGTACGGCAA	oligodendrocyte_OPC
TGTCAGAGTCATGCAT	oligodendrocyte_OPC
TGTCAGAGTCATTGCA	unresolved
TGTCAGAGTGCGTGCT	neuronal
TGTCAGAGTGGCTCTG	unresolved
TGTCAGAGTGTCATGT	unresolved
TGTCAGATCAGCAATC	vascular
TGTCAGATCAGTCACA	oligodendrocyte_OPC
TGTCAGATCCCGATCT	oligodendrocyte_OPC
TGTCAGATCCGCTGTT	unresolved
TGTCAGATCGCTACAA	oligodendrocyte_OPC
TGTCAGATCGTGCATA	unresolved
TGTCCACAGACGTCGA	neuronal
TGTCCACAGTCCCTAA	neuronal
TGTCCACTCAGATTGC	oligodendrocyte_OPC
TGTCCACTCATTTCCA	neuronal
TGTCCACTCGACGCGT	microglia_immune
TGTCCACTCGCGTTTC	unresolved
TGTCCACTCGCTGCGA	oligodendrocyte_OPC
TGTCCACTCGTGTGAT	neuronal
TGTCCCAAGGGCAGTT	unresolved
TGTCCCAAGTTCATCG	unresolved
TGTCCCACAGCTGGTC	microglia_immune
TGTCCCACATAACTCG	neuronal
TGTCCCACATGAGTAA	oligodendrocyte_OPC
TGTCCCACATTGACTG	unresolved
TGTCCCAGTGTTAAAG	neuronal
TGTCCCATCCACTAGA	astrocyte
TGTCCCATCTCTATGT	unresolved
TGTCCTGAGGGTTTCT	unresolved
TGTCCTGAGTAGGCCA	unresolved
TGTCCTGCAAGGCCTC	unresolved
TGTCCTGCAAGGCTTT	microglia_immune
TGTCCTGCACGGGTAA	unresolved
TGTCCTGCACTGTGTA	unresolved
TGTCCTGCATCCGTGG	oligodendrocyte_OPC
TGTCCTGCATGACGAG	astrocyte
TGTCCTGGTACACGTT	oligodendrocyte_OPC
TGTCCTGGTAGACGTG	oligodendrocyte_OPC
TGTCCTGGTAGGGAGG	unresolved
TGTCCTGGTAGTATAG	unresolved
TGTCCTGGTCGCATGC	vascular
TGTCCTGGTGCCCGTA	unresolved
TGTCCTGGTTGAATCC	oligodendrocyte_OPC
TGTCCTGTCAGAATAG	neuronal
TGTCCTGTCCTGCTAC	astrocyte
TGTCCTGTCTCCCATG	oligodendrocyte_OPC
TGTCCTGTCTGACCCT	unresolved
TGTGAGTAGACTGAGC	unresolved
TGTGAGTAGAGCTGCA	vascular
TGTGAGTAGTCTTGGT	neuronal
TGTGAGTAGTGATCGG	unresolved
TGTGAGTGTAACATCC	neuronal
TGTGAGTGTAAGTTAG	oligodendrocyte_OPC
TGTGAGTGTACTGAGG	astrocyte
TGTGAGTGTTTAGAGA	microglia_immune
TGTGAGTGTTTCTTAC	neuronal
TGTGAGTTCCTTCACG	neuronal
TGTGAGTTCGACCTAA	unresolved
TGTGAGTTCGTTGTAG	unresolved
TGTGAGTTCTGAACGT	oligodendrocyte_OPC
TGTGATGAGACCATGG	neuronal
TGTGATGAGAGGTCAC	oligodendrocyte_OPC
TGTGATGAGATGTAGT	oligodendrocyte_OPC
TGTGATGAGCATTGAA	neuronal
TGTGATGAGCGACATG	oligodendrocyte_OPC
TGTGATGAGTGTCATC	neuronal
TGTGATGCAAATAGCA	astrocyte
TGTGATGCAACAAGTA	oligodendrocyte_OPC
TGTGATGCAACCGATT	unresolved
TGTGATGCACAATGCT	astrocyte
TGTGATGGTAGAAACT	unresolved
TGTGATGGTATCAGGG	unresolved
TGTGATGGTCTCACAA	unresolved
TGTGATGGTGAATTGA	astrocyte
TGTGATGGTGGATCAG	unresolved
TGTGATGTCCACGGAC	unresolved
TGTGATGTCCATGAGT	oligodendrocyte_OPC
TGTGATGTCCCATTCG	oligodendrocyte_OPC
TGTGATGTCGTGGAAG	oligodendrocyte_OPC
TGTGATGTCGTTCAGA	unresolved
TGTGCGGAGAGCACTG	oligodendrocyte_OPC
TGTGCGGAGGCATGGT	neuronal
TGTGCGGCACACCGCA	astrocyte
TGTGCGGCAGCGTGAA	oligodendrocyte_OPC
TGTGCGGGTGACTATC	unresolved
TGTGCGGGTGCGGATA	neuronal
TGTGCGGGTTGTTGTG	unresolved
TGTGCGGTCAACTGAC	unresolved
TGTGCGGTCACCTGGG	oligodendrocyte_OPC
TGTGCGGTCAGAGTTC	astrocyte
TGTGCGGTCGAGAGCA	unresolved
TGTGCGGTCGCTACGG	neuronal
TGTGCGGTCTATACTC	oligodendrocyte_OPC
TGTGCGGTCTTACGTT	neuronal
TGTGCGGTCTTCTTCC	unresolved
TGTGGCGAGACTCCGC	unresolved
TGTGGCGAGCGGTAAC	unresolved
TGTGGCGAGGATTTAG	neuronal
TGTGGCGCAAAGAACT	unresolved
TGTGGCGCAACTCCCT	unresolved
TGTGGCGCAAGAAACT	oligodendrocyte_OPC
TGTGGCGCACAGTGTT	oligodendrocyte_OPC
TGTGGCGCATGCACTA	unresolved
TGTGGCGGTACGAAAT	astrocyte
TGTGGCGGTCGCGTTG	unresolved
TGTGGCGGTCTTGCGG	neuronal
TGTGGCGGTTCCTAGA	neuronal
TGTGGCGGTTTGCAGT	unresolved
TGTGGCGTCAGGCGAA	neuronal
TGTGGCGTCCAACACA	unresolved
TGTGGCGTCCTCTTTC	oligodendrocyte_OPC
TGTGGCGTCGGCCCAA	oligodendrocyte_OPC
TGTGTGAAGAAGGATG	unresolved
TGTGTGAAGGCACTCC	neuronal
TGTGTGAAGTAGGTTA	unresolved
TGTGTGACAAGGGTCA	neuronal
TGTGTGACACAAAGCG	neuronal
TGTGTGAGTCAAATCC	unresolved
TGTGTGAGTGTATTGC	unresolved
TGTGTGAGTTGAGAGC	oligodendrocyte_OPC
TGTGTGAGTTGTTGAC	neuronal
TGTTACTCAATACCTG	astrocyte
TGTTACTCACCAGTTA	unresolved
TGTTACTCAGCAGTAG	astrocyte
TGTTACTCAGTTTCGA	unresolved
TGTTACTCATGTCTAG	astrocyte
TGTTACTGTACAGAGC	unresolved
TGTTACTGTATGCGGA	unresolved
TGTTACTTCACAATGC	oligodendrocyte_OPC
TGTTACTTCCGCACTT	astrocyte
TGTTACTTCGGTGTAT	unresolved
TGTTCATAGAGCAGCT	oligodendrocyte_OPC
TGTTCATAGCACCGTC	unresolved
TGTTCATAGCACTCCG	unresolved
TGTTCATAGCTAGATA	unresolved
TGTTCATAGGAGACCT	unresolved
TGTTCATAGTAGCCAG	unresolved
TGTTCATCAACGTAAA	unresolved
TGTTCATCAATCGAAA	unresolved
TGTTCATCACTACAGT	unresolved
TGTTCATCACTGAGTT	oligodendrocyte_OPC
TGTTCATCAGAGTAAT	oligodendrocyte_OPC
TGTTCATGTAATACCC	oligodendrocyte_OPC
TGTTCATGTCAAGTTC	unresolved
TGTTCATGTCACCTTC	microglia_immune
TGTTCATGTCGACGCT	astrocyte
TGTTCATGTCTACGTA	unresolved
TGTTCATTCCATCTCG	unresolved
TGTTCATTCGCAGTCG	unresolved
TGTTCATTCTGCCTGT	unresolved
TGTTCCGAGAGAGCGG	neuronal
TGTTCCGAGAGAGGTA	oligodendrocyte_OPC
TGTTCCGAGCAGCGAT	astrocyte
TGTTCCGAGGACGCTA	unresolved
TGTTCCGAGTAACAGT	oligodendrocyte_OPC
TGTTCCGAGTGAACAT	neuronal
TGTTCCGAGTGCACAG	neuronal
TGTTCCGCATTACTCT	unresolved
TGTTCCGGTATCGCAT	neuronal
TGTTCCGGTCTAATCG	unresolved
TGTTCCGGTCTGATCA	microglia_immune
TGTTCCGGTGTATTCG	unresolved
TGTTCCGGTTCTTGCC	astrocyte
TGTTCCGTCTCCGAAA	microglia_immune
TGTTCCGTCTCTCTAA	neuronal
TGTTCTAAGAATCGAT	neuronal
TGTTCTAAGCAGGCAT	neuronal
TGTTCTAAGCGGCTCT	neuronal
TGTTCTAAGGATCATA	neuronal
TGTTCTACAAGTATCC	astrocyte
TGTTCTACACACAGAG	astrocyte
TGTTCTACAGAGAGGG	neuronal
TGTTCTAGTATGAAGT	unresolved
TGTTCTAGTGGAACCA	astrocyte
TGTTCTAGTTCTTGTT	neuronal
TGTTCTATCATCGCAA	unresolved
TGTTCTATCCAGTACA	unresolved
TGTTCTATCGAGAACG	unresolved
TGTTCTATCGTAGGGA	oligodendrocyte_OPC
TGTTGAGAGAAGAGCA	oligodendrocyte_OPC
TGTTGAGAGGTCCCTG	unresolved
TGTTGAGAGGTGCCTC	oligodendrocyte_OPC
TGTTGAGCACAAGCCC	unresolved
TGTTGAGGTAGAATAC	unresolved
TGTTGAGGTAGCTGAG	neuronal
TGTTGAGGTATCAGGG	oligodendrocyte_OPC
TGTTGAGGTCCTTAAG	neuronal
TGTTGAGGTTATAGAG	neuronal
TGTTGAGGTTTGGGTT	neuronal
TGTTGAGTCCGATCTC	unresolved
TGTTGAGTCGAAGGAC	neuronal
TGTTGAGTCGGCATTA	oligodendrocyte_OPC
TGTTGAGTCGGTTGTA	neuronal
TGTTGAGTCTGGAGAG	oligodendrocyte_OPC
TGTTGGAAGAACTCCT	unresolved
TGTTGGAAGTATGAGT	unresolved
TGTTGGAAGTGGTGGT	unresolved
TGTTGGACATGCAGCC	oligodendrocyte_OPC
TGTTGGAGTCGAGCAA	unresolved
TGTTGGATCAGACTGT	unresolved
TGTTGGATCCGGTAAT	neuronal
TGTTTGTAGAATCGCG	neuronal
TGTTTGTAGAGCAACC	oligodendrocyte_OPC
TGTTTGTAGTGTAGTA	unresolved
TGTTTGTCAGAAGTGC	unresolved
TGTTTGTCAGGTCAAG	unresolved
TGTTTGTGTAGGACCA	neuronal
TGTTTGTGTTGCCTAA	neuronal
TGTTTGTTCAACACCA	oligodendrocyte_OPC
TGTTTGTTCATCTATC	unresolved
TGTTTGTTCGAGAACG	unresolved
TGTTTGTTCGTAACCA	astrocyte
TGTTTGTTCTACTGCC	vascular
TGTTTGTTCTAGCATG	unresolved
TTAATCCAGCATGGGT	astrocyte
TTAATCCAGGACGGAG	unresolved
TTAATCCCAAGACTGG	unresolved
TTAATCCCAGTAGAGC	unresolved
TTAATCCGTAACATCC	neuronal
TTAATCCGTGTTTGCA	unresolved
TTAATCCGTTTCGGCG	unresolved
TTAATCCTCCATTTCA	astrocyte
TTAATCCTCGACCAAT	neuronal
TTAATCCTCGAGTCCG	oligodendrocyte_OPC
TTAATCCTCGCTGCGA	astrocyte
TTACAGGAGACATACA	neuronal
TTACAGGAGTGATAAC	unresolved
TTACAGGCAGGCTCTG	unresolved
TTACAGGCATGCCGAC	ambiguous_or_doublet
TTACAGGCATGGCTGC	astrocyte
TTACAGGGTAAGTCAA	neuronal
TTACAGGGTCACATTG	neuronal
TTACAGGTCAAGGCTT	unresolved
TTACAGGTCCCGGTAG	microglia_immune
TTACAGGTCTACCAGA	unresolved
TTACCATAGCCATTTG	astrocyte
TTACCATCAAGGCGTA	astrocyte
TTACCATCACGGGTAA	neuronal
TTACCATCATTGCTTT	unresolved
TTACCATGTCATCCGG	unresolved
TTACCATGTCCCTCAT	oligodendrocyte_OPC
TTACCATGTCTAACTG	vascular
TTACCATGTGGAAATT	microglia_immune
TTACCATGTGGTATGG	oligodendrocyte_OPC
TTACCATGTTAGGACG	unresolved
TTACCATGTTTGCAGT	microglia_immune
TTACCATTCAAGTTGC	astrocyte
TTACCATTCCACCCTA	unresolved
TTACCATTCCCAATAG	unresolved
TTACCATTCCCTCGTA	unresolved
TTACCATTCCTGTTAT	unresolved
TTACCATTCTGCCTGT	neuronal
TTACCATTCTTGTTAC	neuronal
TTACCGCAGACCGCCT	oligodendrocyte_OPC
TTACCGCAGCAGTACG	oligodendrocyte_OPC
TTACCGCAGCGATTCT	unresolved
TTACCGCAGGGCAATC	unresolved
TTACCGCAGGTCGTCC	neuronal
TTACCGCAGTACAGAT	unresolved
TTACCGCCAGATACTC	astrocyte
TTACCGCCATATGAAG	astrocyte
TTACCGCGTAGGATAT	oligodendrocyte_OPC
TTACCGCGTGTAAACA	oligodendrocyte_OPC
TTACCGCTCACCTGGG	unresolved
TTACCGCTCGAATGCT	oligodendrocyte_OPC
TTACCGCTCTTGGCTC	astrocyte
TTACGCCAGAACCCGA	neuronal
TTACGCCAGCATCCTA	unresolved
TTACGCCAGCTATCCA	neuronal
TTACGCCAGGTCGCCT	unresolved
TTACGCCCAATGCTCA	unresolved
TTACGCCGTAACCCTA	microglia_immune
TTACGCCGTATGAGCG	oligodendrocyte_OPC
TTACGCCGTGGAGAAA	oligodendrocyte_OPC
TTACGCCTCAGCTCTC	neuronal
TTACGCCTCTTACTGT	astrocyte
TTACGTTAGAGAGGTA	unresolved
TTACGTTAGTCCCAGC	oligodendrocyte_OPC
TTACGTTCACAGCCTG	unresolved
TTACGTTCAGAAGCTG	unresolved
TTACGTTCAGATTAAG	unresolved
TTACGTTCATTGCTTT	unresolved
TTACGTTGTAGAATAC	unresolved
TTACGTTGTAGGTACG	neuronal
TTACGTTGTGTAACGG	unresolved
TTACGTTGTGTCTTCC	unresolved
TTACGTTGTGTTCGTA	unresolved
TTACGTTTCTTACTGT	unresolved
TTACTGTAGAGGTGCT	unresolved
TTACTGTAGCAAACAT	unresolved
TTACTGTAGGTCGAGT	astrocyte
TTACTGTCACGTCGTG	astrocyte
TTACTGTCAGACGCTC	unresolved
TTACTGTCATGGGTCC	vascular
TTACTGTGTAACATGA	neuronal
TTACTGTGTACCCAGC	vascular
TTACTGTGTGGATACG	vascular
TTACTGTGTTAACCTG	neuronal
TTACTGTTCAGCCCAG	unresolved
TTACTGTTCCGATAAC	unresolved
TTACTGTTCGGCATCG	unresolved
TTACTGTTCTATTGTC	astrocyte
TTAGGCAAGAATCGAT	unresolved
TTAGGCAAGCAATTAG	astrocyte
TTAGGCAAGGTTGACG	unresolved
TTAGGCAAGTAGATCA	neuronal
TTAGGCAAGTCGGCAA	unresolved
TTAGGCACACGCAGTC	astrocyte
TTAGGCACACGCCAGT	neuronal
TTAGGCACACTGGAAG	astrocyte
TTAGGCACAGGATGAC	neuronal
TTAGGCACATCTCATT	oligodendrocyte_OPC
TTAGGCAGTAGCGTAG	neuronal
TTAGGCAGTAGGTGCA	astrocyte
TTAGGCAGTCACTACA	unresolved
TTAGGCAGTCTGCCTT	oligodendrocyte_OPC
TTAGGCAGTGGATCGA	unresolved
TTAGGCAGTGTCCGTG	microglia_immune
TTAGGCAGTTTCGTTT	unresolved
TTAGGCATCTAGCATG	oligodendrocyte_OPC
TTAGGCATCTCATGCC	neuronal
TTAGGGTAGATTGGGC	unresolved
TTAGGGTAGCCAACCC	unresolved
TTAGGGTAGTACGAGC	microglia_immune
TTAGGGTCACAGCTTA	astrocyte
TTAGGGTGTACGATTC	unresolved
TTAGGGTGTGGATACG	astrocyte
TTAGGGTGTTTACTGG	neuronal
TTAGGGTTCAACACGT	unresolved
TTAGGGTTCCAATCCC	astrocyte
TTAGGGTTCCCTAGGG	microglia_immune
TTAGGGTTCCCTCGAT	astrocyte
TTAGGGTTCCTAACAG	unresolved
TTAGGGTTCTGTCTCG	neuronal
TTAGTCTAGCGGGTAT	unresolved
TTAGTCTAGCGTATGG	oligodendrocyte_OPC
TTAGTCTCACGCGGTT	oligodendrocyte_OPC
TTAGTCTCACTCCGAG	astrocyte
TTAGTCTCACTGATTG	neuronal
TTAGTCTCATAACGGG	vascular
TTAGTCTGTACCGCGT	neuronal
TTAGTCTGTCTGATAC	neuronal
TTAGTCTGTGGCAACA	oligodendrocyte_OPC
TTAGTCTGTTACAGCT	neuronal
TTAGTCTGTTACCGTA	oligodendrocyte_OPC
TTAGTCTTCGCTCATC	neuronal
TTATTGCAGAACGCGT	unresolved
TTATTGCAGACTCGAG	astrocyte
TTATTGCAGCTTTGTG	unresolved
TTATTGCCAGTGTATC	unresolved
TTATTGCGTTCAGCTA	oligodendrocyte_OPC
TTATTGCGTTGGCCGT	neuronal
TTATTGCTCAAACCCA	astrocyte
TTATTGCTCAGCGCAC	astrocyte
TTATTGCTCCGTGGGT	unresolved
TTATTGCTCGGACTTA	neuronal
TTATTGCTCTCCATAT	neuronal
TTCAATCAGCCAGAGT	unresolved
TTCAATCAGCGTATGG	unresolved
TTCAATCCAATGTTGC	unresolved
TTCAATCCACCCTTGT	oligodendrocyte_OPC
TTCAATCCAGCGTTTA	astrocyte
TTCAATCCAGTAGTTC	neuronal
TTCAATCCAGTTGAAA	astrocyte
TTCAATCCATGATAGA	astrocyte
TTCAATCGTAAGTTAG	unresolved
TTCAATCGTACGAGTG	unresolved
TTCAATCGTAGTGTGG	unresolved
TTCAATCGTATGTCAC	unresolved
TTCAATCGTGAGTAAT	neuronal
TTCAATCGTGATCATC	microglia_immune
TTCAATCGTTCAGGTT	unresolved
TTCAATCTCTGCCTCA	astrocyte
TTCACCGAGAGAGTGA	unresolved
TTCACCGAGCAGGTCA	microglia_immune
TTCACCGAGCCGATTT	astrocyte
TTCACCGAGGTGCAGT	unresolved
TTCACCGCACCATAAC	neuronal
TTCACCGCATAATGCC	neuronal
TTCACCGGTCCAGGTC	neuronal
TTCACCGGTCTCAGGC	astrocyte
TTCACCGGTTTCTATC	neuronal
TTCACCGTCAAATGCC	neuronal
TTCACCGTCCATCTAT	unresolved
TTCACCGTCCCATGGG	neuronal
TTCACCGTCCGCACGA	neuronal
TTCACCGTCTTACGTT	oligodendrocyte_OPC
TTCACCGTCTTTCCAA	astrocyte
TTCACGCAGAGTATAC	neuronal
TTCACGCAGCACGATG	neuronal
TTCACGCAGGCAGGGA	unresolved
TTCACGCAGGTTGGTG	astrocyte
TTCACGCAGTTTCAGC	oligodendrocyte_OPC
TTCACGCCAAGGCTTT	unresolved
TTCACGCCACTCTAGA	unresolved
TTCACGCCAGCTGTGC	unresolved
TTCACGCCATCGAGCC	oligodendrocyte_OPC
TTCACGCCATCTTTCA	oligodendrocyte_OPC
TTCACGCGTAACAGTA	unresolved
TTCACGCGTAGCACGA	unresolved
TTCACGCTCGAGCCAC	unresolved
TTCAGGAAGAATCCCT	neuronal
TTCAGGAAGCTTAAGA	unresolved
TTCAGGAAGGATATGT	unresolved
TTCAGGAAGTGGTTAA	microglia_immune
TTCAGGACAGGGTTGA	neuronal
TTCAGGACATAGAAAC	unresolved
TTCAGGACATCTAACG	neuronal
TTCAGGAGTAAGTAGT	astrocyte
TTCAGGAGTTACGATC	unresolved
TTCAGGATCCAACCAA	unresolved
TTCAGGATCCTGCTAC	unresolved
TTCAGGATCGAAGCCC	astrocyte
TTCATGTAGGTACCTT	unresolved
TTCATGTCAAACTCGT	oligodendrocyte_OPC
TTCATGTCAACAACAA	neuronal
TTCATGTCAACAGCCC	oligodendrocyte_OPC
TTCATGTCACAGAGCA	unresolved
TTCATGTCAGCGACCT	neuronal
TTCATGTCAGGTCAAG	astrocyte
TTCATGTGTCCAACGC	oligodendrocyte_OPC
TTCATGTGTCGAGATG	neuronal
TTCATGTGTTTCTATC	unresolved
TTCATGTTCAGAACCT	oligodendrocyte_OPC
TTCATGTTCATTGTTC	astrocyte
TTCATGTTCATTTACC	neuronal
TTCATGTTCTAGGAAA	astrocyte
TTCATTGAGCAACAAT	astrocyte
TTCATTGAGCTAATCC	oligodendrocyte_OPC
TTCATTGCAAGAGAGA	astrocyte
TTCATTGCAAGGAGTC	unresolved
TTCATTGCACGCAGTC	astrocyte
TTCATTGCACTACACA	neuronal
TTCATTGCAGGAGACT	unresolved
TTCATTGGTGCGTCGT	neuronal
TTCATTGTCGCAGATT	unresolved
TTCATTGTCGGATACT	unresolved
TTCATTGTCTCTCGAC	unresolved
TTCCAATAGCACTTTG	astrocyte
TTCCAATAGCAGGTCA	ambiguous_or_doublet
TTCCAATAGCGATGGT	unresolved
TTCCAATAGGAACGCT	neuronal
TTCCAATAGGTATAGT	microglia_immune
TTCCAATAGTCCGCCA	neuronal
TTCCAATCAAAGGTTA	neuronal
TTCCAATCACACGGAA	unresolved
TTCCAATCACACTGGC	oligodendrocyte_OPC
TTCCAATGTGACATCT	unresolved
TTCCAATTCCCGTTGT	unresolved
TTCCAATTCCGAGGCT	neuronal
TTCCAATTCGTTGTAG	unresolved
TTCCACGAGGAGCAAA	oligodendrocyte_OPC
TTCCACGAGGCATCGA	unresolved
TTCCACGAGTCTAACC	unresolved
TTCCACGCAACACACT	neuronal
TTCCACGCATAGTCAC	oligodendrocyte_OPC
TTCCACGGTACACTCA	unresolved
TTCCACGGTGGTTTAC	unresolved
TTCCACGTCACGAACT	astrocyte
TTCCACGTCACTGTCC	unresolved
TTCCACGTCTTGCAAG	unresolved
TTCCGGTAGCGATGAC	neuronal
TTCCGGTAGGATTTCC	astrocyte
TTCCGGTAGGCAGTCA	astrocyte
TTCCGGTAGGCTTTCA	oligodendrocyte_OPC
TTCCGGTCACTGTTCC	unresolved
TTCCGGTCAGCTTTCC	astrocyte
TTCCGGTCAGGCACTC	astrocyte
TTCCGGTCATCCGTTC	unresolved
TTCCGGTCATGGGCAA	microglia_immune
TTCCGGTGTCACTCGG	astrocyte
TTCCGGTGTCAGACTT	unresolved
TTCCGGTGTGGTCCGT	oligodendrocyte_OPC
TTCCGGTGTTCGGACC	unresolved
TTCCGGTTCAATCCGA	ambiguous_or_doublet
TTCCGGTTCACTGTTT	unresolved
TTCCGGTTCCATAGGT	unresolved
TTCCGGTTCCGACAGC	unresolved
TTCCGGTTCGCCGTGA	astrocyte
TTCCGGTTCTCCTACG	astrocyte
TTCCGTGAGAGGTATT	unresolved
TTCCGTGAGCAGCGAT	astrocyte
TTCCGTGAGTATGATG	astrocyte
TTCCGTGAGTCCTGCG	neuronal
TTCCGTGAGTGTGTTC	oligodendrocyte_OPC
TTCCGTGCAACACGTT	microglia_immune
TTCCGTGCACAGTGAG	astrocyte
TTCCGTGCATCGGAAG	astrocyte
TTCCGTGCATTCGATG	unresolved
TTCCGTGGTTAACCTG	neuronal
TTCCGTGTCGTGGAAG	oligodendrocyte_OPC
TTCCGTGTCTTCACGC	astrocyte
TTCCTAAAGCCGCACT	neuronal
TTCCTAAAGGTTTGAA	neuronal
TTCCTAACAACATCGT	vascular
TTCCTAACAAGGTCTT	unresolved
TTCCTAACAAGTGCTT	astrocyte
TTCCTAACACGTAGTT	neuronal
TTCCTAACATCATTGG	astrocyte
TTCCTAAGTCCTCCTA	oligodendrocyte_OPC
TTCCTAAGTCTCACGG	oligodendrocyte_OPC
TTCCTAAGTCTGTGAT	astrocyte
TTCCTAAGTGAGCAGT	unresolved
TTCCTAAGTTAAGGAT	oligodendrocyte_OPC
TTCCTAATCACTTTGT	neuronal
TTCCTAATCCACAGCG	unresolved
TTCCTAATCCTACGAA	unresolved
TTCCTAATCTACCACC	neuronal
TTCCTAATCTCCACTG	vascular
TTCCTAATCTGTCCCA	microglia_immune
TTCCTCTAGAGATCGC	unresolved
TTCCTCTAGGATTACA	astrocyte
TTCCTCTAGGCATGGT	astrocyte
TTCCTCTAGTTCCGTA	oligodendrocyte_OPC
TTCCTCTAGTTTAGGA	oligodendrocyte_OPC
TTCCTCTCAGTTCCAA	unresolved
TTCCTCTCATTGAGCT	unresolved
TTCCTCTGTACTCAAC	neuronal
TTCCTCTGTCCTACGG	unresolved
TTCCTCTGTCCTGAAT	neuronal
TTCCTCTGTTAGGGTG	astrocyte
TTCCTCTGTTCTAACG	unresolved
TTCCTCTTCGAGAAGC	unresolved
TTCCTCTTCTACCAGA	unresolved
TTCCTTCAGATAGCAT	astrocyte
TTCCTTCAGCGTTCCG	unresolved
TTCCTTCAGTGGTCAG	unresolved
TTCCTTCCACGCTATA	astrocyte
TTCCTTCGTACGTGTT	unresolved
TTCCTTCGTAGCGCTC	astrocyte
TTCCTTCGTATGCGGA	unresolved
TTCCTTCGTTTGAACC	neuronal
TTCCTTCTCCGAGAAG	astrocyte
TTCCTTCTCGACATAC	oligodendrocyte_OPC
TTCCTTCTCGATTCCC	neuronal
TTCCTTCTCGGCATTA	astrocyte
TTCCTTCTCGGCCTTT	unresolved
TTCGATTAGCGAACTG	unresolved
TTCGATTAGGTCTTTG	unresolved
TTCGATTAGTTGGAGC	astrocyte
TTCGATTCACAGAGCA	oligodendrocyte_OPC
TTCGATTCACCGGAAA	astrocyte
TTCGATTCACGAGAAC	oligodendrocyte_OPC
TTCGATTCACTATGTG	astrocyte
TTCGATTGTAACTGCT	unresolved
TTCGATTGTCGCCTAG	unresolved
TTCGATTGTGTCCATA	oligodendrocyte_OPC
TTCGATTGTTTACGTG	unresolved
TTCGATTTCGCTCCTA	oligodendrocyte_OPC
TTCGATTTCGCTTTAT	unresolved
TTCGATTTCTTGTGCC	oligodendrocyte_OPC
TTCGCTGAGAACGCGT	unresolved
TTCGCTGAGGTCACCC	neuronal
TTCGCTGAGTGCGTCC	neuronal
TTCGCTGCACCACATA	oligodendrocyte_OPC
TTCGCTGCAGGCTTGC	neuronal
TTCGCTGCAGTCCGTG	neuronal
TTCGCTGCATTGAGGG	unresolved
TTCGCTGGTAGGCTGA	unresolved
TTCGCTGGTCACCCTT	oligodendrocyte_OPC
TTCGCTGTCAAGGTGG	astrocyte
TTCGCTGTCATACGGT	oligodendrocyte_OPC
TTCGCTGTCCGTACGG	unresolved
TTCGCTGTCGCTACAA	unresolved
TTCGCTGTCGCTGCGA	neuronal
TTCGCTGTCTGGGCAC	neuronal
TTCGGTCAGAGTACCG	unresolved
TTCGGTCAGCTGACCC	neuronal
TTCGGTCAGTGCACAG	unresolved
TTCGGTCAGTTTGTCG	oligodendrocyte_OPC
TTCGGTCCAGCGTAGA	unresolved
TTCGGTCCATGGGAAC	unresolved
TTCGGTCGTCAACCAT	unresolved
TTCGGTCGTGCGGTAA	astrocyte
TTCGGTCGTTGGAGGT	unresolved
TTCGGTCTCACTGGTA	oligodendrocyte_OPC
TTCGGTCTCCATTGGA	unresolved
TTCTAACAGCCATGCC	neuronal
TTCTAACAGCCTCCAG	astrocyte
TTCTAACAGGGAACAA	oligodendrocyte_OPC
TTCTAACAGGTACATA	astrocyte
TTCTAACAGGTTATAG	astrocyte
TTCTAACAGGTTCAGG	unresolved
TTCTAACCAAGAGTGC	oligodendrocyte_OPC
TTCTAACCATCAGCAT	neuronal
TTCTAACGTAGTCTGT	neuronal
TTCTAACGTGAGATTA	unresolved
TTCTAACGTGTACGCC	unresolved
TTCTAACTCACCCTTG	unresolved
TTCTAACTCCGAGTGC	unresolved
TTCTAACTCCTTACCG	oligodendrocyte_OPC
TTCTAACTCGCCTCTA	unresolved
TTCTAACTCTCTGACC	oligodendrocyte_OPC
TTCTAACTCTGCTTTA	unresolved
TTCTAGTAGCATCGAG	unresolved
TTCTAGTCAGTAACGG	ambiguous_or_doublet
TTCTAGTCATCATCCC	unresolved
TTCTAGTGTACGTACT	neuronal
TTCTAGTGTCCATCTC	oligodendrocyte_OPC
TTCTAGTGTGACACAG	ambiguous_or_doublet
TTCTAGTGTGTGAGCA	neuronal
TTCTAGTGTTAGAAAC	neuronal
TTCTAGTGTTGCTTGA	astrocyte
TTCTAGTGTTGTGGAG	unresolved
TTCTAGTTCCATAGAC	unresolved
TTCTAGTTCTCTAGGA	neuronal
TTCTAGTTCTGCTCTG	unresolved
TTCTAGTTCTGTGCTC	unresolved
TTCTCTCAGGCCCACT	neuronal
TTCTCTCAGGTCCCGT	neuronal
TTCTCTCCAAGCCTGC	neuronal
TTCTCTCCACAATGAA	unresolved
TTCTCTCCAGCACAGA	neuronal
TTCTCTCCAGCTCATA	unresolved
TTCTCTCCATACCGTA	microglia_immune
TTCTCTCGTAGTTCCA	unresolved
TTCTCTCGTATACCTG	astrocyte
TTCTCTCGTATTGCCA	oligodendrocyte_OPC
TTCTCTCGTCGCACAC	oligodendrocyte_OPC
TTCTCTCGTCGGTGAA	unresolved
TTCTCTCGTGTAAACA	unresolved
TTCTCTCGTGTGCCTG	unresolved
TTCTCTCGTGTTCATG	unresolved
TTCTCTCGTTGGCCTG	unresolved
TTCTCTCTCAGGAAAT	astrocyte
TTCTCTCTCATCGCTC	oligodendrocyte_OPC
TTCTCTCTCCCGTTGT	oligodendrocyte_OPC
TTCTGTAAGAAGTCTA	unresolved
TTCTGTAAGAGGATGA	oligodendrocyte_OPC
TTCTGTAAGCTGTACT	unresolved
TTCTGTACAACCGTAT	unresolved
TTCTGTACAGATTCGT	neuronal
TTCTGTACATCCGTTC	neuronal
TTCTGTACATCCTGTC	neuronal
TTCTGTACATGAAGGC	astrocyte
TTCTGTAGTCAGGCAA	unresolved
TTCTGTAGTCCTGTTC	unresolved
TTCTGTAGTGCCTTCT	neuronal
TTCTGTATCATCGACA	unresolved
TTCTGTATCCTGGGTG	unresolved
TTCTGTATCGGAACTT	unresolved
TTCTGTATCTCCTGCA	oligodendrocyte_OPC
TTCTTCCAGAACTTCC	astrocyte
TTCTTCCAGGATATAC	neuronal
TTCTTCCAGTACCCTA	unresolved
TTCTTCCAGTGCTCGC	oligodendrocyte_OPC
TTCTTCCCAACATACC	unresolved
TTCTTCCCACAGTGTT	oligodendrocyte_OPC
TTCTTCCCAGGAATCG	neuronal
TTCTTCCGTACTCCCT	oligodendrocyte_OPC
TTCTTCCGTAGGTTTC	oligodendrocyte_OPC
TTCTTCCGTATAGGGC	astrocyte
TTCTTCCGTATCATGC	oligodendrocyte_OPC
TTCTTCCGTCGCAGTC	astrocyte
TTCTTCCGTCGTCGGT	astrocyte
TTCTTCCGTGAACTAA	neuronal
TTCTTCCGTTCGAGCC	oligodendrocyte_OPC
TTCTTCCTCGGTCACG	astrocyte
TTCTTCCTCTCTGCCA	microglia_immune
TTCTTCCTCTGGGCCA	neuronal
TTCTTGAAGCTGGAGT	oligodendrocyte_OPC
TTCTTGAAGGTTTACC	unresolved
TTCTTGAAGTGACACG	oligodendrocyte_OPC
TTCTTGAGTAGCGATG	unresolved
TTCTTGAGTAGCTAAA	neuronal
TTCTTGAGTGACGTCC	astrocyte
TTCTTGAGTGCGTCGT	unresolved
TTCTTGAGTGGCATCC	astrocyte
TTCTTGATCAAGTCGT	unresolved
TTCTTGATCCCAGTGG	unresolved
TTCTTGATCCCTTTGG	oligodendrocyte_OPC
TTCTTGATCCGGTTCT	unresolved
TTCTTGATCTATCGTT	neuronal
TTGAACGAGCTAGAAT	unresolved
TTGAACGCATCAGCAT	unresolved
TTGAACGGTACGGGAT	oligodendrocyte_OPC
TTGAACGGTATCGAAA	unresolved
TTGAACGGTCACGACC	unresolved
TTGAACGGTCGGATTT	unresolved
TTGAACGGTTCGGCGT	unresolved
TTGAACGGTTGCAACT	oligodendrocyte_OPC
TTGAACGTCCAGTTCC	oligodendrocyte_OPC
TTGAACGTCCGTGTAA	unresolved
TTGAACGTCCTATTGT	astrocyte
TTGACCCAGAGCGACT	neuronal
TTGACCCAGGTTAGTA	astrocyte
TTGACCCCACATCCCT	vascular
TTGACCCCACTTGAAC	unresolved
TTGACCCGTACACTCA	neuronal
TTGACCCGTACATACC	unresolved
TTGACCCGTACCATAC	unresolved
TTGACCCGTATGAAGT	unresolved
TTGACCCGTCCCGTGA	oligodendrocyte_OPC
TTGACCCGTTCAATCG	astrocyte
TTGACCCTCATACAGC	microglia_immune
TTGACCCTCCGTGACG	neuronal
TTGACCCTCGCTGATA	astrocyte
TTGACCCTCGTCTACC	oligodendrocyte_OPC
TTGACCCTCTTTGATC	unresolved
TTGAGTGAGAAGCGCT	neuronal
TTGAGTGAGCCGTAAG	unresolved
TTGAGTGAGCTATCTG	unresolved
TTGAGTGAGTAAACGT	unresolved
TTGAGTGAGTTGGGAC	vascular
TTGAGTGCAATGACCT	neuronal
TTGAGTGCATCTATCT	neuronal
TTGAGTGGTACGGCAA	microglia_immune
TTGAGTGGTATGGAAT	oligodendrocyte_OPC
TTGAGTGTCACGTCCT	unresolved
TTGAGTGTCAGGGTAG	astrocyte
TTGAGTGTCCTGTAGA	oligodendrocyte_OPC
TTGATGGAGCACGTCC	astrocyte
TTGATGGAGTCAGCCC	oligodendrocyte_OPC
TTGATGGAGTTACGTC	astrocyte
TTGATGGCATCTGCGG	astrocyte
TTGATGGCATGACAAA	unresolved
TTGATGGGTGTAGGAC	neuronal
TTGATGGGTTACCTGA	unresolved
TTGATGGTCAAGTCTG	ambiguous_or_doublet
TTGATGGTCCCATAAG	astrocyte
TTGATGGTCCGGTAAT	oligodendrocyte_OPC
TTGATGGTCGCCTATC	unresolved
TTGATGGTCTAGACAC	unresolved
TTGCATTAGACACACG	neuronal
TTGCATTAGGGAGATA	microglia_immune
TTGCATTAGTATCCTG	astrocyte
TTGCATTCAAACACCT	unresolved
TTGCATTCAGACTCTA	astrocyte
TTGCATTCAGACTGCC	neuronal
TTGCATTCAGGATGAC	neuronal
TTGCATTGTAACATAG	microglia_immune
TTGCATTGTCTACTGA	ambiguous_or_doublet
TTGCATTTCACTGTCC	unresolved
TTGCCTGAGGGAGGAC	unresolved
TTGCCTGCACTAAACC	neuronal
TTGCCTGGTGATTGGG	unresolved
TTGCCTGTCATTTCCA	oligodendrocyte_OPC
TTGCCTGTCCAGCTCT	oligodendrocyte_OPC
TTGCCTGTCCTCTCGA	microglia_immune
TTGCGTCAGATGTTAG	oligodendrocyte_OPC
TTGCGTCCAAATGGAT	neuronal
TTGCGTCCAACTCCAA	neuronal
TTGCGTCCACAAGTGG	astrocyte
TTGCGTCCAGCAGACA	unresolved
TTGCGTCTCAGCTGTA	unresolved
TTGCGTCTCCATAGGT	astrocyte
TTGCGTCTCCCGTTGT	unresolved
TTGCTGCAGTGAGTGC	vascular
TTGCTGCCAAACGTGG	oligodendrocyte_OPC
TTGCTGCCACAATGCT	neuronal
TTGCTGCCAGACACAG	microglia_immune
TTGCTGCCAGCTACTA	unresolved
TTGCTGCCAGCTGCCA	neuronal
TTGCTGCCATCTTTCA	astrocyte
TTGCTGCCATTCGATG	astrocyte
TTGCTGCGTATAATGG	neuronal
TTGCTGCGTCAAGCGA	oligodendrocyte_OPC
TTGCTGCGTCATCGGC	neuronal
TTGCTGCGTCGTTGCG	neuronal
TTGCTGCGTGATGAAT	unresolved
TTGCTGCGTGCGGCTT	neuronal
TTGCTGCGTTGTCTAG	ambiguous_or_doublet
TTGCTGCTCCACAAGT	neuronal
TTGCTGCTCGAAGGAC	unresolved
TTGCTGCTCGTGACTA	neuronal
TTGCTGCTCTCATAGG	unresolved
TTGGATGAGAAGCTGC	astrocyte
TTGGATGAGCAGATAT	neuronal
TTGGATGAGCTAAATG	neuronal
TTGGATGCAGAGGCAT	unresolved
TTGGATGCATTGCCGG	microglia_immune
TTGGATGGTACTCGCG	oligodendrocyte_OPC
TTGGATGGTTCAATCG	unresolved
TTGGATGGTTTACCTT	unresolved
TTGGATGTCCTGCTAC	unresolved
TTGGATGTCGAAGCAG	unresolved
TTGGATGTCTAGTGAC	oligodendrocyte_OPC
TTGGATGTCTTGGGCG	oligodendrocyte_OPC
TTGGATGTCTTGTGCC	oligodendrocyte_OPC
TTGGGATAGAAGTCTA	unresolved
TTGGGATAGATCCAAA	oligodendrocyte_OPC
TTGGGATAGGCCGCTT	unresolved
TTGGGATAGTGAACAT	unresolved
TTGGGATAGTTTCGAC	oligodendrocyte_OPC
TTGGGATCAACCTATG	astrocyte
TTGGGATCAGCGACCT	unresolved
TTGGGATCATTCCTCG	astrocyte
TTGGGATGTCCAGAAG	astrocyte
TTGGGATGTTATCCAG	microglia_immune
TTGGGATGTTTACTTC	neuronal
TTGGGATTCAATCGGT	oligodendrocyte_OPC
TTGGGATTCCACAGCG	neuronal
TTGGGATTCCATCAGA	neuronal
TTGGGATTCCCAAGCG	oligodendrocyte_OPC
TTGGGATTCGCGCCAA	oligodendrocyte_OPC
TTGGGCGAGCTGGAGT	neuronal
TTGGGCGCAAACAGGC	unresolved
TTGGGCGCACGCTGAC	microglia_immune
TTGGGCGCAGGTGTTT	astrocyte
TTGGGCGGTGATACTC	unresolved
TTGGGCGGTTTAGAGA	unresolved
TTGGGCGTCAAACCCA	vascular
TTGGGCGTCCGTGTAA	neuronal
TTGGGCGTCGACCATA	oligodendrocyte_OPC
TTGGGCGTCTTCGTGC	oligodendrocyte_OPC
TTGGGTAAGCGCGTTC	unresolved
TTGGGTAAGCTGCCAC	neuronal
TTGGGTACAAGGAGTC	unresolved
TTGGGTACAAGGTCGA	oligodendrocyte_OPC
TTGGGTACAATGAACA	astrocyte
TTGGGTACAGCGACAA	neuronal
TTGGGTACAGGGAATC	unresolved
TTGGGTAGTACTAAGA	oligodendrocyte_OPC
TTGGTTTAGAGTCCGA	ambiguous_or_doublet
TTGGTTTAGATGATTG	oligodendrocyte_OPC
TTGGTTTAGGGTTGCA	oligodendrocyte_OPC
TTGGTTTAGGTTGTTC	astrocyte
TTGGTTTAGTTCATGC	unresolved
TTGGTTTCAAACAGGC	unresolved
TTGGTTTCAACAGAGC	oligodendrocyte_OPC
TTGGTTTCAATAGGAT	unresolved
TTGGTTTCACTCCGAG	unresolved
TTGGTTTCAGAGGTAC	unresolved
TTGGTTTGTGTAGGAC	unresolved
TTGGTTTTCACTCACC	unresolved
TTGGTTTTCCGCTAGG	oligodendrocyte_OPC
TTGGTTTTCCGGACGT	astrocyte
TTGTGGAAGAATAACC	unresolved
TTGTGGAAGAGTCACG	neuronal
TTGTGGAAGGAACTCG	neuronal
TTGTGGAAGGGATGTC	unresolved
TTGTGGAAGTCGAAAT	oligodendrocyte_OPC
TTGTGGACACGAGAAC	astrocyte
TTGTGGACATGGGATG	astrocyte
TTGTGGAGTTAAGGGC	oligodendrocyte_OPC
TTGTGGAGTTCTATCT	neuronal
TTGTGGAGTTTAAGGA	unresolved
TTGTGGAGTTTGGAAA	astrocyte
TTGTGGATCGAGTGGA	oligodendrocyte_OPC
TTGTGGATCGGATACT	neuronal
TTGTGGATCGGCTGGT	microglia_immune
TTGTGTTAGATCCCGC	unresolved
TTGTGTTAGCGCCTCA	unresolved
TTGTGTTAGGACCCAA	oligodendrocyte_OPC
TTGTGTTAGTAATTGG	neuronal
TTGTGTTAGTTCAACC	unresolved
TTGTGTTCAACACGTT	astrocyte
TTGTGTTCACGTACTA	unresolved
TTGTGTTCAGACCAGA	unresolved
TTGTGTTCAGTTAGAA	unresolved
TTGTGTTCATAGATGA	astrocyte
TTGTGTTCATTGACAC	astrocyte
TTGTGTTGTATACAGA	unresolved
TTGTGTTGTCAATCTG	unresolved
TTGTGTTGTCCGCAGT	unresolved
TTGTGTTGTGATACAA	unresolved
TTGTGTTGTTTCACTT	neuronal
TTGTGTTTCAGGAACG	astrocyte
TTGTGTTTCATTTACC	unresolved
TTGTGTTTCGGAGTGA	neuronal
TTGTGTTTCTCCTGTG	unresolved
TTGTGTTTCTTACGGA	neuronal
TTGTTCAAGGACAAGA	neuronal
TTGTTCAAGGTACAGC	oligodendrocyte_OPC
TTGTTCAAGGTATCTC	oligodendrocyte_OPC
TTGTTCACACTACACA	unresolved
TTGTTCACACTGGACC	astrocyte
TTGTTCACATGACGGA	unresolved
TTGTTCAGTAAGTCAA	unresolved
TTGTTCAGTCGAATGG	unresolved
TTGTTCAGTGACACGA	astrocyte
TTGTTCAGTGTCCAAT	unresolved
TTGTTCATCACGGACC	neuronal
TTGTTCATCAGAGTGG	unresolved
TTGTTCATCCGCTGTT	unresolved
TTGTTCATCGCCTTTG	neuronal
TTGTTCATCGTGGTAT	oligodendrocyte_OPC
TTGTTGTAGACGATAT	unresolved
TTGTTGTAGACTTGTC	neuronal
TTGTTGTAGATTAGTG	oligodendrocyte_OPC
TTGTTGTCAAACTAGA	oligodendrocyte_OPC
TTGTTGTCAATCGTCA	oligodendrocyte_OPC
TTGTTGTCACAATTCG	oligodendrocyte_OPC
TTGTTGTCACCAGTAT	unresolved
TTGTTGTCACGTTCGG	oligodendrocyte_OPC
TTGTTGTCAGAGGTAC	oligodendrocyte_OPC
TTGTTGTCAGTGTATC	unresolved
TTGTTGTGTAACCCTA	unresolved
TTGTTGTGTACTTGTG	neuronal
TTGTTGTGTATGTGTC	neuronal
TTGTTGTTCTGACCCT	neuronal
TTGTTTGAGACTTCGT	unresolved
TTGTTTGAGCGACTGA	unresolved
TTGTTTGAGGAACGTC	unresolved
TTGTTTGAGGTACAGC	unresolved
TTGTTTGAGGTCCGAA	oligodendrocyte_OPC
TTGTTTGAGTCGGCAA	microglia_immune
TTGTTTGCACAGTATC	unresolved
TTGTTTGGTACGATTC	microglia_immune
TTGTTTGGTACTCCCT	microglia_immune
TTGTTTGGTAGTAAGT	oligodendrocyte_OPC
TTGTTTGGTGCCGTAC	oligodendrocyte_OPC
TTGTTTGGTGCGGTAA	neuronal
TTGTTTGGTGGTTTAC	oligodendrocyte_OPC
TTGTTTGGTGTGCCTG	neuronal
TTGTTTGGTTGCCATA	unresolved
TTGTTTGGTTGTCATG	neuronal
TTGTTTGGTTTATGCG	oligodendrocyte_OPC
TTGTTTGTCAAGCCGC	oligodendrocyte_OPC
TTGTTTGTCGTAGCCG	unresolved
TTTACCAAGATCGCTT	oligodendrocyte_OPC
TTTACCAAGATGCAGC	neuronal
TTTACCAAGATGCCGA	neuronal
TTTACCAAGGATTTGA	unresolved
TTTACCAAGGCTCACC	astrocyte
TTTACCAAGGGCAAGG	unresolved
TTTACCAAGTAAAGCT	unresolved
TTTACCAAGTTCCGTA	unresolved
TTTACCACACATTACG	unresolved
TTTACCAGTATAGCTC	astrocyte
TTTACCAGTATCGTAC	neuronal
TTTACCAGTATTTCCT	unresolved
TTTACCAGTCCACTCT	unresolved
TTTACCAGTCTCACGG	neuronal
TTTACCAGTGGATTTC	unresolved
TTTACCAGTTCCCAAA	oligodendrocyte_OPC
TTTACCAGTTTGATCG	unresolved
TTTACCATCATCCTGC	unresolved
TTTACCATCCACGGGT	microglia_immune
TTTACCATCGGTCATA	oligodendrocyte_OPC
TTTACGTAGCACGTCC	neuronal
TTTACGTCAAGCACCC	oligodendrocyte_OPC
TTTACGTCACTTCAGA	astrocyte
TTTACGTCATGACGTT	astrocyte
TTTACGTGTCCCACGA	oligodendrocyte_OPC
TTTACGTGTTGGGTTT	neuronal
TTTACTGAGAGCCGTA	oligodendrocyte_OPC
TTTACTGAGATAGTGT	oligodendrocyte_OPC
TTTACTGAGCTGCCTG	oligodendrocyte_OPC
TTTACTGAGGATTACA	unresolved
TTTACTGCAACATCGT	microglia_immune
TTTACTGCACTTGAAC	astrocyte
TTTACTGCATGTGCTA	unresolved
TTTACTGGTATGTCAC	neuronal
TTTACTGGTCCGTACG	vascular
TTTACTGGTCGACTGC	neuronal
TTTACTGGTTACCCTC	oligodendrocyte_OPC
TTTACTGGTTATCCAG	neuronal
TTTACTGGTTTCCATT	unresolved
TTTACTGTCGCCAGAC	neuronal
TTTACTGTCTGGACTA	vascular
TTTAGTCAGAGTTGAT	oligodendrocyte_OPC
TTTAGTCAGATGGTCG	microglia_immune
TTTAGTCAGGGCTGAT	unresolved
TTTAGTCAGGGTACAC	oligodendrocyte_OPC
TTTAGTCCACTAGTAC	unresolved
TTTAGTCGTACTCGTA	astrocyte
TTTAGTCGTTCGTGCG	neuronal
TTTAGTCTCCGAGCTG	neuronal
TTTAGTCTCTAACGCA	oligodendrocyte_OPC
TTTAGTCTCTCTTCAA	unresolved
TTTATGCAGGTTGCCC	unresolved
TTTATGCAGTACCCTA	oligodendrocyte_OPC
TTTATGCAGTAGGGTC	neuronal
TTTATGCAGTCTGCGC	unresolved
TTTATGCCAAATAGCA	neuronal
TTTATGCCACTTACAG	unresolved
TTTATGCCATCGATCA	astrocyte
TTTATGCCATGAGGGT	oligodendrocyte_OPC
TTTATGCGTCAGGTAG	unresolved
TTTATGCGTCCTCATC	unresolved
TTTATGCGTGGCACTC	unresolved
TTTATGCGTGGTGATG	oligodendrocyte_OPC
TTTATGCGTTCTCGCT	oligodendrocyte_OPC
TTTATGCGTTTGCCGG	unresolved
TTTATGCTCAAAGACA	neuronal
TTTATGCTCACCTACC	unresolved
TTTATGCTCGACGTCG	astrocyte
TTTATGCTCGCTGATA	astrocyte
TTTATGCTCGTTCGCT	microglia_immune
TTTCACAAGCAGGCTA	unresolved
TTTCACAAGCGTATGG	astrocyte
TTTCACAAGGCTTTCA	microglia_immune
TTTCACAAGGGCCAAT	neuronal
TTTCACAAGTAAATGC	unresolved
TTTCACACAAATGAAC	neuronal
TTTCACACACTCGATA	astrocyte
TTTCACAGTAACCCTA	oligodendrocyte_OPC
TTTCACAGTACTGACT	neuronal
TTTCACATCACAGAGG	ambiguous_or_doublet
TTTCACATCACCGCTT	vascular
TTTCACATCACTCACC	astrocyte
TTTCACATCGCTTGAA	astrocyte
TTTCAGTAGGTAGACC	oligodendrocyte_OPC
TTTCAGTCAATAGTCC	neuronal
TTTCAGTCACATATGC	oligodendrocyte_OPC
TTTCAGTCAGCGTGAA	unresolved
TTTCAGTGTACTCCCT	neuronal
TTTCAGTGTGTGACCC	neuronal
TTTCAGTGTTCCAGGC	astrocyte
TTTCAGTGTTTGCCGG	oligodendrocyte_OPC
TTTCAGTTCATGGGAG	microglia_immune
TTTCAGTTCCCGGTAG	oligodendrocyte_OPC
TTTCAGTTCCCTATTA	astrocyte
TTTCAGTTCCTCGATC	oligodendrocyte_OPC
TTTCAGTTCTCCTACG	unresolved
TTTCATGAGACCTCCG	astrocyte
TTTCATGAGTACAACA	unresolved
TTTCATGCAATCAGCT	neuronal
TTTCATGCACACACTA	oligodendrocyte_OPC
TTTCATGCACAGTGAG	oligodendrocyte_OPC
TTTCATGCAGGAGGTT	unresolved
TTTCATGGTAGCGTCC	astrocyte
TTTCATGGTCAAAGTA	astrocyte
TTTCATGGTGGGACAT	neuronal
TTTCATGGTTAGGGAC	unresolved
TTTCATGTCTCGAGTA	unresolved
TTTCCTCAGAGAGCAA	neuronal
TTTCCTCAGAGCTGAC	neuronal
TTTCCTCAGGCTTTCA	oligodendrocyte_OPC
TTTCCTCAGTACTGTC	neuronal
TTTCCTCCAAGCCCAC	astrocyte
TTTCCTCCATGTTTGG	oligodendrocyte_OPC
TTTCCTCGTGCCCAGT	neuronal
TTTCCTCTCAGACTGT	unresolved
TTTCCTCTCCATACTT	neuronal
TTTCCTCTCCTAGAGT	astrocyte
TTTCCTCTCGGCCCAA	unresolved
TTTCCTCTCTCTGCCA	unresolved
TTTCGATAGCATCCCG	astrocyte
TTTCGATAGCTTCGTA	oligodendrocyte_OPC
TTTCGATAGTTTGTCG	unresolved
TTTCGATCAGGTTTAC	unresolved
TTTCGATCAGTCAGAG	oligodendrocyte_OPC
TTTCGATCATAGAAAC	astrocyte
TTTCGATCATATCGGT	unresolved
TTTCGATCATTCAGGT	oligodendrocyte_OPC
TTTCGATGTACTAAGA	unresolved
TTTCGATGTACTCGCG	unresolved
TTTCGATGTAGACAAT	oligodendrocyte_OPC
TTTCGATGTAGACGGT	oligodendrocyte_OPC
TTTCGATGTCATGACT	unresolved
TTTCGATGTGATTCTG	oligodendrocyte_OPC
TTTCGATGTGCAAGAC	astrocyte
TTTCGATTCCGCTGTT	astrocyte
TTTCGATTCCTAGCGG	neuronal
TTTCGATTCGATTTCT	oligodendrocyte_OPC
TTTCGATTCTGACCCT	neuronal
TTTGACTAGATGCGAC	neuronal
TTTGACTAGGCAGCTA	neuronal
TTTGACTAGGTGGCTA	unresolved
TTTGACTCAGGATGAC	oligodendrocyte_OPC
TTTGACTCATGCCATA	neuronal
TTTGACTGTACTGCCG	astrocyte
TTTGACTGTAGTGATA	unresolved
TTTGACTGTGGACCTC	astrocyte
TTTGACTGTTGCAACT	oligodendrocyte_OPC
TTTGACTTCAATCCGA	oligodendrocyte_OPC
TTTGACTTCCAAATGC	neuronal
TTTGACTTCGTGCTCT	unresolved
TTTGATCAGACGCCCT	vascular
TTTGATCAGGGCAGGA	oligodendrocyte_OPC
TTTGATCAGGTCCAGA	neuronal
TTTGATCCAAATGAGT	astrocyte
TTTGATCCAACCGATT	oligodendrocyte_OPC
TTTGATCCAAGGACAC	unresolved
TTTGATCCACACCTGG	unresolved
TTTGATCCACAGACGA	oligodendrocyte_OPC
TTTGATCCAGGGACTA	unresolved
TTTGATCCATGTGGCC	unresolved
TTTGATCGTATCGTGT	astrocyte
TTTGATCGTATTTCCT	neuronal
TTTGATCGTCACTGAT	oligodendrocyte_OPC
TTTGATCGTGGCGTAA	neuronal
TTTGATCGTGTCTAAC	microglia_immune
TTTGATCTCCAAGCTA	unresolved
TTTGATCTCGCCTTTG	oligodendrocyte_OPC
TTTGATCTCTTTCTAG	oligodendrocyte_OPC
TTTGGAGAGTATTAGG	neuronal
TTTGGAGAGTCTCCTC	unresolved
TTTGGAGCAAATGAAC	neuronal
TTTGGAGCATCCAACA	astrocyte
TTTGGAGCATTAAGCC	unresolved
TTTGGAGGTCCGTACG	unresolved
TTTGGAGGTCGCCTAG	neuronal
TTTGGAGGTCTCTCAC	unresolved
TTTGGAGGTTCGGACC	oligodendrocyte_OPC
TTTGGAGGTTGCAACT	unresolved
TTTGGAGGTTTGCAGT	unresolved
TTTGGAGTCACCCATC	unresolved
TTTGGAGTCCCGTGTT	unresolved
TTTGGAGTCGATGGAG	oligodendrocyte_OPC
TTTGGAGTCTAGACCA	unresolved
TTTGGTTAGACACACG	oligodendrocyte_OPC
TTTGGTTAGTCAAGCG	microglia_immune
TTTGGTTAGTTGTAGA	unresolved
TTTGGTTCAAGACGGT	microglia_immune
TTTGGTTCATGCCATA	unresolved
TTTGGTTGTAGATTAG	astrocyte
TTTGGTTGTCTAGATC	neuronal
TTTGGTTGTGATTAGA	vascular
TTTGGTTGTGTATCCA	unresolved
TTTGGTTGTGTTATCG	astrocyte
TTTGGTTTCTACACAG	unresolved
TTTGGTTTCTACAGGT	neuronal
TTTGTTGAGACCGTTT	unresolved
TTTGTTGAGCACCGTC	neuronal
TTTGTTGAGGTGATAT	neuronal
TTTGTTGAGTGGCCTC	neuronal
TTTGTTGCAGCAAGAC	oligodendrocyte_OPC
TTTGTTGCATATCTGG	astrocyte
TTTGTTGCATGACTCA	oligodendrocyte_OPC
TTTGTTGGTCCACATA	astrocyte
TTTGTTGGTGAAGCTG	astrocyte
TTTGTTGGTTGGTACT	unresolved
TTTGTTGTCAGAGTGG	unresolved
