AAACCCAAGGTTGAGC	oligodendrocyte_OPC
AAACCCACACAGCTGC	neuronal
AAACCCATCACCGCTT	unresolved
AAACCCATCCCTTCCC	vascular
AAACGAAAGGATTCCT	unresolved
AAACGAAGTATCGTAC	unresolved
AAACGAATCTCACCCA	oligodendrocyte_OPC
AAACGCTAGAGCATTA	microglia_immune
AAACGCTCAAGACTGG	neuronal
AAACGCTGTCATCGCG	unresolved
AAACGCTGTCGATTTG	neuronal
AAACGCTGTGAGTAAT	astrocyte
AAAGAACCATGTCGTA	unresolved
AAAGAACGTAGGATAT	oligodendrocyte_OPC
AAAGAACGTATGTCCA	microglia_immune
AAAGAACTCAAGTTGC	unresolved
AAAGAACTCTTCGATT	neuronal
AAAGGATAGGTGGTTG	unresolved
AAAGGATGTGAGAACC	unresolved
AAAGGATGTGGACTGA	neuronal
AAAGGATGTTCGTACA	neuronal
AAAGGATTCATTGTTC	neuronal
AAAGGATTCGACATCA	oligodendrocyte_OPC
AAAGGATTCTAGAACC	neuronal
AAAGGGCAGTTCTCTT	unresolved
AAAGGGCCAGGTTTAC	ambiguous_or_doublet
AAAGGGCGTATCATGC	astrocyte
AAAGGGCGTCGAAGCA	unresolved
AAAGGGCTCCTGTAAG	oligodendrocyte_OPC
AAAGGTACAGCTGTAT	microglia_immune
AAAGGTAGTCTTCGAA	unresolved
AAAGGTAGTGAATATG	oligodendrocyte_OPC
AAAGGTATCAATCTCT	neuronal
AAAGGTATCTGCGGGT	astrocyte
AAAGTCCAGCTATCCA	ambiguous_or_doublet
AAAGTCCAGCTGACCC	oligodendrocyte_OPC
AAAGTCCCAAGCGATG	unresolved
AAAGTCCCACTGTGAT	unresolved
AAAGTCCCATCGATCA	neuronal
AAAGTCCGTAACTGCT	oligodendrocyte_OPC
AAAGTCCGTGCGCTCA	neuronal
AAAGTCCTCAAACCTG	oligodendrocyte_OPC
AAAGTGAAGTTGCGAG	oligodendrocyte_OPC
AAAGTGAGTCCAACGC	unresolved
AAAGTGATCCTGTAGA	unresolved
AAATGGAAGCTGTGCC	astrocyte
AAATGGAGTAGATCCT	neuronal
AAATGGAGTGCTCCGA	neuronal
AACAAAGCAGCACACC	unresolved
AACAAAGCATAGTCGT	oligodendrocyte_OPC
AACAAAGCATTGGATC	unresolved
AACAAAGTCATATGGC	microglia_immune
AACAACCAGTATGATG	neuronal
AACAACCCAACCTATG	unresolved
AACAACCGTTGAGTCT	oligodendrocyte_OPC
AACAACCTCCACTGGG	neuronal
AACAACCTCGCACGGT	vascular
AACAACCTCGCGTGAC	unresolved
AACAAGACACCGTGAC	astrocyte
AACAAGACAGCAGACA	unresolved
AACAAGAGTATGATCC	neuronal
AACAAGATCTCTTGCG	unresolved
AACACACCACTGCGAC	astrocyte
AACACACCACTTGGCG	oligodendrocyte_OPC
AACACACGTCGCAGTC	oligodendrocyte_OPC
AACACACTCTCCCAAC	oligodendrocyte_OPC
AACAGGGGTACCTAAC	astrocyte
AACAGGGTCAGCCTCT	unresolved
AACAGGGTCGGCCTTT	oligodendrocyte_OPC
AACCAACCACACCTGG	unresolved
AACCAACGTACGAGTG	microglia_immune
AACCAACTCAGGAGAC	unresolved
AACCAACTCGTTAGAC	unresolved
AACCACAAGAACGTGC	microglia_immune
AACCACAAGCACCAGA	oligodendrocyte_OPC
AACCACACACGCGGTT	vascular
AACCACACACTGCGAC	astrocyte
AACCACACAGCAGTAG	oligodendrocyte_OPC
AACCACACATACCAGT	astrocyte
AACCACACATCCTGTC	ambiguous_or_doublet
AACCACATCGGTCTGG	microglia_immune
AACCATGAGCGACTGA	neuronal
AACCATGAGTTCTACG	oligodendrocyte_OPC
AACCATGCAACTTGGT	astrocyte
AACCATGCACTCAGAT	neuronal
AACCATGGTCGTCGGT	neuronal
AACCATGGTGGACCAA	unresolved
AACCCAATCCCGTAAA	unresolved
AACCTGACAAGCGAGT	unresolved
AACCTGACACATAGCT	microglia_immune
AACCTGACAGCCTATA	unresolved
AACCTGACATGGCCAC	astrocyte
AACCTGAGTACTAGCT	oligodendrocyte_OPC
AACCTGAGTATCCTCC	microglia_immune
AACCTTTAGAAGCCTG	neuronal
AACCTTTAGCGCCTAC	microglia_immune
AACCTTTAGCTAATGA	neuronal
AACCTTTAGGGTCACA	unresolved
AACCTTTAGTATAACG	microglia_immune
AACCTTTCATAGCACT	ambiguous_or_doublet
AACCTTTGTCCCGCAA	oligodendrocyte_OPC
AACCTTTGTCGACTTA	unresolved
AACCTTTTCCCATAAG	unresolved
AACCTTTTCCTCTGCA	oligodendrocyte_OPC
AACGAAAAGAAGCCTG	neuronal
AACGAAAGTCAACGCC	ambiguous_or_doublet
AACGAAATCCATCAGA	unresolved
AACGAAATCTACTTCA	vascular
AACGGGAAGGAATCGC	unresolved
AACGGGACACGCGTCA	astrocyte
AACGGGACAGCTAACT	neuronal
AACGGGAGTATTTCCT	unresolved
AACGGGAGTGGACAGT	microglia_immune
AACGTCACACCTGTCT	unresolved
AACGTCACATGAATCC	unresolved
AACGTCAGTACGACTT	astrocyte
AACGTCATCATTGTTC	unresolved
AACGTCATCCTACACC	microglia_immune
AACTTCTAGGTCCGAA	neuronal
AACTTCTCACGGATCC	unresolved
AACTTCTGTGCTGTCG	unresolved
AAGAACACAGAACCGA	unresolved
AAGAACATCCAACCAA	unresolved
AAGACAAAGCATGGGT	neuronal
AAGACAACAAATCGTC	astrocyte
AAGACAAGTAAGACCG	neuronal
AAGACAAGTCCACTTC	neuronal
AAGACAAGTGTTCGTA	astrocyte
AAGACAAGTTCTCCTG	unresolved
AAGACAATCATTTCCA	astrocyte
AAGACTCAGGGAGGTG	unresolved
AAGACTCCACGACTAT	neuronal
AAGACTCGTCCAGTTA	oligodendrocyte_OPC
AAGACTCGTCGAGTTT	oligodendrocyte_OPC
AAGATAGAGCTCCGAC	oligodendrocyte_OPC
AAGATAGCAGGCAATG	neuronal
AAGATAGGTCAGCTTA	oligodendrocyte_OPC
AAGATAGTCGCTCTCA	unresolved
AAGCATCGTTGGCCGT	ambiguous_or_doublet
AAGCATCTCGCGATCG	neuronal
AAGCATCTCTGATTCT	oligodendrocyte_OPC
AAGCCATAGCCTGGAA	astrocyte
AAGCCATAGTAACCGG	unresolved
AAGCCATCAAGGCGTA	oligodendrocyte_OPC
AAGCCATCAGAGTGAC	oligodendrocyte_OPC
AAGCCATGTCCGATCG	unresolved
AAGCCATTCAGTAGGG	oligodendrocyte_OPC
AAGCCATTCAGTGTTG	oligodendrocyte_OPC
AAGCCATTCTCGGTAA	astrocyte
AAGCCATTCTCTTCAA	unresolved
AAGCGAGAGCGAGGAG	oligodendrocyte_OPC
AAGCGAGAGTGGTCAG	neuronal
AAGCGAGCATGTTTGG	neuronal
AAGCGAGGTAATGTGA	unresolved
AAGCGAGTCCACGGAC	unresolved
AAGCGTTCAATCGCGC	oligodendrocyte_OPC
AAGCGTTCACGAAGAC	unresolved
AAGCGTTCATGGATCT	unresolved
AAGCGTTGTAGTGTGG	neuronal
AAGGAATAGGGTTGCA	unresolved
AAGGAATCACAGGATG	unresolved
AAGGAATCACCGAATT	microglia_immune
AAGGAATGTAAGTCAA	unresolved
AAGGAATGTCCACATA	astrocyte
AAGGTAAGTAACAGTA	neuronal
AAGGTAATCTCGTTTA	unresolved
AAGTACCAGGAGAATG	astrocyte
AAGTACCCAATTTCGG	unresolved
AAGTACCCAGTCGTTA	unresolved
AAGTACCCATCGAACT	unresolved
AAGTACCCATTATGCG	astrocyte
AAGTACCGTGAGGAAA	oligodendrocyte_OPC
AAGTACCGTGCAGTGA	unresolved
AAGTACCTCACAGTGT	unresolved
AAGTCGTAGTAATCCC	microglia_immune
AAGTCGTCACGGCACT	neuronal
AAGTCGTCAGCATGCC	unresolved
AAGTCGTTCGCCGTGA	neuronal
AAGTGAAAGCGCTGAA	oligodendrocyte_OPC
AAGTGAAGTAGACACG	neuronal
AAGTGAATCTCGGTCT	unresolved
AAGTTCGGTCTGCAAT	astrocyte
AAGTTCGGTGAGATTA	unresolved
AAGTTCGTCGCTCCTA	astrocyte
AATAGAGAGACCCTTA	unresolved
AATCACGAGGTCACTT	neuronal
AATCACGCAGGTCCCA	oligodendrocyte_OPC
AATCACGCATCATGAC	unresolved
AATCACGGTCATATGC	neuronal
AATCACGGTGTCATGT	neuronal
AATCACGTCCATGATG	unresolved
AATCGACAGCGCTGAA	unresolved
AATCGACCAGAGGTAC	unresolved
AATCGACTCATAGGCT	astrocyte
AATCGACTCCGGTAGC	oligodendrocyte_OPC
AATCGTGAGAGAGAAC	oligodendrocyte_OPC
AATCGTGCATCCGAAT	unresolved
AATGAAGAGTGGATTA	unresolved
AATGAAGCACCATTCC	unresolved
AATGAAGGTTTGGGTT	neuronal
AATGAAGTCAAACTGC	oligodendrocyte_OPC
AATGAAGTCTCGGCTT	microglia_immune
AATGACCAGAAGCCAC	unresolved
AATGACCCACTTGAGT	unresolved
AATGACCCAGGTTCGC	astrocyte
AATGACCGTTATAGCC	microglia_immune
AATGCCAAGCGACTGA	unresolved
AATGCCACAAGGCGTA	microglia_immune
AATGCCACACCGGTCA	oligodendrocyte_OPC
AATGCCATCAGGAAAT	ambiguous_or_doublet
AATGCCATCAGGACGA	neuronal
AATGCCATCATTTGTC	ambiguous_or_doublet
AATGCCATCCACGGGT	unresolved
AATGGAAAGAACAGGA	unresolved
AATGGAACATGTGGCC	unresolved
AATGGAAGTATTGAGA	neuronal
AATGGAAGTCACCGAC	oligodendrocyte_OPC
AATGGAAGTTAATGAG	unresolved
AATGGAATCCCGAACG	unresolved
AATGGAATCGATAACC	neuronal
AATGGCTAGCCGATTT	unresolved
AATGGCTCACGTTGGC	oligodendrocyte_OPC
AATGGCTTCAGAGTTC	unresolved
AATGGCTTCCCATAGA	vascular
AATGGCTTCTTCGGTC	oligodendrocyte_OPC
AATTCCTAGACTTCAC	oligodendrocyte_OPC
AATTCCTAGTGATCGG	neuronal
AATTCCTCACCGCTAG	oligodendrocyte_OPC
AATTTCCCAAGCAGGT	ambiguous_or_doublet
AATTTCCGTAGAATAC	astrocyte
AATTTCCGTTATAGCC	neuronal
AATTTCCGTTCGGCGT	unresolved
AATTTCCTCAATCAGC	neuronal
ACAAAGAAGATGCTGG	unresolved
ACAAAGAGTGTGTGGA	neuronal
ACAAAGATCTGGGCGT	oligodendrocyte_OPC
ACAACCAAGCTCGCAC	unresolved
ACAACCAAGGGTTAAT	unresolved
ACAACCATCGCCGAGT	unresolved
ACAAGCTAGAGTCACG	microglia_immune
ACAAGCTAGGACTTCT	ambiguous_or_doublet
ACAAGCTAGGGTCACA	neuronal
ACAAGCTAGTAACCTC	neuronal
ACAAGCTCAAGAGTGC	unresolved
ACAAGCTTCCCTATTA	unresolved
ACAAGCTTCGGCACTG	unresolved
ACACAGTGTGGTCCCA	unresolved
ACACCAAAGCCTCTGG	astrocyte
ACACCAAGTCACTCGG	unresolved
ACACCAATCATGCCAA	oligodendrocyte_OPC
ACACGCGGTAACTTCG	unresolved
ACACGCGGTCTGCGCA	vascular
ACACGCGGTGACGCCT	microglia_immune
ACACGCGGTGGTCCCA	oligodendrocyte_OPC
ACACGCGTCAGAGCAG	unresolved
ACACTGAAGCTCACTA	astrocyte
ACACTGAAGGTCATTC	neuronal
ACACTGACACTATCCC	oligodendrocyte_OPC
ACACTGACAGGCCCTA	unresolved
ACACTGATCGAGAATA	unresolved
ACAGAAAAGCAGCGAT	ambiguous_or_doublet
ACAGAAACAGAGACTG	unresolved
ACAGAAACAGCACGAA	oligodendrocyte_OPC
ACAGAAAGTAAGATAC	unresolved
ACAGAAAGTTGCTGAT	microglia_immune
ACAGAAAGTTTATGCG	unresolved
ACAGAAATCGACCCAG	vascular
ACAGAAATCTCATGCC	oligodendrocyte_OPC
ACAGCCGAGGACAGCT	oligodendrocyte_OPC
ACAGCCGAGTCAGCCC	unresolved
ACAGCCGGTATCGATC	microglia_immune
ACAGCCGTCGGACAAG	neuronal
ACAGGGACAAACCACT	astrocyte
ACAGGGACATAGAATG	oligodendrocyte_OPC
ACAGGGAGTAATACCC	astrocyte
ACAGGGAGTCAAGCGA	neuronal
ACAGGGAGTGAAAGTT	neuronal
ACAGGGATCACAATGC	unresolved
ACAGGGATCCGAGGCT	unresolved
ACAGGGATCTGTCGCT	ambiguous_or_doublet
ACATCCCAGTGAACAT	oligodendrocyte_OPC
ACATCCCCATCTAACG	oligodendrocyte_OPC
ACATCCCGTTCAAGGG	unresolved
ACATCCCTCACGACTA	vascular
ACATCGAAGGCTTAAA	astrocyte
ACATCGAAGTCTGTAC	unresolved
ACATCGAAGTTGTACC	unresolved
ACATCGACAACTTCTT	unresolved
ACATCGACAGGCTTGC	neuronal
ACATGCACACATTACG	unresolved
ACATGCACAGGTCAGA	oligodendrocyte_OPC
ACATTTCCAACCGTGC	unresolved
ACATTTCCAGTCTACA	ambiguous_or_doublet
ACATTTCGTCAGACGA	unresolved
ACATTTCGTGGTCTCG	oligodendrocyte_OPC
ACATTTCTCCCGTTCA	oligodendrocyte_OPC
ACCAAACAGCACTCTA	neuronal
ACCAAACAGTTGTCAC	ambiguous_or_doublet
ACCAAACCAAGTAGTA	neuronal
ACCAAACCAGCAAGAC	unresolved
ACCAAACGTCCGAAGA	ambiguous_or_doublet
ACCAAACTCCGATGTA	microglia_immune
ACCAACAGTCACTCGG	neuronal
ACCAACAGTTTGCCGG	vascular
ACCAACATCACCTCGT	unresolved
ACCACAAAGAGGTTTA	unresolved
ACCACAAGTGTTATCG	oligodendrocyte_OPC
ACCACAATCATAGGCT	astrocyte
ACCACAATCTCTTAAC	ambiguous_or_doublet
ACCATTTCAAAGCTAA	neuronal
ACCATTTCACCACATA	oligodendrocyte_OPC
ACCATTTCAGTCAGAG	neuronal
ACCATTTGTGACGCCT	oligodendrocyte_OPC
ACCCAAACAATAACGA	neuronal
ACCCAAACACGTATAC	oligodendrocyte_OPC
ACCCAAATCCGCGATG	oligodendrocyte_OPC
ACCCAAATCTAGTGAC	astrocyte
ACCCTCAGTAGACAAT	unresolved
ACCCTCAGTGCACATT	astrocyte
ACCCTCAGTGTGAATA	oligodendrocyte_OPC
ACCCTCATCCTCTTTC	neuronal
ACCCTCATCGCAGTTA	oligodendrocyte_OPC
ACCCTTGAGGTCATTC	unresolved
ACCCTTGCACAAACGG	microglia_immune
ACCCTTGTCATAGCAC	unresolved
ACCCTTGTCTCATGCC	oligodendrocyte_OPC
ACCGTTCAGCATCAGG	neuronal
ACCGTTCGTACAAACA	unresolved
ACCGTTCGTGGTATGG	neuronal
ACCGTTCGTTCTGAGT	astrocyte
ACCTACCAGCGATGAC	microglia_immune
ACCTACCGTTGCATAC	oligodendrocyte_OPC
ACCTACCTCGACCCAG	neuronal
ACCTGAAAGCCTATTG	oligodendrocyte_OPC
ACCTGAACACTTCTCG	oligodendrocyte_OPC
ACCTGAAGTCTCTCCA	microglia_immune
ACCTGAATCTGCGGGT	unresolved
ACCTGTCAGCATGCAG	oligodendrocyte_OPC
ACCTGTCAGTAGCATA	neuronal
ACCTGTCCACTGGATT	unresolved
ACCTGTCCAGTTAGGG	unresolved
ACCTGTCCATCCGGCA	unresolved
ACCTGTCGTCGCATTA	astrocyte
ACCTGTCGTTTGGAGG	unresolved
ACCTGTCTCGAGAAGC	unresolved
ACGATCAAGCTCTGTA	neuronal
ACGATCACAGCTCTGG	unresolved
ACGATCAGTGATAGTA	unresolved
ACGATCATCCAACCAA	neuronal
ACGATGTAGGCATCTT	unresolved
ACGATGTGTTGGCCGT	unresolved
ACGCACGCAGGGCTTC	neuronal
ACGCACGGTCCATACA	neuronal
ACGGAAGAGAATCTAG	unresolved
ACGGAAGAGGAGATAG	neuronal
ACGGAAGCAACACTAC	unresolved
ACGGAAGCACATTCTT	vascular
ACGGAAGCAGGCCCTA	neuronal
ACGGAAGGTTCGTACA	unresolved
ACGGGTCCATCTTTCA	unresolved
ACGGTCGAGGAGTACC	oligodendrocyte_OPC
ACGGTCGGTGGAACAC	microglia_immune
ACGGTTACACTTCTCG	microglia_immune
ACGGTTAGTGACAACG	unresolved
ACGGTTATCGTCGGGT	unresolved
ACGGTTATCGTGGGAA	unresolved
ACGTAACAGCTGGCTC	neuronal
ACGTAACAGGCAGGGA	astrocyte
ACGTAACAGTAGCAAT	neuronal
ACGTAACCACAGTCCG	neuronal
ACGTAACGTGCGGTAA	unresolved
ACGTAACGTGTCTAAC	oligodendrocyte_OPC
ACGTAACGTTAGCGGA	oligodendrocyte_OPC
ACGTACACAATTGCCA	neuronal
ACGTACAGTACTGCGC	astrocyte
ACGTACATCTCGAACA	oligodendrocyte_OPC
ACGTAGTAGTAGCTCT	microglia_immune
ACGTAGTCAGCTCTGG	astrocyte
ACGTAGTCAGGTCAAG	unresolved
ACGTAGTGTATCAGGG	neuronal
ACGTAGTTCAGACCCG	microglia_immune
ACGTAGTTCGAAATCC	oligodendrocyte_OPC
ACGTCCTAGGTAAACT	neuronal
ACGTCCTCAACGATCT	oligodendrocyte_OPC
ACGTCCTCAGTCGGTC	neuronal
ACGTCCTCATAAGATG	neuronal
ACGTCCTCATATGAAG	vascular
ACGTCCTTCCCTCATG	neuronal
ACGTCCTTCCGCAACG	oligodendrocyte_OPC
ACGTTCCAGCTGCCAC	neuronal
ACGTTCCCAGGTCCGT	neuronal
ACGTTCCGTAACACGG	unresolved
ACGTTCCTCACGTAGT	neuronal
ACGTTCCTCCACTTTA	neuronal
ACGTTCCTCCATCCGT	unresolved
ACTACGAAGCGACTTT	neuronal
ACTACGACATGAATCC	unresolved
ACTACGAGTCATCCCT	unresolved
ACTACGAGTTAGAAGT	unresolved
ACTATCTCAGGGAATC	unresolved
ACTATCTGTGCCTGCA	oligodendrocyte_OPC
ACTATCTGTGTCACAT	unresolved
ACTATCTTCAAAGACA	neuronal
ACTATCTTCGACACTA	astrocyte
ACTATGGCAGAGATGC	unresolved
ACTATGGCAGTCAGTT	unresolved
ACTATGGCATTCACCC	ambiguous_or_doublet
ACTATGGGTAGCTTAC	neuronal
ACTATGGGTCGCTGCA	oligodendrocyte_OPC
ACTATGGTCCCAGGCA	unresolved
ACTATGGTCTACCACC	unresolved
ACTATTCGTCTTACAG	unresolved
ACTATTCTCCTTCTAA	vascular
ACTATTCTCTGGTCAA	unresolved
ACTCCCACACTCCTTG	microglia_immune
ACTCCCAGTATTGGCT	neuronal
ACTCCCAGTTCTCCAC	oligodendrocyte_OPC
ACTCCCATCCTGCCAT	unresolved
ACTCTCGAGAAACTCA	astrocyte
ACTCTCGAGGACAGTC	unresolved
ACTCTCGAGGATTTAG	astrocyte
ACTCTCGCACTTGAAC	neuronal
ACTCTCGGTGGAAGTC	microglia_immune
ACTCTCGGTTTGTTGG	neuronal
ACTCTCGTCCGTTGGG	unresolved
ACTCTCGTCGAAGTGG	astrocyte
ACTGATGAGCTCGTGC	oligodendrocyte_OPC
ACTGATGCAGCTACCG	microglia_immune
ACTGCAACACCTGAAT	neuronal
ACTGCAACAGTAGATA	astrocyte
ACTGCAAGTCGGTGTC	neuronal
ACTGCAATCCTCTCGA	astrocyte
ACTGTCCAGCACTCGC	microglia_immune
ACTGTCCAGGGACACT	microglia_immune
ACTGTCCCATGAGTAA	ambiguous_or_doublet
ACTGTCCCATGGGAAC	unresolved
ACTGTCCGTGCTGCAC	neuronal
ACTGTCCGTTCCAGGC	neuronal
ACTGTCCTCCTACCAC	astrocyte
ACTGTGAAGAAGCCAC	unresolved
ACTTAGGAGTGCACAG	neuronal
ACTTAGGCACGGCACT	astrocyte
ACTTAGGCAGTACTAC	unresolved
ACTTAGGGTGAGATTA	astrocyte
ACTTAGGTCCCTCAAC	astrocyte
ACTTAGGTCTTCGGAA	oligodendrocyte_OPC
ACTTAGGTCTTTCGAT	neuronal
ACTTATCAGATTAGCA	astrocyte
ACTTATCAGTTCCAGT	unresolved
ACTTATCCAGGATTCT	astrocyte
ACTTATCGTTGCATCA	oligodendrocyte_OPC
ACTTATCTCACTGCTC	neuronal
ACTTATCTCCATTGTT	astrocyte
ACTTCCGAGACCCGCT	oligodendrocyte_OPC
ACTTCCGCAATAGGAT	unresolved
ACTTCCGCATTGCAAC	unresolved
ACTTCCGTCTACTGCC	unresolved
ACTTCGCAGGATTCCT	astrocyte
ACTTTCAAGACATCAA	neuronal
ACTTTCAAGCTCCGAC	oligodendrocyte_OPC
ACTTTCACAAGGTTGG	neuronal
ACTTTCACATACATCG	unresolved
ACTTTCAGTAATCAAG	oligodendrocyte_OPC
ACTTTCAGTAGGGAGG	unresolved
ACTTTGTAGCCTCTTC	neuronal
ACTTTGTCAACTCCCT	oligodendrocyte_OPC
ACTTTGTCAAGTATAG	unresolved
ACTTTGTCACAGCATT	oligodendrocyte_OPC
ACTTTGTTCAAAGGAT	neuronal
ACTTTGTTCCTGGGTG	unresolved
ACTTTGTTCGCTTTAT	astrocyte
ACTTTGTTCGTCCATC	unresolved
ACTTTGTTCTCCGATC	unresolved
ACTTTGTTCTTCGGTC	astrocyte
AGAAATGCACATTGTG	unresolved
AGAAATGTCCAATGCA	oligodendrocyte_OPC
AGAACAAAGCAAGGAA	microglia_immune
AGAACAAGTAAGTTGA	neuronal
AGAACAATCTTGAACG	unresolved
AGAACCTAGGCATCAG	oligodendrocyte_OPC
AGAACCTCAACGGCCT	astrocyte
AGAACCTCATGCACTA	neuronal
AGAACCTCATGCCGAC	neuronal
AGAACCTGTCGAGCAA	unresolved
AGAACCTTCCAAGCAT	unresolved
AGAACCTTCTGCGGGT	oligodendrocyte_OPC
AGAAGCGGTCAATCTG	astrocyte
AGAAGCGGTGACTAAA	unresolved
AGAAGCGGTGCGTTTA	unresolved
AGAAGCGTCAAATAGG	astrocyte
AGAAGTACAAAGGATT	unresolved
AGAAGTAGTGAATGAT	unresolved
AGAAGTATCAATCCGA	astrocyte
AGAAGTATCTCCTGAC	unresolved
AGAAGTATCTTGCGCT	neuronal
AGACAAACACTATGTG	oligodendrocyte_OPC
AGACAAACATAACTCG	unresolved
AGACAAATCCCTCTTT	neuronal
AGACACTAGACGAAGA	oligodendrocyte_OPC
AGACACTAGCTACGTT	unresolved
AGACACTCAAGTGCTT	unresolved
AGACACTCACGTCATA	neuronal
AGACACTGTACGATTC	unresolved
AGACACTGTTCCGCGA	neuronal
AGACACTTCGCTAGCG	unresolved
AGACAGGAGACATATG	neuronal
AGACAGGAGTTCATCG	unresolved
AGACAGGCACCTGATA	unresolved
AGACAGGCAGAAGCTG	ambiguous_or_doublet
AGACAGGGTAACGGTG	unresolved
AGACAGGGTCCGCAGT	oligodendrocyte_OPC
AGACAGGTCAAGTCGT	vascular
AGACAGGTCAGGACAG	astrocyte
AGACCATAGGGCCAAT	astrocyte
AGACCATAGGTCGACA	neuronal
AGACCCGTCCTACCGT	oligodendrocyte_OPC
AGACTCAGTATAGCTC	neuronal
AGACTCAGTCTACGTA	neuronal
AGACTCATCGAGTGAG	neuronal
AGACTCATCGGAGTGA	unresolved
AGACTCATCGTGAGAG	unresolved
AGACTCATCTCGAGTA	neuronal
AGAGAATAGCCGTTGC	unresolved
AGAGAATAGCGAGTAC	vascular
AGAGAATCACGTAGTT	unresolved
AGAGAATCAGGGAATC	neuronal
AGAGAATGTCCGAAGA	neuronal
AGAGAATTCAAAGCCT	oligodendrocyte_OPC
AGAGAATTCCGGACGT	unresolved
AGAGAGCAGTGCTACT	oligodendrocyte_OPC
AGAGAGCCACAGCGCT	unresolved
AGAGAGCGTGTCTTCC	neuronal
AGAGAGCTCATTCGGA	oligodendrocyte_OPC
AGAGAGCTCCTACAAG	unresolved
AGAGAGCTCTCGCTTG	microglia_immune
AGAGCAGTCCTACGGG	neuronal
AGAGCAGTCGAGTGGA	unresolved
AGAGCCCCAACAGATA	unresolved
AGAGCCCCAGAACTAA	oligodendrocyte_OPC
AGAGCCCTCGTTCTCG	microglia_immune
AGATAGAAGCAATTCC	astrocyte
AGATAGAAGTACCGGA	astrocyte
AGATAGACAATCAGCT	unresolved
AGATAGAGTACACGTT	unresolved
AGATAGAGTGTCCACG	microglia_immune
AGATAGATCGACCCAG	oligodendrocyte_OPC
AGATCCAAGCCATTTG	neuronal
AGATCCAAGTAGCAAT	neuronal
AGATCCACACTTCCTG	unresolved
AGATCCACAGCGTAGA	unresolved
AGATCCAGTCATATGC	astrocyte
AGATCCAGTCTGTGAT	oligodendrocyte_OPC
AGATCGTAGACATGCG	neuronal
AGATCGTAGGACGGAG	microglia_immune
AGATCGTGTCTTTATC	unresolved
AGATCGTTCACTCCGT	astrocyte
AGATCGTTCGCAAGAG	unresolved
AGATCGTTCGTCGATA	unresolved
AGATGAAAGTTGTACC	neuronal
AGATGAAGTACAGGTG	oligodendrocyte_OPC
AGATGAATCGCAATTG	oligodendrocyte_OPC
AGATGCTAGGCTCCCA	oligodendrocyte_OPC
AGATGCTAGGTCGTAG	oligodendrocyte_OPC
AGATGCTAGGTTGACG	astrocyte
AGATGCTCAAAGAACT	microglia_immune
AGATGCTCATAAGCGG	oligodendrocyte_OPC
AGATGCTTCATACGGT	neuronal
AGATGCTTCCCTTTGG	oligodendrocyte_OPC
AGCATCAAGATGAAGG	unresolved
AGCATCAAGATGACCG	astrocyte
AGCATCACAATGCAAA	neuronal
AGCATCAGTAGGACCA	unresolved
AGCATCAGTCACCACG	neuronal
AGCATCAGTGACTAAA	unresolved
AGCATCATCATGTCAG	neuronal
AGCCAATCAAACTAGA	oligodendrocyte_OPC
AGCCAATTCACCGGGT	unresolved
AGCCAATTCCTACCAC	vascular
AGCCACGCACACAGCC	neuronal
AGCCACGCATGCGGTC	unresolved
AGCCACGGTCCTTAAG	unresolved
AGCCACGGTGGCATCC	unresolved
AGCCACGTCAGGAGAC	unresolved
AGCCAGCAGGCATTTC	unresolved
AGCCAGCAGGCCTGAA	astrocyte
AGCCAGCAGGCTTTCA	oligodendrocyte_OPC
AGCCAGCGTAAGAACT	astrocyte
AGCCAGCGTCTCAAGT	unresolved
AGCCAGCGTTCCGCAG	unresolved
AGCCAGCGTTTCTTAC	astrocyte
AGCCAGCTCCAAGGGA	oligodendrocyte_OPC
AGCGATTAGGTCCCTG	neuronal
AGCGATTCACTTGACA	unresolved
AGCGATTGTGTATTCG	neuronal
AGCGCCAAGGAGGGTG	neuronal
AGCGCCACAACATACC	oligodendrocyte_OPC
AGCGCCACAATCACGT	unresolved
AGCGCCACACAGCATT	unresolved
AGCGCCATCGTAGGGA	neuronal
AGCGCCATCTAGTTCT	unresolved
AGCGCCATCTGCGGAC	unresolved
AGCGCTGAGCGATGGT	oligodendrocyte_OPC
AGCGCTGAGGGATGTC	neuronal
AGCGCTGAGTCCCTAA	unresolved
AGCGCTGCATCGCTCT	oligodendrocyte_OPC
AGCGCTGGTCAAGCCC	neuronal
AGCGCTGGTTGTATGC	oligodendrocyte_OPC
AGCGCTGTCCGTAATG	neuronal
AGCGCTGTCTGTCCCA	unresolved
AGCGTATAGTAAGAGG	neuronal
AGCGTATTCCTTTAGT	neuronal
AGCGTATTCGGTGAAG	oligodendrocyte_OPC
AGCGTCGGTTCGGCCA	unresolved
AGCTACAGTACGGCAA	unresolved
AGCTACAGTCTACAGT	neuronal
AGCTACAGTCTCGACG	astrocyte
AGCTACATCAGTAGGG	neuronal
AGCTCAAAGAGTACCG	oligodendrocyte_OPC
AGCTCAAGTCGACTTA	neuronal
AGCTCAAGTTCGAACT	unresolved
AGCTTCCAGTCACGCC	unresolved
AGCTTCCGTCTACGTA	neuronal
AGCTTCCGTGTAAATG	oligodendrocyte_OPC
AGCTTCCTCTCATGCC	astrocyte
AGGAAATAGCAACCAG	microglia_immune
AGGAAATAGCCTCGTG	unresolved
AGGAAATCACCAGCGT	oligodendrocyte_OPC
AGGAAATCAGAGGCTA	vascular
AGGAAATCATACCATG	neuronal
AGGAAATCATGAGTAA	neuronal
AGGAAATGTGACCTGC	neuronal
AGGAAATGTGGAACAC	unresolved
AGGAAATGTTCAGGTT	astrocyte
AGGAAATTCATCGCAA	astrocyte
AGGAAATTCTTACACT	astrocyte
AGGAATATCGCGTAGC	neuronal
AGGACGACAGCTACAT	unresolved
AGGACGATCATTCGTT	unresolved
AGGACGATCTCTCTAA	microglia_immune
AGGACTTAGTACGAGC	microglia_immune
AGGACTTCAGTCGCAC	neuronal
AGGAGGTAGACGGATC	unresolved
AGGAGGTAGTAATACG	unresolved
AGGAGGTCAACACAAA	unresolved
AGGAGGTCAGAGTAAT	neuronal
AGGAGGTCAGAGTCAG	unresolved
AGGAGGTGTAGCGATG	neuronal
AGGAGGTGTATTTCGG	neuronal
AGGATAAAGAAGAGCA	oligodendrocyte_OPC
AGGATAAGTAGGCAAC	unresolved
AGGATAAGTTGCCAAT	neuronal
AGGATAATCACCCTTG	astrocyte
AGGATAATCGTGCAGC	unresolved
AGGATCTAGCACTCCG	neuronal
AGGATCTAGGCTGAAC	unresolved
AGGATCTAGTACGTCT	oligodendrocyte_OPC
AGGATCTGTTCTCCAC	unresolved
AGGATCTTCAGGAGAC	unresolved
AGGCATTAGTGCCAGA	vascular
AGGCATTAGTTGCGCC	unresolved
AGGCATTCACTGGCGT	oligodendrocyte_OPC
AGGCATTCAGTAGATA	unresolved
AGGCATTGTACTCCCT	vascular
AGGCATTTCACCTTAT	unresolved
AGGCATTTCATGCATG	oligodendrocyte_OPC
AGGCATTTCGAAGTGG	unresolved
AGGCCACAGGATAATC	unresolved
AGGCCACAGGCAATGC	unresolved
AGGCCACAGTAGATCA	neuronal
AGGCCACCAACCTAAC	unresolved
AGGCCACCACAATGTC	astrocyte
AGGCCACGTATCCTCC	neuronal
AGGCCACGTATTTCTC	microglia_immune
AGGCCACGTTCTCTCG	oligodendrocyte_OPC
AGGCCACGTTTAGAGA	astrocyte
AGGCCACTCTTTCCAA	unresolved
AGGCTGCAGACCATGG	oligodendrocyte_OPC
AGGCTGCCATAGACTC	neuronal
AGGCTGCGTGACACGA	oligodendrocyte_OPC
AGGCTGCGTGAGCGAT	neuronal
AGGGAGTAGATCCAAA	neuronal
AGGGAGTAGTTTGCTG	microglia_immune
AGGGAGTCAGTAGAGC	unresolved
AGGGAGTCATACTGTG	oligodendrocyte_OPC
AGGGAGTGTACCTGTA	neuronal
AGGGAGTGTGGACAGT	unresolved
AGGGCCTAGGCCACTC	astrocyte
AGGGCCTAGTTGTAAG	unresolved
AGGGCCTGTCCGGACT	oligodendrocyte_OPC
AGGGCCTGTGATAGTA	oligodendrocyte_OPC
AGGGCCTTCTACACAG	unresolved
AGGGCCTTCTTCGATT	astrocyte
AGGGCTCAGGGCGAAG	neuronal
AGGGCTCAGTAAAGCT	neuronal
AGGGCTCGTACAGTCT	neuronal
AGGGCTCTCGCCATAA	microglia_immune
AGGGCTCTCGGACAAG	unresolved
AGGGCTCTCGTGGGTC	oligodendrocyte_OPC
AGGGCTCTCTGGTGGC	neuronal
AGGGTCCAGCCACCGT	oligodendrocyte_OPC
AGGGTCCCACGGTCTG	astrocyte
AGGGTCCCACGTAACT	microglia_immune
AGGGTCCCATGCGGTC	unresolved
AGGGTCCTCTAGCCTC	neuronal
AGGGTCCTCTCCCTAG	oligodendrocyte_OPC
AGGGTGAAGGGAGTGG	unresolved
AGGGTGACAGTCGAGA	oligodendrocyte_OPC
AGGGTGAGTAGACGGT	unresolved
AGGGTGAGTGGGAGAG	astrocyte
AGGGTTTCATGACAAA	neuronal
AGGGTTTCATGAGTAA	unresolved
AGGGTTTGTACGTGAG	neuronal
AGGGTTTGTTGCATGT	neuronal
AGGGTTTTCCGATAAC	neuronal
AGGTAGGGTATAGCTC	neuronal
AGGTAGGTCAAACTGC	astrocyte
AGGTAGGTCAGTAGGG	unresolved
AGGTCATAGTAATTGG	oligodendrocyte_OPC
AGGTCATCACAGAGCA	unresolved
AGGTCATGTAACTGCT	unresolved
AGGTCATGTCCGGTGT	astrocyte
AGGTCATGTGGACTAG	microglia_immune
AGGTCATGTTCCTAAG	microglia_immune
AGGTCATTCACTGGTA	oligodendrocyte_OPC
AGGTCTAAGACTCCGC	oligodendrocyte_OPC
AGGTCTACAAGGGTCA	astrocyte
AGGTCTAGTATTTCCT	oligodendrocyte_OPC
AGGTCTAGTCATCCCT	unresolved
AGGTCTATCTAGACCA	unresolved
AGGTGTTGTTCACCGG	unresolved
AGGTGTTTCCGTGGGT	unresolved
AGGTTACAGAAGTCAT	unresolved
AGGTTACGTAACGTTC	neuronal
AGGTTACTCCATAGGT	unresolved
AGGTTACTCTACAGGT	astrocyte
AGGTTGTCATGACTAC	unresolved
AGGTTGTTCCCGAAAT	oligodendrocyte_OPC
AGTAACCAGCTTTCTT	unresolved
AGTAACCCATAGATCC	astrocyte
AGTAACCGTTGTACGT	microglia_immune
AGTAACCTCCGACGGT	oligodendrocyte_OPC
AGTACCAAGACGGATC	vascular
AGTACCACAACGAGGT	oligodendrocyte_OPC
AGTACCATCAATCCAG	unresolved
AGTACCATCCTTTGAT	neuronal
AGTACTGAGACCCGCT	astrocyte
AGTACTGCATCTGGGC	unresolved
AGTACTGGTAATGCGG	unresolved
AGTACTGTCCTTCGAC	neuronal
AGTAGCTAGCCTGTGC	unresolved
AGTAGCTCACTTGAGT	unresolved
AGTAGCTGTAGCACGA	astrocyte
AGTAGCTTCGGTCTAA	oligodendrocyte_OPC
AGTAGCTTCTGCGATA	oligodendrocyte_OPC
AGTAGTCAGCGGCTCT	vascular
AGTAGTCGTAGATCGG	neuronal
AGTAGTCGTTTCACTT	unresolved
AGTCAACGTAGCGAGT	oligodendrocyte_OPC
AGTCAACTCTATTGTC	unresolved
AGTCACAAGGTAGGCT	unresolved
AGTCACACAAGGCTTT	oligodendrocyte_OPC
AGTCACACACCAATTG	unresolved
AGTCACACAGGCTACC	neuronal
AGTCACAGTCTATGAC	oligodendrocyte_OPC
AGTCACATCCATTTAC	unresolved
AGTCACATCTCTGGTC	unresolved
AGTCATGAGCTAGAGC	unresolved
AGTCATGGTTTCGATG	oligodendrocyte_OPC
AGTCATGTCCGCTGTT	astrocyte
AGTCTCCAGTACCGGA	oligodendrocyte_OPC
AGTCTCCCAGCGAACA	neuronal
AGTCTCCCATCGATCA	unresolved
AGTCTCCGTCCAGGTC	microglia_immune
AGTCTCCGTGAGCCAA	unresolved
AGTCTCCTCCGATCTC	vascular
AGTCTCCTCCTCAGAA	unresolved
AGTCTCCTCCTTCGAC	oligodendrocyte_OPC
AGTCTCCTCGCGGACT	neuronal
AGTGACTCAAGACGGT	microglia_immune
AGTGACTCAGAGTAAT	astrocyte
AGTGACTGTATACGGG	oligodendrocyte_OPC
AGTGATCAGCAGGCTA	neuronal
AGTGATCCAATTTCGG	unresolved
AGTGATCCACCGGCTA	neuronal
AGTGATCCAGAAATTG	astrocyte
AGTGATCGTAGATTGA	oligodendrocyte_OPC
AGTGATCGTCAGCTTA	oligodendrocyte_OPC
AGTGCCGAGGAAAGTG	oligodendrocyte_OPC
AGTGCCGGTAACCCTA	oligodendrocyte_OPC
AGTGCCGTCACCTACC	unresolved
AGTGCCGTCCCGTGAG	unresolved
AGTGCCGTCTAGTGAC	microglia_immune
AGTGTTGCATGGCGCT	unresolved
AGTGTTGGTGCGTTTA	neuronal
AGTTAGCAGGTTCTAC	unresolved
AGTTAGCTCGGAATGG	unresolved
AGTTCCCAGGCTTTCA	oligodendrocyte_OPC
AGTTCCCAGTAGTGCG	neuronal
AGTTCCCAGTGCACAG	oligodendrocyte_OPC
AGTTCCCCAGCTCCTT	unresolved
AGTTCCCCATCCGAAT	microglia_immune
AGTTCCCGTTGTAAAG	astrocyte
AGTTCCCTCAAGAGTA	microglia_immune
AGTTCCCTCACTTATC	unresolved
AGTTCGAAGCTCACTA	neuronal
AGTTCGACACAAATGA	astrocyte
AGTTCGACAGCTATTG	oligodendrocyte_OPC
AGTTCGACATCTGTTT	unresolved
AGTTCGATCTTGAGCA	neuronal
ATACCGACAACGAGGT	ambiguous_or_doublet
ATACCGACAGGAGGAG	astrocyte
ATACCGAGTATCAGCT	unresolved
ATACCTTAGAAGAACG	unresolved
ATACCTTAGTCTGTAC	oligodendrocyte_OPC
ATACCTTTCCTACAAG	unresolved
ATACCTTTCGAGAGCA	unresolved
ATACCTTTCGTGGGAA	ambiguous_or_doublet
ATACTTCAGAAATTCG	unresolved
ATACTTCAGAATACAC	neuronal
ATACTTCAGAGAGAAC	astrocyte
ATACTTCGTTATCCAG	astrocyte
ATACTTCTCACCCTCA	neuronal
ATACTTCTCGAACCAT	neuronal
ATAGACCAGATGCTAA	unresolved
ATAGACCAGCGCATCC	unresolved
ATAGACCAGGGCCAAT	unresolved
ATAGACCCAGACCAAG	neuronal
ATAGACCGTACCTAGT	unresolved
ATAGACCGTCAAACGG	neuronal
ATAGACCTCGATTGGT	unresolved
ATAGACCTCGCAATTG	astrocyte
ATAGAGAAGCATCTTG	unresolved
ATAGAGAAGTAGAATC	unresolved
ATAGAGAGTACGAGCA	unresolved
ATAGGCTAGGAGGGTG	unresolved
ATAGGCTAGGCCTGCT	unresolved
ATAGGCTGTTGGACCC	unresolved
ATATCCTAGAGCTTTC	oligodendrocyte_OPC
ATATCCTAGATTGAGT	astrocyte
ATATCCTAGGTCGCCT	neuronal
ATATCCTCAAGTCATC	neuronal
ATATCCTCACGTACTA	oligodendrocyte_OPC
ATATCCTGTGAGTAGC	neuronal
ATATCCTGTTAGGGAC	unresolved
ATCACAGAGTCAGCGA	neuronal
ATCACAGCAACTGATC	astrocyte
ATCACAGCATTACGGT	oligodendrocyte_OPC
ATCACAGTCTCTCTAA	oligodendrocyte_OPC
ATCACGAAGCACTGGA	unresolved
ATCACGACAAACGGCA	neuronal
ATCACGACACCACTGG	unresolved
ATCACGAGTCCTGGTG	neuronal
ATCACGATCCATAGGT	neuronal
ATCACTTAGGTGCTTT	unresolved
ATCACTTCACGGCGTT	unresolved
ATCACTTGTTGCCATA	vascular
ATCACTTTCCAGCACG	oligodendrocyte_OPC
ATCACTTTCGCAGTCG	neuronal
ATCATTCAGAGCCGAT	oligodendrocyte_OPC
ATCATTCAGCATTTGC	neuronal
ATCATTCAGTGTACCT	oligodendrocyte_OPC
ATCATTCTCTAGTTCT	neuronal
ATCATTCTCTCTGCTG	neuronal
ATCCACCAGCGAACTG	neuronal
ATCCACCAGCTACAAA	unresolved
ATCCACCCACGATTCA	unresolved
ATCCACCCAGAGGTAC	unresolved
ATCCACCGTTCTCCAC	microglia_immune
ATCCACCTCACGGTCG	unresolved
ATCCATTAGACGCCAA	oligodendrocyte_OPC
ATCCATTAGAGTTCGG	neuronal
ATCCATTAGGGCCAAT	unresolved
ATCCATTAGTCGTTAC	neuronal
ATCCATTGTTCTCGCT	neuronal
ATCCATTTCGCCGAGT	unresolved
ATCCCTGCACTCTAGA	unresolved
ATCCCTGTCATGCCCT	oligodendrocyte_OPC
ATCCGTCAGCCGAACA	oligodendrocyte_OPC
ATCCGTCCAATCGAAA	oligodendrocyte_OPC
ATCCGTCGTACACGTT	unresolved
ATCCGTCTCAACTCTT	oligodendrocyte_OPC
ATCCTATAGAGTGACC	neuronal
ATCCTATAGTGAGTTA	neuronal
ATCCTATCAAATAGCA	neuronal
ATCCTATGTGGTCCCA	oligodendrocyte_OPC
ATCCTATTCAAGCTTG	neuronal
ATCCTATTCGTAACCA	neuronal
ATCCTATTCTGTGTGA	astrocyte
ATCGATGAGCGCCTCA	unresolved
ATCGATGAGTCGTTAC	unresolved
ATCGATGCAATTCTCT	microglia_immune
ATCGATGCAGCAGTAG	microglia_immune
ATCGATGCAGGTTTAC	ambiguous_or_doublet
ATCGATGGTGACCTGC	astrocyte
ATCGCCTAGGTTGTTC	neuronal
ATCGCCTAGTTAGTGA	unresolved
ATCGCCTCATCCGGCA	oligodendrocyte_OPC
ATCGCCTGTGACTATC	neuronal
ATCGCCTGTGCACATT	neuronal
ATCGCCTTCACTGATG	unresolved
ATCGGATCAAAGCAAT	unresolved
ATCGGATCAGTACTAC	microglia_immune
ATCGGATCATAGATCC	unresolved
ATCGGATGTCGCATTA	neuronal
ATCGGATGTGAAAGTT	unresolved
ATCGGATGTTGGCCTG	unresolved
ATCGGATGTTTGATCG	astrocyte
ATCGGCGTCTCTGAGA	unresolved
ATCGTAGAGCGAGTCA	neuronal
ATCGTAGCAACCAATC	oligodendrocyte_OPC
ATCGTAGCAGTAGTTC	neuronal
ATCGTAGCATGGGCAA	unresolved
ATCGTAGGTCCCTGTT	oligodendrocyte_OPC
ATCGTAGGTGATACCT	unresolved
ATCGTAGGTGCTAGCC	unresolved
ATCGTAGGTTGACTGT	unresolved
ATCGTAGTCGCTATTT	microglia_immune
ATCGTCCAGGAGATAG	unresolved
ATCGTCCAGGTTCACT	microglia_immune
ATCGTCCCATAAGCAA	microglia_immune
ATCGTCCCATGGGATG	oligodendrocyte_OPC
ATCGTCCGTCGTATTG	oligodendrocyte_OPC
ATCGTCCTCCTACGGG	oligodendrocyte_OPC
ATCGTGACACAGAAGC	neuronal
ATCGTGACAGTTCTAG	microglia_immune
ATCGTGATCTGGGAGA	astrocyte
ATCTCTAAGCGGTAGT	neuronal
ATCTCTAAGGATACCG	unresolved
ATCTCTAAGTACAGCG	ambiguous_or_doublet
ATCTCTAAGTTGGACG	unresolved
ATCTCTACACGACGTC	unresolved
ATCTCTAGTCATCTAG	unresolved
ATCTTCAGTATGGTAA	microglia_immune
ATCTTCAGTTGTTGCA	neuronal
ATCTTCATCACCCTCA	neuronal
ATCTTCATCCACATAG	unresolved
ATGACCAAGTTACGAA	oligodendrocyte_OPC
ATGACCACAAACTGCT	unresolved
ATGACCAGTAGGTCAG	oligodendrocyte_OPC
ATGACCAGTCGCGGTT	unresolved
ATGACCATCCACTAGA	neuronal
ATGACCATCCCGAGGT	oligodendrocyte_OPC
ATGACCATCGGTGTTA	astrocyte
ATGACCATCGTCAACA	neuronal
ATGAGGGAGCGAGTCA	neuronal
ATGAGGGGTCACCACG	unresolved
ATGAGGGTCGGTCACG	neuronal
ATGAGTCAGCTGTTAC	neuronal
ATGAGTCAGGTTCTAC	neuronal
ATGAGTCAGTGATCGG	oligodendrocyte_OPC
ATGAGTCAGTGCAAAT	neuronal
ATGAGTCCAGACGGAT	oligodendrocyte_OPC
ATGAGTCGTATGTCTG	unresolved
ATGAGTCTCAGGGATG	unresolved
ATGAGTCTCAGGGTAG	unresolved
ATGAGTCTCTACAGGT	microglia_immune
ATGATCGAGCAACTCT	oligodendrocyte_OPC
ATGATCGGTCCCTCAT	oligodendrocyte_OPC
ATGATCGGTCTTACAG	astrocyte
ATGCATGCACCAGTTA	oligodendrocyte_OPC
ATGCATGCATAGAAAC	unresolved
ATGCCTCAGACAACTA	astrocyte
ATGCCTCCAAGGTACG	oligodendrocyte_OPC
ATGCCTCCAGCCCAGT	neuronal
ATGCCTCGTAGACGGT	unresolved
ATGCCTCGTCTGTGGC	oligodendrocyte_OPC
ATGCCTCGTGGCTGCT	unresolved
ATGCCTCTCAACGCTA	astrocyte
ATGCGATAGCATACTC	neuronal
ATGGAGGAGAAACCCG	neuronal
ATGGAGGAGCATATGA	unresolved
ATGGATCAGCGCCCAT	unresolved
ATGGATCCACCACTGG	unresolved
ATGGATCGTGTTCCTC	unresolved
ATGGGAGTCACAATGC	oligodendrocyte_OPC
ATGGGAGTCCTTCTAA	oligodendrocyte_OPC
ATGGGTTAGCATGATA	unresolved
ATGGGTTAGGGACACT	unresolved
ATGGGTTCATCCAATG	oligodendrocyte_OPC
ATGGTTGCAGAGTAAT	unresolved
ATGGTTGTCGAGTCTA	unresolved
ATGGTTGTCGGCTTCT	oligodendrocyte_OPC
ATGTCCCAGAAGCTGC	oligodendrocyte_OPC
ATGTCCCAGCAGCAGT	astrocyte
ATGTCCCAGGCTGGAT	unresolved
ATGTCCCCAGATCACT	unresolved
ATGTCCCTCAAAGACA	astrocyte
ATGTCCCTCGCATTAG	oligodendrocyte_OPC
ATGTCCCTCTTCGGTC	unresolved
ATGTCTTCAATTGAGA	neuronal
ATGTCTTCACCCTATC	oligodendrocyte_OPC
ATGTCTTTCCTTATGT	oligodendrocyte_OPC
ATGTCTTTCGCCTTGT	unresolved
ATTACCTCACGGTGTC	neuronal
ATTACCTTCTCTAAGG	neuronal
ATTACTCAGACTTCGT	astrocyte
ATTACTCCAACACACT	neuronal
ATTACTCCAACCAACT	oligodendrocyte_OPC
ATTACTCGTAGGTTTC	microglia_immune
ATTACTCTCTGCCTGT	oligodendrocyte_OPC
ATTATCCAGCAACTTC	neuronal
ATTATCCCACATCATG	unresolved
ATTATCCTCCTTCTAA	oligodendrocyte_OPC
ATTATCCTCGCAAGAG	oligodendrocyte_OPC
ATTATCCTCGCCAGTG	microglia_immune
ATTCACTCACACCGAC	unresolved
ATTCACTCATTATGCG	unresolved
ATTCACTTCATACGGT	neuronal
ATTCACTTCTCAGAAC	oligodendrocyte_OPC
ATTCAGGAGACAAGCC	neuronal
ATTCAGGTCATGGCCG	astrocyte
ATTCCATGTCGGATTT	oligodendrocyte_OPC
ATTCCATTCAGAGCGA	astrocyte
ATTCCATTCATTACGG	oligodendrocyte_OPC
ATTCCATTCGTTATCT	neuronal
ATTCCCGAGCCGATCC	neuronal
ATTCCCGAGCGCTTCG	unresolved
ATTCCCGAGGGACAGG	unresolved
ATTCCCGCATGCAGGA	unresolved
ATTCCCGGTATCGTTG	neuronal
ATTCCCGGTCGAATTC	astrocyte
ATTCCCGTCATTTGTC	oligodendrocyte_OPC
ATTCCCGTCCTGTTAT	unresolved
ATTCCTAAGTACCCTA	astrocyte
ATTCCTAAGTTGGAGC	neuronal
ATTCCTACATATTCGG	neuronal
ATTCCTATCAGCCCAG	neuronal
ATTCGTTAGATACAGT	astrocyte
ATTCGTTCAGCAGATG	oligodendrocyte_OPC
ATTCGTTCATCTTTCA	oligodendrocyte_OPC
ATTCTACAGATAACAC	neuronal
ATTCTACGTAGGACCA	unresolved
ATTCTACTCAGCAGAG	oligodendrocyte_OPC
ATTCTTGAGGAGCAAA	neuronal
ATTCTTGAGGATGAGA	neuronal
ATTCTTGCAGGTCAGA	oligodendrocyte_OPC
ATTCTTGGTCGTGGAA	oligodendrocyte_OPC
ATTGGGTAGAATTCAG	ambiguous_or_doublet
ATTGGGTAGCCTGTGC	unresolved
ATTGGGTAGGGACAGG	oligodendrocyte_OPC
ATTGGGTTCGTCTAAG	unresolved
ATTGTTCAGTCTCCTC	unresolved
ATTGTTCCAAGTGATA	oligodendrocyte_OPC
ATTGTTCGTCAAACGG	unresolved
ATTTACCAGCGGCTCT	astrocyte
ATTTACCAGGCCTGAA	neuronal
ATTTACCGTCCTCCAT	neuronal
ATTTACCGTTCATCGA	unresolved
ATTTACCTCAGTGTGT	ambiguous_or_doublet
ATTTACCTCGGTCAGC	unresolved
ATTTCACAGGAGGTTC	astrocyte
ATTTCACCACAATGTC	microglia_immune
ATTTCACCAGCTGAAG	unresolved
ATTTCACTCGCCGTGA	unresolved
ATTTCACTCGCTGTTC	unresolved
ATTTCTGAGAGGTCAC	unresolved
ATTTCTGGTATACCTG	neuronal
ATTTCTGGTTTCGACA	vascular
ATTTCTGTCCAACACA	unresolved
ATTTCTGTCGCTAGCG	oligodendrocyte_OPC
CAAAGAAAGTTGAAGT	unresolved
CAACAACAGAGCCGAT	neuronal
CAACAACAGAGTGAAG	unresolved
CAACAACAGTTATGGA	unresolved
CAACAACCACCGCTGA	astrocyte
CAACAACCATCCGATA	unresolved
CAACAACGTAAGCGGT	microglia_immune
CAACAACGTGAGATAT	astrocyte
CAACAACTCCCTCTTT	microglia_immune
CAACAGTAGGTGCTGA	microglia_immune
CAACAGTCACTATCCC	microglia_immune
CAACAGTTCTCTCTTC	ambiguous_or_doublet
CAACCAAAGCGGATCA	ambiguous_or_doublet
CAACCAAAGTGATTCC	neuronal
CAACCAAGTGCTAGCC	unresolved
CAACCTCAGCACCTGC	oligodendrocyte_OPC
CAACCTCAGCGTGTTT	neuronal
CAACCTCCATCCGAGC	neuronal
CAACCTCGTGAATAAC	oligodendrocyte_OPC
CAACCTCGTGGACCTC	neuronal
CAACCTCTCTGTGCTC	astrocyte
CAACGATCAGAGAAAG	unresolved
CAACGATCAGGATCTT	unresolved
CAACGATCATGACGGA	neuronal
CAACGATGTGAAGCTG	neuronal
CAACGATTCCCACAGG	neuronal
CAACGATTCTAAGAAG	oligodendrocyte_OPC
CAACGGCCAAGGGCAT	astrocyte
CAACGGCCACGCGCTA	unresolved
CAACGGCCATAACCCA	oligodendrocyte_OPC
CAACGGCCATATACCG	oligodendrocyte_OPC
CAACGGCGTGGACCAA	neuronal
CAACGGCTCACGACTA	neuronal
CAACGGCTCCGTAATG	oligodendrocyte_OPC
CAAGACTCACTTCCTG	unresolved
CAAGAGGGTCAAAGAT	oligodendrocyte_OPC
CAAGAGGGTGCCTGAC	neuronal
CAAGAGGGTGGGTTGA	neuronal
CAAGAGGTCAGACAAA	astrocyte
CAAGCTAAGAATAGTC	unresolved
CAAGCTAGTCACGTGC	unresolved
CAAGCTAGTCCTACGG	oligodendrocyte_OPC
CAAGCTATCGTAGCCG	oligodendrocyte_OPC
CAAGGGAAGGGAGGCA	neuronal
CAAGGGACAATGGCAG	unresolved
CAAGGGACACATCATG	oligodendrocyte_OPC
CAAGGGACATTGACTG	unresolved
CAAGGGAGTACCCAGC	neuronal
CAAGGGAGTTCTTCAT	unresolved
CAAGGGATCAGCAGAG	microglia_immune
CAAGGGATCGTCCTTG	unresolved
CAAGGGATCGTGAGAG	neuronal
CAATACGCAATTGCAC	neuronal
CAATACGCATGGCCAC	unresolved
CAATACGGTCTACACA	microglia_immune
CAATACGGTTCCACAA	unresolved
CAATCGAAGCACGATG	oligodendrocyte_OPC
CAATCGAAGCCGATTT	neuronal
CAATCGATCCTAGAGT	neuronal
CAATCGATCCTGCCAT	oligodendrocyte_OPC
CAATGACAGCACTGGA	neuronal
CAATGACCACTAACGT	astrocyte
CAATTTCAGGCTCCCA	unresolved
CAATTTCCACCATAAC	neuronal
CAATTTCGTCCTGAAT	astrocyte
CAATTTCGTGACCTGC	neuronal
CAATTTCTCACCGGGT	oligodendrocyte_OPC
CACAACACACTCTCGT	oligodendrocyte_OPC
CACAACAGTGGTCTTA	neuronal
CACAACATCGCGTCGA	neuronal
CACACAAAGAGCGACT	oligodendrocyte_OPC
CACACAAAGGGTGGGA	vascular
CACACAACAGGAAGTC	unresolved
CACACAAGTGGACCAA	unresolved
CACACAATCCTAGCGG	astrocyte
CACACAATCTATCACT	oligodendrocyte_OPC
CACACAATCTCAGGCG	unresolved
CACAGATAGCTCGGCT	unresolved
CACAGATCAGGCCCTA	astrocyte
CACAGGCAGGGTAGCT	unresolved
CACAGGCAGTCATAGA	unresolved
CACAGGCAGTCATTGC	neuronal
CACAGGCGTAGACGTG	neuronal
CACATGACAATACGCT	astrocyte
CACATGATCGCTTAAG	unresolved
CACCAAAAGCGGGTAT	neuronal
CACCAAACACTCCGGA	oligodendrocyte_OPC
CACCAAAGTATGAGCG	oligodendrocyte_OPC
CACCAAATCGGACCAC	unresolved
CACCAAATCTAGTACG	oligodendrocyte_OPC
CACCGTTAGCTACGTT	microglia_immune
CACCGTTAGGTTTGAA	neuronal
CACCGTTCATTGGATC	neuronal
CACCGTTGTCAAAGCG	unresolved
CACCGTTGTGGTCTTA	neuronal
CACCGTTGTTAAGAAC	microglia_immune
CACCGTTTCATCAGTG	oligodendrocyte_OPC
CACGAATCAAGGAGTC	unresolved
CACGAATGTACTTGTG	microglia_immune
CACGAATTCCTCACCA	unresolved
CACGAATTCTCGGGAC	oligodendrocyte_OPC
CACGGGTAGTAAACGT	unresolved
CACGGGTCACGAAAGC	unresolved
CACGGGTCAGACCTGC	astrocyte
CACGGGTGTCGAACAG	neuronal
CACGGGTTCAAGGACG	unresolved
CACGGGTTCTACAGGT	neuronal
CACGTGGAGGCATCAG	ambiguous_or_doublet
CACGTGGAGGTTTACC	microglia_immune
CACGTGGCAATATCCG	oligodendrocyte_OPC
CACGTGGCAGTAACCT	unresolved
CACGTGGGTATACGGG	unresolved
CACGTGGGTGTATTGC	microglia_immune
CACGTGGTCTGTTGGA	astrocyte
CACGTTCCATGGAATA	unresolved
CACGTTCTCAAGCGTT	neuronal
CACTAAGAGACCTCCG	unresolved
CACTAAGAGCCTGTGC	ambiguous_or_doublet
CACTAAGCACTGTCGG	astrocyte
CACTAAGGTCCACTCT	unresolved
CACTGAAAGGTCGTCC	unresolved
CACTGAACACGTATAC	astrocyte
CACTGAACACGTTGGC	oligodendrocyte_OPC
CACTGAAGTCACCTTC	unresolved
CACTGAAGTTTACACG	unresolved
CACTGAATCTCCTACG	oligodendrocyte_OPC
CACTGGGAGAATACAC	unresolved
CACTGGGCACCGTGAC	neuronal
CACTGGGTCCTCTAAT	oligodendrocyte_OPC
CACTGTCAGACCAGAC	vascular
CACTGTCCATAATCGC	vascular
CACTTCGGTACCGGAA	oligodendrocyte_OPC
CACTTCGGTGATACTC	unresolved
CAGAGCCAGCCAGACA	unresolved
CAGAGCCCAGAGTAAT	unresolved
CAGATACCATAAGATG	microglia_immune
CAGATACGTACCCACG	oligodendrocyte_OPC
CAGATACGTACGTGAG	oligodendrocyte_OPC
CAGATACGTGGACTAG	unresolved
CAGATCAAGGTTCCGC	unresolved
CAGATCACAATCGTCA	unresolved
CAGATCAGTACAATAG	unresolved
CAGATCAGTTGCGAAG	astrocyte
CAGATTGAGGTATCTC	neuronal
CAGATTGGTAGAATAC	astrocyte
CAGATTGGTATAGGAT	unresolved
CAGATTGGTCGGTAAG	oligodendrocyte_OPC
CAGATTGGTGTCGCTG	neuronal
CAGATTGGTTGCCATA	unresolved
CAGATTGTCACGATAC	microglia_immune
CAGCAATCATCCTATT	neuronal
CAGCAATGTCGAATGG	oligodendrocyte_OPC
CAGCAATGTTCCAAAC	ambiguous_or_doublet
CAGCACGAGAGTGTTA	astrocyte
CAGCACGCAACAACAA	neuronal
CAGCACGCAACGCCCA	unresolved
CAGCACGCAAGTGCTT	oligodendrocyte_OPC
CAGCACGGTATGAAAC	neuronal
CAGCACGGTTGTGGCC	unresolved
CAGCAGCAGACTACGG	vascular
CAGCAGCAGAGGTCAC	unresolved
CAGCAGCAGCATCGAG	neuronal
CAGCAGCCAACATACC	astrocyte
CAGCAGCTCCCAGGCA	astrocyte
CAGCAGCTCCTTGAAG	neuronal
CAGCCAGAGCAACTTC	neuronal
CAGCCAGCACAATGCT	neuronal
CAGCCAGGTAGTGGCA	unresolved
CAGCCAGTCTATCGTT	ambiguous_or_doublet
CAGCGTGAGACAACTA	neuronal
CAGCGTGAGATTTGCC	microglia_immune
CAGCGTGCACCCATAA	unresolved
CAGCGTGGTATGGGAC	neuronal
CAGCGTGGTCTACGAT	neuronal
CAGGCCAAGAATCGTA	unresolved
CAGGCCAAGTATGCAA	oligodendrocyte_OPC
CAGGCCACAGACTCTA	neuronal
CAGGCCAGTCACCACG	unresolved
CAGGCCATCTGGACTA	neuronal
CAGGCCATCTTCGGAA	astrocyte
CAGGGCTAGACTAAGT	oligodendrocyte_OPC
CAGGGCTAGGTTTACC	oligodendrocyte_OPC
CAGGGCTCACTCCTTG	neuronal
CAGGGCTCACTGAGTT	neuronal
CAGGGCTGTTCCAAAC	astrocyte
CAGGGCTTCCACCTCA	oligodendrocyte_OPC
CAGGGCTTCGAGTTGT	unresolved
CAGGTATAGATGCGAC	neuronal
CAGGTATAGCTCGTGC	oligodendrocyte_OPC
CAGGTATTCGGTTCAA	astrocyte
CAGTGCGAGAGCTTTC	neuronal
CAGTGCGGTACAAAGT	neuronal
CAGTGCGGTAGTCTTG	unresolved
CAGTGCGGTCATCCCT	oligodendrocyte_OPC
CAGTGCGGTTGTGCCG	oligodendrocyte_OPC
CAGTGCGTCGCGATCG	unresolved
CAGTGCGTCTTCACGC	microglia_immune
CAGTTAGCAGCAGAAC	microglia_immune
CAGTTAGCAGCTCGGT	neuronal
CAGTTAGGTAGCCAGA	oligodendrocyte_OPC
CAGTTAGGTTCTCCAC	unresolved
CAGTTAGTCTCCAAGA	astrocyte
CAGTTCCAGCCAAGCA	unresolved
CAGTTCCCAGTGTGGA	unresolved
CAGTTCCTCGAGAGCA	oligodendrocyte_OPC
CAGTTCCTCGTCGACG	ambiguous_or_doublet
CATAAGCAGCAATAAC	microglia_immune
CATAAGCAGTAGGTTA	unresolved
CATAAGCAGTGATAAC	unresolved
CATAAGCCACTCCCTA	unresolved
CATAAGCGTATCACCA	unresolved
CATAAGCGTCAGACTT	unresolved
CATAAGCGTCTTTCTA	astrocyte
CATACAGAGCATGCAG	neuronal
CATACAGAGCTGGCTC	unresolved
CATACAGCATGTTCAG	astrocyte
CATACCCGTGGAACAC	astrocyte
CATACCCTCCTTATGT	neuronal
CATACTTAGTGTAGTA	oligodendrocyte_OPC
CATACTTCACAGCATT	microglia_immune
CATACTTCACGCTGAC	oligodendrocyte_OPC
CATACTTCAGCTGTCG	neuronal
CATACTTTCGCTTGAA	neuronal
CATAGACAGAGCAACC	oligodendrocyte_OPC
CATAGACGTTGGGCCT	unresolved
CATCAAGAGAGCTTTC	neuronal
CATCAAGTCACCTACC	unresolved
CATCAAGTCGACATAC	microglia_immune
CATCCACAGGCAGGGA	neuronal
CATCCACCACACGGAA	oligodendrocyte_OPC
CATCCACCACAGCCAC	vascular
CATCCACCATGAGGGT	oligodendrocyte_OPC
CATCCACGTCATTGCA	ambiguous_or_doublet
CATCCACGTTTCGGCG	unresolved
CATCCACTCGATGCTA	unresolved
CATCCACTCTCTGAGA	neuronal
CATCCCAAGTGTAGAT	astrocyte
CATCCCACACTGATTG	astrocyte
CATCCCAGTCAGACGA	neuronal
CATCCGTCACATCATG	microglia_immune
CATCCGTCACGTCATA	astrocyte
CATCGCTAGGTTCCAT	neuronal
CATCGCTCAAGCGCAA	oligodendrocyte_OPC
CATCGCTTCAGATTGC	unresolved
CATCGCTTCATCGCTC	astrocyte
CATCGGGCACAGTGTT	oligodendrocyte_OPC
CATCGGGCACGCTGCA	neuronal
CATCGGGGTCAAATCC	unresolved
CATCGGGTCAGCCTCT	ambiguous_or_doublet
CATCGGGTCAGCTAGT	oligodendrocyte_OPC
CATCGTCCACTAACGT	oligodendrocyte_OPC
CATCGTCTCGGTGCAC	unresolved
CATCGTCTCTGGCTGG	oligodendrocyte_OPC
CATGAGTAGAAACTGT	unresolved
CATGAGTAGGCATCAG	neuronal
CATGAGTCAGGAGACT	oligodendrocyte_OPC
CATGAGTGTAGCGTCC	unresolved
CATGAGTTCAAAGGTA	oligodendrocyte_OPC
CATGAGTTCACTGTTT	unresolved
CATGCAAAGACCTCCG	unresolved
CATGCAAAGTGTTCAC	neuronal
CATGCAACACCTATCC	oligodendrocyte_OPC
CATGCAACAGTAACCT	ambiguous_or_doublet
CATGCAAGTCACGACC	astrocyte
CATGCAAGTTATGACC	astrocyte
CATGCAATCAGAGTTC	unresolved
CATGCAATCAGCTTCC	oligodendrocyte_OPC
CATGCAATCATGCCGG	unresolved
CATGCAATCATGGGAG	unresolved
CATGCAATCTGTGCAA	astrocyte
CATGCAATCTTAGGAC	ambiguous_or_doublet
CATGCCTAGACTCATC	oligodendrocyte_OPC
CATGCCTCAGTCTGGC	oligodendrocyte_OPC
CATGCCTGTATGACAA	neuronal
CATGCCTGTCGAACGA	oligodendrocyte_OPC
CATGCCTGTTCACGAT	ambiguous_or_doublet
CATGCGGCATATACCG	unresolved
CATGCGGCATTGCTTT	neuronal
CATGCGGGTCATCAGT	oligodendrocyte_OPC
CATGCTCAGACACACG	oligodendrocyte_OPC
CATGCTCAGGCTATCT	astrocyte
CATGCTCCAAGCCCAC	unresolved
CATGCTCGTGGGCTTC	oligodendrocyte_OPC
CATGCTCTCCTCTTTC	unresolved
CATGCTCTCGAACCAT	microglia_immune
CATGGATTCCGCGAGT	unresolved
CATGGTACACCTTCGT	vascular
CATGGTACACGCTGTG	astrocyte
CATTCATGTAGTCACT	unresolved
CATTCATGTCCATCTC	unresolved
CATTCATGTCTTCATT	vascular
CATTCATTCTCTCTAA	vascular
CATTCCGAGCGCCATC	neuronal
CATTCCGAGGTGATCG	neuronal
CATTCCGCAAATAAGC	unresolved
CATTCCGCAATGCAGG	unresolved
CATTCCGCACATTACG	astrocyte
CATTCCGCACGACAGA	oligodendrocyte_OPC
CATTCCGCACTAGGTT	unresolved
CATTCCGGTACACGTT	ambiguous_or_doublet
CATTCTAAGGATGCGT	vascular
CATTCTAGTGGCCCAT	unresolved
CATTCTAGTTATCCAG	astrocyte
CATTCTATCACGGGCT	oligodendrocyte_OPC
CATTCTATCTTGCAGA	microglia_immune
CATTGAGGTCGACTGC	oligodendrocyte_OPC
CATTGAGGTTCTATCT	unresolved
CATTGCCAGAGTATAC	oligodendrocyte_OPC
CATTGCCAGTAGACCG	oligodendrocyte_OPC
CATTGCCGTCGGTGAA	oligodendrocyte_OPC
CATTGCCGTTCTCCTG	oligodendrocyte_OPC
CATTGCCTCAACACGT	oligodendrocyte_OPC
CATTGCCTCACTGATG	astrocyte
CATTGTTCAGGTTACT	neuronal
CATTGTTGTAACTGCT	unresolved
CATTGTTGTACAGCGA	astrocyte
CATTGTTGTGGACAGT	astrocyte
CATTTCACACCTTCGT	oligodendrocyte_OPC
CCAAGCGCAACGCCCA	microglia_immune
CCAAGCGTCATCACTT	unresolved
CCAAGCGTCTCCCATG	neuronal
CCAATGAAGGTTCTTG	neuronal
CCAATGACACCGTGAC	unresolved
CCAATGACACTGAATC	oligodendrocyte_OPC
CCAATGACATGACGGA	unresolved
CCAATGATCAGCGCAC	oligodendrocyte_OPC
CCAATGATCTTCCGTG	unresolved
CCAATTTAGGTTGCCC	unresolved
CCAATTTCAAACCACT	neuronal
CCAATTTCAATACAGA	unresolved
CCAATTTGTCATCAGT	unresolved
CCAATTTTCCTAGAGT	unresolved
CCAATTTTCTTCCCAG	oligodendrocyte_OPC
CCACAAAAGCATCCTA	unresolved
CCACAAAAGTCGTTAC	neuronal
CCACAAACAACCAGAG	unresolved
CCACAAACAAGTCCCG	unresolved
CCACAAACACAGTGTT	unresolved
CCACAAACACATTACG	astrocyte
CCACAAAGTAGCTTTG	astrocyte
CCACACTCAAGTTGGG	oligodendrocyte_OPC
CCACACTCATGGCCCA	microglia_immune
CCACACTGTATCCCTC	astrocyte
CCACACTGTGTTAAAG	oligodendrocyte_OPC
CCACACTGTTCGTAAC	neuronal
CCACACTTCTTCCTAA	unresolved
CCACCATAGACCCTTA	neuronal
CCACCATCAACCGCTG	oligodendrocyte_OPC
CCACCATCATGCAGGA	unresolved
CCACCATGTACCGTGC	neuronal
CCACCATTCACTCTTA	neuronal
CCACCATTCCTAGAGT	oligodendrocyte_OPC
CCACCATTCTAGCATG	astrocyte
CCACGAGGTACAGTAA	neuronal
CCACGTTGTAACAGTA	neuronal
CCACGTTGTAGATTAG	astrocyte
CCACTTGCATCGAAGG	oligodendrocyte_OPC
CCACTTGGTTAGGGAC	astrocyte
CCACTTGTCTGCCTCA	neuronal
CCATAAGAGGGCAACT	unresolved
CCATAAGCAAGCGGAT	neuronal
CCATAAGCACCTCGTT	unresolved
CCATAAGCATCGTGCG	unresolved
CCATAAGTCACCATCC	unresolved
CCATCACAGCTCTGTA	neuronal
CCATCACAGTTTGTCG	astrocyte
CCATCACCACATTGTG	astrocyte
CCATCACTCCTTCTAA	unresolved
CCCAACTCAATCAAGA	unresolved
CCCAACTGTGGCATCC	neuronal
CCCAACTTCAGTCCGG	unresolved
CCCATTGAGAGACAAG	unresolved
CCCATTGAGCCTATCA	oligodendrocyte_OPC
CCCATTGTCGCGTAGC	neuronal
CCCGAAGAGCCAGTAG	astrocyte
CCCGAAGAGCGTGAGT	unresolved
CCCGAAGCACATATCG	neuronal
CCCGAAGCACCTCTGT	vascular
CCCGAAGCATCATCCC	unresolved
CCCGAAGGTACTCGTA	oligodendrocyte_OPC
CCCGAAGGTGTAAACA	neuronal
CCCGAAGTCAACTCTT	neuronal
CCCGAAGTCAGAGTGG	neuronal
CCCGGAAAGATGAAGG	oligodendrocyte_OPC
CCCGGAAAGGTTCTTG	oligodendrocyte_OPC
CCCGGAACAAGGAGTC	unresolved
CCCGGAACATCAGCGC	neuronal
CCCGGAACATTGCCTC	oligodendrocyte_OPC
CCCGGAAGTATTCCGA	unresolved
CCCGGAAGTGAATATG	oligodendrocyte_OPC
CCCGGAAGTTACGTAC	microglia_immune
CCCGGAATCGGACAAG	unresolved
CCCTAACAGTGGCCTC	neuronal
CCCTAACGTATTGCCA	unresolved
CCCTAACGTCCAAGAG	unresolved
CCCTAACGTGTGTCGC	vascular
CCCTAACGTTCTCCAC	unresolved
CCCTAACTCCGATTAG	unresolved
CCCTCAAAGCATTTCG	astrocyte
CCCTCAAAGTCCGCCA	unresolved
CCCTCAAGTACAGTAA	oligodendrocyte_OPC
CCCTCAAGTGTCGATT	ambiguous_or_doublet
CCCTCAATCACTGTTT	unresolved
CCCTCAATCGGTCATA	microglia_immune
CCCTCTCAGACGTCCC	unresolved
CCCTCTCAGATAACGT	neuronal
CCCTCTCCACCCAATA	neuronal
CCCTGATAGGTGGCTA	unresolved
CCCTGATCAAATTGGA	neuronal
CCCTGATCACATATGC	unresolved
CCCTGATGTCAATGGG	astrocyte
CCCTGATGTTATCTTC	unresolved
CCCTGATTCCGTGGTG	astrocyte
CCCTGATTCGGTAACT	neuronal
CCCTTAGCACGACAAG	oligodendrocyte_OPC
CCCTTAGCATCAACCA	unresolved
CCCTTAGGTAGACGGT	unresolved
CCCTTAGGTCTTTATC	astrocyte
CCGAACGCATGACTAC	unresolved
CCGAACGTCGCCACTT	unresolved
CCGATCTCAAGCTACT	astrocyte
CCGATCTCACTTGACA	oligodendrocyte_OPC
CCGATCTGTAGGACCA	astrocyte
CCGATCTGTTCCGGTG	unresolved
CCGATCTTCCAAGCAT	oligodendrocyte_OPC
CCGATCTTCTGCACCT	ambiguous_or_doublet
CCGATGGAGATGACAT	unresolved
CCGATGGAGGCTAGCA	neuronal
CCGATGGCAGATCATC	neuronal
CCGATGGGTAAGTTGA	neuronal
CCGATGGGTGTCTCCT	microglia_immune
CCGATGGGTTTGTGGT	neuronal
CCGATGGTCACCTGTC	vascular
CCGATGGTCCGTGGCA	astrocyte
CCGCAAGCAAATGATG	unresolved
CCGCAAGCAGGATTCT	oligodendrocyte_OPC
CCGCAAGTCTCGACCT	oligodendrocyte_OPC
CCGGACAAGCACCGAA	neuronal
CCGGACAAGTGTACAA	unresolved
CCGGACACAAGGGCAT	oligodendrocyte_OPC
CCGGACATCCTGCTAC	neuronal
CCGGGTACAAAGAACT	unresolved
CCGGGTACAACCGTAT	oligodendrocyte_OPC
CCGGGTACAGCAGTGA	neuronal
CCGGGTAGTCTTGCGG	unresolved
CCGGGTATCCTTTGAT	neuronal
CCGGTAGCAAACTCTG	astrocyte
CCGGTAGCAAGCAATA	vascular
CCGGTAGGTTAGGGAC	oligodendrocyte_OPC
CCGGTGAAGGATTACA	unresolved
CCGGTGAAGGTCGTCC	unresolved
CCGGTGACACAAATGA	unresolved
CCGGTGAGTACAGTCT	oligodendrocyte_OPC
CCGGTGATCAAAGGTA	neuronal
CCGGTGATCCTCGCAT	neuronal
CCGTAGGGTAACGTTC	unresolved
CCGTAGGGTAGACAGC	ambiguous_or_doublet
CCGTAGGGTCGGCCTA	microglia_immune
CCGTAGGGTGAGTCAG	ambiguous_or_doublet
CCGTAGGTCTATCGCC	astrocyte
CCGTGAGAGAAGTATC	neuronal
CCGTGAGAGAGCATAT	unresolved
CCGTGAGCAACGTATC	oligodendrocyte_OPC
CCGTGAGGTGGGTTGA	unresolved
CCGTGAGTCATGGAGG	unresolved
CCGTTCACATCCTATT	neuronal
CCGTTCATCAGACCGC	unresolved
CCGTTCATCAGGTGTT	oligodendrocyte_OPC
CCGTTCATCCATGCAA	oligodendrocyte_OPC
CCGTTCATCTAAACGC	microglia_immune
CCTAACCAGAAGCCTG	unresolved
CCTAACCGTGGGTCAA	unresolved
CCTAACCGTTGCAAGG	unresolved
CCTAACCTCACTGAAC	oligodendrocyte_OPC
CCTAACCTCCCATAGA	oligodendrocyte_OPC
CCTAAGAAGAACGTGC	oligodendrocyte_OPC
CCTAAGAAGCACCCAC	ambiguous_or_doublet
CCTAAGAAGGGTCTTT	oligodendrocyte_OPC
CCTAAGACAATACAGA	microglia_immune
CCTAAGACACAATGTC	ambiguous_or_doublet
CCTAAGAGTTGCCAAT	unresolved
CCTACGTAGTCAGCGA	oligodendrocyte_OPC
CCTACGTAGTTGAAAC	oligodendrocyte_OPC
CCTACGTCACCATAAC	unresolved
CCTACGTCACCGTGAC	neuronal
CCTACGTGTACAAAGT	astrocyte
CCTACGTTCGTAGGGA	oligodendrocyte_OPC
CCTATCGGTCTTAGTG	neuronal
CCTATCGTCATCACAG	vascular
CCTCAACAGGTGCCAA	unresolved
CCTCAACCAAATGGAT	neuronal
CCTCAACGTAGGCAAC	microglia_immune
CCTCAACGTCTCGCGA	astrocyte
CCTCAACTCTCGGTCT	astrocyte
CCTCACAGTTGCTCCT	unresolved
CCTCACATCTCTGGTC	unresolved
CCTCAGTCATACTGTG	oligodendrocyte_OPC
CCTCAGTGTGTTCCAA	oligodendrocyte_OPC
CCTCAGTGTTCTTAGG	neuronal
CCTCAGTTCTAGCCTC	microglia_immune
CCTCAGTTCTCTCAAT	oligodendrocyte_OPC
CCTCATGAGGGCTGAT	oligodendrocyte_OPC
CCTCATGCAAGACTGG	unresolved
CCTCATGTCAAGATAG	unresolved
CCTCCAAAGGGACCAT	astrocyte
CCTCCAACAACTGCTA	unresolved
CCTCCAACACTCCCTA	unresolved
CCTCCAACAGACAAAT	oligodendrocyte_OPC
CCTCCAAGTACGATTC	unresolved
CCTCCAAGTGTCTCCT	neuronal
CCTCCTCCACCCTTGT	oligodendrocyte_OPC
CCTCTAGCAAAGGCAC	unresolved
CCTCTAGCAAATGAAC	unresolved
CCTCTAGCACACGTGC	microglia_immune
CCTCTAGGTTCTTGTT	oligodendrocyte_OPC
CCTCTAGTCAGTCTTT	unresolved
CCTCTAGTCCACGTCT	unresolved
CCTCTCCAGAAACTGT	astrocyte
CCTCTCCCAACGAGGT	unresolved
CCTCTCCCAGTTCCAA	unresolved
CCTCTCCGTCCCGGTA	unresolved
CCTCTCCGTGGGACAT	unresolved
CCTCTCCTCACACCGG	astrocyte
CCTCTCCTCCCATAAG	unresolved
CCTGCATAGGCATTTC	astrocyte
CCTGCATAGTTACGAA	unresolved
CCTGCATCACCTCTGT	neuronal
CCTGTTGAGCGACATG	astrocyte
CCTGTTGCAAACTAAG	unresolved
CCTGTTGCACGACGTC	neuronal
CCTGTTGCACGCGGTT	unresolved
CCTGTTGCACGGTGCT	unresolved
CCTGTTGCATGTCGTA	unresolved
CCTGTTGTCTGACAGT	astrocyte
CCTTCAGAGTATGAGT	unresolved
CCTTCAGTCGTACACA	neuronal
CCTTCAGTCGTCTAAG	unresolved
CCTTGTGAGCATTTCG	astrocyte
CCTTGTGCAACAGTGG	unresolved
CCTTGTGTCCGGTAAT	neuronal
CCTTTGGAGTGAATAC	neuronal
CCTTTGGCAGCCTACG	unresolved
CGAAGGAAGTTACTCG	unresolved
CGAAGGACACGACGCT	oligodendrocyte_OPC
CGAAGGAGTGTACATC	astrocyte
CGAAGGAGTTGTCTAG	neuronal
CGAAGGATCTTTCAGT	neuronal
CGAAGTTAGACATCCT	oligodendrocyte_OPC
CGAAGTTCAAAGCTCT	microglia_immune
CGAAGTTCAGACACAG	oligodendrocyte_OPC
CGAAGTTGTCTGTGAT	unresolved
CGAATTGCACACCTTC	unresolved
CGAATTGCATACCAGT	neuronal
CGACAGCAGCAGTAAT	oligodendrocyte_OPC
CGACAGCCAATTGCTG	unresolved
CGACAGCTCCAAACCA	neuronal
CGAGAAGAGAGCAAGA	astrocyte
CGAGAAGCAGTAGTGG	microglia_immune
CGAGAAGGTAACACGG	neuronal
CGAGAAGGTGGTCTCG	astrocyte
CGAGAAGTCCTTCGAC	astrocyte
CGAGGAAAGCAGGCAT	unresolved
CGAGGAAAGCCTCAGC	unresolved
CGAGGAAAGTTCGCAT	unresolved
CGAGGAAGTGGCGCTT	microglia_immune
CGAGGCTAGCCTCAAT	vascular
CGAGGCTAGTCTTGGT	unresolved
CGAGGCTGTTAGCTAC	astrocyte
CGAGGCTTCTCAACCC	oligodendrocyte_OPC
CGAGTGCAGAACGCGT	unresolved
CGAGTGCAGACTTCCA	oligodendrocyte_OPC
CGAGTGCGTACTCGAT	vascular
CGAGTTAAGTATAGAC	neuronal
CGAGTTAGTCAAATCC	astrocyte
CGAGTTAGTCACGTGC	microglia_immune
CGAGTTATCTTGCAAG	unresolved
CGATCGGCAAAGACGC	unresolved
CGATCGGCAGAGGACT	unresolved
CGATCGGGTCGAATTC	oligodendrocyte_OPC
CGATGCGAGACCAAAT	unresolved
CGATGCGCACGGCGTT	unresolved
CGATGCGCAGTTCTAG	neuronal
CGATGCGCATACACCA	astrocyte
CGATGCGGTAGTGCGA	oligodendrocyte_OPC
CGATGGCAGACCAAAT	oligodendrocyte_OPC
CGATGGCAGACCTTTG	unresolved
CGATGGCAGACGCAGT	unresolved
CGATGGCAGGTACTGG	neuronal
CGATGGCGTAGCGTTT	unresolved
CGCAGGTCACCTATCC	ambiguous_or_doublet
CGCAGGTGTACGCTTA	neuronal
CGCAGGTGTACTGAGG	astrocyte
CGCAGGTGTCTAATCG	unresolved
CGCAGGTGTGTGTCCG	astrocyte
CGCAGGTTCCGCTAGG	astrocyte
CGCAGGTTCGCCTTGT	neuronal
CGCAGGTTCTGTCGTC	oligodendrocyte_OPC
CGCATAAAGTGGAAGA	oligodendrocyte_OPC
CGCATAATCCTCGCAT	unresolved
CGCATGGAGTGGCCTC	unresolved
CGCATGGTCCATTGCC	microglia_immune
CGCATGGTCTAACGCA	unresolved
CGCCAGAAGCCTAACT	oligodendrocyte_OPC
CGCCAGAAGCCTCATA	astrocyte
CGCCAGAAGGCAGGTT	astrocyte
CGCCAGATCGGAGCAA	unresolved
CGCCATTAGAATAGTC	unresolved
CGCCATTAGATAGCAT	unresolved
CGCCATTAGCGTCAGA	neuronal
CGCCATTAGGTAGACC	neuronal
CGCCATTAGTAAAGCT	neuronal
CGCCATTTCATGAGAA	neuronal
CGCCATTTCGCTACGG	vascular
CGCGTGAAGAAACCAT	unresolved
CGCGTGAAGTCTGCGC	unresolved
CGCGTGATCGAACCTA	unresolved
CGGAACCAGTGCAAAT	microglia_immune
CGGAACCTCGGTATGT	ambiguous_or_doublet
CGGAATTAGTTCGGTT	neuronal
CGGAATTGTCTGTAAC	unresolved
CGGAATTGTGCGTGCT	unresolved
CGGAATTGTGGCAACA	neuronal
CGGAATTTCTATTCGT	unresolved
CGGAATTTCTCAGTCC	neuronal
CGGACACGTCTGCCTT	unresolved
CGGACACGTTCAGGTT	unresolved
CGGACACGTTCTGACA	unresolved
CGGACACTCACTAGCA	oligodendrocyte_OPC
CGGAGAAAGGTTCAGG	unresolved
CGGAGAAAGTTGAAAC	oligodendrocyte_OPC
CGGAGAAAGTTGGAGC	unresolved
CGGAGAACAATGCAAA	microglia_immune
CGGAGAACAGGACTTT	unresolved
CGGAGAAGTAGAAACT	neuronal
CGGAGAATCGCCTTGT	neuronal
CGGCAGTCAAAGCTCT	oligodendrocyte_OPC
CGGCAGTGTAATACCC	oligodendrocyte_OPC
CGGCAGTGTCAGACTT	astrocyte
CGGCAGTGTGTCATGT	microglia_immune
CGGGACTAGACAACTA	unresolved
CGGGACTCAGAAACCG	unresolved
CGGGACTGTAGACTGG	oligodendrocyte_OPC
CGGGACTGTCGCTTAA	unresolved
CGGGACTGTGTTCGAT	unresolved
CGGGACTTCAAGCCTA	astrocyte
CGGGACTTCGTTCCTG	neuronal
CGGGCATAGAGGATCC	unresolved
CGGGCATAGCCGGAAT	vascular
CGGGCATAGCTGACCC	oligodendrocyte_OPC
CGGGCATAGGAGGTTC	oligodendrocyte_OPC
CGGGCATTCAAGCTTG	unresolved
CGGGCATTCATAGCAC	neuronal
CGGGTCAGTAACGATA	astrocyte
CGGGTCAGTGGGCTCT	neuronal
CGGGTCAGTTGGCCTG	astrocyte
CGGGTCATCTGATTCT	vascular
CGGGTCATCTTGTTAC	oligodendrocyte_OPC
CGGGTGTAGATGACAT	microglia_immune
CGGGTGTAGTTCACTG	neuronal
CGGGTGTCAACCGACC	oligodendrocyte_OPC
CGGGTGTCACCTCAGG	unresolved
CGGGTGTTCCTGCTAC	unresolved
CGGTCAGCAAGGCTTT	astrocyte
CGGTCAGCATGACGTT	unresolved
CGGTCAGGTATGGGAC	oligodendrocyte_OPC
CGTAAGTAGCAACTTC	microglia_immune
CGTAAGTCACCGTGAC	oligodendrocyte_OPC
CGTAAGTCACTCTCGT	neuronal
CGTAAGTGTAGATTAG	microglia_immune
CGTAATGCACGTGTGC	unresolved
CGTAATGGTACACTCA	oligodendrocyte_OPC
CGTAATGTCCTCGCAT	unresolved
CGTAATGTCCTGCCAT	neuronal
CGTAGTAAGTTGCTGT	oligodendrocyte_OPC
CGTAGTACAAGGGCAT	oligodendrocyte_OPC
CGTAGTAGTAGCTGAG	oligodendrocyte_OPC
CGTAGTAGTAGGGTAC	astrocyte
CGTCAAACAGGAATAT	unresolved
CGTCAAACAGGACATG	unresolved
CGTCAAACATCATGAC	unresolved
CGTCAAAGTCCTCAGG	neuronal
CGTCAAATCCAAGCCG	astrocyte
CGTCCATAGGATTCCT	unresolved
CGTCCATCAAAGGAGA	microglia_immune
CGTCCATCAGATCCTA	unresolved
CGTCCATGTGATAGAT	unresolved
CGTGAATAGAACTGAT	neuronal
CGTGAATCACATATCG	oligodendrocyte_OPC
CGTGAATGTACAGTTC	oligodendrocyte_OPC
CGTGAATGTTGCATAC	oligodendrocyte_OPC
CGTGAATGTTTGGAGG	neuronal
CGTGAATTCAGCGCGT	microglia_immune
CGTGATAAGGTGGTTG	unresolved
CGTGATACAAAGGATT	unresolved
CGTGATAGTGTCCCTT	unresolved
CGTGCTTAGCACCGTC	oligodendrocyte_OPC
CGTGCTTCAAGAGTTA	astrocyte
CGTGCTTCAGGTTACT	unresolved
CGTGCTTGTTGACTGT	unresolved
CGTGTCTAGGATACCG	unresolved
CGTGTCTCAAGCTGCC	neuronal
CGTGTCTCATACAGGG	neuronal
CGTGTCTGTGGGCTCT	unresolved
CGTGTCTTCCTTCAGC	unresolved
CGTTAGAAGAACCGCA	astrocyte
CGTTAGAAGCCGATCC	neuronal
CGTTCTGAGGCCCAAA	unresolved
CGTTCTGCAACAAGAT	unresolved
CGTTCTGCAGAACTTC	oligodendrocyte_OPC
CGTTCTGCATCAGCTA	neuronal
CGTTCTGCATTGGCAT	unresolved
CGTTCTGTCATCTATC	unresolved
CGTTGGGAGAAGTGTT	neuronal
CGTTGGGAGCACTCCG	unresolved
CGTTGGGCACCAGACC	astrocyte
CGTTGGGCACCCAACG	unresolved
CGTTGGGGTACCGGCT	oligodendrocyte_OPC
CTAACCCAGCTGGCTC	microglia_immune
CTAACCCAGTCTTCGA	oligodendrocyte_OPC
CTAACCCAGTTCGCAT	unresolved
CTAACCCCAGTGAGCA	neuronal
CTAACTTAGACGTCCC	neuronal
CTAACTTAGATCGCTT	unresolved
CTAACTTAGTCCCGGT	neuronal
CTAACTTGTGAGGAAA	oligodendrocyte_OPC
CTAACTTGTGCACGCT	neuronal
CTAACTTGTGGCGCTT	microglia_immune
CTAACTTTCTTCCCAG	neuronal
CTAAGTGCAAGATGGC	unresolved
CTAAGTGTCGGTAACT	unresolved
CTACAGACAAGAATGT	oligodendrocyte_OPC
CTACAGACAGCGCTTG	astrocyte
CTACATTAGATTGACA	neuronal
CTACATTAGTAGGATT	neuronal
CTACATTAGTGGATAT	neuronal
CTACATTGTCGCAGTC	neuronal
CTACATTGTTTACGAC	astrocyte
CTACATTTCGTGCTCT	oligodendrocyte_OPC
CTACATTTCTCAATCT	oligodendrocyte_OPC
CTACATTTCTCCTGCA	unresolved
CTACCCAGTTCGGTAT	microglia_immune
CTACCCATCAAACCCA	unresolved
CTACCCATCCGGCAGT	unresolved
CTACCTGAGCTCTATG	unresolved
CTACCTGAGGTCCTGC	oligodendrocyte_OPC
CTACCTGGTCGAATTC	microglia_immune
CTACGGGAGGATACGC	unresolved
CTACGGGCAACCAGAG	neuronal
CTACGGGTCCGTAGTA	unresolved
CTACTATAGCACAAAT	microglia_immune
CTACTATCATGCCATA	oligodendrocyte_OPC
CTACTATTCGGAAACG	astrocyte
CTAGACAAGAAACTGT	neuronal
CTAGACAAGAGTATAC	oligodendrocyte_OPC
CTAGACAAGGTCTTTG	unresolved
CTAGACAAGTGAATAC	neuronal
CTAGACACACTATCGA	unresolved
CTAGGTAAGATGAAGG	neuronal
CTAGGTACAGTTAGAA	neuronal
CTAGGTAGTAATCAGA	astrocyte
CTAGGTAGTATCCTCC	oligodendrocyte_OPC
CTAGGTATCTCGCGTT	unresolved
CTATAGGCAACTGCCG	oligodendrocyte_OPC
CTATAGGCAGATAAAC	neuronal
CTATAGGGTACCAGAG	unresolved
CTATAGGGTGCAATGG	astrocyte
CTATAGGGTGTACATC	astrocyte
CTATAGGTCGCTACGG	unresolved
CTATCCGAGACCTTTG	oligodendrocyte_OPC
CTATCCGAGTACCGGA	neuronal
CTATCCGAGTCTAACC	astrocyte
CTATCTATCATCCCGT	unresolved
CTATCTATCTCCAATT	unresolved
CTCAACCAGGCGTCCT	astrocyte
CTCAACCCAGACTCTA	unresolved
CTCAACCCATACAGAA	neuronal
CTCAACCGTGGCATCC	unresolved
CTCAACCTCCCATAAG	unresolved
CTCAAGAAGCCACAAG	vascular
CTCAAGACATTCTTCA	unresolved
CTCAAGAGTAACACGG	astrocyte
CTCAAGAGTGGTGATG	oligodendrocyte_OPC
CTCAAGATCTGCAGCG	astrocyte
CTCAATTGTCCGCAGT	astrocyte
CTCAATTGTGCTTCAA	unresolved
CTCACTGAGATGGCGT	oligodendrocyte_OPC
CTCACTGAGCGGTAGT	neuronal
CTCACTGCAGAGTTGG	neuronal
CTCACTGCAGCTACAT	unresolved
CTCACTGCATGCGGTC	astrocyte
CTCACTGTCTCACCCA	unresolved
CTCAGAACAAATGCGG	unresolved
CTCAGAACACCTGAAT	microglia_immune
CTCAGAAGTAACATCC	unresolved
CTCAGAAGTAACCCGC	microglia_immune
CTCAGAAGTCGTCATA	astrocyte
CTCAGAATCGACCCAG	neuronal
CTCAGAATCTAAGGAA	unresolved
CTCAGGGAGGATTACA	unresolved
CTCAGGGAGGTCCAGA	astrocyte
CTCAGGGGTAGGCTCC	unresolved
CTCAGGGTCCCGTTGT	astrocyte
CTCAGTCTCATCGCTC	neuronal
CTCAGTCTCGTAACCA	unresolved
CTCATCGCAATACCTG	astrocyte
CTCATCGCATGTTTGG	unresolved
CTCATCGGTTAATGAG	unresolved
CTCATCGGTTAGTTCG	unresolved
CTCATCGGTTATCTGG	microglia_immune
CTCATCGGTTCCCAAA	neuronal
CTCATCGTCGTCCTTG	neuronal
CTCATGCAGACGACTG	unresolved
CTCATGCAGGGCCTCT	neuronal
CTCATGCAGTTAGTGA	microglia_immune
CTCATGCCAAGACTGG	unresolved
CTCATGCTCACCTACC	unresolved
CTCATGCTCCGTACGG	unresolved
CTCATGCTCCTGCCAT	unresolved
CTCATGCTCGTTCCCA	unresolved
CTCATTAAGGGCCCTT	unresolved
CTCATTAGTCTCTCAC	unresolved
CTCATTATCCTATGGA	neuronal
CTCATTATCGATACGT	neuronal
CTCATTATCTATACGG	unresolved
CTCATTATCTTCCCGA	unresolved
CTCCAACAGCACTAGG	unresolved
CTCCAACCACCGGTCA	unresolved
CTCCAACCACGCACCA	oligodendrocyte_OPC
CTCCAACCACTAGTAC	astrocyte
CTCCAACCACTGAGGA	unresolved
CTCCAACGTTGCATGT	oligodendrocyte_OPC
CTCCAACTCCGTGGTG	unresolved
CTCCAACTCGGTCTGG	neuronal
CTCCACACACATACGT	oligodendrocyte_OPC
CTCCACACACCAAAGG	vascular
CTCCACACAGCGTTTA	astrocyte
CTCCACATCGCCTAGG	neuronal
CTCCATGAGCTAATCC	astrocyte
CTCCATGAGGGTGGGA	astrocyte
CTCCATGGTATCCCTC	oligodendrocyte_OPC
CTCCATGGTGTTACTG	microglia_immune
CTCCATGTCCCAGGCA	oligodendrocyte_OPC
CTCCATGTCTCACGAA	neuronal
CTCCCAACATGGACAG	astrocyte
CTCCCAAGTCATATGC	unresolved
CTCCCAAGTTGTGGCC	unresolved
CTCCCAATCACGGAGA	neuronal
CTCCCAATCATGCCAA	astrocyte
CTCCCAATCGCTAATG	oligodendrocyte_OPC
CTCCCTCCAGCTTCCT	oligodendrocyte_OPC
CTCCCTCCATTGGCAT	astrocyte
CTCCCTCGTGACGCCT	unresolved
CTCCCTCGTTCAGCTA	unresolved
CTCCCTCTCAGCTCTC	unresolved
CTCCCTCTCCCAGGAC	neuronal
CTCCGATAGAACGTGC	neuronal
CTCCGATGTACTAACC	neuronal
CTCCGATGTCCAGGTC	astrocyte
CTCCGATGTTAGAAGT	oligodendrocyte_OPC
CTCCTCCAGGTAACTA	astrocyte
CTCCTCCCAACTCCAA	oligodendrocyte_OPC
CTCCTCCCATCGCTCT	unresolved
CTCCTTTAGTGCCAGA	unresolved
CTCCTTTCAGGGTTGA	oligodendrocyte_OPC
CTCCTTTGTTGAATCC	oligodendrocyte_OPC
CTCCTTTTCTGTCGTC	unresolved
CTCGAGGAGTCTTCGA	unresolved
CTCGAGGTCCCTCGTA	microglia_immune
CTCTCAGCAATGCAGG	astrocyte
CTCTCAGGTGTCTAAC	unresolved
CTCTCAGTCGAGTCTA	unresolved
CTCTCAGTCTAGTCAG	ambiguous_or_doublet
CTCTCGACAAGTCCAT	oligodendrocyte_OPC
CTCTCGACATATACCG	neuronal
CTCTCGAGTCCTCCTA	astrocyte
CTCTCGAGTCCTGGGT	unresolved
CTCTCGAGTGATACTC	ambiguous_or_doublet
CTCTCGAGTGTTCCAA	astrocyte
CTCTCGATCGAGAAAT	unresolved
CTCTCGATCGCACGAC	oligodendrocyte_OPC
CTCTCGATCTTGCAGA	astrocyte
CTCTGGTAGAAGGATG	neuronal
CTCTGGTAGCCGGATA	microglia_immune
CTGAATGCAAGATTGA	unresolved
CTGAATGGTAGAAACT	unresolved
CTGAGCGAGACGGTCA	unresolved
CTGAGCGAGCCTGGAA	unresolved
CTGAGCGCAAGAGGCT	astrocyte
CTGAGCGGTAGCGTCC	neuronal
CTGAGCGTCCACTTTA	neuronal
CTGAGGCCATGGGAAC	microglia_immune
CTGAGGCGTATGAGAT	neuronal
CTGAGGCTCCCTGTTG	neuronal
CTGATCCAGAAGTCCG	unresolved
CTGATCCAGACCAAGC	astrocyte
CTGATCCCAATCGCAT	neuronal
CTGATCCGTCACGCTG	unresolved
CTGATCCTCTGCTTAT	neuronal
CTGCAGGCACGTCATA	unresolved
CTGCATCCAAAGTATG	unresolved
CTGCATCCAACAGCTT	unresolved
CTGCATCCATTAAAGG	ambiguous_or_doublet
CTGCCATAGTAACCTC	unresolved
CTGCCATCATCGATCA	oligodendrocyte_OPC
CTGCCATGTCACGACC	astrocyte
CTGCCATGTTCCAAAC	unresolved
CTGCCATTCAAGCCTA	microglia_immune
CTGCCATTCCCTCTTT	neuronal
CTGCGAGCAAAGCTAA	astrocyte
CTGCGAGCAAGACCTT	oligodendrocyte_OPC
CTGCTCACAAATGGAT	neuronal
CTGCTCACATATCGGT	neuronal
CTGCTCAGTCGCATCG	neuronal
CTGCTCAGTGACTAAA	astrocyte
CTGCTCATCACGTAGT	oligodendrocyte_OPC
CTGCTCATCTCTATAC	astrocyte
CTGCTCATCTCTGACC	unresolved
CTGGACGAGGGACAGG	microglia_immune
CTGGACGAGGGTGGGA	microglia_immune
CTGGACGCAGTAGTGG	neuronal
CTGGACGTCAAGGTGG	unresolved
CTGGACGTCATTACCT	microglia_immune
CTGGACGTCGCTGCGA	neuronal
CTGGCAGAGAGGGCGA	unresolved
CTGGCAGCAAACCACT	neuronal
CTGGCAGGTCGGTAAG	neuronal
CTGGCAGGTCGGTACC	unresolved
CTGGCAGTCCGGCAGT	oligodendrocyte_OPC
CTGGTCTAGCTCCGAC	microglia_immune
CTGGTCTAGTTCAACC	astrocyte
CTGGTCTGTCAAGTTC	unresolved
CTGGTCTGTTCAAACC	unresolved
CTGGTCTTCCACCTGT	neuronal
CTGGTCTTCTCGCAGG	unresolved
CTGTACCAGGACATCG	neuronal
CTGTACCGTCACCACG	unresolved
CTGTACCGTGATCGTT	oligodendrocyte_OPC
CTGTACCGTGCAATAA	unresolved
CTGTAGACAAATGGTA	neuronal
CTGTAGACATTAGGAA	oligodendrocyte_OPC
CTGTAGATCACTTGGA	ambiguous_or_doublet
CTGTAGATCTCTCAAT	unresolved
CTGTATTAGTAGCATA	unresolved
CTGTATTCAAGTATAG	unresolved
CTGTATTCAATTTCTC	unresolved
CTGTATTGTCATAAAG	neuronal
CTGTATTGTTCAAGGG	ambiguous_or_doublet
CTGTATTTCGCTAGCG	unresolved
CTGTATTTCTGGGTCG	unresolved
CTGTCGTCACGACCTG	neuronal
CTGTCGTTCTCGAACA	unresolved
CTGTGAAAGCGAAACC	oligodendrocyte_OPC
CTGTGAACAACGTTAC	unresolved
CTGTGAACAGAACGCA	unresolved
CTGTGAACAGAGTGAC	neuronal
CTGTGAAGTCCACACG	unresolved
CTGTGAAGTTATAGCC	neuronal
CTGTGAATCGAAATCC	microglia_immune
CTGTGGGAGGATCATA	unresolved
CTGTGGGCATACAGAA	neuronal
CTGTGGGGTAGAATAC	neuronal
CTGTGGGGTGGGCTCT	unresolved
CTGTGGGTCCATAGAC	neuronal
CTGTGGGTCCTCCACA	oligodendrocyte_OPC
CTTACCGAGCACAAAT	neuronal
CTTACCGAGCTACTAC	unresolved
CTTACCGAGTGCTCGC	microglia_immune
CTTACCGCAACCGACC	neuronal
CTTACCGCATGGAAGC	oligodendrocyte_OPC
CTTACCGTCGATTGGT	oligodendrocyte_OPC
CTTACCGTCTGTTGGA	oligodendrocyte_OPC
CTTAGGAGTGCGGCTT	unresolved
CTTAGGAGTTCGTTCC	unresolved
CTTCAATAGGGTTGCA	unresolved
CTTCAATAGTAAGACT	neuronal
CTTCAATCATGTGCCG	unresolved
CTTCAATTCCTTCGAC	astrocyte
CTTCAATTCGATACTG	oligodendrocyte_OPC
CTTCCGAAGACTACGG	oligodendrocyte_OPC
CTTCCGACAACGCATT	unresolved
CTTCCGAGTCTCGGAC	unresolved
CTTCCGAGTGCATGAG	unresolved
CTTCCGAGTTCGGCTG	oligodendrocyte_OPC
CTTCCGATCAACCGAT	unresolved
CTTCCGATCACCTGTC	neuronal
CTTCCGATCATCTCTA	neuronal
CTTCCGATCATGACAC	unresolved
CTTCCTTAGGGTTGCA	unresolved
CTTCCTTAGTACGAGC	unresolved
CTTCCTTAGTTGGCGA	oligodendrocyte_OPC
CTTCCTTCACTCCTTG	neuronal
CTTCGGTAGGATGTTA	unresolved
CTTCGGTAGGCACCAA	unresolved
CTTCGGTCACCAGGTC	oligodendrocyte_OPC
CTTCGGTTCGATTCCC	unresolved
CTTCTAACAATCTCGA	microglia_immune
CTTCTAACATAGCTGT	unresolved
CTTCTAATCCTCTAAT	oligodendrocyte_OPC
CTTCTCTAGTTAGTGA	unresolved
CTTCTCTCAGCAGTTT	astrocyte
CTTCTCTCATGTGGTT	oligodendrocyte_OPC
CTTGAGACAATACGAA	neuronal
CTTGAGACAATGTCAC	neuronal
CTTGAGACATGACAGG	vascular
CTTGAGAGTGCAATGG	unresolved
CTTGAGAGTTCTCGCT	astrocyte
CTTGAGATCATACGAC	unresolved
CTTGAGATCATTCCTA	astrocyte
CTTGAGATCCGAGCTG	unresolved
CTTGAGATCCTTACCG	astrocyte
CTTGATTAGATTGACA	oligodendrocyte_OPC
CTTGATTCACGTACAT	unresolved
CTTGATTCATGGCCAC	unresolved
CTTTCAAAGAGAGGGC	ambiguous_or_doublet
CTTTCAAAGATTAGCA	unresolved
CTTTCAACAATCGCCG	neuronal
CTTTCAACACCTCTGT	astrocyte
CTTTCAACAGTAACAA	neuronal
CTTTCGGAGAACTGAT	unresolved
CTTTCGGAGGTTCAGG	unresolved
CTTTCGGAGTAGGGTC	unresolved
CTTTCGGAGTTTCGAC	unresolved
CTTTCGGCAACTACGT	neuronal
CTTTCGGTCAGCTCTC	oligodendrocyte_OPC
GAAACCTCAGCACACC	microglia_immune
GAAACCTGTAATGTGA	microglia_immune
GAAATGAAGCGTGTTT	unresolved
GAAATGAAGTCGAGGT	unresolved
GAAATGACAGTAGAAT	astrocyte
GAAATGAGTACAGTTC	astrocyte
GAAATGAGTAGGCTGA	neuronal
GAACACTCAACCCTCT	oligodendrocyte_OPC
GAACACTCATTGGCAT	oligodendrocyte_OPC
GAACACTGTATGTCAC	neuronal
GAACACTGTCGACTGC	ambiguous_or_doublet
GAACACTGTCGATTAC	unresolved
GAACACTTCCGTCCTA	astrocyte
GAACGTTAGAGTTGCG	unresolved
GAACGTTAGTGCAACG	astrocyte
GAACGTTCAAATCAAG	microglia_immune
GAACGTTCACCATATG	microglia_immune
GAACGTTGTAATTGGA	neuronal
GAACGTTGTCACCGAC	oligodendrocyte_OPC
GAACGTTGTGACTAAA	oligodendrocyte_OPC
GAACTGTCAAGGCTTT	unresolved
GAACTGTGTCGCAACC	unresolved
GAACTGTTCCAGCACG	unresolved
GAAGAATGTCTGGTTA	oligodendrocyte_OPC
GAAGAATGTTTACCTT	oligodendrocyte_OPC
GAAGAATTCCTACTGC	astrocyte
GAAGCCCAGTCATAGA	oligodendrocyte_OPC
GAAGCCCGTGATACAA	ambiguous_or_doublet
GAAGCCCGTTGTCTAG	microglia_immune
GAAGCCCTCATTCCTA	unresolved
GAAGCGAAGAAGCGCT	unresolved
GAAGCGACATTCTGTT	unresolved
GAAGGACAGGAGTATT	unresolved
GAAGGACAGGTATCTC	astrocyte
GAAGGACTCTGGAAGG	unresolved
GAAGGGTAGGTTGTTC	unresolved
GAAGGGTCAGGCAATG	vascular
GAAGGGTTCTAGATCG	neuronal
GAAGTAAGTTCTCCAC	vascular
GAAGTAATCACCTTAT	unresolved
GAAGTAATCCTTGGAA	microglia_immune
GAAGTAATCTCTCAAT	unresolved
GAATAGACACGAGAAC	astrocyte
GAATAGAGTCGGTACC	oligodendrocyte_OPC
GAATAGAGTGGGTATG	astrocyte
GAATAGATCATAGAGA	neuronal
GAATCACAGCCTATCA	ambiguous_or_doublet
GAATCACAGCGCTTCG	unresolved
GAATCACAGGCTCTAT	unresolved
GAATCACGTTCAGGTT	unresolved
GAATCGTAGGGTTGCA	unresolved
GAATCGTCACCCTTGT	microglia_immune
GAATCGTCATTGTACG	unresolved
GACACGCAGCCTTCTC	oligodendrocyte_OPC
GACACGCAGCTCGCAC	neuronal
GACAGCCAGCTCCCTT	unresolved
GACAGCCAGTAGAATC	astrocyte
GACAGCCCAGACCTGC	vascular
GACAGCCCATCTAACG	vascular
GACAGCCGTAGGAAAG	unresolved
GACAGCCGTCTGGTTA	neuronal
GACAGCCGTTCAAGTC	unresolved
GACCAATCAGAAATTG	unresolved
GACCAATCAGTAACGG	unresolved
GACCAATTCACAGAGG	neuronal
GACCAATTCACCCATC	unresolved
GACCAATTCACCTCTG	unresolved
GACCAATTCGCCTCTA	oligodendrocyte_OPC
GACCCAGAGACACACG	vascular
GACCCAGAGTAGACCG	unresolved
GACCCAGCAACTCGAT	unresolved
GACCCAGGTGACGTCC	unresolved
GACCCAGTCCTTTAGT	oligodendrocyte_OPC
GACCCTTAGAGTCTTC	unresolved
GACCCTTCACCAGCCA	unresolved
GACCCTTCACCATATG	unresolved
GACCCTTTCACCTTAT	unresolved
GACCGTGAGAACAGGA	unresolved
GACCGTGAGCGAGTCA	oligodendrocyte_OPC
GACCGTGAGGGACCAT	neuronal
GACCGTGAGTTGCCCG	astrocyte
GACCGTGCATCGTGGC	astrocyte
GACCGTGGTAACATGA	oligodendrocyte_OPC
GACCGTGGTCTGTAGT	neuronal
GACCGTGTCTGGAGAG	unresolved
GACCTTCAGACTGGGT	neuronal
GACCTTCAGGCATCAG	neuronal
GACCTTCCATCCTTGC	oligodendrocyte_OPC
GACCTTCTCGCTCATC	neuronal
GACGCTGAGAAGTATC	unresolved
GACGCTGAGATCGCCC	unresolved
GACGCTGCAAATCGGG	microglia_immune
GACGCTGGTGCTCGTG	unresolved
GACGCTGTCCAGTGCG	neuronal
GACGCTGTCTTCTCAA	unresolved
GACGTTAAGGTAAGGA	astrocyte
GACGTTACAAGGCTTT	unresolved
GACGTTAGTAAGGCTG	microglia_immune
GACGTTAGTACAGGTG	unresolved
GACGTTAGTGAGGATC	unresolved
GACGTTATCCGTTTCG	oligodendrocyte_OPC
GACGTTATCTTTGCAT	ambiguous_or_doublet
GACTATGAGACGCTCC	oligodendrocyte_OPC
GACTATGAGAGGATCC	oligodendrocyte_OPC
GACTATGAGCACTTTG	astrocyte
GACTATGAGGATTCAA	neuronal
GACTATGCAACTCGTA	vascular
GACTATGGTGCATGAG	oligodendrocyte_OPC
GACTATGTCCAGTACA	vascular
GACTATGTCGACCACG	unresolved
GACTCAAAGTGCCCGT	neuronal
GACTCAACACTTCAGA	unresolved
GACTCAAGTCAACGCC	neuronal
GACTCAAGTGCTCTCT	unresolved
GACTCAATCTGGACTA	astrocyte
GACTCTCAGACGCCAA	neuronal
GACTCTCAGAGGCGGA	astrocyte
GACTCTCCAGCTATTG	neuronal
GACTCTCCAGGAGGAG	neuronal
GACTCTCCATCGAAGG	neuronal
GACTGATAGTTGTCGT	astrocyte
GACTGATCACATATCG	unresolved
GACTGATCATCCGTTC	oligodendrocyte_OPC
GACTGATGTGTTGACT	oligodendrocyte_OPC
GACTGATTCATGAGAA	neuronal
GACTGATTCTGTGTGA	microglia_immune
GACTGATTCTTGCGCT	unresolved
GACTTCCAGGAACGAA	neuronal
GACTTCCAGGTTGACG	unresolved
GACTTCCCAGCACAGA	oligodendrocyte_OPC
GACTTCCTCCATTTAC	astrocyte
GACTTCCTCTTCGTAT	oligodendrocyte_OPC
GAGAAATCACATCATG	unresolved
GAGAAATCAGCCTACG	microglia_immune
GAGAAATTCATCGCTC	oligodendrocyte_OPC
GAGACCCCACGGAAGT	vascular
GAGACCCGTACAAACA	microglia_immune
GAGACCCTCCATCTCG	neuronal
GAGACCCTCCATTGGA	unresolved
GAGACTTCAATCCAGT	astrocyte
GAGACTTGTACGAAAT	oligodendrocyte_OPC
GAGAGGTGTCCAGCAC	oligodendrocyte_OPC
GAGAGGTGTTCTCACC	unresolved
GAGAGGTTCACTTGTT	astrocyte
GAGATGGAGCCATTGT	astrocyte
GAGATGGCATCCGAAT	unresolved
GAGCCTGTCAGCATTG	unresolved
GAGCCTGTCCACACCT	oligodendrocyte_OPC
GAGCTGCAGCACAAAT	unresolved
GAGCTGCCACCAGCGT	unresolved
GAGCTGCCACTTGGGC	oligodendrocyte_OPC
GAGCTGCGTCACTGAT	neuronal
GAGCTGCGTTGACTAC	oligodendrocyte_OPC
GAGCTGCTCCTCTGCA	unresolved
GAGGCAAAGTTGGCTT	oligodendrocyte_OPC
GAGGCAAGTACGAAAT	oligodendrocyte_OPC
GAGGCAAGTGTGTCGC	neuronal
GAGGCAATCACTCTTA	unresolved
GAGGCCTAGATACCAA	neuronal
GAGGCCTGTCACAGTT	unresolved
GAGGCCTGTCACGTGC	oligodendrocyte_OPC
GAGGCCTTCCGATGCG	oligodendrocyte_OPC
GAGGGATAGAGAGGGC	oligodendrocyte_OPC
GAGGGATAGTCTCGTA	astrocyte
GAGGGATCACTGGCGT	unresolved
GAGGGATTCTGTCCGT	unresolved
GAGGGTACAATACGCT	astrocyte
GAGGGTAGTTGCTAGT	neuronal
GAGTCATAGACCAGAC	oligodendrocyte_OPC
GAGTCATAGCATCAGG	astrocyte
GAGTCATCATTGAGCT	neuronal
GAGTCATTCCATCAGA	neuronal
GAGTCTAAGAAGTCAT	unresolved
GAGTGAGAGGTGGGTT	microglia_immune
GAGTGAGCACCCAATA	unresolved
GAGTGAGCACGACCTG	neuronal
GAGTGTTGTGAGATAT	oligodendrocyte_OPC
GAGTGTTGTTACACAC	oligodendrocyte_OPC
GAGTGTTGTTCAGCTA	unresolved
GAGTGTTTCCACGTAA	unresolved
GAGTTACAGTGAGCCA	unresolved
GAGTTACCAATCCAGT	unresolved
GAGTTACCACTGGCCA	astrocyte
GAGTTACCAGAGGACT	astrocyte
GAGTTACGTGGCCACT	unresolved
GAGTTACTCACACGAT	microglia_immune
GAGTTACTCACATACG	neuronal
GAGTTGTAGCGACCCT	unresolved
GAGTTGTAGTATGATG	neuronal
GAGTTGTCAACTACGT	oligodendrocyte_OPC
GAGTTGTCAATACAGA	oligodendrocyte_OPC
GAGTTGTCACGCGGTT	neuronal
GAGTTGTTCATGCCCT	unresolved
GAGTTGTTCGTGTGGC	unresolved
GAGTTGTTCTAGCCAA	ambiguous_or_doublet
GAGTTGTTCTGTGCGG	neuronal
GAGTTTGAGTCACACT	astrocyte
GAGTTTGAGTCATACC	neuronal
GAGTTTGCAAGAGGTC	oligodendrocyte_OPC
GAGTTTGGTATGCTAC	microglia_immune
GAGTTTGTCGAACCTA	unresolved
GATAGAAGTATGCTAC	microglia_immune
GATAGCTAGCCATTTG	unresolved
GATAGCTAGTGGACGT	unresolved
GATCACAAGACGTCGA	vascular
GATCACAGTACAATAG	unresolved
GATCACAGTACCTTCC	astrocyte
GATCACAGTCGACGCT	neuronal
GATCACAGTGACAGCA	oligodendrocyte_OPC
GATCACATCGCCAACG	unresolved
GATCAGTAGACCCGCT	unresolved
GATCAGTAGGGTAGCT	oligodendrocyte_OPC
GATCAGTTCTCGTCGT	neuronal
GATCATGAGTGCGCTC	oligodendrocyte_OPC
GATCATGGTATCGATC	oligodendrocyte_OPC
GATCATGGTGCGGATA	unresolved
GATCATGTCTGCAGCG	unresolved
GATCCCTAGCATGATA	oligodendrocyte_OPC
GATCCCTAGCCTGAAG	unresolved
GATCCCTAGTTAGAAC	oligodendrocyte_OPC
GATCCCTCAACGACAG	neuronal
GATCCCTCAGCGTGAA	oligodendrocyte_OPC
GATCCCTCATATAGCC	astrocyte
GATCCCTGTCATGGCC	astrocyte
GATCCCTGTTGCCATA	unresolved
GATCGTAAGGTACCTT	astrocyte
GATCGTACAACAACAA	microglia_immune
GATCGTACAGGACTTT	astrocyte
GATCGTAGTCACTGAT	neuronal
GATCGTATCGGTAACT	ambiguous_or_doublet
GATCGTATCTTGGATG	astrocyte
GATGACTAGAAGCTGC	astrocyte
GATGACTCAAATGCGG	oligodendrocyte_OPC
GATGACTCAAGCGAGT	unresolved
GATGACTCACGTCATA	unresolved
GATGACTGTACAACGG	unresolved
GATGACTGTCAAAGTA	neuronal
GATGACTTCTCTGGTC	microglia_immune
GATGAGGCATCTGGGC	unresolved
GATGAGGGTGGCATCC	neuronal
GATGAGGGTTGCTGAT	astrocyte
GATGAGGTCGTGAGAG	oligodendrocyte_OPC
GATGATCAGGCGCTCT	unresolved
GATGATCAGTAAAGCT	neuronal
GATGATCCACTTTATC	astrocyte
GATGATCCATGACCCG	oligodendrocyte_OPC
GATGATCTCTAGACAC	neuronal
GATGCTAAGATTGTGA	unresolved
GATGCTACACGACAGA	unresolved
GATGCTACAGTTGAAA	oligodendrocyte_OPC
GATGCTAGTTGTCTAG	neuronal
GATGGAGAGGCCTGCT	oligodendrocyte_OPC
GATGGAGAGGTGAGAA	neuronal
GATGGAGCAAGACCGA	unresolved
GATGGAGCAGCAGTCC	oligodendrocyte_OPC
GATGGAGCAGTCCGTG	unresolved
GATGGAGGTACAGGTG	unresolved
GATGGAGTCAAGCCCG	ambiguous_or_doublet
GATGTTGAGGAATGTT	neuronal
GATGTTGCAGCCTATA	unresolved
GATGTTGGTAATGTGA	neuronal
GATGTTGGTAGCTTGT	unresolved
GATGTTGTCTTACGTT	oligodendrocyte_OPC
GATTCGAAGGCCTTGC	unresolved
GATTCGAAGGTTACAA	unresolved
GATTCGAAGTACTGTC	neuronal
GATTCGAAGTATGATG	unresolved
GATTCGATCTGTGCTC	unresolved
GATTCTTAGCAACCAG	neuronal
GATTCTTAGTATGAAC	astrocyte
GATTCTTAGTTGTACC	unresolved
GATTCTTCACCATTCC	unresolved
GATTCTTCAGTGTATC	oligodendrocyte_OPC
GATTCTTGTATCCCTC	astrocyte
GATTCTTGTGCGCTCA	oligodendrocyte_OPC
GATTCTTTCTAGACAC	unresolved
GATTGGTCACCCATAA	vascular
GATTGGTGTCCGGTGT	oligodendrocyte_OPC
GATTGGTGTTGCAACT	unresolved
GATTGGTTCGACCTAA	unresolved
GATTTCTAGGTCACAG	vascular
GATTTCTGTTACACAC	neuronal
GATTTCTTCCCAAGTA	unresolved
GCAACATAGACCAACG	neuronal
GCAACATAGGCAGGTT	unresolved
GCAACATAGTAGGATT	astrocyte
GCAACATCATAGTCAC	unresolved
GCAACATGTGCTAGCC	unresolved
GCAACATGTGGCTGCT	ambiguous_or_doublet
GCAACATTCCGTTTCG	unresolved
GCAACATTCGTAACAC	vascular
GCAACATTCTCTATAC	neuronal
GCAACCGAGTGATTCC	neuronal
GCAACCGCAATTGTGC	unresolved
GCAACCGGTCTTTATC	unresolved
GCAACCGGTGACTAAA	unresolved
GCAACCGGTGTTCGAT	unresolved
GCAACCGTCGCTGATA	unresolved
GCACATAAGCAAGTCG	oligodendrocyte_OPC
GCACATAAGGGTACGT	unresolved
GCACATAGTATAATGG	oligodendrocyte_OPC
GCACATAGTATACAGA	microglia_immune
GCACATAGTTGTCAGT	unresolved
GCACATATCGTAGAGG	neuronal
GCACGGTAGCGCGTTC	astrocyte
GCACGGTAGGGCAATC	unresolved
GCACGGTCAATCTCGA	oligodendrocyte_OPC
GCACGGTGTGAGGAAA	unresolved
GCACGGTTCTCAGAAC	vascular
GCACGTGAGAAGATCT	astrocyte
GCACGTGAGCCATTCA	unresolved
GCACGTGAGGGTACAC	unresolved
GCACGTGAGTACGAGC	neuronal
GCACGTGCAGGACTAG	unresolved
GCACGTGTCGCCACTT	unresolved
GCACTAAAGTCCCTAA	oligodendrocyte_OPC
GCACTAAAGTGAGCCA	unresolved
GCACTAACATAATGAG	vascular
GCACTAATCATCTCTA	vascular
GCACTAATCCGCGAGT	astrocyte
GCAGCCAAGACCAAAT	astrocyte
GCAGCCAAGGGTAGCT	neuronal
GCAGCCATCCACGTAA	ambiguous_or_doublet
GCAGCCATCGGCACTG	ambiguous_or_doublet
GCAGCTGAGGTACCTT	astrocyte
GCAGCTGCATGTGGTT	neuronal
GCAGCTGGTGGATCGA	neuronal
GCAGCTGTCAGTCACA	oligodendrocyte_OPC
GCAGCTGTCCGTGGCA	unresolved
GCAGGCTAGTTCGGTT	unresolved
GCAGGCTGTCCCACGA	neuronal
GCAGGCTTCACTGCTC	neuronal
GCAGTTAAGGCAATGC	oligodendrocyte_OPC
GCAGTTACACGCCAGT	astrocyte
GCAGTTAGTAGCTTTG	astrocyte
GCAGTTAGTTAGTCGT	astrocyte
GCAGTTATCCATATGG	unresolved
GCAGTTATCCGGCAAC	unresolved
GCATCGGAGAGGATCC	neuronal
GCATCGGAGATGTTAG	unresolved
GCATCGGAGTGTTCAC	microglia_immune
GCATCGGCATAACAGA	unresolved
GCATCGGGTACGTTCA	oligodendrocyte_OPC
GCATCGGGTTTCAGAC	oligodendrocyte_OPC
GCATCTCAGACTCTTG	unresolved
GCATCTCCACTGCTTC	oligodendrocyte_OPC
GCATCTCTCTCCTGAC	astrocyte
GCATGATCAACACAAA	oligodendrocyte_OPC
GCATGATCACTGTTCC	oligodendrocyte_OPC
GCATGATTCACGTAGT	neuronal
GCATGATTCTGCCCTA	ambiguous_or_doublet
GCATTAGCACGGATCC	microglia_immune
GCATTAGCAGACTCTA	neuronal
GCATTAGGTTCTCAGA	unresolved
GCATTAGGTTGCAAGG	unresolved
GCCAACGAGTAAGGGA	astrocyte
GCCAACGAGTTTCAGC	oligodendrocyte_OPC
GCCAACGCAATTGCGT	neuronal
GCCAACGCACGGGTAA	ambiguous_or_doublet
GCCAACGCACTGTCCT	neuronal
GCCAACGTCAAACGTC	unresolved
GCCAACGTCACCATCC	vascular
GCCAACGTCGTCCTTG	oligodendrocyte_OPC
GCCAACGTCTACTGCC	astrocyte
GCCAGCAAGGGATCAC	unresolved
GCCAGCACAGCTACCG	oligodendrocyte_OPC
GCCAGCACAGGATTCT	neuronal
GCCAGCACAGTCAGAG	neuronal
GCCAGCAGTAGGATAT	astrocyte
GCCAGCAGTATCGATC	neuronal
GCCAGCAGTATCGTTG	astrocyte
GCCAGCATCTAGACAC	unresolved
GCCAGGTAGGCTTCCG	astrocyte
GCCAGGTAGGGTGGGA	oligodendrocyte_OPC
GCCAGGTGTGAGATCG	oligodendrocyte_OPC
GCCAGGTGTGGCATCC	microglia_immune
GCCAGGTTCACTTATC	astrocyte
GCCAGTGAGATGCGAC	oligodendrocyte_OPC
GCCAGTGCACAAGCTT	oligodendrocyte_OPC
GCCAGTGCAGCTACCG	astrocyte
GCCAGTGGTAGTGGCA	unresolved
GCCAGTGGTGATCATC	unresolved
GCCAGTGGTTGACTGT	oligodendrocyte_OPC
GCCAGTGTCTTCCACG	oligodendrocyte_OPC
GCCATGGAGCATTGTC	unresolved
GCCATGGAGCTCCCTT	unresolved
GCCATGGCAAGGCTTT	oligodendrocyte_OPC
GCCATGGTCTGCGGGT	unresolved
GCCATTCGTCTGTGAT	unresolved
GCCATTCGTTAATCGC	neuronal
GCCCAGACACAAATAG	unresolved
GCCCAGACATATCTGG	neuronal
GCCCAGATCAAGTGGG	oligodendrocyte_OPC
GCCCAGATCATAGACC	unresolved
GCCCAGATCGAAGTGG	unresolved
GCCCGAACAAGGCCTC	neuronal
GCCCGAACATACGCAT	neuronal
GCCGATGGTACAAACA	neuronal
GCCGATGGTACGTGAG	unresolved
GCCGATGGTCAGGTGA	unresolved
GCCGATGTCCGATCGG	oligodendrocyte_OPC
GCCGTGACACGTGTGC	oligodendrocyte_OPC
GCCGTGATCGTAGGAG	neuronal
GCCGTGATCGTGCAGC	unresolved
GCCTGTTCACATGTTG	oligodendrocyte_OPC
GCCTGTTGTAGGTTTC	unresolved
GCCTGTTTCGCGTGAC	neuronal
GCGAGAACAACGACAG	astrocyte
GCGAGAACAAGTCCAT	unresolved
GCGAGAAGTACATACC	unresolved
GCGAGAAGTCTGTCCT	ambiguous_or_doublet
GCGAGAATCTGGAAGG	neuronal
GCGATCGCAAGCTCTA	oligodendrocyte_OPC
GCGATCGCATCCGGCA	unresolved
GCGATCGGTGTAACGG	oligodendrocyte_OPC
GCGGAAACATGATAGA	neuronal
GCGGAAACATTGAAAG	oligodendrocyte_OPC
GCGGAAAGTTGGTACT	astrocyte
GCGGAAATCCGTCAAA	oligodendrocyte_OPC
GCGGAAATCTCGTTTA	neuronal
GCGGATCGTGCGACAA	unresolved
GCGTGCAAGTCCGCGT	unresolved
GCGTGCACAATTGCAC	microglia_immune
GCGTGCAGTAATGATG	neuronal
GCGTTTCAGTTGGCTT	neuronal
GCGTTTCTCATCTGTT	oligodendrocyte_OPC
GCGTTTCTCTTTGCGC	oligodendrocyte_OPC
GCTACAACAACCAATC	neuronal
GCTACAACAACTCGAT	unresolved
GCTACAACAGAGGGTT	astrocyte
GCTACAACATAGAATG	unresolved
GCTACAATCCATCTCG	neuronal
GCTACCTAGAAGTGTT	microglia_immune
GCTACCTAGACGGTCA	unresolved
GCTACCTAGCACACCC	astrocyte
GCTACCTAGGGCAATC	neuronal
GCTACCTAGTCGAATA	unresolved
GCTACCTAGTGCAGCA	astrocyte
GCTACCTCACCCAAGC	neuronal
GCTACCTCATGTTCAG	astrocyte
GCTACCTGTGCCCACA	unresolved
GCTACCTGTGTAACGG	unresolved
GCTACCTTCAAGCTTG	unresolved
GCTACCTTCAGACTGT	astrocyte
GCTACCTTCTGCCTCA	unresolved
GCTCAAAGTAGAGTTA	unresolved
GCTCAAAGTAGTGTGG	microglia_immune
GCTCAAATCGTTCGCT	astrocyte
GCTGAATCACGGCGTT	neuronal
GCTGAATCATCCGGCA	astrocyte
GCTGAATGTGACTGTT	microglia_immune
GCTGAATTCGGAATTC	unresolved
GCTGCAGAGAGAATCT	oligodendrocyte_OPC
GCTGCAGCAAGAGTTA	unresolved
GCTGCAGCACTAGGTT	unresolved
GCTGCAGCATGTGTCA	unresolved
GCTGCAGGTTAGGCCC	ambiguous_or_doublet
GCTGGGTAGCGCTTCG	unresolved
GCTGGGTCACACCAGC	neuronal
GCTGGGTTCCGCATAA	oligodendrocyte_OPC
GCTGGGTTCGGCTTCT	astrocyte
GCTGGGTTCTCTATAC	unresolved
GCTTCACCATCCGGCA	neuronal
GCTTCACGTACAAACA	unresolved
GCTTCACTCCACGTGG	unresolved
GCTTGGGAGGTATTGA	unresolved
GCTTGGGCATAGATCC	oligodendrocyte_OPC
GCTTTCGAGAGGGTGG	astrocyte
GCTTTCGCAACAGCTT	unresolved
GGAACCCGTAGAGACC	astrocyte
GGAACCCTCGTTGCCT	unresolved
GGAAGTGGTGTTACAC	unresolved
GGAAGTGGTTGTTTGG	oligodendrocyte_OPC
GGAATCTAGAGGCTGT	vascular
GGAATCTCACCCTTAC	astrocyte
GGAATCTCAGCCGTTG	neuronal
GGAATCTCATCCCACT	oligodendrocyte_OPC
GGAATCTTCGCTAGCG	ambiguous_or_doublet
GGAATCTTCTCCAAGA	unresolved
GGAATGGAGCTAGAAT	unresolved
GGAATGGCAGAACTTC	unresolved
GGAATGGCATTGAGCT	neuronal
GGAATGGGTCACCGCA	oligodendrocyte_OPC
GGACGTCAGATCGGTG	unresolved
GGACGTCAGCTGTTAC	unresolved
GGACGTCAGTCTTCCC	unresolved
GGACGTCCAAACGTGG	microglia_immune
GGACGTCCATACAGAA	unresolved
GGACGTCGTAAGACCG	unresolved
GGAGAACCATGGCTGC	neuronal
GGAGAACCATGGGTTT	unresolved
GGAGATGAGCAGTACG	neuronal
GGAGATGAGGATACAT	microglia_immune
GGAGATGCAAAGGGCT	unresolved
GGAGATGCAGATCATC	vascular
GGAGATGCATCGAGCC	neuronal
GGAGATGGTGACGCCT	astrocyte
GGAGCAACACTCAAGT	oligodendrocyte_OPC
GGAGCAACAGCGTACC	neuronal
GGAGCAATCCTAGAGT	microglia_immune
GGAGGATAGGACACTG	oligodendrocyte_OPC
GGAGGATCAACGTATC	neuronal
GGAGGATCACGGCCAT	astrocyte
GGAGGATCAGCGCGTT	neuronal
GGAGGATGTAGTGTGG	oligodendrocyte_OPC
GGAGGTAAGAAGCGAA	astrocyte
GGAGGTAAGTCTGCAT	unresolved
GGAGGTACAAGCGAAC	unresolved
GGAGGTACAGACACAG	oligodendrocyte_OPC
GGAGGTACAGGTGGAT	oligodendrocyte_OPC
GGAGGTAGTTGGTACT	neuronal
GGATCTAAGGCCTGAA	neuronal
GGATGTTAGACTAGAT	unresolved
GGATGTTAGGCTGTAG	astrocyte
GGATGTTAGTCATGCT	astrocyte
GGATGTTCAAGCACCC	neuronal
GGATGTTCAGAGCCCT	microglia_immune
GGATGTTGTACGATTC	astrocyte
GGATGTTGTAGCGAGT	oligodendrocyte_OPC
GGATGTTTCTAGACCA	astrocyte
GGCACGTAGCTTCTAG	oligodendrocyte_OPC
GGCACGTCACAAGCTT	ambiguous_or_doublet
GGCACGTCATACTGAC	neuronal
GGCACGTCATTGCTGA	unresolved
GGCAGTCAGTTGAAGT	oligodendrocyte_OPC
GGCAGTCCAGAAGCGT	neuronal
GGCAGTCCAGAGTCTT	astrocyte
GGCAGTCTCGCTGATA	neuronal
GGCAGTCTCTAAGCCA	neuronal
GGCGTCAAGACTAGAT	unresolved
GGCGTCACACTAGGCC	oligodendrocyte_OPC
GGCGTCACAGCGTTTA	oligodendrocyte_OPC
GGCGTCACATGACTAC	unresolved
GGCGTCAGTTCTCCAC	neuronal
GGCGTCAGTTGTTGTG	unresolved
GGCGTCATCAATCTCT	unresolved
GGCGTCATCATGAGAA	unresolved
GGCGTCATCTTAGCCC	unresolved
GGCTGTGAGATCGCCC	astrocyte
GGCTGTGAGGCCTAAG	unresolved
GGCTGTGAGGTCCTGC	astrocyte
GGCTGTGAGTCACTCA	unresolved
GGCTGTGCAATAACCC	unresolved
GGCTGTGCAGACAATA	unresolved
GGCTGTGGTGAGATAT	astrocyte
GGCTTGGAGAATCGTA	oligodendrocyte_OPC
GGCTTGGAGATACATG	oligodendrocyte_OPC
GGCTTGGAGCTCGTGC	oligodendrocyte_OPC
GGCTTGGCACTCCGAG	neuronal
GGCTTGGGTACGATTC	unresolved
GGCTTGGGTCACAGAG	unresolved
GGCTTGGGTTCAATCG	oligodendrocyte_OPC
GGCTTGGTCCGAGAAG	microglia_immune
GGCTTTCCACAGCCAC	unresolved
GGCTTTCGTGCCTACG	unresolved
GGGAAGTAGGGTAGCT	oligodendrocyte_OPC
GGGAAGTTCCATTGTT	oligodendrocyte_OPC
GGGACAAGTGCAAGAC	oligodendrocyte_OPC
GGGACAATCCACAAGT	unresolved
GGGACAATCTCAAAGC	oligodendrocyte_OPC
GGGACCTAGACATAAC	unresolved
GGGACCTCACTGCACG	microglia_immune
GGGACCTCAGATCCAT	oligodendrocyte_OPC
GGGACCTGTTCTCTAT	unresolved
GGGACTCCATCGTGGC	unresolved
GGGACTCGTAATGATG	unresolved
GGGACTCTCAGCCCAG	neuronal
GGGAGATAGACCACGA	neuronal
GGGAGATAGACTCTTG	unresolved
GGGAGATAGGATATAC	unresolved
GGGAGATCAAGGTCGA	astrocyte
GGGAGATCACGTTGGC	oligodendrocyte_OPC
GGGAGATCACTGAGGA	vascular
GGGAGATCAGACAATA	unresolved
GGGAGATGTTGTAAAG	oligodendrocyte_OPC
GGGAGATTCAGAGCAG	unresolved
GGGAGATTCGGCGATC	unresolved
GGGAGTAAGACTCCGC	neuronal
GGGAGTACACTTGAAC	microglia_immune
GGGAGTACAGGTTACT	neuronal
GGGAGTACATCTCCCA	unresolved
GGGATCCAGCACTCCG	oligodendrocyte_OPC
GGGATCCAGCTCCCTT	unresolved
GGGATGAAGTAACGAT	oligodendrocyte_OPC
GGGATGACAGTACTAC	unresolved
GGGCCATAGGTGAGCT	neuronal
GGGCCATAGGTGGCTA	neuronal
GGGCCATGTGAGCTCC	unresolved
GGGCGTTAGATACCAA	neuronal
GGGCGTTAGTAGGAAG	neuronal
GGGCTACCAAGCTGCC	ambiguous_or_doublet
GGGCTACCACATATCG	unresolved
GGGCTACCAGACCTAT	astrocyte
GGGCTACGTGATACAA	neuronal
GGGCTACGTTTATGCG	neuronal
GGGCTACTCTATTTCG	neuronal
GGGCTCAAGAGCAAGA	neuronal
GGGCTCAAGGCCGCTT	oligodendrocyte_OPC
GGGCTCACAAAGCTAA	neuronal
GGGCTCACATATAGCC	unresolved
GGGCTCATCAAATGAG	microglia_immune
GGGTAGAGTGCCTAAT	neuronal
GGGTATTCAACAAGAT	unresolved
GGGTATTCAAGTGGTG	unresolved
GGGTATTGTGGATTTC	oligodendrocyte_OPC
GGGTATTTCAACTGGT	oligodendrocyte_OPC
GGGTATTTCGCTGACG	astrocyte
GGGTATTTCTCACTCG	oligodendrocyte_OPC
GGGTCACAGATTGCGG	unresolved
GGGTCACCAACCCGCA	neuronal
GGGTCACCACTTACAG	unresolved
GGGTCACGTCACTCTC	astrocyte
GGGTCACTCCTCACGT	neuronal
GGGTCACTCTGCTTAT	ambiguous_or_doublet
GGGTCTGAGGCGCTTC	unresolved
GGGTCTGCAATCCTAG	neuronal
GGGTCTGCATGACAGG	neuronal
GGGTCTGGTATGACAA	unresolved
GGGTCTGGTGGATTTC	unresolved
GGGTGAAGTATTGGCT	oligodendrocyte_OPC
GGGTGTCCAAACAGGC	oligodendrocyte_OPC
GGGTGTCGTGTGCTTA	unresolved
GGGTTATCAATGCAAA	unresolved
GGGTTATGTGTTCGTA	oligodendrocyte_OPC
GGGTTATTCCTGTAGA	unresolved
GGGTTATTCTCAGAAC	unresolved
GGGTTTAGTACGGGAT	neuronal
GGGTTTAGTCCAAGAG	ambiguous_or_doublet
GGGTTTAGTTGCGAAG	neuronal
GGTAACTAGAAACTCA	unresolved
GGTAACTCATACATCG	oligodendrocyte_OPC
GGTAACTGTATCTCTT	astrocyte
GGTAACTGTCGCACGT	unresolved
GGTAACTGTCGCGTTG	neuronal
GGTAACTGTTTGCAGT	astrocyte
GGTAACTTCGAGATAA	neuronal
GGTAATCTCCACTGAA	astrocyte
GGTAGAGAGATAGCAT	oligodendrocyte_OPC
GGTAGAGAGGCACTAG	unresolved
GGTAGAGCACGCGTGT	astrocyte
GGTAGAGGTACTGACT	vascular
GGTAGAGTCCCGAGAC	unresolved
GGTCACGGTAACCCTA	astrocyte
GGTCTGGAGAATTGTG	neuronal
GGTCTGGAGCATCCTA	oligodendrocyte_OPC
GGTCTGGAGTTCATGC	astrocyte
GGTCTGGCAAATGAAC	astrocyte
GGTCTGGCAATAGGAT	oligodendrocyte_OPC
GGTCTGGGTCTTCTAT	neuronal
GGTGAAGAGGCTAACG	microglia_immune
GGTGAAGAGTAAAGCT	unresolved
GGTGAAGCACACCAGC	oligodendrocyte_OPC
GGTGAAGCACTTGGCG	vascular
GGTGATTGTGCTCTCT	neuronal
GGTGATTTCTACCCAC	astrocyte
GGTGGCTAGGAAAGTG	astrocyte
GGTGGCTAGGTCGTAG	unresolved
GGTGGCTCAATCTCGA	neuronal
GGTGGCTCACAAATGA	unresolved
GGTGGCTCACGCGCTA	neuronal
GGTGGCTCATCCTATT	astrocyte
GGTGGCTTCTTGAACG	neuronal
GGTGTCGAGACCTCCG	oligodendrocyte_OPC
GGTGTCGAGCGATTCT	oligodendrocyte_OPC
GGTGTCGAGGTCTACT	oligodendrocyte_OPC
GGTGTCGCACGGAAGT	oligodendrocyte_OPC
GGTGTCGGTCTGTCCT	neuronal
GGTGTCGGTTGGATCT	neuronal
GGTGTTAGTGGCACTC	unresolved
GGTGTTAGTGGCCACT	neuronal
GGTGTTAGTTTCTTAC	unresolved
GGTTAACAGATTTGCC	unresolved
GGTTAACAGGAGTATT	microglia_immune
GGTTAACGTATTCCTT	unresolved
GGTTAACTCATAAGGA	neuronal
GGTTAACTCTGGAGAG	unresolved
GGTTCTCAGAACAGGA	neuronal
GGTTCTCAGCGTACAG	astrocyte
GGTTCTCAGTGCCGAA	unresolved
GGTTCTCCAAGTGATA	neuronal
GGTTCTCGTGCATGAG	neuronal
GGTTCTCTCGACACCG	neuronal
GGTTCTCTCGCAGTGC	ambiguous_or_doublet
GGTTGTACAAGGATGC	astrocyte
GGTTGTAGTGAACTAA	unresolved
GTAACACAGGTCCCTG	unresolved
GTAACACTCAACTACG	astrocyte
GTAACCAAGCCACTCG	astrocyte
GTAACCAGTCCGACGT	microglia_immune
GTAACCATCCCATACC	unresolved
GTAAGTCAGGGACTGT	unresolved
GTAAGTCCACGCACCA	oligodendrocyte_OPC
GTAAGTCGTCGCATGC	neuronal
GTAAGTCGTTAACAGA	unresolved
GTAAGTCTCAGCCTTC	unresolved
GTAAGTCTCAGTGCGC	unresolved
GTAATCGAGCGAACTG	neuronal
GTAATCGCAATGCAGG	unresolved
GTAATCGCATTCCTCG	neuronal
GTAATCGTCATTCGGA	neuronal
GTAATGCAGAGTCACG	oligodendrocyte_OPC
GTAATGCAGGCATGCA	unresolved
GTAATGCGTCTGTAAC	unresolved
GTAATGCGTGGTCCCA	astrocyte
GTAATGCGTTACGGAG	neuronal
GTAATGCTCGATACTG	astrocyte
GTACAACGTAGCTTAC	unresolved
GTACAACGTCTCGCGA	vascular
GTACAGTAGAGAGGGC	vascular
GTACAGTCAAGTGGTG	ambiguous_or_doublet
GTACAGTCATAGTCAC	unresolved
GTACAGTGTCTACATG	unresolved
GTAGAAAAGGGATGTC	oligodendrocyte_OPC
GTAGAAACATATTCGG	oligodendrocyte_OPC
GTAGAAAGTGATGAAT	neuronal
GTAGATCAGCAATAAC	neuronal
GTAGATCAGGTAGGCT	unresolved
GTAGATCCACCGTCGA	unresolved
GTAGATCTCAGGACGA	oligodendrocyte_OPC
GTAGATCTCGAATGCT	neuronal
GTAGATCTCTCCGTGT	unresolved
GTAGCTAAGATGCAGC	unresolved
GTAGCTAAGGTAACTA	oligodendrocyte_OPC
GTAGCTAAGTATGTAG	oligodendrocyte_OPC
GTAGCTACAGGTACGA	oligodendrocyte_OPC
GTAGCTAGTTCTGAGT	astrocyte
GTAGCTATCTCCGCAT	unresolved
GTAGGAGAGACCATGG	neuronal
GTAGGAGAGGCTTAAA	astrocyte
GTAGGAGTCCTTCTGG	unresolved
GTAGGAGTCGCCGATG	astrocyte
GTAGGTTAGATACCAA	astrocyte
GTAGGTTTCATCACCC	unresolved
GTAGGTTTCCTTGGAA	neuronal
GTAGGTTTCGATTGAC	oligodendrocyte_OPC
GTAGTACGTGAGATCG	unresolved
GTATTGGAGTAACCTC	neuronal
GTATTGGCACCACTGG	unresolved
GTATTGGTCCGGCAGT	oligodendrocyte_OPC
GTATTTCAGGGACACT	unresolved
GTATTTCGTCGTCAGC	neuronal
GTCAAACAGCGAGAAA	astrocyte
GTCAAACCAGCTGAGA	oligodendrocyte_OPC
GTCAAACCATGACACT	unresolved
GTCAAACGTGGCTACC	neuronal
GTCAAGTAGCCTCTTC	unresolved
GTCAAGTCAAGCTGCC	unresolved
GTCAAGTCAGGTTCCG	neuronal
GTCAAGTTCGAGCCTG	neuronal
GTCAAGTTCGGCTCTT	ambiguous_or_doublet
GTCACGGAGTTGCTGT	astrocyte
GTCACGGCATCGTGGC	unresolved
GTCACTCAGAGGATGA	unresolved
GTCACTCAGCTTACGT	oligodendrocyte_OPC
GTCACTCGTAACAGGC	unresolved
GTCACTCTCTGACCCT	microglia_immune
GTCAGCGAGACTAAGT	neuronal
GTCAGCGAGTTGCGAG	neuronal
GTCAGCGCAACCCTAA	oligodendrocyte_OPC
GTCAGCGCAATTTCGG	unresolved
GTCAGCGGTATTGCCA	unresolved
GTCAGCGGTCACTTCC	unresolved
GTCAGCGTCCCTCTAG	unresolved
GTCAGCGTCCTCGATC	oligodendrocyte_OPC
GTCAGCGTCTCTCTTC	oligodendrocyte_OPC
GTCATCCAGCTCCATA	astrocyte
GTCATCCCACACGGTC	oligodendrocyte_OPC
GTCATCCCATGTGCCG	astrocyte
GTCATCCGTGGCCTCA	unresolved
GTCATCCGTTGGCTAT	neuronal
GTCATCCTCACACGAT	astrocyte
GTCATCCTCGTAACTG	oligodendrocyte_OPC
GTCATGAAGCTGGTGA	oligodendrocyte_OPC
GTCATGACAAAGCACG	microglia_immune
GTCATGACACTCCACT	astrocyte
GTCATGACAGCATGCC	oligodendrocyte_OPC
GTCATGACATTAAGCC	unresolved
GTCATGAGTCCAAGAG	unresolved
GTCATGAGTTGCTCCT	neuronal
GTCATGATCGTGTCAA	neuronal
GTCATGATCTTTACAC	oligodendrocyte_OPC
GTCATTTAGACAACTA	astrocyte
GTCATTTCAAGAAACT	unresolved
GTCATTTCAGTCTTCC	unresolved
GTCATTTTCGGCCAAC	neuronal
GTCATTTTCGTAGGGA	unresolved
GTCATTTTCTAAGGAA	unresolved
GTCCACTAGAGCCTGA	neuronal
GTCCACTCACTCAAGT	unresolved
GTCCACTCAGCGTTGC	neuronal
GTCCACTCATGGCTAT	microglia_immune
GTCCACTGTACCGGCT	oligodendrocyte_OPC
GTCCACTTCTCTAAGG	oligodendrocyte_OPC
GTCCCATAGCACCTGC	astrocyte
GTCCTCAAGGGCAAGG	unresolved
GTCCTCAGTGAATAAC	unresolved
GTCCTCATCCATTGTT	neuronal
GTCGAATCAATGAGCG	ambiguous_or_doublet
GTCGAATCAGCGCTTG	neuronal
GTCGAATCAGCTCCTT	neuronal
GTCGAATGTCACTAGT	unresolved
GTCGAATGTCACTCTC	unresolved
GTCGAATTCCCGGTAG	neuronal
GTCGCGACAGAAATTG	unresolved
GTCGCGATCATGTCTT	unresolved
GTCGCGATCCGGGACT	oligodendrocyte_OPC
GTCGTAACACTTCAAG	neuronal
GTCGTTCAGAGCACTG	neuronal
GTCGTTCCATGTGTCA	unresolved
GTCTACCAGTCCCTAA	unresolved
GTCTACCCACTGCTTC	astrocyte
GTCTACCCAGGGCTTC	unresolved
GTCTACCGTCGCGTTG	unresolved
GTCTACCGTTAAACAG	unresolved
GTCTACCTCAGGGTAG	unresolved
GTCTAGAAGCTATCTG	oligodendrocyte_OPC
GTCTAGAAGGTGGTTG	neuronal
GTCTAGACAGCTGCCA	neuronal
GTCTAGAGTAGATTAG	unresolved
GTCTAGATCGGAATTC	astrocyte
GTCTAGATCTACCCAC	unresolved
GTCTAGATCTATCGCC	unresolved
GTCTGTCCAACTGCCG	astrocyte
GTCTGTCTCGTGGGTC	oligodendrocyte_OPC
GTCTTTAAGATTGATG	unresolved
GTCTTTACAAGCAATA	microglia_immune
GTCTTTACATGATGCT	unresolved
GTCTTTATCATGCAGT	oligodendrocyte_OPC
GTCTTTATCGCATAGT	unresolved
GTGACGCAGTAAACAC	oligodendrocyte_OPC
GTGACGCCACCTTCCA	astrocyte
GTGACGCGTCATAGTC	oligodendrocyte_OPC
GTGACGCTCTTCCACG	neuronal
GTGAGCCAGATAGCTA	oligodendrocyte_OPC
GTGAGCCAGCTGCCAC	neuronal
GTGAGCCCAATTGGTC	neuronal
GTGAGCCCAGATCCAT	oligodendrocyte_OPC
GTGAGCCGTGATACCT	unresolved
GTGAGCCGTTCCTAGA	neuronal
GTGAGGACACCTCGTT	neuronal
GTGAGGACATGCCATA	ambiguous_or_doublet
GTGAGGAGTCTGCGCA	oligodendrocyte_OPC
GTGAGGATCTCACGAA	unresolved
GTGAGTTAGCACACCC	unresolved
GTGAGTTGTAATACCC	unresolved
GTGAGTTGTCACATTG	microglia_immune
GTGAGTTGTGGCCACT	neuronal
GTGAGTTTCGACGAGA	unresolved
GTGAGTTTCTCTCTAA	unresolved
GTGAGTTTCTGGTTGA	unresolved
GTGATGTAGAAGTCCG	oligodendrocyte_OPC
GTGATGTAGTCAACAA	microglia_immune
GTGATGTCAATTCGTG	microglia_immune
GTGATGTCACTCCGAG	unresolved
GTGATGTCATCATTGG	oligodendrocyte_OPC
GTGATGTGTAGATCCT	oligodendrocyte_OPC
GTGATGTTCGCAGTGC	astrocyte
GTGCACGCATAGTCGT	vascular
GTGCACGGTCACATTG	unresolved
GTGCACGTCTCCGATC	astrocyte
GTGCAGCAGATGAAGG	neuronal
GTGCAGCAGATGCCGA	neuronal
GTGCAGCCATAGAATG	microglia_immune
GTGCAGCTCTTCACAT	unresolved
GTGCGTGCAACCAACT	oligodendrocyte_OPC
GTGCGTGCACATATGC	unresolved
GTGCGTGTCCAACCAA	neuronal
GTGCGTGTCCACGGGT	unresolved
GTGCTGGAGGAACGAA	unresolved
GTGCTGGCATCTTCGC	unresolved
GTGCTGGGTGATTCTG	unresolved
GTGCTGGGTGGAACAC	astrocyte
GTGCTGGTCTCGAACA	neuronal
GTGCTTCCAGTGACCC	oligodendrocyte_OPC
GTGGAAGAGCTCGACC	neuronal
GTGGAAGAGTGGTTAA	neuronal
GTGGAAGGTCACCGAC	unresolved
GTGGAAGGTCCCTGAG	unresolved
GTGGAAGGTTGACGGA	neuronal
GTGGAAGTCTGGCTGG	neuronal
GTGGAGAGTGTTTGCA	oligodendrocyte_OPC
GTGGAGATCAGGGATG	unresolved
GTGGAGATCTACGCGG	neuronal
GTGGCGTCAACACAAA	neuronal
GTGGCGTCATAGCACT	unresolved
GTGGCGTCATGGAATA	unresolved
GTGGCGTTCGTAGCCG	unresolved
GTGGGAAAGAGGCTGT	neuronal
GTGGGAAAGTAACAGT	neuronal
GTGGGAACAACGACAG	neuronal
GTGTAACAGGCCTTCG	neuronal
GTGTAACAGGGAGATA	oligodendrocyte_OPC
GTGTAACCAGCGGTCT	unresolved
GTGTAACTCTTTGCAT	oligodendrocyte_OPC
GTGTCCTCATAGACTC	oligodendrocyte_OPC
GTGTCCTCATCCTATT	astrocyte
GTGTCCTGTGAGTCAG	oligodendrocyte_OPC
GTGTCCTTCCAAAGGG	unresolved
GTGTCCTTCCAGCTCT	oligodendrocyte_OPC
GTGTGATAGACAACTA	unresolved
GTGTGATAGCGGTATG	neuronal
GTGTGGCAGTGACCTT	unresolved
GTGTGGCCACATACTG	neuronal
GTGTGGCCACGCTTAA	unresolved
GTGTGGCCAGTTTCAG	unresolved
GTGTGGCGTCACGTGC	oligodendrocyte_OPC
GTGTGGCGTTGTTGTG	unresolved
GTGTGGCGTTTCGCTC	microglia_immune
GTGTGGCTCCAGCACG	neuronal
GTGTGGCTCGGCTTGG	unresolved
GTGTTAGCAACCAGAG	unresolved
GTGTTCCAGTGAGGCT	oligodendrocyte_OPC
GTGTTCCGTGGCACTC	neuronal
GTGTTCCGTTTCACTT	neuronal
GTTACAGCAATCGCCG	oligodendrocyte_OPC
GTTACAGCAGATCCAT	vascular
GTTACAGCAGCGGTTC	unresolved
GTTACAGCATAAGCAA	unresolved
GTTACAGCATATGCGT	oligodendrocyte_OPC
GTTACCCAGACGAGCT	microglia_immune
GTTACCCAGACTGGGT	neuronal
GTTACCCGTGGAACCA	oligodendrocyte_OPC
GTTACCCTCAACACGT	unresolved
GTTACGAAGCAGATAT	oligodendrocyte_OPC
GTTACGAAGTAGCAAT	neuronal
GTTACGAAGTGTGTTC	oligodendrocyte_OPC
GTTACGAGTAACCCGC	oligodendrocyte_OPC
GTTACGAGTACGATTC	unresolved
GTTACGAGTCCCTGAG	oligodendrocyte_OPC
GTTACGAGTTTACACG	neuronal
GTTACGATCACCTGGG	oligodendrocyte_OPC
GTTACGATCGAACTCA	neuronal
GTTACGATCGCTTACC	unresolved
GTTACGATCTGACGCG	unresolved
GTTACGATCTGAGGTT	oligodendrocyte_OPC
GTTAGACCATGTCGTA	oligodendrocyte_OPC
GTTAGACGTCGCTGCA	astrocyte
GTTAGACGTCTAACTG	oligodendrocyte_OPC
GTTAGTGAGGGAACAA	unresolved
GTTAGTGCAAGGCCTC	unresolved
GTTAGTGCACGGTAGA	microglia_immune
GTTAGTGCAGCGACAA	unresolved
GTTAGTGTCTCCCATG	astrocyte
GTTATGGCACAGACGA	unresolved
GTTATGGCATAATGCC	unresolved
GTTATGGCATTGCTTT	unresolved
GTTATGGGTAACATAG	neuronal
GTTATGGGTTAGGAGC	ambiguous_or_doublet
GTTATGGGTTTCCATT	astrocyte
GTTCATTCAACCAGAG	unresolved
GTTCATTCAGGCAATG	unresolved
GTTCATTCAGGGTTGA	oligodendrocyte_OPC
GTTCATTCATGCCGAC	oligodendrocyte_OPC
GTTCATTGTAGGCAAC	oligodendrocyte_OPC
GTTCATTTCGAGAATA	neuronal
GTTCCGTAGTCGAGGT	unresolved
GTTCCGTCACTTACAG	unresolved
GTTCCGTCATGGCCCA	unresolved
GTTCCGTTCGAAGTGG	neuronal
GTTCGCTAGACGACTG	astrocyte
GTTCGCTCAAGAAACT	neuronal
GTTCGCTCACAAACGG	unresolved
GTTCGCTGTTTGAAAG	neuronal
GTTCGCTTCTAGTCAG	oligodendrocyte_OPC
GTTCGCTTCTCTGAGA	neuronal
GTTCTATAGGAGCTGT	unresolved
GTTCTATAGTTTGGCT	astrocyte
GTTCTATCACAGCTGC	unresolved
GTTCTATCATCACGGC	neuronal
GTTCTATTCAACCTCC	oligodendrocyte_OPC
GTTCTATTCGCCTCTA	neuronal
GTTGAACAGATACATG	astrocyte
GTTGAACGTCTCTCTG	unresolved
GTTGAACTCCTACAAG	unresolved
GTTGCGGCACCTCTGT	oligodendrocyte_OPC
GTTGCGGTCACTCGAA	unresolved
GTTGCGGTCTTACCGC	neuronal
GTTGCTCAGCGTACAG	microglia_immune
GTTGCTCCATAAGATG	astrocyte
GTTGTAGCAAGGTACG	unresolved
GTTGTAGGTGTCTTAG	unresolved
GTTGTAGTCAACACGT	astrocyte
GTTGTAGTCAAGCCTA	unresolved
GTTGTAGTCTTTGATC	unresolved
GTTGTGAAGCGTTACT	neuronal
GTTGTGAAGCTTTCCC	neuronal
GTTGTGAAGGTCACTT	unresolved
GTTGTGACAAATCAGA	unresolved
GTTGTGACAATACGAA	unresolved
GTTGTGACAATTCTCT	oligodendrocyte_OPC
GTTGTGACACAGCCTG	microglia_immune
GTTGTGAGTCTCACGG	unresolved
GTTTACTCAAATACGA	unresolved
GTTTACTGTGAATTGA	neuronal
GTTTACTGTGTTGACT	unresolved
GTTTACTTCGCCAATA	ambiguous_or_doublet
GTTTACTTCGTTAGAC	astrocyte
GTTTGGAAGATTGAGT	oligodendrocyte_OPC
GTTTGGATCGGACCAC	oligodendrocyte_OPC
GTTTGGATCGGCCTTT	astrocyte
GTTTGGATCTTAAGGC	unresolved
TAACACGAGATGCCGA	neuronal
TAACACGCATTAAGCC	ambiguous_or_doublet
TAACACGGTGCAATGG	unresolved
TAACACGTCCCAATAG	oligodendrocyte_OPC
TAACCAGAGGTAGTAT	astrocyte
TAACCAGAGGTGATCG	oligodendrocyte_OPC
TAACCAGGTGCTCTTC	unresolved
TAACCAGGTTAGGGTG	unresolved
TAACCAGTCTATACTC	neuronal
TAACCAGTCTATCGCC	microglia_immune
TAACGACAGAGACAAG	unresolved
TAACGACCAAGACAAT	microglia_immune
TAACGACCACTGATTG	unresolved
TAACGACCATCTAACG	neuronal
TAACGACCATCTAGAC	oligodendrocyte_OPC
TAACGACGTAGGACTG	neuronal
TAACGACGTTTGGAGG	oligodendrocyte_OPC
TAACGACTCACCTGTC	oligodendrocyte_OPC
TAACGACTCCTCAGAA	microglia_immune
TAACTTCCACCGGAAA	oligodendrocyte_OPC
TAACTTCTCCTTCACG	neuronal
TAAGCACAGGTTCAGG	unresolved
TAAGCACGTCAAGCGA	neuronal
TAAGCACTCTAGGCAT	oligodendrocyte_OPC
TAAGCCAGTAGATCGG	oligodendrocyte_OPC
TAAGCCATCATCTACT	oligodendrocyte_OPC
TAAGCGTCAGGGACTA	neuronal
TAAGCGTGTTTCTTAC	unresolved
TAAGTCGCAAGCAGGT	neuronal
TAAGTCGGTCGAAACG	unresolved
TAAGTCGTCATATGGC	unresolved
TAAGTCGTCGCAATTG	astrocyte
TAATCTCAGATTGCGG	astrocyte
TAATCTCCATCTCCCA	oligodendrocyte_OPC
TAATCTCGTACTGACT	unresolved
TAATTCCAGCTAAACA	unresolved
TAATTCCAGGTGCTAG	microglia_immune
TAATTCCAGTTCTCTT	neuronal
TAATTCCCACGTATAC	unresolved
TAATTCCCATTGGATC	oligodendrocyte_OPC
TACAACGCAAGCCATT	ambiguous_or_doublet
TACAACGGTAATTAGG	unresolved
TACAACGGTATGAGCG	neuronal
TACAACGTCAGTCCGG	oligodendrocyte_OPC
TACAACGTCTTGAGCA	oligodendrocyte_OPC
TACACCCGTCTGTTAG	oligodendrocyte_OPC
TACACCCTCTTGGGCG	oligodendrocyte_OPC
TACAGGTGTGGTCTGC	unresolved
TACAGGTTCCCGTTCA	unresolved
TACAGGTTCCGAGCTG	astrocyte
TACAGGTTCGTTCTCG	neuronal
TACATTCAGGGCCAAT	unresolved
TACCCGTAGTCCTGCG	unresolved
TACCCGTCACCATATG	astrocyte
TACCCGTCACGTACTA	oligodendrocyte_OPC
TACCCGTTCAACACCA	astrocyte
TACCGAAAGTGCCGAA	neuronal
TACCGAACACCACATA	neuronal
TACCGAAGTAGGGAGG	oligodendrocyte_OPC
TACCGAAGTCTAGATC	microglia_immune
TACCGGGAGCTAGTTC	astrocyte
TACCGGGTCACGGAGA	neuronal
TACCTCGGTCACTCTC	unresolved
TACCTCGGTGAGATTA	neuronal
TACCTGCAGTAGTGCG	astrocyte
TACCTGCAGTCATGGG	oligodendrocyte_OPC
TACCTGCCAAAGCTCT	neuronal
TACCTGCGTCGTTCAA	astrocyte
TACCTGCGTTGCATGT	unresolved
TACCTGCTCGCTTGCT	neuronal
TACGCTCCACGCTTAA	microglia_immune
TACGCTCGTGCACATT	microglia_immune
TACGGGCGTATCGAGG	oligodendrocyte_OPC
TACGGGCTCCTTGAAG	neuronal
TACGGTACAACCACAT	oligodendrocyte_OPC
TACGGTACAGGAATCG	neuronal
TACGGTATCGTGGAAG	neuronal
TACGGTATCTGCCCTA	neuronal
TACGTCCAGACTGTTC	unresolved
TACGTCCAGTCCCGGT	astrocyte
TACGTCCAGTGTTGAA	neuronal
TACGTCCTCCGCGAGT	neuronal
TACTGCCCACTCTAGA	oligodendrocyte_OPC
TACTGCCTCGCTGTCT	neuronal
TACTTACAGGGATCAC	astrocyte
TACTTACAGTGTCATC	unresolved
TACTTACCAACCACGC	unresolved
TACTTACCAAGACGAC	unresolved
TACTTACGTGGACCTC	unresolved
TACTTACTCGGCTGTG	oligodendrocyte_OPC
TACTTACTCTGTCCGT	astrocyte
TACTTCAAGGCGTTAG	unresolved
TACTTCAGTCTTCAAG	oligodendrocyte_OPC
TACTTCATCATGAGGG	unresolved
TACTTCATCGTACACA	astrocyte
TACTTGTAGCCTGGAA	oligodendrocyte_OPC
TACTTGTAGTAGCTCT	unresolved
TACTTGTCACCTTCCA	unresolved
TACTTGTCAGGTTCCG	neuronal
TACTTGTTCGCTCATC	vascular
TAGACCAAGCAGCGAT	oligodendrocyte_OPC
TAGACCACATCGGCCA	unresolved
TAGACCACATCTTAGG	neuronal
TAGACCATCAACGAGG	microglia_immune
TAGACTGCATCAGCGC	unresolved
TAGACTGGTGTTTCTT	unresolved
TAGAGTCAGATGTTAG	neuronal
TAGAGTCAGTGGTGAC	unresolved
TAGAGTCCAACTGATC	oligodendrocyte_OPC
TAGAGTCCAATAACGA	astrocyte
TAGAGTCCACGCAAAG	oligodendrocyte_OPC
TAGAGTCCAGCCCAGT	neuronal
TAGAGTCGTCAAATCC	astrocyte
TAGATCGAGCATGGGT	oligodendrocyte_OPC
TAGATCGAGGTGCAGT	microglia_immune
TAGATCGAGTCACTAC	oligodendrocyte_OPC
TAGATCGCAACTCCAA	oligodendrocyte_OPC
TAGATCGCACCTAAAC	neuronal
TAGATCGGTCCCTGTT	neuronal
TAGATCGGTGCGAACA	unresolved
TAGATCGGTGTTGAGG	astrocyte
TAGATCGGTTTGTTGG	neuronal
TAGATCGTCACCTCAC	unresolved
TAGATCGTCCATCGTC	unresolved
TAGCACAAGGTGCATG	neuronal
TAGCACACACAGACGA	neuronal
TAGCACATCCGGCAGT	unresolved
TAGGAGGAGATGCAGC	unresolved
TAGGAGGCACGTCTCT	astrocyte
TAGGAGGGTATACGGG	neuronal
TAGGAGGGTTATGTCG	astrocyte
TAGGGTTAGAAGAACG	unresolved
TAGGGTTAGCAAACAT	neuronal
TAGGGTTAGGGCAGTT	neuronal
TAGGGTTCAATCGTCA	oligodendrocyte_OPC
TAGGGTTCAATGTCTG	unresolved
TAGGGTTGTCAGTTTG	astrocyte
TAGGGTTTCACCATGA	unresolved
TAGGGTTTCACTGCTC	astrocyte
TAGGGTTTCGCTGTTC	unresolved
TAGGTACTCTAGGCAT	unresolved
TAGGTTGAGCTCTTCC	neuronal
TAGGTTGCAAATCAAG	neuronal
TAGGTTGTCCACAGGC	unresolved
TAGTGCAAGCTAAATG	astrocyte
TAGTGCACACGACCTG	oligodendrocyte_OPC
TAGTGCACATCGTTCC	neuronal
TAGTGCAGTGTCCCTT	unresolved
TAGTGCAGTTAAACAG	unresolved
TAGTGCATCCGTACGG	microglia_immune
TATACCTAGATACCAA	neuronal
TATACCTAGGTAAACT	neuronal
TATACCTAGTATTGCC	unresolved
TATACCTCACAGTACT	neuronal
TATACCTCAGAGATGC	oligodendrocyte_OPC
TATACCTCAGTTAGGG	unresolved
TATACCTTCCCTGTTG	astrocyte
TATATCCAGAATCGCG	unresolved
TATATCCAGGAACATT	unresolved
TATATCCCAGGTTACT	astrocyte
TATATCCCATGACTAC	neuronal
TATATCCGTACTGTTG	microglia_immune
TATCAGGAGGATATGT	astrocyte
TATCAGGGTATATGGA	neuronal
TATCAGGGTTAAGAAC	astrocyte
TATCCTAAGCACTGGA	unresolved
TATCCTACACCAGGTC	unresolved
TATCCTACAGGTGACA	astrocyte
TATCCTAGTACCCACG	neuronal
TATCCTAGTACTGAGG	astrocyte
TATCCTATCAGGGTAG	unresolved
TATCCTATCGAGTGGA	neuronal
TATCGCCCAGAAATCA	neuronal
TATCGCCGTTACCCTC	unresolved
TATCGCCTCGCTTGAA	unresolved
TATCGCCTCGGATTAC	neuronal
TATCTGTAGGCTGTAG	microglia_immune
TATCTGTCACAATGAA	neuronal
TATCTGTGTTATCTGG	neuronal
TATCTGTTCAATCCAG	microglia_immune
TATCTGTTCTGTCCGT	neuronal
TATCTTGCAGCGGTCT	unresolved
TATCTTGGTGATACCT	neuronal
TATCTTGGTTGCCATA	unresolved
TATGTTCAGGCGAAGG	astrocyte
TATGTTCCAAGCTGTT	unresolved
TATGTTCCAGGTCAAG	unresolved
TATGTTCTCTTGGTCC	unresolved
TATTCCAAGATAACGT	neuronal
TATTCCAAGGTATCTC	oligodendrocyte_OPC
TATTCCACAGCAGGAT	unresolved
TATTCCAGTTGCAAGG	unresolved
TATTCCATCGTCACCT	unresolved
TATTCCATCTTAGCCC	neuronal
TATTGCTAGCCGAACA	oligodendrocyte_OPC
TATTGCTAGTGTTCCA	astrocyte
TATTGCTTCAGGAAGC	unresolved
TATTGCTTCCATCTCG	microglia_immune
TATTGGGAGAATTCAG	unresolved
TATTGGGCAGATCCTA	unresolved
TATTGGGGTATCGTAC	astrocyte
TATTGGGGTCCATCTC	unresolved
TATTGGGTCAGCGGAA	microglia_immune
TATTGGGTCTGCGGAC	oligodendrocyte_OPC
TATTTCGGTAGGTACG	oligodendrocyte_OPC
TCAAGACAGCGCAATG	unresolved
TCAAGACGTATATGGA	neuronal
TCAAGACGTATCGGTT	neuronal
TCAAGACGTCGGCACT	astrocyte
TCAAGACGTCTTACAG	unresolved
TCAAGACGTTCAGTAC	unresolved
TCAAGACTCCAACCGG	oligodendrocyte_OPC
TCAAGCAAGGATAATC	unresolved
TCAAGCACAACGATTC	unresolved
TCAAGCACACTGCGTG	unresolved
TCAAGCAGTAGCGTCC	oligodendrocyte_OPC
TCAAGCAGTCAAAGAT	unresolved
TCAAGCAGTGCCTACG	astrocyte
TCAAGCAGTTCTGAGT	unresolved
TCAAGTGAGTCAGCCC	oligodendrocyte_OPC
TCAAGTGCACTGAATC	astrocyte
TCAATTCCACTGAATC	oligodendrocyte_OPC
TCAATTCGTGTAAATG	unresolved
TCACAAGAGATAACGT	unresolved
TCACAAGAGCTCATAC	unresolved
TCACAAGCACTCCACT	oligodendrocyte_OPC
TCACAAGCATGACGAG	neuronal
TCACAAGGTTCGAACT	oligodendrocyte_OPC
TCACAAGGTTGCTCAA	unresolved
TCACACCAGGAATCGC	oligodendrocyte_OPC
TCACACCCAATCGCAT	unresolved
TCACACCGTATTAAGG	astrocyte
TCACACCGTTCGCGTG	neuronal
TCACACCTCCAATCTT	unresolved
TCACATTCAAGATGTA	oligodendrocyte_OPC
TCACATTGTCAAATCC	astrocyte
TCACATTTCACTACGA	neuronal
TCACATTTCGCCAATA	astrocyte
TCACATTTCGGCACTG	astrocyte
TCACGCTCAAGTGATA	astrocyte
TCACGCTTCAATGTCG	neuronal
TCACGCTTCCCTGTTG	astrocyte
TCACGCTTCTAGTCAG	neuronal
TCACGGGCAGTAGATA	unresolved
TCACGGGGTTTGTTGG	neuronal
TCACGGGTCACACCGG	oligodendrocyte_OPC
TCACTATCACACACGC	unresolved
TCACTATCACCGTCTT	oligodendrocyte_OPC
TCACTATGTGGCTTAT	oligodendrocyte_OPC
TCACTATGTTCGGCCA	oligodendrocyte_OPC
TCACTATGTTGTGCAT	neuronal
TCACTATTCGTCGATA	unresolved
TCACTCGAGCCAAGGT	unresolved
TCACTCGAGGAGCAAA	unresolved
TCACTCGAGGTCACCC	unresolved
TCACTCGAGTCAGCCC	unresolved
TCACTCGAGTCGAGGT	neuronal
TCACTCGCAAGCTGCC	oligodendrocyte_OPC
TCAGCAAAGAAAGCGA	vascular
TCAGCAAAGAGCAAGA	oligodendrocyte_OPC
TCAGCAAAGATTTGCC	unresolved
TCAGCAACACCTTCCA	oligodendrocyte_OPC
TCAGCAACACTGTGTA	unresolved
TCAGCAAGTAGGCAGT	unresolved
TCAGCCTAGGCGTTGA	astrocyte
TCAGCCTAGTCTGGTT	unresolved
TCAGCCTCAATTGAAG	microglia_immune
TCAGCCTCAGATCCTA	unresolved
TCAGCCTGTATCGCTA	oligodendrocyte_OPC
TCAGCCTGTCGCTTAA	unresolved
TCAGCCTGTGCCCACA	astrocyte
TCAGGGCAGCCTGTCG	unresolved
TCAGGGCCAACGTATC	neuronal
TCAGGGCCACGGTGTC	oligodendrocyte_OPC
TCAGGGCGTGTCATCA	astrocyte
TCAGGGCTCCCGTGTT	neuronal
TCAGGTAAGCCAAGGT	neuronal
TCAGGTACAAACACCT	astrocyte
TCAGGTACACGCTGCA	unresolved
TCAGGTAGTCGTTCAA	unresolved
TCAGGTAGTCTTAGTG	unresolved
TCAGGTAGTGAACTAA	unresolved
TCAGGTAGTGCCTACG	oligodendrocyte_OPC
TCAGTCCAGCTTAGTC	unresolved
TCAGTCCAGTCCGCGT	neuronal
TCAGTCCCAAATCAAG	neuronal
TCAGTCCCAGCGCGTT	oligodendrocyte_OPC
TCAGTCCGTCGAATTC	unresolved
TCAGTCCGTCTCACGG	neuronal
TCAGTCCGTGTGGACA	oligodendrocyte_OPC
TCAGTCCTCAAGCCAT	microglia_immune
TCAGTCCTCCTAGAGT	neuronal
TCAGTCCTCGTTACCC	unresolved
TCAGTGAAGACAACAT	neuronal
TCAGTGATCATTACGG	oligodendrocyte_OPC
TCAGTTTAGATAGCAT	microglia_immune
TCAGTTTAGTGCTCGC	neuronal
TCAGTTTTCAGCTTCC	astrocyte
TCATACTAGACCATTC	microglia_immune
TCATACTAGAGCAACC	neuronal
TCATACTCATGCCATA	oligodendrocyte_OPC
TCATACTGTGGCAACA	microglia_immune
TCATACTGTTGCCAAT	microglia_immune
TCATACTTCATCCTGC	unresolved
TCATATCAGAATCGCG	unresolved
TCATATCAGCGTCAGA	oligodendrocyte_OPC
TCATATCGTACTGTTG	microglia_immune
TCATATCGTCACTCAA	unresolved
TCATATCGTTGGCCTG	oligodendrocyte_OPC
TCATATCTCGCTTGCT	astrocyte
TCATCATAGACGGTCA	unresolved
TCATCATAGCTGTTAC	unresolved
TCATCATCAACGACAG	neuronal
TCATCATCAATCTCGA	unresolved
TCATCATGTGATAGAT	vascular
TCATCATTCCGATTAG	astrocyte
TCATCCGAGTACTCGT	neuronal
TCATCCGCAAAGAGTT	unresolved
TCATCCGCAGACCAGA	unresolved
TCATCCGCATCGCTAA	oligodendrocyte_OPC
TCATCCGGTTCGTGCG	astrocyte
TCATCCGTCAAGAGGC	unresolved
TCATGAGAGCAGCGAT	neuronal
TCATGAGAGGTACATA	oligodendrocyte_OPC
TCATGAGAGTGGGAAA	neuronal
TCATGAGCAAGTATAG	unresolved
TCATGCCCAGTGTGGA	neuronal
TCATGCCTCCAGCACG	neuronal
TCATGCCTCGACGCTG	microglia_immune
TCATGGAAGAGAATCT	oligodendrocyte_OPC
TCATGGACAAGCTGTT	neuronal
TCATGGACAGCATGCC	neuronal
TCATGGACAGGTACGA	oligodendrocyte_OPC
TCATGGATCGGCTTGG	oligodendrocyte_OPC
TCATGGATCTTCCCAG	unresolved
TCATGTTCAAAGCGTG	unresolved
TCATGTTCAAGTGACG	neuronal
TCATGTTCACATATCG	neuronal
TCATGTTCATGAAAGT	oligodendrocyte_OPC
TCATGTTGTTACAGCT	oligodendrocyte_OPC
TCATGTTTCGAGAACG	oligodendrocyte_OPC
TCATTACAGTAAGACT	oligodendrocyte_OPC
TCATTACCAGACAAGC	oligodendrocyte_OPC
TCATTACCATCTTTCA	vascular
TCATTACGTCCTATAG	neuronal
TCATTACTCCAAGGGA	unresolved
TCATTACTCCAGTGTA	unresolved
TCATTCAAGCGCTGAA	unresolved
TCATTCACAACACACT	unresolved
TCATTCACATGACTCA	neuronal
TCATTCAGTAGCCAGA	unresolved
TCATTCATCATGGATC	oligodendrocyte_OPC
TCATTGTAGTATGAGT	unresolved
TCATTGTCAAAGGCAC	unresolved
TCATTGTCACTGCATA	microglia_immune
TCATTGTGTATCGTTG	neuronal
TCATTGTTCACCTCTG	vascular
TCATTGTTCCTTCACG	oligodendrocyte_OPC
TCATTTGAGCGGACAT	oligodendrocyte_OPC
TCATTTGAGGATATAC	oligodendrocyte_OPC
TCATTTGCAATCAAGA	neuronal
TCCACCACAAGAGTAT	unresolved
TCCACCACAGTCGCAC	microglia_immune
TCCACCACATCTGGGC	oligodendrocyte_OPC
TCCACCACATTGTACG	microglia_immune
TCCACCAGTCTTTATC	microglia_immune
TCCACCAGTGTGTGTT	oligodendrocyte_OPC
TCCACCAGTTGACTAC	oligodendrocyte_OPC
TCCACCATCACATACG	neuronal
TCCACCATCGTTCTCG	unresolved
TCCACCATCTCGTGAA	oligodendrocyte_OPC
TCCACGTCAATAACCC	oligodendrocyte_OPC
TCCACGTCATGACTGT	oligodendrocyte_OPC
TCCACGTTCCGACAGC	astrocyte
TCCAGAACAACACGTT	unresolved
TCCAGAACAACCGACC	unresolved
TCCAGAACAACCGTGC	oligodendrocyte_OPC
TCCAGAAGTCTTACAG	unresolved
TCCAGAAGTGCTGTCG	neuronal
TCCAGAAGTTGACTAC	neuronal
TCCAGAATCAAGGCTT	unresolved
TCCATCGAGACTGGGT	astrocyte
TCCATCGAGTCACTAC	oligodendrocyte_OPC
TCCATCGAGTTGCTCA	oligodendrocyte_OPC
TCCATCGCAAACGAGC	unresolved
TCCATCGCAACGTATC	unresolved
TCCATCGGTATCGTGT	neuronal
TCCATCGGTGCCGAAA	unresolved
TCCATCGTCACTAGCA	oligodendrocyte_OPC
TCCATGCGTAGCCCTG	microglia_immune
TCCATGCGTTTCACTT	oligodendrocyte_OPC
TCCATGCTCCAGGACC	unresolved
TCCATGCTCTATACTC	unresolved
TCCCACAAGCTTCGTA	oligodendrocyte_OPC
TCCCACACAAGCTGCC	unresolved
TCCCACACATACAGGG	unresolved
TCCCACAGTTGCAACT	neuronal
TCCCACATCCATTGTT	astrocyte
TCCCACATCTCTCGAC	astrocyte
TCCCAGTAGGTATAGT	neuronal
TCCCAGTGTACCTAAC	neuronal
TCCCAGTGTGCATCTA	astrocyte
TCCCAGTTCCGTTGAA	oligodendrocyte_OPC
TCCCATGAGTAGGTTA	unresolved
TCCCATGCAAGGCCTC	neuronal
TCCCATGCACGCGCAT	neuronal
TCCCATGTCTCCGAAA	neuronal
TCCGAAAAGGGCAGTT	oligodendrocyte_OPC
TCCGAAAAGTGATTCC	unresolved
TCCGAAATCACTGGTA	oligodendrocyte_OPC
TCCGAAATCGAGTTGT	astrocyte
TCCGAAATCGCTTGCT	neuronal
TCCGATCCAACAGCTT	microglia_immune
TCCGATCCAGTATACC	unresolved
TCCGATCCATTCGGGC	neuronal
TCCGATCGTACCCACG	unresolved
TCCGATCGTAGGCAGT	oligodendrocyte_OPC
TCCGATCTCCGTCACT	neuronal
TCCGATCTCTTCCACG	oligodendrocyte_OPC
TCCGGGAAGTCCGTCG	neuronal
TCCGGGAAGTGATGGC	oligodendrocyte_OPC
TCCGGGACACTCAAGT	unresolved
TCCGGGATCACCACAA	oligodendrocyte_OPC
TCCGGGATCGCACTCT	neuronal
TCCGGGATCGGTCTGG	neuronal
TCCGTGTCATAGATGA	oligodendrocyte_OPC
TCCGTGTGTATTCTCT	vascular
TCCGTGTTCCATTGTT	unresolved
TCCGTGTTCGCGATCG	unresolved
TCCTAATAGCACCAGA	neuronal
TCCTAATAGGATGGCT	vascular
TCCTAATAGTAGGTTA	neuronal
TCCTAATGTTCCACGG	oligodendrocyte_OPC
TCCTAATGTTCTCACC	astrocyte
TCCTAATTCATTCATC	unresolved
TCCTCCCAGGATTTGA	oligodendrocyte_OPC
TCCTCCCCAATTTCTC	astrocyte
TCCTCCCCATACCAGT	astrocyte
TCCTCCCCATGTCAGT	unresolved
TCCTCCCTCAAGTCGT	astrocyte
TCCTCCCTCACTGATG	neuronal
TCCTCCCTCAGACCTA	unresolved
TCCTCGAAGATCCCGC	unresolved
TCCTCGAAGCGCAATG	oligodendrocyte_OPC
TCCTCGAGTCCTACAA	unresolved
TCCTCGATCCACACCT	microglia_immune
TCCTCGATCCCTCGAT	astrocyte
TCCTCGATCCGAACGC	neuronal
TCCTCTTCATGTAACC	astrocyte
TCCTCTTGTTCTGAGT	oligodendrocyte_OPC
TCCTCTTGTTCTTAGG	unresolved
TCCTCTTTCGTAATGC	neuronal
TCCTCTTTCGTCCATC	neuronal
TCCTGCAAGGTGCTTT	unresolved
TCCTGCACAAACTCGT	vascular
TCCTGCACACTCAAGT	neuronal
TCCTGCAGTGTTATCG	unresolved
TCCTTCTAGCACTTTG	unresolved
TCCTTCTAGGCTGTAG	neuronal
TCCTTCTAGGTCATAA	oligodendrocyte_OPC
TCCTTCTGTCTACAAC	neuronal
TCCTTCTGTTGCATTG	unresolved
TCCTTTCAGCGACTAG	neuronal
TCCTTTCTCGTTACCC	unresolved
TCGAACACAGAAGTGC	astrocyte
TCGAACACAGAGGAAA	ambiguous_or_doublet
TCGAACATCCAAACCA	unresolved
TCGAACATCTTACACT	unresolved
TCGAAGTAGTCCTACA	oligodendrocyte_OPC
TCGAAGTCATTGTCGA	microglia_immune
TCGAAGTGTCCTTTGC	oligodendrocyte_OPC
TCGAAGTGTCTCAGGC	neuronal
TCGACCTAGAGCATAT	unresolved
TCGACCTAGTTGTAGA	neuronal
TCGACCTTCAAGAGTA	unresolved
TCGACCTTCACGATAC	unresolved
TCGACCTTCTTCGGAA	microglia_immune
TCGACGGCACGGAAGT	oligodendrocyte_OPC
TCGACGGGTGTATTCG	astrocyte
TCGACGGTCTTGGAAC	neuronal
TCGATTTAGACGACTG	neuronal
TCGATTTAGGAACTCG	oligodendrocyte_OPC
TCGATTTAGTTAACGA	oligodendrocyte_OPC
TCGATTTCACACGCCA	neuronal
TCGATTTGTCTTAGTG	unresolved
TCGATTTGTGATGAAT	neuronal
TCGCACTAGAGGGTAA	oligodendrocyte_OPC
TCGCACTAGCTTTCTT	unresolved
TCGCACTTCGCGTCGA	neuronal
TCGCAGGAGCAATAAC	unresolved
TCGCAGGAGGTCCTGC	astrocyte
TCGCAGGCAGGGTCTC	astrocyte
TCGCAGGCATTGACAC	unresolved
TCGCAGGGTAGACGTG	neuronal
TCGCAGGTCCATTGGA	unresolved
TCGCAGGTCCTCGATC	oligodendrocyte_OPC
TCGCTCAAGATCGCCC	unresolved
TCGCTCAGTCATCAGT	oligodendrocyte_OPC
TCGCTCATCGTGTGAT	astrocyte
TCGCTTGAGGCTTTCA	unresolved
TCGCTTGCAAGGTTGG	neuronal
TCGCTTGCACTTGGCG	neuronal
TCGCTTGCATTGTACG	neuronal
TCGCTTGGTTAAACCC	unresolved
TCGCTTGTCTAGCCAA	astrocyte
TCGGATAAGCTCGAAG	neuronal
TCGGATACACTACGGC	unresolved
TCGGGACCAGGACTAG	oligodendrocyte_OPC
TCGGGACTCATTGCCC	neuronal
TCGGGACTCTATACGG	unresolved
TCGGGCAAGAGCCATG	neuronal
TCGGGCAAGTTTGTCG	ambiguous_or_doublet
TCGGGCACAGGGCTTC	unresolved
TCGGGTGAGAATCGCG	neuronal
TCGGGTGAGCATTGTC	unresolved
TCGGGTGCAAGTTTGC	unresolved
TCGGGTGCATGCCGCA	oligodendrocyte_OPC
TCGGTCTAGTGGTTGG	neuronal
TCGGTCTGTACTAACC	oligodendrocyte_OPC
TCGGTCTGTATCGAGG	oligodendrocyte_OPC
TCGGTCTTCCGTGGCA	neuronal
TCGGTCTTCGTCACCT	oligodendrocyte_OPC
TCGTAGAAGGTCGACA	neuronal
TCGTAGAGTATGTCAC	unresolved
TCGTAGATCAAGGTGG	astrocyte
TCGTCCAAGCTGAAGC	astrocyte
TCGTCCAAGGTCGTCC	unresolved
TCGTCCACATCACCAA	microglia_immune
TCGTCCAGTGCAAGAC	astrocyte
TCGTCCAGTTAAGCAA	astrocyte
TCGTCCATCACCATCC	unresolved
TCGTGCTCAAATGCGG	neuronal
TCGTGCTGTCATACCA	oligodendrocyte_OPC
TCGTGCTGTTAGGACG	unresolved
TCGTGGGCAAGTCATC	unresolved
TCGTGGGGTCTCGGAC	unresolved
TCTAACTAGTCTCGTA	astrocyte
TCTAACTCAACAGCCC	unresolved
TCTAACTTCGGACGTC	oligodendrocyte_OPC
TCTACATGTGAGCTCC	unresolved
TCTACATGTTTCTATC	microglia_immune
TCTACATTCGGAATGG	ambiguous_or_doublet
TCTACATTCTAACACG	unresolved
TCTACATTCTTAGCAG	vascular
TCTACCGAGAATTGCA	unresolved
TCTACCGAGGATGCGT	neuronal
TCTACCGCAATTGCGT	oligodendrocyte_OPC
TCTACCGCACGTTCGG	oligodendrocyte_OPC
TCTACCGGTCTTTATC	oligodendrocyte_OPC
TCTATACAGCTTAAGA	oligodendrocyte_OPC
TCTATCAGTTGTCAGT	astrocyte
TCTATCATCCTATTTG	oligodendrocyte_OPC
TCTATCATCGACGACC	microglia_immune
TCTCACGCACTTGTGA	unresolved
TCTCAGCAGTAAACAC	oligodendrocyte_OPC
TCTCAGCGTTTAGACC	oligodendrocyte_OPC
TCTCAGCTCAACTCTT	oligodendrocyte_OPC
TCTCAGCTCACAAGAA	oligodendrocyte_OPC
TCTCCGAAGGGAGGCA	neuronal
TCTCCGAGTTCAATCG	neuronal
TCTCCGATCATTGTGG	neuronal
TCTCCGATCGCTGTCT	neuronal
TCTCCGATCTAGCCAA	astrocyte
TCTCTGGCATGAAGGC	oligodendrocyte_OPC
TCTCTGGTCCACTGAA	unresolved
TCTCTGGTCCGTTGAA	oligodendrocyte_OPC
TCTGCCATCTACACAG	microglia_immune
TCTGGCTCAAATGCTC	unresolved
TCTGGCTCATCGCCTT	neuronal
TCTGGCTGTGTTACAC	oligodendrocyte_OPC
TCTGGCTTCGTAGGGA	neuronal
TCTGGCTTCTACCACC	vascular
TCTGGCTTCTCCCAAC	astrocyte
TCTGTCGAGCCACTCG	oligodendrocyte_OPC
TCTGTCGCAAGTTTGC	oligodendrocyte_OPC
TCTGTCGCACTTGAAC	astrocyte
TCTGTCGGTACTTGTG	unresolved
TCTGTCGGTAGACAGC	oligodendrocyte_OPC
TCTGTCGGTGTTCCTC	unresolved
TCTGTCGTCATGAGTC	oligodendrocyte_OPC
TCTTAGTTCGAACGCC	astrocyte
TCTTAGTTCGTAGTCA	neuronal
TCTTCCTCAAGGGCAT	unresolved
TCTTCCTGTCAGATTC	neuronal
TCTTCCTGTGAGCCAA	oligodendrocyte_OPC
TCTTCCTTCACCACAA	astrocyte
TCTTCCTTCTCAACCC	unresolved
TCTTGCGCATACACCA	neuronal
TCTTGCGCATTAGGCT	unresolved
TCTTGCGGTCCACACG	unresolved
TCTTGCGTCAACCTCC	neuronal
TCTTGCGTCCACATAG	oligodendrocyte_OPC
TCTTTGAAGATACATG	astrocyte
TCTTTGACAAGTTTGC	oligodendrocyte_OPC
TCTTTGACAGGCATGA	unresolved
TCTTTGACATCCCGTT	oligodendrocyte_OPC
TCTTTGACATTGACCA	microglia_immune
TCTTTGAGTGACGTCC	unresolved
TCTTTGATCCCTGGTT	neuronal
TCTTTGATCGCCAATA	neuronal
TGAACGTCACCTCGTT	neuronal
TGAACGTTCCTTCTAA	oligodendrocyte_OPC
TGAATCGCATGACTAC	oligodendrocyte_OPC
TGAATCGGTGATGAAT	oligodendrocyte_OPC
TGAATCGGTGTTCGTA	unresolved
TGAATCGTCTACTTCA	unresolved
TGAATCGTCTTTCAGT	astrocyte
TGAATGCAGGGTACGT	astrocyte
TGAATGCTCGCCTTTG	ambiguous_or_doublet
TGACAGTAGCGGCTCT	neuronal
TGACAGTAGGCAATGC	oligodendrocyte_OPC
TGACAGTCAAGGTCGA	unresolved
TGACAGTCATGAAGCG	unresolved
TGACAGTTCGACCTAA	oligodendrocyte_OPC
TGACAGTTCTAGTGTG	astrocyte
TGACCCTAGTAGACCG	unresolved
TGACCCTGTCTACATG	neuronal
TGACGCGAGACCAAAT	unresolved
TGACGCGCAACACTAC	neuronal
TGACGCGCAACCGACC	astrocyte
TGACGCGCAGCATGCC	neuronal
TGACGCGCAGGCACAA	neuronal
TGACTCCCACATTCGA	ambiguous_or_doublet
TGACTCCCACCAGCGT	unresolved
TGACTCCGTGCGGCTT	microglia_immune
TGACTCCGTGTGATGG	unresolved
TGACTCCGTTCGAGCC	oligodendrocyte_OPC
TGACTCCTCGATTTCT	oligodendrocyte_OPC
TGAGACTCAAGGAGTC	oligodendrocyte_OPC
TGAGACTCAGAGGTTG	unresolved
TGAGACTGTCGACTGC	neuronal
TGAGCATAGTACTCGT	unresolved
TGAGCATGTATCGATC	neuronal
TGAGCATTCGGAATTC	oligodendrocyte_OPC
TGAGCGCAGCACCCAC	unresolved
TGAGCGCAGGGAGGCA	unresolved
TGAGCGCAGGTCGAGT	unresolved
TGAGCGCTCCTCACGT	unresolved
TGAGGAGAGAAATTCG	neuronal
TGAGGAGAGTTTGTCG	neuronal
TGAGGAGCAATAGTCC	neuronal
TGAGGGAAGGGACAGG	unresolved
TGAGGGAAGGGTACAC	neuronal
TGAGGGAGTAGTGATA	microglia_immune
TGAGGGATCCCAAGCG	unresolved
TGAGGGATCTACGCAA	oligodendrocyte_OPC
TGAGGGATCTGGCCAG	neuronal
TGAGGTTAGTACAGCG	unresolved
TGAGGTTCAAGGCAAC	oligodendrocyte_OPC
TGAGGTTGTAGTCGTT	unresolved
TGAGGTTTCACAAGAA	unresolved
TGAGGTTTCGATTGAC	oligodendrocyte_OPC
TGAGGTTTCTATCCAT	unresolved
TGAGTCAAGTCTGCAT	microglia_immune
TGAGTCAGTGGCCACT	microglia_immune
TGAGTCATCGTTATCT	neuronal
TGATCAGAGTGGAATT	unresolved
TGATCAGTCGACGTCG	unresolved
TGATCAGTCTTTCTAG	oligodendrocyte_OPC
TGATCTTTCTCCATAT	neuronal
TGATCTTTCTGCATAG	astrocyte
TGATGCAAGACCTTTG	unresolved
TGATGCACAGTCGGTC	oligodendrocyte_OPC
TGATGCAGTACGGGAT	neuronal
TGATGCAGTCCTTAAG	unresolved
TGATGGTCACAGAGAC	unresolved
TGATGGTCACGAGGTA	vascular
TGATGGTCAGTTTGGT	unresolved
TGATGGTTCCGAACGC	oligodendrocyte_OPC
TGATGGTTCGGTCATA	unresolved
TGATTCTAGCCTCATA	neuronal
TGATTCTAGTTTGTCG	microglia_immune
TGATTCTGTCCGACGT	oligodendrocyte_OPC
TGATTCTTCAATCGGT	astrocyte
TGATTCTTCCTCATAT	unresolved
TGATTCTTCTCGAGTA	unresolved
TGATTTCAGACCAGAC	neuronal
TGATTTCCAATTGGTC	unresolved
TGATTTCGTAAGATCA	neuronal
TGATTTCGTACAGCGA	neuronal
TGATTTCTCAGGAACG	oligodendrocyte_OPC
TGATTTCTCCGAGGCT	unresolved
TGCACGGAGCTGACAG	unresolved
TGCACGGCAATTGCTG	unresolved
TGCAGATTCAAGAGGC	neuronal
TGCAGGCAGGAGCAAA	unresolved
TGCAGGCAGTCTTCCC	neuronal
TGCAGGCCACGACTAT	neuronal
TGCAGGCGTGAGATTA	astrocyte
TGCAGGCGTGCCTGCA	neuronal
TGCAGGCGTTAGGACG	oligodendrocyte_OPC
TGCAGGCTCAGAATAG	oligodendrocyte_OPC
TGCAGTAAGGCTCCCA	oligodendrocyte_OPC
TGCAGTAAGTCAGGGT	astrocyte
TGCAGTACAACAGATA	unresolved
TGCAGTACAGAACTAA	unresolved
TGCAGTAGTAGGATAT	unresolved
TGCAGTAGTTCCACAA	unresolved
TGCAGTAGTTGTGCCG	unresolved
TGCAGTAGTTTCGATG	oligodendrocyte_OPC
TGCAGTATCCTACACC	neuronal
TGCATCCAGAGTCAAT	oligodendrocyte_OPC
TGCATCCCACAAGCAG	unresolved
TGCATCCCATGATAGA	oligodendrocyte_OPC
TGCATCCGTCGGATTT	neuronal
TGCATCCGTCTAGATC	unresolved
TGCATCCTCCACAGGC	oligodendrocyte_OPC
TGCATCCTCGAGTCTA	neuronal
TGCATCCTCGGCTGTG	ambiguous_or_doublet
TGCATGACAATTGGTC	astrocyte
TGCATGACAGACCTAT	unresolved
TGCATGAGTAACCCTA	microglia_immune
TGCATGAGTATGGTTC	neuronal
TGCATGAGTCTTGCGG	unresolved
TGCCGAGCACCCTAGG	neuronal
TGCGACGAGTAACCGG	unresolved
TGCGACGCAACTGCTA	unresolved
TGCGACGGTTACCCTC	unresolved
TGCGACGGTTGGTGTT	neuronal
TGCGATAAGTCACGCC	neuronal
TGCGATAGTATACCTG	astrocyte
TGCGATATCCATTCAT	oligodendrocyte_OPC
TGCGGGTCAATCGCAT	astrocyte
TGCGGGTCACCTTCGT	neuronal
TGCGGGTGTACCAATC	unresolved
TGCTCCAAGAGAGAAC	microglia_immune
TGCTCCAAGCTGACTT	oligodendrocyte_OPC
TGCTCCAAGGTTTGAA	unresolved
TGCTCCAAGTCCTACA	oligodendrocyte_OPC
TGCTCCACAGAGGTTG	oligodendrocyte_OPC
TGCTCGTAGATGTTGA	unresolved
TGCTCGTAGTCCCAGC	oligodendrocyte_OPC
TGCTCGTAGTGAACAT	astrocyte
TGCTCGTCAAGTGTCT	oligodendrocyte_OPC
TGCTCGTCAGGAATAT	neuronal
TGCTGAAAGCTGAGCA	unresolved
TGCTGAAGTCTGCAAT	neuronal
TGCTGAATCGACATTG	oligodendrocyte_OPC
TGCTTCGAGGATTCCT	neuronal
TGCTTCGCACTCCCTA	astrocyte
TGCTTGCAGTAACGAT	neuronal
TGCTTGCCAACAGTGG	neuronal
TGCTTGCCAACCACGC	unresolved
TGCTTGCCACGCTGAC	neuronal
TGCTTGCCACTATCCC	unresolved
TGCTTGCGTATGAGGC	astrocyte
TGCTTGCGTGCAACAG	microglia_immune
TGCTTGCTCAACTTTC	microglia_immune
TGGAACTAGACCAGCA	neuronal
TGGAACTAGGCTGTAG	unresolved
TGGAACTAGTCATACC	astrocyte
TGGAACTCAGAGATGC	unresolved
TGGAACTGTGAGTGAC	neuronal
TGGAGAGAGATGGGCT	unresolved
TGGAGAGTCACGATAC	astrocyte
TGGAGGAAGCATCAGG	oligodendrocyte_OPC
TGGAGGAAGGATGTTA	unresolved
TGGAGGACAACTGCCG	oligodendrocyte_OPC
TGGAGGACAAGTGGAC	oligodendrocyte_OPC
TGGAGGACACAGCCTG	unresolved
TGGAGGACAGATGCGA	neuronal
TGGAGGACATCGCTCT	astrocyte
TGGATCACATGTGACT	oligodendrocyte_OPC
TGGATCAGTCTGCAAT	microglia_immune
TGGATCATCGGCAGTC	neuronal
TGGATCATCGTTAGAC	unresolved
TGGATGTCAGTCGCTG	ambiguous_or_doublet
TGGATGTGTCTGCGCA	oligodendrocyte_OPC
TGGATGTGTGGACTGA	unresolved
TGGATGTGTTAAGTCC	vascular
TGGATGTTCCCAGCGA	unresolved
TGGATGTTCTGAATCG	neuronal
TGGATGTTCTGGCTGG	oligodendrocyte_OPC
TGGATGTTCTGTCGCT	oligodendrocyte_OPC
TGGCGTGAGGATTTCC	unresolved
TGGCGTGAGGCCTTCG	unresolved
TGGCGTGCAGACGATG	unresolved
TGGCGTGGTAGAATGT	unresolved
TGGCGTGGTGATAGTA	oligodendrocyte_OPC
TGGCGTGGTGCGAGTA	neuronal
TGGCGTGTCGGCACTG	unresolved
TGGCGTGTCGTGCACG	neuronal
TGGGAAGCAACGTTAC	unresolved
TGGGAAGCAGCTCGGT	oligodendrocyte_OPC
TGGGAAGGTGTCCACG	unresolved
TGGGAAGTCTGCTAGA	neuronal
TGGGAGACACACGGTC	oligodendrocyte_OPC
TGGGAGACAGTTCTAG	oligodendrocyte_OPC
TGGGAGAGTAACGGTG	neuronal
TGGGATTAGTAGCTCT	unresolved
TGGGATTCAGTAACAA	neuronal
TGGGATTGTGTCCCTT	oligodendrocyte_OPC
TGGGCGTCAAATGCGG	astrocyte
TGGGCGTGTCCGGACT	unresolved
TGGGCGTGTGGTTTAC	vascular
TGGGCTGAGGGCCAAT	unresolved
TGGGCTGCACACCGAC	oligodendrocyte_OPC
TGGGCTGCATACCGTA	oligodendrocyte_OPC
TGGGCTGGTCGGAACA	neuronal
TGGGCTGGTTGGTAGG	astrocyte
TGGGCTGTCCGAAATC	unresolved
TGGGTTACAACACGAG	oligodendrocyte_OPC
TGGGTTACACCAGTAT	microglia_immune
TGGGTTACAGCATTGT	unresolved
TGGTACACAGAGGTAC	oligodendrocyte_OPC
TGGTACAGTACGGGAT	astrocyte
TGGTACAGTAGGCTCC	unresolved
TGGTACATCCAAATGC	oligodendrocyte_OPC
TGGTACATCGCAATGT	unresolved
TGGTAGTCATGGGAAC	unresolved
TGGTGATTCACACCGG	oligodendrocyte_OPC
TGGTGATTCCGCAACG	neuronal
TGGTTAGAGGGTTAAT	unresolved
TGGTTAGAGGTAGCAC	astrocyte
TGGTTAGAGGTCTGGA	neuronal
TGGTTAGGTGCATTTG	neuronal
TGGTTAGTCAAGAGGC	oligodendrocyte_OPC
TGTAACGAGAAGATCT	unresolved
TGTAACGAGACGATAT	unresolved
TGTAACGAGAGGCGTT	astrocyte
TGTAACGCATCTTAGG	astrocyte
TGTAACGGTACAGTCT	unresolved
TGTAAGCAGAGTCGAC	unresolved
TGTAAGCCAGCTGAGA	neuronal
TGTAAGCGTCGAATGG	oligodendrocyte_OPC
TGTAAGCGTGATGTAA	neuronal
TGTAAGCTCGCGAAGA	neuronal
TGTAAGCTCTGGACCG	unresolved
TGTACAGAGTGCGACA	neuronal
TGTACAGCACATTACG	unresolved
TGTACAGGTCCGCAGT	oligodendrocyte_OPC
TGTAGACAGCGGGTTA	unresolved
TGTAGACAGGAATGTT	astrocyte
TGTAGACAGTGGTTCT	oligodendrocyte_OPC
TGTAGACGTAGGCTCC	unresolved
TGTCAGAAGACAGTCG	ambiguous_or_doublet
TGTCAGACAGGTGACA	unresolved
TGTCAGATCCGTCAAA	neuronal
TGTCCACCACAAAGTA	neuronal
TGTCCACGTACGAAAT	unresolved
TGTCCACTCACTTCTA	microglia_immune
TGTCCCACATAAGCAA	microglia_immune
TGTCCCACATTGCCGG	unresolved
TGTCCCATCGAACGCC	oligodendrocyte_OPC
TGTCCTGAGGTTAGTA	neuronal
TGTCCTGCAGTGTGGA	oligodendrocyte_OPC
TGTCCTGTCATAGCAC	microglia_immune
TGTCCTGTCTCTGAGA	unresolved
TGTGAGTGTACCCGCA	oligodendrocyte_OPC
TGTGAGTTCTAGAGCT	unresolved
TGTGATGAGAAGCTCG	unresolved
TGTGATGCATGTTCGA	unresolved
TGTGATGGTAACGCGA	ambiguous_or_doublet
TGTGATGTCGCCCAGA	astrocyte
TGTGATGTCGTTTACT	unresolved
TGTGATGTCTCCGCAT	oligodendrocyte_OPC
TGTGCGGCACATGTTG	unresolved
TGTGCGGGTATCAGGG	astrocyte
TGTGCGGTCGAACGCC	unresolved
TGTGGCGAGACGACTG	unresolved
TGTGGCGCAGGTCAAG	unresolved
TGTGGCGCAGTTGGTT	unresolved
TGTGGCGGTTGCTCGG	oligodendrocyte_OPC
TGTGGCGTCAATCAGC	oligodendrocyte_OPC
TGTGTGACACCGCTGA	neuronal
TGTGTGAGTAGTGATA	neuronal
TGTGTGATCGCTTTAT	unresolved
TGTTACTGTCCTCCTA	unresolved
TGTTCATAGGTTGGTG	neuronal
TGTTCATCAACCAGAG	oligodendrocyte_OPC
TGTTCATCATTGCCGG	unresolved
TGTTCATGTGCGGCTT	unresolved
TGTTCATGTTTCCATT	unresolved
TGTTCATTCTCGTGGG	unresolved
TGTTCCGAGCCGCTTG	astrocyte
TGTTCCGCAACTGGTT	unresolved
TGTTCCGGTAGGTAGC	unresolved
TGTTCCGGTTGCCGAC	neuronal
TGTTCTAAGGGCCTCT	oligodendrocyte_OPC
TGTTCTACAATAGAGT	unresolved
TGTTCTAGTCTGCATA	neuronal
TGTTGAGAGAGAGTGA	vascular
TGTTGAGCACGGTGCT	astrocyte
TGTTGAGCAGCCCACA	neuronal
TGTTGAGCAGGTCAAG	oligodendrocyte_OPC
TGTTGAGGTATCGATC	neuronal
TGTTGAGTCGTGTGAT	neuronal
TGTTGGAGTCTCACGG	vascular
TGTTGGATCCAATCTT	unresolved
TGTTTGTCACTTGTCC	unresolved
TGTTTGTCAGGTGTTT	microglia_immune
TGTTTGTGTCAAGTTC	neuronal
TGTTTGTTCAAGTGTC	unresolved
TGTTTGTTCCACAGCG	oligodendrocyte_OPC
TGTTTGTTCGTCGCTT	astrocyte
TTAATCCAGCGAATGC	microglia_immune
TTAATCCCAGTAGAAT	microglia_immune
TTAATCCCATTGCCTC	astrocyte
TTAATCCGTTAGGCCC	astrocyte
TTACAGGAGAGAGTTT	oligodendrocyte_OPC
TTACAGGAGAGCGACT	astrocyte
TTACAGGCATTGAGGG	vascular
TTACAGGGTCCACTTC	neuronal
TTACAGGGTTCGGTAT	neuronal
TTACCATCACACCTGG	unresolved
TTACCATCATAACAGA	unresolved
TTACCATCATCTAACG	unresolved
TTACCATGTACGAGTG	unresolved
TTACCATGTCGAGTGA	unresolved
TTACCATTCAGCATTG	astrocyte
TTACCGCAGTAGAGTT	oligodendrocyte_OPC
TTACCGCCAATTTCTC	unresolved
TTACCGCGTACAGTCT	neuronal
TTACCGCGTGCATTAC	oligodendrocyte_OPC
TTACCGCGTTCCTACC	oligodendrocyte_OPC
TTACGCCAGCGAGTAC	unresolved
TTACGCCAGCGCACAA	oligodendrocyte_OPC
TTACGCCCAATTGAAG	neuronal
TTACGCCGTGTTCGTA	neuronal
TTACGCCGTTTCCCAC	microglia_immune
TTACGCCTCGTTCCTG	unresolved
TTACGCCTCTGTCAGA	neuronal
TTACGTTAGACGCCCT	astrocyte
TTACGTTAGGCTAGCA	unresolved
TTACGTTAGTCTTGGT	unresolved
TTACTGTCACAAAGTA	unresolved
TTAGGCACAATCTGCA	ambiguous_or_doublet
TTAGGCAGTGACGCCT	astrocyte
TTAGGCAGTTGAATCC	astrocyte
TTAGGCATCGTTCGCT	neuronal
TTAGGGTCAGAGCCCT	unresolved
TTAGGGTTCCATGCAA	unresolved
TTAGGGTTCGGTAGGA	neuronal
TTAGTCTAGCGGTAAC	neuronal
TTAGTCTCAAATGGAT	oligodendrocyte_OPC
TTAGTCTGTGTAGGAC	unresolved
TTAGTCTTCAGGACGA	astrocyte
TTAGTCTTCTTGAACG	unresolved
TTATTGCAGCAATTAG	unresolved
TTATTGCAGGACTGGT	unresolved
TTATTGCAGGTCGACA	neuronal
TTATTGCCACCCTAAA	unresolved
TTATTGCCAGCTTCGG	oligodendrocyte_OPC
TTATTGCGTAGAAACT	oligodendrocyte_OPC
TTATTGCTCCGGCAAC	astrocyte
TTATTGCTCCTATTTG	astrocyte
TTATTGCTCCTTCAGC	unresolved
TTCAATCAGGGATGTC	unresolved
TTCAATCCACTCGATA	neuronal
TTCAATCCAGGTCAAG	neuronal
TTCAATCGTCCCTAAA	astrocyte
TTCAATCGTGAGTCAG	neuronal
TTCAATCGTTTACACG	neuronal
TTCAATCTCACTGAAC	oligodendrocyte_OPC
TTCAATCTCCAAGAGG	neuronal
TTCAATCTCGTCGACG	unresolved
TTCACCGAGAGTCTTC	unresolved
TTCACCGAGCAAGCCA	unresolved
TTCACCGAGGTTCTAC	microglia_immune
TTCACCGCACGCCAGT	unresolved
TTCACCGCATAACGGG	unresolved
TTCACCGGTCTGTGCG	astrocyte
TTCACCGTCCTTATAC	unresolved
TTCACCGTCTCGTGGG	unresolved
TTCACGCAGACGCATG	unresolved
TTCACGCCAATGCAAA	unresolved
TTCACGCCATTACTCT	unresolved
TTCACGCTCGCTACGG	neuronal
TTCAGGAAGAAGGCTC	microglia_immune
TTCAGGACAACCGTAT	neuronal
TTCAGGACATAGTCGT	unresolved
TTCAGGAGTGCCTACG	astrocyte
TTCAGGATCGCGTGAC	neuronal
TTCATGTAGCACTCTA	unresolved
TTCATGTCAAGATGTA	oligodendrocyte_OPC
TTCATGTCACACACGC	neuronal
TTCATGTCACGCTGTG	unresolved
TTCATGTCAGAGGACT	microglia_immune
TTCATGTTCTGTAACG	astrocyte
TTCATTGCACGACTAT	unresolved
TTCATTGGTGAAAGTT	unresolved
TTCATTGGTTTAGTCG	unresolved
TTCATTGTCCATGATG	oligodendrocyte_OPC
TTCCACGAGCCTAGGA	vascular
TTCCACGAGTCATCCA	unresolved
TTCCACGCAGCACCCA	astrocyte
TTCCACGCAGCCTACG	neuronal
TTCCACGGTAAGGCCA	unresolved
TTCCACGGTTACCCAA	neuronal
TTCCACGTCGTAATGC	astrocyte
TTCCGGTAGATCCTAC	neuronal
TTCCGGTAGGATTTAG	unresolved
TTCCGGTCAGCAGATG	microglia_immune
TTCCGGTGTACTCCGG	oligodendrocyte_OPC
TTCCGGTGTTGTACGT	neuronal
TTCCGGTGTTGTCTAG	neuronal
TTCCGGTTCGTTCGCT	neuronal
TTCCGGTTCTACTGAG	vascular
TTCCGGTTCTCGAACA	unresolved
TTCCGTGAGAAGCCTG	astrocyte
TTCCGTGAGGGTGAGG	unresolved
TTCCGTGGTTAAACAG	unresolved
TTCCGTGTCCCTCTCC	neuronal
TTCCTAAAGACTAGAT	neuronal
TTCCTAAAGCGAGTAC	oligodendrocyte_OPC
TTCCTAATCGAGAGAC	unresolved
TTCCTCTCAATTCTTC	unresolved
TTCCTCTCATGCAGGA	microglia_immune
TTCCTCTTCTACTGAG	unresolved
TTCCTTCAGAAGCCTG	oligodendrocyte_OPC
TTCCTTCAGTCACTAC	neuronal
TTCCTTCAGTCCCTAA	microglia_immune
TTCCTTCCAAGACGGT	vascular
TTCCTTCCATTGCTGA	unresolved
TTCCTTCGTACAGTCT	unresolved
TTCCTTCTCATCAGTG	oligodendrocyte_OPC
TTCCTTCTCCCTAGGG	oligodendrocyte_OPC
TTCCTTCTCGACCCAG	oligodendrocyte_OPC
TTCCTTCTCGCAATTG	unresolved
TTCGATTAGCAACAAT	unresolved
TTCGATTAGGTAAGTT	unresolved
TTCGATTAGTGGAATT	astrocyte
TTCGATTCAACCCTCT	oligodendrocyte_OPC
TTCGATTCACCTTCCA	neuronal
TTCGATTGTTTGGAAA	microglia_immune
TTCGCTGAGTCCTGCG	neuronal
TTCGCTGCATCACGGC	astrocyte
TTCGCTGGTGCGGCTT	unresolved
TTCGCTGTCAGCTTCC	astrocyte
TTCGCTGTCCTACGAA	unresolved
TTCGGTCAGGAGCTGT	unresolved
TTCGGTCCAATAGGGC	astrocyte
TTCGGTCTCAGGCGAA	microglia_immune
TTCTAACTCGACACTA	unresolved
TTCTAGTAGGAAAGTG	unresolved
TTCTAGTAGTGCAGGT	unresolved
TTCTAGTCAAGCGCTC	unresolved
TTCTAGTGTAGGCAGT	unresolved
TTCTAGTGTTCGAACT	unresolved
TTCTAGTGTTGTCCCT	oligodendrocyte_OPC
TTCTAGTTCGTGACTA	unresolved
TTCTCTCAGACGCAGT	microglia_immune
TTCTCTCGTTCAAGGG	astrocyte
TTCTCTCTCGGTCTAA	vascular
TTCTGTAAGCCAAGGT	oligodendrocyte_OPC
TTCTGTATCGGTCAGC	oligodendrocyte_OPC
TTCTTCCAGTGATAAC	unresolved
TTCTTCCGTCCGAAGA	unresolved
TTCTTCCTCATGAGGG	oligodendrocyte_OPC
TTCTTCCTCTATCGCC	unresolved
TTCTTGAAGGACAACC	unresolved
TTCTTGAAGGAGAGGC	microglia_immune
TTCTTGACACAGTCAT	neuronal
TTCTTGACACGCGTGT	oligodendrocyte_OPC
TTCTTGACATAACCCA	unresolved
TTCTTGATCAACACCA	oligodendrocyte_OPC
TTGAACGAGATGCTAA	unresolved
TTGAACGTCCGTATAG	neuronal
TTGAACGTCCGTGGTG	oligodendrocyte_OPC
TTGACCCGTCATATGC	neuronal
TTGACCCTCAAGCTGT	neuronal
TTGACCCTCCACATAG	unresolved
TTGAGTGAGTCGCGAA	microglia_immune
TTGAGTGCAGCTGTGC	astrocyte
TTGAGTGCATCTAACG	unresolved
TTGAGTGGTAACCCGC	unresolved
TTGAGTGTCACCATAG	neuronal
TTGAGTGTCTCATGGA	vascular
TTGATGGAGAAGTCAT	microglia_immune
TTGATGGCACTAACGT	unresolved
TTGATGGGTCCCGCAA	neuronal
TTGATGGGTGCCTACG	unresolved
TTGCATTAGAACAAGG	neuronal
TTGCATTAGGATTTAG	oligodendrocyte_OPC
TTGCATTCAACTTCTT	unresolved
TTGCATTGTCAATCTG	neuronal
TTGCATTGTCATAGTC	unresolved
TTGCATTGTTACGATC	unresolved
TTGCATTGTTACTCAG	astrocyte
TTGCATTTCCAAAGGG	astrocyte
TTGCCTGAGCGTGAAC	oligodendrocyte_OPC
TTGCCTGGTTTGACAC	microglia_immune
TTGCCTGTCGTCACCT	neuronal
TTGCCTGTCTCGAGTA	unresolved
TTGCGTCAGTTGGAAT	unresolved
TTGCGTCCAGCCATTA	neuronal
TTGCGTCTCTTTGCGC	unresolved
TTGCTGCCATCAGTGT	astrocyte
TTGCTGCCATCGCTGG	unresolved
TTGCTGCGTAACAGGC	unresolved
TTGCTGCTCCGCTTAC	oligodendrocyte_OPC
TTGGATGAGAGTGAAG	unresolved
TTGGATGTCAGAATAG	astrocyte
TTGGATGTCGTCGGGT	oligodendrocyte_OPC
TTGGGATCATTGCTGA	unresolved
TTGGGATTCGTGCAGC	neuronal
TTGGGCGAGGCCTTGC	neuronal
TTGGGCGCAATCGCCG	vascular
TTGGGCGGTCGGTGTC	ambiguous_or_doublet
TTGGGCGTCTGGAGAG	neuronal
TTGGGTAAGACCTCCG	astrocyte
TTGGGTAAGGTAACTA	neuronal
TTGGGTACAACGATTC	oligodendrocyte_OPC
TTGGGTAGTATCCCTC	unresolved
TTGGGTAGTGATGAAT	astrocyte
TTGGGTAGTGCATACT	unresolved
TTGGTTTCAATAAGGT	unresolved
TTGGTTTTCTTTGCAT	oligodendrocyte_OPC
TTGTGGAAGATTAGTG	unresolved
TTGTGGAAGCTAAGTA	neuronal
TTGTGGAGTACTGGGA	unresolved
TTGTGTTAGCGACTGA	unresolved
TTGTGTTCAAACTGCT	vascular
TTGTGTTCAGATAAAC	neuronal
TTGTTCAAGATAGCAT	ambiguous_or_doublet
TTGTTCACATCCAACA	neuronal
TTGTTCATCAGAGCAG	astrocyte
TTGTTCATCATTTGCT	unresolved
TTGTTGTAGCCTTTGA	neuronal
TTGTTGTCATCGAACT	neuronal
TTGTTTGAGGCGCTCT	unresolved
TTTACCAAGCGGACAT	neuronal
TTTACCACACAGCCAC	unresolved
TTTACCACAGCAAGAC	microglia_immune
TTTACCAGTGGCTTAT	neuronal
TTTACCATCACTTGGA	astrocyte
TTTACCATCGGCTGGT	unresolved
TTTACGTAGGCTAAAT	microglia_immune
TTTACGTAGTAGGTTA	astrocyte
TTTACGTCAATTTCTC	unresolved
TTTACGTCAGTTAGGG	microglia_immune
TTTACTGAGGATACGC	unresolved
TTTACTGTCATTTACC	neuronal
TTTAGTCAGGGCTGAT	oligodendrocyte_OPC
TTTAGTCAGTCAAGCG	astrocyte
TTTAGTCCAAACTCGT	unresolved
TTTAGTCCATCACAGT	neuronal
TTTAGTCGTGTCCCTT	oligodendrocyte_OPC
TTTAGTCTCCCGAGAC	unresolved
TTTAGTCTCTCTTCAA	oligodendrocyte_OPC
TTTATGCAGAGTCCGA	unresolved
TTTATGCAGGAATCGC	astrocyte
TTTATGCCAAACTAGA	astrocyte
TTTATGCCAGCAGGAT	unresolved
TTTATGCCATCGGATT	unresolved
TTTATGCGTGCTTCAA	oligodendrocyte_OPC
TTTCACAAGCTATCCA	neuronal
TTTCACAAGCTGTTAC	neuronal
TTTCACAAGGTTGTTC	neuronal
TTTCAGTAGCCTAGGA	neuronal
TTTCAGTCACAACGTT	unresolved
TTTCAGTCAGGTTCAT	oligodendrocyte_OPC
TTTCAGTGTCGTTGGC	unresolved
TTTCAGTTCCTTCACG	ambiguous_or_doublet
TTTCAGTTCGGCACTG	unresolved
TTTCAGTTCTGGACCG	ambiguous_or_doublet
TTTCAGTTCTTCCACG	neuronal
TTTCATGCACCTGCTT	unresolved
TTTCATGCATGTCGTA	neuronal
TTTCATGGTGAATGAT	neuronal
TTTCATGGTTCAACGT	unresolved
TTTCATGTCAGGTGTT	unresolved
TTTCATGTCCTACCAC	astrocyte
TTTCATGTCTCAATCT	unresolved
TTTCATGTCTGAGCAT	astrocyte
TTTCCTCAGAAATGGG	unresolved
TTTCCTCAGCATTGAA	astrocyte
TTTCCTCTCAGTCACA	oligodendrocyte_OPC
TTTCCTCTCTATTTCG	neuronal
TTTCGATAGATCGGTG	oligodendrocyte_OPC
TTTCGATAGTCTCGTA	unresolved
TTTCGATCAAAGACTA	oligodendrocyte_OPC
TTTCGATCATCTAGAC	unresolved
TTTCGATGTTTACACG	neuronal
TTTCGATTCGCCGAGT	unresolved
TTTCGATTCTGCGATA	neuronal
TTTGACTCACCGGCTA	vascular
TTTGACTGTAGGACTG	oligodendrocyte_OPC
TTTGACTGTATGCGGA	unresolved
TTTGACTTCAAATAGG	microglia_immune
TTTGACTTCGCCAACG	unresolved
TTTGATCCAACACAGG	unresolved
TTTGATCGTCAGCTTA	neuronal
TTTGGAGAGAGGTCGT	vascular
TTTGGAGAGCCTGTGC	oligodendrocyte_OPC
TTTGGAGCAGATTCGT	astrocyte
TTTGGAGTCAATCGGT	unresolved
TTTGGAGTCGCATGAT	unresolved
TTTGGTTGTCTACACA	neuronal
TTTGTTGGTATTTCTC	neuronal
