AAACCCAAGGTCCCGT	neuronal
AAACCCACAAAGGCGT	astrocyte
AAACCCACAGAGAATT	oligodendrocyte_OPC
AAACCCAGTTCAGCTA	neuronal
AAACCCAGTTCTTAGG	neuronal
AAACGAACACTGAGGA	oligodendrocyte_OPC
AAACGAACAGATGCGA	astrocyte
AAACGAAGTAACAGGC	vascular
AAACGAAGTCGATTTG	neuronal
AAACGAAGTGCATGAG	astrocyte
AAACGAAGTTAGGCCC	neuronal
AAACGAAGTTCAGCTA	unresolved
AAACGAATCTTAGTTC	vascular
AAACGCTAGCAGTAAT	vascular
AAACGCTAGCCTCATA	oligodendrocyte_OPC
AAACGCTAGTCTTGGT	neuronal
AAACGCTCAACCTAAC	unresolved
AAACGCTCATGTGTCA	neuronal
AAACGCTCATTGCCTC	unresolved
AAACGCTGTCACCACG	astrocyte
AAACGCTGTCCGGACT	vascular
AAACGCTGTGAGAGGG	unresolved
AAACGCTGTGGTACAG	neuronal
AAACGCTTCAGACCTA	unresolved
AAACGCTTCCTTCTGG	unresolved
AAAGAACAGAAGTCCG	neuronal
AAAGAACCATATGGCT	unresolved
AAAGAACCATTGAAAG	neuronal
AAAGAACGTTGGTGTT	unresolved
AAAGGATAGAGAGTTT	oligodendrocyte_OPC
AAAGGATAGCCTGTCG	unresolved
AAAGGATAGGATATGT	oligodendrocyte_OPC
AAAGGATAGTGGTTAA	neuronal
AAAGGATCAGCGCGTT	unresolved
AAAGGATCAGTTAGAA	astrocyte
AAAGGATGTCTACACA	neuronal
AAAGGATGTCTCGACG	unresolved
AAAGGATGTTCCGCTT	unresolved
AAAGGGCAGACCAGAC	astrocyte
AAAGGGCCACACGGTC	oligodendrocyte_OPC
AAAGGGCGTAACCAGG	astrocyte
AAAGGGCGTAGCTAAA	unresolved
AAAGGGCGTTCTATCT	astrocyte
AAAGGGCTCGGAAGGT	ambiguous_or_doublet
AAAGGGCTCTACCACC	vascular
AAAGGTAAGAATAGTC	oligodendrocyte_OPC
AAAGGTACAAATGGAT	neuronal
AAAGGTACACATCATG	vascular
AAAGGTACACGACTAT	unresolved
AAAGTCCAGAATTGCA	oligodendrocyte_OPC
AAAGTCCAGCTAAATG	neuronal
AAAGTCCAGGACAAGA	unresolved
AAAGTCCAGGCTATCT	astrocyte
AAAGTCCGTCGAGTTT	unresolved
AAAGTCCGTCGGCACT	oligodendrocyte_OPC
AAAGTCCGTGACCTGC	unresolved
AAAGTCCTCCACTTTA	oligodendrocyte_OPC
AAAGTCCTCGGTCAGC	unresolved
AAAGTGAAGCGAGTCA	unresolved
AAAGTGAAGGGCCTCT	vascular
AAAGTGACACGACGAA	unresolved
AAAGTGAGTACAAAGT	unresolved
AAAGTGAGTGCTCGTG	unresolved
AAAGTGATCGTGTGAT	unresolved
AAATGGAAGACCCGCT	oligodendrocyte_OPC
AAATGGAAGCAGGTCA	neuronal
AAATGGACAGAGTGTG	astrocyte
AAATGGACAGCAGTCC	neuronal
AAATGGAGTCAAGTTC	unresolved
AAATGGAGTCCAAAGG	oligodendrocyte_OPC
AAATGGAGTCTTGTCC	neuronal
AACAAAGAGCCAAGCA	oligodendrocyte_OPC
AACAAAGCAACCACAT	vascular
AACAAAGCACGGCACT	neuronal
AACAAAGCATAGGTTC	neuronal
AACAAAGCATGGAAGC	unresolved
AACAAAGGTCTCACGG	oligodendrocyte_OPC
AACAAAGGTGCCTTCT	unresolved
AACAAAGTCACCATAG	neuronal
AACAAAGTCATGGAGG	unresolved
AACAAAGTCCATCCGT	neuronal
AACAACCCAGAGGGTT	astrocyte
AACAAGAAGTGATAAC	oligodendrocyte_OPC
AACAAGACAGATGCGA	neuronal
AACAAGACATCAGTGT	unresolved
AACAAGACATTGAGCT	neuronal
AACAAGAGTCAGCTTA	neuronal
AACAAGAGTGAATGTA	unresolved
AACAAGAGTTATTCCT	astrocyte
AACAAGATCGGCATCG	unresolved
AACACACAGAGAGCCT	unresolved
AACACACAGGGATCTG	unresolved
AACACACCAACACAAA	oligodendrocyte_OPC
AACACACCAGACCTGC	unresolved
AACACACCAGTGCGCT	oligodendrocyte_OPC
AACACACCATCGTTCC	neuronal
AACACACCATCTCATT	unresolved
AACACACCATTGCTTT	unresolved
AACACACGTAGTACGG	vascular
AACACACGTGCGGTAA	vascular
AACACACGTTGTTGAC	neuronal
AACACACTCAATCGGT	neuronal
AACACACTCGAGAATA	neuronal
AACAGGGAGACATGCG	oligodendrocyte_OPC
AACAGGGAGTGAGCCA	unresolved
AACAGGGCAACTGGTT	neuronal
AACAGGGGTAAGGCTG	neuronal
AACAGGGGTAGAAACT	unresolved
AACAGGGGTAGATGTA	oligodendrocyte_OPC
AACAGGGGTATCTTCT	neuronal
AACAGGGGTGAGATAT	unresolved
AACAGGGTCACCGACG	ambiguous_or_doublet
AACAGGGTCCTTCTTC	microglia_immune
AACAGGGTCGATACAC	microglia_immune
AACCAACAGGCGCTCT	unresolved
AACCAACAGGCGTTAG	astrocyte
AACCAACGTATCACGT	neuronal
AACCAACGTGATTCTG	oligodendrocyte_OPC
AACCACAAGTCATACC	oligodendrocyte_OPC
AACCACAAGTTACGGG	oligodendrocyte_OPC
AACCATGAGCGATCGA	neuronal
AACCATGAGGTATCTC	oligodendrocyte_OPC
AACCATGCAGACACAG	astrocyte
AACCATGCAGTCTTCC	astrocyte
AACCATGGTGAGCTCC	astrocyte
AACCATGTCATTCCTA	oligodendrocyte_OPC
AACCATGTCCCAGCGA	astrocyte
AACCATGTCCGACATA	astrocyte
AACCATGTCTAGTCAG	oligodendrocyte_OPC
AACCATGTCTCCAATT	oligodendrocyte_OPC
AACCCAAGTCCAGCCA	vascular
AACCCAAGTTCTGAGT	oligodendrocyte_OPC
AACCCAAGTTTCGTGA	ambiguous_or_doublet
AACCCAATCAAGGCTT	oligodendrocyte_OPC
AACCCAATCATTGCGA	unresolved
AACCCAATCGGACTGC	unresolved
AACCCAATCGTTGTTT	neuronal
AACCCAATCTGTTCAT	oligodendrocyte_OPC
AACCTGAAGGTAGCAC	unresolved
AACCTGAAGTGACACG	unresolved
AACCTGACAAACGGCA	vascular
AACCTGACAAACTCTG	oligodendrocyte_OPC
AACCTGACAAAGGATT	neuronal
AACCTGACACGCGTGT	vascular
AACCTGACAGGTCAGA	oligodendrocyte_OPC
AACCTGAGTCCATAGT	astrocyte
AACCTGATCATGCATG	neuronal
AACCTTTAGAGGGTCT	astrocyte
AACCTTTAGCAAGTGC	microglia_immune
AACCTTTAGGTGCTTT	unresolved
AACCTTTCAAACAGGC	neuronal
AACCTTTCAATGCTCA	astrocyte
AACCTTTGTGACTCTA	astrocyte
AACCTTTGTGTGTACT	neuronal
AACCTTTTCCAGCACG	unresolved
AACGAAAAGACTTCGT	vascular
AACGAAAAGGGTGGGA	microglia_immune
AACGAAACACGGTGCT	astrocyte
AACGAAACATTCACAG	oligodendrocyte_OPC
AACGAAAGTGAAAGTT	oligodendrocyte_OPC
AACGAAAGTGTCCGGT	unresolved
AACGAAATCACCGGTG	vascular
AACGAAATCAGTCCGG	astrocyte
AACGGGAAGTCGCTAT	microglia_immune
AACGGGACACAAAGTA	vascular
AACGGGAGTGATACAA	microglia_immune
AACGGGATCCAATGCA	unresolved
AACGGGATCTCCTACG	astrocyte
AACGTCAAGCTATCCA	neuronal
AACGTCAAGGCCATAG	oligodendrocyte_OPC
AACGTCACACAGACGA	unresolved
AACGTCACACCGCTGA	unresolved
AACGTCACAGCTAACT	neuronal
AACGTCACAGGTATGG	neuronal
AACGTCAGTATCCCTC	neuronal
AACGTCAGTGTGATGG	astrocyte
AACGTCATCCATCCGT	unresolved
AACGTCATCCGGTTCT	neuronal
AACTTCTAGATAGTCA	oligodendrocyte_OPC
AACTTCTAGCTTTCCC	neuronal
AACTTCTAGTCAATCC	neuronal
AACTTCTCAACGGCCT	unresolved
AACTTCTCACCGCTGA	ambiguous_or_doublet
AACTTCTCAGAACTTC	neuronal
AACTTCTCAGATACCT	oligodendrocyte_OPC
AACTTCTGTAGGTAGC	oligodendrocyte_OPC
AACTTCTGTAGTGGCA	neuronal
AACTTCTTCCTCTCTT	unresolved
AACTTCTTCTGCCTCA	microglia_immune
AAGAACAAGGGACAGG	oligodendrocyte_OPC
AAGAACACACTGCGAC	oligodendrocyte_OPC
AAGAACAGTGCCGTTG	neuronal
AAGAACATCAAGTCGT	neuronal
AAGAACATCACTGTCC	oligodendrocyte_OPC
AAGAACATCAGCTTCC	oligodendrocyte_OPC
AAGAACATCATTGCGA	neuronal
AAGAACATCCGGCTTT	astrocyte
AAGACAAAGAGGTTTA	neuronal
AAGACAAAGGTTGGTG	ambiguous_or_doublet
AAGACAAAGTTAACGA	unresolved
AAGACAACAGAGTGAC	oligodendrocyte_OPC
AAGACAACAGCATCTA	neuronal
AAGACAACATGGGTTT	vascular
AAGACAAGTAAGTTGA	oligodendrocyte_OPC
AAGACAAGTATGCGTT	vascular
AAGACAAGTTCAGCGC	unresolved
AAGACAATCGCTTACC	oligodendrocyte_OPC
AAGACTCAGAACAGGA	vascular
AAGACTCAGACCATGG	unresolved
AAGACTCAGCCTCACG	vascular
AAGACTCAGCTACTAC	unresolved
AAGACTCAGGTTCTTG	unresolved
AAGACTCAGTAACGAT	oligodendrocyte_OPC
AAGACTCCAGTGCGCT	microglia_immune
AAGACTCCATGGGTCC	oligodendrocyte_OPC
AAGACTCGTCCTATAG	microglia_immune
AAGACTCGTCCTCCAT	microglia_immune
AAGACTCGTCTCACAA	unresolved
AAGACTCTCACGTCCT	unresolved
AAGACTCTCGATTGGT	unresolved
AAGACTCTCGGTAGGA	oligodendrocyte_OPC
AAGATAGAGCACTCGC	unresolved
AAGATAGAGGATTCAA	neuronal
AAGATAGAGGTCTGGA	oligodendrocyte_OPC
AAGATAGCACAAATGA	astrocyte
AAGATAGCACACGGTC	neuronal
AAGATAGCATTGACCA	neuronal
AAGATAGGTGGACCAA	oligodendrocyte_OPC
AAGATAGGTGGTATGG	astrocyte
AAGATAGGTTCTTCAT	astrocyte
AAGATAGTCCGCTAGG	unresolved
AAGATAGTCCGTTGGG	unresolved
AAGATAGTCTGGGATT	astrocyte
AAGCATCAGCATGGGT	unresolved
AAGCATCAGCGATGGT	neuronal
AAGCATCAGGTAAGGA	neuronal
AAGCATCCAAGAATGT	neuronal
AAGCATCCAGTCAGTT	astrocyte
AAGCATCGTTGTTTGG	unresolved
AAGCATCTCACCCATC	unresolved
AAGCATCTCCGAAGGA	unresolved
AAGCATCTCCGTGGCA	astrocyte
AAGCATCTCTGGCCTT	neuronal
AAGCCATAGTGCCGAA	oligodendrocyte_OPC
AAGCCATCAAGCAGGT	ambiguous_or_doublet
AAGCCATCAGTGGGTA	astrocyte
AAGCCATGTATGGGAC	oligodendrocyte_OPC
AAGCCATGTCTCCTGT	microglia_immune
AAGCCATGTGGGAGAG	unresolved
AAGCCATTCTACCAGA	oligodendrocyte_OPC
AAGCGAGAGCCATCCG	neuronal
AAGCGAGAGCGAACTG	microglia_immune
AAGCGAGAGGGATCAC	oligodendrocyte_OPC
AAGCGAGCAACGGTAG	astrocyte
AAGCGAGCAATTCACG	vascular
AAGCGAGCACCAGGTC	neuronal
AAGCGAGCACTTACAG	oligodendrocyte_OPC
AAGCGAGGTATCGAGG	oligodendrocyte_OPC
AAGCGTTAGTAAACTG	neuronal
AAGCGTTCAAAGAGTT	unresolved
AAGCGTTCAGCTATTG	neuronal
AAGCGTTGTAACAGGC	neuronal
AAGCGTTGTACGCTAT	oligodendrocyte_OPC
AAGCGTTGTGATTCAC	oligodendrocyte_OPC
AAGCGTTTCGCATGAT	oligodendrocyte_OPC
AAGGAATAGTCACTAC	oligodendrocyte_OPC
AAGGAATAGTGAGCCA	neuronal
AAGGAATAGTGTTCCA	astrocyte
AAGGAATAGTTGGGAC	oligodendrocyte_OPC
AAGGAATGTGCCGTTG	vascular
AAGGAATGTTGACGGA	unresolved
AAGGAATTCACCGCTT	microglia_immune
AAGGTAACATGGGTCC	unresolved
AAGGTAAGTAGTTACC	neuronal
AAGGTAAGTGAGATCG	astrocyte
AAGGTAAGTTAATGAG	neuronal
AAGGTAAGTTGACTAC	microglia_immune
AAGGTAATCAGTCATG	oligodendrocyte_OPC
AAGGTAATCGTTGTAG	astrocyte
AAGTACCAGCACTCTA	oligodendrocyte_OPC
AAGTACCCACTGGCCA	oligodendrocyte_OPC
AAGTACCGTTGTGTAC	neuronal
AAGTCGTAGAAGGATG	unresolved
AAGTCGTAGCTCCGAC	ambiguous_or_doublet
AAGTCGTCAGGTGGAT	oligodendrocyte_OPC
AAGTCGTGTCAAGCGA	unresolved
AAGTCGTGTGGCCCAT	neuronal
AAGTCGTTCAACCCGG	microglia_immune
AAGTCGTTCGAACCAT	oligodendrocyte_OPC
AAGTGAAAGCAAGCCA	oligodendrocyte_OPC
AAGTGAAAGGCCTGAA	unresolved
AAGTGAAAGGTTGGAC	neuronal
AAGTGAACAAGACGAC	unresolved
AAGTGAACACAGAGCA	oligodendrocyte_OPC
AAGTGAACACTGAATC	neuronal
AAGTGAACAGTGCGCT	ambiguous_or_doublet
AAGTGAAGTATGGAAT	astrocyte
AAGTGAATCCATGAGT	neuronal
AAGTTCGAGCTGTTCA	oligodendrocyte_OPC
AAGTTCGCAATGCTCA	unresolved
AAGTTCGCATATAGCC	neuronal
AAGTTCGGTTCAGCTA	neuronal
AAGTTCGTCCTCTAGC	microglia_immune
AAGTTCGTCTAGACAC	microglia_immune
AAGTTCGTCTCTGCTG	oligodendrocyte_OPC
AATAGAGAGCCTATTG	microglia_immune
AATAGAGCACTTGAAC	vascular
AATAGAGGTCCCTAAA	unresolved
AATAGAGGTCTACACA	microglia_immune
AATAGAGGTGTTATCG	unresolved
AATAGAGGTGTTTGCA	neuronal
AATAGAGGTTGGGCCT	astrocyte
AATAGAGTCGGCCAAC	oligodendrocyte_OPC
AATCACGAGCGCCCAT	oligodendrocyte_OPC
AATCACGAGTAGGCCA	astrocyte
AATCACGAGTGTGTTC	unresolved
AATCACGCAAATAGCA	unresolved
AATCACGCAGAGTCTT	oligodendrocyte_OPC
AATCACGCATGACCCG	unresolved
AATCACGGTGCCAAGA	oligodendrocyte_OPC
AATCACGGTTCTTCAT	oligodendrocyte_OPC
AATCACGTCACTACTT	astrocyte
AATCACGTCCGTATAG	oligodendrocyte_OPC
AATCACGTCCTCTCGA	oligodendrocyte_OPC
AATCACGTCGGTGAAG	oligodendrocyte_OPC
AATCACGTCTCCACTG	vascular
AATCGACCAAGGTCTT	oligodendrocyte_OPC
AATCGACGTATGCTAC	oligodendrocyte_OPC
AATCGACGTCACCTTC	oligodendrocyte_OPC
AATCGACGTTCTCCAC	oligodendrocyte_OPC
AATCGTGCAATATCCG	unresolved
AATCGTGCACGCGTGT	astrocyte
AATCGTGCAGAATTCC	unresolved
AATCGTGGTCATAAAG	oligodendrocyte_OPC
AATCGTGGTCTTCCGT	unresolved
AATCGTGTCATTCACT	neuronal
AATCGTGTCCCATTCG	oligodendrocyte_OPC
AATCGTGTCGTTATCT	neuronal
AATCGTGTCTCAGTCC	unresolved
AATGAAGCACGACGCT	vascular
AATGAAGGTACGTAGG	astrocyte
AATGAAGGTCAAAGTA	neuronal
AATGACCAGGACATCG	oligodendrocyte_OPC
AATGACCCATGACCCG	neuronal
AATGACCGTATAGGGC	microglia_immune
AATGACCGTCACGCTG	vascular
AATGACCGTGAGTAGC	oligodendrocyte_OPC
AATGACCGTGTTACAC	unresolved
AATGACCGTTCAGTAC	neuronal
AATGACCTCTAGTGTG	astrocyte
AATGACCTCTTCCTAA	vascular
AATGCCAAGGTAACTA	unresolved
AATGCCAGTCAACCAT	neuronal
AATGCCAGTGAGCCAA	oligodendrocyte_OPC
AATGCCAGTGTGTCGC	unresolved
AATGCCAGTTTACGAC	unresolved
AATGCCATCCCGTTGT	unresolved
AATGCCATCTTTCCGG	unresolved
AATGGAAAGCTTTCTT	unresolved
AATGGAAAGGTTCTTG	unresolved
AATGGAACAAAGCTAA	neuronal
AATGGAACAAGGAGTC	oligodendrocyte_OPC
AATGGAACACGCAGTC	microglia_immune
AATGGAACATACCATG	oligodendrocyte_OPC
AATGGAAGTATCGTGT	oligodendrocyte_OPC
AATGGAAGTCTGTAGT	neuronal
AATGGAATCAAACGTC	oligodendrocyte_OPC
AATGGAATCGTGCATA	oligodendrocyte_OPC
AATGGCTAGCATCTTG	neuronal
AATGGCTAGGTGAGAA	oligodendrocyte_OPC
AATGGCTCAGACGATG	astrocyte
AATGGCTCATGACACT	oligodendrocyte_OPC
AATGGCTGTATACCTG	vascular
AATGGCTGTGGATGAC	oligodendrocyte_OPC
AATGGCTGTGTGAATA	unresolved
AATTCCTAGAGGCGTT	microglia_immune
AATTCCTAGCACTCAT	oligodendrocyte_OPC
AATTCCTAGCCATATC	astrocyte
AATTCCTAGGCGTTGA	neuronal
AATTCCTAGGCTCAAG	oligodendrocyte_OPC
AATTCCTAGGGAGTTC	neuronal
AATTCCTCAAGAGAGA	oligodendrocyte_OPC
AATTCCTCAGTGCGCT	neuronal
AATTCCTGTACAAGTA	neuronal
AATTCCTGTCACCACG	ambiguous_or_doublet
AATTCCTGTTCCCACT	oligodendrocyte_OPC
AATTCCTTCAATCAGC	unresolved
AATTCCTTCAGCGGAA	oligodendrocyte_OPC
AATTTCCAGCCACTCG	unresolved
AATTTCCAGCTCCACG	neuronal
AATTTCCAGGCAGTCA	neuronal
AATTTCCAGTCACACT	neuronal
AATTTCCAGTGGAAGA	ambiguous_or_doublet
AATTTCCCACGCCAGT	ambiguous_or_doublet
AATTTCCCAGCCGTCA	astrocyte
AATTTCCCAGGGAATC	astrocyte
AATTTCCGTCCGGTGT	neuronal
AATTTCCGTGATACAA	unresolved
AATTTCCTCGGACTGC	unresolved
ACAAAGAAGATGCGAC	oligodendrocyte_OPC
ACAAAGAAGCCGTTAT	unresolved
ACAAAGAAGGTCCGAA	astrocyte
ACAAAGAAGTATAGAC	oligodendrocyte_OPC
ACAAAGACACTCCTGT	microglia_immune
ACAAAGACATTGTAGC	neuronal
ACAAAGAGTTTCGCTC	oligodendrocyte_OPC
ACAAAGATCACACGAT	oligodendrocyte_OPC
ACAAAGATCCAACTAG	astrocyte
ACAAAGATCCAAGAGG	neuronal
ACAACCAAGCAGAAAG	vascular
ACAACCAAGCTGAGCA	oligodendrocyte_OPC
ACAACCACAAAGCTCT	oligodendrocyte_OPC
ACAACCAGTCAGACTT	neuronal
ACAACCAGTCGCGTCA	neuronal
ACAACCAGTGGGTTGA	unresolved
ACAACCATCAGCCTCT	oligodendrocyte_OPC
ACAACCATCAGTGCGC	unresolved
ACAACCATCGGCACTG	astrocyte
ACAAGCTAGTGATTCC	oligodendrocyte_OPC
ACAAGCTCACCTGCAG	unresolved
ACAAGCTGTATCTCGA	neuronal
ACAAGCTGTGGTCTAT	astrocyte
ACAAGCTGTTCGTACA	oligodendrocyte_OPC
ACAAGCTGTTGTACGT	neuronal
ACAAGCTTCAGAATAG	neuronal
ACACAGTCACCAAAGG	oligodendrocyte_OPC
ACACAGTCAGGTCTCG	oligodendrocyte_OPC
ACACAGTCAGTGTGCC	oligodendrocyte_OPC
ACACAGTCATAAGCAA	microglia_immune
ACACAGTTCCCTCGTA	unresolved
ACACAGTTCGCCTATC	astrocyte
ACACAGTTCGCCTTTG	neuronal
ACACAGTTCGCGGACT	neuronal
ACACAGTTCTGTAACG	astrocyte
ACACCAAAGAGGATCC	unresolved
ACACCAAAGGTCGACA	astrocyte
ACACCAACATCAGCGC	neuronal
ACACCAACATCTCAAG	ambiguous_or_doublet
ACACCAACATGACGAG	astrocyte
ACACCAACATGTGCCG	neuronal
ACACCAAGTACATACC	oligodendrocyte_OPC
ACACCAAGTTACCGTA	oligodendrocyte_OPC
ACACCAATCCATATGG	astrocyte
ACACCAATCGGAACTT	neuronal
ACACGCGAGACAAGCC	unresolved
ACACGCGAGCCATGCC	unresolved
ACACGCGAGTAACGTA	astrocyte
ACACGCGCAGAGCCCT	oligodendrocyte_OPC
ACACGCGTCTCGCTCA	neuronal
ACACTGAAGTAGCAAT	oligodendrocyte_OPC
ACACTGAAGTGATCGG	neuronal
ACACTGACACCCAACG	neuronal
ACACTGAGTTCCTTGC	neuronal
ACAGAAAAGACTTCGT	oligodendrocyte_OPC
ACAGAAAAGTACAACA	ambiguous_or_doublet
ACAGAAACAAATGATG	unresolved
ACAGAAACAACTCCAA	oligodendrocyte_OPC
ACAGAAACACATTACG	microglia_immune
ACAGAAAGTCAATGGG	neuronal
ACAGAAAGTGCATTTG	oligodendrocyte_OPC
ACAGAAAGTTATTCCT	unresolved
ACAGAAAGTTGCGGAA	neuronal
ACAGAAAGTTGTATGC	astrocyte
ACAGAAATCGAGTGGA	unresolved
ACAGAAATCGGCTTGG	astrocyte
ACAGAAATCGTTCCTG	neuronal
ACAGCCGAGTGGAAGA	astrocyte
ACAGCCGCACCTTCCA	unresolved
ACAGCCGCATAAGATG	oligodendrocyte_OPC
ACAGCCGCATCACGGC	oligodendrocyte_OPC
ACAGCCGGTTTAGTCG	oligodendrocyte_OPC
ACAGCCGTCCCGTGTT	astrocyte
ACAGCCGTCCTCCACA	oligodendrocyte_OPC
ACAGCCGTCCTGGTCT	unresolved
ACAGCCGTCTTAGCAG	astrocyte
ACAGGGAAGGTTCAGG	unresolved
ACAGGGACACGACCTG	unresolved
ACAGGGAGTCCAGGTC	neuronal
ACAGGGAGTCCTGTTC	unresolved
ACAGGGAGTCGTACAT	neuronal
ACAGGGAGTGCGGCTT	oligodendrocyte_OPC
ACAGGGATCAGTCAGT	astrocyte
ACAGGGATCGTCAGAT	unresolved
ACAGGGATCTGCGTCT	neuronal
ACAGGGATCTTTCTAG	astrocyte
ACATCCCAGCTACGTT	oligodendrocyte_OPC
ACATCCCCACGAAGAC	oligodendrocyte_OPC
ACATCCCCAGAAATTG	unresolved
ACATCCCCAGTCAGTT	neuronal
ACATCCCCATACAGGG	unresolved
ACATCCCCATCGATAC	microglia_immune
ACATCCCGTCTTGAAC	neuronal
ACATCCCTCGTAGCTA	neuronal
ACATCCCTCTTTCCGG	astrocyte
ACATCGAAGTAGGAAG	oligodendrocyte_OPC
ACATCGACACACACGC	oligodendrocyte_OPC
ACATCGACAGCAGTAG	oligodendrocyte_OPC
ACATCGACAGTCGAGA	neuronal
ACATCGACATGGCCAC	oligodendrocyte_OPC
ACATCGAGTGGACCTC	neuronal
ACATCGATCTATTTCG	unresolved
ACATGCAAGACCTCAT	neuronal
ACATGCAAGGGAGGGT	unresolved
ACATGCACAGAGTCTT	microglia_immune
ACATGCAGTGTCCGGT	ambiguous_or_doublet
ACATGCAGTTGTGTAC	unresolved
ACATGCATCGGATACT	oligodendrocyte_OPC
ACATGCATCTCACCCA	unresolved
ACATGCATCTGGCTGG	unresolved
ACATTTCCAGAGTCTT	unresolved
ACATTTCCAGCTTCCT	neuronal
ACATTTCGTACTGAGG	astrocyte
ACATTTCGTAGTACGG	neuronal
ACATTTCGTGCCGAAA	unresolved
ACATTTCGTGTTGATC	oligodendrocyte_OPC
ACATTTCGTTCAGCGC	astrocyte
ACATTTCTCGGACTTA	oligodendrocyte_OPC
ACCAAACCAAGGCTTT	neuronal
ACCAAACTCATGCAGT	unresolved
ACCAAACTCTCAGGCG	neuronal
ACCAACAAGCCGATCC	oligodendrocyte_OPC
ACCAACAAGCGTTGTT	neuronal
ACCAACAAGTAAACGT	neuronal
ACCAACACAGACCAAG	oligodendrocyte_OPC
ACCAACAGTCATAGTC	microglia_immune
ACCAACATCAAGGACG	unresolved
ACCAACATCGCCGATG	oligodendrocyte_OPC
ACCACAAAGAGAGCAA	unresolved
ACCACAAAGAGCCATG	astrocyte
ACCACAAAGTAAATGC	neuronal
ACCACAACACGACAGA	neuronal
ACCACAACATGAATAG	unresolved
ACCACAAGTAGACAAT	unresolved
ACCACAAGTCGCCTAG	oligodendrocyte_OPC
ACCACAAGTGCGAACA	neuronal
ACCACAAGTGGCAGAT	astrocyte
ACCACAATCCCTCGAT	neuronal
ACCACAATCGCGCCAA	unresolved
ACCACAATCGCTGATA	vascular
ACCACAATCTGTCAGA	ambiguous_or_doublet
ACCATTTAGCCGCACT	unresolved
ACCATTTAGCGCTTCG	oligodendrocyte_OPC
ACCATTTCAGATTTCG	oligodendrocyte_OPC
ACCATTTCAGTTAGAA	oligodendrocyte_OPC
ACCATTTGTAGTAAGT	oligodendrocyte_OPC
ACCATTTGTCGTTGCG	unresolved
ACCATTTGTGTGTGGA	oligodendrocyte_OPC
ACCATTTGTTCTGAGT	microglia_immune
ACCATTTGTTGCTAGT	astrocyte
ACCATTTTCATCGCCT	unresolved
ACCATTTTCGTTGCCT	neuronal
ACCATTTTCTTTGCTA	vascular
ACCCAAAAGAGTCCGA	unresolved
ACCCAAAAGCCTATCA	oligodendrocyte_OPC
ACCCAAACACGTTCGG	oligodendrocyte_OPC
ACCCAAACATACTTTC	unresolved
ACCCAAAGTACCGTCG	neuronal
ACCCAAAGTTTGGAGG	unresolved
ACCCAAATCAATGTCG	unresolved
ACCCAAATCGGTTAGT	neuronal
ACCCTCACATAATCCG	astrocyte
ACCCTCATCAGTGTTG	neuronal
ACCCTCATCGATGGAG	oligodendrocyte_OPC
ACCCTCATCTCATGGA	neuronal
ACCCTCATCTTGAACG	oligodendrocyte_OPC
ACCCTTGAGGAAACGA	neuronal
ACCCTTGAGGAAAGTG	vascular
ACCCTTGAGGTGTGAC	unresolved
ACCCTTGCAATGACCT	neuronal
ACCCTTGCACGCACCA	neuronal
ACCCTTGGTATAGGAT	neuronal
ACCCTTGGTGATTGGG	neuronal
ACCCTTGTCGGTCGAC	unresolved
ACCGTTCAGCTCGACC	unresolved
ACCGTTCCAGGTTCAT	oligodendrocyte_OPC
ACCGTTCGTACTGCGC	neuronal
ACCGTTCTCCGGTTCT	vascular
ACCTACCAGAGTCAAT	neuronal
ACCTACCAGGCTTAAA	neuronal
ACCTACCAGTCTTCGA	astrocyte
ACCTACCCATACAGCT	neuronal
ACCTACCGTCAGACTT	unresolved
ACCTACCGTTGCTAGT	oligodendrocyte_OPC
ACCTACCGTTGTCCCT	astrocyte
ACCTACCGTTTGTGGT	neuronal
ACCTACCTCCGTGACG	unresolved
ACCTACCTCTAGACCA	unresolved
ACCTGAAAGAGTTGCG	unresolved
ACCTGAAAGCGTGTCC	neuronal
ACCTGAAAGCTAAATG	neuronal
ACCTGAACATCAGCAT	oligodendrocyte_OPC
ACCTGAAGTCTTCATT	neuronal
ACCTGAAGTGAATGTA	oligodendrocyte_OPC
ACCTGAAGTTTCGTTT	astrocyte
ACCTGAATCAGCTTCC	vascular
ACCTGAATCTCTCAAT	oligodendrocyte_OPC
ACCTGTCAGATACGAT	astrocyte
ACCTGTCCAATTGCGT	oligodendrocyte_OPC
ACCTGTCCAGATAAAC	neuronal
ACCTGTCCAGCGATTT	astrocyte
ACCTGTCGTCAGACGA	oligodendrocyte_OPC
ACCTGTCGTTCACGAT	astrocyte
ACCTGTCTCATTTCGT	oligodendrocyte_OPC
ACCTGTCTCGACGAGA	neuronal
ACCTGTCTCGGCTTCT	vascular
ACCTGTCTCTGGTTGA	astrocyte
ACCTGTCTCTTTCTAG	unresolved
ACGATCACAGAATTCC	oligodendrocyte_OPC
ACGATCACAGACGGAT	microglia_immune
ACGATCACAGGACTAG	neuronal
ACGATCAGTTGATCGT	unresolved
ACGATCATCAACTGAC	oligodendrocyte_OPC
ACGATCATCCACTTCG	neuronal
ACGATCATCTCCCTAG	oligodendrocyte_OPC
ACGATGTAGCCACTCG	astrocyte
ACGATGTAGTGTCATC	vascular
ACGATGTCAGTCAGAG	neuronal
ACGATGTCATCCTATT	astrocyte
ACGATGTTCAGGTAAA	oligodendrocyte_OPC
ACGATGTTCATCACCC	astrocyte
ACGATGTTCATCAGTG	unresolved
ACGCACGCAAATTGCC	unresolved
ACGCACGCACCTATCC	neuronal
ACGCACGGTACAATAG	astrocyte
ACGCACGGTCGAGCTC	astrocyte
ACGCACGGTGATGGCA	vascular
ACGCACGTCGCTTTAT	unresolved
ACGGAAGCAGCACCCA	oligodendrocyte_OPC
ACGGAAGCATACCATG	unresolved
ACGGAAGCATGACTCA	microglia_immune
ACGGAAGGTCCGGATC	unresolved
ACGGAAGGTCGTACTA	microglia_immune
ACGGAAGGTTATCTGG	oligodendrocyte_OPC
ACGGAAGTCGGTAACT	unresolved
ACGGGTCAGATTGCGG	oligodendrocyte_OPC
ACGGGTCAGCACCTGC	unresolved
ACGGGTCAGCCGATTT	microglia_immune
ACGGGTCAGTGCTAGG	unresolved
ACGGGTCGTTTCCAAG	unresolved
ACGGTCGAGCTTTGTG	oligodendrocyte_OPC
ACGGTCGCAACGATCT	oligodendrocyte_OPC
ACGGTCGCAGAATGTA	neuronal
ACGGTCGCATGACACT	unresolved
ACGGTCGGTCTTGAGT	unresolved
ACGGTCGGTTGGGAAC	oligodendrocyte_OPC
ACGGTTAAGGCCGCTT	neuronal
ACGGTTAGTGAATTGA	microglia_immune
ACGGTTAGTTCGGTAT	vascular
ACGGTTATCAAACCTG	oligodendrocyte_OPC
ACGTAACAGCGACATG	vascular
ACGTAACCAGCGTAGA	unresolved
ACGTAACCATGCGTGC	unresolved
ACGTAACGTAAGGAGA	unresolved
ACGTAACGTGATCATC	unresolved
ACGTAACTCCGATCTC	microglia_immune
ACGTAACTCCTTGGAA	neuronal
ACGTAACTCTGAACGT	oligodendrocyte_OPC
ACGTACAAGCAGCCTC	astrocyte
ACGTACACACTGTGAT	oligodendrocyte_OPC
ACGTACACACTTCTCG	oligodendrocyte_OPC
ACGTACACAGTTACCA	neuronal
ACGTACATCCAGCACG	neuronal
ACGTACATCGATCCCT	unresolved
ACGTACATCGGTCAGC	unresolved
ACGTAGTAGATGCAGC	oligodendrocyte_OPC
ACGTAGTCAACAGTGG	unresolved
ACGTAGTCACAGAAGC	astrocyte
ACGTAGTCAGTCTACA	unresolved
ACGTAGTCATAGATCC	unresolved
ACGTAGTGTATGTCAC	vascular
ACGTAGTGTCAAATCC	neuronal
ACGTAGTGTCAGGCAA	unresolved
ACGTAGTGTCGATTCA	astrocyte
ACGTAGTGTCTAGATC	astrocyte
ACGTAGTTCTTGTTAC	astrocyte
ACGTCCTAGACAAGCC	neuronal
ACGTCCTAGGATTTGA	oligodendrocyte_OPC
ACGTCCTAGTGCTACT	neuronal
ACGTCCTAGTTGCCTA	unresolved
ACGTCCTGTGACCTGC	neuronal
ACGTCCTTCCCTTGTG	oligodendrocyte_OPC
ACGTCCTTCCTTCTGG	unresolved
ACGTTCCAGATACAGT	neuronal
ACGTTCCAGGAAGTAG	unresolved
ACGTTCCCAATTGAAG	neuronal
ACGTTCCCACGCTATA	astrocyte
ACGTTCCCAGAAGTGC	oligodendrocyte_OPC
ACGTTCCCAGGACAGT	ambiguous_or_doublet
ACGTTCCCAGGAGGAG	oligodendrocyte_OPC
ACGTTCCCATTCATCT	neuronal
ACGTTCCTCTAGTACG	unresolved
ACGTTCCTCTCCGCAT	oligodendrocyte_OPC
ACGTTCCTCTTAGCTT	microglia_immune
ACTACGAAGCCTAACT	astrocyte
ACTACGAAGGACGCTA	oligodendrocyte_OPC
ACTACGAAGGGCTTCC	astrocyte
ACTACGAAGTCCGCGT	oligodendrocyte_OPC
ACTACGACAGCTATAC	unresolved
ACTACGAGTAGCGATG	oligodendrocyte_OPC
ACTACGAGTCCTCAGG	astrocyte
ACTACGAGTTATGTCG	astrocyte
ACTACGATCACTTGGA	neuronal
ACTACGATCGCAACAT	astrocyte
ACTACGATCTACGCAA	astrocyte
ACTATCTAGCGCAATG	unresolved
ACTATCTCACAGCTGC	neuronal
ACTATCTCAGTCCGTG	astrocyte
ACTATCTGTACGATTC	oligodendrocyte_OPC
ACTATCTGTATGTCTG	unresolved
ACTATCTGTCTACTGA	oligodendrocyte_OPC
ACTATCTGTGAGGCAT	microglia_immune
ACTATCTGTGCCTGCA	astrocyte
ACTATCTGTGGGTCAA	neuronal
ACTATCTTCATCCTGC	neuronal
ACTATCTTCGTTAGTG	oligodendrocyte_OPC
ACTATGGAGAGCAACC	unresolved
ACTATGGAGGGTGAGG	neuronal
ACTATGGCAAGAGTAT	neuronal
ACTATGGCACCGTGGT	neuronal
ACTATGGGTCTAGTGT	oligodendrocyte_OPC
ACTATGGGTGACTCGC	oligodendrocyte_OPC
ACTATGGGTGGTCTGC	neuronal
ACTATGGGTTTCGTTT	unresolved
ACTATGGTCCAGCTCT	oligodendrocyte_OPC
ACTATGGTCTTGTGCC	oligodendrocyte_OPC
ACTATTCAGGCAGGTT	unresolved
ACTATTCAGGTCATCT	oligodendrocyte_OPC
ACTATTCCAATTCTTC	ambiguous_or_doublet
ACTATTCCATCCGAGC	microglia_immune
ACTATTCGTACCAATC	ambiguous_or_doublet
ACTATTCGTGTCCAAT	astrocyte
ACTATTCTCAGGACGA	oligodendrocyte_OPC
ACTCCCAAGCCTCATA	microglia_immune
ACTCCCAAGGGAGGGT	oligodendrocyte_OPC
ACTCCCAGTGCAACGA	oligodendrocyte_OPC
ACTCCCATCAGTCATG	unresolved
ACTCCCATCCGAGATT	ambiguous_or_doublet
ACTCCCATCCTTCTGG	astrocyte
ACTCCCATCGCAACAT	astrocyte
ACTCCCATCGTTCTAT	neuronal
ACTCTCGAGATTGCGG	neuronal
ACTCTCGAGTGATAAC	microglia_immune
ACTCTCGCATTCACAG	neuronal
ACTCTCGGTCGATTAC	oligodendrocyte_OPC
ACTCTCGGTCTAGTGT	microglia_immune
ACTCTCGGTGACACAG	oligodendrocyte_OPC
ACTCTCGGTTACCTGA	unresolved
ACTCTCGTCATGAGTC	astrocyte
ACTCTCGTCGCAGTGC	neuronal
ACTGATGAGACTTGTC	oligodendrocyte_OPC
ACTGATGAGATTGGGC	astrocyte
ACTGATGCAAGCACCC	oligodendrocyte_OPC
ACTGATGCACCTGCAG	oligodendrocyte_OPC
ACTGATGCATTGAGCT	oligodendrocyte_OPC
ACTGATGGTTTGGAGG	astrocyte
ACTGATGTCACCTACC	unresolved
ACTGATGTCGATTGGT	oligodendrocyte_OPC
ACTGCAAAGATGAATC	oligodendrocyte_OPC
ACTGCAAAGCGCAATG	neuronal
ACTGCAAAGGTACCTT	oligodendrocyte_OPC
ACTGCAAAGGTAGCCA	microglia_immune
ACTGCAACAAATGCTC	unresolved
ACTGCAACAATCGCCG	ambiguous_or_doublet
ACTGCAAGTACCGCGT	unresolved
ACTGCAAGTACGATTC	astrocyte
ACTGCAAGTCAGTCGC	neuronal
ACTGCAAGTGCCTTTC	astrocyte
ACTGCAAGTGCTCTCT	neuronal
ACTGCAAGTTGCACGC	astrocyte
ACTGCAATCTTGTTAC	neuronal
ACTGTCCCACTACAGT	unresolved
ACTGTCCGTTAGAAAC	neuronal
ACTGTCCGTTCCGTTC	oligodendrocyte_OPC
ACTGTCCGTTGAGAGC	astrocyte
ACTGTCCGTTGGCCGT	neuronal
ACTGTCCTCATCCTAT	vascular
ACTGTCCTCCGTTGAA	unresolved
ACTGTGAAGATCACCT	unresolved
ACTGTGAAGGTAAACT	oligodendrocyte_OPC
ACTGTGAAGTGCCAGA	neuronal
ACTGTGACAGAAGTGC	astrocyte
ACTGTGACATTGAAAG	oligodendrocyte_OPC
ACTGTGAGTCTTGAAC	vascular
ACTGTGAGTGTGTCGC	astrocyte
ACTGTGAGTTACAGCT	ambiguous_or_doublet
ACTGTGATCAGCCCAG	neuronal
ACTGTGATCAGTCTTT	unresolved
ACTGTGATCGAACTCA	astrocyte
ACTGTGATCGACCCAG	astrocyte
ACTGTGATCGCCCAGA	oligodendrocyte_OPC
ACTGTGATCGGAGTGA	astrocyte
ACTGTGATCTCGTGAA	ambiguous_or_doublet
ACTTAGGAGGCTTAGG	unresolved
ACTTAGGAGTAGGATT	unresolved
ACTTAGGCATCTAGAC	neuronal
ACTTAGGGTCTAGGTT	neuronal
ACTTATCCAGACCTGC	oligodendrocyte_OPC
ACTTATCGTTCCCAAA	astrocyte
ACTTATCGTTTGGAGG	oligodendrocyte_OPC
ACTTCCGAGACCATTC	unresolved
ACTTCCGCAAGCCTGC	oligodendrocyte_OPC
ACTTCCGCACGGGTAA	oligodendrocyte_OPC
ACTTCCGCACGGTGCT	astrocyte
ACTTCCGGTCTCTCTG	astrocyte
ACTTCCGGTCTGCAAT	oligodendrocyte_OPC
ACTTCCGGTTGCGAAG	microglia_immune
ACTTCCGTCAAGAGTA	unresolved
ACTTCCGTCCATCACC	ambiguous_or_doublet
ACTTCCGTCTACCAGA	neuronal
ACTTCGCAGAGGATCC	oligodendrocyte_OPC
ACTTCGCAGCCAAGTG	vascular
ACTTCGCAGCCATTGT	oligodendrocyte_OPC
ACTTCGCCATCAGCGC	astrocyte
ACTTCGCGTACATACC	unresolved
ACTTCGCTCCGCTAGG	unresolved
ACTTCGCTCCTCACTG	neuronal
ACTTCGCTCTAGGAAA	unresolved
ACTTTCACACGTGTGC	oligodendrocyte_OPC
ACTTTCAGTAGACGGT	neuronal
ACTTTCAGTCCACGCA	neuronal
ACTTTCAGTCTCTCAC	vascular
ACTTTCATCACCGGTG	oligodendrocyte_OPC
ACTTTCATCATTGCGA	unresolved
ACTTTCATCCCAGGCA	ambiguous_or_doublet
ACTTTGTAGCAACTCT	vascular
ACTTTGTAGCTTCGTA	unresolved
ACTTTGTAGGGCTAAC	astrocyte
ACTTTGTAGTTGAAGT	unresolved
ACTTTGTCAAACACCT	oligodendrocyte_OPC
ACTTTGTCACTCTCGT	oligodendrocyte_OPC
ACTTTGTCAGGTGAGT	astrocyte
ACTTTGTGTTCCATTT	astrocyte
ACTTTGTTCAGACCTA	oligodendrocyte_OPC
ACTTTGTTCAGAGCAG	unresolved
ACTTTGTTCGGCTATA	oligodendrocyte_OPC
ACTTTGTTCTGGTTGA	oligodendrocyte_OPC
AGAAATGCACCACATA	neuronal
AGAAATGCATACAGGG	oligodendrocyte_OPC
AGAAATGCATTCACAG	neuronal
AGAAATGGTCGAAACG	neuronal
AGAAATGGTTAGCGGA	neuronal
AGAAATGTCGGAGTAG	vascular
AGAAATGTCTGATTCT	oligodendrocyte_OPC
AGAAATGTCTGCACCT	vascular
AGAACAAAGCCTCTCT	oligodendrocyte_OPC
AGAACAAAGTGTAGTA	oligodendrocyte_OPC
AGAACCTAGAGCACTG	oligodendrocyte_OPC
AGAACCTAGTAGTCAA	unresolved
AGAACCTCAAAGGTTA	oligodendrocyte_OPC
AGAACCTCAGTGACCC	ambiguous_or_doublet
AGAACCTGTCAGATTC	oligodendrocyte_OPC
AGAACCTGTCGGAAAC	unresolved
AGAACCTTCACTTTGT	oligodendrocyte_OPC
AGAACCTTCTGAACGT	neuronal
AGAAGCGAGACTCGAG	oligodendrocyte_OPC
AGAAGCGCAAGAAATC	unresolved
AGAAGCGGTAGCTGTT	unresolved
AGAAGCGGTTTCCAAG	neuronal
AGAAGTAAGAAGCCAC	oligodendrocyte_OPC
AGAAGTAAGATTGCGG	neuronal
AGAAGTACAAGCACAG	unresolved
AGAAGTAGTGAGTAAT	neuronal
AGAAGTAGTGCACGCT	oligodendrocyte_OPC
AGAAGTAGTGTCGCTG	unresolved
AGAAGTAGTGTTCGAT	oligodendrocyte_OPC
AGAAGTAGTTGGACCC	oligodendrocyte_OPC
AGACAAAAGCCGGAAT	neuronal
AGACAAAAGCCGTTAT	unresolved
AGACAAAAGCCTGAGA	unresolved
AGACAAACAAACAGGC	unresolved
AGACAAACACTGGATT	oligodendrocyte_OPC
AGACAAAGTCGGAAAC	oligodendrocyte_OPC
AGACAAATCAAACCTG	unresolved
AGACAAATCACTTCTA	unresolved
AGACAAATCAGCGGAA	neuronal
AGACAAATCCCAAGCG	oligodendrocyte_OPC
AGACAAATCCCATGGG	unresolved
AGACACTAGGGCAGTT	oligodendrocyte_OPC
AGACACTCAACAACAA	neuronal
AGACACTCAGCGGTTC	neuronal
AGACACTGTCTTTCAT	astrocyte
AGACACTGTGGCTTGC	unresolved
AGACACTTCACAAGAA	neuronal
AGACACTTCTCGGTCT	unresolved
AGACACTTCTGCATGA	microglia_immune
AGACACTTCTTCCGTG	astrocyte
AGACAGGAGACTGGGT	unresolved
AGACAGGAGCCGTTGC	vascular
AGACAGGAGGCATTTC	microglia_immune
AGACAGGAGTGAGGTC	vascular
AGACAGGCAAATGCGG	astrocyte
AGACAGGCAGTCTGGC	astrocyte
AGACAGGTCACGATAC	neuronal
AGACAGGTCATCGTAG	oligodendrocyte_OPC
AGACAGGTCATCTCTA	astrocyte
AGACCATCAACCACAT	neuronal
AGACCATCATCCGAGC	neuronal
AGACCATGTCACAATC	unresolved
AGACCATTCACCACAA	ambiguous_or_doublet
AGACCCGAGACGCCCT	microglia_immune
AGACCCGAGCCTTGAT	neuronal
AGACCCGAGTATTGCC	microglia_immune
AGACCCGAGTGCGACA	vascular
AGACCCGCACAAGCTT	unresolved
AGACCCGGTGACCGAA	ambiguous_or_doublet
AGACCCGTCGGTCATA	neuronal
AGACCCGTCTGGACCG	oligodendrocyte_OPC
AGACTCAAGCAGCAGT	neuronal
AGACTCAAGGTTAAAC	unresolved
AGACTCACAAACTCGT	neuronal
AGACTCACAAGAGTAT	neuronal
AGACTCATCATATGGC	oligodendrocyte_OPC
AGACTCATCATGAGAA	unresolved
AGACTCATCCGCATAA	unresolved
AGACTCATCTACCAGA	oligodendrocyte_OPC
AGACTCATCTGTGTGA	unresolved
AGAGAATCAAAGACTA	unresolved
AGAGAATCACCCGTAG	vascular
AGAGAATCACCGAATT	oligodendrocyte_OPC
AGAGAATCACCTGATA	ambiguous_or_doublet
AGAGAATCAGGCATTT	oligodendrocyte_OPC
AGAGAATCATTGTAGC	unresolved
AGAGAATGTCCAGGTC	unresolved
AGAGAATGTTCATCTT	oligodendrocyte_OPC
AGAGAATTCACCTACC	microglia_immune
AGAGAATTCCCGAATA	neuronal
AGAGAATTCGAAATCC	oligodendrocyte_OPC
AGAGAGCAGACAGCTG	neuronal
AGAGAGCAGGATATAC	astrocyte
AGAGAGCCAATGTGGG	astrocyte
AGAGAGCCAGCTGGTC	oligodendrocyte_OPC
AGAGAGCTCCAGCAAT	astrocyte
AGAGAGCTCGGTTAGT	oligodendrocyte_OPC
AGAGCAGAGCGATGAC	oligodendrocyte_OPC
AGAGCAGCAGAATCGG	unresolved
AGAGCAGGTACGCTAT	unresolved
AGAGCAGGTGAAGCTG	astrocyte
AGAGCAGGTTGAATCC	neuronal
AGAGCCCAGATACCAA	astrocyte
AGAGCCCAGTCGAATA	neuronal
AGAGCCCAGTTGTCGT	astrocyte
AGAGCCCCACCGTGAC	ambiguous_or_doublet
AGAGCCCCACTGTGTA	astrocyte
AGAGCCCCAGTAGTTC	oligodendrocyte_OPC
AGAGCCCGTACCACGC	neuronal
AGAGCCCGTCCACATA	unresolved
AGATAGAAGAACTGAT	unresolved
AGATAGAAGATACATG	neuronal
AGATAGAAGGCGTTGA	unresolved
AGATAGAAGGTGCCAA	oligodendrocyte_OPC
AGATAGACAGCTCATA	microglia_immune
AGATAGACAGGAATAT	astrocyte
AGATAGAGTTTCGGCG	oligodendrocyte_OPC
AGATAGATCTCGAACA	microglia_immune
AGATCCAAGAAGAGCA	neuronal
AGATCCAAGCACTCAT	oligodendrocyte_OPC
AGATCCAAGCAGAAAG	unresolved
AGATCCAAGCTAAGTA	astrocyte
AGATCCAAGGAAGTCC	unresolved
AGATCCAAGTATTCCG	oligodendrocyte_OPC
AGATCCAAGTTCCATG	microglia_immune
AGATCCACAGAATCGG	astrocyte
AGATCCAGTGTCTAAC	unresolved
AGATCCATCAAGGTGG	microglia_immune
AGATCCATCACCGGTG	neuronal
AGATCGTAGACATAGT	astrocyte
AGATCGTAGAGTTGTA	oligodendrocyte_OPC
AGATCGTAGTTCATGC	ambiguous_or_doublet
AGATCGTGTTACGATC	oligodendrocyte_OPC
AGATCGTTCATTTGGG	unresolved
AGATCGTTCGCATGAT	oligodendrocyte_OPC
AGATGAAAGAAAGCGA	astrocyte
AGATGAAAGCCGAATG	oligodendrocyte_OPC
AGATGAAAGTCTTGGT	unresolved
AGATGAAAGTTCCTGA	unresolved
AGATGAACAGCCCAGT	vascular
AGATGAAGTATCCCAA	astrocyte
AGATGAAGTTGGAGAC	neuronal
AGATGAATCGTAACCA	neuronal
AGATGCTCACTATCGA	neuronal
AGATGCTCAGGTTTAC	unresolved
AGATGCTCATTCTGTT	unresolved
AGATGCTGTACCGTCG	astrocyte
AGATGCTGTGCTAGCC	microglia_immune
AGCATCAAGCTTTGTG	oligodendrocyte_OPC
AGCATCAAGTCAGCGA	unresolved
AGCATCACACCACTGG	unresolved
AGCATCACACGTAACT	oligodendrocyte_OPC
AGCATCACACGTCGGT	oligodendrocyte_OPC
AGCATCACAGGCTATT	vascular
AGCATCAGTAAGGAGA	oligodendrocyte_OPC
AGCATCAGTAGTGCGA	unresolved
AGCATCAGTATCGTGT	neuronal
AGCATCAGTGGGTCAA	unresolved
AGCATCAGTGTCTTCC	astrocyte
AGCATCAGTTCAGTAC	oligodendrocyte_OPC
AGCATCATCACCCTGT	astrocyte
AGCATCATCACGGACC	neuronal
AGCATCATCCACTAGA	unresolved
AGCATCATCCTTCACG	microglia_immune
AGCATCATCGCACGGT	microglia_immune
AGCATCATCTACGGTA	ambiguous_or_doublet
AGCCAATCAAGTCATC	neuronal
AGCCAATGTGAGCCAA	vascular
AGCCAATTCACGATCA	oligodendrocyte_OPC
AGCCAATTCGCGGACT	unresolved
AGCCAATTCGCTGCGA	oligodendrocyte_OPC
AGCCACGAGATGCGAC	unresolved
AGCCACGAGGCCCGTT	oligodendrocyte_OPC
AGCCACGAGTAGAATC	microglia_immune
AGCCACGGTCATAGTC	oligodendrocyte_OPC
AGCCACGGTCCTCAGG	astrocyte
AGCCACGGTTCAAGTC	unresolved
AGCCACGTCCAGTGCG	oligodendrocyte_OPC
AGCCACGTCGCATAGT	unresolved
AGCCACGTCTGTTCAT	astrocyte
AGCCAGCAGTTCCGTA	oligodendrocyte_OPC
AGCCAGCGTAACACCT	unresolved
AGCCAGCGTAGGCTCC	unresolved
AGCCAGCGTGCATGAG	neuronal
AGCCAGCGTGTCATGT	astrocyte
AGCCAGCTCACGGAGA	oligodendrocyte_OPC
AGCGATTCAAGATGGC	neuronal
AGCGATTCAGTCTTCC	unresolved
AGCGATTCAGTGCGCT	neuronal
AGCGATTCATGCCGGT	neuronal
AGCGATTGTAGACAAT	unresolved
AGCGATTGTATTCCTT	microglia_immune
AGCGATTGTCTACGAT	ambiguous_or_doublet
AGCGCCACACAAGTTC	oligodendrocyte_OPC
AGCGCCACACCGTACG	neuronal
AGCGCCACATCCGGCA	oligodendrocyte_OPC
AGCGCCACATCGCTCT	oligodendrocyte_OPC
AGCGCCACATTAGGAA	unresolved
AGCGCCAGTCGCACGT	neuronal
AGCGCCAGTGGAATGC	unresolved
AGCGCCAGTGGAGGTT	neuronal
AGCGCCAGTGTGAGCA	unresolved
AGCGCCATCAGCATTG	oligodendrocyte_OPC
AGCGCCATCCTGGGTG	astrocyte
AGCGCCATCGCCTATC	neuronal
AGCGCCATCTGGCCTT	neuronal
AGCGCTGAGCCTTTGA	ambiguous_or_doublet
AGCGCTGGTAGAATAC	astrocyte
AGCGCTGGTGAGTTGG	unresolved
AGCGCTGTCGTCGCTT	unresolved
AGCGTATCAGCTGTTA	microglia_immune
AGCGTATCATCATCTT	unresolved
AGCGTATGTTGGGTTT	microglia_immune
AGCGTATGTTTAGAGA	microglia_immune
AGCGTATTCAGGCGAA	oligodendrocyte_OPC
AGCGTATTCGACATAC	astrocyte
AGCTACACAAGAGTGC	astrocyte
AGCTACACAGGACTAG	oligodendrocyte_OPC
AGCTACACAGGCAATG	unresolved
AGCTACAGTCTCCCTA	oligodendrocyte_OPC
AGCTACAGTGGCGCTT	ambiguous_or_doublet
AGCTACAGTGTTAGCT	vascular
AGCTACAGTGTTCGAT	microglia_immune
AGCTACAGTTTAAGGA	neuronal
AGCTACATCCTGGCTT	oligodendrocyte_OPC
AGCTCAACACGCGCTA	oligodendrocyte_OPC
AGCTCAACAGTCACGC	oligodendrocyte_OPC
AGCTCAAGTGCCCGTA	unresolved
AGCTCAATCATCACCC	astrocyte
AGCTCAATCCTCTCGA	oligodendrocyte_OPC
AGCTTCCAGTAGCCAG	astrocyte
AGCTTCCAGTGAGTGC	astrocyte
AGCTTCCCAACATCGT	oligodendrocyte_OPC
AGCTTCCCAAGAATGT	neuronal
AGCTTCCCACAGAGCA	unresolved
AGCTTCCGTAGGAAAG	neuronal
AGCTTCCGTAGTCGGA	oligodendrocyte_OPC
AGCTTCCGTGACTCGC	astrocyte
AGCTTCCGTTTAGACC	unresolved
AGCTTCCTCACAATGC	astrocyte
AGCTTCCTCCTTATGT	oligodendrocyte_OPC
AGGAAATAGATAGCAT	unresolved
AGGAAATAGTTCATGC	oligodendrocyte_OPC
AGGAAATCAGACCTGC	microglia_immune
AGGAAATGTCGGCTAC	microglia_immune
AGGAAATTCATTGAGC	unresolved
AGGAAATTCTTACCGC	neuronal
AGGAAATTCTTCCCGA	oligodendrocyte_OPC
AGGAATAAGATCGCCC	oligodendrocyte_OPC
AGGAATACATTCTCTA	astrocyte
AGGAATAGTCCTGTTC	unresolved
AGGAATAGTCTAGGCC	microglia_immune
AGGAATATCCACTTTA	vascular
AGGAATATCTCTGCCA	unresolved
AGGACGACAAGCCATT	microglia_immune
AGGACGACACATTCTT	oligodendrocyte_OPC
AGGACGACACCCTGAG	neuronal
AGGACGACACGCGTGT	astrocyte
AGGACGACATCGAGCC	neuronal
AGGACGATCTCCGTGT	neuronal
AGGACGATCTGAGAGG	neuronal
AGGACTTAGAGCCGAT	neuronal
AGGACTTAGGTACTGG	neuronal
AGGACTTAGTCACTGT	oligodendrocyte_OPC
AGGACTTCAACCGTGC	neuronal
AGGACTTGTAGCACAG	oligodendrocyte_OPC
AGGACTTTCAGGCGAA	unresolved
AGGAGGTAGCAAGCCA	unresolved
AGGAGGTAGGACTGGT	unresolved
AGGAGGTCACAATGCT	unresolved
AGGAGGTCACCTGATA	oligodendrocyte_OPC
AGGAGGTCACGCTGAC	ambiguous_or_doublet
AGGAGGTGTTCTAAGC	unresolved
AGGAGGTGTTTCCAAG	oligodendrocyte_OPC
AGGAGGTGTTTGCCGG	neuronal
AGGAGGTTCAAGAATG	neuronal
AGGAGGTTCGATACGT	oligodendrocyte_OPC
AGGAGGTTCTTCTGTA	astrocyte
AGGATAAAGACCCGCT	unresolved
AGGATAACAAGAGCTG	oligodendrocyte_OPC
AGGATAACAAGTGGTG	oligodendrocyte_OPC
AGGATAACAGCACAAG	unresolved
AGGATAACATTGGCAT	unresolved
AGGATAAGTCCTATAG	astrocyte
AGGATAAGTTGTCATG	unresolved
AGGATAATCCAGCACG	neuronal
AGGATAATCTGGCCTT	neuronal
AGGATCTAGCACCTGC	astrocyte
AGGATCTAGTTCCGGC	neuronal
AGGATCTCATGGTGGA	oligodendrocyte_OPC
AGGATCTGTCGATTCA	vascular
AGGATCTGTGAGACCA	unresolved
AGGATCTGTTTACGTG	astrocyte
AGGATCTTCATACGAC	neuronal
AGGCATTAGACTCCGC	oligodendrocyte_OPC
AGGCATTAGGATCATA	unresolved
AGGCATTAGTGTAGTA	astrocyte
AGGCATTAGTTCCGTA	oligodendrocyte_OPC
AGGCATTAGTTGGCGA	neuronal
AGGCATTCAGCTTCCT	oligodendrocyte_OPC
AGGCATTCATAGTCAC	vascular
AGGCATTGTATCATGC	oligodendrocyte_OPC
AGGCATTGTCTGTAAC	astrocyte
AGGCATTGTGCATGAG	astrocyte
AGGCCACAGAGAGGGC	neuronal
AGGCCACAGGAGAGGC	neuronal
AGGCCACCAGTTCCAA	astrocyte
AGGCCACGTGTATTCG	neuronal
AGGCCACGTTAGTCGT	oligodendrocyte_OPC
AGGCCACTCATTCACT	neuronal
AGGCCACTCCGTCCTA	neuronal
AGGCCACTCTGTTCAT	astrocyte
AGGCTGCAGCAACCAG	neuronal
AGGCTGCAGGAAAGGT	oligodendrocyte_OPC
AGGCTGCAGTTACTCG	unresolved
AGGCTGCCATGTTTGG	astrocyte
AGGCTGCTCGCATGAT	vascular
AGGGAGTAGGGTCACA	neuronal
AGGGAGTCAAATGATG	neuronal
AGGGAGTCACAAATGA	unresolved
AGGGAGTCAGCAAGAC	astrocyte
AGGGAGTCATAACTCG	neuronal
AGGGAGTGTTCACGAT	astrocyte
AGGGAGTTCAGGCGAA	oligodendrocyte_OPC
AGGGCCTAGCATTTGC	oligodendrocyte_OPC
AGGGCCTAGGCTCCCA	astrocyte
AGGGCCTAGGGCAGGA	oligodendrocyte_OPC
AGGGCCTCAAGCCCAC	oligodendrocyte_OPC
AGGGCCTCAATTCTTC	unresolved
AGGGCCTCACACCGCA	unresolved
AGGGCCTCACCCTTAC	vascular
AGGGCCTCAGAATCGG	neuronal
AGGGCCTCATCCTAAG	astrocyte
AGGGCCTGTAAGTCAA	astrocyte
AGGGCCTGTGCGTTTA	oligodendrocyte_OPC
AGGGCCTGTGGGATTG	unresolved
AGGGCCTGTTCAGTAC	astrocyte
AGGGCCTTCAATCTTC	unresolved
AGGGCCTTCCGTAATG	unresolved
AGGGCCTTCTAGGAAA	astrocyte
AGGGCTCAGACTTCCA	neuronal
AGGGCTCAGGAACTCG	oligodendrocyte_OPC
AGGGCTCGTATGCTAC	oligodendrocyte_OPC
AGGGCTCTCATGGTAC	oligodendrocyte_OPC
AGGGCTCTCCCGAACG	unresolved
AGGGCTCTCCGAGTGC	oligodendrocyte_OPC
AGGGCTCTCGAGATGG	ambiguous_or_doublet
AGGGCTCTCGTGAGAG	oligodendrocyte_OPC
AGGGTCCAGGCATCAG	oligodendrocyte_OPC
AGGGTCCAGTGTTCCA	microglia_immune
AGGGTCCCACGAAAGC	neuronal
AGGGTCCCAGTTCCAA	astrocyte
AGGGTCCGTCGTGGAA	oligodendrocyte_OPC
AGGGTCCGTTCAAACC	neuronal
AGGGTCCGTTCATCGA	neuronal
AGGGTCCGTTTCTTAC	oligodendrocyte_OPC
AGGGTCCTCAGGAGAC	neuronal
AGGGTCCTCTGGGCCA	oligodendrocyte_OPC
AGGGTGAAGACCATTC	oligodendrocyte_OPC
AGGGTGAAGGCTCTCG	neuronal
AGGGTGATCACGTAGT	neuronal
AGGGTGATCATACGAC	unresolved
AGGGTTTCAACCGCTG	unresolved
AGGGTTTCACTGGACC	unresolved
AGGGTTTCAGAACTAA	neuronal
AGGGTTTGTATGTCCA	unresolved
AGGGTTTGTGAAAGTT	neuronal
AGGGTTTGTTCTTAGG	ambiguous_or_doublet
AGGTAGGAGACAAGCC	neuronal
AGGTAGGGTACGATCT	unresolved
AGGTAGGGTTCCCAAA	neuronal
AGGTAGGTCAACACCA	astrocyte
AGGTAGGTCAGCGGAA	oligodendrocyte_OPC
AGGTCATAGGACCCAA	oligodendrocyte_OPC
AGGTCATCAACTTGGT	neuronal
AGGTCATCAAGAGATT	astrocyte
AGGTCATCAGGAGGTT	unresolved
AGGTCATCATGCCGGT	unresolved
AGGTCATGTAACCAGG	oligodendrocyte_OPC
AGGTCATGTGGCTAGA	oligodendrocyte_OPC
AGGTCATTCCATCTAT	unresolved
AGGTCATTCCCGTGAG	neuronal
AGGTCTACAACTGAAA	unresolved
AGGTCTACAGCAGGAT	neuronal
AGGTCTACAGTCTTCC	oligodendrocyte_OPC
AGGTCTACATTGCCTC	oligodendrocyte_OPC
AGGTCTATCGAAGCCC	unresolved
AGGTGTTAGATAGGGA	neuronal
AGGTGTTAGCAATTAG	unresolved
AGGTGTTAGGCCTAGA	microglia_immune
AGGTGTTAGTGATTCC	unresolved
AGGTGTTCAGCCTACG	astrocyte
AGGTGTTTCAACACGT	neuronal
AGGTGTTTCCACGTAA	astrocyte
AGGTGTTTCGGTCACG	microglia_immune
AGGTGTTTCGTGCTCT	unresolved
AGGTGTTTCGTTCCCA	unresolved
AGGTTACAGAGGGTCT	neuronal
AGGTTACAGTTCCAGT	neuronal
AGGTTACCAAGCAATA	neuronal
AGGTTACCATCTAACG	unresolved
AGGTTACCATGGACAG	oligodendrocyte_OPC
AGGTTACTCAGCTTGA	unresolved
AGGTTACTCCGAGAAG	neuronal
AGGTTACTCTATTGTC	unresolved
AGGTTGTAGCACGATG	oligodendrocyte_OPC
AGGTTGTCAAAGGGTC	oligodendrocyte_OPC
AGGTTGTCAGGACTTT	oligodendrocyte_OPC
AGGTTGTGTACAGAGC	ambiguous_or_doublet
AGGTTGTGTCCTATAG	oligodendrocyte_OPC
AGGTTGTTCCTCACGT	neuronal
AGGTTGTTCTGGGCCA	unresolved
AGTAACCCAACACTAC	neuronal
AGTAACCCAAGAATGT	unresolved
AGTAACCCACTCCGAG	unresolved
AGTAACCGTGAGTTGG	unresolved
AGTAACCGTGTCCGGT	oligodendrocyte_OPC
AGTAACCTCTCCGTGT	vascular
AGTACCAAGAAGCGGG	microglia_immune
AGTACCACACATTCTT	astrocyte
AGTACCAGTAGGGTAC	unresolved
AGTACCAGTCGAGTTT	unresolved
AGTACCAGTCGCGTTG	vascular
AGTACCATCGTCGACG	astrocyte
AGTACTGAGACCCGCT	neuronal
AGTACTGAGCGCCATC	astrocyte
AGTACTGCAAGGGCAT	ambiguous_or_doublet
AGTACTGCACAGTCGC	microglia_immune
AGTACTGGTCCATCTC	neuronal
AGTACTGGTCTTGCTC	oligodendrocyte_OPC
AGTAGCTAGGCTCCCA	unresolved
AGTAGCTCAAATCCCA	microglia_immune
AGTAGCTCACATTACG	neuronal
AGTAGCTCACGTACTA	neuronal
AGTAGCTGTAGATGTA	oligodendrocyte_OPC
AGTAGCTGTGCGTGCT	neuronal
AGTAGCTTCACGAGGA	unresolved
AGTAGCTTCATTTGGG	oligodendrocyte_OPC
AGTAGCTTCCACCTGT	ambiguous_or_doublet
AGTAGCTTCCGATTAG	neuronal
AGTAGCTTCTATCCAT	unresolved
AGTAGCTTCTTACTGT	neuronal
AGTAGTCAGAAGCTGC	ambiguous_or_doublet
AGTAGTCAGACCACGA	oligodendrocyte_OPC
AGTAGTCAGACGACTG	neuronal
AGTAGTCAGCGAACTG	astrocyte
AGTAGTCAGTGAGTGC	neuronal
AGTAGTCCAGAGGAAA	unresolved
AGTAGTCCAGTCGAGA	unresolved
AGTAGTCCATGGATCT	neuronal
AGTAGTCGTATGGTAA	astrocyte
AGTAGTCGTCAAAGCG	unresolved
AGTAGTCTCACGGACC	microglia_immune
AGTCAACCAAGCCCAC	neuronal
AGTCAACCACTACGGC	microglia_immune
AGTCAACCAGGTGGAT	oligodendrocyte_OPC
AGTCAACCAGTGCGCT	neuronal
AGTCAACGTATTGCCA	neuronal
AGTCAACGTCCGATCG	oligodendrocyte_OPC
AGTCAACTCAAGTCGT	unresolved
AGTCAACTCGACGCGT	oligodendrocyte_OPC
AGTCACAAGCTACAAA	vascular
AGTCACAAGTTCGCAT	astrocyte
AGTCACACAACTCCCT	oligodendrocyte_OPC
AGTCACACACGGCCAT	neuronal
AGTCACACATGAAAGT	oligodendrocyte_OPC
AGTCACAGTCCAGCGT	microglia_immune
AGTCACAGTGGGACAT	neuronal
AGTCACAGTTCTTGCC	unresolved
AGTCACATCCGTAGGC	neuronal
AGTCACATCCTAAGTG	neuronal
AGTCACATCTTCTAAC	astrocyte
AGTCATGCAAAGACGC	unresolved
AGTCATGCAAATTGGA	unresolved
AGTCATGCACGCCAGT	oligodendrocyte_OPC
AGTCATGGTACTCGTA	unresolved
AGTCATGGTATTCCTT	neuronal
AGTCTCCAGAAACCAT	neuronal
AGTCTCCAGAAGGCTC	unresolved
AGTCTCCAGCACTCTA	oligodendrocyte_OPC
AGTCTCCCAATCAAGA	neuronal
AGTCTCCGTATTGACC	astrocyte
AGTCTCCGTGACCGTC	neuronal
AGTCTCCTCACCATAG	unresolved
AGTCTCCTCATTGTGG	astrocyte
AGTGACTAGAGCCCAA	neuronal
AGTGACTAGATTGTGA	neuronal
AGTGACTAGCGTGTCC	ambiguous_or_doublet
AGTGACTGTAAGATAC	unresolved
AGTGACTGTAGCGTCC	oligodendrocyte_OPC
AGTGACTGTTGTAGCT	neuronal
AGTGACTTCCGTTTCG	microglia_immune
AGTGACTTCTGCAGCG	astrocyte
AGTGACTTCTGCGATA	unresolved
AGTGATCCAGTGCCTG	unresolved
AGTGATCCATCTATCT	unresolved
AGTGATCCATCTCGTC	oligodendrocyte_OPC
AGTGATCGTGCCTTCT	astrocyte
AGTGATCTCAAAGAAC	microglia_immune
AGTGATCTCGACCTAA	unresolved
AGTGCCGCAAGTGGAC	unresolved
AGTGCCGCAGCGTACC	oligodendrocyte_OPC
AGTGCCGCATACAGAA	oligodendrocyte_OPC
AGTGCCGTCCAACCGG	astrocyte
AGTGCCGTCCACGTCT	microglia_immune
AGTGCCGTCCCATTTA	oligodendrocyte_OPC
AGTGTTGCAGAGTGAC	oligodendrocyte_OPC
AGTGTTGCATCTCCCA	astrocyte
AGTGTTGCATTCACCC	astrocyte
AGTGTTGGTTAGAGAT	oligodendrocyte_OPC
AGTGTTGGTTGGGCCT	oligodendrocyte_OPC
AGTGTTGTCCAACACA	unresolved
AGTTAGCAGCTGTGCC	astrocyte
AGTTAGCAGCTTCTAG	astrocyte
AGTTAGCCAAACGGCA	oligodendrocyte_OPC
AGTTAGCCAAGTATCC	unresolved
AGTTAGCCAGTGCCTG	oligodendrocyte_OPC
AGTTAGCGTATGAGGC	astrocyte
AGTTAGCGTCTCGCGA	oligodendrocyte_OPC
AGTTAGCTCACGTAGT	astrocyte
AGTTAGCTCTTCGGTC	ambiguous_or_doublet
AGTTCCCAGAATTTGG	neuronal
AGTTCCCAGAGTCAGC	astrocyte
AGTTCCCAGCGTGAGT	oligodendrocyte_OPC
AGTTCCCAGCTTCGTA	neuronal
AGTTCCCAGGGAGGTG	oligodendrocyte_OPC
AGTTCCCCAATACAGA	oligodendrocyte_OPC
AGTTCCCGTACACTCA	vascular
AGTTCCCGTGGCTCTG	ambiguous_or_doublet
AGTTCCCTCAAGGACG	oligodendrocyte_OPC
AGTTCGAAGTAAACGT	neuronal
AGTTCGAGTAGGCAAC	astrocyte
AGTTCGATCATCCCGT	unresolved
AGTTCGATCCAATCTT	astrocyte
AGTTCGATCGGTCAGC	astrocyte
AGTTCGATCTAACGGT	oligodendrocyte_OPC
ATACCGAAGAAGAGCA	oligodendrocyte_OPC
ATACCGAAGTGATCGG	microglia_immune
ATACCGACATCGCTAA	astrocyte
ATACCGACATGGGCAA	unresolved
ATACCGAGTGGATACG	microglia_immune
ATACCGATCAGCGGAA	astrocyte
ATACCGATCCAAAGGG	microglia_immune
ATACCGATCTTACCAT	oligodendrocyte_OPC
ATACCTTAGAGTGTGC	astrocyte
ATACCTTGTATTTCGG	astrocyte
ATACCTTTCCGTGTGG	neuronal
ATACCTTTCTGACAGT	unresolved
ATACTTCCACGCCACA	oligodendrocyte_OPC
ATACTTCGTATTGGCT	neuronal
ATACTTCTCAGTGGGA	neuronal
ATAGACCAGCAGATAT	oligodendrocyte_OPC
ATAGACCCAAGTTCCA	oligodendrocyte_OPC
ATAGACCCAATTTCCT	neuronal
ATAGACCCATGGCCCA	unresolved
ATAGACCTCGACCACG	astrocyte
ATAGACCTCTTACACT	unresolved
ATAGAGAAGACTCCGC	neuronal
ATAGAGAAGGGCGAAG	oligodendrocyte_OPC
ATAGAGAAGGTTAAAC	neuronal
ATAGAGACACAGTGTT	neuronal
ATAGAGAGTCGAATGG	oligodendrocyte_OPC
ATAGAGAGTGTCCTAA	neuronal
ATAGAGAGTTGGACTT	unresolved
ATAGAGATCGCCTTTG	oligodendrocyte_OPC
ATAGAGATCTCTTAAC	unresolved
ATAGGCTAGCTTCATG	unresolved
ATAGGCTAGGTCGTAG	neuronal
ATAGGCTCAGCTTCGG	oligodendrocyte_OPC
ATAGGCTCAGTTGGTT	neuronal
ATAGGCTGTCATAGTC	unresolved
ATAGGCTGTCGCAACC	unresolved
ATAGGCTGTTCCAAAC	oligodendrocyte_OPC
ATAGGCTTCAGTCCGG	unresolved
ATAGGCTTCGAACTCA	oligodendrocyte_OPC
ATATCCTAGTCCCGGT	oligodendrocyte_OPC
ATATCCTCACTGGCCA	microglia_immune
ATATCCTTCGCATAGT	neuronal
ATATCCTTCGGTAAGG	unresolved
ATATCCTTCTCGAACA	neuronal
ATCACAGAGGAGAATG	oligodendrocyte_OPC
ATCACAGCAATGAACA	unresolved
ATCACAGCACCCATAA	microglia_immune
ATCACAGCACCTGAAT	neuronal
ATCACAGGTTGCCGAC	neuronal
ATCACAGTCGACATAC	oligodendrocyte_OPC
ATCACAGTCTACGGGC	oligodendrocyte_OPC
ATCACGAAGAGCCGAT	unresolved
ATCACGAAGGCGAAGG	oligodendrocyte_OPC
ATCACGAAGTGCGACA	neuronal
ATCACGACAAGAATGT	ambiguous_or_doublet
ATCACGACAAGACCTT	neuronal
ATCACGACATACCAGT	oligodendrocyte_OPC
ATCACGAGTCACCCTT	astrocyte
ATCACGAGTTGGGTTT	neuronal
ATCACGATCAGCTTCC	oligodendrocyte_OPC
ATCACGATCTGTGCAA	oligodendrocyte_OPC
ATCACTTAGGGTCTTT	vascular
ATCACTTCAGGTTCCG	oligodendrocyte_OPC
ATCACTTGTGAGCAGT	neuronal
ATCACTTGTTCTCCTG	astrocyte
ATCACTTTCCTCTCTT	neuronal
ATCACTTTCTAACGGT	oligodendrocyte_OPC
ATCACTTTCTAGACAC	neuronal
ATCAGGTCACGAGGAT	astrocyte
ATCAGGTCAGAATGTA	astrocyte
ATCAGGTGTAGGACCA	ambiguous_or_doublet
ATCAGGTGTCTTGCGG	microglia_immune
ATCAGGTTCACAGTGT	oligodendrocyte_OPC
ATCAGGTTCGGAGTAG	neuronal
ATCAGGTTCGTGGCGT	astrocyte
ATCAGGTTCTATCGCC	neuronal
ATCATTCAGAAGGGAT	unresolved
ATCATTCAGTCCTGCG	oligodendrocyte_OPC
ATCATTCCAGGTACGA	oligodendrocyte_OPC
ATCATTCGTAGCTTGT	oligodendrocyte_OPC
ATCATTCGTCTCGACG	neuronal
ATCATTCTCCTCATAT	oligodendrocyte_OPC
ATCATTCTCGAGAAGC	microglia_immune
ATCATTCTCGTTCTGC	unresolved
ATCATTCTCTATCGTT	unresolved
ATCCACCAGCACTCGC	oligodendrocyte_OPC
ATCCACCAGCCTAACT	microglia_immune
ATCCACCAGGTCACCC	neuronal
ATCCACCAGTGAGTGC	neuronal
ATCCACCCACCAGCCA	unresolved
ATCCACCCACGGCTAC	neuronal
ATCCACCGTCACCACG	astrocyte
ATCCACCGTGGCATCC	astrocyte
ATCCACCGTTGCCATA	oligodendrocyte_OPC
ATCCACCTCCTACAAG	oligodendrocyte_OPC
ATCCATTAGGATGTTA	neuronal
ATCCATTCACCACATA	unresolved
ATCCATTCAGTAGTGG	oligodendrocyte_OPC
ATCCATTCAGTCCCGA	neuronal
ATCCATTCATCCTTGC	oligodendrocyte_OPC
ATCCATTGTGAGCCAA	oligodendrocyte_OPC
ATCCATTGTGGGTTGA	astrocyte
ATCCATTTCGAACACT	unresolved
ATCCATTTCTGTCGTC	oligodendrocyte_OPC
ATCCCTGAGAGTCAAT	oligodendrocyte_OPC
ATCCCTGAGCAGTACG	oligodendrocyte_OPC
ATCCCTGAGGCCACCT	unresolved
ATCCCTGAGGCTGTAG	neuronal
ATCCCTGCACCCTTAC	neuronal
ATCCCTGCACGACAGA	microglia_immune
ATCCCTGCAGAAATTG	vascular
ATCCCTGGTTGGGATG	neuronal
ATCCCTGTCACTTGGA	ambiguous_or_doublet
ATCCCTGTCCTCTTTC	oligodendrocyte_OPC
ATCCCTGTCTCGTGAA	neuronal
ATCCCTGTCTCTCGCA	neuronal
ATCCCTGTCTTTGCTA	oligodendrocyte_OPC
ATCCGTCAGAGTGTTA	oligodendrocyte_OPC
ATCCGTCAGGTCCCTG	unresolved
ATCCGTCCAAGACAAT	neuronal
ATCCGTCCATCATGAC	unresolved
ATCCGTCTCACGTCCT	oligodendrocyte_OPC
ATCCTATAGACAAGCC	astrocyte
ATCCTATAGGCCTAGA	oligodendrocyte_OPC
ATCCTATCAACACAGG	astrocyte
ATCCTATCACTACCGG	oligodendrocyte_OPC
ATCCTATCACTCCACT	vascular
ATCCTATGTTACAGCT	neuronal
ATCCTATTCCAATCCC	oligodendrocyte_OPC
ATCCTATTCGAGTTGT	astrocyte
ATCCTATTCTTCCACG	unresolved
ATCGATGAGAGGCCAT	neuronal
ATCGATGAGCGCCTTG	neuronal
ATCGATGAGTATCCTG	oligodendrocyte_OPC
ATCGATGGTACAAGTA	microglia_immune
ATCGATGTCACACCCT	unresolved
ATCGATGTCGATTTCT	oligodendrocyte_OPC
ATCGCCTAGAGACAAG	neuronal
ATCGCCTAGGTCGAGT	astrocyte
ATCGCCTGTAGTGGCA	ambiguous_or_doublet
ATCGCCTGTGAGCAGT	oligodendrocyte_OPC
ATCGCCTGTGGAAGTC	oligodendrocyte_OPC
ATCGCCTGTGGCGTAA	neuronal
ATCGCCTGTTCTGACA	astrocyte
ATCGGATCAACATACC	unresolved
ATCGGATCAAGTGGTG	unresolved
ATCGGATCACTTCAGA	oligodendrocyte_OPC
ATCGGATCAGCGTAGA	oligodendrocyte_OPC
ATCGGATCAGGAGGTT	unresolved
ATCGGATGTGACTGAG	astrocyte
ATCGGATGTGGCTTAT	unresolved
ATCGGATGTTAGGACG	microglia_immune
ATCGGATTCAGTGGGA	astrocyte
ATCGGATTCGCACGGT	microglia_immune
ATCGGCGGTCATCCGG	unresolved
ATCGGCGGTCGGTGTC	neuronal
ATCGGCGTCCGCAAAT	microglia_immune
ATCGTAGAGAAATCCA	unresolved
ATCGTAGAGGTCCCTG	oligodendrocyte_OPC
ATCGTAGCAACATACC	oligodendrocyte_OPC
ATCGTAGCATCTGTTT	unresolved
ATCGTAGGTGTTCAGT	astrocyte
ATCGTAGTCGCTTGCT	vascular
ATCGTAGTCTCTCCGA	oligodendrocyte_OPC
ATCGTCCGTGGAGAAA	neuronal
ATCGTCCGTGTCTAAC	oligodendrocyte_OPC
ATCGTCCTCCACAGGC	astrocyte
ATCGTCCTCCTGCCAT	oligodendrocyte_OPC
ATCGTCCTCGGCTGAC	neuronal
ATCGTCCTCTCTATAC	unresolved
ATCGTGACAAGGCAAC	astrocyte
ATCGTGACATGCAGGA	oligodendrocyte_OPC
ATCGTGAGTCATGACT	astrocyte
ATCGTGATCCAACACA	neuronal
ATCTCTAAGGCCACTC	astrocyte
ATCTCTACATCTGTTT	neuronal
ATCTCTAGTATTCTCT	astrocyte
ATCTCTAGTGCAGATG	unresolved
ATCTCTAGTGGCCTCA	unresolved
ATCTCTAGTGTGTCGC	neuronal
ATCTTCAAGAAGTGTT	neuronal
ATCTTCAAGCCGTTAT	oligodendrocyte_OPC
ATCTTCAAGCCTTGAT	oligodendrocyte_OPC
ATCTTCAAGGTGCTGA	astrocyte
ATCTTCAGTACCTTCC	neuronal
ATCTTCAGTAGATCCT	oligodendrocyte_OPC
ATCTTCATCAACCTTT	oligodendrocyte_OPC
ATCTTCATCGCGTGCA	unresolved
ATCTTCATCTCTCGAC	neuronal
ATCTTCATCTGCGATA	astrocyte
ATGAAAGCACTTGAAC	oligodendrocyte_OPC
ATGAAAGCAGGCTTGC	oligodendrocyte_OPC
ATGAAAGCATAACGGG	unresolved
ATGAAAGGTCGAAACG	neuronal
ATGAAAGGTTAGTTCG	oligodendrocyte_OPC
ATGAAAGTCCATTTCA	oligodendrocyte_OPC
ATGAAAGTCCTCACTG	astrocyte
ATGAAAGTCGTTGTGA	neuronal
ATGAAAGTCTGTAACG	unresolved
ATGACCAAGCCAAGCA	oligodendrocyte_OPC
ATGACCAAGTTCATCG	astrocyte
ATGACCACAACTCCAA	unresolved
ATGACCACACCAGTAT	microglia_immune
ATGACCACAGCTGTCG	oligodendrocyte_OPC
ATGACCAGTTGCATTG	unresolved
ATGACCATCCGATAAC	neuronal
ATGACCATCGACGCGT	neuronal
ATGAGGGAGCCTATCA	oligodendrocyte_OPC
ATGAGGGAGGAACATT	vascular
ATGAGGGCAAGCTACT	unresolved
ATGAGGGCATCCGTTC	oligodendrocyte_OPC
ATGAGGGGTTGCATGT	astrocyte
ATGAGGGTCTAGACAC	neuronal
ATGAGTCAGAGGTCAC	oligodendrocyte_OPC
ATGAGTCCAACTTCTT	oligodendrocyte_OPC
ATGAGTCCACTTGAAC	vascular
ATGAGTCCAGATTCGT	oligodendrocyte_OPC
ATGAGTCCATCGAACT	oligodendrocyte_OPC
ATGAGTCCATCGCTAA	neuronal
ATGAGTCGTACCGTGC	unresolved
ATGAGTCGTGCCAAGA	unresolved
ATGAGTCGTGCGACAA	oligodendrocyte_OPC
ATGAGTCTCAGAGTGG	oligodendrocyte_OPC
ATGAGTCTCCCGTGTT	neuronal
ATGAGTCTCGGTATGT	microglia_immune
ATGAGTCTCTCCGCAT	oligodendrocyte_OPC
ATGATCGAGACGACGT	astrocyte
ATGATCGAGATTCGCT	neuronal
ATGATCGAGGAACGTC	oligodendrocyte_OPC
ATGATCGAGTCGCCCA	unresolved
ATGATCGAGTGGACGT	neuronal
ATGATCGCAATTGAAG	oligodendrocyte_OPC
ATGATCGCACACTGGC	oligodendrocyte_OPC
ATGATCGTCATGGCCG	neuronal
ATGCATGAGCGTGAAC	vascular
ATGCATGAGTGCCTCG	unresolved
ATGCATGGTCCAAATC	oligodendrocyte_OPC
ATGCATGTCCTGGGTG	neuronal
ATGCATGTCGCACTCT	neuronal
ATGCATGTCGTTGTGA	neuronal
ATGCATGTCTCCGAAA	ambiguous_or_doublet
ATGCCTCAGCGGACAT	oligodendrocyte_OPC
ATGCCTCGTCTCAAGT	astrocyte
ATGCCTCGTTCTTAGG	oligodendrocyte_OPC
ATGCGATAGGTCTGGA	neuronal
ATGCGATCACAGAGAC	oligodendrocyte_OPC
ATGCGATCAGCACCCA	unresolved
ATGCGATCAGGTTCAT	astrocyte
ATGCGATCATGAGAAT	neuronal
ATGCGATGTAGCTGAG	neuronal
ATGCGATTCAACTGGT	astrocyte
ATGCGATTCCTCAGGG	astrocyte
ATGCGATTCTCACTCG	oligodendrocyte_OPC
ATGGAGGAGCGGTATG	neuronal
ATGGAGGAGGTCCTGC	neuronal
ATGGAGGCAGAGGACT	unresolved
ATGGAGGCAGCGTTTA	neuronal
ATGGAGGCATTGCTTT	oligodendrocyte_OPC
ATGGAGGGTATAGCTC	neuronal
ATGGAGGGTTGGGTAG	unresolved
ATGGATCAGAGTCTGG	neuronal
ATGGATCAGTCTGGAG	oligodendrocyte_OPC
ATGGATCAGTGCAACG	unresolved
ATGGATCCAACTGTGT	unresolved
ATGGATCCACACTGGC	neuronal
ATGGATCGTGAGCCAA	unresolved
ATGGATCGTTAAGCAA	astrocyte
ATGGATCTCCAGGACC	unresolved
ATGGATCTCGAAGAAT	microglia_immune
ATGGATCTCGCAGTCG	unresolved
ATGGGAGAGCTAGCCC	astrocyte
ATGGGAGAGGGTGGGA	astrocyte
ATGGGAGCATTGAAGA	neuronal
ATGGGAGGTGGCTACC	unresolved
ATGGGAGGTTCCCAAA	unresolved
ATGGGAGTCAAGTGTC	vascular
ATGGGAGTCGGACGTC	unresolved
ATGGGTTAGATGGCGT	microglia_immune
ATGGGTTCACTAACGT	unresolved
ATGGGTTCAGCCTTCT	neuronal
ATGGGTTCATATGAAG	oligodendrocyte_OPC
ATGGGTTGTTACAGCT	oligodendrocyte_OPC
ATGGGTTTCACCCATC	oligodendrocyte_OPC
ATGGTTGAGATCGACG	unresolved
ATGGTTGAGGCCACCT	vascular
ATGGTTGAGTCGCCCA	unresolved
ATGGTTGCAAGTTCGT	oligodendrocyte_OPC
ATGGTTGCACATAGCT	unresolved
ATGGTTGCATTGAAGA	neuronal
ATGGTTGGTCCAAAGG	unresolved
ATGGTTGGTCGTTGGC	neuronal
ATGGTTGGTCTTCTAT	unresolved
ATGGTTGGTGTGTGTT	astrocyte
ATGGTTGGTTAAGCAA	astrocyte
ATGGTTGTCCACATAG	oligodendrocyte_OPC
ATGGTTGTCGGCTGAC	astrocyte
ATGTCCCCAAAGGCAC	oligodendrocyte_OPC
ATGTCCCGTACGATCT	astrocyte
ATGTCCCGTATCGTAC	astrocyte
ATGTCCCGTCGCGTTG	unresolved
ATGTCCCGTGGAACCA	oligodendrocyte_OPC
ATGTCCCTCAACACCA	neuronal
ATGTCTTAGGACCCAA	oligodendrocyte_OPC
ATGTCTTTCATTGCCC	neuronal
ATGTCTTTCTGGCTGG	neuronal
ATTACCTAGAGGCTGT	neuronal
ATTACCTAGCGACCCT	vascular
ATTACCTAGGAATTAC	neuronal
ATTACCTAGGTAATCA	astrocyte
ATTACCTCAGCATACT	oligodendrocyte_OPC
ATTACCTCATGGCTGC	unresolved
ATTACCTCATGTGGCC	vascular
ATTACTCCAATACGAA	astrocyte
ATTACTCCAATCGCAT	oligodendrocyte_OPC
ATTACTCCATTCACCC	oligodendrocyte_OPC
ATTACTCGTAGGACCA	unresolved
ATTACTCGTATAGGAT	unresolved
ATTACTCGTCGGAAAC	microglia_immune
ATTACTCTCTGGTTGA	ambiguous_or_doublet
ATTATCCAGGCTGAAC	oligodendrocyte_OPC
ATTATCCAGTCGTTAC	neuronal
ATTATCCCAACGAGGT	neuronal
ATTATCCCAGCACGAA	unresolved
ATTATCCCATGGAATA	ambiguous_or_doublet
ATTATCCTCGATTGGT	neuronal
ATTCACTAGCTGAAGC	oligodendrocyte_OPC
ATTCACTAGTGACACG	unresolved
ATTCACTCAATCAGCT	oligodendrocyte_OPC
ATTCACTGTACTGCCG	neuronal
ATTCACTGTTCCGTTC	neuronal
ATTCACTTCAGCAGAG	unresolved
ATTCAGGAGGCACTAG	oligodendrocyte_OPC
ATTCAGGCACACGGAA	neuronal
ATTCAGGCAGGCACAA	astrocyte
ATTCAGGCATATCTGG	oligodendrocyte_OPC
ATTCAGGTCCTCACCA	astrocyte
ATTCAGGTCTGGCTGG	oligodendrocyte_OPC
ATTCATCAGCATGCAG	neuronal
ATTCATCAGCTAGCCC	astrocyte
ATTCATCAGGTCACAG	oligodendrocyte_OPC
ATTCATCAGTACAGAT	oligodendrocyte_OPC
ATTCATCAGTCAAGCG	neuronal
ATTCATCCAAGTGACG	unresolved
ATTCATCCACTAGTAC	unresolved
ATTCATCGTATAGCTC	neuronal
ATTCATCGTGGAACCA	oligodendrocyte_OPC
ATTCATCGTTTCGATG	unresolved
ATTCATCTCAAACTGC	oligodendrocyte_OPC
ATTCATCTCATTGCTT	neuronal
ATTCATCTCCTGTAGA	unresolved
ATTCATCTCTACCAGA	oligodendrocyte_OPC
ATTCCATAGACATAAC	oligodendrocyte_OPC
ATTCCATAGCGTCTGC	oligodendrocyte_OPC
ATTCCATCAGAACTAA	neuronal
ATTCCATGTCCGTTTC	oligodendrocyte_OPC
ATTCCATGTGTTAACC	ambiguous_or_doublet
ATTCCATTCGATAACC	ambiguous_or_doublet
ATTCCCGAGAGTACCG	astrocyte
ATTCCCGAGCACGATG	unresolved
ATTCCCGCACAGTCCG	vascular
ATTCCCGCAGCTACAT	unresolved
ATTCCCGGTAAGCTCT	neuronal
ATTCCCGGTTCGAAGG	astrocyte
ATTCCCGTCCGATAAC	oligodendrocyte_OPC
ATTCCCGTCGAGCCAC	unresolved
ATTCCCGTCGTAATGC	unresolved
ATTCCTAAGAGTGGCT	unresolved
ATTCCTAAGATGGTCG	oligodendrocyte_OPC
ATTCCTAAGCTCTGTA	astrocyte
ATTCCTAGTCATATGC	unresolved
ATTCCTAGTTCGAAGG	astrocyte
ATTCCTAGTTGCAACT	vascular
ATTCCTAGTTTCGTAG	neuronal
ATTCGTTAGGCCCAAA	astrocyte
ATTCGTTAGGGCATGT	oligodendrocyte_OPC
ATTCGTTAGTGAATAC	unresolved
ATTCGTTGTAGGGAGG	unresolved
ATTCGTTGTCGGATTT	neuronal
ATTCGTTTCCGTAATG	unresolved
ATTCTACAGCGCCTCA	unresolved
ATTCTACCAACCTATG	ambiguous_or_doublet
ATTCTACCATACAGCT	oligodendrocyte_OPC
ATTCTACCATCGCTGG	oligodendrocyte_OPC
ATTCTACGTACTGTTG	astrocyte
ATTCTACGTTGAATCC	ambiguous_or_doublet
ATTCTACTCCAACTGA	microglia_immune
ATTCTACTCTTTGCAT	unresolved
ATTCTTGAGCAAGCCA	neuronal
ATTCTTGAGGATCACG	microglia_immune
ATTCTTGCAAATGCGG	neuronal
ATTCTTGCAGGTCCCA	ambiguous_or_doublet
ATTCTTGCAGTCGCTG	neuronal
ATTCTTGCAGTCTCTC	vascular
ATTCTTGCATATAGCC	microglia_immune
ATTCTTGGTCACGCTG	oligodendrocyte_OPC
ATTCTTGTCGGATAAA	unresolved
ATTGGGTCAGCACGAA	oligodendrocyte_OPC
ATTGGGTCATATGAAG	unresolved
ATTGGGTGTGGATACG	neuronal
ATTGGGTTCGGCTATA	oligodendrocyte_OPC
ATTGTTCAGGGCGAAG	neuronal
ATTGTTCAGTCGAAGC	oligodendrocyte_OPC
ATTGTTCCAAAGGCTG	astrocyte
ATTGTTCCACCCATAA	neuronal
ATTGTTCCAGCAGATG	unresolved
ATTGTTCGTCGACGCT	neuronal
ATTGTTCGTGTGTACT	neuronal
ATTGTTCGTTGTAAAG	oligodendrocyte_OPC
ATTGTTCTCTAGCAAC	astrocyte
ATTTACCAGCTGACCC	unresolved
ATTTACCCACCTAAAC	unresolved
ATTTACCCAGAGAAAG	neuronal
ATTTACCGTAGGCAGT	neuronal
ATTTACCTCAAGAATG	astrocyte
ATTTACCTCCTCTTTC	unresolved
ATTTACCTCGATGGAG	microglia_immune
ATTTACCTCGTCCTTG	unresolved
ATTTACCTCTGGCCGA	unresolved
ATTTCACAGGTTAGTA	unresolved
ATTTCACCACCCAATA	vascular
ATTTCACCAGCGTACC	unresolved
ATTTCACCATGGAATA	neuronal
ATTTCACGTATTGCCA	oligodendrocyte_OPC
ATTTCACGTCCACTTC	unresolved
ATTTCACGTCCCGTGA	oligodendrocyte_OPC
ATTTCACGTGAACCGA	unresolved
ATTTCACGTTCGGTAT	oligodendrocyte_OPC
ATTTCTGAGAACCCGA	unresolved
ATTTCTGAGCGCCTTG	oligodendrocyte_OPC
ATTTCTGAGCGTATGG	unresolved
ATTTCTGCAAGCGAGT	neuronal
ATTTCTGCATGGCACC	unresolved
ATTTCTGGTCAATGGG	oligodendrocyte_OPC
ATTTCTGGTCGGATTT	neuronal
ATTTCTGTCAACGCTA	oligodendrocyte_OPC
ATTTCTGTCTTACCAT	astrocyte
CAAAGAAAGAAGATCT	oligodendrocyte_OPC
CAAAGAAAGTATGAGT	neuronal
CAAAGAACACTGCGTG	oligodendrocyte_OPC
CAAAGAAGTTGGTGTT	unresolved
CAAAGAATCCGTAGGC	oligodendrocyte_OPC
CAAAGAATCCGTATAG	unresolved
CAAAGAATCTCATGGA	astrocyte
CAACAACAGTCGGCAA	unresolved
CAACAACAGTCTGCGC	vascular
CAACAACCAAAGACTA	oligodendrocyte_OPC
CAACAACCAAGGTCTT	oligodendrocyte_OPC
CAACAACGTACAGCGA	oligodendrocyte_OPC
CAACAACGTACGTGTT	astrocyte
CAACAACGTGCAAGAC	oligodendrocyte_OPC
CAACAACTCACCTACC	neuronal
CAACAACTCCCATTTA	ambiguous_or_doublet
CAACAACTCGCCTCTA	vascular
CAACAACTCGTTCTCG	unresolved
CAACAACTCTTGGATG	oligodendrocyte_OPC
CAACAGTAGCCTCATA	unresolved
CAACAGTAGTATGTAG	oligodendrocyte_OPC
CAACAGTAGTCCCAGC	astrocyte
CAACAGTAGTCTTGGT	astrocyte
CAACAGTAGTGGCCTC	microglia_immune
CAACAGTCAATCGCCG	unresolved
CAACAGTCACTGAATC	neuronal
CAACAGTCAGTAGGAC	oligodendrocyte_OPC
CAACAGTGTTTGTGGT	astrocyte
CAACAGTTCTGACGCG	microglia_immune
CAACCAAAGACATCCT	unresolved
CAACCAAAGTAGGATT	neuronal
CAACCAACAATTGCGT	astrocyte
CAACCAACACGCGCAT	unresolved
CAACCAAGTAGCTTGT	microglia_immune
CAACCAAGTCATGACT	oligodendrocyte_OPC
CAACCAATCAAATGCC	unresolved
CAACCAATCACCTTAT	neuronal
CAACCAATCAGTGGGA	astrocyte
CAACCAATCGAGTGAG	oligodendrocyte_OPC
CAACCAATCGCCTCTA	oligodendrocyte_OPC
CAACCTCAGACCGTTT	neuronal
CAACCTCAGGATTTAG	microglia_immune
CAACCTCAGGCAGGTT	oligodendrocyte_OPC
CAACCTCCACTCAAGT	neuronal
CAACCTCGTTCGTACA	neuronal
CAACGATAGGTAGATT	astrocyte
CAACGATAGTGGCAGT	neuronal
CAACGATCAAGTACCT	unresolved
CAACGATCAGTAACGG	neuronal
CAACGATGTAAGGAGA	unresolved
CAACGATGTACAAAGT	oligodendrocyte_OPC
CAACGATGTAGCGATG	unresolved
CAACGATTCACGACTA	neuronal
CAACGGCCAGGAGGTT	unresolved
CAACGGCCATCCGGCA	vascular
CAACGGCCATCCTGTC	unresolved
CAACGGCCATGGTACT	neuronal
CAACGGCGTTATGACC	neuronal
CAACGGCGTTCGGTTA	neuronal
CAACGGCGTTGTCCCT	neuronal
CAACGGCGTTTCGACA	neuronal
CAACGGCTCACAAGGG	neuronal
CAACGGCTCGCATTAG	unresolved
CAACGGCTCTGGGTCG	neuronal
CAACGGCTCTGTAACG	unresolved
CAAGACTAGAGCACTG	neuronal
CAAGACTAGCAGCAGT	neuronal
CAAGACTAGCGATGCA	oligodendrocyte_OPC
CAAGACTAGCGCCTAC	neuronal
CAAGACTCACCAGACC	unresolved
CAAGACTCACTATCGA	unresolved
CAAGACTCAGGGTCTC	unresolved
CAAGACTCATAGAGGC	oligodendrocyte_OPC
CAAGACTGTAACATAG	unresolved
CAAGACTGTACTTGTG	unresolved
CAAGACTGTAGTTACC	unresolved
CAAGACTGTGCCCAGT	neuronal
CAAGACTTCCACTAGA	unresolved
CAAGACTTCCGCACTT	microglia_immune
CAAGAGGAGAGGCGTT	oligodendrocyte_OPC
CAAGAGGCAACAACAA	astrocyte
CAAGAGGCAACTCGAT	unresolved
CAAGAGGCACGTACTA	neuronal
CAAGAGGCACTACACA	unresolved
CAAGAGGCACTGCTTC	oligodendrocyte_OPC
CAAGAGGCATCCTTCG	oligodendrocyte_OPC
CAAGAGGGTACGATGG	astrocyte
CAAGAGGGTCGATTTG	neuronal
CAAGAGGGTGGAACAC	neuronal
CAAGAGGTCTGGCCGA	oligodendrocyte_OPC
CAAGCTAAGAGAGCAA	oligodendrocyte_OPC
CAAGCTAAGGGAGATA	oligodendrocyte_OPC
CAAGCTAGTACATACC	oligodendrocyte_OPC
CAAGCTAGTTAGCTAC	oligodendrocyte_OPC
CAAGCTATCACCGGGT	neuronal
CAAGCTATCTCTTAAC	astrocyte
CAAGGGAAGACTCAAA	oligodendrocyte_OPC
CAAGGGAAGCAAACAT	oligodendrocyte_OPC
CAAGGGACAAGAATAC	astrocyte
CAAGGGACACCGTCTT	unresolved
CAAGGGACACTATCCC	neuronal
CAAGGGACAGTATACC	astrocyte
CAAGGGACATGACAAA	oligodendrocyte_OPC
CAAGGGATCAATCCAG	vascular
CAAGGGATCTCCTGTG	oligodendrocyte_OPC
CAATACGAGGGCCTCT	oligodendrocyte_OPC
CAATACGAGTGAGCCA	unresolved
CAATACGAGTGCCGAA	unresolved
CAATACGCAATAACCC	vascular
CAATACGCAATGCAGG	neuronal
CAATACGCAGTCGGAA	neuronal
CAATACGGTACGGTTT	astrocyte
CAATACGGTGCATGTT	astrocyte
CAATACGGTTATAGAG	vascular
CAATACGTCATCACCC	oligodendrocyte_OPC
CAATCGAAGGATCACG	astrocyte
CAATCGAAGGCGTTAG	vascular
CAATCGAGTCGGTGTC	oligodendrocyte_OPC
CAATCGAGTGATAGAT	astrocyte
CAATCGATCCATTTCA	unresolved
CAATCGATCGTTCCTG	neuronal
CAATGACAGTTCAACC	oligodendrocyte_OPC
CAATGACCAGCTTTCC	microglia_immune
CAATGACCATATAGCC	astrocyte
CAATGACGTAATGCGG	microglia_immune
CAATGACGTGTCCTAA	neuronal
CAATGACGTTTACCTT	neuronal
CAATGACTCAGACTGT	neuronal
CAATGACTCCAGCTCT	oligodendrocyte_OPC
CAATGACTCCTAGCTC	oligodendrocyte_OPC
CAATGACTCGCTATTT	unresolved
CAATTTCAGACGCCCT	oligodendrocyte_OPC
CAATTTCAGAGCAACC	neuronal
CAATTTCAGTGGAAAG	unresolved
CAATTTCCACGGTGAA	vascular
CAATTTCGTCCCAAAT	unresolved
CAATTTCGTGACTCGC	neuronal
CAATTTCGTTCTGAGT	oligodendrocyte_OPC
CAATTTCGTTGCTGAT	oligodendrocyte_OPC
CAATTTCTCTCAGGCG	neuronal
CACAACAAGCTCGCAC	oligodendrocyte_OPC
CACAACAAGGAACTCG	neuronal
CACAACACACATAGCT	unresolved
CACAACACATCATTTC	unresolved
CACAACATCCGCGAGT	oligodendrocyte_OPC
CACAACATCCGTAATG	unresolved
CACAACATCGTTACCC	unresolved
CACAACATCGTTCAGA	neuronal
CACACAAAGCACACCC	astrocyte
CACACAACAGAGACTG	astrocyte
CACACAACAGGCTTGC	neuronal
CACACAACAGTCCCGA	ambiguous_or_doublet
CACACAAGTCCAATCA	microglia_immune
CACACAAGTGACTGTT	oligodendrocyte_OPC
CACACAATCGCCAACG	astrocyte
CACACAATCTAGTTCT	astrocyte
CACAGATAGAGCAAGA	astrocyte
CACAGATAGCGCATCC	oligodendrocyte_OPC
CACAGATAGCTCGTGC	microglia_immune
CACAGATCAACCGTGC	neuronal
CACAGATGTATCGTAC	unresolved
CACAGATGTATCTCGA	oligodendrocyte_OPC
CACAGATTCATCCCGT	oligodendrocyte_OPC
CACAGGCAGAGTGAAG	unresolved
CACAGGCAGCCTGTCG	astrocyte
CACAGGCCACGTGAGA	oligodendrocyte_OPC
CACAGGCCATTACTCT	oligodendrocyte_OPC
CACAGGCTCACTCACC	unresolved
CACAGGCTCCAGTGTA	unresolved
CACAGGCTCGGTGTAT	astrocyte
CACAGGCTCGTAGTCA	neuronal
CACATGAAGGTTGAGC	oligodendrocyte_OPC
CACATGAGTAAGTCAA	neuronal
CACATGAGTATGAAAC	microglia_immune
CACATGAGTGTCCGTG	neuronal
CACATGATCACTGGTA	unresolved
CACATGATCTTAATCC	microglia_immune
CACCAAAAGCATATGA	neuronal
CACCAAAAGGTTCTAC	unresolved
CACCAAAAGTCGAAGC	neuronal
CACCAAACAAAGCACG	oligodendrocyte_OPC
CACCAAAGTACGGCAA	oligodendrocyte_OPC
CACCAAAGTAGGTGCA	neuronal
CACCAAAGTTTCACTT	microglia_immune
CACCAAATCGCGGACT	unresolved
CACCGTTCAGTTCACA	oligodendrocyte_OPC
CACCGTTCATCGATCA	astrocyte
CACGAATAGACAAGCC	neuronal
CACGAATAGGAATCGC	astrocyte
CACGAATCAATCAAGA	unresolved
CACGAATCATGTACGT	unresolved
CACGAATCATGTCAGT	oligodendrocyte_OPC
CACGAATGTATCAGGG	unresolved
CACGAATGTCAGGAGT	oligodendrocyte_OPC
CACGAATGTTCATCTT	oligodendrocyte_OPC
CACGAATTCCATGAGT	neuronal
CACGAATTCTGCTTAT	oligodendrocyte_OPC
CACGGGTAGTTCCGTA	unresolved
CACGGGTCAGACCAAG	neuronal
CACGGGTGTACTAAGA	oligodendrocyte_OPC
CACGGGTGTGATCGTT	vascular
CACGGGTTCATAGAGA	vascular
CACGGGTTCGCTAGCG	astrocyte
CACGGGTTCGCTCTCA	unresolved
CACGGGTTCTTACGTT	neuronal
CACGTGGAGTGCAACG	astrocyte
CACGTGGCACGGCACT	unresolved
CACGTGGGTAGACTGG	oligodendrocyte_OPC
CACGTGGGTCGACGCT	neuronal
CACGTGGGTGTGATGG	oligodendrocyte_OPC
CACGTTCAGACCCGCT	oligodendrocyte_OPC
CACGTTCAGCGGATCA	astrocyte
CACGTTCAGTCCTGCG	oligodendrocyte_OPC
CACGTTCCATAATGAG	astrocyte
CACGTTCGTATGGAGC	astrocyte
CACGTTCGTCATCAGT	neuronal
CACGTTCTCCGATTAG	astrocyte
CACGTTCTCGGTAACT	unresolved
CACTAAGAGGGCTAAC	oligodendrocyte_OPC
CACTAAGAGGTCCAGA	unresolved
CACTAAGCAAAGACTA	vascular
CACTAAGGTAGCTGCC	unresolved
CACTAAGGTGATATAG	astrocyte
CACTAAGTCAGCATTG	unresolved
CACTAAGTCGTTCTCG	astrocyte
CACTGAAAGTGGAAGA	microglia_immune
CACTGAACAATCGTCA	microglia_immune
CACTGAAGTCTGTGCG	unresolved
CACTGAAGTGAATTAG	neuronal
CACTGAAGTTCTTGTT	unresolved
CACTGAATCCGGTAGC	neuronal
CACTGAATCCTAGAGT	oligodendrocyte_OPC
CACTGAATCTTTCGAT	unresolved
CACTGGGAGGTAGCCA	neuronal
CACTGGGCACCGTCTT	oligodendrocyte_OPC
CACTGGGGTTGCCGCA	unresolved
CACTGGGTCCATCGTC	neuronal
CACTGTCAGCATTTCG	microglia_immune
CACTGTCAGTATGATG	oligodendrocyte_OPC
CACTGTCCAGCTGAGA	astrocyte
CACTGTCGTACAAAGT	unresolved
CACTGTCGTAGACGTG	unresolved
CACTGTCTCATTGTGG	neuronal
CACTGTCTCCCTCAAC	neuronal
CACTGTCTCGACATTG	unresolved
CACTTCGAGCAGGCTA	unresolved
CACTTCGAGCGCCCAT	neuronal
CACTTCGAGCTACGTT	unresolved
CACTTCGCACTCCACT	oligodendrocyte_OPC
CACTTCGGTTGGACCC	oligodendrocyte_OPC
CACTTCGTCAAGTGGG	neuronal
CACTTCGTCACCCTCA	oligodendrocyte_OPC
CACTTCGTCATGGCCG	vascular
CACTTCGTCCTGGGAC	unresolved
CACTTCGTCGCTCTAC	oligodendrocyte_OPC
CAGAGCCCAGACTGCC	unresolved
CAGAGCCCAGAGACTG	oligodendrocyte_OPC
CAGAGCCCATAGAGGC	neuronal
CAGAGCCCATTGAGCT	oligodendrocyte_OPC
CAGAGCCGTTACACAC	oligodendrocyte_OPC
CAGAGCCTCAAGAGGC	astrocyte
CAGAGCCTCACCCTCA	neuronal
CAGATACGTAAGCTCT	neuronal
CAGATACGTTAAACCC	oligodendrocyte_OPC
CAGATACTCAAAGACA	astrocyte
CAGATCAAGACGCATG	unresolved
CAGATCAAGAGACAAG	oligodendrocyte_OPC
CAGATCAAGATTACCC	vascular
CAGATCAAGCTAAATG	neuronal
CAGATCAAGGGCGAGA	neuronal
CAGATCACAAATTGGA	microglia_immune
CAGATCACAAGAGCTG	oligodendrocyte_OPC
CAGATCACAGCACAAG	unresolved
CAGATCACAGCATTGT	microglia_immune
CAGATCAGTCTTACAG	neuronal
CAGATCATCCCTTGTG	neuronal
CAGATCATCGGACAAG	neuronal
CAGATTGCAGCGACAA	oligodendrocyte_OPC
CAGATTGCATCTCATT	oligodendrocyte_OPC
CAGATTGGTCCCAAAT	oligodendrocyte_OPC
CAGATTGGTGCCGGTT	vascular
CAGATTGGTTGAGTCT	oligodendrocyte_OPC
CAGATTGTCCACGTAA	ambiguous_or_doublet
CAGATTGTCCCAATAG	neuronal
CAGATTGTCCCGGTAG	oligodendrocyte_OPC
CAGATTGTCCGCATAA	oligodendrocyte_OPC
CAGCAATAGACAAGCC	unresolved
CAGCAATAGAGAGCAA	oligodendrocyte_OPC
CAGCAATCAGGCTTGC	oligodendrocyte_OPC
CAGCAATGTACCAATC	astrocyte
CAGCAATGTCTGGTTA	unresolved
CAGCAATGTTGCGGAA	unresolved
CAGCAATGTTGGGTAG	oligodendrocyte_OPC
CAGCACGAGCTTAAGA	oligodendrocyte_OPC
CAGCACGCACCAGCGT	neuronal
CAGCACGCACCTGCTT	astrocyte
CAGCACGCAGTAACAA	oligodendrocyte_OPC
CAGCACGGTGGCCACT	microglia_immune
CAGCACGGTGGCCTCA	oligodendrocyte_OPC
CAGCACGTCTCGTTTA	neuronal
CAGCAGCAGATGATTG	astrocyte
CAGCAGCAGTAAGACT	neuronal
CAGCAGCAGTCATGAA	astrocyte
CAGCAGCAGTTCCATG	unresolved
CAGCAGCCAGATAAAC	neuronal
CAGCAGCCATCAGCAT	neuronal
CAGCAGCGTGTTGCCG	oligodendrocyte_OPC
CAGCCAGAGACGAAGA	unresolved
CAGCCAGAGACTCAAA	astrocyte
CAGCCAGAGGACTTCT	unresolved
CAGCCAGAGGGAGTTC	oligodendrocyte_OPC
CAGCCAGAGTTGTCAC	astrocyte
CAGCCAGCAAATCAGA	oligodendrocyte_OPC
CAGCCAGCAATCGCGC	neuronal
CAGCCAGCACAGAGAC	neuronal
CAGCCAGCACCACATA	unresolved
CAGCCAGCATGTGCCG	astrocyte
CAGCCAGTCAGTCATG	unresolved
CAGCGTGAGAGTGTGC	unresolved
CAGCGTGCATCCGTTC	microglia_immune
CAGCGTGCATTCTCCG	unresolved
CAGCGTGGTACCGTGC	astrocyte
CAGCGTGGTATCCCTC	astrocyte
CAGCGTGGTCAACCTA	unresolved
CAGCGTGGTCCATAGT	unresolved
CAGCGTGGTCGCACAC	unresolved
CAGCGTGGTGTCATTG	unresolved
CAGCGTGTCCTACACC	neuronal
CAGCGTGTCTGGGCGT	unresolved
CAGGCCAAGCATGATA	oligodendrocyte_OPC
CAGGCCACATGGGATG	oligodendrocyte_OPC
CAGGCCATCAAGGCTT	microglia_immune
CAGGCCATCCACCTGT	neuronal
CAGGCCATCCGTATGA	ambiguous_or_doublet
CAGGCCATCTAATTCC	microglia_immune
CAGGGCTAGAAATCCA	unresolved
CAGGGCTAGATGGTAT	astrocyte
CAGGGCTAGCGTTCCG	unresolved
CAGGGCTCAACATCGT	oligodendrocyte_OPC
CAGGGCTCATCATGAC	astrocyte
CAGGGCTCATGGGTTT	neuronal
CAGGGCTGTACAGTCT	vascular
CAGGGCTGTGCTAGCC	unresolved
CAGGGCTTCAATCTTC	neuronal
CAGGTATAGATAGCAT	neuronal
CAGTGCGAGTCTAGAA	neuronal
CAGTGCGAGTCTTGGT	neuronal
CAGTGCGCAACGACAG	neuronal
CAGTGCGCATCCCGTT	neuronal
CAGTGCGCATCTAGAC	astrocyte
CAGTGCGGTCTGCAAT	neuronal
CAGTGCGGTGCAACGA	unresolved
CAGTGCGGTTCATCTT	astrocyte
CAGTGCGTCTAGACAC	astrocyte
CAGTTAGAGCACACCC	unresolved
CAGTTAGAGGCTGGAT	unresolved
CAGTTAGAGTAAGACT	microglia_immune
CAGTTAGAGTCTAACC	ambiguous_or_doublet
CAGTTAGAGTGCAGGT	neuronal
CAGTTAGCAATAGAGT	oligodendrocyte_OPC
CAGTTAGCACGCTATA	oligodendrocyte_OPC
CAGTTAGCAGTCCCGA	unresolved
CAGTTAGGTCAGTCTA	neuronal
CAGTTAGGTGTCACAT	vascular
CAGTTAGTCGATCCAA	oligodendrocyte_OPC
CAGTTAGTCGTGTCAA	neuronal
CAGTTCCAGACTACGG	unresolved
CAGTTCCAGCAATAAC	astrocyte
CAGTTCCCAAGCAATA	oligodendrocyte_OPC
CAGTTCCCACAACGCC	astrocyte
CAGTTCCCACAATGTC	neuronal
CAGTTCCCATCGTGCG	astrocyte
CAGTTCCGTAGCGTCC	astrocyte
CAGTTCCGTAGTGATA	oligodendrocyte_OPC
CAGTTCCGTATGAGAT	astrocyte
CAGTTCCGTCGTGTTA	microglia_immune
CAGTTCCGTGCAATAA	microglia_immune
CAGTTCCGTGCCAAGA	neuronal
CAGTTCCGTGCGGTAA	neuronal
CAGTTCCGTGCTATTG	neuronal
CAGTTCCGTTAGGCCC	neuronal
CAGTTCCTCAGTGCGC	astrocyte
CATAAGCAGATGCTGG	oligodendrocyte_OPC
CATAAGCAGCACTAGG	oligodendrocyte_OPC
CATAAGCAGGCCTTCG	neuronal
CATAAGCAGTAGCTCT	unresolved
CATAAGCCAACGACTT	oligodendrocyte_OPC
CATAAGCCAGATAAAC	ambiguous_or_doublet
CATAAGCCATCCGTGG	neuronal
CATAAGCGTGACCTGC	neuronal
CATAAGCGTTTCGGCG	astrocyte
CATAAGCTCAATCTTC	neuronal
CATAAGCTCCTAGCGG	microglia_immune
CATAAGCTCTTTGATC	ambiguous_or_doublet
CATACAGAGAACCCGA	oligodendrocyte_OPC
CATACAGAGCTCCGAC	neuronal
CATACAGAGGATAATC	astrocyte
CATACAGAGTCGGCCT	oligodendrocyte_OPC
CATACAGCAAAGCACG	astrocyte
CATACAGCAAGCTGCC	neuronal
CATACAGCACGTACAT	oligodendrocyte_OPC
CATACAGCACTCTGCT	astrocyte
CATACAGCAGTGTACT	ambiguous_or_doublet
CATACAGTCACATCAG	oligodendrocyte_OPC
CATACCCCAATCTAGC	astrocyte
CATACCCGTTAAACCC	astrocyte
CATACCCGTTCTTCAT	oligodendrocyte_OPC
CATACCCTCGTCGCTT	unresolved
CATACCCTCGTCTCAC	astrocyte
CATACTTAGAGTCGAC	oligodendrocyte_OPC
CATACTTAGGACGGAG	unresolved
CATACTTAGTATGAAC	oligodendrocyte_OPC
CATACTTCACGAAAGC	neuronal
CATACTTCAGCTTCGG	oligodendrocyte_OPC
CATACTTGTAGCCAGA	ambiguous_or_doublet
CATACTTGTGTAGTGG	microglia_immune
CATACTTTCATTGCCC	unresolved
CATACTTTCCAATCTT	unresolved
CATACTTTCCTCACGT	ambiguous_or_doublet
CATACTTTCTCCACTG	microglia_immune
CATAGACAGAAACCCG	microglia_immune
CATAGACCACGGTGTC	microglia_immune
CATAGACCACTCCACT	microglia_immune
CATAGACTCTCGTGAA	unresolved
CATCAAGAGATAACAC	unresolved
CATCAAGAGTAGAATC	astrocyte
CATCAAGCAGGTGAGT	astrocyte
CATCAAGCATAAGATG	oligodendrocyte_OPC
CATCAAGCATTGGGAG	unresolved
CATCAAGGTACCGTCG	neuronal
CATCAAGGTACGAGTG	neuronal
CATCAAGGTACGTAGG	unresolved
CATCAAGGTCAACCTA	oligodendrocyte_OPC
CATCAAGGTTCCCAAA	unresolved
CATCAAGTCACTAGCA	oligodendrocyte_OPC
CATCAAGTCAGACAAA	oligodendrocyte_OPC
CATCAAGTCCGTGTCT	unresolved
CATCAAGTCTGCTCTG	neuronal
CATCCACAGACCACGA	unresolved
CATCCACAGGCTCCCA	neuronal
CATCCACCAAATGCTC	microglia_immune
CATCCACCACAATTCG	oligodendrocyte_OPC
CATCCACGTAGGTCAG	unresolved
CATCCACGTAGTTCCA	neuronal
CATCCACGTCACGACC	neuronal
CATCCACGTCGGTACC	astrocyte
CATCCACTCCCGTGAG	unresolved
CATCCACTCTCCGAAA	vascular
CATCCCAAGTTGCGCC	vascular
CATCCCACACTCCCTA	neuronal
CATCCCATCCATTCGC	neuronal
CATCCGTAGCATCTTG	astrocyte
CATCCGTAGCCTGACC	neuronal
CATCCGTCAATATCCG	oligodendrocyte_OPC
CATCCGTGTCACTAGT	unresolved
CATCCGTGTTCTCGTC	unresolved
CATCCGTGTTGTTTGG	oligodendrocyte_OPC
CATCCGTTCCCTATTA	astrocyte
CATCCGTTCGAATGCT	astrocyte
CATCGCTAGCACTGGA	unresolved
CATCGCTAGGTTCATC	unresolved
CATCGCTAGTGCAAAT	oligodendrocyte_OPC
CATCGCTCACAAGTGG	oligodendrocyte_OPC
CATCGCTCACCAGCGT	unresolved
CATCGCTCAGACCAGA	unresolved
CATCGCTGTGGAGAAA	unresolved
CATCGGGAGACAACTA	astrocyte
CATCGGGAGCAGGTCA	unresolved
CATCGGGAGCCTCAGC	vascular
CATCGGGAGGTCGAGT	oligodendrocyte_OPC
CATCGGGCAAAGTATG	astrocyte
CATCGGGCAGCAGTCC	unresolved
CATCGGGCATCAGCAT	oligodendrocyte_OPC
CATCGGGGTAGACGTG	neuronal
CATCGGGGTGTTCCAA	unresolved
CATCGGGGTTAGAGTA	astrocyte
CATCGGGTCTTCCCAG	unresolved
CATCGTCGTAGACGTG	oligodendrocyte_OPC
CATCGTCGTAGCGTCC	unresolved
CATCGTCTCGCTGCGA	oligodendrocyte_OPC
CATGAGTAGAATCGAT	microglia_immune
CATGAGTAGATGGTAT	neuronal
CATGAGTAGCAAATCA	microglia_immune
CATGAGTCAAGAGTAT	oligodendrocyte_OPC
CATGAGTCACCCAATA	neuronal
CATGAGTCACGGCGTT	oligodendrocyte_OPC
CATGAGTGTCTAACTG	oligodendrocyte_OPC
CATGAGTGTTATCTGG	neuronal
CATGAGTTCGAGTGGA	oligodendrocyte_OPC
CATGCAAAGTCGAGGT	oligodendrocyte_OPC
CATGCAACATATACCG	unresolved
CATGCAAGTAACAAGT	neuronal
CATGCAAGTTGCTCGG	astrocyte
CATGCAATCAGGAACG	neuronal
CATGCAATCGGTGTTA	unresolved
CATGCCTAGAATACAC	neuronal
CATGCCTAGTCGAAAT	oligodendrocyte_OPC
CATGCCTCAATTTCGG	astrocyte
CATGCCTCACCGTCTT	neuronal
CATGCCTTCGGTAGAG	astrocyte
CATGCCTTCTGTTCAT	ambiguous_or_doublet
CATGCGGAGAGGGCGA	oligodendrocyte_OPC
CATGCGGAGGAGTATT	unresolved
CATGCGGCAATAGGGC	oligodendrocyte_OPC
CATGCGGGTGCATACT	unresolved
CATGCGGGTTAAGGAT	neuronal
CATGCGGTCCATACTT	neuronal
CATGCGGTCCCTCGTA	neuronal
CATGCTCAGCGTATGG	oligodendrocyte_OPC
CATGCTCAGGCTATCT	oligodendrocyte_OPC
CATGCTCAGGTTCCAT	unresolved
CATGCTCGTCGACTTA	oligodendrocyte_OPC
CATGCTCTCATACGGT	unresolved
CATGGATAGTAGCAAT	neuronal
CATGGATAGTTGTAAG	oligodendrocyte_OPC
CATGGATCACCCAAGC	oligodendrocyte_OPC
CATGGATCACGGCACT	microglia_immune
CATGGATCAGCCATTA	neuronal
CATGGATCAGGGAGAG	unresolved
CATGGATGTTCATCGA	astrocyte
CATGGATGTTTCGCTC	unresolved
CATGGATTCTTAGGAC	astrocyte
CATGGTAAGCATTTCG	neuronal
CATGGTACAAGCAATA	astrocyte
CATGGTACAAGCCTGC	astrocyte
CATGGTACAGATACCT	astrocyte
CATGGTACAGCTGTCG	oligodendrocyte_OPC
CATGGTACATTCACAG	oligodendrocyte_OPC
CATGGTATCCACAAGT	unresolved
CATGGTATCGAGTTGT	astrocyte
CATGGTATCTTACCGC	neuronal
CATTCATAGACTCCGC	neuronal
CATTCATAGTTGCATC	unresolved
CATTCATCAAATGCGG	unresolved
CATTCATCATCCGCGA	neuronal
CATTCATTCAATCCGA	unresolved
CATTCATTCCGTATGA	microglia_immune
CATTCATTCGTGCAGC	vascular
CATTCATTCTGCAGCG	oligodendrocyte_OPC
CATTCCGCACACGGTC	unresolved
CATTCCGCATAACAGA	astrocyte
CATTCCGGTGACTCGC	vascular
CATTCCGTCGCTGACG	neuronal
CATTCTAAGGCAATGC	microglia_immune
CATTCTACAACAGCCC	oligodendrocyte_OPC
CATTCTACAACTGGTT	unresolved
CATTCTACACGCCAGT	neuronal
CATTCTACAGAGAAAG	unresolved
CATTCTAGTACGCGTC	unresolved
CATTCTAGTCACTTAG	neuronal
CATTCTATCATCAGTG	vascular
CATTCTATCTGAATGC	unresolved
CATTGAGAGCAGCGAT	neuronal
CATTGAGAGGCCTTGC	astrocyte
CATTGAGAGTCATAGA	microglia_immune
CATTGAGCAACCAATC	astrocyte
CATTGAGGTTAGAAGT	unresolved
CATTGAGTCCATATGG	neuronal
CATTGAGTCCGTCACT	microglia_immune
CATTGAGTCCGTGTAA	neuronal
CATTGCCCAAGATGTA	neuronal
CATTGCCCACGCGCTA	ambiguous_or_doublet
CATTGCCCAGCTACTA	oligodendrocyte_OPC
CATTGCCCAGGCGATA	microglia_immune
CATTGCCCATACAGCT	unresolved
CATTGCCCATGCGGTC	unresolved
CATTGCCGTCAATGGG	oligodendrocyte_OPC
CATTGCCGTCTGTCAA	neuronal
CATTGCCGTGAATTAG	oligodendrocyte_OPC
CATTGCCTCAAGTCGT	unresolved
CATTGCCTCACATTGG	neuronal
CATTGCCTCATGACAC	neuronal
CATTGCCTCGATACTG	microglia_immune
CATTGCCTCTGTGTGA	neuronal
CATTGTTAGAATTCAG	oligodendrocyte_OPC
CATTGTTAGACTCGAG	neuronal
CATTGTTAGCTCCACG	oligodendrocyte_OPC
CATTGTTAGGAACTCG	astrocyte
CATTGTTAGTATGTAG	oligodendrocyte_OPC
CATTGTTCAACCTATG	oligodendrocyte_OPC
CATTGTTCAATTAGGA	astrocyte
CATTGTTTCCATCTCG	unresolved
CATTGTTTCGCAACAT	vascular
CATTGTTTCGCTGTCT	oligodendrocyte_OPC
CATTTCAAGGCGAACT	neuronal
CATTTCAAGTAGGTTA	ambiguous_or_doublet
CATTTCAAGTATGAGT	astrocyte
CATTTCAAGTCATGAA	astrocyte
CATTTCAGTACTCGTA	astrocyte
CATTTCAGTATATGGA	unresolved
CATTTCAGTCAGACGA	neuronal
CATTTCAGTTACGATC	unresolved
CATTTCAGTTTATGCG	unresolved
CATTTCATCAAGCCAT	neuronal
CATTTCATCCACTGAA	ambiguous_or_doublet
CATTTCATCTGCTTTA	unresolved
CCAAGCGAGTCGAAAT	unresolved
CCAAGCGCATACTGTG	astrocyte
CCAAGCGCATGGAAGC	oligodendrocyte_OPC
CCAAGCGGTAACCCTA	oligodendrocyte_OPC
CCAAGCGGTCACTAGT	unresolved
CCAAGCGTCAAGCCCG	neuronal
CCAAGCGTCGCTGTTC	neuronal
CCAAGCGTCTATTGTC	neuronal
CCAATGAAGCTCATAC	astrocyte
CCAATGACACCTATCC	neuronal
CCAATGACAGCCTTCT	ambiguous_or_doublet
CCAATGACATGCCGCA	unresolved
CCAATGAGTGTGTCGC	unresolved
CCAATGATCTCCGCAT	neuronal
CCAATTTAGATCCTAC	neuronal
CCAATTTAGCCTCATA	vascular
CCAATTTAGCGAGTCA	astrocyte
CCAATTTAGCGTCTCG	astrocyte
CCAATTTTCATTCATC	vascular
CCAATTTTCCACGGAC	unresolved
CCAATTTTCTCGAGTA	neuronal
CCACAAAAGAACTTCC	unresolved
CCACAAAAGACTCATC	oligodendrocyte_OPC
CCACAAAAGTTAGAAC	microglia_immune
CCACAAACACTTGGGC	astrocyte
CCACAAATCCGTGCGA	microglia_immune
CCACACTAGAGCAGTC	vascular
CCACACTAGTACTGGG	astrocyte
CCACACTGTACTGCCG	microglia_immune
CCACACTGTCGTATGT	unresolved
CCACACTGTGAAGCGT	oligodendrocyte_OPC
CCACACTGTGGAATGC	unresolved
CCACACTTCGAAGTGG	neuronal
CCACCATAGGTAACTA	oligodendrocyte_OPC
CCACCATAGTCACGAG	neuronal
CCACCATCAACAGAGC	neuronal
CCACCATCACCAATTG	neuronal
CCACCATGTCCCTAAA	unresolved
CCACCATGTCCGAAGA	oligodendrocyte_OPC
CCACCATTCACTGAAC	astrocyte
CCACCATTCATGGGAG	unresolved
CCACCATTCCATCAGA	neuronal
CCACCATTCGCTACAA	neuronal
CCACGAGCAAATGGTA	unresolved
CCACGAGCACGTGAGA	astrocyte
CCACGAGCACTGAATC	microglia_immune
CCACGAGCAGTTCCAA	oligodendrocyte_OPC
CCACGAGTCACCCATC	oligodendrocyte_OPC
CCACGAGTCATAGCAC	astrocyte
CCACGTTAGACTCGAG	unresolved
CCACGTTAGGTAGTCG	neuronal
CCACGTTAGTGCGTCC	oligodendrocyte_OPC
CCACGTTCAGGTCCCA	astrocyte
CCACGTTGTACTCGCG	oligodendrocyte_OPC
CCACGTTGTCCTGTTC	vascular
CCACGTTGTTAAGGAT	astrocyte
CCACGTTGTTACCCAA	astrocyte
CCACGTTTCTCGCCTA	astrocyte
CCACTTGCAACCACGC	oligodendrocyte_OPC
CCACTTGGTCAATGGG	vascular
CCACTTGGTTGCTCGG	neuronal
CCACTTGTCCCGAGGT	unresolved
CCACTTGTCCCGATCT	neuronal
CCACTTGTCCGCCTAT	oligodendrocyte_OPC
CCATAAGAGAATCCCT	vascular
CCATAAGAGTCAACAA	neuronal
CCATAAGGTAGTCTTG	neuronal
CCATAAGTCCACATAG	vascular
CCATAAGTCCCTTCCC	neuronal
CCATAAGTCTGGCCAG	ambiguous_or_doublet
CCATCACAGGACACTG	unresolved
CCATCACCAATGTTGC	oligodendrocyte_OPC
CCATCACCACAGAGAC	oligodendrocyte_OPC
CCATCACCACCAGTTA	oligodendrocyte_OPC
CCATCACCAGACCAGA	ambiguous_or_doublet
CCATCACCAGGACATG	astrocyte
CCATCACGTAAGTTAG	astrocyte
CCATCACGTAATGATG	vascular
CCATCACGTCGCCACA	oligodendrocyte_OPC
CCATCACGTTAGAAAC	astrocyte
CCATCACTCGAGAATA	unresolved
CCATCACTCGGAGATG	oligodendrocyte_OPC
CCATCACTCGTAGTCA	neuronal
CCCAACTAGACGAGCT	unresolved
CCCAACTCAACTGAAA	neuronal
CCCAACTGTCCAAATC	neuronal
CCCAACTGTCGGTACC	unresolved
CCCAACTTCAAGCTGT	vascular
CCCAACTTCTAGCCAA	astrocyte
CCCATTGAGACATCCT	astrocyte
CCCATTGAGCTGGCCT	unresolved
CCCATTGCATTACGGT	neuronal
CCCATTGGTATGAAGT	neuronal
CCCATTGGTCTGATAC	oligodendrocyte_OPC
CCCGAAGAGCGGGTTA	oligodendrocyte_OPC
CCCGAAGCACGGTGAA	oligodendrocyte_OPC
CCCGAAGGTATTGAGA	unresolved
CCCGAAGTCGAAACAA	neuronal
CCCGGAAAGCAATAGT	neuronal
CCCGGAAAGCCTAACT	unresolved
CCCGGAACAGTGACCC	unresolved
CCCGGAACATGGCCAC	vascular
CCCGGAAGTAGCTTGT	microglia_immune
CCCGGAAGTGAGGCAT	neuronal
CCCGGAAGTGTCCATA	unresolved
CCCGGAATCGGTGTTA	oligodendrocyte_OPC
CCCGGAATCGTAACTG	astrocyte
CCCGGAATCTAACACG	neuronal
CCCTAACAGGACGCAT	microglia_immune
CCCTAACCATCCGGCA	neuronal
CCCTAACGTACTGACT	astrocyte
CCCTAACGTGCATCTA	oligodendrocyte_OPC
CCCTAACTCTACAGGT	microglia_immune
CCCTAACTCTATTTCG	oligodendrocyte_OPC
CCCTAACTCTCACCCA	oligodendrocyte_OPC
CCCTCAAAGCTGAAGC	neuronal
CCCTCAAAGTATGACA	oligodendrocyte_OPC
CCCTCAAAGTCTTGGT	oligodendrocyte_OPC
CCCTCAACAACAAAGT	vascular
CCCTCAACACATTGTG	microglia_immune
CCCTCAACATAGAAAC	oligodendrocyte_OPC
CCCTCAAGTGTCCACG	neuronal
CCCTCAATCTGTACAG	neuronal
CCCTCTCAGCACACCC	astrocyte
CCCTCTCAGGCGTTGA	oligodendrocyte_OPC
CCCTCTCAGGTAAACT	astrocyte
CCCTCTCCAGACGGAT	oligodendrocyte_OPC
CCCTCTCCATAACTCG	oligodendrocyte_OPC
CCCTCTCCATACATCG	oligodendrocyte_OPC
CCCTCTCGTATGATCC	vascular
CCCTCTCGTCCAGAAG	oligodendrocyte_OPC
CCCTCTCGTCGATTCA	microglia_immune
CCCTCTCGTGGATCAG	unresolved
CCCTCTCGTGTCTTCC	astrocyte
CCCTCTCGTTCTTAGG	vascular
CCCTCTCGTTGGGACA	astrocyte
CCCTCTCTCCGAAGGA	unresolved
CCCTGATAGGCTCTCG	oligodendrocyte_OPC
CCCTGATCAATGAACA	neuronal
CCCTGATGTACCCAGC	microglia_immune
CCCTGATTCCAAGGGA	astrocyte
CCCTGATTCTCGTCGT	neuronal
CCCTGATTCTCTGCCA	unresolved
CCCTTAGAGACTCGAG	unresolved
CCCTTAGAGATGGGCT	astrocyte
CCCTTAGAGTTCCAGT	astrocyte
CCCTTAGCACCAATTG	astrocyte
CCCTTAGGTGATGGCA	unresolved
CCCTTAGGTTGCGAAG	astrocyte
CCCTTAGTCAGATGCT	astrocyte
CCCTTAGTCCCATTCG	oligodendrocyte_OPC
CCCTTAGTCGTGTGAT	unresolved
CCGAACGAGTACAGAT	astrocyte
CCGAACGAGTAGCATA	astrocyte
CCGAACGAGTGGCCTC	astrocyte
CCGAACGCAATTGTGC	oligodendrocyte_OPC
CCGAACGCACAATCTG	oligodendrocyte_OPC
CCGAACGCACTATCGA	oligodendrocyte_OPC
CCGAACGCAGTAGAGC	oligodendrocyte_OPC
CCGAACGGTCTACTGA	astrocyte
CCGAACGTCACCACAA	astrocyte
CCGAACGTCTGCATAG	vascular
CCGATCTGTCCTCAGG	oligodendrocyte_OPC
CCGATCTGTGGGTCAA	vascular
CCGATCTTCATTACCT	oligodendrocyte_OPC
CCGATCTTCCAGCCTT	neuronal
CCGATCTTCGAGTGAG	astrocyte
CCGATGGCAGTAACCT	astrocyte
CCGATGGGTCAAAGTA	astrocyte
CCGATGGTCCAAGAGG	oligodendrocyte_OPC
CCGCAAGAGAGAGTTT	neuronal
CCGCAAGAGCCTCTTC	unresolved
CCGCAAGAGTCCGCGT	astrocyte
CCGCAAGCAAACGTGG	oligodendrocyte_OPC
CCGCAAGCAAGATGTA	oligodendrocyte_OPC
CCGCAAGCAGGAAGTC	unresolved
CCGCAAGGTGTAACGG	astrocyte
CCGCAAGTCACTCCGT	unresolved
CCGGACAAGATAGCAT	oligodendrocyte_OPC
CCGGACAAGCGACTAG	vascular
CCGGACAAGTTGCTCA	ambiguous_or_doublet
CCGGACACATGGCTGC	neuronal
CCGGACATCGCCGAAC	vascular
CCGGGTACAATCAGCT	unresolved
CCGGGTACAATTAGGA	microglia_immune
CCGGGTACACGGTGCT	microglia_immune
CCGGGTACATTATGCG	oligodendrocyte_OPC
CCGGGTAGTAATGTGA	neuronal
CCGGGTATCTACTCAT	astrocyte
CCGGTAGAGACATGCG	oligodendrocyte_OPC
CCGGTAGCAATCACGT	oligodendrocyte_OPC
CCGGTAGCAGGACTTT	vascular
CCGGTAGCATAAGCAA	unresolved
CCGGTAGTCAAGTCTG	oligodendrocyte_OPC
CCGGTAGTCCGCACTT	unresolved
CCGGTGAAGCGTCTCG	oligodendrocyte_OPC
CCGGTGAAGCTCCATA	astrocyte
CCGGTGAAGGGCAGTT	neuronal
CCGGTGACATATTCGG	unresolved
CCGGTGACATGATGCT	unresolved
CCGGTGACATGGTACT	neuronal
CCGGTGACATGTAACC	ambiguous_or_doublet
CCGTAGGAGCAACAGC	astrocyte
CCGTAGGAGCCGGAAT	neuronal
CCGTAGGAGCCGGATA	neuronal
CCGTAGGAGTTAGTGA	oligodendrocyte_OPC
CCGTAGGCACATAGCT	oligodendrocyte_OPC
CCGTAGGCAGCACGAA	unresolved
CCGTAGGGTGGTCAAG	vascular
CCGTAGGTCACCTCAC	unresolved
CCGTAGGTCTATTGTC	astrocyte
CCGTAGGTCTGAGGTT	vascular
CCGTAGGTCTTACTGT	astrocyte
CCGTGAGAGCCAACCC	neuronal
CCGTGAGAGTAACCGG	oligodendrocyte_OPC
CCGTGAGAGTGTAGAT	oligodendrocyte_OPC
CCGTGAGAGTTGCTCA	ambiguous_or_doublet
CCGTGAGCAAAGCTCT	neuronal
CCGTGAGCAAATTGGA	oligodendrocyte_OPC
CCGTGAGCAGAACATA	unresolved
CCGTGAGCATCTTCGC	neuronal
CCGTGAGTCGTTCCTG	neuronal
CCGTTCAAGTATGCAA	unresolved
CCGTTCACACCGTGAC	oligodendrocyte_OPC
CCGTTCACAGATTAAG	neuronal
CCGTTCAGTCTACGAT	unresolved
CCGTTCAGTTACGATC	microglia_immune
CCTAACCAGATAACAC	neuronal
CCTAACCAGGATGCGT	unresolved
CCTAACCAGGGCAATC	astrocyte
CCTAACCAGGTTGACG	unresolved
CCTAACCCACTTGGGC	oligodendrocyte_OPC
CCTAACCCATACTTTC	neuronal
CCTAACCCATGGCGCT	neuronal
CCTAACCGTGCGAGTA	neuronal
CCTAACCTCGAGAACG	neuronal
CCTAACCTCGAGTCCG	unresolved
CCTAAGAAGAAGGGAT	neuronal
CCTAAGAAGACAGTCG	vascular
CCTAAGAAGATACAGT	astrocyte
CCTAAGACAAACAGGC	neuronal
CCTAAGATCACCTGTC	astrocyte
CCTAAGATCAGCCCAG	oligodendrocyte_OPC
CCTACGTCACGGAAGT	oligodendrocyte_OPC
CCTACGTCACGTGAGA	unresolved
CCTACGTCACTCCGGA	neuronal
CCTACGTCACTTCTCG	oligodendrocyte_OPC
CCTACGTCAGAGTCTT	vascular
CCTACGTCATAATCCG	vascular
CCTACGTCATACAGAA	vascular
CCTACGTGTTGGGTAG	unresolved
CCTATCGAGTTCGGTT	oligodendrocyte_OPC
CCTATCGCAGATACCT	unresolved
CCTATCGGTATCAAGA	microglia_immune
CCTATCGGTTACCTTT	oligodendrocyte_OPC
CCTCAACAGACCTCCG	unresolved
CCTCAACAGTAGGTTA	unresolved
CCTCAACAGTCATGCT	neuronal
CCTCAACCAAATGGAT	vascular
CCTCAACCAACCGCCA	vascular
CCTCAACCAAGGTACG	oligodendrocyte_OPC
CCTCAACCACATTGTG	ambiguous_or_doublet
CCTCAACGTCATCCGG	oligodendrocyte_OPC
CCTCAACGTGACTCTA	ambiguous_or_doublet
CCTCAACGTTGCCGAC	oligodendrocyte_OPC
CCTCAACTCCTCGCAT	neuronal
CCTCAACTCGCCAATA	unresolved
CCTCAACTCGTCTAAG	oligodendrocyte_OPC
CCTCACAAGCTCTGTA	neuronal
CCTCACAAGCTGTTCA	astrocyte
CCTCACAAGGAACGAA	neuronal
CCTCACAAGTTCGCAT	unresolved
CCTCACACAAAGGCAC	oligodendrocyte_OPC
CCTCACAGTACAAGTA	neuronal
CCTCACAGTTACGTAC	neuronal
CCTCACATCTGAGTCA	oligodendrocyte_OPC
CCTCAGTAGAATCTAG	neuronal
CCTCAGTAGGTCCTGC	unresolved
CCTCAGTCATAATGCC	neuronal
CCTCAGTGTACTGAGG	neuronal
CCTCAGTGTAGTTAGA	astrocyte
CCTCAGTGTGTTACAC	neuronal
CCTCAGTGTTAGAAAC	neuronal
CCTCAGTTCCGATTAG	microglia_immune
CCTCAGTTCGCCAATA	neuronal
CCTCAGTTCGGCTGGT	oligodendrocyte_OPC
CCTCATGAGCCGTTGC	neuronal
CCTCATGAGTTGCATC	oligodendrocyte_OPC
CCTCATGCAAGGATGC	neuronal
CCTCATGCATTCAGCA	oligodendrocyte_OPC
CCTCATGGTCTGTAGT	oligodendrocyte_OPC
CCTCATGGTGACACGA	oligodendrocyte_OPC
CCTCATGGTGGCCCAT	unresolved
CCTCATGTCAGATTGC	unresolved
CCTCATGTCGATTGGT	ambiguous_or_doublet
CCTCCAAAGACGGTCA	neuronal
CCTCCAAAGCAGCCCT	microglia_immune
CCTCCAAGTTCAAAGA	ambiguous_or_doublet
CCTCCAATCTTTCGAT	unresolved
CCTCCTCAGGCCCGTT	unresolved
CCTCCTCCAAGCACAG	neuronal
CCTCCTCCAATTTCTC	astrocyte
CCTCCTCCACTACCGG	oligodendrocyte_OPC
CCTCCTCTCGGACAAG	unresolved
CCTCTAGAGAGTCAGC	neuronal
CCTCTAGCAACTGAAA	vascular
CCTCTAGCACTGGCGT	oligodendrocyte_OPC
CCTCTAGGTCACAGAG	oligodendrocyte_OPC
CCTCTAGGTCCCAAAT	neuronal
CCTCTAGTCAGCTCTC	oligodendrocyte_OPC
CCTCTCCAGCGATCGA	astrocyte
CCTCTCCTCGCGTCGA	unresolved
CCTCTCCTCGTACCTC	microglia_immune
CCTGCATAGAATTCAG	neuronal
CCTGCATCAAGCGATG	neuronal
CCTGCATGTGTCTTAG	oligodendrocyte_OPC
CCTGTTGCATCCCGTT	oligodendrocyte_OPC
CCTGTTGCATTAAGCC	astrocyte
CCTGTTGGTACACTCA	neuronal
CCTGTTGGTCGGCCTA	astrocyte
CCTGTTGGTCTCTCCA	neuronal
CCTGTTGTCACTACTT	unresolved
CCTTCAGAGCATTTCG	neuronal
CCTTCAGAGGATCATA	unresolved
CCTTCAGAGGTGCCAA	oligodendrocyte_OPC
CCTTCAGCATATTCGG	astrocyte
CCTTCAGCATCCGATA	oligodendrocyte_OPC
CCTTCAGGTAGACGGT	oligodendrocyte_OPC
CCTTCAGGTAGTCTGT	neuronal
CCTTCAGGTCGTGGAA	vascular
CCTTCAGGTGTTCCAA	unresolved
CCTTCAGTCGGCTGGT	neuronal
CCTTGTGCAAAGACTA	neuronal
CCTTGTGCAAATTAGG	vascular
CCTTGTGCAAGTCCAT	neuronal
CCTTGTGCATATCTGG	astrocyte
CCTTGTGGTAGAGTTA	oligodendrocyte_OPC
CCTTGTGGTCACAATC	neuronal
CCTTGTGGTTGGTGTT	oligodendrocyte_OPC
CCTTGTGTCATGCCAA	oligodendrocyte_OPC
CCTTGTGTCCTGCCAT	vascular
CCTTGTGTCGCCTTGT	neuronal
CCTTTGGAGAATCCCT	oligodendrocyte_OPC
CCTTTGGAGGACTATA	unresolved
CCTTTGGAGGTGCAGT	oligodendrocyte_OPC
CCTTTGGAGTATTGCC	unresolved
CCTTTGGCAAGGTCTT	microglia_immune
CCTTTGGGTACAGCGA	neuronal
CCTTTGGTCAAAGGTA	unresolved
CCTTTGGTCATTGTGG	unresolved
CCTTTGGTCCCACAGG	astrocyte
CGAAGGAAGCCTGTCG	neuronal
CGAAGGACACGTAACT	microglia_immune
CGAAGGACACGTCGTG	astrocyte
CGAAGGACAGCTGCCA	unresolved
CGAAGGACATTCACAG	oligodendrocyte_OPC
CGAAGGAGTAACATGA	oligodendrocyte_OPC
CGAAGGATCGCTGCGA	unresolved
CGAAGTTAGCCTAGGA	unresolved
CGAAGTTAGCCTGGAA	neuronal
CGAAGTTAGTCCGTCG	unresolved
CGAAGTTCAGGCCCTA	unresolved
CGAAGTTCATTGTACG	oligodendrocyte_OPC
CGAAGTTGTGTTCGTA	neuronal
CGAAGTTGTTTGGAAA	oligodendrocyte_OPC
CGAAGTTTCACTTATC	oligodendrocyte_OPC
CGAAGTTTCATCGGGC	oligodendrocyte_OPC
CGAAGTTTCGCCTATC	vascular
CGAAGTTTCGTTGTGA	oligodendrocyte_OPC
CGAAGTTTCTCGAGTA	astrocyte
CGAATTGAGGCCACTC	unresolved
CGAATTGCAGTGTACT	astrocyte
CGAATTGCATAACAGA	oligodendrocyte_OPC
CGAATTGGTGAGCGAT	neuronal
CGACAGCAGCGACCCT	oligodendrocyte_OPC
CGACAGCAGTGCAGGT	oligodendrocyte_OPC
CGACAGCCAACCGCCA	microglia_immune
CGACAGCCAGCAGTAG	neuronal
CGACAGCCATCGTGGC	astrocyte
CGACAGCCATGATAGA	neuronal
CGACAGCGTTGCTGAT	microglia_immune
CGACAGCTCACGGTCG	astrocyte
CGACAGCTCAGTCCGG	unresolved
CGACAGCTCGTGCACG	astrocyte
CGACAGCTCTCAGAAC	astrocyte
CGAGAAGCACTGGCGT	unresolved
CGAGAAGCATGGCTAT	astrocyte
CGAGAAGGTAGCACAG	unresolved
CGAGAAGGTATTCTCT	neuronal
CGAGAAGGTCTACTGA	microglia_immune
CGAGAAGGTGAATGAT	unresolved
CGAGGAAAGAGAATCT	unresolved
CGAGGAACAAAGAGTT	unresolved
CGAGGAACACCAAAGG	vascular
CGAGGAAGTGACTGAG	astrocyte
CGAGGAAGTGAGTTTC	oligodendrocyte_OPC
CGAGGAATCCCGAAAT	microglia_immune
CGAGGAATCGGCAGTC	neuronal
CGAGGAATCTCGAACA	astrocyte
CGAGGCTAGACGCATG	oligodendrocyte_OPC
CGAGGCTCAAATACGA	neuronal
CGAGGCTCAAGTGCTT	neuronal
CGAGGCTCAATAACGA	astrocyte
CGAGGCTGTGTGCTTA	unresolved
CGAGGCTTCAAATAGG	astrocyte
CGAGGCTTCAGCCTTC	oligodendrocyte_OPC
CGAGGCTTCGCCTCTA	oligodendrocyte_OPC
CGAGGCTTCTCGGTCT	oligodendrocyte_OPC
CGAGGCTTCTTGAGCA	neuronal
CGAGTGCAGACAGCGT	microglia_immune
CGAGTGCAGCCTCAGC	neuronal
CGAGTGCAGGACGCTA	astrocyte
CGAGTGCAGTGATCGG	astrocyte
CGAGTGCCATAGTCGT	oligodendrocyte_OPC
CGAGTGCCATGTGGTT	vascular
CGAGTGCGTATCAAGA	unresolved
CGAGTGCGTGGTAACG	astrocyte
CGAGTGCGTTACGATC	unresolved
CGAGTGCTCCTACCGT	astrocyte
CGAGTGCTCGGTGTTA	oligodendrocyte_OPC
CGAGTGCTCTCGACCT	neuronal
CGAGTGCTCTCTCTTC	astrocyte
CGAGTTAAGGCTGTAG	ambiguous_or_doublet
CGAGTTAAGTTGTAAG	oligodendrocyte_OPC
CGAGTTACAGGAATAT	neuronal
CGAGTTACATAGTCGT	astrocyte
CGAGTTAGTACCGCGT	vascular
CGAGTTAGTGTGTCGC	unresolved
CGAGTTATCGGAGTGA	unresolved
CGAGTTATCTAGTCAG	oligodendrocyte_OPC
CGATCGGAGCAGCAGT	unresolved
CGATCGGCAACGTATC	unresolved
CGATCGGCACACCTGG	astrocyte
CGATCGGGTCCAAGAG	neuronal
CGATCGGGTGAACCGA	unresolved
CGATCGGTCACCATAG	oligodendrocyte_OPC
CGATCGGTCCAGTGTA	unresolved
CGATGCGAGGGCAGAG	neuronal
CGATGCGAGTGAATAC	neuronal
CGATGCGCACAAGCAG	oligodendrocyte_OPC
CGATGCGCACCTCTAC	unresolved
CGATGCGCATCCGGCA	oligodendrocyte_OPC
CGATGCGTCCTACAAG	neuronal
CGATGGCAGGAGACCT	unresolved
CGATGGCAGGTGCCAA	neuronal
CGATGGCAGTAAATGC	neuronal
CGATGGCAGTATAGGT	ambiguous_or_doublet
CGATGGCCAAAGGGCT	microglia_immune
CGATGGCCAACGACAG	vascular
CGATGGCCAAGTTGGG	vascular
CGATGGCCAATACCTG	oligodendrocyte_OPC
CGATGGCCAATGGCAG	neuronal
CGATGGCCATGAGAAT	oligodendrocyte_OPC
CGATGGCGTCTCAGGC	oligodendrocyte_OPC
CGATGGCTCAAAGGTA	neuronal
CGCAGGTAGACGCCCT	ambiguous_or_doublet
CGCAGGTAGGTTCTTG	astrocyte
CGCAGGTCAAGATGGC	oligodendrocyte_OPC
CGCAGGTCAGCATGCC	ambiguous_or_doublet
CGCAGGTCAGCGACCT	neuronal
CGCAGGTGTAGTCACT	neuronal
CGCAGGTGTGTATACC	microglia_immune
CGCAGGTGTTCGGCGT	unresolved
CGCAGGTTCAAAGCCT	neuronal
CGCAGGTTCCGCGAGT	oligodendrocyte_OPC
CGCAGGTTCTGAGATC	astrocyte
CGCATAAAGTGTGTTC	microglia_immune
CGCATAACAATACAGA	neuronal
CGCATAACACTTGTCC	oligodendrocyte_OPC
CGCATAATCAGACCGC	oligodendrocyte_OPC
CGCATAATCCCACAGG	unresolved
CGCATAATCCGATAAC	neuronal
CGCATAATCTACAGGT	neuronal
CGCATGGAGACTTCGT	oligodendrocyte_OPC
CGCATGGAGGCGACAT	unresolved
CGCATGGAGTCAGGGT	neuronal
CGCATGGCAACAAGAT	unresolved
CGCATGGCAATTGAGA	unresolved
CGCATGGCATGCTGCG	unresolved
CGCATGGTCGAATGCT	microglia_immune
CGCCAGAAGTCTTGGT	unresolved
CGCCAGACAAACACCT	vascular
CGCCAGAGTGTCGATT	neuronal
CGCCAGATCGCTGATA	neuronal
CGCCAGATCGGAGTGA	neuronal
CGCCAGATCTTTACAC	neuronal
CGCCATTAGCCGGAAT	neuronal
CGCCATTCACGGTGCT	neuronal
CGCCATTCAGGATCTT	unresolved
CGCCATTCATTCTCCG	astrocyte
CGCCATTGTCAGTCCG	oligodendrocyte_OPC
CGCCATTGTGCTCTTC	oligodendrocyte_OPC
CGCCATTGTTACCCAA	astrocyte
CGCCATTTCAGACAAA	neuronal
CGCCATTTCGACGCTG	oligodendrocyte_OPC
CGCCATTTCTTCGCTG	astrocyte
CGCGTGAAGCTTACGT	unresolved
CGCGTGAAGGCACAAC	neuronal
CGCGTGAAGTCTGCAT	oligodendrocyte_OPC
CGCGTGAAGTTGGACG	astrocyte
CGCGTGACAAGTGGCA	microglia_immune
CGCGTGACACAGAAGC	unresolved
CGCGTGAGTAACAGTA	oligodendrocyte_OPC
CGCGTGATCCACAGGC	astrocyte
CGGAACCAGAAGTGTT	neuronal
CGGAACCAGACGTCCC	oligodendrocyte_OPC
CGGAACCAGCAACAAT	unresolved
CGGAACCAGCCGGAAT	neuronal
CGGAACCAGGCAGGTT	oligodendrocyte_OPC
CGGAACCCAGGCACTC	vascular
CGGAACCCATACCACA	astrocyte
CGGAACCCATCTATCT	astrocyte
CGGAACCGTGCAACAG	astrocyte
CGGAATTAGAGATTCA	unresolved
CGGAATTAGTTCGCAT	astrocyte
CGGAATTGTCAACCTA	astrocyte
CGGAATTGTGTCGATT	unresolved
CGGAATTTCGACGACC	astrocyte
CGGACACCAATTTCTC	unresolved
CGGACACGTACAGTAA	oligodendrocyte_OPC
CGGACACGTCGCACGT	neuronal
CGGACACTCGAGCTGC	unresolved
CGGACACTCTCCGATC	ambiguous_or_doublet
CGGAGAAAGACTTGTC	oligodendrocyte_OPC
CGGAGAACAACACTAC	astrocyte
CGGAGAACATTCCTAT	unresolved
CGGAGAATCGTTCGCT	unresolved
CGGAGAATCTAAGGAA	unresolved
CGGCAGTAGGTCGACA	oligodendrocyte_OPC
CGGCAGTAGTTGGGAC	unresolved
CGGCAGTCACCGGAAA	astrocyte
CGGCAGTCAGAACATA	oligodendrocyte_OPC
CGGCAGTCATCACGGC	oligodendrocyte_OPC
CGGCAGTCATCGCTAA	neuronal
CGGCAGTGTATTTCCT	oligodendrocyte_OPC
CGGCAGTTCGAAATCC	oligodendrocyte_OPC
CGGGACTAGGCTCACC	neuronal
CGGGACTCAGATTCGT	oligodendrocyte_OPC
CGGGACTCAGCTGCCA	vascular
CGGGACTCATCGTGGC	microglia_immune
CGGGCATAGGGATCTG	oligodendrocyte_OPC
CGGGCATAGGTAGACC	astrocyte
CGGGCATAGTTTCTTC	astrocyte
CGGGCATCAAGCGATG	microglia_immune
CGGGCATCACCAGCCA	ambiguous_or_doublet
CGGGCATCATAACTCG	unresolved
CGGGCATCATTCAGCA	astrocyte
CGGGCATGTAATTGGA	unresolved
CGGGCATGTCTGTTAG	unresolved
CGGGCATTCAAATGCC	astrocyte
CGGGCATTCATATGGC	microglia_immune
CGGGCATTCCAATCTT	oligodendrocyte_OPC
CGGGTCAAGTACTCGT	astrocyte
CGGGTCACATATGGCT	neuronal
CGGGTCACATGCCATA	vascular
CGGGTCAGTGTCTTGA	neuronal
CGGGTCATCACTGTCC	unresolved
CGGGTCATCCCAAGTA	astrocyte
CGGGTCATCTTCCGTG	astrocyte
CGGGTGTAGGACAGCT	oligodendrocyte_OPC
CGGGTGTCACCTCGTT	vascular
CGGGTGTCAGGCTCTG	neuronal
CGGGTGTCATTGACAC	neuronal
CGGGTGTGTTCGAAGG	unresolved
CGGGTGTTCGAACGCC	microglia_immune
CGGGTGTTCTGGGTCG	unresolved
CGGTCAGCATGGGAAC	astrocyte
CGGTCAGGTACAGTTC	neuronal
CGGTCAGGTGTATTCG	oligodendrocyte_OPC
CGGTCAGTCATACAGC	unresolved
CGGTCAGTCCGTGTCT	neuronal
CGGTCAGTCGAATCCA	vascular
CGGTCAGTCTCCTACG	oligodendrocyte_OPC
CGTAAGTAGATGCTAA	astrocyte
CGTAAGTAGCCACCGT	vascular
CGTAAGTAGGCACAAC	neuronal
CGTAAGTCAAGTTCCA	oligodendrocyte_OPC
CGTAAGTTCCATTGGA	astrocyte
CGTAAGTTCGCTAGCG	neuronal
CGTAATGAGGTGATCG	neuronal
CGTAATGGTGTCCACG	neuronal
CGTAATGTCCTCTAGC	unresolved
CGTAGTAAGCGCATCC	oligodendrocyte_OPC
CGTAGTACAAGAAATC	vascular
CGTAGTACACGTAGAG	oligodendrocyte_OPC
CGTAGTACATAGCACT	unresolved
CGTAGTAGTCTGTCAA	vascular
CGTAGTAGTTACCGTA	ambiguous_or_doublet
CGTCAAAAGACTACGG	neuronal
CGTCAAACACAGCGCT	neuronal
CGTCAAACAGCTAACT	microglia_immune
CGTCAAACATGCAGCC	unresolved
CGTCAAAGTGCGTCGT	microglia_immune
CGTCAAATCCCGAGGT	oligodendrocyte_OPC
CGTCAAATCGTTGTGA	oligodendrocyte_OPC
CGTCAAATCTAGACCA	astrocyte
CGTCCATAGCGTGCTC	astrocyte
CGTCCATCAGTTAGGG	oligodendrocyte_OPC
CGTCCATCATCACCAA	oligodendrocyte_OPC
CGTCCATTCCCAGCGA	microglia_immune
CGTCCATTCGAGAAGC	unresolved
CGTCCATTCTAGGAAA	astrocyte
CGTGAATAGCTGTACT	oligodendrocyte_OPC
CGTGAATCAAGGTCAG	ambiguous_or_doublet
CGTGAATCACGGTGTC	oligodendrocyte_OPC
CGTGAATGTTCTATCT	oligodendrocyte_OPC
CGTGAATGTTTCGTGA	unresolved
CGTGAATTCGTCAACA	astrocyte
CGTGAATTCTATGCCC	neuronal
CGTGAATTCTGCAGCG	astrocyte
CGTGAATTCTTAGCAG	oligodendrocyte_OPC
CGTGATAAGTAAACTG	oligodendrocyte_OPC
CGTGATACACAAGGTG	unresolved
CGTGATATCCATACAG	astrocyte
CGTGATATCTGTCGTC	unresolved
CGTGCTTAGATGCAGC	astrocyte
CGTGCTTCAATCGCAT	astrocyte
CGTGCTTGTGTTACTG	oligodendrocyte_OPC
CGTGCTTTCAAATGAG	oligodendrocyte_OPC
CGTGTCTAGTACGAGC	neuronal
CGTGTCTAGTGGTGGT	oligodendrocyte_OPC
CGTGTCTCAGTTTCAG	unresolved
CGTGTCTCATCGGTTA	neuronal
CGTGTCTCATGGATCT	oligodendrocyte_OPC
CGTGTCTGTACAGTAA	unresolved
CGTTAGAAGATTGAGT	unresolved
CGTTAGAAGTGCTCGC	astrocyte
CGTTAGACACCTATCC	unresolved
CGTTAGAGTACGACTT	oligodendrocyte_OPC
CGTTAGATCGCAGTGC	unresolved
CGTTAGATCGGCTCTT	unresolved
CGTTCTGAGCAAACAT	astrocyte
CGTTCTGAGTCTGCAT	neuronal
CGTTCTGCACGACGTC	neuronal
CGTTCTGCATGTTTGG	ambiguous_or_doublet
CGTTCTGGTAGCACGA	astrocyte
CGTTCTGGTGCTCTCT	vascular
CGTTCTGTCATAGACC	oligodendrocyte_OPC
CGTTCTGTCGGTTAGT	astrocyte
CGTTCTGTCTTGGTGA	neuronal
CGTTGGGAGCCGATCC	oligodendrocyte_OPC
CGTTGGGAGCCTGACC	oligodendrocyte_OPC
CGTTGGGAGGCTAGCA	unresolved
CGTTGGGAGGCTCTCG	oligodendrocyte_OPC
CGTTGGGAGGTTGTTC	oligodendrocyte_OPC
CGTTGGGAGTATGAGT	astrocyte
CGTTGGGCAAACGTGG	microglia_immune
CGTTGGGCAAGGTCGA	unresolved
CGTTGGGCAATTCACG	neuronal
CGTTGGGCACGTAGAG	oligodendrocyte_OPC
CGTTGGGGTACCGGCT	oligodendrocyte_OPC
CGTTGGGGTTCCCACT	astrocyte
CGTTGGGTCCGTAGGC	oligodendrocyte_OPC
CTAACCCAGAGTCTGG	neuronal
CTAACCCCAACTGGTT	neuronal
CTAACCCCACGAAGAC	oligodendrocyte_OPC
CTAACCCCACGCAAAG	unresolved
CTAACCCCACGTTGGC	neuronal
CTAACCCTCATTCTTG	neuronal
CTAACCCTCATTGCTT	unresolved
CTAACCCTCCATTCGC	unresolved
CTAACCCTCCGTTGGG	oligodendrocyte_OPC
CTAACCCTCTGGACCG	neuronal
CTAACTTAGAAATTGC	unresolved
CTAACTTCACGTCGGT	neuronal
CTAACTTGTCGTGGTC	unresolved
CTAACTTTCGGTGTAT	oligodendrocyte_OPC
CTAAGTGAGACAGTCG	oligodendrocyte_OPC
CTAAGTGAGTAAACTG	vascular
CTAAGTGCAAATGAGT	ambiguous_or_doublet
CTAAGTGCACCGCTGA	neuronal
CTAAGTGGTACGTTCA	unresolved
CTAAGTGGTTGACGGA	vascular
CTAAGTGTCATGAAAG	unresolved
CTAAGTGTCATTGTTC	ambiguous_or_doublet
CTAAGTGTCGACCCAG	neuronal
CTACAGAAGCGCCTTG	unresolved
CTACAGAAGCGTCGAA	neuronal
CTACAGAGTCCCGGTA	oligodendrocyte_OPC
CTACAGATCAAATAGG	astrocyte
CTACAGATCAACGTGT	unresolved
CTACAGATCGTAGTGT	unresolved
CTACAGATCGTTTACT	unresolved
CTACATTAGCGCCTAC	unresolved
CTACATTCATAATGCC	oligodendrocyte_OPC
CTACATTGTCGTTCAA	astrocyte
CTACATTTCCTTCGAC	oligodendrocyte_OPC
CTACCCAAGCTGTGCC	unresolved
CTACCCACAGAGGCTA	unresolved
CTACCCACAGCGGTCT	unresolved
CTACCCACATGGAACG	oligodendrocyte_OPC
CTACCCAGTAACAGTA	unresolved
CTACCCAGTCGAAGCA	neuronal
CTACCCAGTTCCGCGA	unresolved
CTACCCATCCACATAG	astrocyte
CTACCCATCCTTGAAG	microglia_immune
CTACCCATCGATTTCT	oligodendrocyte_OPC
CTACCCATCTACAGGT	microglia_immune
CTACCTGAGACTTGTC	neuronal
CTACCTGAGCACACAG	astrocyte
CTACCTGCACAAGTTC	oligodendrocyte_OPC
CTACCTGGTATTGGCT	astrocyte
CTACCTGGTCCGGACT	oligodendrocyte_OPC
CTACCTGGTGCATACT	neuronal
CTACCTGTCTCTTGCG	astrocyte
CTACGGGCACTCTCGT	astrocyte
CTACGGGTCATCGTAG	astrocyte
CTACGGGTCCAACTGA	astrocyte
CTACGGGTCGTCCTCA	unresolved
CTACTATAGCTAATGA	astrocyte
CTACTATCACAATGTC	oligodendrocyte_OPC
CTACTATCAGGCACAA	astrocyte
CTACTATGTGAACTAA	oligodendrocyte_OPC
CTACTATGTGTGGACA	unresolved
CTACTATGTTGCTGAT	neuronal
CTACTATTCGAGCCTG	oligodendrocyte_OPC
CTAGACAAGACCATGG	unresolved
CTAGACAAGAGAGCGG	vascular
CTAGACAAGCCGATAG	oligodendrocyte_OPC
CTAGACAAGCGCTTCG	unresolved
CTAGACAAGCTTTCTT	vascular
CTAGACAAGTACTCGT	neuronal
CTAGACACAATTCACG	unresolved
CTAGACACAGAAACCG	unresolved
CTAGACACAGCGAACA	oligodendrocyte_OPC
CTAGACAGTCAGTCCG	unresolved
CTAGACAGTGGAAGTC	oligodendrocyte_OPC
CTAGACATCACGGGAA	neuronal
CTAGACATCCGATCGG	vascular
CTAGGTACAAAGGCAC	unresolved
CTAGGTACATAGAATG	oligodendrocyte_OPC
CTAGGTAGTTAAAGTG	astrocyte
CTAGGTATCAAGGTGG	neuronal
CTAGGTATCACGGGCT	unresolved
CTATAGGAGATAGGGA	oligodendrocyte_OPC
CTATAGGAGCGCCTCA	astrocyte
CTATAGGAGTCCTGTA	microglia_immune
CTATAGGCAGTAACAA	oligodendrocyte_OPC
CTATAGGGTCACTCGG	neuronal
CTATAGGTCCACTTCG	unresolved
CTATAGGTCTAAGCCA	oligodendrocyte_OPC
CTATCCGAGCGTCAGA	oligodendrocyte_OPC
CTATCCGAGTGATGGC	neuronal
CTATCCGCAACTCGAT	astrocyte
CTATCCGCAGACAAGC	microglia_immune
CTATCCGGTTCTCGTC	oligodendrocyte_OPC
CTATCCGTCCTTCTTC	unresolved
CTATCTAAGAAGGATG	unresolved
CTATCTAAGACGCAGT	unresolved
CTATCTAAGGTCGTGA	astrocyte
CTATCTACACTGGACC	astrocyte
CTATCTACAGCAGATG	vascular
CTATCTACATCCTTCG	oligodendrocyte_OPC
CTCAACCAGCTCCCTT	oligodendrocyte_OPC
CTCAACCCACAAGCAG	unresolved
CTCAACCGTATCCCAA	neuronal
CTCAACCGTCGTAATC	vascular
CTCAACCGTGAGGATC	astrocyte
CTCAACCTCCCATTTA	unresolved
CTCAAGAAGGGTCTTT	astrocyte
CTCAAGAAGTGCCCGT	oligodendrocyte_OPC
CTCAAGAGTATCGTTG	neuronal
CTCAAGAGTGACTATC	unresolved
CTCAAGAGTTCTATCT	neuronal
CTCAAGATCAGTGGGA	oligodendrocyte_OPC
CTCAATTAGGTAAGAG	oligodendrocyte_OPC
CTCAATTAGTGAACAT	unresolved
CTCAATTCAAGAGATT	neuronal
CTCAATTGTCGTCAGC	astrocyte
CTCAATTGTTCGTACA	microglia_immune
CTCAATTTCCAGGACC	neuronal
CTCAATTTCTTCCAGC	microglia_immune
CTCACTGAGCGAAACC	neuronal
CTCACTGAGGCTTAGG	oligodendrocyte_OPC
CTCACTGAGGTCATCT	unresolved
CTCACTGGTCGTGGTC	oligodendrocyte_OPC
CTCACTGGTTCCTAAG	neuronal
CTCACTGGTTCTCCAC	neuronal
CTCACTGTCTACCTTA	astrocyte
CTCACTGTCTACTTCA	unresolved
CTCAGAAAGGAATTAC	oligodendrocyte_OPC
CTCAGAACATAGGAGC	unresolved
CTCAGAAGTCCGGATC	astrocyte
CTCAGAAGTGACTATC	oligodendrocyte_OPC
CTCAGAAGTTAGGAGC	ambiguous_or_doublet
CTCAGGGAGATAACGT	neuronal
CTCAGGGAGTGGAAAG	oligodendrocyte_OPC
CTCAGGGAGTTTGAGA	unresolved
CTCAGGGCAAACTAGA	oligodendrocyte_OPC
CTCAGGGCACAGAAGC	oligodendrocyte_OPC
CTCAGGGCAGATCCAT	astrocyte
CTCAGGGGTACAGTTC	oligodendrocyte_OPC
CTCAGGGGTTCGGTTA	astrocyte
CTCAGGGGTTTGAAAG	neuronal
CTCAGGGTCACTGTTT	neuronal
CTCAGGGTCGGTCATA	unresolved
CTCAGGGTCTCTGAGA	oligodendrocyte_OPC
CTCAGTCAGCCTGTCG	oligodendrocyte_OPC
CTCAGTCAGCTGGAGT	astrocyte
CTCAGTCAGGAAAGTG	vascular
CTCAGTCCAGACCAGA	neuronal
CTCAGTCCAGGATCTT	unresolved
CTCAGTCGTCGCATTA	astrocyte
CTCAGTCGTGGAGAAA	oligodendrocyte_OPC
CTCAGTCTCCAGCACG	astrocyte
CTCAGTCTCCATCTAT	oligodendrocyte_OPC
CTCAGTCTCTACTGAG	astrocyte
CTCATCGAGACCAAGC	unresolved
CTCATCGAGATTAGCA	unresolved
CTCATCGAGGTGGGTT	neuronal
CTCATCGCAAGATTGA	neuronal
CTCATCGCACTACTTT	unresolved
CTCATCGGTACGGTTT	oligodendrocyte_OPC
CTCATCGGTAGGCAGT	unresolved
CTCATCGGTCGATTTG	unresolved
CTCATCGGTGGAATGC	oligodendrocyte_OPC
CTCATCGTCAACGTGT	astrocyte
CTCATGCAGAAGGGAT	neuronal
CTCATGCAGAGTCTTC	neuronal
CTCATGCAGCTGGCTC	astrocyte
CTCATGCAGGTAAAGG	oligodendrocyte_OPC
CTCATGCAGTAGACCG	unresolved
CTCATGCGTACAGAAT	neuronal
CTCATGCGTGACCGAA	neuronal
CTCATGCGTGATAGAT	oligodendrocyte_OPC
CTCATGCGTTAGGCTT	astrocyte
CTCATGCTCCATAAGC	neuronal
CTCATGCTCCTGTTAT	microglia_immune
CTCATTAAGAGGACTC	oligodendrocyte_OPC
CTCATTAAGAGTTGTA	oligodendrocyte_OPC
CTCATTAAGTAGGCCA	astrocyte
CTCATTACAGGCGAAT	unresolved
CTCATTAGTAAGTCAA	microglia_immune
CTCATTAGTCGTTGCG	oligodendrocyte_OPC
CTCATTAGTGTAACGG	oligodendrocyte_OPC
CTCATTATCAACCGAT	oligodendrocyte_OPC
CTCATTATCTATCGCC	ambiguous_or_doublet
CTCCAACAGAAGCGGG	oligodendrocyte_OPC
CTCCAACAGCTTCATG	neuronal
CTCCAACAGGCTAAAT	oligodendrocyte_OPC
CTCCAACGTAAGACCG	unresolved
CTCCAACGTCATACCA	neuronal
CTCCAACTCATGAGGG	unresolved
CTCCAACTCTCGGGAC	astrocyte
CTCCACACAATTGCGT	neuronal
CTCCACACACTCTGCT	vascular
CTCCACATCTCCGTGT	unresolved
CTCCACATCTGACAGT	neuronal
CTCCACATCTTACGGA	ambiguous_or_doublet
CTCCACATCTTCCGTG	astrocyte
CTCCATGAGCGTATGG	oligodendrocyte_OPC
CTCCATGAGTAATCCC	unresolved
CTCCATGCACGTAGTT	neuronal
CTCCATGCAGGTGGAT	oligodendrocyte_OPC
CTCCATGTCCGATCTC	oligodendrocyte_OPC
CTCCATGTCCTAGCTC	neuronal
CTCCCAAAGGTCCTGC	oligodendrocyte_OPC
CTCCCAACAGGACGAT	neuronal
CTCCCAAGTAACACGG	astrocyte
CTCCCAAGTACCGCGT	vascular
CTCCCAAGTATGTCCA	unresolved
CTCCCAAGTTAGAAAC	microglia_immune
CTCCCAATCCTGTACC	neuronal
CTCCCAATCGGACAAG	neuronal
CTCCCAATCTATTTCG	oligodendrocyte_OPC
CTCCCTCAGGGTACAC	astrocyte
CTCCCTCCAGGAAGTC	neuronal
CTCCCTCCAGTTCCAA	unresolved
CTCCCTCCATAATCCG	oligodendrocyte_OPC
CTCCCTCCATCGATAC	neuronal
CTCCCTCCATGCAGCC	oligodendrocyte_OPC
CTCCCTCGTAATGCGG	neuronal
CTCCCTCGTAGATGTA	unresolved
CTCCCTCGTATCCTCC	oligodendrocyte_OPC
CTCCCTCTCGGCTTGG	unresolved
CTCCCTCTCTCGCGTT	oligodendrocyte_OPC
CTCCGATAGACTGAGC	vascular
CTCCGATAGGTATTGA	oligodendrocyte_OPC
CTCCGATGTGCAACGA	oligodendrocyte_OPC
CTCCGATGTTGAATCC	neuronal
CTCCGATTCAGGCGAA	unresolved
CTCCGATTCATTCTTG	unresolved
CTCCGATTCCGAGCTG	neuronal
CTCCGATTCGCGCCAA	astrocyte
CTCCTCCCAAAGGATT	unresolved
CTCCTCCCACACTTAG	astrocyte
CTCCTCCCAGCCTACG	oligodendrocyte_OPC
CTCCTCCCAGGCACAA	astrocyte
CTCCTCCGTATCCTCC	unresolved
CTCCTCCTCATTACCT	unresolved
CTCCTCCTCCACGTGG	oligodendrocyte_OPC
CTCCTTTAGCATCAAA	unresolved
CTCCTTTCAACTTCTT	unresolved
CTCCTTTCAGACCAGA	oligodendrocyte_OPC
CTCCTTTGTCAGGTAG	oligodendrocyte_OPC
CTCCTTTGTCCACTTC	unresolved
CTCCTTTGTGAGTAGC	astrocyte
CTCCTTTGTTCCAAAC	neuronal
CTCCTTTGTTGGAGGT	unresolved
CTCCTTTTCCCTGTTG	neuronal
CTCCTTTTCGCGTCGA	astrocyte
CTCCTTTTCGGTCGGT	astrocyte
CTCGAGGAGAGATCGC	neuronal
CTCGAGGAGCCTTGAT	astrocyte
CTCGAGGCAACTTGCA	unresolved
CTCGAGGCACCGTGCA	oligodendrocyte_OPC
CTCGAGGTCATCGGGC	neuronal
CTCGAGGTCCAATCTT	astrocyte
CTCGAGGTCCTAGCCT	neuronal
CTCGAGGTCGTAGGAG	oligodendrocyte_OPC
CTCTCAGAGACCATAA	oligodendrocyte_OPC
CTCTCAGAGTCTTCGA	unresolved
CTCTCAGAGTTAACGA	neuronal
CTCTCAGCAACCCTCT	oligodendrocyte_OPC
CTCTCAGCACGGGTAA	oligodendrocyte_OPC
CTCTCAGCAGGACATG	astrocyte
CTCTCAGCAGGCCCTA	oligodendrocyte_OPC
CTCTCAGCATCGGAAG	astrocyte
CTCTCAGTCAAGTCTG	astrocyte
CTCTCAGTCCGTGTAA	oligodendrocyte_OPC
CTCTCGAAGCACACCC	astrocyte
CTCTCGAAGCGTGCCT	unresolved
CTCTCGACACAACCGC	oligodendrocyte_OPC
CTCTCGAGTCAGACTT	neuronal
CTCTCGATCCTCTAAT	unresolved
CTCTGGTAGGACACTG	unresolved
CTCTGGTAGTGGATTA	unresolved
CTCTGGTGTCACAGAG	oligodendrocyte_OPC
CTCTGGTGTGAGCAGT	oligodendrocyte_OPC
CTCTGGTTCGGATAAA	neuronal
CTCTGGTTCGTACACA	neuronal
CTGAATGAGAGCTGCA	unresolved
CTGAATGAGATACATG	oligodendrocyte_OPC
CTGAATGAGGATTTCC	oligodendrocyte_OPC
CTGAATGCAAGCAATA	neuronal
CTGAATGCAATTCGTG	vascular
CTGAATGCAGAAGTTA	astrocyte
CTGAATGCAGGATGAC	unresolved
CTGAATGCATCGAAGG	neuronal
CTGAATGGTATGAGAT	neuronal
CTGAATGGTCTACATG	oligodendrocyte_OPC
CTGAATGTCAGTAGGG	astrocyte
CTGAATGTCCCAGCGA	neuronal
CTGAATGTCGCAGATT	neuronal
CTGAATGTCGTTCATT	oligodendrocyte_OPC
CTGAGCGAGACGTCGA	microglia_immune
CTGAGCGAGGATACCG	astrocyte
CTGAGCGAGGGTTAAT	astrocyte
CTGAGCGCAAGCAGGT	oligodendrocyte_OPC
CTGAGCGCAGTTAGGG	unresolved
CTGAGCGGTTGTGCAT	astrocyte
CTGAGGCAGAAGGTAG	astrocyte
CTGAGGCAGCATTTCG	oligodendrocyte_OPC
CTGAGGCAGGCTCACC	neuronal
CTGAGGCCAAATCCCA	neuronal
CTGAGGCCAAGACGAC	microglia_immune
CTGAGGCCATGGGTCC	unresolved
CTGAGGCGTTGCTCCT	oligodendrocyte_OPC
CTGATCCAGAAGCGCT	oligodendrocyte_OPC
CTGATCCAGTATGATG	unresolved
CTGATCCCAATACGAA	neuronal
CTGATCCCACCTCTGT	neuronal
CTGATCCGTAAGGCTG	microglia_immune
CTGATCCGTCTTGCGG	ambiguous_or_doublet
CTGATCCTCGAGCCAC	neuronal
CTGCAGGCAGAGAAAG	astrocyte
CTGCAGGCATAGCTGT	neuronal
CTGCAGGGTCCTGTTC	astrocyte
CTGCAGGGTTCCCAAA	unresolved
CTGCAGGTCAAGCCAT	astrocyte
CTGCAGGTCAAGGTGG	neuronal
CTGCAGGTCCACACAA	neuronal
CTGCAGGTCCAGGACC	unresolved
CTGCAGGTCTCACGAA	oligodendrocyte_OPC
CTGCAGGTCTCTTCAA	unresolved
CTGCATCCAAATTGGA	oligodendrocyte_OPC
CTGCATCCAAGTATCC	unresolved
CTGCATCGTGAGCGAT	neuronal
CTGCATCTCGGTAGAG	vascular
CTGCATCTCGTCGATA	astrocyte
CTGCCATAGACGTCCC	neuronal
CTGCCATAGACTTGTC	oligodendrocyte_OPC
CTGCCATAGGTGATCG	neuronal
CTGCCATAGTCCCGAC	unresolved
CTGCCATCAATGAGCG	neuronal
CTGCCATGTAAGTCAA	astrocyte
CTGCCATGTACGCTTA	neuronal
CTGCCATGTGAACGGT	neuronal
CTGCCATGTGCCCGTA	oligodendrocyte_OPC
CTGCCATGTGGTCAAG	neuronal
CTGCCATTCACCATCC	unresolved
CTGCCATTCTGTGCTC	vascular
CTGCCTAAGGGCAACT	neuronal
CTGCCTAAGTCGCTAT	oligodendrocyte_OPC
CTGCCTACAATAACCC	unresolved
CTGCCTACACGTCATA	astrocyte
CTGCCTACAGGCACTC	astrocyte
CTGCCTACAGTTTCAG	neuronal
CTGCGAGAGACGGAAA	neuronal
CTGCGAGAGAGTTGCG	oligodendrocyte_OPC
CTGCGAGAGCCAACCC	oligodendrocyte_OPC
CTGCGAGAGGGTGAGG	oligodendrocyte_OPC
CTGCGAGAGTTCTCTT	unresolved
CTGCGAGCACATTCGA	neuronal
CTGCGAGCACGCGGTT	oligodendrocyte_OPC
CTGCGAGGTATCCCAA	oligodendrocyte_OPC
CTGCGAGGTGCCCACA	astrocyte
CTGCGAGTCTTTCAGT	oligodendrocyte_OPC
CTGCTCAAGAGCCGAT	neuronal
CTGCTCAAGAGTAACT	oligodendrocyte_OPC
CTGCTCAAGATCGACG	unresolved
CTGCTCAAGGTAGGCT	vascular
CTGCTCAAGTCGAAGC	unresolved
CTGCTCACAAGAGTTA	microglia_immune
CTGCTCAGTAGGTACG	unresolved
CTGCTCAGTCTGCAAT	unresolved
CTGCTCAGTTCGGGTC	oligodendrocyte_OPC
CTGCTCAGTTGGCCTG	unresolved
CTGCTCATCCGCGAGT	oligodendrocyte_OPC
CTGGACGAGAGGGTCT	oligodendrocyte_OPC
CTGGACGCAAATTGGA	astrocyte
CTGGACGCAAGACGGT	unresolved
CTGGACGCAGAGGGTT	astrocyte
CTGGACGCATCCCGTT	microglia_immune
CTGGACGGTATCCCAA	neuronal
CTGGCAGAGCACCGTC	neuronal
CTGGCAGCAAGGTCTT	astrocyte
CTGGCAGCACTTTAGG	microglia_immune
CTGGTCTAGAGCAGCT	oligodendrocyte_OPC
CTGGTCTAGTTCAACC	oligodendrocyte_OPC
CTGGTCTCAAACACGG	oligodendrocyte_OPC
CTGGTCTCAGCAGTGA	unresolved
CTGGTCTGTATAATGG	neuronal
CTGGTCTGTCTAATCG	ambiguous_or_doublet
CTGGTCTGTGCAAGAC	unresolved
CTGGTCTGTGGATCGA	neuronal
CTGTACCAGTCGAATA	neuronal
CTGTACCAGTGCCCGT	oligodendrocyte_OPC
CTGTACCCACTATGTG	neuronal
CTGTACCCAGCGTGAA	unresolved
CTGTACCGTCACTCGG	oligodendrocyte_OPC
CTGTACCGTTCAAGTC	unresolved
CTGTACCTCATGCATG	astrocyte
CTGTACCTCCACATAG	oligodendrocyte_OPC
CTGTAGACAACACTAC	oligodendrocyte_OPC
CTGTAGACAGCAAGAC	astrocyte
CTGTAGACATACTGTG	oligodendrocyte_OPC
CTGTAGAGTACGTTCA	unresolved
CTGTAGAGTGTTTCTT	astrocyte
CTGTAGAGTTATCCAG	unresolved
CTGTAGATCAGAACCT	vascular
CTGTAGATCGACGAGA	unresolved
CTGTAGATCTGGGTCG	oligodendrocyte_OPC
CTGTATTAGAACAGGA	unresolved
CTGTATTAGATCGCTT	microglia_immune
CTGTATTAGTAGTCTC	neuronal
CTGTATTCACTGTGTA	oligodendrocyte_OPC
CTGTATTTCGCATTGA	astrocyte
CTGTCGTAGACTCTAC	neuronal
CTGTCGTAGCGGTATG	oligodendrocyte_OPC
CTGTCGTAGGTCACTT	oligodendrocyte_OPC
CTGTCGTCAATACAGA	microglia_immune
CTGTCGTCACCTGCAG	astrocyte
CTGTCGTCACGCAGTC	unresolved
CTGTCGTGTCAATGGG	unresolved
CTGTCGTTCAAGCCTA	unresolved
CTGTCGTTCATGGATC	oligodendrocyte_OPC
CTGTCGTTCTCTTGCG	unresolved
CTGTGAAAGAACCCGA	neuronal
CTGTGAAAGAGAAGGT	vascular
CTGTGAACAGAACTTC	oligodendrocyte_OPC
CTGTGAACAGTGGCTC	astrocyte
CTGTGAACATGAATAG	astrocyte
CTGTGAATCGCGCTGA	oligodendrocyte_OPC
CTGTGAATCGTCTCAC	astrocyte
CTGTGGGCAGAGATTA	unresolved
CTGTGGGCATGACTGT	microglia_immune
CTGTGGGGTGCCTATA	unresolved
CTGTGGGTCAATCAGC	unresolved
CTGTGGGTCACCATAG	unresolved
CTGTGGGTCTAACGCA	neuronal
CTTACCGAGTATGAAC	neuronal
CTTACCGAGTCCGCCA	astrocyte
CTTACCGCAGGTACGA	unresolved
CTTACCGGTCAGGTGA	unresolved
CTTACCGTCGACACTA	astrocyte
CTTAGGAAGCCAACCC	vascular
CTTAGGAAGGTACAAT	neuronal
CTTAGGACAAATTGGA	oligodendrocyte_OPC
CTTAGGACACCGGTCA	neuronal
CTTAGGACACGACAGA	astrocyte
CTTAGGACAGTTAGGG	unresolved
CTTAGGAGTACGGCAA	unresolved
CTTAGGAGTACGTACT	oligodendrocyte_OPC
CTTAGGAGTGGATCGA	astrocyte
CTTAGGATCGTTCATT	neuronal
CTTAGGATCGTTCTGC	astrocyte
CTTCAATAGGAATTAC	unresolved
CTTCAATCAGATTAAG	microglia_immune
CTTCAATGTCAAGCCC	astrocyte
CTTCAATGTCCAACGC	ambiguous_or_doublet
CTTCAATGTCCTGTTC	oligodendrocyte_OPC
CTTCAATGTTCTCAGA	microglia_immune
CTTCCGAGTATACGGG	vascular
CTTCCGAGTGTGCCTG	neuronal
CTTCCGAGTTGTAGCT	neuronal
CTTCCGATCAAGCGTT	oligodendrocyte_OPC
CTTCCGATCTAGCCAA	unresolved
CTTCCTTAGGCGATAC	unresolved
CTTCCTTAGGTCGACA	neuronal
CTTCCTTAGTCGTTAC	oligodendrocyte_OPC
CTTCCTTCAAGAGTTA	neuronal
CTTCCTTGTGATGGCA	microglia_immune
CTTCCTTTCACACCGG	neuronal
CTTCCTTTCTGCATGA	oligodendrocyte_OPC
CTTCGGTAGAAGCCAC	vascular
CTTCGGTAGATGACCG	oligodendrocyte_OPC
CTTCGGTCACAAAGCG	unresolved
CTTCGGTCACCATAAC	unresolved
CTTCTAAAGGTGTGAC	astrocyte
CTTCTAACAAGTGCAG	neuronal
CTTCTAACAGCACAGA	vascular
CTTCTAACATGCCGCA	neuronal
CTTCTAAGTAAGATCA	neuronal
CTTCTAAGTATTTCGG	unresolved
CTTCTAAGTCTACAAC	neuronal
CTTCTAAGTTTAGAGA	astrocyte
CTTCTAATCCGACAGC	astrocyte
CTTCTAATCGAGAAGC	microglia_immune
CTTCTCTAGCATAGGC	oligodendrocyte_OPC
CTTCTCTCAAGTATCC	ambiguous_or_doublet
CTTCTCTGTTATGGTC	neuronal
CTTCTCTGTTCTAAGC	oligodendrocyte_OPC
CTTCTCTGTTGAGAGC	unresolved
CTTCTCTGTTTCACTT	neuronal
CTTCTCTTCCCGATCT	astrocyte
CTTGAGAAGCGGATCA	oligodendrocyte_OPC
CTTGAGAAGCTCCGAC	unresolved
CTTGAGAAGTACCGGA	unresolved
CTTGAGACATGGAAGC	neuronal
CTTGAGAGTGTGATGG	astrocyte
CTTGAGAGTTTGAACC	oligodendrocyte_OPC
CTTGAGATCATCTATC	astrocyte
CTTGAGATCATGTCAG	unresolved
CTTGAGATCCTCTCGA	oligodendrocyte_OPC
CTTGAGATCCTGGTCT	neuronal
CTTGAGATCGAGAAAT	astrocyte
CTTGAGATCGAGTACT	oligodendrocyte_OPC
CTTGAGATCGATTCCC	oligodendrocyte_OPC
CTTGAGATCTGTCTCG	astrocyte
CTTGATTAGCTCCATA	astrocyte
CTTGATTCACCTCGTT	unresolved
CTTGATTGTACAGCGA	astrocyte
CTTGATTGTCGTTTCC	astrocyte
CTTGATTTCGGCTTCT	unresolved
CTTGATTTCTTCGTGC	unresolved
CTTTCAAAGCCAAGCA	ambiguous_or_doublet
CTTTCAAAGCCACTCG	oligodendrocyte_OPC
CTTTCAAAGCCGGAAT	unresolved
CTTTCAAAGCGCGTTC	oligodendrocyte_OPC
CTTTCAAGTACGATTC	neuronal
CTTTCAATCAAACGAA	neuronal
CTTTCGGAGAAGTGTT	neuronal
CTTTCGGAGAGATTCA	astrocyte
CTTTCGGAGCTTCGTA	microglia_immune
CTTTCGGTCACCATCC	neuronal
GAAACCTAGATGCTAA	oligodendrocyte_OPC
GAAACCTAGGCTTAAA	microglia_immune
GAAACCTAGGTTGGAC	neuronal
GAAACCTAGTCATCCA	astrocyte
GAAACCTCAGTCGCAC	oligodendrocyte_OPC
GAAACCTGTAGTCTTG	unresolved
GAAACCTGTCTCACAA	neuronal
GAAACCTGTTGTTGTG	astrocyte
GAAACCTTCCGTCAAA	neuronal
GAAACCTTCTGTCGCT	unresolved
GAAATGAAGATTGTGA	unresolved
GAAATGAAGCATACTC	oligodendrocyte_OPC
GAAATGACACGAAGAC	ambiguous_or_doublet
GAAATGACACTCACTC	neuronal
GAAATGACAGCGACAA	microglia_immune
GAAATGACATAATGAG	oligodendrocyte_OPC
GAAATGAGTAGGCAAC	unresolved
GAAATGAGTTTCACAG	unresolved
GAAATGATCACCGCTT	unresolved
GAACACTAGTCGCTAT	neuronal
GAACACTCATCGCTCT	unresolved
GAACACTGTAACTAAG	unresolved
GAACACTGTACGTTCA	astrocyte
GAACACTTCCCTATTA	oligodendrocyte_OPC
GAACACTTCCTTATAC	neuronal
GAACACTTCTAGGCCG	unresolved
GAACACTTCTTGCAAG	unresolved
GAACGTTAGATCGGTG	oligodendrocyte_OPC
GAACGTTAGCAATAGT	astrocyte
GAACGTTAGTGCAACG	oligodendrocyte_OPC
GAACGTTGTCATCCGG	oligodendrocyte_OPC
GAACGTTGTTGCCTAA	neuronal
GAACGTTTCACATACG	microglia_immune
GAACGTTTCATTTCGT	astrocyte
GAACTGTAGGTCATCT	astrocyte
GAACTGTAGTGCACCC	neuronal
GAACTGTCAACAGCCC	unresolved
GAACTGTCAACCGTGC	oligodendrocyte_OPC
GAACTGTCATGAGATA	vascular
GAACTGTGTGTTGAGG	oligodendrocyte_OPC
GAACTGTTCAAGTTGC	neuronal
GAACTGTTCGGTGTTA	neuronal
GAAGAATAGTGGAAGA	oligodendrocyte_OPC
GAAGAATGTCCTGGGT	neuronal
GAAGAATTCACCGGTG	unresolved
GAAGAATTCATAGAGA	unresolved
GAAGCCCAGTCCTACA	oligodendrocyte_OPC
GAAGCCCCACAATGTC	neuronal
GAAGCCCCAGGATTCT	unresolved
GAAGCCCCATCTCCCA	unresolved
GAAGCCCGTCCATAGT	oligodendrocyte_OPC
GAAGCCCGTGATTAGA	unresolved
GAAGCCCTCCACCTGT	oligodendrocyte_OPC
GAAGCCCTCCTGATAG	unresolved
GAAGCCCTCTGAGTCA	unresolved
GAAGCGAAGCAGCACA	ambiguous_or_doublet
GAAGCGAAGCTCTGTA	neuronal
GAAGCGAGTATTGAGA	oligodendrocyte_OPC
GAAGCGAGTTGCCGCA	unresolved
GAAGCGAGTTGGTACT	oligodendrocyte_OPC
GAAGCGATCCACGTCT	neuronal
GAAGCGATCCCGTAAA	unresolved
GAAGCGATCGGAAGGT	neuronal
GAAGGACAGATTGACA	neuronal
GAAGGACAGGCTCCCA	astrocyte
GAAGGACCATAACGGG	oligodendrocyte_OPC
GAAGGACCATATACCG	astrocyte
GAAGGACGTCACCGAC	neuronal
GAAGGACTCGTCTACC	oligodendrocyte_OPC
GAAGGACTCTACCACC	microglia_immune
GAAGGGTAGCAACAGC	neuronal
GAAGGGTAGTCTGCAT	microglia_immune
GAAGGGTCAAGCGATG	unresolved
GAAGGGTCAGAGTGAC	oligodendrocyte_OPC
GAAGGGTCAGCCGTTG	microglia_immune
GAAGGGTCATGAAGCG	oligodendrocyte_OPC
GAAGGGTCATGTTCGA	oligodendrocyte_OPC
GAAGGGTGTAGACGGT	oligodendrocyte_OPC
GAAGGGTGTGGGCTTC	unresolved
GAAGGGTGTGTCCTAA	astrocyte
GAAGGGTTCAACCGAT	astrocyte
GAAGGGTTCATGCCAA	astrocyte
GAAGGGTTCCCGAACG	oligodendrocyte_OPC
GAAGGGTTCTCGAACA	oligodendrocyte_OPC
GAAGTAAAGGCCACCT	unresolved
GAAGTAAAGGCTCTCG	microglia_immune
GAAGTAACATCCCACT	vascular
GAAGTAACATTCTGTT	neuronal
GAAGTAACATTGACAC	oligodendrocyte_OPC
GAAGTAAGTCTCGGAC	neuronal
GAAGTAATCAGCCCAG	astrocyte
GAAGTAATCGTTGCCT	oligodendrocyte_OPC
GAATAGAAGCTATCTG	unresolved
GAATAGAAGTGCACCC	unresolved
GAATAGAGTTAGGGTG	unresolved
GAATAGATCCAGTTCC	neuronal
GAATAGATCTCTCCGA	microglia_immune
GAATCACAGCTTCATG	neuronal
GAATCACAGTAAACTG	oligodendrocyte_OPC
GAATCACCAAGACCTT	unresolved
GAATCACGTTGGATCT	unresolved
GAATCACTCAACGAGG	microglia_immune
GAATCACTCAATCCAG	neuronal
GAATCACTCCTTGGAA	oligodendrocyte_OPC
GAATCACTCGGTCGAC	unresolved
GAATCGTAGAAGGATG	oligodendrocyte_OPC
GAATCGTAGAGAAGGT	neuronal
GAATCGTAGGGAGATA	astrocyte
GAATCGTAGTAGCAAT	oligodendrocyte_OPC
GAATCGTAGTCATGAA	vascular
GAATCGTGTGGACCTC	oligodendrocyte_OPC
GAATCGTGTGGCCCAT	neuronal
GAATCGTTCCATCTCG	oligodendrocyte_OPC
GAATCGTTCCCGAGAC	unresolved
GAATCGTTCTCGCGTT	unresolved
GACACGCCAGCCGTTG	astrocyte
GACACGCCAGCCTATA	vascular
GACACGCGTGACTATC	neuronal
GACACGCGTGGGCTTC	neuronal
GACACGCGTTCAGCGC	oligodendrocyte_OPC
GACACGCTCCACAGCG	oligodendrocyte_OPC
GACAGCCAGGCTGAAC	oligodendrocyte_OPC
GACAGCCAGTGCACTT	ambiguous_or_doublet
GACAGCCCACACGTGC	oligodendrocyte_OPC
GACAGCCCAGCAAGAC	oligodendrocyte_OPC
GACAGCCCAGGTGAGT	microglia_immune
GACAGCCGTAAGTTGA	astrocyte
GACAGCCGTACGGCAA	astrocyte
GACAGCCGTACGTGTT	microglia_immune
GACAGCCGTGGGACAT	unresolved
GACAGCCGTTGTGTTG	vascular
GACAGCCTCAACGTGT	oligodendrocyte_OPC
GACATCAAGACATAGT	microglia_immune
GACATCAAGATCGCCC	neuronal
GACATCACATGAGATA	astrocyte
GACATCAGTCTGCATA	unresolved
GACATCAGTGGTTCTA	neuronal
GACCAATCATCATCCC	microglia_immune
GACCAATGTAAGTTAG	unresolved
GACCAATTCCCGGTAG	oligodendrocyte_OPC
GACCAATTCTCCCAAC	unresolved
GACCCAGCATAGCACT	unresolved
GACCCAGGTTCGTAAC	neuronal
GACCCAGTCAGGTGTT	astrocyte
GACCCAGTCTAGACAC	astrocyte
GACCCTTAGCACAAAT	neuronal
GACCCTTAGGATTTGA	astrocyte
GACCCTTCACGACAAG	neuronal
GACCCTTCACGAGGTA	neuronal
GACCCTTGTAGGCTGA	unresolved
GACCCTTGTGTTTGCA	unresolved
GACCCTTGTTCAAACC	astrocyte
GACCCTTTCCATCTAT	neuronal
GACCCTTTCGGTCGAC	vascular
GACCCTTTCGTCGGGT	oligodendrocyte_OPC
GACCGTGAGCGTCTGC	oligodendrocyte_OPC
GACCGTGAGTGGAAGA	ambiguous_or_doublet
GACCGTGCACGCGTCA	oligodendrocyte_OPC
GACCGTGGTCAAGCCC	unresolved
GACCGTGGTCACTAGT	neuronal
GACCGTGGTTACCCTC	neuronal
GACCGTGTCGAAGAAT	oligodendrocyte_OPC
GACCTTCAGCTCGACC	unresolved
GACCTTCAGGACAGTC	unresolved
GACCTTCGTACATACC	astrocyte
GACCTTCGTGGCTTGC	oligodendrocyte_OPC
GACCTTCGTTCTAAGC	oligodendrocyte_OPC
GACCTTCTCGGAGATG	oligodendrocyte_OPC
GACCTTCTCGTGCACG	astrocyte
GACGCTGGTACGCTTA	oligodendrocyte_OPC
GACGCTGGTGGTCCCA	vascular
GACGCTGTCATGAGAA	oligodendrocyte_OPC
GACGTTAAGACTCAAA	astrocyte
GACGTTAAGCATTTGC	unresolved
GACGTTAAGTCGGCAA	neuronal
GACGTTACATAATGCC	neuronal
GACGTTATCAACGAGG	neuronal
GACGTTATCAACTGGT	oligodendrocyte_OPC
GACGTTATCGATACTG	neuronal
GACTATGAGGCGAACT	astrocyte
GACTATGAGGCGAAGG	neuronal
GACTATGAGGTAGACC	oligodendrocyte_OPC
GACTATGCAAGTTTGC	neuronal
GACTATGCACAGTCAT	unresolved
GACTATGCACCGTGGT	neuronal
GACTATGCAGGACAGT	neuronal
GACTATGGTCTACACA	ambiguous_or_doublet
GACTATGGTGAAGCGT	oligodendrocyte_OPC
GACTATGGTTCTCGTC	oligodendrocyte_OPC
GACTCAAGTTAGGCTT	oligodendrocyte_OPC
GACTCAATCCACCCTA	neuronal
GACTCAATCGACCTAA	microglia_immune
GACTCAATCGTACCTC	oligodendrocyte_OPC
GACTCTCAGAATGTTG	neuronal
GACTCTCCAACACGAG	neuronal
GACTCTCCATTCCTCG	unresolved
GACTCTCGTTGTTGTG	vascular
GACTCTCTCAGCTTCC	oligodendrocyte_OPC
GACTCTCTCATGCTAG	unresolved
GACTCTCTCGTGTGAT	neuronal
GACTCTCTCTGCTCTG	astrocyte
GACTGATGTGTTATCG	unresolved
GACTGATGTGTTCGTA	oligodendrocyte_OPC
GACTGATTCCTTCGAC	microglia_immune
GACTTCCAGCTTGTGT	unresolved
GACTTCCCACTACAGT	unresolved
GACTTCCCAGATACCT	astrocyte
GACTTCCCAGCGACAA	oligodendrocyte_OPC
GACTTCCCATTGTGCA	vascular
GACTTCCTCAAGCTTG	neuronal
GACTTCCTCGTGAGAG	oligodendrocyte_OPC
GACTTCCTCGTTCTAT	vascular
GAGAAATAGAAACCCG	oligodendrocyte_OPC
GAGAAATAGAATCCCT	unresolved
GAGAAATAGCCATGCC	neuronal
GAGAAATAGGCATCGA	astrocyte
GAGAAATAGGGAGGCA	neuronal
GAGAAATCAAGTCCCG	oligodendrocyte_OPC
GAGAAATCACGTCTCT	microglia_immune
GAGAAATGTCGTATTG	unresolved
GAGAAATGTGGGTCAA	unresolved
GAGAAATGTTTCGATG	neuronal
GAGAAATTCTCGCGTT	unresolved
GAGACCCAGCGAGTAC	neuronal
GAGACCCAGGCCTGCT	microglia_immune
GAGACCCAGTACAGAT	oligodendrocyte_OPC
GAGACCCCACATACGT	neuronal
GAGACCCCACGGTGCT	vascular
GAGACCCCATAACCCA	neuronal
GAGACCCGTAGGAGGG	oligodendrocyte_OPC
GAGACCCGTTACCGTA	astrocyte
GAGACCCGTTCCGCGA	neuronal
GAGACCCGTTCGAAGG	astrocyte
GAGACCCTCAGTGTTG	neuronal
GAGACCCTCCTCTCTT	unresolved
GAGACCCTCGAGTCTA	oligodendrocyte_OPC
GAGACCCTCTCCTGTG	oligodendrocyte_OPC
GAGACCCTCTCTCGCA	oligodendrocyte_OPC
GAGACTTAGATGGTCG	neuronal
GAGACTTCAAGTGGAC	neuronal
GAGACTTGTACCTTCC	oligodendrocyte_OPC
GAGACTTGTACGTGAG	microglia_immune
GAGACTTGTGCAGTGA	astrocyte
GAGACTTTCTATACTC	vascular
GAGAGGTAGCGACTGA	unresolved
GAGAGGTAGTGGACGT	oligodendrocyte_OPC
GAGAGGTCACACTTAG	neuronal
GAGAGGTCATCTATCT	oligodendrocyte_OPC
GAGAGGTGTACGCGTC	neuronal
GAGAGGTGTCTCGACG	oligodendrocyte_OPC
GAGAGGTGTTGTCATG	oligodendrocyte_OPC
GAGAGGTTCACCTGGG	astrocyte
GAGAGGTTCCGGACTG	oligodendrocyte_OPC
GAGATGGCAGGTGGAT	unresolved
GAGATGGGTCAAGCGA	neuronal
GAGATGGGTGAATATG	neuronal
GAGCCTGAGTGTGTTC	neuronal
GAGCCTGAGTTGTCAC	ambiguous_or_doublet
GAGCCTGCAAGACGAC	neuronal
GAGCCTGGTAATCAGA	oligodendrocyte_OPC
GAGCCTGGTCAGGTGA	oligodendrocyte_OPC
GAGCCTGGTCGCATCG	microglia_immune
GAGCCTGGTCTCCCTA	astrocyte
GAGCCTGGTTAGAGTA	neuronal
GAGCCTGTCCAGTGTA	astrocyte
GAGCCTGTCCTACGAA	neuronal
GAGCTGCGTACACGCC	astrocyte
GAGCTGCGTCAAAGCG	oligodendrocyte_OPC
GAGCTGCGTGTCATTG	microglia_immune
GAGCTGCTCATCACTT	unresolved
GAGCTGCTCCAGTGTA	neuronal
GAGGCAACACCGAATT	unresolved
GAGGCAACACCTAAAC	astrocyte
GAGGCAACACTGTGTA	oligodendrocyte_OPC
GAGGCAACAGACCCGT	astrocyte
GAGGCAAGTAAGATCA	astrocyte
GAGGCAAGTATATGGA	astrocyte
GAGGCAAGTCTGATAC	oligodendrocyte_OPC
GAGGCCTAGAATCGAT	astrocyte
GAGGCCTAGGTGAGCT	oligodendrocyte_OPC
GAGGCCTAGTGTTGTC	unresolved
GAGGCCTCAATCACGT	microglia_immune
GAGGCCTCACCACATA	ambiguous_or_doublet
GAGGCCTCACTTGGGC	neuronal
GAGGCCTGTAATACCC	oligodendrocyte_OPC
GAGGCCTGTACGAAAT	oligodendrocyte_OPC
GAGGCCTGTGTTGAGG	ambiguous_or_doublet
GAGGCCTTCCTTATCA	oligodendrocyte_OPC
GAGGGATAGCCAACCC	neuronal
GAGGGATAGTTGTAGA	neuronal
GAGGGATCACGTACAT	oligodendrocyte_OPC
GAGGGATGTAGCTTTG	oligodendrocyte_OPC
GAGGGATGTCCAAATC	oligodendrocyte_OPC
GAGGGATTCACATACG	astrocyte
GAGGGATTCACCGGGT	unresolved
GAGGGATTCCACGGAC	astrocyte
GAGGGTACAACCGATT	oligodendrocyte_OPC
GAGGGTACACAGCATT	unresolved
GAGGGTAGTTACGATC	neuronal
GAGTCATGTTACCCAA	unresolved
GAGTCATTCTCACGAA	unresolved
GAGTCTAAGAAGTCAT	oligodendrocyte_OPC
GAGTCTAAGCTGTTCA	oligodendrocyte_OPC
GAGTCTAAGCTTGTTG	astrocyte
GAGTCTAAGGACAGCT	astrocyte
GAGTCTAGTGGTAATA	astrocyte
GAGTCTAGTTGCTAGT	unresolved
GAGTCTATCCGCAGTG	oligodendrocyte_OPC
GAGTCTATCGCCATAA	astrocyte
GAGTGAGAGATGACAT	neuronal
GAGTGAGAGGGACTGT	microglia_immune
GAGTGAGAGTTTGCTG	astrocyte
GAGTGAGCAAGTGGAC	ambiguous_or_doublet
GAGTGAGCACGTATAC	unresolved
GAGTGAGGTCTTCATT	astrocyte
GAGTGAGTCCTTACCG	astrocyte
GAGTGTTCAAGTGGAC	neuronal
GAGTGTTGTGATTGGG	astrocyte
GAGTGTTGTTCGGCCA	neuronal
GAGTTACGTACGAGCA	oligodendrocyte_OPC
GAGTTACGTGTCCGGT	neuronal
GAGTTACGTTAGGGAC	oligodendrocyte_OPC
GAGTTACTCCAACTAG	oligodendrocyte_OPC
GAGTTGTAGAGCACTG	neuronal
GAGTTGTAGGAGACCT	astrocyte
GAGTTGTGTACTCAAC	unresolved
GAGTTGTGTCACTACA	oligodendrocyte_OPC
GAGTTGTGTTAAAGTG	oligodendrocyte_OPC
GAGTTGTTCCGCAACG	oligodendrocyte_OPC
GAGTTGTTCGCTCTCA	astrocyte
GAGTTGTTCGTTTACT	astrocyte
GAGTTGTTCTAGACCA	unresolved
GAGTTGTTCTCTGCTG	astrocyte
GAGTTTGAGGGCAACT	unresolved
GAGTTTGAGTAGAATC	oligodendrocyte_OPC
GAGTTTGAGTTGGACG	oligodendrocyte_OPC
GAGTTTGCAGGCATGA	neuronal
GAGTTTGCAGTAGATA	oligodendrocyte_OPC
GAGTTTGGTCCACAGC	neuronal
GAGTTTGGTCGATGCC	unresolved
GAGTTTGGTTTCGACA	unresolved
GATAGAAAGCCATGCC	astrocyte
GATAGAAGTAACTTCG	unresolved
GATAGAATCAGTGTGT	neuronal
GATAGAATCGCTATTT	unresolved
GATAGAATCGGCCTTT	unresolved
GATAGCTAGGGCAATC	vascular
GATAGCTAGGTTGCCC	astrocyte
GATAGCTCAATAACCC	neuronal
GATAGCTCACTAGAGG	neuronal
GATAGCTCACTTCATT	neuronal
GATAGCTCATAAGCGG	neuronal
GATAGCTCATTGACAC	unresolved
GATAGCTGTATAGGGC	neuronal
GATAGCTGTCTCCTGT	neuronal
GATAGCTGTTATGACC	neuronal
GATAGCTTCAACCGAT	unresolved
GATAGCTTCGCCTATC	unresolved
GATAGCTTCTGCAGCG	oligodendrocyte_OPC
GATCACACAAACCGGA	astrocyte
GATCACACACAAGCCC	astrocyte
GATCACAGTACTGAGG	neuronal
GATCACAGTAGCGCTC	neuronal
GATCACATCCCTCGAT	unresolved
GATCACATCGGTCACG	unresolved
GATCAGTAGGATGGCT	astrocyte
GATCAGTAGGGTGAGG	oligodendrocyte_OPC
GATCAGTCACAACGTT	vascular
GATCAGTCATTGTGCA	neuronal
GATCAGTGTGCATCTA	neuronal
GATCAGTGTTCGGTTA	astrocyte
GATCAGTTCGAGATGG	oligodendrocyte_OPC
GATCATGAGGCTCACC	astrocyte
GATCATGAGGGCCCTT	oligodendrocyte_OPC
GATCATGCAATGGGTG	oligodendrocyte_OPC
GATCATGCAGACTCTA	neuronal
GATCATGCAGCACCCA	oligodendrocyte_OPC
GATCATGCAGTCAGTT	neuronal
GATCATGGTATAATGG	unresolved
GATCATGGTCGAATGG	astrocyte
GATCATGGTCGCATGC	astrocyte
GATCATGTCGAATCCA	unresolved
GATCCCTAGAGGTATT	neuronal
GATCCCTAGGCACTCC	oligodendrocyte_OPC
GATCCCTCACTGCTTC	neuronal
GATCCCTCATCAACCA	unresolved
GATCCCTGTAACTGCT	astrocyte
GATCCCTTCGGCGATC	oligodendrocyte_OPC
GATCGTAAGGTCGTCC	microglia_immune
GATCGTAAGTGGTGAC	unresolved
GATCGTACAAGAAATC	unresolved
GATCGTACATGAGTAA	unresolved
GATCGTAGTACTGCGC	astrocyte
GATCGTATCACGAGGA	unresolved
GATCGTATCGAGTCCG	unresolved
GATCGTATCGCGTCGA	unresolved
GATGACTAGATTGCGG	neuronal
GATGACTAGGGATCTG	astrocyte
GATGACTAGTGGTGAC	vascular
GATGACTCACTTGAAC	astrocyte
GATGACTGTATTCTCT	oligodendrocyte_OPC
GATGACTGTCTTAGTG	microglia_immune
GATGACTGTGATTCTG	oligodendrocyte_OPC
GATGACTGTTATTCTC	oligodendrocyte_OPC
GATGACTGTTGGACTT	microglia_immune
GATGACTTCACATACG	unresolved
GATGAGGAGAGTTGCG	unresolved
GATGAGGCAATCCTTT	microglia_immune
GATGAGGCATCACGGC	neuronal
GATGAGGTCATCGCAA	neuronal
GATGAGGTCGTTCTCG	unresolved
GATGAGGTCTGCTAGA	oligodendrocyte_OPC
GATGATCCAATCCTAG	vascular
GATGATCTCTCCAATT	astrocyte
GATGCTAAGAAACTGT	unresolved
GATGCTAAGAGCTGAC	unresolved
GATGCTACACAACGTT	oligodendrocyte_OPC
GATGCTACACAGTATC	astrocyte
GATGCTAGTCTACACA	astrocyte
GATGCTATCAGCTGTA	astrocyte
GATGCTATCTCTGGTC	neuronal
GATGGAGAGAGTCTGG	oligodendrocyte_OPC
GATGGAGGTATGATCC	unresolved
GATGGAGGTATGTCAC	unresolved
GATGGAGGTCGAGTTT	vascular
GATGGAGGTTCAAACC	oligodendrocyte_OPC
GATGGAGTCCTACGGG	astrocyte
GATGTTGAGCAACAGC	astrocyte
GATGTTGAGCCGCACT	microglia_immune
GATGTTGAGCCTGACC	oligodendrocyte_OPC
GATGTTGAGGAGATAG	oligodendrocyte_OPC
GATGTTGCACGACGTC	neuronal
GATGTTGCAGAATCGG	unresolved
GATGTTGGTCGACGCT	oligodendrocyte_OPC
GATGTTGGTGCAACGA	astrocyte
GATGTTGTCGCTCTCA	astrocyte
GATGTTGTCGTAGCCG	neuronal
GATGTTGTCTACACAG	oligodendrocyte_OPC
GATTCGAAGATACATG	astrocyte
GATTCGAAGGTACATA	unresolved
GATTCGACAAAGGAGA	neuronal
GATTCGACAGCATACT	ambiguous_or_doublet
GATTCGACAGGACTAG	unresolved
GATTCGACAGGCTATT	oligodendrocyte_OPC
GATTCGAGTACCCGCA	oligodendrocyte_OPC
GATTCGAGTATCAGCT	neuronal
GATTCGAGTATGGAGC	unresolved
GATTCGAGTGATTGGG	unresolved
GATTCGATCGACACCG	vascular
GATTCTTAGGTCGCCT	neuronal
GATTCTTAGTAGCATA	astrocyte
GATTCTTGTATCAGGG	astrocyte
GATTCTTGTCTTGAGT	unresolved
GATTCTTGTGAGACCA	unresolved
GATTCTTGTTTAGAGA	astrocyte
GATTCTTTCACCATAG	unresolved
GATTCTTTCATCTCTA	astrocyte
GATTCTTTCGTTGTGA	oligodendrocyte_OPC
GATTCTTTCTGGCTGG	oligodendrocyte_OPC
GATTGGTAGAAACCCG	neuronal
GATTGGTAGGAGCTGT	unresolved
GATTGGTAGGGAGTTC	neuronal
GATTGGTAGGGATCTG	unresolved
GATTGGTAGGTCACCC	astrocyte
GATTGGTAGTTTAGGA	astrocyte
GATTGGTCAAAGTGTA	unresolved
GATTGGTCAAATGGCG	unresolved
GATTGGTCAAGAATAC	oligodendrocyte_OPC
GATTGGTCATGACAGG	neuronal
GATTGGTGTCAGACGA	oligodendrocyte_OPC
GATTGGTTCCACTTTA	oligodendrocyte_OPC
GATTGGTTCTTACGTT	neuronal
GATTTCTGTGTTCCTC	unresolved
GATTTCTTCAGAGTTC	oligodendrocyte_OPC
GATTTCTTCCTAGCCT	neuronal
GATTTCTTCTTCGCTG	neuronal
GCAACATAGACCTTTG	oligodendrocyte_OPC
GCAACATCACGGGCTT	unresolved
GCAACATCATATGCGT	oligodendrocyte_OPC
GCAACATGTAAGATAC	neuronal
GCAACATGTATCAAGA	oligodendrocyte_OPC
GCAACATTCTCTGCCA	oligodendrocyte_OPC
GCAACCGAGCCAAGTG	oligodendrocyte_OPC
GCAACCGAGGGAACAA	unresolved
GCAACCGAGTGAATAC	neuronal
GCAACCGCAGCGTTTA	neuronal
GCAACCGCATTAAAGG	neuronal
GCAACCGTCAAGGCTT	oligodendrocyte_OPC
GCAACCGTCTCCGAAA	oligodendrocyte_OPC
GCACATATCCGACATA	unresolved
GCACATATCGTTCTAT	neuronal
GCACGGTAGACTTCCA	unresolved
GCACGGTAGTGCCCGT	unresolved
GCACGGTCAACAGAGC	unresolved
GCACGGTCATGTGGTT	astrocyte
GCACGGTGTATTAAGG	vascular
GCACGGTGTTTACCAG	unresolved
GCACGGTTCATGTCTT	neuronal
GCACGGTTCGTAACAC	unresolved
GCACGGTTCTTACTGT	astrocyte
GCACGTGCAATCACGT	oligodendrocyte_OPC
GCACGTGCACATTCGA	unresolved
GCACGTGCACGCTTAA	oligodendrocyte_OPC
GCACGTGCATCGATAC	neuronal
GCACGTGGTCGGAAAC	unresolved
GCACGTGGTTACTCAG	astrocyte
GCACTAAAGGCCACCT	vascular
GCACTAACAATGGGTG	oligodendrocyte_OPC
GCACTAACACTGAATC	vascular
GCACTAAGTGAGATCG	vascular
GCACTAATCAGACATC	oligodendrocyte_OPC
GCACTAATCTAGACCA	oligodendrocyte_OPC
GCAGCCACAAGTAGTA	neuronal
GCAGCCACAGAGTGAC	oligodendrocyte_OPC
GCAGCCACATGACAGG	neuronal
GCAGCCAGTACGTACT	ambiguous_or_doublet
GCAGCCATCCCGATCT	vascular
GCAGCCATCCGAGTGC	unresolved
GCAGCTGAGAATCGCG	unresolved
GCAGCTGAGGCTGGAT	unresolved
GCAGCTGAGTGAGCCA	neuronal
GCAGCTGCAAATGGTA	vascular
GCAGCTGCACAATCTG	unresolved
GCAGCTGGTTAAGGGC	oligodendrocyte_OPC
GCAGCTGTCGACATTG	oligodendrocyte_OPC
GCAGGCTAGGCACAAC	unresolved
GCAGGCTAGGCATCAG	unresolved
GCAGGCTCACATGTTG	oligodendrocyte_OPC
GCAGGCTCAGCACAGA	neuronal
GCAGGCTGTATCTTCT	oligodendrocyte_OPC
GCAGGCTGTCCACTCT	oligodendrocyte_OPC
GCAGGCTGTCCGACGT	oligodendrocyte_OPC
GCAGGCTGTTCTCCAC	neuronal
GCAGTTAAGATTCGAA	oligodendrocyte_OPC
GCAGTTAAGCTCGAAG	microglia_immune
GCAGTTAAGTGGTGAC	astrocyte
GCAGTTACAGGACATG	unresolved
GCAGTTAGTAAGGCTG	neuronal
GCAGTTAGTCTCAAGT	neuronal
GCAGTTATCCGATTAG	neuronal
GCAGTTATCCGTACGG	astrocyte
GCAGTTATCTGAGTCA	neuronal
GCATCGGAGAACCCGA	unresolved
GCATCGGAGACGGAAA	unresolved
GCATCGGAGCAATTAG	oligodendrocyte_OPC
GCATCGGAGGCTAGCA	vascular
GCATCGGAGGTGCGAT	oligodendrocyte_OPC
GCATCGGGTGTCTTCC	ambiguous_or_doublet
GCATCGGTCCTTATAC	unresolved
GCATCTCAGCCGATAG	unresolved
GCATCTCCAGACTCTA	astrocyte
GCATCTCGTAACAAGT	neuronal
GCATCTCGTACGAAAT	unresolved
GCATCTCGTCAGCTTA	microglia_immune
GCATCTCTCACATACG	oligodendrocyte_OPC
GCATCTCTCGAAACAA	vascular
GCATCTCTCTTACGGA	oligodendrocyte_OPC
GCATGATAGTATCCTG	astrocyte
GCATGATCAGCCGTTG	oligodendrocyte_OPC
GCATGATCATTCTCCG	unresolved
GCATGATGTATCATGC	unresolved
GCATGATGTGTCTTAG	astrocyte
GCATGATTCCGTATAG	unresolved
GCATGATTCTAGCAAC	vascular
GCATTAGCAACCTATG	neuronal
GCATTAGTCCAGCAAT	oligodendrocyte_OPC
GCATTAGTCCCGTTGT	oligodendrocyte_OPC
GCATTAGTCTCGTGGG	astrocyte
GCCAACGAGGCACCAA	oligodendrocyte_OPC
GCCAACGCACATACGT	oligodendrocyte_OPC
GCCAACGCATAGGTAA	oligodendrocyte_OPC
GCCAACGGTCAGGTGA	oligodendrocyte_OPC
GCCAACGGTCCAAGAG	unresolved
GCCAACGGTGAATATG	ambiguous_or_doublet
GCCAACGGTGCTATTG	vascular
GCCAACGGTTCCTACC	unresolved
GCCAGCAAGGGCGAAG	neuronal
GCCAGCAAGTGCTCAT	oligodendrocyte_OPC
GCCAGCACATGGCGCT	oligodendrocyte_OPC
GCCAGCACATTACGGT	astrocyte
GCCAGCAGTACCGTGC	astrocyte
GCCAGCAGTGAACCGA	unresolved
GCCAGCAGTGTCATGT	unresolved
GCCAGGTAGCCAGTAG	oligodendrocyte_OPC
GCCAGGTCAACGGCCT	oligodendrocyte_OPC
GCCAGGTCAGGTGAGT	neuronal
GCCAGGTGTTGCTGAT	astrocyte
GCCAGGTTCATTCCTA	unresolved
GCCAGTGAGGTCGTAG	unresolved
GCCAGTGCAAATCGTC	oligodendrocyte_OPC
GCCAGTGCACCGCTAG	oligodendrocyte_OPC
GCCAGTGGTCCATAGT	astrocyte
GCCAGTGGTCTGGTTA	neuronal
GCCAGTGGTGCGTGCT	neuronal
GCCAGTGGTGCTCGTG	oligodendrocyte_OPC
GCCAGTGGTTAATCGC	neuronal
GCCAGTGGTTATGGTC	neuronal
GCCAGTGTCTTGCGCT	unresolved
GCCATGGAGGAGCAAA	unresolved
GCCATGGCACCTTCGT	oligodendrocyte_OPC
GCCATGGCACTGGCCA	oligodendrocyte_OPC
GCCATGGCAGGTCAGA	oligodendrocyte_OPC
GCCATGGGTCCGAAAG	neuronal
GCCATGGGTCGGTAAG	astrocyte
GCCATGGGTCTGTCAA	unresolved
GCCATGGGTGGAGGTT	astrocyte
GCCATGGGTTCCAAAC	oligodendrocyte_OPC
GCCATGGTCCGTGACG	microglia_immune
GCCATGGTCGGTGAAG	astrocyte
GCCATTCAGAAGGTAG	neuronal
GCCATTCAGGAGCTGT	neuronal
GCCATTCCAACGAGGT	unresolved
GCCATTCCACCAACAT	neuronal
GCCATTCCACGACTAT	neuronal
GCCATTCCACTAGAGG	neuronal
GCCATTCGTCCTTGTC	ambiguous_or_doublet
GCCATTCGTCTTGCTC	microglia_immune
GCCATTCTCCGTAGTA	oligodendrocyte_OPC
GCCATTCTCTCCGTGT	oligodendrocyte_OPC
GCCCAGAAGAGATTCA	unresolved
GCCCAGAAGCTAGTTC	vascular
GCCCAGAAGTCTTCCC	vascular
GCCCAGACACCCAAGC	astrocyte
GCCCAGACAGTTGTCA	oligodendrocyte_OPC
GCCCAGAGTACCTAAC	neuronal
GCCCAGAGTCGTATTG	unresolved
GCCCAGAGTGCGCTCA	astrocyte
GCCCAGATCTATCACT	unresolved
GCCCGAAAGGACTTCT	unresolved
GCCCGAACAATACGAA	neuronal
GCCCGAACAATTGCCA	neuronal
GCCCGAACAGTTGCGC	astrocyte
GCCCGAACATGGAATA	unresolved
GCCCGAAGTGTAAACA	astrocyte
GCCCGAAGTTCACCGG	unresolved
GCCCGAATCTTACCAT	astrocyte
GCCCGAATCTTGGTCC	unresolved
GCCGATGAGCTCCCTT	oligodendrocyte_OPC
GCCGATGCACGACAGA	microglia_immune
GCCGATGGTCATCCCT	neuronal
GCCGATGTCCACCCTA	oligodendrocyte_OPC
GCCGTGACAAACTCTG	unresolved
GCCGTGACACCCAAGC	astrocyte
GCCGTGACAGGCGATA	neuronal
GCCGTGACATTGCAAC	unresolved
GCCGTGAGTGATGAAT	unresolved
GCCGTGATCCCGAAAT	neuronal
GCCGTGATCCTTCACG	neuronal
GCCGTGATCGGCCAAC	astrocyte
GCCTGTTAGAAATGGG	unresolved
GCCTGTTAGACGCAGT	oligodendrocyte_OPC
GCCTGTTAGCCGAACA	unresolved
GCCTGTTAGCTAGCCC	neuronal
GCCTGTTAGTATCTGC	oligodendrocyte_OPC
GCCTGTTAGTCAGCGA	oligodendrocyte_OPC
GCCTGTTCAGAGCTAG	astrocyte
GCCTGTTGTGAAAGTT	unresolved
GCCTGTTGTTCAGGTT	astrocyte
GCCTGTTGTTTCGTTT	unresolved
GCCTGTTTCCCAGGCA	unresolved
GCCTGTTTCTACTGCC	oligodendrocyte_OPC
GCGAGAAAGGGTAATT	astrocyte
GCGAGAACAGCGACCT	oligodendrocyte_OPC
GCGAGAAGTAATGCGG	microglia_immune
GCGATCGAGAAACTAC	unresolved
GCGATCGAGCTTAGTC	neuronal
GCGATCGCACCAGACC	oligodendrocyte_OPC
GCGATCGGTAAGGAGA	neuronal
GCGATCGTCCGAACGC	unresolved
GCGATCGTCGACGATT	oligodendrocyte_OPC
GCGATCGTCGAGATAA	oligodendrocyte_OPC
GCGGAAAAGAAGTATC	neuronal
GCGGAAAAGATTGGGC	astrocyte
GCGGAAAAGTTTGAGA	neuronal
GCGGAAACATACCATG	neuronal
GCGGAAAGTCGTACAT	oligodendrocyte_OPC
GCGGAAAGTTCGGACC	unresolved
GCGGAAATCATTACTC	unresolved
GCGGAAATCCTGCCAT	neuronal
GCGGAAATCGGCTTGG	astrocyte
GCGGAAATCTTTGCGC	unresolved
GCGGATCAGAGTGGCT	unresolved
GCGGATCCAAGTATCC	astrocyte
GCGGATCGTAATTGGA	oligodendrocyte_OPC
GCGGATCGTGTCATTG	oligodendrocyte_OPC
GCGGATCTCGTCTAAG	astrocyte
GCGTGCAAGCCGGAAT	neuronal
GCGTGCAAGCTCCGAC	vascular
GCGTGCAAGGGTTAGC	astrocyte
GCGTGCAAGTTAACGA	oligodendrocyte_OPC
GCGTGCACAAGAAACT	neuronal
GCGTGCACAATTGAGA	astrocyte
GCGTGCACAGAGGCTA	oligodendrocyte_OPC
GCGTGCACAGGAAGTC	oligodendrocyte_OPC
GCGTGCACATCTCATT	astrocyte
GCGTGCAGTATGAGAT	unresolved
GCGTGCAGTGTGTGGA	neuronal
GCGTGCAGTTGGCCTG	astrocyte
GCGTGCATCAGCTTCC	neuronal
GCGTGCATCCGCGAGT	oligodendrocyte_OPC
GCGTGCATCGAGCCTG	astrocyte
GCGTGCATCTTCGGAA	neuronal
GCGTTTCCATTAAGCC	neuronal
GCGTTTCTCAAGCGTT	oligodendrocyte_OPC
GCGTTTCTCGTCAAAC	astrocyte
GCGTTTCTCTTGTTAC	astrocyte
GCTACAAAGTATGGAT	unresolved
GCTACAACAAATGATG	astrocyte
GCTACAACAAGTCCCG	unresolved
GCTACAAGTCACAGTT	oligodendrocyte_OPC
GCTACAAGTCAGATTC	neuronal
GCTACAAGTGGTTTGT	astrocyte
GCTACAAGTGTCCACG	astrocyte
GCTACAAGTTTGGCTA	neuronal
GCTACAATCATGGTAC	unresolved
GCTACAATCTCATTAC	neuronal
GCTACCTAGAAAGCGA	unresolved
GCTACCTAGGTCCCGT	oligodendrocyte_OPC
GCTACCTAGTGATGGC	neuronal
GCTACCTAGTGCGTCC	unresolved
GCTACCTCAGTGGGTA	astrocyte
GCTACCTGTAGCTGTT	oligodendrocyte_OPC
GCTACCTGTCGAGCAA	oligodendrocyte_OPC
GCTACCTGTCGTACTA	vascular
GCTACCTGTGGCTTGC	microglia_immune
GCTACCTGTTAACAGA	microglia_immune
GCTACCTGTTGCAACT	oligodendrocyte_OPC
GCTACCTTCAGCGCGT	unresolved
GCTACCTTCATCGTAG	oligodendrocyte_OPC
GCTACCTTCCCATAGA	oligodendrocyte_OPC
GCTACCTTCGGCTGGT	astrocyte
GCTCAAACACTCAAGT	unresolved
GCTCAAACAGCGCGTT	astrocyte
GCTCAAAGTCAGGTAG	microglia_immune
GCTCAAAGTCGGCACT	unresolved
GCTCAAATCATTATCC	astrocyte
GCTGAATAGCGCATCC	astrocyte
GCTGAATCACCACATA	oligodendrocyte_OPC
GCTGAATCAGCTGTCG	neuronal
GCTGAATGTACACGCC	unresolved
GCTGAATGTCAAGCCC	oligodendrocyte_OPC
GCTGAATGTGTAAACA	oligodendrocyte_OPC
GCTGCAGAGACAGCTG	neuronal
GCTGCAGAGATGAACT	unresolved
GCTGCAGAGGTAGTAT	unresolved
GCTGCAGAGTAGACCG	ambiguous_or_doublet
GCTGCAGCACGTCATA	oligodendrocyte_OPC
GCTGCAGCATTCGATG	neuronal
GCTGCAGGTCTAGGTT	oligodendrocyte_OPC
GCTGCAGGTGTCTAAC	astrocyte
GCTGCAGTCACAATGC	microglia_immune
GCTGCAGTCTGAATCG	neuronal
GCTGCAGTCTTACACT	unresolved
GCTGGGTAGGTCACTT	microglia_immune
GCTGGGTCACGTCGTG	astrocyte
GCTGGGTCAGCAGTGA	astrocyte
GCTGGGTCATCTAACG	unresolved
GCTGGGTGTACCTATG	astrocyte
GCTTCACAGCGGCTCT	unresolved
GCTTCACAGTCGGCCT	neuronal
GCTTCACCACGCTGTG	neuronal
GCTTCACCATCTTTCA	neuronal
GCTTCACGTAGGACTG	microglia_immune
GCTTGGGAGAACTGAT	neuronal
GCTTGGGCAAGGTTGG	neuronal
GCTTGGGGTAGTAAGT	vascular
GCTTGGGGTCTAACTG	oligodendrocyte_OPC
GCTTGGGGTGTGCTTA	astrocyte
GCTTGGGGTTCTGAGT	astrocyte
GCTTGGGTCAGATGCT	neuronal
GCTTGGGTCATTACGG	vascular
GCTTGGGTCCCTCGTA	neuronal
GCTTGGGTCGTTAGAC	unresolved
GCTTGGGTCTCGGTAA	oligodendrocyte_OPC
GCTTTCGAGCGGATCA	neuronal
GCTTTCGCAGTCAACT	astrocyte
GCTTTCGGTTCATCGA	unresolved
GCTTTCGTCGCTCCTA	neuronal
GGAACCCAGAGTAACT	astrocyte
GGAACCCCACACTGGC	astrocyte
GGAACCCCAGTGACCC	unresolved
GGAACCCCAGTTGAAA	astrocyte
GGAACCCCATGGCGCT	unresolved
GGAACCCGTTGGGTAG	unresolved
GGAACCCTCACTTATC	neuronal
GGAAGTGCACTCCTTG	unresolved
GGAAGTGCATAGATGA	oligodendrocyte_OPC
GGAAGTGCATGACGGA	astrocyte
GGAAGTGGTCCGTACG	unresolved
GGAAGTGGTGCAGTGA	unresolved
GGAAGTGTCCGATAGT	astrocyte
GGAAGTGTCCTGTACC	oligodendrocyte_OPC
GGAATCTCAGAGATTA	unresolved
GGAATCTCAGGGATAC	oligodendrocyte_OPC
GGAATCTGTCCCTGTT	oligodendrocyte_OPC
GGAATCTGTGTCTCCT	vascular
GGAATCTTCCCATACC	astrocyte
GGAATCTTCGAAGGAC	neuronal
GGAATGGCACAATGTC	neuronal
GGAATGGCACAGCTGC	astrocyte
GGAATGGGTGTCCCTT	astrocyte
GGAATGGTCCTCTCTT	astrocyte
GGAATGGTCTAGTGAC	neuronal
GGAATGGTCTTTCTAG	oligodendrocyte_OPC
GGACGTCAGGGTCTTT	astrocyte
GGACGTCCAACATACC	astrocyte
GGACGTCCAGGCCCTA	ambiguous_or_doublet
GGACGTCGTACGTGTT	oligodendrocyte_OPC
GGACGTCGTATAATGG	oligodendrocyte_OPC
GGACGTCGTGGTTTAC	microglia_immune
GGACGTCTCGCTAAAC	oligodendrocyte_OPC
GGACGTCTCTCGGTAA	neuronal
GGAGAACAGGCTCAAG	neuronal
GGAGAACAGGGCCTCT	oligodendrocyte_OPC
GGAGAACAGTTGGAGC	unresolved
GGAGAACGTAGGTACG	unresolved
GGAGAACGTCTTAGTG	oligodendrocyte_OPC
GGAGAACGTTTCCAAG	oligodendrocyte_OPC
GGAGAACTCATCACCC	ambiguous_or_doublet
GGAGAACTCGCTCTAC	vascular
GGAGAACTCTTGCGCT	astrocyte
GGAGATGAGCCTCACG	neuronal
GGAGATGCACAGTCCG	unresolved
GGAGATGGTGATTCAC	oligodendrocyte_OPC
GGAGCAAAGGCGATAC	oligodendrocyte_OPC
GGAGCAAAGTACCGGA	ambiguous_or_doublet
GGAGCAAAGTCCTGTA	astrocyte
GGAGCAAAGTTATGGA	unresolved
GGAGCAACAACCTAAC	neuronal
GGAGCAACACCAAATC	oligodendrocyte_OPC
GGAGCAACACTGTCGG	vascular
GGAGGATAGAATCGCG	oligodendrocyte_OPC
GGAGGATAGACCTTTG	unresolved
GGAGGATAGATCACTC	unresolved
GGAGGATAGTAGCTCT	neuronal
GGAGGATAGTGAGGCT	oligodendrocyte_OPC
GGAGGATGTAATACCC	neuronal
GGAGGATGTACAAACA	oligodendrocyte_OPC
GGAGGATGTACTCGCG	microglia_immune
GGAGGATGTGAGATCG	astrocyte
GGAGGTAAGAATCTAG	oligodendrocyte_OPC
GGAGGTAAGACAGCGT	oligodendrocyte_OPC
GGAGGTAAGGTCCGAA	neuronal
GGAGGTACAACTCGTA	oligodendrocyte_OPC
GGAGGTACACTCAAGT	oligodendrocyte_OPC
GGAGGTACAGCTGGTC	oligodendrocyte_OPC
GGAGGTACATACGCAT	oligodendrocyte_OPC
GGAGGTACATACTGAC	unresolved
GGAGGTAGTCCACTTC	oligodendrocyte_OPC
GGAGGTAGTCGTCATA	unresolved
GGAGGTATCATCGGGC	oligodendrocyte_OPC
GGAGGTATCTTCTGGC	unresolved
GGATCTAGTACGCGTC	unresolved
GGATCTAGTGTCATGT	oligodendrocyte_OPC
GGATGTTAGAAGATCT	unresolved
GGATGTTAGTGGTTAA	unresolved
GGATGTTAGTGTAGAT	astrocyte
GGATGTTCACCTCAGG	oligodendrocyte_OPC
GGATGTTCACGTGAGA	neuronal
GGATGTTCATGTTCAG	astrocyte
GGATGTTGTACAGAAT	unresolved
GGATGTTGTCTAGTGT	unresolved
GGATGTTGTTTCAGAC	unresolved
GGATGTTTCCATGAGT	neuronal
GGATGTTTCGGTGTTA	unresolved
GGATGTTTCGTCAGAT	microglia_immune
GGATGTTTCTGTCGCT	astrocyte
GGCACGTCAGTTTGGT	oligodendrocyte_OPC
GGCACGTGTATGTCCA	neuronal
GGCACGTGTCGGTGAA	neuronal
GGCACGTGTGAGACGT	neuronal
GGCACGTGTGCTATTG	oligodendrocyte_OPC
GGCACGTTCCAAGGGA	neuronal
GGCACGTTCTAAACGC	oligodendrocyte_OPC
GGCAGTCAGATCCCGC	microglia_immune
GGCAGTCAGCGAGTAC	unresolved
GGCAGTCAGGCATGGT	oligodendrocyte_OPC
GGCAGTCCACACACGC	oligodendrocyte_OPC
GGCAGTCCATGTTTGG	neuronal
GGCAGTCGTGCATCTA	astrocyte
GGCAGTCGTGGTCTTA	unresolved
GGCAGTCGTTGCATGT	oligodendrocyte_OPC
GGCAGTCTCTGTCCCA	neuronal
GGCGTCAAGAAATTGC	oligodendrocyte_OPC
GGCGTCAAGAGCATCG	neuronal
GGCGTCAAGTCTGGTT	neuronal
GGCGTCACACTCTGCT	unresolved
GGCGTCACAGTACTAC	astrocyte
GGCGTCACATAACTCG	microglia_immune
GGCGTCACATTAAAGG	neuronal
GGCGTCAGTGCTCTCT	astrocyte
GGCGTCATCGGAGTGA	unresolved
GGCGTCATCTTCTGGC	astrocyte
GGCTGTGCAACATCGT	neuronal
GGCTGTGCACCTGCTT	neuronal
GGCTGTGCACTGAATC	astrocyte
GGCTGTGCAGCTGGTC	vascular
GGCTGTGGTGGCTTAT	neuronal
GGCTTGGCACGGTGCT	astrocyte
GGCTTGGGTACTGACT	oligodendrocyte_OPC
GGCTTTCAGCACTCCG	oligodendrocyte_OPC
GGCTTTCAGCGACCCT	oligodendrocyte_OPC
GGCTTTCCAAACCGGA	vascular
GGCTTTCGTACGGATG	neuronal
GGCTTTCGTGCTCTCT	neuronal
GGCTTTCGTTAGGGTG	microglia_immune
GGCTTTCGTTGTGTTG	astrocyte
GGCTTTCTCAGGAGAC	unresolved
GGCTTTCTCGGACAAG	neuronal
GGGAAGTAGAAATTGC	neuronal
GGGAAGTAGATAGCTA	neuronal
GGGAAGTCACTTGTGA	astrocyte
GGGAAGTGTCACAGTT	oligodendrocyte_OPC
GGGAAGTGTGCTATTG	astrocyte
GGGAAGTGTGTTATCG	unresolved
GGGAAGTTCCCTCTCC	unresolved
GGGAAGTTCGCCTAGG	astrocyte
GGGACAAAGAGTCTTC	microglia_immune
GGGACAAAGCCGAACA	oligodendrocyte_OPC
GGGACAAAGGAATCGC	astrocyte
GGGACAAAGGTACAAT	neuronal
GGGACAACACAACGAG	unresolved
GGGACAAGTACCGGCT	unresolved
GGGACAAGTATTCCGA	microglia_immune
GGGACAATCATAGCAC	oligodendrocyte_OPC
GGGACAATCCTCTGCA	astrocyte
GGGACCTAGAAATTGC	neuronal
GGGACCTAGAGATCGC	ambiguous_or_doublet
GGGACCTAGCGGTAGT	oligodendrocyte_OPC
GGGACCTAGGGAGATA	unresolved
GGGACCTAGGGATGTC	astrocyte
GGGACCTAGTTGAATG	unresolved
GGGACCTCAGCAGAAC	neuronal
GGGACCTTCCGATAAC	neuronal
GGGACCTTCCTGATAG	neuronal
GGGACCTTCTCCGATC	neuronal
GGGACTCAGAACTGAT	unresolved
GGGACTCAGAAGAACG	neuronal
GGGACTCAGCATCTTG	neuronal
GGGACTCAGTCCCTAA	vascular
GGGACTCGTGGCTTGC	neuronal
GGGACTCGTTCGATTG	astrocyte
GGGACTCTCGTCTCAC	oligodendrocyte_OPC
GGGAGATAGCACTCAT	oligodendrocyte_OPC
GGGAGATAGTGCAACG	unresolved
GGGAGATCAACACACT	oligodendrocyte_OPC
GGGAGATGTCAGGTGA	unresolved
GGGAGATGTTCGAAGG	neuronal
GGGAGATTCATTTGTC	unresolved
GGGAGATTCCCGAATA	oligodendrocyte_OPC
GGGAGTAAGAGAACCC	oligodendrocyte_OPC
GGGAGTAAGAGGACTC	neuronal
GGGAGTACACGTATAC	vascular
GGGAGTACATGACGTT	unresolved
GGGAGTAGTCGCACAC	oligodendrocyte_OPC
GGGAGTAGTTAGAGAT	oligodendrocyte_OPC
GGGAGTAGTTGCGTAT	unresolved
GGGAGTATCACCTCGT	neuronal
GGGATCCAGATACAGT	oligodendrocyte_OPC
GGGATCCAGATCGCTT	oligodendrocyte_OPC
GGGATCCCAACTACGT	ambiguous_or_doublet
GGGATCCCACAGCCAC	astrocyte
GGGATCCCACTTGGCG	neuronal
GGGATCCGTAGCGTTT	astrocyte
GGGATCCGTTGGGCCT	astrocyte
GGGATCCTCCGCAACG	microglia_immune
GGGATCCTCTTGTGCC	unresolved
GGGATGACAACGACAG	vascular
GGGATGACATGACTTG	astrocyte
GGGATGAGTAGACTGG	oligodendrocyte_OPC
GGGATGAGTCACGCTG	oligodendrocyte_OPC
GGGATGATCGTGGAAG	neuronal
GGGATGATCTGTCTCG	astrocyte
GGGCCATAGGTAGCCA	astrocyte
GGGCCATCAAACTCTG	neuronal
GGGCCATCACACACTA	neuronal
GGGCCATCATAAGATG	unresolved
GGGCCATGTATGCTAC	unresolved
GGGCCATGTCTGGTTA	astrocyte
GGGCCATGTGTTAGCT	astrocyte
GGGCCATTCCCTAGGG	astrocyte
GGGCGTTAGACCGCCT	unresolved
GGGCGTTCACACCTTC	oligodendrocyte_OPC
GGGCGTTGTAGTCTGT	oligodendrocyte_OPC
GGGCTACAGGACATCG	oligodendrocyte_OPC
GGGCTACAGTGTTGTC	oligodendrocyte_OPC
GGGCTACGTCCTACAA	unresolved
GGGCTACGTGTTATCG	astrocyte
GGGCTACGTTAGGCCC	unresolved
GGGCTACTCCCTCAAC	unresolved
GGGCTCAAGGGAGGCA	unresolved
GGGCTCAGTGAATATG	oligodendrocyte_OPC
GGGCTCAGTGAGAACC	unresolved
GGGCTCATCACTTCTA	neuronal
GGGTAGAAGGCTTCCG	oligodendrocyte_OPC
GGGTAGACACGCACCA	oligodendrocyte_OPC
GGGTAGACAGAGATTA	oligodendrocyte_OPC
GGGTAGACAGTTGCGC	neuronal
GGGTAGACATAAGCGG	oligodendrocyte_OPC
GGGTAGAGTACACTCA	neuronal
GGGTAGAGTACCCGCA	unresolved
GGGTAGAGTCGAGATG	oligodendrocyte_OPC
GGGTAGAGTGTTACTG	neuronal
GGGTAGATCGTGTCAA	oligodendrocyte_OPC
GGGTATTAGAGAGCGG	neuronal
GGGTATTAGCGTACAG	vascular
GGGTATTAGCTTCTAG	oligodendrocyte_OPC
GGGTATTCACAAATCC	oligodendrocyte_OPC
GGGTATTCAGAGAATT	vascular
GGGTATTCAGAGTAAT	astrocyte
GGGTATTCATTGTAGC	unresolved
GGGTATTGTATCGGTT	microglia_immune
GGGTATTTCCAGTGCG	unresolved
GGGTATTTCGTTGTAG	astrocyte
GGGTCACAGTATGAGT	unresolved
GGGTCACCAGAACTAA	neuronal
GGGTCACGTATGTCCA	unresolved
GGGTCACGTTGAGGAC	microglia_immune
GGGTCACTCATGCATG	neuronal
GGGTCTGAGCATATGA	unresolved
GGGTCTGCAATACCCA	neuronal
GGGTCTGCATCGGAAG	oligodendrocyte_OPC
GGGTCTGGTACCTGTA	oligodendrocyte_OPC
GGGTCTGGTCAACCAT	unresolved
GGGTCTGGTTGGTAGG	oligodendrocyte_OPC
GGGTGAAAGCAACAGC	oligodendrocyte_OPC
GGGTGAAAGCAGCAGT	unresolved
GGGTGAAAGCCGTAAG	unresolved
GGGTGAAAGCGCCTAC	unresolved
GGGTGAAGTACTGTTG	oligodendrocyte_OPC
GGGTGAAGTTGCCAAT	unresolved
GGGTGAATCCGATTAG	neuronal
GGGTGTCCAACTGAAA	oligodendrocyte_OPC
GGGTGTCCAACTTGCA	vascular
GGGTGTCCAGCGCGTT	unresolved
GGGTGTCTCATGGATC	unresolved
GGGTGTCTCCGCAACG	neuronal
GGGTGTCTCGTAGTGT	astrocyte
GGGTGTCTCTAGCATG	neuronal
GGGTGTCTCTCATGGA	oligodendrocyte_OPC
GGGTTATAGAAATGGG	oligodendrocyte_OPC
GGGTTATAGATGAATC	unresolved
GGGTTATAGGAACGCT	neuronal
GGGTTATAGGCCTGCT	unresolved
GGGTTATCAAGCGCAA	unresolved
GGGTTATCAATATCCG	unresolved
GGGTTATCAGCTTCCT	astrocyte
GGGTTATCATCTTTCA	unresolved
GGGTTATGTCGATTAC	astrocyte
GGGTTATGTGGAATGC	unresolved
GGGTTATTCGACCACG	oligodendrocyte_OPC
GGGTTATTCGACGCGT	vascular
GGGTTATTCTGCTTTA	neuronal
GGGTTATTCTTCCCAG	unresolved
GGGTTTAAGGTCATAA	neuronal
GGGTTTACAATTTCCT	unresolved
GGGTTTACAGAGTTCT	neuronal
GGGTTTACAGGCGTTC	oligodendrocyte_OPC
GGGTTTACATACCAGT	neuronal
GGGTTTACATGCCGAC	unresolved
GGTAACTAGGTACATA	neuronal
GGTAACTAGTTGCATC	microglia_immune
GGTAACTGTATGTCAC	neuronal
GGTAACTGTCATCTAG	oligodendrocyte_OPC
GGTAACTGTGCAATAA	oligodendrocyte_OPC
GGTAACTTCCTTACCG	neuronal
GGTAACTTCGCGTGCA	neuronal
GGTAATCAGCAGCACA	microglia_immune
GGTAATCCAAGACGGT	astrocyte
GGTAATCTCCGATGCG	unresolved
GGTAATCTCGCCTATC	vascular
GGTAGAGAGCACCGTC	unresolved
GGTAGAGAGTGGCGAT	microglia_immune
GGTAGAGCAAAGAGTT	microglia_immune
GGTAGAGGTTCATCGA	oligodendrocyte_OPC
GGTAGAGTCAAAGGAT	unresolved
GGTCACGAGGAGGCAG	oligodendrocyte_OPC
GGTCACGAGTAGACCG	oligodendrocyte_OPC
GGTCACGAGTATTAGG	unresolved
GGTCACGAGTCCGTCG	microglia_immune
GGTCACGCAGCGTTGC	unresolved
GGTCACGCATATCGGT	unresolved
GGTCACGGTCATGCAT	astrocyte
GGTCACGGTCCTCCTA	ambiguous_or_doublet
GGTCACGGTTGCTTGA	oligodendrocyte_OPC
GGTCTGGAGAGTTGCG	neuronal
GGTCTGGAGATTAGTG	oligodendrocyte_OPC
GGTCTGGAGTCCGTCG	neuronal
GGTCTGGCAACTTCTT	unresolved
GGTCTGGTCGACCAAT	neuronal
GGTGAAGAGAAGAGCA	oligodendrocyte_OPC
GGTGAAGAGAGCAACC	oligodendrocyte_OPC
GGTGAAGAGATCACTC	astrocyte
GGTGAAGAGGGAGGAC	neuronal
GGTGAAGCAAGTATAG	neuronal
GGTGAAGCACTGATTG	neuronal
GGTGAAGCAGTCAACT	unresolved
GGTGAAGGTCACGACC	astrocyte
GGTGAAGGTTCCTTGC	unresolved
GGTGAAGGTTCTCCCA	astrocyte
GGTGAAGGTTTCACAG	unresolved
GGTGAAGTCACAGTGT	neuronal
GGTGAAGTCGCTCTCA	unresolved
GGTGAAGTCGTGGGTC	neuronal
GGTGATTAGAAACCAT	unresolved
GGTGATTAGCTGGCCT	oligodendrocyte_OPC
GGTGATTCACCTCTGT	neuronal
GGTGATTCATGGGTTT	neuronal
GGTGATTGTCGCTCGA	astrocyte
GGTGATTTCTGAACGT	oligodendrocyte_OPC
GGTGATTTCTGCGGAC	oligodendrocyte_OPC
GGTGATTTCTTCGGTC	astrocyte
GGTGGCTCAATGTTGC	astrocyte
GGTGGCTCACAATTCG	unresolved
GGTGGCTTCAAACTGC	oligodendrocyte_OPC
GGTGGCTTCATAGAGA	vascular
GGTGTCGAGTTGCTGT	astrocyte
GGTGTCGCAAGGTCGA	neuronal
GGTGTCGGTAGACAGC	astrocyte
GGTGTCGGTTCGGTCG	neuronal
GGTGTCGTCTCCGAGG	astrocyte
GGTGTTAAGAAACCCG	astrocyte
GGTGTTAAGACTCCGC	microglia_immune
GGTGTTAAGCATAGGC	unresolved
GGTGTTACAAGTGATA	neuronal
GGTGTTACACCCAAGC	neuronal
GGTGTTAGTACCGTGC	neuronal
GGTGTTAGTCATAACC	unresolved
GGTGTTAGTGGTCTCG	vascular
GGTGTTAGTTTCACAG	neuronal
GGTGTTATCAGTCATG	neuronal
GGTGTTATCCGACATA	oligodendrocyte_OPC
GGTGTTATCCGCAAAT	neuronal
GGTTAACAGGCCCGTT	microglia_immune
GGTTAACCAATCTCGA	unresolved
GGTTAACCATTGACCA	microglia_immune
GGTTAACGTGTTAACC	oligodendrocyte_OPC
GGTTAACGTTCGAACT	oligodendrocyte_OPC
GGTTAACGTTTGAACC	neuronal
GGTTAACTCGAGTCCG	neuronal
GGTTCTCAGGAAACGA	unresolved
GGTTCTCAGGAGGCAG	vascular
GGTTCTCAGGTCATAA	vascular
GGTTCTCGTATCACGT	vascular
GGTTCTCGTGTATTGC	oligodendrocyte_OPC
GGTTCTCTCCCATTTA	oligodendrocyte_OPC
GGTTGTAAGAGTCTTC	astrocyte
GGTTGTACAATACCCA	unresolved
GGTTGTACAGTGTGCC	unresolved
GGTTGTAGTATTTCTC	neuronal
GGTTGTATCAAGTAAG	oligodendrocyte_OPC
GTAACACAGGTAGGCT	microglia_immune
GTAACACCAACCGACC	oligodendrocyte_OPC
GTAACACCAAGAGGCT	unresolved
GTAACACCACAAAGTA	unresolved
GTAACACCACGTTCGG	unresolved
GTAACACGTCGGAAAC	unresolved
GTAACCAAGCGTCTGC	vascular
GTAACCAAGGTGCAGT	neuronal
GTAACCACACGTAGAG	unresolved
GTAACCACACTTGAGT	oligodendrocyte_OPC
GTAACCACAGGCTATT	astrocyte
GTAACCAGTATCGCGC	oligodendrocyte_OPC
GTAACCATCGACATTG	astrocyte
GTAAGTCAGGGAGGAC	unresolved
GTAAGTCAGGTTTACC	unresolved
GTAAGTCCACGCTGTG	vascular
GTAAGTCCATTCACCC	unresolved
GTAAGTCTCACTGAAC	ambiguous_or_doublet
GTAAGTCTCGTCAACA	unresolved
GTAATCGAGACGGATC	astrocyte
GTAATCGAGCTGACAG	oligodendrocyte_OPC
GTAATCGCAATTTCCT	ambiguous_or_doublet
GTAATCGCATGACAGG	astrocyte
GTAATCGGTCGAGCAA	oligodendrocyte_OPC
GTAATCGTCACTTTGT	astrocyte
GTAATCGTCCTTCTAA	neuronal
GTAATCGTCGCAGTCG	microglia_immune
GTAATCGTCGCCGAGT	unresolved
GTAATCGTCGGCATTA	oligodendrocyte_OPC
GTAATCGTCTCGACGG	oligodendrocyte_OPC
GTAATGCAGAGAGGGC	unresolved
GTAATGCAGGACAGTC	oligodendrocyte_OPC
GTAATGCCAACCGTGC	oligodendrocyte_OPC
GTAATGCCAGAACTTC	oligodendrocyte_OPC
GTAATGCGTACGACAG	oligodendrocyte_OPC
GTAATGCGTATCAAGA	oligodendrocyte_OPC
GTAATGCGTATCACGT	unresolved
GTAATGCGTCCGATCG	oligodendrocyte_OPC
GTAATGCGTGGTAATA	astrocyte
GTAATGCTCAGGAAAT	unresolved
GTAATGCTCGCCGATG	oligodendrocyte_OPC
GTACAACAGCAGCACA	unresolved
GTACAACAGCCATTTG	oligodendrocyte_OPC
GTACAACAGGTCGAGT	neuronal
GTACAACGTATGTCCA	vascular
GTACAACGTATTGCCA	astrocyte
GTACAACTCATGCCGG	astrocyte
GTACAACTCGATACTG	oligodendrocyte_OPC
GTACAACTCGTTGTGA	vascular
GTACAGTCATACCATG	oligodendrocyte_OPC
GTACAGTCATGTTACG	oligodendrocyte_OPC
GTACAGTGTCATCCCT	neuronal
GTACAGTGTGAGAACC	unresolved
GTACAGTGTTCAGCGC	oligodendrocyte_OPC
GTACAGTTCGTTACCC	neuronal
GTAGAAAAGCATCAAA	unresolved
GTAGAAAAGCATGCGA	neuronal
GTAGAAACATTGAGGG	oligodendrocyte_OPC
GTAGAAAGTTGGGCCT	unresolved
GTAGAAATCGAAGGAC	microglia_immune
GTAGAAATCGACATTG	unresolved
GTAGAAATCTCTTGCG	astrocyte
GTAGAGGAGAGCAGCT	neuronal
GTAGAGGAGCATAGGC	neuronal
GTAGAGGAGTAAGCAT	oligodendrocyte_OPC
GTAGAGGCAAACACGG	microglia_immune
GTAGAGGCAAGATCCT	neuronal
GTAGAGGCACGGTGTC	vascular
GTAGAGGCATATCGGT	neuronal
GTAGAGGGTACACTCA	unresolved
GTAGAGGGTACTAAGA	oligodendrocyte_OPC
GTAGAGGGTATGCAAA	unresolved
GTAGAGGGTGGGCTCT	oligodendrocyte_OPC
GTAGATCCAGCAATTC	neuronal
GTAGATCGTACTTCCC	neuronal
GTAGATCGTTTATGCG	unresolved
GTAGATCTCCAACCGG	astrocyte
GTAGATCTCCTACCAC	oligodendrocyte_OPC
GTAGCTAAGCCATTGT	unresolved
GTAGCTAGTAGCCCTG	astrocyte
GTAGCTAGTGTGTCCG	astrocyte
GTAGCTATCATGGATC	unresolved
GTAGGAGCACCATTCC	neuronal
GTAGGAGCACCGTCTT	oligodendrocyte_OPC
GTAGGAGGTCGCAACC	astrocyte
GTAGGTTCACACGGTC	vascular
GTAGGTTGTATCGTAC	astrocyte
GTAGGTTGTGCATGTT	unresolved
GTAGGTTTCCTATGGA	neuronal
GTAGGTTTCGAGAACG	unresolved
GTAGGTTTCGTTAGAC	astrocyte
GTAGTACAGGGTTAGC	unresolved
GTAGTACAGTCGAAAT	neuronal
GTAGTACAGTTCCGTA	oligodendrocyte_OPC
GTATTGGAGACAGCGT	astrocyte
GTATTGGAGGCACGAT	astrocyte
GTATTGGCACAATGAA	oligodendrocyte_OPC
GTATTGGCAGCAGAAC	vascular
GTATTGGCAGGCTATT	unresolved
GTATTGGGTAACCAGG	oligodendrocyte_OPC
GTATTGGGTCAAACGG	unresolved
GTATTGGGTCGTTTCC	oligodendrocyte_OPC
GTATTGGGTTTCGATG	vascular
GTATTGGTCATGCCGG	neuronal
GTATTTCAGGCATCTT	unresolved
GTATTTCCAGAGAAAG	astrocyte
GTATTTCCAGGCTTGC	oligodendrocyte_OPC
GTATTTCGTCATCTAG	oligodendrocyte_OPC
GTATTTCTCGAAATCC	oligodendrocyte_OPC
GTCAAACAGTCGGCAA	astrocyte
GTCAAACCAACCACAT	neuronal
GTCAAACCATCCGAGC	unresolved
GTCAAACGTACTCAAC	astrocyte
GTCAAACGTTCGGTCG	neuronal
GTCAAGTAGAGCAGCT	unresolved
GTCAAGTCATGACGAG	astrocyte
GTCAAGTGTAGGACCA	astrocyte
GTCAAGTGTCGCCTAG	neuronal
GTCAAGTTCATAGCAC	oligodendrocyte_OPC
GTCAAGTTCGAGTCCG	oligodendrocyte_OPC
GTCAAGTTCGTTCCTG	oligodendrocyte_OPC
GTCACGGAGCTCATAC	neuronal
GTCACGGCAAGAAACT	neuronal
GTCACGGCACCATAAC	unresolved
GTCACGGCAGTAACCT	oligodendrocyte_OPC
GTCACGGCATCACAGT	oligodendrocyte_OPC
GTCACGGGTCTGTGAT	oligodendrocyte_OPC
GTCACGGGTGCCGGTT	vascular
GTCACGGGTGCTATTG	oligodendrocyte_OPC
GTCACGGTCAGATGCT	oligodendrocyte_OPC
GTCACGGTCCTGGGTG	neuronal
GTCACTCAGCGCATCC	unresolved
GTCACTCAGGAACTCG	astrocyte
GTCACTCAGGTCACAG	oligodendrocyte_OPC
GTCACTCAGTGCAAAT	oligodendrocyte_OPC
GTCACTCCAGAAGTGC	oligodendrocyte_OPC
GTCACTCCAGGACAGT	unresolved
GTCACTCGTGGCCACT	neuronal
GTCACTCTCACTTATC	unresolved
GTCACTCTCTGGAGAG	oligodendrocyte_OPC
GTCACTCTCTTTCGAT	microglia_immune
GTCAGCGCAAATGAAC	astrocyte
GTCAGCGCAACAGCCC	neuronal
GTCAGCGGTTGGCCTG	oligodendrocyte_OPC
GTCAGCGTCCCTTGGT	oligodendrocyte_OPC
GTCAGCGTCGCAGATT	neuronal
GTCAGCGTCTATCGGA	unresolved
GTCAGCGTCTCCGCAT	oligodendrocyte_OPC
GTCATCCAGACGGTTG	oligodendrocyte_OPC
GTCATCCCAAGTCATC	neuronal
GTCATCCCAGACTGCC	neuronal
GTCATCCGTAAGCAAT	microglia_immune
GTCATCCGTCACAGAG	neuronal
GTCATCCGTCGCAGTC	oligodendrocyte_OPC
GTCATCCGTTATGTGC	neuronal
GTCATCCTCAGCCTTC	oligodendrocyte_OPC
GTCATCCTCATAGGCT	vascular
GTCATCCTCGGCCAAC	unresolved
GTCATCCTCTTAATCC	ambiguous_or_doublet
GTCATGAAGCTACGTT	ambiguous_or_doublet
GTCATGAAGGGATGTC	unresolved
GTCATGACAAGACAAT	astrocyte
GTCATGACAATGAGCG	unresolved
GTCATGACACAGAGAC	astrocyte
GTCATGAGTCGAAACG	oligodendrocyte_OPC
GTCATGAGTTTGCAGT	astrocyte
GTCATGATCATTTGTC	unresolved
GTCATGATCGAAGTGG	unresolved
GTCATGATCTGCGAGC	astrocyte
GTCATTTAGAGGTCGT	oligodendrocyte_OPC
GTCATTTAGCCTTCTC	astrocyte
GTCATTTAGTGCCGAA	unresolved
GTCATTTCACCTGAAT	neuronal
GTCATTTCACGCTGAC	unresolved
GTCATTTGTCAGCTTA	neuronal
GTCATTTGTGATCATC	astrocyte
GTCCACTAGACTCTTG	astrocyte
GTCCACTAGGTATCTC	oligodendrocyte_OPC
GTCCACTCAAGGTTGG	astrocyte
GTCCACTCAAGTGGGT	neuronal
GTCCACTCAGAGTGAC	neuronal
GTCCACTCATACACCA	astrocyte
GTCCACTCATCAACCA	oligodendrocyte_OPC
GTCCACTGTGACTGTT	unresolved
GTCCACTTCACCGGTG	oligodendrocyte_OPC
GTCCACTTCAGACATC	unresolved
GTCCCATAGAAGCGGG	neuronal
GTCCCATAGGTAACTA	astrocyte
GTCCCATGTGGTGATG	oligodendrocyte_OPC
GTCCCATTCAGTCCGG	astrocyte
GTCCCATTCTCACCCA	astrocyte
GTCCTCAAGCTGTGCC	ambiguous_or_doublet
GTCCTCAAGGTCATTC	oligodendrocyte_OPC
GTCCTCACACCTCTGT	oligodendrocyte_OPC
GTCCTCACACGATTCA	oligodendrocyte_OPC
GTCCTCACAGCGGATA	unresolved
GTCCTCAGTCCACACG	astrocyte
GTCCTCAGTTGGTAGG	unresolved
GTCGAATAGTACAGAT	unresolved
GTCGAATAGTTCCAGT	unresolved
GTCGAATCAAAGCTCT	oligodendrocyte_OPC
GTCGAATCAGTCCCGA	oligodendrocyte_OPC
GTCGAATGTCCCAAAT	unresolved
GTCGAATGTCTTGCTC	unresolved
GTCGAATGTTCTATCT	unresolved
GTCGCGACACCACTGG	unresolved
GTCGCGACAGGCTCTG	neuronal
GTCGCGAGTACGGATG	unresolved
GTCGCGAGTGGAACAC	unresolved
GTCGCGAGTTACACAC	oligodendrocyte_OPC
GTCGCGATCACATACG	oligodendrocyte_OPC
GTCGCGATCCCGAATA	oligodendrocyte_OPC
GTCGTAAAGGACACTG	oligodendrocyte_OPC
GTCGTAACAACGACAG	unresolved
GTCGTAACACCTTCCA	astrocyte
GTCGTAACATGTTACG	microglia_immune
GTCGTAACATGTTTGG	neuronal
GTCGTTCAGGACAGCT	unresolved
GTCGTTCAGGCCACCT	oligodendrocyte_OPC
GTCGTTCCACTGCGAC	neuronal
GTCGTTCGTAACCCTA	unresolved
GTCGTTCGTAGTTAGA	neuronal
GTCGTTCGTGATTCTG	neuronal
GTCGTTCTCTTAGCTT	oligodendrocyte_OPC
GTCTACCAGAAGTATC	neuronal
GTCTACCAGAGAGTTT	neuronal
GTCTACCAGCATACTC	astrocyte
GTCTACCAGTCACTGT	oligodendrocyte_OPC
GTCTACCCAATGTTGC	neuronal
GTCTACCCACTTCAGA	oligodendrocyte_OPC
GTCTACCGTCGACGCT	astrocyte
GTCTACCGTTTGTTGG	unresolved
GTCTACCTCCGTGGTG	astrocyte
GTCTACCTCGCCATAA	astrocyte
GTCTAGAAGCAACTTC	oligodendrocyte_OPC
GTCTAGAAGCCTGTCG	oligodendrocyte_OPC
GTCTAGAAGGTCCGAA	neuronal
GTCTAGAAGGTGCATG	oligodendrocyte_OPC
GTCTAGACACAAATGA	unresolved
GTCTAGACATTCATCT	astrocyte
GTCTAGATCTAGGCAT	oligodendrocyte_OPC
GTCTAGATCTATCGGA	ambiguous_or_doublet
GTCTGTCAGAGCTGCA	unresolved
GTCTGTCAGCTAGAAT	oligodendrocyte_OPC
GTCTGTCCACGACAGA	oligodendrocyte_OPC
GTCTGTCGTAGTCACT	oligodendrocyte_OPC
GTCTGTCGTGAGATTA	oligodendrocyte_OPC
GTCTGTCTCAGCAATC	vascular
GTCTGTCTCGCATTAG	oligodendrocyte_OPC
GTCTGTCTCTCGTTTA	unresolved
GTCTGTCTCTGTGCAA	astrocyte
GTCTTTACAACTTGGT	oligodendrocyte_OPC
GTCTTTAGTTATAGCC	vascular
GTCTTTAGTTCCGCAG	astrocyte
GTCTTTATCTCTGCCA	unresolved
GTGACGCAGAGCCGTA	neuronal
GTGACGCTCAATCGGT	oligodendrocyte_OPC
GTGACGCTCCATTGCC	unresolved
GTGACGCTCGCACGAC	oligodendrocyte_OPC
GTGACGCTCGGAGTGA	vascular
GTGACGCTCTTAGCCC	oligodendrocyte_OPC
GTGAGCCAGGTTCTAC	oligodendrocyte_OPC
GTGAGCCCAGTATACC	vascular
GTGAGCCGTCGAATGG	neuronal
GTGAGCCTCTCTTGCG	oligodendrocyte_OPC
GTGAGCCTCTTGATTC	unresolved
GTGAGGAAGGTAGGCT	astrocyte
GTGAGGATCGCCGATG	neuronal
GTGAGGATCGGAAACG	oligodendrocyte_OPC
GTGAGGATCTGCAGCG	unresolved
GTGAGGATCTGTCTCG	unresolved
GTGAGTTAGAAGCTGC	oligodendrocyte_OPC
GTGAGTTAGCAGTCTT	oligodendrocyte_OPC
GTGAGTTCAACTTCTT	microglia_immune
GTGAGTTGTACCTATG	oligodendrocyte_OPC
GTGAGTTTCATTTGTC	neuronal
GTGAGTTTCCAACCGG	oligodendrocyte_OPC
GTGAGTTTCCTTGACC	neuronal
GTGAGTTTCTGCCCTA	neuronal
GTGATGTCACCTCGTT	oligodendrocyte_OPC
GTGATGTCAGGATCTT	unresolved
GTGATGTCATAGGAGC	neuronal
GTGATGTCATGACGGA	unresolved
GTGATGTCATGACTTG	unresolved
GTGATGTCATGATCTG	neuronal
GTGATGTGTCAGACTT	oligodendrocyte_OPC
GTGATGTTCACAGTGT	neuronal
GTGATGTTCCCGTTCA	astrocyte
GTGATGTTCCGCAGTG	astrocyte
GTGATGTTCCGGACTG	oligodendrocyte_OPC
GTGATGTTCCTTACCG	unresolved
GTGATGTTCTGGCCGA	neuronal
GTGCACGAGGGCAATC	vascular
GTGCACGCATGACGGA	astrocyte
GTGCACGGTTCGGACC	neuronal
GTGCACGTCAGCGGAA	oligodendrocyte_OPC
GTGCACGTCCGTGGTG	oligodendrocyte_OPC
GTGCAGCAGGGAGGCA	oligodendrocyte_OPC
GTGCAGCCAAACAGGC	unresolved
GTGCAGCTCATGCATG	unresolved
GTGCAGCTCGCCGTGA	neuronal
GTGCAGCTCTTGGAAC	unresolved
GTGCGTGAGTGGAATT	unresolved
GTGCGTGCACGGCGTT	unresolved
GTGCGTGGTAACTAAG	oligodendrocyte_OPC
GTGCGTGTCGGAAACG	astrocyte
GTGCGTGTCTTCCCGA	unresolved
GTGCTGGAGGTAACTA	neuronal
GTGCTGGCAATTTCGG	astrocyte
GTGCTGGCACCACTGG	oligodendrocyte_OPC
GTGCTGGCAGCATCTA	unresolved
GTGCTGGCAGCTATTG	oligodendrocyte_OPC
GTGCTGGTCGAGCACC	astrocyte
GTGCTTCCATACATCG	vascular
GTGCTTCGTCCCTGAG	unresolved
GTGCTTCGTTACACTG	unresolved
GTGCTTCGTTACCGTA	oligodendrocyte_OPC
GTGCTTCTCAGAGCGA	oligodendrocyte_OPC
GTGCTTCTCCGTACGG	oligodendrocyte_OPC
GTGCTTCTCGGTAGAG	neuronal
GTGGAAGCAAATCCCA	astrocyte
GTGGAAGCAGACCCGT	astrocyte
GTGGAAGCAGCTTCCT	oligodendrocyte_OPC
GTGGAAGCAGGAATCG	unresolved
GTGGAAGGTACTAGCT	astrocyte
GTGGAAGGTAGTCTGT	ambiguous_or_doublet
GTGGAAGTCATTTGTC	oligodendrocyte_OPC
GTGGAAGTCGAAGCCC	astrocyte
GTGGAGAAGACATGCG	astrocyte
GTGGAGACACACACTA	oligodendrocyte_OPC
GTGGAGAGTGCCCACA	ambiguous_or_doublet
GTGGAGATCCGTGTGG	astrocyte
GTGGCGTAGAAACCAT	unresolved
GTGGCGTAGCACCGTC	astrocyte
GTGGCGTAGTACCGGA	astrocyte
GTGGCGTCAGTCTACA	oligodendrocyte_OPC
GTGGCGTCAGTCTGGC	oligodendrocyte_OPC
GTGGCGTGTCCTACAA	neuronal
GTGGCGTGTGAGACGT	unresolved
GTGGCGTTCAAAGGTA	microglia_immune
GTGGCGTTCAGACTGT	oligodendrocyte_OPC
GTGGCGTTCCGAAGGA	unresolved
GTGGCGTTCTGTAAGC	unresolved
GTGGGAACACCTCTAC	astrocyte
GTGGGAAGTCGTGGTC	astrocyte
GTGGGAATCGCCTAGG	astrocyte
GTGGTTAAGCGACAGT	astrocyte
GTGGTTAGTCGAACAG	microglia_immune
GTGTAACAGGTTTGAA	unresolved
GTGTAACCACGGTCTG	astrocyte
GTGTAACCAGTATGAA	unresolved
GTGTAACGTGCGTTTA	astrocyte
GTGTAACGTGTTACTG	oligodendrocyte_OPC
GTGTAACTCTGCCTCA	neuronal
GTGTCCTGTCGTTGGC	astrocyte
GTGTCCTGTGCCAAGA	unresolved
GTGTCCTGTTCCTACC	astrocyte
GTGTCCTTCTGGAGAG	astrocyte
GTGTGATCAAAGACGC	oligodendrocyte_OPC
GTGTGATGTGAGCTCC	astrocyte
GTGTGATTCAGCATTG	unresolved
GTGTGATTCATCACTT	microglia_immune
GTGTGATTCATGCCAA	unresolved
GTGTGATTCCTCCACA	vascular
GTGTGATTCTGGGCGT	microglia_immune
GTGTGGCAGGTAGACC	unresolved
GTGTGGCAGTTTGCTG	oligodendrocyte_OPC
GTGTGGCCACTTGACA	unresolved
GTGTGGCGTCAAAGTA	oligodendrocyte_OPC
GTGTGGCGTCACGTGC	oligodendrocyte_OPC
GTGTGGCGTGTTAACC	oligodendrocyte_OPC
GTGTGGCTCCTTCAGC	neuronal
GTGTGGCTCTCTATGT	oligodendrocyte_OPC
GTGTTAGCACCCTAGG	unresolved
GTGTTAGCAGGCATGA	astrocyte
GTGTTAGCATTCACAG	oligodendrocyte_OPC
GTGTTAGGTACGAGCA	astrocyte
GTGTTAGTCCGCAAAT	unresolved
GTGTTCCAGCTTCTAG	neuronal
GTGTTCCAGGGAGGCA	unresolved
GTGTTCCAGTCCTACA	unresolved
GTGTTCCAGTGGAATT	neuronal
GTGTTCCCAATTCTCT	oligodendrocyte_OPC
GTGTTCCCACATCATG	oligodendrocyte_OPC
GTGTTCCCATTCACCC	oligodendrocyte_OPC
GTGTTCCGTACCATAC	neuronal
GTGTTCCTCCTTATCA	neuronal
GTGTTCCTCGAACACT	unresolved
GTGTTCCTCGAAGCCC	unresolved
GTGTTCCTCGGCAGTC	astrocyte
GTTACAGAGAAAGTCT	astrocyte
GTTACAGCATTCACCC	neuronal
GTTACAGGTCAAAGAT	oligodendrocyte_OPC
GTTACAGGTGGCTGAA	oligodendrocyte_OPC
GTTACAGGTTACGCCG	unresolved
GTTACAGTCCGAGCTG	ambiguous_or_doublet
GTTACCCAGTCAAGCG	unresolved
GTTACCCGTGATTAGA	unresolved
GTTACCCGTTACGGAG	oligodendrocyte_OPC
GTTACCCGTTCTCCCA	unresolved
GTTACCCTCTCACGAA	neuronal
GTTACGAAGCTCTGTA	oligodendrocyte_OPC
GTTACGAAGTTTCGAC	ambiguous_or_doublet
GTTACGACACCGGTCA	oligodendrocyte_OPC
GTTACGACAGAATGTA	unresolved
GTTACGACATACACCA	neuronal
GTTACGACATCCGCGA	astrocyte
GTTACGAGTACGTGAG	vascular
GTTACGAGTGATACAA	astrocyte
GTTACGATCAAGAATG	unresolved
GTTACGATCCATTTAC	oligodendrocyte_OPC
GTTACGATCCCATGGG	ambiguous_or_doublet
GTTACGATCTAGACCA	unresolved
GTTACGATCTTAGCAG	oligodendrocyte_OPC
GTTAGACAGGTTGAGC	astrocyte
GTTAGACCAACCCTAA	unresolved
GTTAGACGTCACTAGT	oligodendrocyte_OPC
GTTAGACGTGCGTTTA	neuronal
GTTAGACTCAAGGACG	neuronal
GTTAGACTCCATTCAT	astrocyte
GTTAGACTCCCAATAG	astrocyte
GTTAGACTCGTTCCTG	astrocyte
GTTAGTGAGAAAGTCT	vascular
GTTAGTGAGCACCTGC	unresolved
GTTAGTGCAAGTGATA	astrocyte
GTTAGTGCAGAGCCCT	unresolved
GTTAGTGCAGATCACT	astrocyte
GTTAGTGGTATGAGAT	astrocyte
GTTAGTGGTCAATCTG	unresolved
GTTAGTGGTGCTTATG	microglia_immune
GTTAGTGTCAGTCACA	oligodendrocyte_OPC
GTTAGTGTCGACCCAG	neuronal
GTTATGGAGCCTCGTG	oligodendrocyte_OPC
GTTATGGAGTGAGCCA	unresolved
GTTATGGCAATGAACA	astrocyte
GTTATGGCATTGTCGA	unresolved
GTTATGGGTACGCTAT	neuronal
GTTATGGGTGACTCTA	microglia_immune
GTTATGGGTTCCGTTC	vascular
GTTCATTAGGGAGGTG	oligodendrocyte_OPC
GTTCATTCATCGCTAA	oligodendrocyte_OPC
GTTCATTGTCACCCTT	neuronal
GTTCATTGTTGGCCTG	unresolved
GTTCCGTAGACATCAA	ambiguous_or_doublet
GTTCCGTAGAGTATAC	vascular
GTTCCGTAGTGCAAAT	oligodendrocyte_OPC
GTTCCGTGTTGTTTGG	unresolved
GTTCGCTCAAGGGTCA	neuronal
GTTCGCTTCAGCGCGT	unresolved
GTTCGCTTCTCCCAAC	oligodendrocyte_OPC
GTTCTATAGAGTGGCT	neuronal
GTTCTATAGTGCTCAT	ambiguous_or_doublet
GTTCTATCATTAAAGG	unresolved
GTTCTATGTGTCCCTT	microglia_immune
GTTCTATTCAGAGTTC	astrocyte
GTTCTATTCTGCATGA	neuronal
GTTGAACCATAAGCGG	unresolved
GTTGAACGTGTACAGG	oligodendrocyte_OPC
GTTGAACTCCCAGTGG	oligodendrocyte_OPC
GTTGCGGAGAAGCGCT	oligodendrocyte_OPC
GTTGCGGCAATGCAGG	oligodendrocyte_OPC
GTTGCGGCACGCAAAG	oligodendrocyte_OPC
GTTGCGGCACGTAGAG	oligodendrocyte_OPC
GTTGCGGCACTCCCTA	vascular
GTTGCGGCATAATGCC	unresolved
GTTGCGGGTATCACGT	unresolved
GTTGCGGGTGATAGAT	neuronal
GTTGCGGGTGGCTGAA	neuronal
GTTGCGGGTTTGGCTA	oligodendrocyte_OPC
GTTGCGGTCACGGACC	neuronal
GTTGCGGTCTGCACCT	astrocyte
GTTGCTCAGAATAGTC	unresolved
GTTGCTCAGAGCAACC	vascular
GTTGCTCAGCGTCAAG	astrocyte
GTTGCTCAGCTGTACT	unresolved
GTTGCTCCAACAGCCC	unresolved
GTTGCTCCAAGACAAT	neuronal
GTTGCTCGTCAACCTA	neuronal
GTTGCTCGTCATCCCT	oligodendrocyte_OPC
GTTGCTCTCATGCCCT	unresolved
GTTGCTCTCCCGATCT	oligodendrocyte_OPC
GTTGTAGAGAAGCGGG	neuronal
GTTGTAGCAATGTCAC	oligodendrocyte_OPC
GTTGTAGCATCCTTCG	neuronal
GTTGTAGCATTAAAGG	oligodendrocyte_OPC
GTTGTAGGTCCGGATC	unresolved
GTTGTAGGTGGCTACC	unresolved
GTTGTAGGTTTGGCTA	unresolved
GTTGTCCCAGAGCCCT	neuronal
GTTGTCCCATGGAATA	astrocyte
GTTGTCCCATTGACTG	neuronal
GTTGTCCGTATGACAA	astrocyte
GTTGTCCGTCACGCTG	oligodendrocyte_OPC
GTTGTCCGTGTTCAGT	neuronal
GTTGTCCGTTCATCGA	neuronal
GTTGTCCGTTGGGTTT	oligodendrocyte_OPC
GTTGTCCTCCAATCCC	oligodendrocyte_OPC
GTTGTCCTCTCAGAAC	oligodendrocyte_OPC
GTTGTCCTCTGGTTGA	oligodendrocyte_OPC
GTTGTGAAGCTAGCCC	oligodendrocyte_OPC
GTTGTGATCCGGTAGC	neuronal
GTTGTGATCGCATTGA	oligodendrocyte_OPC
GTTGTGATCTTTGCGC	astrocyte
GTTTACTAGAATCCCT	neuronal
GTTTACTAGGATATGT	unresolved
GTTTACTAGGGAGTGG	neuronal
GTTTACTAGTCACTAC	unresolved
GTTTACTCAACACTAC	neuronal
GTTTACTCAAGTGGGT	oligodendrocyte_OPC
GTTTACTGTCCTTAAG	unresolved
GTTTACTGTTAGAGAT	neuronal
GTTTACTTCAAGTAAG	unresolved
GTTTACTTCATGAAAG	oligodendrocyte_OPC
GTTTACTTCGATCCAA	unresolved
GTTTACTTCGCTAAAC	oligodendrocyte_OPC
GTTTACTTCTCATTAC	unresolved
GTTTGGAAGGGCAATC	oligodendrocyte_OPC
GTTTGGAAGGTAAAGG	vascular
GTTTGGACACTAACGT	neuronal
GTTTGGACATCCGTTC	oligodendrocyte_OPC
GTTTGGAGTAAGCGGT	neuronal
TAACACGAGATTTGCC	neuronal
TAACACGAGCACTCAT	oligodendrocyte_OPC
TAACACGAGTTACTCG	astrocyte
TAACACGCACCATAAC	astrocyte
TAACACGCATCCCACT	neuronal
TAACACGCATGGACAG	neuronal
TAACACGGTAGATCCT	oligodendrocyte_OPC
TAACACGGTAGTATAG	unresolved
TAACACGGTGTATTGC	oligodendrocyte_OPC
TAACACGGTTAGGCCC	unresolved
TAACACGTCCCGAATA	neuronal
TAACACGTCGATACTG	oligodendrocyte_OPC
TAACCAGAGAATCGAT	microglia_immune
TAACCAGCAGGTTCCG	oligodendrocyte_OPC
TAACCAGGTCATTGCA	neuronal
TAACCAGGTCTTCATT	vascular
TAACCAGGTTGAAGTA	neuronal
TAACCAGGTTGTGGCC	ambiguous_or_doublet
TAACCAGTCCCTCGAT	unresolved
TAACCAGTCCCTTTGG	oligodendrocyte_OPC
TAACCAGTCCGTCCTA	oligodendrocyte_OPC
TAACGACAGATCCCGC	neuronal
TAACGACAGTATGCAA	astrocyte
TAACGACCAAGCAATA	unresolved
TAACGACCAGTCAGCC	oligodendrocyte_OPC
TAACGACGTATGTCCA	vascular
TAACGACGTCATGCAT	microglia_immune
TAACGACGTCTTACTT	astrocyte
TAACGACGTGATAGAT	vascular
TAACGACTCAATCGGT	neuronal
TAACGACTCAGAGCAG	unresolved
TAACTTCGTCATAAAG	oligodendrocyte_OPC
TAACTTCGTCGAGCAA	unresolved
TAACTTCTCCTACGAA	vascular
TAAGCACCACGCTGCA	unresolved
TAAGCACGTTGTATGC	unresolved
TAAGCCAAGACGGATC	oligodendrocyte_OPC
TAAGCCAAGAGGCGTT	astrocyte
TAAGCCAAGTGTGTTC	unresolved
TAAGCCACATAAGATG	neuronal
TAAGCCACATCCTGTC	oligodendrocyte_OPC
TAAGCCACATTGGATC	vascular
TAAGCCATCAATCCAG	oligodendrocyte_OPC
TAAGCCATCGACTCCT	oligodendrocyte_OPC
TAAGCCATCTGACGCG	astrocyte
TAAGCCATCTTACCAT	neuronal
TAAGCGTAGGAGACCT	unresolved
TAAGCGTAGGTAGATT	microglia_immune
TAAGCGTCAATCGAAA	oligodendrocyte_OPC
TAAGCGTCAGGTCCCA	astrocyte
TAAGCGTGTACCGGAA	unresolved
TAAGCGTGTCTAGTGT	unresolved
TAAGCGTGTTACACAC	neuronal
TAAGTCGAGAGGTTAT	unresolved
TAAGTCGAGCCATTTG	unresolved
TAAGTCGAGGAACGCT	unresolved
TAAGTCGAGGTAGTCG	microglia_immune
TAAGTCGCACGCGGTT	astrocyte
TAAGTCGCATGGGAAC	unresolved
TAAGTCGGTCATAGTC	neuronal
TAAGTCGGTTGTCCCT	astrocyte
TAAGTCGTCGAGTGGA	ambiguous_or_doublet
TAATCTCAGGATACCG	unresolved
TAATCTCAGTGGTGGT	unresolved
TAATCTCCAACTGAAA	neuronal
TAATCTCCACTTCAGA	microglia_immune
TAATCTCCAGTCTACA	astrocyte
TAATCTCGTAATCAGA	astrocyte
TAATCTCGTGCAATAA	oligodendrocyte_OPC
TAATCTCGTGGCTGCT	neuronal
TAATCTCGTTTACTTC	astrocyte
TAATTCCAGCTCGCAC	neuronal
TAATTCCCAAAGAACT	oligodendrocyte_OPC
TAATTCCCACAATGAA	oligodendrocyte_OPC
TAATTCCGTAACATAG	neuronal
TAATTCCGTTTCCAAG	astrocyte
TAATTCCGTTTCGTAG	neuronal
TAATTCCTCATTGGTG	microglia_immune
TAATTCCTCGACATAC	unresolved
TACAACGAGGTTTACC	oligodendrocyte_OPC
TACAACGCAAATGGCG	microglia_immune
TACAACGCATGGAGAC	astrocyte
TACAACGGTAGATCCT	neuronal
TACAACGTCGACCACG	neuronal
TACAACGTCTGCGGCA	neuronal
TACACCCAGCGATTCT	astrocyte
TACACCCTCAGCTAGT	oligodendrocyte_OPC
TACACCCTCGAGGCAA	vascular
TACAGGTAGGATTTGA	neuronal
TACAGGTCACAAATAG	astrocyte
TACAGGTCATACACCA	astrocyte
TACAGGTGTTGCGGCT	neuronal
TACATTCAGACAGCGT	neuronal
TACATTCCAGACAATA	astrocyte
TACATTCCAGCCGGTT	astrocyte
TACATTCGTATATGGA	astrocyte
TACATTCGTGGTCTTA	astrocyte
TACATTCGTTAGAAAC	neuronal
TACATTCTCAGCTGAT	unresolved
TACCCACAGATGACAT	oligodendrocyte_OPC
TACCCACAGGATAATC	oligodendrocyte_OPC
TACCCACAGTGGACTG	oligodendrocyte_OPC
TACCCACCACATACTG	unresolved
TACCCACCAGATCACT	neuronal
TACCCACGTACGTGTT	neuronal
TACCCACGTCGATGCC	neuronal
TACCCACGTCTTCCGT	unresolved
TACCCACTCGGTATGT	neuronal
TACCCACTCGTGGAAG	microglia_immune
TACCCGTAGGGTTAAT	unresolved
TACCCGTCAGGTGGAT	microglia_immune
TACCCGTGTACAGCGA	unresolved
TACCCGTGTGCATACT	neuronal
TACCCGTGTGTCACAT	oligodendrocyte_OPC
TACCCGTTCCCTTGTG	ambiguous_or_doublet
TACCGAAAGTGGAATT	unresolved
TACCGAACAAGGTCGA	neuronal
TACCGAACACCTCTAC	astrocyte
TACCGAAGTCACCGAC	astrocyte
TACCGAAGTTCTTCAT	neuronal
TACCGAATCACTCGAA	oligodendrocyte_OPC
TACCGAATCCCGTAAA	oligodendrocyte_OPC
TACCGGGCAATTGAGA	unresolved
TACCGGGGTCCAGGTC	astrocyte
TACCGGGGTGGACAGT	neuronal
TACCGGGTCACTACGA	oligodendrocyte_OPC
TACCGGGTCGCTGATA	unresolved
TACCGGGTCTGAATGC	astrocyte
TACCTCGAGAGGCGTT	unresolved
TACCTCGCAGGTTCGC	oligodendrocyte_OPC
TACCTCGGTCAGGTGA	oligodendrocyte_OPC
TACCTCGGTGGTCCGT	microglia_immune
TACCTGCAGATCCCGC	oligodendrocyte_OPC
TACCTGCAGGCAGGTT	oligodendrocyte_OPC
TACCTGCAGTTGCGCC	oligodendrocyte_OPC
TACCTGCCACACTTAG	microglia_immune
TACCTGCCATCATCTT	oligodendrocyte_OPC
TACCTGCTCGGCGATC	unresolved
TACCTGCTCGTGGAAG	oligodendrocyte_OPC
TACCTGCTCTCTTGCG	astrocyte
TACGCTCAGCGCCATC	neuronal
TACGCTCAGTGTTCAC	microglia_immune
TACGCTCCAGAGATTA	neuronal
TACGCTCCAGCCGTTG	oligodendrocyte_OPC
TACGCTCCATGAAGGC	ambiguous_or_doublet
TACGCTCGTACTGACT	unresolved
TACGCTCGTAGTGATA	neuronal
TACGCTCGTCCTGAAT	oligodendrocyte_OPC
TACGCTCGTTGGAGAC	astrocyte
TACGGGCAGAATACAC	astrocyte
TACGGGCAGGCCTTGC	neuronal
TACGGGCCACCCAATA	microglia_immune
TACGGGCGTTCAAACC	unresolved
TACGGGCTCAGCATTG	astrocyte
TACGGGCTCATACGGT	unresolved
TACGGGCTCCATGATG	oligodendrocyte_OPC
TACGGGCTCCTTATCA	oligodendrocyte_OPC
TACGGGCTCGACCTAA	astrocyte
TACGGTAAGGCCTGAA	vascular
TACGGTACACCAATTG	oligodendrocyte_OPC
TACGGTACACCAGCTG	oligodendrocyte_OPC
TACGGTACAGGCACAA	neuronal
TACGGTACATACTGTG	astrocyte
TACGGTAGTCTGTCAA	astrocyte
TACGGTATCGCCGAAC	unresolved
TACGGTATCGTAATGC	astrocyte
TACGGTATCTCCCTAG	unresolved
TACGTCCAGCTGAGTG	astrocyte
TACGTCCAGGTAAGAG	oligodendrocyte_OPC
TACGTCCCAGCAGACA	oligodendrocyte_OPC
TACGTCCCATTAGGAA	oligodendrocyte_OPC
TACGTCCGTACGCTTA	astrocyte
TACGTCCGTCATAGTC	unresolved
TACGTCCGTGCGGATA	oligodendrocyte_OPC
TACGTCCGTGTCTAAC	neuronal
TACGTCCGTTACTCAG	ambiguous_or_doublet
TACGTCCGTTAGAGTA	unresolved
TACGTCCGTTCAAACC	unresolved
TACGTCCTCATAGGCT	oligodendrocyte_OPC
TACGTCCTCGTCAACA	astrocyte
TACTGCCAGCTTACGT	vascular
TACTGCCAGTACTGTC	oligodendrocyte_OPC
TACTGCCAGTGCTCAT	neuronal
TACTGCCAGTTGCGAG	unresolved
TACTGCCCACGAAGAC	oligodendrocyte_OPC
TACTGCCGTGCTGCAC	unresolved
TACTGCCGTGTGATGG	unresolved
TACTGCCGTTACCCAA	neuronal
TACTGCCTCCCTAGGG	oligodendrocyte_OPC
TACTTACAGAGAGTTT	oligodendrocyte_OPC
TACTTACAGAGTACCG	neuronal
TACTTACAGGTCGAGT	oligodendrocyte_OPC
TACTTACAGTACAGAT	astrocyte
TACTTACAGTCAGCGA	oligodendrocyte_OPC
TACTTACCACACCTTC	astrocyte
TACTTACCACCGTCTT	oligodendrocyte_OPC
TACTTACCAGGTGGAT	unresolved
TACTTACGTGCCGTAC	unresolved
TACTTACTCAGGTAAA	microglia_immune
TACTTACTCCACGTAA	microglia_immune
TACTTACTCGAGAATA	oligodendrocyte_OPC
TACTTCAAGACCTTTG	microglia_immune
TACTTCAAGGCACCAA	oligodendrocyte_OPC
TACTTCAAGTTCTACG	neuronal
TACTTCACATTCTCCG	unresolved
TACTTCAGTATCATGC	vascular
TACTTCAGTCCATACA	oligodendrocyte_OPC
TACTTCAGTTACGGAG	unresolved
TACTTCATCAGACATC	oligodendrocyte_OPC
TACTTCATCGTAACTG	unresolved
TACTTCATCTCAGAAC	neuronal
TACTTGTGTGACCTGC	oligodendrocyte_OPC
TACTTGTGTTATCCAG	vascular
TACTTGTGTTGTTGAC	astrocyte
TACTTGTTCAAACTGC	oligodendrocyte_OPC
TACTTGTTCACGTCCT	unresolved
TACTTGTTCGGCATCG	unresolved
TAGACCAAGATCGCCC	neuronal
TAGACCAAGGTAGCAC	oligodendrocyte_OPC
TAGACCAAGGTTGGAC	microglia_immune
TAGACCACAAGTGGAC	unresolved
TAGACCACATAGGCGA	unresolved
TAGACCAGTGTGTTTG	oligodendrocyte_OPC
TAGACCATCATTCTTG	unresolved
TAGACCATCCGTGTAA	unresolved
TAGACCATCCTCGATC	neuronal
TAGACCATCTCCGAGG	neuronal
TAGACCATCTGAGAGG	oligodendrocyte_OPC
TAGACTGAGGACATCG	neuronal
TAGACTGAGGCAGTCA	oligodendrocyte_OPC
TAGACTGAGGTGCTAG	unresolved
TAGACTGCACCCTTAC	oligodendrocyte_OPC
TAGACTGGTATTGGCT	astrocyte
TAGACTGGTCACTGAT	unresolved
TAGACTGGTGTCTTGA	astrocyte
TAGACTGTCCGTGTCT	oligodendrocyte_OPC
TAGACTGTCGCAACAT	unresolved
TAGAGTCAGTTGTAGA	neuronal
TAGAGTCCATCCTTGC	astrocyte
TAGAGTCTCATGCCAA	astrocyte
TAGAGTCTCCGCACTT	microglia_immune
TAGATCGAGCTAGCCC	vascular
TAGATCGTCATTGCTT	microglia_immune
TAGATCGTCGATCCAA	oligodendrocyte_OPC
TAGCACAAGTAACCGG	microglia_immune
TAGCACACACGGTGTC	astrocyte
TAGCACACAGGACGAT	oligodendrocyte_OPC
TAGCACACAGTTAAAG	unresolved
TAGCACAGTCACAGTT	ambiguous_or_doublet
TAGCACAGTCCTCCTA	unresolved
TAGCACAGTGTGCCTG	microglia_immune
TAGCACATCAAGGACG	microglia_immune
TAGCACATCCAGCCTT	astrocyte
TAGCACATCGTCACCT	neuronal
TAGGAGGAGCGATGGT	neuronal
TAGGAGGCACTGAATC	microglia_immune
TAGGAGGCATCTTTCA	unresolved
TAGGAGGCATTCCTCG	unresolved
TAGGAGGGTAGTCGGA	ambiguous_or_doublet
TAGGAGGGTCATAGTC	unresolved
TAGGAGGGTTTCGGCG	astrocyte
TAGGAGGTCAAGCCAT	ambiguous_or_doublet
TAGGAGGTCAATCCGA	neuronal
TAGGGTTAGCTGAGCA	astrocyte
TAGGGTTAGGCCACCT	unresolved
TAGGGTTAGTACAGCG	microglia_immune
TAGGGTTCACGTCGTG	neuronal
TAGGGTTGTCGGAAAC	neuronal
TAGGGTTGTCGTCATA	unresolved
TAGGGTTGTGGCGCTT	oligodendrocyte_OPC
TAGGGTTGTGTGCTTA	neuronal
TAGGGTTTCATCAGTG	unresolved
TAGGGTTTCGCACTCT	oligodendrocyte_OPC
TAGGTACAGTGGACTG	astrocyte
TAGGTACCATATGCGT	oligodendrocyte_OPC
TAGGTACCATCATCTT	neuronal
TAGGTACTCCTGGTCT	oligodendrocyte_OPC
TAGGTACTCTTAGTTC	unresolved
TAGGTTGAGTGACACG	oligodendrocyte_OPC
TAGGTTGCAAGTGGCA	neuronal
TAGGTTGGTCAGTCTA	astrocyte
TAGGTTGTCACTTGTT	oligodendrocyte_OPC
TAGTGCAAGACATATG	unresolved
TAGTGCACAGTAGGAC	neuronal
TAGTGCAGTTCTTCAT	oligodendrocyte_OPC
TAGTGCATCGAGTCTA	astrocyte
TAGTGCATCGGACTGC	unresolved
TAGTGCATCGTCTCAC	oligodendrocyte_OPC
TATACCTAGACTTAAG	neuronal
TATACCTAGATACCAA	astrocyte
TATACCTAGCGTATGG	unresolved
TATACCTCAGAAATCA	neuronal
TATACCTGTACTAACC	unresolved
TATACCTGTAGTACGG	astrocyte
TATACCTTCGCATGAT	unresolved
TATATCCCAGTAGTTC	oligodendrocyte_OPC
TATATCCGTCTGGTTA	unresolved
TATATCCGTCTTGAAC	unresolved
TATATCCGTTGACTGT	microglia_immune
TATATCCTCAGCTAGT	microglia_immune
TATATCCTCCCGAGGT	oligodendrocyte_OPC
TATCAGGGTAGCGTAG	unresolved
TATCAGGGTTCAGGTT	unresolved
TATCAGGTCATAGAGA	astrocyte
TATCAGGTCGTGAGAG	unresolved
TATCCTAAGCGTGCCT	astrocyte
TATCCTAAGTCTTCCC	unresolved
TATCCTACAAGTGATA	neuronal
TATCCTAGTCCTGTTC	neuronal
TATCCTAGTTAGTTCG	oligodendrocyte_OPC
TATCCTAGTTGCCAAT	unresolved
TATCCTATCGAGAAGC	astrocyte
TATCCTATCGTGCACG	neuronal
TATCCTATCGTGTTCC	neuronal
TATCGCCAGTCAATCC	neuronal
TATCGCCAGTCGTTAC	oligodendrocyte_OPC
TATCGCCAGTTTCAGC	oligodendrocyte_OPC
TATCGCCCAAATCAAG	unresolved
TATCGCCCAGAGCGTA	oligodendrocyte_OPC
TATCGCCCATGGCGCT	oligodendrocyte_OPC
TATCGCCGTGAAGCGT	ambiguous_or_doublet
TATCGCCGTTATTCCT	oligodendrocyte_OPC
TATCGCCTCACTGGGC	neuronal
TATCGCCTCAGATGCT	neuronal
TATCTGTAGCAATAAC	unresolved
TATCTGTAGCTGAGCA	oligodendrocyte_OPC
TATCTGTAGTAAGCAT	astrocyte
TATCTGTCACGTAACT	microglia_immune
TATCTGTCAGCAGTCC	neuronal
TATCTGTCAGGTTCCG	neuronal
TATCTGTGTAACTAAG	neuronal
TATCTGTGTGCCGTTG	oligodendrocyte_OPC
TATCTGTGTGGCGCTT	microglia_immune
TATCTGTGTGTGGTCC	oligodendrocyte_OPC
TATCTGTGTTGGCTAT	neuronal
TATCTGTTCAACTTTC	oligodendrocyte_OPC
TATCTGTTCATTATCC	neuronal
TATCTGTTCGGCTTGG	microglia_immune
TATCTGTTCTCGCCTA	oligodendrocyte_OPC
TATCTTGAGTAAGCAT	oligodendrocyte_OPC
TATCTTGAGTTGAAAC	neuronal
TATCTTGCAACACGAG	astrocyte
TATCTTGGTTTGGAAA	neuronal
TATGTTCAGCAGGCTA	astrocyte
TATGTTCAGGTACAAT	oligodendrocyte_OPC
TATGTTCAGTCAGGGT	astrocyte
TATGTTCCAGTGCGCT	microglia_immune
TATGTTCGTTCTCAGA	astrocyte
TATGTTCGTTTGGAGG	oligodendrocyte_OPC
TATGTTCTCATTACGG	neuronal
TATTCCAAGCGACCCT	oligodendrocyte_OPC
TATTCCAGTAGTTAGA	neuronal
TATTCCAGTGATGAAT	oligodendrocyte_OPC
TATTCCAGTGCATACT	oligodendrocyte_OPC
TATTCCATCCGCGGAT	oligodendrocyte_OPC
TATTCCATCCGTGGCA	unresolved
TATTGCTAGATGACCG	neuronal
TATTGCTAGCCATGCC	oligodendrocyte_OPC
TATTGCTAGCTGAGCA	unresolved
TATTGCTAGGCAGTCA	unresolved
TATTGCTAGGCCTGAA	oligodendrocyte_OPC
TATTGCTCATGGGTCC	astrocyte
TATTGCTGTGTTAGCT	neuronal
TATTGCTTCAAGTAAG	oligodendrocyte_OPC
TATTGCTTCCCATTTA	oligodendrocyte_OPC
TATTGCTTCGCAAGAG	oligodendrocyte_OPC
TATTGGGAGACCGTTT	astrocyte
TATTGGGAGACCTGGA	astrocyte
TATTGGGAGTAGAGTT	oligodendrocyte_OPC
TATTGGGAGTATTAGG	neuronal
TATTGGGCATTCACCC	astrocyte
TATTGGGGTGACGCCT	oligodendrocyte_OPC
TATTGGGTCACCTGGG	astrocyte
TATTTCGCACCCATAA	neuronal
TATTTCGCACCTGCTT	astrocyte
TATTTCGCAGCTTTCC	unresolved
TATTTCGTCATTCACT	neuronal
TATTTCGTCTGTACAG	unresolved
TCAAGACGTGTTCATG	neuronal
TCAAGACTCAACACGT	neuronal
TCAAGACTCCATTGGA	oligodendrocyte_OPC
TCAAGACTCCCTGGTT	microglia_immune
TCAAGCAAGATTGCGG	unresolved
TCAAGCACAACTTGCA	ambiguous_or_doublet
TCAAGCACACAATGAA	oligodendrocyte_OPC
TCAAGCACATCGATGT	astrocyte
TCAAGCAGTGTGGACA	astrocyte
TCAAGCATCGAGTGAG	oligodendrocyte_OPC
TCAAGCATCGTCGGGT	unresolved
TCAAGTGAGAGCCGTA	oligodendrocyte_OPC
TCAAGTGAGCTGAGTG	neuronal
TCAAGTGCAACCTAAC	neuronal
TCAAGTGCACAGGATG	oligodendrocyte_OPC
TCAAGTGCATAGCACT	astrocyte
TCAAGTGTCAACTGAC	unresolved
TCAAGTGTCCTGTACC	microglia_immune
TCAAGTGTCTCCGAGG	neuronal
TCAATCTAGCTGACTT	neuronal
TCAATCTAGGCTTAAA	neuronal
TCAATCTCACTCTCGT	oligodendrocyte_OPC
TCAATCTCAGGTCCGT	oligodendrocyte_OPC
TCAATCTGTGAATTAG	astrocyte
TCAATCTTCGAACCAT	neuronal
TCAATCTTCTCGAGTA	microglia_immune
TCAATTCAGAAACCCG	astrocyte
TCAATTCAGCCTGTCG	neuronal
TCAATTCGTAGCTTTG	astrocyte
TCAATTCGTGAGAGGG	neuronal
TCAATTCTCAGAGTTC	unresolved
TCAATTCTCCGACATA	unresolved
TCAATTCTCGCGGTAC	unresolved
TCACAAGCACGGGCTT	neuronal
TCACAAGGTGGAAGTC	oligodendrocyte_OPC
TCACAAGTCCCAATAG	oligodendrocyte_OPC
TCACACCAGGTAGCAC	astrocyte
TCACACCCACTTCATT	astrocyte
TCACACCCAGCAGACA	astrocyte
TCACACCCAGTAGTGG	neuronal
TCACACCCATGCAGCC	astrocyte
TCACACCTCCACTAGA	unresolved
TCACATTAGAGGCGGA	unresolved
TCACATTCAAGCTCTA	oligodendrocyte_OPC
TCACATTCACAACATC	neuronal
TCACATTGTACTCCGG	astrocyte
TCACATTGTAGCACAG	astrocyte
TCACATTGTAGGAGGG	neuronal
TCACATTGTGATACAA	neuronal
TCACATTGTGCCCGTA	microglia_immune
TCACATTTCCGCAAAT	astrocyte
TCACATTTCGAAACAA	oligodendrocyte_OPC
TCACATTTCGTTGTGA	oligodendrocyte_OPC
TCACATTTCTCCAATT	oligodendrocyte_OPC
TCACGCTCAAGGCAAC	unresolved
TCACGCTCACCTCAGG	unresolved
TCACGCTCACGACTAT	neuronal
TCACGCTCAGGCTTGC	neuronal
TCACGCTGTAACGTTC	astrocyte
TCACGCTGTTGTAAAG	neuronal
TCACGCTTCAATGCAC	unresolved
TCACGCTTCATCTGTT	unresolved
TCACGCTTCGGAATTC	astrocyte
TCACGGGAGTATGCAA	astrocyte
TCACGGGCATCATGAC	astrocyte
TCACGGGGTAAGTCAA	astrocyte
TCACGGGGTCGGCACT	oligodendrocyte_OPC
TCACGGGGTGGAATGC	microglia_immune
TCACGGGGTTCCTACC	oligodendrocyte_OPC
TCACGGGGTTTAGTCG	neuronal
TCACGGGTCGACATTG	microglia_immune
TCACGGGTCTTACGTT	oligodendrocyte_OPC
TCACTATAGATCCCGC	unresolved
TCACTATAGTCGTTAC	unresolved
TCACTATCAATGAACA	unresolved
TCACTATCAGCAGACA	unresolved
TCACTATCAGCTCGGT	unresolved
TCACTATCATCTCATT	oligodendrocyte_OPC
TCACTATGTAGCGCTC	unresolved
TCACTATGTATCGCAT	neuronal
TCACTATGTATGGGAC	oligodendrocyte_OPC
TCACTATTCCGGTAAT	astrocyte
TCACTATTCCTCATAT	oligodendrocyte_OPC
TCACTCGAGCGTGAAC	oligodendrocyte_OPC
TCACTCGAGGACAACC	oligodendrocyte_OPC
TCACTCGCAGACACAG	unresolved
TCACTCGGTGCCGTTG	unresolved
TCACTCGTCGACGCGT	astrocyte
TCACTCGTCTGAATCG	unresolved
TCAGCAAAGGCACTCC	unresolved
TCAGCAAAGGGCAATC	astrocyte
TCAGCAAGTAACGGTG	astrocyte
TCAGCAAGTACTCGTA	unresolved
TCAGCAATCCTGTACC	astrocyte
TCAGCCTAGTAAACGT	ambiguous_or_doublet
TCAGCCTGTCGAGTTT	unresolved
TCAGCCTTCAAACGAA	oligodendrocyte_OPC
TCAGCCTTCGACGATT	neuronal
TCAGCCTTCGCTAATG	oligodendrocyte_OPC
TCAGCCTTCTAAGGAA	neuronal
TCAGCCTTCTTCCTAA	neuronal
TCAGGGCAGACGCATG	astrocyte
TCAGGGCAGCCTATTG	unresolved
TCAGGGCCAGATTCGT	microglia_immune
TCAGGGCCATGACTCA	oligodendrocyte_OPC
TCAGGGCCATTCAGCA	astrocyte
TCAGGGCGTACCATAC	neuronal
TCAGGGCGTATTGCCA	neuronal
TCAGGGCTCCAACTAG	oligodendrocyte_OPC
TCAGGGCTCGGAGCAA	neuronal
TCAGGTAAGGCCCGTT	unresolved
TCAGGTAAGGCTCAAG	neuronal
TCAGGTACAGAGCCCT	unresolved
TCAGGTAGTACAACGG	oligodendrocyte_OPC
TCAGGTAGTACGACTT	neuronal
TCAGGTAGTATTCTCT	neuronal
TCAGGTAGTGGATCAG	oligodendrocyte_OPC
TCAGGTAGTGTGTGTT	unresolved
TCAGGTAGTTAGAAGT	microglia_immune
TCAGGTATCAAGAGTA	unresolved
TCAGGTATCATTGTGG	unresolved
TCAGGTATCGGTGCAC	oligodendrocyte_OPC
TCAGGTATCTTCTTCC	oligodendrocyte_OPC
TCAGTCCCACTCCGGA	astrocyte
TCAGTCCGTACAAAGT	astrocyte
TCAGTCCGTATGTCTG	microglia_immune
TCAGTCCGTTCAGCGC	neuronal
TCAGTCCTCTTTGCAT	unresolved
TCAGTGAAGTGGCGAT	oligodendrocyte_OPC
TCAGTGACAAACGTGG	unresolved
TCAGTGACAAGAGGTC	astrocyte
TCAGTGACATCCTAAG	neuronal
TCAGTGATCCACAGCG	astrocyte
TCAGTGATCCATCCGT	neuronal
TCAGTGATCCGAAGGA	oligodendrocyte_OPC
TCAGTGATCGCGTAGC	oligodendrocyte_OPC
TCAGTGATCTACAGGT	oligodendrocyte_OPC
TCAGTGATCTATCACT	oligodendrocyte_OPC
TCAGTTTAGGCACTCC	unresolved
TCAGTTTAGTCCCGAC	astrocyte
TCAGTTTCAAGTGCTT	neuronal
TCAGTTTTCCTCGCAT	oligodendrocyte_OPC
TCATACTAGAGAATCT	astrocyte
TCATACTAGGGACAGG	astrocyte
TCATACTAGTTCCGGC	unresolved
TCATACTCAACTGCTA	astrocyte
TCATACTCACGCAGTC	astrocyte
TCATACTCAGAATCGG	astrocyte
TCATACTCATCCGATA	neuronal
TCATACTCATCTATCT	astrocyte
TCATACTGTAAGACCG	oligodendrocyte_OPC
TCATACTGTACGACAG	oligodendrocyte_OPC
TCATACTGTGCCTGCA	neuronal
TCATACTTCCACGAAT	astrocyte
TCATATCAGTACTGTC	astrocyte
TCATATCAGTAGACCG	oligodendrocyte_OPC
TCATATCAGTCATAGA	oligodendrocyte_OPC
TCATATCCAATCGCCG	astrocyte
TCATATCCACAATGTC	oligodendrocyte_OPC
TCATCATAGCATGAAT	neuronal
TCATCATAGTCAGGGT	astrocyte
TCATCATCAAAGGCGT	oligodendrocyte_OPC
TCATCATCAGATTTCG	oligodendrocyte_OPC
TCATCATCATGGCTAT	oligodendrocyte_OPC
TCATCATGTGCTGATT	oligodendrocyte_OPC
TCATCATGTGTCTTAG	unresolved
TCATCCGAGACGCCAA	astrocyte
TCATCCGAGAGTGTTA	neuronal
TCATCCGAGCGCAATG	microglia_immune
TCATCCGAGCTCGCAC	unresolved
TCATCCGAGTGCACAG	neuronal
TCATCCGCAAATGGAT	astrocyte
TCATCCGCAGAGAATT	oligodendrocyte_OPC
TCATCCGCATGGAACG	unresolved
TCATCCGGTACATTGC	unresolved
TCATCCGTCGCTGTCT	neuronal
TCATGAGCACTGTGTA	neuronal
TCATGAGCAGTTGGTT	unresolved
TCATGAGCATTACTCT	neuronal
TCATGAGGTAACACGG	unresolved
TCATGAGGTTTACACG	oligodendrocyte_OPC
TCATGAGTCAGGTGTT	astrocyte
TCATGAGTCCTACCAC	astrocyte
TCATGCCAGGTGGCTA	neuronal
TCATGCCGTCTACAAC	oligodendrocyte_OPC
TCATGCCGTGTATCCA	neuronal
TCATGCCTCATGGATC	oligodendrocyte_OPC
TCATGGAAGCAGCAGT	neuronal
TCATGGACAACTACGT	astrocyte
TCATGGACAAGAGATT	unresolved
TCATGGACACGTCATA	neuronal
TCATGGACATAACTCG	astrocyte
TCATGGAGTCCCTGAG	unresolved
TCATGGAGTGGCAACA	neuronal
TCATGTTCACTTCAAG	oligodendrocyte_OPC
TCATGTTCATTATGCG	neuronal
TCATGTTCATTGAGCT	oligodendrocyte_OPC
TCATGTTGTCCGGTCA	neuronal
TCATGTTTCAACCTTT	ambiguous_or_doublet
TCATGTTTCTACCAGA	oligodendrocyte_OPC
TCATGTTTCTGGTGCG	oligodendrocyte_OPC
TCATTACAGAAGAGCA	oligodendrocyte_OPC
TCATTACAGGTACCTT	ambiguous_or_doublet
TCATTACAGGTCGTCC	unresolved
TCATTACGTCACAGTT	astrocyte
TCATTACGTCCTTAAG	neuronal
TCATTACGTTAAGGAT	astrocyte
TCATTACTCCCTTCCC	astrocyte
TCATTCAAGAACCCGA	unresolved
TCATTCAAGAGTACCG	astrocyte
TCATTCAGTCTACTGA	unresolved
TCATTCAGTGTTTGCA	unresolved
TCATTCAGTTTATGCG	neuronal
TCATTGTAGACTTAAG	astrocyte
TCATTGTAGTCCTGCG	unresolved
TCATTGTGTCCAATCA	neuronal
TCATTGTGTCCAGGTC	neuronal
TCATTGTGTCGCTTGG	unresolved
TCATTGTGTCGGCTAC	oligodendrocyte_OPC
TCATTGTGTGTTGAGG	oligodendrocyte_OPC
TCATTGTTCAAACGAA	unresolved
TCATTTGAGCTCTTCC	unresolved
TCATTTGAGCTGACAG	neuronal
TCATTTGAGTAGGGTC	neuronal
TCATTTGAGTTTCGAC	oligodendrocyte_OPC
TCATTTGCACTCAGAT	unresolved
TCATTTGCATCGGTTA	neuronal
TCATTTGGTCCGAAGA	oligodendrocyte_OPC
TCATTTGTCACCTTGC	astrocyte
TCATTTGTCCTAGCGG	unresolved
TCCACCAAGCACGGAT	oligodendrocyte_OPC
TCCACCACAGGGAATC	unresolved
TCCACCACATGATGCT	ambiguous_or_doublet
TCCACCAGTACCAGAG	unresolved
TCCACCAGTGACTGTT	neuronal
TCCACCAGTGTTTACG	vascular
TCCACCATCCTGTAAG	oligodendrocyte_OPC
TCCACGTAGAAGAGCA	neuronal
TCCACGTAGATTTGCC	neuronal
TCCACGTCACCGTCTT	neuronal
TCCACGTGTAACGATA	neuronal
TCCACGTGTCACTTCC	oligodendrocyte_OPC
TCCACGTTCATTACTC	oligodendrocyte_OPC
TCCACGTTCGAGCCAC	vascular
TCCACGTTCGCTTTAT	astrocyte
TCCAGAAAGCGCCTAC	oligodendrocyte_OPC
TCCAGAAAGTAATTGG	unresolved
TCCAGAACAATGAAAC	neuronal
TCCAGAACATAGACTC	unresolved
TCCAGAACATGACGAG	unresolved
TCCAGAAGTCCACAGC	neuronal
TCCAGAAGTCGGAACA	neuronal
TCCAGAAGTCTATGAC	ambiguous_or_doublet
TCCAGAAGTTCTGACA	astrocyte
TCCAGAATCCATACAG	neuronal
TCCAGAATCCTATTTG	neuronal
TCCAGAATCGAGAAAT	oligodendrocyte_OPC
TCCATCGCACGTCGTG	unresolved
TCCATCGCATTGCCTC	oligodendrocyte_OPC
TCCATCGGTCGTCTCT	neuronal
TCCATCGTCTACCAGA	microglia_immune
TCCATGCAGGTGAGAA	astrocyte
TCCATGCCAGTCACGC	oligodendrocyte_OPC
TCCATGCGTCAAAGAT	oligodendrocyte_OPC
TCCATGCTCCGCAGTG	oligodendrocyte_OPC
TCCATGCTCCGGCTTT	neuronal
TCCCACAAGCGTGCTC	oligodendrocyte_OPC
TCCCACAAGGCTCCCA	neuronal
TCCCACACAAGACCTT	unresolved
TCCCACACACACACGC	oligodendrocyte_OPC
TCCCACACAGACAATA	oligodendrocyte_OPC
TCCCACACAGGGCTTC	oligodendrocyte_OPC
TCCCACAGTCCGTTTC	neuronal
TCCCACAGTGTCATTG	neuronal
TCCCACATCTCCCTAG	neuronal
TCCCAGTAGGAAAGTG	oligodendrocyte_OPC
TCCCAGTAGTCGGCAA	microglia_immune
TCCCAGTCAAACTCGT	ambiguous_or_doublet
TCCCAGTCATCACGGC	oligodendrocyte_OPC
TCCCAGTCATGGAACG	microglia_immune
TCCCAGTGTATCGGTT	neuronal
TCCCAGTGTCTATGAC	oligodendrocyte_OPC
TCCCAGTGTGCATTAC	astrocyte
TCCCAGTGTGTACGCC	microglia_immune
TCCCAGTTCCATCGTC	astrocyte
TCCCAGTTCGTTCTCG	neuronal
TCCCATGAGCGCCTAC	oligodendrocyte_OPC
TCCCATGAGTCATCCA	microglia_immune
TCCCATGCAACACGAG	neuronal
TCCCATGCACACAGAG	neuronal
TCCCATGCACCCTCTA	astrocyte
TCCCATGCATAATGAG	neuronal
TCCCATGTCATGAGGG	microglia_immune
TCCCATGTCCCGAGAC	neuronal
TCCCATGTCGCACTCT	oligodendrocyte_OPC
TCCCATGTCTACGGGC	astrocyte
TCCGAAACAACCGCCA	unresolved
TCCGAAACAGGAGGTT	neuronal
TCCGAAACAGGCATGA	microglia_immune
TCCGAAAGTAGGAGGG	neuronal
TCCGAAAGTATAGCTC	oligodendrocyte_OPC
TCCGAAAGTCTAGTGT	unresolved
TCCGAAAGTCTCGCGA	unresolved
TCCGAAAGTGATATAG	astrocyte
TCCGAAAGTGTTAAAG	neuronal
TCCGAAAGTTAGGAGC	microglia_immune
TCCGAAATCTCAACCC	unresolved
TCCGATCAGGGTACGT	oligodendrocyte_OPC
TCCGATCCAATGGCCC	neuronal
TCCGATCGTATGCGGA	neuronal
TCCGATCGTTTACGAC	unresolved
TCCGATCTCCGTATAG	neuronal
TCCGATCTCGCAAGAG	oligodendrocyte_OPC
TCCGATCTCGGTCGAC	oligodendrocyte_OPC
TCCGGGAAGTAAACTG	neuronal
TCCGGGACAACTCCAA	unresolved
TCCGGGAGTGACTGAG	oligodendrocyte_OPC
TCCGGGAGTTCTTGTT	astrocyte
TCCGGGATCGGAATTC	unresolved
TCCGGGATCTCTCTTC	astrocyte
TCCGTGTGTAACGCGA	oligodendrocyte_OPC
TCCGTGTGTCCAGCCA	neuronal
TCCGTGTGTCCGTTTC	unresolved
TCCGTGTGTTCAAGGG	oligodendrocyte_OPC
TCCTAATCACGCACCA	ambiguous_or_doublet
TCCTAATCACGGATCC	neuronal
TCCTAATCAGCTGAAG	unresolved
TCCTAATGTACCTATG	neuronal
TCCTAATGTGAATAAC	astrocyte
TCCTAATTCACTTATC	vascular
TCCTAATTCAGTCCGG	unresolved
TCCTAATTCCATCTCG	oligodendrocyte_OPC
TCCTCCCAGTCGGCCT	unresolved
TCCTCCCCAGAGCTAG	neuronal
TCCTCCCCAGTTCACA	oligodendrocyte_OPC
TCCTCCCCATCTCGTC	oligodendrocyte_OPC
TCCTCCCGTAGCTAAA	oligodendrocyte_OPC
TCCTCCCGTGGTCTAT	oligodendrocyte_OPC
TCCTCCCTCCAAGCCG	oligodendrocyte_OPC
TCCTCGAAGACCAGAC	unresolved
TCCTCGAAGCCTCAAT	unresolved
TCCTCGAAGCTACAAA	oligodendrocyte_OPC
TCCTCGAAGTGGCCTC	oligodendrocyte_OPC
TCCTCGACAAATAGCA	unresolved
TCCTCGACAACGATCT	neuronal
TCCTCGACACGATAGG	astrocyte
TCCTCGACAGGGTTGA	unresolved
TCCTCGATCAACTTTC	neuronal
TCCTCGATCAGTCACA	unresolved
TCCTCTTAGAAACTGT	ambiguous_or_doublet
TCCTCTTAGCAGTCTT	oligodendrocyte_OPC
TCCTCTTAGGTTAGTA	neuronal
TCCTCTTGTAATGCGG	oligodendrocyte_OPC
TCCTCTTGTAGATTGA	unresolved
TCCTCTTGTCACTTCC	unresolved
TCCTCTTGTTCTAAGC	oligodendrocyte_OPC
TCCTCTTTCAACTGGT	oligodendrocyte_OPC
TCCTCTTTCGATGCTA	oligodendrocyte_OPC
TCCTCTTTCGTGCGAC	neuronal
TCCTCTTTCTCCAATT	astrocyte
TCCTGCACAAGGCAAC	astrocyte
TCCTGCACACCCTTGT	oligodendrocyte_OPC
TCCTGCACATGTTTGG	unresolved
TCCTGCAGTAGAATAC	oligodendrocyte_OPC
TCCTGCAGTGCACATT	unresolved
TCCTGCAGTTCTCACC	astrocyte
TCCTGCATCACCCTCA	microglia_immune
TCCTGCATCCCGATCT	oligodendrocyte_OPC
TCCTGCATCGTAGCTA	neuronal
TCCTTCTAGATACATG	vascular
TCCTTCTCAATAGAGT	oligodendrocyte_OPC
TCCTTCTGTATCACCA	neuronal
TCCTTCTGTATGCTAC	neuronal
TCCTTCTGTCACAGTT	unresolved
TCCTTCTGTGGGATTG	microglia_immune
TCCTTCTTCATGGGAG	astrocyte
TCCTTTCAGCGAATGC	astrocyte
TCCTTTCCACCTTCCA	neuronal
TCCTTTCCAGTCGGTC	unresolved
TCCTTTCGTGTCTAAC	oligodendrocyte_OPC
TCCTTTCGTGTTCAGT	neuronal
TCCTTTCTCCCTAGGG	unresolved
TCCTTTCTCGGTCACG	unresolved
TCCTTTCTCTCGGTAA	astrocyte
TCCTTTCTCTCGTGGG	oligodendrocyte_OPC
TCGAACAAGCATGAAT	oligodendrocyte_OPC
TCGAACACAATAGAGT	unresolved
TCGAACAGTGCTTCAA	oligodendrocyte_OPC
TCGAACAGTGTTTCTT	neuronal
TCGAACATCAGAGCAG	oligodendrocyte_OPC
TCGAACATCCGGCTTT	vascular
TCGAACATCGACCATA	astrocyte
TCGAAGTAGTATAACG	unresolved
TCGAAGTCAAACCATC	vascular
TCGAAGTCAAGTGTCT	oligodendrocyte_OPC
TCGAAGTGTGCCGTAC	oligodendrocyte_OPC
TCGAAGTTCCGACGGT	neuronal
TCGACCTAGAACAGGA	neuronal
TCGACCTCACGCAAAG	unresolved
TCGACCTCACGCTGAC	neuronal
TCGACCTCAGGGTCTC	neuronal
TCGACCTGTCAGCTTA	neuronal
TCGACCTGTGACTAAA	neuronal
TCGACCTGTGGCTTAT	astrocyte
TCGACCTTCCAAGGGA	unresolved
TCGACCTTCTCTTCAA	oligodendrocyte_OPC
TCGACGGAGATCCTAC	microglia_immune
TCGACGGAGCCTGACC	vascular
TCGACGGAGCTAAACA	oligodendrocyte_OPC
TCGACGGAGGCTAAAT	neuronal
TCGACGGAGGCTATCT	neuronal
TCGACGGAGGGTCAAC	neuronal
TCGACGGGTGGGATTG	unresolved
TCGATTTAGGGACAGG	astrocyte
TCGATTTAGTACAACA	neuronal
TCGATTTGTAGCTGAG	unresolved
TCGATTTGTCACTCGG	oligodendrocyte_OPC
TCGATTTGTCTTACAG	astrocyte
TCGATTTGTTCTCCTG	neuronal
TCGCACTAGGTATTGA	astrocyte
TCGCACTCAGGCATTT	oligodendrocyte_OPC
TCGCACTGTAGCTTAC	oligodendrocyte_OPC
TCGCACTGTCGGTGTC	microglia_immune
TCGCACTGTTCTCCTG	oligodendrocyte_OPC
TCGCAGGCAATTGAAG	oligodendrocyte_OPC
TCGCAGGCAGGTCAGA	neuronal
TCGCAGGTCCAACTGA	vascular
TCGCAGGTCTATTCGT	unresolved
TCGCTCAAGTTAACGA	oligodendrocyte_OPC
TCGCTCACAAACCACT	oligodendrocyte_OPC
TCGCTCATCATCGCCT	oligodendrocyte_OPC
TCGCTCATCGCCCAGA	astrocyte
TCGCTTGAGGCCTAGA	unresolved
TCGCTTGGTCTACGTA	ambiguous_or_doublet
TCGCTTGGTTGCCGCA	astrocyte
TCGCTTGTCGCTATTT	neuronal
TCGGATAAGCAGGCTA	oligodendrocyte_OPC
TCGGATAAGCCTATCA	neuronal
TCGGATAAGTTATGGA	vascular
TCGGATAGTCATCTAG	neuronal
TCGGATAGTTATTCTC	oligodendrocyte_OPC
TCGGATAGTTGACTGT	astrocyte
TCGGATATCCACGGGT	unresolved
TCGGATATCGAAATCC	astrocyte
TCGGATATCGTTGTAG	unresolved
TCGGATATCTTACACT	neuronal
TCGGGACCAAGAATAC	neuronal
TCGGGACGTCCAGTTA	neuronal
TCGGGACTCCCTCGAT	astrocyte
TCGGGACTCCTCTAGC	unresolved
TCGGGCAAGGAACTCG	astrocyte
TCGGGCAAGGCAGTCA	neuronal
TCGGGCAAGGGATCAC	neuronal
TCGGGCAAGTAAGACT	oligodendrocyte_OPC
TCGGGCACACCTATCC	astrocyte
TCGGGCACAGGAACCA	neuronal
TCGGGCAGTTCCAAAC	unresolved
TCGGGTGCACGATAGG	neuronal
TCGGGTGCATACAGGG	neuronal
TCGGGTGTCAGCAATC	astrocyte
TCGGGTGTCCGAACGC	unresolved
TCGGTCTCACCCTAGG	oligodendrocyte_OPC
TCGGTCTCACCTGCTT	ambiguous_or_doublet
TCGGTCTGTGATTCAC	unresolved
TCGGTCTGTGCAGTGA	oligodendrocyte_OPC
TCGTAGAAGCACTGGA	oligodendrocyte_OPC
TCGTAGAGTCACCTTC	oligodendrocyte_OPC
TCGTAGAGTGACACGA	astrocyte
TCGTAGATCTAGCCTC	oligodendrocyte_OPC
TCGTCCACAAGCTCTA	neuronal
TCGTCCACAGCACGAA	astrocyte
TCGTCCACAGCAGACA	oligodendrocyte_OPC
TCGTCCAGTACCCGAC	neuronal
TCGTCCAGTAGAGGAA	microglia_immune
TCGTCCAGTTTACTGG	unresolved
TCGTCCATCGTTCCCA	astrocyte
TCGTGCTCAACACGAG	unresolved
TCGTGCTCACTTACAG	neuronal
TCGTGCTGTTGCAACT	neuronal
TCGTGCTTCAACCTTT	astrocyte
TCGTGCTTCAGTCATG	neuronal
TCGTGCTTCCAAGAGG	astrocyte
TCGTGCTTCCTCCACA	neuronal
TCGTGGGAGGCCCGTT	oligodendrocyte_OPC
TCGTGGGGTGTGACCC	astrocyte
TCGTGGGTCCATTTAC	oligodendrocyte_OPC
TCGTGGGTCGCGAAGA	unresolved
TCGTGGGTCGGAGATG	neuronal
TCTAACTCAAGCAATA	astrocyte
TCTAACTCAAGGCGTA	oligodendrocyte_OPC
TCTAACTCAGAGAAAG	unresolved
TCTAACTCATGAGTAA	vascular
TCTAACTTCATTCCTA	oligodendrocyte_OPC
TCTAACTTCCCTCTTT	unresolved
TCTAACTTCCGTGCGA	unresolved
TCTAACTTCGAACGGA	oligodendrocyte_OPC
TCTACATAGAATTCAG	astrocyte
TCTACATAGGCCATAG	oligodendrocyte_OPC
TCTACATCATGATGCT	neuronal
TCTACATCATGGAACG	unresolved
TCTACATTCCGCACGA	neuronal
TCTACATTCTGTCAGA	microglia_immune
TCTACATTCTTCTGTA	ambiguous_or_doublet
TCTACCGAGCAACAGC	unresolved
TCTACCGCAGACCATT	oligodendrocyte_OPC
TCTACCGGTCGATGCC	astrocyte
TCTACCGTCCACACCT	unresolved
TCTACCGTCGACTCCT	oligodendrocyte_OPC
TCTACCGTCGGTAGAG	oligodendrocyte_OPC
TCTATACAGCCGATTT	astrocyte
TCTATACAGCGCCTTG	neuronal
TCTATACCACTCTAGA	oligodendrocyte_OPC
TCTATACCAGATGCGA	vascular
TCTATACCATGACGGA	unresolved
TCTATACGTCGAGCAA	neuronal
TCTATCAAGATTAGCA	oligodendrocyte_OPC
TCTATCAAGCGCACAA	oligodendrocyte_OPC
TCTATCACAAATCAAG	oligodendrocyte_OPC
TCTATCACAAGGTCAG	vascular
TCTATCACACATGACT	neuronal
TCTATCACATACAGCT	unresolved
TCTATCACATCGGTTA	unresolved
TCTATCATCGCGTGCA	oligodendrocyte_OPC
TCTATCATCGGTTAGT	unresolved
TCTATCATCTACTGAG	unresolved
TCTCACGAGACTCTAC	astrocyte
TCTCACGAGTCTCGTA	astrocyte
TCTCACGCAGGCAATG	neuronal
TCTCACGGTATCAGGG	microglia_immune
TCTCACGGTGGATACG	unresolved
TCTCACGTCAGCAGAG	oligodendrocyte_OPC
TCTCAGCCAACACAGG	neuronal
TCTCAGCCAAGTTCGT	oligodendrocyte_OPC
TCTCAGCCAGTATACC	astrocyte
TCTCAGCGTCCTTGTC	vascular
TCTCAGCTCCGATAAC	microglia_immune
TCTCCGACAAGATGTA	vascular
TCTCCGACAATCTCTT	oligodendrocyte_OPC
TCTCCGACAGAAGTTA	microglia_immune
TCTCCGACAGATACTC	oligodendrocyte_OPC
TCTCCGATCAAGAGTA	astrocyte
TCTCCGATCCATTTGT	vascular
TCTCCGATCCTTCACG	neuronal
TCTCTGGAGAATACAC	astrocyte
TCTCTGGAGATTGGGC	neuronal
TCTCTGGCAAAGACGC	vascular
TCTCTGGCAATTTCGG	astrocyte
TCTCTGGCAGCTTCCT	astrocyte
TCTCTGGCATCACCAA	unresolved
TCTCTGGCATCTCAAG	neuronal
TCTCTGGGTACCTAGT	unresolved
TCTCTGGGTTAGCTAC	unresolved
TCTCTGGTCATGCCGG	unresolved
TCTCTGGTCTTCCGTG	vascular
TCTGCCAAGCAGTACG	microglia_immune
TCTGCCAAGTTGGAAT	unresolved
TCTGCCACACGTATAC	neuronal
TCTGCCACAGTCACGC	microglia_immune
TCTGCCACAGTTCCAA	astrocyte
TCTGCCAGTGACTCGC	oligodendrocyte_OPC
TCTGCCAGTGCCGGTT	oligodendrocyte_OPC
TCTGGCTCAAGGTCAG	unresolved
TCTGGCTCATCCCGTT	oligodendrocyte_OPC
TCTGGCTGTAGGAGTC	astrocyte
TCTGGCTTCTCTCTTC	unresolved
TCTGTCGAGCATACTC	oligodendrocyte_OPC
TCTGTCGAGGCTGGAT	neuronal
TCTGTCGAGTGCCCGT	unresolved
TCTGTCGCAACGGCTC	vascular
TCTGTCGCACATTCGA	astrocyte
TCTGTCGCAGGGAGAG	neuronal
TCTGTCGCATCGGAAG	neuronal
TCTGTCGGTCCATACA	astrocyte
TCTGTCGTCCACCCTA	neuronal
TCTGTCGTCCGAAGGA	neuronal
TCTGTCGTCGGAACTT	neuronal
TCTTAGTAGACAGTCG	oligodendrocyte_OPC
TCTTAGTGTTAAGAAC	neuronal
TCTTAGTTCGCGTCGA	neuronal
TCTTAGTTCTGGTGGC	neuronal
TCTTCCTGTATGATCC	oligodendrocyte_OPC
TCTTCCTGTCTCTCCA	neuronal
TCTTCCTGTGACACGA	oligodendrocyte_OPC
TCTTCCTGTGACCGTC	oligodendrocyte_OPC
TCTTCCTGTTATGACC	oligodendrocyte_OPC
TCTTCCTTCGGTCGGT	neuronal
TCTTGCGAGAAGCGAA	unresolved
TCTTGCGAGCACTGGA	astrocyte
TCTTGCGAGCGAAACC	neuronal
TCTTGCGCAGTCCCGA	neuronal
TCTTGCGCAGTGCGCT	ambiguous_or_doublet
TCTTGCGCATAAGATG	oligodendrocyte_OPC
TCTTTGAAGCTGTGCC	oligodendrocyte_OPC
TCTTTGAAGGTCATTC	neuronal
TCTTTGAAGTGCCGAA	unresolved
TCTTTGAGTCGGATTT	unresolved
TCTTTGAGTGTATTGC	neuronal
TCTTTGAGTTCCATTT	astrocyte
TCTTTGATCCGTTTCG	neuronal
TCTTTGATCGAGCACC	astrocyte
TGAACGTAGGATCACG	neuronal
TGAACGTAGGATGAGA	oligodendrocyte_OPC
TGAACGTCAAATGCGG	microglia_immune
TGAACGTCAATCGCAT	oligodendrocyte_OPC
TGAACGTCACAACGTT	oligodendrocyte_OPC
TGAACGTGTCATGCAT	neuronal
TGAACGTGTTCTAACG	neuronal
TGAACGTGTTTCGACA	neuronal
TGAACGTTCAAGCCTA	oligodendrocyte_OPC
TGAACGTTCATACGGT	unresolved
TGAATCGCAAACTCTG	neuronal
TGAATCGCACAGAGAC	neuronal
TGAATCGCATAACGGG	neuronal
TGAATCGGTGACACAG	vascular
TGAATCGTCCAAATGC	oligodendrocyte_OPC
TGAATCGTCTAGTACG	astrocyte
TGAATGCAGGTTCCAT	oligodendrocyte_OPC
TGAATGCCAAGATTGA	oligodendrocyte_OPC
TGAATGCCAGTTCACA	astrocyte
TGAATGCCATTGAGGG	astrocyte
TGAATGCGTAAGATAC	unresolved
TGAATGCGTCGAAACG	oligodendrocyte_OPC
TGAATGCGTCTTCAAG	unresolved
TGAATGCGTTAAGACA	neuronal
TGACAGTAGGGTGAAA	astrocyte
TGACAGTGTATTCTCT	unresolved
TGACAGTTCACGTAGT	unresolved
TGACAGTTCCGAGTGC	unresolved
TGACAGTTCCTCCACA	unresolved
TGACCCTAGTCTAGAA	neuronal
TGACCCTGTCTACTGA	oligodendrocyte_OPC
TGACCCTGTGGTCTGC	neuronal
TGACCCTGTTACGCCG	unresolved
TGACCCTGTTTCTTAC	vascular
TGACCCTTCCCGTTCA	unresolved
TGACCCTTCGGATAAA	oligodendrocyte_OPC
TGACCCTTCTCTTAAC	neuronal
TGACGCGAGACTAGAT	unresolved
TGACGCGAGCACGTCC	neuronal
TGACGCGAGCTATCCA	unresolved
TGACGCGAGGAGGCAG	astrocyte
TGACGCGCAGGACTTT	neuronal
TGACGCGCATGGGTCC	unresolved
TGACGCGGTGACCTGC	microglia_immune
TGACTCCAGAAACACT	astrocyte
TGACTCCAGCATACTC	oligodendrocyte_OPC
TGACTCCAGGAGTACC	astrocyte
TGACTCCAGGATTTGA	oligodendrocyte_OPC
TGACTCCAGGTGCTTT	microglia_immune
TGACTCCAGTGCCCGT	oligodendrocyte_OPC
TGACTCCCAATCTAGC	microglia_immune
TGACTCCGTAGATTAG	vascular
TGACTCCGTATACCTG	microglia_immune
TGACTCCGTGACTGTT	unresolved
TGACTCCGTTCTTCAT	unresolved
TGACTCCTCCCTTGGT	neuronal
TGACTCCTCGCACGGT	unresolved
TGACTCCTCTACACAG	neuronal
TGAGACTAGCGAGTCA	unresolved
TGAGACTAGCTCGGCT	astrocyte
TGAGACTAGGGACAGG	unresolved
TGAGACTAGTACCATC	oligodendrocyte_OPC
TGAGACTCAAGACGAC	unresolved
TGAGACTTCCAAATGC	astrocyte
TGAGCATAGGACTATA	oligodendrocyte_OPC
TGAGCATGTACGAGCA	neuronal
TGAGCATTCGACGCGT	unresolved
TGAGCGCAGACCTTTG	neuronal
TGAGCGCCAAACTAGA	oligodendrocyte_OPC
TGAGCGCCACGACCTG	neuronal
TGAGCGCGTATACAGA	unresolved
TGAGCGCGTCCGGATC	neuronal
TGAGCGCTCTCTTGCG	oligodendrocyte_OPC
TGAGGAGAGACAGCGT	astrocyte
TGAGGAGAGACTCAAA	neuronal
TGAGGAGAGAGCTTTC	astrocyte
TGAGGAGAGCAATTCC	oligodendrocyte_OPC
TGAGGAGCAAACGGCA	ambiguous_or_doublet
TGAGGAGGTAGCCAGA	astrocyte
TGAGGAGGTAGTGGCA	oligodendrocyte_OPC
TGAGGAGGTCAGACGA	astrocyte
TGAGGAGTCAGACCGC	microglia_immune
TGAGGAGTCCATCACC	unresolved
TGAGGAGTCGGTCTGG	oligodendrocyte_OPC
TGAGGGAAGGTCACAG	astrocyte
TGAGGGACAAAGGATT	oligodendrocyte_OPC
TGAGGGACAAGACTGG	neuronal
TGAGGGACAGAACTTC	astrocyte
TGAGGGATCCACTAGA	astrocyte
TGAGGTTCACTGCGAC	neuronal
TGAGGTTCATCCTATT	neuronal
TGAGGTTGTGGCACTC	oligodendrocyte_OPC
TGAGGTTGTTAGTTCG	oligodendrocyte_OPC
TGAGTCAAGACTTCCA	neuronal
TGAGTCAAGTGGCCTC	unresolved
TGAGTCACAGAACTAA	oligodendrocyte_OPC
TGAGTCACAGGTTACT	astrocyte
TGAGTCACATAGATCC	vascular
TGAGTCAGTACACTCA	oligodendrocyte_OPC
TGAGTCAGTCTACACA	neuronal
TGAGTCAGTGCTTATG	astrocyte
TGAGTCATCACTCACC	microglia_immune
TGAGTCATCCAAAGGG	oligodendrocyte_OPC
TGAGTCATCCGATAAC	astrocyte
TGATCAGAGCCATTGT	neuronal
TGATCAGAGCGTCTGC	unresolved
TGATCAGCATCCAACA	astrocyte
TGATCAGCATCCTCAC	oligodendrocyte_OPC
TGATCAGGTGAGGCAT	neuronal
TGATCAGGTGATCGTT	microglia_immune
TGATCAGGTTGTTGTG	oligodendrocyte_OPC
TGATCAGTCATGTCTT	oligodendrocyte_OPC
TGATCAGTCGTGCATA	astrocyte
TGATCAGTCTTTACAC	oligodendrocyte_OPC
TGATCTTAGTAACCTC	neuronal
TGATCTTAGTAGATCA	astrocyte
TGATCTTAGTCAAGCG	astrocyte
TGATCTTAGTCGAAGC	unresolved
TGATCTTCACGCGCTA	oligodendrocyte_OPC
TGATCTTTCCTCACGT	neuronal
TGATCTTTCTCTATAC	neuronal
TGATCTTTCTGCACCT	unresolved
TGATGCACAACTCATG	vascular
TGATGCAGTTTACGTG	oligodendrocyte_OPC
TGATGCATCATACGAC	unresolved
TGATGCATCGCGTGCA	vascular
TGATGCATCTTGGTGA	unresolved
TGATGGTAGAGTTCGG	oligodendrocyte_OPC
TGATGGTAGGATGGCT	astrocyte
TGATGGTAGTCTGCGC	unresolved
TGATGGTCAACTGATC	neuronal
TGATGGTCAATTAGGA	oligodendrocyte_OPC
TGATGGTCACTGTCCT	oligodendrocyte_OPC
TGATGGTGTATCGTTG	vascular
TGATGGTTCTATACTC	oligodendrocyte_OPC
TGATGGTTCTTCTGTA	unresolved
TGATTCTAGACCTCAT	neuronal
TGATTCTCAGCCGGTT	oligodendrocyte_OPC
TGATTCTTCTATTGTC	oligodendrocyte_OPC
TGATTTCCAGGAAGTC	oligodendrocyte_OPC
TGATTTCTCACAACCA	oligodendrocyte_OPC
TGATTTCTCACTGCTC	neuronal
TGATTTCTCAGATGCT	oligodendrocyte_OPC
TGATTTCTCGACGCTG	neuronal
TGATTTCTCGTAGCTA	oligodendrocyte_OPC
TGCACGGAGAATGTTG	neuronal
TGCACGGAGATTCGAA	neuronal
TGCACGGAGGAGGGTG	astrocyte
TGCACGGCAATGACCT	unresolved
TGCACGGGTACGAGTG	unresolved
TGCACGGTCAATCAGC	microglia_immune
TGCACGGTCATTGCTT	vascular
TGCACGGTCCGGTTCT	neuronal
TGCACGGTCGTGCAGC	neuronal
TGCACGGTCTAGAACC	unresolved
TGCAGATAGTGGAAGA	astrocyte
TGCAGATGTCATAGTC	microglia_immune
TGCAGATGTCCTCATC	unresolved
TGCAGATGTGTTCATG	microglia_immune
TGCAGATGTTATTCTC	unresolved
TGCAGGCAGAGCCTGA	astrocyte
TGCAGGCAGCCATTGT	unresolved
TGCAGGCAGTCCCAAT	microglia_immune
TGCAGGCAGTTCGCAT	oligodendrocyte_OPC
TGCAGGCGTAGCTGTT	unresolved
TGCAGGCTCAGCTGTA	ambiguous_or_doublet
TGCAGTACAAAGGATT	unresolved
TGCAGTACATGATGCT	neuronal
TGCAGTAGTCGTTTCC	unresolved
TGCAGTAGTGACACGA	oligodendrocyte_OPC
TGCAGTATCTTCACAT	oligodendrocyte_OPC
TGCATCCCAGCTGCCA	oligodendrocyte_OPC
TGCATCCCAGCTGGTC	ambiguous_or_doublet
TGCATCCGTTAGAAGT	unresolved
TGCATCCTCTGCTAGA	oligodendrocyte_OPC
TGCATGAAGACCATTC	neuronal
TGCATGACAACATACC	neuronal
TGCATGACACTCAAGT	neuronal
TGCATGATCGAAGGAC	neuronal
TGCATGATCGAGAGCA	microglia_immune
TGCATGATCTGTTCAT	neuronal
TGCCGAGAGACGAAGA	unresolved
TGCCGAGAGCTGACCC	oligodendrocyte_OPC
TGCCGAGAGTAGCTCT	astrocyte
TGCCGAGCACAAGTGG	oligodendrocyte_OPC
TGCCGAGGTCATGCAT	microglia_immune
TGCCGAGGTTAGAGTA	oligodendrocyte_OPC
TGCCGAGTCTGCACCT	neuronal
TGCGACGAGCCTAACT	astrocyte
TGCGACGCACTAACGT	unresolved
TGCGACGGTGGACCAA	ambiguous_or_doublet
TGCGACGGTGTTACTG	unresolved
TGCGACGTCAGTCAGT	neuronal
TGCGACGTCGCGTCGA	oligodendrocyte_OPC
TGCGATAAGCGCTGCT	unresolved
TGCGATAAGGAGTATT	unresolved
TGCGATAGTAACACGG	ambiguous_or_doublet
TGCGATATCAATGTCG	neuronal
TGCGATATCACTGTCC	astrocyte
TGCGGCAAGAGAGAAC	neuronal
TGCGGCAAGAGGGCGA	astrocyte
TGCGGCAAGTTCCATG	astrocyte
TGCGGCACACAAGCCC	unresolved
TGCGGCACACATGAAA	astrocyte
TGCGGCACAGCTTTGA	unresolved
TGCGGCACAGGAGACT	microglia_immune
TGCGGCACAGGTTTAC	unresolved
TGCGGCAGTCGCGTTG	oligodendrocyte_OPC
TGCGGCAGTGAGACGT	oligodendrocyte_OPC
TGCGGCAGTGAGCCAA	neuronal
TGCGGCATCAGACTGT	astrocyte
TGCGGGTGTCTACTGA	microglia_immune
TGCGGGTGTTAGCGGA	microglia_immune
TGCGGGTTCACCGGTG	oligodendrocyte_OPC
TGCGGGTTCCTACGGG	unresolved
TGCGGGTTCCTTGAAG	astrocyte
TGCGGGTTCGAGGCAA	neuronal
TGCTCCAAGCCTAACT	vascular
TGCTCCAAGTAAGCAT	unresolved
TGCTCCACAAATCGTC	neuronal
TGCTCCAGTCATGGCC	neuronal
TGCTCCAGTTACAGCT	astrocyte
TGCTCCATCCATTGGA	neuronal
TGCTCCATCCGATGTA	oligodendrocyte_OPC
TGCTCCATCGTGACTA	oligodendrocyte_OPC
TGCTCGTAGCCACCGT	neuronal
TGCTCGTGTCGACGCT	neuronal
TGCTGAAAGTTGAAGT	oligodendrocyte_OPC
TGCTGAACACACTGGC	astrocyte
TGCTGAACACGTTCGG	vascular
TGCTGAACAGTTGGTT	neuronal
TGCTGAAGTCGAGTTT	astrocyte
TGCTGAAGTGAGGATC	astrocyte
TGCTGAATCTTTCGAT	neuronal
TGCTTCGAGAATCTAG	neuronal
TGCTTCGAGCGCTGAA	neuronal
TGCTTCGCAACAAAGT	neuronal
TGCTTCGCACAACGTT	neuronal
TGCTTCGGTGTTGAGG	unresolved
TGCTTCGGTTGGGTAG	neuronal
TGCTTGCAGTGACCTT	neuronal
TGCTTGCCAAAGACGC	oligodendrocyte_OPC
TGCTTGCCAGTAACGG	oligodendrocyte_OPC
TGCTTGCGTGCAAGAC	unresolved
TGCTTGCTCACAGTGT	unresolved
TGCTTGCTCCAAGGGA	unresolved
TGCTTGCTCCACGGGT	astrocyte
TGCTTGCTCCTTCACG	unresolved
TGGAACTAGGGCAACT	unresolved
TGGAACTCACGCGGTT	oligodendrocyte_OPC
TGGAACTCATCTTTCA	oligodendrocyte_OPC
TGGAACTGTTATCCAG	unresolved
TGGAACTTCCCTCTCC	astrocyte
TGGAGAGAGCGGATCA	neuronal
TGGAGAGAGTATAACG	oligodendrocyte_OPC
TGGAGAGAGTTAGTAG	oligodendrocyte_OPC
TGGAGAGCACAATGCT	astrocyte
TGGAGAGCACACTTAG	oligodendrocyte_OPC
TGGAGAGCATCCAATG	oligodendrocyte_OPC
TGGAGAGCATGATCTG	neuronal
TGGAGAGGTTGCTAGT	neuronal
TGGAGGAAGGGTAGCT	unresolved
TGGAGGACAAGACGAC	oligodendrocyte_OPC
TGGAGGACATCGCTCT	oligodendrocyte_OPC
TGGAGGAGTGCCTAAT	oligodendrocyte_OPC
TGGAGGATCCAGCACG	oligodendrocyte_OPC
TGGAGGATCCGGTTCT	neuronal
TGGATCAAGCGAGTAC	unresolved
TGGATCACAATTCTTC	neuronal
TGGATCACATGGAATA	unresolved
TGGATCATCGCTGTCT	vascular
TGGATCATCGGTCACG	microglia_immune
TGGATGTAGCAACTCT	oligodendrocyte_OPC
TGGATGTAGCCTTCTC	oligodendrocyte_OPC
TGGATGTAGGTATAGT	unresolved
TGGATGTAGTAAAGCT	neuronal
TGGATGTCAGCTTCGG	unresolved
TGGATGTGTCCGAAAG	unresolved
TGGATGTTCGCGATCG	astrocyte
TGGCGTGAGTGATAGT	astrocyte
TGGCGTGCAAATACAG	neuronal
TGGCGTGCACCAGCTG	ambiguous_or_doublet
TGGCGTGCAGGATGAC	neuronal
TGGCGTGGTCACGTGC	unresolved
TGGCGTGGTGACGCCT	microglia_immune
TGGCGTGTCAACTGAC	vascular
TGGCGTGTCACACCCT	neuronal
TGGCGTGTCTCACGAA	oligodendrocyte_OPC
TGGGAAGAGATTTGCC	unresolved
TGGGAAGAGCTTCTAG	oligodendrocyte_OPC
TGGGAAGAGGGCCCTT	oligodendrocyte_OPC
TGGGAAGAGGTATAGT	microglia_immune
TGGGAAGCAAGGTCTT	neuronal
TGGGAAGCACGGTGAA	oligodendrocyte_OPC
TGGGAAGCACTACGGC	neuronal
TGGGAAGCAGGATCTT	oligodendrocyte_OPC
TGGGAAGGTGTCATTG	unresolved
TGGGAAGTCACGACTA	vascular
TGGGAAGTCTCCTGAC	neuronal
TGGGAGAAGATTGGGC	unresolved
TGGGAGAAGCGACTTT	neuronal
TGGGAGACAAAGGATT	oligodendrocyte_OPC
TGGGAGACACACGCCA	oligodendrocyte_OPC
TGGGAGAGTACATTGC	neuronal
TGGGAGAGTATGAGCG	unresolved
TGGGAGAGTCATCAGT	astrocyte
TGGGAGATCATTCACT	neuronal
TGGGATTAGCCAGACA	unresolved
TGGGATTAGTGTCATC	unresolved
TGGGATTAGTTTAGGA	unresolved
TGGGATTCACCAGGTC	neuronal
TGGGATTCAGTTCTAG	unresolved
TGGGATTCAGTTGAAA	unresolved
TGGGATTGTAACATGA	astrocyte
TGGGATTGTCGTTTCC	astrocyte
TGGGATTGTTCCGTTC	unresolved
TGGGATTTCGCAGTGC	oligodendrocyte_OPC
TGGGCGTAGAAGAGCA	unresolved
TGGGCGTAGGTTGGTG	oligodendrocyte_OPC
TGGGCGTTCAGGGATG	unresolved
TGGGCGTTCCTATGGA	oligodendrocyte_OPC
TGGGCGTTCTCACTCG	unresolved
TGGGCTGAGACGTCGA	unresolved
TGGGCTGAGAGTATAC	unresolved
TGGGCTGAGATTGAGT	unresolved
TGGGCTGAGCTTAGTC	neuronal
TGGGCTGCATGACGTT	unresolved
TGGGCTGGTCCCTAAA	vascular
TGGGCTGGTTGGTACT	neuronal
TGGGCTGTCGCCAGAC	oligodendrocyte_OPC
TGGGTTAAGCTAAATG	unresolved
TGGGTTACACATTCTT	astrocyte
TGGGTTAGTGGACTGA	unresolved
TGGGTTAGTGTTCCTC	astrocyte
TGGGTTAGTTCATCTT	neuronal
TGGGTTAGTTGTCATG	neuronal
TGGTACAAGTCTTGGT	oligodendrocyte_OPC
TGGTACACAAGCACAG	unresolved
TGGTACACAGGCATGA	neuronal
TGGTACACAGTTCTAG	neuronal
TGGTACATCATGGAGG	neuronal
TGGTAGTAGCATACTC	unresolved
TGGTAGTAGCTAAACA	oligodendrocyte_OPC
TGGTAGTAGGCGTTGA	astrocyte
TGGTAGTAGTCACACT	astrocyte
TGGTAGTTCGCAGTGC	microglia_immune
TGGTGATAGTCGAAGC	oligodendrocyte_OPC
TGGTGATCAGTCTCTC	oligodendrocyte_OPC
TGGTGATTCCGCTGTT	unresolved
TGGTGATTCTGGTGCG	unresolved
TGGTTAGAGATCGCTT	astrocyte
TGGTTAGAGCGTGCCT	unresolved
TGGTTAGCAACACAAA	neuronal
TGGTTAGCACAAACGG	neuronal
TGGTTAGCACATGGTT	unresolved
TGGTTAGCACGGGTAA	neuronal
TGGTTAGCAGCGATTT	unresolved
TGGTTAGCAGGTTCGC	unresolved
TGGTTAGCAGTTCTAG	microglia_immune
TGGTTAGCATGCTGCG	oligodendrocyte_OPC
TGGTTAGGTCCAGGTC	neuronal
TGGTTAGGTGCTAGCC	oligodendrocyte_OPC
TGGTTAGGTTACGATC	neuronal
TGGTTAGGTTGCGGAA	microglia_immune
TGGTTAGGTTTCGATG	astrocyte
TGGTTAGTCTATGCCC	astrocyte
TGTAACGAGGGCCTCT	unresolved
TGTAACGCAGAGTTGG	neuronal
TGTAACGTCGCCAGTG	neuronal
TGTAACGTCTTTCTAG	unresolved
TGTAAGCAGGATATGT	neuronal
TGTAAGCAGTGCCGAA	neuronal
TGTAAGCCAAGATCCT	unresolved
TGTAAGCCAGCAATTC	oligodendrocyte_OPC
TGTAAGCTCATAGGCT	neuronal
TGTAAGCTCTGAATGC	unresolved
TGTACAGCATGACTCA	oligodendrocyte_OPC
TGTACAGGTACGATTC	neuronal
TGTACAGGTAGCTGTT	astrocyte
TGTACAGGTTGGTGTT	unresolved
TGTACAGTCAGCTTGA	neuronal
TGTACAGTCATTACCT	astrocyte
TGTACAGTCGTAGGGA	oligodendrocyte_OPC
TGTAGACAGTGGAATT	neuronal
TGTAGACCACGCGCTA	neuronal
TGTAGACCACGCGTGT	neuronal
TGTAGACCAGGTTCAT	neuronal
TGTAGACCATTGGGAG	astrocyte
TGTAGACGTCTAGATC	oligodendrocyte_OPC
TGTAGACTCATACGAC	oligodendrocyte_OPC
TGTAGACTCCGCATAA	microglia_immune
TGTAGACTCGTCTACC	unresolved
TGTCAGAAGATCCCGC	vascular
TGTCAGAAGGCAGGTT	unresolved
TGTCAGACAATTCTCT	oligodendrocyte_OPC
TGTCAGACATCCTATT	astrocyte
TGTCAGAGTTCAACGT	oligodendrocyte_OPC
TGTCAGATCCAACCAA	astrocyte
TGTCAGATCGCAATTG	oligodendrocyte_OPC
TGTCAGATCTTCTGGC	microglia_immune
TGTCCACCAAAGAACT	oligodendrocyte_OPC
TGTCCACCAAATCAGA	astrocyte
TGTCCACCAAGCTGCC	unresolved
TGTCCACCAATGAACA	neuronal
TGTCCACCACTGGCCA	microglia_immune
TGTCCACCATTGAAGA	neuronal
TGTCCACGTACGACAG	oligodendrocyte_OPC
TGTCCACGTCTTACTT	oligodendrocyte_OPC
TGTCCACGTTAAGACA	oligodendrocyte_OPC
TGTCCACTCCCTCAAC	neuronal
TGTCCACTCGCTCCTA	oligodendrocyte_OPC
TGTCCACTCTCTTGCG	microglia_immune
TGTCCCAAGGGCAGGA	astrocyte
TGTCCCACACTATCGA	neuronal
TGTCCCACAGGCCTGT	neuronal
TGTCCCACATGACACT	unresolved
TGTCCCACATGCAGGA	oligodendrocyte_OPC
TGTCCCACATTCCTCG	neuronal
TGTCCCAGTGACCTGC	oligodendrocyte_OPC
TGTCCCATCATCGACA	neuronal
TGTCCTGAGGGTGGGA	oligodendrocyte_OPC
TGTCCTGAGTGGATAT	unresolved
TGTCCTGCAAGAATAC	ambiguous_or_doublet
TGTCCTGCACACGGTC	vascular
TGTCCTGCACGATTCA	oligodendrocyte_OPC
TGTCCTGCACTACAGT	unresolved
TGTCCTGGTCACCTTC	unresolved
TGTCCTGGTCCGACGT	oligodendrocyte_OPC
TGTCCTGGTTCCGCGA	neuronal
TGTCCTGTCACGACTA	astrocyte
TGTGAGTCAACACAAA	neuronal
TGTGAGTCACAACGTT	oligodendrocyte_OPC
TGTGAGTCACCTGATA	unresolved
TGTGAGTCAGTGAGCA	oligodendrocyte_OPC
TGTGAGTTCCTTCACG	unresolved
TGTGAGTTCGGAGCAA	astrocyte
TGTGAGTTCTTAAGGC	unresolved
TGTGATGAGATCACCT	unresolved
TGTGATGAGCACTCAT	unresolved
TGTGATGAGCCTTTCC	astrocyte
TGTGATGAGTTGTCGT	neuronal
TGTGATGCAATTGAGA	oligodendrocyte_OPC
TGTGATGCACACCTAA	neuronal
TGTGATGCACAGTCGC	vascular
TGTGATGGTAGGGTAC	neuronal
TGTGATGGTATCGGTT	microglia_immune
TGTGATGGTCAGGCAA	neuronal
TGTGCGGAGACGGTTG	neuronal
TGTGCGGAGGCAGGGA	oligodendrocyte_OPC
TGTGCGGTCATGCCGG	unresolved
TGTGCGGTCGACCACG	unresolved
TGTGCGGTCGTTCTAT	neuronal
TGTGCGGTCTTGGTGA	oligodendrocyte_OPC
TGTGGCGAGATCGCTT	unresolved
TGTGGCGAGGCCCGTT	astrocyte
TGTGGCGAGGGTACAC	unresolved
TGTGGCGCAAGACCTT	unresolved
TGTGGCGCATGACGTT	astrocyte
TGTGGCGCATTGCCGG	unresolved
TGTGGCGGTACGTACT	unresolved
TGTGGCGGTCGTGGAA	unresolved
TGTGTGAAGTCTGTAC	oligodendrocyte_OPC
TGTGTGACAATCTAGC	unresolved
TGTGTGACACTGTCCT	neuronal
TGTGTGACAGCACAAG	oligodendrocyte_OPC
TGTGTGAGTAGCCAGA	microglia_immune
TGTGTGAGTTCAACGT	oligodendrocyte_OPC
TGTTACTAGAATACAC	oligodendrocyte_OPC
TGTTACTAGCATCAGG	unresolved
TGTTACTAGGTCACCC	oligodendrocyte_OPC
TGTTACTCAAATGCTC	neuronal
TGTTACTCACCCTATC	unresolved
TGTTACTCAGGTACGA	neuronal
TGTTACTCATCGTTCC	unresolved
TGTTACTTCCAATGCA	unresolved
TGTTCATAGAGATCGC	neuronal
TGTTCATAGCCAGTAG	oligodendrocyte_OPC
TGTTCATAGCCATTGT	unresolved
TGTTCATCAACCAGAG	oligodendrocyte_OPC
TGTTCATCAATTTCTC	oligodendrocyte_OPC
TGTTCATCAGAGTGAC	oligodendrocyte_OPC
TGTTCATCATCACCAA	unresolved
TGTTCATCATCTCAAG	unresolved
TGTTCATGTAGGATAT	neuronal
TGTTCATTCGCGTGAC	oligodendrocyte_OPC
TGTTCCGAGCGCCCAT	unresolved
TGTTCCGAGCTGTTCA	microglia_immune
TGTTCCGCAGAAGCTG	microglia_immune
TGTTCCGGTAGGTCAG	unresolved
TGTTCCGGTGACACAG	astrocyte
TGTTCCGGTGAGTGAC	unresolved
TGTTCCGGTGCCGTAC	vascular
TGTTCCGTCAGTGTCA	unresolved
TGTTCTAAGAAGATCT	oligodendrocyte_OPC
TGTTCTACAAATGATG	microglia_immune
TGTTCTAGTTAATCGC	oligodendrocyte_OPC
TGTTCTATCCATACTT	unresolved
TGTTCTATCCATTTGT	astrocyte
TGTTGAGAGCTCCCTT	unresolved
TGTTGAGAGTTGCTGT	neuronal
TGTTGAGCACAGACGA	neuronal
TGTTGAGCACATATGC	neuronal
TGTTGAGCACATGGTT	ambiguous_or_doublet
TGTTGAGCACCATATG	ambiguous_or_doublet
TGTTGAGGTATGTGTC	oligodendrocyte_OPC
TGTTGAGGTTCAATCG	oligodendrocyte_OPC
TGTTGAGTCCATTGTT	unresolved
TGTTGAGTCTACGCGG	neuronal
TGTTGGAAGCTTGTTG	oligodendrocyte_OPC
TGTTGGACAAATGGCG	unresolved
TGTTGGATCGTTCTGC	neuronal
TGTTTGTAGGTGAGCT	unresolved
TGTTTGTCAATCGCAT	neuronal
TGTTTGTCATTCGGGC	unresolved
TGTTTGTGTGTCCAAT	unresolved
TTAATCCAGCAACAAT	astrocyte
TTAATCCAGTCATCGT	neuronal
TTAATCCCAACGACTT	neuronal
TTAATCCCACCGTGAC	vascular
TTAATCCCAGTAACAA	oligodendrocyte_OPC
TTAATCCCATATACCG	unresolved
TTAATCCCATCAGCTA	unresolved
TTAATCCCATGCCGAC	unresolved
TTAATCCGTAAGGCCA	microglia_immune
TTAATCCGTACGCTAT	unresolved
TTAATCCGTCAGTCGC	astrocyte
TTAATCCGTCGTCATA	unresolved
TTAATCCTCTTAGCCC	astrocyte
TTACAGGAGCTGTCCG	unresolved
TTACAGGAGGCTTTCA	neuronal
TTACAGGCAACCAGAG	oligodendrocyte_OPC
TTACAGGCAATAAGGT	unresolved
TTACAGGCAATCTCGA	astrocyte
TTACAGGCAATTCACG	microglia_immune
TTACAGGGTGAACCGA	astrocyte
TTACAGGGTGACCGTC	neuronal
TTACAGGTCCGTATAG	oligodendrocyte_OPC
TTACAGGTCTTCACAT	unresolved
TTACCATAGACTACCT	neuronal
TTACCATAGAGTCACG	oligodendrocyte_OPC
TTACCATCATGTCAGT	neuronal
TTACCATGTCAGCTTA	neuronal
TTACCATGTGATCGTT	neuronal
TTACCGCAGCCTGACC	vascular
TTACCGCAGCGCCTCA	oligodendrocyte_OPC
TTACCGCAGTGCAAAT	microglia_immune
TTACCGCCACCGGTCA	neuronal
TTACCGCCAGCTCGGT	microglia_immune
TTACCGCCAGGCTTGC	astrocyte
TTACCGCCAGTGTATC	neuronal
TTACCGCGTCGAACAG	neuronal
TTACCGCTCGTAGTGT	astrocyte
TTACCGCTCTTTCCAA	astrocyte
TTACGCCAGACTTGTC	neuronal
TTACGCCAGGTAAGAG	oligodendrocyte_OPC
TTACGCCAGTCACGAG	oligodendrocyte_OPC
TTACGCCAGTTGCCTA	astrocyte
TTACGCCCAAATACGA	microglia_immune
TTACGCCCAATCCAGT	astrocyte
TTACGCCCATGACTCA	neuronal
TTACGCCGTTTGTTGG	neuronal
TTACGCCTCATCGTAG	neuronal
TTACGTTAGTAGGCCA	oligodendrocyte_OPC
TTACGTTCAAGCACCC	astrocyte
TTACGTTCAGTCAACT	neuronal
TTACGTTGTGGTTTAC	oligodendrocyte_OPC
TTACGTTTCACCTACC	neuronal
TTACGTTTCGAATGCT	astrocyte
TTACGTTTCTAGATCG	neuronal
TTACGTTTCTCGCTCA	astrocyte
TTACTGTAGCAACAAT	astrocyte
TTACTGTAGGCATCGA	unresolved
TTACTGTCAGTCACGC	oligodendrocyte_OPC
TTACTGTCATTGAAGA	oligodendrocyte_OPC
TTACTGTGTGCAAGAC	neuronal
TTACTGTGTTACCGTA	neuronal
TTACTGTTCAAGGACG	unresolved
TTACTGTTCACAAGAA	astrocyte
TTAGGCAAGGTACAGC	oligodendrocyte_OPC
TTAGGCAAGTCTAGCT	microglia_immune
TTAGGCAGTAAGAACT	oligodendrocyte_OPC
TTAGGCATCAACCTTT	oligodendrocyte_OPC
TTAGGCATCCGATCTC	microglia_immune
TTAGGCATCTGGCTGG	oligodendrocyte_OPC
TTAGGGTCAACATCGT	ambiguous_or_doublet
TTAGGGTCAGCTCGGT	astrocyte
TTAGGGTGTAACGGTG	microglia_immune
TTAGGGTGTAACTGCT	microglia_immune
TTAGGGTGTACCGTGC	neuronal
TTAGGGTGTAGGTGCA	astrocyte
TTAGGGTGTCGTAATC	oligodendrocyte_OPC
TTAGGGTTCATCACAG	vascular
TTAGGGTTCGCCCAGA	neuronal
TTAGTCTAGCCAGTAG	oligodendrocyte_OPC
TTAGTCTCACCGTACG	ambiguous_or_doublet
TTAGTCTCAGCTGAGA	unresolved
TTAGTCTCATCAGCGC	microglia_immune
TTAGTCTCATGATGCT	oligodendrocyte_OPC
TTAGTCTGTACCTTCC	unresolved
TTAGTCTTCTTTCTAG	neuronal
TTATTGCAGGACTGGT	neuronal
TTATTGCCAAGACCTT	microglia_immune
TTATTGCCACAAATGA	neuronal
TTATTGCCATGATCTG	unresolved
TTATTGCCATGGATCT	oligodendrocyte_OPC
TTATTGCGTAACAAGT	microglia_immune
TTATTGCGTATGAGGC	unresolved
TTATTGCGTATGTCCA	oligodendrocyte_OPC
TTATTGCGTCTGCGCA	astrocyte
TTATTGCGTTTAGAGA	vascular
TTCAATCAGTAACGTA	oligodendrocyte_OPC
TTCAATCAGTGACACG	astrocyte
TTCAATCCACTCAAGT	astrocyte
TTCAATCCATATACCG	neuronal
TTCAATCGTCCAAATC	neuronal
TTCAATCTCCAAATGC	neuronal
TTCAATCTCGTAGCCG	oligodendrocyte_OPC
TTCAATCTCTCATGCC	oligodendrocyte_OPC
TTCAATCTCTGGTTGA	neuronal
TTCACCGAGCTGTACT	microglia_immune
TTCACCGAGGTTGCCC	astrocyte
TTCACCGCAAGGTCAG	neuronal
TTCACCGCATCGTTCC	neuronal
TTCACCGGTAACAAGT	ambiguous_or_doublet
TTCACCGGTAAGGTCG	microglia_immune
TTCACCGGTAGTCTGT	neuronal
TTCACCGGTGTTGATC	oligodendrocyte_OPC
TTCACGCAGCACAAAT	neuronal
TTCACGCAGCCTGTGC	unresolved
TTCACGCCACAACGCC	neuronal
TTCACGCCACAGTGTT	neuronal
TTCACGCCAGGCTACC	vascular
TTCACGCGTCAGACTT	astrocyte
TTCACGCGTCTGCGCA	oligodendrocyte_OPC
TTCACGCGTTGGGAAC	neuronal
TTCACGCTCATTTGTC	oligodendrocyte_OPC
TTCACGCTCTACTATC	astrocyte
TTCAGGAAGCGATGCA	neuronal
TTCAGGAAGCGTTCCG	microglia_immune
TTCAGGACAAGCTGCC	unresolved
TTCAGGACACTTCAAG	unresolved
TTCAGGACAGCATTGT	astrocyte
TTCAGGACATTGACTG	neuronal
TTCAGGAGTAAGGCTG	oligodendrocyte_OPC
TTCAGGAGTCCCGGTA	neuronal
TTCAGGAGTGCAGATG	neuronal
TTCAGGATCCGGCAGT	ambiguous_or_doublet
TTCAGGATCTTTGCTA	microglia_immune
TTCATGTAGGTAGACC	neuronal
TTCATGTCAAGTGCTT	unresolved
TTCATGTCAAGTGGTG	unresolved
TTCATGTTCCCGAGAC	unresolved
TTCATGTTCTACACTT	unresolved
TTCATTGAGAGGATCC	neuronal
TTCATTGAGGATTTAG	neuronal
TTCATTGCAATAGTCC	unresolved
TTCATTGGTATGTCTG	astrocyte
TTCATTGGTCACCCTT	unresolved
TTCCAATCACTTCAGA	microglia_immune
TTCCAATGTAATGCTC	neuronal
TTCCAATTCTCATTTG	oligodendrocyte_OPC
TTCCACGAGCTGAGCA	unresolved
TTCCACGCAACGACAG	neuronal
TTCCACGCACATACTG	neuronal
TTCCACGCACGCGTCA	oligodendrocyte_OPC
TTCCACGCAGACCTGC	unresolved
TTCCACGCATCGGAGA	astrocyte
TTCCACGGTAACCAGG	oligodendrocyte_OPC
TTCCACGGTTAGTTCG	neuronal
TTCCACGTCAATCGGT	oligodendrocyte_OPC
TTCCACGTCCACCCTA	unresolved
TTCCACGTCGAGTGAG	ambiguous_or_doublet
TTCCGGTAGACGCTCC	neuronal
TTCCGGTAGGACTGGT	neuronal
TTCCGGTAGTTGCATC	astrocyte
TTCCGGTCATAAGCAA	unresolved
TTCCGGTTCGCCGATG	oligodendrocyte_OPC
TTCCGGTTCTACCTTA	microglia_immune
TTCCGTGAGCTTTCTT	oligodendrocyte_OPC
TTCCGTGCAATTCGTG	unresolved
TTCCGTGGTAGATGTA	unresolved
TTCCGTGGTTCGAAGG	neuronal
TTCCGTGGTTTCGACA	unresolved
TTCCGTGTCCAAGCCG	astrocyte
TTCCTAACACGCTGCA	unresolved
TTCCTAACAGCACCCA	unresolved
TTCCTAACAGGTTCGC	oligodendrocyte_OPC
TTCCTAAGTCAGGCAA	astrocyte
TTCCTAATCATCTGTT	unresolved
TTCCTAATCGACGAGA	oligodendrocyte_OPC
TTCCTCTAGACTGTTC	oligodendrocyte_OPC
TTCCTCTCACGACAAG	neuronal
TTCCTCTCACGGCGTT	unresolved
TTCCTCTCACTGAATC	oligodendrocyte_OPC
TTCCTCTGTACCTGTA	vascular
TTCCTCTGTACGACAG	neuronal
TTCCTCTGTCTGCCTT	neuronal
TTCCTCTGTTGTTGTG	microglia_immune
TTCCTCTTCAGAGCGA	oligodendrocyte_OPC
TTCCTCTTCGGTAGAG	oligodendrocyte_OPC
TTCCTCTTCTCATTTG	oligodendrocyte_OPC
TTCCTCTTCTTCTGGC	oligodendrocyte_OPC
TTCCTTCAGAGTTGCG	astrocyte
TTCCTTCAGCTGTACT	ambiguous_or_doublet
TTCCTTCCAAGGGCAT	oligodendrocyte_OPC
TTCCTTCCATGGCGCT	oligodendrocyte_OPC
TTCCTTCGTAAGGTCG	microglia_immune
TTCCTTCTCCCTTGTG	astrocyte
TTCGATTAGACTCGAG	unresolved
TTCGATTAGCAACCAG	astrocyte
TTCGATTCATCCGATA	astrocyte
TTCGATTGTAGTGGCA	unresolved
TTCGATTGTATGCAAA	microglia_immune
TTCGATTGTGCTGATT	astrocyte
TTCGATTGTTGAGTCT	neuronal
TTCGATTTCACGGAGA	oligodendrocyte_OPC
TTCGATTTCCAAACCA	ambiguous_or_doublet
TTCGCTGAGAAACCCG	oligodendrocyte_OPC
TTCGCTGAGGATGTTA	astrocyte
TTCGCTGAGTCCCTAA	astrocyte
TTCGCTGCAAGAGTGC	astrocyte
TTCGCTGGTACACGTT	astrocyte
TTCGCTGGTACACTCA	neuronal
TTCGCTGTCAAGCCTA	astrocyte
TTCGCTGTCACTCTTA	unresolved
TTCGCTGTCAGACATC	neuronal
TTCGCTGTCCATCGTC	neuronal
TTCGCTGTCGAAGCCC	unresolved
TTCGGTCCACAAATGA	oligodendrocyte_OPC
TTCGGTCCACGCTTAA	unresolved
TTCGGTCGTACACGCC	unresolved
TTCGGTCGTGTAAACA	unresolved
TTCGGTCTCAAGCCTA	astrocyte
TTCGGTCTCTTCGATT	vascular
TTCTAACAGAATTGTG	unresolved
TTCTAACAGTCTCGTA	astrocyte
TTCTAACCAGGTACGA	oligodendrocyte_OPC
TTCTAACGTAAGCGGT	neuronal
TTCTAACGTATGTCAC	oligodendrocyte_OPC
TTCTAACGTCATATGC	astrocyte
TTCTAACTCATTACTC	oligodendrocyte_OPC
TTCTAACTCCCAGGAC	unresolved
TTCTAGTAGATTAGAC	astrocyte
TTCTAGTAGCGAGTCA	neuronal
TTCTAGTCAAACAGGC	unresolved
TTCTAGTCACTCTGCT	unresolved
TTCTAGTCAGACCATT	neuronal
TTCTAGTCATCTTAGG	oligodendrocyte_OPC
TTCTAGTTCAGTCAGT	unresolved
TTCTAGTTCATAAGGA	astrocyte
TTCTAGTTCCTTATCA	neuronal
TTCTAGTTCTGCCCTA	oligodendrocyte_OPC
TTCTCTCAGCTGAGTG	oligodendrocyte_OPC
TTCTCTCAGGCGATAC	oligodendrocyte_OPC
TTCTCTCCAATCACGT	astrocyte
TTCTCTCCACTGTGAT	neuronal
TTCTCTCCATAACGGG	neuronal
TTCTCTCGTCATCTAG	oligodendrocyte_OPC
TTCTCTCTCCATTGCC	microglia_immune
TTCTGTAAGCATCCTA	unresolved
TTCTGTAAGGAGGTTC	oligodendrocyte_OPC
TTCTGTACAAGAGTGC	unresolved
TTCTGTACAGCAGTAG	oligodendrocyte_OPC
TTCTGTACATGTGCTA	astrocyte
TTCTGTAGTGTTACTG	neuronal
TTCTGTATCATCTCTA	neuronal
TTCTGTATCCCAGTGG	oligodendrocyte_OPC
TTCTGTATCGGTATGT	unresolved
TTCTTCCAGCCTTTGA	oligodendrocyte_OPC
TTCTTCCAGGCGTTGA	unresolved
TTCTTCCCATGGGCAA	oligodendrocyte_OPC
TTCTTCCGTAACCAGG	oligodendrocyte_OPC
TTCTTCCGTAGTGTGG	astrocyte
TTCTTCCGTCCAGCGT	unresolved
TTCTTCCGTGGTCTGC	oligodendrocyte_OPC
TTCTTCCGTTGGCTAT	unresolved
TTCTTCCTCGCGGTAC	unresolved
TTCTTCCTCGGCCTTT	unresolved
TTCTTCCTCTCATTAC	neuronal
TTCTTGAAGAGGGCGA	neuronal
TTCTTGAAGCAGTAAT	unresolved
TTCTTGAAGCCGCTTG	astrocyte
TTCTTGACAACCTAAC	neuronal
TTCTTGACACTTGAGT	unresolved
TTCTTGACAGGCACAA	neuronal
TTCTTGATCAGTCTTT	oligodendrocyte_OPC
TTCTTGATCCCTCTTT	unresolved
TTGAACGAGAAGCGCT	microglia_immune
TTGAACGCAATCGCAT	oligodendrocyte_OPC
TTGAACGCATCTCCCA	astrocyte
TTGAACGCATCTGGGC	oligodendrocyte_OPC
TTGAACGGTAGACAAT	astrocyte
TTGAACGGTTCATCGA	oligodendrocyte_OPC
TTGAACGTCCAAGCCG	unresolved
TTGAACGTCCAGCTCT	neuronal
TTGAACGTCGAGTACT	oligodendrocyte_OPC
TTGACCCAGAATTCAG	unresolved
TTGACCCAGGCATTTC	neuronal
TTGACCCCAATAGTAG	oligodendrocyte_OPC
TTGACCCGTATGATCC	oligodendrocyte_OPC
TTGACCCGTCCAGTTA	astrocyte
TTGACCCGTGCCTGAC	unresolved
TTGACCCTCACTACGA	oligodendrocyte_OPC
TTGACCCTCTGCATAG	ambiguous_or_doublet
TTGAGTGAGAGGGCGA	microglia_immune
TTGAGTGAGGTAAACT	ambiguous_or_doublet
TTGAGTGCAAGGTCGA	unresolved
TTGAGTGCATCCTTGC	unresolved
TTGAGTGGTCCAGCGT	neuronal
TTGAGTGGTGTTCGAT	oligodendrocyte_OPC
TTGAGTGTCAGAGCGA	oligodendrocyte_OPC
TTGAGTGTCGCTATTT	oligodendrocyte_OPC
TTGAGTGTCGGCTGGT	astrocyte
TTGATGGAGAAGCGCT	ambiguous_or_doublet
TTGATGGAGCTGAAAT	microglia_immune
TTGATGGCATATCTGG	astrocyte
TTGATGGGTATCGCTA	unresolved
TTGATGGTCAAACTGC	oligodendrocyte_OPC
TTGATGGTCCGGACGT	astrocyte
TTGATGGTCCTGCCAT	oligodendrocyte_OPC
TTGCATTCAACCGTGC	microglia_immune
TTGCATTCATTCTCCG	astrocyte
TTGCATTGTACGATGG	unresolved
TTGCATTGTACTAACC	astrocyte
TTGCATTGTCAGGCAA	neuronal
TTGCATTGTGCGCTCA	vascular
TTGCATTGTTGTACGT	microglia_immune
TTGCATTTCCGATCGG	neuronal
TTGCATTTCGGTGCAC	vascular
TTGCATTTCTACTCAT	astrocyte
TTGCCTGAGTCAGGGT	oligodendrocyte_OPC
TTGCCTGCATTGCCTC	neuronal
TTGCCTGGTACGGATG	neuronal
TTGCCTGGTAGTGGCA	unresolved
TTGCCTGGTCATGGCC	astrocyte
TTGCCTGGTGTCACAT	neuronal
TTGCCTGTCCATTTAC	oligodendrocyte_OPC
TTGCGTCAGGCTTCCG	astrocyte
TTGCGTCAGTATTCCG	oligodendrocyte_OPC
TTGCGTCCAATTCTTC	oligodendrocyte_OPC
TTGCGTCCAGAACCGA	neuronal
TTGCGTCTCAGCTTCC	astrocyte
TTGCGTCTCCAAGAGG	astrocyte
TTGCGTCTCCATTCGC	unresolved
TTGCGTCTCCCTCGAT	neuronal
TTGCGTCTCTAAGCGT	neuronal
TTGCGTCTCTACTATC	neuronal
TTGCGTCTCTGAGAAA	vascular
TTGCGTCTCTGGACCG	vascular
TTGCTGCAGAAACTGT	oligodendrocyte_OPC
TTGCTGCAGTAGACAT	neuronal
TTGCTGCCACCAGACC	astrocyte
TTGCTGCCAGTGTGCC	unresolved
TTGCTGCCATCACCAA	unresolved
TTGCTGCCATGCCGAC	oligodendrocyte_OPC
TTGCTGCCATTACGGT	oligodendrocyte_OPC
TTGCTGCGTAGGGAGG	oligodendrocyte_OPC
TTGCTGCGTATACGGG	astrocyte
TTGCTGCGTATGGAAT	astrocyte
TTGCTGCGTCTCACAA	oligodendrocyte_OPC
TTGCTGCGTGTCCACG	astrocyte
TTGCTGCTCAAAGAAC	unresolved
TTGCTGCTCTAGATCG	neuronal
TTGGATGCACATATCG	oligodendrocyte_OPC
TTGGATGGTAATGCGG	astrocyte
TTGGATGGTATCCTCC	oligodendrocyte_OPC
TTGGATGTCTGGAAGG	astrocyte
TTGGATGTCTTCCACG	neuronal
TTGGGATAGGCGCTCT	unresolved
TTGGGATAGGGTCAAC	unresolved
TTGGGATAGTGCACTT	unresolved
TTGGGATCAGTAGGAC	unresolved
TTGGGATCATACACCA	oligodendrocyte_OPC
TTGGGATCATTGGCAT	microglia_immune
TTGGGATGTCCATACA	unresolved
TTGGGATTCCGTGTGG	unresolved
TTGGGATTCTCATTGT	astrocyte
TTGGGCGAGGCCTAGA	neuronal
TTGGGCGAGGTTAGTA	oligodendrocyte_OPC
TTGGGCGCACTACACA	neuronal
TTGGGCGCAGGGATAC	oligodendrocyte_OPC
TTGGGCGGTCCAGCAC	microglia_immune
TTGGGCGGTCTACACA	neuronal
TTGGGCGGTTTCAGAC	oligodendrocyte_OPC
TTGGGCGTCAGGGATG	oligodendrocyte_OPC
TTGGGCGTCCGCAACG	neuronal
TTGGGTAAGTCCTGCG	oligodendrocyte_OPC
TTGGGTACAACGGTAG	astrocyte
TTGGGTACAACGTATC	unresolved
TTGGGTACAGTAGAAT	vascular
TTGGGTATCAGGAAAT	neuronal
TTGGTTTAGAAGATCT	unresolved
TTGGTTTAGACTCCGC	neuronal
TTGGTTTAGCAGCACA	microglia_immune
TTGGTTTAGGGAGAAT	oligodendrocyte_OPC
TTGGTTTAGGGAGGGT	neuronal
TTGGTTTAGGGTCACA	oligodendrocyte_OPC
TTGGTTTCACAGTCAT	astrocyte
TTGGTTTGTTAAGACA	astrocyte
TTGGTTTGTTTCGTTT	oligodendrocyte_OPC
TTGGTTTTCAAGTTGC	astrocyte
TTGGTTTTCTATACGG	astrocyte
TTGTGGAAGACTTCCA	unresolved
TTGTGGAAGTTCCTGA	neuronal
TTGTGGACAGCATACT	oligodendrocyte_OPC
TTGTGGACATTCATCT	astrocyte
TTGTGGAGTCCAACGC	astrocyte
TTGTGTTAGAGGCCAT	unresolved
TTGTGTTAGCTGTTCA	neuronal
TTGTGTTAGTACCCTA	unresolved
TTGTGTTGTTCTAACG	oligodendrocyte_OPC
TTGTGTTGTTTGTGGT	unresolved
TTGTGTTTCAGCTAGT	oligodendrocyte_OPC
TTGTGTTTCCGGACGT	oligodendrocyte_OPC
TTGTGTTTCGTTACCC	unresolved
TTGTTCAAGACGTCGA	oligodendrocyte_OPC
TTGTTCAAGAGAGCAA	ambiguous_or_doublet
TTGTTCAAGAGGGTAA	oligodendrocyte_OPC
TTGTTCAAGTGATAGT	astrocyte
TTGTTCACAATAACCC	neuronal
TTGTTCACACTACACA	oligodendrocyte_OPC
TTGTTCACACTCAGAT	astrocyte
TTGTTCAGTACGTACT	ambiguous_or_doublet
TTGTTCAGTAGTCTGT	oligodendrocyte_OPC
TTGTTCAGTAGTTAGA	astrocyte
TTGTTCAGTATGAAAC	neuronal
TTGTTCAGTCCCGCAA	neuronal
TTGTTCAGTCCGGTCA	unresolved
TTGTTCAGTTATCTTC	oligodendrocyte_OPC
TTGTTCATCACGGAGA	astrocyte
TTGTTCATCATCGTAG	neuronal
TTGTTGTCAAAGCACG	unresolved
TTGTTGTCACTAGTAC	neuronal
TTGTTGTCATGTGGTT	neuronal
TTGTTGTGTCGCATTA	neuronal
TTGTTGTGTCTGTAAC	neuronal
TTGTTGTGTGCTTCAA	neuronal
TTGTTGTTCCAAAGGG	neuronal
TTGTTTGCACCCTGTT	microglia_immune
TTGTTTGGTGGTTCTA	unresolved
TTGTTTGTCTAGTACG	neuronal
TTGTTTGTCTCGAACA	unresolved
TTGTTTGTCTGGTCAA	oligodendrocyte_OPC
TTTACCAAGGGCAAGG	oligodendrocyte_OPC
TTTACCAAGTAGATCA	unresolved
TTTACCAGTCAGACGA	unresolved
TTTACGTAGAATTCAG	oligodendrocyte_OPC
TTTACGTAGGCACAAC	unresolved
TTTACGTCATAACAGA	neuronal
TTTACGTGTATCTTCT	unresolved
TTTACGTTCCTCGATC	neuronal
TTTACGTTCTTGTTAC	oligodendrocyte_OPC
TTTACTGAGAGAGAAC	oligodendrocyte_OPC
TTTACTGCACCAGGTC	astrocyte
TTTACTGCACCATATG	unresolved
TTTACTGGTTCGGCGT	oligodendrocyte_OPC
TTTACTGTCGGTTCAA	neuronal
TTTAGTCAGACACACG	ambiguous_or_doublet
TTTAGTCAGCCGGATA	unresolved
TTTAGTCCAACTACGT	oligodendrocyte_OPC
TTTAGTCCACAACGAG	astrocyte
TTTAGTCCAGAGTGTG	neuronal
TTTAGTCCAGGCTTGC	oligodendrocyte_OPC
TTTAGTCGTTCACCGG	oligodendrocyte_OPC
TTTAGTCTCCTTCACG	astrocyte
TTTATGCGTATCGTTG	unresolved
TTTATGCGTCTTGCGG	oligodendrocyte_OPC
TTTCACAAGGTTTGAA	neuronal
TTTCACAGTAGATTAG	oligodendrocyte_OPC
TTTCACATCCGATCTC	neuronal
TTTCACATCTACTGAG	astrocyte
TTTCAGTGTATCGCTA	astrocyte
TTTCAGTGTCAAGCGA	oligodendrocyte_OPC
TTTCAGTGTGGTCTAT	oligodendrocyte_OPC
TTTCAGTTCAATGTCG	unresolved
TTTCAGTTCAGACCCG	unresolved
TTTCAGTTCTCAACCC	oligodendrocyte_OPC
TTTCAGTTCTGCGAGC	unresolved
TTTCATGAGATTACCC	astrocyte
TTTCATGAGCAGATAT	astrocyte
TTTCATGAGCTGTTCA	unresolved
TTTCATGAGGTGTGAC	microglia_immune
TTTCATGCAAGTTTGC	unresolved
TTTCATGCAGAAGTTA	oligodendrocyte_OPC
TTTCATGGTCGCTCGA	astrocyte
TTTCATGGTCTGTGAT	ambiguous_or_doublet
TTTCATGGTTAAGGGC	unresolved
TTTCATGTCCGATTAG	unresolved
TTTCATGTCTGACGCG	unresolved
TTTCCTCAGGACTGGT	oligodendrocyte_OPC
TTTCCTCGTCGCACGT	unresolved
TTTCCTCGTGCGAACA	neuronal
TTTCGATAGTCCCAAT	oligodendrocyte_OPC
TTTCGATCAGCCGGTT	oligodendrocyte_OPC
TTTCGATCAGGCTTGC	neuronal
TTTCGATGTAACGGTG	oligodendrocyte_OPC
TTTCGATTCGCGCCAA	ambiguous_or_doublet
TTTCGATTCTAGTTCT	unresolved
TTTGACTCACATACGT	neuronal
TTTGACTCATAAGCGG	unresolved
TTTGACTCATGTTACG	astrocyte
TTTGACTGTGGTGATG	unresolved
TTTGACTTCATAGAGA	oligodendrocyte_OPC
TTTGACTTCGAACCTA	neuronal
TTTGATCCACCCAACG	oligodendrocyte_OPC
TTTGATCGTACTTGTG	astrocyte
TTTGATCTCCCGTTCA	neuronal
TTTGATCTCGTAATGC	unresolved
TTTGATCTCGTAGTCA	oligodendrocyte_OPC
TTTGGAGAGATTGGGC	oligodendrocyte_OPC
TTTGGAGAGGTAAAGG	unresolved
TTTGGAGAGTAGCAAT	astrocyte
TTTGGAGCAAGAGTGC	oligodendrocyte_OPC
TTTGGAGCACGTAGTT	astrocyte
TTTGGAGCAGTCAACT	oligodendrocyte_OPC
TTTGGAGGTGACGTCC	neuronal
TTTGGAGTCACGAGGA	astrocyte
TTTGGAGTCACTGTTT	astrocyte
TTTGGAGTCCTTCTGG	oligodendrocyte_OPC
TTTGGTTAGACCAGCA	unresolved
TTTGGTTAGTGAGGTC	unresolved
TTTGGTTCAAAGACTA	oligodendrocyte_OPC
TTTGGTTCACTTCATT	unresolved
TTTGGTTCAGCTTTGA	neuronal
TTTGGTTCAGTAACAA	neuronal
TTTGGTTGTAATTGGA	astrocyte
TTTGGTTGTCCGTACG	neuronal
TTTGGTTGTCTTGCGG	oligodendrocyte_OPC
TTTGGTTTCGGAACTT	neuronal
TTTGGTTTCGGTAAGG	neuronal
TTTGGTTTCGTTCCCA	vascular
TTTGTTGAGGTTGTTC	unresolved
TTTGTTGCAAGAGCTG	oligodendrocyte_OPC
TTTGTTGCAAGCGATG	unresolved
TTTGTTGCACACAGAG	astrocyte
TTTGTTGCATCAACCA	unresolved
TTTGTTGGTATGATCC	neuronal
TTTGTTGGTCGGTGAA	unresolved
TTTGTTGGTTATTCTC	oligodendrocyte_OPC
