GL000220.1	84717	161706	+	162792	39598
KI270733.1	119976	179456	+	68701	14876
chr21	8251159	8260587	+	49606	16874
chrM	0	574	-	46868	10093
chr11	10507885	10511526	-	46685	7361
chrX	79175321	79323141	+	28605	10092
chr13	22695837	22696786	-	28515	5692
chrY	14952590	15312517	+	17470	9190
chr19	18274532	18279619	+	17201	4655
chr16	55719784	55720452	-	15594	5359
chrX	66721349	67320483	+	14426	7760
chr20	60816786	61057961	-	13070	5843
chr12	95466431	95468549	-	12928	5229
chr2	157373628	157409352	-	12270	4233
chr11	123021850	123057479	-	12270	3155
chr19	16328689	16355166	+	12144	3427
chrX	44794071	44841880	+	11322	4336
chr16	61250554	61518406	+	9826	6060
chr5	138469312	138490427	+	9670	2076
chr21	8986604	8989398	+	9563	6445
chr9	79391778	79391917	+	9334	4195
chr21	18858276	18858500	+	8920	4153
chrX	123514927	123515248	+	8899	3875
chrM	0	576	+	8311	3792
chr14	75283198	75293931	+	7370	2876
chrX	30630882	30653274	+	6907	2942
chr14	22484479	22547445	+	6880	2502
chr11	123034941	123056915	+	6807	2341
GL000219.1	40273	99671	-	6726	3454
chr9	6037842	6038097	-	6698	3995
chr19	14497666	14513784	+	5998	1786
chr1	171467141	171485529	-	5936	2351
chr6	36605934	36618376	+	5813	2659
GL000220.1	80993	160916	-	5790	3672
chrY	16405549	16592406	-	5630	3876
chr6	42746263	42781924	-	5601	2598
chr7	100439881	100456610	+	5574	1467
chr2	30160538	30164682	+	5318	2488
chr17	32381890	32411214	+	5306	2690
chr15	44718851	44728954	+	5219	2575
chr9	33039916	33041764	+	5215	2579
chr14	102066364	102080736	-	5137	1787
KI270733.1	21431	179442	-	5052	3352
chr6	31839775	31857062	-	4871	1679
chr19	18178128	18193010	+	4842	1289
chr1	242975132	242988971	+	4801	3143
chrM	16024	16569	+	4785	2861
chrX	140033481	140033891	+	4710	2997
chr19	14496307	14513778	-	4677	1298
chr3	155974424	155989779	+	4534	2905
chr14	103345039	103356693	+	4404	2171
chr6	89085161	89093853	+	4377	2327
chr5	138469475	138490582	-	4302	1141
chr1	28648829	28655659	+	4157	1911
chr6	30597187	30600398	-	4156	1731
KI270721.1	2637	43286	+	4105	2710
chrM	16023	16569	-	4085	2612
chr12	55409783	55411113	+	4065	2603
chr7	27455847	27458160	-	4052	2718
chr19	12640760	12643274	-	4044	2928
chr12	9010855	9027442	+	3835	1509
chrX	24354825	24354965	+	3781	2509
chr17	7514620	7535504	+	3743	1298
chr14	102066432	102080731	+	3665	1378
chr4	132508201	132528217	+	3581	2546
chr12	7906129	7919217	-	3549	1259
chr19	48876292	48880963	-	3536	2008
chr15	44718854	44728869	-	3485	1852
chrX	150230806	150231041	-	3456	2471
chr9	131560645	131576221	-	3380	1777
chr14	20477113	20489997	+	3355	1600
chr22	50539670	50541105	+	3313	1599
chr17	7514867	7537028	-	3264	1360
chr17	41692668	41705334	+	3258	1941
chr3	185848887	185914518	-	3204	1639
chr20	5291089	5292940	-	3181	2262
chr12	66039617	66058608	-	3177	2474
chr17	78841447	78845256	+	3177	1834
chr2	58252525	58252692	+	3174	2292
chr22	39973914	39994253	+	3114	1700
chr5	18162985	18175804	+	3106	2306
chr6	42746136	42781924	+	3086	1833
chr16	9121661	9152562	+	3047	1691
GL000218.1	9685	98084	-	3013	2085
chr19	18274519	18279693	-	2964	2071
chr16	11235251	11249087	-	2959	1125
GL000194.1	12029	151862	-	2924	2007
chr3	31638548	31657875	+	2874	1481
chr1	42703819	42732259	+	2862	1149
chr14	35398039	35401065	+	2851	1515
chr7	73236011	73242734	+	2830	1126
chr5	160948272	161103422	-	2827	2143
chr12	9029378	9050289	+	2812	1184
chr9	93036369	93058459	+	2796	1513
chr17	46487642	46499764	+	2769	1958
chr3	56694423	56727301	-	2729	1442
chr7	39798350	39812576	+	2726	2245
chrX	52832084	52832395	-	2724	2078
chr2	85104939	85124916	+	2713	1750
chr8	30083467	30094312	+	2708	1558
chr5	131398452	131417064	+	2678	1534
chr1	44817381	44819150	+	2672	1356
chr17	32382422	32403223	-	2646	1726
KI270713.1	14513	22282	-	2630	1735
chr2	171750643	171781293	+	2554	1462
chr19	16328692	16355206	-	2548	1284
chr1	42704347	42732883	-	2507	1203
chr19	14370200	14374931	-	2487	1334
chr14	99140698	99158399	-	2478	1161
chr6	36605924	36618381	-	2473	1410
chr19	13848036	13861951	+	2457	1449
chr19	18255546	18257088	-	2415	941
chr17	75765404	75776429	-	2404	1174
KI270752.1	108	25224	-	2392	2322
chr5	70081998	70094105	-	2387	1726
chr19	35879847	35887520	-	2376	1129
chr5	107194849	107195155	-	2370	1854
chr19	18178132	18192761	-	2365	986
chr5	66094116	66133766	+	2358	1248
chr12	9116243	9124024	+	2350	1271
chr1	46322461	46340715	-	2301	1416
chr1	26478343	26497842	-	2230	997
chr16	29406712	29425799	-	2198	1689
chr7	142793377	142801001	+	2182	1291
chr2	32323022	32356321	+	2173	1299
chr19	48876294	48880957	+	2120	1349
chr19	4867749	4890436	-	2100	1364
chr15	65304796	65318070	+	2074	1365
chr6	132817589	132835354	+	2068	1214
chr22	30436245	30445221	+	2068	984
chr2	200845580	200852940	-	2050	1347
chr9	80307359	80356355	+	2050	470
chrY	1900639	2218909	-	2048	1043
chr9	92686374	92710615	-	2034	1032
chr22	47177550	47195695	+	1984	1125
chr6	35322025	35342511	+	1940	1178
chr12	111902265	111926985	+	1926	1131
chr19	39404544	39406842	-	1916	1227
chr17	37962626	37965390	-	1915	835
chr3	108855095	108887332	+	1907	1068
chr15	59689418	59754386	+	1887	1145
KI270719.1	14426	124938	-	1887	1372
chr1	39034640	39076228	+	1864	1032
chr1	156713244	156720791	-	1858	1222
chr8	38383461	38385910	+	1856	1200
chr3	96617243	96618499	-	1837	1478
chr14	75283199	75294109	-	1833	1263
chr22	40935119	40951258	-	1815	1193
chr22	41423368	41433479	-	1812	1164
chr20	5611045	5630212	+	1803	1117
chr12	31993114	32043252	+	1792	1178
chr17	59842401	59845874	-	1786	1201
chr14	69773905	69775307	-	1784	1282
chr11	107316282	107320914	-	1783	1270
chrX	118687055	118715232	+	1778	1251
chr14	92689092	92703770	+	1777	1171
chr11	107269937	107312064	-	1750	1125
chr9	75168357	75195767	+	1743	1134
chr21	33359966	33364385	-	1741	1183
chr7	23491539	23504776	-	1725	1119
chr14	20477222	20485153	-	1714	986
chr16	9126145	9152660	-	1713	1060
chr7	102518279	102537896	-	1700	1321
chr4	164943951	164944050	+	1697	1429
chr1	185291989	185292930	-	1691	1157
chr17	45588696	45600867	-	1685	1341
chr1	145980515	145992433	-	1652	945
chr2	31830008	31864903	-	1649	1111
chr2	44065148	44066696	-	1641	1301
chr16	29406721	29425716	+	1620	1250
chr3	196437373	196468769	-	1610	954
chr6	32566560	32577864	-	1606	765
chr17	59847007	59859416	+	1579	966
chr16	11527597	11546806	-	1571	981
chr1	171468682	171485495	+	1568	1010
chr4	105486080	105486636	+	1565	1311
chr17	8127877	8140325	-	1537	814
chr6	28893936	28902437	-	1534	767
chr1	52669690	52684234	+	1528	1067
chr6	118436424	118452455	-	1523	823
chr10	68952221	68956133	-	1521	908
chr3	50653989	50669950	+	1507	1003
chr14	24168043	24171650	+	1502	1061
chr1	204505195	204516346	-	1493	990
chr6	32860742	32878707	+	1493	991
chr7	5514203	5526385	-	1491	913
chr19	19683648	19708612	-	1487	995
chr4	40247197	40264994	+	1474	865
chr5	50248263	50365571	-	1461	703
chr1	155934496	155941517	-	1445	941
chr9	4944001	4944667	-	1432	1178
chr1	16506525	16514119	-	1426	1072
chr14	105499618	105525332	+	1424	688
chr1	120354739	120370925	+	1415	859
chr6	132817682	132837781	-	1410	913
chr14	90408947	90424594	-	1410	631
chrX	73223558	73223746	+	1401	1207
chr19	14007499	14019597	+	1398	914
chr1	26478318	26498157	+	1396	700
chr2	96138569	96143165	-	1379	937
chr9	80657258	80745507	+	1364	413
chrX	16715311	16719483	-	1364	946
chr7	100440008	100456064	-	1362	656
chr3	23747098	23753583	+	1360	510
chr1	149363538	149373580	+	1357	893
chr4	77851514	77862825	-	1354	947
chr2	218201573	218203630	+	1349	1160
chr6	32981507	33004172	+	1349	653
chr11	507300	512511	+	1338	1011
chr17	48123780	48133408	-	1338	896
chr9	80232096	80268454	+	1336	429
chr12	52015909	52022808	+	1334	724
chr5	151093582	151100498	-	1323	1042
chr2	174509564	174545308	-	1322	705
chr8	124287976	124301301	-	1321	925
chr3	101861022	101868587	+	1320	864
chr17	18210017	18217448	+	1318	706
chr22	49975617	49982839	+	1308	732
chr17	59842255	59845942	+	1307	983
chr7	150693642	150716513	+	1297	736
chr17	46488511	46499744	-	1291	1022
chr6	31839770	31856975	+	1290	680
chr2	185953181	186031919	-	1288	713
chr19	39409678	39412098	+	1286	936
chr7	140925508	140932606	+	1278	966
chr8	80527172	80531098	-	1267	790
chr16	30255661	30265773	+	1267	1069
chr3	156820034	156825477	-	1266	758
chr1	96678759	96678873	-	1258	1104
chr21	5101157	5114669	+	1258	929
chr21	15880112	15895770	+	1250	933
chr10	110512017	110544806	-	1249	783
chrX	79395555	79415184	+	1245	673
chr5	17389351	17390583	+	1228	1076
chr1	226073214	226083214	+	1226	811
chr17	81489641	81509399	-	1225	636
chr11	85945950	85957164	-	1223	926
chr7	74789413	74796056	+	1217	660
chr2	38741238	38743591	-	1211	904
chr1	156140207	156146288	+	1209	400
chr7	6096966	6104727	-	1204	901
chr2	97269671	97276464	+	1202	964
chr11	2318210	2327888	+	1196	924
chr19	45478962	45485275	+	1191	522
chr20	29298886	29299654	-	1191	1092
chr10	26568489	26577478	+	1189	912
chr1	144412196	144413225	+	1187	776
chr19	40415099	40421570	-	1186	568
chr16	31196965	31201460	+	1181	919
chr16	30255631	30266926	-	1174	1003
chr3	36972851	36984962	-	1165	777
chr11	62022068	62035883	-	1148	849
chr6	24786209	24796670	-	1144	791
chr17	81489661	81509179	+	1144	654
chr11	56690750	56691686	+	1136	998
chr10	13302988	13317352	+	1132	816
chr6	166957454	166969536	-	1128	720
chr1	204506189	204515956	+	1127	922
chrY	13220471	13234350	-	1125	779
chr16	87405109	87406242	+	1121	843
chr2	23708678	23737323	-	1117	844
chr2	200827340	200842977	+	1112	650
chr19	7472506	7476538	+	1112	905
chr1	90894050	90915229	-	1111	874
chr12	3776352	3790731	-	1106	716
chr22	38216515	38219274	+	1106	704
chr11	508219	512512	-	1102	846
chr22	21886528	21919003	-	1097	616
chr5	179610030	179614166	-	1092	864
chr1	24875645	24899217	-	1091	613
chr1	151268790	151273341	-	1087	894
chr1	96448318	96453055	+	1086	962
chr20	5535892	5544352	-	1085	797
chr15	88658662	88684821	+	1079	601
chrX	56369619	56456035	+	1079	676
chr11	65445889	65454612	+	1076	501
chr6	32981690	33003498	-	1070	484
chr6	127691896	127707928	-	1065	723
chr7	2531869	2537795	-	1065	842
chr12	31808050	31846337	-	1065	461
GL000205.2	50676	65485	-	1062	684
chr13	20962197	20962932	+	1048	946
chr14	35397763	35401077	-	1043	741
chr16	2531453	2537844	-	1042	798
chr11	65508074	65524828	+	1040	723
chr11	67443960	67450257	-	1039	839
chr5	179777676	179792173	+	1033	792
chr2	108715741	108719426	-	1031	709
chr5	131398775	131417056	-	1030	811
chr14	21847221	21865978	+	1024	604
chr5	65490751	65517713	-	1016	648
chr11	1523369	1538978	-	1016	826
chr11	1524358	1538743	+	1013	840
chr7	2531865	2537809	+	1007	781
chr12	124900506	124911603	-	1005	765
chr16	12640221	12659797	-	1005	574
chr17	45609430	45619808	-	1002	844
chr1	226001175	226045042	+	999	755
chr9	33076731	33081952	+	997	704
chr14	99159986	99169263	-	990	735
chr3	138644865	138652208	-	984	724
chr9	35758840	35772145	+	984	697
chr21	8251145	8254591	-	983	905
chr12	31769615	31791148	-	980	859
chr14	92689316	92703522	-	978	788
chr2	30169404	30178470	+	976	639
chr12	7906251	7919064	+	975	559
chrY	1382693	1386130	-	972	818
chr17	43318146	43325184	+	970	672
chr2	86492798	86503418	-	969	666
chr2	237100607	237122888	+	968	681
chr6	30494240	30505618	-	965	480
chr2	113658690	113660110	+	964	865
chr16	22540304	22545602	-	957	844
chr17	30350035	30353336	-	956	188
chr15	78903078	78920993	+	953	712
chr10	22520629	22534540	-	951	629
chr12	11283490	11306896	+	947	558
chrY	12920523	12930147	+	943	674
chr19	4039415	4043238	-	942	741
chr7	5857751	5879741	+	940	670
chr14	55229681	55229953	+	938	867
chr9	97922538	97926784	+	936	679
chr21	15896833	15906469	+	934	625
chr3	185833699	185914536	+	932	720
chr10	97321931	97331775	+	931	702
chr19	10380918	10391029	+	930	576
chrX	118687249	118698910	-	930	788
chr7	2453009	2473785	+	928	613
chr16	31203453	31213335	+	926	532
chr17	68180443	68189691	+	924	630
chr3	182923267	182936449	+	923	613
chr10	102081652	102106084	-	923	616
chr16	70205744	70218517	+	923	804
chr7	142780232	142791412	-	922	644
chr5	149465793	149492932	-	919	743
chr9	35046367	35053918	-	911	722
chr16	89241739	89247661	+	910	779
chr10	102662804	102673725	+	908	641
chr8	37850476	37858368	-	906	600
chr2	32325784	32356959	-	904	687
chr16	70206199	70219443	-	904	807
chrX	23940076	23983656	-	901	605
chr3	49341124	49357168	-	900	574
chr11	127940242	127941813	-	900	820
chr10	80145364	80150862	-	898	759
chr10	23137678	23141738	+	894	795
chr17	75765464	75776364	+	893	518
chr1	989991	995945	-	890	337
chr2	85310389	85314838	-	889	739
chr12	49773398	49790943	-	888	597
chr6	30494220	30505699	+	887	676
chr17	64919484	64926478	+	886	744
chr2	175036883	175061043	-	884	481
chr1	15430339	15438302	+	880	619
chr19	19628931	19629391	+	877	768
chr3	195507336	195511286	+	875	576
chr15	88988756	88988986	-	871	748
KI270706.1	595	115690	+	871	629
chr17	39888677	39904377	-	868	558
chr5	50163085	50388574	+	867	622
chr14	99101244	99116691	-	866	515
chr7	44069456	44070910	+	865	724
chr22	36267716	36281274	-	863	644
chr16	22538718	22545219	+	858	759
chr5	176510078	176526692	-	855	578
chr9	112181655	112214982	-	855	587
chr12	14938557	14941847	+	855	719
chr14	103345080	103355671	-	855	704
chr1	159903436	159917996	-	854	589
chr14	105500234	105525694	-	852	533
chr1	244817232	244835614	-	846	627
chr6	16151367	16170913	+	845	611
chr3	15373962	15374940	-	842	747
chr8	23266157	23269851	+	839	541
chr17	16616192	16616494	+	839	752
chr10	102386521	102394106	-	836	693
chr12	106347610	106348944	-	835	719
chr17	35460563	35464178	-	831	618
chr4	39782939	39811427	+	830	550
chr6	42195469	42206683	-	827	604
chr4	166603379	166603815	+	821	781
chr6	32652378	32659350	-	821	440
chr17	47746454	47799086	-	819	506
chr22	38701865	38704807	-	819	668
chr3	22689857	22807410	+	817	778
chr1	145980547	145992433	+	816	573
chr2	7141556	7188923	+	816	485
chr9	93036863	93051830	-	816	637
chr14	90408280	90427873	+	816	440
chr14	69797706	69811124	+	814	312
chr5	171411981	171416221	-	813	634
chrY	21257835	21294080	+	812	309
chr6	109383681	109387134	+	810	596
chr7	129803139	129827769	-	808	545
chr18	47986117	47988710	+	807	167
chr22	21744505	21755424	-	807	591
chr6	123760378	123760466	+	806	123
chr3	150630608	150646178	+	804	575
chr11	95964347	95976596	-	804	554
chrX	19515691	19533974	-	803	522
KI270442.1	343940	352237	-	802	709
chr5	34926745	34928946	-	799	638
chr19	39409701	39412091	-	799	658
chr22	36105864	36131871	-	794	552
chr4	25721274	25747180	-	789	443
chr20	2455035	2461595	-	789	605
chr10	73359041	73373978	-	785	591
chr15	31309811	31326698	-	783	618
chr7	77640085	77657617	+	781	552
chr12	11198798	11212209	+	781	495
chr19	39428643	39433130	-	781	473
chr3	9479625	9498319	+	779	542
chr1	149851652	149853975	+	778	630
chr9	131560897	131575011	+	776	652
chr7	76442854	76459375	+	774	645
chr9	97863998	97891281	-	774	536
chr9	120895161	120902214	-	774	598
chr6	36687414	36689273	+	771	506
chr9	93113549	93121430	-	770	428
chr11	62023708	62038455	+	768	551
chrX	23786277	23789822	-	767	553
chr17	27315954	27326599	+	766	597
chr9	107480608	107484850	-	764	460
chr8	30042734	30063001	-	762	583
chr16	28628557	28630989	-	761	695
chr4	40167831	40187163	+	759	462
chr10	17203090	17214222	-	758	484
chr7	142781078	142791687	+	757	569
chr9	96778371	96796376	-	757	512
chr4	141438721	141458002	+	756	444
chr10	3769955	3775989	-	756	519
chr9	134894446	134903231	-	755	544
chr11	75247775	75260049	-	755	538
chr19	39404507	39406800	+	755	579
chr12	124900617	124911600	+	754	617
chr21	8986824	8988749	-	750	696
chr1	228110976	228119129	-	748	663
chr4	141459267	141480620	+	744	449
chr2	38741237	38743531	+	741	572
chr16	11243866	11249076	+	740	492
chr12	124930646	124939740	-	739	639
chr2	112119412	112136990	+	738	430
chr2	130294405	130294500	+	737	693
chr20	3051243	3068490	-	737	534
chrX	83707990	83722593	-	737	701
chr2	74184476	74185951	-	736	178
chr5	83022370	83049111	-	735	496
chr2	100577883	100590326	-	733	673
chr3	138633491	138643862	-	731	553
chr14	63574135	63594021	-	730	514
chr5	119249167	119263796	+	726	531
chr1	52609092	52628896	+	725	538
chr19	6857405	6878528	+	725	553
chrX	116887169	116949391	-	725	686
chr19	19683591	19706640	+	723	566
chr17	32412429	32423949	+	722	531
chr11	64844722	64851283	-	721	526
chr16	30070457	30075849	+	721	531
chr7	128663548	128667034	+	719	597
chr22	29491427	29505850	+	719	608
chr19	14071237	14071373	+	717	662
chr2	73742445	73749978	+	714	609
chr3	141868561	141876019	-	714	537
chr2	112666031	112674350	-	713	478
chr7	40100123	40125990	+	713	480
chr11	65982341	65996414	+	713	523
chr1	161397730	161399398	-	712	545
chr9	33040013	33041758	-	709	592
chr2	98594406	98598235	+	707	568
chr18	46267077	46293764	+	706	568
chr9	63667516	63688904	-	705	603
chr11	18408456	18411930	+	705	526
chr4	141481661	141515875	+	701	439
chr1	88836346	88852625	+	700	556
chr2	30160634	30164651	-	698	578
chr8	30058464	30062952	+	698	543
chr9	137247779	137249029	+	698	423
chr1	35155711	35176377	-	697	566
chr17	35450005	35459469	-	694	519
chr19	21060051	21074863	+	694	467
chr5	139331949	139339647	-	692	557
chr13	65787529	65787788	-	692	633
chr4	87141074	87159345	+	691	497
chr9	127790800	127794463	+	690	587
chr10	32005498	32008812	+	690	554
chr11	121633899	121653857	+	690	470
chr7	149055462	149069638	-	688	575
chr14	24168045	24171848	-	688	548
chr9	63819343	63823290	+	687	527
chr11	64759976	64764517	-	686	559
chr16	3236371	3240387	-	686	481
chr21	22680973	22837277	-	685	332
chr7	150224988	150234193	-	683	505
chr3	49349922	49357140	+	682	473
chr3	70934915	70954685	-	682	536
chr7	108574903	108583187	+	682	515
chr12	11251395	11265718	+	681	435
chrX	119764266	119786446	-	681	532
chr19	8514282	8517364	-	679	538
chr1	204558124	204573688	+	678	547
chr21	44875837	44885863	-	678	501
chr19	10380710	10391080	-	677	465
chrX	56567893	56601729	+	675	555
chr3	143177906	143184764	+	674	605
chr2	32316594	32321584	+	673	573
chr9	94303985	94314637	+	673	573
chr1	114511285	114532982	+	672	556
chr10	95697659	95706150	+	672	317
chr13	19788116	19823386	-	671	434
chr17	75298184	75318046	-	669	461
chr1	28283508	28328968	-	668	476
chr2	157343517	157361320	-	666	525
chrX	23786212	23812650	+	665	444
chr2	171752266	171781075	-	664	519
chr7	2452476	2473773	-	664	509
chr7	6096784	6104572	+	661	542
chr22	38701556	38704845	+	661	543
chr12	64697570	64709421	+	659	519
chr11	73397474	73400452	+	658	481
chr1	162601274	162619597	+	657	382
chr19	34229308	34252163	+	657	493
chr2	64088247	64092500	-	654	480
chr12	31263625	31280224	-	650	458
chrX	100994095	101009343	-	650	534
chr16	28074450	28096638	+	649	530
chr10	68539980	68544450	-	648	604
chr1	77772603	77773602	-	647	578
chr18	79383132	79391749	+	646	508
chr2	136329278	136329428	-	645	595
chr2	229741672	229763687	-	644	498
chr9	100984721	100986910	+	643	584
chr1	92073814	92074369	-	642	583
chr5	171411889	171418003	+	642	540
chr12	25374659	25385053	-	642	529
chr2	119984958	119996564	+	641	464
chr2	203739785	203764293	+	638	540
chr13	45285156	45311141	+	638	538
chr22	41073563	41073900	-	637	563
chr12	111905777	111926967	-	636	486
chr6	32589855	32613227	+	635	454
chr19	4867952	4890429	+	635	544
chrX	74569892	74582971	-	635	523
chr22	39974921	39993477	-	634	516
chr1	27308739	27321681	+	632	490
chr16	56944891	56955443	+	632	486
chr7	102679385	102679979	-	631	550
chrX	47248941	47272506	-	631	453
chr6	57059096	57086375	+	629	493
chr9	70367307	70384408	-	626	414
chr11	108150400	108155262	+	625	535
chr2	74984463	75025481	+	624	407
chr3	128827119	128841367	+	623	425
chr19	1885631	1904872	+	622	446
chr8	33513593	33522706	+	621	398
chr22	42369458	42380383	-	621	461
chr7	150750516	150760759	+	620	501
chr1	205957928	205958418	+	619	572
chr10	87747709	87751464	-	618	499
chr14	32267253	32271832	-	618	565
chr1	52609351	52628892	-	616	460
chr8	80955790	80967724	-	616	448
chr22	37666980	37675534	-	616	487
chr1	12144234	12162966	+	615	421
chr14	35389728	35394071	-	614	361
chrY	318923	327318	+	614	491
chr5	76735797	76740845	+	613	183
chr5	166382599	166423739	+	613	577
chr16	31203452	31213110	-	613	391
chr5	151725479	151737666	-	612	517
chr1	193275883	193295787	+	609	480
chr2	112663875	112674287	+	609	439
chr1	25209571	25222265	-	608	380
chr6	151394179	151398849	+	607	524
chr22	26516388	26521994	-	607	459
chr12	58815639	58816274	+	606	419
chr2	203773757	203784574	+	605	465
chr4	42090565	42100932	+	605	458
chr17	64975747	64981723	+	605	513
chr2	96532367	96536707	-	604	462
chrX	74952140	75043169	-	604	360
chr6	24786168	24796489	+	603	466
chr7	135172491	135183495	+	603	472
KI270743.1	86103	206802	-	603	538
chr10	96587452	96593018	+	602	521
chr8	140508043	140511285	-	601	505
chr12	52015915	52022831	-	601	459
chr14	39139062	39147803	-	600	477
chr1	45624148	45627281	-	599	502
chr11	121289105	121292480	-	599	458
chr8	55854684	55879720	-	598	360
chrX	57613290	57640315	+	598	400
chr15	77037509	77041403	+	597	504
chr6	63583660	63592389	+	595	417
chr21	46582374	46591975	+	593	411
chr2	165849097	165853923	-	592	390
chr22	37776580	37797530	+	591	449
chr19	10645003	10651855	-	589	478
chr19	54602399	54607078	+	589	455
chr1	226618113	226628246	-	587	450
chr14	93171131	93182171	-	586	450
chr19	2062821	2071028	-	586	482
chr19	49493070	49496289	+	586	507
chr4	108035518	108047295	-	585	418
chr8	103387068	103398632	-	585	469
chr10	97321923	97332490	-	585	482
chr22	39522702	39528580	+	585	461
chr1	40423709	40436173	+	584	397
chr17	1407553	1420298	-	584	449
chr12	49113465	49127773	-	583	447
chr17	8210845	8220595	-	583	434
chr17	74557092	74560698	-	583	294
chr7	36504556	36509304	-	581	468
chr17	48123670	48133253	+	581	513
chr6	30525979	30541372	-	579	389
chr1	39034755	39073385	-	578	440
chr3	57931832	57947735	+	578	415
chr5	45931147	46424482	-	578	549
chr1	226073364	226083200	-	577	465
chr2	97746652	97755997	-	575	472
chr6	31254205	31268737	-	575	497
chr6	36491157	36493870	-	575	487
chrX	41364549	41418724	-	575	314
chr1	149868290	149883242	+	574	321
chr2	226825853	226835309	-	573	444
chr2	48379349	48429605	+	572	459
chr7	144840249	144842773	-	570	192
chr11	47449722	47465832	-	570	463
chr11	66606187	66615980	+	570	431
GL000194.1	80300	134321	+	569	483
chr2	237603880	237607114	+	568	409
chr20	13368912	13388885	-	568	339
chr17	68181134	68187957	-	566	412
chr1	28282887	28326251	+	565	426
chr14	105663303	105664550	-	565	236
chr1	27886715	27891515	+	564	424
chr5	172828430	172834165	-	564	368
chr1	159816295	159821873	+	562	353
chr3	49023502	49024282	-	561	481
chr12	53260003	53268270	-	561	514
chr7	17767250	17790565	-	560	455
chr16	11536073	11546488	+	560	459
chr11	47596601	47616696	-	557	427
chr14	100161654	100202639	+	555	378
chr17	5255732	5276453	+	555	347
chr2	227561257	227574411	+	554	457
chr7	66979675	66987667	-	554	442
chr13	89091198	89093803	+	554	520
chrY	1454179	1462532	-	554	430
chr5	73509328	73510766	+	553	513
chr10	38079870	38080048	-	553	512
chr12	122148445	122167398	+	553	383
chr3	96351112	96352120	+	552	506
chrX	12977227	12982208	+	551	431
chr4	109541080	109547355	+	549	465
chr17	36050693	36059413	+	549	275
chr3	113631658	113648361	-	546	413
chr16	584321	589001	-	546	464
chr1	228109453	228117371	+	545	448
chr3	49340734	49348825	+	545	402
chr5	177456291	177456606	+	545	446
chr20	37445606	37492420	-	545	348
chr6	139096192	139135069	-	543	428
chr1	84238814	84252257	+	542	481
chr1	244817226	244835610	+	542	433
chr5	149461802	149492368	+	541	444
chr9	19374282	19375449	-	540	475
chr17	59847139	59859418	-	540	452
chr17	75856517	75871540	+	540	408
chr19	19620540	19623504	+	540	426
chr6	30521203	30537498	+	537	350
chr8	48004590	48008398	-	537	372
chr19	55617423	55620170	+	537	441
chr14	21189799	21199961	-	536	444
chr17	47746145	47765983	+	536	375
chr3	31638762	31647526	-	534	462
chr22	41064633	41067389	+	534	497
chr4	26756317	26772023	+	533	415
chr5	35879904	35892154	+	533	445
chr7	123667229	123681370	-	533	418
chr4	2732742	2741575	+	532	416
chr7	50405150	50417954	+	532	431
chr19	6535940	6550789	+	532	308
chr2	231717489	231731959	-	531	377
chrY	699018	962607	-	531	496
chrY	7381682	7394950	+	531	403
chr5	80358417	80359073	-	530	495
chr21	5099089	5116329	-	530	445
chr1	150353394	150362749	+	529	418
chr4	39783780	39822489	-	529	388
chr7	45251976	45252108	+	529	473
chr12	6731901	6742798	+	529	399
chr17	32412425	32423791	-	529	397
chr19	35882482	35887629	+	529	378
chr7	66506485	66511431	-	528	392
chr7	150186344	150198557	-	527	371
chr10	72995558	73005795	-	525	387
chr17	16382745	16386998	+	524	420
chr19	1885890	1905130	-	522	351
chr9	96875642	96885596	-	521	422
chr14	69031582	69050875	-	521	405
chr20	31648010	31664426	-	521	367
chr1	27395822	27404179	-	520	455
chr3	113630041	113648081	+	520	385
chr7	99632995	99641612	+	520	463
chr19	49493210	49496194	-	520	417
chr21	36294523	36300662	-	520	480
chr3	14672695	14674995	+	518	448
chr11	65477597	65479264	+	518	372
chr1	13694237	13700163	-	517	408
chr8	22674603	22678622	-	517	304
chr5	91349909	91368620	-	516	356
chr12	9760905	9767281	-	516	394
chr12	52059515	52069022	+	516	322
chr22	40932969	40950846	+	516	413
chr6	87266031	87282975	+	514	426
chr16	31453661	31456504	+	514	441
chr22	40336175	40346307	+	514	406
chr10	17237595	17242894	+	512	367
chr5	66082576	66085333	+	511	450
chr11	66606391	66616519	-	511	439
chr2	71079888	71091730	+	509	405
chr2	157346209	157350457	+	509	452
chr3	32502884	32514099	+	509	380
chr6	28879854	28884708	-	508	363
chr2	203747216	203758747	-	507	449
chr3	177011553	177019334	-	504	441
chr17	18811255	18816520	+	504	441
chr1	161133412	161140733	+	502	407
chr10	63155154	63166962	-	502	394
chr2	18719042	18735551	+	501	319
chr12	66003354	66003778	-	501	469
chr1	158990421	158998734	-	500	412
chr6	132431132	132445823	-	500	400
chr16	28627280	28636488	+	500	457
chr5	14616337	14619956	+	498	402
chr9	131241945	131256451	-	496	402
chr3	101863128	101868512	-	495	396
chr8	100901267	100913220	-	495	379
chr22	17776221	17777315	-	495	328
chr3	20154415	20160582	+	494	424
chr10	67763738	67765489	+	494	187
chr4	141577438	141614258	+	493	290
chr10	28335296	28338354	+	493	351
chr12	9023518	9027487	-	492	412
chr19	20810425	20838256	+	492	377
chr22	40335840	40346460	-	492	412
chrX	47248877	47271912	+	491	351
chr9	136929306	136935838	-	490	396
chr14	49635378	49640938	-	490	419
chr2	26141276	26148995	+	489	382
chr12	9761009	9770821	+	489	402
chrY	2741328	2751625	+	489	414
GL000219.1	12248	104448	+	489	427
chr5	151169469	151173550	+	488	422
chr10	73358961	73374328	+	488	407
chr17	28750996	28755863	+	488	386
chr3	138636101	138648304	+	487	400
chr5	57166230	57172285	-	487	363
chr7	44946364	44958905	-	487	396
chr14	31210011	31225774	-	487	183
chr1	143726018	143729406	-	486	400
chr14	75177424	75193759	+	486	391
chrY	553825	592664	+	486	457
chr2	97744356	97755258	+	485	396
chr5	132403116	132410633	-	485	416
chr6	50912549	50912705	-	485	442
chr1	27656464	27660128	-	484	365
chr8	30083499	30094320	-	484	405
chr14	74998330	75002707	-	484	373
chr17	15688903	15694958	-	484	377
chr16	47701576	47711503	+	483	360
chr20	63628837	63639610	+	483	367
chr1	204583285	204599331	-	482	402
chr2	96147192	96148604	-	481	385
chr3	129070372	129087498	-	480	376
chr12	9845171	9852128	-	480	332
chr12	122148014	122166530	-	480	351
chrY	14941017	14941316	-	480	434
chr13	40680307	40716976	-	479	306
chr20	3050509	3068465	+	479	395
chrY	986805	988268	+	479	436
chr9	70363873	70381909	+	478	333
chr18	37814621	37814724	-	478	448
chr1	178589541	178614080	+	477	249
chr2	202312141	202335054	+	477	323
chr20	49188758	49219326	-	477	355
chr12	55738268	55743105	-	476	293
chr16	69086568	69102298	-	476	374
chr1	12209320	12215710	+	475	359
chr16	29719473	29735771	-	475	346
chr2	30169389	30174778	-	474	351
chr7	75090806	75092395	-	474	418
chr9	129410725	129413464	-	474	418
chr11	117962456	117986287	-	474	374
chr17	390996	404066	-	474	350
chr2	197451905	197453341	-	473	422
chr9	91397590	91408742	-	473	316
chr22	39522757	39528728	-	473	399
chr12	110583383	110599688	+	472	365
chr16	28323859	28342386	+	471	389
chr2	28417551	28425608	-	469	326
chr5	140624209	140631724	-	469	312
chr2	97264739	97272807	-	467	434
chr11	108150468	108155188	-	467	413
chr3	52299307	52302562	+	466	396
chr10	79649570	79654093	+	465	393
chr20	35607909	35615828	-	465	383
chr8	102818027	102825943	-	464	377
chr11	86280220	86292034	+	464	388
chr7	66165015	66204044	+	463	360
chr12	124713312	124718452	+	462	231
chr17	41692743	41705246	-	462	356
chr21	33378785	33384115	-	462	287
chrX	153983591	154010418	-	462	341
chr7	64501993	64519859	-	461	352
chr14	24243103	24248803	+	461	401
chr20	3086846	3093894	-	461	368
chr22	22759549	22767982	+	461	339
chr1	12512074	12525476	+	460	351
chr2	157382351	157403221	+	460	410
chr4	83248331	83261433	-	460	355
chr9	63692273	63701926	-	460	417
chr17	80971937	80978369	+	460	330
chr3	185054060	185066238	+	459	317
chr1	19329445	19338773	-	458	411
chr22	36272069	36281114	+	458	382
chr4	129160364	129160769	-	457	431
chr13	108234259	108251064	+	457	345
chr1	200874208	200875038	+	456	246
chr8	100914486	100916515	-	456	405
chrX	81298556	81334817	+	456	376
chr17	38842110	38847830	-	455	345
chr2	197478892	197486570	-	454	368
chr2	206162934	206167598	+	454	350
chr7	158830258	158836548	+	454	394
chr12	56646250	56662859	+	454	399
chr16	28071050	28088832	-	454	366
chr3	141926549	141932484	+	452	335
chr1	36180855	36202235	+	451	374
chr5	172011075	172030314	-	451	287
chr6	33025760	33030596	-	450	327
chr8	143905309	143914076	-	450	363
chr7	125562151	125702375	-	449	435
chr16	3257018	3263738	-	449	287
chr1	231355039	231361022	+	448	380
chr9	63676463	63679022	+	448	413
chr14	69715167	69726860	+	448	354
chrX	24078870	24115115	+	448	353
chr3	132368346	132372133	+	447	344
chr5	81395654	81408050	-	447	341
chr7	142802750	142809083	+	447	395
chr12	123437185	123454489	+	447	306
chr4	75637425	75641472	+	446	355
chr16	1969090	1971654	-	446	311
chr16	68597081	68629384	+	446	280
chr20	63628837	63639691	-	446	360
chr4	82416981	82422488	-	445	339
chr9	112360305	112379185	-	445	329
chr17	76781469	76798981	+	445	381
chr20	50192706	50199010	+	445	341
chr2	97638698	97645836	-	444	361
chr21	46572768	46576028	+	444	338
chr2	172608679	172621522	+	443	386
chr10	110496686	110497745	-	443	391
chr14	91259107	91262798	+	443	360
chrX	74614683	74636235	+	443	361
chr1	149869646	149884458	-	442	291
chrX	56603003	56618115	+	442	325
chr5	91358991	91368559	+	441	296
chr5	131797043	131804522	+	441	348
chr11	65517563	65524927	-	441	307
chr19	14370196	14374851	+	441	336
chr19	17848087	17855529	+	441	328
chr6	149492775	149504314	+	439	360
chr7	44770113	44779907	+	439	351
chr7	149183045	149195533	+	439	375
chr13	48221665	48232494	-	439	311
chr19	10599056	10602449	-	439	326
chr22	28789349	28794492	-	438	359
chr1	108077298	108107530	+	437	284
chr3	41978245	42012292	-	437	311
chr4	1685304	1692680	-	437	313
chr13	48649805	48653545	-	437	307
chr20	49102196	49113301	+	437	337
chr1	52678300	52684298	-	436	378
chr9	33285097	33290382	-	436	385
chr11	35232423	35237918	+	436	352
chr19	13848068	13861935	-	436	343
chr12	54548252	54549575	+	435	382
chr14	91259012	91264308	-	435	370
chrX	101628740	101640112	+	435	355
chr5	14621317	14627954	+	434	325
chr7	102356654	102361742	+	434	404
chr14	106849666	106851798	-	434	312
chr15	30881897	30882229	-	434	405
chr18	51085578	51092239	+	434	325
chr1	114378344	114392775	-	433	279
chr1	150541192	150548493	-	433	313
chr3	197033111	197042546	-	433	358
chr6	33458435	33539681	+	433	367
chr9	125367277	125397638	+	433	341
chr4	38701547	38717276	+	432	345
chr6	33056656	33064565	-	432	258
chr9	129886023	129887043	+	432	372
chr11	1263979	1274137	-	432	367
GL000009.2	83233	125430	-	432	400
chr14	69773905	69775356	+	431	379
chr17	78646189	78647418	+	431	295
chr3	13308729	13313965	-	430	350
chr7	155781515	155792092	+	430	357
chr19	49626719	49635265	-	430	379
chr22	11630094	11630489	+	430	400
chr12	49764957	49775855	+	429	342
chr16	21658408	21663938	-	429	183
chr3	56692710	56717926	+	428	302
chr5	150701314	150706787	-	428	363
chr16	66705443	66720254	-	428	345
chr7	152676254	152685190	+	427	373
chr8	21895289	21908861	-	427	353
chr11	62622324	62624641	+	427	375
chr4	141428007	141437100	+	426	312
chr5	139331702	139341553	+	426	378
chr7	149524457	149547104	-	426	351
chr22	41423307	41433479	+	426	385
chr5	179610462	179614163	+	425	372
chr21	15880413	15887680	-	425	374
chr1	179078529	179081362	-	424	286
chr1	225971661	225982475	-	424	323
chr6	30597307	30600397	+	424	368
chr19	42081913	42086108	-	424	351
chr1	37484379	37489970	+	423	328
chr7	75149827	75156306	-	423	295
chr10	62096949	62112171	+	423	314
chr17	81872442	81878421	-	423	338
chr1	209267627	209267735	-	422	401
chr11	2283948	2295255	-	422	346
chr2	200845470	200852543	+	421	371
chr3	196832864	196844454	+	421	356
chr8	41912003	41922262	-	421	281
chr10	87039342	87050050	-	421	309
chr17	77500607	77516019	+	421	346
chr2	218405969	218418863	+	420	350
chr11	128813276	128834355	+	420	363
chr11	88251296	88265000	-	419	283
chr2	23730029	23733408	+	418	389
chr9	80386036	80422579	+	418	214
chr16	88794178	88803636	-	418	326
chr22	37459156	37468637	-	418	373
chrY	1768801	1807582	+	418	335
chr8	38383583	38385924	-	417	376
chr12	53431990	53440667	+	417	392
chr2	185923847	185942420	-	416	293
chr2	234291039	234298369	+	416	268
chr17	82294918	82313213	+	416	369
chr1	52090778	52100134	+	415	319
chr11	39970610	40050902	-	415	126
chr17	8125652	8140452	+	415	331
chr2	231717376	231720376	+	414	254
chr3	108004034	108029969	-	414	358
chr3	150534559	150541952	-	414	372
chrX	48562614	48567563	+	414	309
chrX	89447239	89468357	+	414	367
chr3	37367085	37380670	+	413	359
chr6	144146708	144149969	-	413	300
chr7	36842017	36852896	-	413	315
chr11	65921563	65937820	+	413	283
chr14	73124083	73136244	+	413	329
chr17	1685203	1702189	+	413	375
chr11	128454217	128458741	-	412	357
chr19	3210130	3224306	+	412	320
chr10	91914072	91923701	-	411	304
chr2	196821889	196823552	+	410	394
chr3	185938151	185952934	+	410	331
chrX	49101632	49112993	+	410	329
chr3	94505528	94506585	-	409	381
chr19	44993764	45001452	-	408	342
chrX	154344244	154348508	-	408	343
chr18	7314445	7316306	+	407	388
chr19	40286194	40319534	-	407	314
chr19	45478983	45485266	-	407	277
chr1	107505492	107518181	+	406	388
chr6	32916042	32934516	-	406	295
chr6	122439870	122442994	+	406	361
chr9	22597544	22597694	-	406	376
chr2	156320932	156324427	-	405	342
chr7	73672375	73680915	-	405	300
chr10	111033574	111050269	+	405	283
chr10	133445088	133453257	+	405	292
chr13	40921953	40931200	-	405	352
chr14	22502076	22525101	-	405	338
chr14	68827701	68861116	-	405	255
chrX	56369987	56399525	-	405	344
chr1	30726849	30731625	-	404	356
chr2	65272047	65287365	+	404	320
chr2	130392018	130400931	+	404	137
chr6	43224856	43225617	-	403	364
chr14	22527240	22528415	-	403	363
KI270711.1	4507	15397	-	403	359
chr10	96751077	96817308	+	402	200
chr1	22101449	22113743	+	401	351
chr10	68527603	68536312	+	401	339
chr14	49635246	49643535	+	401	336
chr5	66082804	66085397	-	399	356
chr5	172031799	172042053	-	399	342
chr12	98550918	98590155	+	399	286
chr16	31383565	31390720	+	399	215
chr19	47005579	47012716	-	399	319
chr20	37959172	37976504	-	399	238
chr5	43283442	43287461	-	398	280
chr8	101207094	101213992	+	398	325
chr11	315300	318319	+	398	329
chr17	1562865	1568890	+	398	276
chr19	14376161	14380344	+	398	287
chr17	18210399	18217720	-	397	301
chr1	52090801	52121866	-	396	290
chr10	27545125	27559056	+	396	311
chr17	76513049	76519146	-	396	307
chr2	69451160	69457814	-	395	351
chr2	203765595	203772513	+	395	333
chr5	70082478	70094378	+	395	352
chr6	166957452	166966592	+	395	252
chr10	102094332	102106487	+	394	321
chr17	48061659	48069615	+	394	300
chr1	158983809	158999829	+	393	302
chr11	102387502	102396329	-	393	316
chr17	49192072	49198298	+	393	299
chr1	1375556	1380384	+	392	346
chr3	148983816	148985642	-	392	360
chr10	92669754	92684742	-	392	287
chr15	90896215	90901656	+	392	283
chr1	47316947	47333784	-	390	322
chr5	83582397	83590542	+	390	281
chr12	56193797	56202127	-	390	320
chr6	87702264	87706634	+	389	270
chr7	106909005	106943919	+	389	250
chr10	99756771	99769491	+	389	289
chr11	88215360	88230189	-	389	221
chr16	69086658	69103837	+	389	337
chr19	3163764	3172306	-	389	300
chr1	25209791	25217164	+	388	238
chr1	159909777	159917457	+	388	338
chr19	17821680	17824636	-	388	327
chr16	8656976	8674447	+	387	319
chr16	31011866	31032850	-	386	302
chr16	89257234	89267603	-	386	299
chr19	5578479	5586557	-	386	332
chr1	160828483	160829821	+	385	334
chr7	106075327	106090471	-	385	283
chr10	12252279	12324554	-	384	335
chr14	21189195	21197104	+	384	330
chr17	78650877	78664963	+	384	318
chrX	21894326	21938835	+	384	218
chr16	28837238	28842402	+	383	326
chr2	151773998	151788980	-	382	312
chr22	20070966	20079996	+	382	318
chr1	148037220	148039603	-	381	281
chr3	121950825	121969011	+	381	239
chr11	18528070	18529502	-	381	344
chr15	58576079	58587504	-	381	305
chr19	39428728	39433007	+	381	262
chr1	8852682	8860870	-	380	325
chr9	131241727	131256323	+	380	318
chr4	141517144	141540917	+	379	248
chr7	72845635	72862256	+	379	344
chr19	1095483	1103566	+	379	285
chrX	77798173	77818247	-	379	208
chr2	85310514	85314945	+	378	341
chr10	13302978	13317267	-	378	319
chr12	52619098	52622956	-	378	257
chr15	50419939	50424347	-	378	334
chr16	75623555	75627415	-	377	287
chr21	36294277	36309549	+	377	325
chr2	69437792	69445882	-	376	313
chr5	150413006	150418530	+	376	296
chr7	73285638	73293496	-	376	362
chr10	92031441	92043925	+	376	293
chr1	27308947	27311142	-	375	344
chr1	39006160	39016045	+	375	314
chr3	49672025	49673966	-	375	320
chr13	40921893	40930861	+	375	328
chr19	13845136	13846488	-	375	339
chrY	8285662	8285813	-	375	360
chr3	49429510	49468618	-	374	335
chr10	90725433	90725836	+	374	345
chr17	43318133	43322863	-	374	316
chr19	17220275	17225952	+	374	301
chr2	74111790	74119355	+	373	282
chr9	126891195	126910274	-	373	352
chr16	29848069	29858314	+	373	319
chr17	45588709	45592304	+	373	331
chr4	168318884	168321980	+	372	264
chr2	96243578	96248037	-	371	328
chr2	186512214	186533376	+	371	313
chr10	38452355	38452770	+	371	349
chr17	65001797	65009265	-	370	339
chr2	234473835	234493037	-	369	302
chr4	19077831	19090197	-	369	353
chr9	134086500	134128142	-	369	314
chr1	193279687	193285113	-	368	337
chr6	27114571	27122587	-	368	199
chr7	158723981	158730986	-	368	306
chr10	43430137	43436818	-	367	322
chr19	10119969	10133315	+	367	298
chr3	32508952	32525869	-	366	289
chr20	35621789	35625369	+	366	271
chr1	193265221	193267467	-	365	340
chr7	5514116	5526343	+	365	293
chr7	75074246	75084880	+	365	321
chr12	31847371	31866481	-	365	233
chr2	193540477	193707599	+	364	104
chr9	6507096	6520610	+	364	326
chr10	97344193	97356249	-	364	256
chr14	103503998	103510252	+	364	313
chr15	22297099	22307937	+	364	221
chr15	74048177	74054627	+	364	302
chr16	28092273	28097346	-	364	333
chr16	70373993	70375976	-	364	306
chr1	175937366	175944771	-	363	306
chr2	193903533	193982724	+	363	350
chr3	46906869	46916633	-	363	317
chr6	144853049	144862181	+	363	292
chr7	5084284	5095633	+	363	331
chr8	144811624	144819930	+	363	262
chr15	75455875	75463177	+	363	286
chr17	64020776	64039038	-	363	265
chr19	18285939	18292648	+	363	301
chr19	18285983	18292636	-	363	306
chr19	49626445	49635240	+	363	327
chr22	37213038	37224347	-	363	288
chr6	159662679	159669014	+	362	260
chr6	38154806	38162161	+	361	320
chr1	174023649	174065245	+	360	294
chr2	195063459	195180430	-	360	199
chr15	100550272	100553423	-	360	321
chr17	58735816	58746062	-	360	331
chr21	42925674	42942680	+	360	294
chr3	170861073	170864873	-	359	298
chr3	192954837	192957798	-	359	221
chr6	30486606	30486954	+	359	344
chr12	66343696	66347426	+	359	333
chr8	70101672	70109618	-	358	318
chr19	40285719	40287877	+	358	282
chr20	34124135	34131660	+	358	300
chr2	87825942	87832205	+	357	283
chr3	101566462	101573536	+	357	298
chr22	49983976	49991704	+	357	234
chr1	155885595	155897807	-	356	268
chr2	9579636	9583944	-	356	273
chr3	56721673	56727133	+	356	315
chr6	151394183	151398444	-	356	327
chr1	154938163	154939730	+	355	285
chr16	30343714	30350473	+	355	260
KI270744.1	72172	159947	+	355	217
chr2	195337181	195393547	-	354	189
chr7	1138793	1151447	-	354	264
chrX	118450480	118467185	+	354	270
chr2	26138436	26140162	+	353	318
chr12	67674079	67688918	+	353	266
chr20	49097261	49113262	-	353	313
chrX	71112237	71118150	+	353	286
chr1	208848155	208947651	+	352	338
chr3	197029937	197038168	+	352	322
chr7	157417650	157418140	+	352	336
chr9	36305324	36324919	+	352	292
chr10	110512038	110525179	+	352	290
chr16	27364814	27372535	+	352	313
chr19	4637059	4639267	-	352	287
chr7	38176920	38178022	-	351	295
chr10	73415428	73423369	-	351	295
chr16	2531436	2537713	+	351	293
chrX	79418495	79438147	+	351	264
chrX	118700187	118715219	-	351	300
chr5	134060856	134066374	-	350	220
chr19	1021332	1025623	+	350	246
chr21	42823202	42831020	-	350	307
chrX	44741991	44742084	+	350	340
chr1	156457025	156463724	+	349	297
chr2	64088768	64091978	+	349	291
chr15	78911599	78921045	-	349	295
chr16	35802118	35802635	-	349	326
chr20	36971874	36996346	-	349	290
chr22	21630074	21632090	+	349	299
chr8	118111852	118116090	+	348	309
chr16	21354085	21368761	+	348	287
chr16	28990835	29032793	+	347	270
chr20	36952189	36991165	+	347	308
chr21	44002374	44012267	-	347	295
chr6	262477	285333	-	346	235
chr14	49623492	49625171	+	346	308
chr20	50877218	50883959	+	346	304
chrX	79217337	79220509	-	346	303
chr2	174536611	174544037	+	345	283
chr3	196433037	196461016	+	345	272
chr12	66186380	66188935	-	345	244
chr19	2062715	2070866	+	345	292
chr22	22273174	22283826	-	345	285
chrY	2932528	2935267	-	345	288
chr1	10387150	10395249	+	344	250
chr3	101641900	101648872	-	344	267
chr9	80668695	80672332	-	344	215
chr10	17130104	17136089	+	344	303
chr14	105856235	105864576	-	344	244
chrX	20118353	20124364	-	343	275
chr16	18744218	18777837	-	342	241
chr20	35147651	35171687	-	342	260
chr6	32754428	32756044	-	341	233
chr8	56049671	56049989	-	341	325
chr10	28513648	28519868	-	341	262
KI270752.1	115	25222	+	341	339
chr5	80887791	80915385	+	340	247
chr8	139719581	139727424	-	340	257
chr8	144118341	144135611	+	340	226
chr17	81009520	81017932	+	340	274
chr1	204566992	204572986	-	339	287
chr7	44949227	44958662	+	339	296
chr7	66622662	66628860	-	339	299
chr8	56064827	56066947	+	339	272
chr13	20773963	20777141	+	339	277
chr19	49499710	49502395	-	339	280
chr1	2221391	2227315	-	338	290
chr1	35857901	35869118	+	338	243
chr1	90888682	90892972	-	338	298
chr4	83284921	83291791	+	338	296
chr13	74134922	74222414	+	338	269
chr15	90511648	90528702	+	338	182
chrX	23939873	23983643	+	338	276
chrX	100997863	101008533	+	338	291
chr8	21890047	21905401	+	337	278
chr1	21783634	21785390	+	336	267
chr1	156140279	156146172	-	336	200
chr8	21822078	21887567	-	336	234
chr12	25387554	25391147	+	336	282
chr19	17394342	17402492	+	336	273
chr11	61377976	61389685	+	335	256
chr12	47307540	47313094	+	335	194
chr12	62417558	62427087	+	335	239
chr12	121643297	121648643	-	335	272
chr17	28751185	28755935	-	335	290
chr1	146409772	146414297	+	334	193
chr1	234980864	235044495	+	334	261
chrX	154494021	154505558	-	334	260
chr1	156456990	156463726	-	333	294
chr2	9579662	9583280	+	333	251
chr14	49897092	49919780	+	333	262
chr22	20071067	20079797	-	333	272
chrX	73692495	73708363	+	333	229
chr6	31818012	31820957	+	332	166
chr7	17972285	17980662	+	332	312
chr11	47450291	47464193	+	332	288
chrX	81345634	81357862	+	332	276
chr2	197475535	197486362	+	330	294
chr7	99466465	99472803	-	330	234
chr11	64779405	64784832	+	330	293
chr19	2035114	2037255	+	330	274
chr2	170084434	170101856	+	329	255
chr3	141615524	141617469	-	329	275
chr12	56044697	56056027	+	329	268
chr1	144068904	144069406	-	328	299
chr2	157327780	157342418	-	328	293
chr5	54549138	54565642	+	328	237
chr12	48682833	48688309	-	328	255
chr12	120195085	120196588	+	328	269
chr1	93376281	93386307	+	327	257
chrX	122616810	122616917	-	327	313
chr6	111652740	111660310	-	326	276
chr9	71822920	71862036	-	325	253
chr10	119478976	119499810	-	325	281
chr12	9740950	9752463	-	325	205
chr15	74803218	74812145	+	325	277
chr17	49849141	49858108	+	325	277
chr3	75619041	75619418	-	324	283
chr5	142154668	142156084	-	324	291
chr10	72327257	72332795	+	324	259
chr17	7044360	7054293	-	324	238
chr5	32604528	32644558	+	323	282
chr7	6404061	6407827	-	323	261
chr7	44986981	44988568	+	323	271
chr10	12251012	12322374	+	323	262
chr11	65384799	65386462	-	323	280
chr12	55409673	55411719	-	323	304
chr13	109747246	109752693	-	323	287
chr19	34250295	34254536	-	323	272
chr19	43619650	43622059	+	323	274
chr21	33359937	33369217	+	323	284
chr2	30176067	30178426	-	322	224
chr5	131422314	131423818	-	322	297
chr9	72366412	72421615	+	322	285
chr4	82807704	82818057	-	321	261
chr9	34171125	34178948	-	321	261
chr14	103330203	103333541	-	321	290
chr21	19928615	20177088	-	321	262
chr22	41664540	41673753	+	321	259
chrX	71315939	71345788	-	321	277
chr1	182336440	182336522	+	320	309
chr2	69437671	69457792	+	320	279
chr2	100751452	100752293	-	320	22
chr4	145180662	145184889	+	320	270
chr6	149434947	149444071	-	320	233
chr9	36327758	36336281	-	320	275
chr1	228137153	228139927	-	319	255
chr5	37086985	37105689	-	319	260
chr7	45112050	45113916	+	319	266
chr11	67100580	67118979	-	319	187
chr12	107272099	107273501	+	319	296
chr4	68304118	68310359	-	318	256
chr6	107133686	107152071	-	318	216
chr7	76442760	76449945	-	318	296
chr20	31450548	31463695	-	318	311
chr1	182888235	182899703	+	317	241
chr3	9479299	9498341	-	317	264
chr10	18681661	18689724	+	317	237
chr12	12856868	12867566	+	317	293
chr16	29848058	29858132	-	317	275
KI270442.1	384952	390367	+	317	285
chr1	121606088	122229760	+	316	269
chr1	155943094	155946842	-	316	280
chr1	171593516	171600620	+	316	267
chr5	80084751	80105785	-	316	247
chr5	131225513	131245449	+	316	211
chr7	48085586	48088528	-	316	269
chr7	101070070	101074325	+	316	298
chr7	106243817	106248288	-	316	241
chr9	129881905	129883692	-	316	273
chr12	56646161	56663327	-	316	256
chr20	45972287	45975027	+	316	249
chr21	5038526	5042823	+	316	266
chr6	27828164	27835500	-	315	260
chr1	224193509	224204664	+	314	252
chr9	34347175	34362413	+	314	231
chr10	17202079	17209853	+	314	227
chr17	8874912	8878897	-	314	279
KI270728.1	1026565	1550706	-	314	298
chr12	263652	273951	-	313	271
chr16	8649723	8655553	+	313	275
chr20	50885177	50888695	+	313	283
chr2	100577525	100589259	+	312	245
chr8	100953390	100971663	+	312	249
chr9	36488725	36570776	+	312	282
chr10	72236034	72244040	+	312	253
chr13	110724036	110732328	-	312	227
chr1	151862426	151870777	-	311	242
chr7	75279397	75280754	-	311	295
chr14	91226930	91227934	+	311	274
chr1	168253024	168264136	+	310	260
chr12	96270165	96278240	+	310	269
chr3	193704454	193709785	-	309	263
chr2	25362428	25364478	+	308	260
chr3	49433729	49454014	+	308	204
chr4	77861759	77862820	+	308	275
chr6	31582633	31586053	+	308	263
chr11	299971	303500	+	308	239
chr15	70038750	70047778	-	308	288
chr19	55259366	55261422	+	308	272
chrX	24027809	24054808	-	308	263
chrX	74553234	74579277	+	308	264
chr8	117451355	117452682	+	307	283
chr10	13140409	13151722	+	307	216
chr14	73133775	73136396	-	307	235
chr6	90501284	90510618	-	306	255
chr17	45593369	45600807	+	306	274
chr19	4039397	4043257	+	306	276
chrX	53922781	53936597	-	306	247
chr1	21179153	21217096	-	305	240
chr6	27895629	27905110	+	305	213
chr11	57701274	57703704	+	305	275
chr15	92809884	92810373	+	305	261
chr17	64919642	64926677	-	305	282
chr2	131093651	131103485	+	304	253
chr3	50263362	50265953	+	304	270
chr3	129163127	129167285	+	304	273
chr4	151015764	151021416	+	304	261
chr6	42876129	42879587	-	304	259
chr12	39491575	39533628	-	304	222
chr14	102916132	102922546	-	304	259
chr17	7127186	7131188	-	304	205
chr17	19190270	19196478	+	304	232
chr19	3971191	3976015	-	304	263
chr19	21270338	21284027	-	304	227
chr19	47383249	47393184	+	304	256
chr22	46758190	46761877	-	304	263
chr2	60931615	60936790	-	303	249
chr19	10933656	10959513	+	303	259
chr19	40025586	40028157	-	303	266
chr6	87266352	87272749	-	302	275
chr10	17129888	17137220	-	302	261
chr19	46432343	46460961	-	302	279
chr1	44817507	44819144	-	301	273
chr2	23740111	23748660	-	301	280
chr4	13313863	13332880	-	301	207
chr5	98339847	98340447	+	301	290
chr9	15526945	15527132	-	301	285
chr9	137287260	137293674	+	301	221
chr11	73970371	73974060	-	301	265
chr1	178615173	178637884	+	300	177
chr7	1768026	1807611	+	300	279
chr9	93568116	93574951	+	300	225
chr12	48717007	48719027	+	300	257
chr19	5670171	5674915	-	300	268
chr1	144518761	144527695	-	299	231
chr3	167662622	167676567	-	299	278
chr5	71094081	71098617	-	299	277
chr7	38378834	38383687	+	299	229
chr15	65304960	65311328	-	299	256
chr19	48923697	48926532	+	299	255
chr19	49546964	49555467	-	299	251
chrX	145095308	145095684	+	299	276
chr1	149374924	149382693	+	298	257
chr3	47486371	47495449	-	298	248
chr9	83644205	83657329	-	298	258
chr9	97893361	97894511	-	298	265
chr17	75708475	75719058	+	298	243
chr15	45586304	45587209	-	297	255
chr16	30131455	30182815	-	297	230
chr16	46650023	46655856	-	297	263
chr19	15348430	15353348	+	297	266
chrX	20118305	20123911	+	297	244
chr3	152508514	152520471	+	296	187
chr5	151169289	151173973	-	296	275
chr9	98015980	98045336	+	296	208
chr19	17394226	17402909	-	296	251
chr19	43720180	43727701	-	296	242
chr22	29491551	29505805	-	296	263
chr1	25786388	25797005	+	295	249
chr2	36823304	36837692	-	295	240
chr11	4093225	4094681	-	295	263
chr1	39559795	39560654	-	294	227
chr1	45542940	45543950	-	294	229
chr1	46369349	46379973	+	294	232
chr4	109550202	109559939	-	294	237
chr7	23491388	23504483	+	294	269
chr7	73522430	73534963	+	294	280
chr8	42056642	42064377	+	294	170
chr12	47646446	47661201	-	294	265
chr16	70074923	70085535	+	294	270
chr17	47104493	47117684	-	293	239
chr17	64975698	64986000	-	293	252
chr19	49327154	49331031	-	293	251
GL000221.1	22027	80436	-	293	264
KI270711.1	27903	35792	-	293	267
chr1	25591262	25608846	+	292	238
chr2	7102192	7103172	-	292	263
chr5	140633821	140638701	-	292	149
chr14	39388670	39396251	+	292	261
chr16	89871322	89873520	-	292	261
chr22	50749424	50756488	-	292	239
chr1	88841747	88852440	-	291	242
chr2	219185547	219195179	+	291	233
chr4	24512227	24517230	-	291	256
chr12	112400319	112405108	-	291	249
chr22	35295823	35298836	-	291	253
KI270742.1	530	35365	-	291	252
chr1	145996789	146015689	+	290	250
chr1	52698429	52714017	+	289	253
chr12	112382811	112404104	+	289	247
chr20	35950474	35953615	-	289	266
chr10	63155050	63166847	+	288	248
chr13	28125762	28136553	-	288	244
chr16	67937856	67939696	-	288	258
chr19	34541733	34541888	-	288	278
chrX	79339263	79348726	+	288	199
chr1	77559967	77562414	-	287	254
chr6	33015788	33019070	-	287	215
chr6	37500393	37505224	-	287	235
chr6	161117424	161129732	-	287	186
chr8	42805967	42836671	-	287	221
chr11	18663789	18666379	+	287	276
chr15	41116637	41154332	+	287	239
chr22	37583924	37593846	+	287	215
chr1	1607360	1613739	-	286	220
chr2	203961585	203968138	+	286	219
chr10	22528288	22534090	+	286	257
chr20	4824000	4834083	+	286	210
chr2	42132430	42136594	+	285	213
chr3	113702625	113716222	-	285	234
chr12	56340441	56341585	-	285	226
chr14	34876477	34894957	+	285	240
chr14	106013774	106015619	+	285	260
chrX	41484487	41514933	-	285	218
chr1	185102623	185115465	+	284	230
chr1	229310127	229319390	-	284	240
chr2	47672212	47679931	+	284	264
chr2	135050506	135052147	+	284	235
chr7	35625434	35632646	-	284	256
chr9	99154202	99159376	+	284	244
chr9	133743504	133761706	-	284	202
chr1	114563477	114567548	-	283	248
chr10	46841240	46850872	+	283	256
chr11	72674640	72683132	-	283	241
chr12	11376816	11391293	+	283	214
chr12	51998133	52005056	+	283	224
chr21	42821302	42830976	+	283	207
chr1	33123506	33128784	-	282	192
chr4	41960821	41971496	+	282	252
chr9	35046175	35053907	+	282	247
chr9	111816290	111833996	+	282	154
chr15	74776923	74781963	-	282	243
chr19	2035027	2037459	-	282	248
chrY	20926249	20938642	+	282	142
chr1	2569906	2575345	+	281	222
chr1	28648850	28655377	-	281	246
chr3	68637073	68638864	+	281	269
chr5	32604549	32610626	-	281	249
chr10	74721981	74729955	+	281	211
chr1	89937080	89954417	+	280	231
chr8	56052619	56067249	-	280	214
chr9	36326366	36336155	+	280	242
chr15	22701319	22705693	+	280	260
chr16	21356865	21372003	-	280	202
chr16	30558668	30565100	+	280	188
chr17	7118117	7123093	-	280	143
chr17	75301770	75317285	+	280	236
chr6	158635623	158636473	-	279	260
chr9	27573900	27575849	+	279	241
chr10	92686007	92689508	-	279	242
chr12	6471016	6474744	+	279	235
chr12	46354490	46358067	-	279	225
chr16	16143840	16149448	+	279	247
chr16	31196967	31201397	-	279	247
chr17	1400515	1420547	+	279	248
chr1	16243762	16246839	-	278	263
chr1	85263079	85265530	+	278	239
chr1	93139157	93149451	+	278	254
chr1	212703155	212725986	-	278	178
chr2	196936948	196966849	-	278	221
chr3	131458646	131462179	-	278	254
chr7	77640263	77653691	-	278	230
chr7	140180041	140193860	+	278	213
chr16	57084395	57091185	+	278	242
chr3	141481676	141486811	+	277	73
chr4	81421018	81425892	-	277	198
chr2	73754654	73759388	+	276	253
chr3	10243927	10248022	-	276	205
chr3	160485943	160494981	-	276	244
chr6	89085357	89093731	-	276	253
chr9	114582134	114587605	-	276	231
chr12	132476464	132489544	-	276	247
chr20	5646049	5656069	+	276	201
chr20	6786056	6787589	-	276	263
chrX	14244138	14245386	+	276	265
chr12	67320615	67328808	+	275	227
chr13	22328276	22355945	+	275	172
chr13	73018127	73032278	+	275	197
chr17	8119147	8120543	+	275	257
chrX	53687222	53696104	-	275	183
chrY	1233157	1248366	+	275	183
KI270718.1	22017	27900	+	275	265
chr1	23788233	23790590	+	274	245
chr1	160600987	160607710	-	274	193
chr6	37500201	37505557	+	274	220
chr7	66165416	66200452	-	274	241
chr12	43661103	43661283	+	274	274
chr17	29057613	29070811	-	274	215
chr19	10342053	10350478	-	274	231
chrX	107708819	107710819	-	274	242
chr4	82461179	82477268	+	273	236
chr4	141290858	141302909	-	273	193
chr7	150641445	150663053	-	273	215
chr12	110705094	110719679	-	273	243
chr21	33399630	33403330	-	273	179
chr22	22287221	22293411	-	273	251
chr22	38274176	38289887	-	273	210
chr5	151270586	151274409	+	272	230
chr22	36482078	36486465	-	272	223
chr1	28539684	28544459	+	271	224
chr2	218212029	218215779	+	271	235
chr6	33341667	33345354	-	271	208
chr7	17746606	17752868	-	271	201
chr7	72467799	72548302	-	271	172
chr13	36832367	36844787	+	271	215
chr1	27605259	27612062	-	270	231
chr1	144547036	144551742	-	270	219
chr2	101894762	101905660	+	270	244
chr9	80617992	80650583	+	270	172
chr10	12341049	12348062	-	270	190
chr12	9116443	9124364	-	270	251
GL000195.1	134822	172826	+	270	241
KI270746.1	36125	36281	+	270	258
chr3	193698364	193701565	-	269	242
chr4	38588805	38588964	+	269	253
chr6	34574633	34579592	+	269	252
chr7	2893230	2903731	-	269	206
chr7	73373574	73410605	-	269	263
chr11	627706	637214	-	269	188
chr15	80140326	80150487	+	269	192
chr16	28837237	28842403	-	269	222
chr3	129311461	129314769	-	268	239
chr6	7086744	7105993	+	268	196
chr6	32799475	32812335	-	268	220
chr6	42948401	42959634	+	268	229
chr11	65508140	65514359	-	268	218
chr14	49872562	49892600	-	268	219
chr19	6857713	6886496	-	268	235
chr19	12295394	12317446	-	268	211
chr2	96138759	96143119	+	267	240
chr2	218758172	218767177	+	267	215
chr4	145660781	145664369	+	267	252
chr12	11340610	11348079	+	267	209
chr17	44390752	44395212	-	267	225
chr20	63527078	63527999	+	267	246
chrX	107685699	107704575	-	267	158
chr1	26500786	26511675	+	266	228
chr1	234595520	234600213	-	266	226
chr2	19885055	19896440	+	266	223
chr2	55626254	55633999	+	266	222
chr5	179536783	179547873	-	266	206
chr12	108615202	108620371	-	266	233
chr17	29551903	29560448	+	266	234
chr17	75289977	75295329	-	266	215
chr1	109048891	109062491	-	265	244
chr6	53208909	53227686	-	265	190
chr8	140494059	140505706	-	265	210
chr10	92435947	92451221	-	265	218
chr17	1563125	1569193	-	265	206
chr3	196943545	196946290	+	264	233
chr6	27864407	27866718	+	264	220
chr12	26833223	26838141	+	264	220
chr17	45144251	45146640	-	264	249
chr19	1981360	1985429	-	264	243
chr7	2671884	2679269	-	263	237
chr7	106945702	107028383	+	263	206
chr12	14906912	14913079	-	263	236
chr16	138748	141104	+	263	234
chr3	15552909	15560501	-	262	209
chr5	91326508	91346785	-	262	243
chr6	111638559	111647115	-	262	213
chr9	7404650	7477036	-	262	254
chr10	92660740	92668734	-	262	181
chr10	102638732	102642502	-	262	214
chr12	9699595	9702123	+	262	243
chr15	84806555	84817028	+	262	221
chr16	4273077	4300853	+	262	217
chr20	49915715	49919685	+	262	223
chr5	138938715	138946528	-	261	230
chr8	27273316	27284383	-	261	212
chr1	23640779	23670191	-	260	210
chr1	25790705	25797218	-	260	224
chr1	150721943	150729953	-	260	218
chr7	76950621	76955970	-	260	248
chr10	26572310	26577535	-	260	236
chr16	85011546	85014507	+	260	231
chr17	42194622	42199131	-	260	213
chr1	24476771	24488977	+	259	209
chr1	203321096	203340242	+	259	179
chr7	788852	815424	+	259	199
chr10	79642601	79653497	-	259	194
chr10	114415709	114424437	-	259	210
chr13	52450817	52454756	-	259	205
chr18	26005343	26015892	-	259	223
chr22	24191751	24205698	+	259	188
chr1	26804977	26812886	-	258	204
chr1	222471248	222473896	-	258	241
chr9	80424268	80442687	+	258	146
chr12	39467965	39480360	-	258	195
chr17	39567968	39577947	+	258	231
chr19	4079025	4088572	-	258	226
chr19	39981863	39983343	-	258	244
chr22	41665004	41673781	-	258	228
chrX	75305155	75314987	-	258	236
chrX	78257889	78265494	-	258	192
chrY	21273326	21281859	-	258	162
chr1	51273470	51287146	+	257	230
chr1	248866327	248867157	+	257	249
chr3	121886545	121894339	+	257	227
chr4	122075402	122077592	-	257	244
chr5	43707672	43725952	+	257	219
chr6	27147993	27159186	+	257	203
chr6	57779561	57787297	-	257	244
chr9	80303108	80306298	+	257	164
chr14	53012717	53019260	-	257	208
chr14	54828958	54841631	-	257	181
chr14	90828287	90831110	+	257	195
chr16	70097354	70111182	+	257	234
chr18	14037668	14042317	-	257	240
chrX	89400216	89417729	+	257	222
chr9	80293068	80299119	+	256	161
chr10	31992486	32008991	-	256	209
chr22	20592275	20599882	+	256	191
chr2	229748132	229756570	+	255	212
chr3	17099566	17110095	+	255	180
chr9	93113764	93121155	+	255	208
chr10	68796834	68826695	+	255	191
chr10	72355336	72367164	-	255	202
chr17	76781939	76798157	-	255	228
chr19	41937655	41956524	-	255	211
chrX	24087847	24128042	-	255	232
chrX	57241135	57259114	+	255	152
chr10	92355082	92400940	+	254	230
chr14	70562576	70581238	-	254	236
chr19	2499603	2511113	-	254	188
chr20	12003502	12011139	+	254	231
chrY	2741411	2743112	-	254	230
chr1	10796989	10824712	+	253	250
chr2	28417385	28428772	+	253	200
chr10	131895319	131896102	+	253	251
chr11	118873420	118883773	-	253	193
chrX	87151153	87151409	-	253	239
chrX	153989086	154010201	+	253	201
chr1	46316835	46340675	+	252	219
chr2	98732746	98748649	+	252	199
chr2	157362523	157369383	-	252	225
chr3	30708788	30718421	+	252	184
chr4	183449332	183462027	+	252	188
chr6	6928838	6928960	-	252	230
chr15	65034669	65036819	-	252	233
chr17	5062138	5075443	+	252	158
chr17	7297625	7306941	-	252	194
chr19	36173987	36180999	-	252	214
chr20	32335103	32354624	+	252	196
chr22	45845311	45857423	+	252	214
chr1	61662444	61670151	-	251	203
chr1	155616946	155624559	-	251	230
chr1	224173977	224175474	-	251	242
chr3	23602075	23618993	+	251	189
chr5	134020484	134058971	-	251	176
chr6	85427242	85427426	-	251	248
chr14	20357922	20365657	-	251	225
chr22	36529520	36532417	+	251	220
chr2	96486622	96487767	+	250	180
chr3	140981051	141013407	+	250	213
chr6	42194958	42206555	+	250	220
chr8	23181582	23189269	-	250	235
chr8	109208653	109218644	-	250	198
chr9	80569267	80578839	+	250	130
chr11	107309401	107311157	+	250	229
chr15	44663882	44665650	+	250	228
chr22	17730991	17734121	-	250	224
chr7	149226291	149239294	+	249	211
chr8	141195949	141205027	+	249	195
chr11	63444582	63444952	-	249	240
chr11	67443823	67450971	+	249	231
chr14	49753680	49767615	-	249	200
chrX	71021305	71040089	+	249	204
chr4	71041093	71053262	+	248	181
chr9	85540949	85546536	-	248	218
chr9	128810456	128818052	+	248	212
chr11	87328828	87339044	+	248	181
chrX	24036136	24054805	+	248	213
chr2	218370648	218376909	+	247	183
chr4	2242285	2246292	+	247	202
chr5	32342651	32354043	-	247	204
chr5	115194385	115201939	-	247	211
chr7	76516534	76524251	+	247	230
chr10	97457472	97458078	-	247	231
chr11	47596280	47610626	+	247	211
chr12	31867745	31873140	-	247	209
chr19	45703991	45710623	+	247	196
chr1	92824422	92831986	-	246	197
chr8	28756691	28767015	-	246	190
chr8	47765701	47773096	+	246	194
chr17	17837065	17840265	+	246	223
chr1	8849812	8860515	+	245	206
chr1	226622664	226626208	+	245	217
chr2	231675641	231699785	-	245	169
chr3	9882683	9890522	-	245	202
chr6	27811314	27818474	+	245	199
chr10	131986521	131996630	+	245	201
chr11	45843437	45845625	+	245	207
chr11	68877972	68891205	-	245	194
chr15	74908222	74919698	-	245	202
chr16	2136292	2140641	+	245	186
chr16	30135901	30182482	+	245	179
chr17	74505469	74518984	-	245	162
chr1	149839902	149842157	-	244	227
chr3	49023521	49024320	+	244	223
chr4	13284493	13291817	-	244	186
chr9	120895094	120901892	+	244	207
chr14	39389169	39397599	-	244	214
chr19	13778869	13795159	-	244	199
chr21	44844043	44849124	-	244	211
chr1	76700622	76701005	+	243	230
chr2	172622818	172638984	+	243	194
chr4	25280778	25287554	+	243	205
chr4	40247819	40261127	-	243	218
chr7	142802769	142808939	-	243	209
chr7	158707944	158719286	-	243	188
chr9	125367400	125373892	-	243	201
chr10	49798943	49815084	-	243	180
chr11	34102685	34105393	+	243	225
chr12	9740739	9752482	+	243	189
chr17	61929567	61942416	-	243	216
chr19	46443940	46456858	+	243	235
chr20	49921702	49927682	+	243	230
chr2	197436276	197449890	+	242	198
chr3	15543704	15550021	-	242	175
chr3	158829719	158840909	+	242	205
chr5	180578592	180588145	+	242	185
chr6	109360245	109366371	-	242	218
chr17	30959969	30964625	+	242	199
chr2	26150816	26159948	+	241	164
chr16	30794874	30819586	+	241	195
chr17	3037742	3043453	+	241	197
chr17	77949525	77958181	-	241	210
chr18	21633595	21645953	-	241	199
chr19	53776155	53786862	-	241	177
chr22	35455466	35499666	-	241	199
chr1	157709767	157712344	+	240	221
chr2	108885657	108891501	-	240	160
chr5	170083452	170095772	+	240	208
chr9	80524778	80530228	+	240	139
chr10	124895686	124915274	-	240	178
chr12	110351619	110365349	+	240	185
chr19	42197277	42198197	+	240	217
chr20	5199731	5215333	+	240	192
chr6	134950984	134960361	-	239	212
chr10	102662807	102673605	-	239	208
chr14	73703765	73711781	-	239	174
chr20	2453883	2458551	+	239	203
chr21	29019573	29024248	-	239	212
chr1	31156275	31171831	-	238	221
chr1	165709985	165723496	+	238	194
chr3	154269745	154272448	-	238	221
chr4	143225369	143234881	+	238	203
chr7	72837400	72844521	+	238	210
chr14	87993737	87995136	-	238	150
chr16	46940827	46955054	-	238	188
chr19	39981887	39983764	+	238	224
chr19	47277801	47289730	+	238	205
chr20	5640892	5655399	-	238	178
chrX	48860291	48890144	+	238	196
chrX	53342953	53373971	-	238	213
chr1	35641644	35643733	+	237	123
chr1	36217159	36224128	-	237	208
chr7	135211634	135214872	+	237	188
chr7	144841060	144849024	+	237	185
chr11	60128822	60129048	-	237	224
chr11	118793150	118797046	+	237	190
chr14	105932767	105937085	+	237	124
chr19	8021876	8050455	-	237	184
chr6	83967638	83978936	+	236	196
chr7	150752546	150760749	-	236	205
chr9	80284701	80291518	+	236	160
chr17	27316224	27326261	-	236	205
chr17	49588885	49598100	-	236	213
chr19	5154599	5158425	+	236	204
chr1	184768944	184789979	-	235	187
chr2	7078771	7084770	+	235	201
chr2	28357471	28360051	-	235	197
chr4	74396529	74398656	-	235	189
chr5	88173752	88183773	-	235	200
chr6	351567	360689	+	235	217
chr7	47953419	47956374	-	235	224
chr11	9265986	9279314	+	235	201
chr11	14432840	14440562	-	235	185
chr17	29551936	29560386	-	235	192
chr19	53789170	53792121	-	235	194
chrX	41364501	41379806	+	235	138
chrX	80930869	80932022	+	235	229
chrX	119471819	119474056	-	235	198
chr1	156800817	156806195	-	234	201
chr2	42119401	42128581	-	234	181
chr4	77041281	77047143	-	234	199
chr5	134005620	134010535	+	234	203
chr7	72459417	72548264	+	234	194
chr12	69285495	69297643	+	234	164
chr15	54656420	55021817	+	234	227
chr21	42913369	42916338	+	234	216
chr22	35439191	35445128	+	234	205
chr1	156715696	156720791	+	233	209
chr2	48515631	48519854	+	233	215
chr2	202621071	202634868	-	233	190
chr5	180766911	180784776	-	233	197
chr7	148884446	148893433	+	233	190
chr10	46681947	46690812	-	233	213
chr17	16536136	16543996	+	233	207
chr19	7472582	7476548	-	233	222
chr19	10120222	10133338	-	233	201
chrX	48863120	48890169	-	233	170
chrY	1602597	1614594	+	233	192
chr2	109768738	109773313	+	232	192
chr7	75328045	75335144	-	232	216
chr7	158724137	158730776	+	232	202
chr9	107339395	107347500	+	232	190
chr12	11895634	11903829	+	232	177
chr12	51271757	51280950	-	232	201
chr17	68189312	68189797	-	232	206
chr19	12294969	12316363	+	232	198
chr1	160530986	160537012	-	231	172
chr2	197376581	197379693	-	231	218
chr3	137015747	137309515	-	231	220
chr5	37087113	37098937	+	231	198
chr5	101650785	101803299	-	231	143
chr7	40104541	40126003	-	231	197
chr9	93135796	93136645	-	231	220
chr10	102123669	102131424	-	231	197
chr7	92590704	92604865	-	230	155
chr12	122638394	122687096	-	230	204
chr19	41587990	41599378	+	230	199
chr2	18802156	18809771	+	229	171
chr3	39397364	39406481	+	229	172
chr12	56193903	56202155	+	229	208
chr19	5578835	5585159	+	229	202
GL000008.2	42722	201517	-	229	222
chr6	27430881	27450708	-	228	144
chr7	102690537	102691622	+	228	211
chr11	3841044	3845657	+	228	201
chr12	96900424	96900692	-	228	228
chr12	110708398	110717696	+	228	192
chr19	12919318	12922246	-	228	201
KI270728.1	181297	1717834	+	228	211
chr4	15452784	15469835	-	227	194
chr5	50379952	50388076	-	227	203
chr5	119404705	119405305	-	227	207
chr8	56053671	56063196	+	227	203
chr8	103386375	103390590	+	227	198
chr11	65596016	65597751	-	227	201
chr20	33472016	33489485	-	227	191
chr1	108702976	108712888	+	226	204
chr2	112195965	112211410	+	226	178
chr3	119420841	119428873	-	226	169
chr4	837919	843914	-	226	165
chr5	156966711	157025378	-	226	150
chr11	9529793	9564223	+	226	201
chr12	49110905	49127260	+	226	192
chr12	122428342	122471027	+	226	204
chr13	93167826	93168643	-	226	204
chr14	76905412	76911126	-	226	185
chr15	72742117	72751272	+	226	172
chr19	8514217	8517452	+	226	201
chr20	5527713	5532530	-	226	194
chr21	5065859	5067594	+	226	170
chr1	25219020	25222219	+	225	183
chr1	160712039	160712889	-	225	184
chr2	24770752	24780921	+	225	175
chr3	184194045	184201849	+	225	208
chr4	77698813	77709694	-	225	194
chr8	131751861	131843850	-	225	150
chr11	85640860	85647884	-	225	196
chr14	105978433	105978519	-	225	219
chr16	81971613	81986521	+	225	196
chr17	67057183	67068409	-	225	188
chr19	1441974	1443045	+	225	203
chr20	22638145	22667049	-	225	220
chr20	29879502	29881176	+	225	208
chr1	227719613	227728191	-	224	190
chr4	125622288	125622523	+	224	213
chr5	37074951	37082265	-	224	196
chr9	67009187	67009383	+	224	217
chr12	48641050	48653171	-	224	180
chr14	74648169	74653352	-	224	202
chr17	1320329	1343954	-	224	188
chr18	21633659	21649936	+	224	187
chr20	3828858	3842189	+	224	191
chr20	49809481	49812711	-	224	200
chr22	39110103	39120164	-	224	189
chr1	23697168	23703048	-	223	186
chr1	32905759	32925184	-	223	122
chr1	160466300	160485025	-	223	182
chr2	128195816	128202806	+	223	180
chr2	200827532	200844224	-	223	162
chr3	11771573	11782600	-	223	175
chr6	120236602	120236771	-	223	214
chr8	34356942	34465613	-	223	215
chr15	34125814	34140357	-	223	187
chr16	3718474	3725037	-	223	194
chr17	39579103	39594225	+	223	171
chr19	38852352	38854361	+	223	191
chr1	204583214	204599495	+	222	197
chr5	123226285	123226546	+	222	209
chr5	170297867	170300121	+	222	154
chr9	35758601	35768411	-	222	191
chr9	92682502	92703704	+	222	184
chr16	57593626	57599931	-	222	138
chr16	89701755	89705725	+	222	200
chr17	78651158	78664041	-	222	187
chr19	45704031	45710575	-	222	191
chr1	185376324	185378604	+	221	165
chr4	75634273	75641832	-	221	179
chr4	118554616	118557159	+	221	212
chr5	115513889	115520875	-	221	197
chr6	89352912	89360228	+	221	173
chr14	35809329	35815367	+	221	188
chr14	91266909	91271289	+	221	205
chr17	50756247	50760970	+	221	191
chr21	8227684	8233387	+	221	199
chr21	41409733	41417724	+	221	169
KI270733.1	43733	118246	+	221	176
KI270734.1	89998	90241	+	221	204
chr7	65401249	65405608	+	220	187
chr9	130043425	130053345	-	220	183
chr12	104364317	104371175	-	220	205
chr17	3989447	4004169	-	220	155
chr19	34240798	34249149	-	220	197
chr20	48905136	48909753	-	220	106
chr1	160523413	160529754	-	219	157
chr5	47348338	49647551	+	219	138
chr8	96337037	96351335	+	219	183
chr10	43546100	43554348	-	219	195
chr11	73970379	73974011	+	219	204
chr12	31276964	31279476	+	219	202
chr20	49963539	49972863	+	219	167
chrX	129796968	129803287	+	219	198
chr3	33455275	33486176	-	218	169
chr3	187094450	187101003	+	218	146
chr5	132402739	132408022	+	218	197
chr7	106344436	106349278	+	218	159
chr15	22159353	22172667	+	218	193
chr17	29254552	29255825	-	218	195
chrY	13222084	13230752	+	218	199
chr1	229305971	229318763	+	217	196
chr1	231325616	231332744	-	217	198
chr6	32601389	32612390	-	217	191
chr6	34567842	34573316	-	217	192
chr7	44554833	44564869	-	217	179
chr10	72298150	72304955	+	217	176
chr10	131961890	131966104	-	217	179
chr14	24243127	24248177	-	217	192
chr14	53024528	53036668	-	217	183
chr16	30070631	30075948	-	217	191
chr16	31917492	31937163	+	217	178
chr19	9739028	9751782	-	217	179
chr21	44818780	44829819	+	217	164
chrX	149771466	149772832	+	217	204
chr2	170982875	170990809	-	216	194
chr2	200864702	200870643	+	216	196
chr5	123622835	123633181	+	216	149
chr8	42332462	42338403	+	216	186
chr9	114398582	114400062	+	216	165
chr15	90922591	90929907	+	216	174
chr19	15344667	15346055	+	216	201
chr20	3095692	3105956	-	216	176
chr22	35426010	35431244	-	216	191
chr1	28336590	28369234	-	215	192
chr1	153780718	153787712	-	215	194
chr1	178672018	178678663	+	215	121
chr7	141791429	141800972	+	215	193
chr9	6521650	6532463	+	215	174
chr13	31130790	31134754	-	215	189
chr14	101944938	101946937	-	215	172
chrX	154664069	154675186	-	215	151
chr1	33123567	33140377	+	214	187
chr2	73740861	73752496	-	214	203
chr7	38701098	38711546	-	214	185
chr9	63704131	63709881	+	214	199
chr12	32017580	32043557	-	214	172
chr13	40667621	40675150	+	214	168
chr15	75212206	75223291	+	214	188
chr20	63846027	63861182	-	214	195
chr22	29319688	29325006	+	214	179
chrX	71018100	71043197	-	214	191
GL000194.1	62812	70929	+	214	200
chr1	156182780	156193841	-	213	180
chr2	96553064	96561194	+	213	177
chr5	50390043	50396180	-	213	202
chr5	58448685	58453956	-	213	177
chr9	35690105	35696744	-	213	196
chr10	72089037	72095863	+	213	195
chr12	51226383	51238717	-	213	175
chr13	45299978	45307831	-	213	198
chr16	29736943	29739864	+	213	180
chr16	29737220	29742457	-	213	196
chr17	80972333	80976447	-	213	191
chr1	159925536	159927032	+	212	180
chr1	205299554	205301867	-	212	172
chr1	205783673	205789077	-	212	168
chr2	218597119	218607476	+	212	174
chr4	142002412	142015285	-	212	119
chr7	64711641	64722742	+	212	177
chr9	33091920	33100399	-	212	170
chr9	86259920	86264540	-	212	180
chr16	69944556	69947514	+	212	197
chr17	65056839	65060933	+	212	159
chr19	57316925	57320429	-	212	178
chr1	119908163	119911474	-	211	191
chr5	176510406	176526571	+	211	182
chr5	179777447	179793667	-	211	193
chr6	158962000	158970055	-	211	148
chr10	84154950	84164293	+	211	185
chr11	118876998	118883706	+	211	173
chr22	49897551	49900224	-	211	190
chr1	198322456	198330044	+	210	178
chr2	201085858	201100669	-	210	178
chr7	64507830	64513521	+	210	188
chr10	28626050	28641647	-	210	200
chr11	9448142	9457328	+	210	172
chr15	84664630	84668710	-	210	184
chr17	45609389	45615545	+	210	189
chr19	47010267	47013044	+	210	164
chr1	75795183	75796089	-	209	192
chr7	32899253	32907249	+	209	177
chr7	145453069	145505054	-	209	208
chr8	12222873	12230769	-	209	195
chr9	99198672	99211555	-	209	140
chr17	40599420	40609559	-	209	171
chr17	82066331	82076234	+	209	186
chr1	1510481	1511901	-	208	187
chr1	226031220	226039777	-	208	182
chr2	203786049	203805546	+	208	159
chr6	35322312	35331988	-	208	187
chr7	150593300	150603295	+	208	179
chr11	63827730	63837787	-	208	170
chr17	81881110	81887833	+	208	188
chr19	20063678	20066216	-	208	199
chr22	49839034	49842190	+	208	161
chrX	57087032	57118298	-	208	186
chrX	110184261	110188469	+	208	163
chr1	116794340	116861244	+	207	135
chr1	161371992	161389463	+	207	167
chr2	176017459	176043823	+	207	171
chr4	13239591	13249889	-	207	159
chr5	115573457	115578187	-	207	178
chr11	6665740	6680367	-	207	145
chr11	62740346	62747805	+	207	159
chr12	112153674	112159856	-	207	172
chr17	1306231	1341753	+	207	182
chr1	149825371	149832485	+	206	152
chr3	13288535	13313615	+	206	186
chr5	172799115	172801715	+	206	159
chr10	110305168	110311320	+	206	191
chr12	12609725	12611825	-	206	152
chr20	49211303	49218978	+	206	172
chr1	31246678	31259542	-	205	174
chr1	235128896	235131106	+	205	180
chr6	132736953	132743858	-	205	162
chr10	79359182	79370586	+	205	155
chr10	112862680	112880840	+	205	157
chr11	64814400	64823047	-	205	139
chr12	31993248	32000374	-	205	190
chr14	99159786	99165305	+	205	185
chr17	1630159	1633633	+	205	166
chr22	26516576	26521716	+	205	176
chr22	45859041	45863603	+	205	167
chr3	187082206	187089141	+	204	171
chr5	123423593	123427186	+	204	177
chr8	56018966	56049798	+	204	156
chr10	68946984	68955972	+	204	187
chr10	73104177	73110053	-	204	193
chr12	66170053	66174259	+	204	165
chr19	10503776	10512741	-	204	151
chr19	47383272	47392820	-	204	169
chr21	43762628	43767699	+	204	177
chrY	661714	957649	+	204	197
chr1	19300887	19301987	-	203	184
chr1	23696850	23706894	+	203	169
chr1	120910194	120912106	-	203	177
chr2	48516243	48519425	-	203	179
chr3	132542927	132549253	+	203	171
chr4	75449161	75478632	-	203	175
chr5	109326440	109334500	-	203	184
chr6	149485107	149503582	-	203	178
chr8	74029256	74035938	+	203	178
chr10	110530607	110538984	+	203	123
chr16	84468189	84475488	+	203	168
chr17	82098357	82101286	+	203	188
chr20	49992432	50022354	-	203	163
chr1	161070012	161070777	+	202	169
chr5	171831353	171854571	-	202	168
chr7	73213151	73216955	-	202	160
chr8	8311242	8316574	-	202	170
chr8	66615316	66628410	-	202	175
chr8	109219820	109231738	-	202	167
chr12	3764943	3775002	+	202	190
chr13	56064898	56065146	+	202	193
chr17	81835183	81840588	+	202	155
chr19	7647903	7660556	+	202	179
chr19	17864963	17871017	-	202	175
chrY	19684222	19691584	-	202	155
chr4	82237551	82238685	+	201	192
chr6	34227823	34235613	-	201	164
chr7	113780488	113781540	-	201	192
chr8	17918988	17922623	-	201	183
chr9	88921606	88923716	-	201	124
chr9	120802378	120815236	-	201	131
chr9	130043365	130051290	+	201	162
chr14	102740242	102751850	-	201	185
chr19	6536064	6550809	-	201	151
chr19	40415304	40421586	+	201	170
chr19	41881503	41883043	-	201	179
chr21	32612865	32617556	+	201	177
chr22	35459475	35501616	+	201	153
chrX	49101878	49113392	-	201	190
chr1	155648678	155659091	-	200	167
chr2	45381337	45388661	-	200	174
chr3	196736038	196739069	-	200	162
chr13	110723453	110733139	+	200	172
chr20	5204385	5207115	-	200	174
chr22	17169613	17178717	+	200	172
chr22	21624081	21628009	-	200	186
chr1	19329520	19338769	+	199	178
chr1	101243761	101251113	+	199	175
chr3	114238253	114248717	+	199	138
chr4	70808737	70815205	+	199	159
chr9	112182936	112209903	+	199	174
chr11	65985128	65996492	-	199	183
chr12	9662186	9664955	+	199	185
chr14	100161796	100205696	-	199	169
chr18	51103717	51153095	-	199	157
chr19	10231921	10237884	-	199	167
chr20	4772906	4779213	-	199	178
chrX	154344150	154348459	+	199	181
chr3	169757780	169764385	-	198	165
chr3	187081393	187088332	-	198	165
chr4	87142288	87144276	-	198	187
chr6	111616647	111646685	+	198	165
chr8	41925508	41928915	+	198	177
chr8	97730326	97751709	+	198	168
chr9	37362993	37368693	+	198	161
chr9	88201792	88322859	-	198	186
chr10	27100628	27110083	-	198	167
chr10	74709971	74714242	+	198	171
chr15	78907315	78910432	-	198	178
chr17	58293889	58301224	-	198	149
chr19	11984194	11987616	-	198	160
chr22	49964077	49973813	+	198	168
chrX	79254528	79261494	-	198	178
chrX	95971711	95973154	-	198	195
chr1	108555362	108560033	-	197	133
chr2	207626309	207652256	+	197	166
chr6	33089703	33091709	+	197	148
chr6	89066014	89080156	-	197	170
chr7	150672371	150676812	-	197	150
chr11	41973992	41974589	-	197	184
chr11	118981992	118994314	-	197	173
chr13	113931146	113934882	-	197	169
chr14	24142067	24142996	+	197	165
chr16	88632017	88638499	-	197	178
chr19	49499731	49505905	+	197	165
chr20	55848562	55865452	+	197	189
chrX	53344703	53373219	+	197	170
chrX	56467854	56483806	+	197	169
chrX	153038654	153040499	-	197	184
chr1	27635572	27638021	+	196	153
chr2	20241948	20248655	-	196	177
chr2	119985120	119996224	-	196	174
chr4	160023822	160031680	+	196	183
chr5	1450192	1456251	-	196	140
chr5	69062317	69062587	-	196	164
chr6	170407266	170411977	+	196	165
chr7	5863542	5879822	-	196	174
chr11	63565474	63573170	-	196	170
chr17	39864339	39866572	+	196	120
chr22	21451603	21465977	+	196	160
chr1	153646458	153657080	+	195	182
chr1	173924488	173931028	-	195	170
chr2	157404316	157409108	+	195	191
chr4	35548408	35635192	+	195	189
chr6	39151671	39175515	+	195	186
chr8	77020199	77028541	+	195	144
chr9	93054318	93058582	-	195	173
chr19	23707504	23735450	-	195	166
chr1	151976565	151982874	-	194	151
chr11	62766817	62769736	+	194	170
chr14	49615068	49618519	-	194	163
chr15	40969623	40976191	-	194	163
chr17	78982027	78990830	-	194	165
chr21	33497697	33503365	-	194	171
chrX	118487154	118495809	-	194	143
GL000009.2	13758	122625	+	194	183
chr1	66993530	66995789	+	193	176
chr1	115095023	115098995	-	193	152
chr3	128681105	128687506	+	193	177
chr5	40808732	40825259	-	193	160
chr6	33364723	33365197	-	193	187
chr6	108974657	108984198	-	193	144
chr8	80526301	80534949	+	193	167
chr12	65000647	65001021	-	193	172
chrX	41236839	41244653	+	193	166
chrX	81348785	81351560	-	193	182
chr1	236792674	236795130	-	192	142
chr4	79892797	79901097	-	192	155
chr6	134161903	134169236	-	192	144
chr6	149411676	149419284	+	192	175
chr7	77972343	77982324	+	192	152
chr8	22684165	22687611	-	192	165
chr9	96806167	96815289	-	192	178
chr11	18189819	18191256	+	192	184
chr11	20384106	20387394	-	192	172
chr16	7875168	7875329	+	192	186
chr16	50655710	50661336	+	192	150
chr18	54097605	54138326	-	192	133
chr19	4622500	4635728	-	192	148
chr19	35171949	35180081	+	192	146
chr21	28862306	28871642	-	192	161
chr22	45865681	45875882	+	192	148
chrY	25559764	25559959	-	192	185
KI270726.1	15360	18521	+	192	168
chr1	178658598	178670655	+	191	112
chr8	30183750	30192122	+	191	170
chr15	84660198	84665031	+	191	166
chr19	18956871	18989768	-	191	163
chr19	47049079	47063885	-	191	161
chr4	73921917	73922158	-	190	187
chr5	70920621	70925018	-	190	177
chr8	144093164	144094940	-	190	154
chr11	65472515	65475688	+	190	164
chr12	71603163	71609597	-	190	175
chr14	74876247	74881886	-	190	145
chr16	23457682	23462085	-	190	160
chr17	40203761	40218737	-	190	172
chr17	64497136	64498195	-	190	178
chr19	6768211	6772638	+	190	139
chr20	1941125	1946941	-	190	163
chr20	5055678	5065512	-	190	148
chr20	12003364	12011653	-	190	184
chr20	56188820	56189188	+	190	187
chrX	23790920	23810310	-	190	140
chrY	1779584	1786389	-	190	174
chr1	149827664	149832473	-	189	162
chr1	193005185	193006556	+	189	170
chr2	99539534	99544869	-	189	142
chr4	60169766	60170018	+	189	184
chr5	177480112	177483371	-	189	153
chr6	57059320	57068647	-	189	167
chr9	98032409	98045497	-	189	158
chr9	111487483	111509713	+	189	180
chr10	132388915	132397093	-	189	170
chr15	51817873	51829382	+	189	138
chr16	57604690	57609787	-	189	101
chr17	81485278	81487749	-	189	108
chr19	54194569	54200483	-	189	167
chr20	32101861	32106158	+	189	147
chr20	35769877	35771890	+	189	167
chrX	40555968	40571568	-	189	112
GL000205.2	76679	138297	-	189	171
chr2	201115081	201116130	+	188	99
chr5	80877243	80880271	+	188	176
chr6	150862505	150865675	-	188	156
chr7	102529123	102535395	+	188	183
chr9	80363971	80375932	+	188	126
chr15	59097773	59105039	-	188	152
chr16	22342952	22345879	+	188	166
chr17	62616699	62624868	-	188	173
chr18	41172898	41173148	-	188	181
chr20	38800627	38804902	-	188	157
chr20	50884896	50888853	-	188	178
chr21	31088815	31099286	-	188	129
chrX	75322244	75326769	-	188	171
chr2	231722109	231732112	+	187	132
chr4	82340131	82344821	-	187	172
chr5	127508784	127511363	-	187	181
chr6	110865488	110873744	-	187	179
chr7	6632402	6637269	-	187	163
chr12	48682369	48688338	+	187	156
chr12	95302856	95310648	+	187	176
chr12	110588913	110594401	-	187	163
chr13	99086767	99100743	+	187	137
chr14	21979138	21995040	+	187	139
chr16	88640502	88642969	-	187	173
chr19	18412287	18418723	-	187	160
chr20	294085	297569	-	187	166
chr22	50490962	50502557	-	187	148
chrX	119764945	119786268	+	187	166
chr1	159816356	159819493	-	186	153
chr3	48212733	48213484	+	186	182
chr4	91983921	91984238	+	186	179
chr5	160119478	160140761	+	186	147
chr9	131538387	131545448	-	186	136
chr11	22956455	23005101	+	186	145
chr14	52413003	52429040	-	186	138
chr14	102305298	102308077	+	186	154
chr15	88632590	88635593	-	186	157
chr16	43754	46233	+	186	165
chr16	24913852	24918652	-	186	157
chr16	35169329	35169691	-	186	180
chrX	26206906	26207297	-	186	182
chrX	53705317	53732030	-	186	151
chrY	1325433	1334827	+	186	151
chr1	19289304	19296858	-	185	165
chr1	25787328	25789678	-	185	167
chr2	201115034	201116151	-	185	152
chr3	193697906	193707336	+	185	168
chr4	1857783	1870373	+	185	168
chr4	70690679	70701569	+	185	158
chr9	83646671	83651052	+	185	165
chr11	60952666	60959739	+	185	159
chr11	67425802	67428101	-	185	161
chr12	32646281	32659934	+	185	150
chr13	84529033	84529352	+	185	176
chr15	55168249	55171372	-	185	163
chr16	27453449	27459502	+	185	160
chr17	17392626	17394317	+	185	136
chr20	59949393	59958208	+	185	170
chr21	5062846	5065548	-	185	173
chrX	136831224	136840908	-	185	155
chr1	112774673	112775103	+	184	174
chr1	160985736	160995007	-	184	153
chr6	155314610	155317149	+	184	162
chr10	20297165	20310502	+	184	136
chr13	19783089	19816500	+	184	164
chr14	68870072	68871370	-	184	167
chr15	63841762	63843543	+	184	140
chr17	40601659	40611105	+	184	155
chr17	76512930	76520183	+	184	161
chr21	39327580	39342312	-	184	147
chr1	35193446	35204105	+	183	161
chr1	161297901	161304655	-	183	147
chr5	166664276	166844985	-	183	176
chr8	54029021	54042957	-	183	135
chr16	1928461	1938180	-	183	162
chr20	50757419	50794860	-	183	165
chr22	49975928	49982878	-	183	159
chrX	40202156	40215738	+	183	175
chrX	47440119	47444659	-	183	144
chr1	93369505	93374306	+	182	162
chr1	231355414	231360982	-	182	166
chr2	71437320	71445516	+	182	167
chr3	38036339	38039161	-	182	149
chr6	42739457	42744485	-	182	150
chr9	122913409	122915420	-	182	150
chr9	136929479	136935823	+	182	167
chr11	57819985	57829060	+	182	154
chr12	95007112	95020176	-	182	148
chr13	42876935	42886193	-	182	165
chr17	5052785	5060190	+	182	160
chr19	3971455	3975650	+	182	164
chr21	44875842	44885849	+	182	160
KI270706.1	1310	51002	-	182	165
chr1	154885840	154908095	-	181	155
chr1	205754552	205767580	-	181	145
chr2	85437749	85442392	+	181	163
chr3	125520757	125528817	-	181	164
chr5	50846820	50858727	+	181	160
chr8	53960804	53966550	-	181	160
chr8	56014169	56017466	+	181	154
chr9	36490576	36563127	-	181	174
chr11	47848623	47850312	+	181	159
chr15	90502257	90506752	+	181	152
chr16	30794413	30813974	-	181	163
chr18	46267004	46271419	-	181	171
chr1	24882843	24888789	+	180	160
chr1	155934548	155940718	+	180	165
chr2	31836244	31840594	+	180	155
chr2	55514719	55518939	-	180	158
chr6	27099148	27113054	-	180	99
chr7	5817069	5823015	-	180	150
chr9	6517965	6527922	-	180	162
chr9	133091658	133097705	-	180	147
chr10	58267966	58268909	+	180	150
chr15	40756199	40763112	-	180	158
chr19	6333933	6340038	-	180	157
chr19	11784145	11793299	+	180	137
chr20	28625492	28828787	+	180	170
chr20	37329440	37338858	-	180	136
chrY	20593160	20606501	+	180	139
chr1	161384194	161389535	-	179	158
chr1	162788888	162790573	-	179	162
chr1	225973152	225979418	+	179	158
chr2	96104075	96107285	-	179	117
chr2	97438085	97492380	+	179	175
chr3	31648729	31656907	-	179	167
chr5	177597244	177599869	+	179	159
chr6	7090135	7107247	-	179	152
chr7	1148616	1151752	+	179	146
chr7	32856755	32868142	-	179	168
chr7	150574007	150589330	+	179	168
chr8	21825305	21864427	+	179	98
chr8	81640995	81652757	-	179	146
chr11	64844897	64850837	+	179	154
chr12	31262410	31272748	+	179	147
chr14	103513834	103517623	+	179	155
chr15	50765949	50767762	+	179	158
chr16	16143530	16146160	-	179	172
chr16	28324117	28342473	-	179	168
chr18	62515766	62522944	-	179	143
chr20	5611123	5622700	-	179	160
chr21	42787342	42803977	+	179	146
chrX	40946420	41006426	+	179	172
chr1	102582129	102582457	+	178	171
chr3	109988016	109988778	+	178	173
chr5	134586969	134592005	+	178	154
chr6	41933073	41934670	+	178	171
chr9	80939873	81262108	+	178	151
chr9	94461052	94466961	+	178	139
chr12	121127457	121132275	+	178	129
chr16	30635580	30641568	+	178	156
chr18	35980128	35982982	-	178	164
chr19	48682272	48695941	-	178	136
chr20	53528022	53552066	-	178	139
chr21	43428109	43433144	+	178	162
chr22	22113731	22114843	-	178	160
chr22	23430656	23431184	-	178	165
chrX	118342868	118345906	-	178	155
chrX	154490844	154498385	+	178	152
chr1	201952896	201955382	-	177	157
chr1	221742295	221746626	+	177	147
chr4	70839917	70847489	+	177	150
chr5	39103689	39105251	-	177	162
chr9	63968502	63973612	-	177	171
chr9	128364390	128371045	-	177	163
chr17	82304667	82313558	-	177	147
chr18	26091259	26092697	+	177	159
chr18	63320204	63324841	+	177	151
chr21	43780247	43789447	-	177	149
chr22	17165839	17178410	-	177	164
chr22	33923977	33955588	+	177	171
chr22	36482144	36486778	+	177	146
chr1	25956631	25958041	+	176	164
chr2	157711109	157724796	-	176	151
chr5	180215685	180232279	-	176	142
chr6	27906149	27910512	+	176	93
chr7	13993677	13993954	-	176	166
chr7	74405977	74441190	+	176	141
chr7	142512717	142518840	-	176	133
chr7	150633094	150640003	-	176	122
chr9	131359757	131370847	-	176	140
chr10	111022949	111031809	+	176	159
chr11	65800009	65813803	+	176	166
chr12	111902256	111904666	-	176	163
chr13	27058375	27063632	+	176	155
chr14	63670019	63680479	-	176	154
chr15	67195229	67200615	+	176	169
chr15	74521556	74528590	+	176	143
chr19	5458787	5543503	+	176	166
chr19	47211378	47220800	-	176	149
chr1	10452245	10456335	-	175	160
chr1	39601271	39608679	+	175	169
chr1	203324971	203332970	-	175	150
chr3	138152446	138159375	-	175	95
chr7	17711682	17769475	+	175	163
chr7	38249764	38257608	-	175	151
chr7	152452769	152462941	-	175	141
chr9	71664434	71674506	-	175	139
chr12	32001450	32016320	-	175	165
chr14	102732631	102734407	-	175	160
chr15	85139223	85152723	+	175	122
chr16	2215688	2223424	-	175	160
chr17	82066599	82076711	-	175	133
chr19	49546985	49555290	+	175	155
chr20	35769886	35771809	-	175	165
chrX	30550401	30557302	-	175	151
chrY	20896882	20913683	+	175	122
chr1	35156300	35173380	+	174	144
chr1	244865952	244900922	+	174	147
chr2	130375700	130389463	+	174	152
chr3	195507335	195514277	-	174	153
chr6	32510814	32517319	-	174	138
chr7	33007025	33013777	-	174	147
chr7	73301252	73302401	+	174	165
chr9	88016793	88016956	+	174	170
chr10	70193511	70202829	-	174	141
chr11	57517836	57527862	-	174	162
chr12	730006	752526	-	174	155
chr14	21705484	21714479	-	174	123
chr17	32404387	32411193	-	174	162
chr18	13819213	13819359	+	174	162
chr19	3211877	3221402	-	174	149
chr22	36111217	36130095	+	174	163
chrY	12985985	13038984	-	174	165
GL000218.1	59161	83328	+	174	166
chr1	35194703	35251403	-	173	154
chr1	37990517	37994392	-	173	153
chr1	52669880	52676881	-	173	159
chr1	108488430	108490645	-	173	163
chr3	9894519	9898780	-	173	154
chr5	69760889	69794495	+	173	172
chr5	71025457	71029577	-	173	160
chr5	151093749	151100091	+	173	164
chr7	101069078	101082877	-	173	164
chr9	33453241	33461146	+	173	148
chr9	97972364	97983213	-	173	150
chr9	136937988	136939910	-	173	151
chr12	11311302	11321712	+	173	143
chr12	74534103	74537832	-	173	157
chr12	94734273	94739670	-	173	138
chr13	31188874	31199973	-	173	150
chr17	38615483	38648240	+	173	170
chr19	41873048	41876816	+	173	148
chr22	24688286	24690057	+	173	168
chr1	155650630	155651314	+	172	91
chr1	226353843	226360138	-	172	161
chr3	56683304	56688713	+	172	147
chr5	77982672	77991409	-	172	153
chr5	157078224	157085334	-	172	151
chr8	109143303	109233679	+	172	166
chr12	9037788	9045436	-	172	149
chr13	42268396	42271469	-	172	155
chr16	22192208	22195839	+	172	157
chr17	43305401	43310412	+	172	159
chr19	54342768	54351182	-	172	161
chr22	28851621	28881822	-	172	147
chrX	75044932	75050938	-	172	160
chr2	131814378	131814562	-	171	147
chr3	57936068	57942607	-	171	158
chr5	99620439	99926319	+	171	168
chr6	41933099	41934931	-	171	158
chr7	92558123	92560252	+	171	155
chr8	53843570	53844745	+	171	155
chr9	83547007	83554570	-	171	126
chr10	62113399	62124262	-	171	127
chr11	67586690	67602591	+	171	143
chr12	122439052	122471000	-	171	165
chr17	4705805	4710309	-	171	131
chr18	43437080	43437241	-	171	162
chr19	10470150	10485816	+	171	151
chr19	55221677	55226603	-	171	160
chr1	27886865	27891485	-	170	153
chr1	144068865	144074789	+	170	156
chr3	40470435	40476960	+	170	151
chr3	90156367	90171019	-	170	170
chr4	1341550	1345674	+	170	151
chr4	27028791	27029529	-	170	154
chr8	77014929	77015439	-	170	161
chr9	101410866	101417276	+	170	148
chr10	9147315	9147581	-	170	168
chr11	79500392	79500776	+	170	163
chr12	96400565	96405546	+	170	130
chr14	22552256	22553932	+	170	159
chr16	4277753	4300997	-	170	145
chr17	50331835	50345744	-	170	141
chr19	35215920	35216340	+	170	34
chrX	47311258	47321243	-	170	164
chrX	71305402	71314683	+	170	138
chr1	58771806	58776842	-	169	117
chr2	94496075	94496203	+	169	157
chr2	229741489	229746964	+	169	163
chr3	10127192	10135896	+	169	145
chr3	23982946	23988869	-	169	147
chr3	183479587	183487330	-	169	145
chr7	30213322	30225536	+	169	108
chr7	72842765	72862635	-	169	154
chr8	30572273	30578317	-	169	161
chr10	100563535	100666046	+	169	156
chr12	113795739	113801575	-	169	147
chr12	113806955	113816223	-	169	152
chr12	123373910	123383972	-	169	141
chr13	19866447	19884144	+	169	136
chr15	50769281	50788387	+	169	162
chr16	30630475	30634311	-	169	148
chr19	38637265	38647295	+	169	148
chr1	51273961	51284378	-	168	153
chr1	52699732	52712390	-	168	147
chr1	205707373	205712520	+	168	158
chr1	228182883	228191354	+	168	152
chr2	85978077	85983467	-	168	147
chr3	10153689	10161615	+	168	143
chr3	172425565	172425788	-	168	165
chr10	96587627	96593014	-	168	152
chr11	60160924	60170070	-	168	146
chr11	65960055	65961585	-	168	152
chr12	4089417	4097165	+	168	139
chr14	99142526	99150160	+	168	154
chr15	60410206	60419505	-	168	122
chr17	2588442	2593175	-	168	141
chr17	4399419	4432331	-	168	161
chr20	31645292	31661640	+	168	147
chrX	41381090	41424046	+	168	128
chr1	32249088	32250543	-	167	130
chr1	45577277	45583229	-	167	128
chr1	154275882	154286620	+	167	134
chr1	178586366	178602057	-	167	138
chr1	235504793	235508532	+	167	139
chr2	20246729	20248176	+	167	157
chr2	230404195	230408453	+	167	155
chr3	32515106	32524974	+	167	143
chr3	176997232	177010341	-	167	150
chr5	69333011	69341164	+	167	160
chr7	64837140	64844989	+	167	147
chr7	106343803	106346729	-	167	144
chr9	34344357	34362692	-	167	141
chr10	112841190	112849068	+	167	155
chr12	8527743	8532296	+	167	127
chr18	23486661	23495002	+	167	111
chr20	5113656	5114850	-	167	152
chrX	77819479	77825513	-	167	145
chr1	23290453	23297795	-	166	151
chr1	248467007	248472378	-	166	143
chr2	185913275	185922636	-	166	135
chr2	191200846	191207074	-	166	121
chr3	37368138	37372862	-	166	155
chr5	76928715	76951721	+	166	122
chr6	43456646	43466724	+	166	157
chr7	73207629	73213355	+	166	142
chr7	75486488	75490339	+	166	163
chr7	77958943	77969285	-	166	148
chr8	91096306	91100722	+	166	141
chr9	36305020	36320996	-	166	129
chr12	121234341	121237673	-	166	147
chr14	21537801	21560664	-	166	162
chr16	11183742	11185643	-	166	150
chr16	30627199	30628571	+	166	160
chr17	75106164	75109026	+	166	143
chr20	3088959	3095394	+	166	140
chr21	19328217	19331378	+	166	158
chr22	36135782	36137403	-	166	157
chr1	102157718	102157991	-	165	158
chr3	88173468	88189359	+	165	131
chr5	41901355	41903981	-	165	144
chr5	119249705	119268478	-	165	141
chr5	140143752	140145485	-	165	134
chr7	145353722	145507146	+	165	156
chr8	30661863	30678049	-	165	141
chr8	42052005	42055083	+	165	145
chr8	97150372	97153475	+	165	142
chr9	129777703	129780756	+	165	117
chr10	17731422	17750497	+	165	132
chr11	9452835	9459546	-	165	145
chr11	65888711	65890075	-	165	146
chr13	73017852	73022018	-	165	150
chr22	37666952	37674723	+	165	152
chr1	27914815	27934559	+	164	137
chr1	51350626	51354250	-	164	144
chr1	173792253	173799541	+	164	138
chr1	224336568	224337702	+	164	156
chr2	97648515	97655722	-	164	154
chr2	207786697	207816266	-	164	117
chr3	56556134	56557088	-	164	147
chr3	166231331	166232414	+	164	158
chr4	1865141	1870501	-	164	147
chr6	118455011	118460538	-	164	150
chr6	151471114	151490530	-	164	138
chr6	158228645	158232039	-	164	148
chr9	86144093	86174085	-	164	154
chr9	96778153	96782291	+	164	138
chr10	68718747	68721006	-	164	145
chr10	133428148	133430323	+	164	150
chr11	2934573	2940216	+	164	153
chr12	6484180	6491858	-	164	127
chr13	21179160	21195046	+	164	141
chr17	78782494	78787379	-	164	142
chr19	17736067	17746971	+	164	135
chr20	49893426	49903128	+	164	110
chr22	25340107	25348692	-	164	144
chrX	119454510	119465774	+	164	136
chr1	21366006	21366937	-	163	157
chr1	165715426	165724013	-	163	153
chr1	212620782	212624092	+	163	138
chr2	108785941	108786731	-	163	149
chr2	174430081	174431096	-	163	151
chr3	36975704	36982173	+	163	157
chr3	49786768	49790674	+	163	135
chr6	89323858	89326346	-	163	139
chr7	74761479	74773850	-	163	141
chr7	134111486	134118131	+	163	139
chr7	151520147	151526394	+	163	145
chr10	104531264	104533508	-	163	156
chr17	40195725	40217618	+	163	144
chr18	51163731	51166867	-	163	129
chr22	42375083	42378467	+	163	138
chrX	64106956	64122943	-	163	114
chr1	62431336	62435403	-	162	147
chr1	90906997	90910568	+	162	156
chr2	7108964	7121683	+	162	144
chr2	86492721	86503291	+	162	148
chr2	136239880	136243249	+	162	113
chr2	161988172	161992187	-	162	143
chr3	119209438	119211159	+	162	139
chr4	1685773	1692578	+	162	139
chr4	42095191	42103610	-	162	139
chr5	27207082	27207303	+	162	157
chr6	32879886	32883585	+	162	132
chr7	66980538	66987434	+	162	142
chr11	9266541	9278443	-	162	139
chr14	21511519	21520367	+	162	148
chr14	57534546	57553579	-	162	156
chr14	74759125	74763311	-	162	132
chr16	57299940	57300441	+	162	153
chr17	30187910	30193611	-	162	144
chr18	47631549	47631826	+	162	157
chr19	8506950	8509581	+	162	140
KI270742.1	64418	107853	-	162	155
chr1	157138475	157144551	+	161	147
chr2	31823962	31828846	-	161	132
chr4	46722936	46724610	-	161	153
chr6	53358828	53362018	+	161	144
chr6	144064719	144069502	+	161	142
chr7	100669700	100673528	-	161	123
chr8	124288129	124293625	+	161	149
chr8	142650482	142656804	-	161	148
chr9	127790829	127794565	-	161	148
chr9	131234672	131240323	-	161	153
chr10	68985072	68988790	+	161	143
chr12	69390913	69403395	+	161	119
chr14	52728792	52729924	-	161	145
chr16	88687701	88690839	-	161	141
chr19	10644616	10651858	+	161	145
chr22	50539947	50541086	-	161	147
chr3	40518772	40524823	-	160	138
chr4	139476976	139488761	+	160	140
chr4	152315408	152316464	+	160	146
chr6	7612507	7617609	+	160	139
chr6	144079494	144096183	-	160	136
chr8	97730867	97773818	-	160	146
chr9	96810229	96811116	+	160	151
chr9	107636500	107638072	-	160	133
chr10	68792871	68826144	-	160	141
chr11	62673720	62676269	+	160	122
chr11	73663040	73675520	-	160	148
chr12	86839661	86891016	-	160	150
chr16	81962966	81966834	+	160	132
chr18	61075752	61145696	+	160	159
chr1	28247570	28252516	+	159	136
chr2	61538778	61540675	+	159	146
chr4	98873700	98878585	-	159	142
chr4	189963320	189969906	+	159	117
chr5	66184209	66188963	-	159	149
chr5	180455445	180462856	-	159	158
chr6	53356192	53361641	-	159	134
chr7	139038317	139043140	+	159	134
chr8	83216097	83216264	+	159	155
chr11	57531239	57537413	-	159	142
chr11	65358211	65367379	-	159	135
chr12	64698276	64706320	-	159	141
chr12	120119007	120125688	+	159	139
chr14	70557569	70561113	-	159	145
chr14	83220944	83221077	-	159	157
chr15	75455872	75463082	-	159	144
chr16	4254182	4257176	+	159	135
chr17	19884609	19890223	-	159	109
chr17	75183531	75204505	-	159	146
chr19	4078633	4088623	+	159	135
chrX	18876172	18890179	-	159	144
chr1	13372168	13374561	+	158	157
chr1	150353806	150363054	-	158	141
chr2	96243736	96248459	+	158	152
chr6	30487431	30489418	-	158	92
chr6	35428455	35434785	+	158	128
chr6	42868844	42878971	+	158	131
chr6	134167091	134168704	+	158	129
chr7	135510728	135536148	+	158	111
chr7	150173665	150185110	-	158	140
chr9	87062456	87062613	+	158	154
chr9	97884164	97888722	+	158	136
chr14	23921504	23921661	+	158	152
chr16	11527315	11534213	+	158	141
chr16	22192375	22195830	-	158	147
chr16	27365615	27369980	-	158	144
chr16	30822262	30833607	-	158	132
chr17	56914720	56918143	+	158	127
chr19	24133319	24133847	-	158	153
chr19	55624681	55629365	+	158	140
chr22	47206008	47225425	+	158	144
chrY	24361306	24362290	-	158	156
chr1	26087173	26111085	-	157	128
chr1	205707265	205712584	-	157	145
chr1	241485461	241495468	-	157	131
chr4	87421381	87422539	-	157	143
chr5	77976762	77980843	+	157	144
chr6	149718900	149723815	+	157	137
chr7	99632805	99640597	-	157	152
chr11	44252010	44257442	+	157	130
chr12	94746223	94754956	-	157	125
chr17	35344893	35350076	+	157	121
chr17	81674288	81680832	+	157	140
chr19	51086899	51097584	-	157	125
chr19	54194574	54200454	+	157	141
chr19	58342537	58345166	+	157	128
chr20	33357102	33358426	-	157	134
chr20	50483170	50501530	+	157	152
chr21	43034485	43044723	+	157	144
chr22	23727032	23738380	+	157	127
chr22	39388868	39395726	+	157	116
chr22	40637753	40650685	+	157	136
chrY	1537265	1543014	+	157	130
chr1	179238320	179250116	-	156	152
chr2	25725925	25733692	-	156	146
chr2	119702256	119719774	+	156	138
chr2	224755201	224756505	+	156	139
chr9	101842845	102001640	-	156	151
chr10	123177651	123189935	+	156	131
chr17	81674000	81681157	-	156	135
GL000195.1	41918	55494	-	156	142
chr1	67398815	67407770	-	155	147
chr2	45640513	45651065	-	155	137
chr2	127035174	127044610	-	155	135
chr3	41962362	41964147	+	155	134
chr3	48899038	48917782	+	155	141
chr3	108223796	108226979	+	155	136
chr3	128828919	128831445	-	155	147
chr4	25699922	25716151	-	155	117
chr4	40158265	40166661	+	155	142
chr4	105123296	105123609	+	155	153
chr7	2664845	2673287	+	155	138
chr7	73746374	73762978	+	155	126
chr7	134068112	134074186	+	155	142
chr8	143913737	143914510	+	155	139
chr11	814163	818669	-	155	117
chr11	2872325	2874367	-	155	71
chr12	107311970	107318336	-	155	137
chr15	89202574	89209463	+	155	127
chr17	64020681	64036047	+	155	128
chr19	41607436	41614939	-	155	144
chrY	19606825	19612628	+	155	137
chr1	151853877	151857067	+	154	142
chr1	155331232	155334997	+	154	135
chr3	138595618	138608541	-	154	128
chr5	80106933	80111212	-	154	139
chr6	126241122	126253351	+	154	134
chr7	44980001	44982978	-	154	136
chr7	76950086	76955955	+	154	125
chr9	80690720	80694351	-	154	119
chr9	98046876	98053765	+	154	125
chr9	135916253	135926107	+	154	122
chr10	45819364	45825553	-	154	140
chr11	129642680	129701940	+	154	124
chr13	30709147	30709231	-	154	134
chr14	50714439	50719683	-	154	132
chr15	63268411	63275584	-	154	135
chr16	46624720	46626328	-	154	143
chr17	4764946	4770748	+	154	146
chr17	63608379	63618411	+	154	139
chr19	8502826	8506800	-	154	132
chr19	40765555	40768429	+	154	128
chr20	35607892	35615695	+	154	122
chr22	38853289	38861307	-	154	128
chr2	35632806	35632988	-	153	136
chr2	108695712	108704228	+	153	100
chr4	24584760	24588493	+	153	137
chr6	107692501	107696733	-	153	143
chr7	149090866	149098867	+	153	134
chr10	69174496	69179963	-	153	125
chr11	85954388	85956909	+	153	147
chr12	104762583	104764614	-	153	141
chr15	32455852	32463085	-	153	136
chr15	59097493	59102165	+	153	136
chr16	3717617	3724820	+	153	135
chr16	30432711	30443591	-	153	126
chr16	77477684	77478179	-	153	145
chr17	19214055	19214814	-	153	142
chr20	33443993	33489183	+	153	131
chr20	44291233	44299283	-	153	135
chr22	24179167	24179815	-	153	142
chr1	113686348	113695328	+	152	121
chr2	25359183	25369019	-	152	133
chr3	150637087	150647670	-	152	139
chr3	186505813	186505967	+	152	145
chr6	31511450	31515439	+	152	133
chr7	73873225	73915321	-	152	146
chr7	100434133	100435256	+	152	144
chr9	120593561	120600754	-	152	127
chr10	31529896	31535586	+	152	125
chr11	44635722	44646615	+	152	98
chr12	10346725	10358118	-	152	98
chr17	18691593	18694052	-	152	150
chr17	40610797	40614784	-	152	127
chr17	51122643	51125944	+	152	131
chr19	3470458	3473908	+	152	131
chrX	71324702	71346877	+	152	127
chrY	15189	231537	-	152	140
chr1	21431463	21432550	+	151	146
chr1	43457031	43465163	+	151	117
chr1	119011948	119017737	-	151	118
chr1	121736522	124845709	-	151	125
chr1	225399659	225400377	+	151	141
chr1	227781843	227785873	-	151	137
chr2	18867254	18878773	+	151	120
chr2	112355337	112368033	-	151	131
chr2	152109480	152116783	-	151	129
chr2	218406145	218416657	-	151	135
chr4	7057981	7058640	-	151	139
chr4	128040358	128060087	+	151	134
chr6	51407533	51409835	-	151	147
chr6	89819887	89829522	+	151	131
chr10	45316230	45354513	-	151	122
chr11	65473856	65476197	-	151	125
chr15	63605210	63608117	-	151	139
chr17	37513578	37514491	+	151	145
chr17	67287795	67332841	+	151	147
chr17	75419426	75431957	-	151	147
chr19	57298485	57304295	+	151	141
chr20	23359068	23361761	-	151	139
chr20	35762965	35768122	-	151	130
chr20	44522126	44526103	+	151	144
chr22	23718693	23738661	-	151	136
chrX	80660132	80669473	-	151	133
chr1	1377918	1385702	-	150	129
chr1	193264670	193274687	+	150	148
chr1	230900250	230902423	+	150	142
chr2	87022164	87027013	-	150	137
chr4	37686632	37693225	+	150	82
chr4	141558496	141567441	+	150	120
chr5	172952792	172953928	+	150	140
chr5	172976397	172976706	+	150	144
chr6	30213639	30217703	+	150	135
chr6	143511903	143514607	+	150	133
chr8	22240670	22244277	-	150	130
chr9	114649728	114655492	+	150	132
chr9	126732625	126799739	+	150	143
chr11	102339449	102344611	+	150	132
chr12	9013342	9022189	-	150	135
chr17	16364955	16377604	+	150	146
chr17	42186085	42188778	-	150	119
chr17	42995165	42998202	+	150	136
chr19	12944508	12945785	+	150	138
chr19	40426983	40440635	-	150	128
chr1	25591364	25597686	-	149	127
chr1	227782387	227785450	+	149	132
chr2	185945612	185946372	+	149	139
chr2	202361855	202374702	-	149	128
chr3	72700631	72730657	-	149	121
chr3	132545425	132557379	-	149	128
chr5	80405399	80407142	-	149	134
chr5	154646334	154665479	-	149	138
chr6	16162613	16169857	-	149	123
chr6	17747366	17758325	-	149	131
chr7	101692979	101721646	+	149	138
chr7	121315310	121321398	-	149	112
chr13	45285582	45296400	-	149	136
chr16	25453635	25454244	-	149	144
chr16	30189277	30192929	+	149	140
chr17	80120583	80124106	-	149	109
chr18	21526508	21529005	-	149	137
chr19	1095669	1103899	-	149	133
chr19	57298484	57301394	-	149	135
chr22	49897395	49900220	+	149	135
chrX	68785150	68820226	+	149	141
chr1	156182702	156193373	+	148	122
chr1	206743298	206749467	-	148	117
chr2	100514623	100562937	-	148	136
chr2	105352406	105355368	-	148	134
chr2	164646908	164653583	-	148	101
chr3	88196428	88304391	+	148	137
chr5	10559929	10563991	-	148	126
chr5	62634119	62651167	-	148	134
chr6	34570481	34573446	+	148	142
chr7	45093589	45097519	-	148	109
chr8	113909311	113911304	-	148	145
chr10	87041496	87050138	+	148	133
chr10	102386862	102394004	+	148	133
chr12	52953973	53001130	-	148	133
chr14	74625369	74645510	+	148	121
chr15	52296892	52306545	-	148	129
chr18	57590591	57597829	+	148	112
chr19	18407058	18410463	-	148	135
chr19	38861349	38867419	-	148	111
chr19	45527015	45527766	-	148	137
chrX	71305805	71314859	-	148	122
chr1	533132	533796	+	147	141
chr1	64430553	64431593	-	147	143
chr1	192994857	193005006	-	147	131
chr1	193006446	193012244	-	147	132
chr1	236309571	236347496	+	147	142
chr2	126556399	126556909	+	147	143
chr3	51863727	51864954	-	147	140
chr4	26443139	26451339	+	147	107
chr6	30174575	30184354	-	147	117
chr7	2904839	2906069	-	147	137
chr7	12690960	12694850	+	147	137
chr7	73522395	73536317	-	147	114
chr7	129173652	129187605	+	147	119
chr7	140020358	140023695	+	147	133
chr9	35036931	35038414	-	147	132
chr9	36175070	36183485	+	147	114
chr9	41356797	41357702	-	147	135
chr9	78279708	78288451	+	147	127
chr10	96751734	96824221	-	147	107
chr11	73664776	73674596	+	147	127
chr12	125031598	125048650	+	147	119
chr16	30788003	30790712	+	147	126
chr19	58461109	58466753	-	147	63
chr1	66379488	66381640	+	146	101
chr2	224759106	224764846	-	146	135
chr3	131442710	131454222	-	146	111
chr4	56823807	56892319	+	146	138
chr5	172011377	172027868	+	146	131
chr6	2827640	2832309	-	146	126
chr6	108293607	108294894	-	146	129
chr7	12696209	12706088	+	146	123
chr7	39915840	39947409	-	146	129
chr7	65402013	65404627	-	146	137
chr7	102518327	102524887	+	146	135
chr8	133916317	133921237	+	146	115
chr11	2287652	2289999	+	146	128
chr11	68616769	68623074	+	146	119
chr13	113267132	113275964	+	146	127
chr15	22158937	22161387	-	146	144
chr15	31167905	31169411	+	146	44
chr16	28741540	28748022	+	146	136
chr17	31913441	31934975	+	146	145
chr22	27846538	27849833	-	146	138
chrX	78802445	78900250	-	146	143
chrX	104428603	104501436	+	146	142
chr1	149919571	149923300	-	145	128
chr1	164958593	164958686	+	145	30
chr2	73753672	73761203	-	145	140
chr3	32380916	32385056	-	145	124
chr3	143236258	143244002	+	145	112
chr4	26807277	26833334	+	145	121
chr6	89820217	89829616	-	145	124
chr7	64833727	64835240	+	145	134
chr8	87900636	87901090	-	145	138
chr11	9315060	9317391	+	145	120
chr11	54962730	54962965	-	145	141
chr11	60884766	60885225	-	145	136
chr12	10694216	10699022	-	145	115
chr14	74269337	74284684	-	145	119
chr15	40308030	40310055	+	145	135
chr17	2685655	2688429	-	145	134
chr17	44030703	44033855	-	145	132
chr17	58296055	58301149	+	145	108
chr19	46262712	46293859	+	145	144
chr21	5092687	5098023	-	145	139
KI270727.1	15447	24839	-	145	133
chr1	17447280	17519757	+	144	140
chr1	159903944	159906613	+	144	103
chr3	101566876	101574042	-	144	133
chr3	121944193	121949616	+	144	119
chr3	172747184	172750387	-	144	116
chr4	59271928	59272076	+	144	143
chr5	100905154	100907983	+	144	119
chr6	41286972	41288200	+	144	119
chr6	85497816	85503987	-	144	127
chr8	23130731	23135478	-	144	108
chr8	67815184	67829826	+	144	142
chr8	76975755	76980193	-	144	126
chr8	143300016	143304133	+	144	120
chr8	144902221	144923574	+	144	129
chr9	97876668	97879951	+	144	131
chr10	72051620	72053018	-	144	118
chr10	121360933	121361158	-	144	137
chr11	2875417	2879762	-	144	81
chr11	102313955	102315893	-	144	130
chr12	1937706	1941972	-	144	124
chr13	22401140	22405249	+	144	136
chr13	27260074	27268869	+	144	134
chr13	31550976	31719527	+	144	143
chr14	20613138	20613865	-	144	136
chr14	52329867	52337942	+	144	126
chr14	106450586	106460017	-	144	115
chr17	3696525	3714612	-	144	134
chr17	40100640	40104413	+	144	113
chr17	68161461	68168157	+	144	126
chr17	68202503	68205479	-	144	130
chr17	74484834	74494402	+	144	133
chr19	29683572	29698695	-	144	118
chr21	41787868	41795939	-	144	101
KI270713.1	14798	23820	+	144	139
chr1	10190599	10206690	+	143	136
chr1	111466397	111473627	-	143	117
chr3	133590396	133597702	+	143	127
chr3	150483781	150495627	+	143	119
chr3	170181846	170218432	+	143	140
chr5	70894615	70895425	-	143	141
chr7	44979996	44982530	+	143	125
chr7	152465557	152478028	+	143	115
chr9	92674605	92679613	-	143	119
chr14	49853141	49860207	+	143	114
chr14	54903293	54907591	+	143	117
chr15	64686080	64687377	+	143	129
chr16	17767409	17792934	-	143	140
chr17	7657858	7661758	-	143	124
chr17	81871410	81878295	+	143	132
chr19	1848519	1851636	+	143	128
chr19	7571634	7595185	+	143	117
chr19	9029498	9050005	+	143	139
chr19	10943994	10960691	-	143	129
chr19	28762356	28762865	+	143	142
chr19	57936722	57940307	+	143	128
chr22	35425946	35437596	+	143	130
chrY	13207790	13215718	-	143	116
chr1	161178723	161184280	-	142	116
chr3	120308379	120313786	-	142	128
chr5	100949620	100973199	+	142	99
chr5	140138352	140140053	-	142	131
chr6	28372375	28378654	-	142	132
chr7	75486395	75490180	-	142	131
chr10	3891929	3894948	+	142	92
chr10	46081302	46091179	-	142	105
chr10	46333063	46336648	+	142	139
chr11	627466	635663	+	142	133
chr11	123019258	123027564	+	142	103
chr12	59796414	59802485	+	142	100
chr12	107720699	107730028	+	142	107
chr12	122500949	122503444	-	142	130
chr14	90376871	90382780	-	142	129
chr16	31050661	31056458	-	142	120
chr16	70089835	70095887	+	142	135
chr19	15233603	15235448	+	142	47
chr19	41527619	41530173	-	142	130
chr19	54918490	54923478	+	142	109
chr21	41985257	41986052	+	142	130
chr1	40296047	40298211	+	141	137
chr1	204494866	204498845	+	141	117
chr2	202769821	202773144	+	141	130
chr2	240472748	240479346	-	141	129
chr3	195954935	195958798	-	141	134
chr5	5500267	5504389	+	141	135
chr5	157255196	157259937	+	141	127
chr7	92592614	92604898	+	141	116
chr7	149183151	149187810	-	141	128
chr8	134713141	134715702	+	141	123
chr10	32239068	32266044	-	141	99
chr10	79654866	79660890	-	141	126
chr12	31853723	31867945	+	141	116
chr12	106347616	106351100	+	141	136
chr14	105481892	105484584	+	141	128
chr15	31439609	31443786	-	141	120
chr19	30038202	30049212	+	141	128
KI270734.1	137188	137393	+	141	135
chr1	203004848	203007279	-	140	119
chr1	226001136	226002669	-	140	126
chr2	18698213	18709607	+	140	123
chr2	170981919	170990299	+	140	130
chr2	203306068	203315065	+	140	128
chr3	58296411	58305966	+	140	109
chr4	38705185	38707533	-	140	125
chr5	177517078	177519784	+	140	128
chr6	27147819	27148335	-	140	122
chr7	67890482	67976111	+	140	138
chr9	77708110	77715553	-	140	118
chr10	27100964	27106007	+	140	108
chr13	25287522	25289506	+	140	126
chr13	36935329	36938377	-	140	137
chr13	108236069	108243428	-	140	131
chr14	69370609	69380109	-	140	112
chr14	87089557	87089873	+	140	136
chr16	4603877	4608230	-	140	130
chr19	48524457	48534329	+	140	136
chr20	44280953	44289982	-	140	118
chr22	20894212	20916523	+	140	120
chr22	21744160	21754290	+	140	127
chrX	57071232	57081021	-	140	110
chrX	74550955	74561580	-	140	124
chrX	107712068	107713219	-	140	127
GL000009.2	2631	32788	-	140	130
KI270745.1	11691	25584	+	140	135
chr1	116070131	116082570	+	139	110
chr2	106079036	106084361	-	139	112
chr3	136197247	136201867	+	139	113
chr7	142690005	142691292	+	139	112
chr8	76963330	76974147	-	139	121
chr9	30690584	30690986	+	139	138
chr9	83614044	83623002	-	139	112
chr10	3872427	3874113	-	139	127
chr12	66170052	66171157	-	139	127
chr12	83235424	83309273	-	139	129
chr14	34884012	34904598	-	139	109
chr14	34896858	34910330	+	139	114
chr15	40877144	40878378	+	139	133
chr16	30558940	30569176	-	139	116
chr17	8977259	9001079	+	139	114
chr17	45317335	45320397	+	139	115
chr17	82295052	82300333	-	139	133
chr19	542110	543855	+	139	127
chr19	913263	916662	+	139	121
chr19	7951483	7958223	-	139	123
chrX	71112460	71118464	-	139	129
chr1	25028597	25033736	-	138	113
chr1	28546997	28552618	+	138	93
chr1	109426490	109428389	+	138	126
chr1	111107650	111115699	-	138	110
chr2	74696214	74696839	-	138	131
chr3	146506589	146511622	-	138	122
chr5	71027120	71030446	+	138	133
chr7	66495759	66505030	+	138	128
chr7	152877123	152885893	+	138	117
chr9	95427241	95427371	+	138	131
chr10	68985551	68988720	-	138	123
chr10	124000321	124001992	+	138	121
chr10	124394159	124396911	+	138	112
chr12	10151820	10157419	+	138	89
chr12	121832688	121839254	-	138	111
chr13	41272905	41286901	+	138	133
chr14	105025331	105032242	+	138	101
chr17	8022882	8031243	-	138	134
chr17	59276078	59295516	+	138	114
chr17	80120474	80124063	+	138	116
chr19	18255588	18257038	+	138	118
chrX	56431408	56460914	-	138	130
chr1	228099954	228100680	+	137	128
chr2	155360302	155360469	-	137	129
chr3	23983304	23986897	+	137	117
chr3	33441413	33446344	+	137	112
chr10	72982326	72989724	-	137	123
chr10	79355431	79358171	+	137	122
chr10	119543298	119554208	+	137	114
chr11	2324001	2324512	-	137	126
chr12	12563149	12566851	+	137	118
chr12	27203491	27224857	+	137	130
chr12	76853953	76858676	-	137	126
chr13	20525952	20541589	+	137	127
chr16	2214844	2223140	+	137	121
chr16	70085089	70101436	-	137	131
chr17	78841768	78845216	-	137	127
chr19	2951385	2975977	-	137	123
chr19	8406021	8411268	+	137	122
chr19	48330664	48332319	-	137	118
chr21	43854633	43865151	-	137	117
chr22	18588335	18589717	-	137	127
chr22	41403072	41413940	-	137	127
chr1	12015695	12019244	-	136	123
chr1	202145389	202146938	-	136	123
chr1	219239603	219270702	+	136	103
chr5	65496566	65508759	+	136	119
chr5	68321834	68326076	+	136	131
chr6	34574337	34580979	-	136	123
chr6	42948658	42959249	-	136	118
chr6	57075953	57084679	-	136	122
chr6	70647899	70648063	+	136	131
chr7	128663542	128667042	-	136	129
chr8	124295612	124301053	+	136	126
chr10	62181225	62181669	+	136	132
chr11	121657649	121672634	+	136	112
chr12	52067588	52069244	-	136	114
chr14	102737773	102746424	+	136	120
chr15	45215054	45216314	+	136	133
chr16	31050502	31056377	+	136	125
chr17	30186634	30194292	+	136	122
chr19	19509259	19512415	-	136	116
chr21	31103860	31114577	-	136	120
chr21	36317322	36319790	-	136	111
chr22	41916416	41921651	-	136	114
chrX	77465256	77482989	+	136	132
chrY	1910621	1931099	+	136	123
chr2	96171135	96184034	+	135	115
chr3	23707998	23738327	+	135	134
chr4	141617461	141627901	+	135	108
chr6	130510960	130513776	-	135	84
chr7	44602540	44606256	-	135	117
chr7	47957538	47961842	-	135	128
chr9	137442213	137447471	-	135	121
chr11	63565413	63569275	+	135	110
chr17	446021	490377	-	135	122
chr20	31609627	31637422	-	135	110
chr21	8228033	8234711	-	135	99
chrX	56571530	56574403	-	135	124
chrX	70131082	70133344	-	135	117
chrX	146618730	146619051	-	135	135
chrY	2674115	2688738	+	135	114
chr1	224379669	224385072	+	134	118
chr2	174064207	174071878	-	134	110
chr4	4893602	4893702	-	134	132
chr4	101011577	101021220	-	134	117
chr4	152593583	152613389	-	134	116
chr5	150685037	150690146	+	134	114
chr6	158864871	158869066	-	134	116
chr7	73418743	73422954	-	134	131
chr8	42405978	42416370	+	134	115
chr8	115399786	115408368	-	134	109
chr9	63037258	63044455	-	134	116
chr10	70200614	70202325	+	134	117
chr10	73812080	73812500	-	134	121
chr10	102164479	102166297	+	134	121
chr12	11176133	11185889	+	134	96
chr12	108573150	108576276	-	134	46
chr13	49635010	49642263	+	134	113
chr14	49898602	49911586	-	134	111
chr15	45201193	45203718	+	134	118
chr16	84795057	84806234	+	134	110
chr16	89257327	89267602	+	134	123
chr17	38922281	38924189	+	134	123
chr17	44833529	44844617	-	134	116
chr19	555270	562355	-	134	127
chr19	54036300	54037131	-	134	123
chr20	49188619	49203266	+	134	104
chr1	1015811	1019977	-	133	100
chr1	28656741	28667504	+	133	96
chr1	228198324	228203445	-	133	121
chr2	97648383	97653204	+	133	122
chr2	183217145	183230525	+	133	105
chr3	50659541	50667985	-	133	125
chr3	182987180	182999733	-	133	98
chr6	111652466	111656103	+	133	123
chr7	99166445	99167741	-	133	133
chr8	58546820	58552748	-	133	99
chr8	69982889	70047239	-	133	133
chr10	123208802	123214342	-	133	119
chr11	65326544	65332453	+	133	98
chr11	73865140	73869006	-	133	122
chr12	55847546	55869947	-	133	126
chr12	96953791	96959088	+	133	110
chr12	121060422	121061603	+	133	48
chr15	64719609	64722497	+	133	121
chr16	57084361	57091027	-	133	124
chr17	44238865	44246541	+	133	122
chr18	46072605	46080191	-	133	119
chr19	57330913	57343124	-	133	117
chr20	18505323	18507500	-	133	120
chr21	43821111	43828443	+	133	115
chrX	40017357	40049042	-	133	104
chrX	40178429	40226725	-	133	122
chr1	85259764	85265766	-	132	119
chr3	155953758	155956225	-	132	113
chr3	194393236	194394791	-	132	115
chr4	38783052	38787431	-	132	118
chr4	39984282	40018871	-	132	127
chr4	53366118	53368136	+	132	119
chr6	7626747	7655866	-	132	126
chr6	85292697	85293055	+	132	127
chr6	136250660	136256624	-	132	124
chr7	8096752	8103121	+	132	94
chr7	38717721	38722955	-	132	122
chr7	44714201	44725271	+	132	111
chr8	101670893	101685616	+	132	124
chr8	143299956	143304286	-	132	120
chr10	43367252	43368487	-	132	120
chr12	10602764	10603491	+	132	127
chr12	55973337	55973686	-	132	121
chr12	128843287	128844589	-	132	126
chr14	81663182	81695237	+	132	127
chr15	52573605	52577202	-	132	107
chr15	64958725	64962768	-	132	120
chr17	35344770	35350184	-	132	101
chr19	34945181	34948939	+	132	121
chr19	35927279	35931906	+	132	125
chr20	18561439	18567017	+	132	118
chr20	43452953	43457799	-	132	109
chr20	49958163	49962146	+	132	120
chr22	43163605	43166535	-	132	117
chrX	94892438	94931138	+	132	130
chr1	16237382	16241059	-	131	122
chr1	53224816	53226874	-	131	118
chr1	178921852	178933276	+	131	104
chr4	183449969	183454761	-	131	119
chr5	50391365	50394604	+	131	127
chr6	108701368	108707579	+	131	113
chr6	121334749	121337143	+	131	112
chr7	36737592	36739361	+	131	93
chr7	38304126	38307552	-	131	98
chr7	139037492	139043513	-	131	116
chr8	101170103	101177697	-	131	117
chr8	108489252	108500230	+	131	113
chr11	4283543	4283917	+	131	127
chr12	71711573	71716636	+	131	103
chr13	32778069	32782721	+	131	123
chr13	73677932	73685687	-	131	112
chr14	21124670	21131595	+	131	128
chr14	50105122	50108616	-	131	122
chr14	77092211	77096351	-	131	124
chr15	79990857	80003850	+	131	120
chr17	68192858	68196581	+	131	117
chr18	46129852	46147404	+	131	107
chr19	4069703	4076711	-	131	102
chr19	44178400	44184545	+	131	118
chr20	47439309	47450291	+	131	95
chr21	25870760	25877473	+	131	113
chrX	18674164	18674989	-	131	128
chrX	49168968	49171779	-	131	124
KI270718.1	21456	24463	-	131	120
chr1	109081467	109087969	-	130	119
chr1	148529451	148531341	-	130	120
chr2	206106557	206114752	-	130	118
chr3	195861189	195863103	+	130	110
chr5	72916768	72925280	+	130	114
chr5	80398547	80399745	-	130	86
chr6	83977420	83978899	-	130	122
chr7	77957535	77969958	+	130	115
chr7	99736331	99747828	+	130	107
chr8	130043109	130048129	-	130	122
chr9	128657801	128663119	-	130	118
chr9	136866465	136872446	+	130	120
chr10	43483250	43490357	+	130	103
chr10	129778429	129784615	+	130	112
chr12	15903482	15904986	+	130	122
chr12	46153088	46160296	-	130	95
chr12	55876639	55891469	+	130	118
chr12	93589921	93592033	+	130	126
chr12	104350335	104362051	+	130	119
chr16	31712017	31713023	+	130	116
chr20	1628155	1629151	-	130	121
chr20	52000358	52051170	+	130	114
chr20	58911281	58914618	+	130	109
chr22	42463313	42490915	+	130	124
chrX	15335774	15336181	-	130	124
chrX	53088557	53093087	+	130	111
chrX	57812607	57842860	-	130	96
chrX	63859117	63986689	-	130	111
chr1	26813684	26817055	+	129	104
chr1	31156841	31171870	+	129	125
chr1	150876891	150878428	+	129	103
chr3	13298615	13307694	-	129	117
chr4	39494777	39498754	-	129	122
chr4	102761147	102763553	+	129	93
chr5	69277551	69280162	-	129	118
chr6	33457846	33516869	-	129	118
chr6	56444415	56449590	+	129	125
chr7	75889013	75896015	+	129	114
chr7	150200296	150205876	-	129	112
chr8	38853304	38870678	+	129	113
chr12	66187306	66188852	+	129	102
chr13	39050264	39052422	+	129	121
chr16	393119	396554	+	129	124
chr17	66192505	66194861	+	129	98
chr20	44227081	44243999	-	129	108
chr20	50482989	50503025	-	129	83
chrX	141824560	141825631	-	129	125
chr1	90898653	90903450	+	128	113
chr2	23711171	23727282	+	128	125
chr2	201482984	201487228	+	128	124
chr3	142277596	142290002	-	128	105
chr4	14291528	14332864	+	128	83
chr4	173377564	173380754	+	128	119
chr6	70589851	70599947	+	128	114
chr6	71166275	71167463	+	128	124
chr7	76947066	76947960	-	128	124
chr7	142794456	142796833	-	128	114
chr9	80531473	80540770	+	128	91
chr9	137282758	137286044	-	128	92
chr10	72089356	72095956	-	128	111
chr10	123173051	123183369	-	128	120
chr12	49781161	49790603	+	128	116
chr12	121703578	121712661	-	128	113
chr13	114147207	114151784	-	128	119
chr14	70569363	70569902	+	128	124
chr14	106479338	106481261	-	128	118
chr15	67810718	67817937	+	128	118
chr16	3257167	3263285	+	128	111
chr17	7040149	7041600	+	128	118
chr17	30895920	30897319	-	128	119
chr17	41706837	41710622	-	128	98
chr19	18545109	18557648	-	128	114
chr19	34471295	34480538	+	128	116
chr19	55407852	55424336	+	128	109
chr19	58460277	58466309	+	128	115
chr20	45084232	45091083	+	128	114
chr20	50877608	50883429	-	128	120
chr20	56526306	56532539	+	128	110
chr21	7856515	7865746	-	128	99
chrX	16260782	16449287	+	128	107
chr1	1745992	1749816	+	127	105
chr1	93139118	93149723	-	127	111
chr2	197436494	197450662	-	127	114
chr3	49935124	49939960	-	127	108
chr3	143895525	143943471	+	127	123
chr3	184197129	184222239	-	127	124
chr4	26796298	26799695	+	127	106
chr5	150400492	150401635	-	127	120
chr7	64663686	64665949	-	127	109
chr7	142458427	142464638	-	127	106
chr8	12756684	12762893	+	127	118
chr8	37856708	37858216	+	127	119
chr8	140508149	140511236	+	127	117
chr11	67096391	67116640	+	127	104
chr11	68221960	68255055	+	127	116
chr14	21847648	21852255	-	127	101
chr14	105699895	105703802	-	127	67
chr14	106397849	106399063	-	127	114
chr16	35802155	35802638	+	127	124
chr17	50716674	50719311	-	127	119
chr19	2945402	2948828	+	127	116
chr19	14021543	14025450	-	127	101
chr19	48708450	48711247	-	127	108
chr20	37978361	37982780	-	127	120
chr20	58723669	58734622	+	127	89
chr22	22061840	22063038	+	127	81
chr22	24530912	24540421	-	127	117
chrX	35442497	35516723	-	127	68
chrY	26394615	26395673	-	127	114
chr1	15430590	15438195	-	126	95
chr1	70253152	70258478	+	126	114
chr1	99837255	99838540	+	126	125
chr1	109097083	109099882	+	126	111
chr1	150537674	150543033	+	126	94
chr4	183437853	183444391	-	126	114
chr5	172028961	172029814	+	126	114
chr6	17711527	17720594	+	126	112
chr6	78700150	78799340	+	126	121
chr6	95339036	95372072	-	126	121
chr6	111633170	111637497	-	126	105
chr7	143523455	143528622	+	126	113
chr9	33282928	33290248	+	126	118
chr9	63898577	63899095	+	126	119
chr9	83731460	83739331	-	126	97
chr9	127981518	128014356	+	126	109
chr10	103353804	103367960	-	126	107
chr11	62003699	62010671	+	126	72
chr11	65925990	65937695	-	126	89
chr11	95063036	95066881	-	126	102
chr14	69468682	69472024	-	126	107
chr14	90431708	90439483	-	126	67
chr15	41544493	41548009	-	126	94
chr16	31453708	31456423	-	126	117
chr16	84782057	84789286	+	126	103
chr16	88867125	88870654	-	126	109
chr17	82518196	82519510	-	126	105
chr19	13778817	13791277	+	126	111
chr19	23149049	23202049	-	126	124
chr20	3040672	3042173	+	126	117
chr20	33650265	33653020	+	126	111
chr22	30267297	30269674	+	126	109
chr22	38279696	38289317	+	126	119
chrX	3119965	3120276	-	126	123
chrX	54372826	54432992	-	126	124
chrX	66974857	67323975	-	126	126
chrX	119607805	119615570	-	126	117
chrY	56887312	56887428	-	126	115
chr1	26804225	26811791	+	125	116
chr1	66392666	66397259	-	125	79
chr1	169910482	169913318	-	125	117
chr2	201177206	201182422	+	125	119
chr2	222564503	222566819	-	125	110
chr3	25664989	25670723	+	125	107
chr5	122834788	122838668	+	125	112
chr5	148876574	148882185	+	125	97
chr5	171835171	171854172	+	125	112
chr6	30926935	30929312	+	125	113
chr6	30927226	30928496	-	125	117
chr7	43579813	43582658	-	125	98
chr7	100041891	100047546	+	125	117
chr8	81653776	81656913	-	125	111
chr9	112892537	112902097	+	125	115
chr9	137287407	137293247	-	125	90
chr10	8084276	8090444	+	125	105
chr10	72054107	72059017	-	125	118
chr11	45839651	45847076	-	125	110
chr11	65771715	65773886	-	125	114
chr11	85636553	85646799	+	125	104
chr11	93310084	93329772	-	125	101
chr14	87026202	87026311	+	125	123
chr19	23274607	23279732	-	125	119
chr21	25579193	25585562	+	125	86
chrX	19529837	19533857	+	125	114
chrY	20457228	20464664	-	125	101
chr1	153671243	153673153	+	124	105
chr2	112699240	112702176	-	124	95
chr3	169745325	169754638	-	124	108
chr3	189360860	189511360	+	124	70
chr4	164741818	164742489	+	124	124
chr5	140706989	140708594	-	124	117
chr7	76325417	76326745	-	124	117
chr8	51809808	51817108	-	124	117
chr8	139723062	139726594	+	124	119
chr9	35003680	35009705	-	124	89
chr10	31937559	31951700	+	124	93
chr10	123210562	123215183	+	124	110
chr11	9530983	9556519	-	124	113
chr11	36476214	36483699	-	124	117
chr12	96960449	96966643	+	124	90
chr13	32794499	32804022	+	124	99
chr17	14349465	14353975	+	124	112
chr17	28876101	28879321	-	124	102
chr17	66810933	66811638	-	124	115
chr19	7878618	7878967	-	124	124
chr19	8440985	8444563	-	124	108
chr22	32386868	32387222	+	124	117
chrX	20142047	20149181	-	124	113
chrX	64497345	64551909	-	124	121
chr1	17442317	17517919	-	123	118
chr1	20787406	20797216	+	123	114
chr1	36397994	36400515	+	123	114
chr1	160359166	160359662	-	123	111
chr1	162614205	162618905	-	123	103
chr2	9934423	9936337	+	123	110
chr3	23595191	23599456	+	123	106
chr4	26790460	26794788	+	123	107
chr4	40266715	40274202	+	123	106
chr4	163520736	163524247	-	123	111
chr5	32523960	32524623	+	123	120
chr5	118828417	118835913	-	123	111
chr7	35918527	35929185	+	123	103
chr7	158710924	158719247	+	123	110
chr8	90053811	90058323	+	123	115
chr9	112211023	112214846	+	123	115
chr14	35039519	35045113	-	123	117
chr15	75626485	75635074	+	123	106
chr16	187282	188761	+	123	118
chr16	4456778	4461452	-	123	114
chr16	22536626	22539045	-	123	112
chr16	30678778	30696598	+	123	87
chr17	1229777	1241767	+	123	97
chr17	5052365	5060339	-	123	110
chr18	23048745	23102883	-	123	92
chr20	50757152	50792600	+	123	119
chr21	31577764	31588533	+	123	120
chr22	44498478	44500069	+	123	111
chr22	49827974	49832362	+	123	98
chrX	21994851	22024324	-	123	110
chrX	47816989	47817090	-	123	119
chrX	101341528	101345631	-	123	113
KI270729.1	48387	274879	+	123	121
chr2	96577129	96585129	-	122	101
chr3	155988312	155988985	-	122	116
chr5	56898783	56899395	-	122	112
chr5	78480749	78482802	+	122	117
chr5	100801207	100806737	-	122	110
chr5	134395159	134399474	+	122	114
chr5	174699780	174717566	-	122	120
chr7	12696477	12700523	-	122	111
chr7	93086160	93092699	-	122	97
chr7	129812625	129824033	+	122	106
chr8	42171947	42174702	-	122	104
chr9	40106732	40108262	+	122	117
chr9	98017175	98029835	-	122	108
chr10	84324333	84328524	-	122	102
chr10	131999980	132022883	+	122	104
chr11	1271528	1273486	+	122	119
chr14	68862536	68867677	-	122	112
chr16	87588422	87588734	+	122	117
chr17	1400702	1405348	-	122	111
chr17	67998183	68020032	-	122	113
chr19	15222999	15225473	+	122	120
chr19	38332113	38335760	+	122	114
chr19	48258261	48260289	-	122	95
chr19	52924085	52927083	-	122	106
chr1	9986189	9996873	+	121	101
chr1	40150212	40160766	-	121	110
chr1	70522677	70523886	-	121	115
chr2	14997551	15119744	-	121	78
chr2	55470156	55472338	+	121	117
chr3	32676799	32685028	-	121	106
chr3	48902795	48917778	-	121	109
chr3	122639075	122648946	+	121	86
chr3	129163140	129167761	-	121	114
chr4	108305690	108318535	+	121	99
chr4	173426177	173441060	+	121	103
chr4	180934003	180934305	+	121	118
chr6	37771114	37773779	+	121	119
chr7	44583857	44599404	+	121	90
chr7	68748131	68899555	+	121	120
chr7	131497708	131500234	+	121	115
chr7	140436899	140452821	-	121	106
chr7	149054316	149069334	+	121	104
chr9	78032366	78038251	+	121	103
chr10	14516533	14518361	-	121	112
chr10	32884986	32887086	+	121	105
chr10	53468918	53657629	-	121	118
chr12	12840143	12850783	+	121	96
chr12	50300493	50308816	+	121	100
chr12	56045267	56069391	-	121	109
chr12	70355072	70365103	+	121	113
chr14	39170611	39174867	-	121	111
chr18	21600985	21605118	+	121	107
chr19	1981468	1985423	+	121	118
chr19	8502844	8505549	+	121	112
chr19	43437911	43443177	+	121	86
chr19	47600403	47607519	-	121	101
chr20	3829094	3842404	-	121	111
chr20	24959968	24962786	+	121	108
chr20	34137068	34185079	+	121	111
chr22	39437136	39442943	+	121	99
chrX	54364977	54424256	+	121	119
chrX	154421892	154424267	+	121	104
chr1	12514125	12519024	-	120	109
chr1	117350990	117367217	-	120	95
chr1	155885314	155897644	+	120	107
chr1	156248631	156249212	-	120	117
chr1	214337141	214340755	+	120	110
chr2	64623580	64626932	+	120	111
chr2	219286981	219288840	+	120	109
chr2	234306356	234308042	-	120	67
chr5	26203865	26343087	+	120	117
chr6	7252006	7255323	+	120	101
chr6	154529414	154529811	+	120	114
chr10	17722625	17730371	+	120	111
chr11	44623144	44634084	+	120	108
chr12	122266529	122268211	+	120	109
chr12	122626533	122632514	+	120	104
chr13	40723687	40729076	-	120	105
chr14	74745483	74759448	+	120	102
chr14	105824101	105830128	-	120	85
chr17	43401392	43409332	+	120	99
chr17	43779023	43780309	+	120	104
chr17	59540415	59551315	-	120	118
chr19	36491395	36496545	+	120	112
chr19	50915791	50925622	+	120	116
chr20	36952961	36962093	-	120	103
chr21	29003558	29004381	+	120	112
chrX	93287458	93287641	-	120	116
KI270706.1	116910	126280	+	120	107
chr1	24844336	24852851	+	119	99
chr2	25878577	25882867	+	119	102
chr3	152239058	152243826	+	119	114
chr3	183474363	183477765	-	119	93
chr4	75903210	75910653	-	119	102
chr4	82417269	82422051	+	119	113
chr5	50647256	50665877	-	119	104
chr5	69785208	69786083	-	119	114
chr6	35333213	35337086	-	119	112
chr6	102426369	102426482	+	119	117
chr6	149564423	149566192	-	119	91
chr7	44561986	44562886	+	119	110
chr8	11839513	11842505	-	119	106
chr9	33447893	33452207	+	119	100
chr9	112343289	112358305	-	119	89
chr10	123330815	123336043	+	119	98
chr11	342986	356450	+	119	113
chr11	66004734	66006196	+	119	110
chr12	8540907	8542398	-	119	84
chr12	56262033	56266825	-	119	96
chr13	28295739	28299431	+	119	110
chr16	9160624	9174327	+	119	104
chr17	81865105	81867716	-	119	107
chr21	25872224	25880130	-	119	99
chrX	53081127	53082321	+	119	104
chr1	109076017	109087466	+	118	110
chr1	157725408	157726954	-	118	33
chr1	167714676	167714831	+	118	113
chr1	175941785	175943916	+	118	111
chr1	231329208	231332736	+	118	114
chr2	128577925	128578194	+	118	112
chr3	33103997	33113861	-	118	110
chr3	43734389	43739878	+	118	84
chr5	39076217	39081982	-	118	94
chr5	140633765	140636499	+	118	93
chr6	11163016	11170799	+	118	109
chr7	5233874	5252607	+	118	99
chr7	67849985	67993966	-	118	114
chr7	72554028	72558719	-	118	113
chr8	42751332	42751909	+	118	115
chr8	70089271	70100254	-	118	89
chr8	109234660	109240908	-	118	105
chr10	43377918	43385595	-	118	98
chr11	61167488	61169253	+	118	72
chr11	107963504	107968145	+	118	105
chr12	119890764	119929851	-	118	117
chr13	22285788	22292677	+	118	92
chr13	23545268	23565669	-	118	116
chr13	73077886	73099846	+	118	112
chr14	34503924	34515861	-	118	99
chr14	54834404	54838912	+	118	105
chr14	64596878	64600179	-	118	115
chr14	65900784	65900907	-	118	115
chr15	59689493	59696284	-	118	110
chr17	45176367	45188423	-	118	94
chr17	49849144	49849638	-	118	111
chr17	63618953	63622298	-	118	106
chr17	83071270	83079568	-	118	102
chr18	30868586	30869152	+	118	106
chr19	7654053	7659078	-	118	59
chr19	11269863	11288191	-	118	117
chr19	12640235	12642959	+	118	82
chr19	21125461	21128256	+	118	112
chr19	29897945	29900588	-	118	113
chrX	20142043	20146396	+	118	105
chrX	23432151	23663445	+	118	99
chrX	71707375	71711049	+	118	97
chr1	36212494	36216060	-	117	107
chr1	45750673	45753734	+	117	111
chr1	157777374	157781948	-	117	95
chr2	61052063	61064771	+	117	106
chr2	232353333	232359008	+	117	95
chr3	49800456	49803202	-	117	100
chr5	35496020	35498543	+	117	115
chr7	5857750	5862375	-	117	104
chr7	6826786	6830445	+	117	104
chr7	64714550	64715193	-	117	109
chr8	12223519	12234087	+	117	110
chr8	33545610	33547745	+	117	102
chr9	6512849	6516208	-	117	112
chr9	15511242	15514470	+	117	99
chr9	80385987	80386529	-	117	95
chr9	96876159	96877908	+	117	114
chr10	6254799	6255453	-	117	104
chr10	39466290	39483681	-	117	117
chr10	62133220	62168125	-	117	91
chr10	110135581	110142739	+	117	105
chr17	21045532	21067969	+	117	107
chr18	70811235	70817085	+	117	105
chr19	11079426	11088260	+	117	102
chr22	24781780	24802923	+	117	115
chr1	27649859	27655413	-	116	88
chr1	47435074	47437060	+	116	104
chr1	150770022	150776856	-	116	90
chr1	173788500	173789652	-	116	108
chr2	144359779	144364359	-	116	74
chr4	690245	695097	+	116	102
chr4	26774357	26783477	+	116	108
chr5	76399925	76403258	-	116	103
chr5	143251943	143259084	-	116	102
chr6	30182205	30184034	+	116	98
chr6	100357573	100358768	+	116	114
chr6	163590860	163598891	+	116	100
chr7	2505931	2510341	-	116	107
chr7	128506604	128510783	+	116	101
chr7	143050445	143050629	-	116	108
chr7	152450496	152462914	+	116	104
chr9	19201129	19230385	-	116	94
chr9	100695409	100696676	+	116	115
chr10	119081928	119085317	+	116	103
chr11	36467234	36477965	+	116	101
chr11	65980179	65981158	+	116	105
chr11	118186916	118193696	-	116	103
chr12	11896254	11897479	-	116	111
chr12	45914336	45918718	+	116	105
chr12	121039547	121043765	+	116	96
chr13	36839042	36839757	-	116	112
chr13	36939786	36949572	-	116	93
chr14	34701305	34709088	-	116	102
chr15	21734096	21735497	-	116	98
chr16	1490838	1493188	-	116	100
chr17	15174872	15221780	-	116	112
chr17	63843116	63844920	+	116	69
chr18	59904305	59911444	+	116	101
chr19	46464464	46464592	-	116	113
chr20	41024640	41028536	-	116	103
chr20	58645843	58651235	-	116	102
chr22	29589348	29591795	+	116	95
KI270734.1	78228	80285	-	116	111
chr1	23640768	23653609	+	115	98
chr1	24864036	24867180	+	115	88
chr1	70253264	70258964	-	115	106
chr1	179920195	179926140	+	115	107
chr1	193296953	193302348	+	115	92
chr2	64078907	64086265	-	115	101
chr2	206163122	206167783	-	115	104
chr2	219359468	219371878	-	115	108
chr3	32169974	32175254	+	115	99
chr3	196338903	196347423	-	115	92
chr4	8242272	8248971	+	115	111
chr4	82350364	82351431	+	115	112
chr6	31673870	31676090	+	115	103
chr6	42087579	42091791	+	115	101
chr6	108021256	108027390	-	115	104
chr7	5575624	5576798	+	115	114
chr8	303187	303489	-	115	110
chr8	145050809	145052350	-	115	96
chr9	111484789	111485944	+	115	66
chr12	10150315	10158082	-	115	43
chr14	31213665	31239276	+	115	93
chr15	49833283	49838766	-	115	84
chr16	30776403	30777195	-	115	108
chr17	67985721	67991031	+	115	104
chr17	75298025	75300743	+	115	80
chr19	1653195	1654084	+	115	102
chr19	14419964	14422408	+	115	96
chr20	32242231	32254481	+	115	94
chr20	49958201	49964815	-	115	100
chr20	49994197	50022511	+	115	100
chr22	10774629	10777401	+	115	111
chr22	16478968	16481364	+	115	113
GL000218.1	48273	53016	+	115	111
chr1	34968324	34974345	-	114	111
chr1	116791423	116806408	-	114	81
chr2	171490574	171492604	+	114	99
chr2	196129213	196133563	-	114	108
chr3	47798055	47802547	-	114	91
chr3	138486256	138494041	-	114	96
chr3	161276480	161283924	+	114	84
chr4	82802485	82809372	+	114	97
chr6	37734008	37734573	+	114	110
chr7	5259697	5262376	+	114	110
chr8	22242377	22244151	+	114	102
chr9	120749076	120751974	-	114	93
chr10	113731299	113745531	+	114	87
chr12	28062486	28129631	-	114	74
chr14	34737892	34751995	-	114	78
chr14	48573076	48701376	+	114	113
chr17	74262114	74273695	+	114	79
chr19	21393942	21396951	-	114	107
chr19	34170901	34172365	-	114	106
chr20	2826459	2834916	-	114	96
chr20	5054258	5065260	+	114	98
chrX	22005255	22010378	+	114	99
chrY	16858236	17159305	+	114	113
chr1	10182064	10207115	-	113	105
chr1	11755465	11761100	+	113	92
chr1	235009061	235014052	-	113	103
chr2	71227759	71228474	+	113	25
chr3	101554959	101561225	-	113	98
chr3	144324426	144336630	+	113	78
chr4	2733180	2738028	-	113	103
chr4	150257723	150264315	-	113	103
chr5	178888130	178893039	+	113	104
chr5	180231296	180232993	+	113	105
chr6	66329080	66586327	+	113	112
chr6	150843671	150850300	+	113	96
chr7	73285638	73293454	+	113	104
chr7	129216943	129217274	+	113	111
chr7	142674233	142679317	-	113	80
chr7	149189650	149194880	-	113	74
chr8	46469683	46469842	-	113	71
chr9	107490544	107491036	+	113	99
chr10	11768967	11820944	+	113	108
chr11	59702742	59703481	+	113	101
chr12	75511839	75517160	+	113	94
chr14	78017502	78029291	-	113	111
chr15	42940492	42942878	-	113	97
chr15	63497930	63500475	-	113	76
chr17	3916969	3920879	+	113	72
chr17	40598758	40600308	+	113	101
chr17	63447161	63449675	+	113	92
chr17	65002268	65007014	+	113	97
chr17	78847086	78852937	+	113	99
chr19	2950833	2971002	+	113	103
chr19	17553918	17555242	+	113	99
chr20	32175885	32182647	-	113	94
chr20	62070117	62079062	+	113	94
chr20	62795404	62796298	-	113	97
chr22	38964073	38976721	+	113	86
chrX	44798495	44840648	-	113	112
chrY	1113494	1166773	+	113	111
chrY	20962926	20968164	+	113	83
chrY	21257854	21265411	-	113	94
chr1	120146784	120150887	-	112	106
chr1	214595913	214600326	+	112	108
chr2	55514959	55518943	+	112	98
chr3	10156705	10161644	-	112	109
chr3	162906513	162906668	-	112	108
chr4	102776226	102779173	-	112	92
chr4	152539518	152551036	+	112	95
chr4	152614391	152618589	-	112	104
chr4	188007394	188072763	+	112	108
chr5	70954154	70957744	+	112	106
chr5	80890152	80891649	-	112	104
chr6	32134623	32143085	+	112	110
chr6	126203827	126211515	+	112	92
chr9	15406459	15407974	+	112	109
chr11	130005516	130008502	+	112	83
chr12	108604268	108614137	-	112	99
chr14	21736986	21750188	+	112	81
chr15	75632563	75635702	-	112	96
chr15	90512136	90529776	-	112	96
chr16	11226297	11233958	+	112	95
chr17	7357389	7377896	-	112	102
chr17	7969771	7970134	+	112	36
chr17	11095227	11126039	+	112	111
chr18	79067145	79069039	-	112	104
chr19	23211802	23221590	-	112	101
chr19	36174229	36181320	+	112	105
chr19	40288897	40299091	+	112	97
chr19	47245829	47255839	-	112	101
chr19	50502368	50505971	-	112	105
chr19	54916326	54920695	-	112	88
chr20	35621870	35626028	-	112	105
chr22	21896919	21909268	+	112	100
chr22	41241328	41244718	-	112	103
chrX	79192106	79210458	-	112	104
chr1	104885686	104886030	-	111	107
chr1	182561509	182572231	-	111	77
chr1	223172548	223173486	+	111	111
chr1	242535207	242542176	-	111	111
chr2	7133720	7140148	+	111	94
chr2	24004933	24008999	+	111	100
chr2	185999249	186000329	+	111	106
chr2	189670838	189673019	+	111	104
chr4	17567363	17577180	-	111	108
chr4	87145475	87154674	-	111	98
chr4	162398470	162402292	+	111	107
chr4	180848202	180962511	-	111	109
chr5	134595742	134601008	+	111	91
chr6	57741771	57748221	-	111	98
chr6	98858873	98866257	-	111	101
chr8	123494824	123497763	-	111	94
chr9	93568075	93576569	-	111	99
chr9	108484627	108616527	+	111	102
chr10	27549830	27553561	-	111	104
chr11	353412	356357	-	111	99
chr11	9365006	9366245	+	111	91
chr12	11187325	11195800	+	111	96
chr12	48853410	48857025	+	111	76
chr13	98787767	98793250	-	111	96
chr14	50706433	50713268	-	111	83
chr15	65894744	65895078	-	111	103
chr16	28967098	28973443	+	111	99
chr17	64987036	64991582	+	111	97
chr17	82293215	82293676	+	111	99
chr18	47796132	47796964	+	111	108
chr19	11079752	11088828	-	111	94
chr19	17864256	17871261	+	111	105
chr20	32239811	32269689	-	111	100
chr22	35449673	35457542	+	111	99
chrX	101776971	101778935	-	111	103
chr1	150780712	150794879	-	110	99
chr1	224193909	224200862	-	110	105
chr2	121094609	121117611	+	110	104
chr4	109703933	109707946	+	110	101
chr5	80258051	80267283	+	110	101
chr5	172737956	172743439	+	110	94
chr7	32902962	32907419	-	110	95
chr7	44714608	44723512	-	110	93
chr7	144445170	144447511	+	110	99
chr8	30044748	30048320	+	110	95
chr9	42389652	42402623	-	110	107
chr9	76367546	76384922	-	110	89
chr10	91654681	91656103	+	110	106
chr10	107505855	107506072	+	110	105
chr11	66980140	66980674	-	110	106
chr11	68964141	68972374	+	110	94
chr11	93198002	93204078	+	110	86
chr11	111338053	111344817	-	110	85
chr12	58852390	58852491	-	110	97
chr12	91976612	91979450	+	110	100
chr13	98024345	98033310	+	110	97
chr17	16392573	16414410	-	110	98
chr17	35379770	35394133	-	110	75
chr19	7955944	7957207	+	110	104
chr19	12726601	12730389	-	110	100
chr19	55337314	55338406	+	110	99
chr20	1435455	1437323	+	110	100
chr22	21910649	21915451	+	110	97
chr22	28789314	28794503	+	110	101
chr22	38216514	38218512	-	110	102
chr22	42777552	42783619	-	110	101
chr22	43129941	43131170	-	110	95
chrX	68600516	68610506	+	110	72
chrY	4207940	4766548	+	110	102
KI270722.1	76022	76620	-	110	104
chr1	19277659	19282143	-	109	94
chr1	45307083	45326505	-	109	94
chr1	148789879	148791109	-	109	105
chr2	196068840	196073526	+	109	80
chr2	201103152	201105449	-	109	94
chr3	196832739	196837282	-	109	99
chr4	8360059	8361460	+	109	100
chr4	108035451	108041080	+	109	92
chr4	135046872	135047174	+	109	107
chr6	21622610	21631938	+	109	105
chr6	32647200	32648152	+	109	88
chr6	34773944	34786037	+	109	104
chr6	137190924	137197427	-	109	93
chr6	158518467	158535159	+	109	86
chr7	2448519	2451020	+	109	105
chr7	76452594	76461055	-	109	106
chr7	123558190	123562457	+	109	89
chr7	150183245	150183681	+	109	104
chr8	47754238	47759174	-	109	97
chr10	5763781	5765188	-	109	101
chr10	122434006	122435893	+	109	96
chr11	25451437	25452301	-	109	104
chr11	61127895	61130074	-	109	101
chr11	121404862	121413079	-	109	92
chr13	27423527	27424516	-	109	97
chr13	49293506	49296925	+	109	89
chr16	4456789	4460873	+	109	91
chr18	25378495	25718375	-	109	101
chr19	4809447	4815920	-	109	94
chr19	14007602	14018020	-	109	101
chr19	41940316	41955439	+	109	99
chr20	53746767	53791666	-	109	104
chrX	15003118	15102704	-	109	96
chrX	71015524	71016383	-	109	108
chrX	107350529	107351493	-	109	107
chr1	1470466	1471634	-	108	93
chr2	119686714	119689784	+	108	99
chr2	148517138	148530229	+	108	101
chr2	218263863	218264124	+	108	90
chr3	181907295	181907471	-	108	105
chr3	196632898	196636132	+	108	86
chr4	118399999	118400476	-	108	108
chr5	33470073	33474696	+	108	97
chr5	143252355	143257008	+	108	97
chr6	33339793	33345522	+	108	102
chr6	158522378	158531294	-	108	106
chr7	70796448	70834425	-	108	101
chr7	72872205	72874673	+	108	103
chr7	101692933	101745377	-	108	96
chr7	102679388	102680488	+	108	105
chr7	108464645	108470372	-	108	95
chr8	6264391	6309560	-	108	106
chr8	48073025	48151971	-	108	104
chr10	24743293	24749879	-	108	105
chr10	102068038	102072064	-	108	95
chr11	102378714	102384311	+	108	102
chr12	10600117	10604112	-	108	99
chr13	48095351	48119584	-	108	93
chr14	50231937	50236748	+	108	95
chr15	55198604	55202947	-	108	87
chr16	30189097	30192919	-	108	103
chr17	52179117	52179377	-	108	107
chr17	68031741	68035634	-	108	92
chr18	59904309	59905039	-	108	99
chr19	5791342	5795273	+	108	93
chr19	17945182	17947391	+	108	92
chr19	18051121	18058686	-	108	99
chr19	43536794	43542122	+	108	100
chr19	47322207	47325412	+	108	77
chr20	2867944	2870737	-	108	99
chr20	3663854	3666966	-	108	24
chr20	5037826	5051442	-	108	83
chr20	62383350	62385929	-	108	100
chr21	40932932	40933047	-	108	94
chr21	43713219	43719024	-	108	97
chr22	23319543	23326594	+	108	99
chrY	20907819	20910967	-	108	82
chr1	27863441	27870294	+	107	94
chr1	66989051	66997112	-	107	95
chr1	160958361	160992886	+	107	92
chr1	193000889	193002634	+	107	100
chr1	247096012	247099879	-	107	101
chr2	74185110	74186036	+	107	54
chr2	105350728	105357474	+	107	97
chr2	117023530	117023661	+	107	107
chr2	174527832	174529009	+	107	98
chr3	101608234	101610665	+	107	94
chr3	108859495	108881392	-	107	102
chr3	120319783	120324346	-	107	99
chr3	138152223	138160793	+	107	86
chr3	179394991	179396082	+	107	104
chr3	195550640	195552952	+	107	95
chr4	34463823	34464105	+	107	106
chr4	178861634	178861884	-	107	106
chr5	6356686	6358848	-	107	93
chr5	34959980	34963143	-	107	90
chr5	76921654	76927644	+	107	92
chr6	41602847	41613250	+	107	75
chr7	55880657	55880747	+	107	105
chr7	74769884	74773494	+	107	91
chr7	134687994	134701182	-	107	91
chr8	143618051	143619779	+	107	96
chr9	35116797	35144061	+	107	88
chr9	96684503	96686861	-	107	89
chr9	129886061	129887170	-	107	99
chr9	136872775	136881730	-	107	88
chr10	28356888	28409328	-	107	97
chr10	75182138	75191234	+	107	94
chr10	102070404	102082643	+	107	95
chr10	123265818	123275450	+	107	90
chr11	62740335	62748282	-	107	87
chr11	65449709	65455129	-	107	86
chr11	106444712	106452181	-	107	104
chr11	107316502	107321436	+	107	105
chr12	68806153	68808111	-	107	95
chr14	52999550	53000687	+	107	107
chr14	93116463	93134164	+	107	94
chr14	106834201	106848495	-	107	81
chr15	90925634	90929964	-	107	101
chr15	101256740	101263735	-	107	89
chr16	2721297	2736163	+	107	91
chr16	30912888	30919314	-	107	98
chr17	1690408	1702748	-	107	71
chr17	57684885	57690607	+	107	84
chr17	67825061	67825499	-	107	98
chr17	74262532	74271321	-	107	38
chr19	893618	896463	+	107	95
chr20	1943958	1947225	+	107	94
chr21	39165539	39171062	-	107	89
chr22	20891409	20917286	-	107	100
chrX	65742361	65748466	+	107	94
chrX	81313062	81313759	-	107	103
chrX	83747452	83748797	-	107	104
chrX	139708421	139714839	-	107	96
chr1	27312810	27317777	-	106	97
chr1	120851363	120853049	+	106	100
chr1	151973598	151982822	+	106	96
chr1	162601536	162609314	-	106	85
chr2	18770952	18775199	+	106	93
chr3	13451997	13454940	+	106	80
chr3	108138650	108144476	+	106	96
chr4	96903113	96903369	+	106	104
chr5	10207048	10209489	+	106	103
chr5	71072075	71072611	+	106	100
chr5	131145685	131155144	-	106	77
chr6	170553409	170554182	-	106	101
chr7	17754291	17758547	-	106	95
chr7	150148985	150154976	-	106	91
chr7	153009625	153123300	-	106	93
chr8	47738185	47742749	+	106	99
chr10	46004338	46005055	-	106	101
chr10	69049392	69056878	-	106	85
chr10	70192697	70196854	+	106	92
chr10	109755146	109757319	-	106	103
chr11	108467564	108469900	+	106	92
chr12	14287160	14330579	+	106	88
chr12	31767284	31778328	+	106	100
chr12	47613709	47621391	-	106	92
chr12	125802503	125806484	-	106	103
chr13	73671193	73676814	-	106	94
chr14	31208390	31212440	+	106	102
chr15	50372357	50380825	+	106	91
chr16	29749644	29752064	+	106	94
chr17	792975	798866	+	106	98
chr17	7040276	7041521	-	106	97
chr17	58285562	58291269	-	106	49
chr19	18958283	18986491	+	106	91
chr19	37730751	37735414	-	106	95
chr20	32033076	32034263	-	106	84
chr22	49761520	49769393	-	106	92
chr1	67400126	67405097	+	105	93
chr1	150236451	150239493	+	105	104
chr1	155740266	155745104	-	105	99
chr1	158870900	158871112	-	105	102
chr1	192989404	192993219	-	105	98
chr2	26290549	26296798	+	105	99
chr2	62224995	62228915	+	105	100
chr2	224761192	224764260	+	105	101
chr3	45370236	45370883	+	105	104
chr3	67318764	67323894	-	105	87
chr3	132368829	132372564	-	105	94
chr4	6241973	6242176	-	105	102
chr5	177985038	177992233	+	105	86
chr6	32550143	32551829	-	105	98
chr7	5894614	5898504	-	105	93
chr7	38318918	38322199	-	105	85
chr7	73063564	73064692	+	105	102
chr7	73578823	73581679	+	105	91
chr7	100873567	100874965	-	105	99
chr7	149028768	149034073	+	105	92
chr11	80491969	80492089	+	105	100
chr12	23410223	23411207	+	105	102
chr12	46174488	46182918	-	105	98
chr12	48870343	48881734	+	105	102
chr12	108857736	108858671	+	105	93
chr14	28179643	28194312	+	105	103
chr14	69462675	69472264	+	105	95
chr15	64719618	64726130	-	105	85
chr16	31594836	31598043	-	105	104
chr16	69704847	69706978	+	105	93
chr17	1630495	1633641	-	105	94
chr17	38843674	38847823	+	105	93
chr17	44390944	44394198	+	105	94
chr17	47111427	47116637	+	105	99
chr17	82497731	82510333	+	105	92
chr18	712781	715503	+	105	80
chr19	4832064	4838065	-	105	93
chr19	18569589	18571683	-	105	94
chr19	35697674	35704027	-	105	92
chr19	40300158	40319389	+	105	98
chr21	17164895	17168863	+	105	102
chr21	44001666	44006721	+	105	94
chr22	47219269	47221373	-	105	98
chrX	68557314	68581918	-	105	98
chr1	9232353	9234652	+	104	70
chr1	154914866	154922174	+	104	99
chr1	167708818	167713323	+	104	83
chr1	247289161	247291242	-	104	98
chr2	85316745	85317938	+	104	100
chr3	122522765	122527901	-	104	82
chr3	124954205	124962974	-	104	85
chr3	193717505	193727932	+	104	81
chr4	13057767	13065634	-	104	77
chr4	183714522	183723953	+	104	89
chr5	32176044	32177456	-	104	102
chr5	55618035	55623403	-	104	88
chr5	66094195	66099164	-	104	99
chr5	99249713	99250029	+	104	103
chr5	148890606	148897917	+	104	84
chr7	53864306	53864481	+	104	99
chr7	156906826	156908358	-	104	104
chr9	71676587	71683258	-	104	98
chr9	134081874	134128148	+	104	101
chr10	8076288	8079804	-	104	98
chr10	112842043	112844815	-	104	100
chr11	44061661	44065905	-	104	89
chr11	75351856	75376076	+	104	85
chr12	61340328	61340622	-	104	103
chr12	118427057	118427718	-	104	97
chr16	60829317	60879915	+	104	99
chr17	7357238	7379169	+	104	90
chr17	14535500	14558917	-	104	102
chr17	40108402	40110096	+	104	73
chr18	31964215	31965089	+	104	99
chr19	5341040	5440275	+	104	81
chr19	32531835	32562807	-	104	102
chrX	135052343	135056636	+	104	94
chrY	1055663	1108393	-	104	102
chr1	45624230	45627174	+	103	98
chr1	105580269	105580390	+	103	102
chr1	158275750	158282710	-	103	73
chr1	193008049	193012123	+	103	97
chr1	242903324	242956894	+	103	102
chr3	33870160	33873718	+	103	96
chr3	49094621	49095578	+	103	90
chr5	1634037	1635585	+	103	89
chr5	76787997	76805350	-	103	87
chr6	118807892	118813435	-	103	96
chr7	75079352	75083891	-	103	99
chr7	93229946	93232178	-	103	96
chr8	140459685	140463695	-	103	99
chr8	144417245	144422326	+	103	81
chr9	114326632	114329765	-	103	98
chr9	122762576	122788635	+	103	97
chr10	92677307	92682149	+	103	98
chr10	112827748	112831098	+	103	94
chr11	55167639	55198665	-	103	101
chr12	10362472	10362940	+	103	87
chr12	53353639	53376474	+	103	99
chr12	101873123	101876648	-	103	88
chr12	126800469	126858168	-	103	100
chr13	41273088	41286730	-	103	82
chr13	84952748	84961129	-	103	69
chr14	31865592	31872077	+	103	73
chr14	73224021	73227585	-	103	97
chr16	187816	188857	-	103	95
chr16	31444484	31449420	-	103	95
chr16	67272672	67277504	-	103	93
chr16	89702734	89707070	-	103	98
chr17	75414790	75431840	+	103	79
chr19	10340022	10350354	+	103	94
chr20	17910627	17912726	+	103	35
chr21	42450511	42453153	+	103	94
chr22	41402880	41414034	+	103	95
chr1	25501372	25504709	+	102	87
chr1	36072517	36079900	+	102	85
chr1	38965987	38982073	-	102	95
chr2	9840455	9842789	-	102	84
chr2	25998569	26028758	+	102	102
chr2	96093806	96097095	+	102	47
chr2	201085808	201100833	+	102	92
chr2	230023828	230031067	-	102	100
chr4	2049309	2056157	+	102	99
chr4	25728502	25742444	+	102	90
chr4	81023087	81023269	+	102	96
chr5	25638874	25639119	-	102	99
chr6	47471790	47476423	-	102	90
chr6	80359326	80371107	+	102	90
chr6	117821443	117821756	+	102	99
chr7	991730	995020	-	102	92
chr7	45115554	45115653	+	102	98
chr9	128000128	128015650	-	102	90
chr10	72327321	72332776	-	102	96
chr10	114427424	114431094	-	102	98
chr11	58493724	58497765	-	102	95
chr11	62897731	62904983	+	102	83
chr11	73603556	73622665	+	102	96
chr12	11282588	11284677	-	102	94
chr12	59592269	59596009	-	102	85
chr13	31653288	31690605	-	102	64
chr14	22888060	22893149	+	102	90
chr14	35035379	35044922	+	102	87
chr14	67616781	67619719	-	102	90
chr14	73803628	73816777	+	102	82
chr15	52541376	52547000	-	102	89
chr16	63771566	63784019	+	102	99
chr16	89204573	89214009	-	102	94
chr16	89249665	89254022	+	102	93
chr17	7544529	7548507	-	102	72
chr17	30965786	30968725	+	102	89
chr17	75183064	75189828	+	102	91
chr18	79953687	79959203	-	102	91
chr19	17930138	17930354	-	102	97
chr19	29683437	29694120	+	102	90
chr19	39033965	39081848	-	102	91
chr20	24999656	25003718	-	102	95
chr20	32813073	32819739	-	102	70
chr21	6129360	6131196	-	102	89
chr22	20595304	20602592	-	102	93
chr22	50491187	50501574	+	102	95
chrX	53686864	53719214	+	102	89
chrX	75328649	75330121	+	102	93
chrX	79103842	79105430	-	102	97
chrX	80591953	80592139	+	102	98
chr1	52828006	52841501	+	101	87
chr1	227677645	227681250	+	101	88
chr1	248871346	248874091	-	101	87
chr2	9780494	9782241	-	101	87
chr2	9934635	9936250	-	101	97
chr2	81350705	81351355	-	101	99
chr2	96565204	96572163	-	101	86
chr2	144660159	144664533	+	101	74
chr2	203322515	203327701	+	101	90
chr3	51909572	51917468	+	101	100
chr3	51989325	51993326	-	101	93
chr3	67012841	67013332	-	101	96
chr3	101599793	101604921	-	101	100
chr3	119291908	119294341	-	101	86
chr3	120304609	120306208	+	101	87
chr3	195954588	195955525	+	101	98
chr6	87715724	87719076	-	101	83
chr7	63565730	63566545	-	101	99
chr8	23118905	23122710	+	101	93
chr8	102820821	102823439	+	101	94
chr8	123477555	123489901	+	101	90
chr8	142640816	142648796	-	101	88
chr9	39593203	39596191	+	101	39
chr9	71653732	71659847	-	101	81
chr9	107597547	107629960	-	101	99
chr9	135993648	135996583	-	101	92
chr11	119136093	119140896	+	101	88
chr12	96269916	96278161	-	101	94
chr12	122638251	122673485	+	101	94
chr15	51623077	51630964	+	101	89
chr15	88673388	88677347	-	101	85
chr16	28746624	28748140	-	101	94
chr19	6370302	6372747	+	101	95
chr21	31739956	31743769	-	101	92
chr22	17780568	17787645	+	101	95
chr22	30430401	30432618	-	101	86
chrX	108991369	108991548	+	101	101
chrX	136099053	136130925	-	101	99
chrY	1013570	1105254	+	101	98
chrY	15808883	15883036	+	101	99
chr1	10452337	10456497	+	100	90
chr1	26575497	26586686	+	100	91
chr1	28719522	28724118	+	100	90
chr1	29182587	29192327	-	100	90
chr1	148097419	148100499	-	100	90
chr1	161220788	161222278	+	100	84
chr4	48054412	48057004	-	100	86
chr4	107370247	107371439	+	100	95
chr4	137898769	137938937	-	100	95
chr5	10207536	10211426	-	100	88
chr5	138938479	138943370	+	100	90
chr6	16296081	16298852	-	100	87
chr6	32590220	32591891	-	100	94
chr6	111031277	111041846	+	100	69
chr6	123193918	123194141	+	100	93
chr7	6370319	6374088	-	100	71
chr7	45076549	45080369	+	100	91
chr7	142530086	142531899	-	100	92
chr8	144812834	144822594	-	100	94
chr9	75168349	75174019	-	100	96
chr9	111350345	111357340	-	100	89
chr11	118793353	118805368	-	100	80
chr12	51219814	51225238	-	100	87
chr14	76892854	76915986	+	100	92
chr14	92106824	92112792	+	100	99
chr16	11235139	11242508	+	100	73
chr17	61928337	61942532	+	100	93
chr17	65520341	65527049	+	100	81
chr17	75023566	75029119	+	100	76
chr19	38317331	38319664	-	100	83
chr21	31669261	31670759	+	100	91
chr21	44298675	44299889	-	100	80
chr22	49935350	49937185	-	100	96
chr1	23240426	23241440	+	99	99
chr1	27002122	27002696	+	99	96
chr1	157665098	157674281	-	99	73
chr1	179076651	179081055	+	99	90
chr1	186421408	186423250	+	99	92
chr1	224035056	224035949	-	99	95
chr2	218770983	218781734	-	99	92
chr2	232344354	232345051	+	99	94
chr3	11784436	11788695	-	99	93
chr3	47486945	47494994	+	99	94
chr3	143216011	143227785	+	99	76
chr4	6697641	6704411	-	99	81
chr4	123319438	123325634	+	99	84
chr4	152921658	152926811	+	99	83
chr4	173420141	173425084	+	99	84
chr5	18700538	18704430	-	99	94
chr5	62653359	62660117	+	99	88
chr5	71850924	71851236	-	99	99
chr6	28894212	28902560	+	99	93
chr6	34582188	34586366	-	99	87
chr6	43457183	43459401	-	99	95
chr6	121414906	121415144	-	99	88
chr8	38898059	38899627	-	99	82
chr8	117784086	117793448	-	99	83
chr8	133573948	133578994	+	99	85
chr9	108773884	108820942	-	99	78
chr9	125189973	125194576	+	99	73
chr9	131532095	131544968	+	99	94
chr9	133318516	133328212	-	99	91
chr10	15484820	15485651	-	99	97
chr10	32056522	32061183	+	99	97
chr10	75231569	75233264	-	99	93
chr10	102123275	102131753	+	99	85
chr11	1518955	1521967	-	99	90
chr11	29143137	29154522	-	99	98
chr11	60952883	60955646	-	99	87
chr11	68879829	68888928	+	99	92
chr11	110465310	110472760	+	99	84
chr12	122500934	122503209	+	99	93
chr13	21149103	21151496	+	99	86
chr13	49793691	49806579	+	99	85
chr15	34115523	34124583	-	99	83
chr16	12649130	12659645	+	99	78
chr16	46979073	46990646	+	99	81
chr17	35449782	35453133	+	99	93
chr17	75709714	75715895	-	99	94
chr19	1435710	1437986	+	99	95
chr20	1435698	1439880	-	99	94
chr20	54435672	54457646	+	99	98
chr21	36301929	36316196	-	99	75
chr22	37466495	37468784	+	99	98
chrX	134430954	134441857	+	99	86
chrY	1331870	1335009	-	99	69
chr1	44843555	44848373	-	98	93
chr1	92451483	92461266	-	98	89
chr1	185108511	185115466	-	98	86
chr1	206748133	206753779	+	98	73
chr1	244911922	244936601	+	98	78
chr2	15848220	15849209	-	98	98
chr2	32157644	32162348	+	98	83
chr2	32163524	32165004	-	98	85
chr3	47785376	47791391	+	98	75
chr3	150513468	150516946	+	98	80
chr3	183446019	183447514	-	98	96
chr4	7961970	7962525	+	98	91
chr5	134011719	134028001	+	98	88
chr6	27114952	27117483	+	98	67
chr6	36491147	36493827	+	98	95
chr7	7248693	7254813	+	98	86
chr7	44909196	44919110	+	98	73
chr7	109906263	109920509	+	98	95
chr7	150221268	150223881	-	98	92
chr8	42133310	42139450	-	98	86
chr8	52572207	52572531	-	98	98
chr10	30737505	30740064	+	98	96
chr10	31937115	31962565	-	98	82
chr10	99774074	99775788	-	98	86
chr12	90452652	90485097	+	98	98
chr12	101387760	101392835	+	98	89
chr13	81558873	81559271	-	98	95
chr14	22168356	22175469	+	98	72
chr14	34493117	34513675	+	98	88
chr14	49858759	49860311	-	98	89
chr14	99120175	99123946	+	98	83
chr15	44941598	44942470	-	98	95
chr16	11638896	11640368	-	98	82
chr16	15947009	15949017	-	98	82
chr16	81432224	81433851	+	98	49
chr17	8183436	8188025	+	98	87
chr17	63461890	63465753	-	98	96
chr18	63381936	63388078	-	98	89
chr19	3125512	3135745	+	98	85
chr19	9128018	9136571	-	98	18
chr19	15348549	15353327	-	98	93
chr19	50515040	50516888	+	98	90
chr20	35148173	35149928	+	98	95
chr20	49788940	49789644	-	98	40
chr22	23757741	23762763	+	98	84
chr22	31349078	31355710	+	98	89
chrX	53528065	53531958	-	98	82
GL000195.1	67107	68920	+	98	91
chr1	109104806	109105897	+	97	86
chr2	128088532	128090455	-	97	87
chr2	200868406	200870857	-	97	90
chr2	229279009	229283103	-	97	58
chr3	26388641	26390050	-	97	95
chr3	32373426	32380215	+	97	87
chr4	113784085	113785299	+	97	97
chr5	16336279	16339109	+	97	93
chr5	39083472	39085731	-	97	86
chr5	168519781	168528125	+	97	84
chr5	179101664	179110235	+	97	80
chr7	44733833	44737174	+	97	91
chr7	66592593	66600424	-	97	96
chr7	74197137	74199621	-	97	92
chr7	149736846	149739760	+	97	84
chr7	152686346	152702043	-	97	94
chr8	130017506	130020620	+	97	86
chr9	6008503	6010863	+	97	88
chr9	85899864	85928456	-	97	78
chr9	111675335	111685971	+	97	84
chr10	74772266	74812489	+	97	90
chr10	102190790	102207116	+	97	92
chr10	130184524	130186828	-	97	95
chr10	132526599	132532821	-	97	73
chr11	50548766	50713865	+	97	95
chr12	9845014	9852282	+	97	82
chr12	22009258	22009609	+	97	95
chr12	48644857	48646614	+	97	94
chr14	105025083	105032821	-	97	80
chr17	7657801	7661335	+	97	84
chr17	27213005	27213312	+	97	94
chr17	35222890	35229469	-	97	84
chr17	48061875	48069852	-	97	85
chr17	60099286	60101672	-	97	95
chr19	3988124	4000126	-	97	73
chr19	8507898	8509672	-	97	90
chr19	57236828	57240501	-	97	83
chr20	37949523	37957652	-	97	72
chr22	19867515	19870121	-	97	90
chr22	35351708	35369211	+	97	85
chrX	49005150	49027824	-	97	91
chrX	101096542	101097899	-	97	81
chrX	118718360	118719989	+	97	64
chrY	12948261	12950206	+	97	79
chr1	11926434	11933956	+	96	54
chr1	40467039	40472523	+	96	76
chr1	46371184	46379676	-	96	86
chr1	86336053	86346324	-	96	85
chr1	192991278	192993173	+	96	89
chr1	223862374	223863645	-	96	93
chr1	231064319	231086853	-	96	95
chr2	7091840	7094379	+	96	91
chr2	25213652	25227568	-	96	86
chr2	151739707	151743341	-	96	87
chr3	47372541	47379077	-	96	82
chr3	50328300	50329778	-	96	85
chr3	57545071	57555560	-	96	82
chr3	179341910	179346341	+	96	85
chr4	4249296	4250632	+	96	86
chr5	157011911	157017517	+	96	79
chr6	7480428	7480751	-	96	93
chr6	37151237	37167921	+	96	86
chr6	65982614	65982743	-	96	96
chr6	118417541	118418571	+	96	90
chr7	57945505	57946321	+	96	94
chr7	77783688	77791434	-	96	91
chr7	106931031	107011189	-	96	89
chr9	99975171	99979156	-	96	90
chr9	128810771	128818106	-	96	88
chr10	70170947	70173649	+	96	80
chr11	1849233	1850900	-	96	86
chr11	18408631	18412242	-	96	88
chr11	76144673	76148080	+	96	85
chr11	128047248	128051303	+	96	73
chr12	133077467	133080367	-	96	84
chr14	77781472	77792445	+	96	90
chr14	82895754	83008403	-	96	92
chr15	64723931	64727269	+	96	79
chr16	30788268	30793294	-	96	96
chr17	67984687	67990952	-	96	87
chr19	1926029	1931467	+	96	88
chr19	4726152	4741570	+	96	79
chr19	34231928	34239750	-	96	89
chr19	42255248	42262476	+	96	79
chr19	44995001	45000680	+	96	80
chr19	47600619	47607499	+	96	85
chr22	30627985	30635668	+	96	77
chrX	79411604	79412139	-	96	92
chrX	111762702	111767682	+	96	89
chr1	9615461	9620525	+	95	80
chr1	11848759	11855548	+	95	80
chr1	26866193	26876093	-	95	84
chr1	116769249	116774829	+	95	85
chr1	154915173	154924626	-	95	81
chr1	236640579	236642444	+	95	93
chr2	112580142	112582942	-	95	89
chr2	117804461	117810657	+	95	67
chr2	207708092	207710822	-	95	82
chr2	219186017	219195232	-	95	84
chr3	27631182	27632055	+	95	94
chr3	101596846	101598676	+	95	91
chr4	38754414	38755970	+	95	71
chr5	70078566	70080693	+	95	91
chr5	70958787	70960945	+	95	92
chr5	176444584	176447609	-	95	85
chr5	177312915	177315595	-	95	90
chr5	179538686	179550412	+	95	78
chr6	24371047	24399246	+	95	92
chr6	102556980	102659666	-	95	95
chr7	44770516	44775302	-	95	91
chr7	75182751	75184672	+	95	86
chr7	98873235	98877815	-	95	77
chr7	150091490	150092029	+	95	95
chr7	151917298	151938393	-	95	87
chr9	37503805	37506049	-	95	86
chr10	3673045	3675409	+	95	93
chr10	27555043	27558060	-	95	86
chr10	43430689	43436685	+	95	91
chr10	72355167	72357849	+	95	82
chr10	118755699	118757080	+	95	88
chr12	62623124	62634890	-	95	84
chr12	131240619	131240802	+	95	92
chr14	102775230	102777257	-	95	77
chr15	51623150	51629663	-	95	79
chr15	74911216	74919033	+	95	80
chr16	29468090	29469732	-	95	82
chr16	69467493	69476034	-	95	90
chr17	17285134	17300760	-	95	88
chr17	29241844	29246739	-	95	89
chr17	42312704	42313321	+	95	88
chr17	59296562	59310066	+	95	65
chr17	73269793	73279961	-	95	70
chr17	81554070	81556634	-	95	91
chr18	21526118	21528840	+	95	89
chr18	69991906	69997330	-	95	81
chr19	2944974	2949022	-	95	89
chr19	12189911	12194899	+	95	90
chr19	16158601	16161215	+	95	85
chr19	18049809	18058727	+	95	83
chr20	6215532	6215692	+	95	95
chr20	29299535	29299639	+	95	94
chr22	22773383	22773878	+	95	88
chrX	64161662	64170685	-	95	77
chrX	89419413	89423737	+	95	89
chrY	1768867	1777125	-	95	85
GL000224.1	320	18241	+	95	68
chr1	24622638	24631579	-	94	73
chr1	35211090	35254447	+	94	94
chr1	244277127	244283954	-	94	79
chr2	7147091	7150488	-	94	81
chr2	27426408	27427786	-	94	90
chr2	148788665	148795186	+	94	91
chr2	202249393	202265676	-	94	75
chr2	231667083	231671094	-	94	78
chr4	77850371	77860474	+	94	90
chr4	183516678	183520151	-	94	87
chr4	184382771	184385689	-	94	87
chr5	37066664	37071215	-	94	87
chr5	138281796	138282768	+	94	93
chr5	177597256	177599888	-	94	92
chr6	118718613	118757206	-	94	67
chr6	158822389	158830937	+	94	73
chr7	28916382	28917645	-	94	92
chr7	132771326	132779663	-	94	86
chr7	140479638	140484422	+	94	88
chr9	4885919	4893529	+	94	85
chr11	6683563	6686433	+	94	89
chr11	60157184	60159523	-	94	88
chr11	76328767	76349171	-	94	83
chr11	129862097	129863565	-	94	87
chr12	12645542	12648499	+	94	90
chr12	74534878	74537786	+	94	82
chr12	94520580	94521032	-	94	93
chr12	122267067	122271348	-	94	83
chr13	82300405	82315314	+	94	93
chr14	75309110	75310715	-	94	91
chr14	76955257	76958095	+	94	83
chr16	74441952	74446344	-	94	86
chr17	43761078	43765710	-	94	76
chr17	47686302	47692141	+	94	88
chr19	1536662	1554360	-	94	82
chr19	8577471	8580074	+	94	79
chr19	17583182	17588434	+	94	78
chr21	26722494	26728085	-	94	88
chr22	34007201	34007363	-	94	93
chr22	35360211	35367053	-	94	84
chrX	12955137	12959943	+	94	83
chrX	49044336	49048160	+	94	83
chr1	12015227	12019009	+	93	90
chr1	149900799	149903273	+	93	74
chr1	154994373	154999352	-	93	65
chr1	223103910	223108705	-	93	85
chr2	61608704	61673798	-	93	85
chr2	95991906	95994038	+	93	87
chr2	190400260	190405760	-	93	76
chr2	231656567	231662361	-	93	83
chr3	133590473	133595083	-	93	84
chr3	141941801	141943876	-	93	85
chr3	184309364	184314483	-	93	80
chr4	2242486	2246057	-	93	83
chr4	128257511	128257707	+	93	91
chr5	126858716	126861831	+	93	79
chr5	140135285	140142126	+	93	88
chr5	176539294	176540369	+	93	82
chr7	10928265	10931665	+	93	79
chr7	66496326	66505152	-	93	86
chr7	77783138	77789702	+	93	85
chr7	128108521	128113732	+	93	83
chr8	15286694	15286799	-	93	90
chr8	33538499	33544535	-	93	77
chr8	55836602	55842356	+	93	74
chr8	55844536	55846903	+	93	71
chr8	91091576	91093858	+	93	87
chr9	36163920	36167318	+	93	85
chr9	131123420	131124861	-	93	90
chr10	22507359	22515869	-	93	65
chr10	36796277	36919065	-	93	91
chr10	92031785	92033433	-	93	87
chr10	92034816	92041339	-	93	83
chr12	28970200	28970370	-	93	89
chr12	45911631	45919125	-	93	87
chr12	51539300	51580718	-	93	92
chr12	67679402	67679861	-	93	90
chr12	74545481	74549447	+	93	87
chr13	22519460	22535362	+	93	63
chr14	32161627	32167033	+	93	78
chr14	51987661	51989175	-	93	83
chr16	3338779	3346568	+	93	89
chr16	24832618	24843597	+	93	68
chr17	46580049	46581979	+	93	84
chr19	1326899	1347893	+	93	90
chr19	4626240	4633007	+	93	83
chr19	10713444	10717698	+	93	84
chr19	18389197	18390734	-	93	72
chr19	18949222	18953440	+	93	87
chr20	34112328	34118016	+	93	84
chr20	56528305	56533043	-	93	78
chr22	31357026	31379224	+	93	74
chr22	42538595	42542107	-	93	91
chrX	64898667	64903211	-	93	64
chrX	154479371	154481886	+	93	69
GL000224.1	28282	92797	+	93	90
KI270718.1	34313	38019	-	93	86
KI270731.1	86663	86774	+	93	91
chr1	62323000	62415220	+	92	91
chr1	206498310	206503934	+	92	86
chr1	212116064	212144990	+	92	74
chr1	242049003	242050556	-	92	90
chr2	30227055	30231398	-	92	84
chr2	54388912	54389100	+	92	88
chr2	113756731	113760190	+	92	88
chr2	134959892	134964473	+	92	89
chr3	98593775	98594526	+	92	76
chr4	48455015	48459599	+	92	66
chr6	31578530	31580481	+	92	79
chr6	44243478	44245412	-	92	68
chr7	2393231	2402437	-	92	87
chr7	4269625	4349804	-	92	90
chr7	38230974	38239184	-	92	79
chr7	56106980	56112967	+	92	76
chr7	65034865	65037883	-	92	69
chr7	73368345	73384733	+	92	92
chr7	142684476	142684974	+	92	88
chr7	144442198	144451218	-	92	79
chr7	151414250	151419911	+	92	68
chr8	96643766	96645231	-	92	84
chr9	27084704	27091739	-	92	91
chr9	101564229	101569116	+	92	86
chr9	127906706	127907708	-	92	82
chr10	67879193	67884382	-	92	87
chr10	72990279	72999709	+	92	85
chr10	74755962	74805349	-	92	88
chr11	3841001	3842992	-	92	86
chr11	23084166	23090623	+	92	67
chr11	64811317	64823049	+	92	74
chr11	67286592	67289223	+	92	82
chr12	10211699	10212448	-	92	81
chr12	31255425	31258913	-	92	69
chr12	120498500	120503206	+	92	82
chr14	97797871	97806180	+	92	73
chr14	99965732	99965828	+	92	88
chr14	105673787	105682115	+	92	66
chr15	101277644	101280970	+	92	75
chr16	25191303	25208775	+	92	81
chr16	88785407	88791021	+	92	86
chr17	28646807	28648268	+	92	83
chr17	38968760	38989955	-	92	79
chr17	44834115	44842398	+	92	88
chr17	60675995	60677168	-	92	83
chr19	10470198	10485155	-	92	81
chr19	47278069	47283414	-	92	87
chr19	55751220	55751393	-	92	90
chrX	40177365	40194981	+	92	81
chrX	68537294	68540086	+	92	83
chrX	123858132	123859671	-	92	82
chrY	7208255	7245743	+	92	84
chr1	110023938	110031541	+	91	72
chr1	173787157	173790937	+	91	84
chr1	181092901	181094366	+	91	82
chr1	228076637	228081644	-	91	87
chr1	230897500	230902165	-	91	88
chr2	97111812	97112912	-	91	84
chr2	135049235	135052241	-	91	84
chr2	222712846	222713005	+	91	86
chr2	239402689	239405837	+	91	86
chr3	89776275	90003575	-	91	91
chr3	101713309	101717309	+	91	78
chr3	107811390	107817556	+	91	86
chr3	108258446	108266624	+	91	80
chr3	169789848	169792861	+	91	80
chr5	40835400	40838691	+	91	77
chr5	115516114	115517310	+	91	83
chr5	142106640	142108198	-	91	79
chr6	30556604	30557088	+	91	87
chr6	44236685	44245499	+	91	85
chr7	2392469	2402569	+	91	74
chr7	3059502	3074277	-	91	76
chr7	106084196	106089083	+	91	86
chr7	108464579	108470355	+	91	83
chr7	135978573	135980799	-	91	79
chr7	152131984	152134836	+	91	87
chr9	93180108	93180234	-	91	88
chr9	129595733	129596295	-	91	26
chr10	46099629	46106598	-	91	73
chr10	103351536	103360177	+	91	78
chr10	119703659	119722084	-	91	77
chr11	65637442	65638070	-	91	86
chr14	72964301	72969447	-	91	81
chr15	40394540	40395943	-	91	81
chr15	65517849	65519676	+	91	73
chr16	89249697	89254153	-	91	79
chr17	2589005	2592829	+	91	84
chr17	7084245	7089351	-	91	65
chr17	18818097	18823313	+	91	89
chr18	46288283	46293298	-	91	82
chr18	59848543	59878184	+	91	81
chr19	3164098	3171285	+	91	85
chr19	43465643	43468437	+	91	72
chr19	45652278	45663201	-	91	90
chr19	45878718	45882951	-	91	75
chr19	48811084	48812089	+	91	78
chr20	36867192	36869685	-	91	70
chr20	47442201	47450610	-	91	89
chr20	63527078	63527886	-	91	89
chr21	25866575	25871106	-	91	76
chr22	18229524	18229685	-	91	90
chr22	22764870	22766286	-	91	80
chr22	31662861	31676099	-	91	76
chr22	45188446	45192173	-	91	84
chrX	56480237	56482082	-	91	87
chrX	81808786	81951072	+	91	90
chr1	32730567	32739701	+	90	90
chr1	151743872	151753729	-	90	63
chr1	157741021	157745575	-	90	74
chr1	173489608	173490132	-	90	84
chr2	131101713	131104831	-	90	77
chr3	32774095	32788735	+	90	71
chr3	101606240	101616776	-	90	74
chr5	40407461	40409987	-	90	78
chr5	154612356	154680059	+	90	86
chr6	21602748	21609831	+	90	78
chr6	80378407	80381518	+	90	82
chr6	139077648	139130543	+	90	81
chr6	151470109	151493696	+	90	80
chr6	157210808	157212743	+	90	85
chr6	159662794	159668944	-	90	71
chr7	143534418	143544691	+	90	76
chr8	22676019	22678697	+	90	81
chr8	127508794	127542128	-	90	65
chr9	126730079	126802266	-	90	86
chr12	6471597	6477697	-	90	83
chr12	98551553	98556545	-	90	82
chr12	116592519	116594491	-	90	82
chr14	39141879	39147594	+	90	88
chr14	99151240	99156899	+	90	85
chr15	45695810	45702223	+	90	81
chr16	14669239	14672511	+	90	74
chr17	64316284	64319337	-	90	84
chr19	832068	838791	+	90	63
chr19	1402171	1407205	-	90	73
chr19	4725816	4740869	-	90	88
chr19	6940871	6943891	+	90	82
chr20	58383236	58387997	+	90	71
chr21	43197667	43199665	+	90	72
chr22	30329749	30331977	-	90	83
chr22	50327553	50336048	+	90	79
chrX	44499310	44506064	-	90	90
chrX	74562654	74568801	-	90	89
chrX	79325389	79330158	+	90	77
chrX	79331957	79350428	-	90	69
chrX	144405382	144834599	+	90	88
chrY	1827915	1878056	-	90	84
chr1	1746018	1748382	-	89	85
chr1	10993178	11012318	-	89	80
chr1	144383644	144386744	-	89	85
chr1	161310274	161313394	-	89	85
chr1	173792758	173799385	-	89	72
chr1	228653349	228687413	-	89	88
chr2	43597548	43601141	+	89	72
chr2	181432899	181435156	-	89	80
chr2	241103759	241104971	+	89	76
chr3	108091894	108094441	+	89	76
chr3	141871317	141876029	+	89	84
chr4	13142733	13160249	-	89	77
chr4	71920117	71964241	-	89	85
chr5	140148301	140150792	-	89	81
chr7	142493495	142499169	-	89	71
chr8	58794101	58805404	-	89	77
chr9	27066727	27073049	+	89	80
chr9	63620885	63625402	-	89	84
chr9	63696027	63696213	+	89	86
chr9	111670543	111673656	+	89	77
chr10	99773333	99782166	+	89	81
chr11	18367057	18374551	+	89	86
chr11	83153962	83156899	-	89	57
chr11	94404262	94408837	-	89	76
chr11	126193889	126200589	+	89	84
chr12	132442975	132446105	-	89	78
chr13	22519969	22535271	-	89	87
chr13	79306300	79311755	-	89	79
chr13	81076959	81078337	+	89	88
chr14	81467665	81471187	-	89	81
chr14	90050099	90050598	-	89	80
chr15	50546740	50552462	-	89	79
chr15	55176839	55180731	-	89	82
chr15	65115342	65117196	-	89	79
chr15	67810295	67812092	-	89	84
chr16	3333242	3337432	-	89	79
chr16	30335427	30336193	+	89	85
chr17	12145225	12167728	+	89	75
chr17	19056672	19060582	-	89	81
chr17	20405405	20408306	+	89	83
chr19	9851545	9853711	+	89	71
chr20	5529951	5532784	+	89	80
chr20	35107813	35115062	+	89	80
chr20	49894616	49903384	-	89	83
chr20	57350841	57350965	+	89	87
chr21	6123785	6127141	-	89	79
chr21	29054594	29055799	-	89	84
chrX	3588420	3599037	+	89	82
chrX	4045418	4045587	-	89	89
chrX	41962606	42037348	-	89	87
chrX	104306631	104538057	-	89	88
chrY	1765271	1767194	+	89	77
chr1	20790465	20801577	-	88	84
chr1	23352925	23359437	-	88	77
chr1	28140949	28147057	-	88	78
chr1	44778793	44781790	+	88	85
chr1	144546894	144548197	+	88	84
chr1	220046710	220056943	+	88	80
chr1	235651632	235654572	-	88	79
chr2	69313591	69317947	-	88	79
chr2	87876175	87915164	+	88	87
chr2	185896866	185905541	-	88	76
chr3	112914149	112920378	+	88	84
chr3	172408297	172410242	+	88	76
chr4	263100	270333	+	88	79
chr4	38159871	38160886	-	88	68
chr4	46203306	46203378	-	88	85
chr5	106598912	106787976	-	88	88
chr5	134593918	134595100	-	88	81
chr6	11711615	11712043	-	88	81
chr6	35338356	35340231	-	88	83
chr6	80787041	81035906	-	88	86
chr6	104717769	104727433	-	88	82
chr7	16719933	16726657	+	88	77
chr7	127339065	127344221	-	88	75
chr7	142475416	142481957	-	88	74
chr7	148801717	148805775	+	88	78
chr7	149539261	149542707	+	88	87
chr8	21883426	21885552	+	88	72
chr8	23130527	23135514	+	88	75
chr8	41923387	41929460	-	88	78
chr9	37358510	37361900	+	88	85
chr9	131359180	131370515	+	88	77
chr9	135922368	135926524	-	88	83
chr10	5846323	5861328	+	88	75
chr10	8075537	8081381	+	88	78
chr10	8678480	8719532	-	88	66
chr10	68527886	68533555	-	88	85
chr10	86424965	86434953	-	88	76
chr12	9414883	9415624	-	88	81
chr12	55080427	55101133	-	88	87
chr13	20773996	20777031	-	88	82
chr13	40771357	40774178	+	88	83
chr13	73033598	73039695	+	88	74
chr14	23329012	23335471	-	88	76
chr14	52705033	52707090	-	88	83
chr14	68797467	68806348	-	88	74
chr14	93233203	93237494	-	88	75
chr14	100306651	100311830	+	88	76
chr14	102758463	102764051	-	88	82
chr15	42932074	42939273	-	88	64
chr16	32459228	32460070	-	88	81
chr17	2685706	2688456	+	88	81
chr17	8278602	8282598	-	88	78
chr17	17837346	17840145	-	88	84
chr17	74496269	74503107	+	88	80
chr18	45967739	45971897	+	88	77
chr18	45973177	45980001	-	88	74
chr18	50786618	50792676	-	88	87
chr19	12724013	12729972	+	88	86
chr19	43468471	43473603	-	88	77
chr22	46682140	46684265	+	88	82
chrX	149472164	149476430	-	88	77
GL000195.1	81992	86430	-	88	82
KI270719.1	76136	76488	+	88	87
KI270727.1	42998	48293	-	88	85
chr1	1607453	1613636	+	87	74
chr1	111433257	111438633	-	87	84
chr1	114559695	114566964	+	87	82
chr2	99533894	99534749	+	87	76
chr2	182712571	182715603	-	87	75
chr2	196816919	196825555	-	87	78
chr2	202260779	202265510	+	87	79
chr2	203704794	203706450	-	87	68
chr2	203766196	203772607	-	87	83
chr2	234290742	234295865	-	87	72
chr3	33487252	33492460	-	87	71
chr3	36948902	36971573	-	87	77
chr3	93791184	93807222	+	87	83
chr3	137092119	137092295	+	87	85
chr3	154324572	154327922	+	87	83
chr3	182923225	182928189	-	87	77
chr4	52871131	52872978	-	87	81
chr4	168347137	168356307	-	87	69
chr5	181303409	181303969	+	87	78
chr6	122433513	122436773	+	87	80
chr6	170553327	170554181	+	87	78
chr7	65492160	65494759	-	87	83
chr7	66506651	66511365	+	87	78
chr7	75084993	75088842	-	87	79
chr7	123664290	123666114	-	87	80
chr7	142603149	142609391	-	87	72
chr8	43136749	43139970	-	87	80
chr8	140517282	140520118	+	87	81
chr9	33091208	33098723	+	87	77
chr10	72975089	72980467	-	87	61
chr12	94479597	94479702	+	87	86
chr13	28501116	28501363	-	87	86
chr13	42323966	42333700	+	87	71
chr13	102682833	102685728	+	87	83
chr17	38825896	38829321	+	87	75
chr17	78665543	78672832	-	87	82
chr19	29844947	29847989	+	87	79
chr20	2866869	2870388	+	87	82
chr20	44228108	44241374	+	87	81
chrX	30583470	30589428	-	87	73
chr1	11050517	11052311	-	86	80
chr1	11884215	11885440	-	86	83
chr1	45574926	45581365	+	86	70
chr1	114511288	114512884	-	86	78
chr1	151468436	151498269	+	86	85
chr1	156800819	156805680	+	86	79
chr1	205754776	205763450	+	86	77
chr1	223776661	223779676	-	86	82
chr2	27195150	27198158	+	86	78
chr2	32619751	32623429	+	86	77
chr2	96586390	96592590	-	86	83
chr2	216206604	216211207	+	86	83
chr2	237602386	237606285	-	86	80
chr3	5259146	5390000	-	86	70
chr3	53192762	53193290	+	86	77
chr3	144052187	144057050	+	86	79
chr3	150491742	150496234	-	86	80
chr4	31785399	31991041	-	86	83
chr4	163489059	163494422	-	86	77
chr5	103075908	103085884	-	86	60
chr6	15116368	15151070	-	86	81
chr6	27175646	27177004	+	86	29
chr6	27444155	27449643	+	86	71
chr6	32651386	32655746	+	86	78
chr7	74257640	74279549	-	86	83
chr8	22011513	22023139	+	86	67
chr8	42406455	42410903	-	86	73
chr8	144824270	144826887	-	86	79
chr9	108754946	108782200	+	86	75
chr10	9478011	9478164	-	86	80
chr10	22513123	22517431	+	86	74
chr11	63549115	63552763	-	86	78
chr11	118319851	118330367	+	86	62
chr14	33820883	33821169	+	86	85
chr16	29722507	29735597	+	86	77
chr16	50649742	50655501	-	86	80
chr17	21196638	21197736	-	86	78
chr17	42578513	42579438	+	86	79
chr17	46225574	46228588	+	86	69
chr17	49860986	49868070	+	86	78
chr17	64131395	64134392	+	86	73
chr18	75209151	75210298	-	86	84
chr19	11619323	11633181	+	86	67
chr19	33370356	33373058	+	86	64
chr19	42257738	42268521	-	86	72
chr19	43536510	43543029	-	86	78
chr21	42955811	42960667	+	86	78
chr22	27830464	27838981	-	86	77
chrX	83548124	83548272	+	86	85
chrX	96614152	96614969	+	86	86
chrX	154451459	154454016	+	86	81
chr1	2413803	2425972	+	85	81
chr2	60806168	60811781	+	85	53
chr2	86196693	86198752	+	85	80
chr2	119372663	119381918	+	85	68
chr2	131524687	131527656	-	85	62
chr2	227846415	227851308	+	85	60
chr2	233296210	233305200	-	85	81
chr3	183012840	183015071	-	85	77
chr4	25482410	25484014	+	85	79
chr4	45451287	45462534	+	85	85
chr5	75267715	75315711	-	85	80
chr5	80916999	80925163	+	85	70
chr7	24696651	24697150	-	85	81
chr7	44082749	44085322	+	85	81
chr7	134680343	134684143	-	85	80
chr7	150174344	150176923	+	85	80
chr8	42088465	42099493	-	85	82
chr9	99974565	99979177	+	85	82
chr9	105842676	105848766	+	85	58
chr9	137282691	137286100	+	85	73
chr9	137597644	137605097	-	85	71
chr10	13349748	13355305	+	85	75
chr10	33136767	33143015	+	85	69
chr10	73626790	73630285	+	85	77
chr10	80123652	80126864	-	85	70
chr10	99759944	99771253	-	85	77
chr10	124800325	124801714	-	85	39
chr10	127524535	127524881	+	85	84
chr11	16758404	16766389	+	85	75
chr11	46739966	46743023	-	85	77
chr11	61378501	61384484	-	85	63
chr12	62622543	62634869	+	85	80
chr12	120379572	120381323	-	85	83
chr14	54562863	54566116	-	85	73
chr14	63587027	63593698	+	85	77
chr14	91266736	91270997	-	85	80
chr14	97778134	97786223	+	85	65
chr15	43719156	43726056	-	85	73
chr16	2136662	2140658	-	85	63
chr16	66704961	66720126	+	85	75
chr16	89237147	89240630	+	85	75
chr16	89568155	89573741	+	85	77
chr17	45327223	45329662	-	85	37
chr17	50130292	50131889	+	85	69
chr17	50305710	50345094	+	85	74
chr17	75290047	75295337	+	85	76
chr17	82318507	82320900	+	85	73
chr19	350304	350736	-	85	81
chr19	19896001	19900546	+	85	79
chr19	48111589	48114431	-	85	72
chr19	56160973	56166951	+	85	66
chr20	32167363	32174822	-	85	64
chr20	58385802	58389097	-	85	75
chr22	42455095	42500076	-	85	82
chrX	18225245	18225359	+	85	82
chrX	28482715	28484697	+	85	83
chrX	56469663	56473793	-	85	79
chrX	101971930	101972148	-	85	80
chrY	13178913	13193435	-	85	68
GL000216.2	16117	85044	-	85	84
chr1	2570062	2576117	-	84	79
chr1	15603853	15605511	+	84	82
chr1	16237667	16241022	+	84	79
chr1	24863926	24874146	-	84	74
chr1	32726027	32727318	-	84	82
chr1	154938165	154939672	-	84	76
chr1	178705539	178713151	+	84	51
chr2	33422799	33435490	+	84	83
chr2	118717528	118717699	-	84	84
chr2	119715016	119718874	-	84	75
chr2	127686977	127692919	-	84	71
chr2	135876694	135884961	+	84	79
chr3	143219434	143242520	-	84	69
chr4	99871434	99877832	-	84	73
chr4	139477428	139488697	-	84	67
chr4	169080995	169088296	-	84	60
chr5	14993191	14995925	+	84	74
chr5	37066973	37072027	+	84	80
chr5	68212420	68215608	-	84	77
chr5	115183695	115188413	-	84	78
chr6	27912642	27937194	+	84	47
chr6	31593282	31609181	+	84	69
chr8	70102746	70108085	+	84	79
chr8	94599780	94624770	+	84	81
chr8	140517426	140519793	-	84	76
chr9	12205738	12205986	+	84	81
chr9	84005386	84029252	+	84	83
chr9	137550452	137554199	+	84	77
chr10	38007973	38010132	-	84	73
chr10	74715392	74717868	-	84	73
chr10	91902174	91906545	-	84	65
chr11	335298	342255	-	84	70
chr11	64779421	64784879	-	84	78
chr12	9029412	9036341	-	84	77
chr12	98561242	98590711	-	84	68
chr12	121833146	121839182	+	84	72
chr13	28123727	28127495	+	84	73
chr13	57732982	57773201	+	84	83
chr14	61797029	61797602	-	84	75
chr14	102757958	102765947	+	84	66
chr15	49848360	49858153	-	84	68
chr16	24574855	24582544	+	84	64
chr16	88634577	88638260	+	84	77
chr16	89558258	89560543	-	84	77
chr17	39898757	39904503	+	84	78
chr17	77217653	77223893	+	84	72
chr17	82044428	82046886	-	84	81
chr18	35979428	35984272	+	84	76
chr19	57935967	57940724	-	84	79
chr20	43657716	43662253	+	84	75
chr20	50047347	50049272	+	84	63
chr22	39311367	39312795	-	84	79
chrX	42814640	42814821	-	84	83
chr1	16439348	16440700	-	83	75
chr1	24485093	24488799	-	83	50
chr1	28336066	28364727	+	83	75
chr1	37484892	37489970	-	83	75
chr1	153700907	153701729	+	83	81
chr2	85914320	85929510	+	83	70
chr2	202312592	202321432	-	83	75
chr2	205983558	205988120	-	83	71
chr3	3659223	3659734	+	83	71
chr3	12675952	12731990	-	83	81
chr3	114240431	114242800	-	83	74
chr3	119206107	119211544	-	83	76
chr3	143967854	143971808	-	83	77
chr4	6676840	6680639	+	83	78
chr4	88253111	88257601	-	83	77
chr4	108309365	108309824	-	83	77
chr4	163493563	163494081	+	83	71
chr4	173412706	173418351	+	83	75
chr5	1536506	1537485	+	83	74
chr5	112453457	112453561	-	83	81
chr5	129040207	129083399	+	83	82
chr5	140146255	140148845	+	83	75
chr5	160400165	160401640	-	83	72
chr6	17717188	17732260	-	83	83
chr6	30538984	30541371	+	83	76
chr7	137859300	137869000	-	83	78
chr8	38067950	38070308	-	83	71
chr8	42594778	42636281	-	83	82
chr8	43131188	43139614	+	83	78
chr8	66621253	66628126	+	83	72
chr8	100672330	100676809	-	83	66
chr9	19374327	19375237	+	83	78
chr9	27082083	27091725	+	83	74
chr9	95617495	95617596	-	83	81
chr9	114646963	114650085	-	83	74
chr9	120736289	120745935	+	83	70
chr10	113168955	113174959	+	83	57
chr11	336789	341174	+	83	57
chr11	117980310	117982771	+	83	79
chr12	9793329	9799008	+	83	66
chr12	12854100	12864847	-	83	76
chr12	51084154	51093440	-	83	75
chr12	62600509	62601748	-	83	80
chr12	118145651	118149756	-	83	79
chr12	123283596	123288914	-	83	75
chr13	20903179	20916734	+	83	70
chr14	74632633	74647112	-	83	74
chr14	102591278	102592414	-	83	73
chr15	20520955	20523858	-	83	81
chr15	22621247	22637172	+	83	79
chr16	70108759	70114098	-	83	77
chr17	7032839	7035809	-	83	77
chr17	7266401	7266605	+	83	78
chr17	8270905	8274878	+	83	74
chr17	15428862	15435748	+	83	76
chr17	21772746	21773163	-	83	80
chr17	38841664	38842409	+	83	71
chr17	75862475	75872634	-	83	76
chr17	83102049	83104217	+	83	70
chr19	550000	554216	-	83	74
chr19	4588883	4614480	-	83	69
chr19	48770689	48787448	-	83	62
chr20	5657744	5676744	+	83	72
chr20	50694158	50707462	+	83	67
chr22	47177869	47181685	-	83	80
chrX	77500402	77504869	-	83	79
chrX	101858264	101875384	+	83	80
chrX	119244773	119248721	+	83	77
chrX	120621232	120625326	-	83	79
chr1	23657746	23670102	+	82	72
chr1	160896084	160897215	+	82	81
chr1	165596491	165598242	-	82	69
chr1	178720324	178724295	-	82	62
chr1	204580831	204581801	+	82	75
chr1	212361975	212363925	+	82	74
chr2	74108225	74120256	-	82	79
chr2	151245429	151247934	-	82	77
chr2	157373377	157379686	+	82	77
chr3	80876158	80891960	-	82	82
chr3	144827309	144827417	+	82	79
chr4	181031961	181032080	+	82	81
chr5	36454800	36455639	+	82	82
chr5	150701136	150706272	+	82	77
chr5	180415574	180416863	+	82	79
chr6	477910	484527	-	82	64
chr6	160119739	160121454	+	82	76
chr7	2555783	2558253	+	82	69
chr7	61654244	61866450	-	82	82
chr7	101181125	101188817	+	82	81
chr7	128111639	128112189	-	82	75
chr7	140225221	140230769	-	82	70
chr8	38067955	38074112	+	82	71
chr8	119725028	119729039	-	82	62
chr9	33480645	33484881	-	82	80
chr9	93089979	93091413	-	82	69
chr10	80146749	80148180	+	82	79
chr10	110287463	110290682	+	82	77
chr11	572280	575138	-	82	77
chr11	18270410	18276242	-	82	76
chr11	77650157	77658055	+	82	76
chr11	88191239	88197693	-	82	63
chr12	66344603	66347425	-	82	76
chr13	90021641	90021954	+	82	82
chr14	30829028	30829216	+	82	81
chr14	33864360	33870234	+	82	80
chr14	96572584	96577117	+	82	77
chr15	25670639	25677024	-	82	70
chr16	50657936	50664883	-	82	79
chr16	87944261	87945303	-	82	69
chr17	29199244	29202923	-	82	81
chr17	37067657	37078244	-	82	57
chr18	7405978	7423642	-	82	81
chr18	58788719	58801330	-	82	81
chr19	8176251	8204806	-	82	73
chr19	13707150	13731419	+	82	65
chr19	19628930	19629454	-	82	80
chr19	51515862	51517789	-	82	46
chr19	53878126	53878430	+	82	78
chr20	37332467	37338002	+	82	60
chr20	38923036	38926299	+	82	76
chr21	10661482	10698769	-	82	76
chr21	31857578	31871623	-	82	79
chr21	42925715	42932109	-	82	77
chr22	29319690	29327316	-	82	77
chr22	36529476	36536002	-	82	67
chrX	9456899	9459967	+	82	57
chrX	18395773	18411016	+	82	80
chrX	58326535	58469075	+	82	81
chr1	7853857	7856059	+	81	67
chr1	31944868	31948073	+	81	68
chr1	32009822	32013626	-	81	66
chr1	64330335	64330504	-	81	78
chr1	91673732	91680337	-	81	61
chr1	98536587	98615103	+	81	79
chr1	116736384	116739719	-	81	73
chr1	202875478	202878071	-	81	75
chr1	222553501	222557897	-	81	72
chr1	229434828	229440160	-	81	69
chr1	247993455	247994392	+	81	81
chr2	11078898	11081537	+	81	68
chr2	121767875	121778007	+	81	67
chr2	181433080	181437076	+	81	69
chr2	194890941	194902414	-	81	51
chr3	46910719	46915902	+	81	72
chr3	70947987	70950104	+	81	77
chr4	48864546	48879695	-	81	70
chr4	168337467	168344726	-	81	64
chr4	178449915	178585303	-	81	81
chr5	16948092	16959080	-	81	81
chr5	34835614	34837164	-	81	68
chr5	70958955	70964333	-	81	78
chr6	27828997	27834900	+	81	76
chr6	73838416	73926366	+	81	81
chr7	80978859	81066230	-	81	79
chr8	66532055	66536858	+	81	73
chr8	90054438	90058570	-	81	79
chr8	97164145	97164738	-	81	75
chr8	144144715	144147852	+	81	72
chr9	39556243	39588756	+	81	79
chr9	136489196	136493983	-	81	70
chr9	137594256	137602591	+	81	71
chr10	26948697	26959999	-	81	70
chr11	36479210	36483683	+	81	78
chr11	73397528	73400486	-	81	75
chr12	50303750	50320319	-	81	77
chr12	94717100	94722027	-	81	70
chr12	96074160	96075170	+	81	10
chr12	122751007	122752601	-	81	69
chr14	92774448	92784500	+	81	76
chr16	9121788	9124765	-	81	75
chr16	61221569	61221803	-	81	78
chr17	4766456	4771553	-	81	62
chr17	50707944	50711714	+	81	75
chr19	1927452	1931528	-	81	68
chr19	2927084	2932973	+	81	66
chr19	36498923	36510456	-	81	67
chr20	37270115	37278920	+	81	43
chr22	18602559	18604062	-	81	81
chr22	21452224	21456474	-	81	74
chr22	49987246	49991572	-	81	69
chrX	21994877	22000292	+	81	76
chrX	78248661	78256326	-	81	49
chrX	101583189	101585022	-	81	78
chrX	120496254	120498084	-	81	48
chrX	149920809	149923145	+	81	71
chrX	153583171	153587911	-	81	72
chrY	15075550	15273678	-	81	79
chr1	2565384	2565950	+	80	76
chr1	13625425	13656022	-	80	79
chr1	23788315	23790574	-	80	77
chr1	24476799	24483174	-	80	69
chr1	40097506	40111112	+	80	73
chr1	93390647	93398687	+	80	62
chr1	205641672	205657274	+	80	71
chr2	43217249	43219793	-	80	75
chr2	60931613	60936638	+	80	79
chr2	95078723	95085335	-	80	67
chr2	97589936	97591858	+	80	73
chr2	112887412	112888133	-	80	40
chr2	135785692	135786986	-	80	75
chr2	152113463	152115140	+	80	75
chr2	195415964	195421719	-	80	61
chr2	230822636	230826140	-	80	73
chr3	129640181	129647312	-	80	67
chr3	141615379	141620792	+	80	73
chr4	40177504	40186696	-	80	70
chr4	155395110	155396490	-	80	79
chr5	70044333	70049374	+	80	74
chr5	140173075	140174858	-	80	76
chr6	35093013	35100596	+	80	60
chr6	43787931	43789360	-	80	50
chr6	89031404	89036781	-	80	64
chr7	3044555	3055143	-	80	80
chr7	130162905	130164592	+	80	76
chr7	138590416	138593895	+	80	75
chr7	140224626	140230865	+	80	76
chr8	55827885	55834042	+	80	74
chr8	94619152	94619340	-	80	79
chr9	24991901	25064626	-	80	79
chr9	122905529	122906551	+	80	74
chr10	21470696	21470790	-	80	79
chr11	17067248	17073333	+	80	65
chr11	18276588	18278421	+	80	76
chr11	23117959	23128694	+	80	64
chr11	91481919	91482058	-	80	66
chr11	93275910	93286551	-	80	64
chr12	4007678	4011422	-	80	80
chr12	47427472	47438534	+	80	63
chr13	41470949	41473185	-	80	69
chr14	68824802	68837037	+	80	62
chr14	90045406	90057862	+	80	68
chr14	95692744	95696113	-	80	65
chr14	99101719	99108138	+	80	78
chr14	99166537	99169165	+	80	78
chr15	40583069	40584264	-	80	80
chr15	45425379	45426823	+	80	79
chr15	88664211	88671993	-	80	69
chr17	3922116	3923816	-	80	72
chr17	18363886	18375866	+	80	64
chr17	29206518	29231667	+	80	78
chr17	51171928	51177045	+	80	72
chr17	78355364	78356704	-	80	71
chr19	29824646	29829306	+	80	61
chr19	35658798	35665467	+	80	68
chr19	40226908	40230286	-	80	75
chr20	52025260	52037947	-	80	71
chr21	33400203	33403362	+	80	71
chr22	20704958	20707638	-	80	73
chr22	35350202	35353429	-	80	72
chr22	37826082	37829092	-	80	74
chrX	16031695	16052935	+	80	52
chrX	75738949	75739270	-	80	79
chrX	79453249	79457919	+	80	73
chr1	23288727	23295838	+	79	73
chr1	28539322	28544213	-	79	71
chr1	32913223	32924783	+	79	58
chr1	160589233	160597499	-	79	56
chr1	171685833	171690491	-	79	61
chr1	209826665	209827833	-	79	64
chr1	234333243	234341699	+	79	42
chr2	20442179	20446557	-	79	64
chr2	112614516	112620799	+	79	66
chr2	202340638	202343781	+	79	65
chr2	203986324	203987226	-	79	48
chr3	125441537	125446642	-	79	67
chr3	171511183	171526070	+	79	71
chr3	190424640	190425180	+	79	46
chr4	13627966	13631483	+	79	73
chr4	40420024	40423071	-	79	71
chr4	108632958	108634919	+	79	70
chr4	109548432	109554756	+	79	70
chr4	118271806	118278420	-	79	72
chr4	146663609	146677872	+	79	75
chr4	190196204	190196493	+	79	76
chr5	32321180	32338769	+	79	74
chr5	53686472	53701293	+	79	63
chr5	134901666	134905097	+	79	72
chr6	17301626	17317654	-	79	77
chr6	20086966	20095989	-	79	68
chr6	149420437	149424867	+	79	72
chr7	57053868	57054043	+	79	75
chr7	69511933	69581563	-	79	79
chr7	73413511	73416969	-	79	74
chr8	42332538	42338392	-	79	72
chr8	133453986	133454846	-	79	70
chr9	92764947	92766212	+	79	71
chr9	94112021	94113842	-	79	76
chr9	125379993	125389845	-	79	71
chr10	31803729	31805226	-	79	73
chr11	32868119	32870300	+	79	78
chr11	58525499	58526858	+	79	65
chr11	64759989	64762148	+	79	78
chr11	95951262	95959703	-	79	69
chr12	8680261	8681232	-	79	77
chr13	20341409	20341621	-	79	79
chr13	39050582	39051958	-	79	75
chr14	63681873	63684192	-	79	71
chr14	64546181	64549703	+	79	71
chr14	68844169	68851977	+	79	68
chr15	75122235	75126148	-	79	58
chr15	75128113	75133556	-	79	66
chr16	30400982	30407063	-	79	62
chr16	58630012	58631514	+	79	73
chr16	74608775	74620786	-	79	70
chr17	36094658	36098319	-	79	65
chr17	66955346	66956772	-	79	78
chr18	7143988	7228342	-	79	78
chr18	24135971	24138820	+	79	75
chr18	35762324	35791664	+	79	77
chr18	76350222	76357390	-	79	77
chr18	79951718	79959148	+	79	75
chr19	1661467	1671226	-	79	53
chr21	5154899	5155361	+	79	72
chr22	38801192	38817974	-	79	69
chrX	36489616	36561010	-	79	70
chrX	41081572	41083662	-	79	74
chrX	72161790	72175877	+	79	74
chrY	1646728	1653903	-	79	74
chr1	8880158	8882466	+	78	70
chr1	10919052	10931569	-	78	77
chr1	21671643	21678226	-	78	74
chr1	25505946	25510019	+	78	73
chr1	34964401	34967310	-	78	77
chr1	108122647	108126714	-	78	69
chr1	121150087	121167363	+	78	73
chr1	229343295	229345181	+	78	62
chr2	24360809	24362901	+	78	70
chr2	28948459	28955066	+	78	70
chr2	117813017	117814665	-	78	72
chr2	195428873	195435709	-	78	61
chr2	207626411	207631923	-	78	73
chr3	2007447	2008438	+	78	78
chr3	32370699	32371670	+	78	71
chr3	144223642	144234869	+	78	62
chr5	57160566	57164578	-	78	60
chr5	71069304	71072531	-	78	75
chr5	71850926	71851271	+	78	77
chr5	100909797	100915639	+	78	66
chr5	138108261	138115016	-	78	78
chr6	57774640	57778232	-	78	74
chr7	101224353	101231671	+	78	71
chr7	159201198	159201303	-	78	75
chr8	42609504	42692212	+	78	78
chr9	33076985	33082931	-	78	75
chr9	33455116	33461156	-	78	73
chr9	126722105	126723675	-	78	69
chr10	97761055	97764265	+	78	73
chr10	111017463	111019861	+	78	74
chr10	112828064	112831168	-	78	73
chr11	25113435	25113638	+	78	77
chr11	65117811	65120495	+	78	72
chr12	46308919	46349108	-	78	45
chr12	50167834	50175195	+	78	71
chr12	94707098	94715830	-	78	59
chr13	27041227	27042975	-	78	67
chr13	72614716	72614844	-	78	76
chr14	20625358	20625678	+	78	72
chr14	54922258	54933972	+	78	78
chr14	74738642	74741930	+	78	64
chr14	99117990	99123002	-	78	69
chr16	28371842	28374237	-	78	74
chr17	83588	86328	-	78	76
chr17	40357837	40360591	+	78	66
chr17	74512792	74518855	+	78	53
chr17	75825812	75827214	+	78	74
chr18	13766035	13772639	+	78	65
chr19	822619	824861	+	78	66
chr19	893609	896416	-	78	71
chr19	13157028	13159778	-	78	74
chr19	27272887	27273040	+	78	75
chr19	57519038	57526489	+	78	72
chr21	31732897	31737718	+	78	66
chrX	79356721	79359945	-	78	66
chrX	107606247	107621884	-	78	74
chr1	9508726	9539425	-	77	74
chr1	23839392	23844628	-	77	70
chr1	90911857	90914695	+	77	77
chr1	114547722	114554236	-	77	58
chr1	155616573	155624393	+	77	76
chr1	158849512	158855383	+	77	69
chr1	244961348	244969207	-	77	73
chr2	7110816	7111606	-	77	74
chr2	28891383	28894601	-	77	56
chr2	31846020	31852831	+	77	70
chr2	32316782	32321623	-	77	75
chr2	65131734	65139276	+	77	66
chr2	127893446	127905956	+	77	60
chr2	171309724	171315521	-	77	69
chr2	219410954	219411543	+	77	76
chr3	49105159	49105651	+	77	69
chr3	50668990	50669869	-	77	74
chr3	57931720	57935037	-	77	70
chr3	196463378	196468491	+	77	72
chr4	11242731	11259087	+	77	60
chr4	40021830	40036544	+	77	74
chr4	118589581	118591563	-	77	70
chr4	137502064	137502243	+	77	76
chr5	10213188	10221799	-	77	75
chr5	32613860	32616656	-	77	69
chr5	134583270	134585566	+	77	71
chr5	140662491	140664854	-	77	68
chr5	150429993	150432666	+	77	68
chr5	150680088	150690675	-	77	70
chr5	150680794	150683379	+	77	68
chr5	179097348	179100439	+	77	59
chr6	27868032	27873126	-	77	62
chr6	27901046	27903944	-	77	73
chr6	30792507	30797477	-	77	57
chr6	36583826	36593745	-	77	70
chr6	105946943	105967452	-	77	74
chr6	108693153	108694773	-	77	71
chr7	5889372	5895929	+	77	69
chr7	30162982	30165900	+	77	71
chr7	38232912	38237863	+	77	66
chr7	74122578	74124646	+	77	63
chr7	92402273	92412205	+	77	67
chr7	142583963	142584416	+	77	67
chr7	142798200	142800952	-	77	71
chr8	9784624	9795758	+	77	64
chr8	22438437	22440733	-	77	73
chr8	91095288	91096063	-	77	69
chr8	91098301	91100354	-	77	75
chr8	132849124	132853377	+	77	66
chr8	143563936	143566146	-	77	70
chr9	19155622	19164602	+	77	65
chr9	26893179	26895638	+	77	70
chr9	30615757	30616806	+	77	75
chr10	38378505	38381574	+	77	75
chr10	46842677	46847682	-	77	75
chr10	123225847	123229699	+	77	71
chr11	62556239	62559031	+	77	70
chr12	6426485	6429135	+	77	39
chr12	6480210	6487284	+	77	59
chr12	76759852	76763514	+	77	74
chr14	22539455	22544686	-	77	72
chr14	65744301	65754532	+	77	65
chr14	68862530	68863923	+	77	74
chr14	73839924	73840017	-	77	75
chr14	106378090	106388480	-	77	64
chr15	40755869	40763140	+	77	75
chr15	63309821	63318512	+	77	70
chr16	28632149	28635990	-	77	76
chr16	28992893	29009014	-	77	72
chr16	48946898	48952713	+	77	72
chr16	56946265	56950139	-	77	74
chr17	36208023	36210543	-	77	64
chr17	62073353	62073607	+	77	76
chr17	63608981	63609430	-	77	71
chr18	46169259	46173507	-	77	68
chr19	1713912	1723242	+	77	74
chr19	4616465	4620417	-	77	53
chr19	6950034	6952411	-	77	73
chr19	19620607	19623632	-	77	71
chr19	42081746	42085912	+	77	72
chr19	53827881	53830574	-	77	25
chr20	1620350	1626295	-	77	72
chr21	6124026	6125517	+	77	73
chr21	6149645	6154657	-	77	69
chr22	35394222	35399755	+	77	55
chr22	44483729	44485816	-	77	72
chr22	45343565	45344001	-	77	68
chrX	53091795	53093349	-	77	71
chrX	53171634	53176026	+	77	63
chrX	123819107	123849532	+	77	76
chrY	1605283	1614494	-	77	71
KI270744.1	68127	70994	+	77	76
chr1	6778029	6785018	-	76	70
chr1	8940681	8942923	+	76	68
chr1	24188575	24189632	-	76	21
chr1	25029400	25037326	+	76	66
chr1	39969982	39972461	+	76	62
chr1	44791913	44800209	+	76	66
chr1	147083582	147085442	-	76	59
chr1	155192916	155194736	-	76	65
chr1	211250732	211257804	-	76	62
chr2	42765183	42765703	+	76	68
chr2	74692727	74700513	+	76	68
chr2	196107124	196122589	-	76	63
chr2	203739864	203745896	-	76	74
chr2	224743673	224753819	-	76	67
chr2	241673867	241675423	+	76	70
chr3	9894418	9901936	+	76	62
chr3	23730318	23759381	-	76	70
chr3	37050974	37052619	+	76	69
chr3	108039935	108043082	-	76	69
chr3	190473014	190475110	-	76	73
chr4	60278531	60402251	+	76	75
chr5	71094069	71098677	+	76	73
chr5	76774079	76786860	+	76	74
chr6	108685452	108691871	+	76	71
chr6	125932063	125935866	+	76	69
chr6	154726288	154733355	-	76	63
chr6	157947404	157952617	+	76	68
chr7	75529099	75533284	-	76	64
chr7	107164514	107167248	-	76	72
chr7	150158333	150170785	-	76	71
chr8	23266156	23269790	-	76	71
chr8	30660848	30677714	+	76	72
chr9	80543797	80544355	-	76	69
chr9	85742156	85743560	+	76	69
chr9	114651651	114652306	-	76	72
chr9	117541065	117541201	+	76	75
chr9	129072133	129078396	+	76	63
chr10	23433806	23438332	-	76	60
chr10	123996372	124003539	-	76	72
chr11	14874635	14876595	+	76	68
chr11	47857525	47902641	+	76	64
chr11	65012561	65014083	-	76	73
chr12	17023375	17023502	+	76	75
chr12	94742360	94743044	-	76	67
chr12	115941430	115943510	-	76	71
chr13	41383667	41384703	-	76	73
chr14	50841277	50842998	+	76	76
chr14	102531832	102532104	-	76	70
chr15	31309546	31310935	+	76	62
chr15	92809945	92810364	-	76	70
chr16	68606509	68628057	-	76	60
chr17	2401144	2402115	+	76	70
chr17	17493499	17494399	+	76	72
chr17	39572183	39583957	-	76	69
chr18	5385481	5388529	-	76	69
chr18	26392472	26393843	-	76	76
chr18	69998514	70003011	-	76	67
chr19	8489116	8489503	+	76	71
chr19	53838825	53840067	+	76	75
chr20	22015268	22015851	+	76	76
chr20	31724095	31733501	+	76	66
chr20	53535544	53551311	+	76	67
chr22	42155954	42158351	-	76	71
chrX	12983289	12991937	+	76	50
chrX	108032338	108043783	+	76	71
chrX	117494524	117758291	-	76	75
chrY	1018389	1046812	-	76	76
chrY	2194919	2209851	+	76	69
chr1	54439245	54483558	+	75	73
chr1	175156360	175156935	+	75	69
chr1	178679720	178686304	+	75	46
chr1	198154488	198156881	-	75	64
chr1	209659034	209661097	+	75	67
chr1	244270608	244275249	-	75	70
chr2	7096449	7107806	+	75	66
chr2	85077252	85100169	+	75	73
chr2	112272656	112275566	-	75	73
chr2	193588662	193725952	-	75	74
chr2	218763347	218766847	-	75	69
chr3	39397393	39403988	-	75	67
chr3	103091623	103091827	-	75	74
chr4	15602128	15604291	-	75	73
chr6	44101957	44104281	-	75	73
chr6	107010533	107024244	+	75	73
chr6	149546488	149548117	-	75	67
chr7	73208621	73211920	-	75	67
chr7	91889351	91890748	+	75	70
chr8	58659966	58661876	+	75	71
chr8	127486056	127489269	-	75	55
chr9	71678406	71678895	+	75	68
chr9	75214153	75219389	+	75	67
chr9	99213405	99215717	-	75	67
chr10	73954357	73987247	-	75	66
chr10	79329906	79332363	-	75	69
chr10	91910681	91911100	-	75	69
chr11	6683643	6687709	-	75	74
chr11	62003572	62009401	-	75	61
chr11	74979033	74984054	+	75	71
chr12	6141209	6147784	+	75	53
chr12	10580319	10585040	-	75	66
chr12	57819094	57819583	+	75	73
chr12	94672486	94675921	-	75	59
chr12	104358142	104358601	-	75	70
chr12	120268946	120277491	-	75	54
chr12	121643247	121648652	+	75	71
chr12	128824221	128826811	+	75	65
chr14	22534566	22536976	-	75	71
chr14	90199029	90199734	-	75	72
chr16	18946484	18982686	-	75	73
chr16	30343629	30350561	-	75	67
chr16	58656713	58662986	-	75	63
chr16	69103464	69105641	-	75	69
chr16	88687298	88692816	+	75	70
chr17	70594859	70594956	+	75	75
chr17	81223433	81228255	-	75	70
chr18	49474072	49476928	-	75	59
chr19	11765687	11766887	-	75	63
chr19	39300762	39306465	-	75	64
chr19	44760053	44764775	+	75	67
chr21	31757672	31813310	-	75	71
chr22	43143596	43150148	+	75	58
chr22	49744105	49756568	-	75	56
chr22	49929462	49933164	-	75	70
chrX	68546289	68550122	+	75	68
chrX	71363224	71365952	-	75	69
chrX	136660775	136663884	+	75	67
chrY	20827253	20828778	+	75	74
chr1	79938484	79938661	-	74	74
chr1	156300318	156308737	-	74	70
chr1	219226185	219230935	+	74	65
chr1	220050056	220057061	-	74	62
chr2	19888006	19896544	-	74	65
chr2	19903504	19910153	+	74	55
chr2	96007828	96010466	-	74	66
chr2	113962624	113970606	+	74	71
chr2	174530523	174535283	+	74	66
chr2	202205586	202206088	+	74	70
chr3	108024929	108029962	+	74	68
chr3	111666118	111673354	+	74	71
chr3	154267562	154272473	+	74	71
chr3	187089799	187094795	-	74	68
chr4	13273448	13283272	-	74	66
chr4	27025399	27035954	+	74	72
chr4	102772222	102775452	+	74	70
chr5	2436619	2446823	+	74	73
chr5	32341408	32347207	+	74	64
chr5	66183657	66188203	+	74	70
chr5	138935167	138937043	+	74	69
chr5	173139414	173142023	+	74	69
chr6	26576698	26578357	+	74	67
chr6	27120591	27122250	+	74	63
chr7	27501573	27507323	-	74	59
chr7	105400027	105420769	+	74	74
chr7	142658254	142666292	-	74	58
chr9	79730640	79734943	+	74	69
chr9	80558627	80563498	+	74	55
chr9	88486229	88524637	-	74	69
chr9	132246150	132249010	+	74	74
chr10	255060	263100	+	74	63
chr10	5850671	5853787	-	74	60
chr10	111245118	111259491	+	74	72
chr11	47188634	47210072	+	74	68
chr11	65117708	65120571	-	74	70
chr11	121660918	121661879	-	74	70
chr11	123029074	123033850	+	74	62
chr12	26894870	26901023	+	74	71
chr12	43806378	43809131	+	74	69
chr12	51060483	51060980	+	74	68
chr12	96903137	96907222	-	74	63
chr12	110367048	110369746	+	74	67
chr12	117035443	117038904	-	74	68
chr13	27055820	27061767	-	74	68
chr13	110734762	110737338	-	74	66
chr15	34845937	34848567	+	74	69
chr16	30670865	30672407	+	74	69
chr16	68837498	68840630	-	74	73
chr16	75466137	75470196	+	74	34
chr17	8278869	8287566	+	74	68
chr17	39752807	39753977	-	74	66
chr17	48945807	48949696	+	74	63
chr17	78145792	78146298	-	74	68
chr17	81881219	81887429	-	74	69
chr18	46157087	46172970	+	74	58
chr19	2839793	2841197	-	74	54
chr19	11711481	11719291	-	74	59
chr19	19113123	19119080	-	74	68
chr19	35909681	35920309	+	74	64
chr19	47284802	47289736	-	74	62
chr21	33378626	33385888	+	74	62
chr22	23170061	23176844	-	74	66
chr22	27816702	27825181	-	74	61
chr22	41287375	41289884	+	74	69
chrX	22013178	22023871	+	74	64
chrX	134520553	134539164	+	74	67
chrX	155061002	155061427	+	74	68
chr1	28095038	28095136	-	73	73
chr1	32103145	32107691	+	73	64
chr2	69390789	69396111	-	73	63
chr2	74452854	74454999	-	73	64
chr2	96147180	96149909	+	73	69
chr2	151760708	151766692	-	73	71
chr3	10137998	10141777	-	73	62
chr3	12665317	12669490	+	73	68
chr3	20038381	20040281	-	73	68
chr3	23693372	23693474	-	73	73
chr3	129072311	129077970	+	73	62
chr3	188891517	188898774	+	73	64
chr4	43329018	43329199	-	73	69
chr4	73038720	73045800	-	73	62
chr5	80258241	80259686	-	73	71
chr5	86096723	86096895	+	73	71
chr5	118804486	118809812	-	73	67
chr5	156910527	156915536	-	73	57
chr5	172188674	172193559	+	73	62
chr5	177081221	177086360	+	73	62
chr6	11155151	11161700	+	73	49
chr6	12514724	12514807	+	73	73
chr6	75719388	75725903	+	73	69
chr6	110598958	110603540	-	73	70
chr6	150844064	150848344	-	73	64
chr7	93095859	93099202	-	73	67
chr7	98025272	98028980	+	73	72
chr7	113498979	113539512	+	73	73
chr8	141200779	141204869	-	73	71
chr9	27691248	27696481	+	73	61
chr10	4131452	4134092	+	73	50
chr10	24568432	24569193	+	73	72
chr10	47654731	47662726	+	73	70
chr10	118000790	118003116	+	73	63
chr10	133259971	133262411	+	73	68
chr11	10307409	10308040	+	73	60
chr11	65327060	65333671	-	73	69
chr11	111778442	111782147	-	73	65
chr11	119031367	119044173	-	73	68
chr11	124620551	124622832	-	73	64
chr12	9821627	9827478	+	73	56
chr12	92590005	92595253	-	73	70
chr12	115928396	115936332	-	73	63
chr12	121234149	121237519	+	73	65
chr12	132468140	132475447	-	73	62
chr13	49692670	49697540	-	73	62
chr13	89088935	89090004	+	73	73
chr14	57452749	57455743	+	73	72
chr14	70678021	70682218	+	73	65
chr15	40475797	40480049	-	73	65
chr15	48706245	48712847	-	73	56
chr15	65089937	65092056	-	73	71
chr16	10857506	10864911	-	73	48
chr16	21345085	21346633	+	73	66
chr16	21370022	21376188	+	73	67
chr16	66594853	66603703	-	73	64
chr17	3558111	3561982	+	73	59
chr17	56917812	56923994	-	73	47
chr17	58105306	58111521	+	73	59
chr17	81836160	81842970	-	73	65
chr18	9285987	9287940	+	73	65
chr18	35143473	35148108	+	73	72
chr19	5399570	5439332	-	73	72
chr19	9288406	9291139	-	73	70
chr19	29824461	29828670	-	73	64
chr19	39286393	39293170	-	73	48
chr19	46789115	46805341	+	73	57
chr19	48258576	48262204	+	73	72
chr19	51417827	51425656	+	73	58
chr19	54392732	54405474	+	73	72
chr22	41360367	41362503	+	73	62
chr22	41544778	41550744	+	73	65
chr22	47182947	47187367	-	73	66
chrX	30630910	30652705	-	73	65
chrX	49012702	49019073	+	73	68
chrX	100941131	100945515	-	73	65
chrY	2167625	2175148	+	73	66
chr1	46627462	46631470	-	72	60
chr1	109632349	109639419	+	72	66
chr1	161221120	161222186	-	72	58
chr1	248872748	248876266	+	72	68
chr2	144657006	144660909	-	72	65
chr2	147153813	147155135	+	72	71
chr2	195401220	195408450	-	72	59
chr2	196951768	196953609	+	72	68
chr2	203232827	203234255	-	72	70
chr3	3667051	3670035	-	72	57
chr3	26928808	26978011	+	72	70
chr3	100704895	100709236	-	72	65
chr3	152941990	153054966	+	72	72
chr4	77819616	77820203	-	72	70
chr4	147684253	147698179	+	72	64
chr5	50176723	50200933	-	72	58
chr5	78294937	78297127	+	72	61
chr5	127037903	127040928	-	72	63
chr5	149956254	149960112	-	72	62
chr6	54834793	54834930	-	72	70
chr6	88023197	88023354	+	72	64
chr6	99394272	99397440	-	72	65
chr7	44824898	44826764	-	72	67
chr7	75090787	75092393	+	72	70
chr7	128093926	128098515	+	72	69
chr7	132783752	132784423	+	72	70
chr7	142619885	142626584	-	72	65
chr7	149510944	149516076	-	72	59
chr8	42171734	42174548	+	72	68
chr8	73048154	73051859	+	72	65
chr8	116634582	116639456	-	72	60
chr9	66743578	66743960	+	72	71
chr10	35217823	35219651	-	72	60
chr10	69049035	69051139	+	72	60
chr10	104029299	104030703	+	72	69
chr11	128340568	128342410	-	72	59
chr12	10575701	10580416	+	72	60
chr12	19383245	19398176	+	72	69
chr12	44503713	44507667	-	72	61
chr13	22493527	22513679	+	72	52
chr13	38999914	39001813	-	72	70
chr14	51286856	51290045	-	72	66
chr14	69375677	69377844	+	72	65
chr15	22175673	22182604	+	72	63
chr15	50389591	50416896	-	72	64
chr15	63267801	63275139	+	72	66
chr15	64959294	64962920	+	72	68
chr17	16383070	16386882	-	72	55
chr17	49191232	49200213	-	72	61
chr18	59840924	59864735	-	72	51
chr19	5668640	5674845	+	72	68
chr19	6333959	6342767	+	72	62
chr19	13845159	13846495	+	72	68
chr19	21713477	21720201	-	72	67
chr19	40021097	40023371	-	72	67
chr19	49327983	49330956	+	72	69
chr19	55090128	55090834	-	72	66
chr19	57627810	57628339	-	72	69
chr20	62379286	62380365	+	72	69
chr21	44445246	44447127	+	72	60
chr22	22358293	22358774	+	72	44
chrX	130413745	130414205	-	72	67
KI270467.1	982	3886	-	72	72
chr1	10181249	10185725	+	71	65
chr1	29181980	29188658	+	71	65
chr1	151589787	151600856	-	71	70
chr1	157732674	157739983	-	71	51
chr1	197778441	197860218	+	71	68
chr1	224380056	224385112	-	71	66
chr2	55694069	55697352	+	71	50
chr2	74976460	74980008	+	71	66
chr2	78830526	78830848	-	71	70
chr2	96176319	96184254	-	71	64
chr2	138637989	138638985	-	71	71
chr2	178516476	178517984	+	71	65
chr2	190405356	190408318	+	71	67
chr2	231694508	231700594	+	71	63
chr3	120594860	120596243	-	71	63
chr3	121947958	121950556	-	71	63
chr3	144164377	144175514	+	71	62
chr4	74094033	74097010	-	71	46
chr4	99946662	99948067	-	71	68
chr5	72211562	72212860	+	71	65
chr5	129127199	129128685	-	71	66
chr5	157074953	157081813	+	71	64
chr6	26615848	26633835	-	71	67
chr6	31600027	31604679	-	71	69
chr6	43460442	43471405	-	71	65
chr6	107694630	107695193	+	71	67
chr6	108269281	108274772	+	71	70
chr6	122433128	122436747	-	71	67
chr7	73215349	73219721	+	71	61
chr7	73236376	73240299	-	71	64
chr7	129222584	129224934	-	71	59
chr7	152687613	152701000	+	71	70
chr8	131849458	131856756	-	71	67
chr8	143907685	143908680	+	71	68
chr9	33474304	33478133	-	71	62
chr9	114505710	114509118	+	71	61
chr9	127778878	127781608	+	71	64
chr10	28509836	28512430	-	71	63
chr11	46594129	46599654	+	71	64
chr11	64972524	64984728	+	71	70
chr11	65258105	65260948	-	71	68
chr11	67981601	67990236	-	71	69
chr11	72450602	72450797	+	71	68
chr12	32667937	32678858	-	71	44
chr12	65251866	65252302	-	71	70
chr12	108733374	108735513	-	71	61
chr12	115934529	115936507	+	71	65
chr12	123442642	123448688	-	71	42
chr13	32788374	32793491	+	71	67
chr14	49753640	49759503	+	71	68
chr14	64648056	64649216	+	71	71
chr14	91254818	91257607	-	71	66
chr14	96972318	96973027	-	71	68
chr15	21283087	21285869	-	71	61
chr15	40399381	40403353	-	71	65
chr15	40859783	40871212	+	71	68
chr15	44663876	44665719	-	71	69
chr16	18802313	18803000	-	71	68
chr16	22343277	22345871	-	71	63
chr16	25015666	25015928	+	71	70
chr16	30826122	30830066	+	71	65
chr16	53333345	53339606	+	71	55
chr16	56917283	56919878	+	71	42
chr16	85897003	85899021	-	71	59
chr17	28407730	28409850	+	71	66
chr17	35374706	35376388	+	71	66
chr17	60598992	60599660	-	71	63
chr18	23047304	23065943	+	71	70
chr18	45981413	45983136	-	71	63
chr19	10869831	10871184	+	71	62
chr19	48764854	48764980	-	71	68
chr20	2191728	2192505	-	71	71
chr20	5540208	5543498	+	71	68
chr20	49989209	49992616	+	71	60
chr22	28854589	28864088	+	71	62
chr22	39113152	39119899	+	71	64
chr22	41082403	41086956	-	71	62
chrX	1217235	1247310	+	71	71
chrX	75672832	75679098	+	71	58
chrY	4767875	4768007	+	71	71
chrY	7400417	7409897	+	71	61
chrY	24322328	24323445	+	71	68
KI270727.1	49416	52186	-	71	68
chr1	22107681	22111400	-	70	65
chr1	25430277	25430850	+	70	67
chr1	31103907	31107732	+	70	69
chr1	34956582	34959180	+	70	66
chr1	36181433	36189432	-	70	67
chr1	36218030	36224282	+	70	67
chr1	61660590	61669951	+	70	64
chr1	105139048	105356529	+	70	68
chr1	145910237	145911087	-	70	61
chr1	150310324	150321312	+	70	53
chr1	161214723	161215222	+	70	67
chr2	55625871	55634059	-	70	63
chr2	112273458	112274817	+	70	62
chr2	217757524	217764612	-	70	59
chr2	231423713	231425579	-	70	56
chr3	106110090	106110573	-	70	70
chr4	27032052	27033303	-	70	66
chr4	56823844	56905135	-	70	69
chr4	68425934	68443267	+	70	66
chr4	71040418	71044883	-	70	61
chr4	82800752	82803877	-	70	58
chr4	141542826	141546870	+	70	62
chr4	184855759	184857388	+	70	64
chr5	44820612	44823673	+	70	65
chr5	70079240	70080803	-	70	68
chr5	77973769	77980793	-	70	63
chr5	139463287	139470948	-	70	54
chr5	175546431	175547089	-	70	69
chr5	177099084	177126519	+	70	63
chr6	11090706	11093291	-	70	67
chr6	43230197	43234585	+	70	70
chr6	149184431	149190102	-	70	47
chr6	149546101	149548181	+	70	66
chr7	6658564	6663711	+	70	62
chr7	99537576	99543128	-	70	63
chr7	130150101	130151463	+	70	65
chr7	157300572	157306437	+	70	61
chr8	19396910	19398297	+	70	67
chr8	38099962	38104501	-	70	65
chr8	95159643	95162482	+	70	56
chr10	9956600	9986522	-	70	68
chr10	22003793	22008309	+	70	53
chr10	26969782	26973788	-	70	59
chr10	43491495	43495492	+	70	65
chr10	58399432	58402235	+	70	65
chr10	86570180	86613961	-	70	69
chr10	97787540	97817663	-	70	68
chr11	564407	565619	+	70	60
chr11	9323211	9359562	-	70	69
chr11	40097429	40099938	-	70	45
chr11	66377372	66383298	+	70	69
chr11	68945066	68950160	+	70	62
chr11	102339419	102344713	-	70	66
chr11	117960297	117961941	+	70	66
chr12	14938587	14941971	-	70	67
chr12	47601081	47612527	-	70	61
chr12	53431994	53441272	-	70	69
chr12	119890768	119938695	+	70	70
chr13	65568557	65568815	+	70	70
chr14	74438798	74453802	+	70	64
chr15	21287190	21291315	-	70	67
chr15	82806498	82809579	-	70	64
chr16	1414803	1419747	-	70	67
chr16	11226769	11231582	-	70	53
chr16	29751993	29757875	-	70	65
chr17	13436974	13489955	+	70	69
chr17	43327422	43332417	+	70	57
chr17	76388171	76389449	+	70	62
chr18	23451795	23453278	-	70	68
chr19	4069872	4076700	+	70	61
chr19	14376649	14380486	-	70	64
chr19	18676809	18682860	+	70	62
chr19	24178532	24183743	+	70	40
chr19	45329414	45333432	-	70	69
chr19	49226824	49228958	+	70	69
chr20	25610860	25611709	+	70	70
chr20	50229767	50230709	-	70	69
chr20	50507224	50509943	-	70	50
chr20	56082062	56082347	-	70	68
chr21	6438568	6442252	-	70	62
chr22	22707646	22707810	+	70	67
chr22	49764456	49764916	+	70	62
chrY	1214283	1231778	+	70	61
chr1	10918934	10936785	+	69	68
chr1	26171974	26176546	+	69	63
chr1	73255092	73255197	-	69	65
chr1	101254986	101256155	+	69	66
chr1	161372381	161377773	-	69	54
chr1	171596990	171597554	-	69	65
chr1	226785010	226785206	+	69	69
chr1	247185761	247187243	-	69	64
chr2	23741011	23745957	+	69	69
chr2	71080784	71085697	-	69	66
chr2	74992654	74995555	-	69	64
chr2	87196678	87196950	+	69	69
chr2	155671314	155671570	+	69	68
chr2	183221130	183221851	-	69	64
chr2	226999352	227002604	+	69	64
chr3	9954864	9958704	-	69	68
chr3	27526452	27547162	+	69	59
chr3	30699582	30704499	+	69	66
chr3	142232985	142272422	+	69	63
chr3	143177925	143183766	-	69	48
chr4	40262506	40264572	-	69	65
chr4	112442638	112446447	+	69	57
chr4	163103924	163108649	-	69	61
chr4	167812992	167813126	+	69	69
chr4	169723687	169727674	+	69	66
chr5	35235846	35245795	-	69	68
chr5	115495992	115511269	-	69	54
chr6	43224592	43225627	+	69	64
chr7	1315570	1363394	+	69	67
chr7	100158723	100159242	+	69	64
chr7	118637681	118639869	-	69	67
chr7	149509543	149531754	+	69	66
chr7	151083796	151085609	+	69	60
chr8	30032904	30036822	+	69	59
chr8	47769838	47773079	-	69	65
chr9	40176769	40176930	-	69	68
chr9	90898575	90902318	+	69	59
chr9	108762896	108768375	-	69	55
chr9	122828617	122836447	+	69	59
chr10	9956648	9986453	+	69	69
chr10	80127928	80131527	-	69	61
chr10	109812362	109812779	-	69	69
chr12	61342757	61342910	+	69	68
chr12	64181862	64186215	-	69	63
chr12	65980226	65980320	+	69	69
chr12	94552266	94556193	-	69	61
chr12	100016991	100020330	-	69	63
chr12	121301567	121307435	+	69	63
chr13	19200288	19201324	-	69	65
chr13	41265628	41271115	-	69	61
chr14	22498140	22500586	-	69	65
chr14	96387398	96390664	+	69	59
chr15	34845379	34846838	-	69	66
chr15	74804712	74812349	-	69	67
chr16	1420936	1423799	+	69	63
chr17	18221970	18224245	+	69	63
chr17	36090286	36094413	+	69	59
chr17	81724723	81727087	-	69	61
chr19	4237650	4244299	+	69	52
chr19	4400707	4402197	-	69	63
chr19	8021880	8051292	+	69	53
chr20	17212812	17212948	-	69	68
chr20	35950385	35953539	+	69	65
chr20	49916089	49917475	-	69	57
chr20	57718028	57719702	+	69	54
chr20	61013195	61025991	+	69	69
chr20	62298177	62302036	+	69	62
chr20	63851607	63853712	+	69	67
chr21	29073847	29074756	+	69	64
chr21	44007748	44012037	+	69	64
chr22	22906804	22907084	+	69	48
chr22	49935468	49939849	+	69	66
chrX	13710517	13712151	+	69	63
chrX	40576154	40579354	-	69	50
chrX	48609297	48614240	-	69	67
chrX	75322039	75326674	+	69	66
chrX	136494083	136496901	-	69	62
KI270712.1	160017	160319	-	69	65
KI270744.1	27541	43338	-	69	66
chr1	27704630	27724796	-	68	65
chr1	28548156	28552739	-	68	61
chr1	151401996	151402721	+	68	65
chr1	157138500	157138990	-	68	60
chr1	160828495	160830070	-	68	65
chr1	167714749	167718145	-	68	40
chr1	178943504	179015191	+	68	66
chr1	213283386	213287701	+	68	57
chr1	219232042	219238598	+	68	57
chr2	7216798	7219884	-	68	56
chr2	28870462	28872896	+	68	64
chr2	142856222	142862553	-	68	47
chr2	206100407	206105514	-	68	59
chr2	218597160	218605435	-	68	58
chr2	227575746	227576664	+	68	63
chr3	52309475	52316314	+	68	65
chr3	94837026	94851878	+	68	67
chr3	144103691	144109460	+	68	59
chr3	185633573	185637962	-	68	63
chr3	196736013	196738769	+	68	66
chr4	13268938	13272415	-	68	59
chr4	82812471	82818079	+	68	65
chr4	106349464	106355829	+	68	58
chr4	121665613	121667392	-	68	55
chr4	141550251	141556386	+	68	61
chr5	10213753	10215815	+	68	65
chr5	62984345	63010623	-	68	68
chr5	132869135	132872882	-	68	63
chr5	140600172	140608913	-	68	61
chr5	150559926	150566124	+	68	60
chr5	151159061	151163667	-	68	66
chr5	181206215	181207386	-	68	64
chr6	132419318	132429355	-	68	43
chr7	6284338	6306027	-	68	64
chr7	128123969	128128527	-	68	65
chr7	138224433	138295895	+	68	65
chr7	139020937	139023647	-	68	64
chr7	150081877	150088735	-	68	64
chr8	77008332	77015265	+	68	61
chr9	35012444	35012959	+	68	64
chr9	37361175	37362605	-	68	65
chr9	107339747	107344676	-	68	63
chr10	38070910	38076406	+	68	61
chr10	43378711	43383150	+	68	58
chr10	44738533	44738844	+	68	68
chr10	62113415	62118186	+	68	57
chr10	73433605	73436408	-	68	66
chr10	131960161	131966440	+	68	63
chr11	296134	298186	+	68	67
chr11	18390309	18393668	-	68	60
chr11	46121561	46122969	+	68	62
chr11	61296520	61299037	-	68	61
chr11	94341243	94341355	+	68	67
chr11	98218543	98401968	-	68	67
chr11	102385602	102390608	+	68	68
chr11	107265641	107268781	-	68	64
chr12	49765193	49770050	-	68	64
chr12	95003792	95005189	+	68	64
chr12	123453528	123457972	-	68	60
chr13	21182312	21197236	-	68	64
chr13	111307193	111309875	+	68	63
chr14	49764210	49767676	+	68	67
chr14	73223710	73227876	+	68	62
chr16	84669155	84699838	-	68	53
chr17	722081	730536	-	68	56
chr17	18266559	18270324	-	68	62
chr17	42388738	42393146	+	68	58
chr19	2893324	2896177	+	68	63
chr19	30038773	30049438	-	68	61
chr19	46023332	46027537	+	68	65
chr19	57330842	57336641	+	68	68
chr20	56644092	56644771	+	68	68
chr21	42398777	42402617	+	68	62
chr22	17132492	17136644	+	68	55
chr22	23755407	23761198	-	68	55
chr22	35394482	35399852	-	68	57
chr22	38076518	38077324	+	68	65
chrX	13650729	13653037	-	68	60
chrX	21885721	21892638	+	68	63
chrX	83633427	83635094	-	68	28
chrX	100957820	100963492	+	68	60
chrX	145375964	145493992	+	68	68
chrY	21105298	21113185	-	68	65
GL000008.2	158474	159330	+	68	67
KI270744.1	101732	141826	-	68	61
chr1	990027	995933	+	67	57
chr1	3485330	3486672	+	67	63
chr1	15673074	15681340	-	67	51
chr1	19820533	19882347	-	67	65
chr1	33132361	33139994	-	67	60
chr1	38629359	38666593	-	67	65
chr1	91062725	91119545	+	67	65
chr1	211316448	211321448	+	67	58
chr1	219607902	219608010	-	67	67
chr1	228198381	228203494	+	67	63
chr1	248835939	248838206	-	67	62
chr2	18715758	18716127	-	67	64
chr2	25350501	25354679	+	67	59
chr2	64753919	64755490	-	67	52
chr2	109032982	109039308	+	67	52
chr2	126708912	126714171	+	67	64
chr2	169641756	169645410	+	67	60
chr2	196959999	196961039	+	67	57
chr2	202357757	202369516	+	67	62
chr3	38143089	38148834	+	67	58
chr3	49261520	49264377	-	67	60
chr3	129636606	129642285	+	67	61
chr3	155953321	155956663	+	67	62
chr3	181876095	181904847	-	67	65
chr3	185633598	185638959	+	67	59
chr4	163166931	163170702	+	67	62
chr5	10197648	10201405	-	67	57
chr5	37080522	37084864	+	67	51
chr5	46163935	46164346	+	67	66
chr5	72211183	72214688	-	67	59
chr5	102194356	102209518	+	67	62
chr5	119399821	119404917	+	67	63
chr5	126863006	126866906	+	67	59
chr5	138450460	138455009	-	67	50
chr6	33388786	33391342	-	67	56
chr6	84881224	84881413	+	67	66
chr6	122439575	122443336	-	67	63
chr6	159873013	159873140	+	67	67
chr7	64966947	64968766	+	67	63
chr7	76325315	76326552	+	67	65
chr7	130155752	130162433	-	67	62
chr7	142446908	142447405	+	67	60
chr7	142588655	142590914	-	67	57
chr7	150140914	150147750	-	67	64
chr8	140638719	140657633	-	67	55
chr9	97013827	97015383	+	67	60
chr9	136110454	136114578	-	67	58
chr10	6639969	6642600	+	67	61
chr10	28335424	28337403	-	67	61
chr10	32239048	32254913	+	67	67
chr10	35581131	35585546	+	67	62
chr10	87027697	87029868	+	67	63
chr10	120046717	120049734	-	67	64
chr12	14095	14310	+	67	42
chr12	55847605	55855036	+	67	65
chr12	64710732	64713369	+	67	64
chr12	104112555	104116797	-	67	60
chr13	73026903	73034583	-	67	53
chr13	112588208	112595443	+	67	53
chr13	113278012	113283816	+	67	50
chr14	103888960	103904245	-	67	46
chr15	64146170	64150021	+	67	63
chr15	101277716	101281430	-	67	60
chr16	712232	713654	+	67	63
chr17	7916313	7921017	+	67	56
chr17	15975747	15976378	+	67	63
chr17	35213676	35220969	-	67	61
chr17	42182527	42184023	-	67	61
chr17	50855909	50862198	-	67	66
chr17	59615689	59617708	-	67	61
chr17	78589638	78594233	-	67	58
chr19	14573843	14582876	-	67	59
chr19	53844180	53846013	-	67	52
chr19	54463791	54464832	-	67	59
chr19	56079310	56086798	-	67	61
chr21	37561981	37566456	-	67	62
chr21	43201099	43203057	-	67	60
chr22	22259500	22262240	+	67	62
chrX	58133253	58133607	-	67	66
chrX	120630355	120633742	+	67	66
chrY	22270557	22286544	+	67	66
KI270719.1	88000	94354	+	67	64
chr1	62782794	62783653	-	66	62
chr1	116371284	116372494	-	66	59
chr1	116770085	116774844	-	66	58
chr1	153528888	153533290	-	66	59
chr1	161289061	161304488	+	66	63
chr1	234596629	234600231	+	66	63
chr1	234932996	234934751	-	66	62
chr2	11429360	11431120	-	66	55
chr2	24201950	24202424	+	66	63
chr2	87973906	87977703	-	66	65
chr2	90253282	90258169	+	66	62
chr2	170975721	170980567	+	66	57
chr2	218201586	218210832	-	66	52
chr3	11270477	11272014	-	66	56
chr3	38433978	38438261	+	66	55
chr3	100326714	100330047	+	66	59
chr3	128436304	128438102	+	66	57
chr3	150537789	150541478	+	66	63
chr3	184184256	184185282	+	66	62
chr3	194689057	194692594	+	66	56
chr4	13118416	13130058	-	66	57
chr4	38701687	38703178	-	66	62
chr4	55773814	55782963	-	66	65
chr4	59476655	59476877	-	66	65
chr4	77819616	77820235	+	66	62
chr5	1302506	1312356	-	66	46
chr5	18308531	18365038	+	66	64
chr5	37371471	37374293	+	66	58
chr5	95614475	95620078	-	66	63
chr5	126848658	126854116	-	66	56
chr5	132818341	132822085	-	66	53
chr5	166664298	166779455	+	66	61
chr6	96655288	96662343	-	66	66
chr7	5093184	5103183	-	66	40
chr7	27508713	27512594	-	66	56
chr7	44730423	44743694	-	66	60
chr7	72828474	72829208	+	66	54
chr7	98795314	98839619	+	66	64
chr8	25710543	25735671	-	66	64
chr9	27316705	27324127	-	66	61
chr9	111893415	111896087	-	66	61
chr9	129797656	129803150	-	66	61
chr9	137130468	137135415	+	66	56
chr10	28510180	28515572	+	66	60
chr10	38509928	38574802	+	66	54
chr10	89421937	89430092	+	66	62
chr10	91146095	91152443	-	66	59
chr11	32794875	32796165	-	66	65
chr11	35126594	35130299	+	66	66
chr11	48171449	48175455	+	66	56
chr11	103032977	103033794	-	66	66
chr11	112376375	112383360	+	66	63
chr12	31821780	31832136	+	66	61
chr12	55876573	55889077	-	66	60
chr12	98507864	98512666	-	66	53
chr12	105396256	105414449	+	66	57
chr13	36842587	36843863	-	66	63
chr13	64179531	64179745	+	66	65
chr14	94742387	94743237	+	66	66
chr15	22837075	22838495	-	66	56
chr15	90503455	90510172	-	66	56
chr16	16684101	16684309	-	66	61
chr16	31837025	31838784	+	66	65
chr16	62297034	62297202	-	66	63
chr16	89817049	89818174	+	66	59
chr17	7055710	7058759	-	66	63
chr17	9248035	9250464	-	66	62
chr17	18686299	18690111	+	66	66
chr17	30470846	30476424	+	66	57
chr17	37962659	37965392	+	66	62
chr17	46589371	46590515	-	66	65
chr17	74553152	74555948	-	66	55
chr17	78783168	78787346	+	66	62
chr18	35156327	35158326	+	66	57
chr18	74526920	74530826	+	66	52
chr19	6605967	6649055	-	66	64
chr19	11157263	11161519	-	66	65
chr19	12919381	12921947	+	66	62
chr19	17689918	17716293	-	66	62
chr19	18370205	18374505	+	66	60
chr19	39324966	39326984	-	66	63
chr19	41616079	41617368	-	66	59
chr19	51740303	51745026	-	66	60
chr20	20007338	20016675	+	66	57
chr20	53834479	53838261	-	66	57
chr22	22257602	22264037	-	66	61
chr22	42071500	42073005	+	66	63
chrX	14030008	14032282	+	66	56
chrX	44589292	44608734	+	66	64
chrX	54499755	54501145	+	66	66
chrX	82412703	82412778	-	66	63
chrX	113554728	113556012	-	66	62
chrX	153945120	153946104	-	66	56
chr1	17016749	17018186	-	65	65
chr1	25206224	25207917	-	65	54
chr1	52599247	52602305	-	65	59
chr1	115026343	115028036	-	65	63
chr1	155739119	155744940	+	65	60
chr1	173924495	173928373	+	65	60
chr1	178549063	178551747	+	65	58
chr1	178579805	178586827	+	65	53
chr1	223776030	223779470	+	65	61
chr1	244736673	244738372	+	65	61
chr2	128203900	128206761	+	65	58
chr2	241510746	241519653	+	65	49
chr3	47580936	47583396	-	65	62
chr3	71760839	71771653	-	65	50
chr3	96210342	96210484	+	65	63
chr3	108542190	108549850	-	65	60
chr4	8358705	8365689	-	65	62
chr4	82474463	82475100	-	65	61
chr4	108667876	108669746	+	65	59
chr4	121797106	121801212	-	65	60
chr5	50237910	50246520	-	65	57
chr5	86621247	86625100	+	65	61
chr5	100938441	100944480	+	65	60
chr5	142154528	142156736	+	65	63
chr5	149460711	149464610	-	65	51
chr5	172008013	172009937	+	65	59
chr6	44236596	44238164	-	65	61
chr6	63594139	63597631	+	65	48
chr6	87732647	87733699	+	65	48
chr6	91871554	91872467	+	65	65
chr6	149485269	149489305	+	65	58
chr7	2448837	2451423	-	65	62
chr7	44069475	44070902	-	65	61
chr7	118703757	118716740	-	65	64
chr7	124812264	124818147	-	65	58
chr7	155105239	155105544	+	65	64
chr7	155783231	155787225	-	65	62
chr8	18033065	18036475	+	65	60
chr8	29404860	29409499	-	65	52
chr8	30032053	30037311	-	65	61
chr8	54032661	54034361	+	65	56
chr9	63901295	63904945	+	65	59
chr9	80244994	80248131	-	65	56
chr9	127778768	127783266	-	65	61
chr10	28502857	28508673	-	65	55
chr10	97720700	97733786	-	65	62
chr11	3081789	3084392	-	65	60
chr11	44630365	44631699	-	65	63
chr11	64181965	64183349	-	65	62
chr11	73992221	73994959	-	65	58
chr11	78088379	78092693	-	65	60
chr11	90198130	90199685	+	65	63
chr12	9810753	9813558	+	65	56
chr12	10410152	10412259	-	65	61
chr12	44998677	44998884	+	65	64
chr12	46279587	46291305	+	65	49
chr12	62600497	62601749	+	65	62
chr12	67899887	67906166	+	65	64
chr12	101266274	101266498	+	65	65
chr14	21269826	21279763	-	65	64
chr14	51286857	51300455	+	65	55
chr14	105831660	105834748	-	65	57
chr15	63497951	63500449	+	65	58
chr15	63602429	63607363	+	65	65
chr15	74878847	74889075	-	65	61
chr16	584210	588895	+	65	63
chr16	1703746	1705864	+	65	59
chr16	18766296	18775031	+	65	59
chr16	34137006	34137438	+	65	63
chr16	67010443	67011046	-	65	59
chr16	81711768	81713242	+	65	58
chr17	5490965	5492997	+	65	58
chr17	13633205	13710470	-	65	63
chr17	35310977	35313110	-	65	52
chr17	81663400	81665023	-	65	58
chr18	11963744	11980916	-	65	56
chr18	70282373	70282542	+	65	64
chr19	5551482	5556967	-	65	53
chr19	11917807	11924963	-	65	60
chr19	17742204	17744491	-	65	59
chr19	41429307	41431235	+	65	61
chr19	41445306	41448506	+	65	61
chr19	46023784	46027615	-	65	60
chr19	51536523	51536767	-	65	64
chr19	54343360	54349622	+	65	48
chr19	57916613	57918613	+	65	62
chr20	35412089	35421814	+	65	58
chr21	5056250	5057893	+	65	56
chr21	46631869	46635522	-	65	61
chr22	26424252	26428723	-	65	60
chr22	41916196	41921880	+	65	59
chrX	19223362	19265247	+	65	65
chrX	53080616	53082060	-	65	61
chrX	53927414	53929962	+	65	62
chrX	71053806	71056248	-	65	60
chrX	78266916	78271180	-	65	59
chrX	93627637	93630474	+	65	64
chrX	97980105	97980267	+	65	65
chrY	20414824	20419876	-	65	45
GL000218.1	88632	92996	+	65	62
chr1	1367033	1373634	-	64	60
chr1	21786980	21797475	+	64	61
chr1	40241131	40245844	+	64	60
chr1	108671999	108676842	+	64	59
chr1	119903197	119906405	-	64	52
chr1	150544157	150548348	+	64	58
chr1	230290372	230292091	+	64	20
chr2	42120040	42127695	+	64	56
chr2	64623549	64625053	-	64	61
chr2	197325667	197350312	+	64	59
chr2	202238686	202241977	+	64	55
chr2	202569693	202573007	+	64	55
chr3	89750365	89751726	+	64	64
chr3	124954822	124963411	+	64	57
chr3	133596287	133597905	-	64	58
chr3	141481854	141486932	-	64	57
chr3	177015874	177019235	+	64	63
chr4	3536865	3537741	+	64	64
chr4	6644248	6645286	-	64	60
chr4	48048743	48052982	-	64	58
chr4	82464789	82466695	-	64	57
chr4	160121599	160268949	-	64	63
chr5	25913085	25913299	+	64	63
chr5	37283855	37288135	-	64	56
chr5	40805811	40820946	+	64	61
chr5	53875206	53879845	-	64	58
chr6	17388205	17388993	+	64	61
chr6	18468878	18474979	+	64	54
chr6	36687595	36692127	-	64	57
chr6	105946924	105957918	+	64	62
chr6	159966669	159968941	-	64	61
chr7	2893266	2898296	+	64	57
chr7	5616314	5620020	+	64	56
chr7	73402379	73416956	+	64	61
chr7	73770363	73776338	+	64	60
chr7	75085944	75089593	+	64	62
chr7	134680150	134684064	+	64	59
chr7	152447406	152451163	-	64	54
chr8	19398281	19401321	-	64	55
chr8	33369733	33370327	+	64	63
chr8	42412935	42416227	-	64	56
chr8	85086213	85086561	+	64	64
chr8	100890501	100892101	-	64	63
chr9	5879910	5881412	-	64	62
chr9	20337730	20339147	+	64	64
chr9	105781903	105788884	-	64	61
chr9	123293579	123293833	+	64	63
chr10	36123004	36340048	-	64	57
chr10	72054482	72058870	+	64	61
chr10	118652971	118658628	-	64	47
chr10	119944921	119949432	+	64	57
chr11	8609172	8611347	-	64	60
chr11	77995016	77997564	+	64	50
chr11	93222160	93233586	-	64	44
chr11	98435781	98447078	+	64	62
chr11	103540103	103540349	-	64	64
chr11	130224456	130226374	-	64	58
chr12	39449334	39453968	-	64	51
chr12	47653008	47653422	+	64	62
chr12	51218087	51223701	+	64	61
chr12	104110181	104116735	+	64	62
chr12	105169155	105172146	+	64	62
chr12	107719408	107725953	-	64	61
chr12	122771065	122774259	+	64	61
chr13	98676872	98677035	-	64	64
chr13	113570230	113575508	+	64	41
chr14	51263422	51271519	+	64	59
chr14	57194577	57200180	-	64	55
chr15	98431993	98433316	-	64	59
chr16	58513632	58514781	+	64	62
chr16	89241757	89246572	-	64	59
chr17	43401891	43406688	-	64	52
chr18	23586969	23591550	+	64	58
chr18	35164548	35168163	+	64	51
chr19	1871727	1874502	-	64	62
chr19	6654362	6658043	-	64	61
chr19	11753820	11754071	-	64	64
chr19	32587453	32592755	-	64	58
chr19	45903014	45904908	+	64	54
chr19	54132343	54137682	-	64	58
chr20	4845210	4849066	+	64	62
chr20	59259490	59262689	-	64	59
chr21	19142520	19142678	+	64	64
chr21	36030539	36034499	-	64	61
chr22	35445357	35446034	-	64	61
chr22	40856692	40856938	+	64	62
chr22	41243350	41243945	+	64	61
chrX	15788673	15789858	+	64	57
chrX	16557147	16573588	+	64	63
chrX	79244909	79253305	-	64	61
chrY	1382699	1386111	+	64	56
chrY	1400528	1401230	-	64	60
chr1	9230344	9234613	-	63	58
chr1	23344362	23347214	+	63	60
chr1	31988109	32005466	-	63	59
chr1	39981642	40021280	-	63	62
chr1	51878806	51882755	+	63	58
chr1	101111666	101115055	+	63	57
chr1	147149590	147155092	-	63	55
chr1	148770073	148771076	-	63	61
chr1	151249712	151254393	+	63	56
chr2	18777757	18781521	+	63	59
chr2	18818201	18821573	+	63	60
chr2	116577353	116611145	+	63	63
chr2	176195425	176195884	+	63	63
chr2	196125817	196128179	-	63	57
chr2	231640954	231642231	-	63	49
chr3	124749856	124758400	+	63	52
chr4	83229084	83233401	-	63	55
chr5	75055422	75057439	-	63	57
chr5	76353968	76356737	+	63	60
chr5	103212812	103218620	+	63	60
chr5	117091923	117128354	-	63	63
chr5	130210050	130336319	+	63	61
chr5	134598289	134600652	-	63	58
chr5	139512082	139521162	+	63	51
chr5	149668753	149669437	+	63	62
chr5	173602791	173604690	-	63	61
chr5	178595288	178602622	-	63	57
chr6	27860227	27866764	-	63	56
chr6	28372756	28376024	+	63	63
chr6	31796164	31797234	+	63	53
chr6	51187949	51269660	-	63	62
chr6	141482199	141487110	-	63	52
chr7	6567192	6577056	+	63	63
chr7	44354646	44359668	-	63	51
chr7	66592448	66604738	+	63	56
chr7	68422225	68422290	-	63	63
chr7	75172047	75177886	-	63	58
chr7	128118351	128127914	+	63	56
chr7	134100972	134105489	+	63	59
chr7	148989467	148994394	+	63	56
chr8	11332597	11337147	+	63	53
chr8	17126057	17130936	+	63	56
chr8	124302379	124306034	-	63	60
chr9	20335851	20341614	-	63	56
chr9	26445731	26447519	+	63	62
chr9	96802885	96808335	+	63	58
chr9	114599010	114601339	-	63	56
chr10	28623863	28642401	+	63	53
chr10	101041527	101042132	-	63	57
chr10	123223202	123223749	-	63	56
chr10	124792052	124798785	+	63	55
chr11	42896320	42897579	-	63	63
chr11	57335988	57337757	+	63	53
chr11	57531070	57534443	+	63	58
chr11	62679710	62680961	-	63	48
chr11	65799914	65814885	-	63	56
chr11	118986687	118994801	+	63	58
chr12	4168228	4171156	+	63	54
chr13	22554296	22561330	+	63	45
chr13	71288314	71291115	-	63	49
chr14	35029696	35032995	+	63	59
chr14	54920203	54936284	-	63	60
chr14	91227005	91228150	-	63	61
chr14	93177013	93181468	+	63	61
chr14	99140436	99140950	+	63	57
chr16	14669328	14672233	-	63	61
chr16	30469998	30472602	-	63	59
chr16	69466539	69476761	+	63	55
chr17	989562	997045	-	63	52
chr17	2025352	2027586	+	63	39
chr17	8283817	8287733	-	63	54
chr17	29235846	29240382	-	63	57
chr17	44570030	44588559	-	63	45
chr17	58106130	58113900	-	63	58
chr17	74500226	74503444	-	63	53
chr17	76809659	76831089	-	63	56
chr19	6611940	6627558	+	63	31
chr19	15150894	15151464	+	63	63
chr19	15208132	15220916	+	63	61
chr19	33370027	33373559	-	63	59
chr19	35686657	35704084	+	63	63
chr19	38813696	38815280	-	63	61
chr19	39187718	39192272	+	63	56
chr19	48705999	48711736	+	63	58
chr19	54370662	54373449	+	63	44
chr21	15644916	15645039	+	63	60
chr21	42965410	42974245	-	63	57
chrX	65749582	65754355	+	63	57
chrX	117759472	117877729	-	63	63
chrX	118803821	118806183	+	63	55
chrX	153037971	153041169	+	63	61
chrY	9141887	9141961	+	63	63
chrY	13198907	13201918	-	63	51
KI270734.1	131634	133451	+	63	57
chr1	27395887	27398543	+	62	61
chr1	27704360	27723771	+	62	61
chr1	92822538	92830678	+	62	49
chr1	112730974	112746240	-	62	62
chr1	112747778	112747994	-	62	62
chr1	117659043	117667161	+	62	60
chr1	156395764	156399048	-	62	61
chr1	156713270	156714680	+	62	57
chr1	179920321	179922830	-	62	59
chr1	206684423	206684882	-	62	58
chr1	213288897	213290534	+	62	53
chr1	232045576	232051681	+	62	53
chr1	248805261	248810374	-	62	58
chr2	185959201	185959626	+	62	59
chr2	203316837	203321362	+	62	56
chr3	23989907	23993410	+	62	56
chr3	30600385	30606472	-	62	52
chr3	40698244	40698652	-	62	62
chr3	119494856	119496669	+	62	55
chr3	150516420	150533107	-	62	57
chr3	150523585	150526477	+	62	61
chr4	26852761	26857448	-	62	57
chr4	56331131	56337698	-	62	56
chr4	77665303	77669384	-	62	52
chr4	163459387	163466456	+	62	61
chr4	174336334	174338901	-	62	54
chr4	183715963	183721839	-	62	59
chr5	43743140	43844376	-	62	60
chr5	55923657	55929075	-	62	49
chr5	56408868	56409051	-	62	62
chr5	70043698	70049604	-	62	57
chr5	98577273	98578462	+	62	61
chr5	173164545	173177856	+	62	57
chr6	11404298	11405190	+	62	29
chr6	14111844	14114133	+	62	40
chr6	32861296	32864869	-	62	57
chr6	34224172	34226699	+	62	58
chr6	37162295	37169138	-	62	57
chr6	44450434	44456893	+	62	59
chr7	67382153	67445572	+	62	59
chr7	116207286	116209215	-	62	56
chr7	116922102	116928145	+	62	53
chr7	133167991	133169374	-	62	62
chr7	134123888	134127147	+	62	58
chr7	139015619	139023181	+	62	57
chr7	142324969	142327768	-	62	48
chr7	148942325	148943084	-	62	56
chr7	158620596	158627351	-	62	56
chr8	18031326	18040634	-	62	53
chr8	132678396	132682964	-	62	54
chr10	8082423	8083224	+	62	58
chr10	73101344	73105547	+	62	60
chr10	102638118	102641010	+	62	51
chr11	1262999	1269030	+	62	57
chr11	10748790	10751009	-	62	58
chr11	65709475	65711439	+	62	58
chr11	86188015	86188397	+	62	60
chr11	113480301	113480587	+	62	62
chr12	4162674	4167036	-	62	54
chr12	10581953	10587929	+	62	50
chr12	48648326	48653179	+	62	53
chr12	73395814	73397696	+	62	60
chr12	76855516	76858652	+	62	58
chr13	28689530	28699632	-	62	48
chr13	41288575	41296430	-	62	49
chr14	92767689	92772064	+	62	45
chr14	96494972	96500807	-	62	54
chr14	106369841	106372429	-	62	56
chr15	84660886	84663544	-	62	59
chr16	181540	185059	+	62	58
chr16	362675	365903	-	62	58
chr16	31444572	31448698	+	62	60
chr16	67101124	67108071	+	62	54
chr16	70374006	70375944	+	62	60
chr17	12260473	12275709	+	62	58
chr17	15433764	15435954	-	62	61
chr17	35200616	35203680	-	62	61
chr17	49057165	49084370	+	62	62
chr17	49876956	49878880	+	62	54
chr18	45794147	45799274	-	62	55
chr18	59870092	59878273	-	62	52
chr19	10587808	10593192	-	62	51
chr20	6879321	6880630	+	62	62
chr20	38774431	38777857	+	62	56
chr21	23757249	23769143	+	62	60
chr21	41797328	41797835	+	62	57
chr21	46445801	46448373	-	62	54
chr22	21886549	21895864	+	62	52
chr22	22329195	22338105	+	62	47
chrX	54502127	54523818	-	62	57
chrX	68593764	68599513	+	62	48
chrX	81359869	81361974	+	62	58
chrX	102109143	102118448	+	62	62
chr1	1499014	1503098	-	61	59
chr1	16505795	16513967	+	61	58
chr1	28088803	28093126	+	61	59
chr1	44778801	44781629	-	61	54
chr1	166490568	166492701	+	61	53
chr1	211318519	211320337	-	61	55
chr2	7287166	7291526	+	61	54
chr2	117841778	117846936	+	61	51
chr2	127045667	127047868	-	61	60
chr2	149560339	149566199	-	61	55
chr2	174488906	174494285	-	61	57
chr3	53260926	53269877	-	61	52
chr3	53882202	53883977	-	61	58
chr3	58325303	58332079	-	61	57
chr3	129246095	129249551	-	61	51
chr3	151512569	151512723	+	61	60
chr4	20125673	20168392	+	61	61
chr4	74455067	74458735	+	61	56
chr4	83224673	83227961	-	61	57
chr4	188020471	188084537	-	61	59
chr5	13421496	13438010	+	61	61
chr5	67169595	67170840	+	61	55
chr6	33027731	33031290	+	61	57
chr6	62826784	63102674	-	61	60
chr6	108204459	108211187	-	61	53
chr7	261494	266006	+	61	51
chr7	4675455	4680589	-	61	49
chr7	32473470	32474626	-	61	61
chr7	36784546	36787044	+	61	55
chr7	100041917	100049465	-	61	57
chr7	143311180	143313564	-	61	60
chr8	36198341	36199325	-	61	59
chr8	100910859	100913163	+	61	60
chr8	140500479	140504838	+	61	56
chr9	75175773	75179099	-	61	56
chr9	79494770	79499175	-	61	61
chr9	92674566	92679538	+	61	56
chr9	114610099	114611190	-	61	57
chr9	126722708	126728685	+	61	57
chr9	129881940	129883653	+	61	59
chr10	8974572	8978668	-	61	44
chr10	43617910	43623894	+	61	55
chr10	70133330	70136725	-	61	59
chr10	79329296	79335075	+	61	55
chr10	80092594	80099436	+	61	49
chr10	112834602	112835026	+	61	59
chr10	119486584	119489600	+	61	57
chr11	492008	493823	-	61	55
chr11	34363204	34370428	-	61	60
chr11	42738486	42738710	+	61	60
chr11	59285189	59285855	-	61	60
chr11	69675503	69678728	+	61	47
chr12	9051346	9055228	+	61	58
chr12	11324009	11325568	-	61	58
chr12	31327089	31330389	+	61	52
chr12	49095843	49096539	+	61	55
chr12	53004508	53006176	-	61	59
chr12	69357268	69359708	-	61	50
chr12	92397722	92403219	-	61	57
chr12	94651051	94661088	-	61	51
chr12	111929130	111929987	+	61	56
chr12	118953688	118953853	-	61	60
chr12	121711021	121712726	+	61	17
chr14	52362754	52364068	-	61	12
chr14	97918696	97924621	-	61	57
chr14	98465117	98466187	-	61	59
chr14	103513756	103517138	-	61	60
chr15	31440312	31447527	+	61	52
chr15	40394316	40401187	+	61	57
chr15	40956994	40959553	+	61	53
chr15	67195199	67200651	-	61	57
chr15	74941608	74950482	-	61	51
chr15	78299926	78301526	+	61	54
chr16	18778986	18780943	-	61	54
chr16	27453779	27459421	-	61	57
chr16	70102481	70106838	-	61	58
chr17	8182839	8188341	-	61	54
chr17	19871289	19885575	+	61	58
chr17	19893663	19897624	-	61	57
chr17	35461180	35464218	+	61	61
chr17	82317691	82320522	-	61	58
chr18	51160369	51161906	-	61	56
chr18	57586845	57598483	-	61	55
chr18	79759944	79762549	+	61	56
chr19	1848601	1852374	-	61	57
chr19	7949698	7954728	+	61	57
chr19	11744239	11749359	+	61	58
chr19	17229342	17231841	+	61	56
chr19	17895308	17925742	-	61	60
chr19	19508967	19512299	+	61	56
chr19	35772092	35774398	-	61	53
chr19	38230202	38233078	+	61	53
chr20	35156829	35162865	+	61	52
chr20	35530461	35540659	+	61	57
chr20	54757062	54816920	-	61	60
chr21	6109289	6110788	-	61	57
chr21	25575277	25582165	-	61	52
chr22	24781762	24802996	-	61	58
chrX	75330450	75332883	-	61	58
chrX	146199308	146427221	-	61	59
chrY	20917058	20947464	-	61	55
chr1	12209750	12215680	-	60	59
chr1	23868480	23870270	+	60	51
chr1	27354104	27355168	-	60	57
chr1	36213574	36216503	+	60	57
chr1	44797140	44800031	-	60	52
chr1	89943906	89944384	-	60	57
chr1	173499754	173500291	+	60	54
chr1	225980862	225982564	+	60	52
chr2	55503875	55513518	-	60	52
chr2	73924581	73926787	-	60	48
chr2	147842413	147844318	-	60	48
chr2	219278008	219279262	-	60	57
chr2	239872499	239873441	-	60	50
chr3	5246810	5251531	+	60	54
chr3	10112394	10115522	-	60	59
chr3	101713526	101724148	-	60	54
chr3	105649393	105655300	-	60	53
chr3	167673490	167677192	+	60	56
chr4	26801562	26804040	+	60	53
chr4	83258537	83261107	+	60	55
chr5	700872	708634	-	60	42
chr5	61154910	61157468	-	60	57
chr5	134753067	134758598	-	60	53
chr5	179460561	179488137	+	60	58
chr6	75228920	75237348	-	60	55
chr6	91938449	91972316	-	60	59
chr7	2675488	2677631	+	60	58
chr7	5616564	5620027	-	60	56
chr7	34199706	34200474	-	60	60
chr7	73091082	73092601	+	60	58
chr7	73557917	73565613	-	60	53
chr7	97692547	97704515	+	60	58
chr7	106238046	106242672	-	60	51
chr7	139500335	139501075	+	60	40
chr8	22109743	22112487	+	60	58
chr8	52929445	52931689	-	60	60
chr8	108507911	108512277	+	60	55
chr8	108513310	108516862	+	60	51
chr9	90604466	90606538	+	60	60
chr9	92197296	92200739	+	60	52
chr9	93134335	93137405	+	60	55
chr9	112681789	112683793	-	60	59
chr9	127409613	127415152	-	60	55
chr10	3849028	3852075	-	60	52
chr10	17245336	17249833	+	60	42
chr10	36756532	36764458	-	60	60
chr10	38378837	38382916	-	60	56
chr10	92429633	92434722	-	60	56
chr10	119138021	119140385	+	60	56
chr10	124093703	124096982	+	60	55
chr11	126267	126473	-	60	57
chr11	18120355	18120939	-	60	58
chr11	19085418	19085575	-	60	59
chr12	10195632	10196003	+	60	57
chr12	63224971	63226166	+	60	56
chr12	87680244	87696523	-	60	60
chr12	131802373	131804756	+	60	54
chr12	131946255	131949586	-	60	51
chr13	46550627	46553166	-	60	51
chr14	52339153	52345978	+	60	49
chr14	69177676	69177853	+	60	59
chr14	103504340	103509988	-	60	58
chr14	105938702	105939552	+	60	44
chr15	23056723	23056825	-	60	57
chr15	64828946	64835485	-	60	53
chr15	72742563	72746514	-	60	58
chr16	31174985	31179789	-	60	58
chr17	13018239	13031389	+	60	49
chr17	16437076	16438662	+	60	59
chr17	38323578	38324546	+	60	56
chr17	47100414	47104941	+	60	52
chr17	63989904	63991884	-	60	51
chr17	69557707	69558161	-	60	56
chr17	78592512	78595918	+	60	52
chr19	683459	685051	+	60	48
chr19	1240732	1241740	-	60	49
chr19	3992792	3997852	+	60	59
chr19	16880790	16888779	-	60	50
chr19	21071691	21076997	-	60	60
chr19	33296110	33299925	-	60	57
chr20	25234497	25235463	-	60	60
chr20	32170830	32180393	+	60	56
chr22	29783720	29788574	-	60	58
chr22	38803821	38817973	+	60	56
chrX	12924701	12926245	+	60	58
chrX	48911983	48913170	+	60	53
chrX	74618914	74636194	-	60	59
chrX	100935197	100938994	+	60	53
chrX	119698855	119734201	+	60	53
chrX	151758666	151758931	+	60	58
chr1	9626454	9628306	+	59	52
chr1	10016437	10032180	-	59	57
chr1	27490637	27491705	+	59	51
chr1	31066052	31067789	+	59	54
chr1	40771755	40776034	+	59	58
chr1	46381522	46393593	-	59	55
chr1	54492398	54509186	-	59	58
chr1	120469876	120470557	+	59	57
chr1	145999359	146008318	-	59	56
chr1	157783071	157784857	-	59	52
chr1	235658493	235660777	+	59	57
chr2	15856792	15857051	+	59	58
chr2	26398037	26399394	-	59	52
chr2	28871174	28884930	-	59	59
chr2	28950895	28951798	-	59	56
chr2	33422799	33435540	-	59	59
chr2	109776970	109784625	+	59	57
chr2	194860416	194867961	+	59	54
chr3	36816090	36817682	-	59	56
chr3	39405476	39406451	-	59	55
chr3	46301882	46303111	-	59	58
chr3	133495421	133535149	+	59	58
chr3	165879889	165880618	-	59	58
chr3	182929404	182937737	-	59	54
chr4	3277164	3284635	+	59	51
chr4	13563187	13566202	-	59	51
chr4	27375671	27376014	-	59	58
chr4	102074830	102079834	+	59	50
chr4	118716809	118722338	-	59	56
chr5	32348639	32351238	+	59	55
chr5	173142868	173144151	-	59	57
chr6	126266021	126272619	+	59	55
chr6	136552576	136557014	-	59	55
chr6	146557956	146562271	+	59	57
chr6	149719320	149724150	-	59	56
chr7	1138518	1140627	+	59	52
chr7	1166186	1169176	-	59	52
chr7	28855115	28870680	-	59	58
chr7	44371002	44372288	+	59	55
chr7	76543508	76548751	+	59	55
chr7	87909560	87913018	+	59	55
chr7	100086060	100088903	-	59	49
chr7	130054596	130069976	-	59	54
chr7	144836419	144839559	+	59	52
chr8	66937466	66938496	+	59	57
chr8	140458665	140463633	+	59	49
chr9	120932019	120932919	+	59	51
chr9	126542721	126552998	+	59	59
chr9	127410388	127414715	+	59	49
chr10	12332444	12347853	+	59	51
chr10	31800685	31802051	-	59	57
chr10	79655511	79657528	+	59	55
chr10	84155335	84158172	-	59	58
chr10	92364641	92415186	-	59	58
chr10	102190495	102217452	-	59	56
chr11	2934711	2943514	-	59	59
chr11	60072581	60073878	-	59	57
chr11	95957263	95957517	+	59	58
chr11	118800844	118816111	+	59	46
chr11	130215074	130222935	-	59	54
chr12	118145604	118149585	+	59	50
chr12	123273709	123282698	+	59	56
chr12	123366128	123372788	+	59	53
chr13	20949723	20954238	-	59	58
chr14	20839931	20840817	-	59	59
chr14	64546216	64548590	-	59	57
chr14	65225601	65231493	-	59	52
chr15	63119534	63121810	-	59	58
chr15	64782180	64801462	-	59	58
chr16	417260	425213	-	59	56
chr16	70577946	70579360	+	59	57
chr17	13628356	13752995	+	59	58
chr17	35399547	35400877	-	59	55
chr17	36090932	36093140	-	59	50
chr17	47492709	47503906	+	59	54
chr17	50488647	50500514	+	59	54
chr17	75856613	75860843	-	59	54
chr18	15286302	15286459	+	59	59
chr18	35151746	35154977	+	59	52
chr19	3131481	3133155	-	59	52
chr19	12758577	12762445	-	59	55
chr19	18000100	18001086	-	59	54
chr19	51549914	51552860	+	59	53
chr20	2094751	2101745	-	59	50
chr20	20016302	20017199	-	59	32
chr20	30845885	30846727	-	59	59
chr20	38923473	38926190	-	59	49
chr21	44242103	44246320	+	59	56
chr22	41595537	41596964	-	59	57
chrX	12857342	12857519	+	59	56
chrX	57898111	57905336	-	59	57
chrX	88900846	88901019	-	59	56
chrX	134862658	134865372	+	59	51
chrY	20444962	20453092	-	59	57
chr1	26801412	26802851	+	58	53
chr1	39022418	39026307	-	58	54
chr1	40433402	40435891	-	58	55
chr1	66997043	66998654	+	58	56
chr1	91042031	91051536	+	58	58
chr1	143637245	143638270	-	58	57
chr1	160792743	160795978	-	58	48
chr1	206743485	206746688	+	58	53
chr2	41567183	41578261	-	58	57
chr2	60190060	60190230	+	58	57
chr2	74179040	74183306	+	58	51
chr2	82932675	82933998	-	58	56
chr2	88021475	88026138	+	58	57
chr2	96555620	96560988	-	58	57
chr2	161076831	161079217	+	58	52
chr2	172609875	172614531	-	58	56
chr2	180525572	180525671	-	58	57
chr2	191203598	191205684	+	58	55
chr3	20018260	20033340	+	58	56
chr3	88168738	88171051	+	58	55
chr3	114261233	114268743	-	58	45
chr3	152939613	152940692	-	58	56
chr4	6903796	6909127	-	58	54
chr4	11235858	11241174	+	58	52
chr4	25632113	25641153	-	58	58
chr4	42090691	42094002	-	58	56
chr4	52707482	52712103	-	58	53
chr4	73049352	73051886	-	58	49
chr4	141791979	141792128	+	58	58
chr4	155407174	155408242	-	58	55
chr4	158118977	158124472	-	58	50
chr4	176336896	176340750	+	58	56
chr4	176361697	176362796	-	58	55
chr4	184625812	184627469	-	58	51
chr5	6297135	6300947	-	58	48
chr5	66101890	66104637	-	58	54
chr5	134863974	134868208	+	58	54
chr5	139482937	139485390	+	58	29
chr5	146182855	146185177	+	58	53
chr6	26556521	26557067	+	58	53
chr6	27815717	27820736	-	58	43
chr6	33789158	33794600	+	58	56
chr6	107700235	107702142	-	58	53
chr6	112627233	112627563	-	58	58
chr6	118797950	118806525	-	58	55
chr7	6404003	6407783	+	58	56
chr7	35919256	35933609	-	58	51
chr7	38697706	38699203	-	58	49
chr7	73652101	73664557	-	58	54
chr7	148977300	148982978	-	58	55
chr7	150785305	150789775	-	58	48
chr7	152891872	152893695	+	58	55
chr8	83435500	83607547	+	58	58
chr8	144870487	144874919	-	58	53
chr9	88923135	88927445	+	58	56
chr9	96797446	96800237	+	58	55
chr10	29020260	29021149	+	58	57
chr10	38478410	38479110	-	58	56
chr10	62124007	62129668	+	58	44
chr10	62963740	63110593	-	58	58
chr10	72249456	72261276	-	58	50
chr10	72362856	72366795	+	58	54
chr10	114985861	114990163	-	58	51
chr11	23050285	23053308	+	58	54
chr11	46706029	46708906	+	58	47
chr11	60148797	60150356	-	58	58
chr11	61657350	61671425	+	58	58
chr11	66304154	66311099	-	58	47
chr12	4137291	4141015	+	58	53
chr12	51089608	51093520	+	58	54
chr12	52619875	52628255	+	58	49
chr12	53207674	53208733	-	58	55
chr12	58125302	58125404	-	58	56
chr12	65248431	65252030	+	58	51
chr13	19954116	19954412	-	58	58
chr13	85902271	85952050	+	58	58
chr13	95014997	95018933	-	58	57
chr14	49913788	49926874	-	58	47
chr16	28786607	28802292	+	58	57
chr16	58111879	58113519	-	58	54
chr16	67719922	67723032	-	58	52
chr16	74868068	74868611	-	58	49
chr16	85985386	85986531	+	58	52
chr17	1756539	1761102	+	58	53
chr17	7457713	7459340	-	58	53
chr17	27754972	27755265	+	58	54
chr17	38923445	38925179	-	58	53
chr17	39456449	39461387	-	58	57
chr17	45381084	45384225	-	58	52
chr17	62078945	62118463	+	58	58
chr18	3058114	3061790	-	58	48
chr19	6205668	6210278	-	58	55
chr19	7574016	7587779	-	58	39
chr19	17220245	17226195	-	58	57
chr19	43469538	43472967	+	58	51
chr19	54891435	54897134	+	58	54
chr20	4847798	4851410	-	58	54
chr20	33691418	33695044	+	58	57
chr20	34147661	34182193	-	58	51
chr20	37248390	37251043	+	58	56
chr20	37321533	37327654	+	58	52
chr21	31008389	31009917	-	58	58
chrX	13686858	13689115	-	58	52
chrX	48563282	48567233	-	58	54
chrX	68495398	68498064	-	58	50
chrX	96523370	96523537	+	58	57
chrX	117231821	117232036	-	58	57
chrX	122546724	122814270	+	58	53
chrY	4951476	4952985	-	58	57
chrY	24164476	24165027	-	58	55
GL000008.2	202759	206997	+	58	56
KI270719.1	7443	12005	-	58	55
KI270725.1	32632	33370	+	58	56
chr1	10026116	10032196	+	57	57
chr1	10389116	10394815	-	57	52
chr1	26087133	26109413	+	57	54
chr1	26501939	26506457	-	57	50
chr1	26821680	26826259	+	57	49
chr1	84244664	84246092	-	57	50
chr1	161238377	161240896	+	57	53
chr1	166370899	166371036	+	57	54
chr1	178687906	178704003	+	57	31
chr1	202930335	202939947	-	57	48
chr2	7250214	7256404	+	57	50
chr2	27769497	27771465	-	57	56
chr2	75235933	75237864	-	57	52
chr2	133662981	133663292	+	57	57
chr2	178411529	178413457	-	57	49
chr2	219045193	219045732	-	57	55
chr3	46361416	46363606	+	57	53
chr3	134257455	134301973	-	57	57
chr3	197788137	197791225	-	57	53
chr4	6718094	6721871	+	57	56
chr4	10434565	10439646	-	57	49
chr4	25724180	25727070	+	57	50
chr4	40267837	40273166	-	57	55
chr4	48426205	48430757	+	57	56
chr4	48780917	48784029	+	57	52
chr4	110207831	110235085	+	57	56
chr4	153422894	153440455	-	57	45
chr5	180296024	180298735	+	57	50
chr6	3060777	3061389	+	57	57
chr6	27807965	27809855	+	57	56
chr6	76105867	76402615	+	57	56
chr6	80351670	80355374	+	57	55
chr6	110865726	110873525	+	57	52
chr6	133117729	133145168	-	57	57
chr7	5886681	5893541	-	57	52
chr7	6484381	6486393	+	57	46
chr7	44730118	44732613	+	57	53
chr7	47958893	47961746	+	57	57
chr7	55780367	55784122	+	57	52
chr7	73751260	73753953	-	57	56
chr7	101224503	101231955	-	57	54
chr7	123650789	123655843	-	57	51
chr7	135324775	135331098	-	57	56
chr7	141807898	141808369	-	57	55
chr7	142564894	142567422	-	57	50
chr7	142573722	142575375	-	57	57
chr7	152024164	152025585	-	57	55
chr8	12076786	12077117	+	57	42
chr8	21890318	21891919	-	57	53
chr8	30985541	30986618	-	57	55
chr8	109864551	109864673	+	57	56
chr8	123493631	123495349	+	57	51
chr8	130017771	130028135	-	57	55
chr8	144769089	144769614	+	57	55
chr9	77699558	77702515	-	57	45
chr9	96794312	96795864	+	57	56
chr9	99161989	99176207	-	57	53
chr9	108789079	108790471	+	57	54
chr9	122351454	122354222	-	57	57
chr9	136997706	137006015	+	57	52
chr10	47257118	47259237	+	57	34
chr10	95581911	95592713	-	57	52
chr10	114419023	114420359	+	57	54
chr11	1215301	1218313	-	57	49
chr11	17065442	17074361	-	57	52
chr11	23038181	23046327	+	57	47
chr11	33739517	33740559	+	57	54
chr11	57701209	57703704	-	57	56
chr11	69971545	69974864	-	57	48
chr12	8570836	8573510	-	57	47
chr12	39517076	39517529	+	57	55
chr12	50083758	50085187	-	57	54
chr12	67777732	67781483	-	57	50
chr12	107727788	107732134	-	57	51
chr12	113812123	113814636	+	57	54
chr12	120602410	120626581	-	57	57
chr13	41377143	41380458	+	57	50
chr13	113641989	113646812	+	57	45
chr14	56301538	56302446	+	57	51
chr14	73641350	73644837	-	57	52
chr14	104921578	104923585	+	57	55
chr14	106345022	106349090	-	57	47
chr15	21720425	21724043	+	57	51
chr15	23056679	23056986	+	57	57
chr15	44773974	44777401	-	57	51
chr15	66867144	66876382	+	57	46
chr16	809975	814876	+	57	47
chr16	3338621	3355291	-	57	52
chr16	23574516	23581011	+	57	50
chr16	47072813	47072907	+	57	57
chr16	67719472	67722092	+	57	50
chr16	77184845	77190763	-	57	51
chr17	988906	996563	+	57	54
chr17	60175189	60177325	-	57	56
chr17	62622402	62624517	+	57	56
chr17	66288730	66299193	-	57	46
chr17	80255969	80260497	-	57	52
chr17	81722373	81727161	+	57	47
chr18	2534637	2536132	+	57	56
chr19	1435986	1438299	-	57	54
chr19	2457102	2458257	+	57	44
chr19	14022076	14027487	+	57	50
chr19	15207377	15221013	-	57	51
chr19	18569413	18571629	+	57	54
chr19	35771472	35774516	+	57	53
chr19	35926608	35931282	-	57	54
chr19	41881835	41882924	+	57	47
chr19	49714459	49717385	-	57	57
chr19	56992701	56993693	+	57	57
chr20	21830927	21893578	+	57	54
chr20	35746926	35752624	+	57	49
chr21	43411520	43414419	+	57	47
chr22	16021816	16026965	+	57	57
chr22	49957116	49960457	-	57	49
chrX	77308834	77324096	+	57	56
chrX	110186384	110193115	-	57	53
chrX	155386062	155389393	-	57	49
KI270719.1	63953	64231	+	57	54
KI270728.1	1582310	1770636	-	57	56
KI270743.1	95566	97846	+	57	54
chr1	1198849	1202496	-	56	53
chr1	8880124	8888811	-	56	50
chr1	26507878	26509906	-	56	56
chr1	32333636	32333825	-	56	54
chr1	111471407	111473691	+	56	56
chr1	117122635	117123057	+	56	46
chr1	223916928	223921686	+	56	26
chr1	224205860	224207860	+	56	54
chr1	233699442	233699546	+	56	54
chr2	42798762	42801073	+	56	53
chr2	107892957	107900661	-	56	55
chr2	121774567	121778117	-	56	56
chr2	127858312	127859477	+	56	54
chr2	130551038	130567543	+	56	37
chr2	130741277	130741461	+	56	55
chr2	172648962	172654683	+	56	47
chr2	194848522	194855667	-	56	36
chr2	207693246	207705454	-	56	36
chr2	227664335	227664702	+	56	56
chr2	234565730	234565855	-	56	56
chr2	241840867	241842947	-	56	40
chr3	155944192	155950203	+	56	52
chr3	193709038	193709520	+	56	46
chr4	32363445	32363801	-	56	55
chr4	71031194	71039282	+	56	56
chr4	74390223	74395119	+	56	33
chr4	143477157	143482852	+	56	50
chr4	146204500	146208136	+	56	51
chr4	189971451	189976737	+	56	55
chr5	36093650	36098393	-	56	51
chr5	55552922	55559996	+	56	51
chr5	70962945	70965888	+	56	54
chr5	80307371	80307665	+	56	21
chr5	101042313	101206249	+	56	47
chr5	131231956	131236904	-	56	52
chr5	132084662	132084825	+	56	56
chr5	133050210	133051056	-	56	54
chr5	151002191	151013630	+	56	49
chr6	36986578	36989941	+	56	47
chr6	70631891	70637146	+	56	55
chr6	116463997	116466265	+	56	53
chr6	154616700	154699321	+	56	56
chr7	6573458	6577384	-	56	49
chr7	44824583	44826067	+	56	50
chr7	56382073	56385971	-	56	56
chr7	134513683	134527193	-	56	56
chr7	142555852	142563423	-	56	49
chr7	142599132	142601622	-	56	49
chr7	142810440	142812475	+	56	50
chr8	74037153	74045145	+	56	52
chr8	77042744	77107948	+	56	50
chr8	100900749	100907427	+	56	49
chr8	144118337	144125394	-	56	50
chr9	19380412	19386698	+	56	51
chr9	35082589	35084828	+	56	55
chr9	35116599	35131341	-	56	56
chr9	64722975	64725513	+	56	53
chr9	72107529	72108796	-	56	54
chr9	75196920	75202461	+	56	54
chr9	78031979	78033786	-	56	49
chr9	92202092	92205304	-	56	54
chr10	45820761	45825433	+	56	54
chr10	73414777	73421736	+	56	55
chr10	102076143	102080644	-	56	53
chr10	102167662	102169929	+	56	50
chr10	110339290	110340102	-	56	56
chr10	130198178	130199515	+	56	53
chr11	57435570	57440619	-	56	53
chr11	58524914	58526847	-	56	52
chr11	82821035	82821524	+	56	54
chr11	95974659	95976107	+	56	52
chr12	4099538	4102433	+	56	50
chr12	11591395	11606461	+	56	46
chr12	11637719	11647933	+	56	53
chr12	71927300	71932018	+	56	51
chr12	98504218	98512140	+	56	52
chr12	106225757	106229478	-	56	46
chr13	41298764	41302528	+	56	55
chr13	41470954	41482406	+	56	52
chr13	97396712	97403526	+	56	51
chr13	99398518	99404112	+	56	51
chr14	22006667	22011190	+	56	52
chr14	23326225	23332189	+	56	54
chr14	49889125	49892565	+	56	53
chr14	63673178	63680460	+	56	54
chr14	81663534	81697286	-	56	56
chr15	19938783	19940489	+	56	54
chr15	22617858	22637814	-	56	55
chr15	94647828	94648044	-	56	48
chr16	20185365	20185535	-	56	56
chr16	28874414	28876887	+	56	54
chr16	29926288	29926724	+	56	54
chr16	30335450	30336105	-	56	53
chr16	46931477	46939668	-	56	50
chr16	75172239	75181630	+	56	39
chr16	84782566	84786495	-	56	49
chr16	87405354	87406243	-	56	56
chr16	87554982	87555895	+	56	49
chr17	742998	744355	-	56	53
chr17	3275049	3276096	+	56	56
chr17	67069532	67070354	-	56	51
chr18	63436075	63455691	-	56	55
chr18	71091807	71095884	-	56	54
chr19	1334897	1351180	-	56	54
chr19	11365738	11367822	-	56	55
chr19	14945582	14945741	-	56	55
chr19	15344677	15346065	-	56	55
chr19	17553953	17555590	-	56	53
chr19	17689932	17718236	+	56	55
chr19	20069632	20072045	+	56	56
chr19	35239722	35246194	+	56	42
chr20	7957229	7964587	-	56	45
chr20	20033655	20034344	+	56	56
chr20	36870714	36873017	-	56	54
chr21	28927534	28928090	-	56	54
chr22	40973551	40976780	+	56	52
chr22	41295675	41301416	-	56	44
chr22	42532115	42541144	+	56	45
chrX	64131938	64142806	-	56	47
chrX	101293925	101319617	+	56	55
chrX	118478143	118485922	-	56	41
chrX	136839040	136840905	+	56	49
chrY	2673502	2676913	-	56	55
chr1	86418	88976	-	55	53
chr1	3484702	3487731	-	55	48
chr1	11296544	11306379	+	55	53
chr1	21788456	21805318	-	55	55
chr1	40252351	40256244	-	55	50
chr1	47314955	47318555	+	55	51
chr1	146037049	146039891	+	55	51
chr1	147016805	147018559	-	55	52
chr1	150145600	150149180	-	55	50
chr1	158235310	158236395	+	55	55
chr1	184974616	184976845	+	55	44
chr1	200966808	200968896	-	55	49
chr2	4735734	4804568	+	55	54
chr2	9780608	9784887	+	55	49
chr2	26802284	26805021	-	55	55
chr2	112364018	112368157	+	55	53
chr2	117054404	117054652	-	55	53
chr2	127907015	127926104	-	55	54
chr2	128033544	128064032	-	55	53
chr2	173969579	173973669	+	55	53
chr2	183163114	183166880	+	55	50
chr2	202323255	202332960	-	55	49
chr2	218254456	218255318	+	55	51
chr2	239877246	239883263	-	55	46
chr3	5241950	5245251	+	55	48
chr3	11771451	11774886	+	55	53
chr3	19729987	19730213	+	55	54
chr3	40453377	40457058	+	55	52
chr3	41998719	42007545	+	55	45
chr3	50313098	50315291	-	55	50
chr3	170221280	170221965	-	55	52
chr4	16944825	16946095	+	55	55
chr4	27041361	27048110	+	55	50
chr4	39696598	39697809	-	55	48
chr4	118418742	118423273	+	55	53
chr4	179313546	179367132	+	55	54
chr5	63488168	63489097	-	55	54
chr5	70954228	70957591	-	55	50
chr5	79327252	79328387	+	55	50
chr5	109869870	109873183	+	55	52
chr5	138458597	138461197	-	55	54
chr5	157069714	157073712	-	55	45
chr6	27094303	27095239	+	55	45
chr6	57030142	57030332	+	55	54
chr6	104725137	104726135	+	55	50
chr6	115008053	115106364	+	55	53
chr7	2498922	2501476	+	55	51
chr7	54744775	54748389	-	55	50
chr7	76543619	76549230	-	55	52
chr7	98795272	98836665	-	55	51
chr7	128510345	128515149	-	55	48
chr7	128668254	128671692	+	55	48
chr7	137852004	137857984	-	55	51
chr7	156893343	156898685	+	55	53
chr8	130026682	130034398	+	55	52
chr8	144134859	144137505	-	55	49
chr9	35036672	35038624	+	55	50
chr9	69700293	69708940	-	55	40
chr9	70358165	70362237	+	55	51
chr9	85906061	85915284	+	55	41
chr9	102790431	102805336	-	55	54
chr9	107490510	107491033	-	55	53
chr9	112718174	112724128	+	55	46
chr9	132252730	132256255	+	55	47
chr10	35213011	35217779	+	55	50
chr10	131428469	131428737	-	55	54
chr10	133434540	133437100	+	55	51
chr10	133449814	133453399	-	55	49
chr11	47854104	47875924	-	55	43
chr11	58628681	58634397	+	55	49
chr11	62673738	62676489	-	55	54
chr11	65137299	65141461	+	55	46
chr11	65709217	65711985	-	55	48
chr11	102391904	102396263	+	55	51
chr11	128076119	128076298	-	55	48
chr12	6736399	6742909	-	55	55
chr12	39535156	39538709	-	55	52
chr12	43617923	43619192	-	55	54
chr12	52624458	52630257	-	55	48
chr12	83148695	83148898	+	55	54
chr12	108600588	108603219	-	55	50
chr12	131801447	131808683	-	55	43
chr13	99391265	99398046	-	55	48
chr13	100028250	100044708	-	55	53
chr14	32262239	32268496	+	55	40
chr14	50105214	50108199	+	55	53
chr14	70574004	70576896	+	55	52
chr14	73126122	73127601	-	55	53
chr14	76951651	76957492	-	55	49
chr14	94658506	94658876	+	55	54
chr15	30860840	30874883	-	55	47
chr15	32456688	32463330	+	55	55
chr15	101618526	101621389	-	55	53
chr16	21554500	21587483	+	55	53
chr16	23457670	23461887	+	55	50
chr16	50546428	50548229	-	55	46
chr16	59566126	59585992	+	55	51
chr16	60136729	60284846	-	55	55
chr16	69944627	69950200	-	55	52
chr16	84048634	84049946	-	55	50
chr17	2714560	2716041	-	55	54
chr17	5256522	5264288	-	55	49
chr17	18364740	18371269	-	55	48
chr17	30960087	30964831	-	55	55
chr17	82492427	82497361	-	55	48
chr18	62521629	62522015	+	55	53
chr19	9802459	9806843	-	55	47
chr19	12979171	12994894	-	55	31
chr19	57222920	57230036	+	55	53
chr20	4685238	4685728	-	55	44
chr20	31507440	31513975	+	55	55
chr20	38953122	38955906	+	55	47
chr20	51047991	51081840	-	55	52
chr20	62203935	62208786	+	55	49
chr21	5087903	5092374	+	55	49
chr21	25575223	25578065	+	55	42
chr22	23751730	23752679	+	55	49
chr22	24199136	24210185	-	55	47
chr22	32170727	32188195	-	55	52
chr22	37782952	37792505	-	55	51
chr22	38398999	38401379	+	55	49
chr22	47540870	47541172	+	55	55
chrX	47432281	47438720	-	55	46
chrX	53916492	53921724	-	55	51
chrX	66924941	66965831	-	55	55
chrX	77102177	77320246	-	55	54
chrX	79427555	79433951	-	55	53
chrX	80569425	80569604	-	55	54
chrX	90132909	90149456	-	55	55
chrX	118794695	118796338	+	55	51
chrX	136822560	136830189	-	55	47
chrX	149553759	149557384	+	55	53
chrY	324595	328212	-	55	52
chrY	2744858	2747560	-	55	50
chrY	12957143	12961345	+	55	42
chr1	37990550	37994031	+	54	51
chr1	59812365	59814481	-	54	49
chr1	76665231	76665473	+	54	54
chr1	92965511	92968958	+	54	50
chr1	162621931	162625255	-	54	46
chr1	168224290	168225897	-	54	44
chr1	211449450	211453100	+	54	41
chr1	226617158	226618115	+	54	51
chr2	42130490	42132566	-	54	51
chr2	218775031	218781585	+	54	47
chr2	230013547	230019301	+	54	42
chr3	39173716	39177698	-	54	45
chr3	49429460	49432514	+	54	53
chr3	153099936	153118357	-	54	54
chr3	167677976	167683293	-	54	49
chr4	150259847	150261021	+	54	50
chr4	163520775	163523583	+	54	52
chr5	7906143	7911601	+	54	53
chr5	56791777	56797231	-	54	43
chr5	80268550	80273701	+	54	42
chr5	80543900	80546967	+	54	50
chr5	81405805	81406986	+	54	52
chr5	83051105	83052651	-	54	52
chr5	97039444	97042780	+	54	49
chr5	126667069	126667179	-	54	54
chr5	140129437	140130252	+	54	49
chr5	175529888	175535977	+	54	51
chr6	2786971	2790282	+	54	50
chr6	25960990	25962701	-	54	49
chr6	27591828	27592915	-	54	38
chr6	30725777	30727706	-	54	49
chr6	98855803	98857702	-	54	53
chr7	10953776	10954535	-	54	53
chr7	20501486	20505999	-	54	37
chr7	38273682	38276768	-	54	48
chr7	73557746	73565027	+	54	47
chr8	477983	483312	+	54	49
chr8	23526365	23528945	-	54	47
chr8	28016873	28021864	-	54	48
chr8	29486435	29492406	-	54	24
chr8	93926089	93930190	+	54	51
chr8	122135634	122168439	+	54	54
chr8	122775218	122777746	-	54	51
chr9	40874540	40877207	+	54	52
chr9	129382062	129383089	-	54	50
chr10	5857391	5861611	-	54	51
chr10	26435486	26438279	-	54	50
chr10	32000195	32003680	+	54	53
chr10	43422120	43423715	+	54	51
chr10	58383357	58385279	-	54	50
chr11	3850647	3854303	-	54	47
chr11	33252616	33256613	-	54	45
chr11	40092059	40095976	-	54	34
chr11	73780668	73782457	+	54	51
chr11	87652603	87698313	-	54	50
chr11	130150977	130155799	+	54	49
chr12	8069282	8073693	+	54	27
chr12	28003025	28008946	-	54	47
chr12	48853082	48856922	-	54	45
chr12	65261311	65268983	+	54	47
chr12	71833157	71839432	-	54	52
chr12	90376827	90386791	+	54	52
chr12	118732930	118733054	+	54	54
chr12	124727482	124729161	+	54	42
chr13	40676283	40699429	+	54	51
chr13	71291449	71293726	+	54	49
chr13	80279589	80323047	-	54	51
chr13	98616053	98616198	-	54	53
chr13	110849497	110852856	+	54	41
chr14	34702605	34708855	+	54	52
chr14	77499837	77505852	-	54	50
chr15	91090472	91091577	+	54	53
chr16	26650927	26685265	-	54	54
chr16	67639459	67641853	-	54	43
chr16	69755409	69756479	-	54	53
chr17	208909	212382	-	54	41
chr17	15427786	15429523	-	54	51
chr17	40612482	40615182	+	54	49
chr17	42457946	42458450	+	54	38
chr17	44503710	44510536	+	54	49
chr17	50485985	50486715	+	54	47
chr17	59552828	59559812	+	54	53
chr18	43451785	43452428	+	54	54
chr19	4587840	4612581	+	54	52
chr19	10236398	10238943	+	54	52
chr19	13141373	13143111	-	54	50
chr19	15233778	15235501	-	54	52
chr19	17463383	17467634	+	54	50
chr19	17735265	17741139	-	54	52
chr19	24312045	24312324	-	54	54
chr19	34134668	34166599	+	54	49
chr19	47049747	47056382	+	54	46
chr19	54370745	54373624	-	54	45
chr20	5661887	5675419	-	54	49
chr20	38470638	38472546	-	54	48
chr20	57416887	57420336	+	54	49
chr21	32626749	32628695	-	54	46
chr21	43820891	43845303	-	54	49
chr22	36507344	36510374	+	54	50
chrX	12977227	12985218	-	54	49
chrX	44079718	44080881	-	54	54
chrX	53504591	53519759	+	54	52
chrX	77489538	77491566	-	54	49
chrX	79332324	79335138	+	54	49
chrX	118932149	118932400	-	54	54
chrX	119609442	119614693	+	54	51
chrY	17756257	17756378	-	54	54
KI270734.1	59851	61495	+	54	51
chr1	1206639	1211260	-	53	44
chr1	23680527	23687960	+	53	41
chr1	27078259	27083319	-	53	42
chr1	40241118	40243747	-	53	53
chr1	53365483	53366548	-	53	49
chr1	109510335	109514316	+	53	47
chr1	156588806	156591698	-	53	46
chr1	161038978	161039229	+	53	49
chr1	162812887	162815737	+	53	53
chr1	168142539	168153901	+	53	53
chr1	198612062	198613812	-	53	48
chr1	199903528	199905397	+	53	51
chr1	226003993	226012494	-	53	47
chr1	227684078	227691220	+	53	42
chr1	235128878	235131138	-	53	50
chr2	27423389	27424657	-	53	52
chr2	28341877	28342004	-	53	51
chr2	68437585	68440127	+	53	23
chr2	96165044	96167224	+	53	41
chr2	108695246	108699966	-	53	51
chr2	135902444	135905713	-	53	49
chr2	218257997	218259095	-	53	49
chr2	238217635	238224159	-	53	43
chr2	240472655	240474290	+	53	50
chr3	5118514	5122119	-	53	52
chr3	16155284	16155387	+	53	53
chr3	48506306	48511182	-	53	51
chr3	67012132	67013018	+	53	51
chr3	103221374	103221650	+	53	53
chr3	128682367	128686145	-	53	49
chr3	155864443	155870306	-	53	51
chr3	170870406	170873374	+	53	51
chr4	39978071	39978957	+	53	47
chr4	57221268	57221449	-	53	53
chr4	63955698	64274178	-	53	52
chr4	75630777	75634028	+	53	40
chr4	84665842	84668545	-	53	50
chr4	165060763	165070461	-	53	46
chr4	182917944	182921661	+	53	46
chr5	55609834	55612894	-	53	48
chr5	126677695	126728320	-	53	53
chr5	172808092	172813430	+	53	52
chr5	175531741	175532295	-	53	48
chr5	179731651	179732652	-	53	49
chr6	14111596	14117237	-	53	47
chr6	30692248	30699782	-	53	49
chr6	42727872	42731844	+	53	45
chr6	70607845	70608162	-	53	53
chr6	80351662	80354523	-	53	51
chr6	116677716	116680807	-	53	44
chr6	118785891	118788758	+	53	49
chr6	137809509	137811439	-	53	46
chr6	166385626	166387595	+	53	49
chr7	73845487	73845806	-	53	49
chr7	87909798	87910903	-	53	49
chr7	100143672	100148791	-	53	50
chr7	108646909	108712621	+	53	50
chr7	128102515	128107162	+	53	48
chr7	153344595	153345840	-	53	53
chr7	155170726	155170897	+	53	52
chr8	70093802	70099656	+	53	50
chr8	74046386	74052068	+	53	48
chr8	75066350	75080134	-	53	52
chr9	66826596	66838692	-	53	53
chr9	75375941	75376460	-	53	52
chr9	97697395	97698826	+	53	47
chr9	100414572	100416779	-	53	53
chr9	120271053	120277161	-	53	40
chr9	128397947	128404216	+	53	50
chr9	128398390	128402950	-	53	48
chr9	128657066	128663001	+	53	52
chr9	135800103	135807476	-	53	47
chr10	5292010	5296586	+	53	49
chr10	27107652	27110020	+	53	49
chr10	30602074	30602196	-	53	53
chr10	53383278	53383520	+	53	52
chr10	96829839	96831787	-	53	52
chr10	112877712	112880513	-	53	46
chr10	127489433	127489714	+	53	53
chr11	4608386	4609110	+	53	48
chr11	6445580	6447775	-	53	48
chr11	59813592	59818797	+	53	48
chr11	61127855	61130007	+	53	49
chr11	63969947	63972822	+	53	51
chr11	86296940	86297998	-	53	50
chr11	117935965	117939836	-	53	43
chr12	7671754	7689286	+	53	52
chr12	41743616	41744552	-	53	50
chr12	43718290	43718811	+	53	50
chr12	54913803	54917965	-	53	49
chr12	95470033	95473339	-	53	48
chr12	120499402	120503087	-	53	46
chr12	122004638	122007317	-	53	47
chr12	122424638	122429058	-	53	53
chr12	123276289	123281979	-	53	51
chr12	130869249	130871929	-	53	47
chr13	29736709	29756014	+	53	52
chr13	38363849	38372676	+	53	49
chr13	49599188	49601022	+	53	53
chr14	21712859	21714715	+	53	42
chr14	34630426	34637391	+	53	42
chr14	39139053	39140766	+	53	51
chr14	51274932	51279019	+	53	50
chr14	61799559	61801712	-	53	49
chr14	99090003	99090428	+	53	52
chr15	65426934	65431623	-	53	49
chr16	1332285	1333403	+	53	47
chr16	15381222	15382383	+	53	52
chr16	28365443	28370025	+	53	42
chr17	30966366	30968758	-	53	37
chr17	39451401	39456513	+	53	46
chr17	39893313	39897263	+	53	49
chr17	43389914	43393763	+	53	46
chr17	45616585	45619212	+	53	47
chr17	69554392	69559114	+	53	50
chr17	83052147	83056240	+	53	48
chr18	39042666	39042887	+	53	53
chr18	54143167	54145123	-	53	50
chr18	75077275	75079872	+	53	41
chr19	921114	923416	-	53	45
chr19	2818060	2819128	+	53	50
chr19	6370714	6372699	-	53	50
chr19	11914337	11922083	+	53	50
chr19	14078603	14080202	-	53	52
chr19	15464622	15468434	+	53	52
chr19	38332289	38335766	-	53	48
chr20	2448761	2453657	-	53	47
chr20	10434416	10435292	+	53	49
chr20	21478008	21486719	+	53	53
chr20	25231965	25233205	+	53	48
chr22	16532968	16533082	+	53	52
chr22	24009952	24011057	-	53	48
chr22	50618238	50622660	-	53	47
chrX	34934292	34941505	+	53	53
chrX	35021079	35021239	-	53	52
chrX	40572887	40576932	+	53	44
chrX	55042234	55044489	+	53	49
chrX	142823109	142962171	-	53	43
chrY	21032993	21037157	-	53	40
KI270743.1	143444	144158	+	53	52
chr1	13522768	13548756	+	52	51
chr1	27188251	27190036	-	52	51
chr1	54019510	54020018	+	52	52
chr1	62380993	62422378	-	52	52
chr1	89988350	89992917	+	52	41
chr1	92808969	92811513	-	52	49
chr1	93852998	93862087	+	52	44
chr1	150638055	150641611	+	52	40
chr1	153946753	153947653	+	52	47
chr1	156301799	156308571	+	52	46
chr1	205296181	205298403	-	52	45
chr1	222605684	222606030	-	52	52
chr1	247188526	247189266	-	52	47
chr2	38387501	38405663	+	52	51
chr2	64068643	64076673	-	52	46
chr2	72015968	72069914	-	52	52
chr2	130806816	130814869	-	52	51
chr2	159632919	159634752	-	52	49
chr2	173966856	173968183	+	52	50
chr2	179086292	179101164	-	52	46
chr2	183790872	183791466	-	52	50
chr2	232405200	232405348	-	52	52
chr2	241729736	241734024	-	52	46
chr3	3690416	3693393	-	52	50
chr3	15376146	15378877	-	52	41
chr3	15554180	15560206	+	52	49
chr3	32987856	32990903	+	52	52
chr3	45061831	45064822	-	52	48
chr3	49105382	49107770	-	52	51
chr3	70945623	70946258	+	52	46
chr3	72745750	72748665	+	52	46
chr3	112907927	112914558	-	52	49
chr3	129079397	129086171	+	52	51
chr3	138594540	138596397	+	52	49
chr3	144239224	144270781	+	52	45
chr4	2262159	2267562	+	52	49
chr4	39040788	39044712	-	52	46
chr4	45722800	45917445	+	52	51
chr4	56731152	56754456	+	52	51
chr4	106023054	106028756	-	52	35
chr4	183456039	183459044	-	52	50
chr5	15035475	15036442	+	52	51
chr5	40402954	40405451	-	52	48
chr5	41536940	41537702	-	52	52
chr5	43368655	43373531	-	52	47
chr5	56896885	56899823	+	52	48
chr5	65491390	65495043	+	52	48
chr5	79688420	79689455	+	52	47
chr6	30963384	30963648	-	52	49
chr6	32624389	32627991	-	52	43
chr6	34448700	34465138	-	52	51
chr6	89069058	89080154	+	52	48
chr6	89168975	89172201	+	52	43
chr6	103109245	103277051	+	52	50
chr6	107051674	107057621	+	52	50
chr6	107963846	107964277	+	52	51
chr6	118712232	118712725	-	52	52
chr7	4772550	4775546	-	52	50
chr7	23485830	23490441	-	52	47
chr7	26214446	26218885	+	52	49
chr7	33007077	33011353	+	52	49
chr7	66975925	66978486	-	52	46
chr7	74610683	74611594	+	52	46
chr7	92558200	92560720	-	52	50
chr7	99644526	99647860	+	52	50
chr7	128136519	128145693	+	52	40
chr7	131753628	131755807	-	52	51
chr7	134106670	134110383	+	52	50
chr8	55827455	55832001	-	52	48
chr8	93753517	93754784	-	52	44
chr9	37374309	37382794	+	52	45
chr9	111937923	111943971	-	52	47
chr9	127420195	127424322	-	52	45
chr9	131746867	131747911	+	52	49
chr10	7153000	7158615	-	52	51
chr10	20751643	20753014	-	52	52
chr10	31931195	31932898	+	52	49
chr10	70400883	70404134	-	52	48
chr10	78029690	78033622	-	52	45
chr10	81521095	81534812	+	52	52
chr10	94399075	94402437	-	52	46
chr10	113227664	113231633	+	52	48
chr10	119461580	119462811	+	52	48
chr11	47431641	47437126	-	52	50
chr11	47943439	47963115	-	52	51
chr11	65447053	65448308	-	52	49
chr11	86196693	86196802	+	52	52
chr11	95938756	95944802	-	52	43
chr11	118357404	118359149	-	52	45
chr12	10458380	10468669	-	52	33
chr12	46174964	46177803	+	52	49
chr12	55266858	55266976	-	52	50
chr12	69580507	69581943	-	52	48
chr12	110768465	110806950	-	52	51
chr13	19956039	19958498	-	52	51
chr13	25074175	25081720	-	52	52
chr13	57219338	57219662	-	52	50
chr13	72702345	72708129	-	52	49
chr13	76874072	76880169	-	52	51
chr13	81576515	81576820	+	52	51
chr14	63595471	63597024	-	52	50
chr14	64607371	64666025	-	52	51
chr14	90206933	90209836	-	52	52
chr15	28776590	28779026	+	52	48
chr15	78903490	78906100	-	52	50
chr16	11916096	11918054	+	52	48
chr16	31869447	31873579	+	52	44
chr16	46864838	46877386	+	52	50
chr16	67983687	67987033	+	52	42
chr16	75268877	75272069	-	52	48
chr16	84793673	84804060	-	52	46
chr17	17650106	17650754	+	52	52
chr17	29057913	29059650	+	52	42
chr17	37989645	37997970	-	52	50
chr17	39154810	39155493	+	52	52
chr17	41796873	41798094	-	52	50
chr17	47189540	47193941	+	52	46
chr17	50956232	50960871	-	52	48
chr17	68177398	68179026	-	52	51
chr17	82493597	82495534	+	52	31
chr18	21601548	21603721	-	52	47
chr18	46138235	46144301	-	52	44
chr18	75209140	75210639	+	52	51
chr19	3627232	3629988	+	52	48
chr19	12734915	12736782	-	52	46
chr19	13792377	13794414	+	52	49
chr19	39118718	39121875	-	52	52
chr19	46284532	46293679	-	52	49
chr20	13843120	13843320	-	52	49
chr20	18565372	18567314	-	52	49
chr20	24993348	24996742	+	52	50
chr20	37482711	37492281	+	52	47
chr20	49801313	49809869	+	52	48
chr20	53873736	53875218	-	52	47
chr21	6480587	6484323	-	52	50
chr21	7771138	7774916	-	52	51
chr21	42913822	42916627	-	52	49
chr22	18643417	18644635	+	52	51
chr22	22246986	22258250	+	52	49
chr22	37584742	37593912	-	52	47
chr22	39302713	39304321	-	52	45
chrX	12954544	12957642	-	52	43
chrX	55404170	55404390	-	52	52
chrX	68589634	68592367	+	52	41
chrX	85003103	85003380	-	52	10
chrX	90585682	90585841	+	52	52
chrX	103217273	103220062	+	52	45
chrX	130061220	130063280	-	52	48
chrX	134023340	134142066	-	52	50
chrX	136660448	136665489	-	52	48
chrX	136883671	136884885	-	52	52
chrX	137074788	137148342	-	52	51
chrY	13480763	13481815	+	52	44
KI270727.1	173919	443943	-	52	48
chr1	40424780	40430415	-	51	45
chr1	54024768	54026679	-	51	39
chr1	120842828	120843964	-	51	45
chr1	120889130	120889410	+	51	50
chr1	153986427	153987801	+	51	23
chr1	154638474	154668926	-	51	51
chr1	154899532	154907515	+	51	47
chr1	160711913	160713800	+	51	46
chr1	234368129	234372142	-	51	47
chr2	101628340	101644770	+	51	49
chr2	133670877	133671243	+	51	49
chr2	144353100	144358689	-	51	35
chr2	195181696	195189639	-	51	38
chr2	202355445	202359914	-	51	42
chr2	215349968	215354094	+	51	51
chr2	224755100	224757570	-	51	48
chr3	33228625	33263507	+	51	51
chr3	129306211	129306655	+	51	48
chr3	179320767	179322993	-	51	50
chr3	188903199	188916518	-	51	41
chr4	13262993	13267925	-	51	49
chr4	52661927	52670661	+	51	47
chr4	83202388	83207173	-	51	43
chr4	109703992	109709964	-	51	49
chr4	180246312	180246811	+	51	50
chr5	1534428	1536502	-	51	41
chr5	8649371	8649661	-	51	50
chr5	16946156	16960090	+	51	51
chr5	102124904	102127436	-	51	46
chr5	115508384	115508994	+	51	51
chr5	134866063	134873816	-	51	49
chr5	172808482	172809124	-	51	48
chr5	177104557	177129130	-	51	46
chr6	26052063	26054711	-	51	45
chr6	32683936	32688415	+	51	40
chr6	73656433	73660104	-	51	50
chr6	94760707	94857076	+	51	48
chr6	137219477	137226692	+	51	48
chr7	56176423	56176515	+	51	51
chr7	65100522	65105282	-	51	48
chr7	68734119	68821602	-	51	51
chr7	74448714	74452162	-	51	30
chr7	75074247	75078058	-	51	48
chr7	93067385	93073050	-	51	47
chr7	129493348	129496424	+	51	39
chr7	142774944	142778178	-	51	47
chr7	144993112	144993384	+	51	50
chr7	150194188	150201721	+	51	49
chr7	155794952	155795760	-	51	47
chr8	21869584	21872435	+	51	51
chr8	33523729	33528877	+	51	35
chr8	84950029	84950147	+	51	50
chr8	100146169	100149546	-	51	45
chr8	119476949	119478862	-	51	51
chr9	14573303	14577163	-	51	46
chr9	33412272	33426146	+	51	51
chr9	34608404	34610388	-	51	47
chr9	65323187	65324463	-	51	50
chr9	80310634	80315975	-	51	43
chr9	81858124	81864201	-	51	51
chr9	114663812	114666052	+	51	45
chr9	120580991	120585116	-	51	46
chr9	125190467	125194623	-	51	48
chr9	131234783	131237706	+	51	49
chr10	13356864	13364476	+	51	46
chr10	27655830	27656912	+	51	47
chr10	62808553	62811962	-	51	49
chr10	72047125	72049471	+	51	44
chr10	72683487	72691990	-	51	47
chr11	63550562	63552764	+	51	42
chr11	76814241	76858410	-	51	51
chr11	85947474	85950543	+	51	50
chr11	120230620	120236112	+	51	38
chr11	126197172	126202094	-	51	47
chr12	8027785	8032376	-	51	45
chr12	12830062	12835868	+	51	47
chr12	46378297	46380920	-	51	46
chr12	50310604	50313435	+	51	46
chr12	53374124	53380169	-	51	46
chr12	56340417	56341591	+	51	49
chr12	78551337	78649596	-	51	51
chr13	19924992	19939328	-	51	49
chr13	27543378	27545803	-	51	47
chr13	97399928	97401433	-	51	46
chr13	100009868	100026197	-	51	51
chr14	39170535	39172438	+	51	49
chr14	75179632	75200337	-	51	47
chr14	106003688	106005094	-	51	41
chr15	75626616	75631286	-	51	50
chr16	4307805	4309343	-	51	42
chr16	24840127	24844094	-	51	47
chr16	29035183	29037810	-	51	48
chr16	29753228	29762586	+	51	43
chr16	35088807	35088973	+	51	50
chr17	18219639	18223863	-	51	44
chr17	45390278	45392267	+	51	43
chr17	51139593	51152420	+	51	51
chr17	58117349	58130996	-	51	49
chr17	77000119	77008591	+	51	50
chr18	53915468	53919540	-	51	44
chr19	10507191	10512660	+	51	47
chr19	39071785	39077172	+	51	35
chr19	54339274	54341907	+	51	24
chr20	34119195	34121953	+	51	46
chr20	50205216	50207645	+	51	45
chr21	37526370	37527982	+	51	49
chr21	37541859	37557170	+	51	45
chr21	46582895	46588088	-	51	50
chrX	30514565	30517689	-	51	47
chrX	46775755	46836543	-	51	47
chrX	53846418	53874529	+	51	40
chrX	54737183	54738099	-	51	51
chrX	85423640	85668015	+	51	51
chrX	153427292	153430911	-	51	43
chr1	1014541	1017434	+	50	47
chr1	1214282	1214836	+	50	44
chr1	8941537	8942703	-	50	42
chr1	17956649	17956774	-	50	50
chr1	19262309	19265899	+	50	46
chr1	24491275	24496072	-	50	42
chr1	96691438	96691638	-	50	49
chr1	108535592	108538609	-	50	50
chr1	155149586	155158912	+	50	41
chr1	158977256	158981818	+	50	45
chr1	198621312	198623144	+	50	44
chr1	207386805	207391205	+	50	46
chr1	225795665	225796085	-	50	46
chr1	227868999	227871104	-	50	50
chr1	231284000	231310946	-	50	48
chr1	238680624	238680773	+	50	48
chr1	243002802	243003836	-	50	50
chr2	3492513	3496851	+	50	45
chr2	85702792	85706358	-	50	39
chr2	97078764	97081061	-	50	47
chr2	206315009	206383446	-	50	49
chr3	5113307	5114622	-	50	49
chr3	33718415	33720582	+	50	45
chr3	67355523	67360370	-	50	45
chr3	88168927	88170808	-	50	50
chr3	105357727	105366649	-	50	43
chr3	142155845	142157427	-	50	42
chr3	142297643	142298235	+	50	48
chr3	156823482	156825321	+	50	49
chr3	196503940	196505818	+	50	43
chr3	197039188	197042423	+	50	50
chr4	24504100	24508598	-	50	46
chr4	48432060	48437721	+	50	48
chr4	98863340	98868650	-	50	48
chr4	107444713	107517858	-	50	44
chr4	128056047	128060789	-	50	48
chr5	29489970	29490286	+	50	49
chr5	37074963	37078689	+	50	45
chr5	66190628	66191322	-	50	50
chr5	81920880	81946738	-	50	50
chr5	115192865	115194217	+	50	49
chr5	134727982	134731293	+	50	38
chr6	2941533	2943968	+	50	34
chr6	14064307	14076924	+	50	47
chr6	21598674	21601631	+	50	45
chr6	27805552	27807466	-	50	44
chr6	27912598	27913086	-	50	39
chr6	28864656	28867992	-	50	34
chr6	34204140	34206442	-	50	49
chr6	43034616	43037406	-	50	47
chr6	81135525	81347441	+	50	49
chr6	87726124	87731490	-	50	41
chr6	107459854	107463323	+	50	46
chr6	109921501	109937487	-	50	48
chr6	118710303	118717762	+	50	40
chr6	139043781	139048830	+	50	46
chr6	147408967	147416447	+	50	38
chr7	545075	548788	-	50	46
chr7	896436	897853	-	50	48
chr7	5074106	5092156	-	50	42
chr7	36783426	36784928	-	50	48
chr7	64771936	64772678	-	50	49
chr7	64931448	64932958	+	50	47
chr7	74256787	74276344	+	50	44
chr7	77510321	77510601	+	50	48
chr7	77654706	77657571	-	50	49
chr7	102526097	102528103	+	50	48
chr7	149642330	149695326	+	50	50
chr7	150548824	150549530	-	50	39
chr7	152855391	152861167	+	50	46
chr8	33574691	33576444	+	50	35
chr8	37758574	37760420	+	50	46
chr8	63135647	63135905	-	50	50
chr8	66862155	66867549	+	50	40
chr9	37090986	37098103	+	50	48
chr9	37503790	37509107	+	50	49
chr9	66779733	66784314	-	50	45
chr9	80260855	80265626	-	50	45
chr9	80609422	80655397	-	50	48
chr9	111797586	111799530	+	50	46
chr10	3902610	3907023	+	50	44
chr10	15090088	15094985	-	50	44
chr10	46678112	46718884	+	50	49
chr10	75236929	75238154	-	50	47
chr10	87034034	87038325	-	50	43
chr10	88779777	88784501	+	50	45
chr10	110135969	110136643	-	50	49
chr10	114982559	114983480	-	50	48
chr10	119490617	119498343	+	50	47
chr11	301059	303519	-	50	44
chr11	65357684	65359480	+	50	42
chr11	65494175	65496191	-	50	44
chr11	67425614	67427837	+	50	44
chr11	73865175	73868317	+	50	48
chr11	82817785	82822870	-	50	47
chr11	94410038	94413607	-	50	44
chr11	118003099	118003632	+	50	46
chr12	8483775	8491087	+	50	40
chr12	54730866	54730971	+	50	50
chr13	104561644	104561715	-	50	50
chr14	22071224	22074130	+	50	45
chr14	24133124	24135121	+	50	46
chr14	49689554	49692777	-	50	42
chr14	63665735	63672091	+	50	47
chr15	45421894	45424328	+	50	40
chr15	49092806	49101291	-	50	46
chr15	90386731	90387463	+	50	50
chr15	94229129	94231058	-	50	47
chr16	3060765	3064277	+	50	41
chr16	18944713	18952667	+	50	47
chr16	67103889	67109878	-	50	48
chr16	69489135	69507083	+	50	40
chr16	69563103	69565084	+	50	48
chr17	4826504	4833062	-	50	49
chr17	19192999	19193601	-	50	45
chr17	42942607	42948890	+	50	46
chr17	43032172	43033261	-	50	49
chr17	43413907	43443748	-	50	49
chr17	44026119	44028816	-	50	48
chr17	59280878	59287678	-	50	45
chr17	62422214	62423784	-	50	44
chr17	68169618	68173251	+	50	44
chr18	526039	559811	-	50	49
chr18	717171	721544	+	50	45
chr18	9864421	9880079	-	50	49
chr19	4540335	4542533	-	50	44
chr19	11985889	11987511	+	50	45
chr19	15612390	15612609	+	50	49
chr19	47210646	47213143	+	50	44
chr20	13358286	13365529	-	50	42
chr20	28957215	28957526	+	50	50
chr20	30827125	30828211	+	50	48
chr20	33447209	33459273	-	50	45
chr20	64040040	64044535	+	50	49
chr21	31738818	31749865	+	50	43
chr22	41291003	41291810	+	50	49
chr22	49839513	49845254	-	50	48
chrX	48608879	48612412	+	50	47
chrX	53855184	53868952	-	50	49
chrX	64126131	64129419	-	50	40
chrX	78963732	78968086	+	50	47
chrX	89406628	89411569	-	50	50
chrX	118147644	118249402	-	50	46
chrY	7266313	7273957	-	50	45
KI270718.1	25490	28862	-	50	47
KI270727.1	36947	38768	-	50	47
KI270727.1	44108	207619	+	50	42
KI270744.1	64745	66105	+	50	48
chr1	9989358	9996885	-	49	49
chr1	12147758	12154921	-	49	42
chr1	23945392	23948942	-	49	42
chr1	25200843	25205162	-	49	40
chr1	27824732	27827219	+	49	46
chr1	27863417	27866045	-	49	44
chr1	32394739	32398556	+	49	47
chr1	53051923	53056227	+	49	38
chr1	101523321	101523463	+	49	48
chr1	149901215	149903073	-	49	41
chr1	150290377	150293301	-	49	47
chr1	153780826	153788729	+	49	44
chr1	169914415	169921308	-	49	42
chr1	200860921	200863056	+	49	44
chr2	15634513	15641879	+	49	48
chr2	25216265	25218708	+	49	37
chr2	26141784	26147189	-	49	45
chr2	47681730	47685971	+	49	45
chr2	61052187	61058464	-	49	45
chr2	64619113	64619798	-	49	44
chr2	85675325	85678186	-	49	48
chr2	88461465	88468495	+	49	49
chr2	98983170	98988817	-	49	47
chr2	157328606	157334366	+	49	46
chr2	175062194	175064938	-	49	44
chr2	190406790	190408303	-	49	47
chr2	218846239	218847348	+	49	49
chr2	234489276	234493002	+	49	41
chr3	10153677	10155547	-	49	45
chr3	32907207	32946895	-	49	47
chr3	113515619	113517721	+	49	43
chr3	119422285	119426239	+	49	45
chr3	122899323	122905596	+	49	43
chr3	138835176	138842089	+	49	46
chr3	147910975	147923984	-	49	49
chr3	184296132	184298618	+	49	47
chr4	6642741	6646718	+	49	48
chr4	83032283	83034445	-	49	45
chr4	85150543	85150748	+	49	48
chr4	146250121	146253291	-	49	48
chr4	188872141	188872395	+	49	49
chr5	35507118	35568844	-	49	44
chr5	140662502	140664489	+	49	33
chr5	142196213	142245363	-	49	48
chr5	156869540	156880411	+	49	46
chr5	178661435	178687670	+	49	49
chr5	181408586	181411217	+	49	48
chr6	16126729	16128933	-	49	37
chr6	28253450	28254256	-	49	29
chr6	32884952	32890885	-	49	33
chr6	34218806	34226467	-	49	44
chr6	135265008	135265179	+	49	49
chr6	149411910	149419383	-	49	45
chr6	170572873	170575245	-	49	48
chr7	1802649	1807657	-	49	48
chr7	26215847	26219957	-	49	43
chr7	38308651	38316141	-	49	41
chr7	45093412	45097358	+	49	46
chr7	74789385	74792825	-	49	44
chr7	101653460	101658662	-	49	49
chr7	102357524	102363596	-	49	47
chr7	141806301	141809493	+	49	44
chr7	142359655	142369157	-	49	39
chr7	149230515	149232897	-	49	46
chr8	33366550	33370821	-	49	46
chr8	37996111	37996267	+	49	47
chr8	58532395	58542485	+	49	49
chr8	144145345	144147932	-	49	44
chr8	144763673	144765592	-	49	46
chr9	37091004	37092995	-	49	46
chr9	86188340	86189147	-	49	49
chr9	97871762	97875052	+	49	48
chr9	103606436	103606545	-	49	48
chr9	111939336	111942345	+	49	44
chr9	112728051	112740985	+	49	45
chr9	134243341	134245756	+	49	31
chr10	6616965	6618413	+	49	44
chr10	7149132	7149345	+	49	47
chr10	49778822	49809777	+	49	45
chr10	119566246	119571703	-	49	41
chr10	130184588	130189836	+	49	45
chr11	25628658	25628859	-	49	49
chr11	60887515	60890434	-	49	44
chr11	64987133	64987740	+	49	47
chr11	65596029	65597654	+	49	46
chr11	69971749	69974878	+	49	39
chr11	77643143	77649847	-	49	41
chr11	91448898	91449030	+	49	47
chr11	101874251	101874400	-	49	49
chr11	109045131	109046522	-	49	48
chr11	118871214	118875087	+	49	42
chr12	4075708	4078907	+	49	45
chr12	15905248	15905725	-	49	45
chr12	31733792	31738986	+	49	44
chr12	39481946	39487270	-	49	48
chr12	39505906	39509092	+	49	47
chr12	50170668	50174969	-	49	48
chr12	71750374	71754721	-	49	46
chr12	110601675	110609511	+	49	45
chr12	128223592	128223745	+	49	48
chr13	19898382	19919748	-	49	49
chr13	19902403	19934446	+	49	47
chr13	30188659	30192431	-	49	44
chr13	40723960	40728755	+	49	46
chr13	81102419	81102904	+	49	48
chr13	81560396	81560519	+	49	48
chr14	59396651	59415454	+	49	48
chr14	92920152	92920661	+	49	47
chr14	97790631	97792225	-	49	47
chr14	99093027	99096809	-	49	45
chr16	11187191	11190368	-	49	46
chr16	14391269	14399169	-	49	47
chr16	81965413	81968165	-	49	46
chr17	3965978	3967702	-	49	45
chr17	7267782	7275728	+	49	41
chr17	21317144	21317750	+	49	45
chr17	42523427	42525056	+	49	40
chr17	43003093	43006656	-	49	43
chr17	48101544	48102878	+	49	48
chr17	50756237	50760582	-	49	46
chr17	73326047	73332350	-	49	40
chr17	81242013	81244138	+	49	47
chr17	82040445	82042347	+	49	49
chr18	14854917	14855149	-	49	47
chr19	551989	555860	+	49	48
chr19	45038198	45038883	+	49	47
chr19	47784849	47788418	-	49	47
chr19	49888796	49889645	-	49	40
chr20	35099585	35100077	-	49	48
chr20	35165670	35170755	+	49	42
chr20	58368420	58373815	+	49	42
chr21	7830770	7835207	-	49	42
chr21	19175337	19175445	+	49	49
chr22	31375564	31387952	-	49	40
chr22	34540139	34540457	+	49	49
chr22	38853948	38855173	+	49	48
chr22	39320469	39337095	+	49	47
chr22	42745743	42767411	+	49	47
chrX	40607367	40614243	+	49	46
chrX	44635675	44636956	+	49	48
chrX	54183517	54187909	+	49	41
chrX	102088380	102088578	-	49	49
chrX	136642631	136648067	+	49	45
chrY	7401638	7402673	-	49	45
KI270719.1	105835	106180	+	49	48
chr1	1899966	1905887	+	48	38
chr1	12033660	12038493	+	48	44
chr1	26947251	26949105	+	48	43
chr1	27200022	27200252	-	48	48
chr1	28728991	28735507	-	48	43
chr1	32730617	32740208	-	48	48
chr1	36190464	36193368	-	48	47
chr1	40863311	40863468	-	48	47
chr1	86770633	86774430	-	48	43
chr1	90035886	90039226	+	48	41
chr1	104634697	104634818	+	48	47
chr1	110964661	110966294	+	48	43
chr1	113341684	113342819	+	48	48
chr1	155138899	155139634	+	48	43
chr1	206895805	206897431	-	48	45
chr1	212361918	212363904	-	48	44
chr1	241531633	241532099	+	48	47
chr2	18728625	18734454	-	48	46
chr2	25723697	25725548	+	48	44
chr2	27247257	27249823	+	48	47
chr2	130348595	130353459	-	48	44
chr2	153251572	153254529	-	48	48
chr3	5223753	5227274	-	48	45
chr3	9955318	9958654	+	48	47
chr3	44873673	44874074	+	48	46
chr3	47360116	47369985	+	48	46
chr3	47785619	47791157	-	48	45
chr3	67306919	67316033	-	48	42
chr3	78121733	78127439	-	48	46
chr3	109407988	109409564	-	48	48
chr3	122165526	122166693	+	48	48
chr3	132550482	132556186	+	48	45
chr3	155961097	155962600	-	48	47
chr3	195066957	195068093	-	48	44
chr4	207154	212238	+	48	46
chr4	12627707	12627980	-	48	48
chr4	13340898	13345936	-	48	47
chr4	40282177	40283540	-	48	35
chr4	75630989	75633254	-	48	41
chr4	75817208	75820406	+	48	44
chr4	82411263	82415949	-	48	36
chr4	108678998	108683132	+	48	41
chr4	126179770	126179941	-	48	47
chr5	5746668	5746828	-	48	47
chr5	23887481	23887602	+	48	47
chr5	33479530	33485622	+	48	44
chr5	101524789	101554510	-	48	39
chr5	150437780	150440915	-	48	45
chr5	157911924	157912535	+	48	47
chr5	176539389	176542376	-	48	45
chr6	2811787	2815901	+	48	42
chr6	48507810	48508809	-	48	47
chr6	108010582	108013377	-	48	40
chr6	111617184	111625542	-	48	45
chr6	125776508	125780644	-	48	42
chr6	126273794	126279663	+	48	45
chr7	21043956	21044188	+	48	47
chr7	75791060	75810738	-	48	47
chr7	76517076	76521496	-	48	48
chr7	99535746	99539858	+	48	40
chr7	101192790	101193126	+	48	25
chr8	37899611	37902927	+	48	46
chr8	38064149	38066828	+	48	47
chr8	42387336	42391020	-	48	46
chr8	55841859	55849745	-	48	42
chr8	55862942	55877400	+	48	46
chr8	56021520	56048425	-	48	40
chr8	72968617	73008654	-	48	44
chr8	100915282	100916476	+	48	47
chr8	145042778	145046268	-	48	41
chr9	37400826	37403439	+	48	46
chr9	38243367	38244891	+	48	45
chr9	75028652	75030875	+	48	39
chr9	136110743	136114249	+	48	45
chr10	23396046	23420349	+	48	37
chr10	43492535	43505856	-	48	46
chr10	46838269	46839918	+	48	46
chr10	68702976	68714808	+	48	44
chr10	100267745	100271231	+	48	41
chr10	118292770	118297343	-	48	42
chr11	9448906	9451533	-	48	47
chr11	9557687	9562894	-	48	43
chr11	14415440	14416398	+	48	45
chr11	32888541	32892634	-	48	43
chr11	39926323	39933830	-	48	30
chr11	48514281	48515249	-	48	48
chr11	57478391	57478839	+	48	46
chr11	73643773	73646089	-	48	48
chr11	77654880	77659801	-	48	44
chr11	94337551	94338059	+	48	45
chr11	120206691	120210896	-	48	39
chr12	12291125	12314805	+	48	48
chr12	46994803	46995408	+	48	47
chr12	51271462	51280616	+	48	43
chr12	75468189	75480735	-	48	43
chr12	111354943	111359511	-	48	36
chr12	128045966	128046553	+	48	47
chr13	72154306	72154570	+	48	48
chr13	90208054	90208213	+	48	46
chr13	99390944	99393503	+	48	46
chr13	109747891	109750402	+	48	46
chr14	22496207	22496843	-	48	44
chr14	63544701	63556033	+	48	42
chr14	73847722	73851266	-	48	41
chr15	57308621	57309786	-	48	42
chr15	58586300	58586758	+	48	48
chr15	90922824	90924136	-	48	48
chr16	357182	358992	+	48	46
chr16	1965523	1966704	+	48	46
chr16	31352749	31354983	+	48	45
chr16	46939222	46947148	+	48	45
chr16	56922909	56930785	-	48	41
chr16	67983660	67987386	-	48	44
chr16	88800646	88803371	+	48	46
chr17	4664986	4669668	-	48	44
chr17	32484612	32486152	-	48	46
chr17	44235095	44238006	-	48	41
chr17	49876567	49877399	-	48	47
chr17	56925643	56933933	-	48	44
chr17	66284603	66297569	+	48	46
chr17	67997068	68014664	+	48	43
chr18	35145442	35147165	-	48	42
chr18	50855091	50862269	+	48	48
chr19	669715	674965	-	48	46
chr19	1352726	1354191	-	48	44
chr19	6341658	6343468	-	48	45
chr19	8357095	8359805	-	48	47
chr19	17521311	17522913	+	48	44
chr19	18544296	18554726	+	48	46
chr19	32485969	32492221	+	48	45
chr19	43505310	43506612	+	48	41
chr20	171762	172954	-	48	46
chr20	4015597	4016447	+	48	46
chr20	37467108	37470540	+	48	45
chr21	8257056	8258558	-	48	48
chr21	28837397	28838973	+	48	47
chr22	21457916	21462594	-	48	44
chr22	25350347	25351216	+	48	46
chr22	28865129	28869304	+	48	37
chr22	34625243	34625858	-	48	48
chrX	6331949	6332073	-	48	45
chrX	34496046	34497053	+	48	48
chrX	55758842	55766393	+	48	39
chrX	100952378	100956532	+	48	38
chrX	108710917	108719247	-	48	48
chrX	112747901	112748003	-	48	45
chrX	119471405	119474174	+	48	42
chrX	134166996	134167098	+	48	48
KI270712.1	460	1789	-	48	46
chr1	26800779	26803275	-	47	44
chr1	35174520	35176342	+	47	44
chr1	40036306	40039431	-	47	43
chr1	51347372	51349379	-	47	44
chr1	77759956	77761299	+	47	42
chr1	77879563	77881336	+	47	43
chr1	94560984	94561092	-	47	46
chr1	96140717	96141933	-	47	47
chr1	117654753	117657661	+	47	43
chr1	150310806	150321393	-	47	46
chr1	186989269	186992690	+	47	45
chr1	199991484	200006653	-	47	47
chr1	209040137	209040340	-	47	47
chr2	7208002	7208850	+	47	42
chr2	17369955	17370231	-	47	47
chr2	19817564	19817757	-	47	45
chr2	68406007	68412470	+	47	38
chr2	71439262	71441496	-	47	44
chr2	97996236	97998187	+	47	42
chr2	99528120	99535678	-	47	43
chr2	121323187	121329493	-	47	39
chr2	194942959	194950166	-	47	33
chr2	230822384	230826038	+	47	44
chr3	10321214	10323322	+	47	43
chr3	25693853	25713892	+	47	45
chr3	38256715	38263599	+	47	44
chr3	43284102	43286481	-	47	44
chr3	50198574	50200629	+	47	47
chr3	122731019	122739007	+	47	43
chr4	260944	262797	-	47	41
chr4	31405056	31405393	+	47	46
chr4	82209898	82212076	-	47	46
chr4	99063674	99067196	-	47	42
chr4	108408974	108409616	-	47	46
chr4	135640623	135640764	-	47	47
chr4	176332252	176335023	+	47	45
chr5	6367202	6368351	+	47	45
chr5	163519810	163522116	-	47	37
chr5	168523858	168527801	-	47	45
chr5	172796900	172801374	-	47	44
chr6	24029577	24029783	-	47	45
chr6	36591275	36593542	+	47	43
chr6	40826021	40833311	-	47	47
chr6	42868970	42874962	-	47	39
chr6	139026520	139027490	-	47	40
chr7	19193466	19196607	-	47	46
chr7	30488436	30496409	-	47	38
chr7	32952631	32956847	-	47	47
chr7	130443546	130444053	+	47	46
chr7	142635090	142638661	+	47	42
chr7	142637989	142638554	-	47	45
chr8	30767074	30768505	+	47	47
chr8	74229011	74230759	+	47	47
chr8	106121537	106121734	-	47	45
chr8	144971283	144973368	-	47	43
chr9	62742917	62748825	-	47	32
chr10	6659534	6663331	+	47	37
chr10	8860709	8862169	-	47	31
chr10	72888374	72892802	+	47	46
chr10	73874790	73882225	+	47	44
chr10	93605402	93605539	-	47	46
chr10	132534108	132537336	-	47	44
chr11	813030	818737	+	47	43
chr11	30343409	30343888	-	47	43
chr11	63363840	63368715	+	47	47
chr11	88180783	88186227	-	47	44
chr11	93299250	93301784	-	47	43
chr11	93660111	93661559	-	47	39
chr12	8624335	8625610	-	47	47
chr12	12649916	12654792	+	47	45
chr12	31351377	31356859	+	47	47
chr12	31743609	31748364	+	47	44
chr12	43585389	43606530	+	47	47
chr12	69236755	69238369	-	47	42
chr12	121039596	121041063	-	47	43
chr12	130884229	130890799	-	47	41
chr12	132590007	132592200	+	47	45
chr13	23061846	23071516	+	47	47
chr13	76857632	76863854	-	47	35
chr13	85603071	85603196	-	47	47
chr13	99564075	99568086	-	47	43
chr14	35811863	35816943	-	47	43
chr14	54468926	54474341	-	47	42
chr15	25439138	25441941	+	47	45
chr15	34135017	34138388	+	47	43
chr15	36394066	36418665	+	47	47
chr15	75719340	75720373	-	47	46
chr15	78753954	78756452	+	47	46
chr15	85841245	85902144	-	47	45
chr16	712106	715090	-	47	45
chr16	14420446	14423531	-	47	43
chr16	21374507	21376316	-	47	39
chr16	67969789	67974412	+	47	39
chr17	7044134	7049771	+	47	44
chr17	42194517	42198134	+	47	44
chr17	43313921	43315007	-	47	36
chr17	49871336	49874204	+	47	41
chr17	51171898	51177294	-	47	42
chr17	58418317	58420051	-	47	45
chr17	73103972	73106845	+	47	38
chr17	75879762	75880136	-	47	45
chr17	80979437	80991398	+	47	36
chr18	46802581	46803120	+	47	47
chr18	47638400	47639589	+	47	44
chr19	8439033	8440847	+	47	42
chr19	8489117	8490001	-	47	42
chr19	9601110	9604652	-	47	45
chr19	10521394	10542374	+	47	45
chr19	16255095	16257298	+	47	25
chr19	18412175	18414406	+	47	47
chr19	23395534	23398183	+	47	43
chr19	38813247	38814874	+	47	41
chr19	47274058	47274371	+	47	45
chr19	55617898	55620697	-	47	46
chr20	7965641	7971006	-	47	43
chr20	21299746	21302709	-	47	39
chr20	32168761	32169395	+	47	45
chr20	33689921	33701397	-	47	46
chr20	37961482	37976497	+	47	44
chr20	56188870	56189077	-	47	47
chr21	29019382	29023991	+	47	47
chr22	16186091	16186731	+	47	46
chr22	37200340	37201790	-	47	43
chr22	37899600	37902370	-	47	11
chr22	40650173	40650863	-	47	47
chr22	44474080	44479355	-	47	36
chrX	3810838	3814768	-	47	44
chrX	35333475	35536548	+	47	47
chrX	49045033	49048576	-	47	43
chrX	56567971	56570183	-	47	43
chrX	75354657	75357488	-	47	45
chrX	76549620	76578118	-	47	47
chrX	108026687	108030860	+	47	40
chrX	134347441	134365752	+	47	47
chrX	134447892	134453096	+	47	39
chrX	150968550	150979466	+	47	47
chrY	7667844	7668336	+	47	47
chrY	19689968	19691812	+	47	46
chr1	1206619	1210524	+	46	40
chr1	1630615	1631585	+	46	43
chr1	11267735	11273039	-	46	38
chr1	20150740	20153267	-	46	44
chr1	24892313	24899350	+	46	43
chr1	27207819	27208917	+	46	46
chr1	30927728	30928996	-	46	42
chr1	31599792	31607512	-	46	38
chr1	44737164	44739587	+	46	44
chr1	86834177	86839054	+	46	45
chr1	86856938	86860823	-	46	43
chr1	89947777	89949776	-	46	45
chr1	167805673	167805877	-	46	44
chr1	198578012	198581155	-	46	43
chr1	205634531	205642311	-	46	37
chr1	222549704	222552261	+	46	45
chr1	226334051	226347587	+	46	38
chr1	228137283	228139553	+	46	45
chr1	236077330	236091314	-	46	46
chr2	27490453	27491669	+	46	44
chr2	98594725	98598235	-	46	43
chr2	112694288	112702683	+	46	39
chr2	150405363	150406942	+	46	45
chr2	153163737	153163952	+	46	45
chr2	160757025	160772708	+	46	43
chr2	216213627	216216905	+	46	43
chr3	3636338	3643309	-	46	43
chr3	9648171	9649428	-	46	34
chr3	12676058	12711109	+	46	45
chr3	93850681	93850806	-	46	46
chr3	101644353	101647278	+	46	43
chr3	152617364	152617540	-	46	46
chr3	167136569	167150020	+	46	45
chr3	194978605	194990092	+	46	43
chr4	77710701	77713081	-	46	41
chr4	152578622	152584314	-	46	43
chr4	160704991	160705800	-	46	44
chr4	183635836	183639328	-	46	45
chr5	40439505	40444472	+	46	31
chr5	41706785	41714696	-	46	32
chr5	80260958	80269979	-	46	40
chr5	109330186	109330904	+	46	42
chr5	119406349	119409994	+	46	46
chr5	144154036	144154436	+	46	43
chr5	145414538	145419087	-	46	44
chr5	154565498	154565636	+	46	46
chr6	14257337	14262897	+	46	41
chr6	132836901	132839693	+	46	38
chr7	6608801	6614344	-	46	42
chr7	12691487	12691978	-	46	45
chr7	39912562	39945259	+	46	44
chr7	66601534	66606566	-	46	46
chr7	76929999	76932938	-	46	41
chr7	100144003	100148316	+	46	43
chr7	148895580	148910757	-	46	36
chr7	149465883	149472254	-	46	39
chr7	149642337	149695333	-	46	20
chr7	150237909	150241648	-	46	42
chr7	150616617	150620703	-	46	43
chr7	150680237	150680512	-	46	45
chr7	157282719	157287663	+	46	39
chr8	30186095	30191959	-	46	41
chr8	31236122	31236830	-	46	46
chr8	41060408	41080891	+	46	46
chr8	43085970	43090007	+	46	38
chr8	48065257	48070557	+	46	39
chr8	77026594	77103143	-	46	43
chr8	89358768	89359014	+	46	46
chr8	101215768	101221330	+	46	31
chr8	133918062	133919185	-	46	44
chr9	6363334	6397266	+	46	45
chr9	8002491	8018840	-	46	45
chr9	19051058	19052808	+	46	42
chr9	80583268	80587168	+	46	35
chr9	86144117	86190413	+	46	39
chr9	113016275	113031751	-	46	40
chr9	113381212	113386205	-	46	31
chr9	120747302	120751977	+	46	42
chr9	122839750	122844348	-	46	42
chr9	129090717	129094028	+	46	41
chr9	136997683	137006026	-	46	44
chr10	31934087	31936554	+	46	42
chr10	35572714	35579745	+	46	42
chr10	42745511	42746478	-	46	46
chr10	59911751	59940268	-	46	45
chr10	68694780	68695174	-	46	41
chr10	69045773	69047347	+	46	41
chr10	84760827	84761904	-	46	45
chr10	99238895	99328216	+	46	46
chr10	101562907	101570436	-	46	43
chr10	102176053	102183646	+	46	41
chr10	113545367	113546227	-	46	45
chr10	119603500	119614698	+	46	37
chr11	14401064	14416603	-	46	39
chr11	40084587	40087342	-	46	39
chr11	69955606	69955959	+	46	45
chr11	111597916	111601816	-	46	37
chr11	114653662	114653857	-	46	45
chr11	117985076	117985912	+	46	42
chr11	118330144	118334504	-	46	43
chr11	118871107	118872343	-	46	44
chr11	121648112	121649528	-	46	46
chr11	123019802	123020537	-	46	26
chr12	4157595	4160558	+	46	43
chr12	6556344	6556860	-	46	41
chr12	11904839	11908739	+	46	41
chr12	12830350	12834833	-	46	45
chr12	27019411	27022447	-	46	43
chr12	32667960	32677920	+	46	46
chr12	69605347	69607740	+	46	40
chr12	89345385	89347216	-	46	42
chr12	94700721	94702812	+	46	43
chr13	22278742	22284581	+	46	40
chr13	51334576	51334926	+	46	46
chr13	52450686	52453243	+	46	45
chr14	32164225	32164678	-	46	44
chr14	48878239	48879048	-	46	46
chr14	73705953	73711493	+	46	40
chr15	43870259	43870716	-	46	44
chr15	57349321	57368915	-	46	44
chr15	74066634	74067571	-	46	45
chr15	101266756	101270529	-	46	43
chr16	15390350	15390837	+	46	45
chr16	28363698	28367929	-	46	44
chr16	66412193	66413380	+	46	44
chr16	69758141	69762221	-	46	41
chr17	3918736	3920902	-	46	43
chr17	6560538	6565506	-	46	37
chr17	56590699	56593472	-	46	35
chr17	79858631	79904176	-	46	45
chr18	7145366	7187073	+	46	45
chr18	62443219	62444380	+	46	45
chr19	1498701	1498816	-	46	46
chr19	1536664	1545493	+	46	46
chr19	1813845	1814323	+	46	42
chr19	3077056	3090498	-	46	43
chr19	3579876	3585410	-	46	41
chr19	9808052	9810099	-	46	41
chr19	13156981	13160070	+	46	44
chr19	19554820	19561335	+	46	38
chr19	32713801	32717989	+	46	44
chr19	33131010	33131616	+	46	44
chr19	35625415	35628267	+	46	40
chr20	31492090	31492291	-	46	44
chr20	51863640	51880176	-	46	45
chr20	52048356	52051009	-	46	37
chr20	62110732	62117100	-	46	44
chr21	45227002	45231494	+	46	36
chr21	46593184	46594737	+	46	40
chr22	17077376	17080011	+	46	41
chr22	17081794	17084449	+	46	44
chr22	36507964	36510360	-	46	46
chr22	39089360	39090814	-	46	42
chr22	39333967	39349763	-	46	43
chr22	40754276	40762589	-	46	41
chr22	42549743	42553505	-	46	43
chrX	3600190	3604333	-	46	44
chrX	19523563	19528762	+	46	43
chrX	24397468	24429564	-	46	46
chrX	44030951	44031826	+	46	46
chrX	44773615	44794915	-	46	45
chrX	55181490	55182140	-	46	46
chrX	79464952	79470763	+	46	33
chrX	90714052	90714253	+	46	46
chrX	94602878	94603046	-	46	45
chrX	123586129	123587964	-	46	41
chrX	123596629	123599955	-	46	44
chrX	127822581	127822859	+	46	45
chrX	155270330	155276173	-	46	37
chrY	13703051	13703620	+	46	44
GL000221.1	37377	54023	+	46	44
KI270711.1	16014	17865	+	46	44
KI270742.1	49813	50906	+	46	45
chr1	1895837	1898044	-	45	44
chr1	11884212	11897959	+	45	42
chr1	17127956	17132380	+	45	32
chr1	28133133	28139941	-	45	41
chr1	46416456	46428606	+	45	40
chr1	53970031	53974581	+	45	44
chr1	114765131	114768043	-	45	43
chr1	145462761	145464496	-	45	40
chr1	151909708	151912731	+	45	39
chr1	153522778	153525186	+	45	40
chr1	161288900	161295647	-	45	42
chr1	163903628	163910560	+	45	45
chr1	195362581	195362659	+	45	45
chr1	206498204	206503341	-	45	43
chr1	213276692	213280336	+	45	42
chr1	225428926	225431348	+	45	42
chr2	26396305	26399699	+	45	40
chr2	39126348	39127118	-	45	27
chr2	55545190	55546955	+	45	45
chr2	109012635	109021457	+	45	44
chr2	126724780	126728889	+	45	31
chr2	136111504	136114331	-	45	43
chr2	173073329	173075277	-	45	34
chr2	173995671	174003715	-	45	42
chr2	182680313	182706225	-	45	40
chr2	195261674	195268730	-	45	36
chr2	203318739	203323958	-	45	39
chr2	203972429	203975576	+	45	44
chr2	234477949	234480992	+	45	39
chr3	3698952	3699394	+	45	43
chr3	15252921	15254180	+	45	43
chr3	32961346	32967118	+	45	34
chr3	50345920	50347306	+	45	40
chr3	58324806	58331349	+	45	44
chr3	121546027	121547396	+	45	41
chr3	121764288	121766899	-	45	35
chr3	153316979	153321482	+	45	40
chr3	169757084	169757521	+	45	39
chr3	194690185	194692924	-	45	40
chr4	1341150	1345439	-	45	41
chr4	41978153	41979095	+	45	41
chr4	47440927	47441296	+	45	43
chr4	159379568	159393658	-	45	45
chr4	181031961	181032091	-	45	42
chr5	14617263	14618342	-	45	45
chr5	43283867	43287308	+	45	39
chr5	61546178	61551409	+	45	43
chr5	88184776	88185303	-	45	39
chr5	168545904	168547984	-	45	41
chr5	171800070	171811711	-	45	39
chr5	179084147	179087431	+	45	42
chr5	181206856	181207354	+	45	42
chr5	181413330	181414506	+	45	43
chr6	10711507	10720971	-	45	35
chr6	86447680	86448113	-	45	45
chr6	103638248	103638370	-	45	44
chr6	105930756	105936033	-	45	45
chr6	118459707	118460020	+	45	45
chr6	121075919	121078433	-	45	37
chr6	125980417	125986160	+	45	42
chr6	136252734	136253870	+	45	43
chr6	158512083	158513847	-	45	42
chr7	7282748	7288635	+	45	28
chr7	45089812	45092002	+	45	42
chr7	53030911	53031504	-	45	45
chr7	63468625	63469115	+	45	44
chr7	75752799	75764310	-	45	27
chr7	125561861	125704890	+	45	45
chr7	140220638	140222466	+	45	41
chr7	142537046	142538666	-	45	40
chr7	142598475	142601404	+	45	41
chr8	33513626	33519808	-	45	37
chr8	52588028	52596471	-	45	35
chr8	77645291	77645493	-	45	45
chr8	97770622	97775020	+	45	42
chr8	101209673	101210136	-	45	42
chr8	117540273	117542714	+	45	44
chr8	144445369	144447910	-	45	45
chr9	4980959	4984386	-	45	41
chr9	35082470	35085338	-	45	43
chr9	35655057	35657739	-	45	39
chr9	63683613	63690760	+	45	44
chr9	75275296	75275786	-	45	41
chr9	81540815	81541668	+	45	45
chr9	85916355	85932041	+	45	35
chr9	91362745	91392634	-	45	34
chr9	107272558	107272684	-	45	45
chr9	111317329	111317953	-	45	44
chr9	114316441	114322802	-	45	40
chr9	136766291	136768496	+	45	30
chr10	3888378	3889987	+	45	40
chr10	62304307	62304568	+	45	45
chr10	72023217	72023866	+	45	44
chr10	95073232	95078880	-	45	30
chr10	100690507	100727412	-	45	44
chr10	104338858	104343795	+	45	39
chr11	568778	572286	+	45	41
chr11	3826373	3826927	-	45	44
chr11	7109388	7157964	-	45	44
chr11	14424924	14429849	+	45	38
chr11	18277398	18278648	-	45	40
chr11	55997469	56006734	-	45	41
chr11	62888983	62891964	+	45	45
chr11	65818504	65822536	+	45	35
chr11	65902803	65911522	-	45	35
chr11	67117810	67119249	+	45	40
chr11	130957194	130957335	+	45	43
chr12	26894864	26899582	-	45	43
chr12	48196226	48198165	-	45	41
chr12	51229976	51234251	+	45	42
chr12	52119107	52120503	+	45	45
chr12	64179778	64180664	-	45	44
chr12	68671912	68674143	+	45	43
chr12	83631685	83631962	-	45	44
chr12	110705319	110706128	+	45	41
chr12	123437425	123441208	-	45	44
chr13	28785589	28811093	+	45	44
chr13	45309989	45311654	-	45	39
chr13	52479339	52482006	+	45	39
chr13	69542896	69698293	+	45	45
chr13	73039009	73051982	-	45	43
chr13	98644365	98657159	+	45	44
chr14	40424118	40424383	+	45	45
chr14	63545804	63562491	-	45	42
chr14	67600543	67603335	+	45	42
chr14	74443963	74462276	-	45	43
chr14	94898896	94918217	-	45	44
chr15	32754718	32760891	-	45	36
chr15	80006386	80010515	-	45	32
chr15	90964855	90965958	+	45	42
chr16	24916132	24919251	+	45	40
chr16	28970464	28973922	-	45	41
chr16	30649283	30650683	-	45	44
chr16	85769164	85771651	-	45	45
chr17	3703568	3714281	+	45	43
chr17	4266922	4267434	-	45	43
chr17	14350772	14353007	-	45	42
chr17	30970308	30970974	-	45	38
chr17	34735001	34809109	-	45	36
chr17	40618342	40621336	-	45	35
chr17	43459809	43470761	-	45	43
chr17	67334285	67336581	+	45	42
chr18	41780325	41781001	+	45	45
chr18	59165859	59171521	+	45	39
chr18	62711423	62715438	-	45	42
chr19	12696936	12699080	-	45	42
chr19	12957520	12963764	+	45	38
chr19	16245913	16248791	+	45	43
chr19	17821619	17824377	+	45	44
chr19	52368087	52369912	-	45	40
chr19	57303994	57304298	-	45	45
chr20	5687373	5688038	-	45	33
chr20	18370059	18370282	+	45	44
chr20	41401589	41402051	-	45	42
chr21	25857888	25865118	-	45	40
chr21	30944399	30989521	-	45	37
chr21	42959692	42961782	-	45	40
chr21	44242374	44244037	-	45	37
chr22	10933107	10939386	-	45	43
chr22	20704617	20707452	+	45	43
chr22	47226838	47230395	+	45	40
chrX	13003344	13005696	-	45	42
chrX	57694108	57694817	-	45	45
chrX	64763106	64816412	+	45	42
chrX	116116174	116116290	-	45	42
chrX	120421701	120424514	-	45	38
chrX	144180887	144181139	+	45	45
chrX	144546605	144776325	-	45	45
chr1	12156045	12162196	-	44	33
chr1	12542217	12546635	+	44	41
chr1	31382886	31385452	+	44	38
chr1	33143994	33145015	-	44	42
chr1	67430654	67432729	+	44	43
chr1	84421077	84421165	+	44	42
chr1	116101906	116111189	+	44	41
chr1	154688146	154688264	+	44	44
chr1	168159024	168159190	-	44	44
chr1	221792241	221794382	-	44	40
chr1	228065740	228073854	-	44	40
chr1	247260967	247268048	-	44	31
chr1	248068538	248071015	+	44	43
chr2	61552061	61571208	-	44	44
chr2	64058766	64063066	-	44	37
chr2	101911310	101917934	+	44	35
chr2	112681228	112682902	+	44	40
chr2	128028155	128031602	+	44	42
chr2	153007779	153008172	-	44	43
chr2	171304988	171307850	-	44	41
chr2	185419189	185420489	-	44	44
chr2	223956900	223957329	-	44	41
chr2	234462661	234464325	-	44	39
chr2	239852864	239866545	-	44	41
chr3	957775	959192	-	44	44
chr3	40468818	40473652	-	44	39
chr3	73940569	73940724	-	44	44
chr3	88206694	88231940	-	44	44
chr3	101616923	101619838	+	44	37
chr3	120682421	120684827	-	44	41
chr3	145649836	145665294	+	44	44
chr3	152539611	152544333	+	44	34
chr3	153067964	153069361	+	44	44
chr3	172624441	172629898	+	44	38
chr3	179072361	179073902	+	44	38
chr3	186863762	186887631	-	44	43
chr4	39984724	40018823	+	44	43
chr4	40304175	40307182	-	44	38
chr4	42731715	42864451	+	44	43
chr4	52699465	52705864	-	44	37
chr4	68350150	68353900	+	44	40
chr4	94291442	94298463	+	44	34
chr4	98873434	98878528	+	44	42
chr4	99870210	99873323	+	44	39
chr5	4258597	4258686	-	44	44
chr5	23334180	23334445	+	44	43
chr5	39078486	39085675	+	44	39
chr5	40872885	40891071	+	44	37
chr5	60856947	60860352	+	44	44
chr5	126837380	126843425	-	44	34
chr5	128194454	128195019	-	44	43
chr5	134519655	134523775	-	44	41
chr5	134859939	134864365	-	44	42
chr5	157711205	157714014	-	44	37
chr5	181177521	181178657	-	44	44
chr6	15116329	15152540	+	44	43
chr6	32692212	32696189	+	44	34
chr6	34790863	34792022	-	44	38
chr6	35467131	35468237	-	44	42
chr6	63631352	63635422	-	44	39
chr6	73576778	73580088	-	44	42
chr6	79353721	79354412	-	44	42
chr6	127261259	127266577	-	44	41
chr6	138158791	138159076	-	44	44
chr6	149422248	149425259	-	44	42
chr7	5784315	5788192	-	44	42
chr7	10940753	10942307	+	44	41
chr7	100434144	100435180	-	44	42
chr7	107632243	107636946	+	44	40
chr7	112498361	112499259	-	44	37
chr7	130742876	130752370	+	44	33
chr7	135354179	135357928	-	44	42
chr7	140020332	140023475	-	44	41
chr7	150085778	150087208	+	44	43
chr7	150168952	150169341	+	44	43
chr7	151144643	151147382	+	44	43
chr7	152917504	152917982	-	44	41
chr8	22671905	22673562	-	44	38
chr8	38015854	38030146	-	44	42
chr8	60623740	60626445	+	44	42
chr8	123484027	123485920	-	44	40
chr8	138117030	138117370	+	44	40
chr8	143658784	143661443	-	44	32
chr9	34136067	34144492	+	44	44
chr9	34165907	34178255	+	44	41
chr9	63610280	63611867	-	44	43
chr9	72423501	72426004	-	44	42
chr9	80317708	80319896	-	44	42
chr9	80546159	80548451	+	44	36
chr9	127906619	127907727	+	44	41
chr9	137247976	137248998	-	44	39
chr9	137590854	137593183	+	44	41
chr10	18690797	18692005	+	44	31
chr10	38486719	38495096	+	44	41
chr10	43133349	43136811	-	44	43
chr10	43426162	43427272	+	44	43
chr10	67850768	67854576	+	44	39
chr10	72236861	72242855	-	44	40
chr10	92721399	92813159	-	44	44
chr10	123207824	123209466	+	44	41
chr11	4157689	4160089	+	44	43
chr11	42790855	42798610	+	44	44
chr11	48762172	48847961	-	44	44
chr11	59915864	59916028	-	44	43
chr11	60470874	60475892	+	44	36
chr11	67079858	67086701	-	44	43
chr11	68130804	68137703	+	44	43
chr11	107290754	107293821	+	44	43
chr12	10361596	10363220	-	44	40
chr12	26967097	26969856	+	44	42
chr12	94690653	94695463	-	44	38
chr13	40784277	40789150	-	44	41
chr13	110834976	110840898	+	44	40
chr14	90835931	90836185	+	44	44
chr14	103114744	103118224	-	44	37
chr15	40123595	40123737	-	44	43
chr15	96842835	96843837	+	44	42
chr16	392984	396583	-	44	42
chr16	1911045	1911320	+	44	43
chr16	18954145	18982672	+	44	43
chr16	26771520	26948595	-	44	44
chr16	57597434	57599796	+	44	44
chr16	74407435	74408099	+	44	41
chr16	74607210	74612322	+	44	38
chr16	77180542	77182791	+	44	32
chr17	39154502	39156710	-	44	39
chr17	44574004	44585086	+	44	29
chr17	62278009	62282537	-	44	42
chr17	67304717	67306558	-	44	44
chr18	42141837	42147387	+	44	34
chr18	54146136	54147839	-	44	43
chr19	4136033	4139414	-	44	44
chr19	6751581	6752145	-	44	42
chr19	13141480	13143857	+	44	38
chr19	13694467	13721023	-	44	43
chr19	16881291	16884764	+	44	40
chr19	18415741	18418406	+	44	37
chr19	29646772	29649355	-	44	44
chr19	35026691	35027404	+	44	41
chr19	36441180	36443646	-	44	43
chr19	40390225	40393278	+	44	38
chr19	43700797	43702074	+	44	41
chr19	47214766	47220764	+	44	43
chr19	48923574	48926563	-	44	43
chr20	5021420	5031334	-	44	38
chr20	18768239	18768960	-	44	40
chr20	31606521	31608136	+	44	44
chr21	30639156	30639335	-	44	44
chr22	25405498	25408789	+	44	42
chr22	30213477	30216235	+	44	40
chr22	41022265	41031679	+	44	39
chr22	41065972	41072402	-	44	39
chr22	50563767	50568480	-	44	40
chrX	5481712	5482595	+	44	42
chrX	9453854	9458514	-	44	39
chrX	14269909	14270054	-	44	43
chrX	19887877	19902999	+	44	37
chrX	47484837	47486647	+	44	41
chrX	67325307	67325406	-	44	43
chrX	75335843	75361789	+	44	42
chrX	89470155	89474592	+	44	43
chrX	118146924	118232117	+	44	44
chrX	121567754	121828474	+	44	42
chrX	145435559	145438411	-	44	44
chrX	150563434	150568410	-	44	40
chrX	154777794	154778649	+	44	39
KI270442.1	117642	132903	+	44	44
chr1	6466303	6466919	+	43	40
chr1	19826612	19881683	+	43	42
chr1	108109427	108113064	+	43	40
chr1	151505171	151508635	-	43	19
chr1	179291917	179293432	-	43	38
chr1	185292170	185292881	+	43	40
chr1	220272599	220274083	+	43	37
chr2	3586387	3588066	+	43	39
chr2	31816497	31818731	-	43	39
chr2	160997605	161001520	-	43	41
chr2	181444131	181448329	+	43	36
chr2	182794852	182799861	+	43	40
chr2	183164993	183166494	-	43	40
chr2	186536629	186543665	-	43	35
chr2	195197739	195199275	-	43	33
chr2	203588342	203602322	-	43	43
chr2	234552317	234642608	+	43	42
chr3	14387837	14390860	-	43	39
chr3	39174390	39175672	+	43	37
chr3	101599808	101607098	+	43	40
chr3	122123601	122124663	+	43	42
chr3	183812979	183815218	+	43	40
chr4	6717829	6719005	-	43	43
chr4	10119486	10123974	+	43	40
chr4	40703844	40731835	-	43	42
chr4	41962797	41965412	-	43	43
chr4	48495060	48497263	-	43	38
chr4	109546444	109547675	-	43	42
chr4	124996506	124996675	-	43	43
chr4	169091167	169093985	-	43	37
chr5	14044627	14056871	+	43	43
chr5	31555061	31558508	+	43	41
chr5	31597196	31606511	+	43	43
chr5	37755865	37759331	+	43	43
chr5	63084516	63085084	-	43	42
chr5	66199344	66205055	+	43	40
chr5	105516251	105516354	-	43	43
chr5	126690040	126721777	+	43	42
chr5	133137624	133138480	-	43	42
chr5	140303351	140303908	+	43	41
chr5	151029038	151029460	+	43	41
chr5	158002509	158037645	-	43	42
chr6	2823049	2830717	+	43	41
chr6	11138928	11142169	+	43	40
chr6	11533026	11537732	-	43	40
chr6	14098863	14099296	-	43	14
chr6	14238202	14239945	-	43	38
chr6	26056524	26060467	+	43	38
chr6	30691724	30696074	+	43	40
chr6	36547527	36555540	+	43	39
chr6	75719958	75724230	-	43	42
chr6	81753938	81756239	+	43	36
chr6	89922218	89923834	-	43	37
chr6	107053608	107060874	-	43	38
chr7	6280408	6301299	+	43	42
chr7	18006013	18007997	-	43	42
chr7	35930335	35933659	+	43	38
chr7	38305126	38306580	+	43	35
chr7	38378822	38380156	-	43	42
chr7	66627250	66628348	+	43	38
chr7	69508136	69584666	+	43	43
chr7	72837662	72840663	-	43	42
chr7	128776829	128781807	+	43	38
chr7	128950152	128952280	+	43	38
chr8	12756753	12758632	-	43	40
chr8	30039766	30041369	-	43	42
chr8	30767047	30774083	-	43	39
chr8	77017569	77019081	+	43	40
chr8	109151009	109162974	-	43	38
chr8	117540704	117541117	-	43	41
chr8	131845814	131846275	+	43	38
chr8	144960286	144965205	-	43	35
chr9	37469074	37471156	+	43	42
chr9	66656736	66656855	+	43	42
chr9	114333273	114334124	-	43	43
chr9	127984261	127986699	-	43	41
chr9	128058506	128061006	-	43	33
chr9	129072774	129075305	-	43	43
chr9	131500880	131502548	+	43	40
chr9	135999216	136002382	-	43	34
chr9	137239114	137240240	+	43	42
chr10	4321659	4321947	-	43	42
chr10	4937614	4941439	+	43	39
chr10	37859115	37863673	+	43	40
chr10	50304796	50305462	-	43	43
chr10	72044355	72049489	-	43	39
chr10	75184160	75185565	-	43	43
chr10	84520451	84525620	+	43	39
chr10	105282066	105443463	-	43	40
chr10	118659729	118663997	-	43	40
chr10	123259792	123263027	+	43	40
chr10	129052336	129053666	-	43	43
chr11	22978982	22979538	-	43	40
chr11	34015440	34042881	+	43	41
chr11	61399290	61402427	-	43	39
chr11	65360770	65367331	+	43	36
chr11	67313455	67315049	+	43	39
chr11	69954162	69954633	-	43	41
chr11	77637886	77639797	+	43	36
chr11	108661797	108664802	-	43	37
chr11	110803351	110803593	-	43	42
chr11	118316302	118322700	-	43	41
chr12	30592999	30607512	+	43	43
chr12	46138383	46144857	-	43	35
chr12	46350201	46353401	-	43	35
chr12	54931474	54944120	-	43	40
chr12	92504173	92508799	+	43	37
chr12	100341902	100344752	+	43	39
chr13	36462223	36476583	-	43	42
chr13	104260109	104260325	+	43	41
chr13	110744721	110750802	+	43	38
chr14	64653272	64676174	+	43	42
chr14	98824336	98825655	-	43	39
chr14	102912871	102913888	-	43	42
chr14	105693037	105695679	+	43	29
chr15	28685794	28685958	+	43	42
chr15	50389736	50406472	+	43	37
chr15	79928281	79940398	-	43	34
chr16	1703075	1706009	-	43	37
chr16	2905439	2909969	+	43	41
chr16	15384019	15387422	-	43	41
chr16	19499430	19501677	-	43	40
chr16	30635970	30647878	-	43	37
chr16	34234176	34241723	-	43	41
chr16	58629892	58648124	-	43	39
chr16	69510382	69520381	+	43	43
chr17	4957174	4958934	+	43	43
chr17	5265564	5276039	-	43	40
chr17	7060047	7065379	-	43	39
chr17	43305445	43307687	-	43	42
chr17	47506125	47521892	+	43	41
chr17	58285347	58287372	+	43	34
chr17	68047382	68051027	+	43	42
chr18	3461987	3465562	+	43	35
chr18	26225149	26226294	-	43	39
chr18	58790704	58801253	+	43	42
chr19	823017	825092	-	43	35
chr19	11531003	11537408	-	43	40
chr19	14942574	14943643	-	43	22
chr19	17433812	17435488	+	43	41
chr19	17745899	17747409	-	43	40
chr19	17814220	17816121	+	43	37
chr19	22864072	22865135	-	43	43
chr19	39508510	39510743	+	43	43
chr19	55412778	55422937	-	43	40
chr19	57225566	57227893	-	43	42
chr20	3769052	3774715	+	43	36
chr20	5016001	5032791	+	43	41
chr20	5228697	5230203	+	43	41
chr20	12126470	12128986	-	43	43
chr20	44291062	44292297	+	43	40
chr20	55850910	55888501	-	43	43
chr22	18530594	18532766	+	43	41
chr22	37459315	37461604	+	43	42
chrX	18375273	18385452	+	43	41
chrX	64024380	64031865	-	43	25
chrX	73291791	73292102	+	43	43
chrX	73888804	73891526	+	43	42
chrX	76193025	76194619	+	43	41
chrX	76535357	76535531	-	43	37
chrX	101315862	101321116	-	43	35
chrX	104196427	104198620	+	43	37
chrX	125399644	125564146	+	43	40
chrX	130414680	130415290	+	43	43
chrX	135034315	135034659	-	43	35
chrX	154567952	154568640	+	43	43
chrY	1453867	1456962	+	43	41
GL000195.1	56631	57614	-	43	41
GL000195.1	63531	66202	-	43	42
KI270742.1	78766	102369	+	43	41
chr1	30923549	30926565	-	42	35
chr1	66396375	66408406	+	42	34
chr1	86847520	86859803	+	42	40
chr1	100292786	100296675	+	42	39
chr1	150213768	150216387	+	42	39
chr1	184764730	184767921	-	42	38
chr1	206734666	206742238	+	42	42
chr1	221698848	221700043	-	42	38
chr1	243052840	243053983	-	42	42
chr2	9837842	9838389	+	42	41
chr2	19826719	19826847	+	42	42
chr2	53860534	53863300	-	42	40
chr2	57887003	57889816	-	42	40
chr2	74807094	74810066	+	42	18
chr2	75011293	75013237	-	42	34
chr2	89231574	89233656	-	42	32
chr2	181418876	181419559	-	42	37
chr2	197557538	197562341	-	42	40
chr2	203874028	203878762	+	42	37
chr2	222950651	222953701	+	42	39
chr2	224634747	224687983	+	42	42
chr2	234336008	234340113	+	42	31
chr2	234345052	234345987	-	42	42
chr3	14673098	14674417	-	42	39
chr3	48201104	48202637	+	42	42
chr3	69081334	69084883	-	42	39
chr3	119495230	119498501	-	42	35
chr3	144073333	144076521	+	42	37
chr3	144178403	144181038	+	42	42
chr3	183001688	183009853	-	42	39
chr3	186778820	186781736	-	42	35
chr4	15449771	15450534	+	42	41
chr4	40172027	40176420	-	42	41
chr4	40394890	40399712	-	42	37
chr4	42106237	42110488	-	42	37
chr4	46611036	46611606	+	42	41
chr4	76838625	76843346	-	42	42
chr4	83217757	83223468	-	42	39
chr4	124718857	124719163	+	42	42
chr4	145188601	145192477	-	42	39
chr4	152314745	152317724	-	42	39
chr4	182918604	182921165	-	42	39
chr5	32336033	32340473	-	42	39
chr5	42194141	42194257	+	42	42
chr5	53878694	53879423	+	42	39
chr5	62630114	62633675	+	42	39
chr5	69335300	69349468	-	42	37
chr5	73512372	73528204	+	42	39
chr5	102110036	102116665	-	42	40
chr5	116074509	116078100	-	42	36
chr5	119416459	119420275	+	42	37
chr5	142103535	142107725	+	42	36
chr5	142761150	142762207	-	42	40
chr5	151499466	151504030	+	42	40
chr5	155272888	155273384	+	42	42
chr5	172745057	172748285	-	42	35
chr5	181159346	181160381	-	42	40
chr6	3115749	3118368	-	42	37
chr6	14091698	14095184	-	42	37
chr6	33318027	33318418	+	42	36
chr6	33356896	33365068	+	42	31
chr6	34183354	34184944	+	42	39
chr6	37194730	37199180	+	42	36
chr6	45669371	45669588	-	42	42
chr6	63591066	63595890	-	42	36
chr6	71828091	71829972	-	42	42
chr6	107123859	107126972	-	42	39
chr6	107686805	107689139	-	42	41
chr6	139064061	139071738	+	42	42
chr6	149176108	149184255	+	42	35
chr6	158823701	158827086	-	42	38
chr7	4794408	4796967	+	42	40
chr7	10137270	10174378	-	42	42
chr7	12249136	12254386	+	42	35
chr7	22000482	22044298	-	42	41
chr7	32434456	32435418	-	42	42
chr7	50428761	50432609	+	42	38
chr7	56248684	56286304	+	42	42
chr7	64496034	64500818	-	42	41
chr7	65489455	65491157	-	42	37
chr7	68830831	68897195	-	42	41
chr7	71736947	71777781	+	42	42
chr7	77983504	77987743	+	42	38
chr7	142568482	142569770	-	42	39
chr7	142681876	142684698	-	42	37
chr7	153613463	153613612	+	42	42
chr8	2400826	2401023	+	42	42
chr8	33525930	33533741	-	42	35
chr8	37851628	37855534	+	42	42
chr8	63218063	63222398	+	42	36
chr8	65593123	65597376	-	42	41
chr8	81652724	81653357	+	42	41
chr8	121583503	121584294	+	42	42
chr8	132015092	132018163	+	42	40
chr9	27710147	27710327	-	42	41
chr9	86259698	86262558	+	42	41
chr9	92704749	92707549	+	42	39
chr9	107332560	107338384	+	42	40
chr9	114565648	114569701	+	42	42
chr9	122756649	122758816	-	42	34
chr9	130576616	130578961	-	42	40
chr10	3769798	3773699	+	42	39
chr10	17745682	17751631	-	42	35
chr10	25749562	25755016	-	42	41
chr10	32233017	32233153	-	42	42
chr10	37350328	37365954	-	42	42
chr10	50133521	50139763	+	42	39
chr10	52321777	52322011	+	42	42
chr10	69174416	69178659	+	42	36
chr10	72302258	72307866	-	42	39
chr10	90334571	90334677	-	42	36
chr10	96823308	96826152	+	42	37
chr11	612237	612550	-	42	38
chr11	2318253	2322252	-	42	42
chr11	6422023	6422140	-	42	42
chr11	6670531	6672192	+	42	37
chr11	44084396	44095149	+	42	39
chr11	49842959	49843098	-	42	38
chr11	72495434	72512777	+	42	42
chr11	75367749	75371496	-	42	41
chr11	76630482	76631833	+	42	39
chr11	86293301	86299036	+	42	40
chr11	93814994	93818213	+	42	40
chr11	105990209	105993540	-	42	34
chr11	116788178	116788982	+	42	36
chr11	121399711	121403255	-	42	36
chr12	25361950	25363329	+	42	40
chr12	63135119	63135308	+	42	41
chr12	64166948	64168615	+	42	40
chr12	94564447	94566371	-	42	33
chr12	94698366	94699777	-	42	40
chr12	110770576	110786730	+	42	41
chr12	122748134	122750654	+	42	42
chr12	122771243	122774342	-	42	36
chr13	22857994	22858782	-	42	41
chr14	21918765	21921047	+	42	37
chr14	22552156	22556061	-	42	36
chr14	35389976	35393638	+	42	40
chr14	69029381	69037626	+	42	41
chr14	81245992	81246280	-	42	42
chr15	28498125	28498456	+	42	11
chr15	63158225	63159295	-	42	38
chr15	63834000	63837562	+	42	38
chr15	63858182	63858946	-	42	13
chr15	79556540	79556936	-	42	42
chr15	84976539	84980400	-	42	37
chr16	4253980	4257042	-	42	39
chr16	8359605	8364285	+	42	42
chr16	11183790	11187245	+	42	40
chr16	31919383	31919863	-	42	40
chr16	49947178	49949844	+	42	42
chr17	80219	81798	-	42	40
chr17	5175581	5177727	+	42	42
chr17	8210670	8213448	+	42	21
chr17	8385327	8390662	+	42	38
chr17	12544128	12544342	+	42	42
chr17	48440382	48442071	+	42	29
chr17	65477006	65486706	+	42	41
chr17	65520387	65526721	-	42	36
chr17	68051133	68051886	-	42	37
chr17	78166985	78168240	-	42	37
chr17	81485161	81488156	+	42	33
chr18	5342124	5349399	+	42	33
chr18	7246763	7265033	+	42	42
chr19	2745074	2754228	+	42	41
chr19	3091520	3094172	-	42	35
chr19	4807630	4811275	+	42	34
chr19	10231354	10235357	+	42	38
chr19	12961340	12965051	-	42	35
chr19	16269897	16271649	-	42	42
chr19	17858750	17859782	-	42	40
chr19	19668128	19668676	-	42	41
chr19	35625471	35628175	-	42	40
chr19	38208404	38209824	-	42	40
chr19	41518361	41520845	-	42	39
chr19	44760349	44764898	-	42	38
chr19	47057666	47063298	+	42	38
chr19	54381015	54384525	-	42	38
chr20	3225160	3227415	+	42	40
chr20	5536147	5538677	+	42	41
chr20	43589015	43590874	-	42	36
chr21	39323351	39326371	-	42	39
chr21	43997666	44000162	-	42	34
chr21	44340931	44342041	+	42	40
chr21	46156542	46157658	-	42	38
chr21	46297828	46299403	-	42	39
chr22	10673731	10673865	-	42	42
chr22	46738821	46741279	+	42	41
chr22	49412392	49413180	-	42	42
chrX	8979919	8980130	+	42	41
chrX	30999389	30999802	-	42	41
chrX	36488034	36488210	+	42	42
chrX	43610788	43650812	-	42	42
chrX	68542739	68543710	-	42	39
chrX	74344966	74353349	-	42	41
chrX	79291015	79297975	-	42	40
chrX	79455086	79456433	-	42	41
chrX	109932162	109932374	-	42	42
chrX	130337372	130339788	-	42	39
chrY	8856582	8856855	+	42	42
chrY	11754992	11756679	-	42	42
GL000205.2	49405	53377	+	42	41
KI270734.1	129117	131533	-	42	42
chr1	20508224	20517075	+	41	38
chr1	23267986	23276209	-	41	39
chr1	27387704	27389287	+	41	39
chr1	27770967	27773036	-	41	36
chr1	28775930	28782699	+	41	39
chr1	32968411	32972828	-	41	37
chr1	35119007	35121497	+	41	37
chr1	39011090	39014327	-	41	38
chr1	39970162	39976150	-	41	41
chr1	46416269	46422566	-	41	38
chr1	54842278	54846060	+	41	40
chr1	91022590	91023811	+	41	36
chr1	99792807	99821439	+	41	41
chr1	151125559	151130021	+	41	39
chr1	151125596	151129471	-	41	40
chr1	154288000	154288330	+	41	41
chr1	169461044	169463903	-	41	39
chr1	179098025	179099158	+	41	31
chr1	228387184	228392744	-	41	39
chr1	240477664	240479563	+	41	40
chr1	240723680	240732213	+	41	40
chr1	244734694	244752591	-	41	41
chr2	55275315	55279017	-	41	39
chr2	60235410	60243641	-	41	24
chr2	87396434	87406649	+	41	37
chr2	87969022	87970450	-	41	40
chr2	113967771	113968193	-	41	41
chr2	165738848	165741879	-	41	36
chr2	167943041	167943557	+	41	40
chr2	194951333	194953969	-	41	34
chr2	201181275	201181969	-	41	41
chr2	201367416	201368347	+	41	37
chr3	19099716	19102670	-	41	37
chr3	28200755	28223601	+	41	31
chr3	32169185	32173449	-	41	40
chr3	42226130	42229092	+	41	38
chr3	53130544	53134247	+	41	35
chr3	56685378	56691990	-	41	30
chr3	72665590	72691606	-	41	32
chr3	101620509	101628027	-	41	35
chr3	113698397	113703681	+	41	40
chr3	150531875	150536306	+	41	36
chr3	152497936	152500896	+	41	35
chr3	167044565	167044672	-	41	40
chr4	42102288	42106283	+	41	38
chr4	63178988	63204432	-	41	40
chr4	83181510	83190854	-	41	39
chr4	98172961	98173142	+	41	41
chr4	102625204	102627047	-	41	34
chr4	108435572	108451725	+	41	39
chr4	127779231	127779535	-	41	6
chr4	153708539	153710148	+	41	40
chr5	36242309	36246383	+	41	36
chr5	43438966	43443735	-	41	38
chr5	72209578	72209976	+	41	41
chr5	75054371	75058919	+	41	34
chr5	76017301	76030790	+	41	41
chr5	102060566	102068503	-	41	33
chr5	181299182	181302205	+	41	41
chr6	26080128	26080600	+	41	24
chr6	42926327	42927554	-	41	37
chr6	46152316	46157716	-	41	30
chr6	47641283	47643362	+	41	36
chr6	49226577	49226793	-	41	41
chr6	69666747	69667191	+	41	39
chr6	87736496	87752639	+	41	34
chr6	93046674	93069108	-	41	40
chr6	106986299	107007721	+	41	41
chr6	111657656	111660144	+	41	40
chr6	135179768	135181143	-	41	35
chr7	21537196	21537936	-	41	39
chr7	28949038	28949568	+	41	40
chr7	43864659	43866462	-	41	31
chr7	50452139	50453757	+	41	40
chr7	76311444	76315083	+	41	34
chr7	91906602	91908897	-	41	41
chr7	96322228	96325157	+	41	37
chr7	111611822	111637720	-	41	40
chr7	128289270	128291852	-	41	37
chr7	134109574	134111218	-	41	40
chr7	142536773	142538542	+	41	39
chr7	142810573	142812238	-	41	38
chr7	148885061	148887336	-	41	37
chr7	150095084	150096042	-	41	37
chr7	150124266	150126714	-	41	37
chr7	150679029	150682046	+	41	35
chr8	52619814	52620346	-	41	40
chr8	58788663	58792819	-	41	33
chr8	89098130	89207134	+	41	41
chr8	100666884	100670002	-	41	33
chr8	100738340	100747542	+	41	30
chr8	100959812	100964591	-	41	34
chr8	113906321	113906674	-	41	37
chr8	123816197	123822905	+	41	36
chr8	140638377	140645003	+	41	36
chr8	143288707	143289191	-	41	40
chr9	15515114	15515841	-	41	39
chr9	33473995	33487697	+	41	40
chr9	37393104	37399825	+	41	33
chr9	38913566	38913661	+	41	41
chr9	41519514	41523370	+	41	36
chr9	65285591	65287787	-	41	41
chr9	94305265	94310725	-	41	41
chr9	97673867	97674892	+	41	38
chr9	111355413	111356895	+	41	38
chr9	111824692	111834808	-	41	36
chr9	113309381	113311231	-	41	40
chr9	121336786	121338584	+	41	39
chr9	131123292	131124456	+	41	40
chr9	136986500	136992387	-	41	40
chr10	748691	758185	+	41	40
chr10	6645868	6648999	+	41	39
chr10	26568453	26569262	-	41	41
chr10	30306931	30309713	-	41	40
chr10	67918666	67921080	-	41	39
chr10	80205644	80206464	+	41	37
chr10	87972073	87979960	+	41	39
chr10	99507935	99508044	+	41	41
chr10	100369134	100370893	-	41	39
chr10	109857340	109861752	-	41	36
chr10	119463902	119465196	+	41	37
chr10	123237064	123240721	+	41	36
chr10	123245449	123251180	+	41	36
chr10	130578444	130686221	+	41	40
chr11	2292571	2293765	+	41	41
chr11	14274225	14276362	-	41	40
chr11	33737981	33740937	-	41	39
chr11	66374975	66384419	-	41	40
chr11	69025147	69032689	+	41	41
chr11	103902751	103902852	+	41	41
chr11	107751407	107782212	-	41	41
chr11	108950781	108957166	+	41	34
chr11	119031403	119043625	+	41	37
chr11	128829077	128830904	-	41	38
chr12	3765011	3768602	-	41	37
chr12	10342286	10345670	-	41	38
chr12	26966652	26971515	-	41	37
chr12	46026332	46065138	-	41	41
chr12	49277785	49282100	+	41	31
chr12	49278063	49282179	-	41	35
chr12	53705021	53708504	-	41	38
chr12	54228418	54229555	+	41	38
chr12	54939803	54940271	+	41	39
chr12	76759445	76763960	-	41	40
chr12	79511345	79514799	-	41	34
chr12	99995995	100003016	-	41	36
chr12	121125270	121130802	-	41	36
chr12	125031687	125046060	-	41	38
chr12	132468254	132471855	+	41	38
chr13	38410346	38410521	-	41	41
chr13	49905990	49911640	-	41	34
chr13	61504793	61504906	-	41	40
chr13	72267087	72267193	+	41	40
chr13	77329309	77331062	+	41	38
chr13	82039287	82223253	+	41	41
chr15	40593783	40593932	-	41	38
chr15	66853021	66854374	-	41	39
chr15	76954409	76957475	+	41	38
chr15	81006186	81007020	-	41	41
chr15	88723963	88745534	+	41	41
chr15	90229679	90229973	-	41	37
chr16	9090532	9091015	+	41	38
chr16	14055133	14055273	+	41	40
chr16	14428719	14435570	-	41	41
chr16	16147299	16149562	-	41	40
chr16	22536540	22537713	+	41	41
chr16	31917446	31917802	-	41	39
chr16	86525145	86529963	-	41	41
chr17	5648905	5692819	+	41	41
chr17	7093408	7096443	-	41	35
chr17	7118104	7122633	+	41	36
chr17	14231771	14234891	+	41	41
chr17	16615197	16616666	-	41	40
chr17	31925031	31936674	-	41	39
chr17	50856786	50857872	+	41	37
chr17	55182047	55184177	+	41	36
chr17	75582166	75587595	+	41	31
chr17	77864005	77867716	+	41	35
chr17	81226495	81227549	+	41	39
chr18	67281339	67325717	-	41	41
chr18	71025037	71025416	+	41	40
chr19	2708985	2710972	+	41	40
chr19	2836888	2839446	+	41	36
chr19	3999029	4003067	+	41	37
chr19	17044530	17044773	-	41	40
chr19	29197192	29202559	-	41	40
chr19	35816746	35824142	+	41	40
chr19	43725366	43726688	+	41	40
chr19	54271911	54273781	-	41	38
chr19	55624587	55628857	-	41	39
chr20	778154	819109	-	41	41
chr20	37528190	37531703	+	41	37
chr20	38416869	38419584	-	41	38
chr20	44855655	44855839	+	41	39
chr20	45457084	45459585	+	41	34
chr20	50195855	50196941	-	41	34
chr21	42462894	42464920	+	41	37
chr22	10766973	10767499	+	41	41
chr22	15722959	15723104	+	41	41
chr22	23330745	23333586	-	41	39
chr22	29699020	29700261	+	41	38
chr22	35435124	35436503	-	41	39
chr22	40819590	40824427	-	41	39
chrX	68553093	68560580	+	41	36
chrX	76288772	76291033	+	41	41
chrX	89479312	89482928	+	41	39
chrX	123586517	123589255	+	41	41
chrX	134342979	134365715	-	41	41
chrX	150991033	150995389	+	41	37
chrX	154499857	154501974	+	41	33
GL000224.1	22374	23656	-	41	41
KI270720.1	29515	32289	-	41	41
chr1	17142061	17143282	+	40	20
chr1	21423114	21423923	-	40	39
chr1	25022634	25027748	+	40	39
chr1	25511557	25514327	+	40	40
chr1	34566176	34566353	-	40	40
chr1	36194402	36196637	-	40	36
chr1	52715028	52719808	+	40	33
chr1	53969077	53972688	-	40	38
chr1	61655111	61657922	+	40	38
chr1	62451835	62454290	+	40	38
chr1	87371933	87375289	-	40	40
chr1	92077255	92080036	-	40	34
chr1	92821690	92823171	-	40	30
chr1	155331176	155334353	-	40	39
chr1	157786131	157792244	-	40	33
chr1	179358697	179365546	+	40	37
chr1	214749929	214750032	+	40	40
chr1	226119955	226122530	-	40	35
chr1	238995677	238995795	-	40	38
chr1	248476230	248479463	-	40	31
chr2	24783472	24789510	-	40	39
chr2	123631689	123632936	+	40	38
chr2	142255242	142535641	+	40	40
chr2	171493902	171499398	+	40	34
chr2	171576133	171582399	+	40	40
chr2	174060050	174060285	+	40	5
chr2	195552333	195564779	-	40	39
chr2	201229594	201233209	+	40	36
chr2	203324979	203328205	-	40	38
chr2	209419408	209419546	+	40	39
chr3	50346113	50347328	-	40	38
chr3	53892921	53894504	+	40	39
chr3	78581350	78582669	-	40	40
chr3	112518163	112523727	-	40	34
chr3	122046578	122047119	-	40	39
chr3	122575243	122577507	+	40	34
chr3	137904671	137904848	+	40	39
chr3	183633278	183633480	+	40	40
chr3	183684523	183690599	+	40	38
chr3	184708752	184710304	-	40	35
chr4	3277852	3278292	-	40	38
chr4	8253715	8257263	-	40	39
chr4	11557203	11584734	+	40	27
chr4	26756424	26759717	-	40	38
chr4	40332122	40332761	+	40	40
chr4	56906745	56907854	-	40	34
chr4	73747482	73749649	+	40	35
chr4	88251786	88252644	+	40	34
chr4	98143530	98144094	+	40	37
chr4	124996459	125009757	+	40	40
chr4	139489835	139492869	-	40	35
chr4	188829675	188829792	+	40	39
chr4	189751485	189751634	-	40	40
chr5	6365766	6369955	-	40	39
chr5	32324455	32329668	-	40	35
chr5	34967825	34976080	+	40	38
chr5	58460460	58465411	+	40	35
chr5	95450832	95454027	+	40	36
chr5	106750570	106750837	+	40	37
chr5	115566885	115569855	-	40	37
chr5	138278430	138278666	+	40	40
chr5	143232365	143233766	+	40	39
chr5	150412991	150419718	-	40	36
chr5	156903035	156906393	-	40	35
chr5	181217933	181222474	-	40	39
chr6	247813	249613	-	40	19
chr6	15213151	15225184	-	40	38
chr6	27811885	27814240	-	40	36
chr6	34204153	34217473	+	40	40
chr6	87400060	87407522	+	40	35
chr6	89320202	89322454	-	40	40
chr6	118792297	118796673	-	40	39
chr6	141749124	141751972	+	40	39
chr6	150108038	150123439	-	40	39
chr6	150858411	150859358	-	40	34
chr7	19685593	19690996	-	40	33
chr7	40099804	40103532	-	40	36
chr7	73795715	73797746	+	40	38
chr7	77972518	77975538	-	40	38
chr7	128130774	128134732	+	40	28
chr7	132776434	132777036	+	40	38
chr7	139494389	139494487	-	40	40
chr7	140436637	140443006	+	40	34
chr7	150678211	150678706	-	40	40
chr7	152132067	152134874	-	40	39
chr8	9486169	9542396	-	40	40
chr8	11201912	11202927	+	40	39
chr8	26288183	26291430	-	40	36
chr8	42052073	42053738	-	40	38
chr8	49401115	49401298	+	40	40
chr8	53963971	53966173	+	40	35
chr8	103073112	103074928	+	40	34
chr8	114634388	114636605	-	40	39
chr8	119712665	119716481	-	40	34
chr9	4668770	4676570	-	40	38
chr9	33450359	33452475	-	40	38
chr9	88481001	88484216	+	40	36
chr9	92115613	92115982	-	40	11
chr9	114326673	114329624	+	40	37
chr9	120042312	120042414	+	40	40
chr9	120736658	120743836	-	40	38
chr9	124845139	124851664	-	40	38
chr9	128119735	128120563	-	40	37
chr10	39361006	39572575	+	40	40
chr10	46675896	46678549	-	40	38
chr10	56891650	57021889	-	40	40
chr10	72257388	72258998	+	40	32
chr10	109383961	109384127	-	40	38
chr10	119954681	119959118	+	40	35
chr10	120909552	120913854	+	40	37
chr10	124391067	124396891	-	40	40
chr10	124843621	124858297	+	40	39
chr10	130850820	130852587	-	40	39
chr11	4316672	4317584	+	40	40
chr11	18527980	18529591	+	40	36
chr11	23067890	23073582	+	40	34
chr11	38024464	38024786	+	40	39
chr11	40057703	40058796	-	40	34
chr11	64438058	64438560	-	40	38
chr11	123252946	123267244	-	40	40
chr12	3779439	3783381	+	40	40
chr12	48633937	48638686	+	40	36
chr12	87412607	87548405	-	40	40
chr12	100572087	100573563	-	40	33
chr13	19958309	19958655	+	40	39
chr13	22362641	22366793	+	40	31
chr13	27260050	27270525	-	40	36
chr13	66258592	66259043	-	40	39
chr13	111351369	111355931	+	40	32
chr13	113380842	113389784	+	40	40
chr14	20359073	20363982	+	40	35
chr14	52423937	52426946	+	40	38
chr14	65222966	65224538	+	40	35
chr14	68989313	69007694	+	40	34
chr14	74876496	74879324	+	40	33
chr14	106578140	106578624	-	40	26
chr15	72231842	72232926	+	40	37
chr15	94817619	94817729	+	40	40
chr16	181744	185501	-	40	39
chr16	3880955	3882675	+	40	35
chr16	21657680	21663859	+	40	34
chr16	31029798	31031829	+	40	39
chr16	31097065	31103698	+	40	36
chr16	58105184	58110351	-	40	36
chr16	81711791	81718309	-	40	35
chr17	431911	437078	-	40	34
chr17	7916327	7921568	-	40	38
chr17	8171864	8172448	-	40	38
chr17	12145319	12146656	-	40	35
chr17	16355499	16358242	+	40	35
chr17	62453455	62456496	+	40	36
chr17	64987190	64994563	-	40	36
chr17	69377575	69405729	+	40	40
chr17	78925724	78927962	+	40	38
chr18	3013361	3014954	+	40	34
chr18	36074834	36084226	-	40	40
chr18	54224880	54230791	+	40	36
chr18	63611365	63612523	+	40	40
chr18	72916698	73055207	-	40	39
chr19	3068723	3069635	+	40	39
chr19	3985562	3990017	+	40	36
chr19	7671276	7676396	-	40	35
chr19	8405940	8411399	-	40	36
chr19	30018770	30021052	-	40	38
chr19	34951447	34955471	+	40	35
chr19	35451958	35454313	+	40	37
chr19	40215602	40216047	-	40	38
chr19	40436872	40440029	+	40	34
chr20	43257895	43265048	+	40	40
chr20	46129965	46137401	+	40	40
chr20	48481580	48481872	+	40	40
chr21	42399789	42402814	-	40	36
chr22	22862361	22862839	-	40	21
chr22	23320121	23324831	-	40	38
chr22	31667446	31671638	+	40	35
chr22	42435392	42436221	-	40	36
chrX	16540651	16541431	+	40	39
chrX	30083473	30083641	-	40	38
chrX	30750213	30810417	-	40	32
chrX	40739502	40744450	+	40	35
chrX	53697755	53701634	-	40	38
chrX	53776643	53781863	-	40	40
chrX	75030850	75048464	+	40	36
chrX	78843473	78844254	+	40	40
chrX	79350413	79352680	+	40	37
chrX	79397879	79400660	-	40	37
chrX	100959913	100969447	-	40	36
chrX	114961271	114961789	-	40	38
chrX	146049994	146050283	+	40	40
chrY	1245099	1246402	-	40	37
chrY	4874393	4912127	+	40	40
chrY	13196417	13198585	+	40	38
chrY	25510033	25510686	-	40	39
chr1	6396600	6400198	-	39	36
chr1	21210171	21212828	+	39	38
chr1	28197319	28199366	-	39	29
chr1	28664026	28668199	-	39	34
chr1	39612375	39616547	-	39	39
chr1	46186472	46187116	-	39	38
chr1	67298106	67299370	-	39	39
chr1	92501486	92508657	-	39	35
chr1	98824139	98824381	-	39	37
chr1	110028499	110029906	-	39	37
chr1	110927761	110932402	+	39	37
chr1	114560268	114562181	-	39	35
chr1	116752608	116754341	-	39	35
chr1	117663702	117666728	-	39	35
chr1	148529417	148531337	+	39	39
chr1	155098732	155119673	+	39	39
chr1	170414423	170414545	+	39	38
chr1	171691616	171693919	-	39	36
chr1	202967558	202968138	-	39	36
chr1	205290950	205293275	-	39	28
chr1	206181169	206184589	+	39	37
chr1	218612587	218623269	-	39	38
chr1	221657577	221657895	+	39	39
chr1	244451914	244454310	+	39	34
chr2	14662884	14663045	+	39	38
chr2	20449451	20449816	+	39	38
chr2	25365578	25368563	+	39	36
chr2	101316308	101321272	+	39	23
chr2	108445903	108448930	-	39	38
chr2	125359417	125359581	+	39	39
chr2	128227150	128233170	-	39	31
chr2	157706388	157707548	+	39	36
chr2	159288873	159307371	-	39	36
chr2	186524274	186530440	-	39	37
chr2	192995345	192995545	-	39	39
chr2	197475708	197477545	-	39	36
chr2	197553712	197557409	+	39	36
chr2	219278184	219279160	+	39	32
chr2	225194748	225324040	-	39	36
chr2	230078787	230079190	+	39	38
chr2	231618531	231620015	+	39	27
chr3	11784028	11787430	+	39	35
chr3	22375910	22376081	-	39	38
chr3	27484826	27486094	-	39	35
chr3	47482830	47485317	-	39	37
chr3	81761804	81762698	+	39	39
chr3	94134669	94192197	-	39	38
chr3	114310297	114314338	-	39	36
chr3	121630521	121631313	-	39	37
chr3	137432604	137433579	+	39	39
chr3	150633487	150636068	-	39	39
chr3	156588169	156588381	+	39	39
chr3	190473992	190475118	+	39	38
chr3	197787612	197790924	+	39	38
chr4	698843	702634	-	39	27
chr4	39680453	39689695	-	39	37
chr4	70690905	70692887	-	39	38
chr4	74816171	74865891	-	39	39
chr4	83178578	83180272	-	39	33
chr4	84302814	84304736	+	39	39
chr4	85347125	85454440	+	39	36
chr4	147684346	147685692	-	39	34
chr4	188194852	188209743	+	39	39
chr5	35880298	35882946	-	39	37
chr5	50168391	50174230	-	39	28
chr5	80900818	80901059	-	39	38
chr5	95458896	95461742	-	39	38
chr5	112935197	112939822	+	39	36
chr5	114849445	114849560	+	39	39
chr5	140173508	140174474	+	39	36
chr5	153949464	153949841	-	39	39
chr5	166469233	166547226	-	39	39
chr5	169634260	169636888	-	39	33
chr5	173166818	173176743	-	39	39
chr6	32910125	32924556	+	39	31
chr6	34438244	34445227	+	39	38
chr6	37151178	37155307	-	39	28
chr6	46770695	46774098	+	39	36
chr6	82472455	82472806	+	39	39
chr6	111648480	111649366	+	39	39
chr6	118438122	118444396	+	39	36
chr6	170532175	170533285	-	39	39
chr7	4967785	4969032	-	39	39
chr7	6066039	6077942	-	39	38
chr7	44549509	44553457	-	39	36
chr7	44916133	44917537	-	39	39
chr7	64860126	64862905	+	39	36
chr7	64934866	64939450	+	39	33
chr7	73877974	73906897	+	39	39
chr7	98751189	98782927	-	39	38
chr7	99467109	99472659	+	39	37
chr7	111572513	111638973	+	39	39
chr7	130137201	130138904	+	39	36
chr7	142446572	142450511	-	39	36
chr7	150131508	150135319	-	39	35
chr7	156921702	156930711	+	39	36
chr8	9553601	9555867	-	39	37
chr8	18049528	18053811	-	39	36
chr8	22084977	22088959	-	39	35
chr8	26658931	26661121	+	39	37
chr8	41625753	41626070	-	39	39
chr8	42661449	42692298	-	39	38
chr8	46968615	46968729	-	39	38
chr8	58675827	58676059	-	39	38
chr8	74519863	74528352	+	39	29
chr8	94715709	94719634	-	39	39
chr8	97641343	97643253	-	39	37
chr8	119716312	119717229	+	39	39
chr9	36322842	36326723	-	39	38
chr9	70359123	70362643	-	39	35
chr9	75313632	75314797	+	39	39
chr9	75340646	75340788	-	39	39
chr9	77691595	77697320	-	39	29
chr9	108053549	108057277	+	39	29
chr9	123323220	123324561	+	39	35
chr9	126847761	126849249	-	39	21
chr10	5293561	5300615	-	39	36
chr10	14514935	14517198	+	39	37
chr10	22121947	22129026	-	39	39
chr10	30524970	30529082	-	39	32
chr10	43486252	43491363	-	39	36
chr10	58382796	58384810	+	39	36
chr10	59784580	59784928	+	39	38
chr10	62105178	62112250	-	39	37
chr10	68792860	68795700	+	39	38
chr10	92447422	92451284	+	39	36
chr10	110353959	110360175	+	39	31
chr10	110606217	110609243	+	39	34
chr11	13622580	13625552	-	39	39
chr11	14419763	14422928	+	39	36
chr11	30345568	30349539	+	39	37
chr11	64173529	64174707	-	39	38
chr11	64983625	64986051	-	39	38
chr11	65891635	65892046	+	39	36
chr11	68458792	68460468	-	39	38
chr11	126180297	126184383	-	39	35
chr11	126280081	126281709	+	39	34
chr11	128955991	128956434	+	39	37
chr12	19383309	19395289	-	39	39
chr12	30589316	30591509	+	39	39
chr12	31731386	31737391	-	39	35
chr12	34123481	34123637	-	39	39
chr12	50498781	50503273	+	39	32
chr12	51927903	51936658	+	39	38
chr12	64707397	64709432	-	39	36
chr12	94674973	94677665	+	39	25
chr12	95515952	95516529	-	39	39
chr12	113017897	113019432	+	39	33
chr12	120124754	120126999	-	39	37
chr13	19631520	19633314	-	39	39
chr13	19783300	19786839	-	39	37
chr13	30442025	30445193	-	39	35
chr14	65232633	65234456	-	39	35
chr14	71741271	71743083	+	39	35
chr14	73846498	73846600	-	39	39
chr14	74367222	74371850	-	39	39
chr14	74744374	74747432	-	39	39
chr14	92774875	92775345	-	39	34
chr15	41544504	41546477	+	39	38
chr15	49820706	49823432	-	39	33
chr15	55749370	55807361	+	39	39
chr15	78555136	78558990	-	39	38
chr16	9078403	9080187	-	39	38
chr16	11641680	11650189	+	39	33
chr16	15388860	15392105	-	39	39
chr16	19952364	19953997	+	39	38
chr16	21554324	21554830	-	39	27
chr16	28749417	28749900	-	39	31
chr16	30454737	30454905	+	39	39
chr16	30523570	30523978	+	39	38
chr16	30656450	30658420	-	39	35
chr16	60163870	60164315	+	39	39
chr16	67889044	67892732	-	39	36
chr16	85816693	85820863	-	39	37
chr17	391042	397273	+	39	39
chr17	3991101	4000820	+	39	35
chr17	8163611	8164414	-	39	33
chr17	8349612	8353328	+	39	39
chr17	16401101	16402253	+	39	38
chr17	21588839	21591083	+	39	39
chr17	35275406	35277733	+	39	36
chr17	40549343	40551071	-	39	37
chr17	74322862	74323560	+	39	38
chr17	75235780	75236364	+	39	37
chr17	78284426	78287502	+	39	25
chr17	81014740	81017963	-	39	37
chr18	38069473	38078835	+	39	38
chr18	47803426	47806300	-	39	33
chr18	51154701	51158276	-	39	35
chr18	79384081	79391142	-	39	37
chr19	832268	834969	-	39	34
chr19	2927044	2932931	-	39	36
chr19	9519948	9522935	+	39	38
chr19	17789426	17792609	+	39	36
chr19	32593786	32596934	+	39	32
chr19	39846469	39848033	+	39	35
chr19	49073557	49077277	-	39	39
chr20	21246704	21249123	+	39	37
chr20	34825762	34828878	+	39	36
chr20	39044151	39047027	+	39	35
chr20	49966401	49970510	-	39	38
chr20	50201684	50202620	-	39	33
chr20	54359287	54359495	-	39	39
chr22	22118419	22147745	-	39	28
chr22	31751511	31753566	-	39	39
chr22	39070004	39074925	+	39	34
chrX	42206103	42207396	-	39	39
chrX	44343874	44344720	-	39	34
chrX	44704631	44709715	+	39	36
chrX	44775715	44791514	+	39	39
chrX	56575936	56579398	-	39	37
chrX	88421035	88421267	+	39	38
chrX	109866276	109867613	+	39	37
chrX	152103639	152103770	-	39	39
chrY	2666856	2669600	-	39	36
chrY	7225036	7246423	-	39	36
chrY	19666979	19667103	-	39	39
chr1	1592508	1596782	+	38	23
chr1	20798295	20799451	+	38	35
chr1	25798068	25798478	+	38	38
chr1	26782124	26784249	+	38	36
chr1	31144732	31148017	+	38	38
chr1	40777937	40779397	+	38	36
chr1	43158948	43161909	-	38	36
chr1	44734503	44739628	-	38	35
chr1	77080086	77081970	-	38	36
chr1	99332612	99333594	+	38	37
chr1	101243716	101247283	-	38	35
chr1	110935247	110936355	+	38	33
chr1	113294133	113294310	+	38	38
chr1	143949429	143951447	+	38	38
chr1	148787121	148787872	-	38	35
chr1	149840173	149842130	+	38	38
chr1	151608001	151612005	-	38	36
chr1	156609599	156613814	+	38	30
chr1	158314651	158318652	-	38	37
chr1	221742111	221743519	-	38	37
chr1	222615891	222617751	-	38	31
chr1	225924576	225930331	+	38	35
chr1	228388545	228390333	+	38	35
chr1	235657665	235660312	-	38	34
chr2	18744830	18748864	+	38	35
chr2	25350455	25354971	-	38	36
chr2	55442998	55445443	+	38	37
chr2	60741010	60755021	+	38	38
chr2	60802831	60805081	+	38	33
chr2	64064523	64066014	+	38	29
chr2	65184585	65188323	-	38	35
chr2	85392152	85393557	-	38	36
chr2	99530155	99532650	+	38	35
chr2	102240054	102240775	-	38	33
chr2	112617221	112621038	-	38	33
chr2	126065158	126065260	-	38	37
chr2	151747342	151755581	-	38	33
chr2	153413484	153420394	+	38	30
chr2	179942643	179944647	-	38	36
chr2	195216909	195220593	-	38	30
chr2	233295960	233300893	+	38	36
chr3	10127405	10132048	-	38	35
chr3	13295325	13297421	-	38	33
chr3	32381220	32386508	+	38	35
chr3	49815125	49828531	-	38	33
chr3	52219579	52220057	+	38	36
chr3	61456609	61457083	-	38	38
chr3	141942537	141943908	+	38	38
chr3	183486124	183487488	+	38	34
chr3	196618667	196630881	-	38	36
chr4	10423161	10427621	-	38	33
chr4	48432357	48434144	-	38	35
chr4	55043292	55044478	+	38	38
chr4	94449684	94451307	-	38	37
chr4	121697098	121700432	+	38	34
chr4	134371340	134371495	-	38	37
chr4	160378947	160429749	-	38	38
chr5	5490430	5492908	+	38	33
chr5	32179393	32203749	-	38	35
chr5	50862768	50868916	+	38	33
chr5	54578872	54586431	+	38	31
chr5	54588386	54595525	-	38	38
chr5	57266218	57272914	+	38	34
chr5	88167568	88172442	-	38	36
chr5	101886861	101891710	-	38	34
chr5	103224470	103230429	+	38	27
chr5	126851732	126856807	+	38	36
chr5	150434971	150441858	+	38	32
chr6	850824	851818	+	38	37
chr6	4988638	4993825	-	38	34
chr6	7615084	7617797	-	38	32
chr6	17569242	17571049	-	38	37
chr6	27856469	27859071	-	38	33
chr6	31807285	31809485	+	38	38
chr6	47835638	47835823	-	38	38
chr6	144065855	144071012	-	38	34
chr6	146554987	146556453	+	38	37
chr6	150860333	150865227	+	38	34
chr6	161125293	161129465	+	38	36
chr7	1765156	1791692	-	38	33
chr7	4795299	4796870	-	38	37
chr7	5781867	5788191	+	38	35
chr7	6326981	6329094	+	38	38
chr7	13767551	13812848	+	38	38
chr7	37449232	37451485	+	38	35
chr7	39619788	39620447	-	38	36
chr7	54498959	54499805	-	38	37
chr7	66046247	66061492	+	38	38
chr7	66975329	66979537	+	38	32
chr7	101759999	101778695	-	38	38
chr7	102284055	102284483	+	38	38
chr7	113777823	113778824	-	38	38
chr7	130143480	130147358	+	38	33
chr7	135360258	135361050	-	38	33
chr7	135651462	135654879	+	38	36
chr7	140942541	140975338	-	38	35
chr7	142489191	142491770	-	38	32
chr7	143307908	143311701	+	38	29
chr7	150606512	150612424	+	38	33
chr7	151917306	151933687	+	38	35
chr7	152529077	152546893	-	38	38
chr8	22237659	22240816	+	38	28
chr8	33545978	33547711	-	38	34
chr8	47752632	47754367	+	38	35
chr8	47978168	47980616	+	38	34
chr8	97249363	97249536	+	38	38
chr8	110369146	110369514	+	38	38
chr8	126381254	126401203	+	38	38
chr8	130033566	130037139	-	38	31
chr8	143677674	143678492	-	38	38
chr8	144869917	144874568	+	38	35
chr9	16916123	16917152	-	38	37
chr9	20651615	20658201	-	38	30
chr9	32126109	32272483	-	38	37
chr9	34998901	35000923	-	38	34
chr9	40885632	40889412	-	38	38
chr9	80198952	80199230	-	38	35
chr9	98052219	98056399	-	38	37
chr9	111935375	111937857	+	38	35
chr10	3836190	3837278	+	38	23
chr10	4934594	4936165	+	38	36
chr10	12326429	12333829	-	38	34
chr10	31539488	31540530	-	38	36
chr10	31980988	31982914	+	38	34
chr10	37873196	37878511	-	38	36
chr10	45794277	45798543	+	38	37
chr10	73422784	73423347	+	38	37
chr10	97774058	97776783	+	38	36
chr10	102083770	102086914	+	38	35
chr10	102150503	102152172	-	38	34
chr10	102172681	102177067	-	38	34
chr10	110153199	110157141	+	38	32
chr10	119091233	119093951	+	38	34
chr10	127508412	127515488	+	38	37
chr11	2397825	2400230	-	38	33
chr11	3076463	3077197	-	38	38
chr11	13733478	13735325	+	38	36
chr11	15529781	15531130	+	38	38
chr11	32872845	32882685	+	38	35
chr11	47427015	47430402	-	38	37
chr11	70266464	70269188	-	38	34
chr11	83438934	83452513	-	38	38
chr11	86292847	86294293	-	38	36
chr11	93128462	93131966	-	38	35
chr11	95949364	95953214	+	38	37
chr11	110480977	110481430	+	38	35
chr11	110487046	110488091	+	38	35
chr12	27014911	27017036	+	38	32
chr12	43713133	43718492	-	38	35
chr12	49283227	49285619	-	38	38
chr12	55894142	55901394	+	38	36
chr12	56006652	56007407	-	38	36
chr12	65256061	65258566	-	38	38
chr12	71800324	71807150	+	38	37
chr12	76019376	76020765	-	38	34
chr12	87582353	87632382	-	38	38
chr12	113808926	113810919	+	38	37
chr12	120582905	120587137	-	38	35
chr13	19818733	19823064	+	38	37
chr13	24650685	24669731	+	38	38
chr13	41118449	41121584	-	38	37
chr13	97469237	97474836	+	38	35
chr13	102679967	102681825	+	38	36
chr13	108308831	108311352	+	38	35
chr14	20838867	20851811	+	38	28
chr14	21716548	21722939	+	38	31
chr14	35318970	35321674	+	38	35
chr14	70564466	70566881	+	38	37
chr14	92173457	92174872	-	38	33
chr14	96572435	96573752	-	38	36
chr14	103142056	103145588	+	38	28
chr14	106113234	106116290	+	38	31
chr15	22829973	22832134	+	38	36
chr15	26082903	26083543	+	38	36
chr15	30861043	30865465	+	38	34
chr15	34123194	34125628	+	38	33
chr15	64163669	64164950	-	38	36
chr15	88632394	88635287	+	38	34
chr16	4548493	4549667	+	38	30
chr16	9089624	9091430	-	38	35
chr16	27200848	27203478	-	38	37
chr16	27312328	27313385	-	38	34
chr16	29012120	29022014	-	38	37
chr16	35174288	35174833	+	38	38
chr16	72226214	72231796	-	38	36
chr16	88792406	88799639	+	38	34
chr17	4746342	4748715	-	38	33
chr17	8214929	8219938	+	38	36
chr17	9244001	9246984	-	38	37
chr17	18806796	18809758	+	38	37
chr17	19052585	19057676	+	38	23
chr17	27289546	27293218	+	38	32
chr17	28430282	28440362	-	38	38
chr17	29236792	29241208	+	38	38
chr17	30527979	30528596	+	38	36
chr17	34881107	34922818	+	38	38
chr17	35541022	35541842	+	38	32
chr17	41676967	41678903	-	38	25
chr17	50401272	50402403	-	38	38
chr17	61864034	61865057	+	38	37
chr17	68073072	68094154	-	38	37
chr17	77057272	77079800	+	38	38
chr17	77502846	77506411	-	38	37
chr17	78982898	78990958	+	38	37
chr18	3058875	3064409	+	38	34
chr18	33791936	33792865	+	38	36
chr18	76742209	76742812	-	38	36
chr19	3627881	3630151	-	38	35
chr19	13103690	13104182	+	38	35
chr19	18830463	18831888	-	38	33
chr19	34103142	34106613	+	38	38
chr19	49673961	49675762	-	38	32
chr19	53770240	53773819	-	38	34
chr19	54547379	54549137	-	38	38
chr20	2525118	2525903	+	38	35
chr20	25002544	25005027	+	38	34
chr20	46142629	46145897	+	38	33
chr21	5037173	5040162	-	38	37
chr21	33372470	33375988	+	38	29
chr22	12785883	12787599	-	38	38
chr22	20327070	20329578	+	38	35
chr22	21644532	21646400	-	38	35
chr22	30995545	31005705	+	38	31
chr22	36424382	36439250	-	38	35
chr22	37895566	37900388	+	38	36
chr22	41363565	41366101	+	38	30
chr22	50340971	50341928	+	38	38
chrX	1537859	1538787	+	38	38
chrX	46201867	46234053	+	38	36
chrX	69586002	69586270	+	38	38
chrX	76315134	76327697	-	38	38
chrX	80131109	80131241	-	38	36
chrX	85694256	85791682	-	38	38
chrX	129844818	129844918	+	38	37
chrX	153798560	153801182	+	38	34
chrY	556980	583681	-	38	38
chrY	7396362	7399165	+	38	33
chrY	21064413	21069672	+	38	35
chr1	3921358	3922230	-	37	32
chr1	7950093	7954184	-	37	33
chr1	10208305	10210522	-	37	25
chr1	19660165	19664101	-	37	29
chr1	35567324	35569227	+	37	34
chr1	45491260	45493712	+	37	25
chr1	64441935	64452370	-	37	37
chr1	82104101	82104300	-	37	37
chr1	153703341	153711556	+	37	37
chr1	155193573	155194791	+	37	33
chr1	178653567	178657234	+	37	32
chr1	184340367	184340794	-	37	37
chr1	206879201	206884790	-	37	36
chr1	207392862	207395683	+	37	32
chr1	241496766	241497505	-	37	35
chr1	244224189	244227746	-	37	32
chr2	23368657	23368962	+	37	37
chr2	25159147	25160805	-	37	36
chr2	25907277	25908654	+	37	37
chr2	26290709	26296933	-	37	32
chr2	43884126	43886039	-	37	35
chr2	55739506	55741452	-	37	36
chr2	69390412	69395402	+	37	35
chr2	95263807	95264228	-	37	35
chr2	99538554	99540125	+	37	32
chr2	125360886	125403492	+	37	37
chr2	162259203	162267050	-	37	35
chr2	196826518	196828280	+	37	36
chr2	216207260	216209307	-	37	35
chr2	231944664	231961225	-	37	36
chr3	33493694	33496166	-	37	35
chr3	38692181	38692821	-	37	37
chr3	56502591	56551708	+	37	37
chr3	57705057	57743372	+	37	37
chr3	101861031	101861716	-	37	35
chr3	141863092	141864481	-	37	37
chr3	142273748	142276560	-	37	35
chr3	142275172	142277437	+	37	29
chr3	142301533	142302824	+	37	36
chr3	146502932	146504497	-	37	32
chr3	149444493	149444733	-	37	35
chr3	156819806	156821758	+	37	30
chr4	39817288	39822491	+	37	35
chr4	41987401	41990293	-	37	36
chr4	87155777	87159670	-	37	36
chr4	88254138	88257511	+	37	33
chr4	106030183	106033064	-	37	32
chr4	118375190	118375530	-	37	37
chr4	143506566	143512993	-	37	35
chr4	145186099	145190499	+	37	32
chr4	147703944	147712348	-	37	37
chr4	152587940	152590286	-	37	34
chr4	164857931	164873684	+	37	36
chr5	1793041	1795403	+	37	32
chr5	32526762	32531602	-	37	26
chr5	57156628	57164756	+	37	35
chr5	80324811	80325817	+	37	37
chr5	88160515	88161777	+	37	37
chr5	95605151	95612659	-	37	32
chr5	101434095	101440177	-	37	30
chr5	101935779	101941875	-	37	30
chr5	110157127	110172544	-	37	37
chr5	131128352	131148653	+	37	36
chr5	137742711	137745480	+	37	36
chr5	140618564	140623192	-	37	35
chr5	157939211	157971246	+	37	36
chr5	179035349	179038160	+	37	36
chr5	179531203	179533753	-	37	35
chr6	3022203	3022686	+	37	34
chr6	28950233	28951099	+	37	36
chr6	34162907	34170609	-	37	31
chr6	37572807	37575456	+	37	35
chr6	41189038	41189607	-	37	35
chr6	67059174	67062628	-	37	37
chr6	102481674	102509907	+	37	36
chr7	2484231	2487930	-	37	35
chr7	22102898	22108448	-	37	32
chr7	36785987	36790042	-	37	36
chr7	37456235	37457454	+	37	36
chr7	44551242	44559797	+	37	35
chr7	50419278	50425930	+	37	36
chr7	101252430	101254143	+	37	33
chr7	142457924	142459074	+	37	31
chr7	142719514	142725202	+	37	35
chr7	151295613	151331816	+	37	37
chr7	152903922	152910091	+	37	33
chr7	156976389	156980977	-	37	37
chr7	158705159	158709625	+	37	36
chr8	63039509	63041025	+	37	32
chr8	119250242	119317328	+	37	36
chr8	131810907	131811337	+	37	37
chr8	139585009	139585110	+	37	37
chr9	72839707	72839941	-	37	37
chr9	77111112	77111252	-	37	37
chr9	80361408	80362723	+	37	31
chr9	88284339	88307822	+	37	37
chr9	94655047	94656348	-	37	35
chr9	103716136	103716686	-	37	36
chr9	122695855	122703463	-	37	31
chr9	133071924	133075342	+	37	31
chr10	8318396	8318596	-	37	36
chr10	18685660	18689446	-	37	31
chr10	22113097	22113224	-	37	37
chr10	26570290	26571103	-	37	36
chr10	43362736	43364196	+	37	35
chr10	58410779	58418039	-	37	37
chr10	72249033	72255947	+	37	30
chr10	118670058	118672609	-	37	34
chr10	119558011	119561566	-	37	36
chr10	123290202	123293711	+	37	36
chr10	132422891	132431066	+	37	36
chr11	1916453	1919361	+	37	35
chr11	18258173	18258540	+	37	36
chr11	30340891	30344333	+	37	33
chr11	61167612	61173241	-	37	26
chr11	61677600	61679857	-	37	32
chr11	61867551	61868417	+	37	35
chr11	63671962	63674695	+	37	32
chr11	77477111	77479717	+	37	32
chr11	91484982	91485181	-	37	37
chr11	92027999	92028959	+	37	36
chr11	118698986	118700336	+	37	34
chr12	671698	674588	-	37	35
chr12	10329622	10332726	+	37	36
chr12	25897748	25935378	-	37	36
chr12	39453314	39455498	+	37	34
chr12	49094914	49096958	-	37	35
chr12	51235751	51238606	+	37	32
chr12	65257731	65259062	+	37	29
chr12	69579940	69584634	+	37	29
chr12	88708845	88709226	-	37	37
chr12	93449903	93450863	-	37	36
chr12	94723051	94725259	-	37	30
chr12	108282965	108288042	-	37	32
chr12	109888698	109890344	+	37	31
chr12	111831622	111835639	-	37	29
chr13	45950091	45954281	-	37	29
chr13	57400356	57424907	-	37	37
chr13	80452815	80458121	+	37	27
chr13	104695841	104696002	+	37	37
chr13	114135897	114141283	+	37	33
chr13	114136545	114142032	-	37	36
chr14	21698080	21698513	+	37	32
chr14	21867421	21870012	+	37	33
chr14	22119928	22123316	-	37	32
chr14	31861226	31863927	+	37	31
chr14	39023822	39030224	-	37	34
chr14	51263811	51268770	-	37	34
chr14	55209886	55221327	+	37	35
chr14	56114690	56117313	-	37	35
chr14	69475902	69477304	+	37	35
chr14	90839156	90844394	-	37	34
chr14	106464574	106467368	-	37	36
chr15	56078139	56086171	-	37	28
chr15	77968241	77971421	-	37	25
chr16	1475138	1477771	+	37	33
chr16	24911628	24912290	-	37	18
chr16	56987171	56989460	-	37	33
chr16	67010450	67013142	+	37	36
chr16	79575030	79581258	-	37	30
chr16	89968376	89969611	-	37	32
chr17	1463166	1464081	-	37	31
chr17	4726262	4731173	-	37	37
chr17	4945232	4945640	+	37	32
chr17	6572252	6575360	-	37	36
chr17	12541895	12543060	+	37	37
chr17	31549973	31551982	+	37	33
chr17	36625472	36626728	-	37	32
chr17	37079294	37081808	-	37	36
chr18	48952031	48952364	-	37	35
chr18	63320211	63322478	-	37	35
chr19	2504501	2510925	+	37	33
chr19	4001255	4006817	-	37	36
chr19	4831901	4835920	+	37	33
chr19	10697291	10701253	-	37	30
chr19	18014599	18015579	-	37	36
chr19	39182816	39186399	+	37	37
chr19	40111462	40113891	-	37	28
chr19	40226822	40229616	+	37	36
chr19	41873030	41876745	-	37	37
chr19	45684877	45686776	-	37	30
chr19	48378157	48382459	-	37	33
chr20	1218489	1224145	+	37	36
chr20	5868206	5878231	-	37	33
chr20	6166603	6166735	-	37	36
chr20	13313467	13321200	+	37	31
chr20	33699195	33702643	+	37	37
chr20	44193564	44195911	-	37	36
chr20	49097300	49100355	+	37	33
chr20	49974651	49982147	-	37	31
chr20	53834445	53836975	+	37	19
chr20	56410541	56412031	-	37	33
chr21	6900756	6900883	+	37	36
chr21	17464404	17499881	-	37	37
chr21	28857210	28861156	-	37	33
chr22	15213926	15224881	-	37	36
chr22	15926059	16109261	-	37	37
chr22	19328986	19330417	-	37	36
chr22	22820701	22821836	+	37	33
chr22	31280983	31281410	+	37	33
chr22	42551587	42552907	+	37	35
chrX	41238101	41244971	-	37	37
chrX	41426849	41426946	-	37	36
chrX	46827258	46834457	+	37	27
chrX	47832968	47836402	-	37	34
chrX	48911996	48913175	-	37	35
chrX	49002336	49005148	+	37	33
chrX	49631658	49632015	-	37	37
chrX	51923897	51923981	+	37	37
chrX	88781463	88795624	-	37	36
chrX	94040137	94040256	+	37	37
chrX	104205815	104210703	+	37	32
chrX	106329359	106329593	+	37	37
chrX	120415067	120418450	-	37	28
chrX	126472466	126472680	-	37	36
chrX	127142839	127368148	+	37	36
chrX	138155039	138155358	-	37	36
chrX	148052769	148052924	+	37	37
chrX	150676313	150680324	+	37	33
chrX	152545452	152546573	+	37	36
chrY	7383669	7385547	-	37	34
chrY	12872034	12875381	+	37	31
KI270717.1	2127	4536	+	37	35
chr1	1499801	1503193	+	36	34
chr1	11047276	11052143	+	36	35
chr1	11298146	11305355	-	36	34
chr1	11975598	11979121	+	36	34
chr1	25018201	25023028	-	36	36
chr1	28250408	28259438	-	36	31
chr1	35858342	35862687	-	36	35
chr1	52106769	52121865	+	36	33
chr1	53981027	53981327	-	36	36
chr1	55216331	55217509	+	36	34
chr1	64416463	64416883	+	36	35
chr1	65069459	65074765	+	36	34
chr1	87389238	87391271	+	36	32
chr1	99822608	99823469	-	36	36
chr1	105707749	105889907	-	36	36
chr1	109244345	109246570	+	36	35
chr1	110997661	111002425	-	36	22
chr1	120906931	120908664	+	36	36
chr1	153992348	153992688	+	36	34
chr1	154195858	154197595	+	36	32
chr1	154559525	154563155	+	36	30
chr1	155301733	155304014	-	36	32
chr1	178615099	178617834	-	36	33
chr1	182344580	182376375	-	36	26
chr1	193298370	193300720	-	36	34
chr1	202875262	202877429	+	36	32
chr1	206879864	206883430	+	36	34
chr1	206923342	206925082	+	36	32
chr1	223168649	223168853	+	36	35
chr1	225790928	225795530	+	36	33
chr1	229412854	229417171	-	36	35
chr2	18690601	18692303	+	36	34
chr2	31807027	31815119	-	36	33
chr2	31862612	31863324	+	36	35
chr2	32621612	32624669	-	36	35
chr2	47672212	47677153	-	36	36
chr2	55169346	55172441	-	36	34
chr2	87383314	87394746	-	36	36
chr2	97490581	97492655	-	36	35
chr2	98757227	98760967	-	36	31
chr2	100514613	100532946	+	36	34
chr2	103609900	103610058	+	36	36
chr2	105209506	105210005	-	36	36
chr2	121330573	121333047	-	36	31
chr2	130383662	130387290	-	36	35
chr2	148806219	148808612	+	36	29
chr2	176046792	176047387	-	36	36
chr2	195559970	195563575	+	36	30
chr2	238203940	238205726	+	36	35
chr2	238461926	238462513	-	36	32
chr3	14205757	14206391	-	36	36
chr3	23651142	23652985	+	36	35
chr3	24003366	24014918	-	36	32
chr3	32775306	32784760	-	36	34
chr3	33934156	33935173	-	36	36
chr3	40521090	40524209	+	36	31
chr3	49258203	49260051	+	36	35
chr3	95804310	95805707	+	36	36
chr3	101517149	101518576	-	36	30
chr3	101611828	101615595	+	36	31
chr3	104084780	104213978	+	36	35
chr3	112986525	112990429	-	36	34
chr3	126963677	126971040	+	36	32
chr3	131410760	131414269	+	36	36
chr3	144080697	144083503	+	36	34
chr3	144131511	144141038	+	36	35
chr3	145993753	145993960	-	36	35
chr3	146498202	146501023	+	36	34
chr3	152797310	152797582	+	36	35
chr3	178957916	178960108	-	36	34
chr4	843355	843935	+	36	35
chr4	8629996	8634114	+	36	36
chr4	24654170	24654360	-	36	36
chr4	38858043	38859199	+	36	32
chr4	48906948	48913171	+	36	33
chr4	60269233	60480883	-	36	36
chr4	64454467	64454727	-	36	35
chr4	105362596	105365461	-	36	30
chr4	110757639	110758692	-	36	36
chr4	113763709	113766803	+	36	33
chr4	126035481	126035927	+	36	36
chr4	152555230	152560891	-	36	29
chr4	158764295	158768976	-	36	31
chr4	169725594	169727425	-	36	34
chr4	183558314	183568209	+	36	36
chr4	184537646	184538997	+	36	31
chr5	40822442	40823444	+	36	35
chr5	60856874	60860699	-	36	34
chr5	79597137	79610355	-	36	33
chr5	82429524	82429744	-	36	36
chr5	118797185	118797708	+	36	36
chr5	134395189	134399403	-	36	35
chr5	134901710	134905085	-	36	34
chr5	140303265	140322749	-	36	31
chr5	140595803	140607736	+	36	32
chr5	151725987	151728953	+	36	36
chr5	171827474	171828347	+	36	33
chr5	177577310	177579803	-	36	34
chr6	6655245	6656632	+	36	34
chr6	6658149	6662844	+	36	34
chr6	27110731	27111339	+	36	32
chr6	27135306	27137277	+	36	33
chr6	27529466	27529663	-	36	35
chr6	31818045	31820886	-	36	26
chr6	34228144	34230176	+	36	35
chr6	61399510	61607545	+	36	36
chr6	99394461	99397254	+	36	34
chr6	106673397	106673801	-	36	35
chr6	108208239	108208696	+	36	35
chr6	115580050	115580371	+	36	34
chr6	141230673	141230880	-	36	35
chr7	48690030	48690956	+	36	35
chr7	56303877	56304405	-	36	36
chr7	63883349	63883443	+	36	35
chr7	74131700	74137978	-	36	36
chr7	76315868	76317119	-	36	33
chr7	76729088	76734351	+	36	36
chr7	104208259	104213651	+	36	33
chr7	128099697	128100222	+	36	33
chr7	134437322	134442137	-	36	33
chr7	135356306	135356641	+	36	35
chr7	139308648	139310918	+	36	33
chr7	142701733	142710807	-	36	31
chr7	142741475	142745391	-	36	29
chr7	150574152	150579738	-	36	34
chr7	159242210	159243036	-	36	36
chr8	18041818	18047232	-	36	34
chr8	22164718	22165132	+	36	35
chr8	48064908	48066937	-	36	34
chr8	48078106	48083493	+	36	29
chr8	56993881	56997245	+	36	33
chr8	125438540	125440994	+	36	32
chr9	4666678	4673135	+	36	34
chr9	7620495	7620629	-	36	36
chr9	41551983	41569894	+	36	32
chr9	71993796	72000850	+	36	29
chr9	85889460	85891205	+	36	34
chr9	85899894	85903260	+	36	32
chr9	104778314	104780876	-	36	32
chr9	111057837	111093295	+	36	35
chr9	136488600	136492552	+	36	29
chr10	800008	802666	-	36	33
chr10	11913786	11918144	+	36	35
chr10	17210885	17214004	+	36	30
chr10	29737276	29740078	+	36	32
chr10	48439519	48441882	-	36	31
chr10	50134483	50136038	-	36	35
chr10	72988199	72988791	+	36	34
chr10	95707457	95711059	+	36	33
chr10	99779429	99780432	-	36	35
chr10	110144194	110146096	+	36	34
chr10	124904413	124910243	+	36	34
chr10	132432762	132433682	-	36	33
chr11	9369093	9375343	+	36	35
chr11	23046111	23046518	-	36	35
chr11	39389132	39428276	-	36	36
chr11	42572956	42681024	+	36	36
chr11	62766756	62769884	-	36	34
chr11	64321846	64325013	+	36	34
chr11	65822354	65823010	-	36	32
chr11	73598702	73621215	-	36	35
chr11	86285285	86288202	-	36	36
chr11	94411715	94412702	+	36	35
chr11	121410784	121412723	+	36	33
chr12	12581719	12581866	-	36	35
chr12	25382660	25384862	+	36	31
chr12	30613562	30614853	-	36	34
chr12	49082458	49086436	-	36	26
chr12	50314986	50320719	+	36	34
chr12	56637139	56638133	+	36	33
chr12	63381758	63382666	+	36	36
chr12	71720598	71724660	+	36	32
chr12	71727676	71730547	+	36	34
chr12	121306437	121308079	-	36	34
chr12	121694769	121699039	+	36	33
chr12	123409360	123409713	-	36	33
chr12	124320000	124324241	-	36	34
chr12	124733426	124734192	-	36	34
chr13	22853061	22853239	-	36	36
chr13	27539518	27541582	-	36	36
chr13	47080241	47080412	+	36	36
chr13	73664915	73667981	-	36	32
chr13	99170108	99171480	-	36	35
chr13	110844054	110848114	+	36	26
chr14	20620092	20620406	-	36	4
chr14	34747101	34751782	+	36	36
chr14	49623484	49625096	-	36	33
chr14	57435939	57436480	-	36	36
chr14	72963088	72967492	+	36	34
chr14	75331951	75334321	-	36	29
chr14	90046028	90047783	-	36	34
chr14	98849212	98857733	-	36	32
chr14	104606240	104606365	+	36	36
chr14	104823941	104830363	+	36	31
chr14	105995589	105996858	+	36	34
chr14	106117350	106121743	+	36	33
chr15	31454177	31463169	-	36	31
chr15	64455451	64459927	+	36	34
chr15	64686071	64687114	-	36	36
chr15	75837977	75843155	-	36	35
chr15	79971291	79972817	+	36	32
chr15	80057053	80058493	-	36	35
chr15	80188736	80192561	+	36	29
chr15	82107486	82108583	-	36	31
chr15	89205432	89209575	-	36	32
chr15	89230818	89233614	+	36	32
chr15	90829710	90832947	+	36	30
chr16	413679	423383	+	36	34
chr16	25586280	25586445	-	36	35
chr16	46637200	46637597	+	36	35
chr16	67152075	67153948	+	36	36
chr16	68597418	68605419	-	36	34
chr17	4420300	4423351	+	36	36
chr17	8271461	8275980	-	36	34
chr17	8331554	8331686	+	36	36
chr17	17471193	17471828	+	36	36
chr17	35456694	35459282	+	36	36
chr17	55185196	55185365	-	36	36
chr17	59294491	59315347	-	36	32
chr17	68174416	68179331	+	36	34
chr17	68200351	68205360	+	36	35
chr17	76125466	76129875	+	36	28
chr17	76261339	76265307	-	36	35
chr17	76388263	76389446	-	36	33
chr17	76501924	76504040	+	36	34
chr17	83107087	83113057	+	36	30
chr18	5389537	5390174	+	36	36
chr18	62504482	62509193	-	36	32
chr18	71299286	71299446	-	36	35
chr18	72074780	72106335	+	36	34
chr19	586312	588220	-	36	34
chr19	3047747	3050714	-	36	33
chr19	4128205	4147971	+	36	36
chr19	7687770	7688742	-	36	29
chr19	9055217	9073143	+	36	35
chr19	10935936	10940078	-	36	35
chr19	23032070	23032544	-	36	35
chr19	29203679	29205252	-	36	36
chr19	29601238	29601925	+	36	34
chr19	30016619	30022947	+	36	36
chr19	34986056	34994016	+	36	32
chr19	35659057	35663942	-	36	34
chr19	42380511	42386533	+	36	34
chr19	43857238	43861073	+	36	33
chr19	44843755	44845821	-	36	33
chr19	56168973	56172461	+	36	35
chr20	4834165	4835316	-	36	32
chr20	28557090	28558195	-	36	33
chr20	30418694	30425128	+	36	35
chr20	36966191	36968101	-	36	24
chr20	46338657	46345971	-	36	33
chr20	53851255	53855230	+	36	30
chr21	5129031	5129388	-	36	36
chr21	17453633	17456136	-	36	32
chr21	28844872	28849116	-	36	32
chr21	43405213	43408130	+	36	32
chr21	43412806	43414461	-	36	35
chr21	45586312	45589802	-	36	34
chr22	16958687	16959243	+	36	34
chr22	20420604	20422663	-	36	32
chr22	23169827	23175549	+	36	34
chr22	32472869	32474647	-	36	28
chr22	41202901	41204826	+	36	36
chr22	43147932	43150977	-	36	33
chr22	43187808	43191201	+	36	33
chr22	45342903	45344043	+	36	35
chr22	46752308	46755730	-	36	33
chrX	3584503	3592336	-	36	29
chrX	4404203	4525980	-	36	36
chrX	27928111	27928223	+	36	36
chrX	44125874	44133088	-	36	28
chrX	47326147	47350730	-	36	33
chrX	49024807	49027843	+	36	35
chrX	52095688	52135179	+	36	36
chrX	79262831	79268351	-	36	35
chrX	82857144	82859058	+	36	36
chrX	94808894	95037958	-	36	35
chrX	104078736	104083893	-	36	31
chrX	118724672	118727015	-	36	28
chrX	136816276	136821229	-	36	35
chrX	146112617	146124291	+	36	36
chrX	146539419	146539511	+	36	35
chrY	19697582	19703855	-	36	35
GL000195.1	67702	72088	-	36	36
GL000205.2	45519	46717	+	36	36
GL000205.2	58702	65212	+	36	35
KI270711.1	16528	18918	-	36	35
KI270742.1	23375	35917	+	36	35
chr1	9622810	9628109	-	35	32
chr1	26818744	26820383	+	35	31
chr1	35595671	35599506	-	35	31
chr1	47321234	47327940	+	35	32
chr1	61725423	61729348	+	35	30
chr1	72282625	72282972	-	35	33
chr1	106442544	106442689	-	35	34
chr1	109047683	109049762	+	35	35
chr1	144419306	144421360	+	35	33
chr1	153450460	153450860	-	35	35
chr1	154979584	154982145	+	35	31
chr1	155161261	155165105	-	35	34
chr1	197146880	197148757	+	35	33
chr1	211435972	211437439	+	35	30
chr1	223910746	223915560	-	35	29
chr1	225800263	225802434	+	35	33
chr1	226610572	226611969	+	35	32
chr1	226613556	226617069	-	35	32
chr1	229590066	229592936	-	35	33
chr1	234389523	234391156	-	35	33
chr2	5383659	5427108	+	35	35
chr2	18832514	18838509	+	35	33
chr2	27195353	27196202	-	35	33
chr2	42796762	42797152	+	35	34
chr2	65432878	65434909	+	35	32
chr2	75031799	75035571	+	35	34
chr2	85391780	85393193	+	35	33
chr2	95194805	95196303	+	35	35
chr2	96587664	96592952	+	35	32
chr2	108691928	108694075	+	35	35
chr2	120003445	120010860	-	35	35
chr2	127526895	127527587	+	35	33
chr2	127913495	127929862	+	35	33
chr2	134962404	134964410	-	35	35
chr2	151409280	151409841	-	35	29
chr2	151756766	151759556	-	35	34
chr2	174345913	174348008	-	35	34
chr2	179923439	179929268	-	35	27
chr2	190391627	190399211	-	35	32
chr2	190400052	190401650	+	35	34
chr2	202567755	202568683	+	35	35
chr2	202770368	202773134	-	35	34
chr2	215148234	215148325	-	35	34
chr3	3685471	3688837	-	35	35
chr3	40972438	40974490	+	35	31
chr3	48686640	48687990	-	35	33
chr3	49258158	49260035	-	35	35
chr3	52312515	52313139	-	35	32
chr3	57949100	57951017	+	35	28
chr3	58426754	58427554	-	35	34
chr3	75408664	75411841	+	35	32
chr3	128588712	128590188	-	35	33
chr3	143251701	143253487	+	35	31
chr3	158863703	158865365	+	35	32
chr3	179338847	179340321	+	35	33
chr3	195556504	195558117	+	35	30
chr3	196123774	196126960	-	35	33
chr3	196343935	196347139	+	35	30
chr4	12771156	12826467	-	35	30
chr4	17445055	17455170	-	35	32
chr4	40380160	40417044	+	35	35
chr4	51917349	51918574	+	35	35
chr4	99068432	99070461	-	35	33
chr4	168212144	168214697	-	35	34
chr4	177427175	177430698	-	35	33
chr5	6709590	6713267	-	35	33
chr5	13419337	13419507	+	35	34
chr5	18475034	18476836	+	35	35
chr5	39481156	39481436	-	35	35
chr5	53882612	53883836	-	35	32
chr5	54550135	54565776	-	35	33
chr5	80881710	80883987	+	35	32
chr5	81395613	81396994	+	35	34
chr5	110151219	110156317	+	35	29
chr5	115677450	115677693	+	35	33
chr5	131422232	131423915	+	35	34
chr5	136068652	136073057	+	35	31
chr5	140706946	140708639	+	35	35
chr6	19847305	19847552	+	35	35
chr6	33218681	33224173	+	35	27
chr6	33535515	33538027	-	35	31
chr6	36736090	36736701	+	35	29
chr6	42737091	42744253	+	35	34
chr6	90606457	90606713	-	35	35
chr6	109361854	109364344	+	35	34
chr6	111051179	111079220	-	35	34
chr6	122081392	122156182	+	35	35
chr6	126280945	126285124	+	35	31
chr6	131896107	131896471	+	35	35
chr6	146541921	146543314	-	35	29
chr6	153859472	153859618	-	35	34
chr6	161274132	161276102	+	35	29
chr7	30418381	30423953	-	35	31
chr7	32911671	32913817	+	35	35
chr7	47258316	47260212	-	35	30
chr7	65869722	65872899	-	35	35
chr7	107876524	107876822	-	35	3
chr7	140431690	140434860	+	35	32
chr7	142426036	142430420	-	35	32
chr7	142592667	142594140	-	35	32
chr7	150232260	150234063	+	35	32
chr7	152888361	152893995	-	35	34
chr8	20435659	20436205	+	35	30
chr8	21913960	21919505	-	35	33
chr8	37907816	37914805	-	35	31
chr8	52612684	52617335	-	35	31
chr8	75072324	75072434	+	35	35
chr8	115391364	115395853	-	35	33
chr8	123476439	123477999	-	35	33
chr8	130048974	130051384	+	35	33
chr9	63656685	63658393	-	35	35
chr9	66703750	66705086	+	35	35
chr9	80324749	80328689	-	35	31
chr9	83931752	83936903	-	35	35
chr9	86355182	86359109	+	35	28
chr9	88026576	88043646	-	35	33
chr9	92199475	92199849	-	35	35
chr9	100412075	100416757	+	35	34
chr9	122830717	122837522	-	35	35
chr9	129642229	129664636	+	35	30
chr9	130889439	130890217	-	35	31
chr9	134249815	134251114	+	35	34
chr9	137238290	137240652	-	35	34
chr10	3834806	3836604	-	35	28
chr10	6141999	6144788	-	35	32
chr10	37564623	37578445	+	35	35
chr10	43185321	43187462	+	35	32
chr10	45329414	45352366	+	35	32
chr10	47624007	47624152	+	35	35
chr10	50303885	50305460	+	35	33
chr10	79888126	79889771	-	35	29
chr10	100186483	100187971	+	35	31
chr10	109686435	109686554	-	35	35
chr10	118644410	118651292	-	35	26
chr10	129782484	129784200	-	35	32
chr10	132472475	132473283	-	35	35
chr11	13506991	13514558	+	35	34
chr11	14892310	14895427	+	35	35
chr11	39862764	39869082	-	35	26
chr11	42445213	42821722	-	35	35
chr11	47207448	47212813	-	35	33
chr11	48170859	48176097	-	35	35
chr11	85691361	85693439	-	35	33
chr11	95071237	95076183	+	35	35
chr11	118317416	118318776	+	35	33
chr11	123250594	123250739	+	35	34
chr11	125091754	125093944	-	35	33
chr12	11370331	11375626	+	35	34
chr12	14355267	14355385	+	35	35
chr12	30618497	30625521	-	35	33
chr12	43568527	43568633	-	35	35
chr12	45908143	45910395	-	35	31
chr12	50482999	50488275	+	35	31
chr12	52849833	52861543	+	35	35
chr12	55349927	55350103	+	35	35
chr12	55730947	55736960	-	35	28
chr12	58126516	58127680	+	35	32
chr12	64162900	64163359	+	35	33
chr12	65253317	65256191	+	35	32
chr12	66046327	66057680	+	35	35
chr12	70360877	70361318	-	35	32
chr12	110368062	110369821	-	35	33
chr12	114778812	114822158	-	35	33
chr12	119985129	119988561	-	35	32
chr12	126498859	126499010	-	35	35
chr13	31709215	31713953	-	35	31
chr13	52163224	52167272	-	35	31
chr13	111311152	111312490	+	35	32
chr13	111424678	111505989	+	35	21
chr13	113380918	113392843	-	35	31
chr13	114148910	114149781	+	35	30
chr14	33896211	33896378	-	35	35
chr14	49869024	49871815	+	35	33
chr14	52212836	52257934	+	35	34
chr14	57462251	57463837	-	35	34
chr14	67234686	67240692	-	35	33
chr14	68801155	68806273	+	35	31
chr14	77469811	77472479	+	35	33
chr14	90435919	90439213	+	35	29
chr15	34075262	34078523	-	35	35
chr15	51018889	51028942	-	35	34
chr15	62101174	62101280	+	35	32
chr15	78501479	78505312	+	35	34
chr15	80015927	80016602	-	35	31
chr15	88720716	88761751	-	35	34
chr15	99786687	99789316	-	35	29
chr16	8985014	8988464	-	35	34
chr16	27781554	27785934	-	35	31
chr16	30645016	30648612	+	35	34
chr16	50683885	50687162	+	35	31
chr16	56359003	56359454	+	35	35
chr16	56984272	56985187	-	35	33
chr16	58218493	58218679	+	35	35
chr16	66929057	66932052	-	35	32
chr17	8800243	8802661	+	35	31
chr17	16355731	16358547	-	35	33
chr17	18408906	18411112	-	35	34
chr17	31833244	31851697	+	35	35
chr17	35338414	35341325	-	35	20
chr17	36101037	36103333	-	35	31
chr17	42534485	42536105	-	35	34
chr17	44124678	44133002	+	35	32
chr17	44139672	44140909	-	35	33
chr17	45189544	45190294	-	35	32
chr17	59562537	59565195	-	35	29
chr17	74980452	74980599	-	35	35
chr17	78851149	78852958	-	35	32
chr18	5327121	5331322	+	35	27
chr18	13654724	13657864	+	35	33
chr18	70795167	70800396	+	35	31
chr18	70876550	70876743	-	35	35
chr19	1569311	1573511	-	35	31
chr19	7885358	7888270	-	35	35
chr19	9675135	9675952	+	35	34
chr19	30140984	30141232	-	35	35
chr19	38862772	38866520	+	35	31
chr19	44993362	44993762	+	35	33
chr19	45978694	45993090	-	35	34
chr19	52690973	52697239	+	35	34
chr20	31724372	31730809	-	35	31
chr20	32033979	32038046	+	35	31
chr20	32182803	32186400	+	35	30
chr20	33877222	33904696	+	35	35
chr20	40426040	40476282	+	35	34
chr20	62092416	62111930	+	35	30
chr21	40916113	40917818	+	35	34
chr21	42060927	42062689	-	35	33
chr21	44276576	44278232	+	35	34
chr22	22919857	22919998	+	35	24
chr22	24528480	24533029	+	35	33
chr22	29180268	29184210	-	35	28
chr22	36788698	36794073	-	35	34
chr22	37820065	37822104	-	35	29
chr22	50613991	50617152	+	35	35
chrX	3593362	3597870	-	35	33
chrX	35139218	35341161	-	35	35
chrX	49124186	49127439	+	35	29
chrX	57597820	57600095	+	35	33
chrX	64770121	64817207	-	35	33
chrX	68568967	68573196	+	35	33
chrX	68728904	68730176	+	35	32
chrX	71086842	71092150	+	35	30
chrX	71575908	71577613	+	35	33
chrX	75306798	75308675	+	35	33
chrX	98045063	98045165	-	35	33
chrX	100947877	100949892	-	35	33
chrX	107615248	107617714	+	35	31
chrX	110189829	110194131	+	35	34
chrX	119022961	119026814	+	35	31
chrX	119024018	119024397	-	35	32
chrX	119760747	119763102	-	35	21
chrX	131883005	131883331	+	35	35
chrX	151421803	151426845	+	35	28
chrY	12948213	12950881	-	35	30
chrY	19992414	19993362	-	35	34
chrY	20952967	20958240	+	35	30
chrY	21104391	21113119	+	35	29
KI270722.1	46947	156689	+	35	35
chr1	1201422	1203498	+	34	33
chr1	5544274	5544409	+	34	34
chr1	10993336	11002755	+	34	33
chr1	20800823	20804165	+	34	31
chr1	26823727	26826357	-	34	33
chr1	32965002	32967701	+	34	31
chr1	62778958	62779257	-	34	33
chr1	68288732	68289048	+	34	34
chr1	77086660	77088937	-	34	34
chr1	77689103	77694407	+	34	30
chr1	100665800	100681088	-	34	33
chr1	111468160	111469486	+	34	31
chr1	120891869	120893695	+	34	34
chr1	143740621	143744531	-	34	33
chr1	144601956	144603837	-	34	33
chr1	151267521	151273339	+	34	30
chr1	155943103	155946804	+	34	34
chr1	198027909	198028221	+	34	34
chr1	204494838	204497189	-	34	28
chr1	205784319	205786167	+	34	31
chr1	224165225	224172250	-	34	29
chr2	20030232	20031230	+	34	29
chr2	64046487	64060857	+	34	31
chr2	96094998	96097023	-	34	26
chr2	101649279	101673956	-	34	34
chr2	105132555	105132728	+	34	31
chr2	108706750	108711792	+	34	28
chr2	112196400	112196908	-	34	33
chr2	127250599	127254812	-	34	25
chr2	151780231	151780634	+	34	34
chr2	173978091	173981347	+	34	30
chr2	185594038	185597402	+	34	30
chr2	231865110	231880448	-	34	34
chr2	232346194	232349353	+	34	33
chr3	3697939	3700536	-	34	32
chr3	15354050	15354144	-	34	34
chr3	32979540	32982385	+	34	31
chr3	131389256	131390849	+	34	30
chr3	143257232	143265154	+	34	28
chr3	158643546	158644267	-	34	34
chr3	170884764	170887341	-	34	31
chr3	196082272	196084424	+	34	31
chr4	10391196	10394598	-	34	22
chr4	29900890	29901096	-	34	34
chr4	35921082	35924716	-	34	30
chr4	103242007	103255459	-	34	34
chr4	141509044	141550250	-	34	30
chr4	157519935	157520215	-	34	19
chr5	33469911	33473215	-	34	30
chr5	34926664	34929003	+	34	33
chr5	42031319	42031487	+	34	34
chr5	62304777	62305072	+	34	33
chr5	90454838	90458124	-	34	34
chr5	110068072	110068486	-	34	31
chr5	131151451	131155219	+	34	31
chr5	143438590	143440952	+	34	34
chr5	148745721	148770659	-	34	27
chr5	150450317	150451251	+	34	32
chr5	170301744	170302915	-	34	33
chr5	178001346	178006109	-	34	33
chr5	179428014	179441234	+	34	33
chr6	10634749	10649041	-	34	26
chr6	14107442	14108942	-	34	31
chr6	26075608	26076175	+	34	32
chr6	46212425	46212573	-	34	33
chr6	57234586	57277902	-	34	33
chr6	63584149	63587070	-	34	33
chr6	73333745	73336130	+	34	32
chr6	84851410	84851557	+	34	34
chr6	98849363	98854747	-	34	33
chr6	106676457	106679853	+	34	33
chr6	151634997	151636430	-	34	34
chr6	155588837	155589197	-	34	32
chr7	27259015	27260138	+	34	33
chr7	36729078	36733028	-	34	31
chr7	55730799	55733039	+	34	33
chr7	68067252	68067502	-	34	32
chr7	73763115	73768598	-	34	27
chr7	75181340	75182497	-	34	32
chr7	93074069	93076309	-	34	29
chr7	98871787	98872348	+	34	33
chr7	101334301	101345357	-	34	33
chr7	111643112	111644696	-	34	5
chr7	129499144	129502361	-	34	32
chr7	142654651	142655655	-	34	33
chr7	142667501	142668185	+	34	34
chr7	151442417	151458868	+	34	34
chr7	157308812	157309041	-	34	32
chr8	11877271	11879337	+	34	30
chr8	30038931	30042922	+	34	32
chr8	65592889	65593902	+	34	34
chr8	85302995	85303465	-	34	32
chr8	85304007	85306166	+	34	28
chr8	94006776	94009625	-	34	22
chr8	103394635	103396569	+	34	34
chr8	121571510	121610140	-	34	33
chr8	132773417	132775272	-	34	32
chr8	140635753	140636245	+	34	31
chr9	22568102	22569213	-	34	34
chr9	67573909	67574990	-	34	34
chr9	71986210	71989859	+	34	29
chr9	78293452	78294323	-	34	32
chr9	84022789	84032015	-	34	34
chr9	85891626	85894723	-	34	33
chr9	101830550	101877407	+	34	34
chr9	111810755	111812066	+	34	29
chr9	111943379	111948987	+	34	29
chr9	113148656	113150952	-	34	31
chr9	123934605	123934702	-	34	33
chr9	129464183	129464699	+	34	32
chr10	5763903	5765057	+	34	31
chr10	7120572	7121181	-	34	24
chr10	8084376	8089986	-	34	30
chr10	15169113	15173979	+	34	31
chr10	15432073	15498559	+	34	34
chr10	17731321	17734575	-	34	33
chr10	30181250	30181669	+	34	34
chr10	37906123	37917840	-	34	27
chr10	38065118	38068230	+	34	32
chr10	45608523	45609876	-	34	31
chr10	46866910	46870202	-	34	31
chr10	101609694	101610582	+	34	34
chr10	105389948	105390124	+	34	34
chr10	112858086	112859068	-	34	31
chr10	123312662	123315098	+	34	31
chr10	124004863	124007653	-	34	31
chr10	131896006	131900879	-	34	31
chr11	2925292	2928255	-	34	32
chr11	5962564	5962769	-	34	34
chr11	9333672	9356489	+	34	34
chr11	23310112	23310261	-	34	34
chr11	24452167	24452284	+	34	34
chr11	25141544	25168025	-	34	33
chr11	40053362	40056249	-	34	26
chr11	47584740	47585905	-	34	33
chr11	64204595	64205887	-	34	32
chr11	67547853	67561833	-	34	33
chr11	67549838	67561787	+	34	34
chr11	67655014	67657131	-	34	34
chr11	69735510	69736534	-	34	34
chr11	73947335	73950751	+	34	28
chr11	102024945	102040339	+	34	34
chr11	102247542	102247980	-	34	34
chr11	113657177	113658156	+	34	33
chr11	114488505	114492855	+	34	34
chr11	122881098	122882401	-	34	30
chr12	2942258	2944002	-	34	34
chr12	6733468	6734147	-	34	34
chr12	8479260	8479346	-	34	32
chr12	8541129	8542334	+	34	33
chr12	11364769	11365057	-	34	33
chr12	31260353	31262031	-	34	33
chr12	31808488	31812241	+	34	32
chr12	31842442	31845165	+	34	29
chr12	39462725	39466426	-	34	32
chr12	46167723	46173132	-	34	32
chr12	50824680	50828279	+	34	29
chr12	53628449	53631889	-	34	30
chr12	54222788	54228486	-	34	32
chr12	54906268	54907019	+	34	34
chr12	55892461	55898629	-	34	32
chr12	67323303	67326798	-	34	32
chr12	68579962	68580521	+	34	33
chr12	129001083	129003521	+	34	33
chr13	26537307	26549246	-	34	34
chr13	30672639	30675246	-	34	30
chr13	61632749	61633225	+	34	33
chr13	75280758	75283305	-	34	30
chr13	94549439	94549741	-	34	34
chr13	99177380	99181187	-	34	27
chr13	102541235	102541394	+	34	32
chr14	20082437	20087260	-	34	34
chr14	21998170	22001687	+	34	30
chr14	51280742	51285626	+	34	29
chr14	54420253	54422535	-	34	31
chr14	63368875	63370383	-	34	33
chr14	95698076	95698942	+	34	34
chr14	99087439	99091761	-	34	33
chr14	99301709	99301936	+	34	34
chr14	102912065	102916340	+	34	33
chr14	104062668	104065423	+	34	29
chr15	26082241	26082316	-	34	32
chr15	35178770	35179186	+	34	34
chr15	40402234	40405318	+	34	34
chr15	72748416	72750821	-	34	33
chr16	636701	636810	-	34	34
chr16	18777210	18779226	+	34	33
chr16	24588817	24602575	-	34	34
chr16	29930981	29940157	+	34	33
chr16	31671807	31676810	+	34	33
chr16	33837595	33842383	+	34	31
chr16	35702729	35702859	-	34	34
chr16	47713162	47718085	+	34	32
chr16	67970074	67975656	-	34	28
chr16	69561821	69565061	-	34	30
chr16	75623396	75626306	+	34	33
chr16	79384161	79384665	+	34	34
chr16	84467404	84474642	-	34	32
chr16	85765571	85767322	-	34	33
chr16	85768744	85771751	+	34	33
chr17	6573403	6573853	+	34	33
chr17	8385951	8390644	-	34	33
chr17	19993004	19995868	-	34	33
chr17	21193373	21195191	-	34	32
chr17	28711898	28713381	+	34	30
chr17	29225922	29229118	-	34	27
chr17	36321047	36322146	+	34	33
chr17	40565726	40570768	+	34	32
chr17	43720777	43721860	+	34	33
chr17	49981883	49982830	+	34	33
chr17	58288389	58294255	+	34	29
chr17	81649381	81650186	-	34	31
chr18	2527130	2534753	-	34	28
chr18	20942749	20944137	-	34	32
chr18	25546212	25718228	+	34	32
chr18	35159906	35163401	+	34	31
chr18	46295204	46297399	+	34	29
chr18	47931590	47933796	+	34	31
chr19	980959	982518	+	34	27
chr19	5528145	5542567	-	34	31
chr19	5778831	5780237	-	34	31
chr19	9021124	9051388	-	34	33
chr19	33384752	33385804	-	34	32
chr19	58213877	58215847	+	34	27
chr20	21026679	21038287	+	34	34
chr20	31616079	31623579	+	34	31
chr20	38417438	38418178	+	34	33
chr20	40682456	40685719	-	34	30
chr20	59951001	59954333	-	34	30
chr21	6427498	6427821	+	34	32
chr21	23941640	23941746	-	34	34
chr21	28994536	28995193	-	34	29
chr22	36462761	36465484	-	34	32
chr22	38571226	38574703	+	34	33
chr22	42781257	42784357	+	34	32
chr22	42796068	42796498	-	34	34
chr22	46357369	46360830	+	34	31
chrX	30624524	30625949	+	34	34
chrX	35879092	35890339	-	34	34
chrX	43607573	43621376	+	34	33
chrX	47140596	47141845	+	34	32
chrX	47230001	47232836	+	34	31
chrX	47365795	47369983	+	34	22
chrX	49168775	49171369	+	34	30
chrX	54624491	54635954	-	34	33
chrX	119454587	119461626	-	34	30
chrX	129442455	129442652	+	34	34
chrX	134435424	134441144	-	34	32
GL000008.2	200099	201545	+	34	32
chr1	8890666	8892144	-	33	32
chr1	20621717	20626472	+	33	31
chr1	25201773	25203201	+	33	29
chr1	27093844	27098090	-	33	31
chr1	31247205	31254334	+	33	32
chr1	37080472	37082133	+	33	32
chr1	44843264	44848936	+	33	32
chr1	45315520	45315940	+	33	33
chr1	66401116	66402046	-	33	26
chr1	67068674	67088528	-	33	33
chr1	78557464	78558460	+	33	33
chr1	79654171	79665757	+	33	33
chr1	114551647	114555245	+	33	27
chr1	120894914	120898755	+	33	30
chr1	146061954	146063134	-	33	31
chr1	151459514	151461467	+	33	32
chr1	151467074	151498269	-	33	32
chr1	153653519	153655202	-	33	26
chr1	160363812	160365469	-	33	32
chr1	166837579	166839273	-	33	30
chr1	172666986	172670109	+	33	32
chr1	178656488	178659104	-	33	27
chr1	200507748	200545195	+	33	32
chr1	211728154	211730350	-	33	30
chr1	229559221	229562583	+	33	31
chr2	3581413	3584902	+	33	31
chr2	10516447	10546144	-	33	31
chr2	10540255	10546299	+	33	32
chr2	20232048	20235822	-	33	30
chr2	20679352	20683689	-	33	33
chr2	20872866	20874815	-	33	33
chr2	27187523	27192697	+	33	32
chr2	27244801	27247580	-	33	29
chr2	39245106	39248890	+	33	27
chr2	69827269	69829526	-	33	32
chr2	85911745	85912977	+	33	32
chr2	89194047	89196083	-	33	30
chr2	96102344	96102993	-	33	25
chr2	96159775	96163169	+	33	29
chr2	118117041	118119062	+	33	33
chr2	121312443	121318394	+	33	33
chr2	129685567	129686188	-	33	33
chr2	136123552	136126610	-	33	28
chr2	163090851	163092100	+	33	33
chr2	172660308	172660649	-	33	31
chr2	185975436	185978981	+	33	32
chr2	202344755	202347549	-	33	30
chr2	202371219	202374663	+	33	31
chr2	218212077	218216085	-	33	32
chr2	218875154	218876003	-	33	33
chr2	230622131	230622757	+	33	31
chr2	232346379	232348563	-	33	31
chr2	241771373	241774233	+	33	32
chr3	27484667	27486207	+	33	30
chr3	48512658	48517578	-	33	28
chr3	67342396	67343624	-	33	25
chr3	90272264	90383621	-	33	33
chr3	103031476	103051771	-	33	29
chr3	107818702	107821849	+	33	32
chr3	119569644	119573378	+	33	27
chr3	119677624	119679168	+	33	31
chr3	120322144	120323606	+	33	33
chr3	122323781	122323905	-	33	32
chr3	122347989	122354805	+	33	30
chr3	126324937	126325162	-	33	33
chr3	150470722	150472910	-	33	31
chr3	152776808	152777129	-	33	33
chr3	169772221	169772312	+	33	33
chr3	172624168	172625262	-	33	29
chr3	179493288	179494953	+	33	33
chr3	191399459	191399790	-	33	31
chr4	8627513	8633886	-	33	33
chr4	11046703	11064038	-	33	29
chr4	13246846	13247199	+	33	32
chr4	17198466	17302677	+	33	33
chr4	73938260	73938338	-	33	33
chr4	108633104	108635005	-	33	30
chr4	119092654	119096379	-	33	33
chr4	164905047	164908425	+	33	33
chr4	178692403	178692598	-	33	33
chr5	32175938	32178262	+	33	31
chr5	55561889	55598953	+	33	27
chr5	70005972	70006385	-	33	31
chr5	79515116	79517019	+	33	30
chr5	80886051	80887587	-	33	31
chr5	107363056	107365695	-	33	27
chr5	120119691	120119953	+	33	32
chr5	134752934	134755609	+	33	30
chr5	139473723	139474929	+	33	29
chr5	146183460	146203150	-	33	32
chr5	163501449	163501982	+	33	33
chr5	166632317	166633026	+	33	33
chr5	172741758	172743157	-	33	27
chr5	173035603	173040452	+	33	30
chr5	174014049	174029800	-	33	32
chr5	176659347	176663411	+	33	31
chr5	177352195	177354144	+	33	30
chr5	179042361	179045982	+	33	28
chr5	179549337	179550521	-	33	31
chr6	3060778	3063423	-	33	32
chr6	5889348	5891709	-	33	30
chr6	13746635	13765128	-	33	24
chr6	19966639	19967553	-	33	32
chr6	27186258	27186373	-	33	33
chr6	33525525	33529898	-	33	33
chr6	38163407	38166828	-	33	31
chr6	44096688	44099285	-	33	30
chr6	55083474	55083593	-	33	33
chr6	89353291	89358042	-	33	26
chr7	2555949	2558889	-	33	29
chr7	7616329	7617560	+	33	30
chr7	12245050	12248125	+	33	29
chr7	12703540	12705513	-	33	32
chr7	24062393	24062714	+	33	32
chr7	30188931	30190891	+	33	31
chr7	44588952	44592149	-	33	30
chr7	44712789	44713189	-	33	32
chr7	47948676	47949327	+	33	31
chr7	52262068	52266990	+	33	33
chr7	67365024	67367586	+	33	29
chr7	68549051	68597796	-	33	31
chr7	69441387	69441610	+	33	33
chr7	74961406	74964593	-	33	33
chr7	76506489	76508115	+	33	32
chr7	111707452	111707552	-	33	33
chr7	129081146	129095088	-	33	29
chr7	129795886	129798435	-	33	31
chr7	139315051	139316029	-	33	32
chr7	148984629	148986814	+	33	10
chr7	150132635	150136537	+	33	33
chr8	11869827	11871321	+	33	25
chr8	27589362	27590554	+	33	31
chr8	29329500	29332968	-	33	29
chr8	33354928	33360008	-	33	29
chr8	41917828	41922101	+	33	31
chr8	66614831	66619843	+	33	33
chr8	91494032	91522483	-	33	33
chr8	97171549	97175001	+	33	30
chr8	125398917	125402924	+	33	22
chr8	130474663	130549441	+	33	33
chr8	144444638	144447694	+	33	29
chr9	19460013	19460704	-	33	33
chr9	33084967	33085441	+	33	33
chr9	81839569	81845715	-	33	33
chr9	83571432	83577377	-	33	29
chr9	108171500	108177236	-	33	21
chr9	108210698	108210809	-	33	33
chr9	108748017	108750199	+	33	28
chr9	129540092	129556365	+	33	32
chr9	134241501	134242932	-	33	30
chr9	137075203	137077357	-	33	28
chr10	3849958	3851996	+	33	29
chr10	12856071	12863267	+	33	27
chr10	27602744	27633335	-	33	31
chr10	31971570	31977452	+	33	30
chr10	65465169	65465387	+	33	33
chr10	69070856	69080193	+	33	31
chr10	77930379	77947221	-	33	33
chr10	79340073	79340284	+	33	32
chr10	86400997	86401781	+	33	30
chr10	113922615	113925339	+	33	27
chr10	120915756	120919372	+	33	28
chr10	129773649	129777215	+	33	32
chr11	1337186	1341174	+	33	28
chr11	47416594	47418417	+	33	31
chr11	48657948	48730331	+	33	33
chr11	67072654	67082874	+	33	32
chr11	102303117	102303514	-	33	10
chr11	106339026	106339406	-	33	33
chr11	107261934	107262975	-	33	30
chr11	118697825	118700247	-	33	31
chr11	119118548	119121219	+	33	30
chr12	729315	745783	+	33	30
chr12	1511610	1514223	+	33	26
chr12	4142031	4144385	+	33	31
chr12	11278619	11282252	+	33	31
chr12	11918694	11919360	+	33	32
chr12	17773042	17878640	-	33	33
chr12	22694314	22695892	-	33	31
chr12	25250983	25252598	+	33	32
chr12	27756409	27760599	+	33	32
chr12	45908691	45912977	+	33	31
chr12	53420235	53423203	+	33	33
chr12	68794097	68803860	+	33	32
chr12	71731693	71734856	+	33	32
chr12	101835188	101835295	-	33	33
chr12	107713742	107719497	+	33	32
chr12	113798720	113800949	+	33	31
chr12	121059720	121061658	-	33	29
chr12	122717029	122720913	+	33	32
chr12	124711787	124716014	-	33	31
chr12	128842676	128844324	+	33	27
chr12	132080754	132083471	+	33	31
chr13	21763803	21779070	-	33	33
chr13	39796084	39809367	+	33	31
chr13	88831719	88832668	-	33	33
chr14	23912633	23919534	-	33	29
chr14	49877777	49887236	+	33	28
chr14	58587790	58589058	+	33	30
chr14	93117008	93134305	-	33	33
chr14	94300858	94302484	+	33	31
chr14	99319545	99319730	+	33	33
chr14	104830608	104833785	-	33	31
chr15	50383241	50388384	+	33	28
chr15	50769970	50798542	-	33	33
chr15	55169358	55171286	+	33	29
chr15	63158026	63161903	+	33	28
chr15	68746762	68747544	-	33	33
chr15	101152283	101152480	-	33	33
chr16	3324271	3326487	-	33	31
chr16	4145232	4155144	+	33	31
chr16	15888970	15891432	+	33	29
chr16	23772101	23817450	-	33	27
chr16	28787205	28802739	-	33	31
chr16	30692990	30696898	-	33	32
chr16	30815372	30819376	-	33	31
chr16	46641945	46643217	+	33	31
chr16	50808448	50809477	+	33	32
chr16	50934417	50934677	+	33	33
chr16	56959470	56961891	+	33	28
chr16	57240544	57242134	+	33	32
chr17	445961	447735	+	33	31
chr17	2051165	2053256	+	33	28
chr17	3037787	3041013	-	33	31
chr17	7069135	7073769	-	33	25
chr17	8171823	8172452	+	33	33
chr17	9905790	9910139	-	33	33
chr17	16502664	16515279	-	33	33
chr17	32001072	32003011	+	33	32
chr17	35212215	35215396	+	33	26
chr17	36269040	36272836	+	33	32
chr17	37480152	37483185	+	33	32
chr17	37993473	38001646	+	33	29
chr17	42394393	42398092	-	33	32
chr17	49678659	49680520	+	33	29
chr17	73332221	73333529	+	33	33
chr17	77226534	77238159	+	33	27
chr17	78634639	78638561	-	33	30
chr17	83100067	83100461	+	33	29
chr18	5391432	5391841	+	33	31
chr18	15333357	15378232	+	33	33
chr18	15780714	15781846	+	33	33
chr18	36106078	36107306	-	33	27
chr19	1874083	1874513	+	33	31
chr19	3223092	3224459	-	33	33
chr19	11156470	11160407	+	33	33
chr19	14075256	14079835	+	33	27
chr19	18671940	18675382	+	33	28
chr19	21060196	21063893	-	33	31
chr19	32572698	32574017	+	33	23
chr19	32678441	32683799	+	33	29
chr19	46823449	46823890	-	33	33
chr19	46828608	46832988	-	33	28
chr19	47596485	47598043	+	33	16
chr19	57524757	57527248	-	33	33
chr20	296461	297497	+	33	31
chr20	39435379	39435796	-	33	31
chr20	41317786	41320103	+	33	29
chr20	41388144	41391595	-	33	30
chr20	43817362	43820372	+	33	32
chr20	47488041	47490789	+	33	30
chr20	52021802	52024078	-	33	28
chr20	54751729	54796869	+	33	31
chr20	62082994	62103284	-	33	29
chr21	6470070	6479408	+	33	32
chr21	10407389	10408723	+	33	32
chr21	43405618	43409268	-	33	32
chr22	23784337	23786902	-	33	31
chr22	28770476	28772661	-	33	30
chr22	31662604	31665998	+	33	31
chr22	36240236	36243446	-	33	25
chr22	37776840	37779486	-	33	32
chr22	40754270	40763930	+	33	30
chr22	47501041	47505645	+	33	22
chr22	49848900	49851162	+	33	33
chrX	12945401	12949573	-	33	28
chrX	15864726	15873201	+	33	28
chrX	23479758	23481452	-	33	31
chrX	30473471	30483960	-	33	29
chrX	30732403	30734738	+	33	32
chrX	43980206	43980461	-	33	33
chrX	79448839	79452178	+	33	31
chrX	81033919	81091941	-	33	31
chrX	85852912	85860233	-	33	31
chrX	89483959	89489801	+	33	33
chrX	100506679	100514632	+	33	32
chrX	109571081	109596920	-	33	32
chrX	119751779	119753724	-	33	33
chrX	134450579	134451869	-	33	31
chrX	134854847	134857885	+	33	29
chrX	135040575	135042191	+	33	27
chrX	136638842	136639386	+	33	32
chrX	149587721	149591017	-	33	28
chrX	154573674	154576244	+	33	32
chrY	2211195	2212760	+	33	32
chrY	6100378	6100504	+	33	33
chrY	13203569	13206509	-	33	31
chr1	1892995	1898916	+	32	29
chr1	6395228	6402417	+	32	30
chr1	9521194	9523787	+	32	26
chr1	27212830	27213228	-	32	29
chr1	28769867	28774819	+	32	32
chr1	28778807	28784933	-	32	30
chr1	66374757	66378361	+	32	29
chr1	84585364	84586420	+	32	31
chr1	90904654	90905693	+	32	32
chr1	93371301	93373884	-	32	30
chr1	109076492	109079215	-	32	31
chr1	117109574	117110952	+	32	31
chr1	144410438	144413010	-	32	28
chr1	153646414	153649294	-	32	30
chr1	156296028	156298207	+	32	31
chr1	160790257	160792207	+	32	31
chr1	167036984	167042214	-	32	27
chr1	205764752	205766440	+	32	30
chr1	209859668	209859798	-	32	32
chr1	211552454	211558245	-	32	30
chr1	223883912	223885087	+	32	31
chr1	225802337	225807479	-	32	27
chr1	226611240	226612529	-	32	29
chr1	228378977	228383839	-	32	30
chr1	232786426	232786972	-	32	2
chr1	244279611	244282349	+	32	29
chr1	248875103	248876308	-	32	21
chr2	7192210	7197447	+	32	30
chr2	21187843	21189181	-	32	31
chr2	24064070	24066621	-	32	31
chr2	31818701	31819195	+	32	29
chr2	38608221	38634289	-	32	26
chr2	43999771	44048647	-	32	31
chr2	61773856	61775337	-	32	31
chr2	85909778	85910645	+	32	30
chr2	104167990	104168089	-	32	32
chr2	109630751	109640437	+	32	28
chr2	126554701	126557235	-	32	32
chr2	130145240	130148375	+	32	30
chr2	136120331	136126524	+	32	30
chr2	165850755	165854165	+	32	31
chr2	175592429	175593907	-	32	31
chr2	185628961	185633059	+	32	24
chr2	193093430	193093717	+	32	32
chr2	195253354	195256436	-	32	24
chr2	197566555	197568109	+	32	31
chr2	234307055	234313069	+	32	28
chr2	236560587	236561854	+	32	27
chr3	5033472	5058299	+	32	30
chr3	32959910	32962577	-	32	26
chr3	33476933	33479265	+	32	29
chr3	48741194	48744499	-	32	28
chr3	52810674	52811208	-	32	31
chr3	67948817	67950892	+	32	27
chr3	69167709	69168135	+	32	30
chr3	81304979	81305187	+	32	32
chr3	87492498	87492648	-	32	32
chr3	112521634	112523422	+	32	30
chr3	113713186	113715865	+	32	31
chr3	119818792	119820488	-	32	29
chr3	138844495	138857636	-	32	30
chr3	149122080	149126065	-	32	29
chr3	179342247	179346951	-	32	30
chr3	183480008	183484171	+	32	28
chr4	10428706	10431172	-	32	29
chr4	57506752	57507369	+	32	32
chr4	82349582	82351474	-	32	29
chr4	89115567	89119124	+	32	31
chr4	108435436	108451719	-	32	27
chr4	117273599	117275564	+	32	32
chr4	121662721	121663863	-	32	26
chr4	140619792	140620768	-	32	30
chr4	169881140	169881443	+	32	32
chr4	179043848	179044246	-	32	32
chr5	9991960	10005902	+	32	32
chr5	55097191	55102576	+	32	25
chr5	65484348	65484958	-	32	31
chr5	76402209	76402876	+	32	28
chr5	79332874	79335578	+	32	27
chr5	102104466	102106919	-	32	30
chr5	118818206	118822172	-	32	30
chr5	140613076	140618248	+	32	30
chr5	151009839	151012173	-	32	29
chr5	178198172	178203784	-	32	31
chr6	9362571	9460497	+	32	31
chr6	14246919	14250652	+	32	29
chr6	15213096	15231368	+	32	31
chr6	15241093	15243686	-	32	32
chr6	16172039	16172937	+	32	28
chr6	32574994	32577700	+	32	30
chr6	32687261	32689405	-	32	26
chr6	33240710	33243861	+	32	27
chr6	33418454	33419473	+	32	31
chr6	33831967	33832267	-	32	30
chr6	35107401	35114800	+	32	21
chr6	37562624	37564228	+	32	30
chr6	69670734	69672515	-	32	30
chr6	70970909	70971087	-	32	32
chr6	84120935	84121737	-	32	30
chr6	100198115	100199692	+	32	32
chr6	121707947	121712271	+	32	22
chr6	122396554	122399353	-	32	29
chr6	138793637	138795602	+	32	31
chr6	151359184	151361074	-	32	29
chr6	157978981	157980488	-	32	31
chr7	8859141	8915869	+	32	32
chr7	10113350	10113599	-	32	31
chr7	16733455	16738522	+	32	29
chr7	32910817	32914151	-	32	28
chr7	66612542	66626122	+	32	30
chr7	66915340	66920190	-	32	31
chr7	67382821	67409778	-	32	31
chr7	97182457	97186069	-	32	29
chr7	100670642	100673121	+	32	32
chr7	101811017	101815809	-	32	29
chr7	108575106	108578272	-	32	30
chr7	132780809	132782702	-	32	30
chr7	138403003	138404189	-	32	32
chr7	142687127	142693919	-	32	28
chr7	144435816	144438757	-	32	27
chr7	148941657	148943647	+	32	11
chr7	155788286	155790825	-	32	31
chr8	22669261	22671286	+	32	27
chr8	23239299	23242688	-	32	28
chr8	38099976	38104309	+	32	30
chr8	49790888	49791197	+	32	32
chr8	52591591	52606756	+	32	30
chr8	100958228	100958662	-	32	32
chr8	109142153	109144304	-	32	31
chr9	30951306	30957581	+	32	31
chr9	67332760	67363752	+	32	30
chr9	75282641	75283121	+	32	32
chr9	89521073	89525561	+	32	29
chr9	92115637	92119088	+	32	30
chr9	94467535	94469172	-	32	28
chr9	130144454	130152960	-	32	31
chr10	4958968	4962045	-	32	31
chr10	6141999	6144374	+	32	30
chr10	27660013	27665218	+	32	32
chr10	49285600	49286615	+	32	29
chr10	59907030	59908155	+	32	32
chr10	70189543	70192141	-	32	27
chr10	73435494	73435907	+	32	31
chr10	91161358	91162315	-	32	30
chr10	97719681	97728754	+	32	29
chr10	106197828	106198010	-	32	31
chr10	111032524	111034434	-	32	32
chr10	113404513	113405307	-	32	30
chr10	125776321	125784962	-	32	30
chr10	133373730	133374398	+	32	8
chr11	358776	362001	+	32	28
chr11	765037	767209	-	32	30
chr11	1513359	1517856	-	32	32
chr11	2941614	2942662	+	32	31
chr11	4334036	4334149	-	32	31
chr11	4521327	4522166	+	32	28
chr11	20513660	20516902	+	32	29
chr11	46393187	46396165	-	32	31
chr11	55379290	55379390	+	32	32
chr11	55620051	55621896	-	32	31
chr11	65152593	65158696	-	32	32
chr11	65483610	65486962	-	32	31
chr11	86770187	86770428	-	32	30
chr11	93304342	93304853	-	32	28
chr11	101417566	101418831	-	32	32
chr11	102088005	102106171	-	32	32
chr11	106295652	106295782	+	32	31
chr11	106458406	106458647	+	32	32
chr11	117966151	117967864	+	32	31
chr11	120492764	120494108	-	32	30
chr12	10199009	10202827	+	32	32
chr12	12295547	12318197	-	32	29
chr12	26112161	26114367	-	32	30
chr12	27068693	27069410	-	32	28
chr12	91962646	91967076	-	32	26
chr12	120270318	120276426	+	32	29
chr12	123709069	123712218	-	32	30
chr13	27284616	27323752	-	32	30
chr13	30661045	30663117	+	32	29
chr13	31131892	31133247	+	32	30
chr13	48270740	48272645	+	32	30
chr13	56100760	56182433	-	32	32
chr13	56112439	56118196	+	32	32
chr13	84968064	84973005	-	32	28
chr13	94561954	94564354	-	32	28
chr13	113292973	113297057	-	32	30
chr14	21206901	21207364	-	32	32
chr14	26253005	26254085	-	32	31
chr14	92109652	92116107	-	32	27
chr14	97791265	97792223	+	32	29
chr14	99129282	99132123	-	32	30
chr15	30079210	30081791	+	32	31
chr15	40473527	40474034	-	32	28
chr15	40881196	40887881	-	32	26
chr15	42931343	42936442	+	32	29
chr15	66333931	66336081	-	32	30
chr15	70507315	70511727	+	32	31
chr15	79974714	79978794	-	32	29
chr15	90314516	90323626	+	32	32
chr16	41891	46373	-	32	32
chr16	1933928	1936780	+	32	31
chr16	4604827	4607861	+	32	31
chr16	11641862	11650810	-	32	28
chr16	15344430	15356012	-	32	30
chr16	60663121	60710226	+	32	32
chr16	61258602	61258735	-	32	32
chr16	74369834	74370852	+	32	32
chr16	74369907	74372239	-	32	32
chr16	84046542	84047067	-	32	30
chr17	1756360	1761762	-	32	32
chr17	8200373	8203979	+	32	29
chr17	17281399	17282203	+	32	27
chr17	38270819	38277804	-	32	28
chr17	41575859	41575979	+	32	31
chr17	42995817	42998251	-	32	31
chr17	46760102	46761898	+	32	29
chr17	60666308	60668675	+	32	30
chr17	68192871	68195352	-	32	31
chr17	74418108	74419749	+	32	32
chr17	78208088	78209550	+	32	32
chr17	78847104	78850084	-	32	28
chr17	81009540	81012889	-	32	32
chr18	13819133	13819367	-	32	32
chr18	72024117	72024933	-	32	32
chr18	75078603	75080163	-	32	29
chr19	1379770	1383457	-	32	32
chr19	9055255	9068687	-	32	32
chr19	9408333	9412329	-	32	32
chr19	9409848	9410282	+	32	29
chr19	9675652	9676921	-	32	32
chr19	10521676	10539978	-	32	28
chr19	12724245	12725497	-	32	28
chr19	18814034	18825963	-	32	32
chr19	23150610	23203105	+	32	32
chr19	37725727	37728456	-	32	28
chr19	38234320	38240997	+	32	25
chr19	39477125	39479418	-	32	31
chr19	46834108	46837947	-	32	30
chr19	57763081	57767309	+	32	30
chr20	397786	402515	+	32	31
chr20	2460038	2460962	+	32	30
chr20	5278079	5278196	+	32	30
chr20	13674906	13675388	+	32	30
chr20	33354512	33357948	+	32	30
chr20	44316040	44323693	-	32	32
chr20	58719442	58722023	+	32	29
chr21	5057878	5059099	-	32	32
chr21	6913332	6913443	+	32	32
chr21	7142635	7142989	+	32	29
chr21	15907471	15912049	+	32	30
chr21	43203332	43207689	+	32	29
chr21	44343195	44345102	+	32	32
chr21	44721377	44728511	+	32	31
chr22	19662498	19663164	-	32	31
chr22	23030853	23039552	+	32	23
chr22	23851386	23855005	-	32	30
chr22	24927906	24930397	+	32	31
chr22	44466050	44472115	-	32	28
chr22	47216242	47218239	-	32	30
chrX	775162	961803	-	32	32
chrX	3377272	3439418	+	32	32
chrX	12927542	12930086	+	32	30
chrX	15335667	15337979	+	32	30
chrX	30024055	30024943	-	32	32
chrX	30552861	30555061	+	32	31
chrX	30577792	30579059	+	32	29
chrX	40994355	41008188	-	32	28
chrX	46377369	46378301	-	32	31
chrX	47230781	47232761	-	32	31
chrX	57492184	57499201	+	32	24
chrX	83408862	83487828	+	32	32
chrX	91005930	91093589	-	32	31
chrX	100943473	100946132	+	32	28
chrX	101870954	101873088	-	32	29
chrX	118966434	118966532	-	32	32
chrX	119397208	119397344	-	32	31
chrX	154137165	154138468	+	32	28
chrY	525864	529542	-	32	32
chrY	13194474	13196880	-	32	29
KI270728.1	934474	934813	-	32	30
chr1	1251403	1253847	-	31	30
chr1	20803045	20806238	-	31	29
chr1	22545927	22546374	+	31	28
chr1	24873050	24874543	+	31	29
chr1	25206373	25207657	+	31	25
chr1	26126646	26130429	+	31	29
chr1	28877715	28879327	+	31	22
chr1	81222117	81230465	+	31	31
chr1	92468894	92472307	-	31	31
chr1	111185515	111185900	-	31	31
chr1	114555292	114559234	-	31	26
chr1	117535793	117538866	+	31	30
chr1	144419511	144421042	-	31	30
chr1	148787499	148787802	+	31	30
chr1	151865412	151869747	+	31	30
chr1	173143216	173148175	-	31	24
chr1	174995349	174997458	-	31	29
chr1	178635376	178639473	-	31	28
chr1	181062667	181067228	+	31	27
chr1	184755056	184763212	-	31	27
chr1	202889208	202891047	+	31	30
chr1	205751847	205753433	-	31	29
chr1	206924086	206926226	-	31	28
chr1	211218887	211245344	+	31	31
chr1	211473061	211473462	+	31	31
chr1	211552607	211557435	+	31	29
chr1	226336870	226340219	-	31	30
chr1	231279208	231280681	+	31	30
chr1	232230090	232232947	+	31	31
chr1	235886499	235890144	+	31	30
chr2	7198656	7204869	+	31	29
chr2	7259775	7260853	+	31	29
chr2	18872403	18876354	-	31	31
chr2	25346175	25346923	+	31	31
chr2	25673739	25675276	+	31	29
chr2	31826687	31828523	+	31	30
chr2	55166861	55167294	+	31	31
chr2	60754826	60756082	-	31	27
chr2	62227037	62228809	-	31	31
chr2	69950976	69954244	-	31	29
chr2	84368989	84370379	-	31	31
chr2	88897959	88906913	+	31	21
chr2	96160500	96163939	-	31	30
chr2	98011504	98012661	-	31	19
chr2	109764302	109767238	+	31	29
chr2	112134643	112135341	-	31	29
chr2	127833342	127839532	+	31	31
chr2	131891370	131898611	+	31	31
chr2	135880232	135881672	-	31	29
chr2	149567347	149569627	-	31	31
chr2	169120565	169120805	+	31	31
chr2	185645308	185648522	+	31	28
chr2	202574178	202578549	+	31	28
chr2	222787942	222789485	-	31	26
chr2	224586649	224587181	+	31	29
chr2	227421433	227459902	+	31	29
chr2	230316627	230320765	+	31	29
chr3	1812098	1812333	+	31	31
chr3	9863859	9864076	+	31	30
chr3	27631939	27632916	-	31	26
chr3	32196398	32197396	+	31	31
chr3	38150626	38152753	-	31	28
chr3	40453882	40457209	-	31	29
chr3	43119661	43139698	-	31	29
chr3	52301597	52302639	-	31	31
chr3	75092049	75092888	-	31	31
chr3	84373113	84617375	-	31	30
chr3	95802578	95803152	-	31	31
chr3	101770684	101775602	+	31	25
chr3	119576878	119579087	-	31	27
chr3	119629863	119633525	+	31	27
chr3	125520298	125523434	+	31	29
chr3	132414696	132417002	-	31	30
chr3	136249676	136250194	-	31	29
chr3	143061154	143065813	+	31	31
chr3	150505368	150512401	+	31	24
chr3	154259394	154264791	+	31	30
chr3	155864849	155868389	+	31	25
chr3	170356839	170357278	+	31	25
chr3	172411658	172416560	+	31	28
chr3	172501226	172505191	-	31	30
chr3	176989521	176993989	-	31	26
chr4	9463764	9464296	+	31	30
chr4	11214915	11217777	+	31	27
chr4	13131183	13133323	-	31	30
chr4	26777162	26778729	-	31	31
chr4	38752964	38753398	-	31	25
chr4	43596194	43596627	+	31	31
chr4	49605210	49607329	-	31	31
chr4	61029391	61104590	-	31	31
chr4	77678312	77683863	-	31	28
chr4	89346504	89346672	-	31	31
chr4	94392768	94394193	+	31	31
chr4	112771742	112782127	-	31	30
chr4	113857091	113857245	+	31	29
chr4	117129285	117130342	-	31	31
chr4	124022459	124022618	-	31	30
chr4	133736968	133739022	-	31	31
chr4	156104853	156106132	+	31	30
chr4	180348981	180402373	-	31	31
chr4	184750429	184754586	-	31	28
chr5	1312599	1314098	+	31	31
chr5	35887308	35888871	-	31	30
chr5	40895114	40900604	+	31	28
chr5	70894480	70897393	+	31	29
chr5	76354458	76362825	-	31	29
chr5	101479555	101486044	-	31	27
chr5	118823220	118826593	-	31	30
chr5	124770457	124799813	-	31	30
chr5	134060711	134065955	+	31	29
chr5	140328283	140331675	-	31	23
chr5	143232634	143234078	-	31	30
chr5	158001148	158002135	+	31	31
chr5	172737407	172740656	-	31	25
chr5	178236055	178237359	-	31	29
chr6	27819905	27820737	+	31	28
chr6	29634042	29635288	+	31	28
chr6	32838908	32840323	+	31	30
chr6	41615674	41633001	+	31	31
chr6	42222104	42223978	+	31	28
chr6	42891263	42893546	+	31	29
chr6	47630762	47632951	+	31	29
chr6	76128385	76171566	-	31	30
chr6	89875084	89879356	+	31	29
chr6	107010452	107026615	-	31	31
chr7	800244	801985	-	31	30
chr7	13819167	13819474	+	31	31
chr7	32466350	32466504	+	31	31
chr7	35974300	35974652	+	31	31
chr7	44709475	44712902	+	31	27
chr7	63782730	63786822	+	31	31
chr7	75179567	75179929	-	31	23
chr7	75891659	75896267	-	31	30
chr7	76374703	76384948	-	31	30
chr7	106081529	106083177	+	31	28
chr7	115929912	115934827	-	31	26
chr7	128669952	128671345	-	31	29
chr7	128953446	128954063	+	31	30
chr7	145069278	145069663	-	31	30
chr8	29463168	29463480	-	31	31
chr8	80959623	80961831	+	31	29
chr8	94370446	94371632	+	31	28
chr8	140466837	140469989	+	31	24
chr8	144757601	144760227	-	31	29
chr9	7793218	7796319	+	31	28
chr9	32879001	32882936	-	31	27
chr9	33190798	33213876	+	31	30
chr9	34612800	34613517	+	31	27
chr9	63565225	63566651	-	31	31
chr9	83921527	83923512	+	31	28
chr9	89606786	89609346	+	31	28
chr9	94373301	94374285	-	31	31
chr9	94649759	94660005	+	31	26
chr9	101563704	101566756	-	31	30
chr9	126891189	126903400	+	31	28
chr10	6062664	6063474	+	31	28
chr10	53341532	53360808	+	31	31
chr10	81240994	81360138	+	31	29
chr10	99770579	99771992	+	31	31
chr10	111685259	111685436	-	31	31
chr10	128126636	128127502	+	31	27
chr10	131988925	131993206	-	31	30
chr10	132000398	132001670	-	31	28
chr11	14274483	14277920	+	31	26
chr11	18636355	18641524	+	31	27
chr11	22949525	22955134	+	31	28
chr11	37492358	37661283	-	31	29
chr11	47936431	47960433	+	31	31
chr11	62622277	62624808	-	31	28
chr11	65921605	65922413	-	31	29
chr11	108942121	108943616	+	31	30
chr11	113792290	113792858	+	31	31
chr11	117176904	117178685	-	31	28
chr11	117414536	117416428	+	31	28
chr11	118177933	118179852	-	31	29
chr11	118603097	118604075	-	31	27
chr11	119083160	119084623	+	31	29
chr11	129665138	129669476	-	31	28
chr12	8530491	8533298	-	31	26
chr12	9771944	9776201	+	31	28
chr12	10223227	10224775	+	31	26
chr12	10819264	10824695	-	31	29
chr12	11273524	11275717	+	31	28
chr12	27074354	27076609	+	31	30
chr12	31744491	31749159	-	31	30
chr12	53154515	53155250	+	31	31
chr12	70991253	70991595	-	31	31
chr12	76085269	76087446	+	31	26
chr12	98591907	98592417	-	31	30
chr12	109550614	109552360	+	31	30
chr12	116404639	116425152	+	31	31
chr12	124927203	124928379	-	31	31
chr13	26222847	26225131	+	31	28
chr13	48972373	48974911	-	31	29
chr13	52478184	52479018	-	31	27
chr13	54991022	54991186	+	31	31
chr13	72642408	72642530	+	31	31
chr13	88343009	88351362	-	31	31
chr13	98031811	98054986	-	31	31
chr13	99568974	99571260	+	31	28
chr13	113283784	113285288	-	31	5
chr14	49614720	49618409	+	31	30
chr14	51278816	51282600	-	31	30
chr14	58578919	58580937	-	31	31
chr14	61796492	61801512	+	31	27
chr14	66183394	66188983	-	31	29
chr14	69047481	69050759	+	31	31
chr14	86473911	86475138	+	31	31
chr14	90371571	90374241	-	31	29
chr14	90395277	90396498	-	31	27
chr14	92767430	92770676	-	31	29
chr14	103547878	103548333	-	31	28
chr14	104806843	104809326	-	31	30
chr15	31318324	31322021	+	31	29
chr15	35069574	35076281	-	31	21
chr15	40969796	40971815	+	31	29
chr15	41514188	41516288	+	31	31
chr15	63602447	63603760	-	31	31
chr15	64728277	64731196	+	31	28
chr15	75163697	75165955	-	31	30
chr15	77091880	77093368	-	31	29
chr15	82106188	82106637	+	31	28
chr15	85857332	85939542	+	31	31
chr15	90142428	90157255	+	31	31
chr15	101917980	101918153	+	31	30
chr16	3162493	3177637	-	31	29
chr16	3894999	3908629	+	31	28
chr16	4538838	4543620	+	31	31
chr16	8873589	8875547	-	31	27
chr16	9082958	9083052	+	31	31
chr16	10943086	10944437	+	31	27
chr16	11188776	11191884	+	31	28
chr16	12813634	12818120	-	31	25
chr16	30454737	30458878	-	31	30
chr16	56357995	56361352	-	31	28
chr16	57732833	57734998	-	31	30
chr16	67936891	67939705	+	31	31
chr16	69948552	69949901	+	31	30
chr16	74866818	74869997	+	31	31
chr16	85117245	85121200	-	31	29
chr17	60938	63558	-	31	31
chr17	202203	207797	-	31	28
chr17	1233170	1237550	-	31	31
chr17	19872496	19883526	-	31	29
chr17	21047533	21048662	-	31	30
chr17	30375455	30376001	-	31	31
chr17	31545455	31548747	-	31	30
chr17	36197526	36201005	+	31	27
chr17	38830172	38834967	-	31	22
chr17	44239660	44244255	-	31	27
chr17	49583898	49587158	-	31	27
chr17	57125986	57130996	+	31	29
chr17	63620225	63622312	+	31	27
chr17	64135488	64140381	+	31	31
chr17	67058820	67061264	+	31	30
chr17	67373037	67376009	+	31	25
chr17	68056251	68077326	+	31	26
chr17	78143035	78145812	+	31	29
chr17	81302124	81303232	-	31	30
chr17	81722781	81723673	-	31	31
chr18	2637250	2642882	-	31	29
chr18	2650768	2652133	-	31	29
chr18	9862919	9882111	+	31	27
chr18	27205092	27217535	+	31	31
chr18	50875790	50878187	-	31	30
chr18	65719398	65719588	+	31	30
chr18	75180282	75182868	-	31	28
chr18	77133860	77136014	+	31	26
chr19	1380965	1383195	+	31	30
chr19	1660212	1666705	+	31	30
chr19	2468006	2474529	-	31	28
chr19	3068686	3075226	-	31	28
chr19	4242600	4245817	-	31	29
chr19	6506459	6512192	+	31	31
chr19	8441853	8444498	+	31	28
chr19	11835266	11836174	+	31	31
chr19	12159747	12162575	-	31	29
chr19	12888096	12891029	-	31	30
chr19	12937257	12937990	-	31	26
chr19	21003148	21005336	+	31	29
chr19	21329847	21331587	+	31	31
chr19	35639467	35641660	+	31	28
chr19	52695395	52698979	-	31	29
chr19	57917102	57921521	-	31	28
chr20	313311	316705	-	31	30
chr20	4824241	4829776	-	31	30
chr20	29306827	29310216	+	31	17
chr21	7813934	7815481	-	31	29
chr21	13149487	13161224	+	31	31
chr21	20547613	20548874	+	31	30
chr21	24736809	24739757	+	31	30
chr21	28850267	28850789	-	31	30
chr21	37529366	37533750	+	31	31
chr21	37536581	37538816	+	31	30
chr21	37588134	37589787	+	31	31
chr21	38801647	38805108	-	31	25
chr21	42187264	42187942	-	31	29
chr22	20674418	20684371	-	31	22
chr22	36533530	36535826	+	31	27
chr22	39063279	39065981	+	31	29
chr22	39518345	39519599	-	31	30
chr22	44534979	44551777	-	31	28
chr22	45116201	45127762	-	31	28
chr22	45301949	45306177	+	31	27
chr22	50619972	50622618	+	31	29
chrX	6360051	6360911	-	31	30
chrX	9460377	9462876	-	31	26
chrX	16099132	16102926	+	31	27
chrX	40400273	40407349	-	31	31
chrX	44566825	44584748	+	31	29
chrX	70991670	70998006	-	31	19
chrX	73854387	73866413	+	31	30
chrX	76454550	76457267	+	31	23
chrX	79223178	79226151	-	31	30
chrX	79419855	79424029	-	31	31
chrX	80900870	80903417	+	31	24
chrX	80906693	80911957	+	31	26
chrX	83081750	83087531	-	31	31
chrX	86113476	86114538	-	31	29
chrX	100506678	100514552	-	31	31
chrX	101621767	101622774	-	31	25
chrX	101630098	101633138	-	31	30
chrX	107623598	107627661	-	31	28
chrX	107712053	107713142	+	31	30
chrX	115083303	115085467	-	31	28
chrX	136631472	136636324	-	31	26
chrY	2683231	2688776	-	31	31
chrY	4344780	4344857	-	31	30
chrY	12927098	12929575	-	31	29
chrY	13210846	13213058	+	31	30
KI270713.1	10569	13324	-	31	30
chr1	7782147	7784091	-	30	26
chr1	11547517	11549904	-	30	30
chr1	19274433	19277049	+	30	29
chr1	20518424	20521951	+	30	30
chr1	23842167	23844871	+	30	26
chr1	23930781	23948628	+	30	29
chr1	24491084	24495863	+	30	30
chr1	27656971	27660295	+	30	29
chr1	28089006	28090791	-	30	27
chr1	43162879	43163636	+	30	30
chr1	109503008	109504177	-	30	29
chr1	149367733	149369708	-	30	30
chr1	150766269	150768977	-	30	29
chr1	154632214	154634188	+	30	30
chr1	154994355	154996947	+	30	29
chr1	161133832	161140849	-	30	29
chr1	161178702	161182959	+	30	28
chr1	168207625	168216081	+	30	28
chr1	169462059	169463664	+	30	27
chr1	199977403	200006493	+	30	28
chr1	220665001	220667806	+	30	28
chr1	225967808	225969582	-	30	28
chr1	231014648	231018641	-	30	28
chr2	7084219	7085754	-	30	30
chr2	7217169	7219641	+	30	28
chr2	25220054	25223946	+	30	30
chr2	36117112	36117573	-	30	30
chr2	66392992	66393119	+	30	28
chr2	70328222	70330326	+	30	30
chr2	73874032	73876369	+	30	28
chr2	85668820	85672700	+	30	25
chr2	96858509	96859602	-	30	29
chr2	99537242	99537645	-	30	27
chr2	100558288	100561097	+	30	28
chr2	107106340	107106490	-	30	30
chr2	112997147	112999589	+	30	25
chr2	117338004	117459403	-	30	30
chr2	127835376	127840591	-	30	29
chr2	136237694	136238889	-	30	29
chr2	142284284	142284421	-	30	29
chr2	156320521	156324318	+	30	30
chr2	157364011	157367253	+	30	27
chr2	170967790	170968672	-	30	29
chr2	171489646	171490089	-	30	30
chr2	188915852	188915968	+	30	30
chr2	195322733	195323109	+	30	29
chr2	202590276	202596449	+	30	27
chr2	203312568	203317105	-	30	30
chr2	206108934	206114503	+	30	29
chr2	227818341	227820684	+	30	27
chr2	231667012	231670660	+	30	28
chr2	240025985	240027004	-	30	30
chr3	5219980	5221146	-	30	28
chr3	5221376	5227549	+	30	28
chr3	23787317	23803398	-	30	27
chr3	24089640	24090696	-	30	30
chr3	47013519	47015897	+	30	29
chr3	57753770	57755367	-	30	25
chr3	57989571	58007625	-	30	30
chr3	61489379	61509430	-	30	29
chr3	94135499	94147847	+	30	25
chr3	100476907	100477137	-	30	29
chr3	102071683	102073626	+	30	27
chr3	125215376	125219384	-	30	30
chr3	143074012	143075655	+	30	30
chr3	144057370	144057744	-	30	29
chr3	150510032	150515108	-	30	25
chr3	176975564	176982923	+	30	28
chr3	182991836	182992748	+	30	29
chr3	183694110	183697744	-	30	30
chr3	185054109	185058417	-	30	28
chr3	185938962	185952917	-	30	28
chr3	187079279	187081170	+	30	25
chr4	2263182	2263781	-	30	25
chr4	26785088	26787322	+	30	30
chr4	66999910	67013439	+	30	30
chr4	69663237	69666961	+	30	30
chr4	70624760	70627966	-	30	25
chr4	104448277	104448476	+	30	30
chr4	108639907	108644112	+	30	28
chr4	119092691	119096394	+	30	30
chr4	143489718	143494775	+	30	22
chr4	152931590	152933640	+	30	26
chr4	176356215	176358654	+	30	26
chr5	42079204	42081700	+	30	29
chr5	54574548	54575760	-	30	28
chr5	62822996	62823166	+	30	30
chr5	71568512	71570988	+	30	28
chr5	71660946	71668560	-	30	30
chr5	75269714	75315386	+	30	30
chr5	76757480	76762358	+	30	30
chr5	98725995	98756623	+	30	30
chr5	103985880	103986029	+	30	30
chr5	115914872	115915374	-	30	29
chr5	116848680	116877609	+	30	30
chr5	134516731	134519922	+	30	29
chr5	138349963	138352656	-	30	28
chr5	180742357	180742497	-	30	30
chr6	12165773	12174239	+	30	27
chr6	14140713	14141235	+	30	25
chr6	24646949	24649936	-	30	23
chr6	27602206	27644174	-	30	30
chr6	27868030	27871161	+	30	24
chr6	32697505	32699964	+	30	29
chr6	33017639	33020128	+	30	25
chr6	33612364	33620354	-	30	27
chr6	35101711	35105632	+	30	24
chr6	44381397	44383083	-	30	30
chr6	46147991	46151903	+	30	22
chr6	70213207	70215945	+	30	30
chr6	71562559	71563835	+	30	29
chr6	75727292	75731164	+	30	26
chr6	87707968	87718004	+	30	25
chr6	141714820	141719816	-	30	25
chr7	4970918	4973526	+	30	27
chr7	39617398	39618769	-	30	28
chr7	44372210	44377426	-	30	30
chr7	55433770	55435905	-	30	28
chr7	64965199	64967654	-	30	25
chr7	66074462	66075641	-	30	26
chr7	73746869	73749278	-	30	30
chr7	75300327	75302343	-	30	30
chr7	81788192	81883854	-	30	29
chr7	122960189	122960434	-	30	30
chr7	128688023	128690320	+	30	30
chr7	142573948	142578606	+	30	25
chr7	152708850	152729493	-	30	30
chr7	155794398	155797148	+	30	27
chr8	20437705	20446439	+	30	21
chr8	23176804	23180420	-	30	26
chr8	33196889	33197195	-	30	30
chr8	42078976	42086484	-	30	27
chr8	47765222	47768710	-	30	30
chr8	49705829	49706731	-	30	29
chr8	56218812	56220879	+	30	29
chr8	64952882	64963195	+	30	30
chr8	81698880	81701151	-	30	30
chr8	100154005	100157510	+	30	30
chr8	102565756	102606637	-	30	29
chr8	133750447	133750863	-	30	29
chr9	1569186	1583705	-	30	30
chr9	24224794	24226094	-	30	30
chr9	24869350	24869668	-	30	29
chr9	78291686	78295651	+	30	26
chr9	110865324	110869802	-	30	28
chr9	111675040	111677146	-	30	29
chr9	114604308	114610969	+	30	26
chr9	116411669	116413362	+	30	29
chr9	128337236	128339938	-	30	29
chr9	128451956	128455081	-	30	25
chr9	131740674	131766363	-	30	30
chr9	136102550	136105010	-	30	30
chr10	19010835	19010989	-	30	30
chr10	24723984	24727281	+	30	27
chr10	84125634	84138215	-	30	28
chr10	84518727	84519297	+	30	30
chr10	93482334	93485104	-	30	30
chr10	99565185	99581885	+	30	30
chr10	104488918	104489213	-	30	30
chr10	110287392	110290608	-	30	28
chr10	119707872	119710521	+	30	26
chr11	2925355	2926345	+	30	30
chr11	20385235	20386785	+	30	29
chr11	61492458	61493273	+	30	28
chr11	65783180	65785062	+	30	28
chr11	70201754	70203253	-	30	24
chr11	73769518	73770276	+	30	30
chr11	75250378	75256032	+	30	28
chr11	85686991	85690002	-	30	25
chr12	6475875	6477109	+	30	26
chr12	8478673	8480260	+	30	28
chr12	10694153	10695615	+	30	28
chr12	12725683	12725911	+	30	29
chr12	31358031	31359903	-	30	30
chr12	31833227	31837479	+	30	28
chr12	52004376	52005757	-	30	25
chr12	60896497	61002934	-	30	29
chr12	74546931	74548307	-	30	30
chr12	76021917	76025373	-	30	25
chr12	112517387	112528132	+	30	27
chr12	118434662	118435329	-	30	30
chr12	120433740	120437987	-	30	27
chr12	131851891	131855609	+	30	28
chr13	27038513	27038991	+	30	27
chr13	27484431	27487390	+	30	21
chr13	46757315	46758139	+	30	19
chr13	68337937	68341120	+	30	30
chr13	70225162	70315550	+	30	30
chr13	76865175	76871899	-	30	25
chr13	79296089	79300093	-	30	22
chr13	99402858	99404181	-	30	25
chr13	113369719	113372406	-	30	29
chr14	21135165	21141958	+	30	30
chr14	50705882	50712303	+	30	29
chr14	52990267	52994551	-	30	22
chr14	53024478	53024916	+	30	28
chr14	57447673	57459709	-	30	29
chr14	68796347	68799604	+	30	27
chr14	75474914	75476391	-	30	23
chr14	92172286	92176081	+	30	28
chr14	105676980	105679855	-	30	24
chr14	106390565	106392514	-	30	28
chr15	31314553	31317140	+	30	30
chr15	42924294	42926884	-	30	27
chr15	43355444	43357817	+	30	28
chr15	60127032	60127932	-	30	26
chr15	64829169	64832156	+	30	25
chr15	65520693	65527924	+	30	28
chr15	72238495	72241144	-	30	24
chr15	75132686	75136271	+	30	28
chr15	79927323	79928574	+	30	30
chr16	1136745	1143449	+	30	30
chr16	1994536	1996566	-	30	27
chr16	9158152	9164246	-	30	24
chr16	10847660	10849678	+	30	21
chr16	28214141	28231406	-	30	30
chr16	30400266	30406072	+	30	25
chr16	31869284	31869780	-	30	29
chr16	34200515	34200666	-	30	29
chr16	46449472	46449857	-	30	30
chr16	46980100	46986394	-	30	29
chr16	56951845	56953298	-	30	28
chr16	66987778	66988025	-	30	29
chr17	6831819	6833714	+	30	25
chr17	7296433	7304147	+	30	29
chr17	8977846	9008613	-	30	30
chr17	11062749	11062901	+	30	30
chr17	21053449	21053799	-	30	30
chr17	21273198	21275368	-	30	29
chr17	29242952	29245337	+	30	28
chr17	38931467	38935178	+	30	25
chr17	39886203	39891082	+	30	25
chr17	42525834	42527193	-	30	28
chr17	42751959	42753520	-	30	30
chr17	43002985	43006630	+	30	30
chr17	49950914	49961278	+	30	30
chr17	57699989	57702750	+	30	27
chr17	58281181	58283454	-	30	25
chr17	74839789	74841494	+	30	29
chr17	78376217	78378150	-	30	15
chr17	81815119	81819274	-	30	29
chr18	44679717	44680064	+	30	29
chr18	57622401	57623810	+	30	29
chr19	10713870	10717464	-	30	29
chr19	11531787	11531924	+	30	29
chr19	16697574	16706544	+	30	28
chr19	17596835	17598887	-	30	25
chr19	18045885	18049404	-	30	28
chr19	29698521	29698792	+	30	29
chr19	32679793	32682319	-	30	27
chr19	46218659	46218958	-	30	30
chr19	52744836	52748183	-	30	24
chr19	55470693	55471795	-	30	29
chr19	58398657	58401223	-	30	28
chr20	3245488	3247686	-	30	28
chr20	13712595	13714217	-	30	27
chr20	45888008	45888590	-	30	27
chr20	49921225	49925512	-	30	30
chr20	55902549	55905220	-	30	30
chr20	62384475	62385915	+	30	30
chr21	33497070	33501578	+	30	30
chr21	43988523	43991330	+	30	28
chr22	10778672	10782584	-	30	29
chr22	16881141	16886095	+	30	30
chr22	26394390	26407772	+	30	30
chr22	29838441	29841183	+	30	26
chr22	36424513	36437648	+	30	28
chr22	39696524	39705324	-	30	29
chr22	50801871	50805709	+	30	30
chrX	10013529	10014459	-	30	28
chrX	23697409	23699166	+	30	29
chrX	30532140	30535169	-	30	28
chrX	30620963	30623520	+	30	26
chrX	35410115	35410230	-	30	29
chrX	46054801	46057452	-	30	29
chrX	48582250	48589368	+	30	29
chrX	64879799	64881550	+	30	29
chrX	71576158	71577697	-	30	29
chrX	79299808	79307869	-	30	30
chrX	87119129	87119319	+	30	30
chrX	100280141	100280274	-	30	30
chrX	101196848	101205906	+	30	30
chrX	116184689	116392336	+	30	29
chrX	119221787	119221910	+	30	29
chrX	119462700	119465746	-	30	28
chrX	125785364	125785518	-	30	30
chrX	129777598	129778509	+	30	25
chrX	130196374	130197842	-	30	29
chrX	131671115	131671609	+	30	29
chrX	142809382	142820556	-	30	29
chrX	142852885	142897305	+	30	30
chrX	145258888	145264564	+	30	29
chrY	523050	524605	-	30	29
chrY	9175438	9175583	+	30	29
chrY	21060589	21061483	+	30	27
KI270330.1	11	1584	-	30	25
KI270466.1	246	1209	-	30	30
KI270706.1	136744	142692	+	30	25
KI270707.1	10965	12980	-	30	28
chr1	1442997	1448535	-	29	29
chr1	6394596	6395327	-	29	23
chr1	9587083	9588406	-	29	26
chr1	11928444	11933951	-	29	26
chr1	13522804	13546626	-	29	29
chr1	15606912	15608018	+	29	29
chr1	28139578	28140960	+	29	24
chr1	30726870	30731541	+	29	28
chr1	31074999	31090248	+	29	28
chr1	31610213	31612983	-	29	26
chr1	32287177	32291893	-	29	28
chr1	40150340	40160665	+	29	28
chr1	53147940	53148093	-	29	29
chr1	61733006	61733482	-	29	29
chr1	62453432	62454293	-	29	27
chr1	108705499	108707561	-	29	29
chr1	108963557	108966635	+	29	26
chr1	112780472	112801428	+	29	29
chr1	143724681	143724800	-	29	29
chr1	165625399	165625562	+	29	29
chr1	171777868	171781326	-	29	27
chr1	197495961	197497172	+	29	26
chr1	198546088	198546457	-	29	29
chr1	211454533	211458632	+	29	26
chr1	219280834	219284541	+	29	24
chr1	226024806	226028944	-	29	23
chr1	227526668	227531805	-	29	25
chr1	228620816	228623374	+	29	23
chr1	235080207	235086515	+	29	20
chr1	235517470	235519369	+	29	29
chr1	244912398	244933285	-	29	24
chr2	31819852	31822361	-	29	25
chr2	42433977	42435262	+	29	28
chr2	64629898	64630951	-	29	28
chr2	70303324	70310724	+	29	27
chr2	86436826	86440644	-	29	27
chr2	96403131	96422860	-	29	27
chr2	108691693	108693291	-	29	26
chr2	108701005	108712118	-	29	24
chr2	112255157	112259163	+	29	29
chr2	136320897	136322282	-	29	29
chr2	148643757	148644220	-	29	26
chr2	157118396	157118928	-	29	28
chr2	157718142	157724580	+	29	28
chr2	158779993	158780347	-	29	28
chr2	163320692	163321333	+	29	29
chr2	175045698	175050644	+	29	29
chr2	181426730	181430155	+	29	26
chr2	182681313	182704091	+	29	29
chr2	183234556	183239663	+	29	28
chr2	185906585	185908384	-	29	27
chr2	196824691	196825228	+	29	27
chr2	197329354	197352284	-	29	20
chr2	221852333	221852608	-	29	27
chr3	5242356	5242733	-	29	29
chr3	11782070	11782659	+	29	28
chr3	33442253	33446483	-	29	27
chr3	42239463	42245116	+	29	26
chr3	49265442	49268532	-	29	25
chr3	104343316	104347552	-	29	20
chr3	122048497	122053384	-	29	21
chr3	139875925	139876282	+	29	28
chr3	141926791	141928844	-	29	27
chr3	142291031	142293611	+	29	28
chr3	150470854	150475114	+	29	27
chr3	158883644	158887713	+	29	25
chr3	181867330	181904789	+	29	29
chr3	184203124	184214499	+	29	29
chr3	193716077	193716468	+	29	29
chr4	8160513	8162667	+	29	25
chr4	26435166	26441063	+	29	27
chr4	37713179	37713365	+	29	29
chr4	40275833	40280621	-	29	28
chr4	40302417	40304557	+	29	24
chr4	40408699	40411758	-	29	27
chr4	60467381	60468326	+	29	29
chr4	77041227	77043990	+	29	29
chr4	83171913	83173153	-	29	26
chr4	113761928	113762620	-	29	27
chr4	115183313	115277101	+	29	29
chr4	129309963	129310147	-	29	29
chr4	142018630	142021066	-	29	26
chr4	164479509	164569169	+	29	29
chr4	186180487	186187619	-	29	26
chr4	188276341	188323005	+	29	29
chr5	2436637	2446798	-	29	29
chr5	50223911	50229780	-	29	27
chr5	50621515	50622350	+	29	29
chr5	67200543	67211903	-	29	27
chr5	68302161	68304402	+	29	27
chr5	75024496	75024924	+	29	28
chr5	80095734	80101624	+	29	26
chr5	102118066	102122187	-	29	26
chr5	112047804	112048941	+	29	29
chr5	114675206	114676831	+	29	29
chr5	132857666	132857768	+	29	29
chr5	138450671	138453499	+	29	26
chr5	142241502	142256889	+	29	29
chr5	170086534	170087198	-	29	28
chr5	170227758	170228949	+	29	25
chr5	178599253	178602528	+	29	28
chr5	180224464	180224966	+	29	28
chr6	6030420	6033492	+	29	28
chr6	10629496	10632815	+	29	27
chr6	14238758	14241301	+	29	24
chr6	18102487	18119182	+	29	28
chr6	31513701	31519343	-	29	26
chr6	31521242	31522426	-	29	28
chr6	32138196	32141475	-	29	22
chr6	32867338	32867818	-	29	27
chr6	37626028	37627022	-	29	28
chr6	43034438	43035141	+	29	29
chr6	48712173	48743301	+	29	29
chr6	57749430	57750634	-	29	29
chr6	60945265	60945529	+	29	27
chr6	66304895	66305426	-	29	29
chr6	70590238	70591952	-	29	27
chr6	70642989	70652727	-	29	28
chr6	77614445	77630732	-	29	28
chr6	86572435	86572552	+	29	29
chr6	87401588	87401999	-	29	28
chr6	102813172	102891704	+	29	29
chr6	106668617	106672325	+	29	28
chr6	116633140	116633600	-	29	25
chr6	117722457	117727454	+	29	28
chr6	130504716	130504920	-	29	29
chr6	145964560	145966547	+	29	27
chr6	149434384	149435785	+	29	25
chr6	156571396	156615804	+	29	27
chr6	165121402	165279311	+	29	29
chr7	2492462	2499915	-	29	27
chr7	2494822	2496261	+	29	28
chr7	21515038	21518661	+	29	29
chr7	23704436	23707800	+	29	28
chr7	35944066	35946244	+	29	29
chr7	38273947	38278003	+	29	25
chr7	43808450	43811243	+	29	26
chr7	49454320	49455101	+	29	29
chr7	54740453	54743637	-	29	24
chr7	73785715	73787005	-	29	29
chr7	81009786	81050592	+	29	28
chr7	97779743	97789155	+	29	29
chr7	100703966	100705318	-	29	27
chr7	102681404	102681807	-	29	29
chr7	108583138	108583788	-	29	27
chr7	119205304	119412325	+	29	28
chr7	138300078	138326352	-	29	29
chr7	142310760	142312320	-	29	24
chr7	142453735	142456817	-	29	27
chr7	142606801	142611143	+	29	27
chr7	148964768	148965564	+	29	14
chr7	152895014	152896584	+	29	26
chr8	7690029	7690141	-	29	29
chr8	11839505	11842077	+	29	24
chr8	28759926	28761248	+	29	28
chr8	31177884	31180983	+	29	28
chr8	43394559	43395153	-	29	29
chr8	47738191	47742167	-	29	28
chr8	63266433	63266965	-	29	28
chr8	70017188	70044662	+	29	29
chr8	85318384	85322020	+	29	27
chr8	94480876	94486981	-	29	27
chr8	95160570	95161954	-	29	29
chr8	98344609	98352007	+	29	29
chr8	109176687	109180636	-	29	28
chr9	19382118	19383215	-	29	27
chr9	26596691	26596807	-	29	29
chr9	39590934	39610304	-	29	29
chr9	75194145	75195920	-	29	27
chr9	75202327	75205055	-	29	29
chr9	77686867	77690334	-	29	25
chr9	80289564	80292212	-	29	27
chr9	80520316	80523485	+	29	25
chr9	96678067	96679399	+	29	29
chr9	109344400	109357649	+	29	29
chr9	110239222	110242874	-	29	27
chr9	110848915	110859436	-	29	24
chr9	111682081	111685540	-	29	27
chr9	129756751	129758437	+	29	25
chr9	130239066	130248655	+	29	28
chr9	131239186	131240048	+	29	26
chr9	136781042	136782419	+	29	26
chr9	136877188	136881710	+	29	27
chr10	11416827	11428655	-	29	23
chr10	25749682	25805713	+	29	27
chr10	37751239	37757329	-	29	28
chr10	63078490	63111933	+	29	28
chr10	67854465	67857730	-	29	18
chr10	68947134	68950712	-	29	26
chr10	71851383	71853932	+	29	25
chr10	74710000	74713998	-	29	26
chr10	96720832	96722063	+	29	28
chr10	101562438	101564206	+	29	28
chr10	123313138	123315917	-	29	28
chr10	124912244	124914676	+	29	27
chr10	128403163	128430548	-	29	29
chr11	728267	732885	+	29	24
chr11	2261814	2266936	-	29	27
chr11	42928163	42928878	-	29	28
chr11	46194116	46194305	-	29	29
chr11	55393431	55407324	-	29	29
chr11	62317740	62324441	+	29	28
chr11	62890496	62892499	-	29	25
chr11	65902433	65905624	+	29	27
chr11	65980172	65981229	-	29	27
chr11	85937173	85939636	+	29	7
chr11	86139407	86140152	+	29	22
chr11	88231945	88235424	-	29	27
chr11	94957002	94959457	-	29	26
chr11	95960727	95963217	-	29	28
chr11	111349019	111351986	-	29	25
chr11	119137449	119147360	-	29	29
chr11	121670066	121671035	-	29	27
chr11	124711131	124713829	-	29	26
chr11	128078166	128080038	+	29	24
chr12	4153203	4156255	-	29	27
chr12	7671721	7685399	-	29	28
chr12	9046937	9049958	-	29	29
chr12	11923390	11927188	+	29	25
chr12	19077301	19078598	-	29	28
chr12	32044473	32051345	+	29	28
chr12	47594882	47595525	+	29	27
chr12	50970825	50971690	-	29	29
chr12	51997090	51999130	-	29	27
chr12	53367404	53373077	-	29	28
chr12	55005416	55005873	+	29	29
chr12	55738272	55742231	+	29	29
chr12	56944043	56948038	-	29	23
chr12	68795337	68798671	-	29	27
chr12	94669227	94671012	-	29	28
chr12	94730078	94732606	-	29	29
chr12	103232354	103237511	-	29	26
chr12	104188324	104201080	+	29	28
chr12	107154953	107155051	-	29	27
chr12	108612230	108612756	+	29	29
chr12	116336578	116351685	+	29	28
chr12	120586044	120588457	+	29	26
chr12	120601599	120606062	+	29	24
chr12	120937458	120937582	+	29	29
chr12	121696529	121702567	-	29	29
chr12	131853475	131854004	-	29	25
chr12	132161136	132162751	-	29	27
chr13	18520311	18532941	+	29	29
chr13	20236913	20237012	-	29	29
chr13	40667914	40671747	-	29	26
chr13	41087503	41090255	-	29	29
chr13	41306103	41310575	+	29	28
chr13	48128306	48128880	+	29	26
chr13	60330822	60331199	+	29	28
chr13	72707690	72708226	+	29	29
chr13	74616952	74626898	+	29	29
chr13	86513741	86723823	-	29	29
chr13	113567399	113571606	-	29	24
chr14	20342786	20342972	-	29	27
chr14	21991497	21992597	-	29	18
chr14	43074975	43075060	+	29	29
chr14	50669531	50673072	+	29	29
chr14	65755845	65759700	+	29	26
chr14	74281592	74285004	+	29	28
chr14	74748468	74757166	-	29	26
chr14	86330719	86330904	-	29	29
chr14	88557536	88558740	+	29	28
chr14	92178760	92184564	-	29	29
chr14	101117427	101120448	-	29	26
chr14	105669931	105672272	-	29	29
chr15	20042268	20043359	+	29	27
chr15	32464801	32466080	-	29	28
chr15	49826025	49830447	-	29	23
chr15	66855402	66857515	+	29	28
chr15	66858784	66859711	-	29	29
chr15	70480983	70482422	-	29	25
chr15	74526444	74530162	-	29	29
chr15	74698186	74700858	-	29	29
chr15	74729455	74729830	+	29	29
chr15	89941325	89941459	-	29	29
chr15	90507774	90510020	+	29	29
chr15	101727844	101730872	+	29	23
chr16	2863033	2863951	-	29	29
chr16	8993230	8996516	-	29	29
chr16	10850246	10856496	-	29	25
chr16	14428414	14432849	+	29	27
chr16	15383774	15387217	+	29	29
chr16	20925012	20927956	+	29	27
chr16	24830520	24832946	-	29	25
chr16	25195407	25197866	-	29	25
chr16	28741624	28743828	-	29	29
chr16	28949880	28950780	-	29	26
chr16	31844992	31845092	-	29	29
chr16	49945618	49946035	-	29	28
chr16	56956578	56958052	+	29	24
chr16	58649471	58654145	-	29	29
chr16	59680557	59681638	-	29	29
chr16	70577799	70579429	-	29	29
chr16	79345251	79345755	+	29	29
chr16	84960412	84972672	+	29	29
chr17	14355065	14356943	+	29	27
chr17	17395323	17397159	+	29	20
chr17	28426716	28438013	+	29	28
chr17	29066184	29066575	+	29	28
chr17	40817480	40818100	-	29	29
chr18	2842213	2842600	-	29	29
chr18	10581033	10584098	+	29	25
chr18	27919124	27919314	+	29	28
chr18	35578881	35580891	-	29	27
chr18	49775646	49778792	-	29	27
chr18	54132914	54133453	+	29	29
chr18	60014631	60016704	-	29	29
chr18	66737480	66739308	-	29	28
chr18	78599570	78599726	-	29	29
chr19	669714	672861	+	29	26
chr19	7666523	7667887	+	29	29
chr19	8348444	8354204	-	29	27
chr19	9163761	9174979	-	29	29
chr19	10023743	10032010	+	29	29
chr19	11292487	11294989	-	29	27
chr19	17379911	17386843	-	29	27
chr19	21278683	21283470	+	29	28
chr19	22585398	22585680	-	29	28
chr19	32531838	32561314	+	29	28
chr19	35996572	35998397	+	29	29
chr19	36505236	36508694	+	29	27
chr19	39949727	39958736	-	29	27
chr19	40660875	40665480	-	29	28
chr19	50383420	50384183	+	29	27
chr19	51740493	51745162	+	29	26
chr19	52418825	52425569	-	29	28
chr19	55001357	55003820	-	29	21
chr20	4199419	4205888	+	29	29
chr20	4841109	4844297	-	29	29
chr20	32346340	32352595	-	29	27
chr20	37272165	37281094	-	29	26
chr20	45811956	45812355	-	29	28
chr20	49933156	49936033	-	29	29
chr20	56356790	56356981	+	29	28
chr20	57423086	57425101	+	29	24
chr20	57630431	57637350	+	29	22
chr20	58191156	58201354	+	29	29
chr20	62301528	62302039	-	29	20
chr21	38691107	38691332	+	29	29
chr21	39328193	39335652	+	29	28
chr21	43818284	43819293	-	29	25
chr21	46675389	46676794	-	29	26
chr22	12629354	12630345	+	29	28
chr22	21646710	21650249	+	29	28
chr22	24192291	24194137	-	29	29
chr22	25730144	25734903	+	29	28
chr22	30687585	30693238	-	29	28
chr22	31023799	31038022	+	29	29
chr22	31349322	31350090	-	29	28
chr22	36250620	36251091	+	29	27
chr22	39076160	39076499	+	29	28
chr22	39438657	39442565	-	29	26
chr22	42451310	42458969	+	29	25
chrX	23694969	23699141	-	29	26
chrX	24118934	24123666	+	29	28
chrX	28239239	28358218	+	29	29
chrX	47429449	47432799	+	29	29
chrX	64065526	64069608	-	29	25
chrX	71770684	71773085	-	29	27
chrX	79286193	79287632	-	29	28
chrX	79985379	79987026	-	29	28
chrX	81327954	81329330	-	29	27
chrX	84560493	84561505	+	29	29
chrX	91508982	91525218	+	29	29
chrX	103977679	103978671	+	29	28
chrX	110547867	110605744	+	29	29
chrX	118293254	118293364	-	29	28
chrX	118495579	118495781	+	29	29
chrX	118718149	118721421	-	29	24
chrX	134862203	134863554	-	29	29
chrX	151058143	151167190	-	29	29
chrX	155193544	155193806	+	29	29
chrY	23061383	23061753	+	29	29
GL000208.1	60560	60677	-	29	29
KI270727.1	8656	10269	+	29	26
chr1	1902439	1905987	-	28	27
chr1	9496212	9498018	-	28	26
chr1	23228342	23228682	+	28	28
chr1	23297110	23297732	+	28	27
chr1	34962953	34966054	+	28	25
chr1	119022681	119024238	+	28	28
chr1	144359999	144365352	-	28	28
chr1	147081343	147082336	-	28	25
chr1	149776214	149779605	-	28	21
chr1	150792133	150794839	+	28	26
chr1	151854459	151856546	-	28	28
chr1	153992364	153992682	-	28	25
chr1	154357354	154363617	-	28	26
chr1	183156625	183156952	-	28	28
chr1	211568665	211571361	-	28	26
chr1	211871432	211872228	-	28	27
chr1	223944704	223946458	-	28	28
chr1	224162402	224167464	+	28	26
chr1	226107408	226110528	-	28	28
chr1	227540123	227540532	-	28	28
chr1	230282207	230287770	+	28	26
chr2	9801764	9802436	+	28	24
chr2	18726356	18726779	-	28	26
chr2	18736553	18739742	+	28	27
chr2	18753578	18754055	-	28	27
chr2	24776554	24779935	-	28	27
chr2	27490614	27491830	-	28	28
chr2	31271400	31273076	+	28	28
chr2	45365151	45367846	-	28	22
chr2	55270771	55277213	+	28	27
chr2	55545101	55547238	-	28	28
chr2	60554513	60556472	+	28	23
chr2	72170451	72170759	+	28	28
chr2	73738193	73738862	+	28	26
chr2	85582792	85583616	+	28	27
chr2	97744364	97745599	-	28	28
chr2	98733277	98738002	-	28	26
chr2	109046043	109064299	-	28	28
chr2	126696691	126701988	+	28	27
chr2	130658161	130658347	+	28	28
chr2	131436751	131437799	+	28	28
chr2	132383350	132383764	-	28	27
chr2	135837801	135839509	-	28	26
chr2	143061436	143066891	+	28	22
chr2	159619917	159623535	+	28	26
chr2	169376869	169409634	+	28	27
chr2	172632982	172638227	-	28	26
chr2	174293431	174293577	-	28	28
chr2	195223594	195225290	+	28	26
chr2	195285285	195289949	-	28	25
chr2	206101315	206107850	+	28	28
chr2	214684455	214687163	+	28	26
chr2	215352360	215354420	-	28	25
chr2	231854024	231890649	+	28	28
chr2	234637939	234638194	-	28	28
chr2	237135089	237136674	+	28	26
chr3	13445688	13448474	-	28	26
chr3	15374536	15375327	+	28	27
chr3	32957229	32960067	+	28	24
chr3	37378431	37379683	-	28	28
chr3	52454083	52455088	-	28	24
chr3	67232446	67237087	-	28	25
chr3	78500191	78500705	+	28	27
chr3	84918299	84920026	+	28	28
chr3	90401959	90545437	-	28	28
chr3	121551074	121564793	+	28	28
chr3	121751187	121754874	+	28	26
chr3	121980390	121986077	-	28	17
chr3	122127669	122129370	+	28	27
chr3	154655071	154655311	+	28	26
chr3	169889307	169893715	-	28	28
chr3	179470981	179471184	+	28	28
chr3	188938729	188940368	-	28	27
chr3	194138764	194140248	+	28	24
chr3	196589092	196590001	-	28	25
chr4	93834	99283	+	28	26
chr4	17456791	17459401	-	28	27
chr4	40028657	40032711	-	28	28
chr4	48919375	48922830	-	28	28
chr4	102081158	102081688	+	28	26
chr4	107821047	107824560	-	28	26
chr4	108533018	108537827	-	28	26
chr4	121657659	121661412	-	28	22
chr4	137941579	137941864	+	28	28
chr4	145191935	145196114	+	28	25
chr4	152139401	152140273	+	28	28
chr4	152571462	152577065	-	28	25
chr4	155615387	155616425	+	28	11
chr4	171091367	171091542	+	28	27
chr4	174225121	174228810	-	28	26
chr4	176195714	176196880	+	28	28
chr5	14994931	14998395	-	28	24
chr5	34619153	34624108	+	28	28
chr5	34958969	34964112	+	28	27
chr5	56372229	56373237	+	28	27
chr5	68308204	68309581	+	28	24
chr5	69093401	69093579	+	28	28
chr5	70921831	70924830	+	28	27
chr5	97450116	97450483	-	28	28
chr5	101583142	101583471	+	28	28
chr5	110023040	110027876	+	28	22
chr5	115518563	115520902	+	28	27
chr5	116412780	116415415	+	28	24
chr5	117689392	117689776	-	28	28
chr5	119437297	119442503	+	28	22
chr5	120129921	120132644	-	28	27
chr5	131130366	131135734	-	28	25
chr5	140595236	140596386	-	28	24
chr5	151029103	151029920	-	28	27
chr5	163654626	163664423	+	28	28
chr5	170103115	170105565	+	28	23
chr5	174244752	174244938	+	28	27
chr5	178086924	178088147	-	28	28
chr5	178633986	178653687	-	28	28
chr5	179409593	179409788	+	28	28
chr5	180372571	180373240	+	28	28
chr6	1408263	1408727	+	28	27
chr6	2812549	2817546	-	28	25
chr6	6833326	6869509	+	28	15
chr6	7622683	7624772	+	28	27
chr6	28159951	28161590	+	28	26
chr6	32839025	32840697	-	28	27
chr6	33010128	33013698	-	28	21
chr6	33276525	33277121	-	28	28
chr6	34426299	34428818	+	28	26
chr6	39100698	39101422	+	28	25
chr6	41302877	41303998	+	28	24
chr6	41433373	41436648	-	28	28
chr6	57781218	57782373	+	28	28
chr6	62317103	62347905	+	28	28
chr6	74999908	75011219	+	28	28
chr6	108695676	108697092	+	28	26
chr6	112776693	112818877	+	28	28
chr6	118415499	118417880	-	28	28
chr6	132739201	132743123	+	28	28
chr7	9428717	9441651	+	28	28
chr7	10168477	10170484	+	28	27
chr7	30202536	30204410	+	28	27
chr7	73634554	73640702	+	28	27
chr7	73720127	73721620	-	28	25
chr7	82515932	82557423	+	28	27
chr7	93118060	93129977	-	28	24
chr7	96117314	96117722	+	28	26
chr7	98642355	98648412	+	28	25
chr7	99544149	99546157	-	28	26
chr7	108594279	108595480	-	28	27
chr7	128734342	128738722	-	28	26
chr7	128950113	128953991	-	28	27
chr7	129141903	129142136	-	28	28
chr7	134707583	134710809	-	28	27
chr7	137849070	137850750	-	28	27
chr7	149042477	149046338	+	28	25
chr7	150171875	150172305	-	28	25
chr7	150449340	150450344	+	28	26
chr7	150636818	150639694	+	28	27
chr7	153056835	153100654	+	28	22
chr8	7667986	7668162	+	28	28
chr8	9782874	9783473	+	28	25
chr8	27552540	27557767	+	28	25
chr8	34882550	34882749	-	28	28
chr8	69952465	69966799	+	28	28
chr8	78161333	78161490	+	28	27
chr8	89265869	89322180	+	28	22
chr8	108499558	108503555	-	28	25
chr8	131645644	131687875	+	28	24
chr8	131771658	131773826	+	28	28
chr8	134090453	134090609	+	28	28
chr8	134471935	134474652	-	28	26
chr9	19105943	19108198	-	28	26
chr9	63692383	63692859	+	28	28
chr9	67299797	67312517	+	28	28
chr9	69401383	69402400	-	28	28
chr9	70364485	70366074	-	28	25
chr9	77174126	77176577	-	28	28
chr9	80420001	80421505	-	28	28
chr9	91984413	91984668	+	28	28
chr9	102065247	102150828	-	28	28
chr9	108058453	108059931	+	28	27
chr9	111518678	111521553	-	28	22
chr9	114701967	114703101	-	28	28
chr9	123272025	123291299	+	28	28
chr9	128785825	128787086	-	28	23
chr9	129371965	129372250	+	28	28
chr9	129410731	129413463	+	28	28
chr10	786404	789750	-	28	28
chr10	17240444	17243297	-	28	24
chr10	26961564	26965195	-	28	26
chr10	30129543	30203261	-	28	27
chr10	36127051	36245312	+	28	27
chr10	37898964	37902919	+	28	25
chr10	45602092	45606132	-	28	25
chr10	59768910	59770560	-	28	26
chr10	72969668	72973763	-	28	25
chr10	76590560	76614574	+	28	27
chr10	78056814	78060568	+	28	25
chr10	79616833	79621886	-	28	23
chr10	81307985	81308142	-	28	28
chr10	84326225	84328568	+	28	25
chr10	84524236	84524802	-	28	25
chr10	84889962	84931173	+	28	28
chr10	100690593	100727386	+	28	28
chr10	109853435	109855129	+	28	24
chr10	111296684	111297309	-	28	28
chr10	119088959	119093040	-	28	26
chr11	4138951	4143564	+	28	27
chr11	13271217	13276464	-	28	27
chr11	13555034	13566146	-	28	27
chr11	26885362	26888542	+	28	28
chr11	50144812	50145028	-	28	28
chr11	57830274	57831714	+	28	24
chr11	64181949	64183106	+	28	25
chr11	67093213	67094803	+	28	28
chr11	67286996	67289041	-	28	27
chr11	68681451	68681718	-	28	28
chr11	88205409	88208808	-	28	28
chr11	95965986	95970281	+	28	28
chr11	109118642	109118799	-	28	28
chr11	110480976	110481455	-	28	28
chr11	113725362	113731274	-	28	26
chr11	113791838	113796485	-	28	24
chr11	119200538	119206221	-	28	26
chr12	6130384	6130534	-	28	28
chr12	6136201	6140983	-	28	22
chr12	10192576	10193799	+	28	27
chr12	12354280	12355398	-	28	25
chr12	12656188	12657269	+	28	27
chr12	17268754	17269844	-	28	28
chr12	31378327	31381800	-	28	26
chr12	49284126	49287197	+	28	23
chr12	53416471	53421556	-	28	24
chr12	61458435	61472609	-	28	28
chr12	66112447	66114962	-	28	25
chr12	72707459	72707555	-	28	27
chr12	106202378	106224504	-	28	20
chr12	108737582	108743741	-	28	25
chr12	110080286	110081632	+	28	24
chr12	110789387	110807385	+	28	23
chr12	112025330	112026613	+	28	27
chr12	112109500	112114647	+	28	26
chr12	115937992	115940420	-	28	25
chr12	116286647	116287375	+	28	28
chr12	124939952	124940075	+	28	28
chr12	125064052	125064553	+	28	28
chr12	130784095	130786613	+	28	27
chr12	130910058	130950674	-	28	23
chr13	19598729	19601517	-	28	27
chr13	19894700	19900183	+	28	21
chr13	22854044	22854147	+	28	28
chr13	30775806	30776297	-	28	28
chr13	41091547	41097855	-	28	28
chr13	80246234	80260815	-	28	27
chr13	86772259	86775655	+	28	21
chr13	86953472	86953655	-	28	28
chr13	94652814	94654369	+	28	25
chr13	99086662	99087698	-	28	27
chr13	110874716	110878268	-	28	28
chr14	27975047	28000270	-	28	19
chr14	32214676	32229411	+	28	26
chr14	45483643	45484716	-	28	28
chr14	53021106	53022939	-	28	27
chr14	90353325	90362853	-	28	26
chr14	95405946	95406515	-	28	27
chr14	103059983	103061396	+	28	27
chr14	105941738	105942723	+	28	24
chr15	23746117	23748095	-	28	28
chr15	34080196	34083547	-	28	27
chr15	42721013	42723200	-	28	28
chr15	64734131	64737841	+	28	24
chr15	75668038	75668679	+	28	27
chr15	79817497	79821729	-	28	26
chr16	412668	415633	-	28	27
chr16	1414921	1416001	+	28	28
chr16	1421069	1423739	-	28	27
chr16	8671227	8673482	-	28	27
chr16	8870977	8873175	+	28	27
chr16	11653060	11667953	-	28	24
chr16	21594228	21597080	-	28	22
chr16	23576297	23581012	-	28	25
chr16	25190648	25193463	-	28	27
chr16	29701862	29705058	+	28	26
chr16	29805573	29806090	-	28	27
chr16	30431133	30434990	+	28	24
chr16	31103639	31104953	-	28	27
chr16	31165429	31173021	+	28	27
chr16	31467776	31470153	-	28	28
chr16	32807581	32809431	-	28	28
chr16	35592918	35594055	+	28	27
chr16	46932647	46935649	+	28	25
chr16	67889214	67891951	+	28	27
chr16	69755149	69756252	+	28	26
chr16	74373802	74375971	-	28	28
chr16	88867084	88868618	+	28	27
chr17	5279465	5282255	-	28	26
chr17	5497523	5499124	-	28	27
chr17	6391358	6392424	-	28	28
chr17	21280859	21282641	-	28	27
chr17	49593018	49595866	+	28	27
chr17	49871827	49872889	-	28	26
chr17	57123718	57124976	-	28	23
chr17	66817864	66820531	+	28	25
chr17	67369326	67374462	-	28	27
chr17	80254315	80257219	+	28	27
chr17	82378950	82380766	+	28	26
chr17	83095156	83098323	+	28	27
chr18	9540577	9545100	+	28	24
chr18	12170188	12171181	-	28	28
chr18	14443479	14443613	+	28	28
chr18	15298122	15301084	+	28	28
chr18	30556547	30556664	+	28	27
chr18	35150031	35150406	-	28	23
chr18	35328630	35331985	-	28	22
chr18	51098545	51105629	+	28	28
chr18	51168350	51171020	-	28	25
chr19	396088	396658	+	28	28
chr19	583918	587966	+	28	26
chr19	644373	645894	-	28	25
chr19	4005414	4006876	+	28	27
chr19	4806133	4808428	-	28	27
chr19	7561878	7565877	+	28	27
chr19	9519493	9523146	-	28	27
chr19	10297176	10304378	+	28	25
chr19	11837766	11841214	+	28	27
chr19	11923962	11924463	+	28	24
chr19	12192095	12194481	-	28	28
chr19	21196101	21199384	+	28	26
chr19	23220512	23220987	+	28	28
chr19	35639655	35641574	-	28	27
chr19	38779370	38779820	-	28	28
chr19	38912547	38914701	+	28	26
chr19	39187050	39190397	-	28	27
chr19	42197193	42198592	-	28	23
chr19	48330753	48331928	+	28	26
chr19	51433560	51435080	-	28	28
chr19	52924138	52927110	+	28	27
chr20	738356	750012	+	28	28
chr20	2443021	2446051	-	28	22
chr20	5735512	5741769	+	28	23
chr20	17805661	17805822	-	28	28
chr20	24960004	24962904	-	28	24
chr20	28779517	28791682	-	28	27
chr20	28826557	29035342	-	28	28
chr20	38746504	38748407	-	28	26
chr20	39875334	39875462	+	28	27
chr20	40340358	40341489	+	28	24
chr20	44960426	44962990	+	28	26
chr20	45414951	45416013	-	28	28
chr20	50468829	50470484	-	28	15
chr20	56409461	56411543	+	28	28
chr21	5071923	5073453	-	28	26
chr21	32771859	32771985	+	28	28
chr21	39172446	39173141	-	28	26
chr21	41879595	41881498	+	28	25
chr21	42450503	42452330	-	28	28
chr21	43049212	43050239	-	28	28
chr22	17730898	17733931	+	28	26
chr22	17774786	17777310	+	28	25
chr22	20891709	20893161	+	28	28
chr22	24208203	24212743	+	28	28
chr22	30329252	30331798	+	28	28
chr22	31396734	31399399	-	28	28
chr22	46033740	46036073	-	28	26
chr22	47522351	47579392	-	28	28
chr22	48989416	48990713	-	28	28
chrX	5564669	5566924	+	28	28
chrX	13682435	13685631	+	28	28
chrX	41044704	41044851	-	28	28
chrX	46798050	46809149	+	28	27
chrX	54816084	54819052	+	28	25
chrX	64056685	64062574	-	28	23
chrX	71204372	71205074	-	28	28
chrX	71632841	71645091	+	28	28
chrX	78765591	78765940	+	28	28
chrX	88639789	88639891	-	28	28
chrX	100990925	100992874	-	28	26
chrX	107042241	107048303	-	28	26
chrX	120762611	120773440	-	28	27
chrX	136592574	136595828	-	28	18
chrX	136596998	136622432	-	28	26
chrY	1940026	1943460	+	28	27
chrY	3703708	3704116	-	28	28
chrY	7412951	7414471	-	28	27
chrY	25420659	25421011	+	28	28
GL000195.1	33562	39265	-	28	23
KI270711.1	22287	24638	-	28	28
KI270744.1	40476	43618	+	28	26
chr1	9585249	9588155	+	27	25
chr1	23498672	23502406	-	27	25
chr1	29132375	29133620	+	27	24
chr1	31141610	31154460	-	27	27
chr1	34959985	34963070	-	27	24
chr1	37515202	37517387	+	27	27
chr1	65081582	65081986	+	27	26
chr1	67054282	67055802	+	27	25
chr1	90888948	90889776	+	27	24
chr1	96243208	96246247	-	27	27
chr1	96832505	96832931	-	27	27
chr1	104509567	104615223	+	27	27
chr1	108645058	108648217	-	27	27
chr1	120852481	120855284	-	27	25
chr1	143948299	143951448	-	27	26
chr1	144370309	144371468	-	27	27
chr1	149362703	149363577	-	27	26
chr1	161504210	161505394	-	27	26
chr1	167527777	167528981	-	27	26
chr1	167914293	167916661	-	27	24
chr1	168271428	168273173	+	27	27
chr1	178604259	178607199	-	27	27
chr1	179360488	179365719	-	27	25
chr1	200517139	200518077	-	27	27
chr1	209002233	209078842	+	27	27
chr1	220680015	220680150	-	27	27
chr1	224202214	224205219	-	27	25
chr1	226739698	226740852	+	27	26
chr1	228525228	228525939	-	27	26
chr1	233416774	233417079	+	27	27
chr1	234945283	234949982	+	27	23
chr1	235504487	235507985	-	27	27
chr1	244955008	244966198	+	27	27
chr1	246678491	246682101	+	27	25
chr2	7243562	7244780	-	27	25
chr2	15644286	15644676	-	27	26
chr2	15644588	15648583	+	27	20
chr2	18823652	18824834	+	27	26
chr2	28359661	28363217	+	27	26
chr2	31493982	31502210	+	27	27
chr2	55736555	55736679	-	27	27
chr2	61824132	61824606	-	27	27
chr2	120501342	120501532	+	27	27
chr2	121163765	121174547	-	27	27
chr2	121768817	121771431	-	27	25
chr2	130354463	130355931	-	27	23
chr2	133786695	133833737	+	27	24
chr2	135894161	135895280	-	27	22
chr2	156433853	156435272	-	27	26
chr2	171614494	171614700	+	27	27
chr2	172645032	172647546	+	27	24
chr2	174064586	174068223	+	27	23
chr2	175040640	175042701	+	27	27
chr2	194094590	194106446	-	27	27
chr2	196176548	196179488	+	27	25
chr2	201790026	201790200	-	27	27
chr2	207799115	207800683	+	27	26
chr2	236555397	236556478	+	27	22
chr3	32389850	32391623	-	27	23
chr3	33220468	33263619	-	27	27
chr3	42226069	42228241	-	27	27
chr3	49823206	49825138	+	27	27
chr3	58426755	58427609	+	27	24
chr3	80570171	80594407	+	27	26
chr3	103187440	103187695	+	27	27
chr3	108013360	108017612	+	27	26
chr3	114310573	114314499	+	27	25
chr3	121954614	121956424	-	27	25
chr3	144485606	144486126	-	27	27
chr3	158611432	158620940	-	27	26
chr3	171590490	171593158	-	27	25
chr3	183467102	183472202	-	27	27
chr3	183691671	183693973	+	27	25
chr3	192929196	192931380	-	27	26
chr3	196943704	196946291	-	27	26
chr4	3274394	3276686	-	27	26
chr4	13254510	13255641	-	27	27
chr4	25679457	25685310	-	27	23
chr4	32360643	32360801	-	27	27
chr4	38945914	38951332	+	27	27
chr4	46181994	46185489	+	27	27
chr4	57769682	57770710	+	27	27
chr4	91978908	91981241	+	27	27
chr4	101018417	101018849	+	27	26
chr4	119686125	119686339	+	27	27
chr4	120033484	120033817	+	27	27
chr4	127024812	127026239	+	27	27
chr4	143333962	143336323	-	27	26
chr4	155631080	155663530	-	27	27
chr4	163488841	163489163	+	27	6
chr4	183638129	183638472	+	27	27
chr4	184855949	184857740	-	27	23
chr5	6340110	6343039	-	27	24
chr5	19234556	19251190	+	27	27
chr5	27500611	27500772	-	27	27
chr5	39103909	39105125	+	27	27
chr5	40407441	40410013	+	27	22
chr5	54568830	54569267	-	27	26
chr5	55930710	55934301	-	27	25
chr5	68178037	68179435	+	27	27
chr5	75317282	75319684	-	27	23
chr5	86413654	86413752	-	27	26
chr5	100779322	100782070	+	27	25
chr5	101495026	101496081	+	27	26
chr5	126838950	126841870	+	27	24
chr5	138349977	138352302	+	27	26
chr5	151813098	151819551	+	27	26
chr5	153377657	153474606	-	27	27
chr5	170298235	170300372	-	27	25
chr5	173143204	173144147	+	27	25
chr5	175888182	175889200	+	27	27
chr5	177480023	177482280	+	27	26
chr6	415620	417470	+	27	22
chr6	17211538	17212222	+	27	26
chr6	28234112	28238560	+	27	24
chr6	43165273	43168840	-	27	26
chr6	48901092	48902152	-	27	26
chr6	53203923	53206412	-	27	23
chr6	55685337	55688472	+	27	27
chr6	85781578	85781686	+	27	27
chr6	99351989	99364820	+	27	25
chr6	103066304	103276978	-	27	27
chr6	107146136	107152406	+	27	25
chr6	108026103	108026854	+	27	26
chr7	363592	364412	+	27	11
chr7	1565461	1567290	+	27	23
chr7	2629322	2631822	-	27	24
chr7	4282190	4341184	+	27	27
chr7	8107103	8107523	-	27	27
chr7	44361824	44366487	-	27	26
chr7	45723334	45723704	-	27	25
chr7	51394968	51399535	-	27	27
chr7	55357324	55365331	-	27	24
chr7	67699171	67699416	+	27	27
chr7	77462880	77464166	+	27	12
chr7	77977376	77979299	-	27	25
chr7	96859920	96868492	-	27	27
chr7	100694853	100696975	-	27	26
chr7	128293682	128295710	+	27	27
chr7	135172500	135177207	-	27	25
chr7	141882099	141882472	-	27	27
chr7	142402358	142404926	-	27	22
chr7	142620073	142624503	+	27	24
chr7	142754586	142756676	-	27	26
chr7	152469153	152474957	-	27	18
chr7	157275446	157278095	-	27	25
chr8	31190584	31193519	-	27	26
chr8	52605652	52606592	-	27	27
chr8	54125291	54126463	+	27	26
chr8	65600462	65602263	-	27	27
chr8	65634372	65636674	+	27	25
chr8	66108589	66111565	-	27	18
chr8	85299182	85302779	+	27	24
chr8	94364305	94366604	-	27	25
chr8	97209174	97209278	+	27	27
chr8	109791356	109838204	+	27	27
chr8	117770202	117771453	-	27	22
chr8	124263739	124267772	-	27	23
chr8	133590207	133606084	-	27	27
chr8	143231029	143233135	+	27	27
chr9	181116	185346	-	27	26
chr9	14548691	14551801	-	27	23
chr9	36186439	36189582	-	27	26
chr9	37364108	37368679	-	27	27
chr9	63601124	63602509	-	27	26
chr9	65653225	65655624	+	27	26
chr9	83545215	83546847	+	27	25
chr9	83580289	83586874	-	27	26
chr9	87479385	87481050	-	27	27
chr9	96421162	96428308	+	27	24
chr9	97380838	97383157	+	27	24
chr9	107915660	107915799	-	27	27
chr9	111132888	111135619	-	27	26
chr9	114727865	114754028	-	27	27
chr9	116403178	116407267	-	27	25
chr9	128395182	128396743	+	27	26
chr9	130642611	130642928	-	27	27
chr9	132573535	132576647	-	27	26
chr9	134440638	134442083	+	27	24
chr10	3714245	3714517	+	27	27
chr10	3891759	3896138	-	27	20
chr10	6084275	6086707	+	27	26
chr10	10666692	10666889	+	27	27
chr10	11914110	11919866	-	27	25
chr10	31991965	31999138	+	27	26
chr10	35218818	35219710	+	27	24
chr10	43497197	43499697	+	27	22
chr10	47227316	47231376	+	27	26
chr10	68411072	68413800	-	27	27
chr10	69508077	69508472	+	27	26
chr10	77930514	77948845	+	27	24
chr10	80390537	80390801	-	27	27
chr10	80844309	80889198	+	27	27
chr10	114410751	114414286	-	27	24
chr10	114999095	115000539	+	27	25
chr10	117710014	117710136	-	27	27
chr10	117834765	117838066	-	27	24
chr10	119475688	119477492	-	27	25
chr10	123220438	123224745	+	27	25
chr10	133780363	133782193	+	27	26
chr11	922971	923708	+	27	26
chr11	60099057	60099605	+	27	27
chr11	62021010	62021842	+	27	23
chr11	62683038	62685767	-	27	23
chr11	79901642	79901769	-	27	27
chr11	106022895	106023400	-	27	23
chr11	112023265	112025002	-	27	25
chr11	129896513	129899313	-	27	21
chr11	130048982	130051730	+	27	25
chr12	4002150	4002470	-	27	25
chr12	6400057	6403757	+	27	24
chr12	19764526	19768719	+	27	19
chr12	32662060	32664178	+	27	26
chr12	42075443	42081729	-	27	27
chr12	46102840	46102996	-	27	27
chr12	48866706	48881638	-	27	27
chr12	50321827	50323824	+	27	24
chr12	55733009	55735764	+	27	24
chr12	91969452	91969547	+	27	27
chr12	92593688	92595683	+	27	27
chr12	94145588	94148287	-	27	25
chr12	100025568	100026125	-	27	26
chr12	105399621	105400972	-	27	27
chr12	114790847	114819246	+	27	27
chr12	115930794	115933102	+	27	27
chr12	118489929	118566932	+	27	25
chr12	125047211	125049399	-	27	26
chr13	41305733	41311252	-	27	25
chr13	42037380	42040017	-	27	26
chr13	45666560	45669379	-	27	26
chr13	55966746	55966839	+	27	27
chr13	84637100	84637290	+	27	27
chr13	113269804	113272204	-	27	25
chr14	44709043	44710010	-	27	25
chr14	49313978	49314137	+	27	26
chr14	63665846	63669008	-	27	23
chr14	78115938	78116076	-	27	27
chr14	81452095	81466355	+	27	27
chr14	90425861	90427453	-	27	26
chr14	96967796	96971180	+	27	26
chr14	102731480	102734987	+	27	25
chr14	106644787	106644950	+	27	27
chr15	20030163	20031217	+	27	23
chr15	21186729	21186864	-	27	27
chr15	22479152	22479934	-	27	25
chr15	31299429	31302267	-	27	22
chr15	43684388	43688447	-	27	26
chr15	54809960	54926162	-	27	27
chr15	57326730	57375528	+	27	22
chr15	64789480	64803204	+	27	27
chr15	65301336	65303398	+	27	26
chr15	65313744	65317630	-	27	25
chr15	73648742	73670360	-	27	25
chr15	74759834	74761344	-	27	27
chr15	78434573	78437428	-	27	25
chr15	81005995	81006890	+	27	23
chr16	1969068	1971489	+	27	26
chr16	10483974	10495740	+	27	22
chr16	11193259	11196119	-	27	23
chr16	24828667	24829154	+	27	26
chr16	34744300	34857798	-	27	27
chr16	61351649	61353442	-	27	26
chr16	66929484	66931425	+	27	26
chr16	69964778	69965254	-	27	27
chr16	74858204	74863674	-	27	23
chr17	795889	798477	-	27	27
chr17	5278207	5279777	+	27	26
chr17	7167499	7168999	-	27	27
chr17	10211188	10213296	+	27	26
chr17	17365205	17370437	-	27	27
chr17	31748468	31756341	+	27	27
chr17	35537828	35539489	+	27	25
chr17	37757177	37757674	-	27	27
chr17	38522913	38527747	-	27	27
chr17	40284152	40287698	+	27	26
chr17	44127424	44133202	-	27	25
chr17	64142973	64145182	-	27	23
chr17	67314541	67332817	-	27	26
chr17	67334289	67336954	-	27	27
chr17	76271329	76273946	+	27	26
chr17	76985942	76986126	+	27	27
chr17	79074067	79074708	-	27	26
chr17	80165405	80166317	-	27	27
chr18	10567100	10568246	-	27	25
chr18	25403544	25500648	+	27	27
chr18	35498284	35501026	+	27	24
chr18	45973679	45979389	+	27	24
chr18	56297967	56298081	+	27	27
chr18	67126293	67126540	-	27	27
chr18	74359863	74360002	+	27	27
chr18	76291111	76295730	-	27	23
chr18	76335438	76336984	-	27	23
chr19	3052180	3052882	-	27	27
chr19	6205621	6208955	+	27	25
chr19	6504382	6515034	-	27	25
chr19	8795952	8801276	-	27	20
chr19	10298514	10304390	-	27	24
chr19	12957627	12960299	-	27	25
chr19	21708472	21709092	+	27	27
chr19	33793474	33795891	-	27	23
chr19	43700678	43703034	-	27	25
chr19	44160378	44162307	+	27	26
chr19	45371012	45379455	+	27	26
chr19	46822473	46826572	+	27	26
chr19	47330014	47330330	+	27	27
chr19	54087885	54094472	-	27	26
chr19	54386053	54397406	-	27	24
chr19	55336442	55338404	-	27	26
chr19	55653367	55653592	+	27	27
chr19	57360682	57363218	-	27	27
chr19	57761202	57763894	-	27	27
chr20	404389	407283	+	27	25
chr20	463543	470406	-	27	23
chr20	3049030	3049692	-	27	25
chr20	31450574	31462619	+	27	27
chr20	39042017	39045517	-	27	26
chr20	39431238	39435382	+	27	22
chr20	47364736	47366419	+	27	26
chr20	60708604	60709877	+	27	26
chr20	63581914	63584807	-	27	26
chr20	63939335	63939827	+	27	26
chr20	64046497	64046950	+	27	23
chr21	15907070	15908279	-	27	25
chr21	31115839	31117970	-	27	27
chr21	41358863	41361933	-	27	25
chr21	42963015	42963883	+	27	23
chr21	44280635	44281285	-	27	27
chr22	23338958	23343992	+	27	24
chr22	39075310	39076922	-	27	26
chr22	39302785	39304080	+	27	26
chr22	48040396	48040524	-	27	27
chrX	3146545	3266112	+	27	27
chrX	3752513	3756248	-	27	27
chrX	4711300	4930381	+	27	27
chrX	15967349	15969924	+	27	26
chrX	18868374	18871648	-	27	23
chrX	30980637	30980867	-	27	27
chrX	40572726	40574739	-	27	25
chrX	47808456	47808735	+	27	27
chrX	48132710	48135590	-	27	25
chrX	50905072	50906349	+	27	27
chrX	89476190	89478248	+	27	24
chrX	101533709	101536432	+	27	24
chrX	101878479	101881870	-	27	26
chrX	153441972	153444437	-	27	26
chrY	255629	267250	+	27	26
chrY	13917803	13920024	+	27	27
chrY	21295917	21298658	+	27	23
chrY	21307757	21311187	+	27	23
chrY	21324466	21329362	+	27	16
chrY	56854200	56876183	+	27	27
KI270731.1	12984	17401	+	27	26
chr1	998126	998961	-	26	22
chr1	8886957	8890338	+	26	22
chr1	11732428	11735543	-	26	25
chr1	13232394	13232530	+	26	26
chr1	26174652	26176937	-	26	21
chr1	26590050	26592880	+	26	25
chr1	27353939	27355035	+	26	25
chr1	29126661	29130451	+	26	23
chr1	52017922	52019943	-	26	25
chr1	67475232	67511294	-	26	25
chr1	68285533	68286081	-	26	26
chr1	78540987	78546300	-	26	26
chr1	88906309	88911397	-	26	24
chr1	100294563	100302390	-	26	23
chr1	113759948	113761761	+	26	25
chr1	118639689	118641406	+	26	26
chr1	120903948	120908983	-	26	22
chr1	147084270	147087475	+	26	25
chr1	150265079	150265391	-	26	25
chr1	151251552	151254685	-	26	25
chr1	153389211	153390019	-	26	23
chr1	153726458	153728032	-	26	22
chr1	156178905	156181298	+	26	24
chr1	156295838	156298595	-	26	23
chr1	157118646	157120869	-	26	23
chr1	161363207	161364047	+	26	26
chr1	161728143	161729461	+	26	25
chr1	178984652	178996852	-	26	25
chr1	182834696	182837184	+	26	24
chr1	203352208	203353353	-	26	26
chr1	219353663	219357356	+	26	21
chr1	226425089	226425896	-	26	18
chr1	241949261	241950120	+	26	26
chr2	7224477	7226761	+	26	25
chr2	7749449	7750843	+	26	23
chr2	18770846	18771199	-	26	26
chr2	24005811	24008932	-	26	26
chr2	35706448	35706549	-	26	26
chr2	55158708	55160257	-	26	25
chr2	60200626	60206414	-	26	17
chr2	74496211	74497513	+	26	25
chr2	87998530	88001567	+	26	26
chr2	92878877	92879084	+	26	25
chr2	96330769	96332138	+	26	23
chr2	112580884	112582980	+	26	26
chr2	118117193	118118410	-	26	24
chr2	128069612	128071023	-	26	26
chr2	131919770	131919882	+	26	26
chr2	151289916	151291599	+	26	26
chr2	151769099	151772678	-	26	23
chr2	178139276	178142375	+	26	26
chr2	183852397	183852640	+	26	26
chr2	185626372	185629423	-	26	25
chr2	186024607	186026626	+	26	25
chr2	202605568	202608032	-	26	25
chr2	203806991	203808657	+	26	20
chr2	211224962	211225306	+	26	26
chr2	215441059	215441376	+	26	26
chr2	219364396	219365249	+	26	23
chr2	219367648	219371717	+	26	24
chr2	227844334	227848656	-	26	22
chr2	227936831	227937015	-	26	26
chr3	5236258	5238577	+	26	25
chr3	9606679	9622101	+	26	26
chr3	10163508	10164767	-	26	23
chr3	13421314	13424501	+	26	25
chr3	16514078	16515353	+	26	16
chr3	23997241	23999763	+	26	22
chr3	32993563	32996210	-	26	26
chr3	36983625	36984904	+	26	25
chr3	43069621	43070687	+	26	26
chr3	48511486	48513546	+	26	25
chr3	49261410	49266460	+	26	26
chr3	73078877	73086431	+	26	25
chr3	87635324	87637284	+	26	26
chr3	102533385	102533547	-	26	25
chr3	112589574	112591458	-	26	26
chr3	142579010	142580824	+	26	26
chr3	150500854	150503465	-	26	24
chr3	161256751	161260709	+	26	26
chr3	170354486	170355615	-	26	24
chr3	189421018	189422004	-	26	25
chr3	190511460	190513697	-	26	25
chr3	191603765	191630379	+	26	26
chr3	195552636	195554217	-	26	25
chr3	195990475	195992516	+	26	26
chr4	3536858	3537941	-	26	26
chr4	8622749	8625532	+	26	26
chr4	25103092	25106079	-	26	25
chr4	36836717	36836972	+	26	26
chr4	39032963	39034258	-	26	13
chr4	39674935	39692442	+	26	25
chr4	66650856	66657262	+	26	26
chr4	70698509	70700427	-	26	25
chr4	75441580	75442917	-	26	26
chr4	82176424	82186318	+	26	26
chr4	108042560	108043330	+	26	24
chr4	110872646	110875700	-	26	26
chr4	114704464	114708327	+	26	23
chr4	129160435	129160617	+	26	26
chr4	146537885	146538286	-	26	26
chr4	165015884	165015998	+	26	26
chr4	176372014	176376627	+	26	21
chr4	183325748	183329330	+	26	22
chr4	184358664	184359575	+	26	24
chr4	189468697	189468985	+	26	26
chr5	788261	793898	+	26	23
chr5	1386641	1388840	+	26	26
chr5	6765298	6765632	-	26	25
chr5	17041571	17063932	+	26	26
chr5	23089982	23090216	-	26	26
chr5	27908824	27921914	-	26	26
chr5	32222463	32226595	-	26	24
chr5	34485494	34485599	-	26	26
chr5	50862747	50864224	-	26	25
chr5	51259442	51259570	-	26	24
chr5	56779279	56781809	-	26	24
chr5	57796921	57797219	+	26	26
chr5	72371154	72373579	+	26	26
chr5	77966963	77968966	+	26	25
chr5	79335348	79336065	-	26	25
chr5	137740657	137742091	-	26	26
chr5	157741661	157743693	-	26	26
chr5	157772816	157779005	+	26	23
chr5	157945269	157971199	-	26	26
chr5	168477892	168480515	-	26	26
chr5	178127823	178128822	-	26	24
chr5	179517162	179519623	-	26	25
chr6	13731613	13772070	+	26	26
chr6	18067508	18067715	+	26	26
chr6	20082954	20084864	-	26	25
chr6	20499491	20503753	+	26	24
chr6	24772302	24773015	-	26	25
chr6	28537580	28537812	+	26	24
chr6	33367672	33376602	-	26	23
chr6	34220076	34220765	+	26	25
chr6	41668702	41671282	-	26	19
chr6	46771541	46773347	-	26	23
chr6	48211139	48211261	-	26	26
chr6	50801753	50802503	-	26	26
chr6	53101296	53103485	+	26	25
chr6	53223933	53229395	+	26	25
chr6	53349182	53350105	+	26	25
chr6	57770968	57773592	-	26	24
chr6	84120914	84123214	+	26	23
chr6	110599218	110599611	+	26	24
chr6	112666573	112666778	+	26	26
chr6	117081996	117108138	+	26	26
chr6	127249240	127254062	-	26	23
chr6	134955542	134956631	+	26	25
chr6	141691842	141693099	+	26	24
chr6	143512507	143514053	-	26	24
chr6	147470799	147470965	+	26	26
chr6	149192759	149196171	-	26	23
chr6	170407349	170410206	-	26	26
chr7	10883724	10885771	-	26	25
chr7	20462851	20466675	-	26	20
chr7	20468054	20473237	-	26	16
chr7	23031143	23033914	-	26	26
chr7	27514397	27516000	-	26	25
chr7	48083980	48086280	+	26	26
chr7	65982409	65983006	+	26	25
chr7	70802290	70807187	+	26	21
chr7	72957122	72959436	-	26	23
chr7	73432273	73432936	-	26	21
chr7	75177257	75181490	+	26	25
chr7	76770417	76771242	-	26	22
chr7	80964313	80965903	+	26	24
chr7	104114070	104119455	-	26	22
chr7	107638121	107640984	+	26	24
chr7	115019988	115023804	+	26	23
chr7	117969234	117970536	+	26	26
chr7	140428357	140430536	-	26	25
chr7	142396872	142399141	-	26	21
chr7	142546597	142551176	-	26	23
chr7	149096777	149102498	-	26	22
chr7	150076854	150078899	-	26	23
chr7	151025474	151028416	-	26	23
chr7	151144720	151146968	-	26	24
chr7	152874220	152879062	-	26	26
chr7	157419226	157422929	+	26	24
chr8	305263	305464	-	26	26
chr8	30053081	30055680	+	26	25
chr8	34697894	34698008	+	26	26
chr8	48759671	48759773	+	26	26
chr8	52610293	52612009	+	26	25
chr8	58394700	58397950	-	26	24
chr8	58397357	58398804	+	26	23
chr8	60675879	60678529	-	26	26
chr8	76078816	76080950	+	26	26
chr8	76313825	76313958	+	26	26
chr8	114867628	114867886	-	26	26
chr8	124399342	124412047	+	26	26
chr8	131866053	131868834	-	26	24
chr8	134426556	134429284	-	26	22
chr8	135403935	135404394	-	26	26
chr8	140475500	140492113	+	26	26
chr8	144763427	144765150	+	26	26
chr9	1018760	1018907	+	26	26
chr9	5332389	5334518	-	26	23
chr9	5438629	5442224	+	26	26
chr9	6529187	6532383	-	26	23
chr9	34168396	34169833	-	26	24
chr9	75271072	75272897	+	26	24
chr9	76948477	76948586	+	26	26
chr9	80286559	80287210	-	26	24
chr9	80371638	80373556	-	26	24
chr9	83544209	83545828	-	26	25
chr9	84164215	84226992	-	26	26
chr9	98256983	98261619	+	26	24
chr9	102419887	102420072	+	26	26
chr9	103624368	103624509	+	26	25
chr9	111881924	111889584	+	26	23
chr9	112903552	112905836	+	26	24
chr9	136730403	136732472	+	26	26
chr9	136948237	136948999	+	26	25
chr10	6117656	6119607	-	26	26
chr10	9726147	9726302	-	26	26
chr10	13534913	13535126	+	26	26
chr10	17716938	17721071	+	26	25
chr10	27559724	27561457	-	26	25
chr10	28049751	28050189	+	26	25
chr10	43501449	43503220	+	26	24
chr10	45806717	45812637	-	26	22
chr10	68265426	68273224	+	26	24
chr10	68412753	68413944	+	26	26
chr10	81606042	81606193	-	26	26
chr10	87747747	87749250	+	26	25
chr10	95561752	95593441	+	26	26
chr10	102091172	102093248	+	26	24
chr10	110526739	110529024	+	26	24
chr10	119598657	119602005	+	26	25
chr10	124795657	124796027	-	26	26
chr11	1510783	1511206	-	26	26
chr11	25430084	25430185	+	26	25
chr11	37241619	37302287	-	26	26
chr11	47643039	47648084	+	26	24
chr11	55610162	55610346	-	26	26
chr11	60911566	60912151	-	26	24
chr11	62157776	62162829	+	26	22
chr11	62758995	62761219	-	26	23
chr11	65494076	65496176	+	26	26
chr11	67566927	67583152	+	26	25
chr11	69412478	69412652	+	26	25
chr11	71552727	71553102	-	26	24
chr11	73992450	73994495	+	26	24
chr11	107280264	107282742	+	26	24
chr11	107286485	107287646	+	26	25
chr11	107458250	107459537	+	26	25
chr11	108941691	108942982	-	26	24
chr11	117945618	117955742	-	26	25
chr11	120508642	120508801	+	26	26
chr11	129337341	129356213	-	26	22
chr11	130012322	130018235	+	26	20
chr11	130926690	130926903	+	26	25
chr12	9812177	9814101	-	26	25
chr12	9814760	9815134	+	26	25
chr12	20260435	20260672	+	26	26
chr12	25374223	25378642	+	26	26
chr12	25847204	25870740	-	26	26
chr12	29130595	29135917	-	26	26
chr12	39487674	39489405	+	26	26
chr12	47622962	47624642	-	26	23
chr12	54219394	54224505	+	26	26
chr12	71705555	71707136	+	26	26
chr12	76019984	76024393	+	26	26
chr12	76090222	76093407	+	26	20
chr12	93446716	93447696	-	26	23
chr12	94014282	94029675	-	26	24
chr12	106227864	106229100	+	26	24
chr12	108376335	108379527	+	26	25
chr12	108561495	108562451	-	26	22
chr12	118426026	118429076	+	26	24
chr12	118430930	118435607	+	26	23
chr12	122910680	122920324	-	26	25
chr13	20694457	20699075	+	26	17
chr13	49298228	49302073	+	26	23
chr13	52165545	52166974	+	26	22
chr13	73124320	73124466	+	26	26
chr13	89318250	89359122	+	26	26
chr13	94566161	94568658	-	26	24
chr13	95331265	95335020	+	26	26
chr13	97646268	97646782	-	26	26
chr13	99566813	99567401	+	26	26
chr13	106872674	106877042	+	26	25
chr13	106931898	106933520	-	26	24
chr13	111562045	111562701	-	26	24
chr14	21692697	21693353	+	26	20
chr14	22887955	22892433	-	26	25
chr14	34724395	34731961	-	26	23
chr14	39027735	39031503	+	26	26
chr14	49393084	49395686	+	26	25
chr14	51103117	51110649	-	26	23
chr14	52967243	52972675	-	26	17
chr14	67444620	67446510	-	26	26
chr14	70877443	70877599	+	26	25
chr14	92907723	92909932	-	26	25
chr14	95762159	95763293	+	26	26
chr14	98060232	98067247	-	26	26
chr14	99125490	99127701	-	26	26
chr14	99388067	99388871	-	26	26
chr14	99680729	99683866	-	26	24
chr14	103540410	103545547	+	26	24
chr14	104982932	104985558	+	26	26
chr15	20037919	20039496	+	26	25
chr15	20908049	20908281	+	26	26
chr15	21276039	21277174	-	26	24
chr15	34829946	34832771	-	26	20
chr15	40888901	40894325	-	26	23
chr15	42721246	42723402	+	26	26
chr15	55520386	55520823	+	26	26
chr15	55589933	55592663	+	26	25
chr15	77037475	77041194	-	26	25
chr15	101252160	101253801	+	26	26
chr16	1478837	1481745	+	26	23
chr16	3951320	3953014	-	26	23
chr16	11925666	11927139	+	26	25
chr16	50927622	50927877	-	26	26
chr16	57591708	57596177	+	26	25
chr16	57604356	57607647	+	26	24
chr16	59511626	59512729	+	26	26
chr16	71599361	71616583	+	26	26
chr17	7181351	7186655	-	26	24
chr17	10221637	10222635	+	26	26
chr17	18819768	18830088	-	26	26
chr17	28867069	28871046	-	26	22
chr17	30824885	30826969	+	26	21
chr17	36396285	36403705	-	26	26
chr17	36622068	36623475	+	26	24
chr17	39585293	39589626	-	26	26
chr17	39881979	39886009	-	26	23
chr17	43309757	43312783	-	26	26
chr17	45386580	45387946	-	26	26
chr17	47789456	47806606	+	26	26
chr17	49685961	49687924	+	26	23
chr17	50489666	50492192	-	26	25
chr17	57856619	57860822	-	26	25
chr17	66813800	66818926	-	26	24
chr17	75066607	75072726	+	26	26
chr17	75407102	75407601	-	26	24
chr17	78208938	78211097	-	26	26
chr18	2516912	2524482	+	26	25
chr18	3033828	3038506	+	26	26
chr18	11614661	11619078	+	26	25
chr18	13135554	13139417	+	26	24
chr18	15217237	15218495	-	26	26
chr18	36272204	36273329	+	26	26
chr18	42126893	42131361	+	26	23
chr18	50959461	50960959	+	26	23
chr18	53993656	53996831	-	26	26
chr18	69989042	69990042	-	26	23
chr19	2745085	2748416	-	26	21
chr19	3488473	3489927	+	26	22
chr19	5155429	5158432	-	26	25
chr19	7874555	7878461	+	26	25
chr19	10518105	10518611	-	26	20
chr19	19116166	19119168	+	26	26
chr19	23759584	23762900	-	26	23
chr19	34729197	34733288	-	26	25
chr19	38912259	38914945	-	26	26
chr19	40427339	40429009	+	26	26
chr19	44188570	44193930	+	26	25
chr19	48376421	48381021	+	26	24
chr19	52526022	52527517	-	26	23
chr20	5037589	5043757	+	26	25
chr20	29882211	29883298	+	26	24
chr20	32970269	32972276	-	26	23
chr20	35540471	35542013	-	26	25
chr20	35745240	35748047	-	26	25
chr20	51144772	51159165	+	26	18
chr20	51148691	51159193	-	26	26
chr20	59071701	59071833	+	26	24
chr20	63845410	63846140	+	26	26
chr21	6153698	6156708	+	26	23
chr21	6442257	6444353	+	26	25
chr21	15697319	15701497	+	26	20
chr21	19282077	19282316	+	26	26
chr21	19988741	20091831	+	26	26
chr21	25613927	25625682	+	26	24
chr21	28918071	28922503	-	26	21
chr21	30398050	30398280	-	26	26
chr21	41781779	41783671	-	26	24
chr21	42836479	42839584	-	26	24
chr21	43862781	43865218	+	26	25
chr21	43994723	43995335	+	26	26
chr21	44276991	44279366	-	26	22
chr22	10927294	10931521	-	26	26
chr22	19156777	19160772	-	26	20
chr22	21464283	21466421	-	26	24
chr22	22981244	22981640	+	26	26
chr22	23843113	23844814	+	26	22
chr22	29589483	29593773	-	26	20
chr22	29600173	29603287	-	26	26
chr22	33930919	33970420	-	26	26
chr22	41399404	41401681	+	26	26
chr22	43089502	43093668	+	26	23
chr22	45115648	45122352	+	26	26
chrX	1018402	1104441	+	26	26
chrX	2929419	2930320	+	26	25
chrX	14200048	14200909	-	26	26
chrX	15856421	15859413	+	26	26
chrX	30617953	30618178	+	26	26
chrX	40952737	40983714	-	26	25
chrX	56595117	56601173	-	26	24
chrX	62657606	62658650	-	26	26
chrX	68541099	68545280	+	26	24
chrX	73386607	73387015	+	26	26
chrX	77464117	77481958	-	26	23
chrX	79214209	79216246	-	26	23
chrX	81339952	81344717	-	26	25
chrX	84268589	84296238	-	26	23
chrX	87116862	87118000	+	26	25
chrX	129960463	129975250	+	26	24
chrY	1572100	1573911	+	26	25
chrY	1812500	1830351	+	26	21
chrY	2670607	2671908	-	26	24
chrY	10658325	11008961	-	26	26
chrY	19694682	19696482	-	26	26
chrY	20384451	20385861	-	26	26
chrY	21092296	21097923	+	26	20
KI270710.1	1901	2041	-	26	25
KI270731.1	6615	6968	+	26	26
chr1	1509546	1510700	+	25	25
chr1	7913637	7915836	-	25	21
chr1	9830409	9833572	+	25	25
chr1	15978236	15982366	+	25	23
chr1	16193083	16196153	+	25	22
chr1	21784177	21787438	-	25	25
chr1	22540571	22542262	+	25	23
chr1	22983446	22994666	-	25	25
chr1	23937460	23938632	-	25	24
chr1	25880675	25883288	+	25	23
chr1	27174937	27175813	-	25	25
chr1	32105735	32107513	-	25	25
chr1	38823579	38824059	+	25	25
chr1	41013112	41013927	-	25	25
chr1	45548347	45550396	-	25	25
chr1	48275805	48277635	-	25	21
chr1	53224376	53226509	+	25	24
chr1	79755674	79755952	-	25	25
chr1	79757466	79757622	-	25	25
chr1	80135528	80135647	-	25	24
chr1	108810892	108813307	+	25	23
chr1	110847572	110847780	-	25	24
chr1	114780979	114783037	+	25	21
chr1	115038154	115042511	-	25	23
chr1	156299368	156300279	+	25	24
chr1	173929416	173930718	+	25	25
chr1	188569080	188569177	-	25	25
chr1	191242293	191323983	-	25	24
chr1	191421170	191512541	+	25	25
chr1	197258543	197261224	+	25	20
chr1	208920470	208920632	-	25	25
chr1	212826325	212829930	+	25	24
chr1	228193280	228194625	-	25	25
chr1	235653369	235653853	+	25	25
chr1	245740654	245741582	+	25	20
chr1	247880147	247884073	+	25	24
chr2	3154645	3156419	-	25	23
chr2	6899690	6904925	-	25	23
chr2	10211935	10214576	+	25	18
chr2	25225648	25226893	+	25	25
chr2	31275002	31275441	+	25	23
chr2	54694777	54707482	-	25	24
chr2	60805209	60805607	-	25	24
chr2	64369144	64390934	-	25	23
chr2	70307384	70335977	-	25	25
chr2	75036885	75041997	+	25	23
chr2	85316679	85318015	-	25	23
chr2	86197405	86199344	-	25	24
chr2	86782396	86784550	-	25	24
chr2	87023150	87026388	+	25	25
chr2	88025034	88026582	-	25	23
chr2	88494098	88494300	+	25	25
chr2	89241521	89242014	-	25	24
chr2	105114943	105116390	+	25	23
chr2	112349890	112352789	-	25	21
chr2	130347979	130352885	+	25	25
chr2	138066075	138070332	-	25	20
chr2	142843765	142847381	-	25	19
chr2	152893539	153042240	+	25	24
chr2	157097472	157097589	-	25	23
chr2	172646770	172647272	-	25	25
chr2	176002843	176007873	+	25	21
chr2	195349094	195349483	+	25	24
chr2	195443757	195448474	-	25	20
chr2	197386035	197388375	-	25	24
chr2	206319401	206322941	+	25	24
chr2	207817745	207821287	-	25	24
chr2	214689487	214693176	+	25	20
chr2	227819793	227830377	-	25	24
chr2	239840137	239846404	-	25	18
chr3	3628937	3632410	-	25	25
chr3	3671385	3673319	-	25	25
chr3	15099203	15106376	+	25	24
chr3	23591983	23593793	+	25	25
chr3	32370889	32371940	-	25	24
chr3	33494927	33495484	+	25	25
chr3	53266590	53269766	+	25	23
chr3	53903295	53903436	-	25	25
chr3	67014474	67017839	+	25	21
chr3	72745203	72747174	-	25	23
chr3	96000050	96164015	+	25	25
chr3	101594591	101595618	-	25	23
chr3	105005064	105102471	+	25	25
chr3	118852059	118854879	+	25	19
chr3	122731180	122733098	-	25	21
chr3	128691430	128693463	+	25	24
chr3	130006308	130006539	-	25	25
chr3	130203879	130208505	+	25	23
chr3	134436290	134436452	+	25	24
chr3	138838107	138842113	-	25	25
chr3	145919133	145933751	+	25	25
chr3	149127104	149129547	-	25	24
chr3	152529175	152530354	-	25	25
chr3	155957870	155960522	+	25	23
chr3	157708189	157708490	+	25	25
chr3	160486902	160489583	+	25	24
chr3	170033080	170037444	-	25	23
chr3	191831119	191831520	+	25	25
chr3	194683490	194685833	-	25	23
chr4	6676802	6680415	-	25	22
chr4	6705673	6707194	+	25	22
chr4	25743722	25746362	+	25	24
chr4	26771244	26773640	-	25	24
chr4	36779067	36779244	+	25	24
chr4	38947571	38949405	-	25	17
chr4	40276144	40279817	+	25	24
chr4	43695657	43696680	+	25	25
chr4	57716205	57718345	+	25	25
chr4	64704244	64704339	+	25	25
chr4	79887320	79891214	-	25	20
chr4	83152296	83156008	+	25	25
chr4	83254378	83256778	+	25	25
chr4	102772608	102773876	-	25	23
chr4	105130906	105137054	-	25	22
chr4	108668192	108669153	-	25	25
chr4	110203622	110205048	+	25	25
chr4	151029253	151032697	+	25	21
chr4	152301415	152307987	-	25	24
chr4	153115196	153117190	+	25	20
chr4	154550620	154552752	+	25	21
chr4	158750062	158750160	-	25	25
chr4	162482249	162482419	+	25	25
chr4	184354500	184356095	+	25	24
chr4	184860501	184862026	+	25	17
chr5	13420753	13549510	-	25	25
chr5	14532199	14534199	-	25	23
chr5	17276844	17278566	+	25	20
chr5	32179294	32193002	+	25	24
chr5	39597274	39608734	-	25	24
chr5	53188875	53189123	-	25	25
chr5	55601183	55604170	-	25	23
chr5	57278837	57282555	+	25	22
chr5	61556235	61557774	+	25	22
chr5	62303285	62305981	-	25	23
chr5	76982857	76984176	-	25	24
chr5	80108916	80109741	+	25	23
chr5	86755249	86775379	-	25	25
chr5	91326560	91346777	+	25	24
chr5	101647946	101721212	+	25	23
chr5	101914994	101920443	-	25	23
chr5	113596595	113599974	+	25	24
chr5	117358984	117362348	-	25	24
chr5	130628762	130629800	-	25	25
chr5	138229864	138240296	+	25	25
chr5	151013726	151015951	-	25	24
chr5	156899732	156902564	+	25	24
chr5	178889117	178891954	-	25	21
chr5	179460577	179474837	-	25	25
chr6	2652994	2653186	+	25	25
chr6	6898595	6898703	-	25	25
chr6	12006631	12007662	-	25	23
chr6	17611743	17614434	+	25	23
chr6	19862570	19862690	+	25	25
chr6	23701414	23702403	+	25	25
chr6	23805321	23807150	+	25	25
chr6	26608327	26611117	+	25	20
chr6	27231442	27233133	+	25	25
chr6	28866317	28869539	+	25	25
chr6	32809110	32811039	+	25	24
chr6	34210031	34216787	-	25	23
chr6	34697690	34698990	+	25	23
chr6	37157944	37161115	-	25	21
chr6	37563440	37566211	-	25	21
chr6	38154639	38158167	-	25	22
chr6	42219819	42223996	-	25	23
chr6	42472500	42489497	-	25	25
chr6	80572525	80573249	-	25	24
chr6	86171331	86212728	+	25	25
chr6	87760551	87771088	-	25	24
chr6	89033958	89036806	+	25	24
chr6	94888804	94889551	-	25	25
chr6	105979761	105981537	-	25	10
chr6	115180952	115181200	+	25	24
chr6	127702333	127704883	+	25	24
chr6	142961521	142963407	+	25	23
chr6	147391107	147396786	+	25	24
chr6	153789661	153839578	+	25	24
chr6	153855658	153904708	+	25	25
chr6	158952968	158954862	-	25	23
chr6	170422059	170423745	+	25	23
chr7	281958	284054	+	25	23
chr7	896691	897630	+	25	25
chr7	2382596	2383513	-	25	24
chr7	5563958	5567431	-	25	16
chr7	6366338	6367519	+	25	25
chr7	9203198	9465198	-	25	25
chr7	10241958	10242081	-	25	25
chr7	21384187	21392791	-	25	25
chr7	22391887	22392291	+	25	25
chr7	24981765	24984007	+	25	23
chr7	38691095	38694088	-	25	23
chr7	42883183	42885211	-	25	23
chr7	43743736	43747529	-	25	23
chr7	44490743	44492986	+	25	23
chr7	50430640	50434554	-	25	19
chr7	56760481	56797003	+	25	23
chr7	60993851	60995678	+	25	25
chr7	73583279	73592684	+	25	25
chr7	73675837	73679208	+	25	24
chr7	76793307	76795744	-	25	23
chr7	86865009	86867664	-	25	23
chr7	96893586	96893749	-	25	24
chr7	98062753	98105210	+	25	24
chr7	100128852	100130822	-	25	25
chr7	106112589	106115992	+	25	25
chr7	123346263	123346477	+	25	25
chr7	130155571	130158860	+	25	25
chr7	142545144	142547978	+	25	24
chr7	142616476	142618605	+	25	21
chr7	142667978	142670427	-	25	21
chr7	148894623	148900658	+	25	23
chr7	149095231	149095590	-	25	24
chr7	150528954	150533422	-	25	24
chr7	150785419	150787112	+	25	18
chr7	152443176	152444724	+	25	22
chr7	157331764	157335359	-	25	23
chr8	18037931	18041170	+	25	23
chr8	22672612	22673549	+	25	22
chr8	65843801	65844943	+	25	25
chr8	75980563	75980882	-	25	25
chr8	76056330	76056578	+	25	25
chr8	76943106	76945737	-	25	18
chr8	81140433	81142210	+	25	25
chr8	84978196	84979453	-	25	24
chr8	98047761	98050120	+	25	22
chr8	100664416	100664764	-	25	12
chr8	107560841	107560946	-	25	25
chr8	110764246	110764509	+	25	25
chr8	119159452	119159682	-	25	24
chr8	130029993	130032484	-	25	24
chr8	132013647	132013906	+	25	25
chr8	134412548	134414693	-	25	21
chr8	140488171	140489768	-	25	25
chr8	143276959	143280096	+	25	24
chr8	144788718	144789757	-	25	25
chr9	6025464	6028707	+	25	24
chr9	15393708	15395136	+	25	25
chr9	20209508	20210745	-	25	25
chr9	24924666	24924886	+	25	25
chr9	26837806	26840545	-	25	23
chr9	35692931	35695496	+	25	24
chr9	38725733	38726694	-	25	25
chr9	63650952	63655189	-	25	24
chr9	63819341	63823840	-	25	24
chr9	75180486	75181230	-	25	25
chr9	75183528	75187546	-	25	23
chr9	80346202	80347470	-	25	25
chr9	89528277	89541623	+	25	23
chr9	94111620	94113836	+	25	24
chr9	96814451	96815350	+	25	24
chr9	107906688	107906916	-	25	25
chr9	108624227	108625829	+	25	24
chr9	113056882	113057664	+	25	22
chr9	127420192	127422284	+	25	22
chr9	128336652	128340296	+	25	24
chr9	129518963	129535343	-	25	22
chr9	136638642	136639944	-	25	25
chr10	2274779	2275052	+	25	25
chr10	3853019	3854250	+	25	25
chr10	8136006	8138590	-	25	23
chr10	8975823	8976226	+	25	22
chr10	17484945	17500218	+	25	25
chr10	22155305	22155419	-	25	25
chr10	22245911	22247030	-	25	10
chr10	27545201	27547233	-	25	24
chr10	32087700	32092953	-	25	24
chr10	34818106	34860326	+	25	25
chr10	34836770	34859005	-	25	25
chr10	46679633	46680807	-	25	25
chr10	47741149	47743119	+	25	25
chr10	62808685	62811099	+	25	25
chr10	73106987	73109723	+	25	25
chr10	75187651	75188329	-	25	25
chr10	88263497	88265719	-	25	24
chr10	92655981	92659495	-	25	25
chr10	102058468	102063875	+	25	25
chr10	102384063	102385821	+	25	23
chr10	103592623	103594020	+	25	22
chr10	111672432	111672540	-	25	23
chr10	114980578	114981050	-	25	25
chr10	123170947	123174422	+	25	23
chr10	133277395	133278632	-	25	24
chr11	1212632	1212995	+	25	25
chr11	13749505	13754761	+	25	19
chr11	44559861	44560372	+	25	12
chr11	46594628	46597428	-	25	24
chr11	56755738	56755872	-	25	24
chr11	57522884	57526370	+	25	25
chr11	58481492	58484681	-	25	23
chr11	64723562	64726887	-	25	24
chr11	67086428	67087796	+	25	19
chr11	68874964	68878768	+	25	24
chr11	98785100	98785249	-	25	25
chr11	107298315	107299579	+	25	25
chr11	110492848	110495801	+	25	23
chr11	113712576	113713995	-	25	23
chr11	113794471	113796668	+	25	22
chr11	119119586	119121042	-	25	23
chr11	129585244	129587642	-	25	25
chr11	130145146	130149491	+	25	23
chr12	6647626	6650273	-	25	25
chr12	8055756	8056828	+	25	25
chr12	22692752	22695504	+	25	25
chr12	42788458	42788601	+	25	25
chr12	47634840	47636171	-	25	25
chr12	48633176	48635939	-	25	25
chr12	49528892	49530679	+	25	22
chr12	53626412	53628967	+	25	21
chr12	56506933	56507578	-	25	21
chr12	83675319	83676529	+	25	25
chr12	84592110	84593209	+	25	24
chr12	87699290	87699443	-	25	25
chr12	94682765	94687201	-	25	24
chr12	110363064	110365172	-	25	25
chr12	117194570	117207106	-	25	25
chr12	129058473	129060917	-	25	25
chr12	131145973	131146234	-	25	25
chr13	20723320	20724966	+	25	24
chr13	20723661	20725839	-	25	24
chr13	21150666	21152166	-	25	25
chr13	41113314	41115944	-	25	23
chr13	42877717	42879730	+	25	25
chr13	76065140	76065276	-	25	24
chr13	96053579	96054235	+	25	20
chr13	109734475	109734916	+	25	21
chr14	19947073	19947271	+	25	25
chr14	21270030	21274396	+	25	24
chr14	21895031	21895302	+	25	22
chr14	23335178	23337411	+	25	24
chr14	40455470	40455682	+	25	25
chr14	44921507	44924180	-	25	25
chr14	58604827	58606415	+	25	23
chr14	59581504	59581921	+	25	21
chr14	68839993	68841080	+	25	22
chr14	83222550	83229483	-	25	25
chr14	85021423	85021708	-	25	25
chr14	88942527	88942733	+	25	25
chr14	103076940	103077881	-	25	25
chr15	20057480	20063438	+	25	21
chr15	20152824	20153339	+	25	25
chr15	45694202	45695320	-	25	24
chr15	52305877	52306174	+	25	24
chr15	62116408	62117353	-	25	14
chr15	72237628	72240339	+	25	23
chr16	2021137	2024942	-	25	23
chr16	8976174	8980639	+	25	21
chr16	17589967	17592072	-	25	17
chr16	19554618	19555237	-	25	23
chr16	21215766	21215953	-	25	24
chr16	25028449	25031475	-	25	23
chr16	29701125	29701757	-	25	23
chr16	30459319	30467550	+	25	25
chr16	30566631	30569187	+	25	25
chr16	46653250	46656130	+	25	24
chr16	57243167	57245242	+	25	24
chr16	62488483	62489611	-	25	25
chr16	72234006	72236269	-	25	21
chr16	79372141	79374638	-	25	20
chr16	81406485	81418841	-	25	23
chr17	2028865	2029795	+	25	23
chr17	4709157	4709635	+	25	22
chr17	7543530	7548421	+	25	22
chr17	8119471	8120417	-	25	23
chr17	38075282	38076289	-	25	25
chr17	38412649	38412930	-	25	25
chr17	40358148	40359376	-	25	24
chr17	40367356	40368830	+	25	25
chr17	42915354	42928541	-	25	25
chr17	42944432	42950267	-	25	22
chr17	59328372	59331625	-	25	24
chr17	60174116	60175981	+	25	24
chr17	62891935	62893976	-	25	23
chr17	64997859	65000500	-	25	24
chr17	67795126	67796457	+	25	25
chr17	76503884	76504718	-	25	24
chr17	78598502	78600115	-	25	23
chr17	81295652	81299428	+	25	24
chr17	82098351	82101313	-	25	23
chr17	82284102	82286717	+	25	21
chr17	82650689	82654604	+	25	24
chr18	23674511	23680262	-	25	25
chr18	28550452	28550616	-	25	23
chr18	37829929	37831453	-	25	25
chr18	46074149	46079033	+	25	25
chr18	54063489	54064632	+	25	23
chr18	62460143	62461447	+	25	23
chr18	63324114	63327380	-	25	23
chr18	77138339	77140643	-	25	22
chr18	79755091	79757122	+	25	24
chr19	2783579	2784892	+	25	24
chr19	6298193	6301514	-	25	23
chr19	6883114	6885231	+	25	23
chr19	8610817	8617675	+	25	19
chr19	9598836	9604244	+	25	22
chr19	10594775	10596187	-	25	21
chr19	10692681	10699633	+	25	24
chr19	11698149	11702326	+	25	24
chr19	12333900	12336496	+	25	19
chr19	17229334	17230850	-	25	21
chr19	18151756	18152931	+	25	24
chr19	27371944	27635189	+	25	24
chr19	33819118	33822536	-	25	22
chr19	34253450	34254397	+	25	24
chr19	38645624	38647374	-	25	23
chr19	39536470	39538615	-	25	23
chr19	40178161	40180671	-	25	25
chr19	45606000	45606705	-	25	25
chr19	48781976	48790797	+	25	25
chr20	3040645	3042046	-	25	24
chr20	5253562	5258272	+	25	21
chr20	18830297	18830552	+	25	24
chr20	33650408	33655401	-	25	24
chr20	35530029	35532986	-	25	24
chr20	35753967	35756702	+	25	21
chr20	44294126	44299369	+	25	23
chr20	48623063	48623467	+	25	22
chr20	51167511	51168052	-	25	25
chr20	54330806	54353489	-	25	25
chr20	63290096	63293159	+	25	24
chr21	13146524	13148002	-	25	25
chr21	14480357	14481932	+	25	19
chr21	20316129	20320926	-	25	25
chr21	30307898	30307994	+	25	25
chr21	33365881	33369538	-	25	24
chr21	45979795	45981296	-	25	20
chr21	46666266	46667338	-	25	23
chr22	21472254	21472866	-	25	24
chr22	21542214	21543105	-	25	25
chr22	22756688	22757209	-	25	22
chr22	27827940	27829365	-	25	25
chr22	29584819	29586815	-	25	23
chr22	30267620	30269678	-	25	24
chr22	36217763	36219681	-	25	22
chr22	37220019	37220602	+	25	21
chr22	39002288	39004637	+	25	25
chr22	47515181	47519932	+	25	17
chrX	9384618	9400743	+	25	25
chrX	12900254	12902043	+	25	25
chrX	41246459	41254840	-	25	25
chrX	53786787	53787855	+	25	24
chrX	56419143	56429148	-	25	25
chrX	56580459	56583413	-	25	23
chrX	57910471	57911263	+	25	22
chrX	71361958	71366034	+	25	20
chrX	71623358	71626319	+	25	24
chrX	74647540	74649161	-	25	25
chrX	79966158	79966313	-	25	25
chrX	92885159	92885258	-	25	25
chrX	101338335	101339863	+	25	25
chrX	101636449	101638032	-	25	25
chrX	103132362	103134922	+	25	25
chrX	104157065	104162930	+	25	23
chrX	113611101	113615393	-	25	20
chrX	120621232	120622871	+	25	25
chrX	126561510	126699494	+	25	25
chrX	136521511	136522998	+	25	21
chrX	140159989	140169621	-	25	24
chrX	155451262	155455489	-	25	24
chrY	19694820	19696339	+	25	24
GL000194.1	73831	76147	+	25	25
GL000208.1	26589	26893	+	25	24
GL000220.1	72118	73726	+	25	20
KI270706.1	157007	160679	+	25	22
KI270745.1	694	1542	+	25	24
KI270746.1	33567	34308	+	25	25
chr1	1362513	1366485	+	24	24
chr1	1362522	1365408	-	24	24
chr1	2505546	2506099	-	24	23
chr1	19295991	19297063	+	24	24
chr1	22688971	22690371	+	24	24
chr1	23800949	23801781	+	24	24
chr1	29190084	29191793	+	24	23
chr1	34944530	34947396	-	24	20
chr1	42158097	42161376	-	24	20
chr1	53843252	53847501	-	24	22
chr1	67443391	67446131	+	24	24
chr1	85613745	85614129	+	24	24
chr1	86199672	86212649	+	24	24
chr1	99449831	99450066	+	24	24
chr1	108702934	108704234	-	24	21
chr1	109210595	109213835	-	24	24
chr1	113759970	113761215	-	24	24
chr1	120874512	120879283	+	24	24
chr1	146427671	146428586	+	24	23
chr1	146444408	146445378	+	24	20
chr1	147856421	147867557	+	24	24
chr1	151957951	151962677	-	24	22
chr1	158283888	158285535	-	24	22
chr1	171593645	171595142	-	24	23
chr1	179274270	179287168	+	24	24
chr1	179838873	179839561	+	24	23
chr1	186668095	186671787	-	24	18
chr1	201473874	201475698	-	24	24
chr1	201977840	201981914	-	24	21
chr1	204561301	204561886	-	24	23
chr1	205550067	205553068	+	24	17
chr1	227992300	227993250	+	24	24
chr1	232041293	232042228	+	24	23
chr1	234480279	234481722	+	24	22
chr1	236921290	236924161	+	24	22
chr1	236932506	236938526	+	24	23
chr1	243017883	243020910	-	24	23
chr1	244793011	244793646	-	24	22
chr1	246700778	246706190	+	24	22
chr1	248926050	248929409	+	24	21
chr2	5142793	5178990	+	24	24
chr2	25998406	26014239	-	24	24
chr2	28874684	28884983	+	24	24
chr2	30421842	30423696	+	24	21
chr2	35321834	35321940	+	24	24
chr2	38402872	38404620	-	24	23
chr2	43996627	43997977	+	24	24
chr2	70803434	70804233	+	24	24
chr2	81607643	81609812	-	24	24
chr2	96075937	96080381	-	24	10
chr2	96120084	96122499	-	24	23
chr2	96378592	96390703	+	24	24
chr2	101270316	101271216	-	24	23
chr2	103770478	103770653	+	24	24
chr2	121336029	121337762	-	24	24
chr2	128197127	128202139	-	24	22
chr2	128221433	128225655	-	24	20
chr2	154619889	154620060	+	24	24
chr2	158783148	158783749	-	24	24
chr2	173974939	173977035	+	24	21
chr2	180044462	180199517	+	24	24
chr2	183228760	183230255	-	24	24
chr2	195311233	195313571	-	24	20
chr2	195319490	195321681	-	24	22
chr2	203979273	203982788	+	24	18
chr2	205976207	205982480	-	24	23
chr2	217779171	217782511	+	24	23
chr2	219310248	219320917	-	24	24
chr2	239714916	239715030	+	24	24
chr2	241184017	241187720	+	24	21
chr3	14219279	14219670	-	24	22
chr3	24113971	24116278	-	24	23
chr3	32182269	32182813	-	24	23
chr3	37050973	37052605	-	24	24
chr3	43741534	43743732	+	24	17
chr3	44145716	44231779	-	24	21
chr3	47484173	47485589	+	24	23
chr3	51731793	51751505	-	24	22
chr3	67350152	67352796	-	24	22
chr3	72446637	72447090	-	24	23
chr3	82694898	82697521	+	24	24
chr3	105339757	105344241	-	24	22
chr3	112594190	112596783	+	24	23
chr3	122892553	122894900	+	24	21
chr3	128580370	128582429	-	24	22
chr3	138174959	138175827	+	24	22
chr3	142300048	142306574	-	24	23
chr3	143173178	143176182	+	24	23
chr3	172525813	172529625	-	24	24
chr3	184108726	184113686	-	24	24
chr3	184294941	184298978	-	24	22
chr3	186912032	186912171	-	24	23
chr3	187092430	187093406	+	24	23
chr3	187111104	187116674	+	24	19
chr3	193720209	193722324	-	24	22
chr3	196086637	196105919	-	24	24
chr3	196972125	196973629	-	24	24
chr4	258643	261983	+	24	23
chr4	11305091	11308632	+	24	20
chr4	25372983	25374756	+	24	21
chr4	30013318	30149775	-	24	24
chr4	38149074	38149401	+	24	23
chr4	38749361	38753022	+	24	22
chr4	48426401	48427755	-	24	23
chr4	64775327	64775547	+	24	24
chr4	68303282	68303645	+	24	23
chr4	98446587	98448792	-	24	23
chr4	130325224	130325395	+	24	24
chr4	141554313	141556468	-	24	24
chr4	141735741	141741020	+	24	23
chr4	143512564	143513021	+	24	24
chr4	147730613	147731710	-	24	22
chr4	164992159	165004991	-	24	24
chr4	176343315	176345935	+	24	21
chr4	178449957	178593898	+	24	24
chr4	179187609	179187766	+	24	24
chr4	179377719	179377929	+	24	24
chr4	188343858	188343965	-	24	22
chr5	1169284	1172548	-	24	20
chr5	1816160	1817658	+	24	23
chr5	17036102	17036905	+	24	24
chr5	31555577	31558048	-	24	24
chr5	31560868	31562226	-	24	21
chr5	57169007	57172255	+	24	23
chr5	62868289	62869270	+	24	24
chr5	72382419	72396107	+	24	24
chr5	75059336	75061037	-	24	24
chr5	75262735	75262922	-	24	23
chr5	85269813	85269966	-	24	24
chr5	86724501	86727068	-	24	23
chr5	95613310	95616779	+	24	20
chr5	101507903	101514482	-	24	21
chr5	115915759	115920725	+	24	24
chr5	116425799	116432317	+	24	23
chr5	116984387	117002017	-	24	24
chr5	123253109	123254984	-	24	24
chr5	126637677	126639819	-	24	22
chr5	134009247	134011992	-	24	23
chr5	134513123	134515081	-	24	24
chr5	136410444	136410787	-	24	24
chr5	138215041	138221226	-	24	24
chr5	143236002	143236575	-	24	24
chr5	148810264	148814409	-	24	21
chr5	148886103	148889414	+	24	22
chr5	150996368	150998779	-	24	21
chr5	151817830	151818288	-	24	23
chr5	168543059	168544470	+	24	22
chr5	170223378	170227031	-	24	21
chr5	171339180	171343688	+	24	24
chr5	173588950	173589350	+	24	24
chr6	2822605	2826319	-	24	23
chr6	3115374	3117445	+	24	21
chr6	9524108	9524882	+	24	24
chr6	27653086	27665715	-	24	24
chr6	27855870	27860335	+	24	21
chr6	36563192	36576005	-	24	22
chr6	37340639	37341514	+	24	24
chr6	41611555	41627713	-	24	23
chr6	44465494	44466891	-	24	24
chr6	46081627	46085663	-	24	22
chr6	47627355	47629595	+	24	20
chr6	53104785	53105199	-	24	23
chr6	107137428	107144898	+	24	23
chr6	109384070	109384705	-	24	23
chr6	111049317	111053024	+	24	21
chr6	122396569	122397033	+	24	22
chr6	136255734	136256604	+	24	22
chr6	152959030	152959314	-	24	24
chr6	169739243	169739672	-	24	23
chr7	5587416	5589577	+	24	24
chr7	7547323	7547537	+	24	24
chr7	38643504	38643628	-	24	23
chr7	54493791	54493955	+	24	24
chr7	61867785	61867926	-	24	24
chr7	63505835	63506061	+	24	24
chr7	64848786	64849135	-	24	23
chr7	68467099	68520954	-	24	23
chr7	74794837	74795835	-	24	20
chr7	75528265	75531099	+	24	23
chr7	76311613	76314542	-	24	23
chr7	83750040	83750176	-	24	22
chr7	100608971	100611848	+	24	21
chr7	102329539	102329937	+	24	24
chr7	102690479	102691159	-	24	24
chr7	112491062	112493193	+	24	22
chr7	115926054	115928854	-	24	24
chr7	129070432	129070945	-	24	23
chr7	129577130	129579526	-	24	23
chr7	142303436	142307565	-	24	20
chr7	142966696	143010954	+	24	23
chr7	148965417	148966312	-	24	19
chr7	150522418	150522768	-	24	22
chr7	150622343	150624900	-	24	23
chr7	157101691	157104826	-	24	24
chr7	158612138	158613929	+	24	21
chr8	16971471	16971887	+	24	24
chr8	25094214	25095257	-	24	24
chr8	27265371	27267534	-	24	17
chr8	30572395	30572959	+	24	23
chr8	33534805	33535907	-	24	21
chr8	38060501	38062863	+	24	21
chr8	43902303	43903632	-	24	24
chr8	52795574	52796054	-	24	23
chr8	54022840	54025391	-	24	24
chr8	63224684	63225027	-	24	23
chr8	65126120	65126615	+	24	24
chr8	72147576	72148614	-	24	24
chr8	97160806	97164824	+	24	23
chr8	117739811	117744626	-	24	19
chr8	135767378	135771464	+	24	24
chr8	141894265	141897921	+	24	24
chr9	6180435	6182403	-	24	22
chr9	10786808	10787018	-	24	24
chr9	14579315	14581798	-	24	23
chr9	15527817	15532820	+	24	22
chr9	16066592	16067550	-	24	24
chr9	19156463	19166060	-	24	22
chr9	26896124	26899259	-	24	22
chr9	27071679	27073295	-	24	23
chr9	38865787	38877222	+	24	24
chr9	41527767	41528582	+	24	23
chr9	67636085	67639429	-	24	20
chr9	72403581	72422282	-	24	23
chr9	77656173	77657894	-	24	21
chr9	80352970	80354144	-	24	24
chr9	83591843	83596371	-	24	21
chr9	88193295	88236382	+	24	24
chr9	98119790	98120250	-	24	24
chr9	105691404	105694482	-	24	22
chr9	111488513	111509692	-	24	24
chr9	112334376	112336637	+	24	23
chr9	122235173	122237546	-	24	24
chr9	129795501	129798779	+	24	23
chr9	133661102	133663302	-	24	24
chr9	134605165	134613377	+	24	24
chr9	136710808	136711388	+	24	22
chr10	4848098	4848556	-	24	22
chr10	13275627	13277724	-	24	22
chr10	14512784	14514506	-	24	24
chr10	22314540	22315957	-	24	23
chr10	30223804	30257487	-	24	18
chr10	30493734	30495332	+	24	22
chr10	43189191	43191767	-	24	20
chr10	58294637	58299059	+	24	23
chr10	73927139	73963167	+	24	24
chr10	77777152	77779899	-	24	22
chr10	83841866	83881127	-	24	24
chr10	92355401	92356120	-	24	23
chr10	103363421	103367584	+	24	20
chr10	109052335	109146025	+	24	24
chr10	109640624	109640806	-	24	24
chr10	114421888	114424375	+	24	23
chr10	114427903	114430923	+	24	22
chr10	119086537	119089179	+	24	23
chr11	2252872	2255119	-	24	22
chr11	3168737	3169099	-	24	23
chr11	36264832	36268887	-	24	22
chr11	46393717	46395940	+	24	23
chr11	47611875	47612710	+	24	20
chr11	47613742	47616675	+	24	23
chr11	54895947	54896161	+	24	24
chr11	65143380	65145422	-	24	21
chr11	66575015	66575114	-	24	23
chr11	69047591	69048709	-	24	19
chr11	72501504	72503068	-	24	24
chr11	77650905	77653877	-	24	22
chr11	88200268	88203970	-	24	20
chr11	94319634	94320108	+	24	24
chr11	94500581	94501914	+	24	22
chr11	95930549	95931590	-	24	23
chr11	102241763	102247836	+	24	24
chr11	107499097	107500148	-	24	22
chr11	111892775	111895825	+	24	20
chr11	118343444	118344326	+	24	20
chr11	118967643	118967959	+	24	24
chr11	129683129	129685834	-	24	20
chr11	130564680	130566037	+	24	24
chr12	3981237	3985949	-	24	24
chr12	4157809	4159975	-	24	23
chr12	4165573	4166441	+	24	23
chr12	7774886	7775105	-	24	23
chr12	8522376	8522668	+	24	23
chr12	12006027	12010003	-	24	24
chr12	17227637	17227734	-	24	24
chr12	27758436	27761447	-	24	24
chr12	32756727	32761031	+	24	24
chr12	39455254	39460021	-	24	24
chr12	39621086	39621622	-	24	23
chr12	44488999	44493209	-	24	20
chr12	45727862	45728309	-	24	24
chr12	51852998	51856705	+	24	20
chr12	53324930	53326543	+	24	23
chr12	56075199	56075477	-	24	24
chr12	76887440	76887536	+	24	23
chr12	79943467	79958565	-	24	23
chr12	94462644	94464133	+	24	24
chr12	94751546	94752141	+	24	23
chr12	109550756	109553106	-	24	24
chr12	111837086	111838614	-	24	20
chr12	124569988	124572627	+	24	21
chr12	132487782	132489546	+	24	23
chr13	21204122	21204331	+	24	23
chr13	29758795	29760951	+	24	23
chr13	30772447	30774900	+	24	22
chr13	31185615	31187415	+	24	23
chr13	31632495	31639124	-	24	22
chr13	42331943	42333285	-	24	22
chr13	61557326	61557670	+	24	24
chr13	70728424	70728532	+	24	23
chr13	80368497	80392120	-	24	24
chr13	84978655	84980217	-	24	16
chr13	102774067	102774702	+	24	23
chr14	28132320	28132758	+	24	23
chr14	34478909	34488733	-	24	21
chr14	49094125	49119813	+	24	24
chr14	49921521	49926297	+	24	22
chr14	54441456	54442283	+	24	24
chr14	55208839	55210400	-	24	24
chr14	61659164	61662051	+	24	22
chr14	65765742	65775035	+	24	22
chr14	68870224	68871058	+	24	22
chr14	98051930	98056521	-	24	22
chr14	99636536	99637610	+	24	22
chr14	104053157	104054890	+	24	22
chr14	104645689	104646081	-	24	22
chr14	105481897	105484577	-	24	24
chr15	34108840	34109780	-	24	24
chr15	35176474	35178228	-	24	23
chr15	45022712	45023016	+	24	15
chr15	64146586	64151172	-	24	21
chr15	80054404	80054973	-	24	24
chr16	2199917	2203096	-	24	22
chr16	3150666	3151991	+	24	16
chr16	12853237	12853928	+	24	24
chr16	21188688	21189899	+	24	24
chr16	30123517	30124143	+	24	23
chr16	53345426	53345550	-	24	24
chr16	79413207	79414131	-	24	23
chr16	79570069	79570441	-	24	22
chr16	84808903	84809810	+	24	21
chr17	132286	133492	+	24	13
chr17	398374	401454	+	24	23
chr17	3921908	3923465	+	24	21
chr17	4746255	4750683	+	24	22
chr17	7457785	7459276	+	24	23
chr17	8348149	8353411	-	24	21
chr17	8355414	8356892	-	24	22
chr17	16437076	16438679	-	24	22
chr17	18933647	18936773	+	24	22
chr17	19723661	19732291	-	24	21
chr17	19892389	19896356	+	24	23
chr17	37079637	37080566	+	24	23
chr17	39451518	39454568	-	24	23
chr17	40728394	40728629	-	24	24
chr17	41125423	41129213	+	24	15
chr17	41742625	41745066	-	24	23
chr17	44135742	44137408	-	24	24
chr17	44235830	44237356	+	24	23
chr17	46226006	46228619	-	24	23
chr17	47688743	47692264	-	24	24
chr17	49960026	49960945	-	24	23
chr17	51130154	51149929	-	24	22
chr17	57028932	57029039	-	24	22
chr17	64710661	64723263	+	24	21
chr17	66901746	66931983	+	24	24
chr17	73312305	73313695	+	24	21
chr17	79858629	79898576	+	24	24
chr18	3016989	3020517	+	24	24
chr18	12183644	12184743	+	24	24
chr18	21647269	21650447	-	24	21
chr18	21927807	21927965	-	24	24
chr18	24724965	24725115	+	24	24
chr18	29931746	30030801	+	24	24
chr18	32017065	32018173	-	24	23
chr18	35236942	35240454	-	24	23
chr18	56593104	56597012	-	24	20
chr18	59258750	59260443	+	24	24
chr18	65295288	65297160	-	24	23
chr18	66397092	66446601	-	24	24
chr18	76304157	76306959	-	24	23
chr19	977501	979109	+	24	22
chr19	3066146	3067411	+	24	24
chr19	7568332	7570833	-	24	24
chr19	8157055	8172832	-	24	23
chr19	14300380	14304935	-	24	20
chr19	17380615	17384994	+	24	24
chr19	21391759	21396658	+	24	24
chr19	23878035	23882298	+	24	12
chr19	37731334	37735822	+	24	22
chr19	38785805	38786471	+	24	23
chr19	50930659	50930797	+	24	24
chr19	54481087	54482352	+	24	24
chr19	55335045	55335560	+	24	24
chr19	55445793	55445962	+	24	24
chr19	58342472	58345135	-	24	21
chr20	7963684	7965883	+	24	24
chr20	13386914	13387457	+	24	24
chr20	29498453	29499789	+	24	23
chr20	32256939	32270296	+	24	22
chr20	34839809	34841584	-	24	18
chr20	35154593	35155640	+	24	23
chr20	35298830	35302288	-	24	20
chr20	35519296	35520833	+	24	23
chr20	45998861	45999646	+	24	17
chr20	49609557	49610599	+	24	22
chr20	51866821	51884213	+	24	24
chr20	56639878	56652709	-	24	23
chr21	7760705	7761971	+	24	23
chr21	13665171	13665402	-	24	23
chr21	43703936	43706493	+	24	21
chr21	43763672	43766436	-	24	22
chr22	10773570	10777117	-	24	23
chr22	20409039	20413861	+	24	21
chr22	20954668	20956263	-	24	22
chr22	27843595	27845279	-	24	24
chr22	28870352	28873002	+	24	24
chr22	40763794	40768305	-	24	22
chr22	40819695	40821446	+	24	24
chr22	42722394	42742053	+	24	24
chr22	44501781	44508918	+	24	17
chrX	661714	870171	+	24	24
chrX	4119881	4293732	-	24	24
chrX	16334008	16420458	-	24	17
chrX	19223343	19256584	-	24	24
chrX	29978369	29979676	-	24	23
chrX	34547904	34583795	+	24	24
chrX	41509867	41513408	+	24	24
chrX	42210344	42210557	-	24	24
chrX	44419448	44419547	+	24	24
chrX	44712131	44730360	-	24	24
chrX	48581372	48587762	-	24	23
chrX	54717247	54735976	-	24	23
chrX	64076932	64079208	-	24	22
chrX	65749577	65750859	-	24	23
chrX	66140427	66141122	-	24	20
chrX	71621059	71621930	+	24	23
chrX	73106860	73119650	+	24	24
chrX	89629888	89755372	-	24	24
chrX	100137786	100140926	+	24	24
chrX	100899256	100902994	-	24	23
chrX	107698852	107703637	+	24	22
chrX	114137716	114137884	+	24	24
chrX	121422569	121422669	+	24	24
chrX	123802807	123804572	+	24	24
chrX	134433786	134434148	-	24	23
chrX	135033560	135037089	+	24	22
chrY	998833	1001634	+	24	22
chrY	1234349	1241654	-	24	23
chrY	1400607	1401426	+	24	22
chrY	7254573	7254901	-	24	24
chrY	12035702	12061609	+	24	24
GL000221.1	9249	12641	-	24	24
KI270442.1	378948	379156	+	24	23
KI270719.1	54925	55236	+	24	24
KI270719.1	137120	138093	-	24	23
KI270721.1	95961	96271	+	24	24
KI270723.1	20441	20600	+	24	24
KI270733.1	24831	25248	+	24	23
KI270745.1	7539	10261	+	24	22
KI270749.1	146421	147400	+	24	24
chr1	13621759	13621962	+	23	22
chr1	16243928	16246810	+	23	22
chr1	22977298	22979122	+	23	23
chr1	23654919	23656323	+	23	23
chr1	26867154	26869644	+	23	22
chr1	26871029	26873239	+	23	20
chr1	32248997	32251182	+	23	19
chr1	32859644	32860456	+	23	23
chr1	33236132	33238241	+	23	22
chr1	34633406	34634035	+	23	22
chr1	38629365	38666585	+	23	23
chr1	39006223	39008202	-	23	23
chr1	40295120	40298897	-	23	19
chr1	40775416	40776317	-	23	23
chr1	43648488	43649183	-	23	19
chr1	51991607	51991726	+	23	23
chr1	54021856	54022103	-	23	23
chr1	84241442	84243544	-	23	23
chr1	93063510	93069708	+	23	23
chr1	93418213	93420211	+	23	22
chr1	100533527	100537892	+	23	22
chr1	101110255	101112209	-	23	22
chr1	104336752	104336960	-	23	18
chr1	115089738	115091093	+	23	18
chr1	120176592	120178324	+	23	18
chr1	150247526	150249083	-	23	23
chr1	150476633	150478948	+	23	22
chr1	151152965	151156538	-	23	22
chr1	151375685	151382915	-	23	23
chr1	151462735	151464662	+	23	15
chr1	153987400	153990424	-	23	22
chr1	154374984	154376908	-	23	23
chr1	155303446	155304467	+	23	22
chr1	196219437	196219755	-	23	23
chr1	202077188	202084439	-	23	23
chr1	205078513	205082189	-	23	22
chr1	206468197	206469697	+	23	21
chr1	211740435	211743451	-	23	20
chr1	227979563	227980719	+	23	23
chr1	231284802	231287391	+	23	19
chr1	246681378	246681963	-	23	21
chr1	246937189	246938175	-	23	23
chr1	247248425	247251383	-	23	21
chr2	7114346	7120276	-	23	22
chr2	7268671	7269120	-	23	22
chr2	11439669	11442263	-	23	22
chr2	18715127	18717981	+	23	21
chr2	18758010	18760271	+	23	21
chr2	20242334	20245303	+	23	23
chr2	47401245	47402993	-	23	17
chr2	52448798	52448937	+	23	22
chr2	60818026	60819423	-	23	19
chr2	61625222	61625982	+	23	21
chr2	61766664	61767490	+	23	22
chr2	64027773	64037608	-	23	23
chr2	65140341	65153053	+	23	20
chr2	68413506	68417189	+	23	19
chr2	69446934	69449907	-	23	23
chr2	73629265	73630242	-	23	22
chr2	74179263	74182718	-	23	19
chr2	74829399	74832409	-	23	19
chr2	87973437	87974651	+	23	23
chr2	91488132	91491419	+	23	23
chr2	96583952	96586453	+	23	19
chr2	98967816	98973167	-	23	16
chr2	103071455	103073172	+	23	22
chr2	116121628	116123116	-	23	23
chr2	123120627	123120957	+	23	23
chr2	135902718	135905584	+	23	22
chr2	136380754	136382273	-	23	22
chr2	171302521	171305535	+	23	23
chr2	175054056	175057137	+	23	22
chr2	176359143	176394449	-	23	23
chr2	183607232	183607365	-	23	23
chr2	183850584	183850922	+	23	23
chr2	185910070	185912151	-	23	21
chr2	190386179	190389697	-	23	23
chr2	191196525	191196981	+	23	22
chr2	192272857	192273600	-	23	23
chr2	195333866	195335989	-	23	21
chr2	201179759	201179906	-	23	23
chr2	216246464	216248014	-	23	22
chr2	218878472	218880112	-	23	21
chr2	224099466	224099609	-	23	22
chr2	235488255	235488924	-	23	23
chr2	238462260	238464035	+	23	22
chr2	238481251	238481867	-	23	23
chr2	241845863	241846671	-	23	22
chr3	5600669	5606542	+	23	16
chr3	9635620	9646482	-	23	23
chr3	15541508	15541983	-	23	22
chr3	36822502	36823145	-	23	23
chr3	50655738	50657962	-	23	23
chr3	83558586	83558742	-	23	5
chr3	94645143	94645464	+	23	23
chr3	96611251	96611373	-	23	19
chr3	113698504	113701500	-	23	20
chr3	114255704	114259997	-	23	20
chr3	119818726	119820936	+	23	21
chr3	126436642	126437401	+	23	22
chr3	127564415	127570231	-	23	21
chr3	128689609	128692279	-	23	22
chr3	129630461	129631957	+	23	21
chr3	130677368	130678909	-	23	22
chr3	141938591	141939889	+	23	22
chr3	142263580	142266831	-	23	15
chr3	144067161	144069474	+	23	21
chr3	152545737	152546722	-	23	22
chr3	162690609	162690784	-	23	22
chr3	177277118	177290965	+	23	23
chr3	192957662	192961615	+	23	21
chr3	194954451	194958813	+	23	23
chr4	11201601	11208469	+	23	20
chr4	25109119	25109568	+	23	21
chr4	26799330	26800501	-	23	22
chr4	41296200	41296340	+	23	23
chr4	43415378	43415631	-	23	23
chr4	43611702	43612656	-	23	22
chr4	50475271	50475514	-	23	23
chr4	51926919	51928371	-	23	22
chr4	63102537	63102962	+	23	23
chr4	67610545	67612621	+	23	23
chr4	77651087	77652850	-	23	19
chr4	77660810	77661295	+	23	22
chr4	77692464	77694722	-	23	20
chr4	83141031	83141534	+	23	23
chr4	83403564	83407297	-	23	22
chr4	94003697	94026664	+	23	23
chr4	112143325	112145381	-	23	23
chr4	118459928	118460681	-	23	23
chr4	119110573	119110807	-	23	23
chr4	135425703	135425837	-	23	23
chr4	140553870	140556766	+	23	22
chr4	143236494	143238954	+	23	23
chr4	143262390	143284237	+	23	23
chr4	151016061	151017725	-	23	23
chr4	152552622	152554053	+	23	21
chr4	153422921	153435597	+	23	23
chr4	169043897	169044096	+	23	23
chr4	169728570	169729158	-	23	21
chr4	173045041	173045157	+	23	22
chr4	179031711	179034363	+	23	23
chr4	185572313	185572522	-	23	23
chr4	185972449	185973606	-	23	23
chr5	5495601	5498754	+	23	19
chr5	10162923	10163878	+	23	20
chr5	13672897	13673064	+	23	23
chr5	18578530	18578739	-	23	22
chr5	34977459	34981341	+	23	21
chr5	54587910	54595500	+	23	22
chr5	75872812	75883840	+	23	23
chr5	80084083	80089105	+	23	22
chr5	81968865	81971546	-	23	23
chr5	85214805	85214962	+	23	23
chr5	112531643	112532591	+	23	20
chr5	115192546	115193378	-	23	23
chr5	115570945	115572247	-	23	21
chr5	123288850	123292779	-	23	23
chr5	132683725	132686588	+	23	22
chr5	144672738	144687361	-	23	23
chr5	147942937	148024246	-	23	23
chr5	148899011	148903211	+	23	21
chr5	151272461	151274533	-	23	21
chr5	170301315	170302950	+	23	21
chr6	9338650	9534812	-	23	22
chr6	12176999	12181275	+	23	23
chr6	26568130	26568373	+	23	8
chr6	32932204	32933415	+	23	23
chr6	33009652	33011092	+	23	17
chr6	33330417	33337055	-	23	20
chr6	34581645	34582742	+	23	21
chr6	37352037	37353879	-	23	20
chr6	42181351	42183262	-	23	22
chr6	50703622	50703950	+	23	23
chr6	53208727	53218285	+	23	22
chr6	55692282	55724179	+	23	23
chr6	62401380	62419114	+	23	23
chr6	73586618	73588083	+	23	22
chr6	76671407	76684501	+	23	22
chr6	82456092	82456803	-	23	23
chr6	85446374	85449301	-	23	23
chr6	85713835	85714492	-	23	23
chr6	103420862	103421076	+	23	23
chr6	107960904	107964447	-	23	21
chr6	108000407	108000980	+	23	23
chr6	110570202	110574414	-	23	19
chr6	111973789	111976114	+	23	23
chr6	113705356	113716119	+	23	23
chr6	118445581	118448474	+	23	21
chr6	120758503	120758807	+	23	23
chr6	126287020	126287333	-	23	23
chr6	129722778	129723795	-	23	23
chr6	142231260	142232165	+	23	23
chr6	149429877	149433773	-	23	21
chr6	154685939	154687748	-	23	23
chr6	158215348	158225448	-	23	21
chr7	2899427	2902971	+	23	22
chr7	4973343	4973758	-	23	20
chr7	7251067	7251483	-	23	22
chr7	12204757	12209648	-	23	19
chr7	12415407	12415502	+	23	23
chr7	19191516	19192320	-	23	23
chr7	19845670	19885195	-	23	23
chr7	21424044	21426878	-	23	19
chr7	23659930	23660056	-	23	23
chr7	27522869	27525376	-	23	20
chr7	30206529	30209836	+	23	20
chr7	32469307	32470359	+	23	23
chr7	44543557	44548142	-	23	23
chr7	47271641	47273133	-	23	20
chr7	50435815	50438295	-	23	21
chr7	56333611	56339666	+	23	23
chr7	57872273	58099752	-	23	23
chr7	62329115	62603520	-	23	23
chr7	71736954	71777806	-	23	23
chr7	74123341	74129843	-	23	22
chr7	75753990	75767979	+	23	23
chr7	93367870	93380983	+	23	21
chr7	96324606	96326530	-	23	19
chr7	96829174	96847012	-	23	23
chr7	98009174	98010596	+	23	23
chr7	98081890	98085638	-	23	23
chr7	100128524	100130655	+	23	22
chr7	104216000	104217951	-	23	23
chr7	108588502	108589744	-	23	21
chr7	128277153	128281653	-	23	23
chr7	128369663	128384450	+	23	23
chr7	129173311	129178014	-	23	20
chr7	129803000	129811365	+	23	21
chr7	133205599	133205742	+	23	23
chr7	134116009	134117739	-	23	23
chr7	139315833	139320862	+	23	21
chr7	140180069	140180890	-	23	21
chr7	140964318	140975386	+	23	22
chr7	142465906	142468299	-	23	21
chr7	142588410	142589303	+	23	21
chr7	148888585	148892145	-	23	21
chr7	148915114	148919438	-	23	22
chr7	148974886	148977977	+	23	21
chr7	150750115	150751498	-	23	23
chr7	153031873	153034162	+	23	23
chr7	157324348	157326954	-	23	23
chr8	2381223	2383951	-	23	18
chr8	2930491	2934286	+	23	18
chr8	8308388	8309318	+	23	21
chr8	11330548	11330948	+	23	23
chr8	13914505	13920882	+	23	22
chr8	21893100	21894188	-	23	19
chr8	22684014	22687598	+	23	22
chr8	23498741	23506248	+	23	20
chr8	23521301	23523361	-	23	20
chr8	28764042	28767513	+	23	22
chr8	31182140	31184376	+	23	21
chr8	33261131	33262006	-	23	23
chr8	37916185	37922266	-	23	21
chr8	43269704	43269928	+	23	23
chr8	64477338	64477758	+	23	23
chr8	66532292	66535250	-	23	21
chr8	80543991	80545478	+	23	21
chr8	81641331	81644830	+	23	21
chr8	94707590	94709886	-	23	23
chr8	97154540	97156643	+	23	21
chr8	97180342	97181579	+	23	22
chr8	100155763	100157811	-	23	23
chr8	102816314	102819053	+	23	21
chr8	109200142	109204546	-	23	20
chr8	117759169	117762551	-	23	19
chr8	117763420	117763812	+	23	20
chr8	119723963	119727605	+	23	20
chr8	130456758	130530472	-	23	23
chr8	142980331	142981422	-	23	19
chr9	3207746	3210950	-	23	19
chr9	4904748	4906655	+	23	21
chr9	10849702	10851765	-	23	23
chr9	13316072	13316181	+	23	23
chr9	37379275	37381305	-	23	23
chr9	37386379	37390195	+	23	22
chr9	42412906	42413326	+	23	22
chr9	63667798	63668085	+	23	22
chr9	63905953	63906689	+	23	22
chr9	66198989	66199535	+	23	23
chr9	71634299	71634394	-	23	23
chr9	79082081	79099272	-	23	23
chr9	80741734	80746456	-	23	22
chr9	90124016	90124261	-	23	23
chr9	90286596	90286753	-	23	23
chr9	94162859	94166235	-	23	21
chr9	100642761	100688317	+	23	21
chr9	105777141	105780227	-	23	23
chr9	110228281	110235137	-	23	18
chr9	126887724	126888058	-	23	22
chr9	127416081	127416795	+	23	22
chr9	127861252	127865553	-	23	22
chr9	132258174	132260147	+	23	22
chr9	133336192	133338307	-	23	21
chr9	133480393	133483012	-	23	23
chr9	137219463	137219974	-	23	23
chr9	137441972	137446987	+	23	19
chr10	9094864	9096313	-	23	18
chr10	9519427	9519681	-	23	23
chr10	10572522	10605227	-	23	23
chr10	22274752	22299818	+	23	22
chr10	23600936	23601738	-	23	22
chr10	30424043	30430009	-	23	17
chr10	37946638	37949393	-	23	22
chr10	68702302	68704865	-	23	23
chr10	69076082	69079190	-	23	23
chr10	73097160	73098027	+	23	23
chr10	80446315	80450470	-	23	18
chr10	93964126	93969352	+	23	22
chr10	109849981	109850959	+	23	21
chr10	112822522	112823343	+	23	21
chr10	124460849	124461745	-	23	20
chr10	125242023	125242160	+	23	22
chr11	640784	641820	+	23	22
chr11	11714234	11716711	-	23	23
chr11	14399980	14400883	+	23	22
chr11	14427165	14429889	-	23	21
chr11	18671681	18678387	+	23	16
chr11	18674548	18678839	-	23	23
chr11	22950510	22952500	-	23	22
chr11	23039876	23043086	-	23	22
chr11	46598440	46601423	-	23	23
chr11	48528190	48562898	-	23	22
chr11	55436786	55436942	+	23	23
chr11	56644162	56644356	+	23	22
chr11	64803259	64803492	+	23	22
chr11	65878539	65879786	-	23	19
chr11	68983520	68986952	-	23	21
chr11	72439875	72451750	-	23	23
chr11	91885821	91896601	+	23	22
chr11	97001916	97084123	+	23	23
chr11	117947888	117950533	+	23	22
chr11	119083079	119084650	-	23	19
chr11	119184238	119185293	+	23	23
chr11	129633819	129634148	+	23	20
chr11	130035325	130038889	+	23	22
chr12	277164	280041	-	23	22
chr12	669359	671330	+	23	20
chr12	6743965	6746928	+	23	23
chr12	8066450	8068233	+	23	22
chr12	11910004	11912849	+	23	23
chr12	25353828	25354171	+	23	21
chr12	44951505	44953968	+	23	22
chr12	52063274	52066351	-	23	21
chr12	53079476	53081267	+	23	23
chr12	55667860	55669047	+	23	23
chr12	76853698	76854034	+	23	23
chr12	90551052	90551286	+	23	23
chr12	93585983	93588407	+	23	21
chr12	104363201	104371142	+	23	20
chr12	106354303	106356716	+	23	21
chr12	107666829	107669637	+	23	21
chr12	108057991	108071199	-	23	23
chr12	109602292	109603826	-	23	22
chr12	121298450	121299991	+	23	21
chr12	125061819	125065275	-	23	19
chr13	20260509	20260696	-	23	23
chr13	27510926	27512409	-	23	23
chr13	40716315	40717278	+	23	23
chr13	46547380	46549169	-	23	19
chr13	46765653	46767779	-	23	22
chr13	49529113	49531453	-	23	23
chr13	65327084	65543146	+	23	23
chr13	83176739	83205971	-	23	23
chr13	91031217	91031442	-	23	23
chr13	99444681	99444847	+	23	22
chr13	104467746	104467978	-	23	23
chr13	111345208	111345517	+	23	22
chr13	113099744	113101465	+	23	21
chr14	19240888	19243291	-	23	22
chr14	19401320	19401907	-	23	23
chr14	21515600	21518331	-	23	22
chr14	45275120	45277171	+	23	22
chr14	52704271	52706161	+	23	19
chr14	54539325	54547088	+	23	18
chr14	68855745	68856982	+	23	21
chr14	74743124	74744199	+	23	19
chr14	75554602	75555396	+	23	20
chr14	96153479	96201009	+	23	23
chr14	99112640	99114991	+	23	22
chr14	106843646	106847042	+	23	20
chr15	21279442	21280604	-	23	22
chr15	51016182	51021340	+	23	21
chr15	64990473	64991526	+	23	22
chr15	66784951	66792650	-	23	23
chr15	74149346	74149555	+	23	23
chr15	74834888	74835332	-	23	20
chr15	75127507	75128812	+	23	20
chr15	75155847	75157923	+	23	20
chr15	75244595	75247518	+	23	19
chr15	75344362	75346738	-	23	21
chr16	2721625	2734028	-	23	23
chr16	3151190	3153649	-	23	22
chr16	3928336	3929774	+	23	23
chr16	4126764	4126925	+	23	21
chr16	8982773	8988460	+	23	22
chr16	20928668	20930310	-	23	22
chr16	23750866	23751180	-	23	23
chr16	28211980	28226826	+	23	22
chr16	50803394	50805594	+	23	22
chr16	52800270	52887186	+	23	23
chr16	53575442	53590935	-	23	22
chr16	55719818	55720134	+	23	23
chr16	82146705	82147572	-	23	22
chr16	88692145	88696385	-	23	22
chr17	3563725	3564205	-	23	23
chr17	4660216	4662851	+	23	18
chr17	5072084	5075527	-	23	23
chr17	6754268	6755375	-	23	18
chr17	8200702	8204326	-	23	23
chr17	8875079	8877435	+	23	23
chr17	13250230	13250485	+	23	23
chr17	14615994	14670843	-	23	23
chr17	16397700	16399739	+	23	22
chr17	16569395	16570686	+	23	22
chr17	34833236	34834774	-	23	23
chr17	35329368	35332947	-	23	16
chr17	39168205	39170341	-	23	21
chr17	40422586	40424766	-	23	23
chr17	40440707	40442607	-	23	22
chr17	44513246	44514014	+	23	23
chr17	47503967	47520916	-	23	23
chr17	50301651	50310408	-	23	23
chr17	57237934	57249177	+	23	23
chr17	62065378	62069053	+	23	22
chr17	64135691	64141665	-	23	22
chr17	65057269	65061488	-	23	18
chr17	73106663	73126195	-	23	23
chr17	73651815	73651961	-	23	23
chr17	74504464	74506348	+	23	23
chr17	77218275	77218637	-	23	20
chr18	5317778	5318491	+	23	21
chr18	8834129	8838785	-	23	23
chr18	13659075	13660932	+	23	22
chr18	13830002	13865913	-	23	22
chr18	40114265	40117400	-	23	23
chr18	40612915	40613316	-	23	22
chr18	54046969	54050432	-	23	20
chr18	54105320	54105442	+	23	23
chr18	66622052	66622227	+	23	18
chr18	73903768	73907513	-	23	20
chr19	297007	298162	+	23	22
chr19	557145	561563	+	23	21
chr19	3049512	3052529	+	23	23
chr19	3579186	3585212	+	23	22
chr19	4671641	4674092	-	23	23
chr19	4755921	4761239	+	23	22
chr19	5668485	5669026	-	23	21
chr19	5842412	5842854	-	23	23
chr19	6653099	6655662	+	23	19
chr19	10569234	10572396	+	23	23
chr19	17905468	17915638	+	23	22
chr19	20053038	20054616	+	23	17
chr19	33819533	33824979	+	23	22
chr19	36333279	36334367	-	23	22
chr19	41208020	41209375	-	23	22
chr19	43437656	43439301	-	23	22
chr19	44135343	44137933	+	23	22
chr19	45373268	45378966	-	23	21
chr19	45527247	45527765	+	23	23
chr19	47887907	47902459	+	23	20
chr19	51550468	51551363	-	23	21
chr19	54871999	54873606	+	23	23
chr19	55586504	55587025	-	23	18
chr19	57308680	57312182	+	23	23
chr19	57627233	57628398	+	23	23
chr20	13329610	13332121	-	23	18
chr20	20844682	20844878	-	23	23
chr20	32107264	32109180	+	23	20
chr20	32355963	32357330	+	23	19
chr20	33344632	33347445	-	23	22
chr20	36774336	36775881	+	23	22
chr20	37284281	37286750	+	23	22
chr20	38959880	38962174	-	23	22
chr20	40193002	40193338	-	23	23
chr20	43728613	43731485	-	23	19
chr20	45116984	45117411	-	23	22
chr20	46335687	46336158	+	23	19
chr20	49794362	49796773	+	23	21
chr20	50371256	50371465	+	23	23
chr20	51809540	51828170	+	23	23
chr20	51997434	52002786	-	23	22
chr20	62379057	62381342	-	23	23
chr20	62778918	62782781	-	23	19
chr21	31095610	31097904	+	23	22
chr21	31113278	31116740	+	23	22
chr21	44843853	44846789	+	23	22
chr21	46691596	46692903	+	23	23
chr22	31281002	31281556	-	23	23
chr22	31351280	31356542	-	23	22
chr22	35647542	35648080	-	23	22
chr22	36248751	36250674	-	23	21
chr22	39389435	39394090	-	23	21
chr22	42722395	42742054	-	23	22
chrX	14518798	14518925	+	23	23
chrX	22030135	22031969	-	23	22
chrX	30732371	30733683	-	23	22
chrX	34425793	34425971	+	23	23
chrX	40559012	40564276	+	23	21
chrX	40771532	40772073	+	23	23
chrX	44596055	44597367	-	23	23
chrX	47216316	47217750	+	23	22
chrX	48136708	48137067	-	23	23
chrX	52916507	52919558	+	23	21
chrX	53922965	53925753	+	23	21
chrX	56461439	56464340	+	23	23
chrX	57869494	57872280	-	23	19
chrX	64173570	64174203	-	23	21
chrX	68551185	68551985	+	23	22
chrX	69261403	69288293	+	23	23
chrX	71003449	71010668	-	23	22
chrX	71202020	71206784	+	23	23
chrX	80653224	80653758	+	23	23
chrX	81317456	81319809	-	23	23
chrX	82430566	82430820	-	23	23
chrX	85564674	85679542	-	23	22
chrX	89604221	89743075	+	23	23
chrX	104388566	104388743	+	23	23
chrX	109794274	109794868	-	23	23
chrX	109897422	109899084	-	23	22
chrX	116104395	116105185	-	23	23
chrX	119049874	119050365	+	23	23
chrX	129422074	129430122	-	23	20
chrX	129595943	129598736	+	23	21
chrX	135365738	135367378	+	23	23
chrX	138097099	138142546	-	23	23
chrX	139445619	139446573	+	23	23
chrX	149922580	149924522	-	23	22
chrX	150681410	150683183	+	23	22
chrX	151561855	151562895	+	23	22
chrY	20732	236067	+	23	23
chrY	1646831	1654629	+	23	21
chrY	4952081	4977131	+	23	23
chrY	11933969	11936428	+	23	23
chrY	12865344	12866164	-	23	23
GL000225.1	209836	209919	-	23	20
KI270727.1	21519	24662	+	23	23
KI270728.1	130924	135792	+	23	23
KI270729.1	29700	33504	+	23	23
KI270734.1	141113	141940	+	23	23
chr1	1375717	1376231	-	22	21
chr1	1912204	1913915	-	22	19
chr1	2584609	2586463	-	22	20
chr1	9621708	9624528	+	22	22
chr1	10634992	10636590	+	22	22
chr1	19659124	19659834	+	22	22
chr1	20579915	20583700	+	22	21
chr1	25600826	25601896	-	22	20
chr1	27870707	27872015	-	22	20
chr1	32288999	32291373	+	22	22
chr1	32975301	32978357	+	22	22
chr1	37859914	37860681	+	22	19
chr1	40034266	40035909	+	22	21
chr1	52101170	52102604	+	22	21
chr1	53755716	53757715	-	22	18
chr1	60277918	60279391	+	22	21
chr1	66988643	66991324	+	22	22
chr1	77683813	77684954	+	22	20
chr1	87349400	87353418	+	22	21
chr1	89317238	89318846	+	22	18
chr1	91644132	91644252	+	22	22
chr1	102630520	102630829	-	22	22
chr1	104394761	104409556	-	22	22
chr1	108645506	108648246	+	22	19
chr1	109241177	109244274	-	22	20
chr1	114542983	114546505	-	22	21
chr1	118314053	118408339	+	22	21
chr1	119008856	119010152	-	22	20
chr1	119610039	119613050	-	22	21
chr1	144070599	144073006	-	22	21
chr1	146469472	146472182	-	22	21
chr1	148746532	148748598	-	22	21
chr1	151150928	151156132	+	22	21
chr1	151586830	151588769	+	22	14
chr1	153510671	153515500	-	22	22
chr1	154645647	154668620	+	22	22
chr1	154685419	154685609	-	22	22
chr1	158174362	158175595	-	22	22
chr1	158984066	158985332	-	22	20
chr1	159262356	159265936	-	22	15
chr1	160585493	160587911	-	22	19
chr1	165710025	165711488	-	22	21
chr1	171425607	171425856	+	22	22
chr1	171694947	171695860	-	22	21
chr1	179288350	179290573	-	22	17
chr1	180204833	180207775	+	22	20
chr1	182348449	182376745	+	22	22
chr1	182986383	183001505	+	22	21
chr1	188000938	188001078	+	22	21
chr1	206465799	206466682	+	22	22
chr1	210324013	210328190	-	22	21
chr1	226609232	226609901	-	22	21
chr1	228514179	228518158	+	22	20
chr1	229588752	229592461	+	22	22
chr1	238953175	238954176	+	22	19
chr1	246535585	246538450	-	22	16
chr1	247079195	247081555	-	22	20
chr2	7123217	7127505	+	22	21
chr2	20228552	20235312	+	22	22
chr2	24486209	24490888	-	22	20
chr2	27121385	27123703	-	22	15
chr2	27244528	27246091	+	22	22
chr2	27529536	27530513	+	22	21
chr2	30225605	30229168	+	22	22
chr2	37159599	37159772	+	22	22
chr2	42426298	42428796	-	22	19
chr2	49839638	49839780	-	22	21
chr2	64070069	64071416	+	22	21
chr2	70251751	70254871	-	22	18
chr2	88352215	88359628	+	22	21
chr2	91548745	91548884	+	22	22
chr2	105737272	105739316	-	22	20
chr2	106079290	106079820	+	22	18
chr2	112352771	112355158	+	22	20
chr2	118354693	118355627	+	22	22
chr2	118394685	118394957	-	22	22
chr2	128211344	128212954	+	22	21
chr2	131524511	131526591	+	22	22
chr2	161988755	161992053	+	22	19
chr2	170971191	170974673	+	22	21
chr2	171298297	171301099	-	22	21
chr2	172645260	172645634	-	22	22
chr2	174004833	174008223	-	22	21
chr2	174492592	174495124	+	22	20
chr2	194912975	194918504	-	22	19
chr2	194969222	194970621	-	22	18
chr2	194972241	194974578	-	22	20
chr2	195041110	195047217	-	22	21
chr2	195257238	195257552	+	22	21
chr2	201177207	201177855	-	22	22
chr2	203776829	203781023	-	22	21
chr2	205983914	205987653	+	22	21
chr2	206425237	206425386	+	22	22
chr2	207068413	207072186	-	22	22
chr2	211151766	211197514	+	22	22
chr2	218378319	218379554	+	22	20
chr2	219937465	219937744	+	22	22
chr2	227001149	227002568	-	22	20
chr2	228229107	228229253	-	22	22
chr2	234562607	234564459	-	22	21
chr3	5256817	5259297	+	22	21
chr3	10108677	10112819	+	22	20
chr3	12718708	12731866	+	22	22
chr3	14217296	14217666	-	22	19
chr3	41118085	41119784	+	22	21
chr3	66501518	66502559	+	22	17
chr3	89035542	89035708	+	22	22
chr3	90338675	90340026	+	22	22
chr3	112853282	112853929	+	22	22
chr3	126333557	126336538	+	22	20
chr3	131460192	131462107	+	22	22
chr3	141929934	141932392	-	22	21
chr3	170309597	170321447	+	22	21
chr3	171810987	171812308	+	22	18
chr3	196596814	196598544	-	22	20
chr4	14902	31770	+	22	21
chr4	18139010	18139136	+	22	22
chr4	26786396	26787671	-	22	21
chr4	35851089	35851808	-	22	22
chr4	40294588	40301375	-	22	19
chr4	40644070	40650904	-	22	21
chr4	60046136	60047130	-	22	22
chr4	65722344	65722566	+	22	21
chr4	67545768	67548416	+	22	20
chr4	74460221	74462460	+	22	19
chr4	82341154	82342216	+	22	21
chr4	88247914	88251889	-	22	19
chr4	96124215	96124439	+	22	22
chr4	98863312	98868816	+	22	20
chr4	98870539	98872161	-	22	22
chr4	99063885	99066944	+	22	21
chr4	99874369	99877818	+	22	20
chr4	102077963	102078313	-	22	22
chr4	109558251	109560131	+	22	19
chr4	114679949	114681357	-	22	22
chr4	128048258	128052959	-	22	17
chr4	135448372	135450381	+	22	22
chr4	141925693	141925813	-	22	22
chr4	142022318	142023078	-	22	22
chr4	145203851	145204039	+	22	22
chr4	165323164	165324823	+	22	22
chr4	167262307	167263556	+	22	22
chr4	176411357	176463519	-	22	22
chr4	180776206	180776391	-	22	22
chr5	438977	441474	-	22	21
chr5	6533211	6533328	+	22	22
chr5	14139575	14143211	-	22	21
chr5	29439304	29441089	-	22	22
chr5	39090962	39092576	-	22	22
chr5	42209074	42209196	-	22	22
chr5	69087204	69091962	+	22	22
chr5	69445900	69461621	-	22	22
chr5	85657706	85662678	-	22	22
chr5	113491851	113492033	+	22	22
chr5	119407630	119408828	-	22	21
chr5	121960295	121961503	-	22	19
chr5	134586473	134588389	-	22	21
chr5	137743478	137745641	-	22	21
chr5	142102155	142105476	-	22	22
chr5	165255540	165255709	+	22	21
chr5	179796687	179797595	+	22	20
chr6	14277969	14279922	+	22	20
chr6	15226591	15231532	-	22	22
chr6	16296320	16298617	+	22	21
chr6	32246412	32246640	+	22	22
chr6	36852056	36854768	-	22	21
chr6	43425389	43427281	-	22	21
chr6	48370668	48370967	-	22	22
chr6	51036233	51225646	+	22	22
chr6	54823490	54823597	-	22	22
chr6	57235245	57278236	+	22	20
chr6	69556980	69557122	+	22	22
chr6	80000262	80001821	-	22	22
chr6	87719608	87721296	+	22	20
chr6	111043880	111044223	-	22	22
chr6	117713361	117713753	-	22	19
chr6	126254518	126257025	+	22	21
chr6	150599242	150599650	+	22	18
chr6	154697351	154697619	-	22	21
chr7	6609077	6612365	+	22	21
chr7	10345686	10345826	-	22	22
chr7	15920489	15953673	+	22	22
chr7	26222753	26225801	+	22	20
chr7	30237814	30240374	-	22	20
chr7	31391607	31391746	+	22	22
chr7	32894422	32897184	+	22	20
chr7	54666723	54667608	-	22	22
chr7	64716753	64717878	-	22	22
chr7	65100850	65104154	+	22	22
chr7	65858207	65859395	-	22	22
chr7	67441668	67501970	-	22	19
chr7	72554585	72558196	+	22	21
chr7	73418792	73421651	+	22	22
chr7	74126240	74127991	+	22	20
chr7	74961577	74964562	+	22	21
chr7	76359141	76361317	+	22	22
chr7	91211182	91212628	+	22	21
chr7	99542743	99545777	+	22	19
chr7	100618610	100619370	-	22	21
chr7	115921791	115924339	-	22	18
chr7	142419068	142422494	-	22	20
chr7	142508368	142509959	-	22	21
chr7	148956924	148964129	-	22	20
chr7	151457329	151459181	-	22	21
chr7	152530637	152548425	+	22	22
chr7	152862256	152864089	+	22	20
chr7	155017167	155026101	+	22	20
chr7	155045404	155048647	-	22	21
chr8	11885557	11887124	-	22	14
chr8	13643511	13643789	+	22	22
chr8	24942852	24943111	-	22	22
chr8	30029496	30030854	-	22	21
chr8	37760203	37761728	-	22	21
chr8	38883031	38883276	+	22	22
chr8	42087183	42091315	+	22	21
chr8	47087942	47088433	+	22	22
chr8	53011034	53011238	-	22	22
chr8	65563251	65578152	-	22	19
chr8	65598401	65599367	-	22	21
chr8	73932168	73934896	-	22	17
chr8	80950202	80952308	-	22	21
chr8	80953117	80956334	+	22	22
chr8	80962835	80966987	+	22	22
chr8	96117745	96120778	+	22	21
chr8	97165918	97169837	+	22	22
chr8	110601729	110601908	+	22	22
chr8	124304828	124305179	+	22	22
chr8	131744029	131746568	-	22	21
chr8	133914368	133915695	-	22	21
chr8	134458218	134459522	+	22	22
chr9	5328099	5330712	+	22	19
chr9	19152440	19154418	-	22	17
chr9	27738850	27739130	-	22	22
chr9	32272412	32272667	+	22	22
chr9	37099355	37103877	+	22	19
chr9	40890501	40895039	-	22	17
chr9	62667160	62670806	+	22	22
chr9	63659410	63661078	-	22	21
chr9	63705534	63710071	-	22	22
chr9	66767123	66767842	-	22	22
chr9	79742131	79745348	+	22	19
chr9	81430336	81451956	+	22	22
chr9	93085269	93087754	+	22	22
chr9	97970815	97973433	+	22	19
chr9	100907218	100907387	-	22	22
chr9	107520764	107532828	+	22	21
chr9	111516866	111522335	+	22	21
chr9	113404891	113406928	+	22	19
chr9	118452430	118452591	+	22	22
chr9	118667159	118668267	-	22	22
chr9	120316517	120318497	-	22	18
chr9	122676246	122677529	-	22	21
chr9	129529132	129538123	+	22	20
chr9	133026136	133027839	-	22	21
chr9	136099927	136100772	-	22	20
chr10	126877	130002	-	22	21
chr10	792047	792979	+	22	20
chr10	2836565	2836829	-	22	22
chr10	5978319	5980073	+	22	20
chr10	6617074	6618351	-	22	22
chr10	7149474	7151793	-	22	21
chr10	18681915	18684015	-	22	21
chr10	31961088	31966989	+	22	20
chr10	36491011	36516931	+	22	22
chr10	46861474	46861649	-	22	22
chr10	58371092	58374919	+	22	21
chr10	79371667	79374671	+	22	22
chr10	79644008	79644425	+	22	22
chr10	80117832	80120702	-	22	21
chr10	81635738	81635837	-	22	22
chr10	85314780	85361646	+	22	22
chr10	86383275	86384627	+	22	22
chr10	92043128	92045869	-	22	22
chr10	96514634	96518063	-	22	21
chr10	100635536	100658931	-	22	22
chr10	102743492	102743944	+	22	21
chr10	107178656	107348046	-	22	21
chr10	113171297	113173260	-	22	19
chr10	118000550	118004878	-	22	20
chr10	122372185	122374335	-	22	22
chr10	133243029	133246415	+	22	20
chr11	641023	643595	-	22	21
chr11	642887	643782	+	22	22
chr11	6816000	6816142	+	22	22
chr11	14364887	14366912	+	22	19
chr11	14371413	14373551	-	22	20
chr11	23139485	23144079	+	22	18
chr11	30338649	30339817	+	22	21
chr11	32561727	32562807	-	22	22
chr11	33037704	33038521	-	22	22
chr11	39296562	39302896	-	22	21
chr11	39903386	39903945	-	22	20
chr11	48498007	48498106	+	22	21
chr11	48850855	48852704	-	22	21
chr11	57957549	57967538	-	22	21
chr11	60865388	60867338	-	22	18
chr11	68870008	68870461	+	22	22
chr11	88261455	88264044	+	22	19
chr11	90198149	90200414	-	22	20
chr11	93467533	93470806	-	22	20
chr11	95427350	95427739	+	22	21
chr11	98218012	98243234	+	22	22
chr11	109177477	109178582	-	22	22
chr11	110467112	110468092	-	22	21
chr11	117176988	117178376	+	22	21
chr11	118127831	118127927	-	22	22
chr11	124710334	124711651	+	22	21
chr11	128073381	128076724	+	22	20
chr11	128081663	128082793	+	22	20
chr12	4162237	4164554	+	22	21
chr12	8453748	8455374	-	22	11
chr12	11197001	11197474	-	22	21
chr12	12268421	12269165	+	22	22
chr12	27182730	27187839	+	22	21
chr12	31106861	31108578	+	22	19
chr12	37866844	38071716	-	22	22
chr12	39444868	39447053	-	22	18
chr12	49076102	49078988	+	22	20
chr12	51885592	51887446	+	22	21
chr12	52577815	52578279	+	22	20
chr12	54908522	54909995	+	22	21
chr12	57959479	57963903	+	22	18
chr12	64710565	64713303	-	22	22
chr12	67139200	67140388	+	22	22
chr12	69322080	69322243	-	22	22
chr12	81945552	81946613	+	22	22
chr12	86839728	86880267	+	22	22
chr12	88379887	88381096	-	22	22
chr12	88622557	88622877	+	22	22
chr12	92679142	92679400	-	22	22
chr12	95004402	95005719	-	22	21
chr12	101547738	101548026	-	22	21
chr12	108734470	108735277	+	22	20
chr12	122717635	122720033	-	22	20
chr12	122907470	122909388	-	22	19
chr12	128788341	128790093	+	22	22
chr13	21627045	21627704	-	22	20
chr13	27528651	27532575	-	22	19
chr13	30128513	30129291	-	22	22
chr13	30140664	30141021	+	22	22
chr13	31699583	31701226	-	22	20
chr13	31727018	31730726	-	22	21
chr13	41263804	41267017	+	22	21
chr13	44927015	44938106	+	22	21
chr13	45462498	45464842	-	22	20
chr13	49845937	49849480	+	22	21
chr13	62983980	62984348	-	22	22
chr13	73023232	73025751	-	22	22
chr13	73128625	73129519	-	22	22
chr13	87051383	87051523	+	22	22
chr13	113578308	113580289	-	22	17
chr14	20649609	20649756	-	22	21
chr14	20680434	20682582	-	22	19
chr14	21177750	21179487	+	22	22
chr14	21980565	21988437	-	22	13
chr14	22003683	22005469	+	22	21
chr14	43063177	43063684	+	22	22
chr14	54825086	54827205	-	22	19
chr14	55118587	55118989	+	22	20
chr14	58556847	58558308	-	22	22
chr14	87993675	87996810	+	22	20
chr14	90388681	90392837	+	22	20
chr14	95705780	95709592	-	22	18
chr14	96490195	96490928	+	22	22
chr14	97620346	97622196	+	22	20
chr14	105556659	105559418	-	22	17
chr14	106540155	106543845	+	22	15
chr15	19892281	19895713	+	22	20
chr15	21142254	21143942	-	22	21
chr15	21281579	21284405	+	22	22
chr15	26363890	26364206	+	22	22
chr15	28692255	28696504	-	22	15
chr15	31303434	31307083	-	22	20
chr15	31445009	31448917	-	22	19
chr15	34842880	34844478	+	22	21
chr15	36376092	36376313	-	22	22
chr15	41174172	41174417	+	22	21
chr15	56075626	56075845	-	22	21
chr15	66334295	66336081	+	22	20
chr15	79976562	79979996	+	22	19
chr15	96633472	96659571	+	22	22
chr16	3154917	3157686	-	22	20
chr16	4600798	4602844	-	22	22
chr16	17591553	17593139	+	22	21
chr16	20925308	20927583	-	22	21
chr16	30776324	30778354	+	22	22
chr16	32891811	32892015	+	22	22
chr16	34160363	34160944	+	22	22
chr16	46792058	46794692	+	22	21
chr16	60170521	60212220	+	22	22
chr16	68239400	68241172	-	22	22
chr16	68632904	68635621	+	22	19
chr16	79439387	79445563	-	22	20
chr16	81719657	81722277	+	22	21
chr16	85869591	85871409	-	22	19
chr16	88812098	88813679	+	22	21
chr16	90223351	90226973	+	22	22
chr17	3111873	3113221	+	22	22
chr17	5062747	5065119	-	22	22
chr17	6565041	6567004	+	22	20
chr17	8330910	8331183	-	22	22
chr17	15697150	15699490	-	22	21
chr17	16365736	16377079	-	22	22
chr17	16392826	16396583	+	22	17
chr17	16609926	16613698	-	22	20
chr17	19391350	19396115	+	22	21
chr17	20593120	20594108	+	22	22
chr17	27912242	27912422	-	22	22
chr17	28862346	28863326	-	22	22
chr17	29184651	29195253	-	22	21
chr17	38273695	38284216	+	22	21
chr17	38626808	38651670	-	22	20
chr17	62280200	62280674	+	22	21
chr17	64497204	64498226	+	22	22
chr17	67366772	67367538	+	22	21
chr17	71661879	71662054	+	22	22
chr17	74873470	74874969	+	22	22
chr17	76028966	76032029	+	22	21
chr17	78355300	78356775	+	22	20
chr17	79744765	79751991	-	22	21
chr17	83242747	83244176	+	22	21
chr18	5704400	5704507	-	22	22
chr18	10569792	10573053	-	22	22
chr18	21609953	21612228	-	22	21
chr18	27734610	27734764	-	22	22
chr18	37237404	37240287	+	22	22
chr18	50962923	50966880	+	22	20
chr18	52064787	52182145	+	22	21
chr18	59237201	59237399	+	22	21
chr18	63441139	63455691	+	22	21
chr18	67505817	67506190	+	22	20
chr19	135850	138891	-	22	22
chr19	913754	916717	-	22	20
chr19	3485287	3488213	-	22	20
chr19	4670807	4673939	+	22	21
chr19	6879551	6882070	+	22	21
chr19	7661305	7665184	-	22	22
chr19	8356254	8362815	+	22	20
chr19	8361199	8363212	-	22	21
chr19	9167408	9171683	+	22	19
chr19	12976733	12979905	+	22	10
chr19	13656506	13666073	+	22	22
chr19	16273625	16278902	-	22	22
chr19	18673630	18679324	-	22	20
chr19	21067346	21070588	-	22	22
chr19	21717415	21719735	+	22	21
chr19	21799224	21802791	-	22	19
chr19	29895182	29896421	+	22	22
chr19	32317887	32318313	+	22	22
chr19	34699646	34723853	-	22	19
chr19	35913414	35920687	-	22	22
chr19	40969343	40970531	-	22	19
chr19	43447344	43460172	-	22	22
chr19	45646945	45650152	-	22	22
chr19	50086842	50089418	+	22	22
chr19	50502246	50505904	+	22	20
chr19	50728775	50729809	+	22	20
chr19	51418448	51421027	-	22	20
chr19	51736397	51737611	+	22	18
chr19	52735297	52736303	+	22	21
chr19	54916431	54917386	+	22	20
chr19	55375887	55376562	-	22	20
chr19	55739647	55743595	+	22	22
chr19	57629527	57630085	-	22	22
chr20	1404813	1405052	-	22	22
chr20	7972095	7977238	-	22	21
chr20	13345477	13345944	+	22	20
chr20	19172018	19172166	+	22	22
chr20	21449399	21478265	-	22	22
chr20	25228351	25229091	+	22	22
chr20	34541429	34544103	+	22	20
chr20	37248040	37250877	-	22	21
chr20	37548819	37549131	+	22	20
chr20	41328248	41328904	-	22	22
chr20	41816983	41817089	+	22	22
chr20	45411770	45413112	+	22	21
chr20	53518945	53523353	-	22	19
chr21	14475927	14476266	+	22	22
chr21	15685683	15691045	+	22	19
chr21	15897184	15904209	-	22	20
chr21	17291582	17292149	-	22	22
chr21	36010646	36014156	-	22	21
chr21	42935841	42939667	-	22	20
chr21	42956740	42958310	-	22	20
chr21	43709476	43715195	+	22	20
chr21	45588544	45589953	+	22	21
chr22	16359751	16370917	+	22	22
chr22	18146814	18147863	-	22	21
chr22	20414991	20418170	-	22	20
chr22	34624663	34626902	+	22	22
chr22	34678375	34679163	-	22	22
chr22	45479137	45479461	-	22	22
chr22	50335311	50336539	-	22	20
chrX	12968502	12971485	+	22	21
chrX	13996620	13997893	+	22	22
chrX	16454368	16454521	+	22	22
chrX	23814812	23826246	-	22	20
chrX	34501728	34502862	-	22	22
chrX	43491614	43564560	-	22	21
chrX	47187365	47189661	+	22	20
chrX	49069857	49070633	+	22	20
chrX	57852078	57852735	-	22	20
chrX	66137957	66138194	+	22	22
chrX	69156970	69160677	-	22	21
chrX	76471801	76476640	+	22	16
chrX	77815879	77818556	+	22	22
chrX	78405979	78414392	+	22	22
chrX	79088407	79089935	-	22	13
chrX	79132463	79134054	-	22	17
chrX	79406750	79409313	-	22	22
chrX	80846232	80847131	+	22	21
chrX	85855856	85856244	+	22	21
chrX	89893369	89893461	+	22	22
chrX	98277768	98277904	+	22	22
chrX	108018983	108025410	+	22	21
chrX	108905709	108906715	+	22	21
chrX	111432215	111432326	-	22	20
chrX	113527401	113531356	-	22	16
chrX	117760398	117877343	+	22	22
chrX	118721988	118726852	+	22	20
chrX	123853798	123856300	-	22	22
chrX	131874623	131874887	+	22	22
chrX	146730677	146733148	-	22	22
chrX	150285215	150285621	+	22	21
chrY	2162112	2164421	+	22	22
chrY	7413843	7416241	+	22	21
chrY	11452443	11455589	+	22	22
chrY	11793589	11887404	-	22	22
chrY	15731210	15731511	-	22	22
chrY	19407763	19446193	+	22	20
chrY	20808172	20808341	+	22	22
chrY	21047800	21051162	-	22	19
chrY	26376366	26379277	-	22	22
chrY	26395569	26399577	+	22	22
GL000195.1	174619	179289	+	22	22
GL000214.1	117496	137016	+	22	17
KI270722.1	79465	81445	-	22	21
KI270731.1	828	1078	+	22	22
chr1	1780680	1782246	+	21	20
chr1	6735053	6735586	+	21	12
chr1	7855907	7856307	-	21	21
chr1	12520197	12523590	-	21	20
chr1	15224842	15226003	+	21	17
chr1	20495749	20496216	-	21	18
chr1	20736699	20739065	-	21	21
chr1	21203737	21205867	+	21	21
chr1	25876263	25878653	+	21	17
chr1	27968323	27970290	+	21	21
chr1	28584960	28587698	-	21	20
chr1	32403471	32409557	+	21	20
chr1	33141521	33141864	+	21	20
chr1	35147076	35148457	-	21	21
chr1	35258940	35259121	-	21	20
chr1	35597422	35599499	+	21	20
chr1	35865479	35868098	-	21	19
chr1	39909023	39909164	-	21	21
chr1	40000056	40001374	+	21	21
chr1	40617022	40620101	-	21	18
chr1	41339787	41348210	-	21	18
chr1	54438616	54438742	-	21	21
chr1	54764887	54767192	+	21	19
chr1	54801348	54803338	+	21	21
chr1	75176103	75177346	-	21	20
chr1	84591592	84594582	+	21	17
chr1	89950983	89951723	-	21	18
chr1	99848169	99849639	-	21	18
chr1	108475916	108476927	-	21	21
chr1	109239178	109243148	+	21	19
chr1	109632563	109634447	-	21	20
chr1	110025573	110026557	-	21	20
chr1	110631831	110632653	+	21	18
chr1	110942377	110943445	+	21	18
chr1	115047101	115047839	-	21	19
chr1	119599273	119600365	-	21	21
chr1	120897093	120900598	-	21	19
chr1	152832102	152833344	+	21	20
chr1	158824644	158827586	+	21	20
chr1	159242846	159246771	-	21	14
chr1	167522989	167524364	+	21	19
chr1	167709834	167713010	-	21	19
chr1	178931124	178932077	-	21	20
chr1	180208821	180213280	+	21	19
chr1	184165536	184166374	+	21	20
chr1	198324156	198327661	-	21	20
chr1	202324825	202328535	+	21	20
chr1	202719419	202722882	-	21	20
chr1	205537682	205540917	+	21	19
chr1	223065305	223066118	-	21	21
chr1	227533366	227536120	-	21	15
chr1	248480927	248484080	-	21	20
chr2	7221367	7222791	+	21	20
chr2	9192032	9192222	-	21	20
chr2	20436933	20439526	-	21	21
chr2	24783115	24785963	+	21	19
chr2	27077819	27077914	+	21	21
chr2	31432172	31439409	+	21	21
chr2	32821141	32824546	+	21	19
chr2	38377549	38381439	+	21	18
chr2	43218959	43219804	+	21	18
chr2	56990467	56990781	-	21	21
chr2	60447217	60450025	+	21	16
chr2	65288369	65290882	-	21	21
chr2	69883086	69888433	+	21	19
chr2	88861660	88863509	-	21	14
chr2	89184554	89186551	+	21	21
chr2	96742117	96744392	+	21	21
chr2	99542713	99544034	+	21	21
chr2	103482575	103482731	-	21	20
chr2	119385993	119388636	-	21	17
chr2	135785072	135787517	+	21	20
chr2	135877275	135879070	-	21	19
chr2	148816642	148822989	-	21	20
chr2	174249105	174253551	+	21	20
chr2	203616993	203617611	-	21	21
chr2	207806278	207809972	+	21	20
chr2	222821120	222822747	+	21	21
chr2	222946797	222948108	-	21	21
chr2	224311648	224311789	+	21	21
chr2	230319933	230326737	-	21	20
chr2	232360136	232361119	+	21	20
chr2	241522045	241524388	+	21	21
chr3	3664281	3665515	+	21	21
chr3	22455967	22456090	-	21	21
chr3	25680169	25683157	+	21	19
chr3	27767953	27780697	-	21	21
chr3	35128441	35128585	+	21	21
chr3	35273168	35273418	-	21	21
chr3	37446381	37448234	+	21	19
chr3	38833594	38833755	+	21	21
chr3	39650946	39656528	-	21	21
chr3	48740963	48742712	+	21	20
chr3	51920564	51924402	+	21	17
chr3	52168468	52169842	+	21	5
chr3	56719003	56720616	+	21	21
chr3	73071395	73077704	+	21	19
chr3	89968724	89969000	+	21	21
chr3	94131867	94134447	+	21	18
chr3	102009118	102013040	+	21	16
chr3	102025354	102030258	+	21	14
chr3	120308001	120308418	+	21	21
chr3	125997475	126000211	+	21	20
chr3	141822554	141822843	+	21	21
chr3	142296497	142298983	-	21	20
chr3	144274472	144275908	+	21	18
chr3	160668912	160669424	-	21	21
chr3	161332006	161334401	+	21	20
chr3	161757357	161767633	+	21	20
chr3	174300961	174301198	+	21	21
chr3	176972971	176983032	-	21	17
chr3	183633351	183635527	-	21	20
chr3	185639021	185642967	-	21	19
chr3	191857794	191858023	+	21	20
chr3	194399672	194400297	-	21	20
chr3	198231177	198232708	+	21	21
chr4	1982219	1982648	-	21	21
chr4	13220204	13224429	-	21	19
chr4	18026031	18081452	+	21	21
chr4	18093747	18135816	+	21	21
chr4	22841335	22841480	+	21	21
chr4	25489425	25495852	+	21	20
chr4	26129026	26130931	-	21	13
chr4	38760495	38765409	+	21	21
chr4	45591931	45595766	-	21	21
chr4	64664068	64667070	+	21	21
chr4	74717538	74717734	-	21	21
chr4	77637374	77640339	-	21	18
chr4	82347040	82347919	+	21	19
chr4	83195887	83198812	+	21	18
chr4	94078223	94078545	-	21	20
chr4	98446535	98448662	+	21	21
chr4	108460640	108460734	+	21	21
chr4	114203314	114203531	-	21	21
chr4	124712908	124714668	+	21	19
chr4	129118277	129119384	+	21	19
chr4	129510130	129510311	-	21	21
chr4	143558065	143558998	-	21	18
chr4	174335996	174339927	+	21	19
chr4	186098422	186100503	-	21	21
chr4	187528531	187529456	+	21	21
chr5	35577066	35580641	-	21	17
chr5	37275701	37279250	-	21	20
chr5	41594714	41594884	-	21	20
chr5	43964862	44062709	-	21	21
chr5	46314455	46315421	+	21	21
chr5	55605621	55608495	+	21	17
chr5	56444898	56448800	-	21	21
chr5	58443397	58446362	-	21	20
chr5	62669467	62669864	-	21	21
chr5	66115465	66115891	-	21	19
chr5	82278485	82279419	+	21	20
chr5	85403249	85403457	+	21	21
chr5	85767488	85767806	-	21	21
chr5	95608871	95611170	+	21	21
chr5	101805556	101805998	-	21	19
chr5	106782579	106782786	+	21	21
chr5	107362396	107363151	+	21	20
chr5	118829250	118830501	+	21	21
chr5	123342456	123344275	-	21	19
chr5	132395861	132396859	-	21	21
chr5	144155057	144157657	-	21	21
chr5	151157897	151163463	+	21	21
chr5	155865850	155869293	+	21	17
chr5	171857587	171861208	-	21	20
chr5	172794493	172795082	+	21	20
chr5	173043130	173047210	-	21	19
chr5	177312822	177315786	+	21	20
chr5	181218482	181218821	+	21	6
chr5	181406477	181407055	-	21	18
chr6	3202096	3202252	-	21	21
chr6	4958787	4961209	+	21	17
chr6	11146142	11149312	+	21	20
chr6	11523993	11525891	-	21	19
chr6	12363310	12364649	+	21	18
chr6	14115341	14116248	+	21	20
chr6	17612400	17614706	-	21	21
chr6	27149701	27153549	-	21	18
chr6	27675170	27675434	-	21	21
chr6	35430802	35434776	-	21	20
chr6	37572660	37574765	-	21	20
chr6	44218689	44219070	+	21	20
chr6	52300739	52308650	-	21	19
chr6	67619902	67620931	-	21	21
chr6	89360108	89363915	-	21	20
chr6	93865770	93865928	-	21	21
chr6	98859781	98862282	+	21	20
chr6	107129617	107132669	-	21	19
chr6	112872079	112872953	+	21	21
chr6	121049565	121053039	-	21	19
chr6	141235323	141235424	+	21	21
chr6	143411661	143416127	-	21	19
chr6	144089157	144090058	+	21	19
chr6	164735109	164735851	-	21	21
chr6	166224648	166225956	+	21	20
chr7	810519	813460	-	21	16
chr7	2509456	2511980	+	21	19
chr7	4679025	4679380	+	21	21
chr7	4771860	4773334	+	21	19
chr7	6629083	6631202	-	21	20
chr7	17759832	17763536	-	21	21
chr7	23573226	23576877	-	21	21
chr7	24014234	24106073	-	21	21
chr7	38296887	38299448	-	21	21
chr7	38323625	38325521	-	21	20
chr7	38720657	38720957	+	21	21
chr7	44790343	44795069	-	21	18
chr7	48063533	48075813	+	21	21
chr7	50441138	50442527	-	21	21
chr7	53179147	53179545	+	21	21
chr7	54749731	54751085	-	21	20
chr7	67684690	67687722	-	21	21
chr7	71122929	71126247	-	21	21
chr7	72828595	72829354	-	21	19
chr7	73777373	73782154	+	21	20
chr7	74130921	74138015	+	21	18
chr7	82502432	82502582	+	21	21
chr7	86327216	86327523	-	21	21
chr7	89644222	89644412	+	21	21
chr7	99144196	99144926	+	21	20
chr7	101204643	101205897	-	21	19
chr7	107630329	107631007	+	21	20
chr7	110656691	110660164	-	21	17
chr7	123678591	123679232	+	21	20
chr7	140220361	140222586	-	21	18
chr7	141015312	141019076	+	21	20
chr7	141878460	141878565	+	21	21
chr7	142631800	142636818	-	21	20
chr7	143535782	143536124	-	21	21
chr7	144926451	144926578	+	21	20
chr7	149047702	149048273	+	21	21
chr7	150170978	150172055	+	21	21
chr7	150221128	150221946	+	21	21
chr7	150547526	150548763	+	21	19
chr7	152711996	152727181	+	21	20
chr7	156973535	156975321	-	21	20
chr7	156977238	156980086	+	21	19
chr7	157316942	157319513	+	21	20
chr8	488912	489348	-	21	21
chr8	12216343	12218260	+	21	19
chr8	20067880	20068102	+	21	20
chr8	22084052	22085614	+	21	17
chr8	33539594	33544097	+	21	20
chr8	37293739	37293919	-	21	21
chr8	45967566	45968251	+	21	21
chr8	53711579	53714537	-	21	21
chr8	56947368	56952222	-	21	20
chr8	77035354	77038936	+	21	16
chr8	80543869	80544271	-	21	18
chr8	103079924	103085036	+	21	19
chr8	104486582	104487044	+	21	20
chr8	112153936	112192823	+	21	20
chr8	122249680	122250837	-	21	21
chr8	125409846	125410125	+	21	20
chr8	132854957	132858702	+	21	18
chr8	133139290	133140327	+	21	20
chr8	133440150	133442002	-	21	20
chr8	139339486	139339664	+	21	21
chr8	142686290	142686436	-	21	21
chr8	143904933	143906557	+	21	19
chr8	144361532	144366160	+	21	20
chr9	7445199	7445536	+	21	20
chr9	8106762	8290986	+	21	15
chr9	15329202	15345985	+	21	20
chr9	20332297	20334719	-	21	20
chr9	22531566	22531680	-	21	21
chr9	24791773	24791992	+	21	21
chr9	34607780	34609024	+	21	21
chr9	63640891	63643248	-	21	19
chr9	66780536	66781938	+	21	20
chr9	71648781	71650965	+	21	19
chr9	71682443	71683243	+	21	18
chr9	80303155	80305428	-	21	19
chr9	80309109	80309552	-	21	20
chr9	80429208	80430645	-	21	17
chr9	83556073	83559109	-	21	20
chr9	88358225	88361462	-	21	19
chr9	88491273	88494598	+	21	16
chr9	94474769	94477576	+	21	16
chr9	103832738	103869673	-	21	21
chr9	110178985	110180406	+	21	19
chr9	121335832	121338979	-	21	19
chr9	122751193	122754245	-	21	19
chr9	123105047	123109201	+	21	20
chr9	136789932	136791293	-	21	21
chr9	136938041	136939049	+	21	20
chr10	776242	776638	-	21	21
chr10	13357450	13362145	-	21	18
chr10	22254614	22257344	+	21	20
chr10	31984614	31988867	+	21	18
chr10	32378887	32382803	+	21	19
chr10	39012219	39032462	+	21	21
chr10	46083175	46087562	+	21	20
chr10	62672283	62673247	-	21	20
chr10	73642551	73644076	+	21	21
chr10	73784465	73785471	-	21	21
chr10	74719098	74720652	-	21	20
chr10	75231463	75233147	+	21	20
chr10	76841609	76841740	+	21	21
chr10	96288805	96289131	+	21	17
chr10	113925905	113926410	-	21	20
chr10	119469607	119471815	+	21	16
chr10	119561626	119565647	+	21	21
chr10	123191214	123195593	+	21	21
chr10	123300716	123303842	+	21	19
chr10	128446043	128447143	-	21	21
chr11	442467	444732	+	21	19
chr11	4534657	4535944	+	21	21
chr11	9753041	9753776	+	21	20
chr11	10508401	10511668	+	21	21
chr11	13736729	13741235	+	21	19
chr11	34436912	34438771	-	21	20
chr11	44620924	44621779	+	21	20
chr11	48188987	48191071	-	21	16
chr11	60152263	60154938	-	21	19
chr11	61999896	62001438	+	21	21
chr11	62014121	62019585	+	21	17
chr11	63063000	63063230	-	21	21
chr11	63833220	63834437	+	21	21
chr11	63972259	63974533	-	21	21
chr11	64745460	64746113	-	21	20
chr11	68632129	68638714	-	21	19
chr11	73785070	73787451	-	21	20
chr11	79554662	79555057	+	21	21
chr11	86073841	86092908	+	21	20
chr11	93944067	93946471	-	21	21
chr11	102097838	102104837	+	21	21
chr11	102297859	102301881	-	21	18
chr11	107250783	107255952	-	21	18
chr11	129621502	129629038	-	21	19
chr11	130223853	130226438	+	21	20
chr12	4107574	4109350	+	21	20
chr12	6428979	6429976	-	21	20
chr12	8030786	8031878	+	21	19
chr12	8673714	8676674	-	21	16
chr12	12841554	12842378	-	21	21
chr12	12847732	12849295	-	21	21
chr12	49529058	49533197	-	21	19
chr12	52987265	52992539	+	21	21
chr12	60003975	60083219	-	21	21
chr12	67683826	67686161	-	21	20
chr12	69132298	69132765	+	21	21
chr12	75001393	75001499	-	21	21
chr12	79540000	79540096	+	21	20
chr12	86922713	86922916	-	21	21
chr12	101472559	101472935	+	21	21
chr12	106231863	106236702	-	21	21
chr12	106352248	106353270	+	21	18
chr12	109996615	109997353	+	21	20
chr12	121016794	121017390	+	21	20
chr12	121298370	121302009	-	21	18
chr12	122073153	122075998	-	21	19
chr12	124774678	124775826	+	21	20
chr12	128846882	128849085	+	21	20
chr12	131945984	131949833	+	21	18
chr12	132983745	132986238	-	21	18
chr13	19594176	19595310	-	21	21
chr13	20919254	20919967	-	21	4
chr13	22323332	22327131	+	21	19
chr13	27062778	27065369	-	21	19
chr13	30065686	30065963	-	21	21
chr13	40676707	40679131	-	21	19
chr13	40702316	40705905	+	21	20
chr13	41288817	41294315	+	21	18
chr13	48125118	48127139	-	21	19
chr13	48178651	48180981	-	21	19
chr13	51328998	51332660	-	21	19
chr13	73662663	73663564	-	21	19
chr13	79203500	79203704	+	21	21
chr13	81862297	81953755	+	21	21
chr13	95318887	95328458	+	21	21
chr13	102683258	102685603	-	21	19
chr13	103707179	103962202	-	21	21
chr13	105430176	105430302	-	21	21
chr13	110521862	110522534	+	21	21
chr14	21800683	21801072	+	21	19
chr14	24678860	24680579	-	21	19
chr14	32220051	32229141	-	21	20
chr14	34717037	34717187	-	21	21
chr14	35378109	35382803	+	21	21
chr14	48708952	48709086	-	21	20
chr14	52701786	52703124	-	21	19
chr14	53008224	53011483	-	21	17
chr14	54499201	54499326	+	21	20
chr14	63729227	63731005	+	21	18
chr14	65878254	65878347	-	21	21
chr14	69802040	69804865	-	21	19
chr14	73848199	73850607	+	21	21
chr15	22617867	22618941	+	21	21
chr15	26326242	26326389	+	21	21
chr15	45692272	45692675	-	21	21
chr15	51008037	51009915	-	21	19
chr15	52103172	52105345	-	21	14
chr15	65523399	65523544	-	21	21
chr15	66817977	66818427	-	21	21
chr15	74405236	74406577	-	21	16
chr15	80023963	80046170	-	21	21
chr15	101548722	101548932	+	21	21
chr16	2842964	2844577	+	21	20
chr16	13836986	13852878	+	21	21
chr16	14952241	14955759	-	21	18
chr16	17715519	17715838	-	21	21
chr16	18937615	18941442	+	21	19
chr16	25229242	25233684	+	21	18
chr16	26704051	26715496	+	21	20
chr16	31096130	31101903	-	21	19
chr16	33041633	33041896	+	21	21
chr16	50235467	50238296	+	21	20
chr16	66589383	66590269	+	21	20
chr16	81305541	81306963	+	21	21
chr16	81714490	81717069	+	21	20
chr16	84121420	84122134	-	21	17
chr16	84685972	84688141	+	21	20
chr16	87944744	87946306	+	21	20
chr16	88785282	88790718	-	21	21
chr16	89557873	89560189	+	21	21
chr17	1254148	1254548	+	21	9
chr17	5175185	5178583	-	21	20
chr17	8093578	8093838	+	21	21
chr17	12170907	12190306	-	21	21
chr17	14613191	14613817	-	21	21
chr17	15975747	15976547	-	21	21
chr17	16359318	16362853	+	21	20
chr17	29231542	29233456	-	21	19
chr17	35803726	35804600	+	21	20
chr17	36062743	36062891	+	21	20
chr17	39919876	39920842	-	21	20
chr17	40118823	40120448	-	21	19
chr17	42921564	42925686	+	21	20
chr17	45434579	45435237	+	21	21
chr17	46361779	46364022	+	21	21
chr17	62183037	62191994	+	21	21
chr17	64278935	64280334	+	21	20
chr17	64983219	64985955	+	21	20
chr17	67774151	67774339	-	21	21
chr17	77243734	77243861	-	21	21
chr17	78646487	78647184	-	21	21
chr17	80446891	80447900	-	21	17
chr17	82335806	82335978	-	21	21
chr18	814715	815300	+	21	20
chr18	2525864	2525980	+	21	21
chr18	5374779	5376248	-	21	18
chr18	9286113	9287887	-	21	21
chr18	10566341	10568661	+	21	20
chr18	13140852	13142364	-	21	20
chr18	28241104	28242523	+	21	21
chr18	30022042	30022236	-	21	21
chr18	35498463	35498890	-	21	20
chr18	36067846	36069628	+	21	19
chr18	49531331	49531748	-	21	8
chr18	49769954	49773052	-	21	17
chr18	51168561	51169124	+	21	19
chr18	62492524	62498860	-	21	19
chr18	62500654	62503615	+	21	21
chr18	62602320	62606908	+	21	17
chr18	75909225	75909460	+	21	21
chr18	78389521	78389598	-	21	21
chr19	258625	258973	-	21	21
chr19	4803372	4803841	-	21	19
chr19	6628861	6643682	+	21	21
chr19	7651508	7652853	-	21	19
chr19	8180628	8183489	+	21	21
chr19	9553640	9560173	-	21	19
chr19	14424039	14428606	-	21	20
chr19	21332623	21335488	+	21	18
chr19	24129999	24135199	+	21	19
chr19	34945208	34948183	-	21	19
chr19	35644951	35647795	+	21	20
chr19	35991500	35994853	-	21	18
chr19	38852372	38857484	-	21	20
chr19	43399952	43401245	-	21	20
chr19	43720224	43724356	+	21	19
chr19	45684331	45686631	+	21	20
chr19	46854225	46859019	-	21	19
chr19	47888641	47894697	-	21	21
chr19	48113947	48115136	+	21	20
chr19	48514245	48515670	+	21	19
chr19	48525549	48534316	-	21	20
chr19	50431398	50432765	+	21	18
chr19	50795666	50797677	-	21	20
chr19	50903532	50904309	+	21	20
chr19	54084740	54094133	+	21	20
chr19	54497154	54497773	-	21	20
chr19	55211605	55213748	-	21	20
chr19	55739137	55739760	-	21	21
chr19	56593792	56595174	-	21	17
chr19	57095451	57109087	+	21	21
chr19	57758698	57761488	+	21	15
chr20	5113468	5114827	+	21	18
chr20	5715496	5716868	+	21	19
chr20	5722832	5723052	-	21	3
chr20	5931967	5937227	-	21	20
chr20	9052515	9052860	-	21	21
chr20	13708836	13711275	-	21	21
chr20	22505483	22505819	-	21	21
chr20	29775369	29811339	-	21	21
chr20	31735488	31736934	-	21	19
chr20	31802057	31805475	-	21	21
chr20	35412372	35421893	-	21	19
chr20	35536613	35539219	-	21	16
chr20	36746856	36751780	-	21	18
chr20	37472266	37473427	+	21	20
chr20	37978269	37978888	+	21	21
chr20	44069707	44071823	+	21	21
chr20	44652295	44654247	+	21	21
chr20	45885530	45886185	+	21	20
chr20	45915053	45919857	-	21	19
chr20	54330280	54403296	+	21	19
chr20	58368928	58372378	-	21	18
chr20	62795415	62796200	+	21	17
chr21	7803278	7807759	-	21	16
chr21	8466896	8467032	-	21	21
chr21	14479077	14484077	-	21	18
chr21	28865123	28866121	+	21	21
chr21	32281013	32282932	-	21	21
chr21	37034747	37036878	-	21	21
chr21	41784301	41787202	+	21	21
chr21	42789856	42799136	-	21	21
chr21	43813962	43814375	-	21	21
chr21	44839367	44839987	+	21	18
chr22	17115700	17116197	+	21	20
chr22	19871565	19874053	-	21	19
chr22	23333657	23336699	+	21	19
chr22	24195446	24197991	-	21	21
chr22	27848900	27849524	+	21	21
chr22	31157625	31160057	-	21	21
chr22	36974170	36974491	-	21	21
chr22	37602921	37603923	-	21	17
chr22	39320424	39320819	-	21	21
chr22	40656748	40660208	-	21	21
chr22	41294703	41297503	+	21	21
chr22	45243437	45246275	-	21	19
chr22	45846419	45847415	-	21	21
chr22	47521207	47526876	+	21	15
chrX	322071	327278	+	21	20
chrX	3757325	3757533	+	21	21
chrX	10152637	10155616	+	21	20
chrX	12824232	12825750	+	21	19
chrX	12890393	12891981	+	21	21
chrX	17162646	17166229	+	21	17
chrX	19909515	19910712	+	21	19
chrX	40045842	40049781	+	21	19
chrX	44343861	44345519	+	21	20
chrX	44565340	44565830	-	21	21
chrX	44612309	44625605	-	21	21
chrX	53170929	53175786	-	21	20
chrX	57248818	57249183	-	21	21
chrX	75670615	75681687	-	21	20
chrX	76170882	76172945	-	21	18
chrX	78129350	78129721	+	21	21
chrX	78741414	78742221	-	21	21
chrX	79441200	79446858	+	21	19
chrX	80871731	80872551	-	21	20
chrX	87817128	87817356	-	21	21
chrX	100251129	100251319	+	21	21
chrX	101341205	101345150	+	21	21
chrX	107370095	107370225	+	21	21
chrX	127118794	127121698	-	21	21
chrX	130199401	130202692	-	21	19
chrX	133453670	133522858	+	21	21
chrX	135938351	135940957	-	21	17
chrX	136888468	136903941	-	21	21
chrX	147967097	147974684	+	21	19
chrX	149339796	149339950	+	21	21
chrX	154377886	154379206	-	21	21
chrX	155786416	155792235	+	21	20
chrY	1184579	1188223	-	21	19
chrY	2155907	2157539	+	21	21
chrY	2748634	2749903	-	21	20
chrY	3568251	3568360	-	21	20
chrY	12879055	12882370	+	21	18
GL000221.1	19344	21002	+	21	20
KI270748.1	31750	32335	-	21	17
chr1	6409990	6410376	-	20	20
chr1	9838507	9839783	-	20	20
chr1	22534088	22535074	+	20	20
chr1	22544019	22544605	+	20	20
chr1	23346851	23348694	-	20	20
chr1	27825514	27827580	-	20	19
chr1	31997375	32005857	+	20	20
chr1	33302950	33306285	+	20	18
chr1	35140825	35140937	+	20	20
chr1	36132489	36133545	+	20	18
chr1	36338832	36339126	-	20	20
chr1	36668233	36668378	-	20	18
chr1	37956267	37956948	-	20	18
chr1	40009263	40025406	+	20	18
chr1	43482798	43483018	+	20	19
chr1	52720606	52722921	-	20	18
chr1	54446480	54448516	-	20	20
chr1	54485084	54488034	-	20	18
chr1	70797210	70797396	+	20	20
chr1	74882961	74883057	+	20	20
chr1	76673486	76673717	+	20	20
chr1	84439611	84454398	+	20	20
chr1	86845848	86850667	-	20	17
chr1	91433834	91441575	+	20	20
chr1	98629310	98630436	+	20	20
chr1	99381715	99381991	+	20	20
chr1	100300794	100304310	+	20	20
chr1	101309182	101311251	+	20	19
chr1	109644468	109648796	+	20	18
chr1	110929861	110933626	-	20	20
chr1	111103350	111106427	-	20	17
chr1	111110897	111111286	+	20	20
chr1	115017932	115019021	-	20	20
chr1	153671245	153675917	-	20	17
chr1	158191942	158196814	-	20	17
chr1	160359317	160363552	+	20	20
chr1	160594909	160598593	+	20	18
chr1	162812919	162817774	-	20	20
chr1	165015599	165021093	-	20	19
chr1	168077049	168078788	+	20	20
chr1	168176573	168178814	-	20	19
chr1	181092962	181094140	-	20	20
chr1	186537838	186540707	+	20	17
chr1	186636157	186650083	+	20	20
chr1	188352260	188352921	-	20	20
chr1	200521093	200521647	-	20	20
chr1	201132566	201134458	-	20	18
chr1	203087844	203088983	+	20	20
chr1	203567444	203568132	-	20	20
chr1	203579928	203580543	-	20	5
chr1	209659140	209661086	-	20	19
chr1	212148591	212151922	+	20	19
chr1	212816980	212820199	+	20	17
chr1	217213303	217309324	+	20	20
chr1	220739018	220739240	-	20	20
chr1	223935887	223940651	-	20	19
chr1	224035448	224041549	+	20	20
chr1	225438909	225439484	-	20	20
chr1	225803978	225805271	+	20	19
chr1	227327480	227356488	+	20	19
chr1	229306049	229308824	-	20	20
chr1	234330383	234331612	-	20	19
chr1	236627085	236652711	-	20	20
chr1	244807337	244809982	-	20	17
chr1	244867390	244869143	-	20	18
chr1	244945698	244950569	-	20	19
chr1	248920309	248920610	+	20	19
chr2	214890	217657	-	20	19
chr2	4162151	4163750	+	20	19
chr2	6898417	6900132	+	20	18
chr2	9151535	9151642	+	20	20
chr2	15966802	15967017	-	20	20
chr2	18865627	18866042	+	20	19
chr2	25897212	25907411	-	20	20
chr2	31859859	31861239	+	20	20
chr2	35637865	35638692	-	20	20
chr2	42114230	42118038	-	20	17
chr2	48382392	48386230	-	20	20
chr2	49865446	49865585	-	20	20
chr2	54721040	54722981	-	20	18
chr2	64049161	64051093	-	20	16
chr2	71107211	71109666	-	20	20
chr2	75028727	75030396	+	20	19
chr2	85527179	85532104	+	20	20
chr2	105577464	105577737	-	20	20
chr2	106312409	106341024	-	20	20
chr2	108687270	108689227	+	20	18
chr2	108885821	108890899	+	20	20
chr2	109102169	109102408	-	20	20
chr2	109623683	109626548	+	20	17
chr2	117095591	117095809	-	20	20
chr2	130198706	130201389	+	20	20
chr2	130392834	130395778	-	20	20
chr2	142849588	142854091	-	20	16
chr2	148533722	148534794	+	20	19
chr2	151777887	151779174	+	20	20
chr2	153408100	153409868	+	20	18
chr2	156381343	156382800	+	20	18
chr2	161074549	161077889	-	20	20
chr2	173285917	173287315	-	20	20
chr2	176010547	176012465	+	20	17
chr2	179930893	179933672	-	20	19
chr2	182563685	182566072	-	20	18
chr2	182904825	182907245	-	20	20
chr2	183072600	183073855	+	20	20
chr2	185637718	185641669	+	20	18
chr2	194955078	194957304	-	20	19
chr2	194991734	194993619	-	20	17
chr2	195183118	195184677	+	20	17
chr2	195293961	195296184	+	20	20
chr2	195397969	195399463	-	20	19
chr2	198863059	198863200	-	20	20
chr2	207814369	207818637	+	20	16
chr2	221383539	221385901	-	20	20
chr2	224592607	224594836	-	20	18
chr2	234482285	234485455	+	20	19
chr2	237103358	237105811	-	20	20
chr2	238312607	238312870	+	20	19
chr2	238478915	238484216	+	20	20
chr2	239826127	239826315	+	20	19
chr2	239878972	239879312	+	20	18
chr2	240207078	240207219	+	20	20
chr2	241583825	241584349	-	20	19
chr3	5119830	5121038	+	20	20
chr3	9731166	9731645	-	20	16
chr3	10245718	10247945	+	20	18
chr3	12791874	12796091	-	20	18
chr3	13441373	13444678	-	20	19
chr3	31491390	31491696	-	20	20
chr3	33469224	33474961	+	20	19
chr3	33733498	33733674	+	20	20
chr3	35225598	35234478	+	20	20
chr3	49193216	49195978	+	20	19
chr3	49931788	49933605	-	20	18
chr3	51858255	51859138	-	20	19
chr3	57991240	58007622	+	20	19
chr3	61513857	61516054	+	20	19
chr3	69164077	69166643	-	20	19
chr3	74937270	75008910	-	20	20
chr3	77767699	77767829	-	20	20
chr3	78214891	78215042	+	20	20
chr3	87481472	87481573	-	20	19
chr3	101596743	101598165	-	20	19
chr3	104349560	104353118	-	20	16
chr3	105644768	105645376	+	20	20
chr3	109160565	109162769	-	20	20
chr3	112789335	112791418	+	20	20
chr3	120304170	120305593	-	20	18
chr3	121630507	121631190	+	20	17
chr3	122641853	122644534	-	20	20
chr3	128584329	128586311	-	20	19
chr3	133539947	133542983	-	20	18
chr3	143068973	143070914	+	20	18
chr3	143174108	143174440	-	20	19
chr3	143261792	143263579	-	20	17
chr3	144119702	144122974	+	20	19
chr3	144618724	144618845	-	20	20
chr3	155962532	155964355	+	20	20
chr3	161265794	161267793	+	20	19
chr3	162291549	162314454	-	20	20
chr3	172530793	172539924	+	20	19
chr3	182986806	182989958	+	20	19
chr3	184472315	184473143	-	20	17
chr4	2740189	2741464	-	20	18
chr4	9421544	9421869	+	20	20
chr4	11515765	11518482	+	20	17
chr4	13351144	13352867	+	20	20
chr4	26839125	26843504	+	20	19
chr4	38146689	38147888	-	20	18
chr4	40646467	40655373	+	20	20
chr4	40695131	40701665	-	20	20
chr4	49497060	49497624	-	20	20
chr4	54922789	54923848	+	20	20
chr4	59720479	59720621	-	20	19
chr4	69714295	69717206	-	20	19
chr4	71031307	71033406	-	20	19
chr4	71056642	71058834	-	20	20
chr4	77698806	77699169	+	20	19
chr4	78546957	78547805	-	20	20
chr4	89120313	89124001	+	20	17
chr4	94112115	94112370	+	20	20
chr4	98183286	98185012	-	20	18
chr4	100999975	101004643	-	20	15
chr4	105353787	105355514	-	20	18
chr4	106498330	106498893	-	20	20
chr4	110207697	110241331	-	20	18
chr4	112131784	112131997	-	20	20
chr4	118418939	118419769	-	20	18
chr4	119100995	119101684	+	20	16
chr4	122769634	122801518	+	20	19
chr4	152593206	152594483	+	20	18
chr4	153437679	153441771	+	20	19
chr4	168327994	168330027	-	20	16
chr4	178990498	178990581	+	20	20
chr4	179812091	179812370	-	20	20
chr4	184357591	184363045	-	20	18
chr5	3801258	3945454	-	20	20
chr5	6677145	6679549	+	20	17
chr5	10672014	10673693	-	20	19
chr5	23324498	23325902	+	20	20
chr5	33477694	33478988	-	20	20
chr5	40876449	40891806	-	20	18
chr5	41723960	41724764	-	20	19
chr5	44138505	44154445	+	20	20
chr5	56793298	56794172	+	20	19
chr5	57033066	57044551	+	20	18
chr5	57137067	57143391	-	20	16
chr5	57285058	57289442	+	20	15
chr5	58378256	58378485	-	20	13
chr5	58484311	58484595	-	20	4
chr5	58959596	58960779	-	20	16
chr5	62634798	62639475	+	20	20
chr5	69347005	69349773	+	20	18
chr5	76922020	76923170	-	20	20
chr5	77984944	77987229	+	20	19
chr5	80090599	80093213	+	20	20
chr5	97456750	97458665	+	20	18
chr5	101895498	101897402	-	20	17
chr5	106710626	106710781	+	20	19
chr5	117607679	117607854	+	20	20
chr5	122750293	122750495	-	20	20
chr5	126627257	126627922	-	20	19
chr5	126628531	126630660	+	20	19
chr5	134047645	134050178	+	20	19
chr5	138232897	138240209	-	20	19
chr5	154999202	155002107	-	20	20
chr5	160238862	160243910	-	20	20
chr5	166815897	166816005	+	20	20
chr5	173962080	173962735	+	20	20
chr5	177999798	178005802	+	20	18
chr5	179731988	179732768	+	20	19
chr6	2788340	2789782	-	20	19
chr6	5102001	5102562	-	20	20
chr6	14097437	14103062	+	20	15
chr6	14244689	14245885	+	20	17
chr6	17154857	17155008	-	20	20
chr6	17294817	17294914	+	20	19
chr6	18476688	18478879	+	20	16
chr6	18872205	18872384	-	20	20
chr6	20061712	20063168	-	20	19
chr6	21301365	21318696	+	20	20
chr6	24769558	24771208	+	20	20
chr6	26593813	26596430	-	20	19
chr6	30725598	30727442	+	20	18
chr6	32623136	32628100	+	20	18
chr6	32750935	32751500	+	20	20
chr6	33314287	33314405	+	20	19
chr6	33353626	33355101	-	20	19
chr6	39761791	39762165	-	20	20
chr6	43469594	43472523	+	20	19
chr6	46087246	46093935	-	20	19
chr6	52305438	52308779	+	20	19
chr6	57788931	57790387	-	20	20
chr6	71166485	71167207	-	20	19
chr6	73204822	73205346	-	20	20
chr6	74055425	74055565	+	20	20
chr6	76479661	76479834	+	20	20
chr6	88608031	88609012	-	20	20
chr6	89011727	89014562	+	20	19
chr6	102334747	102335007	+	20	20
chr6	103556663	103557484	-	20	20
chr6	107121478	107122755	+	20	20
chr6	118792079	118793282	+	20	20
chr6	121069442	121070941	+	20	19
chr6	121482527	121512712	+	20	20
chr6	121654774	121654903	+	20	20
chr6	121727570	121728531	+	20	15
chr6	134912941	134914672	-	20	19
chr6	137224247	137224550	-	20	18
chr6	158959672	158960593	-	20	20
chr6	170572933	170575144	+	20	19
chr6	170585930	170587429	-	20	17
chr7	6487901	6494237	+	20	20
chr7	14055118	14055293	-	20	20
chr7	16587208	16588900	+	20	19
chr7	17729118	17730221	-	20	19
chr7	23046819	23047101	+	20	20
chr7	30420297	30423760	+	20	20
chr7	44745283	44748345	-	20	19
chr7	47675352	47682462	-	20	20
chr7	65006844	65007946	+	20	18
chr7	66607459	66611368	+	20	16
chr7	73058765	73060879	+	20	20
chr7	73308911	73312432	+	20	18
chr7	73626026	73638883	-	20	20
chr7	75305330	75307005	-	20	20
chr7	76776741	76779478	-	20	18
chr7	91668029	91671980	-	20	16
chr7	97619317	97619707	+	20	20
chr7	97638773	97638978	-	20	20
chr7	98014161	98014833	+	20	19
chr7	99867362	99872089	-	20	19
chr7	101098014	101099978	+	20	20
chr7	115028059	115029993	-	20	20
chr7	121298370	121300301	-	20	18
chr7	130051536	130052102	+	20	18
chr7	130388675	130392961	-	20	18
chr7	133119999	133152738	+	20	20
chr7	133214229	133246355	+	20	20
chr7	134688366	134700940	+	20	17
chr7	135349803	135353156	-	20	19
chr7	142719479	142724839	-	20	20
chr7	148662119	148673219	+	20	20
chr7	150177999	150181738	+	20	19
chr7	150241401	150242189	+	20	19
chr7	151526290	151528672	-	20	19
chr8	374382	375831	+	20	18
chr8	5197208	5197712	+	20	20
chr8	18030014	18031828	+	20	20
chr8	22104928	22105470	+	20	18
chr8	43088357	43091205	-	20	19
chr8	45952349	45952491	+	20	20
chr8	46956489	46957370	+	20	16
chr8	49377145	49393402	+	20	20
chr8	52599392	52603232	-	20	17
chr8	54285825	54306244	-	20	20
chr8	59983190	59983357	+	20	20
chr8	65430850	65439357	+	20	19
chr8	69332928	69333198	+	20	20
chr8	73273900	73277268	-	20	19
chr8	73288437	73290213	-	20	20
chr8	73983258	73988049	+	20	20
chr8	80539150	80541197	-	20	19
chr8	80548737	80549694	+	20	16
chr8	101160724	101162204	-	20	20
chr8	116640533	116640913	+	20	20
chr8	119161994	119164471	-	20	20
chr8	123155850	123157676	+	20	20
chr8	127564955	127566957	-	20	18
chr8	130042820	130046944	+	20	18
chr8	130050987	130051722	-	20	18
chr9	179332	179946	-	20	17
chr9	6507382	6509996	-	20	19
chr9	16903203	16905933	-	20	20
chr9	24356652	24356743	-	20	20
chr9	37415369	37416312	+	20	18
chr9	62705310	62705627	+	20	20
chr9	63624011	63635822	+	20	20
chr9	63662469	63665159	-	20	20
chr9	65513292	65514704	-	20	20
chr9	80609910	80615904	+	20	16
chr9	84131143	84131238	-	20	20
chr9	85893543	85897969	+	20	18
chr9	92682073	92684806	-	20	20
chr9	94461463	94462689	-	20	18
chr9	96418403	96419718	+	20	20
chr9	96666550	96673722	-	20	20
chr9	99244268	99244877	+	20	17
chr9	103440802	103440945	+	20	20
chr9	108666913	108667258	+	20	20
chr9	112175568	112177648	+	20	17
chr9	112918467	112918767	+	20	18
chr9	113294542	113295153	-	20	19
chr9	113607090	113609249	+	20	20
chr9	116416389	116417547	-	20	19
chr9	130546983	130562147	-	20	20
chr9	131277411	131278386	-	20	19
chr9	132259140	132261269	-	20	18
chr9	136635143	136638205	+	20	14
chr10	797993	798515	-	20	18
chr10	5119859	5122068	-	20	19
chr10	7142423	7142926	+	20	20
chr10	13151981	13154271	-	20	19
chr10	20343803	20345608	+	20	17
chr10	23431527	23432275	-	20	18
chr10	26910584	26916636	-	20	20
chr10	29754969	29768446	+	20	20
chr10	34943793	34956528	+	20	20
chr10	35859985	35860740	+	20	20
chr10	36737222	36738393	+	20	20
chr10	37861635	37865175	-	20	19
chr10	38771524	38771807	+	20	20
chr10	42570787	42573355	-	20	20
chr10	48659209	48660212	+	20	18
chr10	50297233	50298471	+	20	20
chr10	59758795	59762254	-	20	20
chr10	59785628	59788248	-	20	17
chr10	63129562	63132869	-	20	18
chr10	72983793	72986264	+	20	20
chr10	80002228	80010207	+	20	19
chr10	80384429	80384747	+	20	20
chr10	93544444	93544550	-	20	20
chr10	94536486	94539392	+	20	19
chr10	94900129	94912734	+	20	20
chr10	104349383	104351280	-	20	20
chr10	119095058	119099289	-	20	19
chr10	123196616	123201196	+	20	20
chr10	132383413	132387766	-	20	20
chr11	790147	790473	+	20	19
chr11	3070579	3072732	+	20	20
chr11	4138973	4141016	-	20	18
chr11	14389810	14393049	-	20	18
chr11	23054410	23058282	+	20	20
chr11	33359930	33360821	-	20	19
chr11	39924319	39925163	-	20	19
chr11	42944345	42954452	+	20	19
chr11	46710512	46718212	-	20	18
chr11	47932074	47933704	+	20	14
chr11	48677950	48678378	-	20	20
chr11	55515385	55517191	-	20	20
chr11	57550372	57551650	-	20	20
chr11	58467712	58468018	+	20	19
chr11	63828860	63831084	+	20	20
chr11	65176645	65177589	-	20	18
chr11	68865993	68867538	-	20	17
chr11	70260949	70262980	-	20	20
chr11	73372636	73374046	-	20	16
chr11	73637846	73641183	-	20	16
chr11	73985585	73987813	-	20	19
chr11	87629909	87630109	-	20	20
chr11	93471860	93474076	-	20	15
chr11	94184423	94185423	+	20	18
chr11	95135586	95136957	-	20	19
chr11	104702833	104705838	-	20	18
chr11	108963417	108965159	+	20	18
chr11	114485310	114485779	-	20	19
chr11	130041668	130042151	-	20	17
chr11	131123320	131123434	-	20	20
chr12	3770245	3775162	-	20	20
chr12	4086855	4087789	+	20	19
chr12	11322856	11330377	+	20	19
chr12	11962294	11986846	+	20	20
chr12	12271274	12289076	+	20	19
chr12	12852227	12855299	+	20	20
chr12	13293623	13293775	-	20	20
chr12	24601664	24601827	+	20	20
chr12	28592108	28594669	+	20	18
chr12	30543502	30543647	-	20	20
chr12	31813666	31819154	+	20	18
chr12	31846578	31848818	+	20	18
chr12	33332847	33335555	+	20	20
chr12	33723966	33724171	-	20	20
chr12	50480066	50481786	+	20	19
chr12	51034005	51035928	-	20	20
chr12	66298631	66302230	-	20	15
chr12	71599223	71602157	-	20	18
chr12	71720194	71723984	-	20	19
chr12	77173448	77173708	-	20	20
chr12	87099278	87099909	+	20	18
chr12	97347337	97371357	-	20	20
chr12	106942789	106944833	-	20	17
chr12	110602655	110606387	-	20	19
chr12	118456309	118499760	-	20	19
chr12	119978743	119986459	+	20	20
chr12	120434861	120437379	+	20	18
chr12	120581635	120582454	+	20	20
chr12	121886169	121887538	-	20	20
chr12	122682226	122685923	+	20	19
chr12	124723677	124728266	-	20	20
chr12	125051237	125055989	+	20	19
chr12	132164464	132165245	+	20	19
chr13	19872991	19878870	-	20	18
chr13	20097464	20098559	+	20	18
chr13	21836000	21845709	-	20	20
chr13	22806220	22817829	-	20	19
chr13	22986420	22992408	-	20	20
chr13	30798733	30802579	+	20	19
chr13	49841653	49865022	-	20	20
chr13	72595458	72595550	-	20	19
chr13	80537818	80538014	-	20	19
chr13	95795065	95796024	-	20	19
chr13	98586764	98591799	+	20	13
chr13	100028264	100052478	+	20	20
chr13	103167480	103167727	+	20	20
chr13	103420489	103420600	-	20	20
chr13	108553902	108554764	+	20	20
chr13	113931725	113934077	+	20	20
chr14	21911921	21916155	+	20	14
chr14	22490997	22494725	-	20	18
chr14	23010558	23016043	-	20	18
chr14	28127314	28127871	+	20	19
chr14	35386131	35386810	-	20	16
chr14	57554690	57556407	+	20	18
chr14	61671612	61672504	+	20	17
chr14	63361466	63364634	-	20	19
chr14	77331743	77334999	+	20	18
chr14	77796417	77799886	-	20	16
chr14	81227847	81229503	+	20	20
chr14	82857216	82950247	+	20	20
chr14	90828417	90830670	-	20	19
chr14	96965517	96965840	-	20	20
chr14	99096310	99098712	+	20	19
chr14	99639772	99642902	-	20	20
chr14	102775024	102777271	+	20	15
chr14	104082471	104084747	+	20	18
chr15	28108113	28108666	+	20	19
chr15	32762622	32763117	+	20	19
chr15	34970083	34975149	-	20	20
chr15	40732369	40733304	-	20	20
chr15	40904483	40906494	-	20	20
chr15	48690575	48695324	-	20	18
chr15	57847250	57847353	+	20	20
chr15	75240760	75242903	+	20	19
chr15	76928619	76931712	-	20	18
chr15	78560136	78560995	+	20	19
chr15	79937228	79941075	+	20	19
chr15	90382906	90388175	-	20	18
chr15	100551072	100552760	+	20	20
chr15	101259221	101263825	+	20	19
chr16	804770	806158	-	20	20
chr16	19112885	19113917	-	20	20
chr16	25203634	25207488	-	20	17
chr16	26484203	26484358	-	20	20
chr16	27133224	27133447	-	20	20
chr16	30671360	30672119	-	20	20
chr16	30679598	30680242	-	20	20
chr16	31024647	31027153	+	20	17
chr16	31814717	31825397	-	20	20
chr16	34265809	34265993	-	20	19
chr16	46950050	46954476	+	20	18
chr16	48458000	48458415	-	20	6
chr16	56586696	56586791	-	20	20
chr16	58513629	58514833	-	20	20
chr16	61087558	61087837	+	20	19
chr16	65658071	65658166	-	20	20
chr16	74441967	74445023	+	20	18
chr16	77522876	77523714	+	20	19
chr16	84808056	84809372	-	20	17
chr16	85755528	85759121	+	20	20
chr17	3200955	3201919	+	20	20
chr17	4649337	4651803	-	20	19
chr17	4790600	4790980	+	20	19
chr17	14602800	14603753	+	20	20
chr17	15425567	15425976	+	20	20
chr17	16411390	16414523	+	20	20
chr17	16580641	16580843	+	20	20
chr17	19724772	19729135	+	20	18
chr17	21748302	21756603	+	20	20
chr17	31797401	31797810	-	20	20
chr17	35195661	35198469	-	20	18
chr17	36198134	36198887	-	20	17
chr17	38997766	38999577	-	20	20
chr17	40464971	40469653	-	20	18
chr17	41672652	41675095	-	20	19
chr17	44338314	44341097	-	20	18
chr17	44697134	44698354	-	20	20
chr17	48101938	48103109	-	20	20
chr17	49094042	49100075	-	20	20
chr17	51126955	51127980	-	20	10
chr17	55191825	55194756	+	20	18
chr17	58751919	58752935	-	20	20
chr17	60438891	60440556	-	20	17
chr17	60672818	60674281	+	20	18
chr17	67063560	67067233	+	20	18
chr17	76034355	76036014	+	20	20
chr17	77955002	77958109	+	20	20
chr17	78281758	78282674	+	20	19
chr17	80035894	80036481	-	20	18
chr18	2516539	2517943	-	20	17
chr18	2637490	2640107	+	20	19
chr18	5380328	5381630	-	20	19
chr18	8421464	8465534	-	20	20
chr18	12780542	12781491	-	20	19
chr18	15215220	15215789	+	20	20
chr18	36098734	36099327	-	20	20
chr18	45787639	45788281	+	20	19
chr18	53832653	53833106	-	20	19
chr18	54131220	54131593	+	20	19
chr18	59915323	59923307	-	20	18
chr18	66363089	66363298	+	20	20
chr18	68556734	68624018	+	20	20
chr19	634345	636484	+	20	19
chr19	1305598	1307383	-	20	18
chr19	2972329	2974170	+	20	20
chr19	5859066	5861118	-	20	19
chr19	7100334	7103118	-	20	15
chr19	7823549	7827949	+	20	19
chr19	11709423	11709801	-	20	20
chr19	12888169	12890326	+	20	18
chr19	14067719	14068318	+	20	20
chr19	16181792	16185002	-	20	17
chr19	17814384	17816509	-	20	19
chr19	18000085	18001111	+	20	18
chr19	21354663	21356445	-	20	20
chr19	23205959	23210286	-	20	19
chr19	24144533	24146604	+	20	19
chr19	24157418	24159382	+	20	18
chr19	34136609	34160868	-	20	20
chr19	40218778	40221669	+	20	19
chr19	41177814	41179671	+	20	20
chr19	43619648	43621555	-	20	20
chr19	47789119	47794150	+	20	16
chr19	48869537	48871657	+	20	17
chr19	48944969	48946030	+	20	18
chr19	49082539	49085145	-	20	19
chr19	51608297	51610778	-	20	17
chr19	52691318	52693778	-	20	19
chr19	54672598	54675727	+	20	19
chr19	55370778	55374732	-	20	18
chr20	829836	833603	+	20	18
chr20	4768861	4769008	-	20	20
chr20	5635361	5636300	+	20	20
chr20	18191897	18192851	-	20	20
chr20	21284131	21284450	-	20	20
chr20	31079533	31241111	+	20	20
chr20	34123444	34124436	-	20	20
chr20	44529172	44531620	-	20	19
chr20	47867107	47867217	-	20	20
chr20	49205103	49209935	+	20	19
chr20	53843192	53845166	+	20	11
chr20	56536679	56537575	+	20	18
chr20	56539167	56540373	+	20	16
chr20	58000280	58000467	-	20	20
chr20	62372641	62373814	-	20	20
chr20	63191891	63192782	-	20	20
chr20	63856119	63857847	+	20	20
chr21	6428866	6429314	+	20	18
chr21	7771944	7772936	+	20	20
chr21	15890730	15895551	-	20	20
chr21	19741517	19742593	-	20	20
chr21	43704220	43707247	-	20	20
chr21	44106678	44107111	-	20	20
chr21	44343255	44346994	-	20	19
chr21	46694989	46698200	+	20	19
chr22	16919681	16919962	-	20	19
chr22	22596255	22597095	+	20	20
chr22	30436396	30437235	-	20	19
chr22	38577313	38577703	-	20	20
chr22	45130624	45132824	-	20	19
chr22	45299998	45302841	-	20	18
chr22	46743218	46746102	+	20	17
chr22	47234496	47236110	+	20	18
chrX	8743426	8743805	+	20	20
chrX	14107083	14109205	-	20	20
chrX	15893102	15895480	+	20	18
chrX	17319308	17321528	-	20	20
chrX	26986076	26986247	-	20	19
chrX	30503585	30503865	+	20	20
chrX	30522569	30526229	-	20	18
chrX	47421803	47423345	+	20	17
chrX	51466384	51466733	-	20	20
chrX	53882149	53897566	+	20	20
chrX	62699853	62700003	+	20	19
chrX	64398727	64398893	-	20	14
chrX	68896360	68896657	+	20	20
chrX	76458345	76460442	+	20	17
chrX	79108468	79109522	+	20	20
chrX	90775074	90775663	+	20	20
chrX	92796318	92796427	+	20	20
chrX	93163850	93164046	-	20	19
chrX	101197610	101198260	-	20	20
chrX	118455836	118467151	-	20	20
chrX	118972886	118974588	-	20	20
chrX	147962630	147964394	+	20	20
chrX	149157044	149157210	-	20	19
chrY	1565711	1586793	-	20	16
chrY	2521629	2522764	+	20	14
chrY	12922113	12925537	-	20	18
chrY	12951780	12955173	+	20	17
chrY	21300087	21302079	+	20	20
GL000195.1	58872	60067	-	20	19
GL000205.2	140150	144489	-	20	18
GL000218.1	54470	56897	+	20	20
GL000224.1	56748	56915	-	20	19
KI270519.1	73673	74699	+	20	19
KI270712.1	109546	109857	+	20	20
KI270718.1	7948	10022	-	20	20
KI270718.1	11548	13734	-	20	20
KI270718.1	30891	33251	-	20	18
KI270727.1	3071	6635	-	20	19
KI270746.1	60250	61757	-	20	19
chr1	2415103	2416012	-	19	19
chr1	8892042	8893309	+	19	19
chr1	9526453	9535570	+	19	18
chr1	9837334	9840956	+	19	19
chr1	12032256	12032629	+	19	19
chr1	12033078	12038119	-	19	18
chr1	19300873	19301839	+	19	19
chr1	19680981	19681450	+	19	19
chr1	21967528	21972647	+	19	19
chr1	23278130	23281237	-	19	17
chr1	26690995	26692057	-	19	17
chr1	27764042	27766662	+	19	17
chr1	32286570	32287967	+	19	18
chr1	32968719	32969095	+	19	17
chr1	33254203	33256140	-	19	16
chr1	34861438	34865408	-	19	16
chr1	36336934	36338937	+	19	19
chr1	37646810	37662989	+	19	19
chr1	41393094	41393188	-	19	18
chr1	52838977	52840146	-	19	19
chr1	86851757	86855773	-	19	16
chr1	87403282	87406760	+	19	17
chr1	87413005	87415211	+	19	19
chr1	89296842	89298156	+	19	17
chr1	89309769	89313673	+	19	18
chr1	94522024	94527631	+	19	19
chr1	94523568	94524408	-	19	18
chr1	101295306	101296703	-	19	16
chr1	109043466	109043689	-	19	18
chr1	109533313	109533973	+	19	17
chr1	120886074	120888057	+	19	19
chr1	120899955	120905603	+	19	18
chr1	146037543	146038770	-	19	12
chr1	150486065	150487170	-	19	18
chr1	151379370	151380563	+	19	19
chr1	152835201	152835877	+	19	18
chr1	153694553	153696697	+	19	18
chr1	158576131	158576344	+	19	19
chr1	158889966	158891023	+	19	19
chr1	161660836	161662533	+	19	15
chr1	162817151	162818507	+	19	19
chr1	163641953	163645306	-	19	19
chr1	164321902	164333091	+	19	19
chr1	178684262	178686831	-	19	15
chr1	178697744	178699159	-	19	14
chr1	183599455	183600927	-	19	17
chr1	184049934	184050860	-	19	15
chr1	197790722	197890690	-	19	19
chr1	198613467	198618157	+	19	16
chr1	200861456	200863172	-	19	18
chr1	202321202	202323700	+	19	19
chr1	204563830	204564971	-	19	19
chr1	205286806	205289501	-	19	17
chr1	211254348	211255726	+	19	18
chr1	211560203	211562326	-	19	16
chr1	211898242	211912734	-	19	18
chr1	212723918	212725668	+	19	19
chr1	226042838	226044506	-	19	14
chr1	226741981	226744959	+	19	19
chr1	229930717	229931716	-	19	19
chr1	231310066	231311300	+	19	18
chr1	234349898	234355710	+	19	14
chr1	236077166	236090497	+	19	19
chr1	243101931	243102344	+	19	17
chr1	244811196	244815505	-	19	17
chr2	7139113	7140512	-	19	19
chr2	7165110	7166877	-	19	18
chr2	11427497	11428325	-	19	17
chr2	11828221	11829397	+	19	19
chr2	15163862	15165254	-	19	19
chr2	18745578	18747200	-	19	19
chr2	18758113	18759373	-	19	19
chr2	19833142	19833458	+	19	18
chr2	20023311	20025855	-	19	19
chr2	26155658	26159447	-	19	19
chr2	38387258	38388471	-	19	15
chr2	42134030	42137070	-	19	19
chr2	43602568	43605428	+	19	16
chr2	47666900	47668533	+	19	17
chr2	55270303	55272778	-	19	19
chr2	55429299	55435125	-	19	18
chr2	55736588	55736655	+	19	18
chr2	56600567	56660643	-	19	19
chr2	57091782	57092040	-	19	19
chr2	60310194	60310638	-	19	17
chr2	68119968	68121257	-	19	18
chr2	69950643	69953805	+	19	19
chr2	74976860	74979326	-	19	19
chr2	78850038	78850238	-	19	19
chr2	85913467	85914402	-	19	18
chr2	86778357	86780168	+	19	17
chr2	89948868	89950814	+	19	18
chr2	104187136	104187403	-	19	19
chr2	105204994	105207834	-	19	17
chr2	112683906	112685270	+	19	16
chr2	125080310	125080454	-	19	19
chr2	135894942	135896827	+	19	17
chr2	140166507	140166805	+	19	18
chr2	146953472	146981428	+	19	19
chr2	147355474	147355645	+	19	18
chr2	151201013	151233745	+	19	19
chr2	158942943	158943036	-	19	19
chr2	175067456	175070742	-	19	18
chr2	180192554	180192749	-	19	19
chr2	185615798	185616722	-	19	18
chr2	186851254	186874384	-	19	19
chr2	194786394	194788210	-	19	17
chr2	195387676	195388455	+	19	17
chr2	196946828	196949924	+	19	19
chr2	197558466	197561742	+	19	17
chr2	201374704	201376614	+	19	18
chr2	206173901	206174513	-	19	18
chr2	206419058	206419191	-	19	19
chr2	207689064	207689213	+	19	19
chr2	209745719	209747462	-	19	19
chr2	214700434	214720711	+	19	19
chr2	218254592	218255027	-	19	18
chr2	221169420	221169607	+	19	19
chr2	225051453	225054670	+	19	15
chr2	231812369	231815813	-	19	19
chr2	231815312	231820696	+	19	19
chr2	234199384	234199579	+	19	19
chr2	234434007	234436029	+	19	19
chr2	236723471	236723623	-	19	19
chr2	238467540	238470024	-	19	18
chr2	240307016	240307270	+	19	19
chr3	39504	39743	+	19	19
chr3	5035748	5059445	-	19	17
chr3	5260397	5264937	+	19	13
chr3	5511306	5513341	+	19	17
chr3	9585266	9595405	-	19	19
chr3	9608029	9622425	-	19	15
chr3	9641588	9642559	+	19	18
chr3	13426403	13432839	+	19	17
chr3	14215845	14221512	+	19	19
chr3	15527926	15534849	-	19	16
chr3	17093197	17096912	+	19	17
chr3	23622798	23625071	+	19	16
chr3	32981924	32986911	-	19	17
chr3	33147807	33150039	+	19	17
chr3	36183517	36209266	-	19	17
chr3	47513779	47516154	+	19	18
chr3	49462515	49466077	+	19	16
chr3	58553636	58554914	-	19	18
chr3	74229703	74229923	-	19	19
chr3	88048275	88049792	+	19	19
chr3	88048775	88051934	-	19	16
chr3	94379825	94379941	+	19	19
chr3	107815174	107817841	-	19	19
chr3	108538904	108541043	-	19	19
chr3	128448245	128448728	-	19	17
chr3	129634633	129635215	-	19	19
chr3	138605944	138608104	+	19	18
chr3	141735994	141738215	-	19	17
chr3	141938562	141940274	-	19	19
chr3	154257932	154258749	-	19	18
chr3	155950285	155951050	-	19	19
chr3	163645439	163645695	-	19	19
chr3	169772208	169772464	-	19	19
chr3	176972080	176973923	+	19	18
chr3	179561102	179562799	-	19	18
chr3	183165238	183167190	+	19	17
chr3	188935451	188937137	-	19	18
chr3	195608561	195608746	+	19	19
chr3	196131351	196131566	+	19	18
chr4	11196406	11198481	+	19	18
chr4	13272139	13273294	+	19	17
chr4	13560665	13562076	-	19	18
chr4	24370753	24415181	-	19	19
chr4	25300250	25302504	+	19	17
chr4	40291537	40293189	-	19	16
chr4	41974120	41976302	+	19	19
chr4	49073028	49073130	+	19	19
chr4	55342865	55343157	+	19	19
chr4	60820151	60851617	-	19	19
chr4	62726334	62728129	-	19	19
chr4	78009004	78009106	+	19	19
chr4	82170605	82170707	-	19	19
chr4	82343711	82344251	+	19	17
chr4	82478420	82483161	+	19	17
chr4	83402470	83405935	+	19	18
chr4	86856823	86860214	+	19	17
chr4	98453287	98457353	+	19	18
chr4	108694864	108698597	+	19	17
chr4	108794848	108795040	-	19	19
chr4	109540897	109542222	-	19	19
chr4	115146971	115177783	+	19	19
chr4	128045859	128046944	-	19	19
chr4	129130731	129132161	+	19	18
chr4	130779581	130781516	-	19	19
chr4	143332407	143332493	+	19	19
chr4	154533919	154534896	-	19	18
chr4	173061707	173063823	-	19	15
chr4	174234438	174235094	+	19	18
chr4	189048529	189048632	-	19	19
chr5	4278708	4287989	-	19	19
chr5	7958203	7958371	+	19	18
chr5	10094232	10094332	+	19	19
chr5	10184283	10185919	-	19	17
chr5	18111404	18111702	+	19	19
chr5	37761878	37764640	+	19	18
chr5	40384877	40388804	+	19	18
chr5	55593571	55596988	-	19	19
chr5	56284671	56287626	-	19	18
chr5	58946079	58947225	-	19	19
chr5	62640838	62647427	+	19	17
chr5	69092084	69093914	-	19	17
chr5	69216919	69217709	-	19	17
chr5	69277446	69279280	+	19	19
chr5	77885725	77887580	+	19	19
chr5	80274078	80278501	-	19	18
chr5	80394297	80394403	+	19	18
chr5	80939101	80942821	+	19	16
chr5	81319316	81323698	+	19	17
chr5	83433639	83433800	+	19	19
chr5	101504371	101504768	+	19	19
chr5	102094789	102098966	-	19	18
chr5	105948494	106169821	-	19	19
chr5	117599131	117600602	+	19	19
chr5	120437504	120438574	+	19	19
chr5	126843140	126846857	+	19	19
chr5	126847904	126849719	+	19	17
chr5	134732542	134737138	-	19	18
chr5	151734410	151737369	+	19	19
chr5	160125845	160141242	-	19	19
chr5	160147382	160155117	-	19	18
chr5	171591846	171605293	-	19	18
chr5	173035713	173039208	-	19	19
chr5	175722265	175723074	+	19	18
chr5	177373948	177375125	+	19	18
chr6	65871	66021	+	19	19
chr6	1555691	1555857	+	19	19
chr6	10656111	10658766	+	19	18
chr6	10721574	10722315	+	19	16
chr6	17750585	17757900	+	19	18
chr6	32562116	32562375	-	19	18
chr6	33594243	33594865	-	19	19
chr6	36694793	36697020	-	19	14
chr6	39151625	39175503	-	19	18
chr6	48328426	48345075	+	19	19
chr6	50352195	50352440	+	19	19
chr6	54296923	54297269	-	19	19
chr6	69485225	69518386	+	19	19
chr6	73588993	73592721	-	19	19
chr6	73914348	73926234	-	19	19
chr6	79908137	79908667	-	19	19
chr6	80513974	80514083	+	19	19
chr6	108718932	108719205	-	19	19
chr6	113863700	113866464	+	19	18
chr6	115176301	115178260	+	19	19
chr6	119789133	119808267	+	19	16
chr6	122850016	122850306	+	19	18
chr6	126222978	126223401	+	19	18
chr6	129720295	129720597	-	19	17
chr6	136229545	136230319	+	19	17
chr6	136793103	136795798	+	19	17
chr6	137815210	137816979	+	19	18
chr6	139131917	139134606	+	19	16
chr6	150856274	150859117	+	19	18
chr6	153451745	153451880	+	19	19
chr6	158200162	158203438	-	19	19
chr7	5234105	5240145	-	19	19
chr7	6059260	6060911	+	19	15
chr7	16735977	16749460	-	19	18
chr7	29788901	29790879	-	19	19
chr7	31281554	31283328	+	19	19
chr7	32841333	32844424	+	19	18
chr7	36793854	36794179	-	19	17
chr7	38310258	38312190	+	19	18
chr7	39890028	39902795	+	19	19
chr7	42526612	42536803	-	19	19
chr7	45908153	45910449	-	19	13
chr7	50575352	50575899	-	19	18
chr7	56708285	56709097	-	19	19
chr7	57860747	57860849	-	19	18
chr7	62082990	62083347	-	19	19
chr7	63767065	63767976	+	19	19
chr7	65107899	65110343	+	19	19
chr7	75791166	75804687	+	19	19
chr7	76946372	76947987	+	19	19
chr7	77481277	77484010	+	19	19
chr7	80944926	80945101	-	19	18
chr7	84954794	84955109	-	19	19
chr7	99146324	99148152	+	19	17
chr7	101796326	101798398	+	19	17
chr7	129589096	129590697	-	19	19
chr7	130146068	130147359	-	19	19
chr7	130389003	130389790	+	19	18
chr7	131498545	131498962	-	19	18
chr7	136449551	136449923	-	19	19
chr7	138148764	138159941	+	19	19
chr7	140951313	140954269	+	19	16
chr7	142434652	142436800	-	19	16
chr7	143161103	143165200	-	19	17
chr7	143232866	143237268	-	19	14
chr7	149044831	149048144	-	19	18
chr7	149090787	149094093	-	19	17
chr7	150675627	150676312	+	19	17
chr7	152992816	152995531	+	19	18
chr7	156922259	156923157	-	19	16
chr7	157137105	157138695	-	19	17
chr7	157300605	157304382	-	19	18
chr8	584968	587896	-	19	18
chr8	2386321	2388947	-	19	18
chr8	8301588	8305371	-	19	16
chr8	17418843	17418981	-	19	19
chr8	20487870	20488322	-	19	17
chr8	24045395	24045562	-	19	19
chr8	42388564	42391329	+	19	19
chr8	46248204	46248446	+	19	19
chr8	47736307	47736858	-	19	19
chr8	51809628	51812009	+	19	19
chr8	53962052	53962423	+	19	17
chr8	56134101	56155114	-	19	13
chr8	66549568	66560290	+	19	18
chr8	69401717	69406216	+	19	19
chr8	71625507	71625681	+	19	19
chr8	79387935	79390421	+	19	18
chr8	93826205	93827285	-	19	18
chr8	95157008	95158206	+	19	18
chr8	102582984	102597253	+	19	19
chr8	108492897	108495310	-	19	19
chr8	114177294	114178340	-	19	19
chr8	115053028	115058821	+	19	19
chr8	115100704	115102389	+	19	7
chr8	122440246	122440495	+	19	19
chr8	123156101	123157309	-	19	19
chr8	133837851	133838140	+	19	19
chr8	134154398	134189904	-	19	18
chr8	141015142	141015306	+	19	19
chr8	144853764	144854826	+	19	18
chr9	5318814	5322257	-	19	17
chr9	5449951	5450476	-	19	19
chr9	7252808	7254065	-	19	19
chr9	20997042	20999464	-	19	18
chr9	21085634	21096310	-	19	17
chr9	25678464	25713598	+	19	19
chr9	25929368	25931903	-	19	19
chr9	37400060	37401152	-	19	18
chr9	41509993	41513956	+	19	18
chr9	69686947	69687058	-	19	14
chr9	72896795	72898519	-	19	17
chr9	75266676	75267757	-	19	19
chr9	80676930	80679329	-	19	19
chr9	83644290	83645060	+	19	17
chr9	93381174	93402074	+	19	17
chr9	94371532	94373071	+	19	18
chr9	97496820	97501005	+	19	16
chr9	104948768	104949535	-	19	19
chr9	107278929	107282836	-	19	18
chr9	120301975	120303194	-	19	16
chr9	122913366	122915559	+	19	19
chr9	123942081	123989585	-	19	19
chr9	127862982	127865234	+	19	19
chr9	133323536	133326852	+	19	19
chr9	136106269	136107413	-	19	17
chr10	792100	796155	-	19	18
chr10	5220689	5221382	+	19	19
chr10	10767713	10768076	+	19	19
chr10	17454945	17455847	+	19	18
chr10	20351433	20353989	+	19	16
chr10	23409918	23414332	-	19	16
chr10	23669212	23671353	-	19	19
chr10	28367882	28370101	+	19	17
chr10	28653329	28658924	-	19	19
chr10	32075231	32091910	+	19	18
chr10	32225822	32225972	+	19	19
chr10	37747634	37749873	-	19	18
chr10	38780617	38780734	+	19	19
chr10	43188626	43192594	+	19	19
chr10	48305211	48306590	-	19	19
chr10	55967141	55967257	-	19	19
chr10	60733490	60733811	+	19	16
chr10	68076046	68077241	+	19	18
chr10	70463178	70473952	-	19	18
chr10	72036354	72037081	-	19	18
chr10	72245768	72247239	-	19	18
chr10	80671377	80709471	-	19	19
chr10	85074392	85075203	-	19	19
chr10	91128159	91136998	-	19	18
chr10	93554483	93556488	-	19	8
chr10	97457379	97458040	+	19	19
chr10	99874470	99875554	-	19	19
chr10	102215270	102221936	+	19	18
chr10	109276696	109276833	+	19	18
chr10	109292077	109292822	-	19	19
chr10	113417035	113417201	+	19	18
chr10	116491948	116506443	-	19	19
chr10	123233304	123234742	+	19	17
chr10	123239514	123242871	-	19	19
chr10	123338288	123339457	+	19	17
chr10	133254681	133259125	-	19	18
chr11	343652	352007	-	19	19
chr11	447302	448056	-	19	18
chr11	2872143	2873835	+	19	17
chr11	4172320	4175131	-	19	19
chr11	14365071	14368848	-	19	16
chr11	14418459	14418939	-	19	17
chr11	20324487	20325219	-	19	19
chr11	23107823	23111737	+	19	16
chr11	23114323	23116950	+	19	17
chr11	34102859	34105313	-	19	19
chr11	37865997	37866213	+	19	18
chr11	39330243	39331217	-	19	18
chr11	44620955	44622546	-	19	16
chr11	46739891	46742427	+	19	19
chr11	63525321	63528941	+	19	18
chr11	63935778	63938629	-	19	17
chr11	65561617	65562646	-	19	18
chr11	68862457	68864852	-	19	19
chr11	88187798	88188919	-	19	17
chr11	88249035	88249921	-	19	18
chr11	89540566	89540828	+	19	19
chr11	95469050	95472843	-	19	16
chr11	100493675	100493786	+	19	19
chr11	117937902	117939558	+	19	19
chr11	120208044	120210918	+	19	18
chr11	129672507	129675175	-	19	17
chr11	135027874	135028062	-	19	19
chr12	1789077	1790421	+	19	19
chr12	4137665	4140222	-	19	19
chr12	9700260	9702134	-	19	18
chr12	11338328	11338615	-	19	19
chr12	14079495	14081554	+	19	19
chr12	14912047	14913899	+	19	18
chr12	15907587	15910649	+	19	19
chr12	19097591	19107570	-	19	19
chr12	19735909	19736293	-	19	17
chr12	27091280	27092972	+	19	17
chr12	27242072	27243902	-	19	17
chr12	31838973	31840758	+	19	18
chr12	46878723	46881539	+	19	17
chr12	47290743	47291522	-	19	18
chr12	47641533	47645023	-	19	17
chr12	48194280	48196915	+	19	17
chr12	50824661	50827092	-	19	18
chr12	50892283	50898304	+	19	19
chr12	53125341	53127010	+	19	19
chr12	53262370	53267741	+	19	18
chr12	53347313	53351796	+	19	19
chr12	56062589	56065692	+	19	15
chr12	56067523	56073674	+	19	16
chr12	61297286	61297396	-	19	19
chr12	69354285	69358717	+	19	18
chr12	93443506	93447195	+	19	19
chr12	94715332	94721026	+	19	18
chr12	95467267	95467376	+	19	19
chr12	96405438	96407316	-	19	18
chr12	104762160	104764612	+	19	16
chr12	107213078	107213183	+	19	19
chr12	107316295	107318261	+	19	17
chr12	108759765	108760633	-	19	18
chr12	112512466	112513310	-	19	18
chr12	114633523	114638842	+	19	18
chr12	114885544	114886874	-	19	19
chr12	118438090	118442691	+	19	17
chr12	118444307	118446032	+	19	17
chr12	128993457	128996660	+	19	17
chr12	130902208	130903352	-	19	18
chr12	131886468	131890141	+	19	18
chr12	131890179	131894214	-	19	19
chr13	22287067	22287569	-	19	18
chr13	22294762	22298263	+	19	17
chr13	22391955	22394087	+	19	14
chr13	26421837	26422220	-	19	18
chr13	27464163	27464257	+	19	18
chr13	27542683	27545703	+	19	19
chr13	31588278	31592002	-	19	16
chr13	32791485	32792466	-	19	18
chr13	40710616	40711810	+	19	17
chr13	47713390	47714298	+	19	19
chr13	51582613	51583694	-	19	18
chr13	60276297	60277786	+	19	19
chr13	63534829	63535184	-	19	19
chr13	76988721	76990554	-	19	19
chr13	78928172	78928352	+	19	19
chr13	86757647	86761246	+	19	14
chr13	89949673	89949776	+	19	19
chr13	91056221	91063432	+	19	19
chr13	97733215	97733975	+	19	19
chr13	99564050	99565357	+	19	19
chr13	107935031	107935225	-	19	19
chr13	110580506	110580698	+	19	19
chr13	110761748	110761969	-	19	19
chr13	111369711	111394978	+	19	18
chr14	19855882	19856010	+	19	19
chr14	20128035	20129180	-	19	19
chr14	20307113	20308934	-	19	18
chr14	21175771	21175878	+	19	19
chr14	21177767	21181185	-	19	17
chr14	21687832	21689854	-	19	16
chr14	21826481	21827596	-	19	18
chr14	28312658	28315775	-	19	18
chr14	49467665	49468058	-	19	19
chr14	55703489	55704829	-	19	18
chr14	59400710	59404781	-	19	14
chr14	63340059	63342012	-	19	18
chr14	65235495	65236356	+	19	18
chr14	69715527	69718980	-	19	16
chr14	77423722	77426635	-	19	19
chr14	91965237	91965972	-	19	19
chr14	97799023	97799480	-	19	19
chr14	99082917	99085993	-	19	17
chr14	99628170	99629234	+	19	17
chr14	103255283	103261741	-	19	19
chr14	103330925	103331439	+	19	18
chr14	106458695	106459767	+	19	18
chr15	34377627	34378875	-	19	17
chr15	40887627	40889901	+	19	19
chr15	62349856	62350013	+	19	19
chr15	74048038	74049692	-	19	19
chr15	85828745	85830125	+	19	19
chr15	89949335	89950669	-	19	19
chr15	89994512	89998934	-	19	18
chr15	90896239	90898550	-	19	18
chr15	100672756	100673226	-	19	17
chr16	3883682	3885121	+	19	16
chr16	4545480	4547254	-	19	19
chr16	4695978	4696506	+	19	16
chr16	8669042	8670026	-	19	17
chr16	14962208	14962774	+	19	19
chr16	18603357	18633461	+	19	17
chr16	20185557	20185655	+	19	19
chr16	22001492	22003824	-	19	16
chr16	28817845	28819294	+	19	18
chr16	28817852	28819345	-	19	19
chr16	31943154	31943998	+	19	19
chr16	47721293	47723904	+	19	16
chr16	48768549	48769655	-	19	19
chr16	50037965	50039837	+	19	19
chr16	68505906	68508538	-	19	18
chr16	69489001	69503150	-	19	17
chr16	79571530	79571913	-	19	16
chr16	84790454	84793935	+	19	17
chr17	85181	86402	+	19	18
chr17	3974685	3975887	-	19	19
chr17	5647799	5692821	-	19	19
chr17	7167238	7168535	+	19	17
chr17	7378936	7379911	-	19	19
chr17	12293298	12293588	+	19	19
chr17	12430049	12430280	-	19	19
chr17	15799901	15800453	+	19	19
chr17	16583333	16584119	+	19	19
chr17	18938736	18942980	+	19	15
chr17	31562369	31563396	-	19	18
chr17	32140583	32141098	+	19	19
chr17	35342432	35343481	-	19	13
chr17	35404476	35406592	-	19	19
chr17	36105657	36107289	+	19	17
chr17	39864665	39865967	-	19	17
chr17	40463416	40466261	+	19	18
chr17	41133399	41135309	+	19	15
chr17	41790429	41792585	-	19	18
chr17	43731737	43747635	+	19	19
chr17	44331920	44335459	+	19	16
chr17	47804311	47805628	-	19	17
chr17	50493345	50497697	-	19	19
chr17	54856441	54871582	+	19	19
chr17	55711771	55711927	+	19	19
chr17	62081280	62088899	-	19	19
chr17	62615711	62621063	+	19	17
chr17	74462124	74462716	-	19	16
chr17	76815369	76817494	+	19	18
chr17	76821934	76831193	+	19	17
chr17	81820373	81821353	-	19	17
chr18	154475	154602	+	19	19
chr18	719823	721495	-	19	19
chr18	7246773	7265021	-	19	19
chr18	9471345	9472696	-	19	16
chr18	9474103	9474888	-	19	17
chr18	22284306	22285413	-	19	18
chr18	23127692	23132852	+	19	19
chr18	24137952	24138594	-	19	17
chr18	26195229	26204454	+	19	19
chr18	27720924	27721227	+	19	19
chr18	40053862	40054187	-	19	19
chr18	46162792	46167783	-	19	19
chr18	46285035	46285544	-	19	17
chr18	47795067	47796968	-	19	19
chr18	50396779	50396949	+	19	19
chr18	51139121	51149523	+	19	17
chr18	53976261	53978998	-	19	16
chr18	56594074	56594927	+	19	18
chr18	62593700	62595709	-	19	19
chr18	69983358	69986524	-	19	17
chr18	70854246	70855994	-	19	19
chr18	76694016	76696726	-	19	19
chr19	856317	858263	+	19	18
chr19	976020	976346	+	19	19
chr19	2864435	2865791	+	19	18
chr19	2893534	2894977	-	19	19
chr19	6557464	6558437	+	19	16
chr19	8350503	8354802	+	19	19
chr19	11627930	11629228	-	19	19
chr19	13630569	13632526	+	19	19
chr19	13763667	13764398	-	19	19
chr19	14220784	14225416	-	19	18
chr19	14572419	14580375	+	19	19
chr19	16717957	16719333	-	19	11
chr19	19253623	19254482	-	19	19
chr19	22870222	22900145	-	19	19
chr19	24556792	24840201	+	19	12
chr19	29770483	29770590	-	19	19
chr19	34087812	34087903	+	19	19
chr19	36438119	36439054	+	19	18
chr19	37488767	37490905	+	19	19
chr19	38637424	38641500	-	19	18
chr19	39298829	39299404	+	19	17
chr19	39528169	39530294	-	19	19
chr19	39536662	39538029	+	19	19
chr19	41526243	41529710	+	19	17
chr19	43783387	43784281	-	19	18
chr19	48705984	48707410	-	19	18
chr19	48947785	48947998	+	19	19
chr19	50933277	50941538	-	19	19
chr19	51989426	51990717	+	19	19
chr19	54612767	54613434	+	19	18
chr19	54869056	54869668	-	19	19
chr19	55633659	55634950	-	19	18
chr20	7951643	7955969	-	19	19
chr20	13380659	13382600	+	19	19
chr20	31501243	31501340	+	19	19
chr20	31952133	31952815	+	19	13
chr20	41012328	41013522	+	19	19
chr20	44524245	44527374	-	19	19
chr20	45921106	45925587	-	19	19
chr20	48469596	48470068	+	19	19
chr20	50034770	50036264	+	19	18
chr20	50045425	50049626	-	19	18
chr20	53529545	53533127	+	19	17
chr20	53856960	53860133	+	19	19
chr20	55791745	55819328	+	19	19
chr20	57430553	57433529	-	19	17
chr20	63841018	63842275	-	19	17
chr21	10804280	10804387	-	19	17
chr21	15710718	15713714	+	19	14
chr21	41409422	41419986	-	19	18
chr21	45955569	45968032	+	19	17
chr22	12567879	12567975	+	19	18
chr22	16426695	16428845	-	19	19
chr22	19532457	19545198	-	19	18
chr22	19594828	19597766	-	19	16
chr22	20408657	20411189	-	19	17
chr22	21625829	21627911	+	19	18
chr22	23717601	23718038	+	19	18
chr22	29840381	29869012	-	19	19
chr22	29877512	29879456	-	19	19
chr22	35671019	35671357	-	19	19
chr22	41077863	41079953	+	19	19
chr22	41081925	41087015	+	19	18
chr22	45109563	45110880	-	19	18
chr22	49930165	49932802	+	19	18
chrX	3600599	3601506	+	19	16
chrX	9353101	9354112	+	19	13
chrX	13487894	13488677	+	19	6
chrX	13710838	13711416	-	19	18
chrX	13996652	13997324	-	19	18
chrX	19910784	19912816	-	19	16
chrX	21896852	21900338	-	19	17
chrX	23688521	23691596	+	19	18
chrX	40568590	40571647	+	19	17
chrX	41479174	41489949	+	19	19
chrX	44872594	44873030	-	19	17
chrX	45922253	45924903	-	19	19
chrX	57805956	57811500	-	19	16
chrX	64515427	64571876	+	19	19
chrX	66351844	66351945	+	19	19
chrX	71235021	71239088	-	19	19
chrX	71850495	71850871	-	19	19
chrX	79707324	79707550	+	19	19
chrX	80096924	80097459	+	19	19
chrX	80959089	80959389	-	19	18
chrX	81449945	81455420	+	19	16
chrX	88354186	88354335	+	19	18
chrX	91126594	91126889	-	19	19
chrX	95393000	95449446	+	19	19
chrX	100950623	100951196	+	19	17
chrX	109799939	109800123	+	19	18
chrX	118450307	118453676	-	19	19
chrX	121770917	121863530	-	19	18
chrX	121928246	121928437	+	19	19
chrX	123051823	123052820	+	19	19
chrX	127993805	127994027	+	19	19
chrX	129801112	129802857	-	19	19
chrX	133266819	133266942	-	19	19
chrX	133289746	133290661	-	19	19
chrX	139718388	139719505	-	19	19
chrX	141703644	141703818	-	19	18
chrX	149900696	149904250	-	19	14
chrY	1217232	1224784	-	19	18
chrY	1265508	1267026	-	19	18
chrY	4163430	4163566	+	19	19
chrY	15896764	15924004	-	19	19
chrY	16535678	16584036	+	19	19
chrY	20610483	20616281	+	19	15
chrY	22069783	22071344	-	19	16
GL000008.2	164934	167332	+	19	19
GL000220.1	7991	9061	+	19	15
GL000220.1	75726	78273	+	19	18
GL000225.1	178252	178355	+	19	19
KI270706.1	153336	155704	+	19	18
KI270717.1	8706	28745	+	19	18
KI270720.1	17321	18605	-	19	19
KI270727.1	27081	34316	-	19	19
KI270741.1	55894	139685	-	19	17
KI270746.1	61601	62636	+	19	19
chr1	6759275	6760013	+	18	18
chr1	16086860	16100833	+	18	18
chr1	18502575	18503683	+	18	18
chr1	19063713	19064263	-	18	18
chr1	20220912	20221055	+	18	17
chr1	21673877	21676137	+	18	18
chr1	23357053	23358437	+	18	16
chr1	23504443	23504987	+	18	17
chr1	23505208	23506075	-	18	17
chr1	24741696	24745055	-	18	17
chr1	25518852	25521890	-	18	17
chr1	25956017	25959555	-	18	18
chr1	27915869	27918176	-	18	18
chr1	28724260	28727586	-	18	16
chr1	30863133	30863378	-	18	18
chr1	31377072	31377743	+	18	18
chr1	48258041	48261361	-	18	16
chr1	51351876	51354145	+	18	17
chr1	65083720	65085974	+	18	11
chr1	65139992	65140109	+	18	18
chr1	67263338	67266556	+	18	16
chr1	80949007	80951452	+	18	18
chr1	85595600	85596377	+	18	17
chr1	92185478	92188872	+	18	16
chr1	95098787	95098881	+	18	18
chr1	100308794	100312272	+	18	17
chr1	101599605	101599716	+	18	18
chr1	106434965	106435094	+	18	18
chr1	108967728	108969108	+	18	17
chr1	110942420	110943072	-	18	16
chr1	111410228	111411528	+	18	17
chr1	120138847	120140456	-	18	11
chr1	125009496	125018720	+	18	18
chr1	125110599	125128632	-	18	18
chr1	146997678	147000842	+	18	18
chr1	148027973	148029397	-	18	18
chr1	150782377	150784750	+	18	18
chr1	151386806	151389666	-	18	17
chr1	151972987	151974524	-	18	17
chr1	153531872	153532831	+	18	18
chr1	162996742	163007564	+	18	18
chr1	164458151	164458536	+	18	18
chr1	170418242	170419231	-	18	18
chr1	172611922	172614707	+	18	18
chr1	186587335	186587468	-	18	18
chr1	200864275	200866229	+	18	17
chr1	202937625	202938034	+	18	17
chr1	202970455	202971731	-	18	18
chr1	205211731	205217072	+	18	18
chr1	205219467	205221382	-	18	18
chr1	205634908	205637554	+	18	18
chr1	205639580	205640596	+	18	17
chr1	207391177	207391624	-	18	17
chr1	211375096	211376797	+	18	17
chr1	218073049	218098235	+	18	18
chr1	226114284	226114392	-	18	18
chr1	226122043	226122621	+	18	17
chr1	227327512	227327648	-	18	17
chr1	227725877	227728050	+	18	18
chr1	229585070	229588059	-	18	15
chr1	231082521	231114873	+	18	17
chr1	231129174	231129389	+	18	17
chr1	236925114	236925635	-	18	17
chr1	247186220	247186584	+	18	18
chr1	247900406	247900730	-	18	18
chr1	248024929	248028170	+	18	16
chr1	248883241	248884045	-	18	15
chr1	248922125	248924910	+	18	18
chr2	4144272	4144379	-	18	18
chr2	11076101	11077284	-	18	18
chr2	17659097	17662729	-	18	17
chr2	27140339	27145596	-	18	18
chr2	27189351	27194337	-	18	18
chr2	30445277	30447003	-	18	17
chr2	36966636	36968336	+	18	18
chr2	38785830	38792375	-	18	18
chr2	42757697	42760026	-	18	16
chr2	60142125	60144804	+	18	17
chr2	64085002	64085638	+	18	16
chr2	69387405	69389269	+	18	17
chr2	71169144	71171885	-	18	17
chr2	72168715	72170508	-	18	17
chr2	81408476	81408809	-	18	18
chr2	83319295	83416262	+	18	18
chr2	85530551	85534522	-	18	16
chr2	89206694	89208372	-	18	16
chr2	97264557	97267944	+	18	17
chr2	97709233	97712365	-	18	16
chr2	103659462	103695087	+	18	18
chr2	109789772	109791582	+	18	17
chr2	110305341	110305630	+	18	18
chr2	112192081	112193770	+	18	17
chr2	112205055	112208133	-	18	18
chr2	127250817	127254107	+	18	17
chr2	128975366	128975505	-	18	18
chr2	136105434	136105862	+	18	17
chr2	152291592	152329154	-	18	18
chr2	154954711	154955594	-	18	18
chr2	157180595	157182756	-	18	15
chr2	169526594	169528220	-	18	18
chr2	171308776	171309119	+	18	18
chr2	173984139	173985961	-	18	17
chr2	185879990	185880844	-	18	18
chr2	195030072	195030849	+	18	16
chr2	195231795	195234769	+	18	18
chr2	195330474	195332083	-	18	18
chr2	202333996	202335442	-	18	18
chr2	202348642	202350461	+	18	16
chr2	202352327	202354306	+	18	18
chr2	218376862	218378081	-	18	16
chr2	219314049	219326447	+	18	18
chr2	228358987	228359137	-	18	18
chr2	230599325	230602406	+	18	17
chr2	231521415	231522547	-	18	16
chr2	231639651	231640550	+	18	18
chr2	234518773	234518885	+	18	18
chr2	238469255	238469765	+	18	18
chr2	239407131	239409620	+	18	17
chr3	3677035	3680651	-	18	18
chr3	22865076	22866280	+	18	18
chr3	32977270	32980580	-	18	14
chr3	33484121	33485456	+	18	18
chr3	34979780	34980634	+	18	18
chr3	35942602	36075468	+	18	17
chr3	38652138	38660698	-	18	18
chr3	46413590	46414641	-	18	17
chr3	50197822	50200509	-	18	17
chr3	77675843	77676165	-	18	18
chr3	81315838	81316130	-	18	18
chr3	94746001	94748875	+	18	18
chr3	101113368	101114206	+	18	18
chr3	103530983	103531979	-	18	18
chr3	103760848	103813906	+	18	18
chr3	103852423	103852625	-	18	18
chr3	108703728	108706933	+	18	16
chr3	114249752	114253258	+	18	16
chr3	120296842	120300315	-	18	18
chr3	125222154	125225181	-	18	17
chr3	129236918	129241743	+	18	15
chr3	130037400	130037506	-	18	18
chr3	134379628	134384127	-	18	18
chr3	141476015	141479383	+	18	16
chr3	141635602	141635904	-	18	18
chr3	142152355	142154166	-	18	16
chr3	142304772	142306467	+	18	17
chr3	146745371	146745514	+	18	18
chr3	152242534	152243825	-	18	13
chr3	155973670	155986630	-	18	18
chr3	158842521	158847248	+	18	18
chr3	161907717	161908267	+	18	18
chr3	163989076	163994978	-	18	17
chr3	167658029	167660417	-	18	12
chr3	172490515	172493031	-	18	15
chr3	172621411	172622801	-	18	17
chr3	180381375	180381487	+	18	17
chr3	183813188	183815196	-	18	17
chr3	186862736	186875055	+	18	18
chr3	188902371	188904535	+	18	17
chr4	4252331	4252814	-	18	4
chr4	7946878	7947875	+	18	16
chr4	10419085	10421571	-	18	13
chr4	17451641	17453172	+	18	18
chr4	24429832	24430492	-	18	18
chr4	24692468	24739139	-	18	18
chr4	25294781	25295222	+	18	16
chr4	37758276	37759576	+	18	16
chr4	40414652	40418839	-	18	17
chr4	43095728	43095835	-	18	18
chr4	54755753	54756060	-	18	18
chr4	67406254	67411713	-	18	14
chr4	80208574	80212516	+	18	16
chr4	81393387	81394375	+	18	18
chr4	96963867	96976528	-	18	18
chr4	99068197	99070837	+	18	16
chr4	107812118	107816392	-	18	18
chr4	112196646	112197319	+	18	12
chr4	119868706	119868824	-	18	18
chr4	122463006	122463935	-	18	18
chr4	122760984	122767925	-	18	18
chr4	141906267	141906359	-	18	18
chr4	153120518	153121398	+	18	18
chr4	155092869	155093487	-	18	18
chr4	159100254	159101862	-	18	13
chr4	160053953	160059635	+	18	18
chr4	162380093	162380248	+	18	18
chr4	164854944	164855131	+	18	18
chr4	167281004	167281133	-	18	18
chr4	173410312	173411598	+	18	16
chr4	179538294	179538441	-	18	18
chr4	181174109	181230375	-	18	18
chr4	184300144	184308629	+	18	18
chr5	1791692	1792943	-	18	18
chr5	1828872	1830492	+	18	17
chr5	18473095	18473802	+	18	18
chr5	18537943	18543663	-	18	18
chr5	24669473	24673075	+	18	18
chr5	25833247	25833407	-	18	18
chr5	29444318	29446486	-	18	18
chr5	43433872	43435453	-	18	14
chr5	43557763	43559994	+	18	17
chr5	50642624	50643944	-	18	18
chr5	62630549	62631963	-	18	16
chr5	65486122	65487348	-	18	17
chr5	67199798	67211782	+	18	17
chr5	69210413	69214498	-	18	18
chr5	70002222	70002549	-	18	18
chr5	72918530	72923777	-	18	18
chr5	73515026	73527527	-	18	18
chr5	86605006	86617824	-	18	18
chr5	95459620	95460091	+	18	17
chr5	97044952	97046707	+	18	16
chr5	98343739	98344292	+	18	17
chr5	98396264	98396477	+	18	18
chr5	101574909	101575141	-	18	18
chr5	101762200	101762750	+	18	18
chr5	102090263	102093480	-	18	18
chr5	112515445	112520966	-	18	15
chr5	112942118	112945200	+	18	16
chr5	116617762	116618613	+	18	18
chr5	117341181	117342512	-	18	16
chr5	122079901	122083117	+	18	15
chr5	122837488	122843208	-	18	18
chr5	122839925	122843254	+	18	15
chr5	123761338	123761436	+	18	18
chr5	132682695	132688315	-	18	17
chr5	133699592	133699784	+	18	17
chr5	133925496	133926596	-	18	18
chr5	134054426	134058614	+	18	17
chr5	134589408	134591055	-	18	17
chr5	139462917	139465673	+	18	16
chr5	150162825	150162983	+	18	18
chr5	150759128	150760577	+	18	18
chr5	157760966	157764071	+	18	18
chr5	160248663	160248934	+	18	18
chr5	168541744	168544478	-	18	18
chr5	173622102	173623288	-	18	18
chr5	175335184	175335502	+	18	18
chr5	175634213	175646505	-	18	17
chr5	176433354	176437011	-	18	18
chr5	179058152	179060236	-	18	14
chr5	180652609	180667679	-	18	18
chr5	181164134	181165154	+	18	18
chr6	929084	929999	+	18	18
chr6	6023353	6069816	-	18	18
chr6	10490909	10491071	-	18	18
chr6	13344972	13349471	-	18	14
chr6	14242359	14243546	+	18	15
chr6	14264528	14264956	+	18	16
chr6	17725669	17726224	+	18	18
chr6	23766714	23844462	-	18	18
chr6	26667516	26669948	+	18	18
chr6	27628280	27644191	+	18	18
chr6	30213483	30214119	-	18	17
chr6	30903571	30906883	-	18	14
chr6	31212184	31213596	+	18	17
chr6	31228036	31229362	+	18	18
chr6	31684665	31686151	+	18	18
chr6	32617376	32618525	-	18	14
chr6	32875840	32876258	-	18	18
chr6	33062417	33064304	+	18	15
chr6	34173970	34174805	-	18	17
chr6	34558243	34560832	-	18	18
chr6	36846184	36847300	-	18	18
chr6	37186379	37193383	+	18	17
chr6	43475189	43477509	-	18	17
chr6	43641175	43642356	+	18	14
chr6	43688268	43690716	+	18	18
chr6	45678502	45678893	+	18	16
chr6	49381574	49381753	-	18	18
chr6	50226413	50226579	-	18	18
chr6	52258308	52263891	-	18	18
chr6	60692830	60692941	-	18	18
chr6	61245185	61245320	-	18	18
chr6	63600569	63601485	-	18	16
chr6	70597237	70597708	-	18	17
chr6	72565556	72565804	-	18	18
chr6	73321866	73322440	+	18	18
chr6	73838377	73838645	-	18	18
chr6	76688156	76688254	+	18	18
chr6	85832399	85859784	-	18	18
chr6	89316308	89316733	+	18	16
chr6	93181176	93225198	-	18	18
chr6	108016089	108020136	-	18	17
chr6	110583540	110583788	+	18	18
chr6	128530260	128530407	+	18	18
chr6	134905181	134907008	-	18	7
chr6	136820061	136822421	-	18	16
chr6	146523057	146523183	+	18	18
chr6	154722970	154724383	-	18	17
chr6	166234915	166235157	-	18	14
chr7	1203584	1204368	+	18	18
chr7	1405870	1410729	+	18	17
chr7	6072852	6074380	+	18	18
chr7	7278630	7279182	-	18	17
chr7	7307575	7307987	+	18	18
chr7	23178605	23181825	-	18	17
chr7	25008636	25008739	+	18	18
chr7	30635537	30637895	-	18	18
chr7	32478007	32479544	+	18	17
chr7	36312388	36313455	+	18	18
chr7	36508308	36508977	+	18	18
chr7	48119853	48120209	-	18	17
chr7	50409176	50412702	-	18	18
chr7	56236911	56237829	-	18	18
chr7	64501822	64506670	+	18	17
chr7	64769400	64769821	-	18	18
chr7	64853590	64855406	+	18	17
chr7	72957145	72959482	+	18	17
chr7	73764019	73767620	+	18	16
chr7	75739706	75741792	+	18	15
chr7	76068150	76070935	+	18	13
chr7	77482907	77484282	-	18	18
chr7	83223566	83292771	+	18	17
chr7	83317234	83317334	+	18	17
chr7	91661362	91664030	-	18	16
chr7	91937003	91939772	-	18	17
chr7	97182272	97186893	+	18	18
chr7	100168953	100169314	+	18	15
chr7	101139363	101140177	+	18	14
chr7	102283967	102284953	-	18	17
chr7	104107265	104110868	-	18	13
chr7	105424334	105426284	+	18	18
chr7	107166690	107167100	+	18	18
chr7	107761714	107763849	+	18	16
chr7	110557681	110558660	-	18	18
chr7	125521910	125558147	-	18	18
chr7	135546531	135550007	+	18	18
chr7	136622966	136623143	+	18	18
chr7	138264572	138278613	-	18	18
chr7	139338146	139339456	-	18	17
chr7	140215598	140217664	-	18	15
chr7	142470897	142473878	-	18	18
chr7	150166185	150167871	+	18	18
chr7	151278366	151292700	+	18	17
chr7	151936193	151939446	+	18	18
chr7	152548712	152548920	-	18	18
chr7	157279194	157281517	+	18	16
chr7	158623611	158625193	+	18	17
chr8	366154	367684	-	18	18
chr8	6761699	6763014	+	18	18
chr8	8310581	8311840	+	18	18
chr8	24035133	24035356	+	18	18
chr8	25122250	25122387	-	18	18
chr8	25418261	25418674	-	18	8
chr8	27274771	27278932	+	18	18
chr8	43092322	43093032	-	18	18
chr8	45983008	45983115	-	18	18
chr8	53163698	53164142	-	18	18
chr8	54275093	54306872	+	18	18
chr8	58691918	58692027	-	18	18
chr8	58801788	58803584	+	18	18
chr8	63114929	63120068	-	18	18
chr8	68267969	68268094	-	18	18
chr8	72484388	72485364	+	18	17
chr8	75622703	75637634	-	18	18
chr8	96177852	96180030	+	18	18
chr8	100753317	100755068	-	18	17
chr8	110764241	110764339	-	18	18
chr8	123317606	123319840	-	18	17
chr8	123472806	123476448	+	18	18
chr8	132684236	132684804	-	18	18
chr8	133581072	133582729	+	18	18
chr8	139713664	139713992	-	18	17
chr8	140471386	140474139	+	18	16
chr8	141002216	141004812	+	18	17
chr8	143115299	143119282	-	18	14
chr8	144127304	144129747	-	18	17
chr8	144507561	144508567	-	18	18
chr8	145050829	145052381	+	18	18
chr9	7371866	7372108	+	18	18
chr9	26819930	26823152	-	18	18
chr9	27901533	27901674	-	18	17
chr9	31126057	31126158	+	18	18
chr9	32573516	32577105	+	18	17
chr9	32879855	32880908	+	18	18
chr9	33378962	33379542	-	18	17
chr9	38664980	38665187	+	18	17
chr9	41507225	41508596	+	18	18
chr9	60837081	60837885	-	18	17
chr9	63909120	63910291	+	18	17
chr9	68220567	68222209	+	18	18
chr9	72003713	72006542	+	18	17
chr9	77029335	77029463	+	18	18
chr9	79736116	79737834	+	18	18
chr9	83541955	83542363	-	18	17
chr9	85543542	85546355	+	18	17
chr9	91362413	91366807	+	18	17
chr9	93424167	93427306	-	18	14
chr9	99160481	99164537	+	18	15
chr9	104963509	104964845	+	18	18
chr9	109342622	109342805	+	18	16
chr9	111357958	111358332	+	18	17
chr9	114752018	114752323	+	18	18
chr9	124107905	124108028	+	18	17
chr9	125391083	125393566	-	18	17
chr9	128363302	128365536	+	18	18
chr9	131277564	131281339	+	18	17
chr9	133089767	133090550	-	18	16
chr9	133479253	133481669	+	18	16
chr9	135795563	135796645	-	18	17
chr9	136095504	136099940	+	18	17
chr10	3174689	3175001	-	18	18
chr10	3958747	3971734	-	18	13
chr10	6117759	6119336	+	18	18
chr10	14782378	14782586	+	18	17
chr10	14793013	14793232	+	18	18
chr10	17289654	17295039	-	18	17
chr10	21462046	21480553	+	18	18
chr10	28361548	28362350	+	18	18
chr10	37884171	37887416	+	18	18
chr10	39166028	39166371	+	18	18
chr10	42891900	42891996	+	18	18
chr10	45360719	45361914	+	18	17
chr10	53379381	53381953	+	18	18
chr10	57358070	57358167	+	18	18
chr10	58290072	58293342	+	18	18
chr10	59787068	59788388	+	18	18
chr10	67918624	67921842	+	18	18
chr10	69052582	69056926	+	18	15
chr10	70170999	70171373	-	18	18
chr10	70187070	70191515	+	18	16
chr10	72051349	72052543	+	18	17
chr10	75236239	75239133	+	18	16
chr10	76564917	76569929	+	18	17
chr10	79632529	79636895	-	18	15
chr10	80149373	80150196	+	18	18
chr10	80727360	80727817	-	18	17
chr10	83266009	83266322	+	18	17
chr10	97354302	97356073	+	18	18
chr10	102164620	102167658	-	18	17
chr10	110353913	110357207	-	18	16
chr10	119081966	119087616	-	18	17
chr10	119717560	119722662	+	18	17
chr10	125317148	125317249	+	18	18
chr10	131616886	131617027	+	18	18
chr11	388839	389730	+	18	18
chr11	4093251	4094381	+	18	18
chr11	6761028	6761134	-	18	18
chr11	8004233	8004861	+	18	18
chr11	8934327	8936216	+	18	18
chr11	13521509	13522091	-	18	18
chr11	14874830	14877012	-	18	16
chr11	15294917	15295089	+	18	18
chr11	18189819	18189942	-	18	18
chr11	26970844	26971517	+	18	18
chr11	36262301	36263753	-	18	15
chr11	44093516	44095210	-	18	17
chr11	44450002	44450245	+	18	17
chr11	46710283	46715301	+	18	17
chr11	48179113	48180315	-	18	18
chr11	57568461	57571656	+	18	16
chr11	59681757	59685021	+	18	12
chr11	61390699	61392225	-	18	17
chr11	61922069	61932205	+	18	18
chr11	62393750	62394100	-	18	17
chr11	68458538	68459927	+	18	17
chr11	76301072	76301232	+	18	18
chr11	86289436	86290694	-	18	17
chr11	88252721	88253162	+	18	18
chr11	89749990	89750773	+	18	18
chr11	96344089	96347904	-	18	18
chr11	100548173	100548460	-	18	18
chr11	102999416	102999775	-	18	18
chr11	111308737	111309117	+	18	17
chr11	113732441	113732810	-	18	17
chr11	118683536	118687688	-	18	13
chr11	121200420	121215733	+	18	18
chr11	121655237	121656407	+	18	17
chr11	125090961	125093286	+	18	17
chr11	129696942	129699278	-	18	16
chr11	131356926	131358207	-	18	18
chr12	269977	270579	+	18	18
chr12	3600162	3603796	-	18	16
chr12	4147584	4151399	+	18	18
chr12	6488370	6491733	+	18	17
chr12	6647645	6650115	+	18	17
chr12	8027780	8029638	+	18	16
chr12	17295334	17295551	-	18	18
chr12	20227222	20256476	+	18	17
chr12	27082697	27083729	+	18	17
chr12	27201571	27202489	+	18	18
chr12	27203383	27207027	-	18	18
chr12	28053238	28056615	-	18	15
chr12	31731228	31732606	+	18	15
chr12	34066908	34093545	-	18	18
chr12	38075318	38075423	+	18	18
chr12	44406604	44406840	+	18	18
chr12	46147057	46148906	-	18	14
chr12	47601238	47602189	+	18	18
chr12	48958383	48960795	-	18	18
chr12	49364159	49365919	-	18	15
chr12	50503198	50504545	-	18	17
chr12	50829967	50832227	+	18	18
chr12	52000330	52002784	-	18	18
chr12	52134191	52134284	-	18	18
chr12	55216506	55216695	-	18	18
chr12	60080817	60081074	+	18	18
chr12	60402002	60402121	+	18	18
chr12	79526908	79530271	-	18	18
chr12	82575392	82575497	+	18	17
chr12	91915533	91919589	-	18	15
chr12	94536931	94541114	-	18	15
chr12	95006617	95010333	+	18	17
chr12	96154331	96154505	-	18	18
chr12	98606552	98607390	+	18	17
chr12	101391691	101392921	-	18	17
chr12	103200107	103202260	-	18	17
chr12	105629329	105634123	+	18	16
chr12	108600827	108603059	+	18	18
chr12	116334109	116339121	-	18	18
chr12	122269215	122271264	+	18	17
chr12	122744347	122746959	+	18	17
chr12	130143990	130144294	+	18	18
chr12	131706055	131706939	+	18	5
chr12	132590517	132592490	-	18	16
chr12	132612523	132614203	+	18	17
chr13	22568912	22570672	-	18	17
chr13	22606090	22610863	+	18	16
chr13	22701440	22701708	-	18	18
chr13	26703824	26704287	+	18	18
chr13	28296087	28298701	-	18	18
chr13	31622372	31628078	-	18	16
chr13	32538996	32540321	+	18	17
chr13	32805634	32807555	+	18	14
chr13	73241993	73242090	+	18	14
chr13	75266161	75271089	-	18	16
chr13	80279629	80322353	+	18	18
chr13	90325267	90325455	-	18	18
chr13	99163424	99163708	+	18	18
chr13	102724311	102725862	+	18	18
chr13	106929448	106929622	-	18	18
chr13	112477609	112478584	+	18	18
chr13	113948883	113953619	-	18	16
chr13	113975262	113977209	-	18	16
chr14	20247829	20251352	-	18	18
chr14	20333532	20335823	+	18	17
chr14	21198173	21199941	+	18	18
chr14	21897533	21899356	+	18	18
chr14	28122764	28125106	-	18	16
chr14	35030042	35032083	-	18	18
chr14	45200949	45203186	-	18	16
chr14	45441017	45441517	+	18	17
chr14	50236752	50237552	-	18	16
chr14	51297179	51297549	-	18	18
chr14	52331503	52334965	-	18	18
chr14	54547034	54549365	-	18	16
chr14	59372871	59375987	+	18	12
chr14	65855049	65860020	-	18	18
chr14	69164181	69167638	+	18	15
chr14	73806089	73813519	-	18	18
chr14	75479611	75479949	-	18	17
chr14	75552042	75553783	-	18	18
chr14	77641090	77644134	+	18	16
chr14	85264655	85264985	-	18	6
chr14	85689503	85692889	+	18	18
chr14	86246769	86246978	+	18	18
chr14	90225081	90239478	+	18	17
chr14	90339556	90340498	+	18	18
chr14	90429184	90432453	+	18	16
chr14	92501481	92503210	+	18	18
chr14	93152635	93164959	+	18	18
chr14	97596160	97601418	+	18	14
chr14	103147332	103148449	+	18	12
chr14	104818813	104821198	+	18	17
chr14	105669854	105672085	+	18	13
chr14	105819890	105822212	-	18	18
chr15	34475208	34475628	-	18	18
chr15	40567791	40569217	-	18	18
chr15	40904049	40905626	+	18	16
chr15	41488122	41491096	+	18	17
chr15	44934522	44934630	-	18	18
chr15	49810999	49812828	-	18	15
chr15	50829773	50833234	-	18	16
chr15	55160604	55165443	-	18	15
chr15	63503141	63504466	-	18	18
chr15	63504146	63504497	+	18	16
chr15	63834656	63836360	-	18	17
chr15	64457350	64460130	-	18	17
chr15	70099093	70102107	+	18	15
chr15	75118445	75120222	+	18	15
chr15	75218072	75220572	-	18	17
chr15	79488811	79491273	-	18	17
chr15	79824161	79829202	-	18	18
chr15	79986059	79987279	+	18	18
chr16	2880617	2882921	+	18	12
chr16	3318963	3320120	+	18	18
chr16	8649659	8652695	-	18	16
chr16	26156035	26261013	+	18	18
chr16	31113372	31114488	-	18	18
chr16	34152463	34152667	+	18	18
chr16	36073285	36074827	+	18	18
chr16	47716257	47718248	-	18	17
chr16	53329257	53331407	+	18	18
chr16	53416095	53419106	+	18	16
chr16	53593255	53594302	-	18	16
chr16	68836733	68840628	+	18	18
chr16	69478020	69480695	+	18	17
chr16	75274016	75277258	-	18	16
chr16	75975006	75998717	+	18	18
chr16	81729848	81730253	-	18	18
chr16	87553444	87555692	-	18	16
chr17	2381937	2384033	-	18	18
chr17	4784128	4785158	+	18	18
chr17	5281012	5281965	+	18	16
chr17	6335111	6335352	-	18	18
chr17	6568837	6571120	-	18	17
chr17	7092139	7093085	+	18	18
chr17	7264831	7266586	-	18	18
chr17	8799826	8802095	-	18	17
chr17	12170924	12184084	+	18	16
chr17	12305524	12305628	-	18	18
chr17	14239281	14241655	+	18	18
chr17	15159840	15159963	+	18	18
chr17	15362992	15364083	+	18	18
chr17	16972451	16972996	+	18	12
chr17	17372248	17372395	-	18	18
chr17	19978547	19979712	+	18	14
chr17	19997177	20001176	+	18	18
chr17	20607944	20608859	-	18	18
chr17	21043782	21044431	+	18	17
chr17	28712014	28713327	-	18	17
chr17	35392166	35393279	+	18	17
chr17	35537696	35542287	-	18	17
chr17	36627754	36628307	-	18	17
chr17	43798799	43800450	-	18	18
chr17	44026753	44028565	+	18	17
chr17	48430730	48432364	+	18	15
chr17	49962092	49962252	-	18	18
chr17	54463958	54464056	-	18	18
chr17	57137572	57141953	+	18	14
chr17	62191756	62197157	-	18	18
chr17	63614298	63617649	-	18	16
chr17	63992837	63994757	+	18	16
chr17	66810976	66816162	+	18	17
chr17	70163789	70164047	+	18	18
chr17	75825808	75827223	-	18	17
chr17	79827711	79832219	-	18	16
chr17	80985885	80987709	-	18	16
chr17	81385467	81388080	-	18	18
chr18	3461872	3463728	-	18	16
chr18	11275089	11275475	-	18	18
chr18	12407266	12407821	-	18	18
chr18	21958197	21958292	+	18	18
chr18	23499982	23503387	-	18	17
chr18	25995313	25999583	-	18	16
chr18	28943123	28982157	+	18	14
chr18	31986591	31992688	+	18	18
chr18	41250924	41251232	-	18	18
chr18	48886437	48898214	+	18	18
chr18	49602834	49607853	-	18	18
chr18	54009394	54009814	-	18	17
chr18	59801543	59805227	-	18	15
chr18	59879537	59881330	+	18	17
chr18	62497546	62498060	+	18	18
chr18	68593605	68625487	-	18	18
chr18	73868739	73869114	+	18	18
chr19	1714572	1723240	-	18	18
chr19	2896451	2900488	-	18	18
chr19	3700683	3703457	+	18	17
chr19	4751633	4753256	+	18	18
chr19	4804454	4806121	+	18	18
chr19	4963339	4968047	-	18	16
chr19	8699101	8702951	+	18	15
chr19	11419620	11420579	-	18	17
chr19	14227527	14227684	+	18	18
chr19	15450513	15451440	-	18	16
chr19	15638590	15638810	-	18	18
chr19	17343036	17343668	-	18	17
chr19	18014203	18015560	+	18	18
chr19	18151745	18152533	-	18	18
chr19	22248835	22249614	-	18	18
chr19	24152415	24154947	-	18	15
chr19	32580345	32581109	-	18	16
chr19	33078925	33080196	+	18	18
chr19	33816270	33817755	+	18	15
chr19	33839806	33851077	+	18	14
chr19	34954638	34956084	-	18	17
chr19	35799305	35799434	-	18	18
chr19	40630143	40631140	-	18	17
chr19	40765731	40768852	-	18	16
chr19	41813109	41813473	+	18	17
chr19	44089784	44093313	+	18	17
chr19	46632083	46633748	-	18	18
chr19	47235364	47238009	-	18	15
chr19	47322071	47323705	-	18	17
chr19	51989565	51990854	-	18	18
chr19	53841773	53847193	+	18	16
chr19	55221727	55222672	+	18	18
chr19	55633619	55634710	+	18	18
chr20	1393591	1394743	+	18	15
chr20	5224554	5227561	+	18	18
chr20	5635707	5639600	-	18	18
chr20	12446236	12478046	+	18	17
chr20	18193893	18197386	-	18	18
chr20	23250919	23251369	-	18	18
chr20	25598281	25609537	-	18	18
chr20	29872210	29873507	+	18	18
chr20	34113192	34114952	-	18	18
chr20	45986458	45996852	-	18	17
chr20	47380183	47381899	+	18	18
chr20	48908492	48909125	+	18	17
chr20	49976664	49978345	+	18	14
chr20	50212325	50212711	-	18	14
chr20	51039245	51040151	+	18	3
chr20	51821854	51831646	-	18	18
chr20	56461207	56464118	+	18	16
chr20	56546119	56547418	+	18	18
chr20	59122339	59123354	-	18	16
chr20	63574742	63577213	+	18	17
chr20	63581713	63586749	+	18	17
chr21	6476984	6478850	-	18	17
chr21	8472104	8472300	-	18	18
chr21	9953105	9957931	-	18	18
chr21	15910850	15911770	-	18	17
chr21	15921478	15921583	-	18	17
chr21	17475849	17499875	+	18	18
chr21	22187492	22190689	-	18	18
chr21	31088592	31090974	+	18	17
chr21	33371192	33375417	-	18	15
chr21	33393633	33394902	-	18	18
chr21	36080397	36081836	+	18	13
chr21	37054515	37057539	-	18	16
chr21	37572420	37572802	-	18	18
chr21	46577828	46580126	+	18	18
chr22	18904063	18905672	-	18	17
chr22	20412486	20413971	-	18	18
chr22	21529063	21535416	-	18	18
chr22	22381436	22382820	+	18	15
chr22	22435563	22435707	-	18	17
chr22	22530307	22531300	+	18	18
chr22	24804886	24805837	-	18	16
chr22	25322732	25325601	-	18	17
chr22	30429336	30432483	+	18	17
chr22	31750280	31753751	+	18	16
chr22	34680435	34680546	-	18	18
chr22	37216659	37218464	+	18	17
chr22	37798726	37800754	-	18	18
chr22	41360945	41362781	-	18	15
chr22	42493866	42495508	+	18	15
chr22	45500971	45501628	+	18	17
chr22	46005082	46006314	-	18	16
chr22	49408188	49411277	-	18	18
chr22	50563163	50564795	+	18	16
chrX	5536890	5536981	+	18	18
chrX	12964088	12967258	+	18	17
chrX	14923059	14925861	+	18	18
chrX	15208735	15210997	-	18	18
chrX	15788670	15790040	-	18	16
chrX	16562215	16563987	-	18	18
chrX	17201350	17228801	+	18	16
chrX	19341959	19343545	-	18	16
chrX	19902919	19905995	-	18	12
chrX	24125429	24130967	+	18	16
chrX	24553508	24557398	+	18	17
chrX	30547764	30548296	+	18	18
chrX	31005273	31005515	-	18	18
chrX	47311394	47321253	+	18	18
chrX	47340342	47358277	+	18	17
chrX	47422220	47426023	-	18	17
chrX	47650867	47651716	+	18	18
chrX	54627184	54635896	+	18	18
chrX	63092739	63093526	-	18	18
chrX	63981398	63981716	+	18	18
chrX	64893791	64894584	-	18	16
chrX	76183573	76187310	+	18	17
chrX	79416262	79417238	+	18	18
chrX	81331043	81332797	-	18	17
chrX	82890796	82890928	+	18	18
chrX	83838707	83838828	-	18	17
chrX	93495997	93496202	+	18	18
chrX	96634039	96634180	-	18	18
chrX	103027998	103049507	+	18	18
chrX	106474326	106517599	+	18	17
chrX	109054135	109054535	+	18	18
chrX	113374267	113374553	-	18	18
chrX	115455951	115456096	-	18	18
chrX	116123131	116127100	+	18	18
chrX	120485825	120487759	+	18	18
chrX	123580112	123580625	-	18	18
chrX	123820430	123831825	-	18	18
chrX	127826791	127826928	+	18	17
chrX	129392617	129408222	+	18	18
chrX	134764976	134766573	-	18	17
chrX	136524203	136524565	+	18	18
chrX	152879639	152880886	+	18	18
chrX	154456605	154457629	+	18	17
chrX	154591624	154605345	+	18	18
chrY	1003979	1008130	-	18	18
chrY	2151497	2153551	+	18	18
chrY	3208083	3208518	-	18	18
chrY	3402936	3403164	-	18	18
chrY	5908238	5960586	+	18	18
chrY	6003918	6004246	+	18	18
chrY	17034853	17072272	-	18	18
chrY	20370884	20372084	+	18	18
chrY	21052449	21054190	-	18	17
chrY	21290387	21293873	-	18	14
chrY	22262845	22289392	-	18	18
KI270706.1	129447	135116	+	18	17
KI270708.1	33218	119687	-	18	17
KI270714.1	1265	2673	-	18	17
KI270717.1	35437	35853	+	18	18
KI270737.1	23333	30443	-	18	17
KI270742.1	14935	16006	+	18	18
KI270745.1	4011	4169	+	18	18
KI270745.1	37843	38814	+	18	17
chr1	1444252	1448142	+	17	16
chr1	3808872	3812057	-	17	17
chr1	9398850	9409506	+	17	16
chr1	10632106	10633898	+	17	16
chr1	11010208	11011589	+	17	17
chr1	13671886	13672875	-	17	17
chr1	19288979	19292477	+	17	15
chr1	24868661	24870487	+	17	14
chr1	27090241	27092326	+	17	17
chr1	27367848	27368722	+	17	17
chr1	27384470	27389012	-	17	15
chr1	27521674	27522244	+	17	15
chr1	28195192	28196340	+	17	15
chr1	35595337	35595737	+	17	13
chr1	35718904	35720182	+	17	17
chr1	36201577	36203265	-	17	17
chr1	39077803	39079987	-	17	17
chr1	53983776	53999656	+	17	11
chr1	54769392	54772129	-	17	16
chr1	61647344	61653955	-	17	11
chr1	61738999	61741942	+	17	17
chr1	65419285	65419960	-	17	15
chr1	77690828	77694037	-	17	14
chr1	91665845	91670858	-	17	16
chr1	92465943	92467858	-	17	16
chr1	98294664	98294989	-	17	17
chr1	110458036	110459062	-	17	17
chr1	110724564	110724991	+	17	17
chr1	111334916	111336672	+	17	9
chr1	115205988	115207260	-	17	17
chr1	117727004	117731732	+	17	17
chr1	120354714	120357841	-	17	16
chr1	120412034	120414920	-	17	17
chr1	120842512	120843976	+	17	15
chr1	145860510	145861882	+	17	12
chr1	147000251	147001896	-	17	16
chr1	149922008	149922973	+	17	17
chr1	150785912	150787001	+	17	15
chr1	152489984	152490287	-	17	17
chr1	152838973	152839235	-	17	17
chr1	155245414	155247106	+	17	15
chr1	158790551	158791737	-	17	17
chr1	159258703	159260664	-	17	16
chr1	161310995	161313391	+	17	16
chr1	161979595	161981729	+	17	16
chr1	169641128	169644457	-	17	15
chr1	171686397	171688915	+	17	17
chr1	180221247	180221377	-	17	17
chr1	181226574	181226732	+	17	17
chr1	190020528	190027047	-	17	17
chr1	195908819	195908967	-	17	17
chr1	197150468	197151762	-	17	15
chr1	211444772	211447204	+	17	15
chr1	223942049	223943663	-	17	17
chr1	226094844	226097445	+	17	14
chr1	227707208	227709035	+	17	14
chr1	228183166	228185267	-	17	16
chr1	229437135	229438923	+	17	16
chr1	235091373	235092936	+	17	16
chr1	235096478	235100685	-	17	16
chr1	241903402	241908663	+	17	15
chr1	242555858	242607296	-	17	17
chr1	245726822	245728053	+	17	16
chr1	246769409	246771831	+	17	16
chr1	248938864	248939718	+	17	17
chr2	460153	460962	-	17	17
chr2	5890118	5899522	-	17	17
chr2	10698095	10706619	-	17	16
chr2	26162965	26165653	+	17	14
chr2	37388600	37390477	-	17	14
chr2	37420013	37420161	-	17	17
chr2	38795345	38797680	-	17	16
chr2	42437388	42437967	+	17	16
chr2	52581384	52581868	+	17	17
chr2	68848229	68851248	+	17	14
chr2	70791218	70793656	-	17	7
chr2	73628667	73630494	+	17	17
chr2	74445288	74449839	-	17	17
chr2	74448139	74450406	+	17	16
chr2	78653547	78663506	+	17	17
chr2	81240839	81240960	-	17	17
chr2	81384825	81385128	+	17	17
chr2	83047803	83048709	+	17	17
chr2	84003019	84003179	+	17	17
chr2	84011069	84011192	+	17	17
chr2	84514225	84515705	-	17	16
chr2	85965071	85967626	+	17	17
chr2	88021822	88022474	-	17	15
chr2	88478386	88500417	-	17	17
chr2	96105028	96106961	+	17	17
chr2	98024507	98027011	-	17	12
chr2	103082940	103085091	+	17	14
chr2	107895230	107895417	+	17	17
chr2	109046076	109064378	+	17	17
chr2	109519639	109521148	+	17	15
chr2	112130114	112132613	-	17	17
chr2	123586486	123586581	+	17	17
chr2	125518432	125590388	+	17	17
chr2	127040523	127043105	+	17	17
chr2	127815859	127817739	+	17	13
chr2	129109638	129115824	+	17	17
chr2	139936895	139937369	-	17	15
chr2	151261887	151263875	+	17	17
chr2	159630197	159631404	-	17	17
chr2	174488755	174490435	+	17	14
chr2	183741664	183845015	+	17	17
chr2	185603521	185605444	+	17	13
chr2	185882676	185883009	-	17	14
chr2	193210781	193215241	-	17	16
chr2	194779553	194781684	-	17	12
chr2	195058117	195058566	+	17	16
chr2	196129298	196129702	+	17	16
chr2	196618333	196618565	+	17	16
chr2	196829125	196831025	-	17	16
chr2	200482316	200484532	+	17	16
chr2	202622414	202624624	+	17	16
chr2	202632960	202634952	+	17	17
chr2	203604750	203605024	+	17	17
chr2	203833754	203834944	+	17	16
chr2	203842671	203846004	+	17	15
chr2	204509603	204525645	-	17	17
chr2	207696373	207706630	+	17	17
chr2	218815576	218817682	+	17	16
chr2	219592030	219595268	-	17	16
chr2	226818380	226820443	-	17	14
chr2	230325500	230325818	+	17	16
chr2	230840320	230841947	-	17	17
chr2	230880478	230881757	-	17	17
chr2	231623897	231627170	-	17	16
chr2	236546219	236549045	+	17	16
chr2	238471895	238473966	-	17	15
chr2	238476674	238477052	+	17	17
chr2	238812153	238812456	-	17	17
chr2	240025861	240028177	+	17	16
chr3	1642525	1711738	+	17	17
chr3	5345209	5348021	+	17	15
chr3	9857059	9858032	+	17	17
chr3	14208132	14208503	+	17	17
chr3	15544563	15547411	+	17	16
chr3	16516899	16519898	+	17	13
chr3	23628790	23630786	+	17	14
chr3	32182940	32186038	+	17	15
chr3	32664421	32664677	+	17	17
chr3	38442796	38443151	-	17	16
chr3	42230937	42233229	+	17	16
chr3	44696583	44698257	+	17	17
chr3	46819894	46828106	-	17	14
chr3	50263377	50265352	-	17	17
chr3	53926377	53927150	-	17	17
chr3	55115359	55115503	+	17	16
chr3	72696859	72697625	-	17	15
chr3	95801441	95801738	+	17	17
chr3	98690647	98691747	+	17	17
chr3	100332551	100334582	-	17	17
chr3	104288536	104299753	-	17	13
chr3	105330004	105332008	-	17	13
chr3	108142983	108144707	-	17	16
chr3	119592588	119595010	+	17	16
chr3	125444318	125446165	+	17	17
chr3	134250936	134251665	+	17	16
chr3	137140371	137214976	+	17	15
chr3	138650159	138652152	+	17	17
chr3	140767142	140837806	-	17	14
chr3	140985764	140986208	-	17	16
chr3	143229134	143229868	+	17	17
chr3	144346943	144349107	+	17	15
chr3	145300080	145300242	-	17	17
chr3	149126403	149126917	+	17	17
chr3	149436459	149437330	+	17	13
chr3	153099576	153118322	+	17	17
chr3	160663943	160666056	-	17	14
chr3	166398546	166546859	-	17	16
chr3	169713393	169713759	-	17	17
chr3	171599460	171599893	+	17	17
chr3	180133619	180134098	-	17	17
chr3	183176132	183176486	-	17	17
chr3	184029043	184029155	+	17	17
chr3	187417008	187418091	+	17	17
chr3	189350604	189351004	-	17	17
chr4	1008348	1008614	-	17	17
chr4	1423629	1424335	-	17	17
chr4	2266549	2267034	-	17	15
chr4	4822938	4835254	+	17	16
chr4	4902501	4902698	-	17	17
chr4	14268465	14272199	+	17	15
chr4	23416395	23447120	-	17	17
chr4	24515203	24516709	+	17	15
chr4	40401837	40404311	-	17	17
chr4	49602991	49603466	-	17	17
chr4	51936579	51940256	-	17	16
chr4	52705012	52706960	+	17	16
chr4	56776379	56776481	+	17	17
chr4	59498047	59498378	+	17	17
chr4	59510557	59510655	-	17	17
chr4	59531721	59532732	+	17	16
chr4	65200087	65201145	+	17	17
chr4	70568691	70569005	-	17	16
chr4	81409011	81411736	-	17	15
chr4	81415284	81415738	+	17	16
chr4	82480430	82480898	-	17	17
chr4	91788640	91789129	-	17	17
chr4	92045335	92045537	-	17	17
chr4	96033675	96034756	+	17	17
chr4	105516622	105516714	-	17	16
chr4	107370272	107372453	-	17	17
chr4	109343569	109345505	+	17	17
chr4	110239802	110239915	+	17	17
chr4	119188030	119188172	+	17	17
chr4	123971178	123971426	-	17	17
chr4	126347612	126347777	-	17	17
chr4	126920209	126935259	+	17	17
chr4	135182271	135182667	-	17	17
chr4	143232836	143235965	-	17	16
chr4	145997904	145998131	-	17	17
chr4	147386110	147386350	-	17	17
chr4	148077663	148078600	-	17	17
chr4	152283270	152285261	-	17	16
chr4	152561962	152565865	-	17	16
chr4	160604234	160655522	-	17	17
chr4	162553357	162554018	-	17	17
chr4	174039534	174039701	+	17	16
chr4	176304240	176307751	-	17	15
chr4	182870723	182871981	-	17	17
chr4	188873588	188873818	+	17	16
chr5	7919889	7920350	-	17	17
chr5	15000307	15003298	+	17	16
chr5	34971617	34974623	-	17	17
chr5	35893855	35895363	+	17	14
chr5	36833439	36833948	+	17	15
chr5	37103645	37106135	+	17	16
chr5	40800609	40804645	+	17	15
chr5	51253540	51254151	+	17	17
chr5	51330969	51331078	-	17	16
chr5	54791422	54791552	+	17	17
chr5	55045421	55046695	-	17	13
chr5	56773449	56775196	-	17	13
chr5	56798985	56799613	-	17	14
chr5	56810650	56811094	-	17	17
chr5	56812272	56814312	-	17	15
chr5	58051157	58052462	-	17	17
chr5	58947526	58949643	+	17	17
chr5	62818393	62820426	+	17	17
chr5	69998018	69998778	+	17	16
chr5	73505704	73508278	+	17	16
chr5	74896425	74897983	+	17	16
chr5	75819475	75819736	+	17	17
chr5	78775375	78776237	-	17	16
chr5	78986160	78987279	+	17	14
chr5	81398290	81401011	+	17	17
chr5	87510014	87510111	+	17	17
chr5	97450631	97451892	+	17	17
chr5	101418562	101420300	-	17	17
chr5	101424568	101426827	-	17	16
chr5	101905909	101907270	+	17	15
chr5	102135715	102138412	+	17	16
chr5	112952471	112955673	+	17	17
chr5	115562542	115563193	-	17	15
chr5	116082787	116083722	-	17	17
chr5	116420014	116424686	+	17	17
chr5	119667036	119667857	-	17	17
chr5	132101189	132104573	+	17	15
chr5	132741840	132747211	-	17	15
chr5	134423849	134425291	+	17	15
chr5	134732384	134735141	+	17	17
chr5	138068787	138075677	+	17	13
chr5	149370067	149370659	-	17	15
chr5	157022855	157025202	+	17	14
chr5	157782675	157785291	-	17	17
chr5	160386848	160390237	-	17	13
chr5	160431633	160432103	-	17	17
chr5	161216115	161216435	+	17	17
chr5	163498211	163501884	-	17	13
chr5	177401043	177401992	-	17	14
chr5	177589992	177592154	-	17	16
chr5	179091074	179095445	+	17	15
chr5	180072117	180073827	+	17	15
chr5	180815983	180817089	+	17	15
chr6	10650147	10651780	-	17	17
chr6	10734127	10736669	+	17	16
chr6	13845439	13846464	-	17	17
chr6	17713792	17714255	-	17	17
chr6	18481026	18484191	-	17	16
chr6	27162264	27164385	+	17	15
chr6	30792592	30795414	+	17	17
chr6	32703573	32705746	+	17	16
chr6	32871237	32874578	-	17	16
chr6	32877460	32878804	-	17	16
chr6	33215456	33217129	+	17	16
chr6	33219601	33222165	-	17	16
chr6	34175811	34176187	+	17	14
chr6	34448824	34465178	+	17	17
chr6	35104541	35110801	-	17	16
chr6	37191549	37194446	-	17	15
chr6	37576626	37580550	+	17	16
chr6	41760423	41765451	-	17	15
chr6	42693982	42694716	-	17	15
chr6	42908721	42910422	+	17	17
chr6	44253892	44254078	+	17	17
chr6	55583189	55583457	-	17	17
chr6	55689475	55690700	+	17	17
chr6	57647176	57649489	+	17	16
chr6	63338763	63340947	-	17	13
chr6	67662756	67663027	-	17	17
chr6	70409549	70412653	-	17	17
chr6	73324558	73326304	+	17	17
chr6	73654122	73655605	+	17	14
chr6	73656858	73660069	+	17	16
chr6	89165905	89167907	+	17	16
chr6	91507862	91508104	-	17	17
chr6	94264261	94264535	-	17	17
chr6	95620445	95620856	-	17	17
chr6	99175611	99175716	+	17	16
chr6	105266697	105268105	+	17	17
chr6	107128564	107128933	+	17	17
chr6	108204383	108204787	+	17	17
chr6	108980339	108984014	+	17	17
chr6	113928678	113932399	-	17	15
chr6	117750425	117752584	-	17	17
chr6	118809622	118812335	+	17	17
chr6	125472672	125488187	-	17	17
chr6	131088368	131088476	+	17	17
chr6	149428369	149431752	+	17	15
chr6	153789534	153839600	-	17	17
chr6	157955980	157958668	-	17	13
chr7	310378	321274	-	17	17
chr7	382732	386293	+	17	15
chr7	5188886	5190124	-	17	17
chr7	5571310	5573018	-	17	17
chr7	6487836	6490712	-	17	16
chr7	12256673	12258210	+	17	17
chr7	16745154	16746977	+	17	16
chr7	24001502	24009234	-	17	17
chr7	27494586	27495069	+	17	17
chr7	27510182	27512181	+	17	17
chr7	36843559	36845270	+	17	17
chr7	36846282	36850061	+	17	17
chr7	41639862	41640496	-	17	17
chr7	47667676	47667995	+	17	17
chr7	49114962	49115812	-	17	16
chr7	50300213	50303389	-	17	17
chr7	63788630	63788848	-	17	16
chr7	63843976	63850654	+	17	17
chr7	64792484	64794319	-	17	17
chr7	65808547	65811732	+	17	13
chr7	66045000	66059871	-	17	17
chr7	68365872	68366009	-	17	17
chr7	68961201	68962338	+	17	16
chr7	73579727	73587717	-	17	17
chr7	73666536	73667305	-	17	15
chr7	74197182	74199411	+	17	16
chr7	81087555	81088149	+	17	17
chr7	93585133	93585520	-	17	17
chr7	101337850	101342627	+	17	16
chr7	101760099	101780288	+	17	17
chr7	107890063	107891161	-	17	16
chr7	112498655	112501005	+	17	16
chr7	115896227	115898973	-	17	13
chr7	115901620	115903498	-	17	14
chr7	116939130	116942478	+	17	15
chr7	118972384	119152832	-	17	17
chr7	119359897	119360120	-	17	17
chr7	121322432	121324824	-	17	16
chr7	128283234	128284301	-	17	15
chr7	129223431	129224987	+	17	16
chr7	130148774	130151480	-	17	16
chr7	130235527	130249315	-	17	16
chr7	139192496	139193688	+	17	16
chr7	140447022	140448807	+	17	16
chr7	142533021	142535319	-	17	15
chr7	142646595	142650162	+	17	17
chr7	142712477	142715080	+	17	16
chr7	143023872	143024119	-	17	17
chr7	148992111	148993013	-	17	5
chr7	149498060	149499145	+	17	15
chr7	155096435	155096712	-	17	17
chr8	299351	300610	-	17	17
chr8	7607940	7608083	+	17	17
chr8	15353980	15391915	-	17	17
chr8	34983429	35047127	-	17	17
chr8	40292727	40292829	-	17	17
chr8	43412546	43413517	-	17	17
chr8	46971310	46971419	-	17	17
chr8	50959569	51011665	-	17	17
chr8	52608123	52611111	-	17	16
chr8	54036487	54038217	+	17	16
chr8	56134094	56155989	+	17	15
chr8	61031580	61033141	+	17	16
chr8	69407623	69422856	+	17	16
chr8	75353003	75353568	+	17	17
chr8	75611293	75611479	+	17	17
chr8	80953519	80954553	-	17	16
chr8	85049652	85049829	+	17	17
chr8	85290447	85292764	+	17	16
chr8	108509697	108510520	-	17	17
chr8	122974517	122976758	+	17	17
chr8	124262975	124266404	+	17	16
chr8	127522813	127523670	+	17	17
chr8	128240096	128241022	+	17	4
chr8	131640865	131641132	+	17	17
chr8	134428374	134428709	+	17	16
chr9	179148	180486	+	17	17
chr9	762035	763622	+	17	17
chr9	796918	797952	-	17	16
chr9	20034577	20034699	-	17	17
chr9	26901673	26903242	-	17	17
chr9	32454799	32455125	+	17	16
chr9	60765891	60766303	+	17	17
chr9	63477713	63480003	-	17	16
chr9	63601106	63601498	+	17	17
chr9	70354953	70357535	-	17	16
chr9	71667847	71669192	+	17	15
chr9	78279922	78282837	-	17	16
chr9	80588218	80589894	+	17	16
chr9	83613940	83616752	+	17	14
chr9	85529396	85532771	-	17	15
chr9	86847631	86847801	+	17	17
chr9	97858241	97858659	+	17	16
chr9	99209058	99209796	+	17	16
chr9	100973255	100973535	+	17	17
chr9	103570337	103570567	-	17	17
chr9	107721282	107726800	-	17	17
chr9	108676233	108677625	-	17	16
chr9	108729143	108730391	+	17	15
chr9	112334500	112338216	-	17	17
chr9	112340687	112347350	+	17	15
chr9	125734479	125737799	-	17	11
chr9	126913260	126914365	-	17	17
chr9	129824333	129827128	-	17	16
chr9	131500369	131502742	-	17	16
chr9	135071856	135072137	+	17	17
chr9	137579279	137580885	-	17	16
chr10	5673811	5674022	+	17	17
chr10	13216121	13217229	-	17	16
chr10	14804354	14817475	-	17	17
chr10	20318557	20322287	+	17	14
chr10	20340368	20340827	+	17	17
chr10	20754646	20756718	-	17	14
chr10	23377499	23377701	-	17	16
chr10	23433368	23435273	+	17	16
chr10	26970926	26973315	+	17	16
chr10	30500982	30503592	-	17	14
chr10	36704986	36705196	+	17	16
chr10	36847417	36919071	+	17	17
chr10	44485814	44487755	-	17	17
chr10	46332800	46335029	-	17	17
chr10	46673519	46674230	+	17	16
chr10	46815154	46816157	+	17	16
chr10	49250438	49251513	+	17	17
chr10	58030624	58030827	-	17	17
chr10	68076290	68077873	-	17	16
chr10	68537370	68540223	+	17	14
chr10	68713615	68717099	-	17	15
chr10	74715642	74717444	+	17	16
chr10	76803327	76803573	+	17	17
chr10	80145365	80145649	+	17	17
chr10	80687767	80688090	+	17	16
chr10	86414234	86417366	-	17	14
chr10	88627847	88630371	-	17	17
chr10	93088987	93106209	+	17	17
chr10	93821695	93821859	+	17	17
chr10	94385651	94387550	+	17	14
chr10	98379696	98383296	-	17	16
chr10	99870579	99871923	-	17	15
chr10	100144389	100146142	-	17	16
chr10	100671551	100678013	+	17	17
chr10	102171265	102174312	+	17	16
chr10	104232530	104234210	+	17	12
chr10	109224905	109226102	+	17	17
chr10	112886468	112888149	+	17	16
chr10	113917207	113921118	+	17	17
chr10	119096419	119100967	+	17	15
chr10	121377027	121385747	+	17	17
chr10	124845353	124858257	-	17	15
chr10	130198375	130199841	-	17	17
chr10	132031545	132032587	-	17	17
chr11	316401	318208	-	17	16
chr11	1320068	1325396	+	17	17
chr11	13654215	13657275	+	17	14
chr11	14394101	14397806	+	17	14
chr11	19098772	19099030	-	17	17
chr11	21670545	21674112	-	17	16
chr11	25172798	25300774	-	17	17
chr11	34037405	34037569	-	17	17
chr11	34363130	34372594	+	17	15
chr11	40072973	40076012	-	17	14
chr11	42445790	42474406	+	17	17
chr11	44012451	44027027	-	17	17
chr11	47195443	47205507	-	17	15
chr11	47430936	47435100	+	17	16
chr11	50066806	50067128	+	17	17
chr11	54576548	54576647	+	17	17
chr11	54950796	54952888	+	17	17
chr11	55460642	55462884	+	17	17
chr11	55686539	55687526	+	17	17
chr11	57431708	57432695	-	17	15
chr11	57574985	57575996	+	17	17
chr11	64745492	64746296	+	17	16
chr11	65247140	65250166	+	17	17
chr11	66433184	66434736	+	17	17
chr11	68624891	68626001	+	17	15
chr11	68853140	68853877	-	17	15
chr11	68952218	68954733	-	17	16
chr11	68953624	68954743	+	17	15
chr11	71997673	71998560	-	17	16
chr11	75258176	75260011	+	17	17
chr11	85926504	85926913	+	17	17
chr11	87338946	87340292	-	17	17
chr11	88191907	88192157	+	17	17
chr11	88247021	88247628	-	17	17
chr11	91331662	91331949	+	17	17
chr11	93204756	93206369	-	17	16
chr11	95925429	95928947	+	17	16
chr11	107306648	107308036	+	17	17
chr11	108470483	108472067	-	17	17
chr11	111048702	111050114	-	17	15
chr11	111326026	111326354	-	17	16
chr11	113686331	113686732	+	17	16
chr11	114504805	114509951	+	17	12
chr11	118963791	118965580	+	17	16
chr11	121390643	121394505	-	17	14
chr11	121392634	121393521	+	17	17
chr12	2953795	2954175	-	17	17
chr12	4152726	4156164	+	17	17
chr12	6946010	6946398	+	17	16
chr12	9316208	9317331	-	17	16
chr12	12650533	12651549	-	17	17
chr12	14105700	14105897	+	17	16
chr12	14502941	14503612	+	17	17
chr12	17960941	17961221	-	17	17
chr12	29810347	29811129	+	17	17
chr12	31331985	31336111	+	17	13
chr12	43633785	43634063	-	17	17
chr12	47281443	47294171	+	17	16
chr12	47839837	47841216	-	17	16
chr12	48181453	48183251	-	17	15
chr12	50484388	50487228	-	17	15
chr12	50488573	50491831	-	17	17
chr12	50973357	50978578	+	17	17
chr12	51083690	51084648	+	17	16
chr12	52816643	52816823	-	17	17
chr12	61119432	61119744	-	17	17
chr12	61458447	61472591	+	17	17
chr12	62464387	62466595	-	17	15
chr12	63204406	63218636	-	17	17
chr12	65249401	65249776	-	17	17
chr12	73500151	73501164	-	17	17
chr12	74552948	74554304	+	17	17
chr12	78610223	78610327	+	17	17
chr12	91072327	91072440	+	17	15
chr12	94668068	94668934	+	17	17
chr12	94726585	94729074	-	17	16
chr12	95017788	95020139	+	17	15
chr12	96406595	96408754	+	17	17
chr12	96954447	96957611	-	17	16
chr12	101154486	101154688	+	17	17
chr12	101487696	101490190	+	17	13
chr12	109780540	109780950	-	17	15
chr12	110827521	110827654	-	17	17
chr12	111827422	111830512	-	17	15
chr12	112153652	112156588	+	17	17
chr12	112384753	112385762	-	17	17
chr12	114972139	114972377	-	17	17
chr12	117991499	118010391	-	17	17
chr12	118601027	118601193	-	17	17
chr12	120318860	120321983	+	17	17
chr12	124770417	124771554	-	17	16
chr12	128711329	128745616	+	17	16
chr12	130781653	130783351	-	17	15
chr13	26426810	26429251	+	17	11
chr13	27032175	27034195	-	17	14
chr13	29757281	29758862	-	17	17
chr13	36829108	36831046	+	17	16
chr13	41302118	41304334	-	17	16
chr13	41483441	41483850	+	17	16
chr13	42032221	42033205	+	17	17
chr13	44845663	44846165	-	17	17
chr13	46549630	46550161	+	17	16
chr13	48222015	48224092	+	17	15
chr13	49529009	49531702	+	17	17
chr13	51314338	51314757	+	17	17
chr13	51330830	51331211	+	17	17
chr13	56411756	56561984	+	17	17
chr13	67476638	67476893	+	17	17
chr13	69159274	69159382	-	17	17
chr13	72382580	72382671	+	17	16
chr13	73045307	73048855	+	17	16
chr13	75884031	75884398	-	17	16
chr13	76033259	76090820	+	17	17
chr13	76207521	76207626	-	17	16
chr13	79291138	79292696	-	17	16
chr13	80441784	80444228	-	17	17
chr13	97927007	97927997	+	17	17
chr13	99423575	99425547	-	17	12
chr13	99590958	99591858	+	17	17
chr13	105383006	105383541	+	17	17
chr13	111432719	111433290	-	17	14
chr13	114312534	114314277	-	17	11
chr14	19186184	19186303	-	17	17
chr14	21511653	21514291	-	17	17
chr14	21544316	21560134	+	17	17
chr14	21782422	21786600	+	17	14
chr14	22647853	22648062	-	17	16
chr14	28044343	28048197	-	17	15
chr14	28131261	28133515	-	17	15
chr14	28161797	28165313	-	17	17
chr14	34876779	34878536	-	17	16
chr14	45418523	45421170	+	17	14
chr14	50714698	50718220	+	17	17
chr14	53003955	53006201	-	17	15
chr14	63117754	63118547	-	17	17
chr14	63568532	63570781	-	17	16
chr14	66202641	66203642	-	17	17
chr14	73123990	73124949	-	17	17
chr14	75558183	75560746	+	17	16
chr14	84913918	84914131	+	17	17
chr14	90378280	90378669	+	17	17
chr14	90832245	90836760	-	17	13
chr14	93166980	93168458	-	17	16
chr14	94369199	94369674	+	17	7
chr14	105187518	105189999	-	17	16
chr15	26312872	26313094	-	17	17
chr15	30868258	30869356	+	17	17
chr15	31435700	31436571	+	17	15
chr15	31450023	31452976	-	17	15
chr15	35179487	35181626	-	17	15
chr15	40579587	40583962	+	17	15
chr15	51722193	51722951	-	17	17
chr15	52541711	52547030	+	17	16
chr15	60409465	60411560	+	17	17
chr15	64163450	64165489	+	17	17
chr15	74907446	74908288	+	17	16
chr15	75139389	75142074	+	17	17
chr15	78503162	78505471	-	17	17
chr15	80018291	80020703	-	17	13
chr15	80045055	80048660	+	17	17
chr15	100659224	100661188	+	17	17
chr15	101157203	101157790	-	17	15
chr16	1003859	1004772	+	17	14
chr16	1328835	1332955	-	17	14
chr16	3236642	3238697	+	17	17
chr16	3329590	3330996	-	17	16
chr16	11919614	11923682	+	17	16
chr16	14360183	14360274	-	17	17
chr16	14422361	14426576	+	17	17
chr16	21558488	21585907	-	17	16
chr16	25024388	25025676	-	17	17
chr16	29786153	29787697	-	17	15
chr16	31232520	31235042	+	17	12
chr16	31238485	31247789	-	17	17
chr16	31712458	31713030	-	17	17
chr16	46795872	46796157	+	17	16
chr16	52965468	52993907	-	17	17
chr16	53335838	53337262	-	17	16
chr16	58408010	58409886	-	17	17
chr16	67644284	67644818	-	17	15
chr16	68632230	68634591	-	17	17
chr16	69705306	69706674	-	17	15
chr16	75769511	75769706	-	17	17
chr16	79575101	79576188	+	17	16
chr16	80584545	80589378	-	17	15
chr16	85807436	85808072	-	17	17
chr16	88640794	88642726	+	17	17
chr17	6562493	6563966	+	17	17
chr17	14358402	14359323	-	17	15
chr17	15803409	15804047	+	17	17
chr17	18779412	18781012	-	17	17
chr17	19722550	19722911	+	17	15
chr17	22632870	22650457	-	17	17
chr17	30470117	30471795	-	17	17
chr17	30895912	30897318	+	17	17
chr17	31718576	31719926	+	17	17
chr17	31793880	31794000	+	17	17
chr17	38868644	38869078	-	17	17
chr17	40118819	40120319	+	17	15
chr17	42312021	42313319	-	17	16
chr17	43413077	43413835	+	17	17
chr17	44030775	44033417	+	17	17
chr17	44570478	44572380	+	17	14
chr17	45178217	45179999	+	17	15
chr17	45390436	45393706	-	17	15
chr17	48020286	48023601	-	17	12
chr17	50486100	50487622	-	17	15
chr17	51128377	51129040	+	17	16
chr17	51152275	51152944	-	17	16
chr17	62848738	62860321	-	17	16
chr17	68165976	68168792	-	17	16
chr17	70211188	70211468	+	17	17
chr17	74484975	74487857	-	17	16
chr17	78254880	78255342	-	17	17
chr17	78632467	78634039	+	17	15
chr17	81815642	81817647	+	17	15
chr17	82498454	82508799	-	17	16
chr18	2519412	2524156	-	17	16
chr18	5059131	5059753	+	17	15
chr18	14050863	14053850	-	17	17
chr18	14132616	14134427	+	17	17
chr18	20942434	20944324	+	17	17
chr18	31963770	31963950	-	17	17
chr18	37880574	37880843	-	17	17
chr18	46299071	46301757	+	17	15
chr18	50956530	50958242	+	17	15
chr18	55218210	55219357	-	17	14
chr18	56199698	56245416	-	17	15
chr18	56531955	56568414	+	17	17
chr18	63739281	63741695	+	17	17
chr18	73780281	73783232	-	17	15
chr19	486938	488898	-	17	17
chr19	1025573	1026476	-	17	15
chr19	2889406	2889897	-	17	16
chr19	3768585	3769034	+	17	16
chr19	6488639	6493024	+	17	17
chr19	6580739	6582756	-	17	15
chr19	7566982	7570513	+	17	16
chr19	8197228	8200472	+	17	15
chr19	8295463	8301683	+	17	17
chr19	8624095	8628667	+	17	17
chr19	8740138	8740438	+	17	17
chr19	10599057	10601924	+	17	17
chr19	14430033	14432570	-	17	15
chr19	16716268	16716406	-	17	17
chr19	17287712	17291153	+	17	16
chr19	19142692	19144633	-	17	16
chr19	22927179	22928507	+	17	17
chr19	24395105	24396994	+	17	17
chr19	34167101	34169875	-	17	15
chr19	38430026	38433381	+	17	14
chr19	38642634	38644304	-	17	14
chr19	38855557	38858135	+	17	17
chr19	39280036	39283833	-	17	14
chr19	39858591	39863267	-	17	15
chr19	40630519	40633754	+	17	17
chr19	40648879	40653088	+	17	16
chr19	41103545	41104193	+	17	17
chr19	43713883	43715298	+	17	15
chr19	43865298	43866708	-	17	17
chr19	46036857	46037580	+	17	13
chr19	46830410	46834022	+	17	17
chr19	48747306	48747891	+	17	16
chr19	52367824	52369503	+	17	13
chr19	52422289	52424296	+	17	16
chr19	55584215	55584721	-	17	17
chr19	55653166	55654112	-	17	14
chr19	57570653	57571372	-	17	16
chr19	57766029	57768951	-	17	16
chr19	58539220	58543738	-	17	15
chr20	2829928	2834783	+	17	17
chr20	3078874	3079090	-	17	17
chr20	3096656	3099910	+	17	15
chr20	3246089	3247256	+	17	16
chr20	4701639	4703949	+	17	16
chr20	4835213	4837489	+	17	16
chr20	5865360	5867533	+	17	15
chr20	5907592	5908893	+	17	16
chr20	30486497	30487603	-	17	17
chr20	32342946	32343812	-	17	16
chr20	35093433	35096618	+	17	17
chr20	35104856	35111263	-	17	17
chr20	36993467	36995849	+	17	16
chr20	43356154	43356381	+	17	17
chr20	49621796	49627729	+	17	16
chr20	49735918	49736345	+	17	17
chr20	52042060	52047019	-	17	16
chr20	53516179	53523654	+	17	13
chr20	56602515	56602626	+	17	17
chr20	57423240	57425075	-	17	15
chr20	58650384	58650782	+	17	16
chr20	59016929	59018990	-	17	17
chr21	13778646	13778754	+	17	17
chr21	13793203	13793295	+	17	17
chr21	20178969	20181478	-	17	14
chr21	33392051	33395483	+	17	16
chr21	36021542	36025060	-	17	15
chr21	44264284	44266714	-	17	16
chr21	45642182	45643489	-	17	14
chr22	16839577	16840419	+	17	17
chr22	17784516	17786741	-	17	17
chr22	19163054	19165537	-	17	15
chr22	19597622	19601359	+	17	16
chr22	20415247	20418190	+	17	15
chr22	27812278	27814750	-	17	12
chr22	29057924	29058131	-	17	17
chr22	34674088	34674225	-	17	17
chr22	38968886	38971349	-	17	16
chr22	42155611	42159997	+	17	16
chr22	42758480	42766182	-	17	17
chr22	44490830	44492011	+	17	15
chr22	44531011	44531460	+	17	17
chr22	45858504	45859377	-	17	17
chr22	49945726	49946397	+	17	15
chrX	10144576	10149819	+	17	17
chrX	14302159	14303150	+	17	17
chrX	14933383	14949867	-	17	15
chrX	14999730	14999908	+	17	17
chrX	16519780	16536149	-	17	17
chrX	16715993	16719414	+	17	17
chrX	24083484	24086672	-	17	16
chrX	27442675	27443530	+	17	17
chrX	27514398	27514708	+	17	17
chrX	30345552	30347336	+	17	17
chrX	30748168	30814970	+	17	17
chrX	43901027	43901132	-	17	17
chrX	44444419	44465186	+	17	17
chrX	44711187	44737599	+	17	17
chrX	47274939	47276585	-	17	12
chrX	48449330	48453940	+	17	17
chrX	48972498	48973693	-	17	16
chrX	49050124	49053563	-	17	16
chrX	53810025	53813067	+	17	17
chrX	54526787	54529775	-	17	17
chrX	57849901	57851072	-	17	17
chrX	65745552	65748529	-	17	15
chrX	70055257	70055502	-	17	17
chrX	74953947	74955243	+	17	17
chrX	76211076	76214452	+	17	14
chrX	77798280	77801620	+	17	17
chrX	79436334	79437703	-	17	16
chrX	80915752	80918195	+	17	14
chrX	100933619	100935509	-	17	17
chrX	101309840	101313634	-	17	17
chrX	101646740	101650013	+	17	16
chrX	101932411	101934077	-	17	17
chrX	106497879	106498063	-	17	17
chrX	111764577	111766780	-	17	17
chrX	112548829	112607467	+	17	17
chrX	121830037	121830223	+	17	17
chrX	122141509	122141608	+	17	17
chrX	126699294	126699432	-	17	17
chrX	131986821	131987312	-	17	16
chrX	132019130	132020599	-	17	17
chrX	136513193	136515924	+	17	16
chrX	144166731	144166863	-	17	17
chrX	151456020	151458734	+	17	16
chrX	154503147	154505259	+	17	17
chrY	537790	539237	+	17	17
chrY	2190750	2193139	+	17	17
chrY	2666837	2668566	+	17	16
chrY	11735587	11748523	+	17	17
chrY	19608394	19610837	-	17	17
chrY	20454884	20456205	-	17	16
chrY	21005975	21007485	-	17	17
KI270589.1	12838	12950	+	17	17
KI270706.1	135825	136504	-	17	17
KI270706.1	144033	145337	-	17	17
KI270711.1	36974	40207	-	17	16
KI270742.1	56858	57742	-	17	17
chr1	74024	74135	-	16	15
chr1	1131536	1131718	-	16	16
chr1	6755003	6755172	+	16	16
chr1	7986420	7988090	-	16	15
chr1	12039520	12041325	+	16	15
chr1	19279589	19281556	+	16	15
chr1	19919385	19919792	+	16	16
chr1	21502960	21503273	+	16	16
chr1	23869202	23870497	-	16	15
chr1	28722006	28723241	-	16	16
chr1	33216285	33217478	+	16	15
chr1	35869336	35869645	-	16	16
chr1	38828732	38830095	+	16	15
chr1	39487184	39488880	+	16	12
chr1	39793974	39798789	+	16	15
chr1	39973809	39974824	+	16	14
chr1	43462327	43462708	-	16	15
chr1	44179851	44184319	-	16	16
chr1	46719349	46720433	+	16	16
chr1	51182013	51182573	+	16	15
chr1	52003349	52008704	+	16	16
chr1	54433720	54434489	+	16	16
chr1	66390576	66392631	+	16	14
chr1	92496294	92498895	-	16	14
chr1	92818177	92819573	+	16	15
chr1	93041504	93042368	-	16	15
chr1	94415917	94417712	-	16	15
chr1	111411437	111413703	-	16	15
chr1	114366950	114369936	-	16	13
chr1	120857091	120860649	+	16	15
chr1	146934604	146937025	-	16	9
chr1	149851844	149852393	-	16	16
chr1	150485583	150487061	+	16	15
chr1	150778101	150779289	-	16	16
chr1	151993859	151994516	+	16	14
chr1	153695928	153696774	-	16	16
chr1	154683397	154686464	+	16	16
chr1	155143019	155146951	+	16	14
chr1	161242023	161244483	+	16	16
chr1	173149491	173149782	+	16	16
chr1	179239173	179252562	+	16	13
chr1	185404066	185404201	+	16	16
chr1	188752371	188754199	-	16	16
chr1	189503621	189503880	-	16	16
chr1	191659719	191720863	-	16	16
chr1	192148007	192150526	+	16	9
chr1	200530060	200544528	-	16	16
chr1	201970966	201971576	+	16	16
chr1	202719102	202721487	+	16	16
chr1	203574963	203576192	+	16	15
chr1	205298950	205301145	+	16	13
chr1	205900146	205904051	+	16	16
chr1	211590015	211593895	-	16	15
chr1	212448389	212449777	+	16	16
chr1	212847795	212849215	-	16	15
chr1	218340677	218342463	+	16	15
chr1	223395705	223396806	-	16	16
chr1	223493273	223493553	+	16	16
chr1	226110075	226113128	+	16	15
chr1	226620039	226620640	+	16	16
chr1	226795619	226796514	+	16	16
chr1	227686288	227686611	-	16	16
chr1	227714234	227718630	+	16	11
chr1	228099232	228100709	-	16	16
chr1	228968486	228968887	-	16	16
chr1	231001187	231001707	+	16	16
chr1	231134118	231134330	+	16	16
chr1	235092334	235095355	-	16	16
chr1	236296269	236319534	-	16	16
chr1	236604625	236608930	+	16	15
chr1	238795426	238835051	+	16	16
chr1	241976909	241978885	+	16	16
chr1	245744220	245745690	-	16	16
chr1	246539616	246540557	-	16	14
chr1	248898172	248902225	+	16	15
chr2	16191425	16191523	-	16	15
chr2	18772534	18774760	-	16	15
chr2	18882813	18885404	+	16	15
chr2	20889097	20889299	+	16	16
chr2	23708872	23709563	+	16	16
chr2	24772856	24775449	-	16	15
chr2	26802623	26803682	+	16	16
chr2	27072091	27073955	+	16	14
chr2	28338908	28339904	+	16	16
chr2	30224634	30225122	-	16	13
chr2	32050962	32051907	-	16	16
chr2	37396861	37398268	+	16	16
chr2	38788882	38794064	+	16	16
chr2	42071294	42071408	+	16	16
chr2	42430662	42432878	+	16	15
chr2	45371284	45371610	+	16	15
chr2	45373082	45373884	-	16	14
chr2	52631896	52632046	-	16	15
chr2	60818681	60821020	+	16	16
chr2	64067287	64068458	+	16	15
chr2	64752291	64753138	+	16	14
chr2	70248900	70249920	+	16	16
chr2	80878623	80878791	+	16	16
chr2	85072341	85072702	-	16	15
chr2	85909824	85912175	-	16	16
chr2	86015891	86017793	-	16	14
chr2	86406319	86406730	+	16	16
chr2	88465873	88467875	-	16	16
chr2	106265874	106266116	-	16	16
chr2	108712907	108716084	+	16	16
chr2	108717845	108719085	+	16	16
chr2	109631617	109640404	-	16	15
chr2	113656784	113657516	+	16	16
chr2	116051589	116054313	-	16	16
chr2	118224027	118224450	-	16	15
chr2	121890816	121895018	+	16	16
chr2	123197654	123197896	+	16	16
chr2	126704149	126707856	+	16	15
chr2	126869235	126872747	+	16	16
chr2	127830479	127831121	-	16	15
chr2	128955817	128956070	-	16	15
chr2	130190755	130191469	+	16	15
chr2	131463615	131464692	-	16	15
chr2	136327792	136329076	+	16	15
chr2	136710860	136710997	-	16	16
chr2	145946004	145946308	-	16	16
chr2	151390638	151398230	-	16	15
chr2	152764729	152765991	+	16	16
chr2	155331526	155339751	-	16	16
chr2	159287481	159289554	+	16	15
chr2	164396304	164396614	+	16	16
chr2	170870267	170871697	-	16	16
chr2	172624941	172629395	-	16	16
chr2	172659165	172664774	+	16	16
chr2	174513623	174515542	+	16	15
chr2	176394291	176394548	+	16	16
chr2	177618896	177619652	+	16	16
chr2	193744485	193744828	+	16	15
chr2	197355182	197357462	-	16	15
chr2	197363231	197364682	+	16	3
chr2	202256956	202257796	+	16	15
chr2	205976690	205980987	+	16	16
chr2	217764058	217764424	+	16	15
chr2	217780264	217790437	-	16	16
chr2	218379775	218381151	-	16	12
chr2	223973494	223974650	+	16	13
chr2	225344709	225345506	-	16	15
chr2	227726632	227726927	-	16	16
chr2	228202154	228204116	-	16	16
chr2	231897371	231906802	+	16	16
chr2	231911985	231912943	-	16	16
chr2	233474654	233475522	+	16	16
chr2	241226431	241226968	-	16	16
chr3	1432718	1432817	-	16	16
chr3	5117370	5117492	+	16	16
chr3	5393859	5395344	-	16	16
chr3	9860747	9861255	-	16	14
chr3	15530362	15534694	+	16	14
chr3	20156922	20160584	-	16	16
chr3	21306889	21307111	+	16	16
chr3	25698449	25699841	-	16	16
chr3	26882540	26884371	+	16	16
chr3	27093342	27093728	+	16	16
chr3	27745922	27753486	+	16	16
chr3	35490455	35490886	+	16	16
chr3	42285045	42287322	-	16	16
chr3	47523767	47526691	+	16	15
chr3	47549512	47551971	-	16	15
chr3	49816710	49817900	+	16	16
chr3	73073787	73074444	-	16	16
chr3	73088562	73090959	+	16	13
chr3	74937318	75008916	+	16	16
chr3	96624564	96624761	-	16	15
chr3	98622113	98656860	-	16	16
chr3	108155077	108156742	+	16	16
chr3	108223836	108225502	-	16	16
chr3	108764957	108765167	+	16	16
chr3	109271120	109271316	+	16	16
chr3	109317256	109321335	+	16	16
chr3	114270460	114270949	+	16	16
chr3	121890185	121894197	-	16	15
chr3	122121164	122122155	+	16	16
chr3	122356189	122358921	-	16	16
chr3	122738315	122739837	-	16	14
chr3	122896126	122897598	+	16	14
chr3	128846808	128848667	+	16	13
chr3	134262837	134263714	+	16	16
chr3	137014632	137016961	+	16	14
chr3	137018922	137023132	+	16	13
chr3	138487676	138490252	+	16	16
chr3	138603018	138603572	+	16	15
chr3	141862085	141866851	+	16	13
chr3	143963593	143965504	-	16	15
chr3	152505875	152507310	+	16	14
chr3	152523625	152525022	+	16	14
chr3	158866474	158867274	+	16	15
chr3	166727305	166727487	-	16	15
chr3	169998822	170000152	+	16	12
chr3	170882431	170883723	-	16	16
chr3	171470579	171479148	+	16	15
chr3	176998685	177001862	+	16	15
chr3	179552268	179553916	-	16	16
chr3	184520687	184537355	-	16	16
chr3	189923905	189924919	+	16	16
chr3	190978864	190979125	+	16	16
chr3	193036177	193049405	-	16	16
chr3	195449964	195450901	-	16	16
chr3	197315993	197327249	-	16	16
chr4	10970431	10970823	-	16	14
chr4	11611655	11611845	-	16	14
chr4	13293510	13298733	-	16	16
chr4	15464122	15465449	+	16	16
chr4	36275168	36277644	-	16	10
chr4	36408120	36409189	-	16	16
chr4	36775107	36775253	+	16	15
chr4	37863315	37867934	+	16	16
chr4	40651955	40653499	-	16	16
chr4	40694180	40700960	+	16	16
chr4	56646351	56647736	-	16	14
chr4	60263971	60264205	-	16	16
chr4	63424266	63424434	+	16	16
chr4	67404074	67404523	-	16	16
chr4	69429041	69431015	-	16	16
chr4	69720375	69721030	-	16	15
chr4	77707916	77709451	+	16	16
chr4	82347055	82347971	-	16	16
chr4	83199158	83201253	-	16	16
chr4	83394672	83398047	-	16	15
chr4	85191963	85192098	-	16	16
chr4	101006576	101010088	-	16	16
chr4	107806670	107810518	-	16	13
chr4	108781491	108788633	-	16	16
chr4	116406769	116410037	+	16	16
chr4	118716091	118718275	+	16	16
chr4	128777971	128793471	-	16	16
chr4	137916942	137938994	+	16	16
chr4	145184126	145186614	-	16	16
chr4	145938970	145941396	+	16	14
chr4	146209357	146214500	+	16	14
chr4	152289275	152290299	-	16	15
chr4	152546433	152548264	-	16	15
chr4	160331476	160331709	+	16	16
chr4	161022181	161022378	+	16	16
chr4	163190134	163190227	+	16	16
chr4	169085279	169085748	+	16	16
chr4	171644152	171644253	+	16	16
chr4	179534230	179534470	+	16	16
chr4	180257418	180258023	+	16	16
chr4	183735746	183737692	+	16	16
chr4	184858924	184859697	-	16	16
chr4	185150441	185151576	-	16	16
chr5	1634378	1636203	-	16	16
chr5	5543825	5543940	-	16	16
chr5	6294228	6295741	-	16	15
chr5	15036324	15037351	-	16	16
chr5	15091280	15094349	+	16	12
chr5	22961353	22983956	-	16	16
chr5	23273517	23273841	-	16	16
chr5	27678386	27678496	+	16	16
chr5	27870542	27922121	+	16	16
chr5	32223328	32223874	+	16	15
chr5	35593070	35596196	-	16	15
chr5	37255133	37258485	+	16	15
chr5	37255172	37255992	-	16	13
chr5	41923671	41925116	-	16	15
chr5	43351769	43351881	+	16	16
chr5	45816767	45816980	+	16	16
chr5	53128239	53128492	-	16	16
chr5	69445921	69460951	+	16	16
chr5	75857070	75857256	-	16	16
chr5	78480905	78482766	-	16	16
chr5	82611192	82615696	+	16	15
chr5	95826289	95826840	+	16	16
chr5	110143648	110148327	+	16	15
chr5	114902931	114903027	-	16	16
chr5	119413904	119415149	+	16	16
chr5	120339323	120339510	-	16	15
chr5	120888629	121015375	-	16	16
chr5	121067165	121070178	+	16	16
chr5	130434051	130435030	-	16	16
chr5	132868897	132872893	+	16	15
chr5	140631260	140631714	+	16	15
chr5	146516934	146519590	+	16	15
chr5	149457102	149459193	-	16	13
chr5	150777209	150777525	+	16	16
chr5	151275499	151276026	+	16	16
chr5	153987152	153990096	-	16	14
chr5	156990638	156990733	+	16	16
chr5	159286654	159289758	+	16	15
chr5	159974362	159994336	+	16	16
chr5	172831877	172833211	+	16	13
chr5	173204124	173207790	+	16	16
chr5	178127676	178128837	+	16	16
chr5	179518982	179520410	+	16	16
chr5	180582824	180584937	-	16	16
chr5	180780445	180781527	+	16	14
chr5	181063350	181063529	+	16	16
chr5	181175042	181177196	+	16	14
chr6	358740	360636	-	16	15
chr6	2912135	2912427	+	16	16
chr6	7420144	7424868	+	16	14
chr6	16151371	16151717	-	16	15
chr6	20094226	20095374	+	16	16
chr6	21433028	21435333	+	16	16
chr6	21464606	21464722	+	16	16
chr6	21657429	21658264	+	16	15
chr6	27101367	27104407	+	16	13
chr6	28183107	28184512	+	16	16
chr6	31578338	31580402	-	16	16
chr6	31684457	31685335	-	16	15
chr6	32542415	32545698	-	16	14
chr6	32925711	32928632	+	16	13
chr6	33057489	33058892	+	16	15
chr6	33331032	33335968	+	16	15
chr6	35472678	35473582	+	16	16
chr6	37333343	37334131	+	16	15
chr6	37345848	37348909	+	16	14
chr6	40245573	40246886	+	16	16
chr6	44111296	44112244	-	16	16
chr6	50893866	50894001	-	16	16
chr6	50918458	50919009	-	16	16
chr6	57726155	57727082	-	16	16
chr6	61596745	61599163	-	16	16
chr6	73200778	73202990	-	16	15
chr6	82634770	82635666	+	16	16
chr6	86528639	86577369	-	16	16
chr6	88023197	88023322	-	16	15
chr6	94518743	94519071	+	16	16
chr6	98851603	98853240	+	16	16
chr6	107134027	107134654	+	16	16
chr6	107863634	107865616	-	16	16
chr6	120236139	120236746	+	16	16
chr6	121459278	121459482	-	16	16
chr6	125472648	125488190	+	16	16
chr6	126234844	126237550	+	16	16
chr6	139667439	139673910	+	16	12
chr6	146563696	146569079	+	16	15
chr6	148107194	148107492	-	16	16
chr6	149553984	149557675	+	16	14
chr6	149656453	149658148	-	16	13
chr6	153480432	153632671	-	16	16
chr6	161117444	161120232	+	16	14
chr6	163591555	163592018	-	16	15
chr7	1165668	1168344	+	16	15
chr7	2482148	2486953	+	16	15
chr7	2529180	2529942	+	16	14
chr7	5563990	5567473	+	16	16
chr7	16729630	16730545	+	16	15
chr7	20516942	20520092	-	16	12
chr7	21519167	21519635	-	16	16
chr7	22372450	22396041	-	16	15
chr7	23065686	23085064	-	16	15
chr7	30634465	30637098	+	16	15
chr7	31385442	31385538	+	16	16
chr7	35589019	35590712	-	16	14
chr7	36150613	36152346	-	16	12
chr7	38709526	38711349	+	16	15
chr7	39795031	39795390	+	16	16
chr7	43755278	43756449	-	16	14
chr7	52673891	52675273	+	16	16
chr7	64711860	64712383	-	16	16
chr7	65481183	65483424	+	16	15
chr7	65815976	65829067	+	16	15
chr7	65843191	65846009	+	16	13
chr7	68544055	68545610	+	16	16
chr7	75739340	75743187	-	16	16
chr7	76812362	76816198	-	16	14
chr7	77477906	77478891	-	16	16
chr7	78009464	78009956	+	16	16
chr7	81288672	81288871	-	16	16
chr7	91220514	91223902	+	16	15
chr7	92409104	92409525	-	16	16
chr7	92978165	93051470	-	16	15
chr7	94783575	94784720	+	16	16
chr7	98029503	98039818	-	16	15
chr7	98209673	98210453	+	16	14
chr7	100609465	100611960	-	16	16
chr7	106917290	106929728	-	16	16
chr7	108144809	108146394	-	16	13
chr7	109612530	109613371	-	16	15
chr7	112501201	112501942	-	16	15
chr7	113627555	113627664	-	16	15
chr7	114920973	114921662	-	16	15
chr7	117984417	117985389	-	16	16
chr7	127602556	127605885	+	16	12
chr7	128103304	128105298	-	16	15
chr7	128506819	128509131	-	16	14
chr7	129075487	129077380	+	16	16
chr7	130770856	130771632	-	16	15
chr7	140925585	140926881	-	16	16
chr7	142299953	142300704	-	16	14
chr7	142387182	142388058	+	16	16
chr7	142521565	142524561	-	16	16
chr7	146096089	146096184	+	16	16
chr7	149636592	149636735	-	16	15
chr7	156949426	156949624	-	16	16
chr7	157334439	157334765	+	16	16
chr8	2333679	2334059	+	16	14
chr8	2367176	2368573	+	16	15
chr8	5584112	5584233	-	16	16
chr8	6277829	6278430	+	16	16
chr8	8306791	8309027	-	16	15
chr8	9118707	9121331	-	16	14
chr8	11792970	11793276	+	16	16
chr8	13645385	13648995	+	16	16
chr8	21671364	21672427	-	16	15
chr8	23578782	23581063	+	16	12
chr8	25761642	25761865	-	16	16
chr8	26916892	26956671	-	16	16
chr8	41147530	41147666	+	16	16
chr8	47760320	47762240	+	16	14
chr8	47983287	47984473	-	16	16
chr8	48895666	48896773	-	16	16
chr8	54022808	54024166	+	16	16
chr8	56014570	56015965	-	16	14
chr8	59873774	59875169	-	16	16
chr8	63341711	63342362	+	16	16
chr8	65199537	65199794	+	16	16
chr8	65595944	65597500	+	16	15
chr8	66935827	66938417	-	16	16
chr8	67897329	67897654	+	16	16
chr8	68289970	68290206	-	16	16
chr8	73378088	73378667	-	16	16
chr8	81144335	81146102	+	16	10
chr8	92439499	92439648	+	16	16
chr8	97545815	97590590	-	16	16
chr8	97757222	97760788	+	16	14
chr8	100675794	100676318	+	16	14
chr8	100745008	100747537	-	16	14
chr8	110386851	110387775	-	16	16
chr8	123490484	123492573	-	16	16
chr8	124417556	124417662	+	16	16
chr8	126550543	126551913	-	16	15
chr8	133454146	133454740	+	16	15
chr8	140475436	140486770	-	16	16
chr8	140646080	140649105	+	16	13
chr8	143679577	143679819	+	16	16
chr9	4955334	4956337	-	16	16
chr9	6015718	6016800	+	16	14
chr9	7781971	7783138	-	16	15
chr9	14568132	14570983	-	16	15
chr9	20314550	20315029	-	16	15
chr9	25363157	25363292	+	16	16
chr9	26250736	26252731	+	16	16
chr9	26729972	26730035	+	16	16
chr9	32581877	32597837	+	16	16
chr9	35098143	35099571	-	16	15
chr9	35656696	35657569	+	16	15
chr9	63574805	63576820	-	16	16
chr9	72022698	72023570	+	16	15
chr9	75846268	75846551	-	16	16
chr9	77128929	77149896	-	16	16
chr9	78201610	78204079	+	16	13
chr9	80717592	80718106	-	16	16
chr9	83592517	83592628	+	16	16
chr9	90174170	90197356	+	16	16
chr9	90254785	90256992	-	16	16
chr9	94644161	94644402	-	16	16
chr9	98256754	98261839	-	16	16
chr9	108817111	108818531	+	16	16
chr9	108829221	108830797	-	16	15
chr9	109120329	109123519	+	16	14
chr9	110183849	110184383	+	16	14
chr9	111818659	111823498	-	16	16
chr9	128501426	128504417	+	16	16
chr9	129033246	129036162	-	16	12
chr9	129372154	129375466	-	16	14
chr9	130691143	130691363	-	16	16
chr9	133224477	133224747	-	16	16
chr9	133312837	133315901	+	16	16
chr9	136869584	136871243	-	16	15
chr10	1935243	1939192	-	16	16
chr10	3808721	3809826	-	16	14
chr10	6664587	6666448	+	16	14
chr10	8857662	8859631	-	16	13
chr10	11819569	11820896	-	16	16
chr10	12850528	12850955	+	16	14
chr10	13218484	13218681	+	16	16
chr10	16175407	16175577	-	16	16
chr10	17740686	17744264	-	16	15
chr10	21373333	21375421	+	16	13
chr10	22340769	22342240	+	16	14
chr10	27500134	27503903	-	16	15
chr10	30431486	30432883	-	16	15
chr10	30557837	30559236	-	16	9
chr10	33507102	33510735	+	16	16
chr10	35680022	35680132	+	16	16
chr10	36554391	36586541	+	16	16
chr10	38382677	38382931	+	16	14
chr10	43186798	43188169	-	16	14
chr10	45675226	45677852	+	16	15
chr10	50291533	50293707	-	16	15
chr10	53213790	53248229	-	16	16
chr10	58919188	58919281	+	16	16
chr10	59763385	59764881	-	16	15
chr10	69403496	69403779	-	16	15
chr10	70429494	70430014	-	16	15
chr10	71815985	71816272	-	16	16
chr10	72660804	72669260	+	16	16
chr10	72960920	72965582	-	16	10
chr10	74755870	74757270	+	16	14
chr10	78097422	78099802	+	16	10
chr10	80452610	80453035	+	16	16
chr10	90717223	90718983	-	16	15
chr10	92721372	92748318	+	16	16
chr10	97687598	97689160	+	16	14
chr10	97700730	97702894	-	16	15
chr10	97702586	97704367	+	16	14
chr10	102635252	102637019	+	16	16
chr10	109380039	109380233	+	16	16
chr10	110307319	110309097	-	16	16
chr10	112063546	112071866	+	16	16
chr10	112949402	112950185	-	16	16
chr10	113382954	113384930	+	16	15
chr10	113748292	113751026	+	16	16
chr10	120237506	120239426	-	16	16
chr10	121470768	121473110	-	16	16
chr10	121975345	121977677	+	16	13
chr10	123307083	123308017	+	16	15
chr10	124836969	124838713	+	16	15
chr10	132396148	132397143	+	16	16
chr10	133783491	133784758	+	16	16
chr11	1518510	1520327	+	16	15
chr11	1521351	1522048	+	16	16
chr11	13570410	13572968	+	16	11
chr11	13583366	13585634	+	16	16
chr11	13743290	13743691	-	16	14
chr11	14442353	14442728	+	16	16
chr11	15544165	15546790	-	16	16
chr11	18255297	18256398	+	16	16
chr11	23008551	23013246	+	16	15
chr11	26119263	26119547	+	16	16
chr11	33011300	33015763	-	16	16
chr11	33361804	33367218	+	16	16
chr11	33962569	33973368	+	16	14
chr11	37832711	37833462	+	16	16
chr11	39402387	39402648	+	16	16
chr11	43309827	43310654	-	16	16
chr11	43499715	43501780	+	16	14
chr11	47972555	47972737	-	16	16
chr11	55990871	55991804	+	16	16
chr11	57086242	57087602	-	16	16
chr11	57519034	57521771	+	16	16
chr11	60888589	60890508	+	16	16
chr11	61186103	61189326	-	16	12
chr11	62681267	62683255	+	16	11
chr11	65888744	65890048	+	16	15
chr11	65912580	65915387	+	16	16
chr11	67590719	67602363	-	16	16
chr11	68943089	68946445	-	16	16
chr11	71621975	71622433	-	16	15
chr11	74740965	74743653	+	16	15
chr11	85693467	85693978	+	16	16
chr11	85824821	85825919	+	16	13
chr11	86073008	86073426	-	16	15
chr11	87354346	87354801	+	16	15
chr11	92990340	93008040	+	16	16
chr11	109200331	109200513	-	16	16
chr11	111778473	111781627	+	16	13
chr11	112270204	112270606	-	16	15
chr11	114475223	114475642	-	16	16
chr11	116691463	116706849	+	16	16
chr11	122596375	122598159	-	16	16
chr11	123782153	123782300	+	16	16
chr11	127776794	127776952	-	16	16
chr11	128036274	128040243	+	16	14
chr11	129507827	129514373	-	16	12
chr11	131053129	131053307	+	16	16
chr12	3066666	3066921	-	16	16
chr12	8499549	8501326	+	16	15
chr12	10576003	10577693	-	16	16
chr12	10813322	10816291	-	16	16
chr12	11261089	11262537	-	16	16
chr12	12603076	12604474	+	16	15
chr12	12869982	12871716	+	16	16
chr12	17053910	17054003	-	16	16
chr12	25359581	25360799	-	16	15
chr12	26884432	26890405	-	16	16
chr12	26885713	26890008	+	16	16
chr12	28587990	28588271	-	16	16
chr12	32067170	32073773	-	16	16
chr12	33635485	33660827	+	16	16
chr12	40624539	40624659	+	16	16
chr12	47296311	47299119	-	16	14
chr12	47317991	47320756	+	16	14
chr12	47595864	47598735	-	16	15
chr12	50498403	50500658	-	16	13
chr12	53365868	53366163	-	16	6
chr12	53416723	53417490	+	16	16
chr12	54799992	54800503	+	16	14
chr12	56637037	56638122	-	16	15
chr12	56992176	56994232	-	16	15
chr12	60762351	60810384	-	16	16
chr12	61134322	61148275	-	16	16
chr12	67262465	67265502	-	16	15
chr12	67619236	67619964	+	16	16
chr12	69318014	69319594	-	16	15
chr12	79557714	79561506	-	16	16
chr12	83787404	83787516	-	16	16
chr12	94688610	94689618	-	16	16
chr12	103228767	103231185	-	16	14
chr12	110076428	110081537	-	16	14
chr12	110358870	110360197	-	16	15
chr12	112025289	112026650	-	16	16
chr12	116362059	116362441	+	16	14
chr12	116854068	116855564	+	16	15
chr12	118502591	118512559	-	16	16
chr12	120194979	120196515	-	16	16
chr12	122077189	122078349	-	16	15
chr12	122742553	122744299	-	16	14
chr12	122863902	122864884	-	16	15
chr12	123559964	123565705	-	16	14
chr12	131923809	131924271	-	16	14
chr13	19947024	19947672	-	16	16
chr13	22414035	22419640	+	16	12
chr13	25140624	25140826	+	16	16
chr13	25293653	25300097	-	16	16
chr13	36832726	36835134	-	16	16
chr13	38446963	38447148	-	16	16
chr13	58772447	58944957	+	16	16
chr13	67455376	67455521	+	16	16
chr13	79072240	79073072	+	16	16
chr13	81574162	81574259	-	16	16
chr13	83478032	83478208	-	16	16
chr13	86940115	86950920	-	16	16
chr13	97028160	97041939	-	16	16
chr13	97187670	97187838	+	16	16
chr13	102485976	102486111	+	16	16
chr13	108329156	108331785	+	16	14
chr13	112597158	112599758	+	16	15
chr14	20418799	20421629	-	16	12
chr14	20681682	20682460	+	16	15
chr14	21138903	21142433	-	16	16
chr14	21615005	21616314	-	16	16
chr14	21622897	21632980	+	16	13
chr14	21966063	21966967	+	16	14
chr14	22062531	22064188	-	16	12
chr14	22071500	22074198	-	16	10
chr14	22614813	22615954	-	16	16
chr14	28002409	28005217	-	16	15
chr14	28090416	28095844	-	16	11
chr14	28152807	28156302	-	16	12
chr14	33922551	33923641	+	16	11
chr14	34730357	34733943	+	16	15
chr14	40527421	40527576	+	16	16
chr14	49855133	49856290	-	16	15
chr14	49869083	49871226	-	16	15
chr14	51735322	51735439	+	16	16
chr14	54507373	54509605	-	16	14
chr14	56111871	56112450	-	16	14
chr14	58616980	58618416	-	16	15
chr14	60299151	60302637	+	16	14
chr14	65761473	65763126	+	16	14
chr14	68999408	69000789	-	16	16
chr14	69153222	69154278	+	16	16
chr14	75334948	75335434	+	16	15
chr14	77626148	77635954	-	16	16
chr14	86729435	86729560	+	16	16
chr14	88343724	88343869	-	16	16
chr14	90254644	90256092	-	16	15
chr14	91254054	91256555	+	16	15
chr14	92177687	92180343	+	16	16
chr14	94124086	94125424	-	16	15
chr14	95079272	95085073	-	16	16
chr14	96390566	96391810	-	16	16
chr14	96961155	96963058	+	16	16
chr14	97774718	97775333	+	16	15
chr14	99098817	99100091	-	16	15
chr14	105649060	105649811	+	16	16
chr14	105812833	105813591	+	16	15
chr14	106340493	106341360	-	16	15
chr14	106850304	106851991	+	16	13
chr15	21744300	21745539	+	16	16
chr15	30886346	30886722	-	16	15
chr15	35170931	35174496	-	16	16
chr15	40483354	40485118	-	16	14
chr15	41384553	41387207	+	16	15
chr15	54642048	54642262	-	16	16
chr15	73843394	73843599	+	16	16
chr15	78562014	78563330	+	16	15
chr15	80990387	80990734	+	16	15
chr15	82127446	82127887	-	16	15
chr15	84441837	84443041	-	16	14
chr15	88452503	88452870	+	16	16
chr15	88656520	88657544	-	16	16
chr15	88895771	88896855	+	16	15
chr15	90142438	90156006	-	16	16
chr15	91746782	91746892	+	16	16
chr15	94175144	94206229	+	16	16
chr15	101802162	101803054	+	16	14
chr16	1966334	1966814	-	16	15
chr16	2957633	2958851	+	16	8
chr16	3011218	3011773	-	16	16
chr16	3887665	3891003	-	16	14
chr16	8664082	8665445	-	16	16
chr16	10844591	10846149	-	16	14
chr16	12855316	12856418	+	16	16
chr16	14285298	14285719	-	16	13
chr16	18942624	18944455	-	16	16
chr16	19909462	19910531	-	16	16
chr16	23381779	23383936	-	16	15
chr16	28940189	28941470	-	16	16
chr16	28946746	28948697	-	16	14
chr16	29788428	29789354	+	16	16
chr16	30445984	30447293	+	16	15
chr16	47711367	47712736	-	16	15
chr16	55599597	55599756	+	16	16
chr16	56692153	56692485	+	16	14
chr16	57299689	57300575	-	16	16
chr16	60119300	60120048	-	16	16
chr16	63787441	63787587	-	16	16
chr16	67204339	67205174	+	16	16
chr16	68454640	68462166	-	16	15
chr16	74615991	74618909	+	16	16
chr16	81297865	81299262	-	16	14
chr16	81438272	81438930	+	16	16
chr16	84692043	84695542	+	16	15
chr16	85094409	85098348	+	16	16
chr16	87871551	87874029	+	16	16
chr16	89205518	89214054	+	16	14
chr16	89872149	89873090	+	16	16
chr17	793461	794640	-	16	15
chr17	3045235	3048873	-	16	15
chr17	4763826	4765354	-	16	15
chr17	4829174	4832097	+	16	16
chr17	7123858	7127889	+	16	12
chr17	8029761	8030759	+	16	16
chr17	8298559	8300464	+	16	16
chr17	8722459	8723619	-	16	16
chr17	10209451	10209623	+	16	16
chr17	10243368	10243686	-	16	16
chr17	10943570	10963912	+	16	16
chr17	11056325	11056685	+	16	16
chr17	14604236	14605349	-	16	16
chr17	16603477	16605924	-	16	13
chr17	17476484	17476734	+	16	6
chr17	17498420	17502577	+	16	16
chr17	18824580	18828635	+	16	16
chr17	29061906	29064445	+	16	15
chr17	30338052	30339802	-	16	3
chr17	30829276	30830779	+	16	15
chr17	34912324	34923342	-	16	14
chr17	36095712	36098064	+	16	14
chr17	36610031	36611217	-	16	16
chr17	38515843	38521849	+	16	16
chr17	38764251	38765557	-	16	15
chr17	39732880	39735241	-	16	15
chr17	40583995	40588426	-	16	13
chr17	41823486	41824557	-	16	15
chr17	43036866	43037880	-	16	16
chr17	43667434	43668817	+	16	16
chr17	47191592	47195704	-	16	15
chr17	48949160	48951548	-	16	14
chr17	48981739	48985039	-	16	16
chr17	50403534	50403691	+	16	16
chr17	55185223	55187414	+	16	15
chr17	55575726	55577794	-	16	15
chr17	57121460	57124782	+	16	15
chr17	57854041	57858544	+	16	16
chr17	58024062	58025833	+	16	14
chr17	58102425	58104362	-	16	13
chr17	59155565	59155731	+	16	16
chr17	64146814	64147219	+	16	15
chr17	66911651	66931883	-	16	16
chr17	73097298	73098890	+	16	15
chr17	75235774	75236432	-	16	15
chr17	75434735	75436085	-	16	6
chr17	75524738	75525070	-	16	16
chr17	80440270	80440693	-	16	15
chr17	81243689	81244499	-	16	16
chr17	81833338	81833486	+	16	16
chr17	82734297	82735032	+	16	14
chr18	3013907	3017517	-	16	14
chr18	3063328	3064980	-	16	16
chr18	7326399	7358561	-	16	16
chr18	23500425	23503369	+	16	16
chr18	28419614	28421738	-	16	16
chr18	38399703	38399985	+	16	16
chr18	48886426	48898023	-	16	15
chr18	50830237	50830381	+	16	16
chr18	54074957	54076895	-	16	15
chr18	54996146	54996356	-	16	16
chr18	57934002	57934175	-	16	16
chr18	58649742	58656981	+	16	15
chr18	62513030	62513426	-	16	15
chr18	76298414	76313796	+	16	14
chr19	1021957	1024469	-	16	15
chr19	1319449	1320736	-	16	16
chr19	3875347	3876932	+	16	16
chr19	5511057	5512787	-	16	16
chr19	6578742	6580248	+	16	15
chr19	7674624	7675428	+	16	15
chr19	7708118	7716292	-	16	14
chr19	8299367	8301938	-	16	15
chr19	8685526	8687133	+	16	12
chr19	9804457	9807043	+	16	15
chr19	11788001	11789330	-	16	16
chr19	13689951	13691061	+	16	16
chr19	15466216	15468260	-	16	12
chr19	17349121	17351407	-	16	14
chr19	19644613	19644956	-	16	15
chr19	19708019	19708881	+	16	15
chr19	20055308	20055566	-	16	16
chr19	29782583	29788898	+	16	16
chr19	35646293	35648095	-	16	15
chr19	39527602	39528238	+	16	16
chr19	39849918	39853476	-	16	13
chr19	44320375	44322238	-	16	13
chr19	44734827	44737306	+	16	16
chr19	44769363	44772354	-	16	16
chr19	45038208	45039005	-	16	14
chr19	45665157	45667040	+	16	15
chr19	45793239	45793819	+	16	15
chr19	46036962	46038517	-	16	16
chr19	46625875	46629847	-	16	14
chr19	47515498	47516074	+	16	16
chr19	47594612	47596722	-	16	14
chr19	47789492	47790328	-	16	16
chr19	47899094	47899877	-	16	16
chr19	48868953	48872100	-	16	14
chr19	49325689	49326919	+	16	16
chr19	49731295	49732821	-	16	16
chr19	50774586	50775939	-	16	14
chr19	50915819	50925520	-	16	16
chr19	53824974	53827988	+	16	16
chr19	54017853	54021340	+	16	14
chr19	54381267	54384691	+	16	16
chr19	54921762	54922915	-	16	16
chr19	58555138	58555612	-	16	16
chr20	2440622	2441796	-	16	15
chr20	2812736	2813117	+	16	16
chr20	4388504	4388707	+	16	16
chr20	4416271	4417291	+	16	16
chr20	4840890	4844106	+	16	16
chr20	6690490	6690722	+	16	16
chr20	10434356	10435039	-	16	16
chr20	20003937	20004509	+	16	14
chr20	21255887	21259010	+	16	14
chr20	23355054	23356323	+	16	16
chr20	23559911	23561055	-	16	16
chr20	31431592	31432416	-	16	16
chr20	32050100	32052147	-	16	16
chr20	32972122	32975700	+	16	14
chr20	37320396	37326278	-	16	15
chr20	38436487	38438578	+	16	16
chr20	38772814	38773200	+	16	16
chr20	38773115	38774816	-	16	16
chr20	40480514	40480686	+	16	16
chr20	41397170	41397926	-	16	15
chr20	45457321	45458225	-	16	15
chr20	45817974	45822394	+	16	15
chr20	47192358	47192830	-	16	16
chr20	49604178	49607326	+	16	14
chr20	58376967	58379448	-	16	13
chr20	62814180	62815974	+	16	16
chr21	5066986	5070678	-	16	16
chr21	5216930	5217800	+	16	15
chr21	10325653	10327546	-	16	16
chr21	12997268	12997438	-	16	16
chr21	15917743	15920291	-	16	16
chr21	20990421	20990498	+	16	16
chr21	25608644	25611571	+	16	14
chr21	26651100	26651198	-	16	16
chr21	27946774	27951602	-	16	16
chr21	31577874	31588533	-	16	15
chr21	32262705	32264581	-	16	14
chr21	36017223	36020042	-	16	14
chr21	41983878	41986330	-	16	15
chr21	42466079	42466416	+	16	14
chr21	42783259	42784553	-	16	14
chr21	44847802	44849141	+	16	15
chr21	45625816	45628792	-	16	16
chr22	15917403	15917529	+	16	16
chr22	17074478	17080366	-	16	15
chr22	17353533	17354623	-	16	16
chr22	18146811	18147360	+	16	16
chr22	19152480	19153338	-	16	16
chr22	19867470	19868851	+	16	16
chr22	21381827	21382124	+	16	16
chr22	21637379	21640650	+	16	15
chr22	22106010	22109572	-	16	15
chr22	23351985	23352966	+	16	15
chr22	23843101	23844119	-	16	16
chr22	27812537	27819865	+	16	16
chr22	28850873	28853181	+	16	15
chr22	29197610	29199391	-	16	12
chr22	29699500	29700143	-	16	16
chr22	30261452	30262780	-	16	16
chr22	32385926	32387531	-	16	16
chr22	37222784	37223301	+	16	16
chr22	37597327	37600072	+	16	15
chr22	37780898	37781637	-	16	15
chr22	38276695	38278595	+	16	16
chr22	39497145	39499407	-	16	14
chr22	41022025	41022646	-	16	16
chr22	41399494	41401613	-	16	15
chrX	5148418	5148753	+	16	16
chrX	5421396	5421659	+	16	16
chrX	11782926	11786010	+	16	16
chrX	13993488	13995385	-	16	15
chrX	16575316	16575410	-	16	16
chrX	17209502	17209656	-	16	16
chrX	19333712	19334831	-	16	16
chrX	23456685	23458693	-	16	16
chrX	30068659	30069393	+	16	16
chrX	30544430	30545594	-	16	16
chrX	30619627	30620566	-	16	16
chrX	34881109	34881246	-	16	16
chrX	36596348	36596539	-	16	16
chrX	43138464	43138747	+	16	16
chrX	44346341	44346486	-	16	16
chrX	44848964	44852079	-	16	16
chrX	45397961	45409452	+	16	16
chrX	49069895	49071149	-	16	15
chrX	53439324	53440431	-	16	14
chrX	57260190	57261593	+	16	14
chrX	63153127	63155989	+	16	13
chrX	64164147	64165580	+	16	16
chrX	64574984	64575085	-	16	14
chrX	68497612	68497940	+	16	15
chrX	69596948	69597053	-	16	15
chrX	73503020	73515713	-	16	13
chrX	75889658	75890077	+	16	16
chrX	79243376	79243799	-	16	15
chrX	79322009	79323399	-	16	16
chrX	83755446	83756820	+	16	16
chrX	86142406	86142590	+	16	16
chrX	89543408	89544636	+	16	16
chrX	91577034	91577875	+	16	16
chrX	93633239	93633417	+	16	16
chrX	94397229	94425462	-	16	16
chrX	94866345	94866579	+	16	16
chrX	100884413	100887522	-	16	15
chrX	103169840	103181999	-	16	16
chrX	104201707	104204960	-	16	15
chrX	109912918	109913792	+	16	15
chrX	112747901	112748144	+	16	16
chrX	123588992	123592511	-	16	13
chrX	123597442	123598447	+	16	16
chrX	123855057	123856364	+	16	16
chrX	125513583	125513753	-	16	16
chrX	130620126	130621790	+	16	16
chrX	134216465	134232719	+	16	16
chrX	134876599	134885041	+	16	16
chrX	135487712	135496424	+	16	16
chrX	144206844	144209357	-	16	16
chrX	144341453	144362714	+	16	16
chrX	145882668	145882874	-	16	16
chrX	146737924	146784416	+	16	16
chrX	149551114	149551973	+	16	16
chrX	149925605	149929339	-	16	15
chrX	153437236	153438197	+	16	16
chrY	329994	332381	-	16	16
chrY	995293	995457	-	16	16
chrY	1582992	1585407	+	16	16
chrY	11449198	11449723	+	16	15
chrY	12876515	12877451	+	16	15
chrY	24110229	24110368	+	16	16
GL000195.1	153037	155054	-	16	16
GL000214.1	48977	51030	+	16	15
GL000218.1	331	2732	-	16	15
GL000219.1	128822	132603	+	16	15
GL000221.1	18052	20624	-	16	16
KI270442.1	114473	114701	+	16	16
KI270728.1	367187	367444	-	16	16
KI270728.1	1786129	1787758	+	16	15
KI270734.1	69949	72378	-	16	16
chr1	1074943	1079421	+	15	15
chr1	1158401	1160626	+	15	13
chr1	1172398	1172944	+	15	12
chr1	1630622	1631640	-	15	15
chr1	3886963	3888959	+	15	13
chr1	6712126	6713242	+	15	15
chr1	8984859	8990639	-	15	15
chr1	9218379	9218593	-	15	15
chr1	12559591	12563054	-	15	15
chr1	13691067	13691206	-	15	15
chr1	18960080	18962334	+	15	14
chr1	20151604	20151785	+	15	15
chr1	21214160	21216658	+	15	15
chr1	25177270	25190919	-	15	13
chr1	26131832	26134867	+	15	14
chr1	27217769	27227747	-	15	13
chr1	27498166	27502275	+	15	13
chr1	28660014	28662939	-	15	14
chr1	31607980	31609127	+	15	14
chr1	31945171	31946200	-	15	15
chr1	32975242	32976314	-	15	15
chr1	33182071	33185237	+	15	14
chr1	35710061	35713809	-	15	13
chr1	38007114	38008561	+	15	14
chr1	43629292	43631078	+	15	15
chr1	45491740	45493598	-	15	13
chr1	46186080	46186957	+	15	14
chr1	46390373	46394158	+	15	12
chr1	46427038	46428714	-	15	13
chr1	48093712	48095916	-	15	15
chr1	48293448	48295256	-	15	15
chr1	52015802	52019591	+	15	15
chr1	52828986	52832484	-	15	15
chr1	54538497	54539088	+	15	15
chr1	55027754	55028924	-	15	15
chr1	58776348	58776780	+	15	14
chr1	61655749	61658139	-	15	14
chr1	73767746	73767915	-	15	15
chr1	74920516	74920610	-	15	15
chr1	78559246	78561804	-	15	15
chr1	80137209	80137920	-	15	15
chr1	80653499	80653775	-	15	15
chr1	84587809	84590484	+	15	14
chr1	87413387	87415996	-	15	14
chr1	93554867	93556624	+	15	12
chr1	94129889	94130684	+	15	15
chr1	101269326	101270872	-	15	14
chr1	101287711	101294262	+	15	14
chr1	108494156	108494316	+	15	15
chr1	109057374	109059969	+	15	14
chr1	110346755	110347106	+	15	15
chr1	115636668	115638269	-	15	15
chr1	119614326	119618100	-	15	13
chr1	148037760	148040200	+	15	15
chr1	149150924	149151899	-	15	15
chr1	150289112	150289824	+	15	6
chr1	152508699	152508804	-	15	14
chr1	153556127	153558028	+	15	14
chr1	156588762	156590499	+	15	15
chr1	158237883	158241744	+	15	15
chr1	160146645	160148030	+	15	15
chr1	160431332	160433803	+	15	14
chr1	160530866	160533444	+	15	15
chr1	162628261	162629222	+	15	14
chr1	168202207	168205846	+	15	13
chr1	168271395	168273482	-	15	14
chr1	171697812	171699115	-	15	15
chr1	171779623	171781616	+	15	15
chr1	178623716	178625961	-	15	14
chr1	182635503	182638958	+	15	15
chr1	184776901	184778126	+	15	15
chr1	185407265	185416680	-	15	15
chr1	186541938	186543915	+	15	14
chr1	199495742	199496341	+	15	15
chr1	199909857	199910090	+	15	15
chr1	200621299	200622202	+	15	14
chr1	201885320	201888351	+	15	15
chr1	202077173	202084412	+	15	14
chr1	205535502	205536128	+	15	12
chr1	212719864	212720499	+	15	14
chr1	213307060	213307456	-	15	14
chr1	213307772	213309205	+	15	15
chr1	218075417	218082332	-	15	15
chr1	219238254	219238680	-	15	14
chr1	222464159	222466424	+	15	15
chr1	227877051	227878262	+	15	15
chr1	227972966	227975030	+	15	13
chr1	228186382	228187923	-	15	13
chr1	228556813	228557994	+	15	11
chr1	229996974	229997074	-	15	15
chr1	230036229	230041526	-	15	15
chr1	231320256	231323320	-	15	14
chr1	233521909	233522026	-	15	15
chr1	234325185	234327016	+	15	14
chr1	234488909	234490719	-	15	15
chr1	238975354	238975654	+	15	15
chr1	241919985	241921800	+	15	15
chr1	244958695	244960276	-	15	15
chr1	244968109	244969221	+	15	15
chr1	246535390	246538232	+	15	15
chr1	248904171	248905871	-	15	13
chr2	3147973	3151705	-	15	14
chr2	3495682	3496943	-	15	15
chr2	7178300	7180431	-	15	14
chr2	7242225	7246270	+	15	14
chr2	10108131	10117993	-	15	13
chr2	11432158	11434588	-	15	14
chr2	13406066	13406980	+	15	15
chr2	15651282	15652476	-	15	15
chr2	18793710	18796412	+	15	15
chr2	18882891	18883221	-	15	15
chr2	26761850	26763931	-	15	15
chr2	30372671	30378053	-	15	15
chr2	32041432	32059668	+	15	15
chr2	33400245	33401097	+	15	15
chr2	36829761	36830279	+	15	14
chr2	37162534	37164627	-	15	15
chr2	38382925	38383015	-	15	15
chr2	39144787	39145203	-	15	15
chr2	39155790	39163917	-	15	14
chr2	44973949	44975209	-	15	13
chr2	46188647	46189674	+	15	15
chr2	49875223	49875437	-	15	15
chr2	55161859	55164719	-	15	14
chr2	61595542	61603056	-	15	15
chr2	65157574	65157796	-	15	15
chr2	65279187	65281830	-	15	13
chr2	74451136	74451789	-	15	15
chr2	75227931	75229148	-	15	14
chr2	83626528	83626978	+	15	15
chr2	85437296	85438102	-	15	14
chr2	88362278	88362400	+	15	15
chr2	88760453	88760834	+	15	14
chr2	97101762	97107417	+	15	12
chr2	97999573	98003199	+	15	15
chr2	98962519	98966814	-	15	14
chr2	98980832	98980953	+	15	15
chr2	99490294	99493274	+	15	13
chr2	103214217	103215238	-	15	15
chr2	105237577	105239577	-	15	15
chr2	107900349	107901475	+	15	15
chr2	109073385	109075477	+	15	15
chr2	109642426	109644149	+	15	14
chr2	116039408	116039585	+	15	15
chr2	118355504	118355607	-	15	15
chr2	119722001	119722995	+	15	14
chr2	125655754	125655852	+	15	15
chr2	127841899	127842931	+	15	14
chr2	127858517	127861344	-	15	13
chr2	128210873	128214134	-	15	14
chr2	128215524	128220293	+	15	14
chr2	129982801	129982909	+	15	15
chr2	135837218	135837957	+	15	15
chr2	139789510	139789659	-	15	15
chr2	142805483	142806723	-	15	14
chr2	147146288	147146437	-	15	15
chr2	151268948	151270148	-	15	14
chr2	152649850	152651322	-	15	14
chr2	153849870	153850049	+	15	13
chr2	157371126	157372465	-	15	15
chr2	171302954	171303555	-	15	13
chr2	172657429	172657708	-	15	15
chr2	173062637	173062768	+	15	15
chr2	174257021	174259750	+	15	15
chr2	175023519	175025627	-	15	15
chr2	186020984	186023248	+	15	15
chr2	189765628	189766003	-	15	15
chr2	195426565	195427670	-	15	14
chr2	199481859	199491133	-	15	15
chr2	203793404	203795287	-	15	15
chr2	207660770	207662271	-	15	15
chr2	211193778	211261560	-	15	15
chr2	218966208	218967256	+	15	15
chr2	218968888	218969788	-	15	15
chr2	224402205	224403858	+	15	14
chr2	227567756	227572628	-	15	15
chr2	227575698	227576148	-	15	13
chr2	229308394	229308496	+	15	14
chr2	230830749	230835420	+	15	15
chr2	231173181	231174380	+	15	13
chr2	234316249	234318190	+	15	14
chr2	236564610	236564996	-	15	14
chr2	237626571	237627545	-	15	14
chr3	1017352	1017478	-	15	15
chr3	1583763	1583897	+	15	15
chr3	1893121	1893218	+	15	15
chr3	3674809	3675281	-	15	15
chr3	5291952	5295336	+	15	14
chr3	5409955	5412140	+	15	13
chr3	6484361	6488036	-	15	15
chr3	8963837	8965868	+	15	15
chr3	23614108	23616014	-	15	15
chr3	23998303	23999336	-	15	15
chr3	25715692	25715883	+	15	15
chr3	30603061	30605399	+	15	12
chr3	30712357	30714168	-	15	15
chr3	36048804	36053700	-	15	15
chr3	37237659	37239035	+	15	14
chr3	43941608	43943169	-	15	15
chr3	47559430	47561157	-	15	15
chr3	51723040	51726248	-	15	14
chr3	51989825	51991962	+	15	13
chr3	67137613	67141468	-	15	13
chr3	69082249	69083930	+	15	15
chr3	78594779	78594892	-	15	15
chr3	89748486	89748771	+	15	15
chr3	100362032	100363400	-	15	15
chr3	100474965	100475724	-	15	15
chr3	101542747	101546596	+	15	15
chr3	105589523	105592484	+	15	15
chr3	106255135	106257270	+	15	14
chr3	107520109	107522562	-	15	13
chr3	108146037	108147243	+	15	15
chr3	111996421	111998363	+	15	13
chr3	112906533	112906866	-	15	13
chr3	115567111	115568245	+	15	15
chr3	127280584	127280917	+	15	15
chr3	129627298	129628917	+	15	13
chr3	132539033	132541458	+	15	14
chr3	136226342	136228823	+	15	14
chr3	136229837	136230660	+	15	15
chr3	141627598	141628957	+	15	15
chr3	142240014	142242034	-	15	14
chr3	144059162	144062182	+	15	14
chr3	150474403	150475549	-	15	15
chr3	161269318	161275369	+	15	14
chr3	167438685	167441905	-	15	15
chr3	169909753	169910264	+	15	15
chr3	172734724	172735945	-	15	15
chr3	177801576	177801700	+	15	15
chr3	179338645	179340208	-	15	15
chr3	187102364	187105263	-	15	14
chr3	187112146	187118719	-	15	12
chr3	187372208	187375376	+	15	14
chr4	1606112	1607665	-	15	15
chr4	3289043	3290293	-	15	14
chr4	14267002	14267460	+	15	15
chr4	25292633	25293219	+	15	14
chr4	25623896	25623991	+	15	15
chr4	27172237	27172339	-	15	15
chr4	30064332	30064614	+	15	15
chr4	30646416	30646530	+	15	15
chr4	35587068	35693955	-	15	15
chr4	35929875	35933142	-	15	14
chr4	38759883	38763545	-	15	13
chr4	43546694	43546859	+	15	15
chr4	44561320	44574672	-	15	15
chr4	48451266	48453838	+	15	13
chr4	49272068	49273760	+	15	15
chr4	49490575	49491088	+	15	14
chr4	56034210	56036616	+	15	13
chr4	56713844	56717640	+	15	15
chr4	56804064	56805097	+	15	15
chr4	56898027	56898221	+	15	14
chr4	64240414	64241333	+	15	15
chr4	70812663	70815160	-	15	15
chr4	73909351	73910304	+	15	15
chr4	77045194	77047075	+	15	14
chr4	87252629	87261214	-	15	15
chr4	99718864	99718974	+	15	15
chr4	99946692	99947941	+	15	13
chr4	100971651	100973681	+	15	15
chr4	101408655	101410944	-	15	13
chr4	108778410	108779371	+	15	15
chr4	108803348	108803672	+	15	15
chr4	112790556	112792428	-	15	15
chr4	113762067	113762698	+	15	14
chr4	116425608	116425719	-	15	15
chr4	122769610	122801515	-	15	15
chr4	122812418	122813101	+	15	15
chr4	127912463	127914501	-	15	13
chr4	135229799	135230044	-	15	15
chr4	145376333	145376803	+	15	14
chr4	146523804	146526308	+	15	13
chr4	151024399	151026471	+	15	11
chr4	152268817	152269240	+	15	15
chr4	152919941	152920494	-	15	13
chr4	152928602	152928990	+	15	15
chr4	153112650	153116915	-	15	15
chr4	153462715	153466016	-	15	14
chr4	158096012	158099141	-	15	14
chr4	160762805	160762972	-	15	14
chr4	167720013	167720159	-	15	15
chr4	168204757	168207288	-	15	14
chr4	168332239	168333925	-	15	15
chr4	173450487	173453000	+	15	15
chr4	176348738	176350611	+	15	11
chr4	183513173	183516320	+	15	15
chr5	697588	700067	+	15	12
chr5	27207161	27207305	-	15	15
chr5	30246237	30246329	-	15	15
chr5	31628524	31629561	+	15	15
chr5	35334532	35355379	-	15	15
chr5	40100640	40100892	-	15	15
chr5	40114985	40115140	+	15	15
chr5	41722073	41722786	-	15	14
chr5	41922300	41924849	+	15	13
chr5	43567517	43570911	-	15	13
chr5	50636019	50636610	-	15	15
chr5	53527975	53528271	+	15	15
chr5	56776310	56778088	-	15	14
chr5	57150566	57152218	-	15	15
chr5	60850286	60855830	-	15	13
chr5	70018083	70019912	-	15	15
chr5	71659051	71662283	+	15	12
chr5	74880113	74880314	-	15	15
chr5	74897095	74898825	-	15	14
chr5	78770989	78773118	-	15	13
chr5	80311740	80313314	-	15	15
chr5	82691364	82691529	+	15	14
chr5	85876954	85977929	-	15	15
chr5	95451269	95457221	-	15	15
chr5	99274844	99274980	-	15	15
chr5	101494099	101495761	-	15	15
chr5	102140322	102141425	-	15	15
chr5	109869797	109870153	-	15	15
chr5	117645013	117645358	+	15	15
chr5	119421619	119424300	+	15	13
chr5	122834946	122835564	-	15	14
chr5	131238270	131239796	-	15	15
chr5	134423731	134427199	-	15	13
chr5	138225080	138226535	+	15	15
chr5	138437063	138438196	+	15	15
chr5	141990601	141991541	-	15	15
chr5	142074724	142075928	-	15	15
chr5	142083020	142083609	-	15	13
chr5	144599510	144648527	-	15	15
chr5	145291064	145291165	+	15	15
chr5	151496506	151498464	+	15	15
chr5	154877905	154878882	-	15	15
chr5	165880527	165884180	+	15	15
chr5	166256750	166256968	+	15	15
chr5	166432997	166435251	+	15	14
chr5	170742708	170742949	+	15	15
chr5	171373198	171376479	+	15	15
chr5	172035525	172037314	+	15	15
chr5	172952832	172953963	-	15	15
chr5	173055321	173056202	-	15	15
chr5	173586460	173592330	-	15	15
chr5	178202291	178203781	+	15	15
chr5	179385383	179385565	-	15	15
chr5	181295682	181296393	+	15	14
chr5	181388949	181389617	+	15	15
chr6	3022148	3022899	-	15	14
chr6	7020634	7026548	-	15	15
chr6	10629371	10633082	-	15	13
chr6	14254819	14255373	+	15	15
chr6	21616978	21619692	+	15	12
chr6	26555265	26555331	+	15	15
chr6	26615801	26619884	+	15	13
chr6	27230013	27233070	-	15	15
chr6	27783489	27783738	-	15	2
chr6	27938474	27939756	+	15	11
chr6	28139724	28141053	+	15	14
chr6	30346924	30348699	+	15	15
chr6	30422289	30422963	-	15	15
chr6	30519691	30520194	-	15	14
chr6	32235885	32235982	+	15	15
chr6	32594213	32595396	-	15	15
chr6	32658718	32659457	+	15	12
chr6	33097423	33100849	+	15	8
chr6	33356898	33357748	-	15	15
chr6	33615759	33618780	+	15	15
chr6	34698578	34707227	-	15	13
chr6	35749476	35763012	+	15	15
chr6	36557375	36557850	+	15	6
chr6	41764475	41766020	+	15	14
chr6	42472611	42489492	+	15	15
chr6	44645755	44663636	+	15	14
chr6	49137351	49137732	-	15	15
chr6	49495886	49496984	+	15	15
chr6	57669186	57678030	+	15	13
chr6	63598746	63601594	+	15	13
chr6	72586127	72586264	+	15	15
chr6	76108638	76116789	-	15	15
chr6	80472465	80475646	+	15	14
chr6	85437926	85441550	-	15	12
chr6	85838223	85839436	+	15	15
chr6	87279272	87281318	-	15	14
chr6	89060608	89062903	+	15	14
chr6	94198151	94199726	-	15	15
chr6	94823406	94823566	-	15	15
chr6	106326477	106327659	+	15	14
chr6	107960005	107962317	+	15	13
chr6	107971857	107972030	-	15	15
chr6	108005674	108006675	-	15	12
chr6	108017206	108017531	+	15	14
chr6	109365360	109365869	+	15	15
chr6	111084559	111087354	-	15	15
chr6	117080795	117098378	-	15	15
chr6	118398158	118400518	-	15	14
chr6	118805030	118806327	+	15	14
chr6	121476590	121476732	+	15	15
chr6	121760879	121763425	+	15	15
chr6	127235548	127245343	-	15	13
chr6	130451021	130454645	+	15	12
chr6	143358384	143361327	+	15	13
chr6	145341917	145342067	+	15	15
chr6	149191261	149194625	+	15	15
chr6	149438306	149440483	+	15	15
chr6	151624694	151629204	+	15	12
chr6	157952179	157953859	-	15	12
chr6	157960541	157966051	-	15	14
chr6	158511867	158512256	+	15	15
chr7	1656720	1658507	+	15	13
chr7	2388876	2390213	-	15	14
chr7	6568850	6571007	-	15	15
chr7	8108659	8109100	-	15	12
chr7	15077468	15088860	-	15	15
chr7	16081357	16083093	+	15	15
chr7	16729175	16730929	-	15	15
chr7	21519788	21522392	+	15	13
chr7	22799285	22801052	-	15	15
chr7	23208299	23211359	+	15	15
chr7	23485839	23489615	+	15	15
chr7	26147348	26151969	-	15	15
chr7	27452317	27454803	+	15	13
chr7	27492889	27494851	-	15	14
chr7	30478946	30479831	+	15	15
chr7	32472493	32473604	+	15	15
chr7	35708250	35713691	-	15	14
chr7	36735993	36738237	-	15	14
chr7	41368831	41368967	-	15	15
chr7	43575750	43578617	-	15	12
chr7	44490710	44490866	-	15	15
chr7	44545197	44548271	+	15	13
chr7	44585034	44587696	-	15	12
chr7	44789242	44789675	+	15	15
chr7	47187326	47187471	+	15	15
chr7	48079165	48079856	-	15	14
chr7	51985940	51986033	-	15	15
chr7	52363692	52364244	+	15	15
chr7	55872600	55872719	-	15	15
chr7	56000955	56001540	+	15	15
chr7	56005270	56008823	+	15	13
chr7	63199902	63200108	+	15	15
chr7	63732845	63733817	+	15	15
chr7	63874805	63875134	+	15	15
chr7	65373253	65373357	+	15	15
chr7	67376439	67377870	+	15	14
chr7	67718999	67759415	-	15	15
chr7	74071720	74078311	+	15	15
chr7	74761067	74764612	+	15	14
chr7	77983844	77984998	-	15	15
chr7	83924488	83924664	+	15	15
chr7	86866788	86867182	+	15	15
chr7	88313179	88318273	+	15	14
chr7	93361216	93363589	+	15	15
chr7	93585320	93586056	+	15	15
chr7	94864703	94865126	+	15	15
chr7	98693126	98708380	-	15	15
chr7	100479453	100480278	+	15	14
chr7	100707519	100709696	+	15	13
chr7	100926395	100926511	-	15	15
chr7	105523497	105529076	+	15	14
chr7	105525629	105529425	-	15	15
chr7	108736994	108737198	+	15	15
chr7	108877116	108877370	-	15	15
chr7	115537072	115537221	-	15	15
chr7	125498364	125498586	+	15	15
chr7	126106404	126106519	+	15	15
chr7	129533456	129534941	+	15	12
chr7	134073086	134074269	-	15	15
chr7	138990443	138991300	+	15	14
chr7	139446460	139448303	-	15	14
chr7	140218974	140219486	+	15	14
chr7	141796554	141798518	-	15	15
chr7	142317410	142318837	-	15	13
chr7	142697318	142700542	-	15	13
chr7	144180333	144182612	+	15	14
chr7	145562043	145562994	+	15	15
chr7	150668006	150670577	-	15	14
chr7	150693842	150695074	-	15	15
chr7	151230002	151232412	-	15	13
chr7	151337132	151339760	-	15	14
chr7	156290455	156291729	-	15	15
chr7	158599458	158602269	-	15	15
chr8	8412527	8413647	-	15	15
chr8	11328195	11329185	+	15	14
chr8	11876526	11878428	-	15	15
chr8	11880424	11882904	+	15	12
chr8	11897771	11899734	+	15	13
chr8	23582215	23585767	+	15	15
chr8	25035377	25036467	-	15	15
chr8	25796641	25806942	+	15	14
chr8	27489382	27490710	-	15	14
chr8	30921389	30921501	+	15	15
chr8	31258720	31265685	+	15	15
chr8	53713832	53714478	+	15	15
chr8	56271086	56272875	+	15	15
chr8	59400639	59400744	-	15	15
chr8	60163546	60169219	+	15	15
chr8	63212796	63215641	+	15	15
chr8	65588037	65589423	-	15	14
chr8	73918438	73929599	+	15	15
chr8	83157613	83158849	-	15	15
chr8	84923518	84923989	+	15	15
chr8	89509232	89510951	-	15	15
chr8	89538148	89538942	+	15	15
chr8	96475624	96475859	-	15	14
chr8	97596913	97598236	-	15	14
chr8	102824490	102825444	+	15	15
chr8	103384424	103384873	-	15	15
chr8	108528056	108531706	+	15	15
chr8	117741011	117742233	+	15	15
chr8	122997065	122999845	-	15	14
chr8	123766165	123768283	-	15	15
chr8	126316319	126318406	-	15	14
chr8	127505742	127507480	-	15	13
chr8	132851689	132853803	-	15	15
chr8	132866116	132866623	+	15	15
chr8	137503943	137504131	+	15	15
chr8	137805417	137805636	-	15	15
chr8	138969070	138969248	-	15	15
chr8	143815787	143816333	-	15	14
chr8	145038894	145041423	-	15	13
chr8	145066900	145067337	-	15	14
chr9	1559635	1559755	+	15	15
chr9	12245603	12245814	-	15	15
chr9	19221412	19222294	+	15	15
chr9	20316100	20316733	-	15	14
chr9	20328976	20331037	-	15	15
chr9	26806302	26806778	+	15	14
chr9	32884144	32885733	-	15	14
chr9	33374309	33375231	+	15	14
chr9	33411581	33422455	-	15	15
chr9	34603160	34604337	+	15	15
chr9	35880421	35880585	-	15	15
chr9	64324007	64325712	-	15	15
chr9	66776404	66777791	-	15	15
chr9	67538342	67546526	-	15	15
chr9	71836373	71839216	+	15	15
chr9	75207861	75212095	+	15	15
chr9	75332201	75335233	+	15	12
chr9	77704006	77705191	-	15	13
chr9	78802054	78802853	-	15	15
chr9	78890875	78891139	-	15	15
chr9	79732208	79733891	-	15	15
chr9	80508741	80511220	+	15	13
chr9	80685434	80687738	-	15	14
chr9	81891959	81893690	+	15	15
chr9	86219094	86220248	-	15	12
chr9	87458855	87465552	-	15	15
chr9	88850216	88850325	-	15	15
chr9	93085319	93087807	-	15	14
chr9	93163553	93174848	+	15	14
chr9	97018002	97018948	-	15	14
chr9	97380160	97380700	-	15	15
chr9	100764606	100764813	-	15	15
chr9	103776216	103776392	-	15	15
chr9	104760182	104763540	+	15	14
chr9	107937038	107939572	+	15	13
chr9	112359159	112366163	+	15	13
chr9	112949379	112950891	+	15	15
chr9	113144356	113147160	-	15	12
chr9	123284429	123291315	-	15	15
chr9	126710992	126716362	-	15	11
chr9	129462844	129463251	-	15	14
chr9	129470353	129472054	+	15	15
chr9	129737381	129738179	-	15	12
chr9	133319044	133322503	+	15	15
chr9	135492268	135494071	-	15	13
chr9	136246071	136246690	+	15	15
chr9	136948393	136949509	-	15	13
chr10	5225933	5226946	+	15	15
chr10	11346275	11348185	+	15	14
chr10	13274095	13276611	+	15	15
chr10	15089063	15091830	+	15	15
chr10	16253994	16254186	+	15	15
chr10	20329954	20333194	+	15	13
chr10	22823896	22824166	+	15	15
chr10	27486832	27486966	+	15	14
chr10	31721802	31723679	+	15	11
chr10	35676802	35676893	+	15	15
chr10	36610099	36615742	-	15	15
chr10	38616628	38618484	+	15	15
chr10	38620370	38620536	+	15	14
chr10	43423180	43426418	-	15	15
chr10	43508283	43509129	+	15	15
chr10	46077979	46079988	-	15	13
chr10	46575815	46578100	-	15	13
chr10	49728873	49729871	+	15	15
chr10	60799661	60800005	-	15	14
chr10	68407768	68409692	-	15	14
chr10	68708597	68711758	-	15	15
chr10	69087583	69087691	+	15	15
chr10	69427102	69430474	-	15	14
chr10	71892905	71893066	-	15	14
chr10	71904560	71908400	+	15	15
chr10	72359206	72361429	+	15	14
chr10	78030891	78032980	+	15	15
chr10	79322618	79323364	-	15	14
chr10	81709490	81711306	+	15	15
chr10	86420785	86424715	+	15	13
chr10	86934046	86935483	-	15	15
chr10	87978679	87979003	-	15	15
chr10	88790747	88792700	-	15	13
chr10	90647825	90649962	-	15	15
chr10	90739202	90740726	-	15	13
chr10	90908611	90911961	+	15	13
chr10	93135208	93177365	+	15	15
chr10	93544370	93544547	+	15	15
chr10	97299153	97299647	+	15	15
chr10	100029771	100031671	+	15	15
chr10	103296771	103298066	-	15	15
chr10	110315058	110315383	-	15	13
chr10	112845992	112847567	-	15	15
chr10	116533593	116533967	-	15	15
chr10	120395120	120411527	+	15	15
chr10	122828884	122830247	-	15	15
chr10	123339218	123340391	-	15	15
chr10	131983465	131985060	+	15	14
chr10	132004423	132004828	-	15	14
chr10	133029642	133031884	+	15	13
chr10	133055324	133055450	-	15	15
chr11	785247	787087	+	15	14
chr11	1215684	1217962	+	15	14
chr11	2875594	2878502	+	15	15
chr11	6674504	6677419	+	15	11
chr11	9569332	9570477	+	15	12
chr11	18669261	18670373	-	15	14
chr11	34013795	34013910	-	15	15
chr11	39295989	39315375	+	15	15
chr11	39906128	39906636	-	15	15
chr11	40082788	40083555	-	15	12
chr11	46327034	46328953	+	15	14
chr11	47416756	47418641	-	15	15
chr11	55526903	55532665	-	15	15
chr11	58626142	58627317	+	15	15
chr11	61176968	61180948	-	15	14
chr11	62758959	62761391	+	15	15
chr11	62897172	62900081	-	15	15
chr11	65650961	65652636	-	15	14
chr11	66372488	66376170	+	15	15
chr11	66429437	66432174	+	15	14
chr11	67313285	67316485	-	15	13
chr11	68150603	68152063	-	15	14
chr11	68237384	68244980	-	15	15
chr11	68751646	68753139	+	15	15
chr11	73947985	73948297	-	15	14
chr11	75020300	75020676	+	15	15
chr11	77054427	77054537	+	15	15
chr11	77477930	77480917	-	15	15
chr11	83447733	83449272	+	15	15
chr11	90974808	90978299	+	15	15
chr11	93293261	93296787	-	15	13
chr11	94349101	94354881	-	15	14
chr11	95765999	95768340	-	15	15
chr11	105564373	105565403	+	15	15
chr11	110428048	110429267	-	15	13
chr11	110471799	110473223	-	15	15
chr11	113724937	113727819	+	15	15
chr11	114462306	114464803	+	15	14
chr11	117129425	117132313	+	15	15
chr11	117131376	117133331	-	15	14
chr11	117134412	117135148	-	15	15
chr11	117931980	117934615	-	15	15
chr11	121381444	121383121	-	15	13
chr11	122653027	122655504	-	15	15
chr11	124881547	124883375	+	15	15
chr11	128456145	128458201	+	15	14
chr11	128821091	128821582	-	15	15
chr11	130010106	130015438	-	15	14
chr11	130214645	130216559	+	15	14
chr12	667490	667968	+	15	10
chr12	3784585	3786262	+	15	14
chr12	3995107	3996108	+	15	15
chr12	4004223	4004387	-	15	15
chr12	7564013	7565074	+	15	15
chr12	9807247	9809638	+	15	15
chr12	11647366	11649621	-	15	13
chr12	11913911	11916647	+	15	14
chr12	12843811	12846297	-	15	13
chr12	13391677	13398905	-	15	15
chr12	19000612	19000771	-	15	15
chr12	22041687	22041986	+	15	15
chr12	25355986	25356779	+	15	14
chr12	27195911	27198776	+	15	15
chr12	29381419	29382345	+	15	13
chr12	30157784	30158132	-	15	15
chr12	31756177	31759385	+	15	14
chr12	32649623	32660109	-	15	15
chr12	39478978	39480484	+	15	15
chr12	39528880	39530827	+	15	15
chr12	43833788	43835768	-	15	14
chr12	46162529	46163824	-	15	14
chr12	47334810	47338606	-	15	15
chr12	48186077	48188371	+	15	13
chr12	48958394	48964131	+	15	14
chr12	52863842	52866481	+	15	15
chr12	53682387	53683070	-	15	15
chr12	56414920	56415440	-	15	13
chr12	56789593	56792291	+	15	15
chr12	57051728	57052814	+	15	14
chr12	62639696	62640938	-	15	15
chr12	63436760	63436885	-	15	15
chr12	63512066	63512296	-	15	15
chr12	68598741	68606024	-	15	15
chr12	68607544	68609537	-	15	11
chr12	69602668	69604020	-	15	15
chr12	71801049	71803544	-	15	15
chr12	83552006	83552510	-	15	15
chr12	84647781	84648183	-	15	15
chr12	85888974	85889114	+	15	15
chr12	87012352	87012654	+	15	15
chr12	87974294	87974836	-	15	15
chr12	94740162	94740713	+	15	14
chr12	96400787	96402459	-	15	14
chr12	101147334	101148691	+	15	15
chr12	101387340	101388996	-	15	14
chr12	101447641	101464966	-	15	14
chr12	101456720	101456985	+	15	15
chr12	101547925	101548029	+	15	15
chr12	106354609	106356953	-	15	14
chr12	107683715	107684016	-	15	13
chr12	110612014	110614013	-	15	15
chr12	112517753	112529096	-	15	14
chr12	113806941	113807540	+	15	15
chr12	116536705	116539682	-	15	15
chr12	118545528	118563522	-	15	15
chr12	120426755	120432736	-	15	15
chr12	122076122	122076793	+	15	15
chr12	122627488	122631211	-	15	15
chr12	123379123	123383385	+	15	15
chr12	125802510	125806469	+	15	15
chr12	125898227	125898426	+	15	15
chr12	129035804	129036869	+	15	15
chr12	132442624	132445889	+	15	15
chr12	132480983	132484379	+	15	13
chr13	19886282	19892937	-	15	15
chr13	20958910	20959025	+	15	15
chr13	22664573	22673428	-	15	15
chr13	26043162	26044468	-	15	13
chr13	27275796	27277616	+	15	13
chr13	28680960	28683371	+	15	15
chr13	29850826	29852308	+	15	15
chr13	30784156	30786126	+	15	14
chr13	31720234	31723598	-	15	14
chr13	32781669	32782643	-	15	13
chr13	33094995	33095118	-	15	15
chr13	41297644	41299981	-	15	11
chr13	54364055	54364194	+	15	15
chr13	56040490	56040596	+	15	14
chr13	57355725	57356887	-	15	15
chr13	61461348	61461719	-	15	15
chr13	68793033	68794019	-	15	15
chr13	72123589	72157966	-	15	15
chr13	72273620	72274128	+	15	15
chr13	72558159	72558520	+	15	15
chr13	73315667	73315797	-	15	15
chr13	80423016	80423559	-	15	13
chr13	83504415	83590533	+	15	15
chr13	90017062	90017969	-	15	15
chr13	99387836	99389380	-	15	14
chr13	106395481	106395746	-	15	15
chr13	106868997	106880284	-	15	14
chr13	108206875	108207256	+	15	14
chr13	109419455	109423429	-	15	13
chr13	110145039	110145290	+	15	15
chr13	110565083	110567277	+	15	15
chr13	113573089	113574385	-	15	15
chr14	20649610	20650718	+	15	10
chr14	21540304	21542598	+	15	15
chr14	21565780	21566227	+	15	15
chr14	21724329	21726387	+	15	14
chr14	21761087	21764085	+	15	10
chr14	28143260	28145958	-	15	14
chr14	28150082	28151313	-	15	12
chr14	32032459	32032832	+	15	15
chr14	38639683	38677107	+	15	15
chr14	38994396	38995669	-	15	14
chr14	41211732	41213420	-	15	15
chr14	50670791	50673323	-	15	15
chr14	54916304	54918213	-	15	14
chr14	56015940	56071677	-	15	13
chr14	58555153	58555500	-	15	15
chr14	59396658	59399538	-	15	14
chr14	59582507	59585296	-	15	14
chr14	63582385	63585746	+	15	15
chr14	64690264	64690540	+	15	15
chr14	67816814	67819462	+	15	15
chr14	69039156	69041426	+	15	13
chr14	81239321	81243199	-	15	12
chr14	81637133	81637372	+	15	15
chr14	82601801	82606941	-	15	15
chr14	84597465	84730293	+	15	15
chr14	92193458	92195222	+	15	13
chr14	97906273	97910433	-	15	12
chr14	103332470	103333141	+	15	14
chr14	104839466	104841101	-	15	15
chr14	104983784	104985669	-	15	15
chr14	105710728	105713428	-	15	14
chr14	106863478	106863631	-	15	15
chr15	20368528	20370130	-	15	15
chr15	22708066	22708498	-	15	14
chr15	23212440	23212713	+	15	15
chr15	30780109	30784462	+	15	14
chr15	30878656	30880280	+	15	13
chr15	32701184	32701312	-	15	15
chr15	34441025	34441432	-	15	15
chr15	34445943	34455075	+	15	15
chr15	34832415	34832842	+	15	13
chr15	36410427	36410654	-	15	15
chr15	37659973	37660363	+	15	15
chr15	40308367	40308995	-	15	15
chr15	43684843	43686703	+	15	13
chr15	43721037	43724472	+	15	15
chr15	49084565	49088793	-	15	14
chr15	50375989	50378542	-	15	15
chr15	52573404	52577159	+	15	15
chr15	65322780	65325794	+	15	15
chr15	74873473	74875069	+	15	15
chr15	76906597	76915369	+	15	14
chr15	79982155	79983466	+	15	13
chr15	80054583	80057194	+	15	13
chr16	2201376	2204229	+	15	13
chr16	3913301	3915036	-	15	15
chr16	4116837	4117950	+	15	14
chr16	4275070	4275943	-	15	13
chr16	8997766	9000559	-	15	15
chr16	9155863	9156188	+	15	15
chr16	10264017	10277447	-	15	15
chr16	11662372	11664392	+	15	12
chr16	13889198	13901608	-	15	15
chr16	13898783	13901532	+	15	15
chr16	14772038	14773002	+	15	15
chr16	17484149	17500080	+	15	9
chr16	17750464	17751538	+	15	15
chr16	22005336	22007112	+	15	12
chr16	22296785	22297362	-	15	14
chr16	25612308	25612599	-	15	15
chr16	27305394	27307818	+	15	12
chr16	28065305	28067144	+	15	14
chr16	28089891	28090951	-	15	15
chr16	30687926	30691284	-	15	13
chr16	46792868	46794684	-	15	15
chr16	47075249	47075511	+	15	15
chr16	49461040	49464123	+	15	14
chr16	56691803	56692756	-	15	14
chr16	62622205	62622311	-	15	15
chr16	85012169	85014523	-	15	14
chr16	85922643	85924433	+	15	11
chr17	731590	732317	-	15	13
chr17	3847140	3852195	-	15	14
chr17	4642758	4645121	-	15	12
chr17	4758784	4760063	-	15	15
chr17	5031066	5032571	+	15	15
chr17	5494162	5495534	+	15	14
chr17	7032792	7035567	+	15	12
chr17	7081204	7082688	-	15	13
chr17	7404545	7404756	+	15	13
chr17	8088276	8090316	+	15	14
chr17	8275975	8277744	+	15	13
chr17	8794967	8796816	-	15	13
chr17	10215154	10230422	-	15	15
chr17	12323202	12323293	+	15	15
chr17	12647930	12649138	-	15	15
chr17	13115626	13125342	+	15	15
chr17	13719726	13719956	-	15	15
chr17	18931835	18932315	-	15	15
chr17	19387639	19389798	+	15	13
chr17	27186381	27187914	-	15	15
chr17	27285531	27290582	-	15	11
chr17	28446352	28446455	+	15	11
chr17	30377040	30378783	-	15	13
chr17	31544706	31546664	+	15	15
chr17	31850582	31851784	-	15	15
chr17	36619350	36619677	+	15	15
chr17	36831442	36841743	+	15	15
chr17	37910236	37910576	+	15	15
chr17	39199330	39199630	-	15	15
chr17	40619386	40621607	+	15	15
chr17	41111879	41113552	+	15	13
chr17	42745105	42747010	+	15	14
chr17	44504688	44506480	-	15	14
chr17	45144391	45146664	+	15	15
chr17	45183084	45185671	+	15	12
chr17	46757704	46758079	+	15	15
chr17	49856210	49857949	-	15	15
chr17	49955897	49956028	-	15	15
chr17	50408440	50408976	+	15	14
chr17	50775049	50775204	-	15	15
chr17	52285598	52285759	+	15	15
chr17	60669860	60672333	-	15	14
chr17	62332024	62332970	+	15	15
chr17	64441788	64442451	-	15	15
chr17	64730543	64736538	+	15	14
chr17	67786748	67791798	-	15	13
chr17	68023673	68024916	-	15	14
chr17	68055045	68055734	-	15	14
chr17	75021270	75021857	+	15	11
chr17	75437452	75440522	+	15	15
chr17	78666138	78667135	+	15	15
chr17	81841933	81842351	+	15	13
chr17	82039385	82043202	-	15	14
chr17	83102446	83104172	-	15	15
chr18	302837	305971	-	15	15
chr18	538656	538757	+	15	14
chr18	715743	717773	-	15	14
chr18	3336158	3336848	-	15	15
chr18	7360119	7360274	-	15	15
chr18	9911040	9912072	-	15	15
chr18	13135837	13138081	-	15	15
chr18	13662783	13663133	+	15	15
chr18	14046122	14049565	-	15	12
chr18	14376051	14376841	-	15	15
chr18	24397944	24400421	+	15	12
chr18	33767560	33775219	+	15	15
chr18	47757155	47768992	+	15	15
chr18	51830579	51830685	+	15	15
chr18	59810533	59812602	-	15	11
chr18	61253757	61253903	+	15	15
chr18	63424010	63426855	+	15	15
chr18	64606471	64608435	+	15	14
chr18	73416525	73416719	+	15	15
chr18	75075934	75076221	+	15	14
chr18	79067783	79069042	+	15	13
chr19	344873	349084	+	15	15
chr19	484153	484535	-	15	15
chr19	1701872	1712827	+	15	15
chr19	2784321	2785248	-	15	14
chr19	4226762	4228925	-	15	15
chr19	4801420	4802943	+	15	14
chr19	10596317	10597744	+	15	15
chr19	11884695	11887052	+	15	13
chr19	12374262	12377151	-	15	14
chr19	15705761	15714015	-	15	15
chr19	17945544	17947386	-	15	14
chr19	18794494	18806738	-	15	14
chr19	21016782	21017814	-	15	15
chr19	22121894	22124805	-	15	13
chr19	23465040	23468864	-	15	15
chr19	30030000	30033817	+	15	14
chr19	34133687	34134447	-	15	15
chr19	36250903	36252014	-	15	15
chr19	38237342	38240028	-	15	12
chr19	39476737	39478451	+	15	14
chr19	39494501	39498308	+	15	14
chr19	41103174	41103678	-	15	15
chr19	41261811	41262470	-	15	15
chr19	41820126	41822925	+	15	11
chr19	43420885	43421974	+	15	15
chr19	47233454	47234143	-	15	15
chr19	48685620	48692577	+	15	15
chr19	49817378	49818235	-	15	15
chr19	51442092	51444670	+	15	15
chr19	51608821	51610861	+	15	14
chr19	54474559	54477604	-	15	12
chr19	54560579	54561830	-	15	14
chr19	54670361	54671069	+	15	13
chr19	56960560	56960688	+	15	15
chr19	57170113	57171969	-	15	13
chr20	462638	465948	+	15	13
chr20	4364667	4375063	-	15	15
chr20	5747866	5749271	+	15	15
chr20	12487080	12487554	-	15	15
chr20	21984955	21985445	-	15	15
chr20	22119043	22119701	+	15	15
chr20	23899461	23902019	-	15	11
chr20	32239059	32240417	+	15	15
chr20	32630661	32631286	+	15	15
chr20	40667026	40667371	+	15	14
chr20	40689415	40690176	-	15	13
chr20	43454196	43457209	+	15	15
chr20	45107217	45108312	+	15	14
chr20	47786908	47790720	+	15	15
chr20	49745429	49745858	+	15	15
chr20	49934038	49936093	+	15	14
chr20	50474671	50479239	-	15	15
chr20	57430027	57431406	+	15	14
chr20	57769141	57889339	-	15	13
chr20	58641398	58642271	-	15	13
chr20	59119816	59120706	-	15	14
chr20	62376028	62376485	-	15	15
chr20	63848682	63850464	+	15	15
chr20	64315520	64315714	+	15	15
chr21	6106872	6110862	+	15	14
chr21	19928646	19984602	+	15	15
chr21	20563607	20595581	+	15	15
chr21	28994351	28995090	+	15	15
chr21	37059224	37062456	-	15	13
chr21	41789429	41790920	+	15	12
chr21	42584791	42586428	-	15	14
chr21	43377400	43377642	-	15	13
chr21	45230192	45231790	-	15	14
chr21	46573059	46576487	-	15	14
chr22	12365634	12376567	-	15	15
chr22	18621826	18623250	-	15	15
chr22	18630835	18631281	-	15	15
chr22	19144726	19145849	+	15	14
chr22	19532457	19545227	+	15	15
chr22	20601408	20602267	+	15	15
chr22	20667683	20667813	-	15	15
chr22	21335511	21336445	-	15	14
chr22	22084664	22085790	-	15	14
chr22	22970061	22970179	+	15	14
chr22	23329481	23330566	+	15	14
chr22	23596823	23601787	-	15	14
chr22	23846828	23848821	+	15	15
chr22	24534108	24535810	+	15	14
chr22	30979429	30981645	+	15	14
chr22	31025852	31026841	-	15	14
chr22	35354726	35355720	-	15	14
chr22	35682289	35684244	+	15	12
chr22	36135815	36136483	+	15	15
chr22	36224662	36226161	+	15	14
chr22	38939678	38942607	-	15	14
chr22	39104186	39105232	+	15	14
chr22	40974061	40976798	-	15	14
chr22	42777458	42780110	+	15	15
chr22	43107874	43110550	-	15	12
chr22	45013678	45023077	-	15	15
chr22	46263417	46265000	+	15	15
chr22	46754409	46756658	+	15	15
chr22	50341456	50343204	-	15	14
chrX	19907274	19909552	-	15	14
chrX	20283427	20283597	-	15	15
chrX	30592367	30594192	-	15	14
chrX	40251867	40251954	+	15	15
chrX	41057445	41072486	-	15	15
chrX	41078550	41080445	-	15	14
chrX	44620793	44621819	+	15	15
chrX	44748967	44750374	-	15	15
chrX	44857474	44858426	+	15	15
chrX	47427060	47430778	-	15	15
chrX	47439786	47441803	+	15	13
chrX	47552676	47555917	-	15	15
chrX	49890722	49891640	+	15	13
chrX	52131028	52131323	-	15	15
chrX	52149905	52150024	-	15	15
chrX	52292969	52293751	+	15	15
chrX	52909035	52914277	+	15	15
chrX	54190057	54192822	+	15	14
chrX	55375507	55375674	+	15	15
chrX	55788707	55790847	+	15	14
chrX	57234774	57237224	+	15	14
chrX	57591395	57591981	-	15	15
chrX	71347584	71348050	-	15	13
chrX	77500355	77501476	+	15	13
chrX	79549541	79549676	-	15	15
chrX	84895333	84895434	+	15	14
chrX	87150879	87151409	+	15	15
chrX	96060940	96064317	-	15	15
chrX	96503697	96504169	-	15	15
chrX	99198942	99199125	-	15	15
chrX	101335870	101338531	-	15	14
chrX	102033852	102037348	+	15	15
chrX	103590898	103591290	+	15	15
chrX	104539674	104541427	-	15	14
chrX	105808223	105809078	-	15	14
chrX	113563109	113563236	+	15	14
chrX	116066879	116068375	-	15	15
chrX	118488870	118492823	+	15	13
chrX	120503107	120505849	-	15	14
chrX	121690499	121690710	-	15	15
chrX	123733154	123735117	+	15	14
chrX	123733692	123733875	-	15	13
chrX	126950982	126951334	+	15	15
chrX	129596659	129599578	-	15	13
chrX	130568648	130569025	-	15	14
chrX	134865103	134865483	-	15	15
chrX	136518272	136520382	+	15	12
chrX	136880907	136883131	+	15	12
chrX	137208562	137209009	+	15	14
chrX	140160149	140169504	+	15	15
chrX	143662777	143662882	+	15	15
chrX	143877569	143877707	-	15	15
chrX	144212391	144212554	-	15	14
chrX	144281207	144281308	-	15	15
chrX	147951151	147952755	+	15	13
chrX	149178294	149179994	-	15	15
chrX	149645591	149645725	+	15	15
chrX	150978968	150979464	-	15	15
chrX	150994535	151005162	-	15	15
chrX	151286082	151286174	-	15	15
chrX	154479378	154482028	-	15	14
chrX	155060629	155061395	-	15	15
chrX	155414807	155417080	-	15	13
chrX	155943881	155944514	+	15	14
chrY	263333	267673	-	15	14
chrY	542755	544873	-	15	15
chrY	1944752	1946245	+	15	14
chrY	2513709	2536080	-	15	15
chrY	2932621	2933049	+	15	12
chrY	3886865	3887106	+	15	15
chrY	8856553	8856870	-	15	15
chrY	17077545	17077877	-	15	14
chrY	19108529	19109246	-	15	15
chrY	19701855	19703645	+	15	13
chrY	20958039	20959203	-	15	15
chrY	22860702	22860871	+	15	15
chrY	56890188	56893000	-	15	14
GL000205.2	123559	124098	+	15	13
KI270712.1	118748	119766	+	15	14
KI270734.1	14037	14210	-	15	15
KI270746.1	37702	39611	+	15	14
chr1	3885478	3888826	-	14	14
chr1	5162901	5163043	-	14	14
chr1	8347251	8347586	+	14	14
chr1	10208846	10210187	+	14	14
chr1	10982627	10990544	+	14	14
chr1	11047636	11049306	-	14	14
chr1	11548975	11550807	+	14	14
chr1	13009007	13009181	+	14	14
chr1	15228723	15229761	+	14	14
chr1	16193138	16197395	-	14	12
chr1	17014957	17016994	+	14	13
chr1	17062475	17065233	-	14	10
chr1	18956813	18958976	+	14	12
chr1	19264267	19265396	-	14	14
chr1	21184792	21187272	+	14	12
chr1	23939673	23941772	-	14	14
chr1	24744109	24744617	+	14	14
chr1	26522968	26527034	+	14	12
chr1	26580547	26586725	-	14	14
chr1	27002266	27003692	-	14	13
chr1	28585668	28587810	+	14	14
chr1	30757866	30760808	+	14	12
chr1	30923917	30928024	+	14	14
chr1	36335677	36336898	-	14	12
chr1	39904686	39907620	-	14	11
chr1	40474111	40474940	+	14	12
chr1	42894205	42896814	-	14	14
chr1	43158892	43161312	+	14	14
chr1	45575323	45576155	-	14	13
chr1	51157420	51157718	-	14	14
chr1	51166619	51176981	-	14	14
chr1	52014761	52016325	-	14	11
chr1	53759606	53761871	+	14	14
chr1	53976738	53978215	+	14	14
chr1	66998156	66999243	-	14	12
chr1	68452043	68452151	+	14	14
chr1	78667140	78669043	+	14	14
chr1	86544479	86547070	+	14	12
chr1	96826593	96826999	+	14	12
chr1	100526965	100530443	+	14	11
chr1	101225387	101226498	+	14	13
chr1	101252411	101253130	+	14	13
chr1	109061233	109062094	+	14	14
chr1	110458034	110459082	+	14	14
chr1	117677231	117678091	+	14	13
chr1	117721651	117724038	+	14	10
chr1	119400119	119400426	-	14	14
chr1	120101535	120102409	+	14	14
chr1	120136000	120136831	-	14	14
chr1	120363665	120366928	-	14	14
chr1	144462309	144464795	+	14	14
chr1	144488834	144489612	-	14	13
chr1	144521996	144523812	+	14	14
chr1	144529429	144530324	-	14	14
chr1	144606972	144609243	-	14	14
chr1	145112863	145116097	-	14	14
chr1	145844728	145845579	+	14	10
chr1	146423629	146425783	+	14	11
chr1	147008567	147008690	+	14	14
chr1	150637995	150641391	-	14	14
chr1	151387517	151389539	+	14	14
chr1	153573679	153574191	+	14	13
chr1	153574557	153574895	-	14	14
chr1	153575760	153576815	+	14	12
chr1	154277513	154279278	-	14	14
chr1	155911502	155912615	+	14	14
chr1	157666627	157667746	+	14	14
chr1	157712248	157714472	-	14	12
chr1	158167091	158167646	-	14	14
chr1	161286003	161287207	-	14	13
chr1	162610636	162611556	-	14	14
chr1	163490579	163490720	+	14	14
chr1	163575297	163575420	+	14	13
chr1	167040189	167041379	+	14	14
chr1	167719668	167721158	-	14	11
chr1	169642880	169644124	+	14	13
chr1	173489564	173491854	+	14	14
chr1	175937520	175938795	+	14	13
chr1	179276362	179287154	-	14	14
chr1	180506857	180506955	-	14	14
chr1	181026933	181027161	+	14	14
chr1	183158076	183158362	+	14	14
chr1	185024334	185025581	-	14	14
chr1	186525330	186525718	-	14	12
chr1	186647190	186653474	-	14	14
chr1	188343347	188343447	-	14	14
chr1	188373829	188374148	+	14	14
chr1	192092566	192103290	-	14	14
chr1	198937879	198941207	-	14	13
chr1	201232148	201232261	+	14	14
chr1	201974713	201977378	+	14	14
chr1	202144850	202146745	+	14	14
chr1	204601273	204602726	+	14	13
chr1	205287910	205291571	+	14	14
chr1	209655359	209657231	-	14	14
chr1	211440164	211442112	+	14	13
chr1	212818587	212819807	-	14	13
chr1	214595916	214600012	-	14	14
chr1	218670021	218686149	-	14	14
chr1	219372628	219373973	+	14	14
chr1	221042856	221043217	-	14	14
chr1	223686774	223688549	-	14	12
chr1	223854587	223855857	+	14	14
chr1	223931699	223932479	-	14	13
chr1	224349366	224349928	-	14	14
chr1	228165590	228165775	-	14	14
chr1	228526607	228528657	+	14	14
chr1	229404597	229406233	-	14	14
chr1	229662553	229663803	-	14	12
chr1	232098528	232100447	+	14	10
chr1	241985018	241985158	-	14	14
chr1	244229630	244232163	-	14	13
chr1	246669122	246670454	+	14	14
chr1	247292660	247293831	-	14	12
chr2	7277878	7280630	+	14	14
chr2	10055295	10056366	+	14	12
chr2	10473984	10474113	+	14	14
chr2	11467301	11469315	+	14	12
chr2	15634644	15635616	-	14	13
chr2	15951904	15952404	+	14	14
chr2	18861773	18864123	+	14	13
chr2	27077058	27077978	-	14	14
chr2	28352995	28354764	+	14	13
chr2	38603956	38606331	+	14	14
chr2	39733458	39735284	-	14	13
chr2	49788983	49789138	+	14	14
chr2	55479554	55485762	+	14	14
chr2	55706139	55706301	+	14	14
chr2	57270650	57274460	-	14	12
chr2	61555840	61556992	+	14	13
chr2	65283869	65287327	-	14	14
chr2	67939191	67940077	+	14	14
chr2	68113168	68115909	-	14	13
chr2	68353708	68354906	+	14	14
chr2	73820116	73822821	-	14	9
chr2	74451712	74452187	+	14	13
chr2	75044015	75044344	+	14	13
chr2	75207590	75214294	-	14	12
chr2	75217535	75218764	+	14	13
chr2	75628647	75629743	-	14	14
chr2	81221619	81221717	-	14	14
chr2	85802720	85803282	+	14	14
chr2	96151606	96152015	+	14	13
chr2	97703404	97706232	-	14	13
chr2	98781907	98785014	+	14	12
chr2	98992331	98993691	-	14	14
chr2	101676181	101686067	-	14	13
chr2	105140917	105141067	+	14	14
chr2	112124314	112127669	-	14	14
chr2	118112323	118112851	+	14	14
chr2	120223534	120225590	+	14	13
chr2	126653139	126655158	-	14	12
chr2	126805104	126816703	-	14	14
chr2	128216692	128219744	-	14	13
chr2	128397442	128402724	-	14	14
chr2	129410659	129412226	-	14	14
chr2	130331950	130332373	-	14	14
chr2	134110727	134112722	+	14	13
chr2	146541130	146541472	+	14	13
chr2	150659049	150659219	-	14	14
chr2	156369821	156370166	+	14	14
chr2	157196103	157196338	+	14	13
chr2	157351721	157353678	+	14	14
chr2	159623641	159624081	-	14	13
chr2	165731377	165732731	-	14	14
chr2	170976902	170977969	-	14	14
chr2	171486288	171488028	-	14	14
chr2	171676532	171676696	+	14	14
chr2	173975932	173979463	-	14	13
chr2	173987634	173989093	-	14	13
chr2	174257030	174259761	-	14	14
chr2	174546335	174546718	-	14	13
chr2	175059474	175061034	+	14	13
chr2	176353700	176362611	+	14	14
chr2	179264921	179266323	+	14	14
chr2	179318892	179321327	+	14	14
chr2	185885677	185889661	-	14	14
chr2	188847283	188847478	-	14	14
chr2	190393346	190394049	+	14	14
chr2	192408816	192408954	+	14	14
chr2	193532164	193535571	+	14	11
chr2	194798469	194801335	-	14	12
chr2	194952923	194953349	+	14	12
chr2	199493237	199493353	-	14	14
chr2	203306163	203307201	-	14	14
chr2	203611272	203611916	+	14	14
chr2	203704937	203706366	+	14	14
chr2	203806418	203808080	-	14	13
chr2	203972538	203972941	-	14	13
chr2	208196437	208196662	-	14	14
chr2	208894804	208896041	+	14	14
chr2	208897295	208899980	+	14	14
chr2	210000497	210002435	-	14	13
chr2	219061151	219065222	-	14	11
chr2	219287116	219289282	-	14	14
chr2	222790580	222791488	+	14	12
chr2	224647963	224648111	-	14	14
chr2	225970812	225971027	+	14	14
chr2	230630280	230645840	-	14	13
chr2	230672130	230672233	+	14	14
chr2	230686178	230686597	+	14	14
chr2	231649355	231655254	+	14	14
chr2	232537409	232539131	+	14	12
chr2	233580916	233583340	-	14	14
chr2	234501098	234503430	+	14	12
chr2	235260481	235260751	+	14	14
chr2	235302654	235302895	+	14	14
chr2	240071381	240071478	+	14	14
chr3	5402772	5404537	+	14	13
chr3	9570460	9570596	+	14	14
chr3	9882209	9882532	+	14	14
chr3	14205323	14207088	+	14	14
chr3	16149753	16149924	-	14	14
chr3	21368839	21368936	+	14	14
chr3	25680503	25683472	-	14	14
chr3	26495075	26495188	+	14	14
chr3	32387705	32390847	+	14	13
chr3	32503098	32505694	-	14	14
chr3	33746694	33751744	+	14	13
chr3	33870829	33871688	-	14	13
chr3	36822543	36823018	+	14	14
chr3	37239959	37241766	-	14	14
chr3	42541462	42542992	+	14	14
chr3	49672554	49673887	+	14	14
chr3	57696980	57700156	+	14	14
chr3	67208620	67208949	+	14	14
chr3	70706487	70706635	+	14	14
chr3	78223329	78224108	+	14	14
chr3	89066592	89066839	-	14	14
chr3	90545066	90545188	+	14	13
chr3	95729903	95730037	+	14	14
chr3	103251978	103252238	+	14	14
chr3	103490642	103490938	-	14	14
chr3	105291942	105294093	-	14	10
chr3	108292886	108295328	+	14	14
chr3	108696899	108697454	+	14	14
chr3	110245358	110245743	+	14	14
chr3	119569362	119570331	-	14	12
chr3	129236677	129239617	-	14	14
chr3	129628598	129631498	-	14	14
chr3	137897795	137898790	+	14	14
chr3	138044260	138047035	-	14	12
chr3	143194522	143194939	-	14	13
chr3	143203280	143207817	+	14	12
chr3	144119324	144119738	-	14	14
chr3	152229951	152232440	+	14	10
chr3	153131444	153134203	-	14	14
chr3	158903050	158905013	+	14	14
chr3	162379284	162380212	-	14	14
chr3	163856829	163907091	+	14	14
chr3	170861681	170864325	+	14	14
chr3	176132860	176133138	+	14	14
chr3	178948953	178950705	-	14	12
chr3	180262993	180263269	-	14	13
chr3	184368646	184371103	+	14	14
chr3	186836032	186837927	-	14	14
chr3	196626441	196627405	+	14	14
chr4	540333	541505	+	14	14
chr4	1860745	1863116	-	14	13
chr4	11209724	11213268	+	14	14
chr4	11230017	11231175	+	14	10
chr4	12763593	12763777	-	14	14
chr4	13089460	13091161	-	14	12
chr4	25280814	25283992	-	14	13
chr4	25458568	25466873	+	14	13
chr4	26766032	26770108	-	14	14
chr4	30240124	30241063	-	14	14
chr4	31729515	31729667	+	14	14
chr4	31734035	31734284	-	14	14
chr4	35200821	35288110	-	14	14
chr4	35681202	35681451	+	14	14
chr4	37698319	37699146	+	14	8
chr4	37708782	37710052	-	14	14
chr4	39487340	39489693	+	14	14
chr4	40715704	40730950	+	14	14
chr4	41270492	41273894	-	14	14
chr4	48051606	48052029	+	14	14
chr4	48444020	48447279	-	14	13
chr4	58374525	58375223	+	14	13
chr4	65948654	65948748	-	14	14
chr4	70413533	70413719	-	14	14
chr4	70808733	70810818	-	14	13
chr4	82114348	82119769	+	14	14
chr4	82227644	82228233	+	14	14
chr4	84652949	84654712	-	14	14
chr4	89317400	89317910	+	14	11
chr4	92294668	92295637	-	14	14
chr4	95592037	95592197	-	14	14
chr4	102248101	102249478	-	14	13
chr4	108535181	108535457	+	14	14
chr4	108637023	108637446	-	14	12
chr4	116330310	116330657	-	14	14
chr4	122579083	122581888	+	14	14
chr4	123384168	123385702	+	14	8
chr4	127910089	127910460	-	14	14
chr4	128631696	128631832	+	14	14
chr4	129120776	129121997	+	14	14
chr4	131125434	131230895	+	14	14
chr4	138739839	138740001	+	14	14
chr4	138751690	138751825	+	14	14
chr4	141749522	141751134	+	14	13
chr4	147688466	147691107	-	14	10
chr4	152541915	152543302	-	14	12
chr4	152580483	152581298	+	14	14
chr4	152597259	152600042	+	14	12
chr4	155631078	155663470	+	14	14
chr4	156682329	156682574	+	14	14
chr4	159094544	159096471	+	14	14
chr4	160749105	160750881	-	14	13
chr4	164999440	164999735	+	14	14
chr4	165545982	165547057	-	14	14
chr4	167276223	167276914	-	14	14
chr4	169078475	169079594	-	14	13
chr4	182988063	182988383	+	14	14
chr4	185965006	185977007	+	14	13
chr4	186573524	186575523	+	14	14
chr5	1453954	1455970	+	14	14
chr5	3755105	3755406	-	14	14
chr5	14580026	14581557	-	14	13
chr5	18645837	18651516	-	14	9
chr5	35570098	35573382	-	14	13
chr5	36821258	36824044	-	14	10
chr5	37768751	37769024	-	14	12
chr5	43364009	43366231	-	14	13
chr5	50219256	50222832	-	14	14
chr5	51259460	51259656	+	14	14
chr5	52246792	52247943	-	14	14
chr5	53832387	53834014	+	14	13
chr5	54567289	54569884	+	14	12
chr5	56372099	56373409	-	14	14
chr5	56412020	56414967	-	14	12
chr5	58573541	58575983	+	14	13
chr5	63408686	63408825	+	14	14
chr5	70918780	70919856	+	14	14
chr5	78775634	78776109	+	14	13
chr5	83382345	83386406	+	14	14
chr5	91806260	91806541	+	14	14
chr5	98335930	98336134	+	14	14
chr5	100587657	100588582	+	14	14
chr5	101501211	101502902	+	14	12
chr5	101910411	101911881	-	14	12
chr5	101948085	101955900	-	14	13
chr5	102506785	102506922	+	14	14
chr5	103280280	103280585	-	14	14
chr5	103588645	103588957	-	14	14
chr5	110157686	110159562	+	14	13
chr5	112943402	112944841	-	14	14
chr5	118787590	118788246	-	14	13
chr5	118794558	118797635	-	14	13
chr5	121668035	121668465	+	14	13
chr5	123622953	123623271	-	14	14
chr5	127556114	127558330	+	14	13
chr5	128206841	128208352	+	14	11
chr5	128209600	128211629	+	14	12
chr5	130194025	130194260	-	14	14
chr5	134031403	134032067	+	14	12
chr5	134862307	134862756	+	14	13
chr5	134871841	134872835	+	14	14
chr5	138066111	138068679	-	14	12
chr5	142768924	142770311	-	14	14
chr5	149551620	149551939	+	14	13
chr5	150571242	150573316	+	14	14
chr5	154591497	154591592	+	14	14
chr5	154876797	154878539	+	14	12
chr5	168538534	168540491	-	14	13
chr5	170213525	170217167	-	14	14
chr5	170305434	170306540	-	14	13
chr5	170858415	170858586	+	14	14
chr5	174628614	174630674	-	14	14
chr5	179094766	179096076	-	14	14
chr5	179444303	179445366	+	14	14
chr6	1608890	1609212	-	14	14
chr6	3804530	3808061	-	14	14
chr6	11147112	11149270	-	14	14
chr6	14064305	14076704	-	14	13
chr6	14271431	14271750	-	14	13
chr6	20026752	20027108	-	14	14
chr6	21466533	21466709	-	14	14
chr6	23607424	23607680	-	14	14
chr6	26082160	26084254	-	14	8
chr6	27097640	27099383	+	14	11
chr6	28557462	28558002	+	14	14
chr6	31524384	31525648	-	14	14
chr6	31673895	31676341	-	14	13
chr6	32131075	32133320	+	14	14
chr6	34564061	34564648	-	14	12
chr6	34710348	34712283	+	14	13
chr6	38163818	38165937	+	14	12
chr6	39737483	39738699	+	14	14
chr6	41672338	41672860	+	14	13
chr6	42218814	42220029	+	14	14
chr6	45799584	45799703	-	14	14
chr6	49601245	49601605	+	14	14
chr6	52999726	53001233	-	14	13
chr6	54959264	54959476	+	14	14
chr6	55647873	55648603	-	14	14
chr6	69439674	69441318	-	14	14
chr6	72613350	72614339	-	14	14
chr6	73961157	73962362	-	14	14
chr6	73988455	74002421	-	14	14
chr6	76364021	76376884	-	14	14
chr6	80745287	80745408	-	14	14
chr6	82499696	82501484	-	14	14
chr6	83203536	83206529	-	14	14
chr6	85679367	85681573	+	14	13
chr6	87702372	87705157	-	14	14
chr6	87760641	87771068	+	14	12
chr6	88602411	88604330	-	14	14
chr6	89173468	89175784	+	14	13
chr6	90499543	90499894	-	14	13
chr6	95894070	95894447	-	14	13
chr6	96923279	96924576	-	14	13
chr6	103624415	103624539	+	14	13
chr6	105939539	105940012	+	14	14
chr6	106857217	106857313	+	14	13
chr6	107062545	107064386	-	14	12
chr6	109386903	109387723	-	14	14
chr6	118457320	118457961	+	14	12
chr6	121427541	121428480	+	14	14
chr6	125984180	125986369	-	14	13
chr6	126289112	126293448	+	14	12
chr6	128868411	128868832	+	14	14
chr6	139021405	139025229	-	14	11
chr6	143419536	143420996	-	14	11
chr6	151361567	151363942	+	14	12
chr6	158952126	158954257	+	14	13
chr6	166272480	166272703	+	14	14
chr7	37700	38198	-	14	13
chr7	795835	796593	-	14	14
chr7	2381491	2383106	+	14	14
chr7	2624963	2626468	-	14	13
chr7	5247718	5253017	-	14	14
chr7	5579116	5580553	+	14	14
chr7	7627392	7628399	+	14	14
chr7	16059910	16062122	-	14	7
chr7	19232332	19233656	-	14	14
chr7	28929578	28931254	-	14	14
chr7	35942155	35943516	-	14	13
chr7	36726841	36727312	+	14	13
chr7	38256441	38257763	+	14	12
chr7	42565033	42565249	-	14	14
chr7	44088373	44090160	-	14	13
chr7	44922705	44923124	-	14	14
chr7	44940682	44943733	+	14	12
chr7	44987331	44988451	-	14	14
chr7	47667746	47670704	-	14	12
chr7	47716742	47718015	+	14	14
chr7	49117037	49117157	-	14	14
chr7	57804706	57805002	-	14	14
chr7	63638045	63670351	+	14	14
chr7	63658657	63690986	-	14	14
chr7	65830264	65835145	+	14	13
chr7	68081377	68084074	-	14	14
chr7	74413706	74426757	-	14	14
chr7	74765958	74768881	+	14	13
chr7	75150023	75150828	+	14	14
chr7	75153541	75155932	+	14	14
chr7	75305210	75306263	+	14	13
chr7	76082645	76082801	+	14	14
chr7	76523141	76524146	-	14	14
chr7	80957096	80959041	-	14	14
chr7	84730403	84730853	-	14	14
chr7	85675103	85676157	-	14	14
chr7	87499278	87502974	-	14	12
chr7	88203436	88205086	-	14	13
chr7	97188346	97192957	+	14	12
chr7	97710255	97711823	+	14	14
chr7	98720988	98732119	+	14	14
chr7	99612653	99616419	+	14	14
chr7	100618948	100620105	+	14	13
chr7	100698333	100698478	-	14	14
chr7	100915045	100915789	-	14	14
chr7	105435820	105439028	-	14	13
chr7	118213316	118213433	+	14	14
chr7	118710560	118730212	+	14	14
chr7	121597612	121607561	-	14	14
chr7	127602325	127603340	-	14	14
chr7	132780635	132781350	+	14	13
chr7	133182191	133182318	+	14	14
chr7	135519750	135535920	-	14	12
chr7	135540437	135542662	+	14	14
chr7	135554139	135554696	-	14	13
chr7	138134478	138144487	+	14	14
chr7	139196272	139197902	+	14	13
chr7	139517806	139519502	-	14	14
chr7	142671898	142673048	-	14	14
chr7	143070912	143071573	-	14	13
chr7	144441569	144444044	+	14	14
chr7	145887702	145960487	+	14	12
chr7	148801220	148804387	-	14	13
chr7	148910043	148911475	+	14	14
chr7	149320725	149322640	-	14	14
chr7	149461067	149463485	+	14	13
chr7	149462414	149464674	-	14	11
chr7	150144602	150145033	+	14	14
chr7	150683509	150685661	-	14	13
chr7	151227735	151229160	+	14	12
chr7	157274615	157275581	+	14	13
chr8	360148	360299	+	14	13
chr8	9523849	9524913	+	14	14
chr8	17025247	17026212	-	14	13
chr8	18225060	18232010	+	14	12
chr8	22135315	22137894	-	14	14
chr8	23124447	23127745	-	14	11
chr8	23183450	23185966	+	14	14
chr8	23520338	23523189	+	14	12
chr8	28491371	28493187	-	14	11
chr8	33583610	33591065	-	14	14
chr8	35174452	35174576	-	14	14
chr8	38075414	38078406	+	14	13
chr8	38600167	38601265	-	14	14
chr8	41421940	41423036	+	14	14
chr8	41428245	41431042	+	14	14
chr8	48102396	48115854	+	14	14
chr8	53080511	53081889	-	14	13
chr8	53697144	53699790	-	14	13
chr8	58773872	58774177	-	14	14
chr8	63143551	63146987	-	14	14
chr8	63356585	63356764	-	14	14
chr8	70407320	70417450	+	14	14
chr8	72144971	72145427	-	14	13
chr8	74046994	74047170	-	14	14
chr8	77585902	77586230	+	14	14
chr8	80539663	80541129	+	14	14
chr8	80940428	80944568	-	14	14
chr8	85542870	85543036	-	14	14
chr8	89089587	89089732	+	14	14
chr8	91056364	91059004	-	14	13
chr8	97184170	97184531	+	14	14
chr8	99927745	99927840	+	14	14
chr8	100810825	100817181	+	14	14
chr8	101684464	101685994	-	14	14
chr8	109171174	109173403	-	14	14
chr8	119708671	119711661	-	14	12
chr8	123741670	123748959	+	14	14
chr8	127488906	127489462	+	14	13
chr8	140635721	140636237	-	14	14
chr8	143714908	143716059	-	14	12
chr8	144364123	144365159	-	14	14
chr9	1940697	1941024	+	14	14
chr9	4924668	4928310	+	14	11
chr9	5347068	5347367	+	14	14
chr9	6008807	6010934	-	14	13
chr9	7177311	7177570	-	14	14
chr9	7392869	7393831	-	14	14
chr9	16870942	16874847	+	14	13
chr9	17503923	17506186	+	14	12
chr9	26893380	26895090	-	14	14
chr9	30835092	30835260	+	14	14
chr9	34155149	34157080	-	14	14
chr9	63613865	63615123	-	14	14
chr9	64783857	64787626	+	14	13
chr9	66670855	66672101	+	14	14
chr9	75328464	75330734	+	14	13
chr9	76378748	76382748	+	14	14
chr9	80340071	80342470	-	14	13
chr9	80512343	80512902	+	14	13
chr9	83653880	83655565	+	14	14
chr9	85099748	85102715	+	14	14
chr9	86140778	86140843	-	14	14
chr9	93153375	93155352	-	14	14
chr9	94670693	94672463	+	14	14
chr9	97673803	97674877	-	14	13
chr9	99166663	99176177	+	14	14
chr9	103328946	103329070	+	14	14
chr9	103766076	103806024	+	14	14
chr9	108744744	108747335	-	14	12
chr9	108839678	108840509	+	14	13
chr9	110189573	110189999	-	14	14
chr9	111125135	111125660	-	14	14
chr9	112337743	112339268	+	14	13
chr9	112943644	112943917	-	14	14
chr9	114316211	114318715	+	14	13
chr9	116121634	116122107	+	14	14
chr9	118476000	118476104	-	14	14
chr9	120589410	120591734	-	14	14
chr9	124246203	124257160	-	14	14
chr9	124842442	124844910	+	14	14
chr9	125198212	125199023	-	14	14
chr9	128119733	128120659	+	14	14
chr9	129661904	129662048	-	14	14
chr9	129780972	129786262	-	14	14
chr9	129825747	129826139	+	14	13
chr9	130521054	130521265	+	14	14
chr9	130642064	130644065	+	14	13
chr9	133459459	133459955	-	14	11
chr9	135055864	135056006	+	14	14
chr9	135916596	135919258	-	14	14
chr9	136634400	136637640	-	14	13
chr10	124081	124423	+	14	12
chr10	8130761	8131113	-	14	12
chr10	11632981	11636316	-	14	12
chr10	17738630	17738985	-	14	14
chr10	21395624	21396625	-	14	14
chr10	26888726	26888981	+	14	14
chr10	30634120	30634300	+	14	14
chr10	34899929	34920628	+	14	14
chr10	37764595	37765502	-	14	13
chr10	37880678	37882868	-	14	14
chr10	43031756	43031880	-	14	14
chr10	43999922	44000127	+	14	14
chr10	45249876	45250207	-	14	14
chr10	47669435	47671784	+	14	14
chr10	57889234	57926658	+	14	14
chr10	58376509	58379175	+	14	12
chr10	70392435	70398608	-	14	14
chr10	72040789	72042288	+	14	13
chr10	73783760	73785458	+	14	14
chr10	76573023	76574668	+	14	14
chr10	76706672	76706821	+	14	14
chr10	79319001	79323070	+	14	13
chr10	79357749	79360279	-	14	13
chr10	79896682	79896881	-	14	14
chr10	85288270	85288506	+	14	14
chr10	87028284	87030502	-	14	12
chr10	89577821	89579480	-	14	13
chr10	97783212	97785671	-	14	13
chr10	103299202	103302783	-	14	14
chr10	105335949	105336406	+	14	13
chr10	109276700	109276807	-	14	14
chr10	113928243	113928601	-	14	13
chr10	116618347	116620335	-	14	14
chr10	118219693	118230233	+	14	14
chr10	119138098	119140738	-	14	13
chr10	121029264	121029401	-	14	14
chr10	123059212	123061689	+	14	13
chr10	123326539	123327953	+	14	10
chr10	124889068	124889537	-	14	14
chr10	131572991	131573123	+	14	14
chr10	133256643	133257736	+	14	14
chr11	1310729	1313722	+	14	11
chr11	1622594	1623640	+	14	14
chr11	2880842	2883154	-	14	12
chr11	3085723	3086832	-	14	12
chr11	6808383	6811505	-	14	14
chr11	14370738	14373543	+	14	13
chr11	14380336	14383980	-	14	12
chr11	17389448	17390733	+	14	14
chr11	18666831	18668046	-	14	14
chr11	20509424	20512550	+	14	13
chr11	23076243	23077143	+	14	13
chr11	33034142	33036385	+	14	12
chr11	35232759	35234515	-	14	14
chr11	39899564	39901900	-	14	13
chr11	40064097	40067304	-	14	11
chr11	42989606	42990004	+	14	14
chr11	44315255	44315350	-	14	14
chr11	47211133	47214151	+	14	13
chr11	47655999	47658410	-	14	12
chr11	47656006	47656144	+	14	14
chr11	47976517	47979966	-	14	11
chr11	48747777	48748768	-	14	14
chr11	49976187	49976611	+	14	14
chr11	60859854	60861622	+	14	13
chr11	61386394	61389341	-	14	14
chr11	62395852	62397698	-	14	12
chr11	62427219	62427540	-	14	13
chr11	62601865	62602163	+	14	14
chr11	64997709	65010932	+	14	14
chr11	65000271	65001580	-	14	13
chr11	68642337	68644682	+	14	14
chr11	69020353	69042744	-	14	14
chr11	69045325	69046276	-	14	14
chr11	75041484	75043220	+	14	13
chr11	76294496	76294682	+	14	13
chr11	85811250	85812044	+	14	14
chr11	86176873	86179074	+	14	10
chr11	87330830	87335452	-	14	14
chr11	87343978	87345130	-	14	14
chr11	93443543	93444599	-	14	14
chr11	93473095	93473644	+	14	14
chr11	95146508	95147754	-	14	13
chr11	102307490	102308135	+	14	12
chr11	102378752	102383038	-	14	12
chr11	102744418	102744532	-	14	14
chr11	103901502	103902290	-	14	12
chr11	104640228	104683135	-	14	14
chr11	110482622	110484398	+	14	13
chr11	111564398	111565410	+	14	14
chr11	114454541	114455692	+	14	12
chr11	116006040	116006208	+	14	14
chr11	117954418	117955556	+	14	12
chr11	119197479	119199180	-	14	14
chr11	125053537	125055850	+	14	14
chr11	127647847	127648212	-	14	14
chr11	129896730	129898362	+	14	13
chr11	130028419	130030173	-	14	14
chr12	2951327	2952293	+	14	14
chr12	4484350	4487492	-	14	14
chr12	6420274	6422929	-	14	14
chr12	7803264	7809875	-	14	14
chr12	11995504	11995639	+	14	14
chr12	12609198	12611634	+	14	14
chr12	14502932	14503403	-	14	13
chr12	17856514	17927259	+	14	14
chr12	23453993	23454162	+	14	14
chr12	25363137	25366291	-	14	13
chr12	25881559	25881683	-	14	14
chr12	26842798	26845521	+	14	11
chr12	28597170	28598766	+	14	14
chr12	30149612	30149775	+	14	13
chr12	41084445	41086321	-	14	14
chr12	43820154	43824753	-	14	14
chr12	43829281	43830538	+	14	13
chr12	44962211	44962638	+	14	14
chr12	46018498	46018809	+	14	14
chr12	48801778	48803541	-	14	14
chr12	49111694	49112424	-	14	13
chr12	53238078	53239682	-	14	14
chr12	56264602	56266174	+	14	14
chr12	57589005	57591031	-	14	11
chr12	57689925	57693682	-	14	11
chr12	59224639	59226392	-	14	14
chr12	67887782	67890697	+	14	13
chr12	76731261	76732721	-	14	14
chr12	83450574	83450821	+	14	13
chr12	91708349	91710198	-	14	14
chr12	93448269	93451370	+	14	12
chr12	104452622	104454539	+	14	14
chr12	108275919	108278328	-	14	13
chr12	108279999	108280823	-	14	12
chr12	110122230	110124125	-	14	13
chr12	110758090	110760161	+	14	12
chr12	111837691	111839203	+	14	13
chr12	112391838	112394766	-	14	13
chr12	114771928	114772071	-	14	14
chr12	116279175	116279886	+	14	12
chr12	116411831	116414364	-	14	14
chr12	120409099	120409872	+	14	14
chr12	122863228	122865328	+	14	13
chr12	122912863	122920804	+	14	13
chr12	123663292	123666867	-	14	14
chr12	124925839	124927100	+	14	14
chr12	128125889	128152846	+	14	14
chr12	128711359	128747656	-	14	13
chr12	128834846	128835148	+	14	14
chr12	132722807	132724653	-	14	14
chr13	22376808	22378258	+	14	14
chr13	25146918	25147198	+	14	14
chr13	27462955	27464245	-	14	14
chr13	27492303	27493140	-	14	14
chr13	28132420	28134561	+	14	14
chr13	30182940	30186987	-	14	12
chr13	38401979	38402091	+	14	14
chr13	41086789	41091303	+	14	12
chr13	48174437	48175642	-	14	14
chr13	48176655	48177277	-	14	14
chr13	59564108	59564364	-	14	13
chr13	61282008	61389794	-	14	14
chr13	61673691	61785339	+	14	14
chr13	67231250	67233360	+	14	14
chr13	68580384	68581007	+	14	14
chr13	77331670	77346288	-	14	12
chr13	79561161	79564040	+	14	13
chr13	85863331	85863460	-	14	14
chr13	90309208	90309322	-	14	14
chr13	97841668	97842812	-	14	13
chr13	99433071	99434592	+	14	12
chr13	101419986	101421087	-	14	14
chr13	105111925	105112092	+	14	14
chr13	113174033	113177478	-	14	13
chr13	113395171	113396046	-	14	14
chr13	113756829	113759052	-	14	12
chr14	20491072	20491390	+	14	5
chr14	21731249	21731619	-	14	13
chr14	21862304	21864965	-	14	12
chr14	21989789	21990368	-	14	13
chr14	22015064	22017012	-	14	11
chr14	22081756	22083687	+	14	12
chr14	22114023	22116972	+	14	11
chr14	28140783	28141936	-	14	14
chr14	31877385	31879935	+	14	14
chr14	54420920	54423203	+	14	13
chr14	54492520	54499446	-	14	8
chr14	57461958	57463192	+	14	14
chr14	63738312	63738844	-	14	14
chr14	70882007	70884240	+	14	11
chr14	74210076	74211277	+	14	13
chr14	74930322	74933677	-	14	13
chr14	76896145	76899828	-	14	12
chr14	81460667	81462116	-	14	14
chr14	82989835	82989984	+	14	14
chr14	83264119	83264388	-	14	14
chr14	85697934	85698035	-	14	14
chr14	95708197	95708504	+	14	14
chr14	96972512	96975438	+	14	14
chr14	96977262	96977634	-	14	13
chr14	98810717	98811170	+	14	13
chr14	101094342	101095280	+	14	14
chr14	103550014	103550341	+	14	13
chr14	105576283	105578299	-	14	11
chr15	21159588	21159852	+	14	14
chr15	26370057	26385117	-	14	14
chr15	28694436	28697725	+	14	13
chr15	29585672	29585780	+	14	14
chr15	40473466	40476931	+	14	13
chr15	40974007	40975820	+	14	14
chr15	41171527	41171709	-	14	14
chr15	41282351	41283574	-	14	12
chr15	45329093	45329294	-	14	14
chr15	45696672	45698968	-	14	13
chr15	48666143	48666254	+	14	14
chr15	50548752	50551557	+	14	14
chr15	50836620	50839493	-	14	12
chr15	51006202	51010856	+	14	12
chr15	55152399	55153569	+	14	14
chr15	67892438	67920397	-	14	14
chr15	70613668	70613842	+	14	14
chr15	73032769	73045832	+	14	14
chr15	74518277	74521043	-	14	13
chr15	74778730	74781833	+	14	14
chr15	90082358	90082961	+	14	13
chr15	90964827	90965942	-	14	14
chr15	99783222	99784162	+	14	13
chr15	101104860	101109941	+	14	14
chr15	101119572	101120264	-	14	13
chr15	101145716	101147266	-	14	13
chr16	1417243	1419595	+	14	13
chr16	1482755	1485630	+	14	13
chr16	1483997	1484732	-	14	12
chr16	17525573	17526814	+	14	14
chr16	18562554	18565111	+	14	13
chr16	18802286	18803035	+	14	14
chr16	21187823	21194133	-	14	14
chr16	25235335	25235845	-	14	14
chr16	25471711	25471849	-	14	14
chr16	29741033	29742363	+	14	14
chr16	30911962	30912808	+	14	14
chr16	31136313	31138676	+	14	11
chr16	31480059	31482993	-	14	14
chr16	32840778	32841305	-	14	14
chr16	46439894	46440175	+	14	14
chr16	46452498	46454831	-	14	14
chr16	50681937	50685366	-	14	14
chr16	52907064	52907545	-	14	13
chr16	53539950	53540168	+	14	14
chr16	57601891	57603112	+	14	14
chr16	61299993	61300249	-	14	14
chr16	65958582	65959091	-	14	14
chr16	67151744	67153898	-	14	14
chr16	67427539	67427967	-	14	14
chr16	68594558	68596041	+	14	13
chr16	68727707	68736564	+	14	14
chr16	75466047	75466727	-	14	12
chr16	81413952	81419338	+	14	14
chr16	81969204	81973001	-	14	12
chr16	84678264	84679555	+	14	14
chr16	84968927	84970593	-	14	13
chr16	85114640	85129729	+	14	14
chr16	85867548	85871094	+	14	13
chr17	1900208	1903836	-	14	14
chr17	3853300	3853468	+	14	14
chr17	3859057	3859314	-	14	13
chr17	4555922	4556601	+	14	14
chr17	4659483	4660476	-	14	14
chr17	6268738	6317301	+	14	14
chr17	7234605	7235028	-	14	13
chr17	7539554	7541117	-	14	12
chr17	7641853	7646121	+	14	11
chr17	7856117	7856658	-	14	13
chr17	8163571	8163988	+	14	13
chr17	8870970	8871940	-	14	11
chr17	13434943	13489872	-	14	14
chr17	15107779	15108478	-	14	14
chr17	16538579	16543394	-	14	11
chr17	17297851	17302656	+	14	13
chr17	19214119	19214460	+	14	14
chr17	26693243	26700685	+	14	14
chr17	28418433	28423856	-	14	14
chr17	32961885	32962063	-	14	14
chr17	35226999	35229275	+	14	14
chr17	35565113	35567940	-	14	11
chr17	35805483	35809245	-	14	13
chr17	37766606	37766922	-	14	14
chr17	38345715	38347199	+	14	14
chr17	38967816	38976578	+	14	14
chr17	40304714	40305576	+	14	13
chr17	43040183	43040395	-	14	13
chr17	43622792	43624252	+	14	14
chr17	45324805	45326404	+	14	12
chr17	50130302	50133102	-	14	14
chr17	50320060	50322887	-	14	12
chr17	55206422	55210008	+	14	13
chr17	56584741	56586456	-	14	14
chr17	56600630	56601343	+	14	11
chr17	59615378	59617621	+	14	14
chr17	60092596	60095364	+	14	12
chr17	60441817	60442429	-	14	13
chr17	62065278	62065492	-	14	14
chr17	68163104	68164087	-	14	14
chr17	71354645	71356013	-	14	14
chr17	73281356	73283428	-	14	14
chr17	75581989	75583774	-	14	14
chr17	77253113	77253476	-	14	13
chr17	78962668	78966075	+	14	12
chr18	7301571	7302315	-	14	14
chr18	10177490	10177588	-	14	14
chr18	21937787	21938259	+	14	14
chr18	23089302	23104908	+	14	14
chr18	28196754	28196881	-	14	14
chr18	28244609	28246331	+	14	14
chr18	35153545	35158114	-	14	14
chr18	49461592	49463449	+	14	12
chr18	51087124	51088300	-	14	13
chr18	53959268	53963380	-	14	13
chr18	54064428	54064711	-	14	14
chr18	54124701	54127416	+	14	13
chr18	60033702	60034631	-	14	14
chr18	62709333	62710087	+	14	14
chr18	67370905	67371108	-	14	14
chr18	69076571	69078838	+	14	12
chr18	74058707	74062020	-	14	12
chr18	74147917	74148282	+	14	13
chr18	76001414	76001823	+	14	14
chr18	76822299	76822528	-	14	13
chr19	140765	141838	-	14	14
chr19	645247	645546	+	14	13
chr19	704031	706170	+	14	14
chr19	1259148	1259369	-	14	13
chr19	1568674	1570531	+	14	14
chr19	1687330	1687825	+	14	14
chr19	4124642	4125730	+	14	13
chr19	6482600	6484777	+	14	12
chr19	6559624	6561461	+	14	12
chr19	6770393	6772441	-	14	14
chr19	7294885	7298757	-	14	13
chr19	7717436	7724031	-	14	14
chr19	7867965	7868308	+	14	13
chr19	8152470	8152577	-	14	14
chr19	8612690	8615220	-	14	13
chr19	8692163	8695044	+	14	11
chr19	10082058	10085474	-	14	13
chr19	12759083	12762326	+	14	13
chr19	16250799	16251517	+	14	14
chr19	17433857	17435468	-	14	14
chr19	17856838	17858953	+	14	14
chr19	21714314	21716124	+	14	13
chr19	24281424	24281710	-	14	14
chr19	24398868	24399085	+	14	14
chr19	29773621	29773811	-	14	14
chr19	32714546	32717855	-	14	13
chr19	33293455	33295087	+	14	12
chr19	33831266	33833759	+	14	14
chr19	34749577	34750538	+	14	14
chr19	35999848	36001157	-	14	14
chr19	41107485	41108988	+	14	13
chr19	41933126	41933781	+	14	13
chr19	44730466	44731619	+	14	14
chr19	44765941	44766626	+	14	14
chr19	44937988	44942001	-	14	14
chr19	46462375	46464456	+	14	14
chr19	46717161	46718570	-	14	14
chr19	47396606	47397971	-	14	12
chr19	47573715	47576413	+	14	10
chr19	49284460	49286689	-	14	11
chr19	49728196	49730267	-	14	12
chr19	51737776	51738897	-	14	13
chr19	54133785	54137365	+	14	13
chr19	54300214	54301577	-	14	13
chr19	54463867	54464987	+	14	14
chr19	54641820	54643562	-	14	13
chr19	55582540	55584386	+	14	14
chr19	57309015	57310217	-	14	13
chr19	58218700	58221877	-	14	14
chr20	1662333	1664202	+	14	13
chr20	4386631	4386875	-	14	14
chr20	5034794	5036809	-	14	13
chr20	5231421	5235276	+	14	12
chr20	5527698	5528365	+	14	12
chr20	10390600	10393147	-	14	14
chr20	10400436	10400841	+	14	13
chr20	11636596	11636829	+	14	14
chr20	12067216	12067316	-	14	14
chr20	12476356	12476671	-	14	14
chr20	13304803	13306574	+	14	12
chr20	21496312	21497078	-	14	14
chr20	26301088	26301402	-	14	13
chr20	29078941	29079107	-	14	13
chr20	29875610	29876912	-	14	13
chr20	29880100	29883331	-	14	13
chr20	33856007	33862159	+	14	14
chr20	37268781	37270299	-	14	13
chr20	39432555	39432964	-	14	13
chr20	39969483	39998746	+	14	14
chr20	40379563	40383017	-	14	11
chr20	41794104	41794225	-	14	14
chr20	44280957	44281349	+	14	14
chr20	44283649	44285426	+	14	12
chr20	45744120	45744222	-	14	14
chr20	50030505	50032960	+	14	11
chr20	50200219	50203893	+	14	12
chr20	50965108	50967183	+	14	11
chr20	59475019	59508751	-	14	14
chr20	63858877	63861113	+	14	14
chr21	7798997	7799360	-	14	14
chr21	8255721	8256031	-	14	14
chr21	22190454	22190728	+	14	14
chr21	25773052	25776319	+	14	12
chr21	30785570	30785694	+	14	14
chr21	30851183	30851445	-	14	14
chr21	31109717	31110197	+	14	14
chr21	31621819	31622048	+	14	14
chr21	31737521	31738476	-	14	14
chr21	34040122	34042560	+	14	12
chr21	36421536	36421830	-	14	12
chr21	37050633	37053081	+	14	13
chr21	39936543	39936808	-	14	14
chr21	41978416	41981146	-	14	13
chr21	42058428	42058838	-	14	12
chr21	42325959	42327547	+	14	10
chr21	43353178	43356525	+	14	13
chr21	43398070	43399719	-	14	13
chr21	43830009	43831066	+	14	13
chr21	43987769	43990827	-	14	14
chr21	43994548	43996660	-	14	12
chr21	46008000	46008274	-	14	14
chr21	46445840	46447999	+	14	12
chr22	11446628	11447335	+	14	14
chr22	17082096	17083731	-	14	13
chr22	18578918	18582508	+	14	14
chr22	19162979	19166411	+	14	13
chr22	19599124	19602565	-	14	14
chr22	22236590	22242312	+	14	14
chr22	22543302	22544281	-	14	14
chr22	23560515	23560849	-	14	14
chr22	23562071	23563897	-	14	13
chr22	29583496	29584604	+	14	13
chr22	31959317	31960706	+	14	14
chr22	34748720	34749646	-	14	14
chr22	36086532	36086664	-	14	14
chr22	36541796	36544056	-	14	14
chr22	37825687	37828957	+	14	14
chr22	38405459	38406579	+	14	14
chr22	38462114	38466978	+	14	14
chr22	38856602	38860381	+	14	14
chr22	39093139	39096524	+	14	14
chr22	42496760	42500083	+	14	12
chr22	42543418	42545388	-	14	14
chr22	43143837	43146861	-	14	12
chr22	43190648	43194369	-	14	13
chr22	43193712	43194660	+	14	13
chr22	46359123	46360026	-	14	14
chr22	47206513	47206981	-	14	13
chr22	47227778	47229092	-	14	10
chr22	49740941	49742399	-	14	11
chr22	50331774	50334309	-	14	14
chrX	13949194	13951431	-	14	12
chrX	15317825	15318338	-	14	13
chrX	16026899	16027155	-	14	14
chrX	16584239	16585265	-	14	13
chrX	20267562	20270180	+	14	14
chrX	23816821	23821473	+	14	14
chrX	26011600	26011697	-	14	14
chrX	30541238	30542381	-	14	12
chrX	30579644	30581543	-	14	13
chrX	33638407	33638504	+	14	14
chrX	35544559	35544795	-	14	14
chrX	36465270	36465475	-	14	14
chrX	40260714	40260830	+	14	14
chrX	44135831	44136245	+	14	14
chrX	44522090	44522182	+	14	14
chrX	45113157	45115551	+	14	13
chrX	46416447	46416588	+	14	14
chrX	48136442	48139935	+	14	14
chrX	51516743	51517780	-	14	14
chrX	51962277	51964283	-	14	14
chrX	52794635	52794780	+	14	14
chrX	52919561	52919795	-	14	14
chrX	54050128	54051356	+	14	13
chrX	54998537	55000065	-	14	14
chrX	56213696	56215887	+	14	14
chrX	56407470	56408359	-	14	14
chrX	57232127	57233444	+	14	14
chrX	62956870	62957221	-	14	14
chrX	63163428	63164614	+	14	14
chrX	64179089	64180216	+	14	14
chrX	64578702	64578988	-	14	14
chrX	64912316	64912668	+	14	14
chrX	68587096	68588210	+	14	13
chrX	70522573	70523758	-	14	14
chrX	70982077	70988322	-	14	14
chrX	75311322	75314594	+	14	13
chrX	75340842	75342909	-	14	14
chrX	75702055	75706549	+	14	10
chrX	79188342	79190783	-	14	14
chrX	79316907	79318323	-	14	12
chrX	80062043	80062152	+	14	13
chrX	80655571	80655682	+	14	14
chrX	81530711	81530843	-	14	14
chrX	85858587	85859003	+	14	13
chrX	87466490	87466851	+	14	13
chrX	88806369	88806581	-	14	14
chrX	90174117	90174276	+	14	13
chrX	93823435	93823616	-	14	14
chrX	93909738	93909934	+	14	14
chrX	100897123	100898493	+	14	13
chrX	100909523	100910480	+	14	14
chrX	100991160	100992444	+	14	13
chrX	101327323	101328747	+	14	12
chrX	103143507	103159677	+	14	14
chrX	103251432	103252579	-	14	14
chrX	117043158	117043416	-	14	14
chrX	118920248	118928958	-	14	14
chrX	120420956	120424318	+	14	14
chrX	123746356	123754973	-	14	14
chrX	123915824	123920004	+	14	12
chrX	127364922	127365095	-	14	14
chrX	130192933	130193098	-	14	14
chrX	130400853	130401452	-	14	14
chrX	134217161	134236362	-	14	14
chrX	135048083	135050856	-	14	11
chrX	136623572	136628556	-	14	14
chrX	136835357	136837479	+	14	14
chrX	142829867	142829980	+	14	14
chrX	143618146	143618480	-	14	14
chrX	143883637	143883898	-	14	14
chrX	148068524	148083237	-	14	14
chrX	149645505	149645753	-	14	14
chrX	151418264	151419988	+	14	13
chrX	153032524	153036854	+	14	12
chrX	153583344	153586390	+	14	13
chrY	1116567	1130753	-	14	14
chrY	2215723	2218027	+	14	13
chrY	2670072	2672782	+	14	13
chrY	11331304	11331482	-	14	14
chrY	17780981	17781273	-	14	14
chrY	19621813	19624047	+	14	13
chrY	21033522	21035432	+	14	12
chrY	21266775	21270405	-	14	13
chrY	56915119	56917473	+	14	14
GL000219.1	124532	127791	+	14	13
KI270720.1	20413	23016	-	14	14
KI270748.1	38261	40266	+	14	13
chr1	1147515	1149101	+	13	13
chr1	1151747	1155175	-	13	11
chr1	1410696	1412195	+	13	13
chr1	2311537	2314737	-	13	11
chr1	3796713	3799456	+	13	13
chr1	6732387	6732729	-	13	13
chr1	8883818	8885823	+	13	13
chr1	10420511	10421201	-	13	13
chr1	12043424	12046915	+	13	11
chr1	13690466	13692446	+	13	13
chr1	15670260	15670644	+	13	12
chr1	15977113	15982352	-	13	13
chr1	17171672	17172547	-	13	13
chr1	17703915	17704800	-	13	13
chr1	19056102	19057119	+	13	13
chr1	20133219	20136257	-	13	10
chr1	20196506	20197902	+	13	12
chr1	20509162	20524806	-	13	13
chr1	21581354	21582797	-	13	13
chr1	22534498	22535954	-	13	12
chr1	23348423	23351349	+	13	12
chr1	23840923	23841082	+	13	12
chr1	24890064	24891194	+	13	13
chr1	27077352	27080556	+	13	13
chr1	27180865	27187111	-	13	13
chr1	27652902	27655820	+	13	12
chr1	28726049	28728719	+	13	13
chr1	30795950	30797622	+	13	13
chr1	30921821	30922278	-	13	13
chr1	31175240	31176291	-	13	13
chr1	31387933	31389547	+	13	11
chr1	31825490	31828902	-	13	13
chr1	32364331	32364577	+	13	13
chr1	33143511	33144593	+	13	13
chr1	33301492	33301883	+	13	13
chr1	34394413	34394630	-	13	13
chr1	35148695	35149617	+	13	13
chr1	39821111	39824286	+	13	10
chr1	43006897	43007125	-	13	13
chr1	46318355	46320534	-	13	13
chr1	46950444	46950562	-	13	13
chr1	47329600	47330045	+	13	13
chr1	52004791	52004949	-	13	13
chr1	52370574	52371716	-	13	12
chr1	53911170	53913740	-	13	13
chr1	60187543	60187760	-	13	13
chr1	60641857	60644190	+	13	13
chr1	61671286	61672668	+	13	13
chr1	67304382	67306598	+	13	11
chr1	67688389	67689582	+	13	13
chr1	69526333	69526647	+	13	13
chr1	73128646	73155629	-	13	13
chr1	78570108	78572222	-	13	13
chr1	84922460	84922873	-	13	13
chr1	88891968	88894431	+	13	12
chr1	90618079	90618351	-	13	13
chr1	92463947	92465767	+	13	12
chr1	92814255	92815707	-	13	13
chr1	93071437	93072924	+	13	12
chr1	93422332	93424126	+	13	12
chr1	96605598	96606686	+	13	12
chr1	99700128	99703911	-	13	11
chr1	101226816	101228546	-	13	10
chr1	102125177	102125277	+	13	13
chr1	103262922	103263026	-	13	12
chr1	104925721	104925863	-	13	13
chr1	105579062	105579221	+	13	13
chr1	106917633	106917755	+	13	13
chr1	108689981	108690610	-	13	11
chr1	109051304	109056197	+	13	13
chr1	109502945	109503964	+	13	13
chr1	110965144	110979902	-	13	10
chr1	112785045	112797134	-	13	13
chr1	114539518	114541232	-	13	10
chr1	115148852	115150650	+	13	13
chr1	117628510	117630346	-	13	13
chr1	117660529	117660977	-	13	12
chr1	120882679	120884166	-	13	13
chr1	143727937	143728304	+	13	13
chr1	149770235	149771475	-	13	10
chr1	150213877	150218029	-	13	13
chr1	151035723	151036311	-	13	13
chr1	153517769	153520155	-	13	13
chr1	154351721	154352051	+	13	13
chr1	158702330	158702549	-	13	13
chr1	160981464	160984293	-	13	12
chr1	163012828	163012944	-	13	13
chr1	166652020	166652381	-	13	12
chr1	170090426	170094308	-	13	13
chr1	171684991	171685304	+	13	11
chr1	171697848	171699699	+	13	12
chr1	174024248	174027665	-	13	13
chr1	180503120	180505683	+	13	12
chr1	182768080	182768857	+	13	13
chr1	182888439	182890013	-	13	12
chr1	188392780	188393046	-	13	13
chr1	193106427	193109478	+	13	13
chr1	205471177	205471372	-	13	13
chr1	205644002	205647080	-	13	13
chr1	205788099	205788841	+	13	13
chr1	206102903	206105329	+	13	13
chr1	206612552	206613442	+	13	13
chr1	206755487	206757614	+	13	12
chr1	206873687	206874010	+	13	12
chr1	211861878	211863307	-	13	12
chr1	213016117	213016714	+	13	13
chr1	220046865	220047395	-	13	13
chr1	225679555	225681255	-	13	9
chr1	225798945	225799445	-	13	12
chr1	225924970	225926537	-	13	13
chr1	226630193	226630620	+	13	13
chr1	226850455	226860181	-	13	13
chr1	232220126	232220743	+	13	13
chr1	234366134	234367833	+	13	13
chr1	238644432	238659857	-	13	13
chr1	241945262	241954433	-	13	13
chr1	242713775	242714650	+	13	13
chr1	243904419	243904689	+	13	13
chr1	245738656	245740567	-	13	10
chr1	248829271	248831324	-	13	13
chr2	4147750	4148257	-	13	13
chr2	4912327	4912514	-	13	13
chr2	5512896	5526256	-	13	13
chr2	10554489	10554948	+	13	10
chr2	18750594	18754712	+	13	11
chr2	20425003	20426044	+	13	12
chr2	25210040	25212630	-	13	12
chr2	27412956	27414236	+	13	13
chr2	27422323	27422721	+	13	12
chr2	27697740	27699774	+	13	12
chr2	28341225	28343031	+	13	13
chr2	30909838	30910171	+	13	13
chr2	35603548	35603722	-	13	13
chr2	37157721	37158102	+	13	13
chr2	43811651	43811871	-	13	13
chr2	45617315	45621739	+	13	13
chr2	52448795	52449619	-	13	12
chr2	57016573	57017757	-	13	13
chr2	60184546	60184925	+	13	13
chr2	64519566	64522165	-	13	13
chr2	72068977	72069920	+	13	13
chr2	72162579	72162960	+	13	11
chr2	73253877	73254674	-	13	12
chr2	74986659	74987119	-	13	12
chr2	74997964	74998262	-	13	13
chr2	77648002	77648172	+	13	13
chr2	84421565	84422951	-	13	12
chr2	85703763	85707574	+	13	12
chr2	86142161	86142736	+	13	13
chr2	87206631	87207758	+	13	13
chr2	88426171	88426363	+	13	13
chr2	88454318	88455783	-	13	13
chr2	90284547	90308927	-	13	12
chr2	95735653	95736441	+	13	10
chr2	95739277	95739373	+	13	13
chr2	96111516	96112844	+	13	13
chr2	96758483	96760867	-	13	10
chr2	97328976	97332191	-	13	13
chr2	98983760	98984899	+	13	13
chr2	99526040	99526871	-	13	13
chr2	100760628	100760812	-	13	13
chr2	105252856	105255669	-	13	12
chr2	105330553	105332032	+	13	13
chr2	106548945	106549393	+	13	13
chr2	109001765	109002031	-	13	13
chr2	109111701	109113582	-	13	13
chr2	112437914	112438741	-	13	12
chr2	112614934	112616165	-	13	13
chr2	117148762	117148898	-	13	13
chr2	118121617	118122741	+	13	13
chr2	119389017	119391329	+	13	11
chr2	119677107	119679024	-	13	9
chr2	125312734	125312834	+	13	13
chr2	127894070	127897646	-	13	13
chr2	136106463	136107058	-	13	13
chr2	138871904	138872033	-	13	13
chr2	142677047	142677312	-	13	13
chr2	149501410	149501691	-	13	13
chr2	151393286	151393396	+	13	13
chr2	164637148	164637351	-	13	13
chr2	169574343	169576547	-	13	13
chr2	175008813	175011086	-	13	13
chr2	185399768	185400152	+	13	13
chr2	185945718	185947480	-	13	12
chr2	191455607	191457379	-	13	13
chr2	194804504	194808829	-	13	11
chr2	194929097	194931885	-	13	13
chr2	194933356	194936034	-	13	12
chr2	196829344	196829812	+	13	13
chr2	197367966	197368193	+	13	13
chr2	202872335	202873634	-	13	13
chr2	203228804	203229755	-	13	13
chr2	203234989	203237181	+	13	12
chr2	203844945	203846851	-	13	13
chr2	206172147	206174892	+	13	13
chr2	206330629	206330840	+	13	13
chr2	207636812	207650695	-	13	13
chr2	210983345	210984281	-	13	13
chr2	215311142	215311627	+	13	12
chr2	219581001	219581945	+	13	13
chr2	222156005	222186159	+	13	13
chr2	225142455	225146888	+	13	7
chr2	225182299	225184088	+	13	7
chr2	229762349	229762832	+	13	11
chr2	231628632	231630483	+	13	10
chr2	232537066	232539421	-	13	10
chr2	233305829	233307227	+	13	11
chr2	234299485	234299782	+	13	13
chr2	234334154	234335119	-	13	12
chr2	234463253	234465759	+	13	13
chr2	237138252	237139781	+	13	12
chr2	241103805	241105019	-	13	13
chr2	241769508	241770220	-	13	12
chr2	241845874	241848930	+	13	11
chr3	5102078	5104904	-	13	5
chr3	5233770	5234096	+	13	13
chr3	10139889	10141499	+	13	12
chr3	11776045	11778415	+	13	13
chr3	13443809	13445884	+	13	12
chr3	17132806	17133182	+	13	13
chr3	19147104	19148084	+	13	11
chr3	23102708	23102973	-	13	13
chr3	25670482	25671764	-	13	13
chr3	27509236	27509358	+	13	13
chr3	32676775	32684702	+	13	13
chr3	32786471	32788745	-	13	12
chr3	32913419	32913510	+	13	2
chr3	32993277	32995770	+	13	13
chr3	33876233	33880603	+	13	13
chr3	42233683	42234469	-	13	13
chr3	46508390	46508753	-	13	13
chr3	50190138	50190689	+	13	13
chr3	50328325	50329519	+	13	13
chr3	51919622	51922170	-	13	10
chr3	57954147	57955989	+	13	10
chr3	58190117	58191963	-	13	12
chr3	58303545	58306188	-	13	12
chr3	58554868	58561363	+	13	11
chr3	61433854	61434097	-	13	13
chr3	66996318	66996879	-	13	11
chr3	67957602	67959154	+	13	12
chr3	74747695	74747936	-	13	13
chr3	81200792	81200977	-	13	13
chr3	84088105	84088205	+	13	13
chr3	86329855	86330049	-	13	12
chr3	88190662	88191943	+	13	13
chr3	88657899	88658150	-	13	13
chr3	89020241	89021484	-	13	13
chr3	94750423	94751454	+	13	13
chr3	100361651	100363414	+	13	12
chr3	102040995	102043612	+	13	12
chr3	103108209	103108414	-	13	12
chr3	105319577	105320614	-	13	12
chr3	105617712	105618272	+	13	12
chr3	109383860	109385117	-	13	13
chr3	114102822	114103139	-	13	13
chr3	122679838	122680825	-	13	13
chr3	129241286	129244339	-	13	13
chr3	129399738	129400572	-	13	11
chr3	134281127	134281223	+	13	13
chr3	138177344	138179444	+	13	13
chr3	140938217	140939781	+	13	11
chr3	140981921	140983824	-	13	13
chr3	143196262	143200596	+	13	11
chr3	143246855	143249559	-	13	10
chr3	144481554	144486385	+	13	11
chr3	146191724	146192020	-	13	13
chr3	151463523	151464356	-	13	13
chr3	152540623	152540906	-	13	13
chr3	153081601	153085598	+	13	13
chr3	161253574	161255229	+	13	13
chr3	162976582	162976695	-	13	13
chr3	166677570	166677810	-	13	13
chr3	170353962	170355271	+	13	13
chr3	170396893	170397616	+	13	13
chr3	172033908	172034180	-	13	12
chr3	172497629	172499825	-	13	13
chr3	184184390	184185189	-	13	13
chr3	184309639	184314183	+	13	13
chr3	186773813	186774864	-	13	12
chr3	192936433	192937582	-	13	13
chr3	193768881	193770069	-	13	13
chr3	194173812	194173985	+	13	13
chr3	194558179	194559189	-	13	13
chr3	198223033	198223353	+	13	13
chr4	671012	672348	-	13	11
chr4	1616584	1617879	-	13	9
chr4	6902954	6905087	+	13	13
chr4	7957557	7959803	+	13	12
chr4	9417032	9418331	-	13	13
chr4	10896630	10899648	+	13	13
chr4	10912671	10915403	+	13	11
chr4	10961268	10962065	+	13	13
chr4	10972310	10973104	+	13	13
chr4	11194637	11195326	+	13	12
chr4	13027778	13029022	-	13	12
chr4	13097903	13101354	-	13	12
chr4	13262988	13263288	+	13	13
chr4	13302119	13311969	+	13	12
chr4	14255486	14258204	+	13	13
chr4	27140926	27159584	+	13	13
chr4	28924384	28924576	+	13	11
chr4	38144914	38146985	+	13	11
chr4	39669957	39671091	-	13	12
chr4	39693777	39695522	-	13	13
chr4	43761607	43761719	-	13	13
chr4	50475288	50475566	+	13	12
chr4	52701511	52702110	+	13	13
chr4	57923883	57963958	+	13	13
chr4	58025597	58026818	+	13	12
chr4	59334954	59335091	+	13	13
chr4	67041682	67041796	+	13	13
chr4	68418577	68419208	-	13	12
chr4	69678263	69696999	-	13	10
chr4	70278261	70292083	+	13	13
chr4	77695900	77697557	-	13	13
chr4	83217943	83219022	+	13	11
chr4	84475528	84475689	-	13	13
chr4	85347131	85454414	-	13	13
chr4	86819197	86821513	+	13	9
chr4	86861817	86863007	+	13	13
chr4	88375883	88378456	-	13	13
chr4	94703403	94705638	+	13	10
chr4	97059411	97077414	+	13	13
chr4	102080994	102081322	-	13	13
chr4	102207355	102209675	-	13	12
chr4	108427447	108428674	-	13	13
chr4	108476377	108476700	-	13	13
chr4	108682123	108683238	-	13	13
chr4	112783759	112786661	-	13	12
chr4	114157912	114159093	+	13	13
chr4	118558220	118559161	+	13	12
chr4	123426398	123442847	-	13	12
chr4	125134432	125134546	+	13	13
chr4	131007647	131076869	+	13	12
chr4	131593211	131594143	-	13	12
chr4	133786714	133787817	-	13	13
chr4	146570310	146571392	-	13	13
chr4	147358585	147358864	+	13	13
chr4	147435281	147435622	+	13	12
chr4	149944111	149944208	-	13	13
chr4	152568421	152569564	+	13	13
chr4	152606034	152609097	+	13	12
chr4	155464091	155464478	-	13	13
chr4	161152719	161152810	+	13	13
chr4	162187527	162187728	-	13	12
chr4	163474404	163475008	+	13	12
chr4	164817429	164817636	+	13	13
chr4	165544369	165544522	-	13	13
chr4	174392212	174392376	-	13	13
chr4	175553017	175553243	-	13	13
chr4	176353118	176355144	+	13	13
chr4	180247972	180251524	+	13	13
chr4	183323471	183326232	-	13	12
chr5	7956316	7956611	-	13	13
chr5	14085989	14086155	+	13	13
chr5	14872018	14872889	+	13	13
chr5	22936653	22940176	+	13	13
chr5	23867784	23867975	-	13	13
chr5	29396447	29396856	+	13	13
chr5	30458167	30458678	-	13	13
chr5	34605716	34606988	-	13	13
chr5	35606296	35607837	-	13	10
chr5	36557378	36566497	-	13	13
chr5	37284372	37286247	+	13	13
chr5	40162342	40186072	-	13	13
chr5	50600649	50601406	-	13	10
chr5	53683952	53684624	-	13	13
chr5	55202037	55202215	+	13	13
chr5	55930357	55933387	+	13	13
chr5	56787386	56789221	-	13	11
chr5	58440617	58442341	-	13	13
chr5	58935477	58936862	-	13	12
chr5	62676697	62677775	-	13	13
chr5	66120960	66122306	-	13	13
chr5	66256921	66258217	-	13	13
chr5	72939020	72939832	+	13	10
chr5	76789030	76805547	+	13	13
chr5	81752215	81752855	+	13	11
chr5	86692657	86693220	-	13	12
chr5	92030604	92030756	+	13	13
chr5	101863636	101864109	+	13	13
chr5	101984391	101989001	-	13	13
chr5	102123246	102123671	-	13	12
chr5	105635637	105655141	+	13	12
chr5	110077882	110080660	+	13	12
chr5	110936684	110937131	+	13	13
chr5	112041799	112042087	+	13	13
chr5	115544775	115546860	+	13	12
chr5	121648503	121670597	-	13	13
chr5	124607087	124607189	+	13	13
chr5	126522989	126523191	-	13	13
chr5	126662719	126664270	-	13	13
chr5	127179605	127179755	-	13	13
chr5	133954097	133954454	+	13	12
chr5	136084117	136086989	+	13	12
chr5	136920425	136920747	+	13	13
chr5	138243004	138250034	+	13	13
chr5	139467168	139470670	+	13	12
chr5	142294577	142294921	+	13	13
chr5	144148895	144153900	-	13	13
chr5	146186641	146187691	+	13	13
chr5	147801930	147804107	-	13	11
chr5	150053146	150053290	-	13	11
chr5	154971198	154971558	+	13	13
chr5	156898014	156901831	-	13	13
chr5	166372337	166372555	-	13	13
chr5	166440696	166451505	-	13	13
chr5	170825537	170831557	-	13	13
chr5	172284083	172285470	+	13	11
chr5	173616719	173618363	+	13	13
chr5	180601089	180601313	+	13	13
chr6	6999137	7000459	+	13	13
chr6	11412578	11414514	-	13	13
chr6	13766673	13768362	-	13	11
chr6	19223572	19227012	+	13	13
chr6	19923777	19958373	+	13	13
chr6	20073077	20074593	-	13	12
chr6	20364605	20367068	+	13	12
chr6	21301417	21301523	-	13	12
chr6	21622086	21631743	-	13	12
chr6	26600785	26602650	+	13	13
chr6	26624659	26626863	+	13	13
chr6	27092774	27095892	-	13	13
chr6	28237113	28240029	-	13	13
chr6	28960082	28960258	-	13	13
chr6	29016071	29018069	+	13	9
chr6	31559430	31559753	+	13	12
chr6	31595949	31598090	-	13	8
chr6	31726788	31727021	-	13	11
chr6	32748800	32749366	+	13	13
chr6	32753092	32753176	-	13	13
chr6	33060332	33060462	+	13	13
chr6	33539109	33539953	-	13	13
chr6	34012854	34014327	+	13	13
chr6	34785373	34786851	-	13	13
chr6	34787157	34792057	+	13	12
chr6	39115229	39117927	+	13	12
chr6	39233999	39239024	+	13	13
chr6	40093559	40094584	-	13	12
chr6	45793049	45793122	+	13	13
chr6	55909306	55910952	+	13	13
chr6	69664869	69667156	-	13	13
chr6	74825337	74825529	+	13	13
chr6	80474906	80482917	-	13	13
chr6	81245828	81246125	-	13	13
chr6	83971658	83972108	-	13	13
chr6	93034924	93035027	-	13	13
chr6	94342412	94342759	-	13	13
chr6	94991557	94991715	+	13	13
chr6	96772720	96772896	+	13	13
chr6	98867385	98868380	+	13	12
chr6	104697283	104699439	-	13	13
chr6	107999485	108002513	-	13	13
chr6	111081491	111085416	+	13	11
chr6	116747122	116747461	-	13	13
chr6	125955240	125956693	-	13	13
chr6	126225312	126226814	+	13	13
chr6	131134666	131135438	-	13	13
chr6	134158041	134159888	-	13	12
chr6	135122938	135123127	+	13	13
chr6	143346124	143348862	+	13	11
chr6	143408373	143409884	+	13	13
chr6	148553084	148553184	-	13	13
chr6	149207440	149209069	-	13	12
chr6	154714588	154717626	+	13	13
chr6	157214532	157215340	+	13	13
chr6	158206602	158207123	-	13	10
chr6	158228978	158232172	+	13	13
chr6	158867825	158868882	+	13	10
chr7	286967	288529	+	13	13
chr7	3070938	3073204	+	13	11
chr7	5606683	5608027	-	13	12
chr7	5886559	5888007	+	13	12
chr7	11174233	11174412	-	13	13
chr7	12562402	12562619	-	13	13
chr7	14033447	14033680	-	13	13
chr7	20449806	20454175	-	13	13
chr7	23952156	23953249	+	13	13
chr7	24697262	24698339	+	13	12
chr7	26139037	26140018	+	13	3
chr7	28881889	28907735	+	13	13
chr7	29785235	29786462	-	13	12
chr7	36459243	36461971	-	13	12
chr7	38691482	38694424	+	13	13
chr7	38706740	38707310	+	13	11
chr7	42654654	42654861	-	13	13
chr7	42877992	42879009	+	13	12
chr7	43833088	43834710	-	13	11
chr7	43835207	43836898	+	13	12
chr7	44913702	44914957	-	13	11
chr7	44920438	44922551	+	13	11
chr7	44942797	44944908	-	13	12
chr7	49288269	49311594	+	13	13
chr7	51385387	51386249	-	13	13
chr7	51890792	51893533	+	13	13
chr7	53073706	53073970	+	13	13
chr7	55728995	55729434	+	13	13
chr7	56713059	56714228	+	13	13
chr7	56919835	56938918	+	13	13
chr7	57357185	57357390	+	13	13
chr7	65024498	65030664	+	13	13
chr7	65372070	65373632	-	13	13
chr7	65450133	65450435	+	13	11
chr7	68707789	68720627	-	13	13
chr7	73439539	73440402	+	13	13
chr7	73758091	73759562	-	13	12
chr7	79499969	79500295	-	13	13
chr7	93087246	93087819	+	13	13
chr7	97115239	97116783	-	13	12
chr7	98059841	98059938	-	13	13
chr7	99682086	99684637	-	13	13
chr7	100048982	100049264	+	13	13
chr7	100571148	100572198	+	13	11
chr7	101161610	101162495	+	13	12
chr7	101262496	101263360	+	13	13
chr7	104082453	104082742	-	13	13
chr7	106114042	106114868	-	13	13
chr7	123670567	123672553	+	13	12
chr7	127328211	127332586	-	13	13
chr7	128513399	128516163	+	13	12
chr7	128688156	128689999	-	13	12
chr7	128926231	128927974	-	13	11
chr7	129139632	129139778	+	13	12
chr7	129521412	129521582	+	13	13
chr7	130702101	130703133	-	13	13
chr7	130759212	130761904	+	13	12
chr7	138590303	138591961	-	13	13
chr7	139195651	139196592	-	13	13
chr7	139319230	139334377	-	13	13
chr7	140187138	140187814	-	13	11
chr7	140284859	140287687	-	13	13
chr7	140288572	140291846	+	13	13
chr7	142353579	142354532	+	13	12
chr7	142377315	142379694	-	13	11
chr7	142392922	142393915	-	13	12
chr7	142632033	142633859	+	13	13
chr7	142642405	142643284	-	13	12
chr7	143149880	143150262	+	13	12
chr7	145792455	145793410	+	13	13
chr7	148947878	148949116	-	13	12
chr7	150419027	150422084	+	13	12
chr7	150525412	150527873	-	13	7
chr7	150645594	150647794	+	13	13
chr7	151331325	151332410	-	13	12
chr7	151553828	151555314	-	13	12
chr7	152865804	152868771	+	13	12
chr7	152866180	152866797	-	13	13
chr7	152887910	152888413	+	13	12
chr7	157421710	157423045	-	13	13
chr7	157434392	157435966	+	13	13
chr7	158722470	158722859	-	13	13
chr8	404084	405956	-	13	13
chr8	2007821	2011741	+	13	12
chr8	2229740	2231345	+	13	13
chr8	5324975	5325304	+	13	13
chr8	7260568	7261008	-	13	13
chr8	10882273	10882597	+	13	13
chr8	11566231	11567016	+	13	13
chr8	13057802	13059146	-	13	13
chr8	19857275	19865619	+	13	12
chr8	20439367	20439663	-	13	13
chr8	23582822	23583095	-	13	12
chr8	30769862	30772609	+	13	12
chr8	33225483	33225626	+	13	13
chr8	34528089	34528425	-	13	13
chr8	34895569	34895817	+	13	13
chr8	40258851	40259317	+	13	13
chr8	40983267	40984329	+	13	13
chr8	41625766	41627291	+	13	13
chr8	41908332	41910499	-	13	11
chr8	42377477	42380669	+	13	11
chr8	43133075	43135709	-	13	13
chr8	53036558	53036710	-	13	13
chr8	54149700	54150299	-	13	13
chr8	55051360	55051463	+	13	13
chr8	55833207	55834269	-	13	13
chr8	56103367	56103792	-	13	13
chr8	56633367	56633641	-	13	13
chr8	61714901	61716297	+	13	12
chr8	63166280	63167467	-	13	13
chr8	66558346	66561853	-	13	13
chr8	70078425	70080263	-	13	13
chr8	73000473	73000856	+	13	13
chr8	74867530	74870037	+	13	13
chr8	77012496	77013211	-	13	13
chr8	77021746	77022672	-	13	11
chr8	85482648	85483495	+	13	13
chr8	89229583	89229787	-	13	13
chr8	97522740	97523337	-	13	13
chr8	98161178	98161561	-	13	11
chr8	100734174	100737336	+	13	12
chr8	101084747	101085801	-	13	13
chr8	102523845	102525132	-	13	13
chr8	103017867	103020153	-	13	11
chr8	109195996	109198709	-	13	10
chr8	113567400	113568445	-	13	13
chr8	113674834	113675008	+	13	13
chr8	114874895	114875153	+	13	13
chr8	124260333	124262447	-	13	12
chr8	127567963	127569926	-	13	13
chr8	131681132	131683537	-	13	11
chr8	131776707	131776844	+	13	13
chr8	131858050	131858534	-	13	11
chr8	134451278	134451641	+	13	11
chr8	135330158	135363530	+	13	13
chr8	141382471	141382987	-	13	12
chr8	144076433	144077959	-	13	11
chr8	144093616	144094441	+	13	13
chr8	144367589	144371855	-	13	13
chr8	145068930	145069665	+	13	11
chr9	7217069	7221233	+	13	10
chr9	12824490	12824689	+	13	13
chr9	13068829	13079796	+	13	13
chr9	14577900	14578273	+	13	13
chr9	19187455	19187616	-	13	13
chr9	19473118	19474332	-	13	13
chr9	20997038	20997898	+	13	12
chr9	21156107	21158715	+	13	11
chr9	24392801	24392974	+	13	13
chr9	25734080	25734197	+	13	13
chr9	25944501	25978049	-	13	13
chr9	33086582	33089039	+	13	13
chr9	33427969	33429167	+	13	13
chr9	34343968	34345759	+	13	12
chr9	35103478	35104073	+	13	12
chr9	35647508	35648712	+	13	13
chr9	36777481	36777856	-	13	13
chr9	37372486	37373217	+	13	13
chr9	37421380	37421968	-	13	11
chr9	38785657	38796973	-	13	13
chr9	40863215	40873777	-	13	12
chr9	40896500	40899914	-	13	13
chr9	62637069	62637576	+	13	13
chr9	64727582	64727757	+	13	12
chr9	64755631	64756311	+	13	12
chr9	65497549	65502404	+	13	13
chr9	67626015	67627418	-	13	11
chr9	71637946	71638607	-	13	11
chr9	71654169	71654567	+	13	12
chr9	71672848	71673244	+	13	13
chr9	72899717	72900435	-	13	12
chr9	75242836	75243464	+	13	11
chr9	80236938	80237485	-	13	12
chr9	80251876	80253185	-	13	13
chr9	80512210	80513918	-	13	12
chr9	80534433	80536250	-	13	13
chr9	80720511	80722607	-	13	12
chr9	81821438	81822199	+	13	13
chr9	83925055	83926040	+	13	13
chr9	87062512	87062612	-	13	13
chr9	89504715	89505066	+	13	13
chr9	93163552	93174756	-	13	13
chr9	94470824	94471754	+	13	13
chr9	100424713	100424947	+	13	13
chr9	100732920	100733037	-	13	13
chr9	107394709	107408219	+	13	13
chr9	108615770	108619237	-	13	11
chr9	108831869	108835475	-	13	12
chr9	108837298	108842873	-	13	13
chr9	111522618	111524010	-	13	10
chr9	111957082	111957901	+	13	13
chr9	112906910	112909803	+	13	11
chr9	113304961	113307181	+	13	12
chr9	113683251	113683409	-	13	13
chr9	114562492	114564891	-	13	12
chr9	114647250	114648501	+	13	12
chr9	117585432	117585601	+	13	12
chr9	120154550	120167893	-	13	11
chr9	120170265	120174415	-	13	11
chr9	120308218	120310215	-	13	13
chr9	128366570	128367635	+	13	12
chr9	130147568	130150496	+	13	13
chr9	130652707	130655592	+	13	13
chr9	133001354	133001493	+	13	13
chr9	133759913	133761311	+	13	13
chr9	134068681	134069402	+	13	13
chr9	135544466	135544565	+	13	13
chr9	136164321	136188880	+	13	13
chr9	136166274	136168218	-	13	11
chr9	136574844	136574943	-	13	13
chr9	136576729	136577983	+	13	12
chr10	273685	274184	-	13	13
chr10	715616	716627	-	13	13
chr10	2084458	2084550	+	13	13
chr10	3172931	3176258	+	13	13
chr10	3720920	3721792	+	13	11
chr10	3908469	3910310	+	13	13
chr10	13144702	13147088	-	13	12
chr10	20687349	20706180	+	13	13
chr10	24801321	24813336	-	13	10
chr10	28518121	28519686	+	13	12
chr10	30471155	30471899	-	13	13
chr10	35573259	35573656	-	13	13
chr10	38065151	38067307	-	13	12
chr10	38638649	38638973	-	13	12
chr10	43365510	43366825	+	13	11
chr10	50284427	50285787	-	13	13
chr10	53600135	53600277	+	13	13
chr10	55730894	55733131	-	13	12
chr10	62098942	62099665	-	13	13
chr10	62125711	62129245	-	13	13
chr10	65501447	65545977	+	13	13
chr10	68085281	68085455	-	13	12
chr10	68264756	68267383	-	13	10
chr10	68279976	68281882	+	13	13
chr10	68407332	68410154	+	13	13
chr10	68896516	68896867	-	13	13
chr10	69507745	69508351	-	13	13
chr10	70184959	70188383	-	13	12
chr10	71889957	71893196	+	13	13
chr10	73877412	73879582	-	13	11
chr10	73949876	73950810	-	13	11
chr10	73978322	73978841	+	13	13
chr10	75425539	75428345	-	13	11
chr10	76561229	76563102	+	13	12
chr10	76584434	76587151	+	13	12
chr10	77748239	77760746	+	13	13
chr10	78100805	78103032	+	13	11
chr10	84535094	84535441	+	13	13
chr10	84561672	84562401	-	13	13
chr10	89034657	89035788	+	13	13
chr10	89571709	89574324	-	13	11
chr10	91294774	91297360	+	13	11
chr10	91905489	91905784	+	13	13
chr10	92443269	92446408	+	13	13
chr10	93135294	93168668	-	13	13
chr10	94381334	94383015	+	13	6
chr10	96090776	96092493	+	13	11
chr10	97318970	97319244	-	13	10
chr10	102064650	102065329	-	13	12
chr10	105478043	105478151	-	13	13
chr10	107674499	107674591	-	13	13
chr10	109364432	109365684	-	13	13
chr10	112871598	112871943	-	13	13
chr10	114985832	114987115	+	13	12
chr10	114992597	114994272	+	13	13
chr10	117994085	117997244	-	13	12
chr10	118434411	118434553	+	13	13
chr10	119473287	119476988	+	13	13
chr10	123226229	123227369	-	13	13
chr10	123234982	123235373	-	13	12
chr10	131564412	131564646	+	13	13
chr10	132442514	132443641	+	13	11
chr11	491655	492465	+	13	13
chr11	743025	745191	+	13	13
chr11	743205	744163	-	13	13
chr11	918829	921454	-	13	12
chr11	1383915	1384324	-	13	13
chr11	1504928	1506194	+	13	13
chr11	1847662	1850810	+	13	13
chr11	4595991	4596430	+	13	13
chr11	6425258	6428272	-	13	11
chr11	9458574	9459496	+	13	13
chr11	23119940	23120888	-	13	12
chr11	32876947	32878246	-	13	13
chr11	33004399	33006825	+	13	12
chr11	33371797	33373464	-	13	13
chr11	33856466	33858537	-	13	13
chr11	33919092	33966080	-	13	13
chr11	36465361	36466508	-	13	13
chr11	39870099	39873629	-	13	11
chr11	40028780	40029773	+	13	13
chr11	42442593	42442685	+	13	13
chr11	55108497	55108605	-	13	13
chr11	57550968	57551351	+	13	13
chr11	59819842	59822182	+	13	13
chr11	60153901	60154686	+	13	13
chr11	60417997	60422343	+	13	13
chr11	60476059	60476370	-	13	13
chr11	63245552	63245704	-	13	13
chr11	63676384	63678379	+	13	12
chr11	63923978	63926632	-	13	13
chr11	64811303	64813100	-	13	13
chr11	65772100	65773731	+	13	12
chr11	67089642	67092045	+	13	13
chr11	67509218	67511788	+	13	10
chr11	68846217	68849722	+	13	11
chr11	68980994	68981669	+	13	12
chr11	73762242	73763090	+	13	12
chr11	75021699	75022178	+	13	13
chr11	76859730	76860685	-	13	12
chr11	79446337	79457704	+	13	13
chr11	85687459	85688320	+	13	12
chr11	91344583	91344766	-	13	13
chr11	93214416	93215776	-	13	13
chr11	94293697	94293830	+	13	13
chr11	97100641	97100751	-	13	13
chr11	107295011	107296628	+	13	13
chr11	108000674	108000768	+	13	13
chr11	109107219	109108827	-	13	13
chr11	110575210	110576048	+	13	13
chr11	113880582	113884935	+	13	13
chr11	114467172	114469097	+	13	11
chr11	118342735	118344324	-	13	12
chr11	119198063	119202402	+	13	13
chr11	124705045	124708521	-	13	13
chr11	124716077	124717293	+	13	12
chr11	127792721	127792867	-	13	12
chr11	129690056	129691447	-	13	11
chr11	134266395	134267394	+	13	13
chr12	2944904	2945268	+	13	13
chr12	3075158	3077242	-	13	13
chr12	3981232	3984952	+	13	13
chr12	4103714	4105385	+	13	12
chr12	4104597	4106738	-	13	13
chr12	6481139	6482775	-	13	13
chr12	7666319	7667032	-	13	13
chr12	8580245	8582951	+	13	12
chr12	9316240	9318149	+	13	13
chr12	10474622	10477989	-	13	10
chr12	11206930	11209306	-	13	13
chr12	11364388	11365764	+	13	12
chr12	11980078	11981229	-	13	12
chr12	25272907	25276772	-	13	12
chr12	28585026	28586023	-	13	13
chr12	40136178	40137241	-	13	13
chr12	42073248	42074423	+	13	12
chr12	43814855	43815112	-	13	13
chr12	44932263	44932804	+	13	12
chr12	48552136	48552435	+	13	13
chr12	50036843	50036955	+	13	13
chr12	53087832	53089279	-	13	13
chr12	55843664	55844901	+	13	13
chr12	56505693	56509356	+	13	13
chr12	57054344	57055222	+	13	11
chr12	60084850	60085180	+	13	13
chr12	66175373	66175934	+	13	13
chr12	66180205	66180891	-	13	13
chr12	66180790	66181068	+	13	12
chr12	67255435	67258167	-	13	9
chr12	68332565	68332763	+	13	12
chr12	68672210	68674366	-	13	12
chr12	69391136	69391550	-	13	11
chr12	69469039	69469813	-	13	12
chr12	75475683	75475991	+	13	13
chr12	86938700	87012646	-	13	11
chr12	90545809	90546131	+	13	13
chr12	94557487	94558980	-	13	12
chr12	94652899	94654188	+	13	12
chr12	94703230	94705746	-	13	13
chr12	94732772	94734653	+	13	11
chr12	94874328	94877331	-	13	11
chr12	97920777	97920876	-	13	13
chr12	100028004	100028376	-	13	12
chr12	101831064	101833091	+	13	11
chr12	101863720	101864051	+	13	13
chr12	102827237	102830171	-	13	13
chr12	104450831	104454121	-	13	12
chr12	106946141	106946534	+	13	13
chr12	110353701	110357671	-	13	12
chr12	116280914	116282141	+	13	12
chr12	116593153	116595694	+	13	13
chr12	120431769	120432768	+	13	13
chr12	122069057	122071947	-	13	12
chr12	128828463	128829855	-	13	10
chr12	130772459	130773788	-	13	12
chr13	19890198	19893637	+	13	11
chr13	19953355	19955745	+	13	13
chr13	22402200	22402481	-	13	13
chr13	23687418	23688228	+	13	13
chr13	23977990	23979621	-	13	12
chr13	24621995	24622273	-	13	13
chr13	24996098	24996383	+	13	13
chr13	28685670	28688406	-	13	10
chr13	31194351	31194879	+	13	13
chr13	31825790	31826113	+	13	13
chr13	41104343	41106643	+	13	13
chr13	41383424	41387218	+	13	12
chr13	42884987	42885989	+	13	13
chr13	43018349	43018668	-	13	9
chr13	46759355	46759799	+	13	12
chr13	47717064	47718424	+	13	13
chr13	48964273	48965997	-	13	13
chr13	49293705	49295377	-	13	12
chr13	54508793	54508929	-	13	13
chr13	58613387	58613489	+	13	13
chr13	61331115	61331298	+	13	13
chr13	67525847	67526159	-	13	13
chr13	68065721	68065932	-	13	13
chr13	69367848	69368003	+	13	13
chr13	73077802	73078581	-	13	13
chr13	73084045	73098321	-	13	13
chr13	73115059	73116501	+	13	13
chr13	74134946	74136365	-	13	13
chr13	75864282	75865442	+	13	8
chr13	75973381	75973593	+	13	12
chr13	81767747	81767838	+	13	13
chr13	86863001	86863292	-	13	13
chr13	88832068	88834339	+	13	13
chr13	90249032	90249930	+	13	13
chr13	99436284	99438509	+	13	12
chr13	100009881	100013559	+	13	13
chr13	104208051	104208174	+	13	13
chr13	106538141	106538576	+	13	13
chr13	106540104	106541445	+	13	13
chr14	20334206	20337631	-	13	12
chr14	20418850	20420691	+	13	6
chr14	21826384	21829124	+	13	12
chr14	22881743	22882984	+	13	12
chr14	24142027	24143183	-	13	13
chr14	25181009	25235089	+	13	13
chr14	28052341	28054525	-	13	9
chr14	28063891	28065913	-	13	12
chr14	31930503	31932160	-	13	13
chr14	33831666	33832180	+	13	13
chr14	33893241	33893664	+	13	11
chr14	34478910	34485383	+	13	13
chr14	34905952	34910576	-	13	11
chr14	41218420	41218749	-	13	13
chr14	45200956	45203159	+	13	13
chr14	45290392	45290486	+	13	13
chr14	45413404	45417391	+	13	10
chr14	49642849	49643312	-	13	13
chr14	51273086	51274074	-	13	13
chr14	52217168	52220575	-	13	12
chr14	52411213	52411906	+	13	13
chr14	54027879	54031599	-	13	12
chr14	54489228	54489498	-	13	13
chr14	55110300	55113164	-	13	13
chr14	55713794	55715586	-	13	12
chr14	57426818	57427772	+	13	12
chr14	58559630	58561272	+	13	12
chr14	59383423	59385089	-	13	9
chr14	61165562	61165768	-	13	13
chr14	63351114	63355697	-	13	12
chr14	63357295	63357771	-	13	13
chr14	65847522	65848818	+	13	13
chr14	66201484	66203616	+	13	12
chr14	67234458	67235568	+	13	13
chr14	68865397	68866342	+	13	12
chr14	69371189	69373852	+	13	12
chr14	69720592	69722618	-	13	12
chr14	70853086	70854531	-	13	13
chr14	74621669	74623439	-	13	12
chr14	74624838	74630478	-	13	13
chr14	75324495	75330004	+	13	13
chr14	76948870	76954157	+	13	12
chr14	86520424	86520572	-	13	13
chr14	87178984	87179109	-	13	13
chr14	88980986	88981048	-	13	13
chr14	90347433	90358915	+	13	13
chr14	92753588	92754410	+	13	11
chr14	96271811	96273013	+	13	12
chr14	99279791	99280218	-	13	13
chr14	99368502	99373314	-	13	11
chr14	99378096	99379913	-	13	13
chr14	101928019	101929736	+	13	10
chr14	105746923	105748286	-	13	11
chr14	106008668	106009956	+	13	12
chr14	106365292	106367291	-	13	12
chr15	20551109	20551948	-	13	13
chr15	25449297	25449730	+	13	11
chr15	35065087	35070699	+	13	13
chr15	40676378	40679971	-	13	11
chr15	42927890	42930939	-	13	9
chr15	43868881	43869179	-	13	13
chr15	48357112	48361205	+	13	13
chr15	49801912	49802958	-	13	13
chr15	52104015	52108518	+	13	13
chr15	55508448	55508568	-	13	13
chr15	55746482	55747825	+	13	13
chr15	57309235	57311182	+	13	13
chr15	59822430	59869313	+	13	13
chr15	65080197	65080618	-	13	13
chr15	65089689	65091507	+	13	13
chr15	66881674	66883120	+	13	12
chr15	72390107	72393300	-	13	12
chr15	74441002	74443956	-	13	13
chr15	74768683	74772958	-	13	11
chr15	74943722	74944666	+	13	13
chr15	75297945	75298683	+	13	13
chr15	78409661	78411166	+	13	12
chr15	82109617	82111945	-	13	10
chr15	82121176	82122188	+	13	13
chr15	84874811	84876221	+	13	13
chr15	84959307	84962403	-	13	13
chr15	88660382	88660921	-	13	13
chr15	88971796	88974241	+	13	12
chr15	89236480	89236891	+	13	13
chr15	89336382	89338747	+	13	12
chr15	89992804	89993332	-	13	12
chr15	90329924	90331885	+	13	12
chr15	90380058	90384837	+	13	11
chr15	99456164	99459322	+	13	13
chr15	100342732	100343601	+	13	12
chr15	101134691	101136299	-	13	13
chr15	101891145	101892312	+	13	13
chr16	3326952	3330387	+	13	13
chr16	3923105	3925763	+	13	12
chr16	4768776	4771197	+	13	12
chr16	14287189	14287563	-	13	13
chr16	15381504	15382386	-	13	13
chr16	15910356	15929564	-	13	13
chr16	19409176	19409802	-	13	13
chr16	25059700	25062839	+	13	13
chr16	27399865	27401873	-	13	13
chr16	29036043	29036657	+	13	13
chr16	29805536	29805995	+	13	12
chr16	32901391	32901535	+	13	13
chr16	35086506	35086732	+	13	13
chr16	46831550	46832770	+	13	12
chr16	53595592	53597958	-	13	10
chr16	54751718	54752039	-	13	13
chr16	57425000	57425991	-	13	12
chr16	62591895	62592056	+	13	13
chr16	63630841	63631006	+	13	13
chr16	63888411	63888698	+	13	13
chr16	69533584	69544596	-	13	13
chr16	70440457	70444134	+	13	13
chr16	71724857	71726626	+	13	13
chr16	74373089	74375982	+	13	13
chr16	79439305	79448549	+	13	10
chr16	81425041	81427039	+	13	13
chr16	86559201	86560786	+	13	12
chr16	87877278	87877465	-	13	13
chr16	89040187	89040385	-	13	12
chr16	89238162	89240727	-	13	13
chr17	755887	757048	-	13	13
chr17	1779001	1779398	+	13	13
chr17	2401186	2402026	-	13	13
chr17	3697697	3701977	+	13	12
chr17	5497668	5498788	+	13	11
chr17	6715079	6717438	-	13	13
chr17	7095272	7097092	+	13	13
chr17	7182610	7186116	+	13	12
chr17	8037179	8038617	-	13	13
chr17	12339328	12339487	-	13	13
chr17	14239793	14241501	-	13	13
chr17	18808910	18809298	-	13	12
chr17	28411655	28413571	+	13	12
chr17	31579825	31583062	-	13	12
chr17	31859557	31860859	-	13	13
chr17	31910728	31923511	-	13	13
chr17	35403041	35403398	-	13	13
chr17	35567229	35567683	+	13	13
chr17	36945885	36948787	-	13	12
chr17	37070296	37070869	+	13	13
chr17	39233304	39235475	+	13	12
chr17	40115900	40117439	-	13	13
chr17	43742586	43743581	-	13	13
chr17	45186982	45189171	+	13	13
chr17	48435311	48437361	-	13	11
chr17	48954820	48957429	-	13	13
chr17	49056848	49063118	-	13	13
chr17	49094036	49100300	+	13	13
chr17	50297186	50299926	-	13	13
chr17	50326726	50330107	-	13	13
chr17	52185418	52186621	+	13	13
chr17	59325672	59326095	-	13	12
chr17	63994129	63994757	-	13	13
chr17	66275210	66275384	+	13	13
chr17	72645415	72645819	-	13	13
chr17	73671488	73673147	+	13	13
chr17	73699967	73708269	-	13	13
chr17	74184558	74184720	-	13	13
chr17	75106859	75109874	-	13	13
chr17	81865439	81867674	+	13	12
chr18	844068	845210	-	13	13
chr18	2529785	2532293	+	13	13
chr18	5297065	5299673	+	13	13
chr18	9895937	9896081	+	13	13
chr18	10575124	10578092	-	13	12
chr18	11952632	11954063	-	13	13
chr18	12732727	12734980	+	13	10
chr18	12784554	12785096	-	13	13
chr18	24420583	24421251	-	13	13
chr18	34331691	34334021	+	13	13
chr18	35526036	35528426	+	13	10
chr18	39073914	39074055	-	13	13
chr18	56415902	56419508	-	13	13
chr18	56577077	56580696	+	13	8
chr18	62985462	62986042	+	13	13
chr18	66206415	66206671	+	13	13
chr18	67067880	67068597	-	13	13
chr18	69993459	69994653	+	13	13
chr18	72484740	72484895	-	13	13
chr18	73426970	73427087	+	13	13
chr19	355619	357361	-	13	13
chr19	857209	859086	-	13	12
chr19	998488	999787	+	13	9
chr19	1501087	1502273	-	13	13
chr19	2355234	2356350	+	13	11
chr19	7100242	7104108	+	13	12
chr19	7703170	7705712	-	13	13
chr19	8168480	8172261	+	13	13
chr19	8577775	8580237	-	13	13
chr19	9286948	9288807	+	13	12
chr19	9584595	9587249	+	13	13
chr19	9851953	9853672	-	13	13
chr19	10077290	10079042	-	13	13
chr19	13728133	13731396	-	13	13
chr19	14298744	14300306	+	13	13
chr19	15225141	15226819	-	13	13
chr19	16028744	16028842	+	13	13
chr19	16690778	16694181	+	13	13
chr19	17040399	17041364	-	13	11
chr19	18796642	18798298	+	13	12
chr19	18810256	18811465	-	13	13
chr19	20853153	20859814	+	13	12
chr19	22249966	22252246	+	13	13
chr19	29906183	29906808	-	13	13
chr19	32110314	32111208	+	13	13
chr19	34091320	34091491	+	13	13
chr19	35247319	35248283	-	13	13
chr19	35815299	35823399	-	13	13
chr19	35933140	35934507	+	13	12
chr19	36000271	36002710	+	13	13
chr19	37006173	37006920	+	13	12
chr19	37488732	37490761	-	13	11
chr19	38426642	38428074	+	13	13
chr19	39789944	39791227	+	13	13
chr19	39853343	39853604	+	13	13
chr19	40025952	40027045	+	13	12
chr19	42383783	42385783	-	13	13
chr19	44197943	44199936	+	13	13
chr19	45602858	45604674	-	13	12
chr19	46853249	46855481	+	13	12
chr19	47244399	47245893	+	13	13
chr19	47785319	47787846	+	13	12
chr19	48682273	48684068	+	13	12
chr19	50896435	50896730	-	13	9
chr19	51109005	51110363	+	13	12
chr19	52104882	52107364	-	13	12
chr19	53103485	53106296	+	13	13
chr19	53841038	53842937	-	13	13
chr19	56213923	56217062	-	13	8
chr19	57095592	57109080	-	13	11
chr20	304182	306025	+	13	12
chr20	405655	407467	-	13	12
chr20	3103288	3105300	+	13	13
chr20	4097220	4097368	+	13	13
chr20	4108246	4119537	-	13	13
chr20	4188365	4191914	+	13	13
chr20	4757656	4759039	-	13	12
chr20	5220496	5223206	+	13	11
chr20	5224370	5224712	-	13	11
chr20	10388548	10388671	+	13	13
chr20	11699886	11700032	+	13	13
chr20	13384071	13384439	+	13	13
chr20	18375062	18375432	-	13	13
chr20	18499793	18499870	-	13	12
chr20	19123708	19124171	-	13	13
chr20	23303429	23304293	-	13	10
chr20	23359145	23360960	+	13	13
chr20	29872501	29872643	-	13	13
chr20	32340007	32341916	-	13	13
chr20	34541048	34543785	-	13	13
chr20	37981309	37982800	+	13	13
chr20	38387520	38402141	-	13	13
chr20	41398684	41400049	+	13	13
chr20	43718872	43718988	-	13	13
chr20	47486428	47489031	-	13	13
chr20	49617424	49618852	-	13	12
chr20	49761971	49764569	-	13	13
chr20	50032564	50034749	-	13	12
chr20	50693501	50706829	-	13	13
chr20	50972496	50972649	+	13	13
chr20	53511574	53515166	+	13	11
chr20	54930082	54930186	-	13	13
chr20	56292631	56292791	+	13	13
chr20	56557352	56558968	+	13	12
chr20	58642956	58645169	+	13	12
chr20	59261064	59265794	+	13	11
chr21	5045984	5049149	+	13	12
chr21	5128886	5129378	+	13	13
chr21	13602699	13603936	+	13	13
chr21	19681967	19682221	-	13	13
chr21	24586283	24586405	-	13	13
chr21	24592402	24592665	-	13	13
chr21	29074088	29076842	-	13	12
chr21	37569800	37570275	-	13	12
chr21	38692549	38692762	+	13	13
chr21	39102514	39102636	+	13	13
chr21	42448845	42449205	+	13	13
chr21	43210120	43211628	+	13	12
chr21	44831161	44833714	+	13	11
chr21	46156149	46157463	+	13	13
chr21	46593475	46595100	-	13	11
chr22	11256688	11332488	-	13	13
chr22	16849563	16849780	+	13	12
chr22	18530939	18532233	-	13	13
chr22	18654610	18654707	-	13	13
chr22	19695487	19695828	-	13	13
chr22	20682684	20683221	+	13	9
chr22	21390637	21393162	+	13	13
chr22	21647577	21648977	-	13	13
chr22	23022555	23023874	+	13	13
chr22	23520317	23521187	-	13	11
chr22	23585117	23586864	-	13	10
chr22	23602867	23606363	-	13	12
chr22	23991754	23994079	+	13	11
chr22	25322136	25323323	+	13	13
chr22	25735398	25737366	-	13	13
chr22	27625619	27640775	-	13	13
chr22	30440930	30443891	-	13	13
chr22	31029649	31031410	-	13	13
chr22	31366153	31366730	-	13	12
chr22	36443968	36444642	+	13	12
chr22	39056393	39059701	+	13	12
chr22	39397061	39399484	+	13	12
chr22	39397366	39399563	-	13	12
chr22	41197884	41198361	+	13	12
chr22	41286355	41287867	-	13	13
chr22	41926968	41927491	-	13	13
chr22	42543146	42544541	+	13	12
chr22	43094805	43096285	+	13	13
chr22	44456081	44457584	+	13	11
chr22	45853928	45854927	-	13	13
chrX	3797256	3806623	-	13	12
chrX	9993722	9995873	-	13	13
chrX	15315994	15318806	+	13	11
chrX	15935721	15937244	+	13	12
chrX	17268251	17269241	+	13	13
chrX	24140771	24142151	+	13	13
chrX	28282440	28307504	-	13	13
chrX	28565486	28565691	+	13	13
chrX	34892788	34921971	+	13	13
chrX	37318073	37318402	-	13	13
chrX	38719929	38720044	+	13	13
chrX	41044711	41044855	+	13	13
chrX	45932578	45938743	-	13	12
chrX	47068519	47072070	+	13	11
chrX	47215734	47217736	-	13	12
chrX	47417516	47421103	-	13	12
chrX	47533601	47533823	-	13	13
chrX	48588873	48589179	-	13	12
chrX	51466408	51468537	+	13	12
chrX	51591941	51592115	-	13	13
chrX	54622345	54622640	-	13	12
chrX	55397657	55428094	+	13	11
chrX	56295995	56297084	+	13	13
chrX	56416361	56417878	-	13	13
chrX	56584463	56587422	-	13	13
chrX	57267391	57269930	+	13	10
chrX	57713627	57714442	+	13	13
chrX	65742947	65743377	-	13	13
chrX	68579345	68580294	+	13	13
chrX	70974992	70977691	+	13	12
chrX	73921814	73927906	+	13	13
chrX	74615055	74616891	-	13	13
chrX	76241002	76244659	+	13	8
chrX	76636373	76636532	-	13	13
chrX	77907409	77909931	+	13	13
chrX	78823090	78823502	+	13	13
chrX	79417234	79418500	-	13	13
chrX	87501046	87501499	+	13	12
chrX	90315819	90316044	+	13	13
chrX	98305126	98306300	+	13	13
chrX	99938280	100017448	-	13	13
chrX	100841599	100843286	+	13	13
chrX	100905995	100907814	-	13	13
chrX	102230631	102230816	-	13	13
chrX	103138675	103159633	-	13	13
chrX	106489662	106489761	-	13	13
chrX	109571514	109597030	+	13	13
chrX	118832966	118836630	+	13	11
chrX	118950311	118954954	-	13	12
chrX	120388013	120389679	-	13	13
chrX	123746275	123754611	+	13	13
chrX	126185260	126185536	-	13	13
chrX	130620856	130622047	-	13	12
chrX	133461794	133484915	-	13	13
chrX	134767737	134769236	-	13	13
chrX	142790282	142791280	-	13	13
chrX	143260917	143262065	+	13	13
chrX	143929454	143929666	-	13	13
chrX	146336544	146360633	+	13	13
chrX	147727038	147727270	+	13	13
chrX	149473365	149475504	+	13	13
chrX	149907938	149909068	-	13	12
chrX	151982643	151982783	-	13	13
chrX	154660953	154662601	-	13	11
chrY	664237	665340	-	13	13
chrY	1460394	1461768	+	13	13
chrY	4606315	4781386	-	13	13
chrY	8446088	8446411	-	13	13
chrY	13133276	13135496	-	13	13
chrY	19353663	19354699	+	13	13
chrY	19861187	19862130	-	13	11
chrY	20100165	20348689	-	13	8
chrY	20988730	20991823	+	13	13
chrY	21133667	21134047	-	13	11
GL000009.2	54416	55074	-	13	13
GL000208.1	66353	66510	+	13	12
KI270442.1	196427	198186	+	13	13
KI270712.1	24435	25413	+	13	13
KI270718.1	15086	18903	-	13	13
KI270727.1	1281	1664	-	13	13
KI270727.1	17345	19779	+	13	13
KI270728.1	1003630	1005260	-	13	13
KI270734.1	71272	71586	+	13	13
KI270742.1	42576	42908	-	13	13
KI270745.1	33367	35564	+	13	13
KI270746.1	52672	53324	-	13	13
KI270748.1	85383	86740	+	13	12
chr1	1133847	1134101	+	12	12
chr1	1251367	1253037	+	12	11
chr1	1367611	1370525	+	12	11
chr1	1702056	1702377	+	12	11
chr1	9276335	9278104	+	12	11
chr1	9289505	9291766	-	12	11
chr1	15231234	15233572	+	12	11
chr1	16078279	16078850	+	12	12
chr1	16617803	16618204	-	12	12
chr1	19917525	19919948	-	12	12
chr1	20588341	20588835	-	12	12
chr1	20628146	20630380	+	12	12
chr1	21351562	21360450	+	12	12
chr1	21373125	21389816	+	12	12
chr1	23689990	23691643	-	12	11
chr1	25607145	25610021	-	12	12
chr1	26141024	26144355	+	12	10
chr1	26172222	26173360	-	12	11
chr1	26514918	26519315	-	12	10
chr1	27497952	27499054	-	12	11
chr1	27513714	27517060	+	12	12
chr1	27766443	27768913	-	12	11
chr1	34465542	34465689	+	12	11
chr1	35647056	35648883	+	12	12
chr1	39559700	39560683	+	12	12
chr1	39918171	39920539	+	12	12
chr1	43497068	43497361	-	12	12
chr1	44369307	44369483	-	12	11
chr1	45308214	45314121	+	12	12
chr1	46944215	46944319	+	12	12
chr1	47236868	47237199	-	12	12
chr1	47241003	47241120	-	12	12
chr1	47435777	47437174	-	12	11
chr1	48267835	48268210	-	12	12
chr1	51010137	51014825	+	12	12
chr1	51011783	51012643	-	12	12
chr1	53194032	53196724	-	12	12
chr1	53751469	53753951	-	12	12
chr1	54478262	54479164	-	12	12
chr1	54491890	54494341	+	12	12
chr1	58771385	58772391	+	12	11
chr1	65241044	65241697	-	12	12
chr1	67433837	67436247	+	12	12
chr1	67519893	67520058	-	12	12
chr1	68338606	68339371	+	12	12
chr1	74699847	74701483	-	12	10
chr1	77560012	77562273	+	12	12
chr1	78567382	78568840	-	12	12
chr1	80224606	80224810	-	12	12
chr1	80394523	80395607	-	12	12
chr1	85591265	85594789	-	12	10
chr1	86170215	86170401	+	12	12
chr1	90044015	90045532	+	12	11
chr1	90685930	90686025	+	12	12
chr1	92021828	92026853	-	12	11
chr1	92069534	92070709	+	12	12
chr1	93037017	93037469	+	12	12
chr1	93557583	93559323	-	12	12
chr1	96631677	96631809	-	12	12
chr1	96823845	96824859	+	12	12
chr1	98872473	98872593	-	12	12
chr1	102134600	102134894	+	12	12
chr1	108119574	108121604	-	12	12
chr1	109284112	109285077	+	12	11
chr1	109518128	109518576	-	12	12
chr1	111113886	111115339	+	12	12
chr1	111378856	111379995	-	12	12
chr1	111428503	111430942	-	12	11
chr1	116096804	116099780	+	12	9
chr1	116790099	116793113	+	12	9
chr1	117595207	117595492	+	12	12
chr1	119025290	119026675	+	12	11
chr1	120191556	120194079	-	12	12
chr1	120469736	120470286	-	12	12
chr1	144545214	144545886	-	12	12
chr1	147139661	147142231	-	12	11
chr1	147628798	147629408	+	12	12
chr1	151348031	151349704	+	12	12
chr1	152955689	152956743	-	12	12
chr1	155149122	155149522	-	12	12
chr1	158809410	158809812	+	12	12
chr1	160080936	160081326	-	12	12
chr1	160976134	160976533	-	12	11
chr1	163579009	163579176	+	12	12
chr1	166824486	166825274	-	12	12
chr1	169905219	169906223	-	12	11
chr1	178608426	178611815	-	12	11
chr1	178672773	178676811	-	12	10
chr1	182591390	182593349	-	12	8
chr1	183602265	183605033	-	12	12
chr1	186709146	186709710	-	12	12
chr1	188839765	188839964	+	12	12
chr1	198332627	198334988	+	12	11
chr1	202059447	202059542	-	12	12
chr1	202346196	202348267	-	12	10
chr1	203001267	203003707	-	12	9
chr1	203321522	203322898	-	12	11
chr1	203470894	203471378	+	12	12
chr1	203957253	203959797	+	12	12
chr1	205654476	205657687	-	12	10
chr1	206758847	206760200	+	12	12
chr1	211581412	211582885	+	12	11
chr1	212159510	212160075	+	12	11
chr1	213299051	213300040	+	12	12
chr1	219966537	219968587	-	12	12
chr1	223912984	223915329	+	12	10
chr1	223916756	223919298	-	12	12
chr1	227982264	227984484	+	12	12
chr1	229669750	229673049	+	12	12
chr1	231015852	231016220	+	12	12
chr1	235522106	235522998	-	12	12
chr1	236508184	236508362	-	12	12
chr1	242015040	242015599	-	12	12
chr1	242931233	242932476	-	12	12
chr1	244878668	244880367	-	12	12
chr1	247188797	247189277	+	12	12
chr1	247891333	247893324	-	12	12
chr1	247971745	247974380	+	12	11
chr1	248832406	248834938	-	12	11
chr2	3564842	3566983	+	12	12
chr2	8597995	8598674	+	12	9
chr2	10692383	10694821	+	12	11
chr2	14501548	14501834	-	12	12
chr2	16489885	16490006	+	12	12
chr2	18711488	18711864	-	12	10
chr2	21116648	21117690	+	12	11
chr2	25891204	25892579	+	12	11
chr2	26138436	26139217	-	12	12
chr2	26150907	26154331	-	12	12
chr2	26306884	26307641	-	12	10
chr2	27415598	27419396	-	12	12
chr2	28365461	28365999	+	12	12
chr2	32062857	32063459	-	12	12
chr2	33412584	33414464	-	12	12
chr2	39124701	39127231	+	12	12
chr2	43882995	43885252	+	12	11
chr2	47680743	47687890	-	12	10
chr2	48777168	48777399	-	12	12
chr2	56423146	56424236	+	12	12
chr2	61561846	61561948	+	12	11
chr2	67753771	67781168	+	12	12
chr2	68677992	68679226	-	12	12
chr2	72160487	72163893	-	12	11
chr2	74108179	74110213	+	12	12
chr2	75213917	75216184	+	12	11
chr2	76703558	76706319	-	12	12
chr2	76746167	76746307	+	12	12
chr2	81027752	81027973	-	12	12
chr2	84508308	84510594	-	12	11
chr2	85582215	85584230	-	12	10
chr2	88910356	88912131	+	12	12
chr2	89219653	89220581	-	12	9
chr2	91493028	91493267	+	12	11
chr2	91881037	91881154	-	12	12
chr2	95079538	95080470	+	12	12
chr2	96389115	96389219	-	12	12
chr2	96487261	96489756	-	12	10
chr2	96858181	96859701	+	12	11
chr2	97004066	97005069	-	12	12
chr2	100510125	100510216	+	12	12
chr2	101894739	101897683	-	12	12
chr2	103696221	103696545	-	12	12
chr2	105331614	105332730	-	12	12
chr2	112664194	112664881	-	12	12
chr2	114099154	114101480	-	12	12
chr2	117348744	117349025	+	12	11
chr2	117843853	117844250	-	12	12
chr2	118561691	118561830	+	12	12
chr2	119709854	119711164	-	12	11
chr2	120228071	120229234	-	12	12
chr2	123126892	123127196	-	12	11
chr2	126777992	126791111	-	12	12
chr2	127038619	127039423	+	12	9
chr2	127682238	127682642	-	12	10
chr2	128203984	128207777	-	12	11
chr2	128235489	128236398	-	12	12
chr2	128358451	128358803	+	12	11
chr2	130190807	130191346	-	12	12
chr2	130731358	130737177	+	12	11
chr2	131905510	131906601	+	12	12
chr2	131919771	131919928	-	12	12
chr2	136240016	136242530	-	12	11
chr2	139688627	139696752	+	12	12
chr2	139718471	139728955	+	12	12
chr2	143922964	143925243	-	12	12
chr2	148800118	148800417	+	12	12
chr2	149547288	149549937	-	12	10
chr2	149558241	149559304	-	12	12
chr2	151744929	151746327	+	12	12
chr2	152772687	152776778	+	12	11
chr2	153401794	153403002	-	12	9
chr2	156367619	156370253	-	12	12
chr2	156379209	156379555	-	12	12
chr2	156388951	156392025	+	12	10
chr2	157513229	157515151	-	12	11
chr2	160726086	160728151	+	12	9
chr2	161985331	161985791	-	12	12
chr2	165745441	165746749	-	12	12
chr2	166398201	166398437	+	12	12
chr2	171312921	171313644	+	12	12
chr2	172640187	172642134	+	12	12
chr2	172654527	172655102	-	12	12
chr2	174522419	174524462	+	12	12
chr2	175026979	175027527	-	12	12
chr2	178478720	178479954	+	12	11
chr2	180155881	180156087	-	12	12
chr2	182557012	182572901	+	12	12
chr2	182899503	182902867	-	12	10
chr2	186010377	186010773	+	12	12
chr2	186030141	186031688	+	12	12
chr2	189654125	189656013	+	12	11
chr2	194831521	194835772	-	12	7
chr2	194859067	194864082	-	12	9
chr2	194981151	194982535	-	12	11
chr2	195055883	195061443	-	12	9
chr2	195422839	195424667	-	12	9
chr2	195553895	195555083	+	12	12
chr2	196180779	196181816	+	12	10
chr2	197372227	197374433	-	12	11
chr2	199759321	199760372	-	12	11
chr2	201367577	201370074	-	12	11
chr2	202346617	202347373	+	12	12
chr2	202351216	202352818	-	12	12
chr2	202572373	202573257	-	12	12
chr2	202603238	202603628	+	12	12
chr2	203588487	203602274	+	12	10
chr2	203977172	203978244	+	12	10
chr2	205667006	205667238	-	12	12
chr2	210903565	210904214	-	12	11
chr2	218760260	218760660	-	12	12
chr2	221242588	221242743	+	12	11
chr2	222944713	222944989	-	12	11
chr2	222950617	222954229	-	12	11
chr2	224596806	224598342	-	12	12
chr2	225999703	226001946	-	12	11
chr2	227426948	227427092	-	12	12
chr2	227609727	227610007	+	12	12
chr2	229295988	229296377	-	12	11
chr2	229330166	229330967	-	12	10
chr2	230024293	230029177	+	12	12
chr2	230034295	230034661	-	12	12
chr2	230882910	230884869	-	12	12
chr2	235441186	235442992	-	12	12
chr2	239041644	239042097	-	12	12
chr2	239045178	239046739	-	12	12
chr2	240476970	240477233	+	12	11
chr3	1072734	1072864	-	12	12
chr3	5027169	5029580	+	12	8
chr3	5237373	5237877	-	12	12
chr3	5607589	5610114	+	12	9
chr3	9582981	9583110	+	12	12
chr3	10321527	10322844	-	12	11
chr3	13315215	13315644	+	12	11
chr3	13640393	13641795	+	12	10
chr3	22521192	22533396	+	12	11
chr3	26029751	26034471	+	12	8
chr3	26384793	26385037	-	12	12
chr3	31469528	31471461	+	12	11
chr3	32375098	32377828	-	12	12
chr3	33097229	33097871	+	12	12
chr3	33100956	33102478	-	12	12
chr3	33112727	33113136	+	12	9
chr3	33455074	33458328	+	12	12
chr3	33881810	33885819	+	12	12
chr3	33907314	33908000	-	12	12
chr3	42011202	42011617	+	12	12
chr3	45058289	45060104	+	12	10
chr3	47349363	47349732	+	12	11
chr3	47367381	47368930	-	12	10
chr3	48595772	48598290	-	12	11
chr3	51724156	51727729	+	12	10
chr3	51779930	51780110	-	12	12
chr3	51924440	51926997	-	12	11
chr3	52042210	52043111	+	12	12
chr3	67203543	67204952	-	12	12
chr3	73151074	73170517	-	12	12
chr3	94236556	94240300	-	12	12
chr3	101513256	101515234	+	12	12
chr3	101630760	101632450	+	12	10
chr3	105637997	105639484	-	12	11
chr3	108699485	108700127	-	12	12
chr3	109171924	109172359	-	12	12
chr3	111671896	111673861	-	12	10
chr3	111978013	111978840	-	12	11
chr3	112529079	112532154	-	12	11
chr3	113813021	113815808	+	12	10
chr3	120292044	120292441	-	12	12
chr3	122026994	122029169	+	12	12
chr3	122342025	122343959	+	12	12
chr3	122383473	122384080	-	12	11
chr3	125215225	125218382	+	12	12
chr3	129606883	129608346	+	12	12
chr3	134416093	134417410	+	12	12
chr3	138599553	138600915	+	12	11
chr3	140833333	140837828	+	12	12
chr3	143069395	143070696	-	12	12
chr3	144168052	144168498	-	12	12
chr3	144182155	144183212	+	12	12
chr3	144186207	144188275	+	12	11
chr3	144281421	144285035	+	12	12
chr3	144321035	144322450	+	12	12
chr3	150528251	150530653	+	12	10
chr3	154621303	154623315	+	12	11
chr3	158635231	158638536	+	12	12
chr3	158871919	158874286	+	12	11
chr3	161757357	161767637	-	12	12
chr3	162318465	162318673	+	12	12
chr3	165166802	165167860	-	12	12
chr3	166861391	166861590	-	12	12
chr3	172494199	172496404	-	12	11
chr3	172523504	172526284	+	12	12
chr3	176957654	176957749	-	12	12
chr3	177008433	177009995	+	12	12
chr3	179520847	179522042	-	12	12
chr3	181944941	181949279	-	12	12
chr3	182197627	182197776	+	12	12
chr3	184392354	184394469	+	12	12
chr3	184459899	184460365	-	12	12
chr3	184686503	184687030	+	12	12
chr3	188932760	188934398	-	12	12
chr3	195741723	195744294	-	12	12
chr3	195860643	195863341	-	12	11
chr3	196838836	196840760	-	12	12
chr4	124076	124205	+	12	12
chr4	8635594	8636848	+	12	12
chr4	9395814	9396240	+	12	11
chr4	10399171	10401193	-	12	11
chr4	10993847	10995563	+	12	12
chr4	11019392	11021689	+	12	11
chr4	11065768	11066131	-	12	11
chr4	11192347	11192952	+	12	11
chr4	11502909	11504271	+	12	11
chr4	12833808	12835851	-	12	10
chr4	13093960	13096536	-	12	10
chr4	17433410	17434513	+	12	11
chr4	25103330	25103765	+	12	11
chr4	25285146	25286164	-	12	11
chr4	27058370	27058499	-	12	12
chr4	30015268	30049333	+	12	12
chr4	35055821	35055941	-	12	12
chr4	40406083	40407683	-	12	12
chr4	40639550	40642920	+	12	12
chr4	43235827	43235983	-	12	12
chr4	46568362	46568596	+	12	12
chr4	47593629	47593947	+	12	12
chr4	48881377	48884351	+	12	11
chr4	56903599	56905558	+	12	12
chr4	57766903	57768220	-	12	12
chr4	57975871	57976010	+	12	12
chr4	58021749	58022129	+	12	12
chr4	61013659	61014525	+	12	12
chr4	62760393	62761326	+	12	12
chr4	66395169	66396413	+	12	12
chr4	67550088	67553034	+	12	11
chr4	69718587	69719113	-	12	12
chr4	71687663	71688451	-	12	12
chr4	73048678	73051538	+	12	12
chr4	75906962	75910202	+	12	12
chr4	77674119	77676454	-	12	11
chr4	82482062	82482513	-	12	11
chr4	83186543	83187584	+	12	12
chr4	83399125	83401094	+	12	12
chr4	89318105	89318716	-	12	12
chr4	89353219	89353479	+	12	12
chr4	94673200	94674673	+	12	11
chr4	101381190	101386898	-	12	12
chr4	103462635	103462847	+	12	12
chr4	103546232	103546471	+	12	12
chr4	105474192	105476285	+	12	12
chr4	108306877	108307300	-	12	12
chr4	109543998	109544832	-	12	12
chr4	112729898	112731641	+	12	12
chr4	114698257	114700563	+	12	12
chr4	117255476	117255588	-	12	12
chr4	120044397	120046254	-	12	9
chr4	122497045	122497148	-	12	12
chr4	122811333	122811704	-	12	12
chr4	129249803	129250129	+	12	12
chr4	129315874	129319736	-	12	10
chr4	141836525	141838196	+	12	12
chr4	141852538	141852990	-	12	12
chr4	152293742	152296448	-	12	11
chr4	159379634	159393645	+	12	12
chr4	162243032	162243215	+	12	12
chr4	164649993	164668639	+	12	12
chr4	164835983	164840574	+	12	12
chr4	164905048	164911210	-	12	12
chr4	165326345	165327402	-	12	11
chr4	167858957	167863325	+	12	12
chr4	168331994	168333116	+	12	12
chr4	171452671	171452778	+	12	12
chr4	173415300	173416779	-	12	12
chr4	179600136	179600240	-	12	12
chr4	182837444	182838394	-	12	12
chr4	183427350	183428226	-	12	12
chr4	184735399	184736003	-	12	10
chr4	186562333	186577823	-	12	12
chr5	2241289	2241555	+	12	12
chr5	2373227	2373324	-	12	12
chr5	2812195	2812386	+	12	12
chr5	4251310	4251449	+	12	12
chr5	5873390	5877519	-	12	12
chr5	6344822	6345529	-	12	12
chr5	10224131	10225310	-	12	11
chr5	13628374	13628504	+	12	12
chr5	14573703	14573882	+	12	12
chr5	17389442	17390452	-	12	12
chr5	23948102	23951234	-	12	8
chr5	24419446	24419833	-	12	12
chr5	25873128	25887046	-	12	12
chr5	27131311	27150052	-	12	12
chr5	28065036	28065184	+	12	12
chr5	28363754	28363918	+	12	11
chr5	31560328	31563493	+	12	11
chr5	33509487	33509617	+	12	12
chr5	37273146	37273856	-	12	12
chr5	40440131	40441897	-	12	12
chr5	41717523	41717787	+	12	12
chr5	50499632	50500664	+	12	12
chr5	50641771	50642072	+	12	12
chr5	50657570	50658105	+	12	12
chr5	51251700	51251806	+	12	12
chr5	53683685	53684702	+	12	12
chr5	53863854	53865448	-	12	11
chr5	56670188	56670970	+	12	11
chr5	56727779	56729788	-	12	11
chr5	58950677	58952957	+	12	12
chr5	61156082	61157570	+	12	11
chr5	62275370	62278344	-	12	12
chr5	62652436	62655566	-	12	12
chr5	62803536	62804594	-	12	12
chr5	63899963	63900114	+	12	12
chr5	65516432	65517163	+	12	9
chr5	67176917	67178791	-	12	10
chr5	72376991	72378930	+	12	11
chr5	76377435	76378927	+	12	11
chr5	80886002	80886770	+	12	12
chr5	80943961	80945419	+	12	10
chr5	81316143	81317743	+	12	12
chr5	86655429	86655602	+	12	12
chr5	90455309	90456872	+	12	11
chr5	100759568	100760331	-	12	11
chr5	101060273	101060864	-	12	12
chr5	101131192	101133372	-	12	11
chr5	101142412	101150555	-	12	12
chr5	101289658	101293339	-	12	11
chr5	101313461	101316345	-	12	10
chr5	101583226	101585224	-	12	9
chr5	101617841	101619471	-	12	12
chr5	102048247	102048788	-	12	11
chr5	103220372	103221640	-	12	12
chr5	108746067	108746912	-	12	12
chr5	110772141	110773438	+	12	12
chr5	111130522	111134048	+	12	11
chr5	115557956	115560590	-	12	11
chr5	115564103	115564525	+	12	10
chr5	115757715	115758068	+	12	12
chr5	116841454	116842507	+	12	12
chr5	116853197	116877592	-	12	12
chr5	118787551	118789116	+	12	12
chr5	121672872	121674068	+	12	11
chr5	123942478	124012742	-	12	12
chr5	128194658	128197260	+	12	12
chr5	129127011	129128744	+	12	12
chr5	133150483	133152054	+	12	12
chr5	134014633	134015864	-	12	12
chr5	136096399	136099537	+	12	11
chr5	138465027	138465346	+	12	10
chr5	139780535	139782950	-	12	12
chr5	140067072	140067215	-	12	12
chr5	141712291	141712758	-	12	12
chr5	142223886	142226731	+	12	10
chr5	149729731	149729954	-	12	11
chr5	150419879	150421130	+	12	12
chr5	150433665	150434808	-	12	12
chr5	150762068	150763462	-	12	12
chr5	151000384	151001387	-	12	12
chr5	151019551	151020373	-	12	12
chr5	151731231	151733298	+	12	12
chr5	154561677	154561908	+	12	12
chr5	154817958	154818487	+	12	12
chr5	154977765	154979148	+	12	11
chr5	155296887	155301375	-	12	12
chr5	155859800	155864359	+	12	12
chr5	156770790	156772348	+	12	12
chr5	156892568	156893609	-	12	12
chr5	156896649	156897037	+	12	12
chr5	156992091	156994037	+	12	10
chr5	157074727	157077047	-	12	12
chr5	161746700	161747004	-	12	12
chr5	166632340	166643385	-	12	12
chr5	169614648	169614945	+	12	12
chr5	170228054	170229082	-	12	12
chr5	171344800	171345239	-	12	12
chr5	171769680	171770969	-	12	12
chr5	173183058	173184411	+	12	12
chr5	175774549	175782870	-	12	10
chr5	178639221	178641453	+	12	10
chr5	178846104	178858689	+	12	12
chr5	178847775	178850008	-	12	11
chr5	179039543	179040979	+	12	11
chr5	179490666	179490837	-	12	12
chr5	180443289	180443483	+	12	12
chr5	180597470	180597559	-	12	9
chr6	5884941	5888117	-	12	8
chr6	6662963	6665978	-	12	11
chr6	9326976	9328094	+	12	12
chr6	10637413	10638210	+	12	11
chr6	13556337	13556508	+	12	12
chr6	13834473	13845079	+	12	12
chr6	15189764	15190407	+	12	12
chr6	19900815	19901007	-	12	11
chr6	20398900	20400699	-	12	11
chr6	21613060	21613163	+	12	12
chr6	23300124	23300463	-	12	12
chr6	25625872	25627575	+	12	10
chr6	26668817	26669124	-	12	11
chr6	27332491	27333060	-	12	11
chr6	27341790	27343933	-	12	12
chr6	27425880	27429307	-	12	11
chr6	27670577	27672534	-	12	11
chr6	30646842	30647025	-	12	12
chr6	31066601	31067001	-	12	12
chr6	31213951	31217486	-	12	12
chr6	31244983	31245134	+	12	12
chr6	32516272	32517325	+	12	12
chr6	32669177	32670322	+	12	10
chr6	33243082	33244888	-	12	10
chr6	34700154	34706269	+	12	12
chr6	36547785	36550461	-	12	12
chr6	37560086	37561524	+	12	10
chr6	38167224	38168039	+	12	11
chr6	41680582	41681943	+	12	12
chr6	42722668	42723174	+	12	12
chr6	42939947	42940329	+	12	10
chr6	45664533	45665342	+	12	11
chr6	49158473	49158877	+	12	12
chr6	50810203	50810621	+	12	12
chr6	54837053	54837313	-	12	12
chr6	63121886	63122048	+	12	12
chr6	70628351	70629130	+	12	12
chr6	72575005	72576164	+	12	12
chr6	73662601	73665510	+	12	11
chr6	80382528	80385584	+	12	10
chr6	89063252	89064861	-	12	9
chr6	91145639	91147205	+	12	12
chr6	93768740	93768841	+	12	12
chr6	95623776	95624361	-	12	11
chr6	105270417	105272524	-	12	11
chr6	107117739	107119184	-	12	11
chr6	107120417	107121684	-	12	11
chr6	108022805	108024444	+	12	12
chr6	108840332	108841254	-	12	10
chr6	110607708	110608703	+	12	12
chr6	111082226	111082946	-	12	12
chr6	111648727	111650962	-	12	11
chr6	112671446	112671576	-	12	12
chr6	115810773	115810869	+	12	12
chr6	118785961	118788351	-	12	12
chr6	120799836	120800163	-	12	12
chr6	120998151	120998478	-	12	12
chr6	122392436	122394420	-	12	8
chr6	125561749	125561962	-	12	12
chr6	125937564	125939630	+	12	10
chr6	138022651	138043643	-	12	12
chr6	139025177	139025618	+	12	12
chr6	141148880	141149204	+	12	12
chr6	141700210	141702639	-	12	10
chr6	149212640	149215951	-	12	12
chr6	150597411	150599785	-	12	12
chr6	154551537	154552609	-	12	11
chr6	157210779	157212807	-	12	12
chr6	158828196	158830884	-	12	12
chr6	159281616	159281898	-	12	12
chr6	159799098	159799937	+	12	10
chr6	160988478	160990287	-	12	11
chr6	163593866	163594636	-	12	12
chr6	166399559	166401258	+	12	10
chr7	814486	816354	-	12	12
chr7	1194652	1195197	+	12	12
chr7	1808818	1811155	-	12	12
chr7	5896947	5898373	+	12	11
chr7	12245619	12245940	-	12	12
chr7	16789173	16789303	-	12	12
chr7	20425032	20462825	+	12	12
chr7	20440684	20443126	-	12	7
chr7	23297426	23298699	-	12	11
chr7	30231428	30234653	+	12	12
chr7	30241637	30243731	-	12	10
chr7	30414455	30417233	-	12	12
chr7	31412389	31412502	-	12	12
chr7	38381501	38383593	-	12	12
chr7	43571699	43572248	+	12	12
chr7	43733569	43735188	+	12	12
chr7	43738877	43742574	-	12	11
chr7	46190376	46190740	-	12	12
chr7	47669568	47670575	+	12	10
chr7	47676381	47682425	+	12	12
chr7	53865976	53866894	+	12	12
chr7	55609330	55609559	-	12	12
chr7	56734398	56735877	-	12	12
chr7	57010171	57012588	+	12	12
chr7	61103222	61308907	-	12	12
chr7	62607602	62608043	-	12	12
chr7	63079285	63083938	+	12	12
chr7	63636994	63638155	-	12	12
chr7	64842200	64845020	-	12	12
chr7	64943016	64944238	+	12	10
chr7	66612212	66614581	-	12	12
chr7	67499317	67499784	+	12	12
chr7	67609474	67610457	-	12	12
chr7	68128678	68128991	-	12	12
chr7	70793550	70796273	+	12	11
chr7	70997926	70998175	-	12	12
chr7	73398847	73400487	+	12	12
chr7	73744079	73745766	-	12	12
chr7	74443119	74443497	-	12	12
chr7	74609689	74610982	-	12	12
chr7	75174298	75175335	+	12	12
chr7	75300104	75300715	+	12	12
chr7	75995077	75995949	+	12	12
chr7	76380358	76382470	+	12	11
chr7	76764891	76766243	+	12	12
chr7	80679382	80680860	+	12	12
chr7	82505094	82553868	-	12	12
chr7	91920819	91922007	+	12	11
chr7	97243432	97246206	-	12	12
chr7	98009264	98012782	-	12	12
chr7	101083940	101085211	-	12	10
chr7	104097857	104098081	+	12	12
chr7	106210079	106210980	+	12	11
chr7	123365571	123365732	-	12	12
chr7	124578612	124580007	-	12	12
chr7	130390818	130391138	+	12	11
chr7	130753840	130758058	-	12	12
chr7	134264925	134267861	+	12	9
chr7	135544574	135546730	-	12	11
chr7	135650233	135650529	-	12	11
chr7	140934179	140937171	+	12	10
chr7	141052569	141053489	-	12	10
chr7	142336397	142337148	-	12	10
chr7	142581859	142583372	-	12	12
chr7	142647577	142649147	-	12	10
chr7	142965915	142967238	-	12	12
chr7	143121956	143128606	+	12	12
chr7	143167047	143168910	-	12	11
chr7	144119364	144120611	-	12	12
chr7	145011257	145011553	+	12	12
chr7	145913923	145914018	-	12	12
chr7	145970747	145972027	+	12	12
chr7	148951308	148952585	-	12	11
chr7	148958441	148962863	+	12	12
chr7	148994180	148996003	-	12	11
chr7	148997622	148998175	+	12	12
chr7	149737397	149739572	-	12	12
chr7	150782414	150784126	+	12	11
chr7	150907939	150943976	+	12	12
chr7	151278370	151292690	-	12	12
chr7	151550931	151552142	-	12	11
chr7	152738999	152741379	+	12	12
chr7	153314106	153314273	-	12	12
chr7	158608217	158610885	-	12	12
chr7	159197593	159198918	+	12	8
chr8	2338984	2340944	+	12	11
chr8	7805353	7806461	+	12	12
chr8	13615363	13615480	+	12	12
chr8	13983427	13983574	-	12	12
chr8	18046574	18048123	+	12	11
chr8	19985203	20018339	+	12	12
chr8	20131740	20132019	-	12	12
chr8	21317078	21317281	-	12	12
chr8	21906615	21907608	+	12	11
chr8	21917239	21919460	+	12	11
chr8	29408723	29409959	+	12	12
chr8	29592839	29592979	+	12	12
chr8	30018505	30019641	+	12	12
chr8	30021014	30023433	+	12	11
chr8	30207063	30209216	-	12	12
chr8	33523759	33524640	-	12	11
chr8	33567287	33569165	+	12	12
chr8	34734558	34734650	-	12	12
chr8	38076892	38078577	-	12	10
chr8	42061628	42064055	-	12	11
chr8	42065894	42068068	-	12	12
chr8	42582500	42593529	-	12	12
chr8	42797521	42799986	+	12	11
chr8	43923267	43923532	+	12	12
chr8	47260641	47260802	-	12	11
chr8	50925697	50926060	-	12	12
chr8	52511563	52512574	+	12	12
chr8	54133800	54135169	-	12	12
chr8	55837023	55840655	-	12	11
chr8	56956107	56957811	-	12	11
chr8	57808241	57808467	+	12	10
chr8	65391838	65391992	+	12	12
chr8	70083206	70085255	-	12	12
chr8	73216670	73217001	+	12	12
chr8	75086895	75102870	-	12	12
chr8	76310643	76311207	+	12	12
chr8	94798784	94801144	+	12	9
chr8	96336995	96337462	-	12	12
chr8	96354598	96355922	+	12	12
chr8	96357213	96357567	+	12	11
chr8	100956006	100957156	-	12	12
chr8	100972688	100974799	-	12	12
chr8	106118296	106119290	+	12	11
chr8	108505105	108505595	-	12	12
chr8	109148775	109149227	-	12	10
chr8	113941815	113941973	-	12	12
chr8	116630855	116631383	-	12	11
chr8	124462156	124462398	-	12	12
chr8	125022299	125023287	-	12	11
chr8	125438790	125439821	-	12	12
chr8	125645465	125645997	-	12	11
chr8	125647378	125647763	-	12	12
chr8	131576988	131577255	-	12	12
chr8	132020901	132023267	+	12	12
chr8	132765960	132768790	-	12	11
chr8	133624726	133625628	+	12	12
chr8	137393501	137393914	-	12	12
chr8	139325662	139325810	+	12	12
chr8	143610346	143611765	-	12	12
chr8	144769141	144771918	-	12	11
chr8	144794452	144797193	-	12	11
chr8	145045797	145047018	+	12	12
chr9	6017802	6020156	+	12	11
chr9	6404067	6407695	-	12	11
chr9	12356507	12356606	-	12	12
chr9	16900369	16901436	+	12	12
chr9	17542274	17542931	+	12	12
chr9	19051146	19052559	-	12	11
chr9	19211000	19216300	+	12	12
chr9	20260946	20262229	-	12	12
chr9	24920238	24920455	+	12	12
chr9	25673122	25673231	-	12	12
chr9	26119507	26186456	+	12	12
chr9	33658949	33659061	+	12	12
chr9	38632896	38633297	-	12	11
chr9	41545487	41548767	+	12	12
chr9	42405400	42405787	+	12	11
chr9	63588915	63592280	-	12	12
chr9	64366662	64368115	-	12	12
chr9	69014271	69014822	+	12	12
chr9	71849950	71850234	+	12	12
chr9	72424754	72425668	+	12	11
chr9	75217453	75219616	-	12	12
chr9	75229520	75233281	+	12	10
chr9	75350587	75353516	+	12	11
chr9	77006090	77006284	+	12	12
chr9	77062282	77063370	-	12	12
chr9	80542021	80544985	+	12	12
chr9	83597356	83598155	+	12	11
chr9	85742253	85743588	-	12	11
chr9	85932070	85933999	-	12	10
chr9	90284574	90284694	-	12	12
chr9	92764874	92766124	-	12	10
chr9	97867188	97867963	+	12	12
chr9	99247369	99247545	+	12	12
chr9	102313538	102313643	+	12	11
chr9	102346504	102347160	+	12	11
chr9	103123711	103123848	-	12	12
chr9	105903021	105905324	-	12	12
chr9	107652149	107652374	+	12	12
chr9	108677739	108678261	+	12	12
chr9	108679517	108680420	-	12	10
chr9	108706311	108706976	-	12	11
chr9	110182034	110182388	+	12	11
chr9	111864387	111867370	+	12	8
chr9	113604099	113605949	+	12	12
chr9	114057660	114059296	+	12	11
chr9	114319997	114322572	+	12	11
chr9	114398844	114399341	-	12	12
chr9	118327092	118327257	+	12	12
chr9	120155010	120155104	+	12	12
chr9	123297436	123297800	+	12	12
chr9	124832376	124833421	+	12	12
chr9	126843302	126846129	+	12	11
chr9	128057960	128060988	+	12	12
chr9	128334316	128335480	-	12	12
chr9	129359788	129362088	+	12	12
chr9	129659586	129659884	-	12	12
chr9	129723870	129723987	-	12	12
chr9	132581316	132581622	+	12	12
chr9	133059425	133060807	-	12	12
chr9	133286094	133286253	-	12	12
chr9	133315350	133316767	-	12	11
chr9	134303136	134303685	-	12	11
chr9	136873500	136874082	+	12	12
chr10	260444	264192	-	12	11
chr10	3961530	3964237	+	12	10
chr10	4942469	4943673	+	12	12
chr10	5029534	5029666	+	12	12
chr10	5845374	5849241	-	12	9
chr10	8492055	8493351	-	12	12
chr10	9131153	9131316	-	12	12
chr10	10679396	10679531	-	12	12
chr10	11907498	11907671	-	12	12
chr10	13537312	13538665	+	12	12
chr10	15449205	15449385	-	12	12
chr10	17719816	17721078	-	12	12
chr10	18693483	18695227	+	12	10
chr10	18694991	18696742	-	12	11
chr10	21303502	21304143	+	12	12
chr10	22094085	22094435	+	12	12
chr10	22308916	22312090	-	12	12
chr10	23390239	23390476	+	12	12
chr10	26957034	26963454	+	12	11
chr10	27560226	27561706	+	12	10
chr10	27602753	27605162	+	12	12
chr10	27629944	27631542	+	12	9
chr10	27666873	27669673	+	12	9
chr10	28657033	28657447	+	12	12
chr10	28688828	28702734	-	12	12
chr10	31980350	31983497	-	12	12
chr10	31984662	31987400	-	12	12
chr10	43371141	43371491	+	12	12
chr10	45604874	45605112	+	12	12
chr10	47650113	47650887	+	12	12
chr10	49797260	49797707	-	12	12
chr10	50173598	50174497	-	12	12
chr10	53695190	53705854	-	12	12
chr10	56211379	56211477	+	12	12
chr10	61898105	61900088	-	12	11
chr10	63113323	63113944	-	12	12
chr10	64703750	64704066	+	12	12
chr10	65092205	65092480	+	12	12
chr10	67847229	67849057	+	12	11
chr10	68078332	68080077	+	12	11
chr10	68269701	68271396	-	12	12
chr10	69778189	69778363	+	12	12
chr10	70388240	70389286	+	12	12
chr10	71912253	71912403	-	12	12
chr10	72992839	72993187	-	12	12
chr10	73642164	73643175	-	12	11
chr10	73899893	73901600	-	12	12
chr10	77735880	77736013	+	12	12
chr10	78061859	78062628	+	12	11
chr10	79317633	79320751	-	12	10
chr10	79465428	79466098	+	12	12
chr10	79489720	79489901	-	12	12
chr10	79624950	79627641	-	12	11
chr10	79893719	79894179	+	12	12
chr10	80127823	80130201	+	12	12
chr10	80451931	80454117	-	12	11
chr10	83295442	83298502	+	12	12
chr10	89048638	89049711	+	12	11
chr10	89050793	89052141	+	12	12
chr10	89782249	89785007	+	12	11
chr10	93965533	93966279	-	12	12
chr10	93969345	93970479	-	12	12
chr10	97710153	97712716	+	12	10
chr10	100272736	100273129	-	12	11
chr10	100485017	100485844	-	12	11
chr10	101844273	101845391	-	12	12
chr10	102635722	102637721	-	12	12
chr10	103291873	103294162	+	12	11
chr10	113237332	113239282	+	12	12
chr10	116652879	116653165	-	12	11
chr10	119483048	119484930	+	12	11
chr10	120450204	120451121	+	12	12
chr10	122726528	122726654	-	12	12
chr10	123203036	123206219	+	12	12
chr10	125413493	125413707	+	12	12
chr10	131442627	131442925	-	12	12
chr10	132025646	132029273	-	12	12
chr11	2326167	2328190	-	12	12
chr11	6104809	6106015	+	12	11
chr11	6619929	6621200	-	12	12
chr11	8605382	8605513	+	12	12
chr11	13578226	13581812	+	12	10
chr11	14399063	14399998	-	12	11
chr11	18107776	18108848	-	12	12
chr11	18272522	18275152	+	12	11
chr11	18452307	18455521	-	12	10
chr11	19074941	19075117	+	12	12
chr11	22959453	22960363	-	12	12
chr11	25644108	25644853	-	12	12
chr11	33357876	33359305	+	12	12
chr11	33851143	33852548	-	12	10
chr11	35130376	35132196	-	12	12
chr11	40077773	40078124	-	12	12
chr11	42517562	42520614	+	12	12
chr11	43495766	43497127	-	12	12
chr11	43506168	43507011	+	12	10
chr11	44087181	44088571	-	12	12
chr11	44678593	44681193	-	12	11
chr11	46193165	46195184	+	12	12
chr11	47190205	47190348	-	12	12
chr11	48178403	48180496	+	12	11
chr11	48184113	48186842	-	12	12
chr11	56726630	56728118	-	12	12
chr11	56964634	56967204	+	12	12
chr11	57662111	57664198	+	12	11
chr11	57821906	57822725	-	12	12
chr11	61892667	61895277	+	12	12
chr11	62037699	62042039	-	12	12
chr11	62277950	62278890	-	12	12
chr11	64508517	64509656	+	12	12
chr11	65148106	65149139	+	12	11
chr11	65166374	65167587	-	12	12
chr11	65213124	65213481	-	12	11
chr11	65255774	65256931	-	12	12
chr11	65384729	65386007	+	12	12
chr11	65909204	65911038	+	12	11
chr11	65983112	65983499	-	12	12
chr11	69695945	69696170	-	12	12
chr11	69796948	69797186	-	12	12
chr11	72681033	72682417	+	12	11
chr11	73985593	73986396	+	12	12
chr11	74325182	74327774	-	12	11
chr11	75357151	75360359	-	12	11
chr11	76429880	76430566	-	12	12
chr11	86094147	86095567	+	12	12
chr11	88449137	88450261	-	12	12
chr11	91556039	91556172	-	12	12
chr11	97121107	97166897	+	12	12
chr11	99002321	99013634	+	12	11
chr11	102544790	102546892	-	12	7
chr11	106422543	106422619	-	12	12
chr11	107303830	107304259	+	12	12
chr11	107991053	107991741	-	12	12
chr11	111895516	111897295	-	12	12
chr11	113707393	113711063	-	12	10
chr11	113718510	113719225	-	12	11
chr11	114469220	114469803	-	12	10
chr11	116587413	116587681	+	12	12
chr11	118181462	118181781	-	12	10
chr11	118184446	118185523	-	12	12
chr11	118302452	118304619	-	12	9
chr11	118331732	118334460	+	12	11
chr11	122874412	122876294	+	12	10
chr11	124699787	124702101	-	12	12
chr11	126085127	126088057	+	12	12
chr11	126278806	126282484	-	12	11
chr11	128961409	128962815	-	12	10
chr11	130041146	130043512	+	12	12
chr11	130067020	130068127	-	12	12
chr11	130218177	130219563	+	12	11
chr11	132384234	132386693	+	12	12
chr12	4214210	4214859	+	12	11
chr12	6130047	6131692	+	12	12
chr12	9416847	9417548	-	12	12
chr12	9816661	9817345	-	12	8
chr12	12594032	12594249	+	12	12
chr12	21421695	21422652	+	12	12
chr12	21435891	21437594	-	12	11
chr12	25372341	25372726	+	12	12
chr12	26882329	26884627	+	12	12
chr12	27067161	27068440	+	12	12
chr12	30616545	30616876	+	12	11
chr12	34074243	34089256	+	12	12
chr12	37514572	37514772	+	12	12
chr12	39481777	39483626	+	12	10
chr12	47627514	47632343	-	12	12
chr12	48641204	48643827	+	12	12
chr12	48886191	48890762	-	12	12
chr12	49070193	49071339	+	12	12
chr12	49531776	49534011	+	12	12
chr12	49771243	49772230	-	12	12
chr12	49845240	49846662	+	12	12
chr12	51042048	51043331	-	12	11
chr12	51858180	51859643	+	12	12
chr12	53125278	53126961	-	12	12
chr12	55151460	55152573	-	12	12
chr12	56415380	56416070	+	12	12
chr12	56964103	56965221	+	12	12
chr12	62637886	62638670	+	12	12
chr12	62941827	62941933	-	12	12
chr12	67136262	67136357	+	12	12
chr12	67814462	67817722	-	12	10
chr12	69234083	69235148	-	12	12
chr12	71811705	71817635	+	12	11
chr12	78214507	78214656	+	12	12
chr12	81911404	81912387	-	12	12
chr12	91976644	91978615	-	12	10
chr12	94659967	94662619	+	12	10
chr12	101435477	101440590	+	12	11
chr12	101744143	101745167	-	12	12
chr12	106989106	106990667	-	12	12
chr12	107714431	107715422	-	12	12
chr12	108617783	108620342	+	12	12
chr12	109537245	109537992	+	12	11
chr12	111350602	111353470	+	12	8
chr12	112397205	112397687	-	12	12
chr12	112510217	112511078	+	12	11
chr12	115923827	115926042	-	12	12
chr12	115926816	115927124	+	12	12
chr12	116521777	116523183	+	12	11
chr12	120408462	120411897	-	12	12
chr12	121700382	121703959	+	12	10
chr12	122070051	122074584	+	12	12
chr12	124922029	124922842	-	12	8
chr12	125166807	125178071	+	12	11
chr12	127841148	127842241	+	12	12
chr12	129056067	129056189	-	12	12
chr12	131419925	131420060	-	12	11
chr13	19866340	19869209	-	12	12
chr13	22281869	22284867	-	12	11
chr13	22304421	22306628	+	12	11
chr13	22569011	22574307	+	12	9
chr13	22620058	22620475	-	12	11
chr13	23061846	23071493	-	12	12
chr13	25033411	25034004	+	12	12
chr13	27514169	27515564	-	12	10
chr13	30197771	30202549	-	12	11
chr13	30406847	30408095	-	12	10
chr13	31704822	31708044	-	12	10
chr13	36298532	36300937	-	12	11
chr13	39642146	39651848	-	12	11
chr13	39653891	39655586	-	12	10
chr13	41268220	41269332	+	12	12
chr13	42328316	42329135	-	12	11
chr13	48174452	48177743	+	12	12
chr13	49859974	49863094	+	12	12
chr13	49875635	49875936	-	12	11
chr13	54545431	54562260	-	12	12
chr13	55334974	55335111	+	12	12
chr13	58005982	58006422	-	12	12
chr13	58150245	58150416	+	12	12
chr13	62833031	62899705	-	12	12
chr13	64422962	64423056	-	12	12
chr13	72408676	72408966	+	12	12
chr13	75275400	75276588	-	12	12
chr13	76928919	76929061	+	12	12
chr13	76989617	76989999	+	12	12
chr13	79179897	79180021	+	12	12
chr13	80326637	80329029	-	12	10
chr13	80466903	80468206	+	12	10
chr13	81048603	81049221	-	12	12
chr13	83112657	83112747	+	12	11
chr13	85579656	85580882	+	12	12
chr13	86949931	87023870	+	12	12
chr13	88870553	88870753	+	12	12
chr13	94634782	94636840	+	12	11
chr13	102522759	102524658	+	12	12
chr13	104340485	104343506	-	12	12
chr13	104535108	104535407	+	12	12
chr13	108320267	108321682	+	12	12
chr13	111465582	111465979	-	12	10
chr13	114312406	114314038	+	12	10
chr13	114349507	114351607	-	12	12
chr14	20253210	20255269	-	12	11
chr14	20518237	20518509	-	12	12
chr14	20632997	20635897	+	12	11
chr14	21635853	21638276	+	12	12
chr14	21702750	21703337	-	12	12
chr14	21841121	21842417	+	12	10
chr14	21845183	21846345	-	12	11
chr14	23659575	23659735	+	12	12
chr14	28147280	28148258	-	12	11
chr14	32273326	32276797	+	12	11
chr14	32295052	32297462	+	12	10
chr14	42291942	42292071	+	12	12
chr14	45074581	45075332	+	12	12
chr14	51127050	51129206	-	12	10
chr14	52138293	52138571	+	12	11
chr14	52254758	52255463	-	12	9
chr14	54489198	54492020	+	12	11
chr14	54552074	54555026	+	12	12
chr14	54916532	54918377	+	12	11
chr14	57417702	57419736	-	12	11
chr14	58617375	58619540	+	12	12
chr14	59593611	59595737	-	12	12
chr14	63566409	63567501	+	12	12
chr14	63681652	63683467	+	12	11
chr14	63732256	63734650	-	12	12
chr14	69011402	69012335	-	12	6
chr14	69160984	69163045	+	12	10
chr14	69821438	69821923	-	12	10
chr14	72924883	72925749	-	12	12
chr14	73830907	73832902	-	12	12
chr14	74269855	74272901	+	12	12
chr14	74275785	74277692	+	12	12
chr14	74936017	74941350	-	12	10
chr14	77090190	77090779	+	12	9
chr14	77425886	77426270	+	12	12
chr14	77771821	77773318	+	12	11
chr14	77781471	77788246	-	12	12
chr14	77936866	77939197	+	12	12
chr14	90380595	90380882	+	12	10
chr14	91421550	91424050	-	12	10
chr14	93141736	93153878	-	12	12
chr14	96977010	96978392	+	12	12
chr14	96979435	96980196	+	12	12
chr14	97616750	97618207	+	12	11
chr14	99272219	99274102	+	12	11
chr14	100331864	100332270	-	12	12
chr14	103908498	103909545	-	12	12
chr14	104832679	104835579	+	12	12
chr14	105113097	105114029	+	12	12
chr14	105187210	105190340	+	12	12
chr14	105580821	105583620	-	12	9
chr14	105990408	105991139	+	12	12
chr14	106143322	106144443	+	12	11
chr15	19841944	19877741	+	12	12
chr15	20362407	20365780	-	12	12
chr15	20521186	20521761	+	12	12
chr15	20756586	20757623	+	12	10
chr15	23080820	23081046	+	12	12
chr15	25663409	25664604	-	12	12
chr15	28769261	28771372	+	12	12
chr15	40565168	40566281	+	12	11
chr15	42937713	42939258	+	12	12
chr15	44239516	44239685	-	12	12
chr15	45691675	45694590	+	12	12
chr15	50766401	50767249	-	12	11
chr15	52530008	52530677	+	12	12
chr15	53357469	53380920	-	12	12
chr15	55200495	55202752	+	12	11
chr15	55609806	55610501	-	12	11
chr15	61259034	61260177	-	12	12
chr15	63310839	63317886	-	12	12
chr15	63859616	63859989	+	12	11
chr15	65438237	65438813	+	12	11
chr15	65520278	65522054	-	12	12
chr15	66867143	66867298	-	12	12
chr15	67973183	67973434	+	12	12
chr15	69159182	69160411	-	12	10
chr15	70033139	70033849	-	12	11
chr15	70044847	70047597	+	12	11
chr15	72389957	72390192	+	12	11
chr15	72898595	72899317	-	12	12
chr15	73639701	73671538	+	12	12
chr15	74736834	74744546	-	12	12
chr15	74774447	74777090	+	12	11
chr15	79991334	79993769	-	12	11
chr15	80050503	80053479	+	12	11
chr15	80051569	80053215	-	12	12
chr15	80143443	80145614	-	12	12
chr15	89227568	89229663	+	12	12
chr15	89240752	89243789	-	12	11
chr15	90899649	90901680	-	12	12
chr15	94647939	94649033	+	12	12
chr15	94807067	94815111	+	12	12
chr15	95954182	95954370	+	12	12
chr15	99762062	99762237	-	12	12
chr15	101728461	101729303	-	12	12
chr16	177737	180456	-	12	10
chr16	364883	365776	+	12	12
chr16	3882017	3882802	-	12	12
chr16	4149234	4150416	-	12	12
chr16	4307671	4309278	+	12	12
chr16	4775757	4777363	-	12	11
chr16	8658014	8663058	-	12	12
chr16	9010440	9012204	-	12	12
chr16	10854060	10854463	+	12	12
chr16	12804006	12804920	+	12	8
chr16	14404922	14405728	-	12	11
chr16	14830845	14833037	-	12	11
chr16	16896140	16896242	+	12	12
chr16	17506345	17507929	+	12	12
chr16	21182651	21184004	+	12	11
chr16	22006021	22007479	-	12	12
chr16	23825409	23826321	-	12	10
chr16	23834742	23835846	-	12	12
chr16	24573531	24573875	-	12	12
chr16	24607044	24609323	-	12	12
chr16	24845603	24845800	-	12	12
chr16	25232168	25234233	-	12	11
chr16	28874836	28875950	-	12	12
chr16	28945177	28949624	+	12	12
chr16	30631125	30634105	+	12	11
chr16	30823072	30824912	+	12	11
chr16	31112811	31114427	+	12	12
chr16	31158000	31158511	+	12	12
chr16	31352723	31354467	-	12	12
chr16	33500607	33500718	-	12	11
chr16	46634883	46637193	-	12	11
chr16	46835795	46837587	+	12	12
chr16	46987414	46989180	-	12	12
chr16	47703404	47703970	-	12	11
chr16	54659894	54702833	+	12	12
chr16	57423811	57426989	+	12	12
chr16	58410701	58413127	+	12	9
chr16	59779175	59779306	-	12	11
chr16	62703840	62704014	+	12	12
chr16	68239415	68240852	+	12	12
chr16	69531588	69543965	+	12	12
chr16	71427876	71428091	-	12	12
chr16	74855383	74856082	+	12	11
chr16	75517686	75518959	+	12	12
chr16	79376354	79380711	-	12	11
chr16	80578770	80579141	-	12	11
chr16	84188075	84190778	-	12	12
chr16	85880255	85881304	+	12	12
chr16	88550407	88551163	+	12	10
chr17	723171	724853	+	12	12
chr17	1492770	1494244	-	12	11
chr17	6127697	6127838	-	12	12
chr17	7073315	7073682	+	12	8
chr17	9012234	9015894	+	12	12
chr17	12276443	12276600	-	12	12
chr17	15144744	15144917	+	12	12
chr17	16536391	16536928	-	12	11
chr17	18812854	18815288	-	12	11
chr17	19758759	19765752	+	12	10
chr17	20402295	20404356	-	12	12
chr17	26637901	26638011	-	12	11
chr17	27058307	27061040	-	12	12
chr17	28646990	28648306	-	12	12
chr17	36422498	36422726	-	12	12
chr17	38070907	38071923	-	12	12
chr17	39458168	39461244	+	12	12
chr17	41375807	41376012	-	12	12
chr17	41676711	41678272	+	12	9
chr17	42768354	42771876	+	12	11
chr17	43621188	43622042	-	12	12
chr17	43721041	43721482	-	12	11
chr17	44555963	44557396	-	12	11
chr17	46365392	46367292	+	12	11
chr17	48536531	48540715	-	12	11
chr17	48929064	48929309	-	12	11
chr17	52846888	52847053	-	12	12
chr17	54470154	54470357	+	12	12
chr17	55212089	55214117	+	12	12
chr17	56961209	56962320	+	12	12
chr17	57027089	57027393	-	12	12
chr17	62457136	62458500	-	12	11
chr17	63460988	63466231	+	12	12
chr17	64142474	64145004	+	12	12
chr17	64711081	64723293	-	12	11
chr17	64726627	64728220	-	12	10
chr17	64998218	65000163	+	12	12
chr17	65369253	65370135	-	12	12
chr17	70163174	70164607	-	12	12
chr17	73141223	73143024	+	12	11
chr17	73141266	73143043	-	12	12
chr17	73731608	73733882	-	12	10
chr17	73849515	73849803	+	12	12
chr17	74663465	74663936	+	12	12
chr17	74665620	74667473	-	12	11
chr17	75407706	75409694	+	12	12
chr17	75412618	75414378	-	12	12
chr17	75586495	75587758	-	12	12
chr17	76241066	76241658	+	12	12
chr17	76523985	76524326	-	12	12
chr17	76808061	76810999	+	12	12
chr17	77219721	77220529	-	12	12
chr17	78968602	78969727	-	12	11
chr17	79827740	79828041	+	12	12
chr17	80990103	80990935	-	12	12
chr17	81297114	81298837	-	12	12
chr17	81554067	81555839	+	12	11
chr17	82512862	82516692	-	12	9
chr18	154497	157849	-	12	12
chr18	713512	714235	-	12	12
chr18	2622126	2624746	+	12	12
chr18	7398479	7400302	+	12	12
chr18	9541368	9543813	-	12	11
chr18	9980539	9981190	-	12	12
chr18	11685329	11685487	+	12	12
chr18	12130849	12148584	-	12	12
chr18	12305692	12307268	-	12	12
chr18	14374633	14374947	-	12	12
chr18	15246106	15246204	+	12	12
chr18	26012182	26013866	+	12	11
chr18	31687354	31688937	+	12	10
chr18	31699413	31700669	-	12	12
chr18	31959781	31961505	-	12	12
chr18	35209889	35211685	+	12	12
chr18	40848057	40848177	+	12	11
chr18	43175918	43176084	-	12	12
chr18	49475253	49477054	+	12	12
chr18	54069419	54069666	+	12	12
chr18	56292832	56293018	+	12	12
chr18	57625514	57626648	+	12	12
chr18	59842498	59843447	+	12	10
chr18	60928598	60928856	+	12	12
chr18	62694234	62710043	-	12	12
chr18	66605946	66630599	-	12	12
chr18	72405742	72405942	-	12	12
chr18	72693658	72707658	+	12	12
chr18	72882910	72894771	-	12	12
chr18	74049494	74049651	+	12	12
chr18	74063108	74066217	-	12	10
chr18	76500774	76501498	+	12	10
chr18	77287190	77287701	-	12	12
chr18	78907606	78908121	+	12	11
chr18	79395273	79395845	+	12	12
chr19	635710	639736	-	12	10
chr19	849107	850037	-	12	12
chr19	1305001	1305784	+	12	9
chr19	1441947	1442751	-	12	12
chr19	3047741	3048224	+	12	9
chr19	3077069	3078866	+	12	11
chr19	3124346	3125944	-	12	11
chr19	5781426	5782018	-	12	11
chr19	6944425	6946295	-	12	11
chr19	7773340	7775394	-	12	12
chr19	8153898	8154471	-	12	12
chr19	8166014	8166193	+	12	12
chr19	8623839	8624435	-	12	12
chr19	11980765	11984487	+	12	11
chr19	12734865	12736976	+	12	12
chr19	12944518	12945836	-	12	10
chr19	14065564	14066086	+	12	12
chr19	14071564	14072082	-	12	12
chr19	15961411	15961602	+	12	11
chr19	18370182	18374105	-	12	12
chr19	19203778	19204410	-	12	12
chr19	19208857	19210909	-	12	12
chr19	20039742	20040686	+	12	12
chr19	21141190	21141916	-	12	12
chr19	21801296	21802446	+	12	11
chr19	22959537	22959838	+	12	12
chr19	23710239	23728119	+	12	12
chr19	27517679	27600179	-	12	12
chr19	29832305	29835017	-	12	12
chr19	30024963	30028707	+	12	11
chr19	30184898	30192665	-	12	12
chr19	32595598	32596814	-	12	11
chr19	32683886	32686651	-	12	12
chr19	32869844	32870241	-	12	11
chr19	33531631	33532367	+	12	12
chr19	34540535	34540641	-	12	12
chr19	38242295	38243878	+	12	11
chr19	39952852	39954129	+	12	11
chr19	40445128	40446211	+	12	11
chr19	41213900	41215794	-	12	4
chr19	41832834	41832985	-	12	12
chr19	43348742	43348897	-	12	12
chr19	43853765	43857434	-	12	12
chr19	43868228	43870969	+	12	12
chr19	44139283	44140609	-	12	11
chr19	44500633	44501661	+	12	11
chr19	45603838	45606732	+	12	11
chr19	46810408	46811530	-	12	12
chr19	48538293	48540793	+	12	10
chr19	48967906	48968113	+	12	12
chr19	49284465	49286572	+	12	12
chr19	49728001	49729919	+	12	12
chr19	49731031	49732034	+	12	12
chr19	50899990	50900295	-	12	12
chr19	51375218	51376032	-	12	11
chr19	52427203	52427962	+	12	12
chr19	53824724	53826316	-	12	11
chr19	53952814	53954878	-	12	12
chr19	54496322	54497623	+	12	12
chr19	55125695	55126373	+	12	11
chr19	55674720	55675057	-	12	12
chr19	56084278	56084577	+	12	12
chr19	57149592	57149757	+	12	12
chr19	57518588	57520355	-	12	11
chr19	58219369	58220708	+	12	4
chr20	231785	239944	+	12	12
chr20	558711	558810	-	12	12
chr20	644730	646486	+	12	10
chr20	2447562	2449069	+	12	11
chr20	3469652	3470827	-	12	12
chr20	5276365	5278187	-	12	12
chr20	5723296	5724237	+	12	10
chr20	12022603	12022895	-	12	12
chr20	12801153	12802800	-	12	12
chr20	13847964	13848618	+	12	12
chr20	18195017	18195869	+	12	12
chr20	23243587	23243661	+	12	12
chr20	25236934	25238701	+	12	12
chr20	31493784	31494822	+	12	12
chr20	32271041	32271250	-	12	12
chr20	32335337	32338849	-	12	11
chr20	33342532	33342827	+	12	11
chr20	34137212	34144702	-	12	12
chr20	35112301	35115214	-	12	12
chr20	36867410	36870029	+	12	12
chr20	37948025	37949455	+	12	10
chr20	38439873	38441754	-	12	12
chr20	38453480	38453791	+	12	12
chr20	38465251	38468653	-	12	11
chr20	41383373	41386302	-	12	12
chr20	43346770	43371998	-	12	12
chr20	45195420	45196392	-	12	12
chr20	45912906	45913863	-	12	12
chr20	47867110	47867216	+	12	12
chr20	49629785	49632574	-	12	12
chr20	50209339	50211116	-	12	12
chr20	50210525	50213540	+	12	12
chr20	53524611	53526445	-	12	12
chr20	54955645	55021793	+	12	12
chr20	55791780	55839678	-	12	12
chr20	56463362	56463959	-	12	12
chr20	59043327	59045016	+	12	12
chr20	59079143	59079309	-	12	12
chr20	59269785	59270806	+	12	11
chr20	62608642	62609208	-	12	12
chr21	6374286	6374645	+	12	10
chr21	10740225	10741628	+	12	12
chr21	13208158	13257838	+	12	12
chr21	14409870	14410134	-	12	11
chr21	15905572	15905921	-	12	11
chr21	18858308	18858424	-	12	12
chr21	20264606	20264761	-	12	12
chr21	21742519	21742670	-	12	12
chr21	23515688	23515986	+	12	12
chr21	24765540	24765651	+	12	12
chr21	25812792	25836163	+	12	11
chr21	30236810	30237916	-	12	12
chr21	31619680	31624025	-	12	12
chr21	32394388	32396863	+	12	12
chr21	33322272	33324098	-	12	12
chr21	41777088	41780069	-	12	12
chr21	42178996	42182345	-	12	6
chr21	43205326	43207748	-	12	12
chr21	44282884	44284030	-	12	10
chr21	44754361	44755544	+	12	12
chr21	46671603	46674517	+	12	11
chr22	16067911	16073267	+	12	12
chr22	18518633	18520252	+	12	12
chr22	18525717	18526500	-	12	11
chr22	20321487	20322632	+	12	11
chr22	23346920	23348529	+	12	10
chr22	24709855	24712667	+	12	12
chr22	29179611	29181912	+	12	10
chr22	35536562	35537430	-	12	2
chr22	35646095	35646520	-	12	12
chr22	36101217	36102668	-	12	10
chr22	36166609	36167502	+	12	10
chr22	36443598	36443950	-	12	11
chr22	37599055	37600432	-	12	11
chr22	38043990	38045769	+	12	11
chr22	38802372	38802811	+	12	12
chr22	38949115	38952640	+	12	12
chr22	39730706	39730848	+	12	12
chr22	40637828	40643900	-	12	11
chr22	41053886	41054030	+	12	12
chr22	44324954	44325149	+	12	12
chr22	44354778	44357011	-	12	12
chr22	46759015	46760272	+	12	12
chr22	48401173	48401797	+	12	12
chr22	49942985	49945325	-	12	9
chr22	50163854	50165143	-	12	12
chr22	50307855	50308913	+	12	12
chrX	2164582	2205043	-	12	12
chrX	3553630	3558636	+	12	12
chrX	3727037	3734431	-	12	11
chrX	5743025	5790260	+	12	12
chrX	5822541	5822724	-	12	12
chrX	6242058	6256385	-	12	12
chrX	6510741	6518628	-	12	12
chrX	13989334	13990235	-	12	12
chrX	14085251	14085403	-	12	12
chrX	14458283	14469197	-	12	11
chrX	15921356	15922596	+	12	12
chrX	16066018	16066451	-	12	12
chrX	16116857	16117428	+	12	12
chrX	16520764	16521630	+	12	11
chrX	17244461	17244579	-	12	12
chrX	18420044	18425510	-	12	11
chrX	18673356	18673920	+	12	12
chrX	19267064	19323731	+	12	11
chrX	20392128	20394328	-	12	10
chrX	23459826	23462497	-	12	10
chrX	23499002	23500802	-	12	9
chrX	24134272	24135797	-	12	11
chrX	27481123	27494262	-	12	12
chrX	28497033	28497504	+	12	12
chrX	28497105	28497200	-	12	12
chrX	30592459	30592637	+	12	12
chrX	34547903	34583804	-	12	12
chrX	39467128	39467700	+	12	12
chrX	40037745	40043968	+	12	12
chrX	40618458	40620363	+	12	12
chrX	40795868	40810567	+	12	12
chrX	41075077	41076930	-	12	12
chrX	41503558	41508759	+	12	12
chrX	43575881	43576264	-	12	12
chrX	44067329	44067437	+	12	11
chrX	47414834	47418201	+	12	12
chrX	47542925	47543357	+	12	12
chrX	47545903	47549437	+	12	11
chrX	48396496	48396625	-	12	12
chrX	48488108	48490543	+	12	11
chrX	50559800	50559927	+	12	12
chrX	53905431	53907647	-	12	11
chrX	54058438	54061673	+	12	11
chrX	54059799	54063206	-	12	12
chrX	55681286	55681381	-	12	12
chrX	55683092	55685166	-	12	12
chrX	57273553	57277013	+	12	11
chrX	64158990	64159615	-	12	12
chrX	65560741	65563669	+	12	11
chrX	69165532	69166502	+	12	11
chrX	70974272	70980724	-	12	9
chrX	71532380	71532820	-	12	11
chrX	73911158	73912196	-	12	12
chrX	74340752	74340943	-	12	12
chrX	74580540	74581956	+	12	12
chrX	75832419	75832796	-	12	12
chrX	75932255	76005423	-	12	11
chrX	76189839	76191505	+	12	12
chrX	76435823	76450835	-	12	12
chrX	76495543	76498668	+	12	10
chrX	77821263	77825176	+	12	11
chrX	78549752	78552174	+	12	10
chrX	79106723	79107639	-	12	11
chrX	79178511	79180617	-	12	12
chrX	79227660	79232450	-	12	12
chrX	79504064	79522702	+	12	10
chrX	82104254	82104385	-	12	11
chrX	89491379	89494222	+	12	12
chrX	92885619	92885823	+	12	12
chrX	99547855	99547965	+	12	12
chrX	100280182	100280274	+	12	12
chrX	100874812	100877810	-	12	9
chrX	100966155	100968870	+	12	12
chrX	103692217	103692560	+	12	12
chrX	103697383	103697690	-	12	11
chrX	108848044	108848214	+	12	12
chrX	109111287	109111634	-	12	12
chrX	109118178	109119291	+	12	12
chrX	109181824	109182520	-	12	12
chrX	115661703	115663434	+	12	12
chrX	117265676	117267391	+	12	12
chrX	117607150	117607287	+	12	11
chrX	118301824	118302214	+	12	10
chrX	119746132	119747024	-	12	12
chrX	121001462	121002062	+	12	12
chrX	122841235	122886980	-	12	10
chrX	123914520	123916339	-	12	12
chrX	126179172	126194278	+	12	12
chrX	132013828	132016336	-	12	10
chrX	133115520	133116473	+	12	12
chrX	134859726	134861579	+	12	11
chrX	135048375	135048821	+	12	12
chrX	136131979	136132118	-	12	11
chrX	136624673	136626205	+	12	12
chrX	136888502	136897541	+	12	12
chrX	139281833	139282939	-	12	12
chrX	143236947	143237122	-	12	12
chrX	143941476	143941651	+	12	12
chrX	145542793	145543224	-	12	12
chrX	146756309	146756455	-	12	12
chrX	149215182	149215315	-	12	12
chrX	149562087	149565939	+	12	11
chrX	152975087	152975613	-	12	12
chrX	155793437	155793984	+	12	11
chrY	322075	322881	-	12	11
chrY	1327019	1330687	-	12	11
chrY	1932660	1933879	+	12	12
chrY	3445319	3448540	+	12	11
chrY	4001535	4001654	+	12	12
chrY	7429401	7433445	+	12	11
chrY	13009575	13056644	+	12	9
chrY	17933182	17933454	+	12	12
chrY	19661135	19663101	+	12	10
chrY	20435987	20438765	-	12	11
chrY	20827900	20829329	-	12	12
chrY	21100771	21102967	+	12	8
chrY	21295010	21296220	-	12	9
chrY	22289186	22289357	+	12	12
chrY	56973521	56974660	-	12	12
GL000221.1	66345	66716	+	12	12
KI270442.1	170769	170919	+	12	12
KI270706.1	95402	105628	-	12	12
KI270712.1	94712	95739	-	12	12
KI270713.1	6451	7068	+	12	12
KI270717.1	37039	37269	+	12	12
KI270742.1	52424	54774	-	12	10
KI270743.1	140389	142343	+	12	12
KI270745.1	30370	32057	+	12	12
chr1	1408343	1409071	+	11	10
chr1	1781043	1782273	-	11	11
chr1	4095167	4095435	-	11	11
chr1	6101399	6101719	+	11	11
chr1	6703473	6705721	-	11	11
chr1	9407313	9408937	-	11	11
chr1	9829016	9831851	-	11	11
chr1	10891705	10891905	+	11	11
chr1	11307485	11307935	+	11	9
chr1	12228345	12229382	+	11	11
chr1	13558136	13574904	-	11	11
chr1	15449421	15451312	+	11	11
chr1	16190643	16191889	-	11	11
chr1	17012014	17012958	+	11	11
chr1	17840337	17840458	-	11	11
chr1	17848853	17849057	+	11	11
chr1	17948035	17948303	+	11	11
chr1	20127847	20128173	+	11	7
chr1	22392160	22392965	-	11	11
chr1	22539585	22540268	-	11	9
chr1	24617821	24620326	+	11	10
chr1	24621720	24623141	+	11	10
chr1	25192875	25194525	-	11	6
chr1	26814153	26816403	-	11	11
chr1	27319016	27319654	-	11	11
chr1	28257563	28258239	+	11	11
chr1	28784691	28787996	+	11	10
chr1	29233384	29233658	-	11	11
chr1	31098033	31100272	-	11	11
chr1	31103911	31108186	-	11	11
chr1	31130807	31132317	-	11	11
chr1	31379167	31381054	+	11	9
chr1	33206970	33209001	-	11	10
chr1	34938980	34942970	-	11	11
chr1	38007015	38007341	-	11	10
chr1	38989605	38990763	-	11	10
chr1	39593241	39593354	-	11	11
chr1	43641149	43642568	+	11	11
chr1	45542858	45544844	+	11	9
chr1	45618943	45619461	-	11	9
chr1	51285634	51286711	-	11	11
chr1	53167781	53167910	+	11	11
chr1	62191445	62193972	-	11	11
chr1	64699876	64701644	-	11	11
chr1	66374935	66376186	-	11	11
chr1	66781359	66783392	+	11	10
chr1	67295279	67297091	+	11	9
chr1	69478037	69478359	-	11	11
chr1	73128664	73155589	+	11	11
chr1	79284661	79284855	+	11	11
chr1	86199632	86199758	-	11	11
chr1	86321260	86322416	-	11	11
chr1	86396468	86397749	+	11	11
chr1	86842131	86842474	+	11	11
chr1	89323418	89323919	+	11	10
chr1	90626946	90627189	+	11	10
chr1	91180784	91180915	+	11	11
chr1	92462323	92463312	-	11	10
chr1	92489675	92490540	-	11	11
chr1	93376134	93379922	-	11	10
chr1	96719000	96721350	-	11	9
chr1	99833373	99833942	+	11	10
chr1	101636313	101636700	-	11	11
chr1	104640116	104640299	-	11	10
chr1	104658898	104659216	-	11	11
chr1	104770338	104772019	-	11	11
chr1	106425937	106426551	+	11	11
chr1	108088797	108092314	-	11	10
chr1	108110934	108115033	-	11	11
chr1	108685992	108688916	+	11	10
chr1	108710681	108712830	-	11	11
chr1	109518841	109520227	+	11	11
chr1	109936076	109938462	+	11	9
chr1	110636640	110637119	+	11	11
chr1	111433102	111433740	+	11	10
chr1	112671702	112672806	+	11	11
chr1	112751140	112752614	+	11	11
chr1	114759146	114761060	+	11	9
chr1	114759467	114760779	-	11	11
chr1	115045631	115046001	-	11	11
chr1	117711757	117715003	+	11	9
chr1	118822629	118823065	-	11	10
chr1	120868094	120870332	+	11	10
chr1	143741669	143744598	+	11	11
chr1	146043603	146044477	+	11	10
chr1	150772683	150774610	+	11	10
chr1	151401987	151402696	-	11	10
chr1	151538923	151539510	-	11	10
chr1	151610706	151611752	+	11	11
chr1	153363774	153364880	+	11	9
chr1	153505210	153505321	+	11	11
chr1	155138892	155139833	-	11	9
chr1	156891231	156891767	-	11	10
chr1	157621858	157622148	-	11	11
chr1	157785528	157786824	+	11	11
chr1	158800154	158802532	-	11	11
chr1	158814499	158817064	+	11	9
chr1	159767921	159768674	+	11	11
chr1	160601558	160604386	+	11	11
chr1	161641293	161642271	-	11	11
chr1	165920898	165921528	-	11	10
chr1	165973798	165974127	-	11	11
chr1	166509966	166511582	-	11	11
chr1	168256624	168259203	-	11	10
chr1	170110408	170112579	-	11	11
chr1	170394771	170394903	-	11	11
chr1	171460896	171462268	+	11	11
chr1	171598936	171600267	-	11	11
chr1	178640408	178642270	+	11	11
chr1	179230040	179233713	+	11	11
chr1	179948166	179948999	+	11	11
chr1	182402970	182406880	+	11	11
chr1	184228957	184229052	-	11	11
chr1	185376436	185378245	-	11	10
chr1	192995163	192995927	+	11	10
chr1	195143032	195143154	+	11	11
chr1	197073046	197073185	+	11	10
chr1	202997508	202998932	-	11	10
chr1	211596254	211597893	-	11	11
chr1	212851532	212851705	+	11	10
chr1	213309047	213312263	-	11	11
chr1	213358033	213358274	-	11	11
chr1	214568842	214569937	+	11	11
chr1	216486093	216487103	+	11	11
chr1	220728188	220728331	+	11	11
chr1	224162743	224164175	-	11	11
chr1	224213626	224214997	+	11	11
chr1	225884107	225885771	+	11	11
chr1	225929868	225930562	-	11	10
chr1	226333948	226334993	-	11	10
chr1	226745646	226745920	-	11	11
chr1	227850264	227852428	-	11	9
chr1	228385093	228387279	+	11	8
chr1	228523731	228523860	-	11	11
chr1	228657043	228659891	+	11	9
chr1	230304349	230306722	+	11	9
chr1	232116517	232116638	-	11	11
chr1	233739921	233789718	+	11	11
chr1	234976818	234978344	-	11	11
chr1	236069238	236069439	-	11	11
chr1	241408607	241408813	-	11	11
chr1	242967495	242967587	+	11	11
chr1	244168520	244168668	-	11	11
chr1	244871275	244872383	-	11	9
chr1	248806722	248808079	+	11	11
chr1	248868285	248871225	+	11	10
chr2	2615203	2616216	-	11	11
chr2	5069071	5069379	+	11	11
chr2	7085893	7086895	+	11	11
chr2	7132454	7133632	-	11	11
chr2	7183309	7184017	-	11	11
chr2	9830199	9830398	-	11	11
chr2	11086533	11096157	-	11	11
chr2	15130345	15133532	-	11	9
chr2	15969936	15970323	+	11	11
chr2	18692245	18693307	-	11	11
chr2	18711017	18712506	+	11	11
chr2	18790052	18790946	+	11	10
chr2	19886008	19886779	-	11	10
chr2	20027788	20028854	-	11	11
chr2	20355638	20357420	+	11	11
chr2	20373754	20373878	-	11	11
chr2	21202547	21203736	+	11	10
chr2	24201885	24202758	-	11	11
chr2	25884360	25886599	+	11	9
chr2	26166770	26167270	-	11	11
chr2	26307542	26308012	+	11	9
chr2	26823363	26824290	+	11	9
chr2	27251965	27253487	+	11	10
chr2	27252551	27253265	-	11	10
chr2	28353225	28355063	-	11	10
chr2	30445470	30445855	+	11	9
chr2	31864586	31864972	+	11	11
chr2	39247810	39249199	-	11	10
chr2	41660691	41660783	+	11	11
chr2	42080880	42082978	-	11	10
chr2	52627736	52627928	-	11	11
chr2	53299875	53300024	+	11	11
chr2	54328380	54329264	-	11	11
chr2	55496296	55498100	-	11	10
chr2	58386438	58386922	-	11	11
chr2	60132504	60135123	-	11	11
chr2	60194741	60203688	+	11	11
chr2	61574707	61574890	+	11	11
chr2	62232636	62233951	+	11	11
chr2	68850265	68852607	-	11	9
chr2	69889000	69890567	-	11	10
chr2	69947053	69949438	+	11	10
chr2	70868040	70868199	+	11	11
chr2	71161219	71162092	+	11	11
chr2	72845689	72845869	-	11	11
chr2	74510948	74512797	-	11	9
chr2	82726808	82733142	+	11	11
chr2	83404729	83405063	-	11	11
chr2	85105122	85118009	-	11	11
chr2	85971482	85973681	-	11	9
chr2	86008859	86010868	+	11	10
chr2	87231236	87231336	-	11	11
chr2	89940590	89940976	+	11	11
chr2	92002120	92002747	+	11	11
chr2	92047962	92048958	-	11	11
chr2	94999074	94999369	-	11	9
chr2	96171768	96173856	-	11	11
chr2	96535532	96536406	+	11	10
chr2	97333309	97334515	-	11	8
chr2	97591028	97592124	-	11	11
chr2	98991720	98993434	+	11	11
chr2	100385900	100387828	+	11	11
chr2	101681934	101688709	+	11	10
chr2	103425747	103432463	-	11	11
chr2	108445963	108446610	+	11	11
chr2	108892955	108893697	-	11	11
chr2	109029051	109031412	-	11	10
chr2	112030734	112032767	+	11	10
chr2	112341551	112343582	+	11	9
chr2	112346837	112348120	+	11	10
chr2	116089767	116090705	-	11	11
chr2	116610376	116676460	-	11	10
chr2	117090079	117090247	-	11	11
chr2	119999119	120000517	+	11	9
chr2	122964013	122964324	-	11	11
chr2	125546928	125547040	-	11	10
chr2	127108766	127109277	-	11	11
chr2	127685059	127685626	-	11	10
chr2	127937778	127940108	-	11	10
chr2	127937813	127939304	+	11	10
chr2	128069537	128071023	+	11	10
chr2	128209441	128209806	+	11	11
chr2	128226173	128229474	+	11	11
chr2	129331182	129338285	+	11	11
chr2	130554495	130558466	-	11	10
chr2	130806816	130814803	+	11	10
chr2	136471530	136474727	+	11	10
chr2	144662014	144663734	-	11	11
chr2	147369666	147369897	+	11	11
chr2	148562974	148564992	+	11	11
chr2	149536057	149536407	+	11	10
chr2	151294803	151295112	+	11	11
chr2	153720185	153723915	+	11	11
chr2	157664780	157665871	+	11	11
chr2	157689124	157690750	-	11	10
chr2	157692126	157695410	-	11	11
chr2	158950044	158950722	+	11	11
chr2	162256723	162258049	-	11	11
chr2	163102291	163102441	+	11	11
chr2	167948956	167949515	-	11	10
chr2	169825251	169826251	+	11	9
chr2	170967186	170969863	+	11	11
chr2	171517960	171518274	-	11	11
chr2	173875214	173876375	+	11	11
chr2	175019406	175021002	-	11	10
chr2	176095949	176096237	+	11	11
chr2	176208306	176208617	+	11	11
chr2	178178129	178181431	+	11	11
chr2	181418411	181420291	+	11	11
chr2	185601718	185602378	+	11	10
chr2	185606705	185607557	+	11	9
chr2	185651820	185653276	+	11	8
chr2	185932267	185933192	+	11	10
chr2	190383269	190384937	-	11	11
chr2	191473765	191473876	-	11	11
chr2	191743220	191743344	-	11	11
chr2	193091995	193093648	-	11	11
chr2	194765169	194769028	-	11	11
chr2	194770050	194772015	-	11	10
chr2	194865687	194867435	-	11	10
chr2	194994688	194997198	-	11	10
chr2	195328155	195328955	-	11	10
chr2	195429089	195429434	+	11	11
chr2	196826891	196828062	-	11	10
chr2	196832244	196832988	-	11	11
chr2	202574260	202574760	-	11	10
chr2	203235756	203236514	-	11	10
chr2	203535877	203538508	+	11	11
chr2	203540150	203541343	-	11	10
chr2	203987553	203988019	+	11	11
chr2	205906026	205906168	+	11	11
chr2	205971360	205974528	-	11	10
chr2	206436711	206436814	-	11	11
chr2	214714475	214715963	-	11	8
chr2	218707734	218710710	-	11	10
chr2	218852022	218852908	-	11	10
chr2	222156111	222156842	-	11	11
chr2	227859111	227859306	-	11	11
chr2	232695909	232696860	-	11	11
chr2	233475142	233475508	-	11	11
chr2	233862664	233863833	+	11	10
chr2	240649095	240650049	+	11	10
chr2	240883801	240883969	-	11	11
chr2	241829524	241829780	+	11	11
chr3	3680792	3681842	+	11	11
chr3	5327418	5332414	+	11	11
chr3	5493143	5493713	+	11	11
chr3	9635070	9635172	+	11	11
chr3	11968739	11979522	+	11	11
chr3	14222585	14223543	+	11	10
chr3	15536991	15539304	-	11	11
chr3	17090754	17092119	+	11	11
chr3	17093746	17094232	-	11	11
chr3	17096221	17097693	-	11	11
chr3	22946090	22946189	+	11	11
chr3	24054957	24057520	-	11	11
chr3	26741313	26741445	-	11	11
chr3	28060197	28062148	+	11	10
chr3	28240345	28241450	-	11	11
chr3	32174543	32175738	-	11	10
chr3	32184290	32185222	-	11	10
chr3	36812785	36813240	-	11	11
chr3	38439328	38439708	+	11	11
chr3	39141002	39141849	-	11	11
chr3	40646591	40647004	-	11	11
chr3	41107405	41107647	-	11	11
chr3	42538709	42539153	-	11	10
chr3	46104101	46104226	-	11	11
chr3	46644394	46646721	-	11	10
chr3	49827262	49827452	+	11	11
chr3	51389411	51390548	+	11	11
chr3	51719158	51719468	+	11	9
chr3	51997581	51999291	-	11	11
chr3	52028043	52028366	-	11	10
chr3	53194928	53196456	+	11	9
chr3	61519640	61519943	+	11	10
chr3	63196916	63197168	-	11	11
chr3	70951288	70951562	+	11	11
chr3	73087070	73089070	-	11	11
chr3	73314475	73315468	+	11	9
chr3	73785499	73785745	-	11	11
chr3	82862032	82862201	+	11	11
chr3	86097671	86097795	+	11	11
chr3	86294073	86294212	+	11	11
chr3	88650150	88651260	+	11	11
chr3	90185447	90185626	-	11	11
chr3	95487152	95487442	-	11	11
chr3	98653985	98655289	+	11	11
chr3	98664670	98664784	-	11	9
chr3	98703122	98704418	-	11	11
chr3	101320788	101324106	-	11	11
chr3	103091506	103091766	+	11	11
chr3	103688768	103689076	-	11	11
chr3	104230334	104230620	+	11	11
chr3	105307936	105309301	-	11	11
chr3	108138796	108139634	-	11	11
chr3	108156828	108158178	-	11	10
chr3	108241648	108242406	+	11	10
chr3	108902627	108903652	+	11	11
chr3	113530212	113532388	-	11	11
chr3	122518309	122519958	-	11	10
chr3	122519401	122521876	+	11	10
chr3	127559423	127561511	-	11	9
chr3	129245934	129246310	+	11	11
chr3	138186068	138187114	-	11	11
chr3	138333150	138334366	+	11	11
chr3	141472712	141474955	-	11	9
chr3	141638035	141641275	+	11	11
chr3	141822692	141825458	-	11	11
chr3	143264792	143265206	-	11	10
chr3	144078261	144078579	+	11	11
chr3	144096537	144098266	+	11	11
chr3	150478410	150480304	+	11	11
chr3	157729058	157729647	+	11	11
chr3	164943304	164943453	-	11	11
chr3	166775047	166776472	+	11	11
chr3	167204240	167204623	-	11	11
chr3	167654225	167655934	-	11	10
chr3	169710473	169710547	+	11	11
chr3	170001296	170003388	+	11	11
chr3	170013679	170019676	+	11	11
chr3	172535548	172536192	-	11	10
chr3	172611507	172612938	-	11	11
chr3	177003553	177004215	+	11	11
chr3	183684931	183686752	-	11	9
chr3	184060877	184073418	-	11	10
chr3	184107047	184113993	+	11	10
chr3	185575769	185577703	+	11	11
chr3	185641170	185643024	+	11	11
chr3	186905417	186909057	-	11	7
chr3	186928006	186930284	-	11	10
chr3	191146906	191149867	-	11	8
chr3	191188474	191188760	-	11	11
chr3	191422359	191424510	+	11	10
chr3	192792886	192794201	-	11	11
chr3	193816326	193816543	+	11	11
chr3	195830963	195832161	+	11	11
chr3	196620718	196623257	+	11	10
chr4	697951	699193	+	11	10
chr4	3553714	3554969	-	11	5
chr4	5035788	5036919	-	11	11
chr4	6780628	6781349	-	11	11
chr4	7069971	7071168	+	11	11
chr4	7152322	7152419	-	11	10
chr4	7749323	7750127	+	11	9
chr4	9485539	9486137	-	11	11
chr4	10905381	10907360	+	11	10
chr4	11492849	11493864	+	11	11
chr4	12750634	12751375	+	11	10
chr4	13072072	13073036	-	11	11
chr4	13567601	13568517	-	11	11
chr4	17097962	17098227	-	11	11
chr4	17108225	17108377	+	11	11
chr4	18960059	18960181	-	11	11
chr4	24354702	24354811	+	11	11
chr4	24387326	24387928	+	11	11
chr4	25114530	25116849	-	11	10
chr4	26436995	26437186	-	11	11
chr4	27039856	27040040	-	11	11
chr4	35937089	35938021	-	11	11
chr4	36278775	36281523	-	11	9
chr4	40035982	40038612	-	11	11
chr4	47439717	47440039	-	11	10
chr4	48793707	48802624	+	11	11
chr4	48880765	48881973	-	11	9
chr4	49260301	49261534	+	11	10
chr4	55207757	55208301	+	11	11
chr4	62809023	62809869	-	11	11
chr4	63099840	63100379	+	11	11
chr4	63162283	63162475	-	11	11
chr4	66460497	66548255	+	11	11
chr4	67139793	67139975	-	11	11
chr4	71034531	71037487	-	11	11
chr4	71059627	71061804	+	11	11
chr4	73955254	73956990	-	11	11
chr4	74443378	74444655	-	11	9
chr4	75074371	75076010	-	11	11
chr4	75077194	75079704	-	11	9
chr4	75550519	75553643	+	11	10
chr4	79483977	79484117	+	11	11
chr4	83157340	83158499	-	11	10
chr4	83192406	83193930	-	11	10
chr4	83396100	83397442	+	11	10
chr4	89120884	89123601	-	11	10
chr4	89308506	89310029	+	11	9
chr4	91792736	91792864	-	11	11
chr4	102082810	102086014	+	11	10
chr4	102117798	102121242	-	11	8
chr4	103942430	103943028	-	11	11
chr4	107416499	107416607	+	11	11
chr4	108527939	108530711	-	11	11
chr4	114721619	114726089	+	11	10
chr4	116589932	116590052	-	11	11
chr4	122437682	122437861	+	11	11
chr4	122727329	122727863	-	11	11
chr4	129187334	129187817	-	11	11
chr4	129566135	129566295	+	11	11
chr4	131813833	131814165	-	11	11
chr4	133487472	133487770	+	11	11
chr4	143228944	143231823	-	11	11
chr4	145409174	145409339	-	11	11
chr4	145938823	145939506	-	11	11
chr4	146016830	146017327	-	11	11
chr4	147047582	147047721	+	11	11
chr4	147437141	147437240	+	11	11
chr4	147439008	147440018	+	11	11
chr4	151786939	151787178	-	11	11
chr4	152297549	152299377	-	11	11
chr4	154533041	154533404	+	11	11
chr4	156602183	156602317	-	11	11
chr4	158745280	158747152	-	11	11
chr4	163092095	163095295	-	11	11
chr4	163099318	163102848	-	11	8
chr4	166367420	166376263	+	11	11
chr4	167373104	167373269	+	11	11
chr4	167439951	167440850	+	11	9
chr4	170156267	170156364	+	11	11
chr4	171349873	171350930	+	11	11
chr4	173377685	173378077	-	11	11
chr4	174340987	174342445	+	11	11
chr4	174541180	174544189	+	11	9
chr4	177370340	177372810	+	11	11
chr4	177681697	177683134	+	11	11
chr4	179570797	179571083	+	11	11
chr4	180985714	180985809	+	11	11
chr4	181286822	181286943	-	11	11
chr4	183460760	183462384	-	11	8
chr4	183734228	183736557	-	11	11
chr5	1170735	1171116	+	11	9
chr5	5729729	5730697	-	11	11
chr5	12151550	12151722	-	11	11
chr5	14114313	14116630	-	11	11
chr5	14998685	14999236	+	11	9
chr5	17682380	17683537	-	11	11
chr5	19445110	19445244	+	11	11
chr5	21146676	21152091	-	11	7
chr5	23628966	23629062	-	11	11
chr5	25893032	25901914	-	11	11
chr5	29494066	29494657	-	11	11
chr5	31338085	31338190	+	11	11
chr5	32314792	32316641	+	11	11
chr5	37277798	37279593	+	11	11
chr5	46424459	46424691	+	11	11
chr5	50213967	50217195	-	11	10
chr5	50847694	50850041	-	11	11
chr5	51335456	51335581	-	11	11
chr5	51721537	51721745	-	11	11
chr5	52192537	52192671	-	11	11
chr5	53717957	53719513	+	11	10
chr5	55925148	55928940	+	11	11
chr5	58501777	58503115	+	11	11
chr5	60845116	60845989	+	11	11
chr5	62261088	62262224	+	11	11
chr5	66470298	66479008	-	11	11
chr5	67171895	67174236	+	11	11
chr5	69054934	69057239	+	11	10
chr5	69080114	69080432	+	11	11
chr5	69710615	69712539	+	11	11
chr5	71668467	71669025	+	11	11
chr5	72532125	72532520	+	11	11
chr5	76835485	76836549	+	11	10
chr5	77893681	77897871	+	11	9
chr5	80624144	80626037	-	11	11
chr5	80905584	80910035	-	11	11
chr5	83610375	83610507	-	11	11
chr5	86786367	86789345	+	11	11
chr5	91354015	91356864	+	11	11
chr5	95605207	95607865	+	11	11
chr5	99014875	99016844	+	11	11
chr5	99038593	99041250	+	11	11
chr5	100605218	100608570	+	11	9
chr5	101365292	101365557	-	11	11
chr5	101450464	101451920	-	11	11
chr5	101489133	101490448	-	11	9
chr5	102138030	102139320	-	11	10
chr5	103999274	103999405	+	11	11
chr5	105772049	105921246	-	11	11
chr5	113596163	113597370	-	11	11
chr5	113977508	113978654	-	11	11
chr5	115921968	115922299	-	11	11
chr5	119720329	119720429	+	11	11
chr5	123332343	123334771	-	11	11
chr5	132671576	132673190	+	11	10
chr5	134860166	134860975	+	11	10
chr5	135412986	135413092	-	11	11
chr5	138213951	138214826	+	11	11
chr5	138216416	138218645	+	11	11
chr5	138228037	138228249	-	11	11
chr5	140304988	140306849	+	11	11
chr5	145315104	145315364	-	11	11
chr5	150796907	150800476	+	11	9
chr5	154488320	154488497	-	11	11
chr5	154674856	154676152	-	11	11
chr5	155401231	155401937	-	11	10
chr5	157007895	157008299	+	11	9
chr5	157588507	157592604	-	11	9
chr5	157928318	157928955	-	11	11
chr5	160958587	160978437	+	11	11
chr5	161161795	161162150	-	11	11
chr5	174602598	174603591	-	11	11
chr5	175538920	175539573	+	11	11
chr5	178195273	178195911	+	11	11
chr5	179352893	179353196	+	11	11
chr5	179363053	179363284	-	11	10
chr5	180452231	180460208	+	11	11
chr6	411483	413887	+	11	10
chr6	2904469	2905617	+	11	9
chr6	2943863	2947289	-	11	11
chr6	3179766	3181087	-	11	11
chr6	5099151	5099921	-	11	10
chr6	6140871	6142140	-	11	10
chr6	6656480	6659885	-	11	11
chr6	10321094	10321240	+	11	11
chr6	14092759	14095840	+	11	9
chr6	14221500	14221949	+	11	10
chr6	15194220	15200751	+	11	11
chr6	17987804	17989901	+	11	9
chr6	20378701	20378813	+	11	11
chr6	21283068	21283576	-	11	11
chr6	24762867	24763007	+	11	10
chr6	25752685	25752917	+	11	11
chr6	26565872	26566188	-	11	3
chr6	27409084	27410546	+	11	11
chr6	27769783	27770242	+	11	11
chr6	27800177	27800417	+	11	3
chr6	28855090	28858299	-	11	8
chr6	32229263	32229364	-	11	11
chr6	32904148	32905000	+	11	11
chr6	33043799	33044011	-	11	11
chr6	33154864	33155251	-	11	11
chr6	33212789	33214356	+	11	11
chr6	33387837	33389322	+	11	11
chr6	33769534	33770938	-	11	11
chr6	34789375	34789842	-	11	11
chr6	35472950	35473284	-	11	11
chr6	37143306	37148487	+	11	11
chr6	39093419	39095424	-	11	11
chr6	39096973	39099182	-	11	9
chr6	42728723	42731570	-	11	11
chr6	42889928	42890260	-	11	11
chr6	44190326	44198471	-	11	10
chr6	45666472	45666839	+	11	10
chr6	45681593	45683098	-	11	11
chr6	45842527	45842812	-	11	11
chr6	49532715	49548073	-	11	11
chr6	53403980	53405354	-	11	11
chr6	53925585	53926116	+	11	9
chr6	55921387	55921644	+	11	11
chr6	63253127	63258933	+	11	11
chr6	63605083	63606980	+	11	8
chr6	67510827	67510985	-	11	11
chr6	70565248	70566312	-	11	9
chr6	75014401	75015525	+	11	11
chr6	76648517	76648690	+	11	11
chr6	85697892	85698607	-	11	11
chr6	85717806	85717985	+	11	11
chr6	86669813	86670138	-	11	10
chr6	87758233	87759258	+	11	11
chr6	91747016	91747910	+	11	11
chr6	99687500	99747528	+	11	11
chr6	99770440	99770563	+	11	11
chr6	102752995	102754829	-	11	11
chr6	103589626	103591220	-	11	10
chr6	106669411	106669772	-	11	11
chr6	106676110	106678747	-	11	11
chr6	107861165	107862500	-	11	9
chr6	112043824	112046480	+	11	9
chr6	115815679	115815814	+	11	11
chr6	121057973	121059934	-	11	11
chr6	121700354	121702783	+	11	8
chr6	126225777	126226114	-	11	11
chr6	129991203	129991467	+	11	11
chr6	130452162	130452753	-	11	10
chr6	132840789	132841594	+	11	10
chr6	137239228	137241786	+	11	8
chr6	138345207	138345374	+	11	11
chr6	145050088	145165877	-	11	11
chr6	145072744	145072853	+	11	11
chr6	145107389	145108296	+	11	11
chr6	149927428	149927969	-	11	10
chr6	153593885	153594190	+	11	11
chr6	153943119	153943348	-	11	11
chr6	157229344	157230384	+	11	10
chr6	158635547	158636382	+	11	11
chr6	158949121	158951296	-	11	11
chr6	163354827	163357883	+	11	9
chr6	164705496	164707757	-	11	11
chr7	975772	977825	+	11	10
chr7	1212340	1214352	-	11	11
chr7	1655757	1656972	-	11	9
chr7	1660188	1661334	+	11	10
chr7	3044264	3045352	+	11	9
chr7	5577811	5577953	-	11	11
chr7	6624796	6625147	-	11	10
chr7	6662602	6662994	-	11	10
chr7	10183016	10183366	+	11	11
chr7	10930373	10931463	-	11	10
chr7	20422832	20424577	-	11	8
chr7	21263843	21291163	-	11	11
chr7	22411070	22411444	+	11	10
chr7	27298584	27310214	-	11	10
chr7	28257462	28257563	-	11	11
chr7	32847398	32848649	-	11	11
chr7	34921265	34921453	+	11	11
chr7	36307492	36307841	+	11	11
chr7	36309865	36311239	+	11	11
chr7	38174104	38175403	-	11	8
chr7	38313872	38316599	+	11	10
chr7	38717685	38717917	+	11	11
chr7	42870310	42872302	+	11	11
chr7	42885195	42886767	+	11	10
chr7	44344056	44345804	-	11	11
chr7	44783199	44783557	-	11	9
chr7	44908886	44909202	-	11	11
chr7	44961038	44962075	+	11	11
chr7	45842793	45843244	-	11	11
chr7	49006584	49006690	-	11	11
chr7	50434377	50436719	+	11	10
chr7	50442852	50443700	+	11	10
chr7	54305110	54306358	-	11	11
chr7	55739935	55740857	-	11	10
chr7	63585309	63586768	-	11	11
chr7	64725734	64725935	-	11	11
chr7	65485058	65487949	+	11	11
chr7	72551670	72552015	-	11	11
chr7	73776796	73778100	-	11	11
chr7	76305987	76307125	-	11	11
chr7	76789874	76792146	-	11	11
chr7	77426256	77428303	-	11	11
chr7	77508166	77508859	+	11	11
chr7	77790893	77793708	+	11	11
chr7	80737046	80739131	-	11	11
chr7	80939859	80940096	-	11	11
chr7	81147103	81147351	+	11	11
chr7	81373533	81373839	+	11	11
chr7	83766693	83766847	-	11	11
chr7	84899171	84899340	+	11	11
chr7	87223244	87223596	+	11	11
chr7	89504944	89683361	-	11	11
chr7	94796277	94796391	+	11	11
chr7	96113381	96113927	-	11	11
chr7	96438231	96438393	+	11	11
chr7	97744897	97760428	+	11	11
chr7	97850203	97851156	-	11	7
chr7	99164352	99164599	+	11	11
chr7	99873612	99875508	-	11	10
chr7	99979290	99979419	+	11	11
chr7	100615990	100616440	+	11	9
chr7	100697108	100697628	+	11	11
chr7	104214719	104217033	+	11	11
chr7	106232576	106232807	+	11	11
chr7	110089188	110090011	+	11	11
chr7	111721615	111721850	+	11	11
chr7	113257821	113261148	-	11	11
chr7	115908187	115911548	-	11	9
chr7	117933848	117934148	-	11	11
chr7	118876829	118876971	+	11	11
chr7	119047689	119088670	+	11	11
chr7	119310809	119311473	-	11	11
chr7	129497936	129501733	+	11	10
chr7	129828838	129830491	-	11	11
chr7	130778528	130788251	-	11	11
chr7	134268711	134269674	-	11	11
chr7	134709379	134710747	+	11	10
chr7	137211892	137212000	+	11	11
chr7	139217867	139221038	-	11	11
chr7	140444327	140445287	+	11	9
chr7	141025655	141026056	-	11	9
chr7	141788652	141790196	+	11	11
chr7	142328988	142335333	-	11	11
chr7	142525717	142528971	-	11	11
chr7	142582567	142582855	+	11	10
chr7	142613603	142615463	+	11	10
chr7	143091032	143091160	-	11	11
chr7	143541549	143544219	-	11	11
chr7	144040351	144040967	+	11	10
chr7	146013643	146014659	-	11	11
chr7	148912751	148913094	-	11	11
chr7	149703673	149706312	-	11	11
chr7	150142382	150142915	+	11	11
chr7	150659721	150660073	+	11	9
chr7	152466713	152468110	-	11	11
chr7	153023870	153024107	+	11	11
chr7	156348665	156375218	-	11	9
chr7	157130041	157132714	-	11	11
chr7	157296116	157297072	-	11	10
chr7	158834214	158834934	-	11	11
chr7	158977040	158978673	+	11	9
chr7	159197186	159198419	-	11	9
chr8	369587	371694	-	11	6
chr8	2264357	2265887	-	11	11
chr8	6308553	6309347	+	11	11
chr8	9116756	9121373	+	11	10
chr8	11766399	11769453	-	11	11
chr8	16030174	16032431	-	11	11
chr8	17423174	17423484	+	11	11
chr8	20195458	20197197	-	11	10
chr8	20304928	20305183	+	11	11
chr8	22234602	22235926	-	11	8
chr8	23123825	23124078	+	11	11
chr8	26256683	26256807	+	11	11
chr8	26664153	26664715	-	11	10
chr8	26916878	26956676	+	11	11
chr8	27556341	27556713	-	11	10
chr8	30029742	30031532	+	11	11
chr8	31187512	31188229	+	11	11
chr8	33343754	33346214	-	11	9
chr8	33578148	33579991	-	11	11
chr8	37928287	37930936	+	11	11
chr8	38897613	38899005	+	11	10
chr8	42073234	42075728	+	11	8
chr8	42128136	42131709	-	11	8
chr8	54028056	54030264	+	11	11
chr8	56560438	56561139	+	11	9
chr8	56595935	56596704	-	11	11
chr8	57428080	57428707	-	11	11
chr8	63147304	63151109	+	11	8
chr8	63160115	63161860	-	11	11
chr8	65446450	65446603	-	11	11
chr8	69960353	69971035	-	11	11
chr8	73050888	73052122	-	11	9
chr8	75819566	75819816	-	11	11
chr8	76976723	76977443	+	11	11
chr8	77995736	77995861	-	11	11
chr8	79392175	79393078	+	11	9
chr8	79446273	79446394	+	11	10
chr8	80560221	80561680	+	11	10
chr8	81427833	81428841	+	11	11
chr8	81654978	81655579	+	11	11
chr8	83084164	83084258	+	11	11
chr8	85287068	85289147	+	11	10
chr8	90136304	90137149	+	11	11
chr8	93926293	93928658	-	11	9
chr8	97174779	97180544	-	11	10
chr8	100810969	100816188	-	11	11
chr8	101024251	101026077	-	11	11
chr8	115868848	115868987	-	11	11
chr8	116563790	116564427	+	11	11
chr8	116627886	116629537	-	11	11
chr8	116638101	116638642	+	11	11
chr8	118920228	118921449	-	11	11
chr8	123175064	123175347	-	11	11
chr8	123217841	123219405	-	11	10
chr8	123470955	123471435	-	11	10
chr8	124373257	124374834	+	11	10
chr8	124800118	124801494	+	11	11
chr8	131740664	131742856	-	11	10
chr8	131862449	131864675	-	11	10
chr8	133878466	133878571	-	11	11
chr8	134417161	134418174	+	11	11
chr8	137253430	137253708	+	11	11
chr8	138922049	138922177	-	11	11
chr8	139058739	139059055	-	11	11
chr8	139413292	139413448	+	11	11
chr8	143432397	143435512	-	11	11
chr9	767862	771118	+	11	10
chr9	772466	774022	+	11	11
chr9	1933956	1936023	-	11	11
chr9	3217337	3217662	-	11	11
chr9	6078249	6080181	-	11	10
chr9	10666751	10667604	-	11	11
chr9	11118128	11118258	-	11	11
chr9	12884067	12884622	+	11	11
chr9	14539756	14542408	-	11	9
chr9	15402603	15402870	+	11	11
chr9	22468556	22468802	+	11	11
chr9	25743721	25743941	-	11	11
chr9	34163636	34166342	-	11	9
chr9	34377816	34378616	-	11	11
chr9	34526547	34526785	-	11	11
chr9	34603395	34603682	-	11	11
chr9	36731865	36732255	+	11	11
chr9	38104812	38104907	-	11	11
chr9	38645264	38647859	-	11	11
chr9	38646422	38646638	+	11	11
chr9	39306505	39306629	+	11	11
chr9	39644755	39645168	+	11	11
chr9	40881470	40883469	-	11	11
chr9	60892639	60898516	-	11	11
chr9	61285027	61285226	+	11	11
chr9	62684102	62685720	+	11	11
chr9	63576292	63576419	+	11	11
chr9	65382370	65382936	-	11	10
chr9	67579295	67580314	-	11	11
chr9	67606036	67607188	+	11	4
chr9	69290955	69291859	+	11	11
chr9	71622389	71622476	-	11	11
chr9	71670252	71671160	+	11	11
chr9	72031100	72033442	+	11	10
chr9	75045521	75046276	+	11	11
chr9	75518496	75518626	+	11	11
chr9	76948429	76948584	-	11	11
chr9	77056874	77058838	-	11	11
chr9	80202226	80202325	+	11	11
chr9	81875950	81876136	-	11	11
chr9	81898141	81898454	+	11	11
chr9	83608331	83608622	+	11	11
chr9	83610160	83612399	-	11	11
chr9	87459347	87465559	+	11	10
chr9	88840649	88841431	-	11	10
chr9	90691709	90692415	+	11	11
chr9	92123416	92125107	+	11	11
chr9	96802557	96803897	-	11	11
chr9	97014281	97016068	-	11	11
chr9	97858123	97859132	-	11	10
chr9	97955731	97955951	-	11	11
chr9	100594454	100595039	-	11	11
chr9	100798357	100798814	+	11	11
chr9	104967689	104967896	+	11	9
chr9	108286958	108287340	+	11	11
chr9	108691457	108693727	-	11	11
chr9	108720361	108720733	-	11	11
chr9	108732024	108732468	+	11	11
chr9	108754293	108756808	-	11	10
chr9	110809885	110810459	-	11	9
chr9	110860865	110861427	-	11	11
chr9	111679609	111680700	-	11	11
chr9	111951470	111954218	+	11	11
chr9	112896826	112897822	-	11	11
chr9	113016768	113019378	+	11	11
chr9	113624628	113624751	-	11	11
chr9	120237207	120239973	-	11	9
chr9	122725541	122727228	-	11	10
chr9	122841544	122843606	+	11	10
chr9	125375644	125376862	-	11	11
chr9	127417369	127419028	-	11	10
chr9	127784982	127785644	-	11	10
chr9	127989994	127995549	-	11	10
chr9	128439212	128441049	+	11	11
chr9	128783883	128784468	+	11	10
chr9	130513932	130514102	-	11	11
chr9	130540235	130554156	+	11	11
chr9	130968771	130968875	+	11	11
chr9	132695362	132697690	+	11	11
chr9	134075905	134077236	+	11	11
chr9	136162556	136162834	+	11	11
chr9	136632393	136633928	+	11	10
chr9	137084576	137084920	+	11	10
chr9	138124901	138125017	-	11	11
chr10	8979884	8980240	+	11	9
chr10	13274236	13274619	-	11	11
chr10	15429084	15429403	+	11	11
chr10	16127394	16128504	-	11	11
chr10	20289888	20291736	+	11	11
chr10	21376057	21387350	-	11	11
chr10	22011573	22012021	-	11	11
chr10	22196660	22197985	+	11	11
chr10	23158606	23159877	-	11	11
chr10	26910705	26916577	+	11	11
chr10	29744281	29745994	+	11	11
chr10	30300918	30301703	-	11	10
chr10	32256104	32257623	+	11	10
chr10	33138479	33140374	-	11	11
chr10	37948411	37949504	+	11	10
chr10	42099961	42104350	-	11	11
chr10	42922406	42923917	-	11	6
chr10	43510636	43510806	-	11	11
chr10	44995924	44997251	+	11	11
chr10	46088708	46090934	+	11	11
chr10	46102299	46105546	+	11	11
chr10	47763624	47765020	+	11	11
chr10	56724611	56724804	+	11	11
chr10	57255461	57255844	-	11	11
chr10	58190572	58191510	-	11	11
chr10	62977122	62977564	+	11	11
chr10	67764619	67766332	-	11	10
chr10	70451499	70452979	+	11	11
chr10	75241167	75241823	-	11	10
chr10	77950239	77953046	-	11	10
chr10	79361637	79363139	-	11	11
chr10	80097413	80097512	-	11	11
chr10	80376117	80376266	+	11	11
chr10	81579883	81609810	+	11	11
chr10	81604844	81604970	-	11	11
chr10	84107344	84107482	+	11	11
chr10	85363513	85363638	-	11	11
chr10	88631607	88631794	-	11	11
chr10	92428181	92428798	+	11	11
chr10	94620306	94621247	-	11	11
chr10	95702933	95704258	-	11	11
chr10	97766440	97766748	+	11	10
chr10	97783047	97785080	+	11	11
chr10	100021775	100037460	-	11	11
chr10	101204371	101208389	-	11	11
chr10	110305778	110306246	-	11	9
chr10	113256192	113258969	-	11	11
chr10	113677902	113678111	-	11	10
chr10	117873198	117873711	-	11	11
chr10	117987123	117989469	-	11	11
chr10	118667284	118668626	+	11	11
chr10	119950906	119952328	+	11	11
chr10	121978889	121980899	+	11	11
chr10	125266147	125266247	-	11	11
chr10	133034871	133037305	+	11	10
chr11	1058283	1059006	+	11	11
chr11	1315091	1318004	-	11	9
chr11	1709268	1709693	+	11	11
chr11	1806046	1807124	+	11	11
chr11	2277383	2280419	-	11	11
chr11	9640367	9640504	+	11	11
chr11	13525088	13526983	+	11	10
chr11	13537176	13537671	+	11	11
chr11	18257674	18261339	-	11	10
chr11	18654985	18657104	-	11	11
chr11	23080565	23083609	-	11	11
chr11	23298136	23300267	-	11	11
chr11	26921109	26953358	-	11	11
chr11	26965953	26968103	+	11	11
chr11	32860295	32861441	+	11	8
chr11	35661506	35662493	-	11	10
chr11	38078098	38078269	+	11	11
chr11	39880495	39881311	-	11	11
chr11	46121850	46123026	-	11	11
chr11	46186152	46186391	+	11	11
chr11	47882341	47885617	-	11	11
chr11	47971287	47971455	-	11	10
chr11	48181701	48182648	+	11	11
chr11	57662081	57664502	-	11	11
chr11	58241408	58241537	-	11	11
chr11	58467882	58468895	-	11	10
chr11	60051544	60052447	+	11	11
chr11	60488282	60488409	+	11	11
chr11	60967803	60971602	-	11	9
chr11	61181976	61182691	-	11	11
chr11	61194617	61196393	-	11	11
chr11	61922064	61933638	-	11	10
chr11	61948885	61949820	-	11	8
chr11	63347013	63347651	-	11	10
chr11	63520438	63520793	-	11	11
chr11	63835556	63837047	+	11	11
chr11	65061914	65062200	-	11	11
chr11	65781041	65781876	+	11	11
chr11	66014171	66014813	+	11	9
chr11	66571015	66571874	+	11	11
chr11	66846780	66848159	+	11	11
chr11	67653617	67655801	+	11	7
chr11	67968461	67971278	-	11	10
chr11	68144302	68149334	+	11	11
chr11	68213943	68217257	+	11	10
chr11	68217759	68224547	-	11	10
chr11	68249050	68250457	-	11	8
chr11	68850892	68853112	+	11	10
chr11	68866083	68866351	+	11	11
chr11	72144892	72146916	+	11	11
chr11	74670942	74671619	-	11	11
chr11	76168071	76168313	-	11	11
chr11	76425523	76425870	+	11	8
chr11	80636587	80636686	-	11	11
chr11	85656611	85657635	-	11	11
chr11	90094577	90095037	-	11	11
chr11	93269678	93272431	-	11	10
chr11	93311211	93311394	+	11	11
chr11	95135591	95137395	+	11	10
chr11	95400875	95403456	-	11	8
chr11	98522697	98522993	-	11	11
chr11	101374626	101375525	-	11	11
chr11	103897631	103899512	-	11	10
chr11	105983920	105985606	-	11	10
chr11	107223371	107228023	-	11	10
chr11	110469146	110470593	-	11	11
chr11	110502667	110516590	-	11	11
chr11	111317523	111320317	-	11	10
chr11	111568127	111569260	+	11	11
chr11	116802302	116802473	+	11	11
chr11	118281267	118282018	+	11	11
chr11	121291415	121292466	+	11	10
chr11	121404058	121407046	+	11	10
chr11	125043436	125043656	-	11	10
chr11	126091745	126091974	+	11	11
chr11	126188910	126195855	-	11	11
chr11	127576152	127577315	-	11	11
chr11	133893821	133894245	-	11	11
chr11	133958737	133960799	+	11	10
chr12	10196	12290	-	11	11
chr12	1515950	1516884	-	11	9
chr12	4094569	4097235	-	11	11
chr12	6404814	6405874	+	11	11
chr12	6407319	6408970	+	11	11
chr12	6851404	6852087	+	11	10
chr12	7722036	7724599	-	11	8
chr12	7761724	7762055	-	11	11
chr12	10066782	10069522	-	11	11
chr12	10133863	10136467	+	11	9
chr12	10410146	10411533	+	11	10
chr12	10674400	10674976	+	11	8
chr12	11332259	11335869	-	11	11
chr12	11930732	11935270	+	11	10
chr12	12045765	12046789	+	11	11
chr12	12471576	12473261	-	11	11
chr12	12605807	12606667	-	11	10
chr12	12918676	12921137	-	11	11
chr12	14306735	14309366	-	11	11
chr12	19762303	19762880	+	11	11
chr12	21522809	21524103	+	11	11
chr12	24604444	24604732	-	11	11
chr12	24984750	24984865	-	11	11
chr12	28585335	28586441	+	11	11
chr12	31780990	31789651	+	11	10
chr12	37577993	37578094	+	11	11
chr12	37788774	37789869	+	11	11
chr12	39261630	39262021	+	11	11
chr12	41182026	41182152	-	11	11
chr12	41666466	41667348	-	11	11
chr12	41673298	41674517	+	11	11
chr12	41695704	41695811	+	11	11
chr12	47236978	47237685	-	11	10
chr12	48033241	48036170	-	11	10
chr12	50489317	50490021	+	11	11
chr12	51876347	51876565	+	11	11
chr12	53250321	53251229	-	11	9
chr12	53346932	53357353	-	11	11
chr12	54548714	54549258	-	11	11
chr12	55730986	55731785	+	11	11
chr12	55875035	55875179	-	11	11
chr12	56058496	56060274	+	11	8
chr12	56408344	56408624	-	11	11
chr12	56493256	56493474	-	11	11
chr12	57052763	57055592	-	11	11
chr12	58058362	58058853	-	11	11
chr12	58336916	58337516	-	11	6
chr12	61617451	61617601	-	11	11
chr12	62418466	62420971	-	11	10
chr12	62425273	62426813	-	11	11
chr12	62938107	62938679	+	11	11
chr12	66173838	66174166	-	11	8
chr12	74575224	74575417	+	11	10
chr12	74748291	74748807	-	11	11
chr12	75435151	75437342	-	11	10
chr12	76148012	76148243	+	11	11
chr12	76753474	76753799	-	11	11
chr12	76894742	76895483	+	11	11
chr12	88200298	88202312	+	11	10
chr12	88277856	88278010	-	11	11
chr12	88434928	88435063	+	11	11
chr12	92407002	92407483	+	11	8
chr12	96152644	96153018	-	11	11
chr12	96177805	96191487	-	11	11
chr12	97625770	97625986	-	11	11
chr12	98306355	98307819	-	11	9
chr12	100347692	100348569	+	11	11
chr12	108280261	108280923	+	11	11
chr12	108585360	108585904	-	11	11
chr12	112388780	112390634	-	11	10
chr12	112512427	112515461	+	11	11
chr12	115803994	115804132	-	11	10
chr12	115888004	115889432	+	11	11
chr12	117036805	117037203	+	11	11
chr12	120917558	120924464	-	11	10
chr12	121077419	121077549	+	11	11
chr12	122635901	122637104	+	11	10
chr12	124734606	124735843	+	11	11
chr12	124936658	124937514	+	11	11
chr12	127674848	127688456	+	11	11
chr12	128831486	128833417	+	11	11
chr12	128847474	128848980	-	11	10
chr12	129016675	129018656	+	11	10
chr13	20128689	20129591	+	11	10
chr13	22499244	22499754	-	11	10
chr13	22744052	22744143	+	11	10
chr13	24395100	24398039	+	11	10
chr13	26916703	26916853	+	11	11
chr13	31185614	31186239	-	11	11
chr13	31597850	31599926	-	11	11
chr13	34181927	34182080	+	11	11
chr13	39986543	39987568	-	11	11
chr13	41109062	41110439	+	11	10
chr13	42872982	42875852	-	11	10
chr13	43120407	43120612	-	11	11
chr13	45945712	45946609	-	11	9
chr13	46755425	46758088	-	11	10
chr13	47115348	47115565	+	11	11
chr13	47741295	47742151	+	11	11
chr13	49634894	49635738	-	11	11
chr13	54545422	54561537	+	11	11
chr13	57422422	57425071	+	11	11
chr13	63121840	63122147	-	11	10
chr13	65351632	65351806	-	11	11
chr13	71257139	71257346	-	11	11
chr13	80438616	80439249	+	11	8
chr13	81066176	81068170	-	11	11
chr13	81397118	81397245	+	11	11
chr13	82026335	82118409	-	11	11
chr13	83375252	83375365	+	11	10
chr13	97477586	97478979	-	11	11
chr13	98583055	98585463	+	11	10
chr13	99089783	99093777	-	11	11
chr13	99427862	99429207	-	11	11
chr13	99573566	99574527	-	11	11
chr13	100002870	100003164	-	11	11
chr13	100589897	100590108	-	11	11
chr13	106536280	106540157	-	11	11
chr13	106896358	106896521	-	11	11
chr13	108000136	108000274	+	11	11
chr13	110734166	110734874	+	11	11
chr13	110736310	110741084	+	11	11
chr14	19397815	19397964	-	11	10
chr14	21721787	21723706	-	11	10
chr14	21754952	21756650	+	11	8
chr14	22096771	22097187	+	11	11
chr14	22124289	22125310	+	11	9
chr14	23936661	23937337	-	11	11
chr14	25404739	25404888	-	11	11
chr14	32202234	32206045	+	11	11
chr14	42152731	42152835	+	11	11
chr14	42275454	42281312	-	11	11
chr14	44705086	44707064	-	11	11
chr14	48056519	48089573	+	11	11
chr14	48658563	48658658	-	11	11
chr14	48940754	48941280	-	11	11
chr14	53014626	53017012	+	11	11
chr14	54451581	54454224	-	11	9
chr14	55490397	55493783	-	11	9
chr14	55704149	55705232	+	11	11
chr14	56101017	56104201	-	11	11
chr14	61119539	61121202	-	11	8
chr14	61120357	61123502	+	11	10
chr14	63574525	63576999	+	11	11
chr14	67439023	67440252	-	11	9
chr14	69816911	69818372	+	11	8
chr14	74278936	74280591	+	11	11
chr14	74923413	74925888	+	11	8
chr14	75177727	75178226	-	11	10
chr14	76087870	76090644	+	11	11
chr14	82475223	82475493	+	11	11
chr14	84339134	84411622	+	11	11
chr14	87130856	87131038	-	11	11
chr14	90392182	90394016	-	11	9
chr14	91951268	91952299	-	11	11
chr14	92901768	92902161	-	11	10
chr14	94010396	94010501	-	11	11
chr14	94932930	94933133	-	11	11
chr14	95518026	95521719	+	11	11
chr14	97807239	97807754	+	11	10
chr14	98020953	98021152	+	11	11
chr14	99130314	99131535	+	11	10
chr14	103252997	103254425	+	11	11
chr14	103280117	103281471	-	11	8
chr14	105203669	105207867	-	11	11
chr14	105633820	105634951	+	11	7
chr15	22836955	22838564	+	11	11
chr15	34112177	34114197	-	11	9
chr15	34447722	34448374	-	11	11
chr15	35077517	35077985	-	11	11
chr15	35176415	35177519	+	11	11
chr15	38370326	38370643	+	11	11
chr15	40479034	40480693	+	11	10
chr15	40578287	40579734	-	11	11
chr15	40874975	40875846	+	11	11
chr15	41176321	41177329	-	11	11
chr15	43869309	43870460	+	11	11
chr15	45303200	45316036	-	11	11
chr15	48343993	48344696	+	11	11
chr15	48346959	48348405	-	11	11
chr15	48400853	48400973	+	11	11
chr15	50827222	50828554	-	11	11
chr15	52539013	52539217	+	11	10
chr15	55152954	55153283	-	11	11
chr15	55824626	55824981	-	11	11
chr15	60337818	60338494	-	11	10
chr15	62223144	62224150	-	11	6
chr15	62930705	62930855	-	11	11
chr15	65115423	65117378	+	11	11
chr15	65892210	65895067	+	11	11
chr15	67538082	67540472	+	11	11
chr15	68751573	68754222	-	11	10
chr15	73439571	73439816	-	11	11
chr15	74519467	74520554	+	11	9
chr15	78556023	78557230	+	11	11
chr15	78748780	78749756	-	11	11
chr15	82097953	82100115	-	11	11
chr15	84666646	84667722	+	11	11
chr15	85236175	85239763	-	11	7
chr15	89085456	89086744	-	11	9
chr15	101143870	101144644	-	11	11
chr16	636379	636622	+	11	11
chr16	757315	757471	+	11	11
chr16	2868640	2869124	+	11	10
chr16	2870371	2870499	-	11	11
chr16	9082318	9083985	-	11	11
chr16	10833709	10835512	-	11	8
chr16	10858711	10861040	+	11	11
chr16	17613252	17613518	+	11	11
chr16	22636633	22681366	-	11	11
chr16	23600468	23602227	-	11	11
chr16	23832306	23832476	+	11	10
chr16	24836201	24838972	-	11	9
chr16	27296628	27297895	-	11	11
chr16	27396963	27398684	+	11	11
chr16	28371994	28374049	+	11	11
chr16	28499132	28499358	+	11	11
chr16	28967220	28968862	-	11	10
chr16	28991222	28991731	-	11	11
chr16	29765168	29776693	+	11	10
chr16	32098354	32098535	+	11	11
chr16	50043872	50045256	+	11	10
chr16	50236120	50240182	-	11	10
chr16	52143423	52193980	-	11	11
chr16	52800136	52887265	-	11	11
chr16	56591181	56591401	+	11	11
chr16	57369283	57370943	-	11	11
chr16	57591798	57592527	-	11	9
chr16	58648830	58654109	+	11	11
chr16	60729651	60729789	-	11	11
chr16	60766021	60766174	-	11	11
chr16	61027233	61027392	+	11	11
chr16	63628090	63693609	-	11	11
chr16	63991463	64052846	+	11	11
chr16	67437609	67437888	-	11	8
chr16	67639233	67643913	+	11	10
chr16	67670794	67672185	+	11	11
chr16	68735717	68735851	-	11	10
chr16	72004101	72004211	+	11	11
chr16	75201127	75203444	+	11	6
chr16	77527171	77528395	+	11	11
chr16	77761702	77762019	-	11	11
chr16	79459028	79461215	-	11	9
chr16	79560586	79561662	-	11	11
chr16	82367845	82368079	+	11	11
chr16	82449053	82449245	-	11	11
chr16	84676524	84677079	+	11	11
chr16	88447612	88447871	+	11	10
chr16	88862695	88863023	-	11	11
chr16	89030930	89033223	-	11	9
chr17	743000	744219	+	11	11
chr17	982921	983577	+	11	11
chr17	3044678	3045061	+	11	9
chr17	3048160	3050878	+	11	10
chr17	4646428	4649622	+	11	11
chr17	4726108	4728256	+	11	10
chr17	4824190	4824881	-	11	11
chr17	7022254	7023017	-	11	10
chr17	7180180	7181423	+	11	11
chr17	7541630	7542357	+	11	11
chr17	8406760	8408067	+	11	11
chr17	9906150	9907406	+	11	11
chr17	11067501	11067649	-	11	11
chr17	11577403	11577523	+	11	11
chr17	12474248	12474415	-	11	11
chr17	15142774	15143017	+	11	11
chr17	15424947	15426384	-	11	11
chr17	15685094	15685292	-	11	11
chr17	15688397	15690842	+	11	11
chr17	16359912	16363497	-	11	10
chr17	16610066	16613185	+	11	11
chr17	19047634	19048905	-	11	8
chr17	19396276	19398204	-	11	11
chr17	19730357	19730674	+	11	8
chr17	19982449	19984119	+	11	9
chr17	20763857	20767819	+	11	10
chr17	21770436	21770604	-	11	10
chr17	21942822	21943200	-	11	11
chr17	22636905	22650861	+	11	11
chr17	22741671	22742222	+	11	11
chr17	26964130	26964272	+	11	11
chr17	27216457	27217619	-	11	10
chr17	27291677	27293812	-	11	9
chr17	29223180	29224701	-	11	11
chr17	29233612	29235525	+	11	10
chr17	30301870	30302176	-	11	11
chr17	34925064	34927022	+	11	10
chr17	35205214	35206811	-	11	10
chr17	35434159	35434842	+	11	10
chr17	35730066	35730462	+	11	11
chr17	36271804	36272845	-	11	11
chr17	36631612	36633514	+	11	10
chr17	38994790	38995827	-	11	11
chr17	39168706	39170450	+	11	10
chr17	39610150	39610893	+	11	11
chr17	39887281	39887512	-	11	10
chr17	40195868	40198090	-	11	11
chr17	41716226	41717447	-	11	10
chr17	42529528	42530740	+	11	11
chr17	42677698	42678124	-	11	11
chr17	43716380	43717880	+	11	11
chr17	44067701	44070489	+	11	11
chr17	44068404	44070614	-	11	11
chr17	48954845	48958315	+	11	10
chr17	48988378	48989084	-	11	11
chr17	49859722	49860259	-	11	11
chr17	50475052	50475804	-	11	9
chr17	50716720	50719012	+	11	11
chr17	55211808	55212155	-	11	11
chr17	55215232	55216726	+	11	10
chr17	55447527	55448561	-	11	11
chr17	57060702	57061974	+	11	11
chr17	57069292	57071095	-	11	11
chr17	57969186	57970477	+	11	11
chr17	58417739	58420050	+	11	11
chr17	61430469	61430564	-	11	11
chr17	66280542	66282658	-	11	10
chr17	67767234	67769284	-	11	11
chr17	68027663	68027952	+	11	11
chr17	71058292	71058678	+	11	11
chr17	71420361	71420435	+	11	11
chr17	74490704	74493076	-	11	11
chr17	74985740	74987249	-	11	11
chr17	77023238	77044997	+	11	11
chr17	77239366	77253258	+	11	10
chr17	77515654	77516182	-	11	11
chr17	78632221	78632664	-	11	11
chr17	79088636	79089328	+	11	10
chr17	80100735	80101159	-	11	10
chr17	80977635	80979334	-	11	11
chr17	82512242	82513008	+	11	11
chr18	826807	829808	-	11	10
chr18	2839600	2839831	-	11	11
chr18	8574771	8576452	-	11	11
chr18	9623675	9624283	-	11	11
chr18	11157552	11158555	-	11	11
chr18	11615862	11617180	-	11	11
chr18	11960346	11961525	+	11	11
chr18	20938458	20941617	-	11	11
chr18	21967510	21967731	+	11	11
chr18	22280638	22282317	-	11	10
chr18	23130078	23134445	-	11	10
chr18	25024426	25024559	+	11	11
chr18	25993594	25996314	+	11	9
chr18	27613934	27614098	+	11	11
chr18	29463801	29478657	-	11	11
chr18	35175840	35178604	+	11	10
chr18	35217391	35230944	-	11	11
chr18	38150943	38151208	-	11	11
chr18	40840399	40840568	+	11	10
chr18	43395176	43395441	-	11	11
chr18	49466059	49466674	+	11	11
chr18	50956974	50959252	-	11	11
chr18	51160076	51161412	+	11	11
chr18	51165840	51167205	+	11	11
chr18	51703137	51704643	-	11	10
chr18	53971417	53974833	-	11	10
chr18	54019310	54022148	-	11	8
chr18	57224811	57224945	-	11	11
chr18	57622256	57624402	-	11	9
chr18	60288814	60288989	-	11	11
chr18	60924345	60924615	+	11	11
chr18	62680226	62684993	-	11	11
chr18	63428023	63428455	-	11	5
chr18	69996387	69996713	+	11	11
chr18	70785502	70787813	+	11	10
chr18	71953102	71954014	-	11	11
chr18	72192977	72193104	+	11	11
chr18	72387980	72388082	+	11	10
chr18	74160842	74163363	+	11	11
chr18	75084261	75084629	+	11	11
chr18	76282794	76283591	-	11	10
chr18	76759589	76760911	-	11	11
chr18	79561333	79563393	-	11	10
chr19	180134	180298	-	11	11
chr19	294449	298185	-	11	11
chr19	1605558	1607719	+	11	10
chr19	3085640	3088464	+	11	10
chr19	3501226	3501983	+	11	7
chr19	3593740	3594449	-	11	10
chr19	6294153	6296461	-	11	10
chr19	6300927	6303086	+	11	11
chr19	7562353	7564204	-	11	10
chr19	7713042	7726275	+	11	11
chr19	7749196	7750084	+	11	6
chr19	7785428	7786418	-	11	11
chr19	9289916	9290984	+	11	10
chr19	9596469	9600095	-	11	11
chr19	11365857	11366711	+	11	10
chr19	11619355	11625143	-	11	11
chr19	11706069	11706907	-	11	8
chr19	14063550	14065948	-	11	11
chr19	14301673	14304299	+	11	11
chr19	15066350	15077091	+	11	11
chr19	16159328	16160714	-	11	10
chr19	16826726	16829255	-	11	10
chr19	17590124	17590653	+	11	9
chr19	18556464	18557461	+	11	11
chr19	20331792	20334284	-	11	9
chr19	20819823	20822455	-	11	10
chr19	21222907	21224447	+	11	8
chr19	21706625	21709101	-	11	11
chr19	24138382	24139393	+	11	10
chr19	29600247	29601448	-	11	11
chr19	32685383	32686619	+	11	11
chr19	33066923	33067047	+	11	11
chr19	33229190	33229331	+	11	11
chr19	35216067	35218316	-	11	10
chr19	36247733	36250586	+	11	10
chr19	36381059	36383035	-	11	11
chr19	38784881	38785113	-	11	11
chr19	39524272	39527068	-	11	11
chr19	40106908	40110404	-	11	9
chr19	40662972	40665889	+	11	11
chr19	41207724	41211733	+	11	11
chr19	41440739	41443154	+	11	10
chr19	42807310	42808909	-	11	11
chr19	42809279	42810935	+	11	11
chr19	44161112	44162443	-	11	11
chr19	44189584	44190684	-	11	9
chr19	44826798	44827883	+	11	11
chr19	45652959	45657013	+	11	11
chr19	45908122	45908598	-	11	11
chr19	46857735	46858685	+	11	11
chr19	47248699	47255564	+	11	11
chr19	50729894	50731245	-	11	11
chr19	50766768	50770170	-	11	9
chr19	52428627	52428782	-	11	11
chr19	53990395	53991383	-	11	11
chr19	54799439	54801111	+	11	8
chr19	54849309	54850273	-	11	11
chr19	55259719	55261619	-	11	10
chr19	55475591	55476579	-	11	10
chr19	56165521	56168768	-	11	11
chr19	57919855	57921859	+	11	11
chr19	57955552	57958207	-	11	10
chr19	58225755	58227293	-	11	10
chr20	2782499	2783791	+	11	11
chr20	4214301	4217428	+	11	11
chr20	4707136	4709088	+	11	11
chr20	5032487	5033538	-	11	10
chr20	5628362	5633878	-	11	8
chr20	6062722	6063057	-	11	10
chr20	7293857	7293958	-	11	11
chr20	12324016	12326828	+	11	10
chr20	17189505	17189636	-	11	11
chr20	17682311	17685165	+	11	9
chr20	18203767	18206575	+	11	9
chr20	18561548	18564327	-	11	11
chr20	21276333	21278443	+	11	10
chr20	21292967	21293211	-	11	11
chr20	21547298	21549261	+	11	9
chr20	22528403	22528543	-	11	11
chr20	23139927	23140071	+	11	10
chr20	23157188	23157883	-	11	11
chr20	23250930	23251041	+	11	11
chr20	23590117	23591696	+	11	11
chr20	24696995	24697565	-	11	7
chr20	25592366	25595358	+	11	10
chr20	28776277	28776585	-	11	11
chr20	29123285	29124023	+	11	7
chr20	30812033	30815045	+	11	11
chr20	30812371	30812531	-	11	11
chr20	30836749	30839652	+	11	9
chr20	31433615	31434801	+	11	11
chr20	32748428	32760528	+	11	11
chr20	33185034	33186991	+	11	11
chr20	33335100	33337866	-	11	10
chr20	34834966	34836911	-	11	11
chr20	36746434	36750663	+	11	11
chr20	37441494	37443473	-	11	11
chr20	39046690	39047014	-	11	11
chr20	41842351	41886909	+	11	11
chr20	43812962	43814687	-	11	11
chr20	43910166	43910441	-	11	11
chr20	45819325	45820720	-	11	10
chr20	49606398	49607355	-	11	11
chr20	50964512	50966277	-	11	11
chr20	52003924	52006893	-	11	11
chr20	53515066	53517046	-	11	9
chr20	55083072	55084191	+	11	11
chr20	59011054	59012406	-	11	11
chr20	59512896	59514972	-	11	3
chr20	62074769	62075266	-	11	9
chr20	62204176	62205726	-	11	10
chr20	63575631	63577498	-	11	11
chr20	64042444	64043647	-	11	11
chr20	64072388	64072710	-	11	10
chr21	5130626	5130870	+	11	10
chr21	6148725	6151643	+	11	11
chr21	10742952	10745571	+	11	11
chr21	17390404	17390558	-	11	11
chr21	20826852	20827047	-	11	11
chr21	28913613	28916542	-	11	10
chr21	32613264	32615770	-	11	11
chr21	34052677	34054531	+	11	11
chr21	36016656	36020274	+	11	11
chr21	37537966	37539009	-	11	11
chr21	38718079	38719643	+	11	11
chr21	41419417	41420014	+	11	11
chr21	43264112	43266948	+	11	11
chr21	43785185	43789072	+	11	10
chr21	44268789	44271793	-	11	11
chr21	46622747	46623804	+	11	11
chr21	46665905	46667041	+	11	11
chr22	10643289	10644093	+	11	11
chr22	10767900	10768179	-	11	11
chr22	12600641	12601928	-	11	11
chr22	17165495	17167931	+	11	11
chr22	18603519	18604838	+	11	10
chr22	18612263	18613124	+	11	11
chr22	18617930	18619090	+	11	11
chr22	19576052	19576165	+	11	11
chr22	22087453	22087827	-	11	9
chr22	22287504	22289234	+	11	10
chr22	22414640	22417815	+	11	4
chr22	22421677	22422404	+	11	8
chr22	23165767	23166100	+	11	10
chr22	27610429	27610632	+	11	11
chr22	27847258	27847795	+	11	11
chr22	29191137	29193680	+	11	11
chr22	29585816	29587718	+	11	10
chr22	32500544	32502922	+	11	11
chr22	35370456	35371394	+	11	10
chr22	35737143	35737412	+	11	11
chr22	36093530	36094955	-	11	11
chr22	36269073	36270917	+	11	11
chr22	37798552	37801797	+	11	11
chr22	38928359	38930193	+	11	10
chr22	39104095	39108573	-	11	10
chr22	39532932	39534522	+	11	10
chr22	42071882	42073697	-	11	10
chr22	42748271	42751884	-	11	11
chr22	42756308	42757428	-	11	7
chr22	44481854	44482437	-	11	11
chr22	44552761	44554158	+	11	11
chr22	44653686	44660124	+	11	11
chr22	45130047	45132917	+	11	10
chr22	45304215	45305880	-	11	11
chr22	45860976	45863752	-	11	11
chr22	45900146	45901568	+	11	11
chr22	46679799	46682061	-	11	11
chr22	48166348	48166444	-	11	11
chr22	49069730	49069919	-	11	8
chr22	50328368	50330148	-	11	10
chr22	50638467	50640675	+	11	11
chrX	3949727	3949949	+	11	11
chrX	6578285	6602687	-	11	11
chrX	12742547	12787325	+	11	11
chrX	12936659	12939315	+	11	10
chrX	12964770	12965962	-	11	11
chrX	15890079	15891806	+	11	10
chrX	16111083	16114186	-	11	9
chrX	17230090	17230271	-	11	11
chrX	20363193	20364666	+	11	8
chrX	21889075	21892386	-	11	11
chrX	30818473	30820713	-	11	8
chrX	39987449	39987603	+	11	11
chrX	40555054	40555349	+	11	11
chrX	40606950	40610092	-	11	10
chrX	40768750	40769308	-	11	11
chrX	42833829	42833951	-	11	11
chrX	43001303	43002141	-	11	11
chrX	44436557	44436882	+	11	11
chrX	44517850	44521800	-	11	10
chrX	44627152	44630717	+	11	11
chrX	44855291	44857658	-	11	10
chrX	46003179	46003280	-	11	10
chrX	47550612	47551429	+	11	11
chrX	48452337	48453920	-	11	11
chrX	48960246	48960785	+	11	11
chrX	49857744	49857910	-	11	11
chrX	49884824	49885434	-	11	10
chrX	52103093	52104847	-	11	11
chrX	52175738	52183281	+	11	11
chrX	52836614	52840270	+	11	11
chrX	53011344	53023030	-	11	11
chrX	53509687	53510820	-	11	9
chrX	56291761	56294613	+	11	11
chrX	57769098	57778839	-	11	8
chrX	57953423	57955085	+	11	9
chrX	62594683	62594961	+	11	11
chrX	62985177	62986466	-	11	11
chrX	63184537	63185524	+	11	11
chrX	64172798	64173771	+	11	11
chrX	64403201	64404213	+	11	11
chrX	68479284	68479380	+	11	11
chrX	69458981	69460586	-	11	11
chrX	71013855	71016154	+	11	11
chrX	71687636	71687850	-	11	11
chrX	75735739	75737469	-	11	8
chrX	76367685	76373822	-	11	11
chrX	76401986	76402185	+	11	11
chrX	76582650	76583409	-	11	11
chrX	77246935	77247139	+	11	11
chrX	77249814	77250191	+	11	11
chrX	77788536	77791371	+	11	11
chrX	78977789	78984173	+	11	9
chrX	79357156	79360094	+	11	11
chrX	79395603	79396476	-	11	10
chrX	79472104	79474125	+	11	10
chrX	79927854	79929847	+	11	11
chrX	81099975	81104938	-	11	6
chrX	81342566	81343997	+	11	11
chrX	82497000	82497406	-	11	11
chrX	82731267	82731805	-	11	11
chrX	83006239	83006475	+	11	11
chrX	87445646	87445747	-	11	11
chrX	88428368	88492149	-	11	11
chrX	94495958	94496336	-	11	11
chrX	94798988	94799118	+	11	11
chrX	98287730	98289353	-	11	11
chrX	98436389	98436536	-	11	11
chrX	100937070	100938881	-	11	10
chrX	100957667	100958775	-	11	11
chrX	101417097	101418122	-	11	11
chrX	101540721	101546216	+	11	11
chrX	101644785	101645148	+	11	11
chrX	102144235	102148552	-	11	9
chrX	107050741	107051893	-	11	9
chrX	108719154	108719476	+	11	11
chrX	110599338	110599494	-	11	11
chrX	110816946	110817797	-	11	10
chrX	113324980	113338917	-	11	10
chrX	113462153	113462303	-	11	11
chrX	114149097	114149319	-	11	10
chrX	114492324	114492488	-	11	11
chrX	114565082	114569952	+	11	11
chrX	115986892	115987046	+	11	11
chrX	118341703	118343364	+	11	11
chrX	119739626	119743174	+	11	10
chrX	120641331	120641510	-	11	11
chrX	125612899	125614586	-	11	11
chrX	125793854	125874232	-	11	11
chrX	129769805	129770675	+	11	10
chrX	129969473	129972206	-	11	9
chrX	130427163	130428392	+	11	11
chrX	134368618	134370459	+	11	7
chrX	134444486	134447495	-	11	11
chrX	134454232	134456472	+	11	10
chrX	136559859	136562654	-	11	9
chrX	136823704	136826589	+	11	11
chrX	138232241	138232360	+	11	11
chrX	139254101	139254233	+	11	11
chrX	140233410	140233607	+	11	11
chrX	143006176	143006405	+	11	11
chrX	144323003	144323312	-	11	11
chrX	145362970	145364886	-	11	11
chrX	145900181	145913340	-	11	11
chrX	146052321	146052732	-	11	11
chrX	147047632	147048022	+	11	11
chrX	147147845	147147949	+	11	11
chrX	147725932	147727147	-	11	11
chrX	147954456	147955634	+	11	9
chrX	149914368	149916179	-	11	11
chrX	151409838	151410245	+	11	11
chrX	152008696	152009879	+	11	11
chrX	152033627	152033855	-	11	11
chrX	155392137	155393031	-	11	11
chrY	1212877	1216050	-	11	10
chrY	1549440	1551775	+	11	10
chrY	4409286	4409472	-	11	11
chrY	4818312	4819168	+	11	11
chrY	4926078	4926985	-	11	11
chrY	11826692	11856515	+	11	11
chrY	11991774	11991901	-	11	11
chrY	12902900	12903867	-	11	10
chrY	12970792	12974242	+	11	7
chrY	12977636	12979735	+	11	7
chrY	13118966	13131667	-	11	10
chrY	13182307	13182502	+	11	10
chrY	13940415	13940510	+	11	10
chrY	13956590	13958433	-	11	11
chrY	17435302	17435417	+	11	11
chrY	20427320	20428644	-	11	11
chrY	20960582	20961766	+	11	11
chrY	20992847	20994886	+	11	10
chrY	21123390	21130588	-	11	9
chrY	21137954	21138323	+	11	10
chrY	23737500	23737819	-	11	11
chrY	25505355	25507644	-	11	11
GL000008.2	46743	47031	+	11	11
GL000009.2	38081	40333	-	11	10
GL000009.2	47339	49444	-	11	11
GL000214.1	89868	90113	+	11	11
GL000218.1	133816	134219	-	11	11
GL000221.1	5786	8109	-	11	11
GL000221.1	71073	71724	+	11	10
KI270442.1	239078	239475	+	11	11
KI270442.1	378974	381529	-	11	11
KI270712.1	40457	40785	+	11	11
KI270719.1	70050	70718	+	11	11
KI270719.1	78217	78343	+	11	10
KI270726.1	29455	29582	+	11	11
KI270728.1	1743198	1770592	+	11	10
KI270742.1	108854	110014	-	11	11
KI270748.1	33087	35745	+	11	10
KI270749.1	85196	85490	+	11	11
chr1	1329056	1330831	-	10	10
chr1	1910530	1913621	+	10	10
chr1	2221679	2224395	+	10	10
chr1	6624115	6624798	-	10	10
chr1	9395780	9396557	+	10	10
chr1	9464931	9465341	-	10	10
chr1	10420701	10422073	+	10	9
chr1	11102252	11103087	+	10	9
chr1	11758816	11761291	-	10	10
chr1	11905557	11907896	-	10	8
chr1	12623444	12626198	+	10	10
chr1	12627289	12628432	+	10	9
chr1	12815766	12816356	-	10	10
chr1	13386242	13386973	-	10	10
chr1	13471725	13472870	-	10	10
chr1	13693919	13694812	+	10	10
chr1	15752466	15752905	+	10	9
chr1	15976242	15976896	+	10	9
chr1	16185432	16186360	-	10	10
chr1	16213852	16215079	-	10	10
chr1	17066239	17066694	-	10	10
chr1	17443993	17445561	+	10	10
chr1	18968016	18968406	-	10	9
chr1	18986713	19016561	+	10	10
chr1	19681179	19682190	-	10	10
chr1	20238440	20238567	+	10	10
chr1	20536597	20547701	+	10	10
chr1	21353142	21358746	-	10	10
chr1	21363568	21364670	-	10	10
chr1	21959161	21961317	+	10	10
chr1	22546836	22549319	-	10	10
chr1	23275979	23277908	+	10	10
chr1	23680510	23681023	-	10	10
chr1	25504515	25505496	-	10	10
chr1	25514418	25516184	-	10	10
chr1	26511524	26511919	-	10	10
chr1	27180973	27187063	+	10	10
chr1	30150261	30150491	+	10	10
chr1	30916217	30917991	-	10	10
chr1	31093165	31093327	-	10	10
chr1	31241247	31243098	+	10	10
chr1	32395749	32398257	-	10	10
chr1	32399550	32400612	-	10	9
chr1	32415684	32416750	-	10	10
chr1	33508650	33511181	-	10	10
chr1	35206535	35208216	+	10	9
chr1	35261080	35264159	-	10	10
chr1	35678213	35678452	-	10	10
chr1	35807296	35807963	-	10	10
chr1	39022404	39024457	+	10	10
chr1	39487765	39489026	-	10	10
chr1	39984278	39995484	+	10	10
chr1	40029013	40029402	+	10	10
chr1	40468177	40471306	-	10	9
chr1	40548345	40549839	-	10	10
chr1	40667659	40668529	+	10	7
chr1	40910514	40910650	+	10	10
chr1	42352734	42365772	+	10	10
chr1	43004431	43017388	+	10	10
chr1	43628058	43631505	-	10	10
chr1	43646823	43649250	+	10	10
chr1	46382784	46385483	+	10	10
chr1	46821124	46822166	+	10	10
chr1	47331469	47333246	+	10	9
chr1	48271684	48274685	-	10	9
chr1	53458197	53458391	+	10	10
chr1	54639219	54641180	+	10	10
chr1	54742671	54743437	+	10	9
chr1	59879150	59879547	+	10	10
chr1	62184453	62186530	+	10	9
chr1	64703077	64705251	+	10	9
chr1	65128247	65128473	+	10	10
chr1	66386106	66386950	+	10	10
chr1	67275788	67277526	+	10	8
chr1	67406164	67406816	+	10	10
chr1	70653652	70653922	+	10	10
chr1	70664857	70664970	-	10	10
chr1	74697420	74697853	-	10	9
chr1	77773182	77773369	+	10	10
chr1	79924835	79925026	+	10	10
chr1	80880812	80880965	-	10	9
chr1	84425191	84427001	-	10	10
chr1	84914522	84915388	-	10	10
chr1	86250269	86250481	+	10	10
chr1	89299290	89300303	+	10	10
chr1	89303704	89306739	+	10	9
chr1	90890941	90894905	+	10	10
chr1	91095087	91095371	-	10	10
chr1	91213369	91216890	+	10	10
chr1	91603023	91603129	-	10	10
chr1	92468922	92471580	+	10	10
chr1	93076020	93077714	-	10	9
chr1	93414845	93416779	+	10	10
chr1	96053409	96054941	-	10	10
chr1	96443363	96443511	-	10	10
chr1	96834123	96835257	+	10	10
chr1	99245895	99246612	+	10	10
chr1	99837325	99837452	-	10	10
chr1	100297975	100299694	+	10	10
chr1	103277857	103277954	+	10	10
chr1	107067875	107069778	+	10	10
chr1	109600256	109601328	+	10	10
chr1	109931660	109933541	+	10	7
chr1	114765142	114766802	+	10	10
chr1	115898719	115899881	-	10	10
chr1	116738102	116739768	+	10	9
chr1	117654654	117656110	-	10	10
chr1	120135346	120137908	+	10	10
chr1	120189085	120190568	+	10	9
chr1	143638858	143640153	+	10	10
chr1	144609838	144610012	+	10	10
chr1	146011188	146014076	-	10	10
chr1	147134663	147135025	-	10	10
chr1	149377244	149378718	-	10	6
chr1	150245706	150248669	+	10	9
chr1	153516967	153520122	+	10	10
chr1	153528090	153530821	+	10	10
chr1	153650540	153651928	-	10	10
chr1	154302212	154302811	-	10	10
chr1	156033482	156035134	-	10	9
chr1	156053879	156054480	-	10	10
chr1	158284233	158284909	+	10	9
chr1	158887138	158888388	+	10	10
chr1	160472306	160474218	+	10	7
chr1	161679614	161680293	+	10	9
chr1	162621454	162623225	+	10	9
chr1	162624295	162625510	+	10	9
chr1	162821859	162822603	-	10	6
chr1	163640223	163640377	-	10	10
chr1	167044516	167044832	-	10	9
chr1	167520595	167521891	+	10	9
chr1	167794322	167794787	+	10	10
chr1	168262782	168264160	-	10	10
chr1	169500308	169504248	+	10	9
chr1	169894270	169895277	+	10	9
chr1	170173321	170173432	+	10	10
chr1	178628336	178629183	-	10	10
chr1	178935158	178936314	+	10	9
chr1	181210815	181211115	-	10	10
chr1	182770791	182770929	+	10	10
chr1	185712433	185712632	+	10	10
chr1	186601889	186602037	+	10	10
chr1	186827616	186828044	-	10	10
chr1	188544194	188544482	-	10	10
chr1	191230746	191231984	+	10	10
chr1	194397931	194398082	+	10	10
chr1	194421829	194422320	+	10	9
chr1	195509089	195539467	+	10	10
chr1	198620716	198622119	-	10	10
chr1	199582320	199643879	+	10	10
chr1	199903584	199904193	-	10	10
chr1	199971249	199976185	+	10	9
chr1	202045407	202045509	-	10	10
chr1	202838888	202840526	-	10	10
chr1	206751142	206754647	-	10	9
chr1	206766811	206767501	+	10	10
chr1	206870193	206870990	-	10	10
chr1	210191497	210191742	-	10	10
chr1	211461241	211463696	+	10	7
chr1	211584397	211586412	-	10	10
chr1	211872082	211886839	+	10	10
chr1	212704743	212708439	+	10	10
chr1	213294691	213297708	+	10	10
chr1	214711205	214711684	-	10	10
chr1	215395688	215395981	-	10	10
chr1	219375268	219376914	+	10	10
chr1	222773964	222777179	+	10	9
chr1	222779809	222807234	-	10	10
chr1	223689273	223689726	+	10	10
chr1	225399355	225400435	-	10	10
chr1	225958746	225960844	+	10	8
chr1	225961862	225962228	-	10	8
chr1	226615112	226615753	+	10	9
chr1	227846472	227847322	+	10	10
chr1	228188998	228189803	-	10	10
chr1	228733218	228735080	-	10	9
chr1	228971866	228972357	+	10	9
chr1	231323358	231325409	+	10	10
chr1	232778302	232778439	+	10	10
chr1	233513004	233513214	+	10	10
chr1	234389271	234391301	+	10	9
chr1	236067470	236069723	+	10	10
chr1	236768598	236769740	-	10	10
chr1	236789116	236791417	-	10	9
chr1	236925677	236927346	+	10	10
chr1	238953156	238954194	-	10	10
chr1	244255056	244255788	+	10	10
chr1	246668687	246669139	-	10	10
chr1	247094768	247094923	-	10	10
chr1	247480758	247483764	-	10	9
chr1	248460651	248462234	-	10	9
chr2	4772675	4772834	-	10	10
chr2	5413713	5426210	-	10	10
chr2	6420378	6438108	+	10	10
chr2	6544470	6544607	+	10	10
chr2	6799252	6801193	-	10	10
chr2	7222140	7223889	-	10	10
chr2	7285477	7285914	+	10	10
chr2	9194885	9195052	-	10	10
chr2	11078748	11082591	-	10	10
chr2	15639195	15639968	-	10	9
chr2	17372701	17372967	-	10	10
chr2	20228518	20229596	-	10	9
chr2	20658560	20659063	-	10	10
chr2	20823637	20824048	-	10	9
chr2	22853204	22853302	-	10	10
chr2	24490117	24490445	+	10	10
chr2	25170683	25180505	+	10	10
chr2	25915978	25917410	+	10	10
chr2	26166967	26168725	+	10	10
chr2	27028151	27032397	-	10	10
chr2	28369986	28370238	+	10	10
chr2	30179581	30180717	+	10	9
chr2	30423277	30423981	-	10	10
chr2	30697979	30698431	+	10	10
chr2	31270083	31270471	-	10	10
chr2	31746593	31746942	-	10	10
chr2	32275619	32277836	-	10	10
chr2	35351840	35352571	-	10	10
chr2	35749644	35769135	+	10	10
chr2	36679718	36679877	-	10	10
chr2	38290805	38291167	+	10	10
chr2	41361394	41361510	+	10	10
chr2	41549989	41550413	-	10	10
chr2	42113744	42115712	+	10	10
chr2	42139081	42141023	-	10	10
chr2	42332597	42333532	+	10	8
chr2	42428147	42429022	+	10	10
chr2	49839657	49839782	+	10	10
chr2	52987795	52987993	-	10	10
chr2	54307816	54308273	-	10	10
chr2	55278543	55279454	+	10	10
chr2	55468004	55468508	+	10	10
chr2	55479577	55485652	-	10	8
chr2	60288360	60291158	-	10	8
chr2	60822548	60822991	+	10	10
chr2	61064134	61065700	-	10	10
chr2	63104309	63105473	-	10	10
chr2	64079060	64080736	+	10	10
chr2	64621441	64622152	+	10	10
chr2	64626528	64627428	-	10	9
chr2	66404121	66404463	+	10	10
chr2	70428845	70428964	-	10	10
chr2	70776999	70777194	+	10	10
chr2	73635410	73637753	+	10	9
chr2	73920216	73920402	-	10	10
chr2	74831655	74832549	+	10	8
chr2	75034826	75035125	-	10	10
chr2	75236334	75239174	+	10	10
chr2	76724473	76726485	-	10	10
chr2	78636629	78636814	+	10	10
chr2	83982265	83982460	+	10	10
chr2	84907033	84907327	+	10	10
chr2	85068547	85070377	-	10	10
chr2	85962378	85963521	-	10	7
chr2	87871689	87871784	+	10	10
chr2	88393911	88394028	-	10	10
chr2	88919514	88920146	-	10	10
chr2	88950433	88952050	+	10	8
chr2	89040836	89042974	+	10	4
chr2	90310172	90311754	-	10	9
chr2	90330373	90330780	-	10	10
chr2	95273361	95273705	-	10	9
chr2	96116730	96118767	+	10	10
chr2	96441382	96442822	+	10	9
chr2	96525465	96525783	+	10	9
chr2	96526928	96527920	-	10	10
chr2	98758782	98760941	+	10	10
chr2	100613567	100614491	-	10	1
chr2	101610501	101610776	+	10	9
chr2	105979034	105979396	-	10	10
chr2	107919829	107920756	-	10	10
chr2	108078425	108078890	-	10	10
chr2	108785886	108786537	+	10	10
chr2	109894245	109894396	-	10	10
chr2	110205323	110208554	+	10	10
chr2	112120239	112120890	-	10	9
chr2	112904194	112904371	-	10	10
chr2	113150679	113154962	-	10	9
chr2	116034081	116034276	+	10	10
chr2	116930517	116931144	+	10	10
chr2	117235688	117235991	-	10	10
chr2	119279446	119279784	-	10	10
chr2	122948530	122977172	+	10	10
chr2	126591113	126591374	-	10	10
chr2	128029498	128032447	-	10	10
chr2	128074141	128074265	+	10	10
chr2	128862995	128864231	-	10	10
chr2	130311543	130311662	+	10	10
chr2	130726067	130728371	-	10	10
chr2	131456340	131461721	+	10	10
chr2	133915964	133916313	+	10	10
chr2	136088968	136089871	-	10	10
chr2	136315308	136315527	+	10	10
chr2	138890643	138890812	+	10	10
chr2	139200214	139200616	-	10	9
chr2	139546850	139576166	-	10	10
chr2	142730929	142731040	+	10	10
chr2	142831246	142831546	-	10	9
chr2	145787453	145787871	+	10	10
chr2	151324823	151324967	-	10	10
chr2	151399239	151401178	-	10	9
chr2	155970258	155972074	+	10	10
chr2	156007824	156010599	-	10	10
chr2	156372757	156373334	-	10	10
chr2	158895869	158896172	-	10	10
chr2	164632600	164634145	-	10	9
chr2	165855355	165857019	-	10	9
chr2	171500674	171502919	+	10	10
chr2	172669046	172669504	-	10	10
chr2	173063617	173063910	-	10	10
chr2	173372194	173385606	+	10	10
chr2	174526158	174526661	+	10	10
chr2	179868383	179868701	+	10	10
chr2	179928449	179929016	+	10	10
chr2	180453065	180453400	+	10	10
chr2	183231856	183233515	+	10	10
chr2	183546981	183549016	+	10	10
chr2	183969677	183970248	-	10	10
chr2	185406998	185408161	-	10	10
chr2	185956224	185958169	+	10	9
chr2	186952937	186954217	-	10	10
chr2	191426483	191457295	+	10	10
chr2	192306112	192306206	+	10	9
chr2	192955091	192956212	-	10	10
chr2	193529068	193529468	-	10	6
chr2	194576628	194579786	-	10	10
chr2	194640468	194641000	+	10	10
chr2	194776091	194776662	-	10	10
chr2	194903801	194905795	-	10	9
chr2	194976459	194977769	-	10	9
chr2	201103383	201105023	+	10	10
chr2	201905528	201914081	-	10	10
chr2	202585920	202588198	-	10	8
chr2	202629962	202631885	+	10	10
chr2	203226555	203228055	+	10	9
chr2	203820442	203824211	+	10	9
chr2	203837677	203839334	+	10	10
chr2	204204311	204204865	-	10	10
chr2	206400072	206400190	-	10	10
chr2	208033040	208041694	-	10	10
chr2	208094380	208094478	-	10	10
chr2	208105346	208105457	-	10	10
chr2	209748655	209751179	-	10	10
chr2	217771820	217772210	-	10	8
chr2	218172674	218175711	+	10	10
chr2	218207435	218208416	+	10	10
chr2	219656031	219656356	+	10	10
chr2	225087459	225088945	+	10	9
chr2	226473105	226507968	+	10	10
chr2	226534411	226534692	-	10	10
chr2	228186353	228186455	+	10	10
chr2	229285379	229289425	-	10	9
chr2	229759206	229759493	+	10	10
chr2	230412963	230413315	+	10	10
chr2	230676920	230677958	-	10	9
chr2	231174954	231176741	-	10	10
chr2	231191304	231191924	+	10	10
chr2	231858108	231858716	-	10	10
chr2	234404368	234404707	-	10	10
chr2	234950051	234951588	-	10	7
chr2	236559339	236560658	-	10	10
chr2	237468635	237468949	-	10	10
chr2	238937368	238937643	+	10	10
chr2	239572160	239572399	-	10	10
chr2	239849790	239851283	-	10	9
chr2	240136925	240137422	+	10	9
chr2	241528392	241530165	+	10	10
chr3	1663090	1663388	-	10	10
chr3	1740302	1740507	+	10	10
chr3	3658372	3659730	-	10	9
chr3	5421156	5422769	+	10	9
chr3	5460566	5463089	+	10	10
chr3	5517618	5520521	+	10	9
chr3	7877387	7877757	+	10	8
chr3	13290513	13292590	-	10	10
chr3	13434250	13435729	+	10	10
chr3	13438019	13439298	+	10	10
chr3	16515017	16515885	-	10	10
chr3	16574976	16578263	+	10	10
chr3	23090156	23090699	-	10	10
chr3	23146823	23186383	+	10	9
chr3	23665058	23666680	-	10	10
chr3	23692206	23693520	+	10	10
chr3	24001838	24002152	-	10	10
chr3	24081570	24083892	-	10	10
chr3	25685278	25686502	+	10	10
chr3	26427289	26427628	+	10	10
chr3	27608221	27608357	-	10	10
chr3	27645968	27649234	+	10	10
chr3	27737654	27737961	+	10	10
chr3	30694388	30695253	+	10	10
chr3	30700408	30702358	-	10	8
chr3	36945690	36946428	+	10	8
chr3	38546204	38547734	+	10	10
chr3	43788560	43789769	-	10	10
chr3	44231091	44231690	+	10	10
chr3	49168147	49169623	+	10	10
chr3	49168450	49171080	-	10	9
chr3	52056584	52057250	-	10	10
chr3	53192862	53193501	-	10	10
chr3	56492749	56555117	-	10	10
chr3	56689887	56691230	+	10	10
chr3	57550454	57555150	+	10	10
chr3	57701370	57712135	-	10	10
chr3	58172306	58173188	-	10	8
chr3	66129903	66130933	-	10	10
chr3	67330012	67334329	-	10	10
chr3	67956240	67956588	-	10	10
chr3	69080460	69081100	+	10	9
chr3	73093850	73094180	-	10	8
chr3	75067209	75067300	-	10	10
chr3	81312802	81313029	+	10	10
chr3	83733397	83734415	-	10	10
chr3	84919363	84920027	-	10	10
chr3	87225653	87226841	-	10	10
chr3	87280687	87280813	+	10	10
chr3	88175975	88176713	-	10	9
chr3	90172686	90174820	-	10	10
chr3	90385081	90386174	-	10	10
chr3	96664713	96664854	+	10	10
chr3	101626592	101629058	+	10	10
chr3	101718707	101720577	+	10	10
chr3	101776739	101778874	-	10	8
chr3	102060032	102060263	+	10	9
chr3	104104328	104174542	-	10	10
chr3	113705576	113708274	+	10	9
chr3	120804724	120807691	+	10	9
chr3	122653024	122654865	+	10	9
chr3	123472317	123473245	-	10	10
chr3	125435970	125437716	-	10	8
chr3	127557565	127559085	+	10	9
chr3	129540522	129542783	-	10	9
chr3	129553849	129554334	-	10	9
chr3	129637176	129638951	-	10	9
chr3	136147951	136148737	-	10	10
chr3	142595074	142595596	-	10	9
chr3	144123995	144128684	+	10	10
chr3	144293209	144296508	+	10	10
chr3	146544919	146545822	+	10	10
chr3	150482260	150483924	-	10	10
chr3	150630938	150631549	-	10	10
chr3	152956338	152956661	-	10	10
chr3	155749661	155758300	+	10	10
chr3	157725704	157727884	+	10	10
chr3	161280177	161280691	-	10	9
chr3	166024640	166026068	-	10	10
chr3	168099687	168099968	+	10	10
chr3	168157443	168160347	+	10	2
chr3	169758875	169759154	+	10	9
chr3	169898097	169898966	+	10	10
chr3	170030806	170032134	+	10	10
chr3	172503747	172505184	+	10	10
chr3	174331692	174332906	+	10	9
chr3	175976888	175977162	-	10	10
chr3	175991161	175991261	+	10	10
chr3	176015263	176015435	-	10	10
chr3	176985092	176985561	-	10	10
chr3	177984366	177984562	-	10	10
chr3	179472483	179473748	-	10	8
chr3	179499140	179502533	-	10	10
chr3	180982756	180983614	-	10	10
chr3	184026166	184026337	-	10	10
chr3	184174156	184174612	+	10	10
chr3	185072462	185074427	-	10	9
chr3	186911807	186913239	+	10	10
chr3	187424585	187424693	-	10	10
chr3	187917540	187920844	-	10	10
chr3	188896341	188897300	-	10	10
chr3	190965288	190966392	+	10	10
chr3	191411794	191414014	+	10	9
chr3	194126419	194129828	-	10	9
chr3	195465209	195468163	-	10	9
chr3	195563932	195564907	+	10	6
chr3	196969718	196971758	+	10	10
chr3	196979211	196980513	+	10	8
chr3	198227193	198227977	+	10	10
chr4	91488	92548	+	10	9
chr4	700361	702949	+	10	10
chr4	6755856	6757698	+	10	10
chr4	7174998	7176227	-	10	10
chr4	7954887	7955918	+	10	9
chr4	10125329	10127394	+	10	10
chr4	10902294	10904360	+	10	10
chr4	11293063	11293330	-	10	9
chr4	13069833	13070924	-	10	10
chr4	13114883	13117327	-	10	9
chr4	13307716	13310763	-	10	10
chr4	14288865	14289725	+	10	10
chr4	16921347	16921687	+	10	10
chr4	20093468	20093586	-	10	10
chr4	20629055	20632553	+	10	9
chr4	24052955	24053165	-	10	10
chr4	24511914	24512958	+	10	10
chr4	24657423	24658064	-	10	9
chr4	25300754	25301130	-	10	10
chr4	25517014	25517353	-	10	10
chr4	27042071	27042607	-	10	10
chr4	30340980	30341142	+	10	10
chr4	31288228	31288337	+	10	10
chr4	31964222	31964356	+	10	10
chr4	35857494	35857809	+	10	10
chr4	36276851	36277067	+	10	10
chr4	36779107	36779332	-	10	10
chr4	38866255	38866395	+	10	10
chr4	39366414	39368295	+	10	10
chr4	40165357	40166645	-	10	9
chr4	46677714	46678758	-	10	10
chr4	48883305	48884966	-	10	10
chr4	49493662	49496375	+	10	10
chr4	52696128	52698856	+	10	8
chr4	52708749	52711168	+	10	9
chr4	60138910	60139111	-	10	10
chr4	62426498	62426803	-	10	10
chr4	63035202	63035344	-	10	10
chr4	63120561	63121480	-	10	10
chr4	70844117	70847122	-	10	10
chr4	73555020	73556623	+	10	10
chr4	77616917	77618679	-	10	10
chr4	77687118	77687247	+	10	10
chr4	78026691	78027288	-	10	10
chr4	80139921	80141097	+	10	8
chr4	82129724	82129990	+	10	10
chr4	82229180	82230836	-	10	10
chr4	94099853	94100169	+	10	10
chr4	99544841	99546682	-	10	9
chr4	99741065	99741390	+	10	10
chr4	102766331	102768144	+	10	9
chr4	104171469	104171717	+	10	10
chr4	109826134	109827608	+	10	10
chr4	113994656	113995772	+	10	10
chr4	115709654	115709845	-	10	10
chr4	118554486	118556222	-	10	10
chr4	118560541	118561173	+	10	10
chr4	119685775	119686321	-	10	9
chr4	121244267	121245607	+	10	10
chr4	124645540	124647125	-	10	8
chr4	129572147	129572436	+	10	10
chr4	133672538	133716002	-	10	10
chr4	134874153	134874289	+	10	10
chr4	141763006	141768437	+	10	10
chr4	142016639	142017523	-	10	10
chr4	143495785	143495892	+	10	9
chr4	145209867	145230256	-	10	10
chr4	146251835	146252320	+	10	9
chr4	147701447	147702294	+	10	6
chr4	152110173	152110681	+	10	10
chr4	152602951	152604161	+	10	9
chr4	152919112	152920633	+	10	10
chr4	153149947	153151833	-	10	9
chr4	153681794	153683950	-	10	9
chr4	154530370	154530668	+	10	10
chr4	155486681	155486871	+	10	10
chr4	155953956	155956090	+	10	10
chr4	161027408	161027972	+	10	10
chr4	163096422	163097699	-	10	8
chr4	163476816	163478706	-	10	9
chr4	167677256	167677458	-	10	10
chr4	169043967	169044063	-	10	10
chr4	170967786	170968029	+	10	10
chr4	171182344	171182574	+	10	10
chr4	176396325	176397240	-	10	10
chr4	178921123	178921257	+	10	10
chr4	179123828	179123946	+	10	10
chr4	179243595	179244209	-	10	10
chr4	180684713	180684888	-	10	10
chr4	181218514	181219506	+	10	10
chr4	182858064	182872718	+	10	10
chr4	185140371	185141631	-	10	10
chr4	186051751	186066559	+	10	9
chr4	187893958	187894053	+	10	9
chr4	188685327	188694623	+	10	10
chr4	190115901	190116835	-	10	10
chr5	2512246	2512596	+	10	10
chr5	3327202	3328602	-	10	10
chr5	11931703	11932244	+	10	10
chr5	12015490	12015758	+	10	10
chr5	13132784	13133110	-	10	10
chr5	13140666	13140832	-	10	10
chr5	15031680	15033603	+	10	8
chr5	18185312	18185455	+	10	10
chr5	26145265	26145390	+	10	10
chr5	26379392	26379679	-	10	10
chr5	26833953	26834209	-	10	10
chr5	29266866	29267161	-	10	10
chr5	31013912	31014168	-	10	10
chr5	31398286	31400233	-	10	10
chr5	34521079	34521361	+	10	10
chr5	40356704	40358396	-	10	8
chr5	40390688	40392337	+	10	9
chr5	40836797	40838610	-	10	9
chr5	43374410	43376278	+	10	10
chr5	50203303	50206792	-	10	10
chr5	51313020	51313223	+	10	10
chr5	53225178	53225282	-	10	10
chr5	53383501	53383677	+	10	10
chr5	54597525	54599359	+	10	7
chr5	55542237	55543542	-	10	10
chr5	56296316	56296419	+	10	10
chr5	56996863	56998605	+	10	10
chr5	57145793	57149117	-	10	10
chr5	57166674	57167389	+	10	9
chr5	57815510	57815708	+	10	10
chr5	62661614	62663435	+	10	10
chr5	65513674	65515208	+	10	10
chr5	69178969	69181209	-	10	9
chr5	69214763	69216838	+	10	10
chr5	70000910	70002259	+	10	10
chr5	73587109	73587577	-	10	10
chr5	74905790	74907348	-	10	8
chr5	79539531	79539846	+	10	9
chr5	80581320	80581594	-	10	10
chr5	80895024	80895252	-	10	10
chr5	82579542	82580295	-	10	10
chr5	83361377	83363164	+	10	7
chr5	87262816	87265223	-	10	9
chr5	91971055	92055812	-	10	10
chr5	98694526	98694630	+	10	10
chr5	100591796	100593404	+	10	8
chr5	100775615	100776600	-	10	9
chr5	101398743	101402000	-	10	9
chr5	101421310	101422245	-	10	10
chr5	101811931	101815667	-	10	9
chr5	101850453	101851266	-	10	8
chr5	101972124	101973892	-	10	9
chr5	101990002	101992425	-	10	10
chr5	102227203	102230308	-	10	9
chr5	103279692	103282749	+	10	10
chr5	103339788	103339974	-	10	10
chr5	105859830	105860135	+	10	10
chr5	109875780	109880490	+	10	9
chr5	110098205	110101857	+	10	9
chr5	110126614	110126986	-	10	10
chr5	112099020	112099192	+	10	10
chr5	112496898	112497909	+	10	10
chr5	118570876	118571048	-	10	10
chr5	118645539	118646241	+	10	9
chr5	118824732	118825337	+	10	10
chr5	119688740	119690081	-	10	10
chr5	119832503	119832651	-	10	10
chr5	120179250	120180965	-	10	10
chr5	123307654	123308606	+	10	10
chr5	123327732	123331228	-	10	7
chr5	123425016	123425270	-	10	10
chr5	124595809	124596358	-	10	10
chr5	127558930	127560390	-	10	10
chr5	129092855	129094263	-	10	10
chr5	129130868	129134787	+	10	10
chr5	129136283	129138046	+	10	8
chr5	134035023	134036840	+	10	10
chr5	134728053	134730256	-	10	10
chr5	136064210	136065211	+	10	10
chr5	137737527	137738698	+	10	10
chr5	139340791	139341555	-	10	10
chr5	139789478	139792172	+	10	9
chr5	142074884	142077430	+	10	10
chr5	144823515	144824561	-	10	10
chr5	145836319	145836619	+	10	10
chr5	148807041	148809137	-	10	9
chr5	148883607	148884980	+	10	10
chr5	149672567	149673601	+	10	10
chr5	149855408	149856964	+	10	9
chr5	150572909	150573705	-	10	10
chr5	152323548	152323683	-	10	10
chr5	154681861	154682789	-	10	9
chr5	156910654	156912072	+	10	9
chr5	156997676	156998976	+	10	9
chr5	157927970	157929838	+	10	10
chr5	158121155	158121249	-	10	10
chr5	159989336	159989467	-	10	10
chr5	162279260	162279847	+	10	10
chr5	163523892	163524300	-	10	9
chr5	163537195	163537840	-	10	9
chr5	169565746	169565900	-	10	10
chr5	170090213	170090730	-	10	9
chr5	171384344	171385806	-	10	8
chr5	172476043	172476763	+	10	10
chr5	173040902	173041882	-	10	10
chr5	173201236	173202318	+	10	8
chr5	173216544	173217061	-	10	10
chr5	175122701	175123008	+	10	10
chr5	175190238	175221380	+	10	10
chr5	175398635	175400697	+	10	10
chr5	175537124	175537910	+	10	9
chr5	175717103	175720441	+	10	9
chr5	176421897	176422163	-	10	10
chr5	176666684	176667422	+	10	10
chr5	179908445	179910896	+	10	9
chr5	181220811	181221060	+	10	8
chr6	856570	856751	-	10	10
chr6	7015150	7016214	+	10	10
chr6	7627079	7628586	+	10	10
chr6	11089299	11089561	-	10	10
chr6	11150385	11151095	-	10	9
chr6	11163170	11170795	-	10	10
chr6	13335324	13337105	+	10	9
chr6	14226703	14228438	+	10	10
chr6	15155764	15156503	-	10	10
chr6	16174383	16175198	+	10	9
chr6	17188562	17189700	+	10	10
chr6	17203822	17204497	-	10	10
chr6	17306124	17316302	+	10	10
chr6	20066850	20068948	-	10	10
chr6	20390963	20391708	-	10	10
chr6	20494260	20496914	+	10	10
chr6	20509208	20511178	+	10	8
chr6	25621789	25622311	+	10	10
chr6	26659863	26661330	+	10	10
chr6	26805480	26810880	-	10	7
chr6	27156851	27173788	-	10	10
chr6	27220097	27220184	-	10	10
chr6	27684311	27684774	-	10	10
chr6	30128098	30128393	+	10	6
chr6	30220537	30223256	-	10	10
chr6	30371201	30371409	-	10	10
chr6	30522137	30523434	-	10	10
chr6	30556621	30557053	-	10	10
chr6	30929688	30930035	-	10	9
chr6	32503508	32503768	+	10	10
chr6	32533046	32534361	+	10	10
chr6	33384390	33385773	-	10	9
chr6	33522928	33524201	-	10	10
chr6	34774381	34782983	-	10	10
chr6	36739496	36740092	+	10	9
chr6	37211421	37211786	-	10	10
chr6	37350018	37350794	+	10	10
chr6	37770360	37772167	-	10	10
chr6	42462318	42465163	-	10	10
chr6	42694162	42694587	+	10	10
chr6	42733897	42735584	-	10	8
chr6	42910716	42911300	-	10	8
chr6	43713085	43713579	+	10	10
chr6	43788516	43790781	+	10	9
chr6	44605029	44621256	+	10	10
chr6	45671820	45674604	-	10	10
chr6	49063571	49063677	+	10	10
chr6	50644088	50644299	-	10	10
chr6	53163757	53164286	-	10	10
chr6	53720594	53721371	-	10	10
chr6	54505979	54506199	-	10	10
chr6	55738067	55738776	+	10	10
chr6	57720907	57725087	-	10	10
chr6	62306963	62307226	-	10	10
chr6	62374407	62374500	-	10	9
chr6	63588718	63589660	-	10	10
chr6	65752631	65754636	+	10	10
chr6	69444048	69444625	-	10	10
chr6	70593950	70596124	-	10	10
chr6	70616037	70633640	-	10	10
chr6	73973779	73973915	-	10	10
chr6	81243461	81243555	-	10	10
chr6	82633230	82633515	+	10	10
chr6	82886983	82887633	+	10	10
chr6	83205661	83208052	+	10	8
chr6	85208832	85209940	-	10	10
chr6	86251960	86252341	-	10	10
chr6	89043493	89044847	-	10	8
chr6	90507219	90508917	+	10	10
chr6	96770805	96771217	+	10	10
chr6	100504856	100507965	-	10	10
chr6	102093084	102094123	+	10	10
chr6	103709779	103712104	+	10	10
chr6	105596975	105597264	-	10	10
chr6	107683897	107685595	-	10	8
chr6	107857773	107860144	-	10	10
chr6	107968488	107969702	+	10	10
chr6	107993139	107995260	-	10	10
chr6	111028287	111030234	+	10	9
chr6	111611753	111612231	-	10	10
chr6	113856918	113857294	-	10	9
chr6	114597686	114597926	-	10	10
chr6	117607246	117607641	+	10	8
chr6	117838585	117838683	-	10	9
chr6	117852717	117874033	-	10	10
chr6	118738061	118738443	+	10	9
chr6	121497341	121498859	-	10	10
chr6	122138810	122188696	-	10	10
chr6	122204511	122204852	+	10	10
chr6	122847468	122850271	-	10	10
chr6	126251172	126251858	-	10	10
chr6	129968654	129986719	+	10	10
chr6	130487100	130488240	+	10	10
chr6	130801662	130801823	+	10	10
chr6	132720058	132722677	-	10	10
chr6	137061086	137061439	+	10	10
chr6	138708931	138710525	-	10	10
chr6	141681936	141682205	-	10	10
chr6	145280906	145281908	-	10	10
chr6	149177644	149178236	-	10	10
chr6	149196350	149199981	+	10	10
chr6	149649000	149650216	-	10	10
chr6	150106281	150106470	+	10	10
chr6	151492453	151493160	-	10	9
chr6	151649273	151649582	+	10	10
chr6	153961609	153961737	+	10	9
chr6	157963057	157964938	+	10	9
chr6	160286850	160290738	+	10	9
chr6	160985976	160986493	-	10	10
chr6	163623046	163623689	+	10	10
chr6	166351510	166352040	-	10	10
chr6	168320157	168322159	-	10	10
chr7	2488351	2489084	+	10	8
chr7	6303347	6303682	+	10	10
chr7	6494889	6495193	-	10	9
chr7	6496225	6496748	-	10	10
chr7	6659942	6661237	-	10	9
chr7	15074931	15075726	+	10	10
chr7	16589380	16593283	-	10	8
chr7	19002509	19006753	+	10	10
chr7	22743853	22744154	-	10	10
chr7	23084903	23086505	+	10	10
chr7	23089533	23089894	+	10	10
chr7	23179705	23181430	+	10	9
chr7	24508885	24509088	+	10	10
chr7	27488906	27491383	-	10	9
chr7	31126525	31126681	-	10	10
chr7	32853631	32853862	-	10	9
chr7	39883019	39885937	+	10	10
chr7	41062032	41062374	-	10	10
chr7	44099308	44100320	+	10	9
chr7	44927374	44929160	+	10	9
chr7	45115531	45115653	-	10	10
chr7	46538307	46538457	-	10	10
chr7	47262882	47263758	-	10	9
chr7	47671797	47674117	+	10	8
chr7	49651253	49653417	+	10	10
chr7	50414735	50415869	-	10	10
chr7	50845071	50846441	+	10	10
chr7	52620475	52623790	+	10	9
chr7	56461699	56461847	-	10	10
chr7	56919854	56938908	-	10	10
chr7	56962597	56962767	-	10	10
chr7	62084614	62160325	-	10	10
chr7	62863828	62864771	+	10	10
chr7	62910182	62911946	-	10	10
chr7	63156169	63164422	+	10	10
chr7	63592375	63605650	+	10	10
chr7	63599736	63604707	-	10	10
chr7	63856794	63857806	+	10	10
chr7	64737987	64738081	-	10	10
chr7	65012923	65018495	+	10	10
chr7	65021775	65022966	-	10	10
chr7	65862338	65870299	+	10	9
chr7	66069033	66069599	-	10	10
chr7	66899290	66901215	-	10	10
chr7	66906304	66907291	-	10	10
chr7	66906647	66906939	+	10	9
chr7	66917308	66919275	+	10	10
chr7	67483832	67496195	+	10	9
chr7	68013830	68015007	-	10	10
chr7	70808584	70810950	+	10	9
chr7	71047457	71047593	-	10	10
chr7	73774849	73775700	-	10	10
chr7	76287845	76289885	+	10	10
chr7	76365183	76365677	-	10	10
chr7	76958167	76959468	-	10	9
chr7	80231017	80231280	-	10	10
chr7	83298595	83299380	+	10	10
chr7	85706500	85707848	-	10	10
chr7	86342370	86343156	+	10	10
chr7	86368239	86381527	+	10	10
chr7	86548546	86552590	+	10	10
chr7	86585296	86586528	-	10	10
chr7	87150370	87151345	-	10	9
chr7	91683621	91684744	-	10	9
chr7	93586923	93589734	-	10	10
chr7	97264570	97265613	+	10	9
chr7	99144593	99147649	-	10	10
chr7	100679198	100679496	-	10	7
chr7	100916833	100917052	-	10	10
chr7	105405410	105405914	-	10	10
chr7	108588283	108590691	+	10	9
chr7	113747352	113760609	+	10	10
chr7	116933111	116933431	+	10	9
chr7	117246578	117246866	+	10	10
chr7	121301690	121303310	-	10	9
chr7	121860039	121860183	-	10	10
chr7	123667293	123667652	+	10	10
chr7	124676266	124676416	-	10	8
chr7	128282744	128283455	+	10	10
chr7	128783466	128784938	+	10	9
chr7	129170061	129172602	+	10	10
chr7	130233783	130234081	-	10	10
chr7	131634528	131636013	-	10	10
chr7	131694645	131695850	+	10	10
chr7	134287882	134289143	-	10	9
chr7	134499870	134522181	+	10	10
chr7	135555852	135557656	-	10	10
chr7	139446482	139449254	+	10	10
chr7	139449810	139450520	-	10	10
chr7	139546312	139548213	-	10	10
chr7	142673982	142675076	+	10	10
chr7	142755378	142756721	+	10	9
chr7	143529828	143532024	+	10	9
chr7	144161525	144163811	-	10	8
chr7	149310180	149310335	+	10	9
chr7	149640151	149640866	+	10	10
chr7	149712512	149714412	-	10	9
chr7	150127871	150130250	-	10	10
chr7	150528857	150531614	+	10	10
chr7	150702560	150704621	-	10	10
chr7	150983642	150984589	+	10	10
chr7	152020439	152022929	-	10	10
chr7	153041500	153042904	+	10	10
chr7	153660512	153660609	-	10	10
chr7	156913306	156915404	-	10	8
chr7	157269375	157270667	+	10	10
chr7	157419552	157420561	-	10	9
chr8	2268478	2268820	+	10	10
chr8	2277218	2279675	+	10	10
chr8	2285343	2286589	+	10	9
chr8	8282419	8284135	+	10	8
chr8	15770680	15772262	+	10	10
chr8	18150780	18151508	+	10	10
chr8	20491021	20492791	-	10	10
chr8	20491248	20495166	+	10	10
chr8	20875001	20875244	+	10	10
chr8	22087619	22088765	+	10	9
chr8	23866940	23867299	-	10	10
chr8	29465117	29467988	-	10	7
chr8	29610506	29610637	-	10	10
chr8	30184187	30184558	-	10	10
chr8	30265152	30266097	+	10	9
chr8	30340476	30344105	-	10	10
chr8	30577388	30578130	+	10	10
chr8	31182898	31183480	-	10	7
chr8	33175263	33175518	+	10	10
chr8	33330187	33332358	+	10	9
chr8	35823387	35824138	+	10	10
chr8	37782681	37783044	+	10	9
chr8	38060519	38060894	-	10	10
chr8	38497577	38500217	+	10	10
chr8	41093199	41093460	+	10	10
chr8	41459391	41460607	+	10	9
chr8	42834478	42836382	+	10	10
chr8	43225385	43236400	-	10	10
chr8	43269720	43269926	-	10	10
chr8	43371531	43371769	-	10	10
chr8	47236961	47238325	-	10	10
chr8	51088528	51088628	+	10	9
chr8	53709780	53710208	-	10	10
chr8	56219215	56220626	-	10	10
chr8	56939764	56940184	-	10	10
chr8	58410862	58411182	-	10	9
chr8	59882783	59883088	+	10	10
chr8	59969201	59970876	+	10	10
chr8	63219958	63220246	-	10	10
chr8	63615310	63616673	-	10	10
chr8	65304463	65304608	+	10	10
chr8	66556543	66557220	-	10	10
chr8	70507238	70507721	-	10	10
chr8	73048174	73049525	-	10	10
chr8	74541146	74542409	+	10	8
chr8	77317426	77350815	-	10	10
chr8	79432311	79478850	-	10	10
chr8	80547592	80551231	-	10	10
chr8	80552950	80553960	+	10	10
chr8	81631433	81631860	-	10	9
chr8	84151191	84151381	+	10	10
chr8	85290851	85292464	-	10	9
chr8	85595593	85595972	+	10	10
chr8	85616643	85616781	-	10	10
chr8	92122493	92135989	-	10	10
chr8	93848967	93851197	+	10	10
chr8	95185189	95187804	+	10	9
chr8	98051321	98051398	-	10	10
chr8	98953992	98955806	+	10	7
chr8	100673957	100674714	+	10	10
chr8	102617401	102618350	+	10	10
chr8	102810045	102810651	-	10	10
chr8	104477845	104478482	-	10	9
chr8	107244600	107245704	+	10	10
chr8	109206408	109207404	-	10	10
chr8	109235603	109236030	+	10	10
chr8	113903236	113903472	+	10	10
chr8	124257514	124257941	+	10	8
chr8	124431362	124431664	-	10	10
chr8	125444472	125444715	+	10	10
chr8	126416127	126416263	-	10	10
chr8	127562165	127563560	+	10	8
chr8	127671678	127674891	-	10	10
chr8	130445646	130445911	+	10	9
chr8	131845057	131846298	-	10	10
chr8	131873750	131876137	-	10	10
chr8	134151265	134151415	+	10	10
chr8	134435764	134460613	-	10	10
chr8	138503986	138504387	-	10	10
chr8	138920305	138920493	-	10	10
chr8	139010246	139051773	-	10	10
chr8	142075393	142075521	+	10	10
chr8	143244268	143246275	-	10	9
chr8	144821714	144822087	+	10	10
chr9	1808081	1852066	+	10	10
chr9	4940411	4942363	+	10	9
chr9	7290817	7291126	+	10	10
chr9	7297315	7297421	+	10	10
chr9	19223351	19223637	+	10	9
chr9	20999050	20999507	+	10	9
chr9	24991911	25064620	+	10	10
chr9	26167542	26174938	-	10	10
chr9	26896707	26898634	+	10	8
chr9	27106000	27107925	+	10	9
chr9	31142172	31142315	-	10	9
chr9	31295116	31296793	+	10	9
chr9	32594511	32594914	-	10	10
chr9	33378973	33379472	+	10	8
chr9	38390077	38390402	+	10	4
chr9	40806501	40809051	+	10	10
chr9	41356798	41357697	+	10	10
chr9	41556355	41556679	-	10	10
chr9	61576032	61577865	-	10	10
chr9	61852695	61853845	-	10	10
chr9	62746040	62747142	+	10	10
chr9	63571403	63573761	-	10	10
chr9	63646335	63647629	-	10	10
chr9	64778470	64779583	+	10	10
chr9	65567380	65567645	-	10	8
chr9	66251927	66252239	-	10	10
chr9	66759308	66766758	+	10	10
chr9	66783386	66785949	+	10	10
chr9	66826679	66836963	+	10	10
chr9	67828675	67829671	-	10	9
chr9	69021041	69021184	+	10	10
chr9	69032972	69035090	-	10	8
chr9	71536035	71536109	+	10	10
chr9	72001851	72002454	+	10	10
chr9	72393038	72394061	-	10	9
chr9	74939550	74942621	-	10	10
chr9	75189171	75190228	-	10	9
chr9	75206265	75209391	-	10	10
chr9	77104805	77104988	-	10	10
chr9	78219366	78219537	+	10	10
chr9	78853560	78853841	-	10	10
chr9	81007195	81007339	-	10	10
chr9	81460211	81476211	+	10	10
chr9	81539843	81541645	-	10	10
chr9	83716676	83718712	-	10	10
chr9	83720555	83720915	-	10	10
chr9	83725157	83730525	+	10	10
chr9	88009793	88009992	+	10	10
chr9	88348453	88349189	-	10	10
chr9	88375735	88377046	+	10	10
chr9	88485367	88487834	+	10	9
chr9	89498382	89498698	-	10	8
chr9	91961621	91961755	+	10	10
chr9	97893869	97894304	+	10	10
chr9	97960735	97960907	-	10	10
chr9	104093109	104093656	-	10	9
chr9	104952300	104952423	-	10	10
chr9	105839540	105840113	-	10	8
chr9	107670582	107671498	-	10	10
chr9	108120606	108128705	+	10	9
chr9	108578083	108578450	-	10	8
chr9	108846631	108847973	-	10	9
chr9	109344404	109356659	-	10	10
chr9	110806792	110808168	-	10	7
chr9	113012842	113014778	-	10	10
chr9	113403771	113405042	-	10	5
chr9	118749934	118750132	+	10	10
chr9	119096529	119138717	-	10	10
chr9	120067785	120069315	-	10	9
chr9	120173586	120173858	+	10	9
chr9	120224639	120225162	+	10	10
chr9	120717965	120720248	+	10	10
chr9	122331547	122332997	+	10	10
chr9	125712281	125712433	+	10	10
chr9	125970879	125972089	-	10	10
chr9	126189646	126192583	+	10	10
chr9	126310428	126311455	+	10	10
chr9	126803938	126804835	-	10	10
chr9	127408470	127409109	+	10	8
chr9	129077661	129078778	-	10	10
chr9	131741356	131742571	+	10	8
chr9	132145480	132145580	+	10	9
chr9	132711725	132714161	-	10	10
chr9	132725014	132725418	-	10	9
chr9	133296058	133296180	+	10	10
chr9	134926267	134927714	+	10	10
chr9	135143724	135143827	-	10	10
chr9	135795819	135796202	+	10	10
chr9	136768472	136769739	-	10	10
chr9	137074344	137077335	+	10	9
chr10	2340576	2340690	+	10	10
chr10	3179677	3179911	-	10	10
chr10	6003685	6005034	-	10	7
chr10	11770508	11771582	-	10	10
chr10	11911054	11912400	+	10	10
chr10	13158166	13160446	-	10	10
chr10	15168820	15169632	-	10	9
chr10	21329681	21332790	+	10	10
chr10	21752636	21756141	-	10	9
chr10	23360660	23363605	-	10	8
chr10	23421957	23423606	-	10	9
chr10	23437793	23438264	+	10	7
chr10	29738175	29739402	-	10	10
chr10	30129581	30130883	+	10	10
chr10	30421364	30422050	+	10	8
chr10	30423422	30424987	+	10	9
chr10	30461991	30465421	+	10	9
chr10	30521032	30522330	-	10	9
chr10	30524978	30526312	+	10	10
chr10	31754344	31754825	-	10	10
chr10	32205253	32205417	-	10	10
chr10	33633096	33633209	+	10	10
chr10	34944326	34956554	-	10	10
chr10	35586599	35590196	+	10	9
chr10	35729522	35729668	+	10	10
chr10	36524255	36524405	-	10	10
chr10	37243136	37243413	-	10	10
chr10	37726715	37727051	-	10	8
chr10	38943799	38943975	+	10	10
chr10	42777131	42782136	-	10	10
chr10	42900974	42901100	+	10	10
chr10	43267175	43267556	+	10	10
chr10	43534278	43547404	+	10	10
chr10	46079259	46080855	+	10	10
chr10	46099291	46100847	+	10	10
chr10	46669751	46671880	-	10	9
chr10	46855060	46856223	-	10	10
chr10	47652325	47653076	+	10	9
chr10	49544252	49546319	+	10	8
chr10	52775027	52775152	+	10	10
chr10	55690584	55692294	-	10	10
chr10	57479862	57480648	+	10	10
chr10	58026895	58027172	+	10	10
chr10	63036522	63038084	+	10	10
chr10	63126077	63128954	+	10	10
chr10	68216855	68227314	+	10	10
chr10	72041019	72041832	-	10	10
chr10	72646188	72651611	+	10	10
chr10	73905224	73907761	-	10	10
chr10	80102517	80103924	-	10	10
chr10	80439828	80442717	+	10	9
chr10	81112998	81114568	-	10	10
chr10	84913091	84913207	-	10	10
chr10	89054285	89054649	-	10	10
chr10	90724853	90725798	-	10	10
chr10	92820875	92823658	+	10	10
chr10	94542049	94545254	-	10	10
chr10	95084917	95085111	+	10	10
chr10	95085288	95085813	-	10	9
chr10	95294299	95294727	-	10	10
chr10	95707693	95710164	-	10	10
chr10	97710863	97712870	-	10	9
chr10	99239416	99240638	-	10	9
chr10	99863586	99865296	-	10	7
chr10	100270662	100271375	-	10	10
chr10	102056550	102057139	+	10	10
chr10	102182120	102184274	-	10	10
chr10	102223684	102225876	-	10	9
chr10	102383405	102385112	-	10	9
chr10	103298457	103299700	+	10	10
chr10	104119458	104120175	-	10	10
chr10	106234462	106240019	-	10	10
chr10	110316708	110317579	+	10	10
chr10	110640129	110640333	+	10	10
chr10	111026317	111029327	-	10	10
chr10	112866061	112867810	-	10	10
chr10	113392560	113392966	+	10	9
chr10	113545419	113545957	+	10	10
chr10	113732333	113732796	-	10	9
chr10	114175953	114177371	+	10	6
chr10	115021541	115021768	-	10	10
chr10	118626268	118626485	+	10	10
chr10	119206740	119207191	-	10	10
chr10	119554569	119555245	-	10	10
chr10	119603454	119605443	-	10	10
chr10	119623110	119624943	+	10	9
chr10	119724101	119724898	+	10	9
chr10	119946601	119949253	-	10	9
chr10	123241874	123242638	+	10	10
chr10	123276735	123278252	+	10	7
chr10	124093724	124096090	-	10	9
chr10	124792183	124793133	-	10	10
chr10	125502951	125503084	-	10	10
chr10	128137356	128138353	-	10	10
chr10	129819391	129820560	+	10	10
chr10	130190852	130194457	+	10	10
chr10	130204056	130204402	+	10	10
chr10	133234364	133235713	-	10	9
chr10	133234723	133235746	+	10	9
chr11	62963	63421	-	10	9
chr11	494197	494485	+	10	9
chr11	518208	518780	-	10	8
chr11	1501343	1503477	-	10	9
chr11	1712105	1713360	+	10	10
chr11	2112687	2112955	+	10	10
chr11	6200311	6201529	-	10	10
chr11	6203257	6204719	-	10	8
chr11	8606310	8608069	-	10	9
chr11	8944530	8945099	-	10	10
chr11	17062408	17064302	-	10	8
chr11	18661577	18661955	+	10	10
chr11	20383801	20384143	+	10	9
chr11	20575181	20575641	+	10	10
chr11	21592549	21592832	+	10	10
chr11	22984841	22985249	-	10	10
chr11	23145356	23147015	+	10	7
chr11	23345453	23345934	+	10	10
chr11	23414126	23414250	+	10	10
chr11	25426431	25428150	+	10	10
chr11	33253089	33256108	+	10	9
chr11	37607076	37607211	+	10	10
chr11	38616492	38616604	-	10	10
chr11	39915350	39917408	-	10	7
chr11	47849773	47851787	-	10	9
chr11	55804166	55804436	+	10	9
chr11	55898300	55900149	+	10	10
chr11	55923978	55924253	-	10	9
chr11	56423946	56424110	+	10	10
chr11	57516318	57517535	+	10	9
chr11	60492103	60492359	+	10	10
chr11	62015471	62016414	-	10	10
chr11	62427364	62433138	+	10	10
chr11	63420136	63429561	+	10	10
chr11	63439299	63441226	+	10	10
chr11	64322057	64322412	-	10	10
chr11	64452372	64452680	+	10	10
chr11	64473551	64473965	+	10	9
chr11	65562346	65563028	+	10	9
chr11	66981764	66982817	-	10	10
chr11	67629969	67630679	+	10	10
chr11	67966232	67967299	-	10	10
chr11	68131758	68134350	-	10	10
chr11	68452697	68453724	-	10	10
chr11	68956337	68959355	+	10	10
chr11	69976205	69976554	+	10	10
chr11	71535545	71536861	+	10	10
chr11	72482741	72482971	+	10	10
chr11	74487986	74490245	-	10	10
chr11	74745521	74748642	-	10	10
chr11	76308829	76308999	+	10	10
chr11	77043168	77044175	+	10	10
chr11	77046865	77047644	-	10	10
chr11	77489778	77492221	+	10	10
chr11	77492632	77493816	-	10	8
chr11	80001169	80002019	-	10	10
chr11	80444355	80445518	-	10	10
chr11	85656555	85657631	+	10	10
chr11	86125495	86125561	+	10	10
chr11	90235688	90237825	+	10	10
chr11	93011279	93011371	-	10	9
chr11	94503148	94506358	+	10	9
chr11	95384008	95384255	+	10	10
chr11	97214921	97215083	-	10	10
chr11	101024080	101024511	+	10	10
chr11	102506780	102506967	-	10	10
chr11	102919591	102919936	-	10	9
chr11	103903574	103904846	-	10	10
chr11	107033848	107034076	+	10	10
chr11	110326566	110328197	+	10	10
chr11	111323818	111324642	+	10	9
chr11	111586253	111588146	-	10	10
chr11	112022678	112024905	+	10	10
chr11	113720293	113722293	-	10	9
chr11	114041456	114046749	-	10	9
chr11	116259213	116259347	+	10	10
chr11	118284991	118291410	-	10	10
chr11	119165122	119166344	-	10	10
chr11	121369443	121372849	-	10	10
chr11	121396177	121397905	-	10	10
chr11	122636713	122646517	-	10	10
chr11	122648216	122650115	+	10	10
chr11	123014165	123015454	+	10	10
chr11	123628562	123628689	-	10	10
chr11	125062191	125062490	-	10	8
chr11	133838669	133839506	+	10	9
chr11	134886367	134887426	-	10	10
chr12	1940382	1942015	+	10	9
chr12	6145022	6145601	-	10	9
chr12	6417808	6419958	+	10	10
chr12	7783286	7783409	+	10	10
chr12	11286609	11289162	-	10	10
chr12	11346022	11346709	-	10	10
chr12	14256219	14257666	-	10	10
chr12	16050160	16052778	+	10	10
chr12	29130641	29135895	+	10	10
chr12	31870144	31871142	+	10	10
chr12	32046719	32047482	-	10	10
chr12	32055554	32055791	-	10	9
chr12	33936307	33977138	+	10	10
chr12	38097333	38097460	+	10	10
chr12	39458250	39460584	+	10	9
chr12	41786552	41786790	-	10	10
chr12	42064745	42066344	+	10	10
chr12	45727886	45728310	+	10	9
chr12	46170667	46172387	+	10	10
chr12	46352673	46353057	+	10	9
chr12	47642836	47643782	+	10	10
chr12	48629912	48631546	-	10	10
chr12	49080518	49081152	+	10	10
chr12	52872982	52874392	-	10	10
chr12	53148510	53150088	+	10	10
chr12	53697241	53699287	-	10	9
chr12	54201805	54203155	+	10	10
chr12	54216534	54217084	-	10	10
chr12	56496788	56497992	-	10	9
chr12	56502832	56504217	-	10	10
chr12	57898500	57899422	-	10	9
chr12	57970163	57973114	+	10	8
chr12	59806226	59807170	+	10	9
chr12	62965969	62966046	+	10	10
chr12	65697301	65697542	-	10	9
chr12	68584539	68584631	+	10	10
chr12	68802836	68804496	-	10	10
chr12	69584479	69585345	-	10	9
chr12	75478712	75480727	+	10	9
chr12	77092889	77094190	-	10	10
chr12	87109628	87109886	+	10	10
chr12	87135035	87135266	-	10	10
chr12	91871398	91873851	+	10	10
chr12	94012979	94013885	+	10	7
chr12	94690531	94692726	+	10	10
chr12	95971911	95972294	-	10	10
chr12	96177924	96191434	+	10	9
chr12	97330466	97330781	+	10	10
chr12	100345294	100348220	-	10	10
chr12	101487542	101488496	-	10	9
chr12	102829339	102830437	+	10	10
chr12	105415676	105416891	+	10	8
chr12	105505519	105506934	+	10	9
chr12	105532896	105533017	+	10	10
chr12	107260711	107261252	+	10	10
chr12	107761805	107763465	+	10	10
chr12	108572657	108573206	+	10	9
chr12	108776062	108776602	-	10	9
chr12	109542695	109544859	+	10	8
chr12	109834205	109838800	-	10	10
chr12	112531991	112534595	-	10	10
chr12	114625918	114640911	-	10	10
chr12	114867943	114868041	-	10	10
chr12	118438314	118440830	-	10	9
chr12	118464994	118466625	+	10	10
chr12	118677590	118677688	-	10	10
chr12	119976687	119979586	-	10	9
chr12	120577664	120578533	-	10	9
chr12	122905147	122906737	+	10	10
chr12	123287280	123288596	+	10	10
chr12	124581044	124581180	-	10	10
chr12	124748077	124764043	-	10	8
chr12	124930842	124934750	+	10	10
chr12	126861940	126863107	-	10	10
chr12	128016503	128016682	+	10	10
chr12	128782433	128783048	+	10	10
chr12	130787392	130789585	-	10	9
chr12	130885064	130886828	+	10	9
chr13	20208500	20212075	+	10	10
chr13	20260586	20260696	+	10	10
chr13	20726985	20727957	-	10	10
chr13	20932472	20934197	-	10	10
chr13	20971691	20972041	-	10	9
chr13	21843106	21843317	+	10	10
chr13	22360255	22361495	-	10	10
chr13	22566996	22567428	-	10	9
chr13	22645060	22645536	+	10	9
chr13	25014027	25014131	-	10	10
chr13	26042169	26043983	+	10	10
chr13	30189517	30190945	+	10	10
chr13	30386301	30387544	+	10	10
chr13	31614945	31617374	-	10	9
chr13	32810184	32810332	-	10	10
chr13	36406708	36406882	+	10	10
chr13	43821278	43822899	-	10	9
chr13	45744089	45744267	+	10	10
chr13	46762334	46764329	-	10	8
chr13	48226148	48227579	+	10	10
chr13	48273892	48275750	+	10	9
chr13	51081130	51081274	+	10	10
chr13	51326448	51327579	-	10	9
chr13	52160956	52161818	+	10	10
chr13	58259112	58305253	+	10	10
chr13	64503760	64503870	+	10	10
chr13	64980068	64980171	-	10	10
chr13	66130151	66131018	-	10	10
chr13	69550496	69550693	-	10	10
chr13	72603022	72606140	+	10	10
chr13	73079915	73081225	-	10	10
chr13	73100334	73100568	-	10	10
chr13	74165407	74215813	-	10	9
chr13	76202901	76203203	+	10	10
chr13	76875658	76876889	+	10	10
chr13	77696149	77697581	-	10	10
chr13	80392049	80394167	+	10	10
chr13	80399434	80400737	-	10	10
chr13	82139038	82139341	-	10	10
chr13	82605305	82605636	-	10	10
chr13	84937386	84937868	+	10	10
chr13	84949104	84949867	-	10	10
chr13	86265723	86266817	-	10	10
chr13	87977119	87977350	+	10	10
chr13	90263181	90263335	-	10	10
chr13	94639022	94641244	-	10	10
chr13	95348213	95348373	-	10	10
chr13	97477998	97478935	+	10	9
chr13	98025981	98026409	-	10	9
chr13	98058007	98059058	+	10	9
chr13	98632632	98632770	-	10	10
chr13	98753867	98753962	+	10	10
chr13	99108090	99110067	+	10	9
chr13	99396848	99397285	+	10	9
chr13	99574691	99576462	+	10	8
chr13	100019581	100026244	+	10	10
chr13	103457120	103458032	-	10	10
chr13	103970194	103970326	+	10	10
chr13	104051641	104051839	+	10	10
chr13	104969654	104969901	+	10	10
chr13	108313138	108314089	+	10	9
chr13	110562227	110563843	+	10	10
chr13	110858281	110859650	+	10	7
chr13	111411944	111413173	+	10	9
chr13	113292931	113294409	+	10	9
chr13	113576540	113580236	+	10	9
chr14	20424185	20424952	-	10	9
chr14	20504334	20505413	+	10	10
chr14	21695828	21696362	-	10	10
chr14	21716701	21717922	-	10	10
chr14	21871247	21873129	+	10	9
chr14	22114146	22115895	-	10	9
chr14	24666576	24666739	-	10	10
chr14	25208420	25209965	-	10	10
chr14	28073661	28073934	-	10	9
chr14	28108254	28109214	-	10	8
chr14	28161711	28162075	+	10	10
chr14	30858554	30858898	+	10	10
chr14	31863475	31864880	-	10	10
chr14	33898599	33898891	+	10	10
chr14	36293927	36294248	+	10	7
chr14	40527378	40527960	-	10	10
chr14	42166100	42166199	-	10	10
chr14	42351231	42351358	-	10	10
chr14	44737081	44737272	-	10	10
chr14	50116798	50117110	-	10	10
chr14	50234479	50235544	-	10	9
chr14	51979452	51980907	+	10	7
chr14	52638170	52639904	-	10	10
chr14	52696860	52698885	-	10	9
chr14	52983532	52984597	-	10	9
chr14	53027761	53029845	+	10	10
chr14	55105490	55106193	+	10	10
chr14	55487731	55489363	-	10	10
chr14	55738631	55738724	-	10	10
chr14	58551325	58553340	+	10	9
chr14	58570192	58570395	-	10	9
chr14	59390592	59393328	-	10	10
chr14	59394552	59395592	-	10	10
chr14	60725445	60725630	-	10	10
chr14	61659177	61664523	-	10	9
chr14	62694563	62694861	-	10	10
chr14	65230059	65231183	+	10	10
chr14	65771868	65772232	-	10	10
chr14	70900195	70900974	-	10	10
chr14	71290811	71290950	-	10	10
chr14	74225622	74237195	-	10	10
chr14	74434734	74435111	+	10	8
chr14	74650122	74651193	+	10	10
chr14	75481856	75484370	+	10	9
chr14	77772082	77774031	-	10	7
chr14	82473718	82473821	+	10	10
chr14	84429494	84429595	-	10	10
chr14	84883457	84884832	+	10	10
chr14	86240748	86241030	-	10	10
chr14	88932016	88932282	+	10	10
chr14	94754891	94756027	-	10	10
chr14	96124540	96126438	-	10	10
chr14	96567411	96570667	+	10	8
chr14	98033246	98033750	-	10	10
chr14	98776879	98777715	-	10	10
chr14	99076490	99076915	-	10	9
chr14	99078462	99081826	-	10	10
chr14	99092778	99095251	+	10	9
chr14	105646288	105647909	-	10	10
chr14	105816622	105818030	-	10	8
chr14	105862053	105864118	+	10	10
chr14	106135027	106137671	+	10	10
chr14	106366241	106366739	+	10	7
chr15	19816862	19845307	-	10	10
chr15	22445929	22446195	-	10	10
chr15	25654071	25655130	-	10	10
chr15	25668700	25669586	-	10	9
chr15	27635685	27648211	+	10	10
chr15	29973811	29980297	+	10	10
chr15	30073558	30075734	-	10	10
chr15	30773688	30774058	-	10	8
chr15	31474637	31475096	+	10	9
chr15	34976362	34978259	-	10	9
chr15	36534736	36535031	+	10	10
chr15	40831396	40833537	+	10	7
chr15	41381090	41381713	+	10	8
chr15	41384154	41386958	-	10	10
chr15	43304176	43304291	-	10	10
chr15	43356184	43357861	-	10	10
chr15	44206974	44207229	+	10	10
chr15	45022164	45022841	-	10	10
chr15	45338075	45338208	-	10	10
chr15	46147476	46147668	+	10	10
chr15	48819326	48820005	-	10	10
chr15	49046736	49047334	+	10	9
chr15	49080513	49081303	-	10	10
chr15	50804621	50807571	-	10	10
chr15	55155726	55156095	+	10	10
chr15	61760404	61783834	+	10	9
chr15	63450587	63451790	-	10	10
chr15	65425189	65425700	-	10	8
chr15	65529520	65530360	-	10	10
chr15	66277169	66277508	+	10	10
chr15	66800328	66800552	+	10	10
chr15	67814041	67814941	-	10	10
chr15	70624130	70624288	-	10	10
chr15	73791955	73792068	+	10	10
chr15	74440618	74440893	+	10	10
chr15	74726536	74727677	+	10	7
chr15	74728290	74729729	-	10	10
chr15	79987182	79989524	-	10	10
chr15	80140949	80141992	-	10	10
chr15	82046208	82047644	-	10	10
chr15	82069301	82069387	-	10	10
chr15	82122393	82124727	-	10	10
chr15	85139344	85141651	-	10	9
chr15	89973821	89975397	-	10	10
chr15	90867492	90868560	+	10	10
chr15	94127838	94129144	-	10	10
chr15	99734242	99734970	+	10	9
chr15	99747877	99747978	-	10	10
chr16	1015784	1017930	+	10	8
chr16	1327745	1329998	+	10	9
chr16	1994552	1996640	+	10	10
chr16	2875492	2879607	-	10	10
chr16	4767903	4768723	-	10	10
chr16	4803018	4803192	+	10	10
chr16	10827294	10829825	-	10	9
chr16	11831669	11833836	-	10	10
chr16	12617786	12619115	+	10	9
chr16	14434874	14435185	+	10	9
chr16	15321959	15346947	+	10	10
chr16	18751461	18751787	+	10	8
chr16	19107052	19109489	-	10	10
chr16	20930557	20932706	+	10	10
chr16	22652109	22652297	+	10	10
chr16	22686602	22686779	+	10	10
chr16	23383328	23386247	+	10	9
chr16	23596336	23598201	+	10	10
chr16	23766386	23768334	+	10	10
chr16	25357378	25358109	-	10	9
chr16	26504504	26536441	-	10	10
chr16	26907944	26908345	+	10	9
chr16	26914641	26935241	+	10	10
chr16	27372194	27373446	-	10	10
chr16	27782935	27783646	+	10	10
chr16	28368943	28369867	-	10	10
chr16	28512396	28514649	+	10	10
chr16	30467080	30468730	-	10	10
chr16	30895288	30896448	-	10	9
chr16	33359185	33360001	-	10	9
chr16	34930355	34930568	+	10	10
chr16	49977229	49988021	+	10	10
chr16	57149043	57152286	-	10	10
chr16	57538585	57540217	+	10	10
chr16	57609508	57610465	+	10	10
chr16	61511802	61511983	-	10	9
chr16	67272863	67274174	+	10	9
chr16	67275670	67277347	+	10	10
chr16	67668852	67672162	-	10	9
chr16	68529663	68530001	-	10	9
chr16	71581855	71582271	+	10	10
chr16	73901165	73932157	-	10	10
chr16	74669073	74671006	-	10	9
chr16	74838890	74839169	-	10	10
chr16	74860671	74863400	+	10	10
chr16	76969161	76969549	-	10	10
chr16	78008568	78010494	+	10	10
chr16	78097314	78099105	-	10	10
chr16	79404236	79404967	-	10	10
chr16	82146851	82147652	+	10	10
chr16	84047924	84049583	+	10	9
chr17	439473	439963	-	10	9
chr17	1710531	1711393	-	10	10
chr17	2381685	2383922	+	10	10
chr17	2716218	2717668	+	10	10
chr17	4266685	4267140	+	10	8
chr17	4650902	4652809	+	10	8
chr17	4967848	4967974	+	10	9
chr17	5637503	5641394	+	10	10
chr17	6557816	6558192	-	10	8
chr17	7055393	7056629	+	10	9
chr17	7950973	7951407	+	10	9
chr17	8298001	8299748	-	10	10
chr17	8633934	8637437	+	10	10
chr17	9892592	9894177	-	10	10
chr17	12397398	12401609	+	10	10
chr17	14736187	14736429	-	10	10
chr17	15372159	15374056	+	10	10
chr17	15423437	15423870	+	10	9
chr17	16687849	16688962	+	10	8
chr17	16974512	16975919	-	10	10
chr17	16986252	16988258	-	10	9
chr17	17357403	17357866	-	10	10
chr17	17360982	17361103	-	10	10
chr17	17679961	17681422	-	10	10
chr17	18068532	18070710	+	10	10
chr17	18682384	18684853	+	10	9
chr17	19985735	19986943	-	10	10
chr17	21258328	21259158	+	10	10
chr17	27211325	27213231	-	10	10
chr17	27283386	27284586	+	10	9
chr17	29067718	29070342	+	10	10
chr17	31652165	31652522	+	10	10
chr17	31710430	31711962	+	10	10
chr17	31734681	31734775	+	10	10
chr17	32969485	32969730	+	10	10
chr17	35222133	35223977	+	10	10
chr17	35337132	35338725	+	10	10
chr17	36212927	36214757	+	10	9
chr17	37084129	37084466	-	10	10
chr17	37944577	37945310	+	10	10
chr17	38051380	38051875	-	10	10
chr17	38323601	38324323	-	10	10
chr17	40284886	40286650	-	10	9
chr17	40370245	40371757	+	10	8
chr17	40384282	40385746	+	10	9
chr17	40913269	40915614	-	10	10
chr17	41115608	41117114	+	10	7
chr17	41482924	41483025	-	10	10
chr17	41749379	41750885	-	10	9
chr17	42457987	42458737	-	10	10
chr17	43470070	43470826	+	10	10
chr17	43865366	43868079	-	10	8
chr17	44289586	44293186	-	10	9
chr17	44953594	44955107	-	10	10
chr17	46028358	46029243	-	10	10
chr17	48537199	48538838	+	10	8
chr17	49853142	49853815	-	10	9
chr17	49863619	49864116	-	10	10
chr17	50959589	50960002	+	10	10
chr17	51136847	51138213	+	10	10
chr17	56786136	56787202	-	10	7
chr17	57061107	57061334	-	10	10
chr17	57128900	57130703	-	10	9
chr17	58071430	58074814	+	10	10
chr17	62899661	62900100	+	10	10
chr17	64678955	64679114	-	10	10
chr17	64680723	64681690	+	10	10
chr17	65514445	65515409	-	10	9
chr17	66279309	66280052	+	10	10
chr17	69561145	69563024	+	10	10
chr17	74184241	74185589	+	10	10
chr17	74494126	74495543	-	10	8
chr17	78143074	78143505	-	10	9
chr17	78635176	78636425	+	10	10
chr17	78930649	78932610	+	10	10
chr17	78959388	78962100	-	10	10
chr17	78960364	78961513	+	10	9
chr17	79839801	79842184	+	10	10
chr17	83121798	83123596	+	10	8
chr17	83123456	83124276	-	10	8
chr18	849572	850464	-	10	10
chr18	3037045	3038291	-	10	10
chr18	3052796	3054106	-	10	10
chr18	3403394	3405153	+	10	10
chr18	8607849	8609383	+	10	10
chr18	9545236	9546598	-	10	10
chr18	10592576	10594533	+	10	9
chr18	12729452	12732057	-	10	10
chr18	13142391	13143479	+	10	9
chr18	15208377	15208765	-	10	10
chr18	15303080	15303213	-	10	10
chr18	20572975	20573088	+	10	10
chr18	22283087	22284215	+	10	10
chr18	25033517	25033753	+	10	10
chr18	25384974	25400542	+	10	10
chr18	25971905	25972226	+	10	10
chr18	25975447	25977144	-	10	10
chr18	25991660	25991956	+	10	10
chr18	32784699	32785814	-	10	10
chr18	35520032	35521979	+	10	10
chr18	35797608	35797728	+	10	10
chr18	37837208	37837308	+	10	10
chr18	38069462	38078801	-	10	10
chr18	38302503	38302738	+	10	10
chr18	41169453	41169651	+	10	9
chr18	41776003	41778355	+	10	10
chr18	45967738	45968542	-	10	10
chr18	46475900	46476335	-	10	10
chr18	47664754	47666337	+	10	10
chr18	49760768	49760911	+	10	10
chr18	51095492	51100284	-	10	10
chr18	51742963	51743512	+	10	10
chr18	52271681	52271777	-	10	10
chr18	54067287	54068431	-	10	10
chr18	54069969	54072219	-	10	10
chr18	54385268	54387629	+	10	9
chr18	59825460	59826714	-	10	10
chr18	62403739	62403927	-	10	10
chr18	66031267	66031591	+	10	10
chr18	67446794	67446893	-	10	10
chr18	70963295	70974365	-	10	10
chr18	72643799	72643980	+	10	9
chr18	73913553	73914022	-	10	9
chr18	75325925	75328957	+	10	8
chr18	77137228	77139025	+	10	9
chr19	1279273	1281517	+	10	6
chr19	1605901	1609080	-	10	10
chr19	2468123	2471612	+	10	9
chr19	2706893	2707067	+	10	10
chr19	2837442	2838624	-	10	10
chr19	3072801	3073140	+	10	10
chr19	3929613	3930850	-	10	9
chr19	5547723	5548682	-	10	8
chr19	5778933	5781496	+	10	10
chr19	6303049	6305524	-	10	9
chr19	7827311	7828557	-	10	10
chr19	8157634	8157891	+	10	10
chr19	8175796	8177437	+	10	10
chr19	8295838	8296227	-	10	10
chr19	8710184	8711098	+	10	10
chr19	8712550	8714090	-	10	10
chr19	8803259	8804862	-	10	9
chr19	9591851	9592653	-	10	9
chr19	9850051	9850331	+	10	9
chr19	10941084	10942477	-	10	9
chr19	11291750	11294851	+	10	8
chr19	11550541	11550818	+	10	10
chr19	15105626	15106789	-	10	8
chr19	16007706	16008645	+	10	10
chr19	16246086	16248076	-	10	10
chr19	18897887	18898782	-	10	9
chr19	19643849	19644931	+	10	10
chr19	20987020	20987114	-	10	10
chr19	21391207	21391678	-	10	10
chr19	23216804	23218391	+	10	9
chr19	23697203	23703466	+	10	9
chr19	23729949	23731856	+	10	10
chr19	24011991	24012126	-	10	10
chr19	27329450	27330196	+	10	10
chr19	28127451	28127545	+	10	10
chr19	29831288	29831561	+	10	10
chr19	33931804	33948673	-	10	10
chr19	34875949	34877376	+	10	10
chr19	35188010	35188554	+	10	8
chr19	36252836	36253913	+	10	9
chr19	37406200	37407653	-	10	10
chr19	38317318	38318954	+	10	10
chr19	38773589	38782224	+	10	10
chr19	38791942	38792540	+	10	10
chr19	39540185	39541374	+	10	10
chr19	39854628	39854921	-	10	10
chr19	40021228	40022786	+	10	10
chr19	40172035	40172390	+	10	10
chr19	40445244	40447652	-	10	10
chr19	41830940	41832368	+	10	9
chr19	43713260	43714455	-	10	9
chr19	44937579	44941876	+	10	10
chr19	46034471	46035591	+	10	10
chr19	46644104	46644910	-	10	10
chr19	46717264	46719320	+	10	9
chr19	46835257	46837443	+	10	10
chr19	47593538	47593614	+	10	10
chr19	48899160	48899907	-	10	9
chr19	49504093	49504968	-	10	7
chr19	49961211	49963935	+	10	10
chr19	50071815	50073316	-	10	10
chr19	50641165	50641361	-	10	10
chr19	50642575	50642748	+	10	10
chr19	50903522	50905024	-	10	10
chr19	51086839	51088620	+	10	9
chr19	51562654	51563583	+	10	10
chr19	53286939	53287673	-	10	10
chr19	53790758	53792042	+	10	10
chr19	54271902	54272989	+	10	10
chr19	55130847	55131979	-	10	9
chr19	55425351	55425944	+	10	9
chr19	55882173	55882310	-	10	10
chr19	55886401	55886889	-	10	10
chr19	57338441	57341006	+	10	9
chr20	2206297	2206647	-	10	9
chr20	4765252	4767867	+	10	10
chr20	5697247	5699095	+	10	10
chr20	5702456	5703267	+	10	10
chr20	5733514	5734016	+	10	10
chr20	9533402	9533529	+	10	10
chr20	11667723	11667884	-	10	9
chr20	11790862	11791002	-	10	10
chr20	13308891	13311160	+	10	7
chr20	13339698	13341118	-	10	8
chr20	13350721	13352742	-	10	9
chr20	13673952	13681283	-	10	10
chr20	17912572	17912721	-	10	10
chr20	18127400	18129729	-	10	10
chr20	22010870	22011332	+	10	10
chr20	22361345	22361539	+	10	10
chr20	23062557	23064402	-	10	9
chr20	24057730	24057825	+	10	10
chr20	25059106	25059889	+	10	10
chr20	28914365	28914656	+	10	10
chr20	29646676	29646842	+	10	10
chr20	29773497	29773562	+	10	10
chr20	32440882	32443001	+	10	10
chr20	32816711	32819537	+	10	10
chr20	33115283	33115416	-	10	10
chr20	35519754	35520676	-	10	10
chr20	35749822	35750667	-	10	10
chr20	35765480	35767857	+	10	10
chr20	37691937	37693622	-	10	8
chr20	38403436	38404871	-	10	9
chr20	38791139	38792745	+	10	10
chr20	40237869	40238032	+	10	9
chr20	43913986	43914365	-	10	8
chr20	44287044	44289779	+	10	10
chr20	45414336	45415084	+	10	10
chr20	45879135	45880777	+	10	9
chr20	45885342	45886430	-	10	10
chr20	49793526	49794992	-	10	8
chr20	50229763	50230700	+	10	10
chr20	50348598	50350100	-	10	10
chr20	53505102	53505945	+	10	10
chr20	53897670	53897845	+	10	10
chr20	55224750	55225324	-	10	10
chr20	56356776	56358855	-	10	9
chr20	57724291	57766967	-	10	10
chr20	58736259	58739427	+	10	9
chr20	59008776	59009397	+	10	8
chr20	62299065	62300506	-	10	10
chr21	5053707	5053975	-	10	8
chr21	5229756	5230832	+	10	10
chr21	6008159	6009357	+	10	10
chr21	6046197	6047044	+	10	9
chr21	6434366	6436294	+	10	10
chr21	6482029	6483100	+	10	10
chr21	7766136	7768924	-	10	10
chr21	13075603	13075693	+	10	10
chr21	13261717	13261851	-	10	10
chr21	14783994	14784804	+	10	10
chr21	17377918	17379097	+	10	10
chr21	18980801	18988733	+	10	10
chr21	19846628	19846795	-	10	10
chr21	20374624	20374828	+	10	10
chr21	23610691	23610803	-	10	10
chr21	24593754	24593857	-	10	10
chr21	26768032	26792037	+	10	6
chr21	30940316	30942423	-	10	9
chr21	34046503	34049135	+	10	9
chr21	36316848	36319161	+	10	9
chr21	37029899	37030092	+	10	10
chr21	39090970	39092646	+	10	10
chr21	41976297	41976658	-	10	10
chr21	42945837	42949368	+	10	9
chr21	43265086	43267131	-	10	9
chr21	43368774	43371523	+	10	8
chr21	44824088	44826969	-	10	10
chr21	45008216	45008537	-	10	10
chr21	45581845	45583973	-	10	9
chr22	10725765	10727597	-	10	9
chr22	15211845	15212551	+	10	10
chr22	18518908	18521779	-	10	10
chr22	18526006	18527013	+	10	10
chr22	18711009	18711516	-	10	10
chr22	20151190	20151773	+	10	10
chr22	21378284	21379359	-	10	9
chr22	21380798	21381091	-	10	10
chr22	22062115	22064088	-	10	10
chr22	22177355	22177980	+	10	9
chr22	22237291	22239685	-	10	10
chr22	22479652	22480027	-	10	10
chr22	22925777	22930703	-	10	10
chr22	23339018	23340799	-	10	10
chr22	23429480	23432318	+	10	10
chr22	23992935	23993409	-	10	10
chr22	28758265	28759287	+	10	9
chr22	31372096	31373865	-	10	10
chr22	33996408	33996532	+	10	9
chr22	34586776	34586908	-	10	10
chr22	35297082	35298818	+	10	10
chr22	36043690	36043839	-	10	10
chr22	36462394	36463220	+	10	10
chr22	36985042	36985155	+	10	10
chr22	38575907	38576041	+	10	10
chr22	38797464	38797653	-	10	10
chr22	39093819	39094793	-	10	9
chr22	40750357	40753002	-	10	10
chr22	41075912	41078388	-	10	10
chr22	41698520	41699264	-	10	10
chr22	41799456	41800222	-	10	10
chr22	42531046	42533031	-	10	9
chr22	42546954	42548183	-	10	10
chr22	42770834	42774029	-	10	8
chr22	42795760	42796165	+	10	9
chr22	44542126	44551744	+	10	9
chr22	44558365	44559522	-	10	10
chr22	45241973	45242332	+	10	9
chr22	47528424	47529112	+	10	10
chrX	1401176	1401414	+	10	10
chrX	1539833	1540530	+	10	9
chrX	1772615	1809238	+	10	10
chrX	3004231	3004967	+	10	10
chrX	9356072	9357462	+	10	10
chrX	12832159	12832650	+	10	10
chrX	13647275	13649088	+	10	10
chrX	14037366	14037674	+	10	9
chrX	14393721	14394546	+	10	10
chrX	15229858	15231414	-	10	9
chrX	15906956	15908231	+	10	9
chrX	15910205	15911780	-	10	8
chrX	16062021	16064526	+	10	10
chrX	16870384	16871711	+	10	10
chrX	18402774	18406469	-	10	10
chrX	19891090	19892013	-	10	10
chrX	23563577	23565771	-	10	9
chrX	24027639	24029421	+	10	9
chrX	26986147	26986239	+	10	9
chrX	30323053	30323431	-	10	10
chrX	30520664	30521374	-	10	8
chrX	34954815	34954984	+	10	10
chrX	43574690	43574811	-	10	10
chrX	44659240	44660438	-	10	10
chrX	45431743	45431862	-	10	10
chrX	45441977	45442145	+	10	10
chrX	47354253	47357615	-	10	10
chrX	47435993	47438531	+	10	9
chrX	47807041	47807403	+	10	10
chrX	47807274	47807424	-	10	10
chrX	52836634	52836791	-	10	9
chrX	53528110	53531856	+	10	10
chrX	54510070	54512307	+	10	10
chrX	54525086	54527857	+	10	7
chrX	55473625	55473910	+	10	10
chrX	55492624	55494120	+	10	10
chrX	56300771	56302235	-	10	10
chrX	56486836	56488338	+	10	7
chrX	62517907	62518321	+	10	10
chrX	64147715	64149019	-	10	9
chrX	65548138	65548655	-	10	10
chrX	65758213	65759133	+	10	9
chrX	65876192	65888974	+	10	9
chrX	66400462	66400615	-	10	10
chrX	70108493	70110492	-	10	10
chrX	71321809	71323511	+	10	8
chrX	71532425	71532935	+	10	8
chrX	71771287	71773512	+	10	10
chrX	72714559	72715441	+	10	8
chrX	73462156	73462247	+	10	10
chrX	73522462	73524130	-	10	10
chrX	74306532	74307655	-	10	10
chrX	74653735	74654966	-	10	10
chrX	75349284	75353273	-	10	8
chrX	75769456	75771400	-	10	10
chrX	77051152	77051273	+	10	10
chrX	77132040	77190576	+	10	10
chrX	78966078	78966705	-	10	10
chrX	79083827	79083954	-	10	10
chrX	79271194	79274722	-	10	9
chrX	79283378	79284987	-	10	10
chrX	79880098	79880264	+	10	10
chrX	79903600	79904975	+	10	10
chrX	80852429	80853673	+	10	9
chrX	81771611	81797218	+	10	9
chrX	81838281	81838374	-	10	10
chrX	82391191	82391317	+	10	10
chrX	82436323	82436897	+	10	10
chrX	89986441	89986576	-	10	10
chrX	93477372	93477849	+	10	10
chrX	93662549	93663430	+	10	10
chrX	94068935	94069466	-	10	10
chrX	96489190	96490961	+	10	10
chrX	99896347	99896460	+	10	10
chrX	99896350	99896623	-	10	10
chrX	100427272	100475504	+	10	10
chrX	100780348	100780462	-	10	10
chrX	101322324	101325045	-	10	8
chrX	101618177	101618678	+	10	10
chrX	103108695	103122774	+	10	10
chrX	103163820	103163954	+	10	10
chrX	103307735	103309323	-	10	10
chrX	104163688	104164020	-	10	9
chrX	107121211	107123072	-	10	10
chrX	110831229	110833319	-	10	10
chrX	111640749	111640921	+	10	10
chrX	112623902	112624265	-	10	10
chrX	113535759	113536118	+	10	10
chrX	113612974	113614367	+	10	10
chrX	115659295	115659649	+	10	10
chrX	116418738	116418841	-	10	10
chrX	118252322	118252465	+	10	10
chrX	118932262	118932380	+	10	10
chrX	120492945	120493054	-	10	10
chrX	120623959	120625339	+	10	10
chrX	120812563	120816363	+	10	9
chrX	120872056	120872162	+	10	10
chrX	121001909	121002111	-	10	9
chrX	121343831	121345344	+	10	10
chrX	123583522	123584047	-	10	10
chrX	127800125	127800354	-	10	9
chrX	129380517	129382837	+	10	10
chrX	129388162	129389861	-	10	10
chrX	129527086	129527932	+	10	10
chrX	130311843	130311942	-	10	10
chrX	134047380	134081716	+	10	10
chrX	134310410	134310513	+	10	10
chrX	134915693	134916693	+	10	10
chrX	135588715	135591685	+	10	8
chrX	136289594	136290970	-	10	10
chrX	136804328	136804667	-	10	10
chrX	136832193	136834065	+	10	8
chrX	139722001	139724694	-	10	10
chrX	144236735	144236864	+	10	10
chrX	145256874	145257137	+	10	10
chrX	151223318	151223530	+	10	10
chrX	151433396	151433942	+	10	9
chrX	151882013	151882764	+	10	10
chrX	151938707	151938957	-	10	10
chrX	153436279	153436805	-	10	10
chrX	153833982	153834296	-	10	10
chrX	153840788	153840984	+	10	10
chrX	154422419	154424178	-	10	10
chrX	155157207	155163930	-	10	10
chrX	155409693	155410564	+	10	10
chrY	2144763	2147201	+	10	10
chrY	2189143	2189559	+	10	10
chrY	3735446	3735699	-	10	9
chrY	7390479	7391360	-	10	9
chrY	8232313	8232639	+	10	10
chrY	8425560	8425720	+	10	10
chrY	10221311	10221637	+	10	10
chrY	14013365	14029618	-	10	9
chrY	14345304	14345863	+	10	8
chrY	19161932	19176526	+	10	10
chrY	19427005	19428470	-	10	9
chrY	19614089	19618171	+	10	10
chrY	20415703	20416022	+	10	10
chrY	21044876	21046521	-	10	9
chrY	23679619	23712271	+	10	10
chrY	24298381	24299370	-	10	10
chrY	25989463	25990807	+	10	8
chrY	56906567	56908988	+	10	9
GL000008.2	110777	110904	+	10	10
GL000208.1	67803	68801	+	10	10
GL000213.1	13369	13526	+	10	10
GL000218.1	85066	85493	+	10	10
GL000221.1	11705	15427	+	10	10
GL000221.1	56152	59244	+	10	9
KI270442.1	356486	356596	-	10	10
KI270707.1	5646	10352	+	10	9
KI270712.1	90275	93503	-	10	10
KI270714.1	1268	2201	+	10	10
KI270719.1	173644	174120	+	10	10
KI270728.1	33072	33388	+	10	10
KI270728.1	190850	190996	-	10	10
KI270728.1	998016	998330	-	10	10
KI270728.1	1776431	1805109	-	10	10
KI270731.1	76012	80491	+	10	10
KI270734.1	163974	164142	-	10	10
KI270738.1	90437	91203	+	10	10
KI270743.1	75259	75367	+	10	10
KI270743.1	114547	115336	+	10	10
KI270744.1	65174	66092	-	10	10
