chr12	66049794	66065060	-	46927	16990
chr20	62387054	62388577	+	29858	2953
GL000220.1	97146	161259	+	13319	2287
chrX	79178008	79306121	+	11982	4298
chr10	3769812	3785237	-	10481	1874
chrM	0	417	-	9715	1801
chr11	10507885	10511360	-	7831	1714
chr13	22695849	22696016	-	6650	1304
KI270733.1	120222	179453	+	5836	1832
chr20	60851633	61067509	-	5676	2443
chr21	8251169	8258559	+	4901	1618
chr6	89078823	89093765	+	4337	1437
chr20	36894252	36993821	-	3496	1013
chr5	88779137	88883251	-	3477	715
chr19	18274580	18279686	+	2926	998
chr16	88809465	88813244	-	2874	1186
chr14	94378348	94388642	-	2864	574
chr2	8682055	8684783	+	2861	877
chr9	37204898	37334672	+	2839	806
chr16	55719785	55720439	-	2759	1083
chr5	160942085	161100310	-	2652	1491
chr19	41877255	41883067	+	2609	382
chr19	16328744	16351270	+	2572	797
chrX	123514909	123515248	+	2466	976
chr11	128456082	128522386	-	2455	882
chrX	44794615	44838339	+	2450	941
chr9	37121219	37203765	+	2370	922
chrX	20149910	20204579	-	2339	969
chrM	0	576	+	2242	936
chr3	196785523	196834187	+	2218	934
chr14	75283192	75293918	+	2213	717
chr17	77481164	77501537	+	2195	1019
chr3	30640396	30694233	+	2115	938
chr12	95466398	95467381	-	2024	1037
chr11	492061	507199	-	1970	903
chr9	79391769	79391917	+	1954	898
chr7	105347025	105438226	-	1854	813
chr11	3826454	3827469	-	1854	815
chr7	140697118	140706647	+	1776	872
chr14	22773218	22815472	-	1744	498
chrM	16025	16569	+	1731	896
chr15	63142184	63157572	-	1566	832
chr2	157386008	157409353	-	1517	719
chr1	242975148	242988961	+	1502	869
chr16	21953312	21983812	+	1500	835
chr21	18858305	18858496	+	1492	777
chr1	112671116	112672737	+	1485	756
chr5	76850042	76927469	+	1414	385
chrX	20208536	20267654	-	1337	656
chr12	110719132	110742889	-	1333	768
chr16	51646667	51647130	+	1324	741
chr3	30606687	30638959	+	1268	642
chr19	14408785	14419380	-	1268	733
chr1	86704603	86748184	+	1252	695
chr12	55409888	55411064	+	1235	722
chr14	50189954	50232121	-	1161	605
chr17	32382020	32411193	+	1161	612
chr15	31371616	31378785	+	1143	686
chr9	6037846	6038106	-	1123	757
chr12	9011065	9027314	+	1120	343
chr3	101574196	101594474	+	1092	664
chr5	83050987	83077402	-	1089	586
chr20	32101357	32102112	+	1082	428
chr7	105246752	105300611	-	1059	555
chr17	3922367	3948927	-	994	590
chr16	69372597	69386338	+	977	772
chr7	69899376	70339109	+	965	269
chr1	27351435	27355000	+	959	627
chr7	105124776	105174400	-	954	568
chr5	138469320	138488766	+	935	291
chr12	9029434	9049914	+	900	310
chrX	140033519	140033891	+	882	561
chr3	155988200	155989066	+	879	602
chr7	27456336	27458077	-	861	563
chr9	34613545	34617915	-	850	543
chr15	44718852	44728894	+	849	492
chr21	8986604	8988749	+	844	570
chrM	16024	16569	-	833	510
KI270721.1	2605	16085	+	830	533
chr15	101268870	101280965	-	808	480
chr19	45478918	45485056	+	802	286
chr4	132528094	132528217	+	796	576
chr10	6580880	6591135	+	795	416
chr15	74843653	74848703	-	794	535
chr5	149504920	149528916	-	786	473
chr19	12642385	12643274	-	785	583
chr12	111418771	111436858	+	781	401
chrX	30630826	30649501	+	777	470
chrX	150230806	150231035	-	762	537
chr6	2948158	2949020	-	754	450
chr19	49684948	49688448	+	754	541
chr5	75552570	75609990	+	747	462
chr16	47287048	47298924	-	746	410
chr9	137550818	137552616	+	744	519
chr12	121446144	121521375	-	739	411
chr17	75765673	75776427	-	732	322
chr14	24142617	24146612	-	721	488
chr2	58252525	58252692	+	701	513
chr11	123042217	123057379	-	677	284
chr16	29406717	29425781	-	670	472
chr7	38238908	38253648	-	662	263
chr6	30538788	30556489	-	661	425
chr5	18162985	18175804	+	658	509
chr1	171470015	171485442	-	651	333
chr16	81490201	81508545	+	642	400
chr12	9116408	9123894	+	636	282
chr20	36905725	36995563	+	622	415
chr19	18178129	18192984	+	620	263
chrX	24354818	24354962	+	620	441
chr9	33039918	33041708	+	615	354
chr2	30160538	30164491	+	610	345
chr15	85066519	85110315	+	607	364
chr16	81703995	81713221	+	605	381
chr16	47361376	47428899	-	602	337
chr5	154808488	154818395	+	601	424
chr6	36606099	36618250	+	601	332
chr2	10606226	10659192	-	599	367
chr5	107194860	107195155	-	587	439
chr7	2418892	2451017	+	583	363
chr1	44817478	44819880	-	582	310
chr20	32090840	32100348	+	582	273
chr10	45423464	45440767	+	579	321
chr10	97322261	97332987	-	577	350
GL000218.1	46904	97454	-	575	383
chr7	105323394	105345353	-	560	366
chr9	134895407	134903213	-	559	296
chr20	5291342	5291879	-	558	426
chr10	74112414	74120160	+	557	345
chr8	38030713	38061184	+	550	326
chr12	7906567	7918927	-	550	196
chr22	50539828	50541082	+	550	314
chr3	187734122	187743668	-	545	293
chr9	131561664	131576363	-	542	307
chr3	30628149	30629113	-	533	361
chr14	22502295	22515202	+	532	292
chr5	154751550	154792781	+	529	339
chr10	74041376	74090151	+	529	304
chr10	18585844	18651647	-	527	329
chr17	32383372	32403301	-	526	356
chr14	103345176	103354030	+	523	319
chr19	16329282	16337763	-	520	307
chr17	4935025	4939156	-	514	379
chr7	996986	997501	-	509	369
chr19	18990886	18995172	-	508	383
chr4	105486087	105486409	+	504	392
chr20	1441489	1452552	-	501	346
chr19	18274512	18279692	-	500	365
chr17	62552214	62600822	+	491	344
chr7	39811543	39812560	+	490	436
chr11	65597052	65598251	-	481	339
chr12	66057580	66058566	+	478	472
GL000194.1	61541	115073	-	475	339
chr6	42746340	42781917	+	474	291
chr17	46487594	46499224	+	474	339
chr15	50280588	50348852	-	471	286
chr19	14503372	14513788	+	471	208
chr14	50125645	50146338	-	470	309
chr6	18427464	18483648	+	466	253
chr7	70711272	70831410	-	466	328
chr5	70090359	70094050	-	465	329
chr5	10679229	10684358	-	454	342
chr2	44065417	44066674	-	453	348
chr7	155762844	155783098	+	452	342
chr1	91733137	91799136	-	447	191
chr11	85947860	85957665	-	446	320
chr5	138469549	138488100	-	442	184
chr17	41692716	41700041	+	442	284
chr9	37348935	37358149	+	433	319
chr10	45361999	45420751	+	433	225
chr19	19668128	19688038	+	427	310
chr7	155665175	155708136	+	425	320
chr17	78841457	78845258	+	425	273
chr9	92689199	92709922	-	424	232
GL000220.1	104030	160889	-	420	334
chr3	56710387	56727152	-	419	225
chr3	15268876	15332582	-	416	256
chr1	244048309	244057476	+	415	308
chr7	155723925	155753810	+	413	290
chr15	44722894	44728817	-	410	248
chr19	7647477	7660408	+	410	304
chr7	139261347	139308969	+	406	297
chr9	137269766	137273546	+	406	321
chr3	31648914	31657802	+	404	243
chrX	52832228	52832396	-	401	329
chr14	67931117	68057342	-	400	267
chr19	39409690	39412098	+	400	269
chr3	108856494	108883352	+	399	217
chr19	3777968	3786187	-	399	199
chrX	72161792	72200122	+	399	309
chr2	157376127	157380658	-	392	307
chr6	41683977	41692494	-	391	300
chr14	50116923	50123878	-	388	288
chr22	39973792	39990459	+	386	238
chr1	28648829	28652412	+	385	250
chrX	20247408	20256210	+	384	291
chr14	22535323	22546417	+	383	231
chr14	75283198	75288444	-	383	250
chr4	164943945	164944050	+	379	319
chr17	30477419	30512805	+	379	266
chr11	2295627	2301919	-	375	293
chr5	149542692	149556496	-	374	272
chr17	81554631	81566309	-	371	291
chr17	59842480	59844816	-	369	221
chr3	30606298	30623093	-	366	259
chr17	62478130	62517229	+	365	265
chr6	35321958	35337544	+	364	239
chr12	111415692	111435784	-	363	249
chr14	92134275	92165715	+	360	270
chr1	149364982	149372290	+	358	236
chr10	102662823	102706252	-	358	256
chr20	5611055	5620443	+	356	227
chr6	42750963	42776201	-	355	251
chr6	18387444	18402155	+	350	189
chr5	66094422	66113810	+	347	193
chr16	11535762	11546657	-	347	213
chr2	171762367	171773729	+	346	234
chr19	49631539	49637744	-	346	248
chr3	96617241	96618488	-	345	293
chr19	14502892	14513685	-	342	146
chr3	196762471	196783588	+	340	253
chr22	47177635	47190132	+	339	197
chr10	74028466	74120173	-	337	234
chr17	59847061	59859377	+	337	189
chr8	9555323	9624465	+	336	253
chr2	200845786	200852619	-	334	222
chr20	58715412	58715844	+	331	269
chr3	185900865	185914308	-	330	206
chr3	32759706	32773875	+	327	250
chr9	136401220	136410301	-	325	263
chr15	65304795	65311522	+	325	231
chr7	105314518	105321919	-	323	248
chr11	107316301	107321117	-	321	251
chr16	30255629	30265781	-	321	269
chr16	30257684	30265746	+	320	269
chr6	32860734	32865078	+	318	246
chr14	20477222	20482342	+	318	198
chr8	9769568	9783390	+	317	232
chr3	30630382	30632998	-	316	230
chr16	4671410	4690974	+	316	256
chr1	145980544	145992389	-	313	201
chr17	46488675	46499666	-	313	235
KI270706.1	1303	73488	+	312	211
KI270713.1	16771	22425	-	309	241
chr9	93041033	93051996	+	308	214
chr14	50188899	50229560	+	306	241
chr20	32064615	32072990	+	306	189
chr16	87404591	87406076	+	304	249
chr5	57167914	57173392	-	303	200
chr8	56957580	56966298	-	302	243
chr4	154533905	154539220	-	300	257
chr8	30576581	30587531	-	300	245
chr14	67950993	67964421	+	296	203
chr14	99142567	99156172	-	296	144
chr7	142797339	142800814	+	295	201
chr17	81587338	81613497	-	295	229
chr7	5514266	5526335	-	293	171
chr4	25728724	25747142	-	292	144
chr17	62538096	62541976	-	291	243
chr1	144412377	144413225	+	290	210
chr14	92693691	92703793	+	289	206
chr1	52669914	52684234	+	287	212
KI270733.1	120125	177524	-	286	246
chr19	18178736	18192486	-	284	174
chr11	10851236	10858059	-	283	235
chr15	84982737	84998284	+	283	211
chr19	14370222	14374930	-	281	183
chr19	46719508	46719970	-	279	219
chr17	75765545	75772742	+	278	142
chr6	36606083	36616547	-	276	169
chr8	38383469	38385923	+	276	197
chr6	151394178	151410540	+	275	204
chr2	32323014	32334880	+	274	201
chr14	50158608	50188814	-	274	197
chr2	152758761	152763022	+	273	231
chr2	186029272	186148395	-	271	160
chr6	32652369	32655744	-	270	167
chr11	10758953	10775554	+	266	200
chr12	124900661	124911603	-	266	200
chr11	66228393	66230369	+	265	202
chr16	29406784	29415168	+	265	213
chr6	123760379	123760452	+	264	54
chr17	74517796	74521012	-	264	163
chr7	121347427	121365626	-	263	191
chr16	47167460	47178372	-	262	183
chr1	156737290	156738547	-	260	213
chr9	80324418	80338158	+	260	96
chr4	166535530	166603815	+	259	236
chr12	31787937	31790890	-	259	225
GL000219.1	77560	100228	-	259	220
chr22	40938578	40951087	-	258	178
chr3	196455485	196468755	-	257	166
chr15	59689525	59692051	+	255	189
chr6	30992859	30994969	-	254	221
chr16	22536547	22545112	+	254	215
chr17	44191433	44191790	+	254	224
chr17	59842266	59845817	+	253	190
chr17	81574582	81605933	+	252	193
chr7	121366679	121396323	-	251	177
chr20	50876724	50883124	+	251	188
chr6	32567344	32577837	-	250	156
chr14	90410063	90423039	-	250	123
chr9	75168361	75174429	+	249	183
chr3	50658159	50667621	+	248	177
chr6	30597180	30600382	-	248	174
chr11	123050644	123055769	+	248	156
chr19	45478869	45485215	-	247	144
chr1	96448318	96448636	+	246	215
chr5	127545555	127556095	+	246	204
chr7	30496352	30497076	-	246	187
chr19	39404536	39406775	-	245	181
chr19	48876309	48880961	-	245	183
chrX	73223558	73223746	+	245	216
chr7	102522823	102531879	-	244	196
chr8	30083468	30087224	+	243	168
chr19	18255709	18257095	-	243	117
chr2	85310395	85314693	-	242	201
chr13	20962201	20962943	+	242	215
chr7	2533406	2537623	-	241	194
chr4	141439438	141451481	+	239	141
chr10	26573199	26577474	+	239	193
chr14	35398647	35400234	+	238	154
chr2	43448596	43468402	-	236	176
chr4	13435742	13454896	-	236	172
chr9	80257125	80266989	+	235	98
chr17	77410662	77420421	+	235	187
chr1	96678759	96678873	-	234	207
chr9	37205655	37213039	-	234	184
chr22	21886679	21909976	-	234	136
chr2	73745889	73748856	+	232	203
chr7	87324584	87345081	-	232	196
chr16	81526979	81543956	+	232	172
chr19	2754714	2755181	-	232	192
chr2	32325722	32356733	-	231	170
chr2	218201407	218201683	+	231	196
chr15	77037505	77041401	+	231	193
chr6	132818181	132827034	+	229	164
chr7	44069456	44070894	+	229	194
chr1	26478596	26489922	-	226	121
chr11	503597	512156	+	226	177
chr16	69371820	69386320	-	225	190
chr8	60742752	60781324	+	224	162
chr22	42373814	42380061	-	224	160
chr1	46331067	46340686	-	223	156
chr5	141630331	141637083	-	222	171
chr11	56691211	56691686	+	222	198
chr14	57203850	57215490	-	222	193
chr19	14408851	14418848	+	222	175
chr20	36898393	36904586	+	222	178
chr2	74556612	74557775	+	221	183
chr14	24168043	24171505	+	221	171
chr17	77429832	77431854	+	221	170
chr3	150763488	150765954	+	219	187
chr5	76739249	76740172	+	219	52
chr3	156823424	156825480	-	218	129
chr16	12651914	12659301	-	217	141
chr1	120354742	120356000	+	216	155
chr5	151093584	151100058	-	215	185
chr9	63819885	63823130	+	214	156
chr19	48876329	48880963	+	214	166
chr10	23138373	23139772	+	213	191
chr16	22539500	22543994	-	213	182
chr16	81570223	81573382	+	212	162
chr1	204506519	204511047	+	211	175
chr4	40247588	40257211	+	211	132
chr5	141999864	142005056	-	211	177
chr7	105288453	105293118	+	210	177
chr16	81475545	81483957	+	210	166
chr17	30518073	30522609	+	210	186
chr17	62482073	62514847	-	210	166
chr19	35879806	35887435	-	210	156
chr11	65446034	65454622	+	209	125
chr12	3778235	3791542	-	209	147
chr17	3930615	3946423	+	209	165
chr7	2531882	2537800	+	208	154
chr1	156714164	156720791	-	207	153
chr7	29782808	29782939	+	207	149
chr17	8216412	8221092	-	206	174
chr6	41921707	41934925	-	204	149
chr15	88988759	88988936	-	204	181
chr7	105189993	105204973	-	203	156
chr19	12317561	12333520	-	203	156
chr2	74184794	74186109	-	202	40
chr3	36977391	36984759	-	202	142
chr4	13357376	13377756	-	202	180
chrX	56385530	56454791	+	202	132
chr1	155935274	155941302	-	201	147
chr6	52264013	52264554	-	201	170
chr12	31993114	32000219	+	201	165
chr14	55229681	55229953	+	201	181
chr1	150722236	150728427	-	200	144
chr6	28895751	28896358	-	200	117
chr1	27886696	27891473	+	199	139
chr1	160091339	160092583	-	199	175
chr2	38741237	38743485	-	199	157
chr5	172829180	172834165	-	199	134
chr12	111912983	111926659	+	198	113
chrY	13225595	13234194	-	198	151
chr3	129275231	129277740	+	197	172
chr8	23292086	23296536	+	197	167
chr2	113658694	113659245	+	196	177
chr17	77451048	77455997	+	196	152
chrY	1382694	1386127	-	196	157
chr5	34926754	34929012	-	195	162
chr9	107481065	107484832	-	195	130
chr19	54602381	54606023	+	195	147
chr21	33360364	33362308	-	195	143
chr1	10459640	10472147	-	193	163
chr19	7472567	7476277	+	193	156
chr14	22516352	22525230	+	192	130
chr17	8134902	8140319	-	192	110
chr20	32052244	32053497	+	192	130
chr6	57059209	57084762	+	191	148
chr12	49780393	49790139	-	191	139
chr15	85091912	85097050	-	191	161
chr16	4082297	4102670	-	191	135
chr19	4868223	4877567	-	191	137
chr1	159904911	159915208	-	190	140
chr1	204558289	204573229	+	190	150
chr6	32981516	32998063	+	190	121
chr11	2318405	2325502	+	190	145
chr12	121564309	121580252	-	189	135
chr17	62518410	62540330	+	189	151
chrX	16717790	16719455	-	189	141
chr3	196811394	196836999	-	188	151
chr9	35758802	35767078	+	188	143
chr1	39047854	39067122	+	187	137
chr1	108088686	108125122	+	187	116
chr1	180703056	180735225	+	187	138
chr8	124295365	124301178	-	187	137
chr2	23709092	23720978	-	186	150
chr2	43237482	43266760	-	185	126
chr4	141427968	141438040	+	185	118
chr11	47596803	47616679	-	185	143
chr15	31319704	31327974	-	185	148
chr16	29416481	29425774	+	185	156
chr20	32074715	32085494	+	185	130
chr2	43534542	43567544	-	184	142
chr10	95697656	95705917	+	182	97
chr19	19628934	19629352	+	182	146
chr2	86492795	86503273	-	181	121
chr17	3952242	3964709	-	179	141
chr1	228114622	228114835	-	178	160
chr2	85105123	85118041	+	178	143
chr5	149491869	149494309	-	178	157
chr1	91832932	91943387	+	177	132
chr7	77640507	77657629	+	177	128
chr10	68952409	68956095	-	177	110
chr20	2834221	2837407	-	177	153
chr1	151269317	151273255	-	176	158
chr11	10778747	10780339	+	176	148
chr1	171470042	171484526	+	175	122
chr3	182923495	182934789	+	175	117
chr10	30930417	30998898	+	175	141
chr12	71698985	71704766	+	175	151
chr12	108704013	108721892	-	175	117
chr16	1418977	1420190	-	175	142
chr3	30651233	30655176	-	174	137
chr11	10793461	10796950	-	174	121
chr1	145984158	145991383	+	173	124
chr2	237103407	237113254	+	173	132
chr7	56063565	56063989	+	173	147
chr10	68543972	68544236	-	173	163
chr17	29551466	29554857	+	173	153
chr19	41431317	41432346	-	173	149
chr1	90906986	90915122	-	172	139
chr6	30653213	30673025	-	172	146
chr8	9646561	9656406	+	172	139
chr14	68065933	68069513	+	172	142
chr21	15890456	15895527	+	172	137
chr16	11531047	11546509	+	171	133
chr7	66984021	66987679	-	170	125
chr10	80145444	80150460	-	170	145
chr1	44817398	44821796	+	169	98
chr22	26516388	26521944	-	169	120
chr1	178599789	178625622	+	168	104
chr1	204512808	204516285	-	168	128
chr5	131406433	131413445	+	168	132
chr14	67933893	67949220	+	168	125
chr1	160215713	160216796	-	167	157
chr2	32316811	32321626	+	167	129
chr3	101861023	101866619	+	166	122
chr7	105115034	105123622	-	166	145
chr10	102662808	102667972	+	166	120
chr16	3972311	4004110	-	166	121
chr20	63628910	63638760	+	166	98
chr1	27922821	27922931	-	165	117
chr6	31507020	31511124	+	165	145
chr14	21190054	21199766	-	165	128
chr21	15896952	15906503	+	165	115
chr9	4944534	4944667	-	164	148
chr13	65483305	65787857	-	164	144
chr19	13848037	13853835	+	164	135
chr20	5540544	5543805	-	164	125
chr1	149870932	149884436	-	163	99
chr7	100439895	100443985	+	163	99
chr11	66221698	66224205	+	163	133
chr12	8944524	8950011	-	163	134
chr12	11204142	11208923	+	163	124
chr1	149851652	149853639	+	162	135
chr3	96351176	96352146	+	162	150
chr3	138644933	138652323	-	161	117
chr8	9668484	9677293	+	161	133
chr8	37851898	37858244	-	161	98
chr11	65508075	65514347	+	161	121
chr12	54548267	54549363	+	161	131
chr19	14007499	14019415	+	161	119
chr22	21745474	21754756	-	161	126
chr1	180632078	180644129	+	160	131
chr2	201215103	201224967	+	160	141
chr14	67864821	67891939	+	160	135
chr2	32336187	32344383	+	159	120
chr6	30494262	30500008	+	159	117
chr7	105219947	105241652	-	159	130
chr9	137279778	137285950	+	159	140
chr1	15518894	15526352	-	158	113
chr3	52048918	52054012	-	158	134
chr11	107287207	107293974	-	158	130
chr10	97321945	97332773	+	157	135
chr14	92689320	92690245	-	157	130
chr15	85031236	85040329	+	157	117
chr16	47190744	47196306	-	157	121
chr5	151725526	151737236	-	156	130
chr11	127940242	127941813	-	156	144
chr14	22497744	22500949	+	156	100
chr11	67443976	67444888	-	155	134
chr12	113301363	113313616	-	155	129
chr16	2531425	2537523	-	155	130
chr16	3236638	3240390	-	155	115
chr17	77461092	77468637	-	155	122
chr19	14071237	14071372	+	155	149
KI270442.1	344004	352237	-	155	145
chr1	91800985	91804625	-	154	93
chr11	65984940	66001452	+	154	121
chr21	15881319	15889418	+	154	133
chr1	62451307	62452607	+	153	136
chr1	226073242	226082540	+	153	115
chr11	508232	512368	-	153	129
chr12	7906406	7918592	+	153	93
chr12	9845635	9852355	-	153	102
chr17	77441583	77444700	+	153	132
chrX	80668603	80677238	-	153	134
chr5	149532815	149541667	-	152	122
chr7	105375720	105391192	+	152	133
chr12	11256903	11265656	+	152	110
chr17	77493765	77494286	-	152	130
chr3	101576397	101578096	-	151	138
chr5	179610120	179614166	-	151	122
chr7	150693655	150705922	+	151	112
chr8	30605593	30637910	-	151	121
chr21	5101458	5105283	+	151	127
chr6	42195131	42203844	-	150	114
chr12	51093738	51094138	-	150	132
chrX	14921830	14924079	+	150	132
chrY	20926351	20938509	+	150	72
chr1	113926505	113928984	-	149	95
chr1	228109480	228113719	+	149	124
chr5	119249253	119255108	+	149	118
chr7	2430430	2459631	-	149	115
chr9	127790920	127794272	+	149	132
chr10	17237597	17241612	+	149	109
chr16	47084571	47128559	-	149	93
chr1	205957949	205958418	+	148	128
chr3	42537067	42537896	+	148	125
chr3	196740254	196746792	+	148	124
chr7	36504602	36509305	-	148	116
chr10	101610546	101611127	-	148	131
chr7	70747478	70796492	+	147	97
chr8	9725610	9736347	+	147	122
chr10	87747712	87751442	-	147	115
chr16	11243929	11248144	-	147	82
chr19	4039426	4042300	-	147	124
chr3	49340715	49348873	+	146	109
chr12	14938812	14939371	+	146	129
chr12	88142358	88196935	+	146	101
chr14	90408291	90417946	+	146	94
chrX	74573936	74582912	-	146	113
chr1	15430357	15437836	+	145	122
chr2	43428724	43434727	-	145	129
chr2	43582146	43595588	-	145	117
chr6	30494403	30500312	-	145	94
chr6	132818115	132824855	-	145	111
chr7	150245715	150286478	-	145	113
chr10	38079875	38080052	-	145	132
chr11	65995253	66002108	-	145	118
chr12	111405426	111411363	+	145	108
chr16	81510140	81514806	+	145	128
chr18	37814629	37814725	-	145	131
chr1	229603783	229617380	-	144	109
chr17	62612481	62616516	+	144	126
chrY	318859	325549	+	144	110
chr1	52609273	52628458	+	143	106
chr5	129106970	129114032	+	143	131
chr5	154756038	154791507	-	143	118
chr8	55875546	55879781	-	143	104
chr10	67764009	67766317	+	143	57
chr11	62024326	62025652	-	143	108
chr16	81581310	81600584	+	143	111
chr17	30350485	30351465	-	143	40
KI270711.1	4610	15121	-	143	124
chr3	49350290	49357103	-	142	109
chr5	131398478	131405085	+	142	108
chr9	75175550	75181742	+	142	120
chr14	57233254	57244301	-	142	112
chr17	5255762	5274997	+	142	92
chr19	4883100	4890429	-	142	116
chr1	155328147	155333139	+	141	123
chr2	118993144	118994664	+	141	101
chr9	33076821	33079745	+	141	103
chr11	1536730	1537315	+	141	129
chr2	71080387	71086979	+	140	114
chr6	63583713	63589665	+	140	104
chr7	73236258	73240935	+	140	109
chr7	105364159	105372948	+	140	126
chr8	28345587	28346083	-	140	126
chr1	16511209	16514117	-	139	129
chr5	45931152	45977731	-	139	130
chr7	105320996	105331341	+	139	118
chr17	4732373	4733532	+	139	120
chr22	41073563	41073905	-	139	114
chrX	24079042	24126398	+	139	113
chr2	97271140	97276451	+	138	116
chr6	151426016	151448292	-	138	106
chr1	185292108	185292930	-	137	104
chr2	31844035	31858920	-	137	100
chr7	47955353	47961807	-	137	125
chrX	100994904	101009269	-	137	113
chr4	13456051	13484607	-	136	109
chr6	50912575	50912705	-	135	120
chr15	22705001	22705291	+	135	118
chr1	42708656	42715439	-	134	98
chr5	75522041	75532178	+	134	93
chr1	180835893	180853064	+	133	102
chr2	152718331	152722217	+	133	114
chr6	166964445	166969410	-	133	94
chr9	37273424	37276032	-	133	111
chr12	108676440	108701604	-	133	101
chrX	23786322	23787972	-	133	99
chr1	52674032	52683817	-	132	111
chr7	150226462	150234185	-	132	101
chr9	80674935	80683302	+	132	68
chr17	64038353	64039577	-	132	111
chr2	157347038	157356930	-	131	109
chr12	110350614	110352111	+	131	111
chr16	81622806	81626139	+	131	109
chr1	228679062	228687413	-	130	115
chr3	129252628	129264420	+	130	108
chr12	9023621	9024454	-	130	99
chr14	20477682	20482471	-	130	98
chr17	32412457	32423863	+	130	87
chr19	39409696	39412040	-	130	113
chr2	97747851	97750540	-	129	109
chr2	186422253	186486031	-	129	107
chr16	28628482	28629681	-	129	120
chr9	120815327	120817694	-	128	111
chr10	110496684	110497739	-	128	120
chr12	121431280	121440395	+	128	102
chr6	41718224	41719104	-	127	115
chr7	155649098	155653948	+	127	106
chr12	25383014	25385489	-	126	112
chr12	124939461	124939740	-	126	108
chr15	78903354	78914626	+	126	109
chr17	48128392	48133429	-	126	98
chr17	81500445	81508647	+	126	104
chr1	114387295	114393190	-	125	110
chr5	31399938	31413203	-	125	106
chr9	94304213	94314637	+	125	109
chr17	68180703	68188344	+	125	98
chr7	105182479	105187884	-	124	101
chr7	112113739	112179948	-	124	61
chr7	140925509	140927266	+	124	106
chr9	15526971	15527132	-	124	104
chr11	10793279	10795577	+	124	99
chr16	89241739	89244181	+	124	104
chr1	92073817	92074355	-	123	118
chr4	77851234	77854381	-	123	88
chr9	127906799	127908308	-	123	96
chr12	106347615	106348260	-	123	108
chr14	69773932	69775183	-	123	106
chr16	4104058	4114780	-	123	92
chr16	4663981	4670229	+	123	111
chr17	43318258	43324062	+	123	96
chr9	80340043	80344394	+	122	68
chr12	121533418	121538204	-	122	91
chr16	4624914	4633308	+	122	99
chr16	47209267	47213520	-	122	96
chr2	234290278	234294550	+	121	68
chr6	151414012	151421878	+	121	102
chr8	9630283	9645420	+	121	100
chr13	31587335	31670282	-	121	67
chr17	35460886	35463865	-	121	94
chr17	77460899	77466026	+	121	110
chr17	81628185	81637112	-	121	95
chr19	49856458	49856921	-	121	112
chr7	150750120	150759449	+	120	93
chr9	83643523	83644582	+	120	102
chr14	67978045	67983284	+	120	97
chr1	180647120	180650005	+	119	91
chr2	130294405	130294495	+	119	115
chr2	200488957	200489358	-	119	107
chr3	30674791	30681429	-	119	102
chr6	42778292	42781923	-	119	106
chr10	73360598	73366482	-	119	98
chr10	96763377	96826195	+	119	57
chrX	102906894	102917417	+	119	88
chr2	119984973	119994203	+	118	87
chr6	151404228	151408683	-	118	103
chr14	67913545	67928855	+	118	97
chr19	39429213	39432963	-	118	78
chr8	140508069	140511241	-	117	95
chr15	74864582	74867038	+	117	98
chr16	11679159	11679571	-	117	85
chr20	37316860	37317433	+	117	106
chr6	32928758	32934434	-	116	76
chr7	128663560	128666798	+	116	98
chr11	95966223	95976306	-	116	82
chr12	113303074	113313619	+	116	97
chr14	67984983	67990529	+	116	95
chrY	2167334	2174994	-	116	74
chr3	15374270	15375162	-	115	102
chr5	14616754	14619420	+	115	83
chr5	166382599	166382686	+	115	110
chr6	41922875	41934253	+	115	103
chr6	132440205	132445800	-	115	92
chr17	77476939	77479656	+	115	100
chr19	3164463	3171728	-	115	88
chr1	91830155	91853574	-	114	83
chr3	186789902	186791891	-	114	97
chr6	30486614	30486954	+	114	106
chr7	105309067	105316200	+	114	98
chr14	99160998	99165513	-	114	95
chr21	36294726	36296287	-	114	102
chr3	49354516	49357076	+	113	83
chr7	105307656	105313483	-	113	99
chr4	42093187	42099365	+	112	87
chr5	10746170	10752629	-	112	95
chr5	80358619	80359051	-	112	103
chr5	179781427	179791745	+	112	97
chr7	6102128	6104628	-	112	93
chr12	8942958	8943447	-	112	98
chr12	113298770	113299551	-	112	98
chr17	62545333	62549535	-	112	106
chr22	49975655	49982199	+	112	65
chr2	10667939	10674418	-	111	100
chr4	77861021	77862724	-	111	88
chr7	149183095	149191031	+	111	88
chr7	150174587	150198156	-	111	79
chr8	33513594	33517369	+	111	75
chr11	75251051	75260075	-	111	89
chr11	121636112	121647124	+	111	84
chr21	46161159	46161572	-	111	97
chr1	91680132	91682985	-	110	82
chr1	226618971	226627642	-	110	90
chr2	201185944	201203380	+	110	99
chr3	12502231	12507141	+	110	87
chr3	132368599	132371885	+	110	91
chr5	71026972	71029172	-	110	98
chr10	90725480	90725836	+	110	103
chr11	8911473	8920074	+	110	93
chr12	32001384	32008940	+	110	88
chr12	124911172	124911585	+	110	93
chr15	31338961	31344681	+	110	99
chr19	19689301	19694572	-	110	85
chr2	157346501	157347469	+	109	90
chr3	186789903	186793452	+	109	87
chr5	141992690	141997111	+	109	85
chr7	105299601	105301243	+	109	98
chr9	37335675	37340779	+	109	93
chr9	91401047	91408744	-	109	75
chr9	137173845	137179280	-	109	95
chr10	30994188	31001292	-	109	88
chr14	105856310	105863684	-	109	78
chr3	52300381	52302141	+	108	93
chr6	118436912	118445949	-	108	77
chr12	108722964	108731511	-	108	83
chr12	111438231	111442054	+	108	88
chr22	38216544	38217785	+	108	76
chr3	129311720	129314743	-	107	83
chr8	23266188	23270729	+	107	77
chr9	37199348	37200400	-	107	85
chr10	26568588	26571960	+	107	94
chr11	86282641	86287609	+	107	92
chr17	36050694	36050773	+	107	71
KI270719.1	67883	71247	-	107	98
chr1	150543359	150547179	-	106	76
chr2	200827590	200834479	+	106	79
chr12	32358477	32374211	+	106	67
chr16	81500478	81507351	-	106	87
chr19	39404510	39406778	+	106	85
chr22	36125784	36128829	-	106	68
chr1	155234632	155237442	-	105	90
chr5	83582326	83588988	+	105	70
chr7	45251971	45252109	+	105	98
chr7	70223022	70400917	-	105	78
chr7	105254407	105263274	+	105	92
chr8	80959659	80966842	-	105	75
chr10	22526752	22529954	-	105	80
chr12	119681191	119681624	+	105	97
chr14	68115285	68124935	+	105	88
chr14	87994050	87995170	-	105	65
chr14	102070153	102075029	+	105	59
chr22	41064633	41064921	+	105	101
chr2	23732093	23737042	-	104	89
chr5	151169435	151172928	+	104	91
chr12	11289150	11299838	+	104	78
chr12	111905966	111911976	+	104	82
chr17	39896023	39904310	-	104	79
chr19	53780986	53786899	-	104	83
chr2	26141296	26147495	+	103	82
chr2	96138679	96143147	-	103	89
chr2	218406175	218415499	+	103	85
chr10	73998116	74005023	+	103	85
chr10	89416909	89420997	+	103	87
chr13	108240728	108251104	+	103	81
chr14	68059543	68063752	+	103	93
chr21	8988480	8988749	-	103	93
chr1	27608577	27612042	-	102	86
chr2	171774738	171780717	+	102	83
chr7	73672811	73680913	-	102	77
chr10	6608346	6618374	+	102	88
chr10	31007302	31013685	-	102	87
chr11	41933245	41974332	-	102	90
chr11	108150788	108154221	+	102	90
chr12	121430763	121436712	-	102	87
chr17	16616182	16616448	+	102	95
chr17	77467051	77468377	+	102	91
chr18	47986109	47986549	+	102	28
chr19	2062876	2071015	-	102	86
chr19	19620668	19623487	+	102	78
chr19	55618007	55620344	+	102	86
chr22	22287305	22289574	-	102	89
chr3	13306752	13316095	-	101	82
chr3	160488680	160495402	-	101	86
chr3	180983511	180984131	-	101	91
chr5	73509381	73510483	+	101	94
chr10	45454584	45455022	-	101	91
chr12	66003354	66003773	-	101	89
chr13	56064899	56065146	+	101	92
chr15	85016775	85023955	+	101	80
chr16	586046	588931	-	101	82
chr18	36108530	36108963	-	101	91
chr22	41429447	41433368	-	101	75
chr1	107504378	107505647	+	100	97
chr2	18723396	18734204	+	100	69
chr3	113634171	113640755	+	100	76
chr5	50357123	50384377	+	100	78
chr14	24168276	24171746	-	100	90
chr15	51722252	51723237	-	100	96
chr16	46651813	46656124	-	100	87
chr17	42025189	42025575	+	100	87
chr19	8514353	8517351	-	100	88
chr21	42822566	42831029	-	100	78
chr1	91810980	91820476	-	99	72
chr3	22697631	22697727	+	99	93
chr5	150702119	150706378	-	99	83
chr6	36491175	36493576	-	99	86
chr7	139231193	139259340	+	99	80
chr10	102670653	102685858	+	99	81
chr11	128487373	128524941	+	99	88
chr14	50147822	50157122	-	99	90
chr3	113638134	113648266	-	98	75
chr5	149533305	149541995	+	98	83
chr6	2968578	2971571	-	98	82
chr6	32900918	32903758	+	98	88
chr7	2404008	2412555	+	98	70
chr7	141655347	141656263	+	98	89
chr11	64759976	64763702	-	98	86
chr12	8528153	8531833	+	98	76
chr14	22495182	22496529	+	98	75
chr14	32267253	32271792	-	98	90
chr14	106850066	106850873	-	98	72
chr17	77414037	77418869	-	98	86
chr19	42082511	42086106	-	98	74
chr19	49493209	49495753	+	98	88
chr4	41961341	41967300	+	97	84
chr8	9665895	9667301	+	97	86
chr16	68030266	68039687	+	97	80
chr22	20587211	20587495	+	97	93
chrX	145095447	145095684	+	97	92
chrY	2741398	2746311	+	97	89
chr1	180114482	180114875	+	96	88
chr2	171752495	171755536	+	96	84
chr5	139334357	139338903	-	96	82
chr6	33027604	33029519	-	96	75
chr7	64501997	64516530	-	96	69
chr7	142781443	142791474	+	96	76
chr9	19374295	19375434	-	96	84
chr9	83626713	83642522	+	96	80
chr12	32344943	32352348	+	96	70
chr17	32413639	32421776	-	96	66
chr19	19680815	19687292	-	96	80
chr19	53789216	53792092	-	96	70
chrX	118697764	118702526	-	96	87
chr5	50393342	50396146	-	95	82
chr6	2964588	2967337	-	95	74
chr6	31262803	31268741	-	95	87
chr9	35047161	35053632	-	95	75
chr15	30881903	30882097	-	95	87
chr16	4649841	4651191	+	95	82
chr20	29299455	29299665	-	95	83
chrY	969800	988278	+	95	86
KI270719.1	85989	88176	-	95	82
chr1	209267635	209267737	-	94	88
chr3	14672696	14675025	+	94	76
chr4	82415439	82422511	-	94	67
chr5	50172072	50293782	-	94	60
chr6	32992547	32997766	-	94	62
chr9	37254865	37255476	-	94	77
chr11	1264180	1269903	-	94	80
chr12	6734969	6742811	+	94	82
chr14	93171109	93181944	-	94	72
chr17	5493780	5493895	-	94	72
chr3	46910819	46916618	-	93	79
chr3	177016543	177018670	-	93	75
chr3	197035200	197041965	-	93	79
chr4	39783815	39793209	+	93	67
chr7	105339540	105342096	+	93	84
chr7	149056470	149061026	-	93	86
chr8	9515345	9610265	-	93	77
chr14	22527909	22528507	-	93	80
chr15	31326867	31332665	+	93	86
chr15	90896475	90901277	+	93	64
chr16	70212117	70219462	-	93	86
chr16	81568055	81569205	-	93	86
chr22	11630169	11630489	+	93	88
chrX	101628582	101633064	+	93	74
chr2	48379307	48384836	+	92	74
chr2	98595795	98598225	+	92	78
chr3	25790238	25794563	+	92	83
chr3	128829529	128834856	+	92	72
chr6	42746357	42749430	-	92	81
chr7	135172517	135176652	+	92	78
chr11	18408628	18411617	+	92	69
chr12	121546374	121558807	-	92	66
chr14	21189232	21198774	+	92	86
chr16	47263826	47267457	-	92	76
chr2	201197248	201200096	-	91	82
chr2	231718159	231720243	+	91	51
chr5	134395595	134400657	+	91	74
chr17	59847190	59849246	-	91	73
chr18	46267416	46271922	+	91	82
chr1	19334189	19337932	-	90	78
chr2	100589925	100590326	-	90	81
chr4	109540956	109547262	+	90	81
chr6	52267119	52279542	-	90	71
chr6	151396010	151401443	-	90	77
chr8	30589075	30596777	-	90	75
chr10	30903929	30914453	-	90	70
chr10	38452568	38452758	+	90	78
chr17	64975809	64977564	+	90	75
chr17	74605021	74609860	-	90	71
chr17	75856583	75860853	+	90	61
chr19	19000284	19006786	-	90	74
chr19	58213156	58213706	+	90	85
chr1	91854787	91886073	-	89	70
chr1	244829433	244834357	-	89	75
chr2	38741247	38743173	+	89	72
chr3	20154412	20160538	+	89	78
chr3	143177906	143179226	+	89	83
chr4	141466076	141470095	+	89	70
chr5	41730064	41730503	-	89	79
chr5	149551828	149555348	+	89	79
chr9	120821965	120824025	-	89	76
chr10	12835129	12836070	+	89	81
chr11	18528070	18529009	-	89	79
chr11	94415146	94416024	-	89	78
chr12	32118111	32130469	+	89	63
chr19	4622547	4639184	-	89	70
chr20	50192788	50198697	+	89	71
chr21	5106668	5113326	-	89	79
chr2	112121689	112136005	+	88	62
chr3	49023511	49024113	-	88	79
chr6	36687465	36689163	+	88	63
chr9	37277872	37284672	-	88	69
chr14	39142015	39147795	-	88	70
chr17	50755778	50758316	+	88	77
chr17	68181164	68187399	-	88	72
chr18	76816668	76822446	-	88	77
chr19	19671532	19677013	-	88	74
chrX	19528953	19533622	-	88	66
chr1	39040991	39044562	+	87	65
chr3	50655425	50656070	+	87	73
chr4	26764594	26771922	+	87	68
chr5	132403722	132410510	-	87	76
chr7	108574918	108579078	+	87	75
chr10	87038876	87046415	-	87	66
chr13	48650007	48653547	-	87	66
chr14	68529457	68537492	+	87	61
chr15	41503636	41503943	-	87	65
chr15	85137904	85141298	+	87	80
chr17	62541411	62549723	+	87	75
chr17	74606845	74608563	+	87	67
chrX	56353540	56408549	-	87	75
chr1	204586295	204598734	-	86	69
chr2	10675519	10683128	-	86	68
chr2	43271691	43276402	-	86	76
chr2	190370916	190371646	+	86	68
chr3	32685385	32693644	+	86	68
chr11	10831901	10834119	+	86	82
chr11	123041077	123045745	+	86	61
chr14	21853418	21858964	+	86	67
chr14	99102271	99110067	-	86	66
chr16	4035764	4047419	-	86	69
chr16	31453734	31456502	+	86	76
chr17	30523802	30526814	+	86	79
chrX	20245678	20246143	+	86	75
chr1	44221089	44221338	-	85	77
chr1	90888929	90892990	-	85	76
chr2	10634877	10639022	+	85	76
chr3	31642258	31647260	-	85	71
chr5	150413108	150416693	+	85	62
chr6	32604201	32606041	+	85	75
chr7	105176627	105182210	+	85	68
chr10	100548111	100551437	+	85	77
chr16	70206058	70208995	+	85	82
chr17	41692806	41702607	-	85	67
chr17	49193088	49193601	+	85	67
chr19	49325304	49330512	-	85	72
chr22	40337950	40346081	+	85	65
chrX	12977227	12980265	+	85	65
chrX	79407006	79438001	+	85	59
chr1	42718982	42726067	+	84	57
chr1	114511285	114513919	+	84	73
chr1	180648700	180712875	-	84	79
chr2	193903532	193908673	+	84	83
chr5	151270615	151272765	+	84	74
chr7	2461848	2467267	+	84	66
chr16	3260894	3263714	-	84	52
chr16	47443164	47450207	-	84	67
chr16	81445599	81446093	+	84	79
chr17	43014606	43015016	-	84	73
chr19	4559976	4574622	-	84	64
chr1	149880443	149881089	+	83	71
chr1	161397790	161399377	-	83	68
chr2	99526603	99544476	-	83	59
chr2	186018594	186025130	-	83	67
chr2	186205087	186215399	-	83	63
chr3	32737481	32744438	+	83	62
chr5	10737075	10739501	+	83	74
chr5	69062337	69062620	-	83	65
chr7	155673958	155675221	-	83	68
chr8	30088797	30094281	+	83	53
chr9	97922616	97924734	+	83	72
chr10	100553552	100554747	+	83	77
chr11	108150512	108155230	-	83	78
chrX	80930869	80931036	+	83	75
chr4	129160434	129160746	-	82	76
chr5	66082633	66085292	+	82	69
chr7	99633048	99637942	+	82	74
chr14	57217459	57231939	-	82	74
chr15	84985650	84987889	-	82	74
chr15	85118857	85123098	+	82	69
chr17	43318138	43322863	-	82	67
chr17	76781917	76789949	+	82	69
chr17	77447216	77449436	+	82	66
chr19	47322277	47323750	+	82	50
chr20	62841163	62845467	-	82	73
chr22	20070999	20079860	+	82	65
chr1	149380126	149382364	+	81	74
chr1	182336341	182337724	+	81	76
chr2	96147403	96148576	-	81	65
chr3	113629216	113629578	+	81	74
chr7	102357183	102361753	+	81	79
chr7	129810612	129818247	-	81	58
chr9	112202131	112209908	-	81	63
chr10	26572348	26573250	-	81	74
chr13	22280031	22343585	+	81	60
chr14	105499743	105507212	+	81	50
chr14	105663304	105663581	-	81	37
chr15	74851249	74867152	-	81	70
chr16	47162837	47165280	-	81	63
chr16	68052005	68061151	+	81	63
chr17	30960026	30964616	+	81	67
chr17	81505794	81509368	-	81	55
chr19	4440870	4443397	+	81	68
chr19	47006267	47008367	-	81	60
chr20	62383609	62388617	-	81	63
chr1	27396241	27399678	-	80	67
chr1	244825524	244835610	+	80	67
chr3	32703906	32715919	+	80	69
chr4	118554854	118556002	+	80	71
chr5	71093996	71097038	-	80	69
chr7	102679384	102680041	-	80	70
chr10	32005514	32008812	+	80	67
chr10	92682411	92689010	-	80	72
chr12	121445942	121452127	+	80	71
chr14	22526529	22534307	+	80	70
chr16	47706183	47711460	+	80	65
chr19	4402756	4423275	+	80	64
chrX	23786224	23791901	+	80	61
chr5	35879795	35881579	+	79	70
chr5	91361928	91368579	+	79	59
chr5	131405494	131409507	-	79	69
chr6	89077099	89084247	-	79	76
chr7	44953265	44958564	-	79	64
chr7	144451940	144452348	-	79	69
chr10	74100651	74111284	+	79	72
chr14	68421520	68422705	-	79	70
chr15	31370068	31370940	-	79	69
chr20	2457440	2461222	-	79	66
GL000221.1	3899	79947	-	79	69
chr1	46369256	46377624	+	78	63
chr1	84241886	84244859	+	78	73
chr1	121606178	122229812	+	78	71
chr1	231354538	231360860	+	78	67
chr2	69451237	69457013	-	78	72
chr2	96243974	96248170	-	78	68
chr2	200846172	200852109	+	78	66
chr3	195507449	195511246	+	78	55
chr8	21818133	21901026	+	78	56
chr9	96778345	96785921	-	78	63
chr11	65508102	65514398	-	78	61
chr1	40424054	40434469	+	77	63
chr1	150353420	150360108	+	77	67
chr1	178586365	178602326	-	77	56
chr4	38588807	38588949	+	77	68
chr5	131422703	131423661	-	77	71
chr7	140700298	140708874	-	77	65
chr9	33040003	33041756	-	77	70
chr9	37265622	37272022	-	77	70
chr9	96879026	96882805	-	77	66
chr10	13302984	13306345	+	77	68
chr10	27155277	27162584	+	77	61
chr11	35232434	35235391	+	77	69
chr15	43545546	43558854	-	77	54
chr16	31196988	31201384	+	77	62
chr16	47221467	47237913	-	77	66
chr19	10599133	10602417	-	77	62
chr21	8253663	8254589	-	77	76
chrY	764261	948785	-	77	73
chr1	24881580	24889634	-	76	46
chr1	27657231	27660102	-	76	56
chr1	226001161	226003304	+	76	68
chr2	152723731	152729424	+	76	57
chr2	172608771	172619667	+	76	63
chr2	185923553	185942198	-	76	50
chr4	141496925	141502243	+	76	65
chr6	32626178	32627958	-	76	55
chr9	80706722	80711000	+	76	45
chr12	107272094	107273492	+	76	70
chr13	45285043	45299008	+	76	62
chr15	88664465	88674381	+	76	55
chr16	3967399	3970704	-	76	58
chr16	28329896	28339006	+	76	70
chrX	49107042	49107504	+	76	69
chrX	118698762	118705313	+	76	61
chr1	52091276	52100061	+	75	63
chr2	10570571	10572059	-	75	71
chr2	43277773	43283952	-	75	59
chr3	32676750	32726126	-	75	62
chr5	70083024	70088904	+	75	61
chr5	134060935	134066316	-	75	47
chr6	28898108	28901645	-	75	46
chr6	33016726	33018962	-	75	57
chr7	150756074	150760527	-	75	59
chr9	93114064	93119050	-	75	59
chr10	133447253	133450828	+	75	56
chr12	113318677	113320476	-	75	65
chr12	113323855	113329151	-	75	59
chr14	49636059	49639303	-	75	66
chr16	69356850	69370619	-	75	69
chr17	48065584	48069565	+	75	68
chr17	48127820	48133204	+	75	64
chr18	79388917	79391734	+	75	64
chrX	153997476	154010351	-	75	59
chr1	229593110	229594397	-	74	69
chr2	23743441	23746661	-	74	70
chr2	26138439	26140172	+	74	64
chr4	46590638	46724608	-	74	66
chr11	62026057	62035857	+	74	64
chr12	31811713	31825550	-	74	49
chr20	32066346	32069170	-	74	55
chr20	34124120	34130123	+	74	62
chr20	37960061	37968584	-	74	45
chr20	49104693	49112626	+	74	56
chr22	22274828	22283769	-	74	66
chr1	220148263	220148664	-	73	69
chr2	202322798	202329100	+	73	55
chr3	23748960	23749661	+	73	53
chr5	132822140	132822800	-	73	64
chr6	18467412	18467813	-	73	52
chr8	56049676	56049899	-	73	69
chr9	80303145	80305117	+	73	50
chr9	96790386	96796042	-	73	57
chr9	136929377	136931329	-	73	59
chr10	3781110	3785149	+	73	65
chr10	43433818	43436737	-	73	58
chr12	32010141	32016953	+	73	65
chr12	66344961	66347430	+	73	62
chr12	121437918	121443734	-	73	68
chr13	89093633	89093785	+	73	70
chr14	35397969	35401053	-	73	66
chr17	388537	402532	-	73	61
chr22	17775027	17777311	-	73	48
GL000009.2	54384	124804	-	73	69
KI270442.1	384950	386428	+	73	63
chr1	180822294	180828205	+	72	65
chr2	23730225	23730684	+	72	67
chr2	136329278	136329391	-	72	70
chr3	141874830	141875873	-	72	56
chr10	73415591	73422159	-	72	56
chr14	73127221	73133119	+	72	55
chr14	102077768	102080590	-	72	61
chr15	74778468	74781928	-	72	61
chr16	28837295	28842367	+	72	60
chr16	81662426	81664971	+	72	59
chr17	75939176	75941075	-	72	61
chrX	89382026	89416114	+	72	61
chr1	12209341	12214242	+	71	59
chr1	15491426	15492695	-	71	61
chr1	77772952	77773173	-	71	64
chr1	236641480	236642433	+	71	66
chr2	31830922	31842995	-	71	65
chr3	94505528	94506651	-	71	67
chr3	138639022	138643617	-	71	59
chr4	73921919	73922093	-	71	69
chr5	140630180	140631702	-	71	56
chr7	44770154	44775772	+	71	61
chr7	70737494	70741675	+	71	54
chr7	73285649	73286596	-	71	68
chr7	142802761	142805659	+	71	59
chr8	74029426	74034291	+	71	59
chr10	74028317	74035165	+	71	54
chr10	74721993	74729960	+	71	54
chr12	9745815	9752435	-	71	46
chr12	11199870	11202444	+	71	59
chr19	40416623	40418991	-	71	49
chr20	32064062	32064458	-	71	60
chrX	81324948	81334263	+	71	60
chr1	91818988	91822866	+	70	57
chr3	148984174	148985535	-	70	65
chr4	83285042	83286403	+	70	60
chr6	109383760	109384258	+	70	57
chr6	127693500	127697704	-	70	62
chr7	72837411	72841939	+	70	61
chr8	30647369	30658218	-	70	60
chr16	9128986	9138015	+	70	61
chr17	27213002	27213234	+	70	68
chr19	2499735	2511029	-	70	45
KI270711.1	30589	33958	-	70	64
chr1	990070	993045	-	69	33
chr1	149841440	149842130	-	69	65
chr1	175937840	175944735	-	69	54
chr1	180779349	180781452	+	69	58
chr1	224175126	224175399	-	69	66
chr3	101568194	101572562	+	69	63
chr3	121886892	121890457	+	69	53
chr4	141598433	141604900	+	69	52
chr7	158830276	158831576	+	69	63
chr9	34347929	34362366	+	69	48
chr9	63699832	63701919	-	69	62
chr9	131568947	131574473	+	69	59
chr10	102712938	102714007	-	69	56
chr10	131985138	131992582	+	69	47
chr11	34103333	34103760	+	69	57
chr11	117972829	117978010	-	69	56
chr12	111911886	111921331	-	69	58
chr14	103345144	103348286	-	69	61
chr16	81655739	81660648	+	69	58
chr17	28751006	28755062	+	69	56
chr19	10384718	10390652	+	69	48
chr19	48923528	48926148	+	69	56
chrY	1458806	1462003	-	69	59
chr2	108717722	108719375	-	68	57
chr2	229279511	229283105	-	68	48
chr3	44983593	44988213	+	68	58
chr3	158829756	158837567	+	68	63
chr4	141471103	141475726	+	68	51
chr5	151169419	151173944	-	68	57
chr7	1021521	1028493	-	68	60
chr7	100445913	100448752	+	68	40
chr7	105280137	105281185	+	68	62
chr7	155645308	155648046	+	68	60
chr10	128334935	128430545	-	68	65
chr15	22283148	22287046	+	68	47
chr15	85006878	85013361	+	68	60
chr16	4677010	4678268	-	68	64
chr16	28634190	28636489	+	68	63
chr16	68045839	68048143	-	68	62
chr16	81533178	81541271	-	68	62
chr17	74557049	74560696	-	68	45
chr19	48331232	48332733	-	68	57
chr21	33359949	33367736	+	68	59
chr22	21630068	21630927	+	68	57
chr22	37667282	37672289	-	68	57
chrX	118687030	118690436	+	68	62
GL000205.2	58139	64472	-	68	51
chr1	30726864	30728198	-	67	56
chr1	157709859	157711492	+	67	64
chr1	193279699	193280814	-	67	59
chr1	200874307	200874823	+	67	42
chr2	85310558	85314197	+	67	64
chr2	197452107	197453112	-	67	60
chr3	9483623	9492080	+	67	53
chr3	15532379	15549050	-	67	44
chr3	47486668	47491789	-	67	56
chr3	126852140	126914693	+	67	49
chr3	141615520	141616067	-	67	53
chr5	32322620	32353639	-	67	51
chr5	76885848	76888770	-	67	58
chr6	31855502	31857060	-	67	54
chr6	151413991	151419307	-	67	58
chr7	44914729	44918625	+	67	53
chr7	72479611	72548257	-	67	46
chr9	83938310	83940643	-	67	59
chr10	18565206	18573780	-	67	37
chr11	1533072	1536942	-	67	58
chr14	67926591	67927014	-	67	62
chr16	28627278	28632694	+	67	64
chr16	81635407	81638627	+	67	59
chr20	1462452	1465307	-	67	58
chr22	20998308	20999032	+	67	61
KI270728.1	181298	1717827	+	67	65
chr1	39006102	39009834	+	66	53
chr1	193265215	193267160	-	66	64
chr1	228137354	228139912	-	66	51
chr2	30170239	30174592	+	66	50
chr2	165849084	165853788	-	66	53
chr2	196822464	196823336	+	66	64
chr3	138636621	138641210	+	66	49
chr4	141589008	141597398	+	66	51
chr7	140177136	140181381	+	66	59
chr9	129886017	129886585	+	66	58
chr10	96587452	96590453	+	66	59
chr11	65517621	65523364	-	66	47
chr12	9120314	9121834	-	66	57
chr12	46354570	46358000	-	66	57
chr12	64697577	64703610	+	66	56
chr14	68061064	68061531	-	66	63
chr16	70374010	70375969	-	66	58
chr17	18811002	18813655	+	66	61
chr19	5154352	5158369	+	66	60
chr20	31656305	31661268	-	66	56
chr21	44241589	44244539	+	66	54
chrY	24362021	24362736	-	66	58
chr2	152738518	152751473	-	65	52
chr3	108024640	108029859	-	65	57
chr3	141483745	141485375	+	65	25
chr4	13401862	13409138	-	65	57
chr6	2955605	2971643	+	65	60
chr7	66506545	66510999	-	65	55
chr7	72457056	72556067	+	65	59
chr7	106345060	106348779	+	65	51
chr7	142781718	142787305	-	65	46
chr9	120895355	120898928	-	65	57
chr11	1530248	1531762	-	65	57
chr12	53260637	53268135	-	65	61
chr12	55409698	55411223	-	65	59
chr13	40923233	40931005	-	65	51
chr14	67906729	67910690	+	65	58
chr16	71817088	71830345	+	65	50
chr19	14376329	14377299	+	65	49
chr20	5535901	5539402	-	65	49
chr21	46572804	46576003	+	65	49
chr1	93139217	93143711	+	64	58
chr1	160600853	160605439	-	64	53
chr6	32809067	32812361	-	64	52
chr6	139134427	139135053	-	64	55
chr7	5514230	5524996	+	64	55
chr7	75090852	75092393	-	64	59
chr8	38383725	38385919	-	64	54
chr8	124288648	124294289	-	64	57
chr10	97351892	97355892	-	64	48
chr11	4093373	4094666	-	64	49
chr11	47453415	47455925	-	64	51
chr12	11301456	11306838	+	64	52
chr12	132485932	132489456	-	64	53
chr15	85022603	85044031	-	64	51
chr16	81556555	81561724	+	64	52
chr17	47104543	47116270	-	64	45
chr17	77405167	77407255	+	64	55
chr18	51085769	51089712	+	64	49
chr19	49493449	49496195	-	64	57
chr22	38964043	38972463	+	64	40
chrX	79309816	79315062	+	64	48
chrX	118450574	118475676	+	64	51
chr2	43288609	43296554	-	63	57
chr2	53102440	53327171	+	63	39
chr2	229756454	229763035	-	63	51
chr3	129163942	129165121	+	63	56
chr5	138938675	138943886	-	63	54
chr5	149488523	149490738	-	63	55
chr6	87702293	87705696	+	63	47
chr7	36848174	36852610	-	63	54
chr7	70473721	70519041	-	63	54
chr7	152676260	152677636	+	63	58
chr9	100986735	100986924	+	63	61
chr10	3776054	3777165	+	63	55
chr10	102097416	102102568	-	63	52
chr14	50140817	50143972	+	63	55
chr15	50277256	50279032	-	63	57
chr15	58587086	58587456	-	63	59
chr17	48123619	48126878	-	63	51
chr19	14370205	14372374	+	63	49
chr20	63637627	63639691	-	63	51
chr22	42375299	42378250	+	63	54
chr1	85264608	85265040	+	62	51
chr1	160828509	160829683	+	62	56
chr1	180757142	180768895	+	62	53
chr2	43399915	43405579	-	62	49
chr2	118970300	118991841	+	62	43
chr2	157363480	157368448	-	62	51
chr2	197355577	197379684	-	62	56
chr4	83253248	83261351	-	62	53
chr5	91363546	91368561	-	62	49
chr8	103391792	103398631	-	62	49
chr9	37306505	37307256	-	62	57
chr10	30981729	30985303	-	62	56
chr10	65501447	65546056	+	62	59
chr10	110514450	110521551	-	62	46
chr11	68945161	68976825	+	62	49
chr12	52063399	52065104	+	62	39
chr14	68094098	68097419	+	62	53
chr14	91226932	91228313	+	62	53
chr15	67195632	67196327	+	62	53
chr17	3947569	3950151	+	62	56
chr19	5670229	5672761	-	62	53
chr20	32098148	32099801	-	62	52
chr20	49915742	49918021	+	62	41
chr1	161133443	161135280	+	61	52
chr2	10562691	10564257	+	61	52
chr2	201204785	201209736	+	61	56
chr4	145180842	145184596	+	61	48
chr5	66083083	66085376	-	61	58
chr7	76444148	76448075	-	61	56
chr7	149538758	149545487	-	61	53
chr10	5875817	5883922	-	61	57
chr10	30955911	30964220	-	61	57
chr10	30987504	30992889	-	61	53
chr10	79649883	79652671	+	61	52
chr10	91922104	91923654	-	61	50
chr11	73397772	73400181	+	61	49
chr12	11345494	11348831	+	61	48
chr12	53438022	53438840	+	61	57
chr12	106989961	106991783	-	61	56
chr14	49635330	49641259	+	61	52
chr14	74998944	75002471	-	61	48
chr14	102066750	102069269	-	61	28
chr17	80119715	80119881	+	61	56
chr19	19689347	19694357	+	61	55
chr20	3051785	3059192	-	61	47
chr22	28789917	28794213	-	61	50
chrX	30552944	30555974	-	61	50
chrX	93287427	93287637	-	61	57
chr1	13697827	13700005	-	60	50
chr1	77559966	77561952	-	60	55
chr2	231717530	231717963	-	60	45
chr4	25280777	25285979	+	60	51
chr4	35548408	35548499	+	60	60
chr5	139333571	139339226	+	60	54
chr6	31845096	31851326	-	60	37
chr6	83967929	83975389	+	60	50
chr6	166957679	166963407	-	60	50
chr7	23498961	23503969	-	60	52
chr7	66981534	66987268	+	60	52
chr7	70073251	70173367	-	60	49
chr8	143906509	143910645	-	60	50
chr8	144812605	144818633	+	60	46
chr9	34174839	34178219	-	60	51
chr9	37218758	37220533	-	60	54
chr9	85542731	85546525	-	60	51
chr11	64779405	64784758	+	60	49
chr14	91259148	91262382	+	60	55
chr14	102070461	102075771	-	60	44
chr15	72742423	72747751	+	60	49
chr16	35802157	35802595	-	60	58
chr16	81628117	81629107	+	60	55
chr17	82295888	82301715	+	60	55
chr19	34233479	34237185	+	60	51
chr19	34541737	34541888	-	60	57
chr19	39430080	39432613	+	60	39
chr19	49627097	49638017	+	60	55
chr22	35433200	35442332	+	60	49
chrX	83707990	83722448	-	60	59
chrX	129796993	129802948	+	60	54
chr1	35864967	35868683	+	59	43
chr1	45624386	45627028	-	59	52
chr1	93376316	93384037	+	59	53
chr1	226074426	226075430	-	59	53
chr1	234597268	234600219	-	59	47
chr2	60931909	60936227	-	59	54
chr3	15290114	15290544	+	59	53
chr3	56691665	56718840	+	59	45
chr3	75619222	75619414	-	59	54
chr3	90157220	90170804	-	59	57
chr3	185054117	185060130	+	59	42
chr6	33533299	33537636	+	59	47
chr10	62808018	62809342	+	59	53
chr10	73368278	73373414	-	59	50
chr10	131895538	131895663	+	59	58
chr12	31265289	31270889	-	59	47
chr14	74643850	74653307	-	59	47
chr15	80140348	80147287	+	59	47
chr16	8649673	8652638	+	59	47
chr16	70207764	70210268	-	59	56
chr16	81639744	81643961	+	59	54
chr17	62589993	62599391	-	59	51
chr17	64022460	64037127	-	59	37
chr21	25828365	25880115	-	59	38
chrX	89447051	89454978	+	59	56
chrX	130062603	130064386	-	59	55
chrX	154500957	154505368	-	59	42
chrY	583536	583700	+	59	56
chrY	8285708	8285839	-	59	58
chr1	10454492	10458095	-	58	51
chr1	155620132	155622534	-	58	51
chr2	48516249	48519299	-	58	52
chr2	97644046	97645684	-	58	52
chr2	157328856	157333889	-	58	51
chr3	37367953	37374569	+	58	52
chr3	109988015	109988219	+	58	54
chr3	196752519	196760821	+	58	51
chr4	122075402	122076967	-	58	51
chr4	147710618	147710756	-	58	52
chr5	71027769	71030400	+	58	56
chr5	172264207	172272973	-	58	49
chr7	2456683	2460204	+	58	48
chr7	66165037	66175436	+	58	53
chr9	33288349	33290382	-	58	54
chr9	37249494	37252233	-	58	50
chr9	70378842	70384123	-	58	43
chr9	80286882	80291110	+	58	43
chr9	80524845	80528702	+	58	36
chr9	110873114	110876176	-	58	49
chr10	12252953	12312266	+	58	46
chr10	17129940	17137228	-	58	49
chr10	30968166	30974413	-	58	48
chr10	73000431	73005726	-	58	48
chr12	121643305	121648525	-	58	52
chr16	1969155	1971647	-	58	42
chr17	5063714	5074169	+	58	42
chr17	8874931	8878358	-	58	49
chr19	21276794	21283924	-	58	45
chr21	46585465	46592019	+	58	44
chr22	45845446	45854689	+	58	46
chr1	222471253	222472305	-	57	53
chr2	231879756	231879947	-	57	48
chr3	32502896	32506079	+	57	50
chr3	49342051	49346489	-	57	48
chr3	69106861	69107963	-	57	45
chr3	185911425	185914268	+	57	52
chr6	33364728	33365069	-	57	53
chr7	38177420	38178010	-	57	48
chr7	38378866	38383674	+	57	51
chr7	105157556	105159675	+	57	50
chr7	155655011	155657060	+	57	55
chr10	92031443	92040295	+	57	46
chr12	31857895	31869115	-	57	42
chr12	110708512	110715413	+	57	48
chr12	120195080	120196502	+	57	46
chr14	68014338	68016883	+	57	49
chr15	50422610	50424345	-	57	48
chr16	81648297	81648782	+	57	54
chr17	1518107	1518439	-	57	53
chr17	29066294	29070844	-	57	48
chr19	17220386	17225496	+	57	44
chr20	35950615	35953543	-	57	49
chr21	5038784	5041901	+	57	51
chr1	91752692	91753370	+	56	44
chr1	149827374	149832653	+	56	45
chr2	65276053	65281638	+	56	52
chr3	15275653	15277187	+	56	52
chr3	167663157	167667798	-	56	50
chr3	196740531	196747041	-	56	49
chr4	77862145	77862804	+	56	51
chr4	189333467	189338479	-	56	36
chr5	115198183	115202505	-	56	51
chr5	177456299	177456604	+	56	50
chr6	358134	360670	+	56	52
chr6	144853191	144856830	+	56	48
chr7	67857412	67968067	+	56	54
chr7	74789413	74795706	+	56	53
chr7	101709488	101759006	+	56	42
chr7	155710738	155722619	+	56	49
chr8	9700148	9715550	+	56	49
chr8	27275244	27283693	-	56	46
chr11	315784	318136	+	56	46
chr13	41383668	41384667	-	56	52
chr14	68042724	68045790	+	56	49
chr14	75291250	75294074	-	56	50
chr15	78908322	78909475	-	56	51
chr16	47081641	47083191	-	56	52
chr19	12919710	12922226	-	56	49
chr22	39522694	39527261	+	56	49
chr22	39523788	39526897	-	56	50
chrX	14244279	14245386	+	56	52
chr1	33127514	33128462	+	55	50
chr2	43311176	43319224	-	55	46
chr2	109769750	109773305	+	55	46
chr3	37375739	37379279	+	55	52
chr5	10697800	10698959	+	55	50
chr5	141633356	141633791	+	55	53
chr7	44987144	44988578	+	55	47
chr7	105355621	105359329	+	55	52
chr7	156970871	156973664	+	55	55
chr8	9759360	9764726	+	55	51
chr8	34456153	34456423	-	55	54
chr9	120900069	120902044	-	55	45
chr9	126892912	126893059	-	55	51
chr10	12257752	12268301	-	55	48
chr10	27547148	27552890	+	55	42
chr11	14436279	14440439	-	55	36
chr11	107304981	107311946	-	55	45
chr11	118793319	118796215	+	55	43
chr12	31838912	31843410	-	55	42
chr12	52021232	52022526	+	55	38
chr13	45300047	45300437	-	55	50
chr14	49623532	49624956	+	55	50
chr14	68083295	68089434	+	55	48
chr16	138753	141087	+	55	48
chr16	28094766	28097329	-	55	52
chr16	88800868	88803512	-	55	51
chr19	4401743	4422718	-	55	44
chr20	50885455	50888807	+	55	51
chr22	37776076	37778618	+	55	50
chr1	156457141	156458104	+	54	45
chr1	158991231	158994480	+	54	43
chr2	152740038	152744848	+	54	45
chr3	49023597	49024317	+	54	46
chr4	13422573	13430566	-	54	47
chr5	31448575	31464252	-	54	45
chr5	172238885	172245190	-	54	46
chr5	180742351	180784679	-	54	48
chr6	24789850	24793326	-	54	46
chr6	28869518	28884708	-	54	42
chr6	158635826	158636462	-	54	48
chr7	111911971	111940940	-	54	39
chr8	21825330	21898165	-	54	34
chr9	63677374	63677625	+	54	51
chr9	67009118	67009377	+	54	52
chr10	132393248	132397123	-	54	50
chr11	47608355	47610570	+	54	47
chr14	67896092	67899569	+	54	47
chr14	91259390	91263213	-	54	50
chr15	100550226	100553295	-	54	46
chr16	2532759	2537843	+	54	48
chr17	1406561	1411578	-	54	42
chr17	29556278	29559467	-	54	44
chr17	42194612	42198980	-	54	39
chr19	6857606	6860314	+	54	43
chr19	43619713	43621510	+	54	47
chr20	5641808	5648003	-	54	42
chrX	71021384	71035016	-	54	43
chrX	80075044	80076002	+	54	48
chrX	118691464	118697084	+	54	51
chrY	1232951	1244581	+	54	35
KI270742.1	62062	161331	-	54	50
chr1	15523788	15526281	+	53	46
chr1	19330958	19338757	+	53	52
chr1	35169127	35175946	-	53	46
chr1	155943103	155946284	-	53	49
chr1	193286638	193288823	+	53	44
chr2	227564707	227569289	+	53	46
chr3	32717596	32730444	+	53	43
chr5	14621324	14625073	+	53	44
chr5	80904412	80923917	+	53	33
chr5	172276665	172280469	+	53	46
chr6	43224973	43225609	-	53	50
chr7	48087697	48088592	-	53	47
chr7	70646294	70689636	+	53	38
chr7	155655534	155655943	-	53	48
chr8	56014184	56021878	+	53	45
chr9	27573923	27575847	+	53	47
chr9	80294954	80299264	+	53	33
chr9	129410714	129413464	-	53	48
chr10	18545663	18551889	-	53	42
chr11	63444660	63444869	-	53	52
chr14	102506478	102509749	-	53	38
chr14	105978433	105978519	-	53	53
chr16	81578965	81580213	+	53	48
chr18	40950193	40950289	-	53	49
chr19	41611968	41614415	-	53	47
chr20	4777110	4778788	-	53	45
chr20	6786125	6787596	-	53	51
chr22	37463775	37466965	-	53	49
chrX	48903640	48904022	-	53	47
chrX	101001371	101008566	+	53	47
chr1	144068911	144069337	-	52	48
chr1	144069316	144073018	+	52	48
chr2	43278201	43291459	+	52	48
chr2	151782618	151784937	-	52	49
chr2	200840263	200842687	+	52	38
chr3	131460466	131462164	-	52	47
chr6	18416792	18423819	+	52	40
chr6	57779588	57781962	-	52	50
chr6	127701612	127703533	-	52	45
chr7	76447562	76449349	+	52	49
chr8	9678736	9690313	+	52	49
chr8	139719739	139727291	-	52	43
chr9	110904849	110910059	-	52	45
chr10	102388754	102394088	-	52	45
chr11	44083278	44084237	+	52	50
chr11	117929979	117971269	-	52	44
chr12	55738216	55743016	-	52	35
chr12	56193957	56201960	-	52	42
chr12	121533744	121541309	+	52	46
chr12	123444985	123450335	+	52	34
chr14	31210008	31210336	-	52	26
chr15	44664048	44665580	+	52	43
chr15	78916621	78921029	-	52	47
chr17	44392474	44394533	-	52	47
chr17	64919502	64921935	+	52	47
chr19	1982321	1985029	-	52	48
chr19	18289080	18292607	-	52	43
chr19	21066689	21072718	+	52	39
chr19	41880446	41882811	-	52	46
chr19	44995891	45001448	-	52	44
chr22	35428078	35443342	-	52	45
chr22	38702230	38704680	-	52	47
chrX	20155280	20158931	+	52	47
chrX	53687716	53694014	-	52	41
chr1	52625335	52628522	-	51	44
chr1	119908193	119911533	-	51	41
chr1	208904808	208904927	+	51	50
chr2	69441482	69443618	-	51	46
chr2	186405356	186408544	-	51	39
chr3	56725794	56726184	+	51	49
chr3	68637126	68637271	+	51	51
chr3	119421736	119428591	-	51	40
chr4	19077833	19078110	-	51	50
chr4	142022488	142023558	-	51	47
chr5	31430979	31431389	+	51	46
chr5	31445752	31446665	+	51	43
chr6	35340609	35341673	+	51	42
chr6	38155554	38160247	+	51	48
chr8	9676051	9676453	-	51	49
chr8	56961612	56997245	+	51	45
chr8	103386894	103388460	+	51	45
chr9	75183151	75187906	+	51	46
chr10	28335302	28336736	+	51	36
chr10	30936675	30941459	-	51	45
chr12	6471481	6474445	+	51	42
chr12	49122452	49127630	-	51	43
chr14	24243105	24244449	+	51	48
chr14	68038852	68040574	+	51	45
chr14	103504150	103510160	+	51	47
chr15	45586310	45587311	-	51	47
chr16	28094423	28096616	+	51	48
chr16	47239102	47241026	-	51	49
chr16	66713641	66714678	-	51	42
chr17	78646151	78647351	+	51	42
chr19	10644848	10646428	-	51	44
chr19	36173985	36180856	-	51	43
chr22	37590160	37592416	+	51	46
chrY	21267501	21271798	+	51	30
chr1	36182134	36187098	+	50	46
chr1	146409621	146412944	+	50	35
chr1	182889783	182898750	+	50	46
chr1	227722211	227726890	-	50	41
chr2	28357522	28359134	-	50	42
chr2	218213926	218215872	+	50	40
chr2	218370725	218374754	+	50	43
chr3	49433467	49437799	+	50	42
chr4	25709926	25716106	-	50	37
chr4	125622241	125622461	+	50	48
chr5	83037066	83040712	-	50	42
chr5	157079458	157085302	-	50	42
chr5	179543392	179550515	-	50	43
chr7	155706925	155718511	-	50	42
chr8	96644102	96645073	-	50	42
chr9	80668692	80669802	-	50	38
chr9	80923165	81194715	+	50	43
chr9	97864926	97879587	-	50	40
chr10	72355321	72363965	-	50	39
chr10	100540279	100543840	+	50	40
chr11	107309449	107309972	+	50	48
chr12	121234355	121237672	-	50	50
chr13	27059297	27063595	+	50	47
chr14	68007052	68008460	+	50	47
chr14	69773988	69775356	+	50	43
chr16	8668606	8673095	+	50	46
chr16	16145538	16149548	+	50	44
chr16	30070500	30075263	+	50	46
chr17	1630389	1633571	+	50	41
chr22	29499325	29502902	+	50	46
chrX	56609852	56612417	+	50	36
chrY	20906102	20912816	+	50	38
chr1	91785512	91787875	+	49	39
chr1	92821692	92831985	-	49	38
chr1	104885768	104886045	-	49	45
chr2	48516162	48519128	+	49	44
chr2	105351642	105352875	-	49	41
chr2	186175621	186184175	-	49	44
chr3	31643877	31647702	+	49	42
chr3	196445164	196454080	-	49	37
chr4	2734543	2737919	+	49	45
chr4	38701647	38704427	+	49	44
chr4	141512604	141516401	+	49	43
chr4	141526259	141532840	+	49	44
chr5	119404725	119405181	-	49	42
chr5	154801459	154805647	+	49	45
chr6	16295153	16297174	+	49	36
chr6	31847825	31852618	+	49	35
chr7	6404559	6407807	-	49	44
chr7	105120317	105125431	+	49	42
chr7	105134644	105145295	+	49	45
chr7	105343161	105344972	+	49	47
chr9	20342855	20343181	+	49	42
chr9	80309821	80313051	+	49	31
chr11	18665595	18666292	+	49	47
chr11	25451452	25452321	-	49	48
chr11	57701258	57702902	+	49	46
chr11	79500601	79500775	+	49	45
chr12	11384484	11391201	+	49	33
chr12	67680012	67685552	+	49	40
chr14	24243251	24248133	-	49	42
chr14	69046055	69050853	-	49	41
chr14	102076162	102080624	+	49	43
chr14	103332405	103333541	-	49	42
chr15	64719617	64727249	+	49	36
chr16	27364823	27367936	+	49	41
chr16	30135559	30182675	-	49	48
chr16	31011946	31032763	-	49	39
chr16	70213032	70218517	+	49	49
chr16	81520638	81523581	+	49	44
chr17	18210290	18212945	+	49	39
chr17	45144447	45146540	-	49	42
chr17	81572386	81575649	-	49	43
chr19	13845758	13846463	-	49	44
chr20	29879502	29879948	+	49	45
chr20	35769878	35771275	+	49	43
chr20	49926679	49926814	+	49	46
chr22	30436249	30437488	+	49	32
chrX	56577306	56579791	+	49	45
chrX	77804730	77814095	-	49	36
chrX	148052759	148052921	+	49	47
chrY	2741418	2743064	-	49	42
chrY	20955147	20979556	+	49	38
chr1	158996730	158997206	-	48	43
chr1	168201697	168202114	+	48	46
chr2	43302042	43306429	-	48	42
chr2	43336115	43340986	-	48	40
chr2	74112223	74116635	+	48	37
chr2	203739986	203747796	+	48	45
chr3	42007073	42012288	-	48	42
chr3	49672183	49673951	-	48	38
chr3	108223923	108225659	+	48	40
chr4	82807671	82813025	-	48	37
chr6	89324006	89326309	-	48	41
chr6	120236656	120281704	-	48	47
chr7	75279396	75280533	-	48	47
chr9	80386600	80394138	+	48	35
chr9	84029082	84029253	+	48	47
chr9	131560999	131567806	+	48	42
chr10	72235895	72243489	+	48	37
chr10	99759240	99765693	+	48	40
chr10	124000260	124000755	+	48	42
chr11	88256883	88263081	-	48	41
chr11	121438190	121452068	-	48	42
chr14	57262969	57268371	-	48	41
chr14	92122079	92128898	+	48	43
chr15	40758351	40763078	-	48	44
chr16	67679229	67683327	-	48	44
chr16	69086806	69089136	-	48	43
chr17	17837165	17839551	+	48	41
chr17	62604274	62607426	+	48	42
chr17	68202061	68205467	-	48	45
chrX	24083200	24128440	-	48	44
chrX	87151263	87151407	-	48	46
chrX	149772249	149772831	+	48	44
chrY	665121	943875	+	48	46
chrY	14941023	14941306	-	48	45
chr1	16246088	16246831	-	47	43
chr1	36398036	36400432	+	47	43
chr1	154938191	154939640	+	47	41
chr1	180816677	180817977	+	47	37
chr2	19891123	19896305	+	47	41
chr2	65272024	65274994	+	47	40
chr2	73740236	73747279	-	47	41
chr2	152747412	152751210	+	47	42
chr2	157406946	157409046	+	47	47
chr2	185980959	185987542	-	47	36
chr3	196943641	196944917	+	47	38
chr4	60169776	60169983	+	47	45
chr4	82815120	82818022	-	47	41
chr5	76733166	76735766	+	47	39
chr5	88826418	88830580	+	47	35
chr5	150557019	150558211	+	47	46
chr6	33061548	33064525	-	47	35
chr6	87731264	87733014	-	47	37
chr7	17748370	17753325	-	47	31
chr8	9658617	9664645	+	47	44
chr8	48007141	48008350	-	47	36
chr9	37344293	37347585	+	47	42
chr9	80569296	80578599	+	47	28
chr9	137248082	137249013	+	47	39
chr10	58267993	58268891	+	47	44
chr10	92669854	92674123	-	47	37
chr11	65385422	65386435	-	47	40
chr11	73970380	73973866	-	47	44
chr12	56340738	56341348	-	47	37
chr12	112402025	112404896	-	47	44
chr13	74134972	74137516	+	47	38
chr13	84529035	84529352	+	47	46
chr14	22514391	22515356	-	47	42
chr15	31385920	31388888	+	47	39
chr15	75217333	75220069	+	47	39
chr17	1565903	1569033	-	47	37
chr17	64497224	64498120	-	47	37
chr17	81578940	81586283	-	47	41
chr19	18991542	18992569	+	47	46
chr19	43720557	43727151	-	47	39
chr20	44294499	44298981	-	47	36
chr20	62968170	62969548	+	47	41
chr21	44007327	44012190	-	47	41
chr22	41666703	41672182	+	47	38
chrX	22005127	22019026	+	47	39
chrX	74569887	74572924	-	47	41
chr1	19300895	19301976	-	46	41
chr1	76699571	76701005	+	46	43
chr1	119013015	119016545	-	46	33
chr1	156802403	156803382	-	46	42
chr1	178590644	178593071	+	46	39
chr1	197201484	197203136	+	46	38
chr1	235011363	235014340	+	46	36
chr2	25360779	25363379	+	46	40
chr2	43459857	43460683	+	46	44
chr2	43487569	43497321	-	46	40
chr2	100579195	100589029	+	46	38
chr3	126947845	126960398	+	46	39
chr3	127689065	127689447	-	46	31
chr4	151016212	151018401	+	46	41
chr4	164733772	164742490	+	46	46
chr5	70087938	70089297	-	46	44
chr5	149530577	149532039	+	46	37
chr5	172209645	172212955	-	46	41
chr7	99470850	99472634	-	46	26
chr7	105199195	105200043	+	46	43
chr7	105346285	105353365	+	46	42
chr7	155768631	155773724	-	46	43
chr8	9692975	9696803	+	46	40
chr9	6507280	6510499	+	46	40
chr9	80426597	80431191	+	46	31
chr9	110938193	110941565	-	46	41
chr10	5763790	5764865	-	46	38
chr10	30844769	30845167	-	46	40
chr10	133425050	133429676	+	46	44
chr11	1523552	1526897	-	46	44
chr11	2287826	2288149	+	46	43
chr11	60128915	60129016	-	46	44
chr11	66980140	66980346	-	46	43
chr11	107966551	107968145	+	46	34
chr12	9762729	9765562	-	46	41
chr12	32215396	32223453	+	46	39
chr12	56662072	56662799	+	46	40
chr12	111413078	111416332	+	46	42
chr15	22295554	22299614	+	46	32
chr16	3962652	3963027	-	46	38
chr16	4662392	4663854	-	46	41
chr16	71427863	71428084	-	46	44
chr16	81594263	81596776	-	46	41
chr17	8119149	8119902	+	46	45
chr17	39569996	39575694	+	46	41
chr17	81876285	81878424	-	46	37
chr19	20812556	20819983	+	46	37
chrX	20183841	20188116	+	46	42
chrX	44741991	44742084	+	46	43
chrY	7383902	7385365	+	46	41
GL000194.1	53592	54788	-	46	41
KI270706.1	21692	29651	-	46	43
chr1	143727877	143729376	-	45	40
chr1	178660955	178669240	+	45	32
chr1	212713981	212721506	-	45	32
chr1	226622394	226625255	+	45	35
chr2	31860778	31864539	-	45	41
chr2	43307930	43308731	+	45	39
chr2	53019369	53043922	-	45	25
chr2	152753720	152754200	-	45	42
chr5	10690742	10696245	-	45	37
chr5	54557040	54567718	+	45	39
chr5	119256303	119260003	+	45	34
chr6	31852462	31853676	-	45	37
chr6	89352963	89354831	+	45	40
chr7	50411222	50412460	+	45	41
chr7	76517194	76521343	+	45	40
chr8	42831252	42836639	-	45	34
chr9	120895378	120901407	+	45	42
chr10	28510165	28519158	-	45	38
chr10	69055723	69057210	-	45	38
chr10	72996157	72999416	-	45	38
chr11	299904	303548	+	45	39
chr11	117979911	117986285	-	45	40
chr11	121439109	121442572	+	45	40
chr12	11315267	11319021	+	45	36
chr12	31847438	31853695	-	45	39
chr14	63586113	63589768	-	45	38
chr14	68003385	68005749	+	45	42
chr16	47214637	47217268	-	45	43
chr16	47272496	47279418	-	45	38
chr16	57299945	57300285	+	45	41
chr17	1562919	1565167	+	45	33
chr17	39864559	39866661	+	45	21
chr19	4881981	4890370	+	45	41
chr19	10647564	10651826	-	45	39
chr22	41666422	41671837	-	45	37
chrX	20163898	20169218	+	45	41
chrX	81352969	81357496	+	45	34
KI270718.1	21066	24461	-	45	35
chr1	1375561	1377726	+	44	39
chr1	21783906	21784993	+	44	35
chr1	90894056	90897646	-	44	41
chr1	162788882	162790544	-	44	39
chr2	97744543	97752227	+	44	40
chr2	186396981	186401176	-	44	34
chr2	203765644	203772433	+	44	35
chr2	234565732	234602907	-	44	43
chr3	138633550	138637600	-	44	38
chr3	196749775	196751335	+	44	41
chr4	34464011	34464105	+	44	42
chr5	75514500	75517531	+	44	41
chr5	81402287	81405728	-	44	38
chr5	83022842	83025695	-	44	39
chr5	149546362	149550505	+	44	41
chr5	172273986	172278168	-	44	34
chr6	27864403	27866469	+	44	42
chr7	5872533	5879713	+	44	35
chr7	123674251	123679935	-	44	39
chr7	142793547	142796154	+	44	28
chr8	60715453	60718483	+	44	36
chr9	7476934	7477038	-	44	43
chr9	37162977	37167676	-	44	39
chr9	129882305	129883692	-	44	36
chr10	74710003	74712445	+	44	35
chr10	92661811	92668743	-	44	30
chr11	62766938	62769510	+	44	36
chr11	65772010	65773855	-	44	38
chr12	31993409	32000345	-	44	41
chr12	71710669	71716188	+	44	33
chr13	20773969	20776561	+	44	42
chr17	1686949	1698609	+	44	43
chr17	5052466	5059498	-	44	38
chr18	35979618	35980947	-	44	39
chr21	42821795	42827262	+	44	30
chr21	43783871	43789175	-	44	40
chr22	36529549	36531272	+	44	35
chr22	38701587	38704593	+	44	39
chrX	26206912	26207120	-	44	43
chrY	12924881	12925291	+	44	38
chr1	47325153	47333701	-	43	34
chr1	91698470	91700990	-	43	33
chr1	168253021	168259849	+	43	39
chr1	183098522	183113302	+	43	34
chr1	204567133	204568146	-	43	41
chr1	204581253	204583907	+	43	42
chr1	204585434	204598747	+	43	38
chr2	43479797	43486314	-	43	41
chr2	97264740	97273320	-	43	40
chr2	226833430	226835240	-	43	38
chr3	10127220	10135012	+	43	34
chr3	49447814	49465212	-	43	40
chr3	57931750	57938914	+	43	35
chr3	136148295	136149634	-	43	43
chr3	184194090	184214559	+	43	40
chr4	98873376	98877328	-	43	37
chr4	141479493	141480181	+	43	36
chr4	173423302	173429205	+	43	28
chr5	69333382	69334627	+	43	43
chr5	71072117	71072821	+	43	41
chr5	76863684	76866647	-	43	36
chr5	80878194	80880284	+	43	39
chr5	131797940	131798446	+	43	40
chr5	142155357	142155787	-	43	36
chr5	150536003	150540498	+	43	39
chr6	30547757	30550007	+	43	37
chr7	72844426	72862604	-	43	40
chr7	123667499	123668971	-	43	35
chr8	70103389	70106499	-	43	40
chr8	97150455	97153022	+	43	37
chr9	80370746	80375543	+	43	32
chr11	65253275	65257163	-	43	40
chr12	113332270	113335136	-	43	36
chr13	48229242	48232032	-	43	36
chr14	22552662	22553584	+	43	38
chr14	50184435	50187380	+	43	39
chr15	84808038	84814570	+	43	31
chr16	47239040	47241979	+	43	36
chr17	28753675	28755764	-	43	37
chr17	50867997	50872537	+	43	38
chr17	64983343	64985998	-	43	39
chr17	81622256	81631118	+	43	37
chr19	2065732	2070403	+	43	37
chr19	8514222	8517413	+	43	37
chr19	46455086	46455548	-	43	41
chr20	3051252	3063717	+	43	39
chr21	5108790	5114236	+	43	40
chr22	36276271	36281265	-	43	39
chr22	40933052	40939219	+	43	41
chr22	47540866	47541141	+	43	41
chrX	71112455	71116981	+	43	39
chrY	2932786	2935199	-	43	39
KI270728.1	1077711	1078992	-	43	41
chr1	153781562	153785526	-	42	37
chr1	159816501	159819976	+	42	34
chr1	180746464	180755863	+	42	35
chr1	185376301	185377993	+	42	37
chr2	20241973	20248643	-	42	39
chr3	38037495	38039106	-	42	28
chr4	1687664	1691615	-	42	34
chr5	70920652	70922160	-	42	35
chr5	123226285	123226532	+	42	38
chr6	24794440	24796670	-	42	40
chr6	85292701	85293226	+	42	39
chr6	87269741	87271452	-	42	35
chr6	144148192	144149966	-	42	32
chr7	998526	1004492	-	42	40
chr7	106077320	106083611	-	42	35
chr8	41916704	41920123	-	42	30
chr9	128810907	128818015	+	42	38
chr10	6581097	6585456	-	42	33
chr10	18658047	18659302	-	42	33
chr10	22531191	22532339	+	42	37
chr10	73369996	73373956	+	42	37
chr10	97457497	97458011	-	42	38
chr10	102105463	102106487	+	42	37
chr11	57819855	57827530	+	42	39
chr11	66613806	66616313	-	42	40
chr11	87331719	87336532	+	42	28
chr11	123048118	123049574	+	42	35
chr11	128828848	128831112	+	42	40
chr12	53064384	53064815	-	42	40
chr14	49897152	49903078	+	42	37
chr14	74738840	74745724	+	42	31
chr14	90381168	90382776	-	42	36
chr14	99111989	99115009	-	42	33
chr15	74048730	74049401	+	42	39
chr16	30348235	30350103	+	42	31
chr16	81672409	81675614	+	42	39
chr16	81700717	81701099	+	42	38
chr18	26393412	26393530	-	42	42
chr18	47631549	47631826	+	42	42
chr19	350260	350629	-	42	39
chr19	27272911	27503984	+	42	41
chr19	44759825	44760044	+	42	38
chr19	53829966	53830180	-	42	6
chr20	33485365	33489475	-	42	34
chr21	44883028	44884294	-	42	36
KI270746.1	36127	36267	+	42	40
chr1	1509949	1511672	-	41	32
chr1	12517933	12524856	+	41	34
chr1	22109010	22111030	+	41	36
chr1	27310575	27314089	+	41	36
chr1	151863675	151870706	-	41	36
chr1	157778912	157781894	-	41	34
chr2	43445684	43446362	-	41	39
chr2	43526426	43529142	-	41	32
chr2	174529587	174533615	-	41	34
chr2	174536968	174539349	-	41	32
chr3	32515151	32524958	+	41	38
chr3	57940133	57942772	+	41	35
chr3	150540665	150541883	-	41	40
chr3	154271109	154272197	-	41	39
chr3	197037365	197038122	+	41	39
chr4	1345187	1345624	+	41	35
chr4	59271965	59272077	+	41	40
chr4	87142111	87146060	+	41	38
chr4	141519036	141524852	+	41	35
chr5	10741315	10744442	-	41	35
chr5	40814777	40821179	-	41	31
chr5	177517241	177519785	+	41	35
chr5	179611608	179614095	+	41	39
chr6	24787302	24790099	+	41	37
chr6	51409026	51409835	-	41	40
chr6	122440648	122442665	+	41	39
chr6	144064737	144066987	+	41	39
chr7	1112024	1121757	-	41	35
chr7	40116521	40125219	+	41	33
chr7	44956727	44958613	+	41	34
chr7	106085353	106090019	-	41	37
chr7	142795932	142796556	-	41	35
chr8	9617998	9620264	-	41	37
chr8	23186542	23189073	-	41	40
chr8	60826836	60833322	+	41	38
chr9	37129555	37131872	-	41	39
chr9	80640412	80644660	+	41	30
chr9	99154780	99157881	+	41	38
chr9	120803172	120812375	-	41	29
chr11	44252136	44255344	+	41	32
chr11	45929381	45929730	-	41	39
chr11	60161215	60163900	-	41	37
chr11	66243800	66244548	+	41	38
chr12	56201056	56202113	+	41	39
chr14	68054884	68058241	+	41	33
chr16	4035568	4038220	+	41	35
chr16	4616684	4617735	+	41	33
chr16	17772821	17772943	-	41	36
chr16	35169329	35169606	-	41	40
chr16	66716298	66719124	-	41	38
chr17	82098529	82101229	+	41	34
chr20	63527084	63527615	+	41	39
chr22	35297500	35298795	-	41	37
chrX	21898163	21914793	+	41	28
chrX	30587687	30590634	-	41	29
chrX	68785264	68786998	+	41	40
chrX	75033117	75039587	-	41	32
chrX	122616810	122616913	-	41	41
GL000008.2	79937	201515	-	41	41
chr1	10391259	10394871	+	40	29
chr1	116070426	116076835	+	40	33
chr1	159910780	159912925	+	40	35
chr1	180688644	180690151	+	40	34
chr2	32353199	32356244	+	40	39
chr2	43324699	43327395	-	40	34
chr2	74985696	74995370	+	40	38
chr2	234480521	234483902	-	40	29
chr3	15553490	15557898	-	40	37
chr3	44976262	44978091	+	40	37
chr3	101581882	101593145	-	40	36
chr3	185938215	185939148	+	40	31
chr4	24514654	24517294	-	40	35
chr4	141482930	141490590	+	40	33
chr5	76834326	76836525	+	40	34
chr5	172035747	172039110	-	40	38
chr6	132720371	132722389	-	40	32
chr7	38241439	38241776	+	40	35
chr7	66975339	66982566	-	40	29
chr8	60681237	60687157	+	40	36
chr10	62097043	62102121	+	40	35
chr12	52000075	52002437	+	40	33
chr14	23921508	23921661	+	40	39
chr14	68151824	68153032	-	40	36
chr14	102591347	102592144	-	40	36
chr14	102732710	102733012	-	40	34
chr14	106014673	106015541	+	40	38
chr15	41116946	41119353	+	40	34
chr15	51819297	51824837	+	40	35
chr15	75456082	75459539	+	40	31
chr16	7875168	7875329	+	40	40
chr16	67938028	67939716	-	40	36
chr16	70099853	70105200	+	40	37
chr17	446075	448122	-	40	36
chr17	49591530	49598321	-	40	35
chr17	50708112	50709887	+	40	32
chr18	76807001	76809285	-	40	35
chr19	4593911	4619894	-	40	30
chr19	6863729	6868275	+	40	34
chr19	40285819	40286362	+	40	32
chr20	13370392	13380165	-	40	31
chr21	33497698	33503362	-	40	32
chrX	53924580	53931106	-	40	35
chrX	94930964	94931123	+	40	39
chr1	23788238	23789321	+	39	34
chr1	32249043	32250023	-	39	29
chr1	151853822	151857080	+	39	36
chr1	151979395	151982853	-	39	34
chr1	161070045	161070728	+	39	35
chr2	7101978	7102748	-	39	37
chr2	43357171	43360385	-	39	34
chr2	65131245	65133510	+	39	38
chr2	68438895	68439946	+	39	9
chr2	101895049	101896352	+	39	34
chr2	230403954	230408320	+	39	36
chr3	129082579	129085237	-	39	35
chr3	193705068	193705457	-	39	36
chr4	13380673	13383809	-	39	33
chr5	123623904	123628643	+	39	32
chr6	7089977	7095715	+	39	32
chr6	34576805	34577813	+	39	36
chr6	90506334	90510651	-	39	28
chr7	1805131	1805478	+	39	39
chr7	2664832	2679247	-	39	36
chr7	6373341	6374052	-	39	10
chr7	8767735	8915869	+	39	38
chr7	50413731	50415832	+	39	34
chr7	70721807	70728615	+	39	32
chr7	106940095	107023300	+	39	30
chr7	148884439	148888473	+	39	36
chr8	9751803	9753254	+	39	36
chr8	67811106	67829801	+	39	38
chr8	97731038	97745752	+	39	29
chr9	93047659	93048552	-	39	38
chr9	110925960	110927850	-	39	34
chr9	122913608	122915441	-	39	34
chr9	122935112	122940328	+	39	34
chr10	96753518	96761879	+	39	21
chr10	112828333	112831160	-	39	36
chr11	1524581	1527630	+	39	33
chr11	67445796	67450653	+	39	34
chr12	32320357	32338939	+	39	33
chr12	90351034	90452813	+	39	39
chr12	108659818	108664751	-	39	37
chr13	40713771	40716893	-	39	31
chr14	21847244	21850976	+	39	27
chr14	33896210	33896427	-	39	39
chr14	68302880	68304181	+	39	35
chr15	84661105	84665784	-	39	33
chr16	31197738	31201458	-	39	38
chr16	56945736	56949788	+	39	33
chr16	81575637	81576409	+	39	33
chr17	67058554	67065170	-	39	36
chr17	77447517	77449287	-	39	34
chr19	1021883	1023616	+	39	29
chr19	1901072	1903929	-	39	30
chr19	6941389	6943335	+	39	36
chr19	12310979	12327311	+	39	36
chr19	17398312	17402494	+	39	35
chr19	17821731	17822997	-	39	31
chr19	34252252	34254524	-	39	32
chr20	56188897	56189190	+	39	39
chr22	17173150	17178661	+	39	31
chr22	36269587	36273201	-	39	29
chr22	39981376	39983418	-	39	36
chrX	101776968	101778181	-	39	38
KI270743.1	14928	199514	+	39	37
chr1	26478243	26485311	+	38	33
chr1	86704695	86716511	-	38	37
chr1	144522926	144523856	-	38	32
chr1	168262824	168264779	+	38	33
chr1	204494983	204495893	+	38	30
chr1	235010222	235011991	-	38	33
chr2	55629535	55633809	+	38	28
chr2	71439859	71443590	+	38	29
chr2	73756817	73757184	+	38	35
chr2	96536164	96536587	-	38	30
chr2	103496757	103496883	+	38	36
chr2	128534425	128578201	+	38	36
chr2	186277999	186283025	-	38	30
chr2	186512695	186517374	+	38	34
chr2	237604315	237605584	+	38	34
chr3	9888606	9890527	-	38	28
chr5	37075139	37079162	-	38	33
chr5	50384545	50387236	-	38	32
chr5	70084238	70086328	-	38	34
chr5	115573561	115575161	-	38	33
chr5	154797242	154797944	-	38	33
chr5	179789197	179793550	-	38	33
chr6	27156734	27159158	+	38	34
chr6	31582739	31585293	+	38	33
chr6	43456778	43461022	+	38	32
chr7	2899707	2901232	-	38	30
chr7	75075902	75079477	+	38	33
chr7	105243027	105245396	-	38	34
chr7	123670468	123672653	-	38	36
chr7	155724331	155726697	-	38	36
chr8	42336723	42338396	+	38	34
chr8	53959542	53965896	-	38	33
chr8	130044493	130045480	-	38	34
chr8	145049150	145052222	-	38	32
chr9	36332508	36335862	-	38	34
chr9	110964690	110965341	-	38	32
chr9	112370645	112374322	-	38	29
chr10	6254846	6255453	-	38	32
chr10	73106102	73108994	-	38	36
chr10	96591873	96592565	-	38	34
chr11	85954469	85955227	+	38	37
chr12	11283645	11288141	+	38	35
chr12	14914041	14914390	-	38	35
chr12	32146787	32183221	-	38	31
chr12	56044736	56052544	+	38	33
chr12	111902541	111904693	-	38	34
chr14	22773183	22777140	+	38	31
chr14	67993461	67998121	+	38	35
chr14	70564156	70566030	-	38	38
chr14	75177478	75178729	+	38	34
chr16	4665721	4666812	-	38	36
chr16	46625602	46626194	-	38	34
chr16	47701702	47704815	+	38	32
chr19	5583104	5585281	-	38	37
chr19	18290444	18292637	+	38	34
chr19	45704105	45710009	-	38	34
chr20	45972643	45974355	+	38	31
chr22	28857019	28881449	-	38	32
chrX	48562906	48567301	+	38	30
chrX	75328666	75329786	+	38	38
chrX	146618730	146619041	-	38	37
chrY	1605575	1609192	+	38	36
chrY	2192415	2197893	-	38	33
KI270706.1	111391	118661	+	38	34
chr1	21431630	21432433	+	37	35
chr1	26813931	26822488	+	37	30
chr1	27308944	27310026	-	37	36
chr1	28648934	28653914	-	37	31
chr1	91689418	91689869	+	37	30
chr1	149870937	149872369	+	37	32
chr1	180806609	180809037	+	37	33
chr1	201952896	201954956	-	37	32
chr1	229618523	229622946	-	37	32
chr2	10690023	10690342	+	37	34
chr2	43334502	43336397	+	37	33
chr2	43435203	43435888	+	37	30
chr2	197436333	197442071	+	37	32
chr3	50263674	50264281	+	37	30
chr3	113712114	113715372	-	37	31
chr4	38785124	38787417	-	37	32
chr4	70840150	70844501	+	37	32
chr4	77045622	77046340	-	37	36
chr4	91983921	91984079	+	37	36
chr4	141620785	141624467	+	37	32
chr4	145661070	145662371	+	37	36
chr5	32523960	32524081	+	37	37
chr5	70895131	70895441	-	37	36
chr5	154687935	154695754	+	37	28
chr5	179777671	179780314	+	37	33
chr6	27832238	27835357	-	37	33
chr6	31514807	31514925	+	37	35
chr6	32985232	32987671	-	37	31
chr6	33089793	33091588	+	37	27
chr6	42948865	42953275	+	37	29
chr6	87717945	87719058	-	37	32
chr7	5861010	5867235	+	37	35
chr7	30162348	30164526	+	37	26
chr7	101073019	101073119	+	37	35
chr7	102532190	102534631	+	37	32
chr7	105276137	105278598	+	37	33
chr7	105286783	105287202	+	37	36
chr8	303207	303487	-	37	34
chr8	9667839	9668213	-	37	35
chr8	9740063	9741250	-	37	35
chr8	11839635	11842502	-	37	28
chr8	30598532	30603699	-	37	33
chr8	60678775	60679926	+	37	31
chr8	60689711	60692779	+	37	35
chr8	60865106	60867900	+	37	34
chr9	30690618	30690984	+	37	34
chr9	37365123	37368426	+	37	34
chr9	63705263	63708611	+	37	35
chr9	94463138	94466390	+	37	32
chr9	96812128	96815482	-	37	35
chr10	12343334	12347753	-	37	30
chr10	20299034	20302978	+	37	35
chr10	46842637	46844672	+	37	35
chr10	75232640	75233170	-	37	35
chr11	2284051	2287151	-	37	34
chr11	47848577	47849959	+	37	34
chr12	32027639	32030697	+	37	27
chr12	32262178	32267220	+	37	31
chr13	19818980	19822348	-	37	30
chr13	36937570	36938239	-	37	33
chr13	40723752	40728911	-	37	32
chr14	63590825	63594029	-	37	32
chr14	68328803	68331477	+	37	27
chr15	44718877	44721779	-	37	33
chr15	65305585	65311275	-	37	33
chr15	92810092	92810372	+	37	32
chr16	29749650	29750479	+	37	32
chr16	81963728	81966747	+	37	26
chr16	89871826	89873477	-	37	35
chr17	7969792	7970097	+	37	12
chr17	8135362	8139907	+	37	29
chr17	48123688	48126603	+	37	35
chr18	26006008	26011457	-	37	34
chr18	43437080	43437239	-	37	35
chr19	3215473	3219108	+	37	27
chr19	4039691	4042662	+	37	36
chr19	8507503	8509507	+	37	33
chr19	10506212	10512726	-	37	29
chr19	19018038	19025947	-	37	33
chr19	47007748	47012563	+	37	31
chr19	47383358	47389585	-	37	35
chr20	62857607	62861269	-	37	31
chr22	16480645	16481295	+	37	35
chr22	29504231	29505812	+	37	36
chr22	45859105	45863578	+	37	30
chrX	48906918	48913145	-	37	33
chrX	81346035	81351415	+	37	32
chrX	100940997	100951121	-	37	31
chrX	107696022	107701937	-	37	23
chrX	119771557	119777226	-	37	25
chrY	20908148	20909336	-	37	28
chr1	15518712	15521184	+	36	32
chr1	26486521	26489727	+	36	22
chr1	52703148	52706104	+	36	29
chr1	149827692	149829144	-	36	30
chr1	184775446	184783190	-	36	31
chr2	43361752	43369928	-	36	32
chr2	43388486	43394226	-	36	29
chr2	43414439	43418349	-	36	34
chr2	96243391	96248375	+	36	32
chr2	96486787	96487248	+	36	28
chr2	97492087	97492380	+	36	36
chr2	128197025	128202601	+	36	29
chr2	203753140	203755086	-	36	31
chr2	224754558	224757333	+	36	29
chr3	30624105	30626175	-	36	33
chr3	30635143	30637335	-	36	35
chr3	114246880	114250277	+	36	28
chr3	193698859	193701672	-	36	31
chr4	154541023	154548055	-	36	31
chr5	37097435	37098886	+	36	30
chr5	37100552	37104547	-	36	29
chr5	56898854	56899265	-	36	31
chr5	71069792	71072573	-	36	36
chr5	109327696	109334648	-	36	33
chr5	117092635	117092795	-	36	35
chr6	478601	483654	-	36	27
chr6	30530328	30533994	-	36	29
chr6	53359780	53360430	+	36	29
chr6	149495222	149497270	+	36	31
chr7	2462247	2468397	-	36	35
chr7	5857786	5859416	+	36	33
chr7	68952768	68961329	-	36	34
chr8	9697991	9698367	+	36	31
chr8	10052159	10054036	-	36	29
chr8	30059842	30060255	+	36	32
chr8	56066164	56066929	+	36	33
chr8	96340402	96342374	+	36	29
chr8	101207157	101208032	+	36	29
chr9	80345607	80349489	+	36	26
chr9	96810120	96810947	+	36	31
chr9	111820835	111827423	+	36	22
chr9	112897304	112900652	+	36	28
chr10	39425088	39484613	-	36	36
chr11	61378062	61384343	+	36	26
chr11	62622350	62624605	+	36	32
chr11	121416550	121420524	-	36	33
chr12	9014165	9019766	-	36	32
chr12	9033992	9036311	-	36	31
chr12	10602855	10603339	+	36	33
chr12	32244310	32249101	+	36	28
chr13	39050283	39052095	+	36	36
chr14	20359811	20365663	-	36	30
chr14	53012718	53017083	-	36	32
chr14	70557752	70560240	-	36	35
chr15	44941602	44942654	-	36	36
chr15	52298084	52302653	-	36	29
chr15	52573695	52577349	-	36	24
chr15	55169511	55171360	-	36	34
chr16	4079915	4081099	-	36	34
chr16	24913775	24917836	-	36	32
chr16	29848248	29851604	+	36	31
chr16	70079921	70080544	+	36	33
chr16	81601798	81604678	+	36	31
chr16	81650147	81654425	+	36	33
chr17	35456284	35459221	-	36	31
chr18	63320262	63322287	+	36	34
chr19	2945563	2948783	+	36	33
chr19	20064008	20066203	-	36	35
chr19	47385164	47391850	+	36	32
chr20	32103296	32104748	+	36	30
chr20	49789270	49789697	-	36	24
chrX	23940057	23946332	-	36	24
chrX	56567557	56571157	+	36	31
GL000219.1	71954	75843	-	36	29
KI270718.1	23582	27900	+	36	34
chr1	1611634	1613708	-	35	28
chr1	27888191	27891316	-	35	34
chr1	35193448	35197349	+	35	33
chr1	52107692	52121867	-	35	32
chr1	164958593	164958669	+	35	4
chr2	64088285	64091027	-	35	27
chr2	74542379	74549486	-	35	31
chr2	85977913	85983287	-	35	28
chr2	156321278	156324404	-	35	32
chr2	164646880	164653463	-	35	24
chr2	218596735	218601313	+	35	26
chr3	129271296	129274175	+	35	30
chr3	132544942	132548480	+	35	29
chr4	4893602	4893702	-	35	35
chr4	11453566	11464480	+	35	28
chr4	153681209	153682781	+	35	27
chr4	189318345	189321821	-	35	27
chr5	47379562	49189459	+	35	24
chr5	134584817	134590691	+	35	27
chr5	172976597	172977003	+	35	35
chr5	180455460	180455568	-	35	33
chr6	7612012	7615431	+	35	27
chr6	32755681	32756042	-	35	34
chr6	34570397	34572493	-	35	28
chr6	89165174	89165565	+	35	34
chr6	111638796	111642427	-	35	29
chr7	67858225	67988797	-	35	34
chr7	76947053	76947935	-	35	33
chr7	102690517	102691562	+	35	32
chr7	155784895	155786964	+	35	32
chr8	21906645	21908031	-	35	31
chr8	30057103	30062995	-	35	31
chr8	30089649	30094286	-	35	29
chr8	89380821	89380966	+	35	31
chr8	90056722	90058278	+	35	32
chr8	141197892	141201016	+	35	28
chr9	37174062	37178699	-	35	30
chr9	97893359	97894509	-	35	34
chr10	17135177	17136087	+	35	29
chr10	17205712	17208865	+	35	28
chr11	10750566	10757225	+	35	31
chr11	29143138	29154460	-	35	35
chr11	128820187	128821378	+	35	32
chr12	9700972	9702089	+	35	32
chr12	11376898	11383304	+	35	28
chr12	51229586	51238148	-	35	31
chr12	124713561	124715143	+	35	27
chr13	36838153	36840777	+	35	30
chr14	22488731	22490072	+	35	28
chr14	22504686	22508178	-	35	26
chr14	81469122	81470761	-	35	30
chr14	92698946	92700280	-	35	33
chr14	101945357	101946801	-	35	31
chr14	105932738	105935899	+	35	30
chr16	21658537	21659239	-	35	26
chr16	22536671	22538265	-	35	29
chr16	47230603	47236441	+	35	30
chr16	89262694	89266308	-	35	34
chr17	41706855	41710529	-	35	21
chr17	42995422	42997697	+	35	32
chr17	43763196	43764555	-	35	30
chr17	65057025	65060402	+	35	31
chr17	75708973	75711148	+	35	28
chr19	4879107	4881268	-	35	28
chr19	35171843	35188187	+	35	31
chr19	45704068	45710612	+	35	32
chr20	35165590	35171308	-	35	27
chr20	50887013	50888865	-	35	34
chr21	29003726	29004244	+	35	30
chr21	42913482	42915143	+	35	32
chr22	21624902	21626731	-	35	32
chr22	24688966	24689109	+	35	33
chr22	29321729	29324918	+	35	30
chr22	40336779	40342032	-	35	32
chrX	79395877	79398811	+	35	30
chrX	107708390	107710810	-	35	30
chrX	110185020	110187457	+	35	28
chr1	66993460	66995401	+	34	30
chr1	108083045	108086935	+	34	30
chr1	156462372	156463232	-	34	33
chr1	198323865	198327254	+	34	26
chr2	43474950	43475387	+	34	34
chr2	112667304	112669867	-	34	26
chr2	152752854	152756594	+	34	33
chr2	185945770	185946350	+	34	32
chr2	186338786	186346944	-	34	24
chr2	190403553	190408289	-	34	29
chr2	206162964	206166905	+	34	28
chr2	240473294	240476324	-	34	30
chr3	9479349	9482557	+	34	30
chr3	30709754	30713803	+	34	30
chr3	32169976	32173822	+	34	26
chr3	146508126	146511090	-	34	28
chr3	167669405	167675214	-	34	29
chr3	185844944	185897369	-	34	25
chr5	50353355	50355070	-	34	29
chr5	70963318	70964311	-	34	33
chr5	132406641	132407018	+	34	31
chr6	16295549	16298874	-	34	28
chr6	37503121	37505262	+	34	28
chr6	149498357	149500702	+	34	30
chr6	155314934	155315419	+	34	27
chr7	75334773	75335110	-	34	32
chr7	75487195	75490289	-	34	28
chr7	76952710	76953103	-	34	32
chr7	157417604	157418127	+	34	32
chr7	158725691	158728849	-	34	30
chr8	30585353	30585770	+	34	29
chr9	80245300	80246430	-	34	25
chr9	112376325	112379161	-	34	32
chr10	13143029	13145927	+	34	26
chr11	20385193	20387422	-	34	32
chr11	47453233	47458222	+	34	31
chr11	66606244	66609192	+	34	28
chr11	88225089	88230092	-	34	26
chr11	118989909	118994177	-	34	29
chr12	1939636	1941604	-	34	30
chr12	104762679	104764241	-	34	31
chr12	111902336	111904361	+	34	31
chr12	120762350	120762958	-	34	32
chr15	45215126	45216789	+	34	33
chr15	79993106	80003808	+	34	31
chr16	3997895	3998647	+	34	30
chr16	4022080	4026408	+	34	34
chr16	4033463	4034533	-	34	30
chr16	23457635	23462114	-	34	32
chr16	87588453	87588720	+	34	34
chr17	16382751	16386888	+	34	30
chr17	44031249	44033753	-	34	29
chr17	59852752	59858044	-	34	29
chr18	76804670	76809269	+	34	34
chr19	1442116	1443001	+	34	28
chr19	4872895	4877489	+	34	32
chr19	7472771	7476549	-	34	32
chr19	11788301	11791302	+	34	26
chr19	19031773	19033097	-	34	32
chr19	40025651	40027462	-	34	33
chr19	42255248	42257422	+	34	27
chr19	57319884	57320360	-	34	28
chr20	22638158	22666573	-	34	34
chr21	29023601	29024238	-	34	26
chr22	26516695	26518999	+	34	31
chr22	49935588	49937287	+	34	29
chrX	41237054	41244449	+	34	27
chrX	53707880	53714662	-	34	30
chrX	71328839	71349784	-	34	31
chrX	119471836	119472373	-	34	31
chrY	24323069	24323443	+	34	31
chr1	21186399	21211142	-	33	29
chr1	25956355	25958040	+	33	32
chr1	35860127	35863461	+	33	29
chr1	145996770	145998127	+	33	28
chr1	148037285	148038739	-	33	29
chr1	156739696	156740455	-	33	29
chr1	160532931	160534766	-	33	25
chr1	161298591	161303822	-	33	25
chr1	180748028	180749448	-	33	31
chr1	193264707	193268017	+	33	31
chr1	227782465	227785423	+	33	30
chr1	248866617	248867152	+	33	33
chr2	10567387	10568813	-	33	30
chr2	42133263	42134772	+	33	22
chr2	43380662	43381834	+	33	31
chr2	171759237	171761627	-	33	28
chr2	172622869	172629572	+	33	27
chr2	190348972	190362075	+	33	29
chr2	202330184	202335326	+	33	28
chr2	222564500	222566501	-	33	30
chr3	33870961	33873118	+	33	29
chr3	101863185	101865282	-	33	28
chr3	196736153	196738755	-	33	26
chr4	11429767	11432290	+	33	27
chr4	40167832	40170178	+	33	25
chr4	82417370	82421099	+	33	27
chr4	183280314	183280623	-	33	28
chr4	189324864	189331186	-	33	24
chr5	5503292	5503657	+	33	33
chr5	131410521	131414018	-	33	31
chr5	140626676	140629033	-	33	27
chr5	171414229	171416054	-	33	22
chr5	172952796	172953572	+	33	27
chr6	30502849	30503527	-	33	19
chr6	37500359	37503168	-	33	28
chr6	42194966	42195310	+	33	30
chr6	70647922	70648045	+	33	33
chr6	85426467	85427424	-	33	31
chr7	77974352	77977080	+	33	28
chr7	102518638	102520525	-	33	32
chr7	150200135	150203909	-	33	30
chr7	150221393	150225129	-	33	30
chr8	52572288	52572432	-	33	32
chr8	132680577	132682367	-	33	27
chr9	35046331	35047589	+	33	30
chr9	66826712	66838695	-	33	33
chr9	80236036	80237608	+	33	27
chr9	101412274	101415958	+	33	28
chr10	17722708	17724307	+	33	31
chr10	31997071	32003943	-	33	26
chr10	84154949	84156415	+	33	29
chr10	119091253	119093676	+	33	25
chr11	9537065	9564485	-	33	32
chr11	65472517	65473191	+	33	24
chr11	65960448	65961603	-	33	31
chr11	102379737	102384066	+	33	30
chr12	9764087	9766601	+	33	28
chr12	124906867	124910031	+	33	29
chr13	28133204	28136309	-	33	30
chr15	20520993	20521389	-	33	22
chr15	85124697	85128810	+	33	25
chr16	2208930	2209251	+	33	29
chr16	9131392	9134745	-	33	29
chr16	69092268	69098294	+	33	30
chr17	7119162	7121435	-	33	26
chr17	18214243	18217397	+	33	27
chr17	18689760	18690107	+	33	32
chr17	30187901	30191229	-	33	27
chr17	30521264	30522681	-	33	31
chr17	35450190	35454922	-	33	28
chr17	43305425	43306884	+	33	30
chr17	49855939	49859091	+	33	30
chr17	77430778	77434314	-	33	31
chr17	81558268	81564711	+	33	31
chr18	14037864	14038656	-	33	32
chr19	913263	914545	+	33	30
chr19	2781843	2782880	-	33	30
chr19	15350930	15353270	+	33	31
chr19	39981923	39982940	-	33	30
chr19	51740319	51744124	-	33	30
chr19	55259491	55261402	+	33	29
chr20	1456773	1461297	-	33	31
chrX	56597314	56599178	+	33	28
chrX	153997516	154010169	+	33	27
GL000218.1	38807	40069	-	33	32
chr1	26501146	26503594	+	32	29
chr1	33129505	33138570	+	32	28
chr1	39034726	39039751	+	32	29
chr1	153671243	153672193	+	32	31
chr1	154904571	154906629	-	32	29
chr1	178672052	178674041	+	32	25
chr1	180833112	180834438	+	32	27
chr1	212620877	212624117	+	32	26
chr2	7150996	7155244	+	32	25
chr2	20444924	20446361	-	32	26
chr2	186150042	186151575	-	32	27
chr2	202629915	202634960	-	32	28
chr2	218758352	218761957	+	32	30
chr2	229745258	229750545	-	32	24
chr2	229754344	229755657	+	32	30
chr3	9894842	9896083	-	32	29
chr3	32749273	32752887	+	32	29
chr3	155988329	155988975	-	32	30
chr3	187083149	187086943	+	32	25
chr4	690880	692649	+	32	29
chr4	11429725	11430032	-	32	26
chr4	39796284	39800273	-	32	26
chr5	31429426	31437940	-	32	30
chr5	69278274	69280169	-	32	25
chr5	99829000	99862196	+	32	32
chr5	177597248	177599420	+	32	31
chr6	268731	273384	-	32	25
chr6	41709829	41711694	-	32	28
chr6	70213883	70215063	+	32	28
chr6	71167114	71167463	+	32	32
chr6	111649144	111649296	+	32	31
chr7	70438862	70441542	+	32	29
chr7	70483403	70486881	+	32	23
chr7	105226488	105228116	+	32	31
chr7	128096327	128100601	+	32	27
chr7	135180381	135182637	+	32	32
chr8	28761900	28766714	-	32	28
chr8	76977319	76978980	-	32	30
chr8	91095925	91100808	+	32	30
chr8	100914458	100916474	-	32	30
chr8	118111988	118113141	+	32	28
chr8	142650462	142654108	-	32	31
chr9	80244892	80250146	+	32	26
chr10	12290796	12325348	-	32	32
chr10	17245340	17248974	+	32	11
chr10	112845752	112848043	+	32	30
chr10	126109817	126135609	-	32	24
chr11	86808678	86809177	+	32	26
chr12	22009109	22009606	+	32	32
chr12	32034707	32048590	-	32	31
chr12	62600735	62601749	+	32	29
chr12	71726220	71733955	+	32	26
chr12	78649433	78649578	-	32	32
chr12	88197341	88197670	-	32	31
chr12	104363927	104370981	-	32	32
chr13	40678125	40697772	-	32	21
chr13	52451776	52454419	-	32	26
chr14	21860807	21863542	+	32	26
chr14	22809776	22812582	+	32	31
chr14	52424181	52428926	-	32	25
chr14	68131282	68133693	+	32	29
chr14	68141785	68146028	+	32	30
chr14	68503465	68506331	-	32	25
chr15	74859484	74863318	+	32	27
chr15	85019661	85020355	-	32	32
chr15	89204915	89209404	+	32	29
chr16	44034	46142	+	32	29
chr16	29722455	29729136	-	32	17
chr16	84784882	84789349	+	32	28
chr16	88866916	88870591	-	32	27
chr16	89701793	89704213	+	32	30
chr17	8128939	8133508	-	32	17
chr17	60099286	60101133	-	32	31
chr17	75314660	75317921	-	32	31
chr17	80973567	80976118	+	32	27
chr17	83077298	83079470	-	32	27
chr18	25969630	25969780	+	32	32
chr19	4727860	4757119	-	32	27
chr19	10470162	10482659	+	32	28
chr19	15344686	15346059	+	32	28
chr19	18389180	18390112	-	32	27
chr19	35883135	35887623	+	32	30
chr19	39981979	39983092	+	32	29
chr19	40306223	40309603	-	32	28
chr20	5205244	5210856	+	32	31
chr20	49965999	49971351	+	32	24
chr22	49897682	49899487	-	32	31
chrX	3120129	3120260	-	32	31
chrX	53932204	53932565	-	32	26
chrX	56574260	56575811	+	32	29
chrX	75310387	75311713	-	32	28
chrX	79218425	79218775	-	32	30
chrY	1768985	1832523	+	32	28
chrY	2667369	2673946	-	32	29
chr1	15604094	15605402	+	31	31
chr1	21365987	21366117	-	31	31
chr1	44841513	44844787	-	31	24
chr1	114565545	114567343	-	31	27
chr1	171597669	171600419	+	31	26
chr1	185105676	185108513	+	31	26
chr1	195362581	195362652	+	31	29
chr1	229310062	229312638	-	31	30
chr1	242537953	242625484	-	31	30
chr1	244820347	244824233	+	31	21
chr2	10686695	10689978	-	31	29
chr2	43234956	43238749	+	31	25
chr2	89565089	89568734	-	31	26
chr2	105354211	105357404	+	31	27
chr2	191204896	191206947	-	31	23
chr2	203961744	203964263	+	31	27
chr2	219185540	219188404	+	31	27
chr3	9493175	9494379	-	31	24
chr3	56721741	56724450	+	31	26
chr3	121951421	121953813	+	31	28
chr3	121958011	121962115	+	31	26
chr3	128681107	128682739	+	31	25
chr3	129265590	129268275	+	31	29
chr3	150633661	150636817	+	31	25
chr3	186799390	186807076	+	31	22
chr4	70808745	70810713	+	31	26
chr4	143478783	143482383	+	31	28
chr4	163490226	163494401	-	31	28
chr5	33470066	33474165	+	31	27
chr5	76399901	76403029	-	31	27
chr5	81398301	81401201	-	31	26
chr5	113491774	113492035	+	31	31
chr5	140144709	140145330	-	31	28
chr5	140146258	140148823	+	31	27
chr5	172800480	172801181	+	31	28
chr6	108974793	108984200	-	31	25
chr6	111655901	111658331	-	31	29
chr6	166957754	166965718	+	31	29
chr7	1123624	1138250	-	31	23
chr7	73419264	73432558	-	31	31
chr7	99635153	99638119	-	31	29
chr7	112187049	112190128	-	31	22
chr8	9648183	9651014	-	31	27
chr9	63670791	63677179	-	31	28
chr9	80715170	80716481	+	31	23
chr9	88016793	88016870	+	31	31
chr9	114599047	114599911	-	31	30
chr10	46333752	46336322	+	31	31
chr10	104029276	104030148	+	31	25
chr10	121360944	121377160	-	31	31
chr11	67448826	67450192	-	31	28
chr11	78213656	78214705	+	31	29
chr12	9025660	9027496	-	31	30
chr12	9043153	9045942	-	31	25
chr12	9747057	9749406	+	31	26
chr12	48717165	48718589	+	31	26
chr12	56741804	56751660	-	31	27
chr12	69291173	69296601	+	31	18
chr12	96270263	96271978	+	31	27
chr13	31710581	31714051	-	31	25
chr13	49635094	49642261	+	31	28
chr13	93167858	93167988	-	31	29
chr14	19855863	19856004	+	31	30
chr14	68218774	68225573	+	31	25
chr14	73134270	73136190	-	31	26
chr14	90199561	90249298	-	31	30
chr14	95694013	95694578	-	31	29
chr15	31333973	31336646	+	31	29
chr15	85026390	85029479	+	31	27
chr16	9123799	9124937	+	31	30
chr16	18773386	18777367	-	31	26
chr16	69086601	69091025	+	31	28
chr17	5053431	5055430	+	31	27
chr17	7266414	7270511	+	31	27
chr17	38842656	38847798	-	31	28
chr17	41112245	41115973	+	31	25
chr17	67825065	67825486	-	31	27
chr17	68161482	68167386	+	31	26
chr17	81009521	81012430	+	31	28
chr17	81610564	81611339	+	31	30
chr19	6768196	6771815	+	31	21
chr19	9749634	9751762	-	31	25
chr19	21125292	21126739	+	31	30
chr19	24131679	24134848	-	31	31
chr19	47055997	47064138	-	31	23
chr19	49499726	49501711	-	31	27
chr20	6215512	6215681	+	31	28
chr20	37978391	37982284	-	31	27
chr21	8230821	8232498	+	31	28
chr22	17173249	17178502	-	31	29
chr22	29589421	29590519	+	31	22
chrX	18674819	18674989	-	31	31
chrX	47311365	47321254	-	31	31
chrX	71021077	71034010	+	31	29
chrX	74561369	74563417	+	31	27
chrX	80569425	80569559	-	31	30
chrX	81298553	81301549	+	31	30
chrX	154346522	154348477	-	31	27
chr1	27207802	27208975	+	30	29
chr1	52610278	52613664	-	30	27
chr1	89941678	89943935	+	30	27
chr1	101255613	101257800	+	30	27
chr1	108488346	108488626	-	30	29
chr1	158990464	158992832	-	30	28
chr1	204496197	204497236	-	30	10
chr1	229598781	229601219	-	30	26
chr2	30169392	30172202	-	30	22
chr2	43322751	43323496	-	30	26
chr2	45648354	45651041	-	30	24
chr2	61538778	61540355	+	30	29
chr2	74185068	74185953	+	30	14
chr2	174520999	174525019	-	30	25
chr2	227561295	227563544	+	30	27
chr2	229743881	229744026	+	30	30
chr3	10245781	10248019	-	30	23
chr4	1867406	1870476	-	30	23
chr4	141562937	141565306	+	30	26
chr5	58378270	58378437	-	30	28
chr5	91326504	91346785	-	30	30
chr6	274864	282035	-	30	29
chr6	16151640	16159118	+	30	29
chr6	27449354	27451238	-	30	27
chr6	28895844	28900699	+	30	26
chr6	31495267	31495886	+	30	28
chr6	32608256	32612383	+	30	26
chr6	35324417	35327007	-	30	28
chr6	41604605	41612588	+	30	22
chr6	109361631	109366498	-	30	27
chr6	132433752	132437903	-	30	25
chr6	144091634	144094764	-	30	25
chr6	170407378	170411463	+	30	24
chr6	170553482	170554120	-	30	27
chr7	6101671	6104357	+	30	29
chr7	35625991	35629457	-	30	25
chr7	70525687	70528722	+	30	25
chr7	100445532	100449826	-	30	20
chr7	106082821	106088822	+	30	27
chr7	106345643	106346668	-	30	27
chr8	9729768	9730158	-	30	26
chr8	12756700	12758223	+	30	28
chr8	38883028	38883119	+	30	29
chr8	100953394	100956364	+	30	25
chr8	141202696	141204920	+	30	26
chr9	22597430	22597690	-	30	30
chr9	79494618	79496595	-	30	28
chr9	83731490	83739288	-	30	24
chr10	17237842	17270642	-	30	15
chr10	56357325	56358652	-	30	20
chr10	100532663	100557518	-	30	28
chr11	18191030	18191256	+	30	30
chr11	64819784	64825251	-	30	28
chr11	65800057	65812823	+	30	27
chr11	102387532	102388513	-	30	30
chr11	121421750	121424180	-	30	26
chr12	8571270	8572216	-	30	20
chr12	25387559	25389395	+	30	27
chr12	32292795	32306899	+	30	25
chr12	32666480	32677906	+	30	30
chr12	51278322	51280859	-	30	24
chr12	67324147	67326526	+	30	26
chr12	93590467	93590827	+	30	30
chr12	120119016	120121408	+	30	27
chr12	122150586	122151715	+	30	25
chr14	52331033	52332641	+	30	28
chr14	68098468	68099807	+	30	27
chr14	68332952	68336502	+	30	25
chr14	68474965	68478973	+	30	25
chr14	78017503	78028447	-	30	29
chr14	102919224	102919765	-	30	26
chr15	34115684	34130854	-	30	24
chr15	78917763	78920688	+	30	26
chr15	88632795	88635448	-	30	26
chr15	90924910	90929430	+	30	27
chr16	4049816	4051427	+	30	27
chr16	21360383	21363352	+	30	26
chr16	30788201	30790765	+	30	27
chr16	31917414	31921014	+	30	27
chr16	47204604	47208113	-	30	28
chr16	68023313	68029039	+	30	29
chr17	7084587	7087743	-	30	24
chr17	16366804	16376533	+	30	26
chr17	52179114	52179372	-	30	30
chr17	68193380	68195113	+	30	29
chr17	76503883	76518794	-	30	28
chr17	81013773	81017880	+	30	25
chr18	23486723	23491204	+	30	19
chr19	9290504	9291246	-	30	28
chr19	44178422	44180050	+	30	26
chr19	54872001	54873270	+	30	29
chr20	3040786	3042451	+	30	27
chr20	3665433	3665877	-	30	14
chr20	33450217	33484143	+	30	25
chr20	37490386	37492253	-	30	26
chr20	49097056	49098335	-	30	29
chr20	61013198	61025990	+	30	30
chr21	5062847	5063588	-	30	30
chr22	20892061	20897659	+	30	27
chr22	39071730	39075065	+	30	26
chr22	49766410	49772904	-	30	27
chrX	20201687	20204795	+	30	28
chrX	47250393	47254174	-	30	25
chr1	12153518	12154024	+	29	25
chr1	25218516	25222240	-	29	28
chr1	28247607	28249095	+	29	28
chr1	33124354	33128377	-	29	28
chr1	37484474	37485342	+	29	25
chr1	91049604	91049734	+	29	28
chr1	91694427	91695513	-	29	25
chr1	149363564	149363898	+	29	26
chr1	167714645	167714831	+	29	29
chr1	173927636	173930422	-	29	24
chr1	182769718	182770921	-	29	29
chr1	183598371	183601309	-	29	25
chr1	221742412	221745140	+	29	24
chr1	236324819	236339752	+	29	29
chr1	244821017	244827931	-	29	25
chr2	20246836	20248172	+	29	26
chr2	26150919	26155913	+	29	24
chr2	43422263	43424770	-	29	29
chr2	43488750	43489868	+	29	25
chr2	60809736	60811217	+	29	11
chr2	108785913	108786642	-	29	23
chr2	175054281	175057256	-	29	22
chr2	201215220	201218671	-	29	26
chr3	32510630	32514077	-	29	25
chr3	125525491	125528628	-	29	28
chr3	192955914	192957709	-	29	23
chr4	13286646	13296726	-	29	26
chr4	25119944	25120499	-	29	25
chr4	40420212	40422494	-	29	27
chr4	42106334	42110261	-	29	21
chr4	68306563	68310288	-	29	22
chr4	96903113	96903207	+	29	29
chr4	105123294	105123611	+	29	29
chr4	128257525	128257735	+	29	29
chr4	141543166	141548876	+	29	26
chr4	143227789	143229982	+	29	24
chr5	83042409	83045696	-	29	28
chr5	88863613	88865929	+	29	24
chr5	149587959	149600834	+	29	28
chr5	171413425	171415393	+	29	25
chr6	30597384	30600367	+	29	28
chr6	35430470	35434796	+	29	23
chr6	42870477	42873045	+	29	25
chr6	47475376	47476336	-	29	26
chr6	63590935	63593023	+	29	21
chr6	98859992	98862337	-	29	28
chr7	1148235	1151390	-	29	27
chr7	38243366	38244830	+	29	13
chr7	44555585	44558769	-	29	22
chr7	44980053	44982842	-	29	25
chr7	45112085	45113316	+	29	25
chr7	55880592	55880751	+	29	29
chr7	66626360	66628491	-	29	27
chr7	77959686	77960060	-	29	25
chr7	102679382	102679864	+	29	26
chr7	134070413	134073575	+	29	26
chr7	149185574	149188164	-	29	24
chr7	150672387	150676814	-	29	22
chr7	150706950	150712108	+	29	24
chr8	56986975	56990165	-	29	26
chr9	37303661	37304852	-	29	27
chr9	63898662	63899051	+	29	27
chr9	63970248	63971379	-	29	29
chr9	94655194	94656347	-	29	28
chr9	108055712	108060383	+	29	21
chr9	111670652	111674492	+	29	24
chr10	31530022	31535055	+	29	27
chr10	68527647	68530571	+	29	24
chr11	18276667	18277058	+	29	26
chr11	60157200	60159493	-	29	27
chr11	63569773	63571618	-	29	27
chr11	65519831	65522827	+	29	23
chr11	102247730	102248497	-	29	28
chr12	8485868	8488378	+	29	24
chr12	9663204	9664779	+	29	25
chr12	45908885	45918655	+	29	24
chr12	47646535	47650124	-	29	27
chr12	55973367	55973672	-	29	28
chr12	98552604	98555043	+	29	29
chr12	110713681	110717928	-	29	25
chr12	121558190	121564307	+	29	23
chr12	121707281	121707419	-	29	26
chr13	36839082	36839592	-	29	27
chr14	21511428	21513276	+	29	25
chr14	64596878	64597621	-	29	29
chr14	68029165	68034628	+	29	27
chr14	68075831	68079124	+	29	28
chr14	68158950	68162641	+	29	25
chr14	68195539	68198353	+	29	26
chr14	68370106	68373272	+	29	23
chr14	73849748	73849995	+	29	29
chr14	105700080	105703779	-	29	18
chr15	31392931	31407583	+	29	24
chr15	40308040	40309122	+	29	26
chr15	51624965	51629708	-	29	27
chr15	74521606	74524958	+	29	26
chr15	85005429	85005792	+	29	27
chr16	21354975	21359119	+	29	27
chr16	28080345	28085105	-	29	26
chr16	28838399	28842362	-	29	24
chr16	29738602	29742369	-	29	26
chr16	30776452	30776932	-	29	29
chr16	30822368	30825327	-	29	20
chr16	70093092	70093440	+	29	28
chr17	82751	85823	-	29	28
chr17	4935023	4935505	+	29	27
chr17	29254609	29255596	-	29	26
chr17	32404770	32411072	-	29	28
chr17	76514560	76517383	+	29	26
chr17	77956037	77958154	-	29	28
chr18	46267067	46268341	-	29	29
chr19	3971771	3974351	-	29	22
chr19	5581010	5585085	+	29	27
chr19	10645676	10648904	+	29	23
chr19	12640327	12642271	+	29	23
chr19	39325071	39326118	-	29	27
chr19	52924607	52926833	-	29	25
chr19	54194883	54196405	+	29	25
chr20	296518	297481	-	29	27
chr20	1942699	1946711	-	29	27
chr20	5529343	5531047	-	29	25
chr20	12003529	12011563	-	29	27
chr20	44522226	44523885	+	29	29
chr20	49215744	49219207	-	29	24
chr21	43763248	43763903	+	29	28
chr22	24179162	24179582	-	29	24
chrX	82178379	82491301	-	29	28
chrY	2215607	2217985	-	29	24
chrY	19691329	19691803	+	29	27
chr1	39052848	39067953	-	28	25
chr1	156716407	156720739	+	28	25
chr1	173787148	173790684	+	28	23
chr1	224336565	224337530	+	28	27
chr2	36835756	36836664	-	28	27
chr2	43377541	43380539	-	28	26
chr2	74696254	74696577	-	28	27
chr2	94496075	94496200	+	28	25
chr2	130385874	130387793	+	28	25
chr2	144660229	144664130	+	28	23
chr2	182553322	182705692	-	28	25
chr2	201219759	201220045	-	28	25
chr2	203965704	203967978	+	28	23
chr3	31649034	31651957	-	28	27
chr3	106110242	106110460	-	28	26
chr3	166232213	166232414	+	28	28
chr3	169745324	169754433	-	28	27
chr4	13315263	13322420	-	28	23
chr4	141476898	141478011	+	28	22
chr5	10687888	10688554	-	28	24
chr5	25913085	25913299	+	28	28
chr5	54550168	54552814	+	28	24
chr5	80106905	80109570	-	28	22
chr5	127533814	127536220	+	28	23
chr5	150492063	150494038	+	28	25
chr5	150512807	150514534	+	28	23
chr6	28372741	28373087	-	28	25
chr6	31498550	31498873	-	28	27
chr6	42087148	42088140	+	28	23
chr6	43457401	43462774	-	28	27
chr6	57061081	57063900	-	28	26
chr6	110599479	110599583	-	28	27
chr7	45093590	45097465	-	28	24
chr7	70460950	70463780	+	28	24
chr7	75486775	75490305	+	28	26
chr7	129820225	129822983	-	28	23
chr7	140022281	140023564	+	28	26
chr7	155658076	155659655	+	28	26
chr8	9626968	9628983	+	28	26
chr8	30183982	30191337	+	28	26
chr8	46469694	46469842	-	28	20
chr8	60729831	60733135	+	28	20
chr8	81651301	81655718	-	28	22
chr8	83216147	83216250	+	28	28
chr9	20338275	20344678	-	28	23
chr9	36322624	36324916	+	28	27
chr9	36333488	36336083	+	28	27
chr9	37359395	37361935	+	28	24
chr9	42387043	42402623	-	28	28
chr9	80533409	80537104	+	28	21
chr9	93037113	93039105	-	28	25
chr9	101563963	101568974	+	28	26
chr9	130043494	130048234	+	28	24
chr9	131255431	131255890	-	28	26
chr9	136930125	136933652	+	28	26
chr10	3778703	3779481	+	28	25
chr11	3841074	3842526	+	28	27
chr11	57524437	57526375	-	28	24
chr11	57531090	57537228	-	28	24
chr11	130005512	130008473	+	28	19
chr12	9850346	9852122	+	28	23
chr12	12609441	12611801	-	28	22
chr12	14912324	14912832	-	28	26
chr12	31855868	31865241	+	28	24
chr12	50300779	50313136	+	28	20
chr12	52066892	52069022	+	28	23
chr12	56655117	56663179	-	28	26
chr12	110590270	110590904	-	28	24
chr12	112155375	112158712	-	28	25
chr13	20526019	20541235	+	28	28
chr13	32778108	32778417	+	28	26
chr14	35392562	35393683	-	28	15
chr14	49888498	49892483	-	28	23
chr14	68272758	68273230	-	28	22
chr14	69470529	69472089	-	28	25
chr14	100306643	100311794	+	28	24
chr15	64959515	64963001	-	28	28
chr15	88660172	88662918	+	28	26
chr15	90927504	90929967	-	28	28
chr16	4066347	4070016	-	28	28
chr16	4652797	4658490	+	28	25
chr16	31454155	31456707	-	28	27
chr16	35802503	35802636	+	28	28
chr16	69704777	69706170	+	28	22
chr16	75623631	75626418	-	28	27
chr17	7128296	7130634	-	28	24
chr17	7545266	7548499	-	28	20
chr17	19214102	19214442	-	28	25
chr17	68189407	68189777	-	28	26
chr17	82306852	82312576	+	28	27
chr19	2036047	2037255	+	28	25
chr19	8502862	8507162	-	28	26
chr19	17554418	17555563	+	28	28
chr19	17930259	17930354	-	28	28
chr19	21005159	21005328	+	28	27
chr19	38332086	38334558	+	28	27
chr19	51588336	51589723	+	28	26
chr19	58461052	58466284	+	28	24
chr20	1628157	1629151	-	28	24
chr20	5611123	5612241	-	28	25
chr20	37972913	37975962	-	28	27
chr21	28869036	28871524	-	28	26
chr21	42931701	42936912	+	28	24
chr22	36136314	36137425	-	28	26
chr22	36482081	36484397	+	28	25
chr22	37787222	37789354	+	28	26
chr22	39440690	39442721	+	28	26
chrX	1234351	1239465	+	28	28
chrX	20174083	20176764	+	28	24
chrX	40204237	40215444	+	28	28
chrX	49107747	49113287	-	28	26
chrX	49109043	49111441	+	28	25
chrX	53371003	53373276	-	28	22
chrX	57074806	57079264	-	28	25
chrX	68537357	68539773	+	28	26
chrX	118343793	118345158	-	28	26
chrX	119454649	119459175	+	28	20
chrX	119784456	119786321	-	28	25
chrY	1775145	1871253	-	28	26
chrY	2146997	2151123	-	28	25
chrY	2188070	2190379	-	28	23
chrY	21031232	21035737	+	28	22
KI270719.1	35821	36573	-	28	27
chr1	995321	995938	-	27	20
chr1	9616279	9619875	+	27	22
chr1	27352263	27355147	-	27	27
chr1	35641830	35643534	+	27	15
chr1	51350570	51354214	-	27	23
chr1	89945611	89947491	+	27	22
chr1	91763963	91764278	+	27	23
chr1	101244173	101247168	+	27	26
chr1	102157826	102157935	-	27	26
chr1	111111108	111115346	-	27	21
chr1	156248453	156249169	-	27	23
chr1	161374022	161374127	-	27	10
chr1	173793229	173798079	+	27	23
chr1	200861139	200862986	+	27	25
chr1	226359059	226360038	-	27	26
chr1	226785039	226785178	+	27	27
chr1	230902002	230902365	+	27	25
chr1	235129022	235130303	+	27	26
chr2	112202716	112207512	+	27	20
chr2	126556403	126557244	+	27	27
chr2	131093653	131097063	+	27	25
chr2	183221131	183221577	-	27	25
chr2	196129428	196133579	-	27	26
chr2	196952466	196953607	+	27	26
chr2	227570398	227572945	+	27	24
chr3	69106094	69108763	+	27	23
chr3	88182588	88188150	+	27	21
chr3	143895530	143943440	+	27	27
chr3	147910975	147911151	-	27	27
chr3	193707013	193708254	-	27	26
chr3	196459038	196468565	+	27	26
chr4	82350739	82351249	+	27	24
chr4	163520737	163524269	-	27	25
chr5	27913096	27913215	-	27	27
chr5	68322655	68322830	+	27	26
chr5	149461790	149473928	-	27	20
chr5	149476308	149478490	+	27	22
chr5	149515274	149516465	+	27	25
chr5	172272755	172273617	+	27	25
chr6	28372538	28374338	+	27	23
chr6	30526714	30530831	+	27	22
chr6	32870264	32874626	+	27	20
chr6	118451087	118452339	-	27	23
chr6	149437026	149440611	-	27	22
chr7	17780909	17781259	-	27	26
chr7	32434264	32435417	-	27	27
chr7	45912365	45912781	-	27	19
chr7	63781263	63786796	+	27	26
chr7	70499781	70504886	+	27	24
chr7	75076492	75081530	-	27	22
chr7	105115136	105118960	+	27	26
chr7	105206673	105212301	-	27	23
chr7	112193925	112200265	-	27	23
chr7	121316113	121319780	-	27	25
chr7	149069367	149070136	-	27	25
chr8	9785593	9791080	+	27	26
chr8	17919806	17922584	-	27	25
chr8	23121107	23122568	+	27	22
chr9	35763871	35765006	-	27	24
chr9	37351573	37353139	-	27	27
chr9	72403652	72427479	-	27	25
chr9	107636920	107638040	-	27	24
chr9	110883710	110891538	-	27	22
chr9	110914135	110919307	-	27	25
chr9	120822265	120824131	+	27	25
chr9	125367301	125369440	+	27	27
chr9	136938469	136939426	-	27	24
chr10	17203850	17208642	-	27	24
chr10	32257723	32262244	-	27	17
chr10	68801939	68808613	+	27	25
chr10	68952288	68956096	+	27	24
chr10	74091469	74097277	+	27	24
chr10	79646447	79651269	-	27	25
chr10	102094171	102096298	-	27	22
chr10	102182638	102217002	-	27	26
chr10	102641110	102642485	-	27	21
chr10	114419367	114423222	-	27	22
chr10	133260233	133262407	+	27	21
chr11	9315008	9317392	+	27	23
chr11	9547202	9553439	+	27	26
chr11	10750489	10751385	-	27	26
chr11	47268078	47268845	+	27	22
chr11	65477635	65478408	+	27	25
chr11	68221045	68239179	+	27	26
chr12	55266869	55266982	-	27	26
chr12	108673731	108674482	+	27	23
chr12	121504672	121507230	+	27	26
chr14	70569505	70569914	+	27	26
chr14	74880219	74881875	-	27	19
chr14	105521697	105525500	-	27	24
chr15	74810222	74812387	+	27	22
chr15	88656631	88678887	-	27	22
chr16	4673491	4675900	-	27	27
chr16	11246109	11248586	+	27	22
chr16	29731817	29735576	-	27	26
chr16	47260029	47262692	-	27	26
chr16	50658457	50660188	+	27	22
chr16	67272863	67277296	-	27	24
chr16	77477689	77478181	-	27	27
chr17	4763462	4770484	-	27	22
chr17	7044866	7046924	-	27	23
chr17	30895997	30897296	-	27	26
chr17	75106212	75108914	+	27	25
chr17	77473016	77475433	+	27	25
chr18	21526579	21528451	-	27	24
chr18	31964215	31965084	+	27	26
chr18	79957007	79958383	-	27	25
chr19	6605896	6653527	+	27	17
chr19	21060118	21062378	+	27	26
chr19	41950667	41954103	-	27	24
chr19	47383402	47384078	+	27	23
chr19	51551087	51553567	+	27	20
chr19	53137200	53140615	-	27	26
chr19	53153731	53158879	+	27	22
chr19	54891431	54895751	+	27	25
chr20	12010627	12010746	+	27	27
chr21	43764950	43766679	+	27	24
chr22	22113753	22114842	-	27	23
chr22	36278638	36281004	+	27	26
chr22	37215222	37221134	-	27	22
chr22	40344044	40346447	-	27	23
chr22	46759482	46761877	-	27	23
chr22	49970398	49973860	+	27	24
chrX	56481640	56481942	-	27	25
chrX	75044932	75049455	-	27	23
chrY	1456348	1457628	-	27	25
KI270719.1	61537	61729	-	27	26
KI270725.1	32097	165491	+	27	26
KI270745.1	24368	24582	+	27	25
chr1	24844925	24850059	+	26	25
chr1	36075599	36079967	+	26	22
chr1	62434397	62435366	-	26	24
chr1	91758966	91759336	+	26	21
chr1	157741129	157745471	-	26	23
chr1	169910967	169913102	-	26	22
chr1	180668273	180672613	+	26	23
chr1	192989456	192991939	-	26	23
chr1	193006565	193010696	-	26	22
chr1	204570769	204571279	-	26	26
chr1	225977988	225982443	-	26	23
chr1	244817315	244819210	+	26	19
chr2	9934453	9936356	+	26	24
chr2	43384819	43386757	+	26	25
chr2	85437749	85441336	+	26	24
chr2	152114535	152116758	-	26	22
chr2	174430168	174431184	-	26	20
chr2	201176988	201180376	+	26	25
chr2	202567767	202568069	+	26	26
chr2	229330143	229331031	-	26	12
chr3	15302608	15306844	+	26	21
chr3	50328385	50329689	-	26	21
chr3	101570554	101573939	-	26	24
chr3	105118393	105296930	-	26	20
chr3	196750080	196753260	-	26	24
chr3	196837963	196844431	+	26	21
chr4	26796387	26799284	+	26	20
chr4	65150145	65151029	-	26	24
chr4	83249499	83250001	-	26	22
chr4	87151575	87157467	+	26	18
chr4	135046914	135047155	+	26	26
chr4	141537465	141541818	+	26	20
chr4	141618367	141619676	+	26	23
chr5	10739342	10740156	-	26	24
chr5	31482876	31484320	-	26	26
chr5	32604012	32609446	+	26	24
chr5	50393488	50394519	+	26	23
chr5	70953993	70956368	+	26	24
chr5	88835399	88836977	+	26	23
chr5	99947231	99947322	-	26	25
chr5	100905375	100906376	+	26	25
chr5	122836489	122839408	+	26	23
chr5	123423598	123425108	+	26	21
chr6	7252209	7254589	+	26	22
chr6	27811372	27814047	+	26	21
chr6	32548540	32551723	-	26	24
chr6	57076434	57084732	-	26	25
chr6	83977502	83977827	-	26	23
chr6	87266378	87270514	+	26	24
chr6	108702099	108704177	+	26	23
chr6	159873013	159873140	+	26	26
chr7	2506290	2507081	-	26	24
chr7	30215461	30221760	+	26	19
chr7	44552211	44562801	+	26	23
chr7	55730860	55733039	+	26	25
chr7	64663872	64665856	-	26	20
chr7	70732917	70736209	+	26	21
chr7	72858806	72860524	+	26	24
chr7	74406028	74414634	+	26	24
chr7	76443184	76445526	+	26	25
chr7	135212003	135214320	+	26	24
chr7	139289050	139290373	-	26	23
chr7	140710200	140715770	-	26	25
chr7	149226403	149231679	+	26	22
chr8	30627027	30627415	+	26	25
chr8	77014986	77015532	-	26	24
chr8	100905041	100906348	-	26	21
chr8	140503524	140504656	-	26	23
chr9	35692567	35695209	-	26	25
chr9	36165202	36167019	+	26	23
chr9	37151077	37154263	-	26	24
chr9	80232098	80234746	+	26	20
chr9	80558567	80563244	+	26	19
chr9	88201009	88307791	+	26	26
chr9	90155403	90155526	+	26	26
chr9	107345961	107347572	+	26	21
chr9	110920600	110921697	-	26	21
chr9	114398677	114399522	+	26	18
chr9	114648374	114652854	-	26	21
chr9	131123443	131124819	-	26	22
chr10	27552644	27553623	-	26	22
chr10	30886839	30893282	-	26	23
chr10	62133201	62142822	-	26	13
chr10	110305118	110308179	+	26	26
chr10	111017531	111019469	+	26	23
chr11	18120355	18120555	-	26	26
chr11	39903519	39903756	-	26	25
chr11	66221648	66224112	-	26	24
chr11	108467919	108469169	+	26	24
chr11	111342911	111344792	-	26	22
chr11	121428609	121433357	-	26	24
chr12	26833304	26834391	+	26	23
chr12	61339939	61340622	-	26	26
chr12	110737093	110737434	+	26	23
chr12	113298982	113301510	+	26	21
chr12	122451206	122470896	+	26	26
chr13	40667837	40670019	+	26	22
chr13	41300348	41306379	+	26	25
chr13	82181184	82362546	+	26	25
chr14	68104992	68109015	+	26	24
chr14	69370612	69374191	-	26	20
chr14	73803763	73810079	+	26	23
chr14	99965733	99965828	+	26	26
chr15	22159308	22160424	-	26	24
chr15	22304272	22307922	+	26	22
chr15	40877144	40877242	+	26	25
chr15	55198623	55202932	-	26	19
chr15	59689533	59692674	-	26	22
chr15	74868268	74873063	-	26	19
chr15	75632543	75634242	-	26	20
chr15	90502308	90504259	+	26	21
chr16	30335432	30336156	+	26	24
chr16	47136894	47143525	-	26	21
chr16	57594877	57599743	-	26	24
chr16	67674532	67674946	-	26	23
chr16	69944568	69946736	+	26	25
chr16	81681782	81683779	+	26	24
chr16	81689902	81696636	+	26	23
chr17	7040421	7041202	+	26	22
chr17	29201545	29202576	-	26	26
chr17	35374709	35375525	+	26	24
chr17	38922217	38924763	+	26	24
chr17	58295247	58299562	+	26	22
chr17	62581122	62585749	-	26	25
chr17	78662217	78664010	+	26	21
chr17	81836610	81838561	+	26	23
chr19	893655	895675	+	26	20
chr19	1435870	1437593	+	26	24
chr19	2035559	2037410	-	26	25
chr19	2774942	2777960	+	26	24
chr19	4541770	4568773	+	26	23
chr19	7954034	7955158	-	26	23
chr19	17394665	17397593	-	26	26
chr19	41437721	41439929	-	26	21
chr19	48686731	48693084	-	26	20
chr19	54036305	54037152	-	26	26
chr20	3838044	3842148	+	26	22
chr20	5113666	5114671	-	26	22
chr20	32071778	32075691	-	26	17
chr20	35622717	35626008	-	26	25
chr20	37248992	37250780	+	26	25
chr20	50483170	50496344	+	26	24
chr20	58649180	58651161	-	26	21
chr21	5066315	5066675	+	26	24
chr21	7860137	7865735	-	26	21
chr21	46582667	46584292	+	26	25
chr22	18229529	18229684	-	26	25
chr22	29498507	29500332	-	26	26
chr22	50540206	50541035	-	26	25
chr22	50754055	50754562	-	26	26
chrX	15335582	15336167	-	26	25
chrX	20120325	20124350	-	26	22
chrX	20153339	20154012	+	26	25
chrX	21994864	21996931	-	26	25
chrX	53370841	53372621	+	26	24
chrX	80730057	80733066	-	26	23
chrX	83747443	83748636	-	26	25
chrX	89419521	89423713	+	26	22
chrX	95971921	95972790	-	26	25
chrX	101638022	101639745	+	26	24
chrY	19695036	19702504	-	26	26
chrY	21060436	21061439	+	26	17
chr1	23948826	23948907	-	25	25
chr1	24893300	24895753	-	25	17
chr1	26107304	26110956	-	25	23
chr1	26805952	26808086	-	25	24
chr1	28540481	28544441	+	25	20
chr1	28719810	28723121	+	25	22
chr1	40297817	40298172	+	25	24
chr1	109096946	109099873	+	25	22
chr1	165720170	165723152	-	25	23
chr1	178921855	178927658	+	25	20
chr1	186421410	186423234	+	25	23
chr1	224197128	224201887	+	25	21
chr1	231355690	231360611	-	25	21
chr1	235505131	235507673	+	25	23
chr2	10640728	10641216	+	25	22
chr2	24772750	24776496	+	25	19
chr2	30160949	30163932	-	25	23
chr2	43245033	43247956	+	25	22
chr2	43583675	43585368	+	25	22
chr2	45383698	45388425	-	25	22
chr2	73758211	73760967	-	25	21
chr2	174538557	174542280	+	25	21
chr2	197483603	197485441	+	25	22
chr2	201115210	201116150	-	25	22
chr3	37368520	37369590	-	25	25
chr3	41962561	41964318	+	25	19
chr3	47488457	47494878	+	25	25
chr3	187095233	187097964	+	25	19
chr4	13397693	13400860	-	25	23
chr4	13628056	13631424	+	25	20
chr4	39496520	39497722	-	25	25
chr4	52872002	52872956	-	25	20
chr4	108039401	108043531	-	25	20
chr4	156104853	156105288	+	25	21
chr4	183152218	183155276	+	25	19
chr5	35883441	35886991	+	25	25
chr5	75544410	75551343	+	25	24
chr5	76759861	76787780	+	25	23
chr5	76935919	76938083	+	25	20
chr5	131242776	131245356	+	25	22
chr5	134054558	134058693	-	25	20
chr5	134398412	134401602	-	25	22
chr5	140138469	140139913	-	25	21
chr5	172256447	172258941	-	25	20
chr6	30487517	30489288	-	25	16
chr6	30556244	30557092	+	25	20
chr6	32861750	32862977	-	25	24
chr6	41189038	41189463	-	25	23
chr6	42878752	42879592	-	25	24
chr6	91872235	91872370	+	25	25
chr6	111655596	111657971	+	25	23
chr6	143512160	143512530	+	25	22
chr6	149442370	149443005	-	25	19
chr6	149485117	149488418	+	25	19
chr6	161120372	161124611	-	25	21
chr6	170553363	170554138	+	25	20
chr7	2904839	2905357	-	25	21
chr7	5091501	5091753	+	25	25
chr7	38708698	38711449	-	25	24
chr7	73208636	73210375	-	25	6
chr7	73301253	73302396	+	25	25
chr7	75074288	75074780	+	25	22
chr7	127341225	127344099	-	25	23
chr8	55844277	55845901	+	25	22
chr8	60811961	60812629	+	25	24
chr9	37187963	37192581	-	25	24
chr9	63681012	63681458	-	25	24
chr9	92765028	92766305	+	25	21
chr9	93041580	93044594	-	25	23
chr9	93113929	93118772	+	25	23
chr9	95617495	95617641	-	25	25
chr9	99203956	99208169	-	25	21
chr9	126722123	126723395	-	25	21
chr9	127423525	127424322	-	25	21
chr9	130046783	130053333	-	25	25
chr9	131236877	131238122	-	25	21
chr9	131252780	131255471	+	25	24
chr10	32886152	32887097	+	25	22
chr10	45822496	45824993	-	25	23
chr10	72298523	72300188	+	25	23
chr10	73365771	73368978	+	25	23
chr10	100535931	100537243	+	25	21
chr10	112828558	112830575	+	25	22
chr11	4283661	4283885	+	25	25
chr11	63827922	63829446	-	25	21
chr11	73865766	73869728	-	25	23
chr11	85642793	85647890	-	25	21
chr11	121291534	121292323	-	25	21
chr12	4092050	4097058	+	25	21
chr12	12563159	12564880	+	25	25
chr12	26966657	26970040	-	25	22
chr12	32139242	32142320	+	25	20
chr12	66187641	66188805	-	25	22
chr12	94520936	94521030	-	25	24
chr12	94750710	94752719	-	25	20
chr12	96269870	96273975	-	25	20
chr12	110364097	110368511	+	25	24
chr12	113799269	113800913	-	25	23
chr12	122156162	122160605	+	25	18
chr13	27057683	27058991	-	25	22
chr13	27424006	27424420	-	25	24
chr14	67922720	67923711	-	25	24
chr14	69715145	69715763	+	25	23
chr14	74747309	74757278	+	25	21
chr14	75179575	75184288	-	25	11
chr14	77094296	77096256	-	25	22
chr16	4071864	4075512	-	25	21
chr16	31922566	31923759	+	25	23
chr16	67692948	67697226	-	25	22
chr16	81548153	81549011	-	25	24
chr16	88640588	88642452	-	25	25
chr17	17392734	17394142	+	25	17
chr17	21045579	21059323	+	25	24
chr17	40215854	40218500	-	25	19
chr17	75310593	75313628	+	25	22
chr17	78841598	78844574	-	25	24
chr17	82066527	82070061	+	25	25
chr19	1930165	1931524	-	25	25
chr19	6857369	6859741	-	25	24
chr19	12919388	12921783	+	25	23
chr19	14945537	14945730	-	25	25
chr19	41590565	41593936	+	25	22
chr19	50915820	50925530	+	25	24
chr19	54195212	54200442	-	25	24
chr20	3831901	3835069	+	25	24
chr20	33357274	33358428	-	25	22
chr20	35613292	35615803	-	25	25
chr20	38803402	38804812	-	25	23
chr20	49958243	49964481	-	25	21
chr20	50878115	50883541	-	25	22
chr21	36294323	36295037	+	25	24
chr22	23430685	23431054	-	25	25
chr22	24782219	24798123	+	25	24
chr22	35453014	35457578	+	25	23
chr22	36127165	36129308	+	25	22
chr22	49897541	49899785	+	25	24
chrX	71707425	71711035	+	25	20
chrX	73692511	73695525	+	25	23
chrX	75738949	75739210	-	25	24
chrX	77820651	77823989	-	25	23
chrX	79401300	79403348	+	25	24
chrX	81350086	81351284	-	25	23
chrY	1331152	1334817	+	25	25
chrY	2180446	2184411	-	25	22
chrY	12927081	12929511	+	25	22
chrY	15808898	15883036	+	25	24
KI270734.1	90002	90238	+	25	23
KI270734.1	137190	137382	+	25	22
chr1	12512622	12514358	+	24	22
chr1	39559812	39560320	-	24	20
chr1	42703899	42707304	+	24	21
chr1	43457099	43461494	+	24	20
chr1	75795235	75795617	-	24	22
chr1	111470829	111473585	+	24	18
chr1	113925117	113926133	+	24	20
chr1	155242334	155244665	-	24	20
chr1	160536072	160536827	-	24	21
chr1	165721639	165722821	+	24	22
chr1	179078507	179081016	-	24	19
chr1	193000695	193002469	+	24	24
chr1	193005936	193006288	+	24	23
chr1	202145922	202146870	-	24	20
chr1	219241776	219244904	+	24	21
chr1	236792617	236795174	-	24	19
chr2	53120309	53126604	-	24	16
chr2	78816971	78830857	-	24	22
chr2	112671682	112674253	+	24	20
chr2	170093409	170095440	+	24	17
chr2	201085994	201090935	-	24	22
chr3	12664858	12666275	+	24	17
chr3	31638562	31641865	+	24	23
chr3	32745787	32747459	+	24	21
chr3	169760374	169764378	-	24	23
chr3	172425609	172425777	-	24	24
chr4	42095447	42098325	-	24	20
chr4	82237755	82238648	+	24	24
chr4	84303679	84304741	+	24	24
chr4	141454102	141458252	+	24	20
chr4	141581222	141583317	+	24	20
chr4	141612099	141614584	+	24	20
chr4	184384458	184385647	-	24	24
chr5	39103918	39105246	-	24	21
chr5	68214002	68215607	-	24	23
chr5	127510552	127511359	-	24	24
chr6	260024	266527	-	24	18
chr6	2960892	2963515	-	24	22
chr6	26625418	26625567	-	24	23
chr6	85499200	85502899	-	24	22
chr6	89090390	89092564	-	24	22
chr6	100357573	100358772	+	24	24
chr6	111645767	111646677	+	24	21
chr6	159666963	159668569	+	24	19
chr7	2411510	2411885	-	24	21
chr7	17782741	17786361	-	24	21
chr7	44981808	44982436	+	24	21
chr7	50406767	50409302	+	24	24
chr7	66166614	66172111	-	24	22
chr7	75149827	75152549	-	24	23
chr7	75153857	75155927	-	24	24
chr7	77645765	77648533	-	24	22
chr7	105231945	105232425	+	24	23
chr7	149530296	149532274	-	24	20
chr7	152877244	152878939	+	24	21
chr8	30045948	30050243	-	24	18
chr8	30601801	30602730	+	24	22
chr8	37856922	37857864	+	24	22
chr8	42605442	42626903	-	24	24
chr8	97164226	97164613	-	24	23
chr8	110601740	110601908	+	24	24
chr9	37138739	37139072	-	24	21
chr9	37316153	37319746	-	24	23
chr9	70377378	70378125	+	24	20
chr9	75193716	75195318	+	24	23
chr9	75275308	75275770	-	24	22
chr9	87062506	87062613	+	24	24
chr9	99213037	99215598	-	24	20
chr9	123273422	123273534	+	24	24
chr9	136866543	136868347	+	24	23
chr10	6639521	6642380	+	24	19
chr10	14516287	14518245	-	24	21
chr10	22530986	22533341	-	24	22
chr10	30856411	30859605	-	24	22
chr10	72330187	72330869	+	24	23
chr10	91909629	91911100	-	24	23
chr10	94398983	94402410	-	24	20
chr10	111033636	111040328	+	24	21
chr10	112865784	112867729	+	24	23
chr11	60953020	60957591	+	24	20
chr11	61127886	61128987	-	24	22
chr11	68884219	68888543	-	24	21
chr12	9415020	9415638	-	24	20
chr12	14299349	14345509	+	24	19
chr12	28970231	28970368	-	24	23
chr12	31276922	31278087	+	24	20
chr12	31870419	31871300	-	24	21
chr12	47658969	47661032	-	24	23
chr12	48870345	48881645	+	24	24
chr12	49120563	49123575	+	24	24
chr12	62421620	62449979	+	24	20
chr12	64705486	64709108	+	24	22
chr12	71604330	71609206	-	24	22
chr12	94479600	94479701	+	24	24
chr12	96273569	96278006	+	24	20
chr12	108617927	108619615	-	24	22
chr12	108667306	108670050	-	24	23
chr12	110707433	110711917	-	24	23
chr12	121528729	121530174	+	24	13
chr13	22532975	22534154	-	24	22
chr13	108236717	108237897	-	24	21
chr13	110728604	110730966	-	24	18
chr13	113642290	113646691	+	24	14
chr14	20625363	20625538	+	24	20
chr14	22491214	22493035	+	24	22
chr14	50132004	50133483	+	24	20
chr14	54563989	54565898	-	24	19
chr14	65900806	65900907	-	24	24
chr14	68018819	68022353	+	24	22
chr14	68229759	68235501	+	24	21
chr14	68300357	68302001	-	24	22
chr14	68493213	68494277	+	24	23
chr14	105500441	105508671	-	24	21
chr14	105826838	105829946	-	24	19
chr15	59099628	59102104	+	24	23
chr15	63157310	63157986	+	24	20
chr15	70044974	70047752	-	24	22
chr15	85048373	85050327	+	24	23
chr15	89224477	89272962	-	24	23
chr16	47379408	47379990	+	24	22
chr17	3037765	3039570	+	24	23
chr17	7040335	7041257	-	24	24
chr17	7302796	7306743	-	24	22
chr17	75289980	75295160	-	24	21
chr17	77403214	77407365	-	24	23
chr17	78987457	78990430	-	24	23
chr17	82308560	82310339	-	24	18
chr18	46291735	46292910	-	24	20
chr18	47796383	47796954	+	24	23
chr18	75209169	75210529	-	24	20
chr19	1498701	1498816	-	24	22
chr19	4069867	4077251	-	24	21
chr19	6334091	6339912	-	24	22
chr19	40766033	40767418	+	24	20
chr19	47324824	47327453	+	24	19
chr19	55624750	55627796	+	24	22
chr20	2866802	2870359	+	24	19
chr20	30827116	30828205	+	24	23
chr20	53874168	53874911	-	24	21
chr21	15883632	15884830	-	24	24
chr21	33379422	33383002	-	24	19
chr22	18602546	18604031	-	24	22
chr22	20073093	20074930	-	24	22
chr22	41423312	41427982	-	24	21
chr22	42157765	42159293	-	24	23
chr22	50495514	50502474	-	24	19
chrX	12924764	12925714	+	24	23
chrX	47249576	47258304	+	24	21
chrX	89460750	89462034	+	24	22
chrX	142813661	142853007	-	24	24
chrY	260370	264815	+	24	19
GL000194.1	97705	99148	+	24	23
KI270731.1	86665	86774	+	24	22
chr1	11755869	11758814	+	23	19
chr1	25787996	25789208	-	23	22
chr1	36221187	36223996	-	23	20
chr1	64431434	64452372	-	23	23
chr1	85260645	85265673	-	23	22
chr1	91824690	91826758	+	23	23
chr1	99837300	99838436	+	23	22
chr1	108122226	108126660	-	23	20
chr1	111469055	111471230	-	23	19
chr1	149873496	149876654	+	23	20
chr1	149877772	149879344	+	23	21
chr1	155328483	155331205	-	23	20
chr1	162610534	162612601	+	23	17
chr1	174023871	174025056	+	23	20
chr1	219607902	219608011	-	23	23
chr1	242049003	242050557	-	23	23
chr1	244865988	244868083	+	23	19
chr2	7156754	7159541	+	23	23
chr2	32157680	32161309	+	23	18
chr2	43437882	43438318	+	23	21
chr2	43466116	43466987	+	23	21
chr2	112119413	112120382	+	23	21
chr2	142856251	142862420	-	23	17
chr2	151244844	151247929	-	23	22
chr2	186191061	186191535	+	23	21
chr2	203748954	203754245	+	23	23
chr2	203776549	203779624	+	23	20
chr2	231726472	231727985	+	23	17
chr2	239872512	239873442	-	23	20
chr3	11784854	11788040	-	23	21
chr3	17101221	17103884	+	23	20
chr3	23602115	23605214	+	23	19
chr3	49786965	49790606	+	23	22
chr3	56556541	56557041	-	23	19
chr4	48455091	48459529	+	23	15
chr4	102761200	102762474	+	23	16
chr4	118400367	118400477	-	23	23
chr4	185973486	185973614	-	23	23
chr5	10213753	10215725	+	23	21
chr5	26333545	26333682	+	23	23
chr5	31488559	31490688	-	23	20
chr5	32604056	32607690	-	23	22
chr5	76789012	76798268	-	23	23
chr5	80890230	80890569	-	23	18
chr5	115184772	115188126	-	23	20
chr5	131238195	131239636	+	23	19
chr5	150400514	150401636	-	23	23
chr5	180578636	180580354	+	23	20
chr6	7101256	7104061	+	23	20
chr6	7480429	7480566	-	23	23
chr6	17747903	17757960	-	23	22
chr6	31673954	31675249	+	23	21
chr6	65982614	65982743	-	23	23
chr6	149718900	149719268	+	23	21
chr7	6634816	6637209	-	23	21
chr7	20502555	20505279	-	23	16
chr7	28848790	28864951	-	23	21
chr7	64714579	64715049	-	23	21
chr7	135978658	135980799	-	23	20
chr7	149090879	149098839	+	23	20
chr7	158725364	158728870	+	23	22
chr8	9672063	9673862	-	23	21
chr8	30674614	30677995	-	23	21
chr8	96349186	96351328	+	23	20
chr8	100909191	100912912	-	23	21
chr9	15511637	15514193	+	23	19
chr9	19374492	19375367	+	23	23
chr9	33454627	33461177	-	23	22
chr9	63686932	63688582	-	23	21
chr9	80408057	80412018	+	23	16
chr9	80690742	80691175	-	23	18
chr9	92699912	92700618	+	23	20
chr9	93569470	93572558	+	23	20
chr9	96876443	96876895	+	23	21
chr9	99977845	99979164	-	23	22
chr9	100696520	100696685	+	23	21
chr9	108061455	108067009	+	23	19
chr10	8974819	8978512	-	23	14
chr10	47257120	47258607	+	23	12
chr10	68718830	68720824	-	23	23
chr10	72089137	72090774	+	23	22
chr10	75184825	75187187	+	23	22
chr10	87045734	87049927	+	23	22
chr10	92679894	92680326	+	23	22
chr10	95582001	95584439	-	23	22
chr10	100555986	100560791	+	23	21
chr10	104531275	104532426	-	23	22
chr10	112834653	112834995	+	23	19
chr10	118002744	118003095	+	23	23
chr11	2324049	2324454	-	23	22
chr11	57478478	57478816	+	23	21
chr11	60953201	60955091	-	23	19
chr11	64844074	64847315	-	23	20
chr11	65326613	65329272	+	23	18
chr11	65515809	65518490	+	23	19
chr11	65921569	65923876	+	23	20
chr11	74979039	74980526	+	23	21
chr11	93197996	93200084	+	23	22
chr11	107275633	107278462	-	23	18
chr11	121419217	121419791	+	23	19
chr12	15903500	15904964	+	23	23
chr12	17022417	17024226	+	23	23
chr12	32018504	32024644	+	23	19
chr12	32021904	32023622	-	23	22
chr12	44505007	44507662	-	23	20
chr12	51226315	51228176	-	23	22
chr12	56646266	56648361	+	23	20
chr12	62418136	62419437	+	23	20
chr12	65251902	65252434	-	23	20
chr12	75514176	75516330	+	23	19
chr12	76855531	76857504	+	23	23
chr12	108668271	108671506	+	23	16
chr12	108857768	108858755	+	23	21
chr12	111923125	111926774	-	23	20
chr12	121234532	121237527	+	23	19
chr13	21182397	21193913	+	23	19
chr13	47115355	47115552	+	23	23
chr13	90021642	90021801	+	23	23
chr14	22816497	22819629	-	23	16
chr14	24142141	24142667	+	23	19
chr14	50105133	50108076	-	23	23
chr14	50118528	50124558	+	23	22
chr14	52999550	52999830	+	23	22
chr14	67892962	67893647	+	23	21
chr14	68468270	68471670	+	23	22
chr14	68479736	68480107	-	23	21
chr14	81663184	81663616	+	23	22
chr14	83220964	83221077	-	23	23
chr14	91227177	91228102	-	23	19
chr14	96500187	96501280	-	23	19
chr14	103515424	103516870	+	23	21
chr14	106003751	106005078	-	23	10
chr15	22262861	22278916	+	23	18
chr15	40394670	40397690	-	23	22
chr15	55007052	55007251	+	23	21
chr15	63268467	63269295	-	23	22
chr15	74843790	74848061	+	23	19
chr16	16143602	16143914	-	23	23
chr16	18802340	18802731	-	23	20
chr16	30632578	30633821	-	23	21
chr16	30808464	30813445	+	23	22
chr16	81546530	81548810	+	23	23
chr17	1340986	1343679	-	23	20
chr17	1401254	1403052	-	23	20
chr17	1412935	1418218	-	23	22
chr17	43016639	43017542	+	23	22
chr17	51173382	51176984	+	23	20
chr17	67069726	67070414	-	23	23
chr17	74553181	74555942	-	23	20
chr17	74595486	74598817	-	23	20
chr17	80973320	80974273	-	23	22
chr17	81675908	81681116	-	23	22
chr18	28550414	28550621	-	23	23
chr18	54108505	54115516	-	23	19
chr18	54142615	54145549	-	23	18
chr18	68715219	68719107	+	23	21
chr18	68749833	68752791	+	23	18
chr19	1099226	1103059	+	23	22
chr19	6370744	6372163	+	23	19
chr19	10389566	10390965	-	23	18
chr19	13658732	13665046	-	23	2
chr19	16343598	16348820	-	23	19
chr19	18052385	18056367	+	23	21
chr19	23714756	23726156	-	23	23
chr19	38852352	38854003	+	23	20
chr19	49675342	49676700	-	23	19
chr19	58342874	58345053	+	23	17
chr20	35769958	35771666	-	23	22
chr20	49811079	49812594	-	23	22
chr21	17165906	17166150	+	23	22
chr22	18644471	18644587	+	23	23
chr22	37674075	37675511	-	23	23
chr22	38279482	38283241	-	23	18
chr22	40947215	40950320	+	23	23
chr22	49762719	49764825	+	23	20
chr22	50327588	50330414	+	23	19
chrX	19529869	19533620	+	23	20
chrX	43491613	43646219	-	23	23
chrX	47440608	47444590	-	23	22
chrX	107712083	107713183	-	23	20
chrX	116887189	116941560	-	23	22
chrY	2207460	2209839	-	23	22
chrY	12920741	12923362	+	23	21
chrY	13221992	13224775	+	23	20
chrY	13650019	13703526	+	23	23
chrY	19686385	19689578	-	23	21
chrY	25558990	25559944	-	23	23
chrY	26395576	26395672	-	23	19
chr1	2570197	2573854	+	22	18
chr1	15430861	15435955	-	22	17
chr1	16239739	16241001	-	22	22
chr1	37081851	37082054	+	22	21
chr1	37991076	37993044	-	22	19
chr1	52701235	52702994	-	22	17
chr1	96243779	96243919	-	22	21
chr1	109633507	109635592	+	22	17
chr1	146002850	146013986	-	22	18
chr1	155894486	155896981	-	22	21
chr1	157668623	157674038	-	22	15
chr1	157782980	157784367	-	22	19
chr1	157786220	157791669	-	22	20
chr1	178675090	178678072	+	22	15
chr1	198154394	198156872	-	22	15
chr1	198621592	198622037	+	22	18
chr2	25360594	25363675	-	22	17
chr2	32345406	32351260	+	22	21
chr2	43381660	43382499	-	22	22
chr2	75007502	75010801	+	22	19
chr2	87974040	87976602	-	22	21
chr2	135051227	135051743	+	22	21
chr2	185999963	186000326	+	22	20
chr2	186003178	186007607	-	22	20
chr2	196962379	196966916	-	22	21
chr2	200864787	200866725	+	22	22
chr2	201115067	201115994	+	22	21
chr2	202318318	202321066	-	22	19
chr2	202340961	202343709	+	22	20
chr2	202346663	202351170	+	22	19
chr2	202769764	202773057	+	22	20
chr3	10153708	10157478	+	22	19
chr3	23597123	23599016	+	22	18
chr3	44981461	44982188	+	22	20
chr3	56683287	56687224	+	22	20
chr3	108004107	108015412	-	22	18
chr3	119494856	119496646	+	22	15
chr3	170197746	170210188	+	22	22
chr3	179012045	179015799	-	22	18
chr3	196808625	196809874	-	22	22
chr4	13246132	13248677	-	22	16
chr4	27028987	27029347	-	22	20
chr4	40158409	40162592	+	22	17
chr4	74395772	74398656	-	22	19
chr4	118459929	118460673	-	22	22
chr4	183312384	183317124	+	22	19
chr5	31422374	31425790	-	22	17
chr5	50347689	50351468	-	22	18
chr5	70959034	70959929	+	22	18
chr5	76867714	76870255	-	22	18
chr5	77982895	77986365	-	22	18
chr5	140618464	140621698	-	22	20
chr5	141998350	142000643	+	22	19
chr6	12514725	12514807	+	22	21
chr6	30213776	30215991	+	22	18
chr6	36491167	36493798	+	22	20
chr6	107137809	107142140	-	22	20
chr6	111659706	111660004	-	22	20
chr6	121334775	121335622	+	22	20
chr6	136252682	136256521	-	22	19
chr7	5575608	5577030	+	22	22
chr7	33007711	33009803	-	22	17
chr7	70460416	70460805	-	22	21
chr7	73362602	73380993	+	22	22
chr7	77640364	77643817	-	22	22
chr7	92595941	92601901	-	22	15
chr7	100041766	100046249	+	22	20
chr7	145506926	145507146	+	22	22
chr7	149535053	149537402	-	22	20
chr7	150085858	150087149	+	22	20
chr7	152691070	152700992	+	22	22
chr7	155658449	155658797	-	22	22
chr7	156975285	156980098	+	22	20
chr8	42800671	42826387	+	22	22
chr8	47767428	47770040	+	22	22
chr8	53843813	53844365	+	22	20
chr8	91091631	91094054	+	22	19
chr9	76382366	76385365	-	22	15
chr9	80314275	80315779	+	22	17
chr9	80737252	80741401	+	22	17
chr9	97884646	97888485	-	22	20
chr9	97885678	97886176	+	22	20
chr9	110865176	110869715	-	22	16
chr9	110988583	110993567	-	22	22
chr9	112359888	112366419	-	22	16
chr9	114586407	114587556	-	22	21
chr9	125367453	125372085	-	22	20
chr10	24747610	24757131	-	22	21
chr10	27160229	27161592	-	22	20
chr10	68985123	68987186	+	22	19
chr10	72051677	72052750	-	22	15
chr10	100563211	100564876	+	22	20
chr10	123210519	123212952	+	22	20
chr10	123211771	123212112	-	22	20
chr10	124093710	124096912	+	22	20
chr11	630659	635526	+	22	20
chr11	1272454	1273635	+	22	21
chr11	9449684	9451447	+	22	21
chr11	10789414	10792297	-	22	20
chr11	47457211	47459286	-	22	20
chr11	65980289	65982747	+	22	19
chr11	65989549	65992294	-	22	19
chr11	67118411	67119247	+	22	19
chr11	67286795	67289219	+	22	20
chr11	72677670	72678633	-	22	20
chr11	80491969	80492083	+	22	22
chr11	86290486	86293863	+	22	22
chr11	91481917	91482058	-	22	15
chr12	4163223	4164892	-	22	17
chr12	10153812	10155754	+	22	18
chr12	32649675	32659934	+	22	20
chr12	55873663	55890873	+	22	21
chr12	58815659	58815904	+	22	21
chr12	64186084	64186669	-	22	20
chr12	95307087	95309244	+	22	20
chr12	106347884	106350452	+	22	21
chr12	108602013	108603096	-	22	18
chr12	108704153	108706157	+	22	18
chr12	110731821	110735927	+	22	21
chr12	131240623	131240801	+	22	22
chr13	40709267	40712325	-	22	21
chr13	49793672	49806547	+	22	13
chr13	110723716	110730094	+	22	17
chr14	33865426	33870165	+	22	22
chr14	39139931	39140716	-	22	19
chr14	56301532	56302450	+	22	19
chr14	67999211	68000189	+	22	22
chr14	73839924	73840931	-	22	22
chr14	93116546	93118242	+	22	20
chr14	105831796	105833353	-	22	18
chr15	40973374	40975646	-	22	20
chr15	72743198	72745133	-	22	20
chr15	79556540	79556961	-	22	22
chr16	188509	188890	-	22	21
chr16	3333211	3350346	-	22	17
chr16	4273077	4274569	+	22	20
chr16	4641604	4644713	-	22	20
chr16	21345193	21345778	+	22	19
chr16	28741576	28744520	+	22	20
chr16	30189147	30192895	-	22	20
chr16	57597787	57598152	+	22	20
chr16	60832757	60832855	+	22	22
chr16	63771566	63771639	+	22	21
chr16	69096771	69100135	-	22	21
chr16	71809500	71811505	+	22	19
chr16	81971556	81976651	+	22	17
chr16	85011712	85012851	+	22	21
chr17	12162440	12162548	-	22	22
chr17	30527967	30528316	+	22	19
chr17	39583236	39585933	+	22	20
chr17	41702396	41705224	+	22	19
chr17	56928024	56928248	+	22	22
chr17	76782203	76784175	-	22	20
chr17	82319650	82320801	+	22	19
chr17	83052143	83053237	+	22	19
chr18	59073409	59073557	+	22	21
chr19	4540991	4543492	-	22	18
chr19	10121149	10125094	-	22	21
chr19	18053921	18057601	-	22	19
chr19	19702053	19704692	-	22	21
chr19	39286012	39293114	-	22	21
chr19	39301697	39304753	-	22	21
chr19	40312362	40315657	-	22	20
chr19	41432729	41434886	+	22	20
chr19	41616102	41617749	-	22	19
chr19	41873887	41876218	+	22	20
chr19	49681416	49683609	+	22	16
chr19	51091270	51097331	-	22	19
chr20	3065072	3067893	-	22	21
chr20	17212850	17212948	-	22	21
chr20	32086632	32089753	+	22	18
chr20	32335068	32338713	+	22	19
chr22	17731126	17732196	-	22	21
chr22	27849354	27849747	-	22	21
chr22	37783039	37784683	+	22	21
chr22	41291374	41293609	+	22	22
chr22	42778100	42783144	-	22	17
chrX	44079722	44080846	-	22	22
chrX	44499997	44506064	-	22	22
chrX	71307747	71314303	+	22	18
chrX	74614885	74616001	+	22	20
chrX	126674559	126674911	+	22	21
chrX	136660490	136664047	-	22	19
chrY	1382802	1384595	+	22	21
chrY	2177170	2179376	-	22	17
chrY	11753970	11755246	-	22	22
chrY	21271901	21274378	-	22	16
KI270726.1	16604	30300	+	22	22
chr1	19293001	19294322	-	21	20
chr1	25792388	25793521	-	21	17
chr1	27651634	27655308	-	21	16
chr1	40098254	40111111	+	21	20
chr1	54439264	54483504	+	21	21
chr1	70255060	70258487	-	21	20
chr1	91685336	91686995	-	21	16
chr1	91705249	91708228	-	21	19
chr1	113921250	113925487	-	21	16
chr1	114511766	114512769	-	21	19
chr1	150539130	150542335	+	21	17
chr1	178653888	178655509	+	21	16
chr1	180678838	180681464	+	21	20
chr1	180854994	180856225	+	21	19
chr1	193002409	193004332	-	21	21
chr1	205711965	205712545	+	21	19
chr1	212361955	212363666	+	21	19
chr1	223105467	223106494	-	21	19
chr1	224193981	224195290	+	21	20
chr1	225428932	225430303	+	21	16
chr1	226033627	226034791	-	21	16
chr1	231328740	231329961	-	21	20
chr1	231332027	231332346	+	21	16
chr1	247993533	247994758	+	21	21
chr2	15849091	15849189	-	21	20
chr2	89562021	89562619	-	21	19
chr2	99534182	99534599	+	21	20
chr2	106080151	106083095	-	21	16
chr2	185914955	185920798	-	21	16
chr2	190344781	190347378	+	21	17
chr2	197483541	197486444	-	21	17
chr2	201484515	201484685	+	21	21
chr2	201623595	201628132	-	21	19
chr2	202569761	202573222	+	21	11
chr2	203704895	203706410	-	21	13
chr2	217760097	217764676	-	21	19
chr2	219287040	219288843	+	21	18
chr2	227021538	227027489	+	21	17
chr2	232344378	232344727	+	21	20
chr3	20038465	20040033	-	21	18
chr3	26389572	26389691	-	21	21
chr3	30659982	30672619	-	21	20
chr3	36974496	36976264	-	21	16
chr3	36978082	36980431	+	21	20
chr3	53192829	53193203	+	21	18
chr3	70952816	70954684	-	21	20
chr3	174300958	174301173	+	21	21
chr3	195954746	195955088	+	21	19
chr4	8360202	8361455	+	21	19
chr4	15602162	15603105	-	21	19
chr4	26759137	26763086	+	21	19
chr4	26792695	26794776	+	21	16
chr4	40177268	40181078	+	21	17
chr4	77708256	77709552	-	21	17
chr4	77852625	77854709	+	21	18
chr4	79892843	79897123	-	21	17
chr4	82342153	82344542	-	21	20
chr4	82461193	82464857	+	21	17
chr4	152316077	152316419	+	21	19
chr5	32348970	32350943	+	21	18
chr5	76983869	76984136	-	21	21
chr5	91360355	91362049	-	21	16
chr5	126858866	126864715	+	21	18
chr5	140633884	140634326	+	21	16
chr5	172741150	172743402	+	21	19
chr5	174700577	174705051	-	21	20
chr6	11404299	11404826	+	21	13
chr6	11533705	11536701	-	21	20
chr6	30691792	30693702	+	21	19
chr6	32142660	32143636	+	21	21
chr6	47641473	47643308	+	21	17
chr6	57784547	57787049	-	21	21
chr7	1150682	1151711	+	21	19
chr7	17787841	17790518	-	21	19
chr7	38236400	38236955	-	21	18
chr7	43579891	43582672	-	21	15
chr7	44913739	44915101	-	21	21
chr7	70437381	70437818	+	21	20
chr7	70489009	70490243	+	21	20
chr7	72555642	72557926	-	21	17
chr7	75082318	75083863	+	21	20
chr7	75889746	75896319	+	21	20
chr7	118703757	118704102	-	21	21
chr7	123557985	123560260	+	21	16
chr7	130163039	130163928	+	21	20
chr7	155759360	155759941	-	21	21
chr7	156908218	156908358	-	21	20
chr7	158717224	158719615	-	21	21
chr7	159201079	159201303	-	21	21
chr8	9721126	9722998	+	21	18
chr8	30053133	30055298	-	21	18
chr8	47738328	47742727	+	21	16
chr8	51809835	51811414	-	21	19
chr8	60799328	60808219	+	21	19
chr8	113911177	113911292	-	21	21
chr8	124289412	124291875	+	21	19
chr8	142641681	142645597	-	21	20
chr9	30951308	30957575	+	21	21
chr9	33094937	33098390	-	21	18
chr9	35037188	35038333	-	21	19
chr9	37341856	37343220	+	21	20
chr9	63682965	63685328	-	21	20
chr9	112211391	112214960	+	21	20
chr9	120597847	120600195	-	21	18
chr9	131241734	131244043	+	21	20
chr9	135922647	135925064	-	21	18
chr10	6616935	6617921	-	21	20
chr10	30306933	30309242	-	21	17
chr10	30944861	30945643	-	21	21
chr10	44738524	44738644	+	21	20
chr10	102069998	102073034	-	21	19
chr10	109812362	109812723	-	21	21
chr11	3841049	3842828	-	21	18
chr11	59285190	59285855	-	21	21
chr11	61167663	61168250	+	21	13
chr11	62889229	62891900	+	21	20
chr11	65013459	65014062	-	21	16
chr11	65889133	65890057	-	21	19
chr11	73666923	73670992	-	21	20
chr11	107279530	107286118	-	21	19
chr11	119136151	119139552	+	21	16
chr11	128470290	128473840	+	21	18
chr12	266508	269296	-	21	17
chr12	11210156	11211826	+	21	20
chr12	25375276	25376310	-	21	17
chr12	31260971	31263558	+	21	16
chr12	32026121	32027244	-	21	18
chr12	55096339	55096528	-	21	21
chr12	74536484	74537833	-	21	20
chr12	76858231	76858665	-	21	19
chr12	86880048	86880247	-	21	21
chr12	88198475	88199873	+	21	19
chr12	124900712	124905290	+	21	17
chr13	28295748	28296785	+	21	21
chr13	68037548	68037709	+	21	20
chr14	39388942	39389945	+	21	18
chr14	49764701	49767528	-	21	19
chr14	68050055	68053331	+	21	20
chr14	68173034	68174337	+	21	17
chr14	68413937	68415666	+	21	19
chr14	73223965	73227859	+	21	20
chr15	34135787	34138828	-	21	20
chr15	35069592	35074186	-	21	8
chr15	89202946	89203300	+	21	21
chr16	394658	396467	+	21	21
chr16	3718061	3719789	+	21	18
chr16	4014993	4015829	-	21	21
chr16	4095587	4095939	+	21	17
chr16	4107116	4108911	+	21	20
chr16	4456800	4461490	-	21	21
chr16	4605761	4606590	-	21	21
chr16	11183819	11185383	-	21	20
chr16	29737153	29739299	+	21	21
chr16	68005043	68009943	-	21	19
chr17	28876183	28879152	-	21	21
chr17	30500957	30503075	-	21	18
chr17	43305661	43307075	-	21	21
chr17	44839334	44839861	-	21	18
chr17	62616775	62624646	-	21	19
chr17	74486457	74490037	+	21	19
chr17	81679355	81680806	+	21	18
chr18	11967624	11979869	-	21	20
chr18	57595382	57596482	+	21	19
chr18	79385416	79387192	+	21	19
chr19	1096932	1097727	-	21	20
chr19	1981760	1983425	+	21	19
chr19	3992622	4002193	+	21	21
chr19	4431425	4439450	+	21	20
chr19	4808520	4811284	+	21	17
chr19	4879030	4880940	+	21	19
chr19	7956085	7957064	+	21	20
chr19	8502903	8505404	+	21	19
chr19	12190453	12194891	+	21	18
chr19	13793058	13794962	-	21	16
chr19	17742250	17747252	-	21	18
chr19	19510486	19512379	-	21	20
chr19	53837816	53840033	+	21	21
chr19	53878129	53878432	+	21	21
chr19	54350140	54351154	-	21	20
chr20	1944325	1946918	+	21	18
chr20	5204433	5204788	-	21	20
chr20	44234408	44238343	-	21	18
chr21	19328224	19328460	+	21	20
chr21	31732917	31735186	+	21	19
chr21	37565543	37565870	-	21	14
chr21	43862735	43865151	-	21	17
chr22	17081832	17083791	+	21	19
chr22	21913440	21915437	+	21	19
chr22	41916517	41917285	-	21	18
chr22	44172585	44172942	+	21	18
chr22	44498637	44499953	+	21	16
chrX	24053699	24054416	+	21	17
chrX	30531848	30533060	-	21	20
chrX	44031575	44031826	+	21	20
chrX	44565565	44624847	-	21	21
chrX	47484839	47487763	+	21	20
chrX	73700092	73704594	+	21	17
chrX	75325197	75325562	-	21	21
chrX	79194177	79200481	-	21	21
chrX	80591955	80592133	+	21	21
chrX	118804665	118805226	+	21	20
chrX	154777891	154778578	+	21	17
chrY	1017762	1048120	+	21	21
chrY	13209522	13214960	-	21	20
chrY	16535700	16535773	-	21	21
GL000008.2	158537	159339	+	21	21
chr1	12155783	12160289	+	20	18
chr1	15510006	15511880	-	20	17
chr1	27400976	27402472	-	20	20
chr1	28142938	28145353	-	20	15
chr1	35193940	35197906	-	20	19
chr1	52617988	52620263	-	20	16
chr1	88836973	88840403	+	20	20
chr1	93370352	93372156	+	20	18
chr1	144546938	144548249	+	20	20
chr1	149882731	149883280	+	20	18
chr1	161136322	161139578	+	20	15
chr1	178549241	178551671	+	20	18
chr1	179076617	179079703	+	20	18
chr1	228100227	228100584	+	20	15
chr1	228198309	228199562	-	20	17
chr1	229306680	229307587	+	20	17
chr1	230900460	230901810	-	20	18
chr2	7084088	7084681	+	20	20
chr2	26291151	26295016	+	20	19
chr2	43576375	43579061	-	20	17
chr2	87024861	87026422	-	20	17
chr2	90254418	90255407	+	20	19
chr2	157395390	157397668	+	20	18
chr2	159632552	159634160	-	20	15
chr2	170983226	170984966	-	20	19
chr2	171490944	171492425	+	20	17
chr2	178516488	178518041	+	20	17
chr2	195131755	195132933	-	20	20
chr2	201206695	201209458	-	20	19
chr2	203987001	203987288	-	20	14
chr2	215148234	215148325	+	20	18
chr2	218263862	218264120	+	20	20
chr2	241103752	241104932	+	20	16
chr3	3667981	3669948	-	20	19
chr3	25665061	25667955	+	20	19
chr3	32763214	32768478	-	20	19
chr3	40698247	40698485	-	20	19
chr3	51863906	51864825	-	20	20
chr3	58297184	58299168	+	20	18
chr3	101644531	101646530	-	20	15
chr3	112921116	112921573	-	20	19
chr3	177278326	177290967	+	20	19
chr3	179341993	179343097	+	20	19
chr3	183012917	183014529	-	20	20
chr3	196762879	196766309	-	20	19
chr4	11447939	11448266	-	20	17
chr4	70624777	70625942	-	20	14
chr4	81420857	81423364	-	20	16
chr4	102777523	102779050	-	20	14
chr4	160608416	160791549	-	20	20
chr5	10207764	10209436	-	20	19
chr5	31414251	31415739	-	20	18
chr5	69785187	69785662	-	20	20
chr5	131225771	131232825	+	20	18
chr5	134901701	134905031	+	20	20
chr5	138935437	138937041	+	20	20
chr5	160146347	160155886	+	20	20
chr5	172280767	172284107	-	20	20
chr5	177313259	177314396	-	20	20
chr6	18411572	18411862	-	20	20
chr6	27828716	27830893	-	20	18
chr6	35336043	35336819	-	20	16
chr6	89086069	89089325	-	20	18
chr6	111633356	111635108	-	20	17
chr6	137219669	137224750	+	20	20
chr7	6484356	6486060	+	20	12
chr7	23496121	23497520	-	20	17
chr7	72872242	72874673	+	20	19
chr7	75090803	75092383	+	20	19
chr7	76950605	76953969	+	20	18
chr7	106246601	106247890	-	20	18
chr7	131498256	131499227	+	20	18
chr7	150574115	150575446	+	20	19
chr7	152134175	152134515	+	20	18
chr7	153613459	153614620	+	20	20
chr8	139724039	139725091	+	20	19
chr9	6525153	6527527	+	20	17
chr9	33457956	33461006	+	20	19
chr9	37227014	37229166	-	20	18
chr9	41357172	41357496	-	20	20
chr9	80198977	80199112	-	20	20
chr9	86145325	86145420	-	20	19
chr10	18644341	18645105	+	20	17
chr10	46674079	46674321	+	20	20
chr10	46685122	46686860	-	20	18
chr10	73415471	73418111	+	20	18
chr10	85227375	85361640	+	20	20
chr10	110138660	110139206	+	20	20
chr10	119082043	119085196	+	20	18
chr10	123996433	123997993	-	20	18
chr10	127524539	127524881	+	20	20
chr11	8609491	8611818	-	20	19
chr11	9456683	9459425	-	20	20
chr11	58525542	58526648	+	20	17
chr11	94406263	94408687	-	20	16
chr12	9051421	9055513	+	20	17
chr12	11897049	11897456	-	20	18
chr12	51228507	51237941	+	20	16
chr12	57819189	57819575	+	20	17
chr12	95310305	95310650	+	20	18
chr12	110583430	110584399	+	20	18
chr12	111441344	111442450	-	20	17
chr12	112401170	112403660	+	20	19
chr12	115942947	115943299	-	20	20
chr12	117035796	117036791	-	20	17
chr12	118146381	118148980	-	20	20
chr12	120931877	120932993	+	20	4
chr12	121568646	121569893	+	20	20
chr12	123381636	123383682	-	20	20
chr13	19807697	19811690	-	20	18
chr13	40925638	40928128	+	20	20
chr13	42332244	42333315	+	20	19
chr14	48598694	48599104	+	20	19
chr14	50134738	50135060	+	20	17
chr14	57534816	57552945	-	20	20
chr14	68870023	68871180	-	20	19
chr15	34846122	34847412	+	20	16
chr15	43532365	43534845	-	20	18
chr15	74803200	74807200	+	20	20
chr16	21364454	21365520	+	20	19
chr16	29849900	29853495	-	20	18
chr16	29855079	29858062	-	20	18
chr16	47229212	47229580	+	20	20
chr16	47430124	47430812	-	20	18
chr16	57087458	57088650	+	20	18
chr16	81697851	81699649	+	20	18
chr17	16536153	16536563	+	20	18
chr17	21046717	21059316	-	20	16
chr17	40612401	40612974	-	20	16
chr17	42578870	42579248	+	20	18
chr17	62533432	62535894	-	20	19
chr17	68034489	68035625	-	20	20
chr17	77497541	77501157	-	20	18
chr17	81614527	81618237	-	20	16
chr17	81865218	81867459	-	20	17
chr17	81871644	81875934	+	20	19
chr18	23452360	23453184	-	20	17
chr18	74526990	74528484	+	20	16
chr19	1901763	1904799	+	20	15
chr19	3166129	3170862	+	20	20
chr19	3975195	3975616	+	20	17
chr19	13848271	13850915	-	20	19
chr19	16158801	16159662	+	20	18
chr19	17864315	17868499	+	20	17
chr19	18950218	18954121	+	20	18
chr19	23274978	23275095	-	20	20
chr19	53154982	53155801	-	20	19
chr19	54916317	54919065	-	20	18
chr20	857086	857487	+	20	19
chr20	1435596	1437305	+	20	17
chr20	2868409	2869000	-	20	19
chr20	3089499	3089648	-	20	20
chr20	3104430	3105658	-	20	18
chr20	5198725	5203059	+	20	20
chr20	18505777	18507399	-	20	20
chr20	23358939	23361739	-	20	20
chr20	33651659	33653076	+	20	17
chr20	37332786	37334775	-	20	17
chr20	37482614	37484567	-	20	16
chr20	63854530	63858483	-	20	20
chr21	28927585	28927958	-	20	18
chr21	31739989	31741634	-	20	18
chr21	43034475	43036058	+	20	16
chr21	43197717	43200398	+	20	16
chr22	16531601	16533193	+	20	18
chr22	23719142	23719766	-	20	19
chr22	40973595	40976395	+	20	19
chr22	41427400	41429160	+	20	18
chr22	42540974	42544505	-	20	19
chrX	4045461	4045586	-	20	19
chrX	12927371	12932224	+	20	20
chrX	65743004	65746529	+	20	19
chrX	71053994	71056085	-	20	17
chrX	111764589	111767370	+	20	18
chrX	118710511	118713278	-	20	12
chrX	135052500	135053955	+	20	19
chrX	154421983	154424154	+	20	20
chrX	154672203	154674425	-	20	18
chrY	1216368	1221292	+	20	14
chrY	1400559	1401263	-	20	18
chrY	1537284	1540531	+	20	19
GL000205.2	53721	55801	-	20	20
KI270744.1	145296	146876	+	20	15
KI270744.1	153259	157134	+	20	12
chr1	10452581	10457399	+	19	19
chr1	12515367	12516968	-	19	18
chr1	13372630	13373935	+	19	19
chr1	24478832	24482607	+	19	12
chr1	24887560	24887904	+	19	19
chr1	27200022	27200236	-	19	19
chr1	31944908	31945692	+	19	16
chr1	66379981	66381525	+	19	17
chr1	79938494	79938615	-	19	19
chr1	102582193	102582362	+	19	19
chr1	155650845	155651219	+	19	15
chr1	155938908	155941067	+	19	18
chr1	156456996	156459157	-	19	19
chr1	159925578	159927005	+	19	18
chr1	160526158	160529354	-	19	17
chr1	183030713	183032100	+	19	16
chr1	183142785	183145529	+	19	18
chr1	203326288	203327916	-	19	19
chr1	205708076	205711280	-	19	17
chr1	205756152	205757976	-	19	16
chr1	206744248	206745945	-	19	14
chr1	223777253	223779845	-	19	17
chr1	224035065	224035361	-	19	18
chr1	225795621	225795911	-	19	16
chr1	248467154	248469640	-	19	18
chr2	7115944	7120106	+	19	17
chr2	10586267	10587697	-	19	17
chr2	27190857	27192511	+	19	19
chr2	43569096	43572902	-	19	15
chr2	55470188	55470297	+	19	17
chr2	55514970	55518339	-	19	15
chr2	96578258	96579808	-	19	16
chr2	100751372	100752293	-	19	7
chr2	112668546	112670319	+	19	16
chr2	113964672	113970534	+	19	16
chr2	128204575	128206639	+	19	15
chr2	152109571	152111181	-	19	16
chr2	189670831	189671321	+	19	17
chr2	218407662	218408007	-	19	18
chr2	218764743	218766877	-	19	17
chr3	32516534	32518870	-	19	18
chr3	47013731	47015028	+	19	18
chr3	49936409	49939727	-	19	15
chr3	90268117	90545378	+	19	18
chr3	108257547	108264775	+	19	18
chr3	128828922	128829341	-	19	17
chr3	133590294	133591568	+	19	17
chr3	137094021	137094191	-	19	19
chr3	186505814	186505967	+	19	19
chr4	2055076	2056156	+	19	19
chr4	6644247	6644568	-	19	14
chr4	38160139	38161080	-	19	13
chr4	40173952	40176033	+	19	17
chr4	40184187	40186969	+	19	17
chr4	64454483	64454668	-	19	18
chr4	118375202	118375448	-	19	19
chr4	141534461	141536244	+	19	16
chr4	143333951	143336349	-	19	18
chr4	152616078	152618127	-	19	16
chr4	189298790	189299716	-	19	15
chr4	190196257	190196488	+	19	19
chr5	10732450	10735192	-	19	17
chr5	35497250	35497353	+	19	18
chr5	40823053	40823443	+	19	15
chr5	83027724	83028426	-	19	19
chr5	118805257	118807122	-	19	16
chr5	143252371	143255762	+	19	19
chr5	154817088	154817367	-	19	18
chr5	160119570	160122156	+	19	16
chr5	181303423	181303845	+	19	18
chr5	181413335	181413538	+	19	18
chr6	7643855	7643991	-	19	18
chr6	21598789	21601032	+	19	16
chr6	32607177	32610364	-	19	18
chr6	32656851	32659394	-	19	16
chr6	32880148	32882808	+	19	16
chr6	34573059	34573388	+	19	17
chr6	34582185	34582982	-	19	18
chr6	39159452	39159728	+	19	17
chr6	53360621	53361504	-	19	15
chr6	87130039	87130119	-	19	19
chr6	87279878	87281132	+	19	19
chr6	96655283	96655392	-	19	19
chr6	108689207	108692701	+	19	16
chr6	108696042	108697077	+	19	17
chr6	118712524	118712662	-	19	19
chr6	132737230	132739834	-	19	16
chr6	132740887	132743827	-	19	16
chr6	158965635	158969014	-	19	17
chr7	12690965	12692554	+	19	18
chr7	32904544	32907041	+	19	16
chr7	44605508	44606223	-	19	18
chr7	44770706	44775147	-	19	15
chr7	47258315	47260225	-	19	17
chr7	61654178	61654440	-	19	19
chr7	64718411	64722178	+	19	18
chr7	65034834	65037746	-	19	15
chr7	73402015	73402235	-	19	17
chr7	76453290	76454504	+	19	19
chr7	82502437	82550308	+	19	19
chr7	99535632	99539951	+	19	14
chr7	123664290	123664851	-	19	18
chr7	129174000	129177381	+	19	17
chr7	140020363	140020988	+	19	18
chr8	9738532	9742336	+	19	19
chr8	21903412	21903796	+	19	17
chr8	30085969	30087375	-	19	17
chr8	30587191	30587884	+	19	17
chr8	42172036	42174667	-	19	17
chr8	58660464	58661853	+	19	15
chr8	76963885	76966318	-	19	18
chr8	85283616	85285117	+	19	18
chr8	97730855	97736196	-	19	16
chr8	127487518	127489251	-	19	16
chr8	143300409	143302048	+	19	16
chr8	144902233	144904353	+	19	15
chr9	33448792	33452189	+	19	14
chr9	37136438	37137134	-	19	18
chr9	37201769	37204510	-	19	18
chr9	63696042	63696211	+	19	18
chr9	71838922	71841915	-	19	18
chr9	81843321	81843490	-	19	19
chr9	83648101	83650227	-	19	18
chr9	88244077	88244360	-	19	17
chr9	95427252	95427354	+	19	17
chr9	96778384	96781128	+	19	18
chr9	99209310	99211474	-	19	18
chr9	131253169	131254253	-	19	18
chr10	30928007	30929437	-	19	17
chr10	32233041	32233148	-	19	18
chr10	33138812	33142988	+	19	16
chr10	43367290	43368478	-	19	18
chr10	58383526	58385004	-	19	16
chr10	63155729	63160248	+	19	18
chr10	69045780	69047376	+	19	16
chr10	73998677	74000951	-	19	18
chr10	97345146	97349235	-	19	18
chr10	102387336	102389793	+	19	15
chr10	126191884	126194206	+	19	15
chr11	6683826	6686780	-	19	17
chr11	14274202	14276268	-	19	19
chr11	65447227	65448580	-	19	17
chr11	117980885	117982408	+	19	18
chr11	128047336	128051218	+	19	15
chr12	32135425	32135793	-	19	18
chr12	32143446	32150700	+	19	15
chr12	46350279	46353201	-	19	16
chr12	49112417	49119320	+	19	15
chr12	52067877	52068962	-	19	17
chr12	55873636	55889057	-	19	19
chr12	66170314	66172394	+	19	17
chr12	66188316	66188810	+	19	14
chr12	101392454	101392852	+	19	17
chr12	125066512	125066945	-	19	17
chr12	128125889	128152851	+	19	19
chr13	19816158	19817753	-	19	19
chr14	34876482	34880208	+	19	18
chr14	39173127	39174732	-	19	16
chr14	49855961	49860271	-	19	17
chr14	49899469	49905127	-	19	19
chr14	53024527	53026955	-	19	18
chr14	53029619	53032685	-	19	19
chr14	54903373	54906013	+	19	18
chr14	68250631	68253081	+	19	16
chr14	68581306	68583111	+	19	17
chr14	73811719	73818059	+	19	12
chr14	90829096	90829496	+	19	19
chr14	91268619	91271288	+	19	17
chr14	92766886	92770197	-	19	11
chr14	94658506	94658877	+	19	18
chr14	99301780	99301937	+	19	19
chr14	100185950	100202635	-	19	17
chr14	105508945	105511575	+	19	11
chr15	43588486	43589933	-	19	18
chr15	45699718	45701850	+	19	16
chr15	84661034	84661817	+	19	17
chr16	1935711	1936391	-	19	16
chr16	4628905	4632712	-	19	18
chr16	4662045	4662887	+	19	17
chr16	9136565	9141547	-	19	19
chr16	9141774	9145313	+	19	14
chr16	21660440	21662347	-	19	15
chr16	30189355	30192921	+	19	17
chr16	30343723	30347135	+	19	17
chr16	30454733	30456669	-	19	18
chr16	30558578	30560923	+	19	14
chr16	30636826	30639685	+	19	18
chr16	30916071	30919281	-	19	18
chr16	47367888	47368478	+	19	17
chr16	58659559	58661034	-	19	18
chr16	67010544	67010888	-	19	18
chr16	68040950	68041760	+	19	18
chr16	88632896	88635308	-	19	19
chr17	80889	81115	-	19	18
chr17	447042	447714	+	19	17
chr17	4759345	4760532	-	19	15
chr17	8278795	8284391	+	19	16
chr17	15693688	15695337	-	19	19
chr17	17285293	17299485	-	19	19
chr17	21772787	21773211	-	19	18
chr17	28418684	28419161	-	19	19
chr17	30965989	30968217	+	19	19
chr17	62469973	62473285	-	19	18
chr17	64987037	64987460	+	19	18
chr17	70594849	70594956	+	19	19
chr17	75298632	75301199	-	19	17
chr17	77453431	77455321	-	19	19
chr18	45978676	45979945	-	19	15
chr18	63385151	63388249	-	19	19
chr18	79067513	79068905	-	19	18
chr19	552243	555883	-	19	19
chr19	5528093	5542539	+	19	18
chr19	6870496	6873159	+	19	16
chr19	9744111	9748629	-	19	18
chr19	19628938	19629260	-	19	19
chr19	19698002	19700480	-	19	19
chr19	29616738	29617224	+	19	17
chr19	34229441	34230520	+	19	18
chr20	28627678	28628744	+	19	19
chr20	35767354	35768055	-	19	18
chr20	40445602	40480657	+	19	17
chr20	43456439	43457272	-	19	11
chr20	47442271	47450289	-	19	19
chr20	53834615	53835554	-	19	14
chr20	56082055	56082342	-	19	19
chr20	63632162	63636536	-	19	18
chr21	32626898	32628722	-	19	15
chr21	41412211	41417308	+	19	15
chr22	22261403	22264011	-	19	16
chr22	24535017	24539499	-	19	18
chr22	28861236	28867050	+	19	17
chr22	39116092	39120153	-	19	15
chr22	47191260	47191927	+	19	18
chr22	47206413	47206728	+	19	17
chr22	49964122	49966607	+	19	17
chrX	12983732	12984953	+	19	15
chrX	21889873	21892610	+	19	18
chrX	23949530	23953235	-	19	15
chrX	68600776	68605350	+	19	18
chrX	81313100	81313800	-	19	18
chrY	20418123	20419392	-	19	13
chrY	21105264	21105513	-	19	19
GL000219.1	62725	66569	-	19	17
KI270734.1	131849	133344	+	19	19
chr1	1630644	1631174	+	18	16
chr1	2424112	2425972	+	18	18
chr1	9986610	9992737	+	18	18
chr1	27318686	27321664	+	18	17
chr1	27635588	27636666	+	18	16
chr1	37990518	37992365	+	18	17
chr1	42715733	42717015	+	18	17
chr1	44778792	44780252	+	18	17
chr1	44824609	44826220	-	18	16
chr1	45312731	45323564	-	18	15
chr1	58775489	58776839	-	18	16
chr1	91717938	91718944	-	18	16
chr1	100292784	100296747	+	18	16
chr1	115097430	115098988	-	18	14
chr1	148098809	148100534	-	18	17
chr1	149830231	149832461	-	18	17
chr1	149921452	149922829	-	18	14
chr1	150876916	150878401	+	18	16
chr1	155138899	155139541	+	18	16
chr1	155649030	155650742	-	18	13
chr1	160896262	160896496	+	18	18
chr1	160986856	160991912	-	18	16
chr1	175941844	175943773	+	18	17
chr1	178615143	178619326	-	18	14
chr1	180789049	180794580	+	18	18
chr1	180819595	180820031	+	18	18
chr1	183038468	183038948	+	18	16
chr1	199909861	199910007	+	18	18
chr1	203004930	203007241	-	18	16
chr1	206502788	206503651	+	18	17
chr1	227781928	227784183	-	18	15
chr1	228182970	228184431	+	18	18
chr1	232049531	232050385	+	18	14
chr1	235658493	235660733	+	18	17
chr2	18806801	18808883	+	18	14
chr2	35632806	35632985	-	18	17
chr2	43537394	43538550	+	18	15
chr2	55626348	55628195	+	18	18
chr2	65283450	65286648	+	18	15
chr2	97649010	97650705	-	18	17
chr2	108887264	108891255	-	18	11
chr2	112671366	112672747	-	18	16
chr2	149564591	149569598	-	18	16
chr2	173074714	173075264	-	18	13
chr2	174490945	174493038	-	18	17
chr2	196949818	196951391	-	18	14
chr2	201103166	201105100	-	18	14
chr2	203309336	203311184	+	18	16
chr2	203312280	203315112	+	18	17
chr2	209419404	209419545	+	18	16
chr2	218254513	218255304	+	18	17
chr2	227936845	227937018	-	18	18
chr2	231725426	231726033	-	18	17
chr3	15559291	15560410	-	18	14
chr3	23983026	23984860	-	18	14
chr3	30687416	30689302	-	18	16
chr3	57939732	57940005	-	18	16
chr3	108040127	108042242	-	18	16
chr3	112908081	112910606	-	18	15
chr3	129627306	129631172	+	18	15
chr3	144827312	144827422	+	18	17
chr3	150647541	150647652	-	18	18
chr3	177016151	177017630	+	18	18
chr4	6699254	6703488	-	18	14
chr4	7057981	7058634	-	18	18
chr4	8243473	8244627	+	18	18
chr4	25736928	25741012	+	18	18
chr4	39674915	39692450	+	18	18
chr4	73747437	73749013	+	18	14
chr4	141493498	141495160	+	18	15
chr4	146250293	146252647	-	18	15
chr4	176332245	176334607	+	18	15
chr4	182918009	182921570	+	18	14
chr5	1534451	1537106	-	18	11
chr5	1536467	1536935	+	18	18
chr5	10209124	10209450	+	18	18
chr5	70044625	70049599	-	18	18
chr5	77980461	77980781	+	18	18
chr5	83046865	83047194	-	18	15
chr5	83048299	83048899	-	18	17
chr5	97450669	97452313	+	18	16
chr5	122834821	122835197	+	18	17
chr5	127038486	127040623	-	18	18
chr5	134006243	134007172	+	18	17
chr5	139482942	139484669	+	18	10
chr5	150429930	150430918	+	18	16
chr5	150503103	150503453	+	18	15
chr5	171827418	171828339	+	18	16
chr5	172224397	172226289	-	18	14
chr5	172252538	172254413	-	18	16
chr5	181159541	181160646	-	18	18
chr6	2827907	2832201	-	18	17
chr6	33342802	33344491	-	18	16
chr6	34448816	34465153	-	18	18
chr6	41696397	41697413	+	18	16
chr6	42202957	42206449	+	18	15
chr6	42741277	42744461	-	18	18
chr6	53208979	53210924	-	18	13
chr6	89819880	89825143	+	18	17
chr6	134956637	134957312	-	18	17
chr6	151475029	151475417	-	18	17
chr6	157211707	157212710	+	18	16
chr7	2453095	2454666	+	18	18
chr7	5259703	5259870	+	18	18
chr7	5822086	5823010	-	18	16
chr7	26214600	26218645	+	18	16
chr7	44714934	44719347	+	18	15
chr7	44951541	44951890	-	18	15
chr7	53864306	53864482	+	18	17
chr7	64511798	64512481	+	18	17
chr7	64833913	64834951	+	18	15
chr7	64842129	64843327	+	18	17
chr7	66509018	66511033	+	18	17
chr7	70743034	70743435	+	18	17
chr7	72837747	72841040	-	18	18
chr7	72846628	72850101	+	18	17
chr7	73744794	73755704	+	18	15
chr7	74415896	74451072	+	18	18
chr7	76449254	76449481	-	18	18
chr7	105173217	105175135	+	18	18
chr7	106919718	106922998	+	18	16
chr7	128506608	128508827	+	18	16
chr7	129217024	129217207	+	18	17
chr7	129818959	129823997	+	18	16
chr7	142458021	142458378	+	18	16
chr7	150091458	150091888	+	18	18
chr7	152452485	152455815	-	18	14
chr8	55836831	55842290	+	18	17
chr8	102820935	102825878	-	18	18
chr8	108492072	108493589	+	18	14
chr8	109214294	109217075	-	18	14
chr8	133454435	133454812	-	18	17
chr8	134713222	134714041	+	18	18
chr9	37308980	37311874	-	18	18
chr9	71679050	71681743	-	18	16
chr9	72107516	72108809	-	18	17
chr9	75176883	75178346	-	18	17
chr9	77708450	77712700	-	18	16
chr9	80648348	80650779	+	18	14
chr9	83623549	83625590	+	18	16
chr9	93573662	93574887	+	18	18
chr9	120749131	120751922	-	18	16
chr9	135995246	135995830	-	18	17
chr10	3673925	3675213	+	18	18
chr10	27155637	27157225	-	18	15
chr10	58384279	58385297	+	18	18
chr10	72987864	72989824	-	18	17
chr10	74715405	74715786	-	18	17
chr10	79359670	79362554	+	18	16
chr10	81579868	81580038	+	18	18
chr10	86567367	86620819	-	18	18
chr10	92445103	92449417	-	18	15
chr10	102123911	102125544	-	18	16
chr10	102164291	102166279	+	18	17
chr10	110324444	110324511	-	18	17
chr11	573880	574973	-	18	18
chr11	44633676	44634029	+	18	16
chr11	45843600	45845897	+	18	15
chr11	62740353	62742693	+	18	16
chr11	65473858	65476056	-	18	18
chr11	66609568	66612046	-	18	17
chr11	85638325	85642967	+	18	16
chr11	93299185	93300074	-	18	17
chr11	106450860	106451019	-	18	18
chr11	121408593	121410647	-	18	16
chr11	123040629	123041112	-	18	14
chr12	6488612	6491718	-	18	16
chr12	11282646	11283025	-	18	18
chr12	25375150	25376606	+	18	15
chr12	32111726	32112403	-	18	17
chr12	49765111	49768533	+	18	18
chr12	67679453	67679766	-	18	18
chr12	94736512	94737998	-	18	13
chr12	94742371	94743130	-	18	18
chr12	104350429	104355423	+	18	18
chr12	121063436	121078698	+	18	18
chr12	122267325	122270745	-	18	16
chr12	122501767	122503365	-	18	17
chr12	128824305	128825651	+	18	16
chr13	19200278	19201320	-	18	18
chr13	31728750	31733300	-	18	15
chr13	45293589	45296394	-	18	16
chr13	57746993	57773193	+	18	18
chr13	73018304	73021182	+	18	14
chr14	21737002	21739400	+	18	16
chr14	22168350	22170723	+	18	13
chr14	35043709	35045111	-	18	17
chr14	35809557	35812321	+	18	16
chr14	50147098	50148318	+	18	18
chr14	50715542	50719377	-	18	17
chr14	67616971	67619906	-	18	17
chr14	67860798	67863583	+	18	16
chr14	68151945	68155069	+	18	17
chr14	68183389	68185036	+	18	17
chr14	68202643	68203131	-	18	18
chr14	68454138	68458815	+	18	15
chr14	68480350	68481198	+	18	18
chr14	68575529	68578367	+	18	17
chr14	74367270	74371837	-	18	18
chr14	87089560	87089719	+	18	18
chr15	19939255	19939357	+	18	18
chr15	75462077	75463010	-	18	16
chr15	84978346	84983449	-	18	17
chr16	3964232	3966034	-	18	16
chr16	4008650	4011175	-	18	16
chr16	4017598	4019097	-	18	18
chr16	4689805	4692604	-	18	17
chr16	12649886	12651251	+	18	16
chr16	21954711	21957350	-	18	16
chr16	28993381	28995743	+	18	17
chr16	32459604	32460068	-	18	18
chr16	46650023	46650391	-	18	17
chr16	58513630	58514712	+	18	17
chr16	58641688	58650943	+	18	18
chr16	68602297	68616241	+	18	14
chr16	81432315	81438917	+	18	14
chr16	81510714	81513820	-	18	14
chr16	88687303	88688941	+	18	15
chr17	18823913	18830083	-	18	18
chr17	28408677	28409790	+	18	18
chr17	30190835	30193733	+	18	17
chr17	30960054	30961220	-	18	17
chr17	36090989	36094331	+	18	16
chr17	47753911	47783178	-	18	16
chr17	75183634	75193027	-	18	17
chr17	75930600	75934734	+	18	18
chr17	77343687	77344930	+	18	15
chr17	77442280	77444002	-	18	17
chr17	78848252	78852095	+	18	15
chr17	81302127	81303217	-	18	18
chr17	82497562	82509285	+	18	13
chr17	82517785	82519385	-	18	15
chr18	5385590	5387689	-	18	16
chr18	5389593	5389978	+	18	16
chr18	62520301	62522828	-	18	16
chr18	69998310	70002298	-	18	14
chr18	76354981	76355367	-	18	16
chr19	2762582	2767165	-	18	16
chr19	7878529	7878964	-	18	18
chr19	9851689	9853542	+	18	17
chr19	10120040	10122543	+	18	16
chr19	10347791	10350066	-	18	17
chr19	12760081	12762341	-	18	16
chr19	14378384	14379798	+	18	15
chr19	18570295	18571635	-	18	15
chr19	39118720	39121876	-	18	18
chr19	48764875	48764980	-	18	18
chr19	49499758	49502352	+	18	18
chr19	53156808	53158784	-	18	17
chr19	53771473	53772476	-	18	16
chr19	55337455	55338213	+	18	17
chr19	56162709	56166457	+	18	11
chr19	57303252	57304294	+	18	18
chr20	2826737	2828782	-	18	18
chr20	4830423	4831694	+	18	16
chr20	5059171	5060681	-	18	15
chr20	5652327	5655305	-	18	15
chr20	32076715	32078998	-	18	17
chr20	49958486	49959610	+	18	17
chr20	49992377	49997020	-	18	18
chr20	56527767	56529766	+	18	16
chr20	56530695	56532854	-	18	17
chr21	6109047	6110750	-	18	18
chr21	41409755	41410368	+	18	17
chr21	42966306	42970914	-	18	17
chr21	43428121	43429770	+	18	16
chr21	44298652	44299601	-	18	17
chr22	22906813	22907074	+	18	14
chr22	23734631	23737459	+	18	15
chr22	25340102	25343927	-	18	17
chr22	36483037	36483678	-	18	18
chrX	40223690	40237294	-	18	18
chrX	41364939	41365500	-	18	14
chrX	49104937	49106545	-	18	17
chrX	53528388	53531805	-	18	16
chrX	53919848	53920677	-	18	14
chrX	57087995	57090060	-	18	17
chrX	68570875	68584959	+	18	15
chrX	74573402	74578695	+	18	16
chrX	77309440	77324094	+	18	17
chrX	79343256	79346190	+	18	15
chrX	100943467	100951191	+	18	15
chrX	136839331	136840776	-	18	14
chrY	2203242	2205726	-	18	14
chrY	8856641	8856874	-	18	18
chrY	15091605	15091745	-	18	17
chrY	20458213	20462486	-	18	13
chrY	20901038	20904149	+	18	16
KI270729.1	49234	219701	+	18	18
chr1	10023225	10032154	-	17	17
chr1	15494273	15494778	+	17	17
chr1	15498144	15500345	-	17	16
chr1	25792086	25795825	+	17	16
chr1	27863959	27866848	+	17	17
chr1	28095038	28095133	-	17	16
chr1	45543075	45543828	-	17	15
chr1	70257184	70258324	+	17	16
chr1	108078291	108078581	+	17	16
chr1	117108222	117110653	+	17	15
chr1	144550438	144551430	-	17	14
chr1	158174362	158175558	-	17	13
chr1	161221098	161222090	-	17	13
chr1	166370925	166371057	+	17	17
chr1	173788517	173789334	-	17	16
chr1	178635172	178636134	+	17	16
chr1	186989531	186991007	+	17	15
chr1	192990555	192991983	+	17	16
chr1	193275448	193278988	+	17	17
chr1	198612138	198613656	-	17	12
chr1	204506963	204508559	-	17	16
chr1	219231623	219234212	+	17	15
chr1	220052317	220055865	-	17	15
chr1	225399904	225400312	+	17	15
chr1	227526574	227531712	-	17	11
chr1	227677651	227682056	+	17	15
chr2	24005159	24007563	+	17	13
chr2	26396492	26398427	-	17	15
chr2	31826641	31828201	-	17	16
chr2	42122426	42125764	-	17	15
chr2	43234780	43236118	-	17	16
chr2	43469847	43474903	-	17	17
chr2	43530682	43533389	-	17	17
chr2	53207834	53209452	-	17	14
chr2	69315284	69319489	-	17	16
chr2	97648473	97650410	+	17	16
chr2	102240465	102240732	-	17	15
chr2	174540959	174542542	-	17	14
chr2	190407658	190408315	+	17	14
chr2	192306112	192405215	+	17	17
chr2	195429208	195429337	+	17	17
chr2	200837314	200841875	-	17	14
chr2	203322510	203324818	+	17	14
chr2	219278068	219279091	-	17	16
chr2	229748144	229750423	+	17	14
chr2	233302916	233305139	-	17	16
chr2	239878064	239879981	-	17	16
chr3	11774960	11776664	-	17	15
chr3	32737607	32743895	-	17	17
chr3	33441452	33442507	+	17	16
chr3	42502642	42504869	+	17	17
chr3	44993886	44995440	+	17	16
chr3	51989990	51990468	-	17	15
chr3	93791183	93807234	+	17	17
chr3	119209499	119211105	+	17	16
chr3	129164556	129167684	-	17	17
chr3	133591760	133594247	-	17	16
chr3	150526078	150526445	+	17	17
chr3	155953810	155955942	-	17	14
chr3	185904246	185907890	+	17	13
chr3	187737023	187740022	+	17	16
chr3	188934668	188936979	-	17	15
chr3	198222613	198223351	+	17	16
chr4	27032104	27032628	-	17	15
chr4	40166303	40166662	+	17	14
chr4	40249645	40251579	-	17	17
chr4	83204866	83207158	-	17	15
chr4	83231045	83232088	-	17	14
chr4	85284330	85437130	-	17	17
chr4	87142702	87143684	-	17	15
chr5	14532141	14534155	-	17	15
chr5	27207083	27207298	+	17	17
chr5	31482427	31484298	+	17	16
chr5	31524927	31526608	+	17	17
chr5	80546674	80548006	+	17	15
chr5	83031950	83032783	-	17	14
chr5	100803084	100806305	-	17	16
chr5	115518876	115520794	-	17	17
chr5	132824935	132825278	-	17	16
chr5	134594088	134594715	-	17	14
chr5	138939397	138941612	+	17	16
chr5	141626893	141627917	-	17	17
chr5	148876658	148878626	+	17	17
chr5	149482308	149484045	+	17	16
chr5	150687521	150688134	+	17	14
chr5	154702224	154705010	+	17	16
chr5	157079594	157081789	+	17	15
chr5	157258185	157259490	+	17	17
chr5	172223163	172223557	+	17	16
chr5	172269229	172271357	+	17	13
chr5	173602899	173604835	-	17	14
chr6	21602743	21603527	+	17	15
chr6	26052743	26054348	-	17	16
chr6	27147836	27148244	-	17	16
chr6	27808691	27809890	+	17	15
chr6	30927852	30928598	+	17	15
chr6	31855111	31856921	+	17	14
chr6	32513722	32514500	-	17	17
chr6	87272093	87273716	+	17	14
chr6	107695416	107696764	-	17	17
chr6	108293459	108294808	-	17	13
chr6	146557895	146560172	+	17	15
chr6	149489786	149494706	-	17	15
chr7	1118499	1119810	+	17	14
chr7	44069534	44070894	-	17	17
chr7	47959997	47961715	+	17	15
chr7	68815935	68962238	+	17	17
chr7	69917277	69918120	-	17	15
chr7	70494861	70495194	+	17	16
chr7	70534590	70538464	+	17	15
chr7	70536259	70537092	-	17	17
chr7	70639013	70641534	+	17	15
chr7	73063539	73064702	+	17	17
chr7	77510359	77510492	+	17	16
chr7	98010400	98026281	+	17	16
chr7	108580657	108582744	+	17	15
chr7	111724698	111727600	-	17	16
chr7	138591012	138591591	+	17	17
chr7	142674561	142678462	-	17	12
chr7	142806651	142808412	-	17	14
chr7	143527775	143528492	+	17	16
chr8	42052011	42054941	+	17	15
chr8	42751428	42751906	+	17	16
chr8	56985198	56985947	-	17	16
chr8	66616302	66628064	+	17	15
chr8	85077888	85086552	+	17	17
chr8	90056649	90058210	-	17	16
chr8	97179753	97180685	+	17	17
chr8	101173720	101175701	-	17	16
chr8	130035697	130036750	-	17	13
chr8	133574059	133576540	+	17	15
chr8	143914103	143914447	+	17	17
chr9	6512937	6514474	-	17	16
chr9	15407359	15407533	+	17	17
chr9	35082771	35084930	+	17	15
chr9	35768094	35771610	+	17	17
chr9	37356854	37358077	-	17	15
chr9	70372631	70375330	-	17	13
chr9	75189864	75191129	+	17	15
chr9	80238632	80240767	+	17	13
chr9	80543836	80544266	-	17	14
chr9	80684717	80686723	+	17	15
chr9	85742171	85743480	+	17	15
chr9	108790089	108790438	+	17	15
chr9	110896825	110898103	-	17	16
chr9	114653413	114655394	+	17	16
chr9	131245270	131250298	+	17	14
chr9	137287299	137289642	+	17	16
chr10	8076931	8077549	-	17	12
chr10	17209658	17212660	-	17	15
chr10	23435177	23438263	-	17	17
chr10	24568962	24569066	+	17	15
chr10	27545131	27545466	+	17	17
chr10	38008023	38010145	-	17	12
chr10	58400077	58401656	+	17	15
chr10	91902420	91905338	-	17	12
chr10	103366323	103367883	-	17	17
chr10	111022977	111026340	+	17	15
chr11	344554	352014	+	17	16
chr11	493660	496677	+	17	16
chr11	1849143	1850877	-	17	16
chr11	6683833	6684508	+	17	16
chr11	10776632	10777673	+	17	14
chr11	10789502	10789892	+	17	17
chr11	13623051	13623135	-	17	17
chr11	30345878	30347937	+	17	13
chr11	45832359	45832539	-	17	16
chr11	47249626	47251975	+	17	16
chr11	60072518	60072760	-	17	17
chr11	66612165	66615964	+	17	15
chr11	82819241	82822842	-	17	13
chr11	103540168	103540349	-	17	17
chr11	112378481	112381993	+	17	16
chr11	118191876	118193637	-	17	16
chr11	128475227	128478344	+	17	14
chr11	129862108	129863327	-	17	17
chr12	8540910	8542231	-	17	13
chr12	12646438	12647212	+	17	16
chr12	32006251	32010578	-	17	16
chr12	32192287	32196387	+	17	14
chr12	39508013	39509031	+	17	15
chr12	52016450	52018510	-	17	15
chr12	56264101	56266422	-	17	14
chr12	95003777	95004353	+	17	17
chr12	122424120	122429058	-	17	17
chr12	123440162	123443978	+	17	15
chr12	128046444	128046557	+	17	16
chr13	22351567	22353226	+	17	14
chr13	22854043	22854147	+	17	17
chr13	25287697	25288785	+	17	12
chr13	39050592	39050920	-	17	15
chr13	45300492	45304388	+	17	15
chr13	72614716	72614844	-	17	17
chr13	73023316	73027255	+	17	16
chr13	104569993	104570127	+	17	7
chr14	68186287	68187320	+	17	16
chr14	68310646	68311859	+	17	16
chr14	68488263	68489362	-	17	16
chr14	68549628	68549831	-	17	17
chr14	73225908	73226486	-	17	17
chr14	74201002	74201233	+	17	17
chr14	77500981	77504269	-	17	9
chr14	77781463	77788867	+	17	16
chr14	90050284	90050590	-	17	16
chr14	99096462	99107611	+	17	16
chr14	102305307	102307429	+	17	16
chr14	102748437	102759179	-	17	15
chr14	106834503	106837169	-	17	14
chr15	22479151	22479985	-	17	13
chr15	23056679	23056973	+	17	17
chr15	34115640	34128600	+	17	14
chr15	45201196	45202299	+	17	16
chr15	50333171	50336254	+	17	15
chr15	51627822	51631001	+	17	14
chr15	60412580	60416440	-	17	14
chr15	65894805	65895075	-	17	16
chr15	89297126	89299819	+	17	12
chr16	1492136	1492828	-	17	16
chr16	2215780	2215928	-	17	16
chr16	4027434	4029826	-	17	16
chr16	4052530	4055255	-	17	15
chr16	22343052	22345786	+	17	14
chr16	30070973	30073129	-	17	11
chr16	30792416	30792515	-	17	17
chr16	31203502	31205517	+	17	16
chr16	68598929	68601192	+	17	14
chr16	69755409	69756479	-	17	17
chr16	70374071	70375946	+	17	16
chr16	85985389	85985633	+	17	15
chr16	88689507	88690270	-	17	11
chr17	1756909	1760178	+	17	15
chr17	3920578	3920914	-	17	13
chr17	40107435	40109403	+	17	11
chr17	42312993	42313307	+	17	15
chr17	45180213	45188273	-	17	17
chr17	49191391	49193745	-	17	13
chr17	62568706	62569919	-	17	16
chr17	75309894	75312922	-	17	17
chr17	81663448	81664398	-	17	15
chr18	9286001	9287396	+	17	16
chr18	45981434	45982867	-	17	13
chr18	54988917	54989967	-	17	17
chr19	2759568	2760536	+	17	16
chr19	3123694	3124001	+	17	16
chr19	4087269	4088189	-	17	15
chr19	7562669	7569944	+	17	17
chr19	8408913	8411206	+	17	15
chr19	15225005	15225315	+	17	17
chr19	18996411	18997814	+	17	17
chr19	19668198	19669848	-	17	16
chr19	43401035	43401232	-	17	17
chr19	47216104	47218311	-	17	15
chr19	47254589	47255337	-	17	17
chr19	48768975	48787346	-	17	17
chr19	51536523	51536810	-	17	16
chr20	3091066	3093356	-	17	15
chr20	7968889	7971067	-	17	13
chr20	13386517	13388629	-	17	14
chr20	32180438	32181308	-	17	13
chr20	33776683	33783088	+	17	14
chr20	37475393	37481262	-	17	15
chr20	37487311	37489223	-	17	14
chr20	37955241	37958244	-	17	16
chr20	39435388	39435688	-	17	16
chr21	5096699	5097520	-	17	15
chr21	22783911	22784083	-	17	17
chr21	42451247	42451866	+	17	16
chr22	30647114	30648624	+	17	14
chr22	38076590	38076983	+	17	15
chr22	39089426	39090584	-	17	14
chr22	41287378	41287874	+	17	16
chr22	41423748	41426392	+	17	15
chr22	45189473	45192045	-	17	16
chr22	47219332	47220123	-	17	15
chr22	49828049	49832208	+	17	17
chr22	49935340	49937049	-	17	16
chrX	12890997	12891988	+	17	13
chrX	12986480	12990602	+	17	13
chrX	41494448	41510736	-	17	16
chrX	47816989	47817090	-	17	16
chrX	49250528	49255790	-	17	13
chrX	50905895	50906334	+	17	16
chrX	57615757	57619732	+	17	13
chrX	71319641	71321595	-	17	17
chrX	71365127	71365929	-	17	16
chrX	101343266	101345651	-	17	16
chrX	104454647	104454787	+	17	17
chrX	114065337	114268704	+	17	17
chrX	141825506	141825631	-	17	16
chrY	12985996	12986708	-	17	17
chrY	17756257	17756539	-	17	17
chrY	20922824	20923385	-	17	17
chrY	21264616	21266048	+	17	13
GL000195.1	141012	142505	+	17	14
KI270711.1	17253	17638	+	17	16
KI270719.1	91986	93273	+	17	16
chr1	9626616	9628267	+	16	14
chr1	19278701	19281801	-	16	15
chr1	19329939	19331499	-	16	15
chr1	27002264	27003345	+	16	16
chr1	31171737	31171862	+	16	16
chr1	32726107	32732754	-	16	16
chr1	45753579	45753734	+	16	16
chr1	51278441	51282675	+	16	14
chr1	52599216	52601585	-	16	16
chr1	52614786	52616305	-	16	15
chr1	53224702	53226604	-	16	15
chr1	66988631	66994296	-	16	16
chr1	72282666	72282976	-	16	13
chr1	120149087	120150884	-	16	14
chr1	144383667	144384993	-	16	13
chr1	146062259	146064089	-	16	15
chr1	153646414	153649071	+	16	15
chr1	156140698	156142124	+	16	8
chr1	156190023	156193830	-	16	14
chr1	171593566	171595268	+	16	16
chr1	180693072	180694407	+	16	15
chr1	180783772	180787819	+	16	15
chr1	184772221	184774152	-	16	10
chr1	193294621	193295530	+	16	13
chr1	206750843	206751241	+	16	12
chr1	219258725	219261020	+	16	13
chr1	223172552	223173468	+	16	15
chr1	224203676	224204512	+	16	14
chr1	228080293	228081590	-	16	15
chr1	244048892	244050585	-	16	16
chr2	7092321	7093966	+	16	15
chr2	9580655	9583223	+	16	16
chr2	10562291	10564891	-	16	14
chr2	43342222	43345110	-	16	16
chr2	53052770	53056070	-	16	13
chr2	69438336	69439300	-	16	16
chr2	74550947	74551875	-	16	14
chr2	75012290	75016399	+	16	13
chr2	86496359	86498746	+	16	15
chr2	97753471	97755252	+	16	14
chr2	98741336	98744944	+	16	14
chr2	108696797	108699911	-	16	15
chr2	161988214	161991263	-	16	14
chr2	173967122	173967730	+	16	13
chr2	186452190	186452568	+	16	14
chr2	191205261	191205684	+	16	12
chr2	202361891	202364691	-	16	16
chr2	203611267	203625261	+	16	16
chr2	216208770	216209089	+	16	15
chr2	219190496	219194453	+	16	14
chr2	231670649	231670984	-	16	15
chr2	231729842	231732319	+	16	13
chr3	11771508	11772616	-	16	15
chr3	11778219	11779888	-	16	12
chr3	15318171	15318778	+	16	16
chr3	23984417	23987727	+	16	16
chr3	32756867	32757629	-	16	15
chr3	44873723	44874046	+	16	16
chr3	49437249	49441653	-	16	14
chr3	49449982	49453578	+	16	14
chr3	67012834	67013200	-	16	15
chr3	72723565	72734534	-	16	14
chr3	101599802	101600570	-	16	16
chr3	108091964	108094060	+	16	15
chr3	121948480	121948823	-	16	16
chr3	143968345	143971539	-	16	16
chr3	149122213	149125115	-	16	15
chr3	153068005	153068383	+	16	15
chr3	179394977	179395958	+	16	15
chr3	183445982	183447516	-	16	14
chr3	193705236	193706959	+	16	11
chr3	195508147	195510573	-	16	13
chr4	1342627	1344499	-	16	12
chr4	2961824	2963379	-	16	14
chr4	6242051	6242164	-	16	16
chr4	25721280	25723029	-	16	14
chr4	70694431	70696455	+	16	14
chr4	77819642	77820228	+	16	15
chr4	79899127	79900089	-	16	13
chr4	82209969	82210076	-	16	16
chr4	108668090	108669728	+	16	12
chr4	163493620	163494035	+	16	15
chr4	180933996	180934162	+	16	15
chr4	188068396	188068565	+	16	16
chr5	5795560	5796356	+	16	7
chr5	31421487	31421844	+	16	14
chr5	31487970	31488406	+	16	10
chr5	36455486	36455587	+	16	16
chr5	43811160	43811292	-	16	16
chr5	66094212	66097547	-	16	16
chr5	75538177	75542482	+	16	16
chr5	80543206	80545354	+	16	11
chr5	82429538	82429673	-	16	15
chr5	88880292	88882900	+	16	16
chr5	97442071	97442395	+	16	14
chr5	99249713	99249807	+	16	15
chr5	100958025	100961116	+	16	11
chr5	126679506	126737248	+	16	16
chr5	127530881	127532860	-	16	15
chr5	129100528	129102488	+	16	16
chr5	143252035	143257210	-	16	14
chr5	166723877	166724013	-	16	15
chr5	170084989	170086696	+	16	13
chr5	170090114	170090480	+	16	15
chr5	171840503	171840911	-	16	14
chr5	176522054	176524001	-	16	13
chr5	180582071	180584570	+	16	14
chr6	14244897	14249458	+	16	13
chr6	27443286	27444922	-	16	12
chr6	27901060	27902440	+	16	14
chr6	31397688	31399481	-	16	15
chr6	31840355	31844014	-	16	14
chr6	41287028	41288211	+	16	13
chr6	53219931	53220623	-	16	15
chr6	80352050	80355400	+	16	15
chr6	81754705	81755988	+	16	15
chr6	105947494	105970484	-	16	16
chr6	107688256	107689204	-	16	14
chr6	118455092	118456694	-	16	14
chr6	134167056	134168426	-	16	14
chr6	134167431	134168702	+	16	12
chr6	149416283	149416624	+	16	12
chr6	160120079	160121394	+	16	14
chr7	1006041	1006436	-	16	15
chr7	5095489	5100572	-	16	11
chr7	23019656	23086376	+	16	16
chr7	36301245	36301538	+	16	15
chr7	69824220	69899343	-	16	15
chr7	70507091	70508264	+	16	15
chr7	73744100	73753947	-	16	16
chr7	76452434	76455451	-	16	15
chr7	105302188	105303482	-	16	16
chr7	108465160	108470330	-	16	16
chr7	112080664	112082599	+	16	14
chr7	112200353	112200703	+	16	13
chr7	128666535	128666994	-	16	16
chr7	130150084	130151463	+	16	16
chr7	133167991	133168842	-	16	16
chr7	139021498	139023667	-	16	16
chr7	142324889	142328274	-	16	11
chr7	142788334	142790097	-	16	13
chr7	144445512	144447312	+	16	16
chr7	148964771	148965055	+	16	4
chr7	151520147	151522714	+	16	11
chr7	152892224	152895358	+	16	10
chr7	155700624	155701955	-	16	16
chr7	158707704	158712874	-	16	15
chr8	41926223	41927797	+	16	16
chr8	43137512	43139982	-	16	16
chr8	47757124	47758831	-	16	16
chr8	48068414	48069558	+	16	11
chr8	55826531	55828344	+	16	12
chr8	60793158	60796946	+	16	16
chr8	77024233	77027801	+	16	13
chr8	80527254	80527538	-	16	16
chr8	108507816	108510106	+	16	13
chr9	36565050	36565162	+	16	15
chr9	37133440	37135263	-	16	14
chr9	37235691	37236857	-	16	15
chr9	72366423	72366664	+	16	16
chr9	80361621	80362524	+	16	15
chr9	80433648	80436004	+	16	12
chr9	80671771	80672099	-	16	14
chr9	83551490	83554236	-	16	11
chr9	92686791	92687143	-	16	16
chr9	92941421	92941537	+	16	15
chr9	112188371	112190984	-	16	13
chr9	112208783	112209920	+	16	15
chr9	114604217	114606842	+	16	14
chr9	129882760	129883659	+	16	16
chr9	131247343	131248948	-	16	16
chr9	131541830	131544179	-	16	15
chr10	3893173	3894810	+	16	14
chr10	7149141	7149254	+	16	16
chr10	22003817	22006513	+	16	12
chr10	28335404	28337368	-	16	15
chr10	38380969	38382601	-	16	15
chr10	53468919	53472034	-	16	16
chr10	68796119	68807293	-	16	16
chr10	73958147	73996554	-	16	16
chr10	74800938	74809900	+	16	16
chr10	79658140	79660854	-	16	16
chr10	99773665	99775791	-	16	16
chr10	102086704	102087611	-	16	15
chr10	123179518	123183124	+	16	15
chr10	124792351	124795256	+	16	14
chr10	124910914	124915070	-	16	16
chr10	131963827	131965085	-	16	14
chr10	133277331	133278628	-	16	12
chr11	1518787	1520478	-	16	15
chr11	61296807	61298079	-	16	16
chr11	61399451	61402179	-	16	11
chr11	62556344	62559070	+	16	12
chr11	65260190	65260730	-	16	13
chr11	66004446	66006055	+	16	14
chr11	86196693	86196802	+	16	16
chr11	95065049	95066785	-	16	15
chr11	121648451	121650807	+	16	15
chr11	123019291	123019622	+	16	16
chr11	123037584	123039557	+	16	13
chr12	10600219	10600846	-	16	14
chr12	11342868	11343994	+	16	13
chr12	11898220	11900227	+	16	14
chr12	14938726	14941893	-	16	14
chr12	32667943	32678762	-	16	10
chr12	45914627	45919113	-	16	15
chr12	51089499	51092688	-	16	15
chr12	61342760	61342885	+	16	16
chr12	67685411	67686140	-	16	16
chr12	68806094	68807641	-	16	12
chr12	98508372	98511445	-	16	11
chr12	100017030	100019688	-	16	13
chr12	101872809	101876648	-	16	13
chr12	108708510	108712786	+	16	14
chr12	121501591	121503467	+	16	14
chr12	132481136	132484409	-	16	14
chr13	19955656	19958488	-	16	14
chr14	30829039	30829380	+	16	14
chr14	50842013	50842914	+	16	16
chr14	51265757	51269421	+	16	14
chr14	61797115	61797543	-	16	14
chr14	67900784	67903289	+	16	15
chr14	68456868	68457857	-	16	13
chr14	69040713	69043729	-	16	15
chr14	76892393	76912864	+	16	16
chr14	103514603	103514921	-	16	16
chr14	105481966	105483949	+	16	15
chr15	41514571	41516177	+	16	12
chr15	49820783	49823423	-	16	12
chr15	55176888	55180359	-	16	16
chr15	63309983	63313565	+	16	12
chr15	65035560	65035781	-	16	15
chr15	74913870	74916893	-	16	16
chr15	74915723	74918000	+	16	14
chr15	82806617	82809581	-	16	14
chr15	89292782	89295369	+	16	12
chr15	96842855	96842960	+	16	16
chr16	712907	713598	+	16	16
chr16	797080	798035	+	16	15
chr16	4460229	4460819	+	16	15
chr16	21374501	21376282	-	16	11
chr16	25453955	25454061	-	16	16
chr16	26484195	26484325	-	16	16
chr16	30627200	30628610	+	16	16
chr16	31596895	31598012	-	16	15
chr16	31712251	31712656	+	16	16
chr16	47375060	47376918	+	16	12
chr16	50663210	50663918	-	16	14
chr16	69092553	69094013	-	16	15
chr16	71809562	71812915	-	16	16
chr16	77189661	77190289	-	16	15
chr17	1418223	1419222	+	16	13
chr17	2401153	2402144	+	16	15
chr17	4730167	4733389	-	16	16
chr17	8271480	8272822	+	16	15
chr17	9248497	9250456	-	16	16
chr17	16502732	16513427	-	16	16
chr17	18814797	18815969	+	16	16
chr17	20595755	20603009	+	16	16
chr17	27320346	27323176	+	16	14
chr17	30515366	30517065	-	16	16
chr17	41797242	41798094	-	16	16
chr17	42186117	42188711	-	16	13
chr17	45589292	45594538	+	16	16
chr17	51122651	51124543	+	16	14
chr17	59540315	59551315	-	16	16
chr17	67986066	67987152	+	16	14
chr17	74491138	74492866	+	16	14
chr17	75183104	75192576	+	16	15
chr17	81567639	81568033	+	16	16
chr18	13792269	13819359	+	16	16
chr18	15286318	15286455	+	16	16
chr18	35146747	35147089	-	16	16
chr18	45967845	45971594	+	16	15
chr18	49475352	49476660	-	16	12
chr18	54146835	54147783	-	16	16
chr19	2504522	2510583	+	16	14
chr19	4082374	4082861	+	16	15
chr19	9520115	9520875	+	16	16
chr19	10346154	10346681	-	16	16
chr19	11271586	11287852	-	16	16
chr19	11986199	11987611	-	16	13
chr19	14420575	14422338	+	16	13
chr19	15348490	15349083	+	16	14
chr19	17399581	17402787	-	16	15
chr19	17866774	17868481	-	16	14
chr19	18255613	18256776	+	16	15
chr19	34473235	34475005	+	16	16
chr19	37733745	37735498	-	16	12
chr19	41445301	41448533	+	16	13
chr19	44998682	45000353	+	16	15
chr19	46285962	46286135	+	16	16
chr19	48111164	48112973	-	16	14
chr19	49548520	49553571	+	16	13
chr19	49859293	49859717	+	16	16
chr19	51516917	51517746	-	16	12
chr19	53844304	53845785	-	16	14
chr19	54921361	54923479	+	16	15
chr19	57298556	57300942	+	16	16
chr20	2830092	2832560	-	16	15
chr20	38800641	38801840	-	16	16
chr20	40681162	40685797	-	16	14
chr20	44286348	44287378	-	16	16
chr20	49194255	49199057	+	16	14
chr21	5099906	5101873	-	16	15
chr21	15886375	15887640	-	16	15
chr21	43714159	43715903	-	16	14
chr22	17077679	17079618	+	16	15
chr22	17782278	17784721	+	16	14
chr22	18588332	18589691	-	16	16
chr22	19867721	19868623	-	16	16
chr22	20076251	20077597	-	16	16
chr22	31349119	31354490	+	16	16
chr22	35360249	35366909	-	16	16
chr22	39346111	39346973	+	16	15
chr22	40940256	40943579	+	16	14
chr22	41409899	41413899	-	16	15
chr22	42071503	42073016	+	16	14
chr22	49839144	49840961	+	16	11
chrX	13686826	13689025	-	16	9
chrX	21995096	21997981	+	16	14
chrX	35021119	35021248	-	16	16
chrX	48608991	48609544	+	16	15
chrX	53927488	53929705	+	16	16
chrX	76193088	76194601	+	16	14
chrX	77503925	77504466	-	16	14
chrX	78765575	78765913	+	16	16
chrX	80731514	80733092	+	16	16
chrX	100960713	100963449	+	16	14
chrX	108991381	108991545	+	16	14
chrX	117143657	117274141	-	16	16
chrX	119221742	119221890	+	16	14
chrX	119774687	119782143	+	16	14
chrX	121685651	121863546	-	16	16
chrX	125399644	125399729	+	16	12
chrX	145436854	145438523	+	16	16
chrX	146042543	146062082	+	16	15
chrY	1771015	1771406	-	16	13
chrY	7381994	7382373	+	16	15
chrY	13029084	13029790	-	16	16
chrY	19609479	19610795	+	16	16
chrY	19684270	19685293	-	16	15
GL000219.1	68325	70539	-	16	15
KI270718.1	34399	36824	-	16	15
KI270744.1	39479	39784	-	16	14
chr1	12017076	12019158	-	15	14
chr1	24864955	24866164	+	15	11
chr1	25430331	25430840	+	15	15
chr1	40037123	40039439	-	15	15
chr1	55216637	55217454	+	15	12
chr1	90898368	90903298	+	15	14
chr1	91771300	91771910	+	15	12
chr1	105707755	105890291	-	15	15
chr1	108558855	108559995	-	15	11
chr1	108703066	108705135	+	15	12
chr1	114383971	114386044	-	15	12
chr1	120910488	120911837	-	15	14
chr1	148789718	148791024	-	15	14
chr1	150768558	150771490	-	15	11
chr1	153700911	153701648	+	15	15
chr1	157138535	157141980	+	15	13
chr1	157736048	157738782	-	15	13
chr1	160359244	160359662	-	15	15
chr1	162616267	162618120	-	15	13
chr1	167709344	167709995	+	15	13
chr1	180744667	180745057	-	15	15
chr1	180772913	180775752	+	15	13
chr1	182834881	182837162	+	15	13
chr1	183036093	183036746	-	15	13
chr1	197212577	197214828	+	15	13
chr1	198941018	198941123	-	15	15
chr1	214338215	214338787	+	15	12
chr1	222554753	222555193	-	15	14
chr1	224194041	224194369	-	15	14
chr1	234934057	234934703	-	15	13
chr2	23728751	23731051	-	15	15
chr2	27426619	27427707	-	15	14
chr2	32316898	32319343	-	15	14
chr2	32621353	32624568	+	15	12
chr2	43531993	43532393	+	15	15
chr2	43590261	43590597	+	15	15
chr2	60554551	60556491	+	15	10
chr2	61056867	61059063	+	15	15
chr2	86196679	86198080	+	15	15
chr2	97590071	97591679	+	15	13
chr2	112580149	112580921	-	15	13
chr2	113756762	113757917	+	15	13
chr2	117813949	117814661	-	15	12
chr2	121776092	121776219	-	15	15
chr2	130349874	130351411	-	15	13
chr2	130394924	130396942	+	15	11
chr2	130398320	130400810	+	15	14
chr2	144658385	144660931	-	15	14
chr2	152113817	152115131	+	15	14
chr2	157334944	157338586	-	15	14
chr2	174064025	174066363	-	15	12
chr2	186327483	186330759	-	15	15
chr2	186356879	186360000	-	15	13
chr2	186381715	186382207	-	15	15
chr2	186415751	186416042	+	15	14
chr2	196947671	196948754	-	15	15
chr2	197477404	197480378	+	15	14
chr2	200838776	200839140	+	15	11
chr2	200866185	200869350	-	15	13
chr2	227014961	227016315	-	15	14
chr2	231690013	231692979	-	15	13
chr3	23693372	23693474	-	15	15
chr3	30603522	30604727	-	15	13
chr3	32520143	32522089	-	15	14
chr3	32748646	32751514	-	15	12
chr3	33106402	33109258	-	15	14
chr3	33457752	33462386	-	15	14
chr3	45000707	45001342	+	15	15
chr3	48905628	48913453	+	15	14
chr3	52810711	52812709	-	15	15
chr3	70945898	70948604	-	15	14
chr3	121954603	121956425	-	15	12
chr3	131443953	131444294	-	15	13
chr3	137904693	137904849	+	15	15
chr3	141926562	141927485	+	15	12
chr3	142276161	142277464	+	15	9
chr3	143074137	143076725	+	15	12
chr3	144485606	144486016	-	15	14
chr3	160486104	160487548	-	15	12
chr3	171518908	171519031	+	15	15
chr3	172747675	172750043	-	15	12
chr3	182923643	182927868	-	15	14
chr3	183486632	183487423	+	15	15
chr3	184184539	184184882	+	15	13
chr3	194393407	194394657	-	15	15
chr3	195957679	195958651	-	15	14
chr4	839137	843626	-	15	13
chr4	11437682	11439368	+	15	15
chr4	15465515	15466725	-	15	13
chr4	24584762	24585252	+	15	13
chr4	41962773	41965193	-	15	15
chr4	45917170	45917445	+	15	15
chr4	71047934	71050845	+	15	15
chr4	77819639	77820145	-	15	14
chr4	82464804	82466938	-	15	14
chr4	101017119	101018783	-	15	13
chr4	108633166	108634953	+	15	15
chr4	112443133	112445562	+	15	15
chr4	169091449	169092890	-	15	15
chr4	183142944	183143772	+	15	15
chr4	183177413	183180883	+	15	13
chr5	1453588	1456121	-	15	9
chr5	1634075	1634766	+	15	13
chr5	16336241	16338375	+	15	15
chr5	32176086	32197074	-	15	15
chr5	41901355	41903981	-	15	15
chr5	50486987	50597994	-	15	12
chr5	53876692	53878577	-	15	13
chr5	54554396	54555788	+	15	15
chr5	55621304	55623428	-	15	12
chr5	68303073	68303571	+	15	14
chr5	70046267	70049352	+	15	14
chr5	70078564	70080693	+	15	13
chr5	75530343	75531020	-	15	14
chr5	75533795	75534964	+	15	15
chr5	80087357	80089194	-	15	13
chr5	80258269	80259437	-	15	13
chr5	98340080	98340444	+	15	15
chr5	115561623	115563628	-	15	13
chr5	131153093	131155087	+	15	12
chr5	138108296	138108693	-	15	14
chr5	142154743	142156644	+	15	13
chr5	150439617	150440820	-	15	13
chr5	150550575	150552326	+	15	13
chr5	172248203	172249338	+	15	13
chr5	176539302	176539696	+	15	14
chr6	2950157	2954413	+	15	11
chr6	11091571	11093210	-	15	14
chr6	11711615	11711928	-	15	15
chr6	20087301	20090280	-	15	14
chr6	30521502	30525225	+	15	12
chr6	34584368	34585899	-	15	13
chr6	42090143	42091577	+	15	13
chr6	43036519	43037209	-	15	14
chr6	63594224	63603572	+	15	12
chr6	70607973	70608161	-	15	15
chr6	71829821	71829937	-	15	15
chr6	121414906	121415078	-	15	15
chr6	122434701	122436635	+	15	14
chr6	130513132	130513569	-	15	9
chr6	139064061	139071732	+	15	15
chr6	149177676	149178388	-	15	14
chr6	158228928	158231756	-	15	13
chr7	1327194	1327489	+	15	15
chr7	2893321	2896130	-	15	15
chr7	6659795	6662146	+	15	13
chr7	17773698	17774042	-	15	14
chr7	28949049	28949569	+	15	14
chr7	38254993	38257351	-	15	14
chr7	38273774	38274688	-	15	12
chr7	38719452	38722962	-	15	15
chr7	39916273	39916429	-	15	15
chr7	47667199	47668059	+	15	14
chr7	63566372	63566543	-	15	14
chr7	64509699	64509963	+	15	15
chr7	64716080	64717181	+	15	14
chr7	70553850	70554845	-	15	14
chr7	73413796	73415616	-	15	15
chr7	73523445	73530728	-	15	11
chr7	73672993	73676839	+	15	13
chr7	73759066	73766047	+	15	14
chr7	75150355	75155925	+	15	15
chr7	75181386	75181519	-	15	15
chr7	76456908	76457254	+	15	13
chr7	77972924	77975543	-	15	14
chr7	93087582	93091748	-	15	8
chr7	93096705	93099112	-	15	10
chr7	101716953	101758467	-	15	15
chr7	105247828	105248793	+	15	14
chr7	106909054	106913881	+	15	12
chr7	128289728	128291495	-	15	12
chr7	140221860	140222506	+	15	13
chr7	142517599	142518792	-	15	14
chr7	149230575	149232809	-	15	15
chr7	149524481	149529095	-	15	13
chr8	30061523	30062457	+	15	14
chr8	30649541	30650916	+	15	15
chr8	48071411	48093110	-	15	14
chr8	56057105	56057268	+	15	15
chr8	56062867	56065327	-	15	12
chr8	70107910	70109681	-	15	14
chr8	77020333	77022414	+	15	13
chr8	87900609	87901088	-	15	15
chr8	91095355	91095750	-	15	14
chr8	97249293	97249511	+	15	15
chr8	109151003	109162975	+	15	15
chr8	140463455	140463695	-	15	11
chr8	140635755	140636190	+	15	14
chr9	5880791	5881418	-	15	13
chr9	6517738	6518661	+	15	14
chr9	27691233	27694759	+	15	15
chr9	33284545	33287034	-	15	14
chr9	36305859	36308473	+	15	13
chr9	37157016	37157670	-	15	14
chr9	37194957	37195415	-	15	15
chr9	80351186	80353095	+	15	15
chr9	80693721	80694635	+	15	11
chr9	83943750	83956529	-	15	14
chr9	86260068	86261604	-	15	15
chr9	92674871	92676266	-	15	15
chr9	107490623	107491027	+	15	15
chr9	111797966	111799499	+	15	12
chr9	111894736	111895739	-	15	13
chr9	120932022	120932857	+	15	15
chr9	126552481	126555741	+	15	15
chr9	128367976	128371032	-	15	15
chr9	129886084	129887170	-	15	12
chr9	137257529	137261743	-	15	15
chr10	6595056	6597153	+	15	14
chr10	18636010	18636731	+	15	13
chr10	30861362	30862741	-	15	13
chr10	30943189	30943493	-	15	12
chr10	43550503	43552335	-	15	14
chr10	49809269	49812235	-	15	14
chr10	69049079	69051000	+	15	14
chr10	74713660	74717468	+	15	15
chr10	80092576	80094081	+	15	14
chr10	107505887	107505996	+	15	15
chr10	110287556	110287981	+	15	13
chr10	122434044	122435819	+	15	14
chr10	123225988	123227019	+	15	15
chr11	628982	629778	-	15	7
chr11	2291673	2294206	-	15	13
chr11	9274034	9276216	-	15	15
chr11	33037665	33038472	-	15	11
chr11	40085016	40087525	-	15	12
chr11	40097403	40099223	-	15	12
chr11	46740040	46742956	-	15	15
chr11	61385881	61388188	+	15	12
chr11	67426108	67427522	-	15	10
chr11	69971471	69972424	-	15	9
chr11	73668126	73670823	+	15	14
chr11	73970535	73972037	+	15	15
chr11	76386087	76392778	+	15	15
chr11	93281218	93285038	-	15	12
chr11	98194698	98431801	-	15	15
chr11	118882109	118883695	+	15	14
chr12	270313	272303	-	15	14
chr12	9740530	9745956	+	15	11
chr12	9810950	9812340	+	15	14
chr12	14909235	14911301	-	15	12
chr12	26137747	26138073	-	15	12
chr12	31844825	31846199	-	15	14
chr12	32238631	32240704	+	15	12
chr12	32340901	32342230	+	15	14
chr12	39452568	39454211	-	15	11
chr12	39529012	39529991	-	15	11
chr12	48853406	48853774	+	15	11
chr12	52019485	52020095	+	15	15
chr12	55005543	55005875	+	15	14
chr12	71722523	71724768	+	15	12
chr12	94674423	94676425	-	15	13
chr12	94698391	94700938	-	15	10
chr12	94718495	94721104	-	15	12
chr12	106226463	106227490	-	15	13
chr12	120379602	120380047	-	15	14
chr12	121481930	121484729	+	15	11
chr12	124922452	124922842	-	15	3
chr12	128985411	129004444	-	15	12
chr12	132471419	132472838	-	15	12
chr13	19795143	19807937	+	15	15
chr13	19802076	19805858	-	15	14
chr13	19870716	19871775	+	15	11
chr13	20776483	20776997	-	15	14
chr13	27041238	27042892	-	15	14
chr13	31699643	31701246	-	15	13
chr13	32788287	32790531	+	15	12
chr13	65327279	65584801	+	15	15
chr13	79306324	79310926	-	15	14
chr13	100011827	100025718	-	15	15
chr14	20483601	20484612	+	15	11
chr14	21549155	21558681	-	15	15
chr14	21698283	21698514	+	15	13
chr14	21979403	21980376	+	15	10
chr14	21990939	21991215	+	15	9
chr14	32161760	32163808	+	15	14
chr14	49855050	49855399	+	15	13
chr14	54836074	54840012	-	15	15
chr14	54932305	54932608	+	15	15
chr14	67904592	67904878	-	15	15
chr14	67974541	67977004	+	15	14
chr14	68166198	68166534	-	15	15
chr14	68566907	68569273	+	15	12
chr14	96972422	96972821	-	15	14
chr14	98465118	98465294	-	15	15
chr14	99161774	99164746	+	15	13
chr14	105693196	105695389	+	15	13
chr15	21734731	21735237	-	15	15
chr15	22267039	22267445	-	15	11
chr15	28777921	28778243	+	15	15
chr15	31360423	31364056	+	15	14
chr15	31380605	31381622	+	15	13
chr15	32456343	32459076	-	15	14
chr15	45425838	45426558	+	15	15
chr15	50347561	50348645	+	15	15
chr15	51623072	51624223	+	15	14
chr15	63498738	63500238	-	15	14
chr15	63607139	63607958	-	15	14
chr15	64686088	64686931	+	15	15
chr15	67810374	67810699	-	15	10
chr15	72898589	72899350	-	15	15
chr15	78754477	78756452	+	15	15
chr16	1994641	1996513	-	15	14
chr16	4045253	4047715	+	15	15
chr16	31203948	31206903	-	15	13
chr16	31917447	31917770	-	15	14
chr16	34137329	34137438	+	15	15
chr16	46864836	46878014	+	15	14
chr16	47179636	47182582	-	15	14
chr16	48952451	48952662	+	15	15
chr16	57084764	57085617	+	15	15
chr16	61323357	61353434	+	15	15
chr16	88634514	88638221	+	15	14
chr17	209531	212355	-	15	14
chr17	1630526	1632591	-	15	15
chr17	3966040	3966705	-	15	15
chr17	4705815	4708161	-	15	10
chr17	7032935	7035633	-	15	15
chr17	17494081	17494369	+	15	13
chr17	18269109	18270304	-	15	15
chr17	21196301	21197696	-	15	15
chr17	21281167	21282312	-	15	14
chr17	29058650	29060363	+	15	13
chr17	30493019	30493392	-	15	15
chr17	30515874	30516980	+	15	13
chr17	45180280	45189815	+	15	14
chr17	47688477	47690869	+	15	14
chr17	48062705	48064477	+	15	15
chr17	60175240	60177325	-	15	15
chr17	60676306	60677228	-	15	13
chr17	67984707	67988322	-	15	14
chr17	68170795	68172975	+	15	12
chr17	69556390	69559460	+	15	15
chr17	74980530	74980642	-	15	15
chr17	77505362	77506012	+	15	14
chr17	78782955	78783840	-	15	13
chr17	78982951	78986367	-	15	15
chr17	82296584	82298042	-	15	14
chr18	70282373	70282535	+	15	15
chr19	3473130	3473780	+	15	13
chr19	4242614	4243594	-	15	14
chr19	4426323	4428626	-	15	13
chr19	4545912	4547341	-	15	12
chr19	4867963	4870891	+	15	13
chr19	5791585	5792638	+	15	14
chr19	11533359	11535464	-	15	15
chr19	12310299	12314052	-	15	15
chr19	12944831	12945419	+	15	15
chr19	14078903	14079880	-	15	15
chr19	17735282	17739291	-	15	14
chr19	17824128	17824754	-	15	14
chr19	19896497	19899006	+	15	15
chr19	29898000	29898574	-	15	15
chr19	35771525	35774289	+	15	14
chr19	41429364	41431530	+	15	12
chr19	45880875	45882160	-	15	11
chr19	46464465	46464581	-	15	15
chr19	48258368	48259770	-	15	13
chr19	48709938	48711071	-	15	14
chr19	49628329	49630417	-	15	14
chr19	55751298	55751393	-	15	14
chr19	56992701	56992804	+	15	15
chr19	57331000	57331696	-	15	11
chr20	2450848	2453435	-	15	10
chr20	3830278	3833178	-	15	15
chr20	25001241	25002370	-	15	14
chr20	35099678	35100357	-	15	14
chr20	35112022	35112341	+	15	13
chr20	35611843	35615299	+	15	12
chr20	44855707	44855826	+	15	15
chr20	49199414	49208910	-	15	13
chr20	49210584	49213473	-	15	11
chr20	53834763	53836839	+	15	11
chr20	59337607	59337675	-	15	15
chr20	59951612	59954137	+	15	13
chr21	20031045	20119421	-	15	14
chr21	31009123	31009716	-	15	14
chr21	42399005	42400293	+	15	15
chr21	44876195	44877471	-	15	14
chr21	46633493	46635551	-	15	14
chr22	23760531	23762295	+	15	15
chr22	24010163	24011040	-	15	13
chr22	32386891	32387161	+	15	15
chr22	36485341	36486262	-	15	14
chr22	37666960	37669937	+	15	12
chr22	44483835	44484712	-	15	15
chr22	45870285	45872266	+	15	12
chrX	15789505	15789766	+	15	13
chrX	20122066	20123928	+	15	15
chrX	20142274	20145933	+	15	14
chrX	20178351	20180020	+	15	14
chrX	24053600	24054135	-	15	12
chrX	48885024	48885228	-	15	15
chrX	53171659	53175904	+	15	11
chrX	56571658	56574031	-	15	15
chrX	71117337	71118434	-	15	15
chrX	79399874	79400296	+	15	13
chrX	80739784	80743453	-	15	15
chrX	81328241	81328856	-	15	13
chrX	89406780	89407186	-	15	15
chrX	89476203	89479264	+	15	14
chrX	103326674	103326747	+	15	1
chrX	104157292	104157874	+	15	8
chrX	107615061	107616613	+	15	15
chrX	118692402	118694597	-	15	14
chrX	118794562	118796014	+	15	12
chrX	135034338	135034583	-	15	13
chrX	138021443	138264107	-	15	14
chrX	154490736	154493025	+	15	15
chrY	1055934	1072527	-	15	15
chrY	1921307	1924090	-	15	13
chrY	2163113	2164779	-	15	13
chrY	19636435	19678311	-	15	15
GL000220.1	100317	101652	-	15	13
KI270719.1	76140	76247	+	15	15
KI270734.1	129623	131056	-	15	14
KI270742.1	23295	24293	-	15	14
chr1	2565396	2565864	+	14	14
chr1	17449055	17487937	-	14	14
chr1	17449437	17450953	+	14	13
chr1	19296278	19296602	-	14	13
chr1	25504155	25504473	+	14	14
chr1	25506272	25510884	+	14	13
chr1	27927629	27928845	+	14	13
chr1	28770260	28779486	+	14	13
chr1	34968475	34968739	-	14	14
chr1	35857951	35861500	-	14	12
chr1	39047974	39050319	-	14	12
chr1	43648844	43649884	-	14	12
chr1	62360241	62411847	+	14	14
chr1	64416712	64461723	+	14	13
chr1	88845489	88851099	+	14	13
chr1	90907119	90907836	+	14	12
chr1	91715560	91716357	-	14	14
chr1	91766065	91768149	+	14	13
chr1	105216092	105216321	+	14	14
chr1	108535615	108535764	-	14	13
chr1	109426886	109430995	+	14	13
chr1	145999150	146001774	+	14	14
chr1	147016816	147017113	-	14	14
chr1	151973496	151978093	-	14	14
chr1	152471412	152471776	-	14	14
chr1	153650149	153651671	+	14	14
chr1	155935066	155937352	+	14	14
chr1	161386880	161389506	-	14	14
chr1	168271721	168273145	+	14	14
chr1	226001316	226001902	-	14	12
chr1	226617451	226618124	+	14	13
chr1	229343485	229344029	+	14	9
chr1	234349920	234353926	+	14	8
chr1	235652039	235653758	-	14	12
chr1	247185782	247186917	-	14	13
chr2	7139533	7140076	+	14	14
chr2	7175165	7178273	+	14	13
chr2	10684879	10685489	-	14	13
chr2	10698660	10698770	-	14	13
chr2	25367177	25369043	-	14	11
chr2	27244792	27248864	+	14	12
chr2	28870417	28871319	+	14	13
chr2	30174067	30174400	-	14	11
chr2	30177009	30177305	-	14	14
chr2	36830791	36834674	-	14	14
chr2	43218283	43219804	-	14	14
chr2	43371229	43374392	-	14	13
chr2	53155189	53157393	-	14	11
chr2	60447201	60448863	+	14	12
chr2	71440956	71441511	-	14	13
chr2	73753891	73756977	-	14	14
chr2	74994707	74995099	-	14	14
chr2	85911691	85913785	-	14	13
chr2	87196676	87196859	+	14	14
chr2	88021475	88022796	+	14	14
chr2	96009155	96010248	-	14	12
chr2	96165145	96166140	+	14	12
chr2	96581824	96584749	-	14	14
chr2	108693496	108694280	+	14	14
chr2	151774265	151776657	-	14	13
chr2	169642627	169644830	+	14	14
chr2	170987714	170989755	+	14	14
chr2	171494811	171497148	+	14	13
chr2	181433955	181434336	-	14	14
chr2	183222937	183224326	+	14	12
chr2	185953184	185956578	-	14	12
chr2	186135111	186135469	+	14	14
chr2	186271835	186272211	+	14	14
chr2	195417349	195420877	-	14	8
chr2	196959935	196960987	+	14	12
chr2	203306150	203306999	+	14	14
chr2	207803566	207804101	-	14	13
chr2	224756950	224757330	-	14	12
chr2	227001159	227005845	+	14	14
chr2	230079011	230079267	+	14	14
chr2	234292005	234295441	-	14	12
chr2	237272836	237272971	-	14	14
chr2	239402485	239404892	+	14	14
chr3	15292404	15294048	+	14	12
chr3	23997428	23999384	+	14	11
chr3	37051176	37052507	+	14	11
chr3	38433685	38437971	+	14	13
chr3	41994197	42005314	-	14	12
chr3	48510193	48513264	-	14	12
chr3	58426753	58427547	-	14	14
chr3	101596944	101598580	+	14	14
chr3	108026467	108028048	+	14	13
chr3	114240082	114240984	+	14	12
chr3	122127671	122132332	+	14	11
chr3	124954754	124958241	-	14	9
chr3	128836196	128839092	+	14	12
chr3	132370154	132372121	-	14	13
chr3	133593158	133594791	+	14	11
chr3	138488938	138490613	-	14	11
chr3	150491785	150494299	-	14	13
chr3	177000058	177001734	-	14	13
chr3	184309648	184314315	-	14	14
chr3	190424646	190424950	+	14	4
chr4	1858304	1860009	+	14	13
chr4	15460103	15461390	-	14	12
chr4	25725410	25727664	-	14	10
chr4	39043384	39044429	-	14	11
chr4	40259032	40260341	+	14	12
chr4	40262540	40264292	-	14	13
chr4	71042846	71044575	+	14	13
chr4	77041324	77043629	-	14	14
chr4	82806759	82807907	+	14	13
chr4	83172241	83172910	-	14	11
chr4	83226570	83227782	-	14	13
chr4	87421591	87422361	-	14	13
chr4	109557655	109559816	-	14	13
chr4	137502094	137502226	+	14	14
chr4	139482555	139487188	-	14	11
chr4	146212777	146214499	+	14	10
chr4	153428301	153439536	-	14	14
chr4	174337270	174338868	-	14	11
chr4	180895753	180934150	-	14	14
chr4	183110375	183114185	+	14	13
chr4	189302433	189303558	-	14	14
chr5	17389747	17390403	+	14	14
chr5	31474254	31475577	-	14	13
chr5	35888408	35888848	-	14	12
chr5	46164057	46164207	+	14	14
chr5	46315239	46315414	+	14	14
chr5	50382341	50383197	-	14	14
chr5	55611082	55612550	-	14	13
chr5	55619042	55620125	-	14	13
chr5	62645501	62645844	-	14	13
chr5	75262733	75262868	-	14	13
chr5	75317324	75319741	-	14	12
chr5	75559606	75559908	-	14	13
chr5	78481518	78482914	+	14	13
chr5	97040675	97041626	+	14	11
chr5	134864070	134868152	+	14	13
chr5	139340486	139340955	+	14	14
chr5	148894282	148897559	+	14	11
chr5	149543513	149545361	+	14	12
chr5	150565044	150566070	+	14	12
chr5	168520229	168521823	+	14	12
chr5	171853813	171854112	+	14	14
chr5	172026450	172029489	-	14	9
chr5	172265833	172267652	+	14	12
chr5	176525583	176526686	-	14	12
chr5	178890606	178891582	+	14	13
chr5	179463607	179480258	+	14	13
chr5	181178300	181178436	-	14	14
chr6	16162427	16163879	+	14	12
chr6	27529450	27529663	-	14	14
chr6	28951022	28951099	+	14	14
chr6	31504305	31504677	-	14	13
chr6	33343130	33345434	+	14	14
chr6	34230212	34233364	-	14	12
chr6	35328140	35330032	-	14	14
chr6	41699387	41701713	-	14	13
chr6	42872410	42876157	-	14	12
chr6	44102230	44104241	-	14	13
chr6	70631978	70632096	+	14	13
chr6	80368465	80370084	+	14	14
chr6	103638257	103638358	-	14	14
chr6	118447258	118449866	-	14	13
chr6	122434179	122436517	-	14	13
chr6	126204851	126205738	+	14	9
chr6	141484336	141485579	-	14	13
chr6	150846851	150848600	+	14	13
chr6	158867722	158869058	-	14	13
chr6	164735109	164735851	-	14	14
chr7	896448	896762	-	14	13
chr7	1102614	1103792	-	14	14
chr7	1108933	1109428	-	14	11
chr7	2417409	2417741	-	14	13
chr7	2471436	2473089	+	14	14
chr7	6326943	6329040	+	14	14
chr7	27508800	27512711	-	14	12
chr7	32473542	32473649	-	14	14
chr7	32903228	32905887	-	14	13
chr7	63197439	63197542	+	14	14
chr7	69682704	69686372	+	14	8
chr7	69881883	69887259	+	14	10
chr7	70191240	70191693	-	14	14
chr7	70609468	70610868	-	14	13
chr7	70621891	70622259	-	14	14
chr7	70702845	70704451	+	14	12
chr7	73091146	73091490	+	14	13
chr7	73292824	73293337	+	14	13
chr7	73388927	73389031	-	14	14
chr7	73772750	73774778	+	14	12
chr7	77783322	77784346	+	14	14
chr7	92558874	92560383	+	14	14
chr7	93070471	93071548	-	14	14
chr7	99167613	99167748	-	14	14
chr7	105175958	105178393	-	14	13
chr7	105297501	105297986	+	14	14
chr7	105362238	105363014	+	14	13
chr7	109908447	109908576	+	14	14
chr7	112183567	112185034	-	14	13
chr7	123652579	123655836	-	14	11
chr7	128108620	128111382	+	14	13
chr7	139042287	139043133	-	14	13
chr7	139245130	139246355	-	14	14
chr7	142684606	142684974	+	14	12
chr7	143312517	143312646	-	14	14
chr7	158711003	158711920	+	14	14
chr8	9484664	9484788	+	14	14
chr8	22439125	22440554	-	14	12
chr8	23266214	23268498	-	14	14
chr8	38068043	38069486	-	14	13
chr8	42174025	42174343	+	14	13
chr8	47771512	47773100	-	14	13
chr8	52619131	52620211	-	14	14
chr8	53714193	53714478	+	14	12
chr8	55856210	55857547	-	14	13
chr8	56057624	56059824	-	14	12
chr8	60711895	60713260	+	14	14
chr8	66937459	66938579	+	14	14
chr8	74229012	74230611	+	14	14
chr8	97171522	97174410	+	14	14
chr8	109238738	109240868	-	14	14
chr8	140517517	140519784	-	14	12
chr8	144971834	144973094	-	14	12
chr9	6511709	6513796	+	14	14
chr9	12205738	12205886	+	14	14
chr9	19162218	19164589	+	14	8
chr9	27317680	27322498	-	14	10
chr9	35767341	35768428	-	14	11
chr9	36488954	36491379	+	14	13
chr9	61312395	61312528	-	14	12
chr9	67506011	67506137	+	14	14
chr9	80317979	80320384	+	14	14
chr9	90901066	90902237	+	14	14
chr9	105843779	105848733	+	14	8
chr9	112367499	112368460	-	14	13
chr9	122765127	122786896	+	14	13
chr9	127412915	127414408	-	14	11
chr9	128396860	128398566	+	14	14
chr9	133756851	133758853	-	14	14
chr9	133761145	133761625	-	14	12
chr9	137239253	137239935	+	14	14
chr10	13303054	13303611	-	14	14
chr10	15484862	15484961	-	14	13
chr10	22524407	22525722	-	14	12
chr10	30739096	30739259	+	14	14
chr10	31801241	31802182	-	14	11
chr10	42746346	42746478	-	14	14
chr10	67881713	67884342	-	14	14
chr10	69178292	69179925	-	14	12
chr10	73812187	73812494	-	14	13
chr10	80146859	80147431	+	14	13
chr10	92032025	92032337	-	14	12
chr10	92676218	92678989	-	14	13
chr10	92711380	92804125	-	14	12
chr10	109755188	109757319	-	14	14
chr10	123181160	123183323	-	14	13
chr10	123333644	123335902	+	14	14
chr10	129782092	129784662	+	14	12
chr11	297191	297922	+	14	12
chr11	6666178	6669777	-	14	11
chr11	18273943	18275835	-	14	13
chr11	62890508	62892237	-	14	14
chr11	64985310	64985408	-	14	14
chr11	66229037	66230335	-	14	14
chr11	76383432	76384128	+	14	13
chr11	79901650	79901773	-	14	13
chr11	86823506	86824285	+	14	9
chr11	102315624	102315883	-	14	8
chr11	114653692	114653814	-	14	13
chr11	123255120	123255271	-	14	14
chr12	6731963	6733302	+	14	12
chr12	8070898	8071163	+	14	4
chr12	10211715	10212410	-	14	13
chr12	11176068	11178051	+	14	13
chr12	11183465	11185851	+	14	12
chr12	11251390	11254293	+	14	12
chr12	11896149	11896705	+	14	11
chr12	11977713	11990303	+	14	14
chr12	12854099	12869871	-	14	14
chr12	31746061	31747526	+	14	13
chr12	31769616	31778386	-	14	14
chr12	32162087	32168295	+	14	13
chr12	39478617	39480361	-	14	13
chr12	47617941	47618566	-	14	14
chr12	47653980	47657592	-	14	11
chr12	50970995	50972426	-	14	13
chr12	59594710	59595985	-	14	14
chr12	66170234	66170570	-	14	13
chr12	67677698	67678674	+	14	13
chr12	92505569	92509040	+	14	13
chr12	94687174	94691498	-	14	12
chr12	96400600	96401998	+	14	13
chr12	96956492	96957671	+	14	12
chr12	100577146	100578140	+	14	13
chr12	100584701	100585412	-	14	14
chr12	100585858	100587996	+	14	13
chr12	101433654	101445248	-	14	14
chr12	105169537	105171706	+	14	13
chr12	108662222	108663788	+	14	12
chr12	111906395	111908283	-	14	13
chr12	116332748	116341636	-	14	13
chr12	116593866	116594323	-	14	12
chr12	118145584	118148108	+	14	12
chr12	121478204	121480507	+	14	14
chr12	121543685	121544777	+	14	13
chr12	132487032	132489504	+	14	11
chr13	19954311	19954412	-	14	14
chr13	22402166	22402471	-	14	14
chr13	22554393	22558549	+	14	8
chr13	86757914	86765357	+	14	11
chr13	86773637	86775579	+	14	12
chr13	98616025	98616194	-	14	14
chr14	24245785	24248688	+	14	11
chr14	31208412	31208750	+	14	13
chr14	49910831	49913159	+	14	14
chr14	52704488	52707052	-	14	12
chr14	57258931	57261250	-	14	12
chr14	65878264	65878355	-	14	14
chr14	68308341	68309371	+	14	14
chr14	68344529	68347219	+	14	12
chr14	68440486	68443004	+	14	12
chr14	69719946	69722211	+	14	12
chr14	75309130	75309235	-	14	14
chr14	92694415	92697299	-	14	14
chr14	96572498	96572872	-	14	11
chr14	99167818	99169154	-	14	14
chr15	34340906	34341188	+	14	13
chr15	40583907	40584071	-	14	14
chr15	44663973	44665710	-	14	14
chr15	50301518	50302581	+	14	12
chr15	75632806	75634968	+	14	14
chr15	90922686	90923878	-	14	14
chr15	94229902	94231438	-	14	11
chr16	1417243	1417349	-	14	13
chr16	3723704	3724954	-	14	11
chr16	4041092	4041504	+	14	12
chr16	8662747	8663147	+	14	13
chr16	9163985	9164943	+	14	13
chr16	11638969	11640344	-	14	11
chr16	14669291	14672104	+	14	13
chr16	15390677	15390832	+	14	14
chr16	21363384	21365150	-	14	14
chr16	46952336	46954799	-	14	13
chr16	47295528	47298692	+	14	13
chr16	68067324	68069971	+	14	14
chr16	68067989	68069477	-	14	11
chr16	69469025	69472413	+	14	14
chr16	77179392	77189788	+	14	11
chr16	81683825	81684163	-	14	13
chr16	84801746	84806049	+	14	12
chr16	87877297	87877418	-	14	13
chr17	4769936	4770659	+	14	14
chr17	8977319	8980482	+	14	13
chr17	12263422	12264584	+	14	14
chr17	15433987	15435685	-	14	13
chr17	19872523	19895106	+	14	12
chr17	30484905	30486728	-	14	14
chr17	40101164	40102867	+	14	12
chr17	44391423	44394153	+	14	12
chr17	50718753	50719143	-	14	11
chr17	50918661	50919782	-	14	13
chr17	54787876	54788153	+	14	14
chr17	57061836	57061956	+	14	14
chr17	62073358	62073629	+	14	14
chr17	63619503	63621749	-	14	12
chr17	65003113	65005077	+	14	12
chr17	66192781	66194867	+	14	12
chr17	74500841	74502427	-	14	12
chr17	75298029	75300358	+	14	13
chr17	77358249	77361579	+	14	11
chr17	77395133	77395551	+	14	12
chr17	77410827	77412878	-	14	14
chr17	81501284	81504395	-	14	12
chr18	7408063	7435783	-	14	14
chr18	9864437	9880075	-	14	14
chr18	21601030	21601940	+	14	14
chr18	21640740	21644352	-	14	13
chr18	25975361	25996388	+	14	12
chr18	35144830	35146148	+	14	14
chr18	35152163	35154815	+	14	11
chr18	62521629	62521929	+	14	13
chr18	69993643	69995710	-	14	11
chr18	76810694	76813333	-	14	13
chr19	2945957	2948867	-	14	13
chr19	7950095	7952575	+	14	13
chr19	9036249	9040769	+	14	14
chr19	11753876	11754044	-	14	14
chr19	13779191	13781610	+	14	13
chr19	15150894	15151019	+	14	14
chr19	19708183	19708535	-	14	14
chr19	20069640	20072087	+	14	14
chr19	30038182	30038412	+	14	14
chr19	33371330	33373513	-	14	14
chr19	43537800	43539795	-	14	13
chr19	53776368	53779512	-	14	14
chr19	54273235	54273807	-	14	13
chr19	54464081	54464797	-	14	14
chr19	57916738	57917038	+	14	11
chr20	3225344	3225868	+	14	14
chr20	5206518	5207880	-	14	14
chr20	5661924	5675430	-	14	12
chr20	17805665	17805825	-	14	13
chr20	24960537	24962441	+	14	13
chr20	32171427	32175198	-	14	10
chr20	32350887	32354746	+	14	14
chr20	32756783	32760467	+	14	14
chr20	33764558	33764938	-	14	13
chr20	33770246	33772744	+	14	11
chr20	45087140	45089458	+	14	13
chr20	48907262	48909619	-	14	12
chr20	49111494	49113232	-	14	13
chr20	53758448	53759732	-	14	12
chr20	56644623	56644777	+	14	14
chr20	59261392	59261690	-	14	13
chr20	62795886	62796298	-	14	11
chr21	5092656	5094333	-	14	14
chr21	22736222	22736407	-	14	13
chr21	25876882	25877432	+	14	12
chr21	31090820	31093582	-	14	9
chr21	46584143	46585869	-	14	14
chr22	27830516	27831099	-	14	12
chr22	40650695	40650846	-	14	14
chr22	42470093	42470211	+	14	13
chr22	49930708	49933068	-	14	12
chrX	13710591	13710881	+	14	13
chrX	20160248	20162645	+	14	13
chrX	20192223	20193138	+	14	14
chrX	20243289	20244219	+	14	14
chrX	30584961	30586176	-	14	12
chrX	41512270	41513611	-	14	10
chrX	56603677	56606523	+	14	13
chrX	57110660	57117911	-	14	13
chrX	57630032	57631365	+	14	14
chrX	57899044	57904855	-	14	14
chrX	71016206	71016348	-	14	13
chrX	73291842	73292090	+	14	14
chrX	75323188	75325049	+	14	13
chrX	79254607	79257708	-	14	14
chrX	79455324	79455855	-	14	14
chrX	80660264	80664347	-	14	13
chrX	96614676	96614797	+	14	13
chrX	102895424	102902906	+	14	14
chrX	106329259	106329593	+	14	14
chrX	120621234	120624974	-	14	13
chrX	136883699	136884873	-	14	14
chrX	154347487	154348436	+	14	14
chrX	154568160	154568583	+	14	13
chrY	1611349	1613550	+	14	11
chrY	2675099	2676625	-	14	13
chrY	21262297	21263485	+	14	11
chrY	21275907	21278386	-	14	10
GL000194.1	67223	68043	+	14	14
KI270721.1	33247	33856	+	14	13
KI270742.1	19504	20916	-	14	12
KI270744.1	142567	144193	+	14	9
KI270744.1	158346	159958	+	14	11
chr1	87348	88877	-	13	12
chr1	1367544	1370752	-	13	11
chr1	1470540	1471605	-	13	12
chr1	10452426	10453318	-	13	12
chr1	21423152	21423895	-	13	13
chr1	22101963	22103564	+	13	11
chr1	23293819	23294765	-	13	13
chr1	23640721	23643408	+	13	12
chr1	23868956	23869674	+	13	11
chr1	25220312	25222202	+	13	8
chr1	27863401	27864435	-	13	12
chr1	28146409	28146960	-	13	12
chr1	31252932	31257169	-	13	13
chr1	37487515	37489271	+	13	11
chr1	39973098	39973303	-	13	13
chr1	45580845	45583107	-	13	10
chr1	46336062	46338564	+	13	13
chr1	46416726	46422566	-	13	12
chr1	51347943	51348535	-	13	13
chr1	61662820	61664091	-	13	13
chr1	62782225	62783617	-	13	12
chr1	67275915	67278051	+	13	10
chr1	67295116	67296772	+	13	10
chr1	86342254	86345413	-	13	13
chr1	90912087	90914608	+	13	13
chr1	91793316	91794205	+	13	13
chr1	91806254	91809617	-	13	10
chr1	91817553	91817895	+	13	12
chr1	92506000	92507084	-	13	9
chr1	93373176	93373546	+	13	13
chr1	94560984	94561092	-	13	12
chr1	96691460	96691638	-	13	13
chr1	103383088	103383242	+	13	12
chr1	104634724	104634818	+	13	13
chr1	110934675	110936186	+	13	13
chr1	112742888	112743113	-	13	12
chr1	116802612	116805220	+	13	12
chr1	120470153	120470326	+	13	11
chr1	120891930	120893113	+	13	13
chr1	149825397	149825709	+	13	13
chr1	150546008	150548260	+	13	12
chr1	153523762	153525093	+	13	13
chr1	155656419	155658702	-	13	12
chr1	156191011	156191647	+	13	12
chr1	157726654	157727663	-	13	7
chr1	159816395	159817347	-	13	11
chr1	160484251	160485029	-	13	13
chr1	160712149	160712859	-	13	13
chr1	161181197	161182585	-	13	11
chr1	169641645	169643315	-	13	13
chr1	173499899	173500274	+	13	10
chr1	173926001	173928344	+	13	11
chr1	178596177	178598573	+	13	13
chr1	178630823	178632402	+	13	11
chr1	180659436	180661894	+	13	12
chr1	180852783	180855261	-	13	11
chr1	193009929	193010285	+	13	13
chr1	193282354	193282734	-	13	12
chr1	205299622	205301271	-	13	12
chr1	205757719	205763018	+	13	13
chr1	212722983	212724777	-	13	12
chr1	217210011	217255029	-	13	13
chr1	223779078	223779328	+	13	12
chr1	229313756	229316238	+	13	12
chr1	229438535	229440007	-	13	13
chr1	248873198	248875196	+	13	12
chr1	248925984	248929065	+	13	11
chr2	10566251	10568246	+	13	12
chr2	10676573	10679626	+	13	12
chr2	18779016	18781485	+	13	12
chr2	18873135	18874279	+	13	10
chr2	20437355	20439533	-	13	11
chr2	25216231	25217552	+	13	11
chr2	26158260	26159853	+	13	10
chr2	30227645	30230666	-	13	10
chr2	42799138	42799681	+	13	12
chr2	43499472	43500985	-	13	12
chr2	43500995	43501260	+	13	12
chr2	53025180	53025555	+	13	12
chr2	57887263	57889798	-	13	11
chr2	61052046	61053723	+	13	13
chr2	89573730	89574192	-	13	12
chr2	89578068	89580301	+	13	11
chr2	96567234	96568654	-	13	12
chr2	97078783	97080963	-	13	11
chr2	108697307	108699719	+	13	12
chr2	112664042	112667063	+	13	13
chr2	126554699	126556748	-	13	12
chr2	128943459	128943553	-	13	13
chr2	130376173	130378551	+	13	10
chr2	130381456	130384821	+	13	13
chr2	167943187	167943501	+	13	12
chr2	170085024	170087906	+	13	11
chr2	174530468	174534771	+	13	11
chr2	181433232	181436007	+	13	10
chr2	186322568	186324637	-	13	12
chr2	186336377	186337707	-	13	13
chr2	219410889	219411476	+	13	13
chr2	224761353	224761933	-	13	13
chr2	230824821	230826047	+	13	11
chr2	238461964	238462297	-	13	12
chr3	5113318	5114630	-	13	13
chr3	13452228	13454972	+	13	9
chr3	32756605	32758553	+	13	13
chr3	47785550	47794139	+	13	12
chr3	50663623	50665056	-	13	13
chr3	57549779	57553344	-	13	9
chr3	101516809	101518325	-	13	9
chr3	108138713	108141509	+	13	11
chr3	113634500	113636492	-	13	13
chr3	114240875	114242621	-	13	12
chr3	119423105	119424458	+	13	11
chr3	120308525	120309736	-	13	13
chr3	121944293	121945381	+	13	10
chr3	121980574	121983585	-	13	8
chr3	122044397	122047005	-	13	11
chr3	123603567	123604594	+	13	10
chr3	126802288	126804688	+	13	11
chr3	131389254	131390827	+	13	12
chr3	145255234	145255750	-	13	12
chr3	150630757	150631261	+	13	13
chr3	150636007	150638279	-	13	13
chr3	153078736	153118312	+	13	13
chr3	154324584	154326691	+	13	12
chr3	165880440	165880561	-	13	13
chr3	183475799	183477642	-	13	12
chr3	184296236	184297800	+	13	13
chr3	185855335	185855617	+	13	13
chr3	193702560	193704041	+	13	13
chr3	196433040	196433338	+	13	10
chr3	196444512	196449801	+	13	12
chr4	4249439	4250597	+	13	13
chr4	13121556	13124057	-	13	11
chr4	38705832	38706226	-	13	13
chr4	40009590	40011640	-	13	13
chr4	41296201	41296305	+	13	13
chr4	46181990	46185487	+	13	13
chr4	48880658	48881964	-	13	10
chr4	71036400	71037853	+	13	11
chr4	82475083	82475482	+	13	11
chr4	146206733	146208171	+	13	11
chr4	147730420	147731762	-	13	8
chr4	165066394	165070394	-	13	12
chr4	173378684	173380433	+	13	12
chr4	174039551	174039841	+	13	13
chr4	177430119	177430693	-	13	9
chr4	189239017	189244115	-	13	11
chr5	6710988	6713277	-	13	10
chr5	10561309	10563515	-	13	10
chr5	10721838	10726295	-	13	12
chr5	18703187	18704411	-	13	12
chr5	31506031	31507531	+	13	13
chr5	37068652	37069549	-	13	12
chr5	37074850	37076145	+	13	11
chr5	40835529	40836265	+	13	10
chr5	44820597	44821390	+	13	12
chr5	50846892	50848965	+	13	13
chr5	77883560	77887370	+	13	11
chr5	88848810	88849105	+	13	11
chr5	98577591	98578462	+	13	13
chr5	112532237	112532868	+	13	12
chr5	115577081	115578129	-	13	11
chr5	118830242	118831312	-	13	13
chr5	126852542	126854116	-	13	12
chr5	127527404	127527717	+	13	11
chr5	142008724	142010917	-	13	12
chr5	142106862	142108140	-	13	12
chr5	143972319	143974252	+	13	13
chr5	149460262	149474828	+	13	12
chr5	150418241	150421137	+	13	11
chr5	150487082	150490336	+	13	10
chr5	150546088	150546417	-	13	11
chr5	150686164	150687938	-	13	9
chr5	150701300	150705991	+	13	12
chr5	154645451	154672458	+	13	13
chr5	154742929	154746108	-	13	11
chr5	157070350	157071157	-	13	12
chr5	163501465	163501896	+	13	13
chr5	166664323	166680507	-	13	13
chr5	168524555	168525437	-	13	12
chr5	172008007	172009940	+	13	12
chr5	172246526	172247169	-	13	12
chr5	172808649	172808903	-	13	12
chr5	174602594	174603411	-	13	13
chr5	179035579	179038209	+	13	13
chr5	181410670	181411183	+	13	13
chr6	14092779	14095213	-	13	11
chr6	16833939	16834006	+	13	13
chr6	17306245	17317587	-	13	13
chr6	17388822	17389102	+	13	12
chr6	21605606	21606396	+	13	7
chr6	27150129	27153203	+	13	10
chr6	27433470	27436526	-	13	11
chr6	27895653	27898156	+	13	13
chr6	32688956	32689329	-	13	11
chr6	33511391	33519784	+	13	12
chr6	53212104	53213507	-	13	12
chr6	73658908	73662554	-	13	13
chr6	94742687	94968303	+	13	13
chr6	107143414	107146496	-	13	12
chr6	110869165	110870997	-	13	13
chr6	134158905	134159554	-	13	12
chr6	134952324	134952698	-	13	10
chr6	149412498	149415116	+	13	12
chr6	158962580	158963954	-	13	13
chr6	163593829	163595351	+	13	13
chr7	804189	806335	+	13	7
chr7	994158	994675	-	13	10
chr7	2413025	2414567	-	13	13
chr7	2413573	2416423	+	13	12
chr7	2469384	2469768	+	13	12
chr7	5236967	5244996	+	13	13
chr7	5857862	5860007	-	13	13
chr7	5895956	5898475	-	13	13
chr7	19686358	19688290	-	13	12
chr7	35630771	35631658	-	13	12
chr7	38717909	38718404	-	13	13
chr7	44916163	44917108	-	13	13
chr7	45115554	45115652	+	13	12
chr7	65493976	65494347	-	13	12
chr7	69983458	69986239	-	13	12
chr7	70697843	70701764	+	13	13
chr7	73522398	73525312	+	13	12
chr7	74613212	74621661	-	13	12
chr7	77789326	77791256	-	13	11
chr7	102535772	102536183	-	13	12
chr7	105242127	105243588	+	13	12
chr7	105332491	105335723	+	13	13
chr7	113523947	113539512	+	13	13
chr7	137852977	137854985	-	13	13
chr7	139315147	139332007	+	13	13
chr7	140020853	140023535	-	13	13
chr7	140479596	140480778	+	13	13
chr7	140717329	140718637	-	13	12
chr7	143541370	143543986	+	13	13
chr7	149064922	149068227	-	13	10
chr7	150169034	150169345	+	13	11
chr7	150652272	150654457	-	13	11
chr7	151925037	151925894	-	13	10
chr8	9769607	9770030	-	13	13
chr8	30045440	30046407	+	13	13
chr8	38100433	38104247	-	13	10
chr8	38858043	38859488	+	13	12
chr8	60852037	60854543	+	13	11
chr8	60863728	60864182	-	13	11
chr8	93926778	93930169	+	13	12
chr8	94619156	94619291	-	13	13
chr8	98344611	98352000	+	13	13
chr8	119725199	119728751	-	13	13
chr8	122165833	122165964	+	13	12
chr8	123476623	123478016	-	13	12
chr8	123496928	123497596	-	13	12
chr8	125438419	125440031	+	13	10
chr8	143563985	143564728	-	13	11
chr8	144094162	144094766	-	13	12
chr9	6008696	6010606	+	13	12
chr9	6521330	6521933	-	13	11
chr9	27738843	27739137	-	13	13
chr9	33289511	33289977	+	13	11
chr9	35048693	35050637	+	13	12
chr9	37182435	37182733	-	13	12
chr9	63623301	63625274	-	13	13
chr9	66743795	66743950	+	13	12
chr9	78032047	78033867	+	13	11
chr9	80386047	80386416	-	13	10
chr9	84118816	84223978	-	13	13
chr9	93134505	93135387	+	13	10
chr9	110239320	110243299	-	13	11
chr9	111317720	111317953	-	13	13
chr9	122351566	122353607	-	13	13
chr9	126722935	126725089	+	13	11
chr9	127790921	127792584	-	13	13
chr9	131746881	131747898	+	13	12
chr9	132248878	132248991	+	13	13
chr9	133747863	133750520	-	13	11
chr9	137442446	137444028	-	13	11
chr9	137445426	137447215	-	13	11
chr10	3872417	3873828	-	13	13
chr10	27103724	27104697	+	13	13
chr10	27555114	27556403	-	13	10
chr10	30848563	30850369	-	13	12
chr10	30916075	30918824	-	13	12
chr10	30923060	30925399	-	13	13
chr10	43484306	43487950	+	13	11
chr10	43618063	43622475	+	13	11
chr10	46681815	46682889	-	13	12
chr10	50304085	50305427	-	13	12
chr10	62103658	62109232	+	13	11
chr10	72094854	72095890	+	13	13
chr10	73433751	73435738	-	13	13
chr10	84326700	84328283	-	13	12
chr10	92433540	92441127	-	13	12
chr10	100559107	100559812	-	13	12
chr10	100690587	100727407	-	13	12
chr10	119488136	119488815	+	13	12
chr10	126014324	126015609	-	13	12
chr10	127489434	127489698	+	13	13
chr10	130851186	130852586	-	13	12
chr11	39991417	40029652	+	13	11
chr11	44635853	44638342	+	13	12
chr11	44639646	44640548	+	13	12
chr11	50548778	50713811	+	13	13
chr11	60165941	60170061	-	13	12
chr11	61127896	61129915	+	13	12
chr11	63566401	63568292	-	13	12
chr11	63567527	63569231	+	13	13
chr11	67988105	67990753	-	13	10
chr11	68618556	68620243	+	13	12
chr11	70268212	70269164	-	13	13
chr11	72681071	72683429	-	13	12
chr11	88195671	88198795	-	13	12
chr11	90199420	90199684	+	13	13
chr11	93315206	93318634	-	13	9
chr11	94410241	94413903	-	13	9
chr11	121434022	121434365	+	13	13
chr11	121446315	121447329	+	13	12
chr11	125093476	125093827	-	13	13
chr11	127776786	127776915	-	13	13
chr12	4008050	4011418	-	13	13
chr12	6426511	6428157	+	13	9
chr12	8478993	8480865	+	13	13
chr12	10362540	10362930	+	13	12
chr12	26899301	26899574	+	13	13
chr12	46026332	46065093	-	13	13
chr12	46179886	46182654	-	13	12
chr12	46378690	46380893	-	13	13
chr12	47608974	47610671	-	13	11
chr12	48687112	48688136	-	13	10
chr12	51218087	51219707	+	13	12
chr12	63173819	63246527	+	13	12
chr12	74535009	74535993	+	13	11
chr12	86839709	86839938	-	13	12
chr12	104358238	104358479	-	13	12
chr12	107723289	107729005	+	13	11
chr12	108607216	108611901	-	13	9
chr12	108692479	108694235	+	13	13
chr12	113354135	113354990	-	13	11
chr12	121643332	121645964	+	13	11
chr12	122266529	122268925	+	13	12
chr12	124931247	124935440	-	13	11
chr12	132442956	132445842	-	13	12
chr13	20341408	20341550	-	13	13
chr13	28501265	28501363	-	13	13
chr13	30189149	30190469	-	13	13
chr13	31198533	31199968	-	13	12
chr13	31681813	31682160	-	13	8
chr13	31688399	31688702	-	13	12
chr13	36944366	36948825	-	13	11
chr13	40703218	40705503	-	13	12
chr13	40921980	40922410	+	13	12
chr13	40929634	40930776	+	13	13
chr13	41121489	41121587	-	13	13
chr13	41273077	41282012	+	13	12
chr13	54990990	54991186	+	13	13
chr13	73124319	73124452	+	13	13
chr13	90263182	90263320	-	13	13
chr13	104260053	104260324	+	13	13
chr13	113931843	113933825	-	13	10
chr14	20613182	20613869	-	13	13
chr14	22887733	22889320	+	13	13
chr14	34486595	34507070	-	13	12
chr14	34901128	34901582	+	13	13
chr14	50167583	50171142	+	13	11
chr14	67853516	67854740	+	13	12
chr14	68062737	68063975	-	13	11
chr14	68147446	68148503	+	13	13
chr14	68245904	68249403	+	13	12
chr14	68317418	68318966	+	13	11
chr14	68450200	68450562	-	13	13
chr14	69153338	69154016	+	13	12
chr14	75179959	75181426	+	13	11
chr14	82989849	82990010	-	13	13
chr14	92165914	92166478	-	13	12
chr14	92689986	92691803	+	13	13
chr14	102509493	102510442	+	13	11
chr14	102739933	102741602	+	13	12
chr14	102761182	102765917	+	13	11
chr14	104063563	104065475	+	13	10
chr14	105518575	105519855	+	13	12
chr14	106119400	106119758	-	13	2
chr15	31440009	31440680	-	13	12
chr15	40970103	40972226	-	13	10
chr15	42940564	42942466	-	13	10
chr15	48352058	48352211	-	13	13
chr15	48708254	48712419	-	13	12
chr15	52304450	52306451	-	13	13
chr15	59098901	59099951	-	13	12
chr15	63142082	63144715	+	13	11
chr15	64961477	64962623	+	13	10
chr15	75841754	75843213	-	13	12
chr15	77040141	77041366	-	13	13
chr15	85045561	85046859	+	13	10
chr15	89297896	89305192	-	13	13
chr15	90505261	90509893	-	13	9
chr16	9091026	9091580	-	13	11
chr16	11187206	11190334	-	13	12
chr16	23575413	23580844	+	13	10
chr16	28086360	28089032	-	13	10
chr16	28325148	28329816	-	13	12
chr16	30671229	30672020	+	13	13
chr16	30806867	30810786	-	13	12
chr16	30812416	30813669	-	13	11
chr16	47072815	47072907	+	13	13
chr16	50652985	50653940	-	13	12
chr16	57090114	57090877	-	13	11
chr16	62297037	62297200	-	13	13
chr16	66598038	66600507	-	13	11
chr16	81479726	81483129	-	13	11
chr16	81710250	81710845	-	13	12
chr16	84474303	84474692	+	13	12
chr16	84797775	84800255	+	13	9
chr16	89704286	89706089	-	13	12
chr17	7522623	7523919	+	13	12
chr17	9907407	9907954	-	13	12
chr17	17838307	17839930	-	13	11
chr17	27754968	27755149	+	13	13
chr17	30476821	30479089	-	13	11
chr17	35399567	35400868	-	13	11
chr17	39588273	39589815	+	13	12
chr17	39752824	39753926	-	13	10
chr17	43331424	43333649	+	13	12
chr17	48440768	48441850	+	13	6
chr17	49593181	49595754	+	13	12
chr17	54825203	54874182	+	13	13
chr17	62525530	62528589	-	13	13
chr17	62605690	62607471	-	13	12
chr17	68019221	68019974	-	13	13
chr17	75775492	75776132	+	13	13
chr17	77219263	77222358	+	13	10
chr17	77382458	77385503	+	13	13
chr17	77513689	77515889	+	13	11
chr18	3059602	3061569	-	13	12
chr18	26012848	26014605	-	13	12
chr18	26091293	26091955	+	13	13
chr18	46074839	46076075	-	13	13
chr18	46170626	46171344	-	13	13
chr18	77133934	77136680	+	13	13
chr19	1536876	1552955	-	13	13
chr19	2951381	2951656	-	13	13
chr19	3052231	3052871	-	13	12
chr19	4726346	4727719	+	13	12
chr19	6537700	6541834	+	13	8
chr19	6629809	6643407	-	13	12
chr19	6950787	6952398	-	13	13
chr19	10713437	10717355	+	13	12
chr19	11158221	11159506	+	13	13
chr19	12727354	12728127	-	13	11
chr19	14025395	14026187	+	13	13
chr19	14373446	14374788	+	13	13
chr19	17742667	17747082	+	13	11
chr19	17945399	17947021	+	13	10
chr19	18555118	18557650	-	13	12
chr19	19007822	19010038	-	13	13
chr19	19509039	19509587	+	13	12
chr19	33821543	33824941	+	13	10
chr19	38864098	38865228	-	13	9
chr19	42197733	42198187	+	13	12
chr19	42257698	42261857	-	13	11
chr19	44843741	44845826	-	13	11
chr19	47274057	47274339	+	13	12
chr19	47277869	47280807	+	13	11
chr19	47286008	47287654	+	13	10
chr19	47347723	47349264	+	13	13
chr19	47605080	47607475	-	13	10
chr19	49327886	49330851	+	13	13
chr19	50502625	50505061	-	13	11
chr19	50514974	50516814	+	13	13
chr19	51550478	51551298	-	13	12
chr19	56081131	56084211	-	13	13
chr19	57298515	57298911	-	13	11
chr20	2457499	2458456	+	13	10
chr20	4015636	4016385	+	13	11
chr20	4848543	4848943	+	13	11
chr20	18561445	18564956	+	13	12
chr20	20033655	20034055	+	13	13
chr20	21038043	21038306	+	13	13
chr20	32052141	32053491	-	13	12
chr20	32343984	32344529	+	13	12
chr20	35412249	35420871	+	13	12
chr20	35622674	35625160	+	13	13
chr20	37333024	37335110	+	13	11
chr20	38923833	38925192	+	13	11
chr20	41400817	41401943	-	13	13
chr20	49794347	49795726	+	13	12
chr20	51863684	51880200	-	13	13
chr20	53525427	53529108	-	13	11
chr20	53544815	53547263	-	13	12
chr20	62851489	62851809	-	13	13
chr21	25875062	25875398	+	13	11
chr21	31857578	31862667	-	13	12
chr21	36301566	36302711	+	13	13
chr21	39337197	39338604	-	13	12
chr21	43042781	43044176	+	13	13
chr21	44847686	44849094	-	13	11
chr22	16025910	16026977	+	13	12
chr22	19329178	19330431	-	13	13
chr22	20912336	20913408	-	13	13
chr22	21749047	21751803	+	13	10
chr22	22257902	22258207	+	13	13
chr22	23323503	23325293	+	13	11
chr22	23728639	23732705	+	13	9
chr22	23751759	23752061	+	13	11
chr22	35394459	35398824	-	13	9
chr22	36531016	36532329	-	13	11
chr22	38856838	38858913	-	13	13
chr22	41241738	41244547	-	13	13
chr22	41921391	41921904	+	13	12
chr22	47177902	47179745	-	13	11
chrX	20210482	20213663	+	13	13
chrX	28239238	28358219	+	13	12
chrX	30617952	30618178	+	13	11
chrX	40177413	40180693	+	13	12
chrX	41399140	41432551	+	13	13
chrX	44635984	44636081	+	13	12
chrX	44781348	44790462	+	13	13
chrX	48889617	48890172	-	13	12
chrX	49004100	49021280	+	13	13
chrX	54377458	54401132	+	13	13
chrX	56568170	56568494	-	13	12
chrX	56615589	56618087	+	13	13
chrX	64546752	64575085	-	13	13
chrX	64898791	64902860	-	13	11
chrX	68546315	68548101	+	13	12
chrX	68589540	68592246	+	13	12
chrX	71327686	71332391	+	13	12
chrX	71889044	71889144	+	13	12
chrX	78854133	78854291	-	13	13
chrX	89484214	89485655	+	13	13
chrX	101971955	101972128	-	13	13
chrX	136661090	136663870	+	13	13
chrX	154668035	154670375	-	13	11
chrY	1018383	1046772	-	13	12
chrY	1332479	1334973	-	13	11
chrY	2674807	2676625	+	13	13
chrY	4767771	4768007	+	13	13
chrY	9141892	9141961	+	13	13
chrY	13480931	13481361	+	13	9
chrY	21107120	21109795	+	13	10
chrY	21257854	21259963	-	13	8
GL000008.2	199682	201520	+	13	13
GL000194.1	90170	93322	+	13	13
KI270706.1	81506	84328	+	13	13
KI270734.1	78324	78485	-	13	12
chr1	9233603	9233968	+	12	10
chr1	9369187	9369489	+	12	11
chr1	9838792	9839757	-	12	12
chr1	11850863	11852699	+	12	10
chr1	23345547	23355435	-	12	12
chr1	25030318	25033165	-	12	12
chr1	31610471	31612450	-	12	4
chr1	32739386	32739501	+	12	12
chr1	33136288	33137773	-	12	11
chr1	34566179	34566335	-	12	12
chr1	35156781	35169656	+	12	12
chr1	38823906	38836358	+	12	12
chr1	40467051	40469600	+	12	10
chr1	40775327	40776005	+	12	12
chr1	89990526	89993127	+	12	10
chr1	110026409	110029150	+	12	9
chr1	116078376	116079482	+	12	11
chr1	119904989	119906228	-	12	10
chr1	121817595	122229948	-	12	12
chr1	148770832	148771076	-	12	12
chr1	150361127	150362600	+	12	11
chr1	150792301	150794841	-	12	10
chr1	154938392	154939254	-	12	11
chr1	155236735	155239470	+	12	11
chr1	156802703	156803057	+	12	12
chr1	158984096	158984385	-	12	11
chr1	161214726	161214999	+	12	12
chr1	167716450	167717021	-	12	11
chr1	180811684	180814994	+	12	11
chr1	183059705	183060972	+	12	9
chr1	200517139	200517240	-	12	12
chr1	204561478	204561863	-	12	10
chr1	211443131	211451102	+	12	11
chr1	220053926	220055529	+	12	12
chr1	222605846	222605953	-	12	11
chr1	223107807	223108558	-	12	10
chr1	224195625	224196812	-	12	9
chr1	225973670	225975448	-	12	10
chr1	229316963	229319304	-	12	12
chr1	229624536	229625745	-	12	10
chr1	231279361	231280927	+	12	11
chr1	231331142	231332721	-	12	12
chr1	234336606	234340173	+	12	7
chr2	7179601	7180541	+	12	11
chr2	7207914	7208847	+	12	11
chr2	7749451	7750070	+	12	10
chr2	9781783	9782241	-	12	9
chr2	10577077	10579989	-	12	12
chr2	10625647	10626270	+	12	12
chr2	20449457	20449814	+	12	12
chr2	28341877	28342005	-	12	12
chr2	30697984	30698085	+	12	12
chr2	43285348	43287149	-	12	10
chr2	61061320	61062491	+	12	9
chr2	62225082	62227117	+	12	11
chr2	85911883	85912959	+	12	12
chr2	86501682	86502745	+	12	11
chr2	96148039	96151989	+	12	11
chr2	96588664	96591889	-	12	11
chr2	109627880	109644086	+	12	10
chr2	109764310	109764555	+	12	11
chr2	112196435	112196727	-	12	10
chr2	112614538	112615364	+	12	9
chr2	121108822	121109377	+	12	12
chr2	128089565	128090310	-	12	11
chr2	142677042	142677313	-	12	12
chr2	148788892	148789655	+	12	12
chr2	164624918	164630321	-	12	5
chr2	171314335	171315520	-	12	11
chr2	171775717	171778254	-	12	11
chr2	175058939	175060804	-	12	12
chr2	176195781	176195879	+	12	12
chr2	181418577	181419338	-	12	11
chr2	185901187	185904805	-	12	11
chr2	185996683	185997547	-	12	11
chr2	186392552	186395808	-	12	11
chr2	193437255	193437349	-	12	12
chr2	193578967	193581272	+	12	8
chr2	197560612	197562246	-	12	11
chr2	202262504	202265429	-	12	12
chr2	202362495	202366701	+	12	10
chr2	203317215	203319891	+	12	10
chr2	206419053	206419222	-	12	12
chr2	227005291	227007317	-	12	11
chr2	230023926	230025987	-	12	11
chr2	241674530	241675393	+	12	11
chr3	3632162	3633755	-	12	10
chr3	5402494	5403953	+	12	8
chr3	11271338	11271724	-	12	11
chr3	11783918	11785358	+	12	11
chr3	12484656	12485943	+	12	12
chr3	12677235	12714943	-	12	12
chr3	13310032	13313586	+	12	12
chr3	23738225	23738589	+	12	11
chr3	31639358	31640512	-	12	12
chr3	33110688	33113926	-	12	9
chr3	70950005	70951414	-	12	11
chr3	71770797	71771598	-	12	11
chr3	88169361	88170588	+	12	10
chr3	101559344	101559838	+	12	12
chr3	101713334	101717126	+	12	11
chr3	103221374	103221649	+	12	12
chr3	120304597	120305890	+	12	12
chr3	122165497	122165777	+	12	12
chr3	126869337	126869648	-	12	12
chr3	131445896	131451299	-	12	9
chr3	138156585	138158763	-	12	8
chr3	138594766	138596390	+	12	12
chr3	141874035	141875379	+	12	10
chr3	152243627	152243814	+	12	11
chr3	178979628	178982156	-	12	9
chr3	181876186	181891846	-	12	12
chr3	187094091	187094838	-	12	12
chr3	187741178	187743270	+	12	12
chr3	196455219	196457150	+	12	12
chr3	197039999	197041440	+	12	12
chr4	207317	210108	+	12	11
chr4	14295685	14299520	+	12	8
chr4	24515215	24516619	+	12	12
chr4	26801556	26805891	+	12	12
chr4	40021870	40022437	+	12	12
chr4	40263166	40264326	+	12	11
chr4	46611138	46611623	+	12	12
chr4	57221278	57221442	-	12	11
chr4	65997139	65998625	-	12	12
chr4	66650866	66657213	+	12	12
chr4	83178562	83179145	-	12	11
chr4	107823525	107824561	-	12	10
chr4	113784095	113784230	+	12	12
chr4	141550129	141552512	+	12	11
chr4	152923894	152926438	+	12	10
chr4	163522587	163523757	+	12	12
chr4	173420161	173420664	+	12	12
chr4	176339823	176341049	+	12	10
chr4	178580801	178581044	-	12	12
chr4	180246325	180246442	+	12	12
chr4	183159411	183161980	+	12	11
chr4	183306534	183308843	+	12	11
chr4	183449508	183452430	+	12	12
chr4	183453548	183454616	-	12	10
chr4	183518673	183519502	-	12	10
chr4	184855795	184857479	+	12	12
chr4	189268819	189270697	-	12	9
chr5	702000	704932	-	12	10
chr5	6356722	6358189	-	12	12
chr5	14085985	14086107	+	12	11
chr5	31453315	31454963	+	12	10
chr5	35235917	35245804	-	12	11
chr5	37067031	37069413	+	12	11
chr5	40816861	40817954	+	12	10
chr5	58450658	58452970	-	12	10
chr5	67169836	67170782	+	12	9
chr5	70005963	70006267	-	12	11
chr5	70954884	70956421	-	12	12
chr5	70962985	70964863	+	12	11
chr5	76861471	76862226	-	12	11
chr5	79688336	79688905	+	12	10
chr5	80896737	80898107	+	12	11
chr5	88787158	88789841	+	12	11
chr5	95609921	95610572	+	12	12
chr5	109871484	109871791	+	12	10
chr5	110143411	110143804	-	12	11
chr5	118797190	118797691	+	12	11
chr5	131234278	131236750	+	12	11
chr5	131415742	131417004	+	12	12
chr5	132818342	132821095	-	12	12
chr5	140595972	140597684	+	12	10
chr5	143232676	143233587	-	12	10
chr5	151273644	151274519	-	12	12
chr5	160431695	160432193	-	12	12
chr5	163519913	163522182	-	12	12
chr5	168545935	168546844	-	12	10
chr5	171844144	171845437	-	12	8
chr5	172016774	172018748	+	12	12
chr5	172188387	172191179	+	12	11
chr5	177482909	177483267	-	12	11
chr5	177598429	177599699	-	12	11
chr5	177990259	177992173	+	12	10
chr5	181206857	181207373	+	12	10
chr6	10629402	10630896	+	12	10
chr6	11156247	11158880	+	12	10
chr6	18453182	18453540	-	12	11
chr6	20071637	20074097	-	12	11
chr6	24389119	24399293	+	12	12
chr6	31819364	31820885	+	12	11
chr6	32590195	32591786	-	12	12
chr6	36986858	36988681	+	12	11
chr6	38161341	38161698	+	12	9
chr6	41734294	41735551	+	12	12
chr6	42954991	42956006	-	12	12
chr6	43462876	43465135	+	12	12
chr6	57749478	57749918	-	12	12
chr6	66525456	66525732	+	12	12
chr6	80916719	80917744	-	12	12
chr6	108693276	108694602	-	12	11
chr6	111641347	111643811	+	12	11
chr6	112666570	112666681	+	12	10
chr6	126240955	126244083	+	12	11
chr6	137195862	137197118	-	12	11
chr6	150843714	150845759	+	12	10
chr6	151431798	151437090	+	12	10
chr7	262820	264924	+	12	10
chr7	1111414	1112665	+	12	12
chr7	6826786	6827132	+	12	11
chr7	17755358	17757863	-	12	11
chr7	17764639	17765723	+	12	11
chr7	30190535	30190876	+	12	11
chr7	33007554	33008976	+	12	11
chr7	33011108	33013489	-	12	12
chr7	50435847	50438205	-	12	12
chr7	56176425	56176515	+	12	12
chr7	56382858	56386027	-	12	11
chr7	64771912	64772119	-	12	12
chr7	66044757	66067958	-	12	12
chr7	69441445	69441556	+	12	12
chr7	70045899	70046171	-	12	10
chr7	70366159	70372759	+	12	10
chr7	70430904	70431669	-	12	12
chr7	70468249	70472460	+	12	8
chr7	70542854	70544396	+	12	10
chr7	73578826	73581553	+	12	12
chr7	93231237	93231984	-	12	12
chr7	98058657	98095395	+	12	12
chr7	98874975	98877781	-	12	9
chr7	100048974	100049268	+	12	12
chr7	100873569	100874957	-	12	11
chr7	118637685	118639736	-	12	12
chr7	130138037	130139450	+	12	12
chr7	132781138	132782132	-	12	10
chr7	140228219	140230654	-	12	11
chr7	142583963	142584367	+	12	10
chr7	149233143	149236992	+	12	10
chr7	150082877	150083963	-	12	11
chr7	150175368	150175807	+	12	12
chr7	150247607	150250441	+	12	12
chr7	150579552	150583998	+	12	12
chr7	150616783	150621593	-	12	9
chr7	152692094	152700987	-	12	11
chr7	155757953	155759697	+	12	12
chr7	155779250	155780957	-	12	11
chr8	8313867	8316220	-	12	10
chr8	9754685	9756538	+	12	11
chr8	9767088	9767981	+	12	10
chr8	37758467	37760183	+	12	11
chr8	48102661	48159634	-	12	11
chr8	56023027	56027311	+	12	11
chr8	60699288	60701562	+	12	8
chr8	66626480	66627904	-	12	9
chr8	80529793	80530115	-	12	10
chr8	81643923	81646436	-	12	11
chr8	81647572	81649264	-	12	12
chr8	100891613	100891830	-	12	12
chr8	109226041	109227840	-	12	10
chr8	130019448	130019842	+	12	10
chr8	131820759	131823219	-	12	9
chr8	131845841	131846111	+	12	12
chr8	133750447	133750727	-	12	11
chr8	137805436	137805643	-	12	12
chr8	144120703	144135597	+	12	9
chr8	144145430	144146613	+	12	12
chr8	144418726	144421642	+	12	9
chr9	1018770	1018871	+	12	12
chr9	6528700	6532417	+	12	10
chr9	26446555	26446663	+	12	12
chr9	33424121	33424490	+	12	12
chr9	37345762	37348738	-	12	12
chr9	63041980	63044183	-	12	11
chr9	75171435	75173987	-	12	12
chr9	79732543	79735052	+	12	10
chr9	80546231	80548397	+	12	11
chr9	80732508	80736140	+	12	10
chr9	83617217	83618526	-	12	10
chr9	88922646	88923679	-	12	11
chr9	93090299	93091213	-	12	10
chr9	96793973	96795790	+	12	11
chr9	97013895	97014356	+	12	9
chr9	107915696	107915799	-	12	12
chr9	110861062	110861654	-	12	12
chr9	110879042	110879388	+	12	11
chr9	110923460	110924882	-	12	11
chr9	120042312	120042414	+	12	12
chr9	127778765	127783750	-	12	10
chr10	3770527	3771328	+	12	9
chr10	8975843	8976225	+	12	11
chr10	13307537	13309036	+	12	11
chr10	14516663	14516945	+	12	10
chr10	20751777	20751987	-	12	12
chr10	22155324	22155420	-	12	11
chr10	47654731	47659933	+	12	11
chr10	72055997	72057255	-	12	12
chr10	72092203	72094131	-	12	10
chr10	72991491	72991853	+	12	12
chr10	74039260	74039749	+	12	10
chr10	74763574	74819040	-	12	12
chr10	75187156	75188080	-	12	12
chr10	77779807	77779904	-	12	10
chr10	91917962	91920818	-	12	10
chr10	95075840	95079502	-	12	8
chr10	96721325	96722057	+	12	11
chr10	100369985	100370384	-	12	9
chr10	102094991	102099748	+	12	12
chr10	109383961	109384070	-	12	11
chr10	119495060	119497202	-	12	11
chr10	126081030	126082910	-	12	10
chr10	126097569	126108651	-	12	8
chr10	126113307	126114521	+	12	9
chr10	126152100	126153924	-	12	8
chr10	129775271	129777231	+	12	9
chr11	6675675	6676993	-	12	10
chr11	19085427	19085555	-	12	12
chr11	30343470	30343907	-	12	11
chr11	36468317	36471068	+	12	12
chr11	58626480	58626897	+	12	12
chr11	63835686	63836489	-	12	10
chr11	65452485	65454901	-	12	12
chr11	65711156	65712466	+	12	8
chr11	67114376	67119196	-	12	10
chr11	86296972	86297282	-	12	10
chr11	94341252	94341375	+	12	12
chr11	102339565	102340679	+	12	10
chr11	118801258	118805241	-	12	12
chr12	3765134	3771433	+	12	12
chr12	8522368	8523365	+	12	11
chr12	9038737	9039196	-	12	11
chr12	9316493	9317418	-	12	10
chr12	10361598	10361928	-	12	11
chr12	10410260	10412196	-	12	10
chr12	10584074	10584423	-	12	9
chr12	11194943	11195290	+	12	11
chr12	32179614	32181321	+	12	11
chr12	32268503	32270394	+	12	11
chr12	32383282	32383662	+	12	12
chr12	43568527	43568633	-	12	11
chr12	50083710	50085197	-	12	12
chr12	50172621	50174989	-	12	12
chr12	52016129	52017868	+	12	12
chr12	53325059	53326526	+	12	10
chr12	94712536	94712639	-	12	12
chr12	95018878	95019647	-	12	11
chr12	100025716	100026151	-	12	10
chr12	104109638	104111571	+	12	10
chr12	104762118	104764161	+	12	10
chr12	108695488	108695810	+	12	10
chr12	108733677	108735235	-	12	11
chr12	110598856	110607762	+	12	11
chr12	115938551	115939896	-	12	11
chr12	118427300	118427606	-	12	9
chr12	118953733	118953830	-	12	12
chr12	130942789	130942882	-	12	12
chr13	19783255	19786889	+	12	12
chr13	19811955	19815804	+	12	10
chr13	28124388	28127721	+	12	12
chr13	42270340	42271329	-	12	11
chr13	42332048	42332324	-	12	11
chr13	42878124	42880791	-	12	10
chr13	86950840	87147631	-	12	12
chr13	99086689	99087568	-	12	10
chr13	108309574	108311007	+	12	12
chr14	22534628	22534985	-	12	12
chr14	32164188	32164554	-	12	11
chr14	50178411	50181945	+	12	12
chr14	54829599	54833234	-	12	10
chr14	68176338	68180492	+	12	11
chr14	68540226	68540598	-	12	12
chr14	68857567	68859921	-	12	9
chr14	73126390	73127317	-	12	9
chr14	87026204	87026308	+	12	11
chr14	92130468	92133001	+	12	12
chr14	92166722	92169310	+	12	12
chr14	92173489	92173840	-	12	9
chr14	94917801	94918236	-	12	12
chr14	95698150	95698956	+	12	12
chr14	99089981	99090369	+	12	11
chr14	102741267	102742919	-	12	11
chr14	102912963	102916671	-	12	12
chr14	103547992	103548223	-	12	9
chr14	105026054	105029944	+	12	12
chr14	106398133	106398848	-	12	12
chr15	31198729	31199956	-	12	11
chr15	31339879	31341911	-	12	10
chr15	31368223	31370330	+	12	12
chr15	40123641	40123737	-	12	12
chr15	40394367	40397367	+	12	10
chr15	43540441	43548925	+	12	11
chr15	60410200	60411342	-	12	12
chr15	63842276	63842969	+	12	11
chr15	64147692	64149401	+	12	11
chr15	64455559	64459703	+	12	12
chr15	74727440	74739356	+	12	12
chr15	75123447	75126046	-	12	11
chr15	80015965	80017059	-	12	10
chr15	82106522	82108361	-	12	12
chr15	92810010	92810307	-	12	10
chr16	183496	185479	-	12	9
chr16	585672	588497	+	12	11
chr16	712073	714846	-	12	12
chr16	2218656	2220713	-	12	8
chr16	3950863	3953766	-	12	11
chr16	3983539	3986766	+	12	11
chr16	4022966	4024554	-	12	10
chr16	4027554	4030633	+	12	11
chr16	4049636	4050619	-	12	11
chr16	4064304	4065007	-	12	9
chr16	4657813	4659730	-	12	11
chr16	9147206	9149372	+	12	10
chr16	11189375	11194476	+	12	11
chr16	27366569	27368126	-	12	10
chr16	27456614	27458484	+	12	11
chr16	28074079	28079273	+	12	9
chr16	28326111	28327949	+	12	11
chr16	28746673	28747006	-	12	10
chr16	30123641	30124053	+	12	6
chr16	30648987	30650229	-	12	10
chr16	46942008	46947935	-	12	12
chr16	47286341	47289711	+	12	10
chr16	58630154	58631435	+	12	10
chr16	65658071	65658166	-	12	11
chr16	69103526	69105361	-	12	10
chr16	81978486	81978611	+	12	12
chr16	89258161	89259499	-	12	11
chr17	60939	61159	-	12	12
chr17	205696	206429	-	12	10
chr17	2685730	2686478	-	12	11
chr17	3275833	3275947	+	12	12
chr17	3859417	3859555	+	12	2
chr17	8214808	8220378	+	12	10
chr17	27316407	27318221	+	12	11
chr17	37514042	37514419	+	12	10
chr17	38323660	38324477	+	12	9
chr17	39168238	39170180	-	12	8
chr17	40358115	40358420	+	12	10
chr17	40602107	40604014	+	12	8
chr17	44239351	44240557	+	12	11
chr17	46225545	46227337	+	12	11
chr17	51133937	51136944	+	12	12
chr17	56914720	56916420	+	12	12
chr17	63447170	63449261	+	12	9
chr17	64975767	64977824	-	12	12
chr17	68177324	68177686	-	12	11
chr17	74517945	74520503	+	12	11
chr17	75938211	75940102	+	12	11
chr17	77341400	77341925	+	12	11
chr17	78658973	78660753	+	12	12
chr17	78784997	78785957	-	12	10
chr17	82293248	82293585	+	12	11
chr18	713141	713696	+	12	12
chr18	2535723	2536089	+	12	12
chr18	8673886	8674766	+	12	6
chr18	24136543	24138860	+	12	11
chr18	62517330	62518433	-	12	11
chr18	62653078	62703848	-	12	11
chr18	70814481	70817081	+	12	10
chr18	76805155	76805505	-	12	11
chr19	2783604	2784890	+	12	9
chr19	4731274	4735978	+	12	7
chr19	6875283	6878591	+	12	12
chr19	8192983	8194673	-	12	9
chr19	8699305	8710949	+	12	11
chr19	10235638	10237353	-	12	12
chr19	10347037	10347729	+	12	11
chr19	10384977	10386192	-	12	8
chr19	13858920	13861284	+	12	11
chr19	14942965	14943639	-	12	10
chr19	15208561	15220372	-	12	9
chr19	15233778	15235481	-	12	10
chr19	17903539	17912964	-	12	12
chr19	18286442	18289036	+	12	12
chr19	20810378	20811497	+	12	10
chr19	20826128	20828499	+	12	8
chr19	20833087	20833842	+	12	11
chr19	23220573	23220837	+	12	11
chr19	23731324	23734596	-	12	9
chr19	33372260	33372763	+	12	10
chr19	34241246	34242226	+	12	11
chr19	40215673	40216019	-	12	10
chr19	40419875	40420668	+	12	11
chr19	41830959	41832236	+	12	12
chr19	42082113	42083083	+	12	11
chr19	44315469	44317066	-	12	5
chr19	47322299	47323703	-	12	9
chr19	49678918	49679291	-	12	9
chr19	55090159	55090751	-	12	11
chr19	57627827	57628215	-	12	12
chr19	57938480	57940204	+	12	10
chr20	1435304	1436393	-	12	11
chr20	2095770	2096765	-	12	12
chr20	5054306	5057178	+	12	12
chr20	12019454	12019550	+	12	12
chr20	12476482	12476661	-	12	11
chr20	32342965	32344630	-	12	12
chr20	33753332	33753719	+	12	11
chr20	35950393	35951268	+	12	11
chr20	45885630	45886143	+	12	10
chr20	50584816	50585165	+	12	11
chr20	50694167	50706871	+	12	11
chr21	28838518	28838892	+	12	12
chr21	31572626	31585763	+	12	12
chr21	42915725	42916380	-	12	11
chr21	44264924	44271387	-	12	12
chr21	44445264	44446874	+	12	9
chr22	10775586	10775700	+	12	12
chr22	20079158	20079926	-	12	12
chr22	20593846	20595553	+	12	10
chr22	21455996	21457629	+	12	11
chr22	27847563	27847864	-	12	9
chr22	30267328	30269418	+	12	11
chr22	30637479	30638410	+	12	8
chr22	32499068	32501593	-	12	10
chr22	35352004	35352310	-	12	10
chr22	39976777	39979701	-	12	12
chr22	43130432	43130863	-	12	10
chr22	45013892	45014000	+	12	12
chr22	47183099	47184496	-	12	12
chrX	19521176	19524639	-	12	9
chrX	28483683	28484709	+	12	12
chrX	30620890	30622896	+	12	11
chrX	41476429	41489889	+	12	12
chrX	44343867	44344515	-	12	11
chrX	49631823	49631977	-	12	12
chrX	53360473	53361280	+	12	12
chrX	53934252	53934641	-	12	12
chrX	56445100	56448135	-	12	12
chrX	56469223	56470390	-	12	9
chrX	57243898	57245721	+	12	11
chrX	65750305	65752248	+	12	11
chrX	70132930	70133284	-	12	10
chrX	71077184	71087386	+	12	11
chrX	75330609	75330880	-	12	10
chrX	78270041	78270786	-	12	11
chrX	79404965	79405892	+	12	11
chrX	100936166	100937142	+	12	11
chrX	100997751	100998472	+	12	9
chrX	101096519	101097187	-	12	10
chrX	102834483	102836602	+	12	11
chrX	109932267	109932444	-	12	12
chrX	113555647	113555750	-	12	12
chrX	118703670	118707609	-	12	11
chrX	119768242	119769486	-	12	9
chrX	120497772	120498078	-	12	9
chrX	120621233	120625207	+	12	12
chrX	123841507	123852463	+	12	12
chrX	129442529	129442665	+	12	12
chrX	129844818	129845100	+	12	12
chrX	136638832	136639190	+	12	8
chrY	1149745	1164042	+	12	12
chrY	1454760	1455233	-	12	12
chrY	4895130	4895333	+	12	11
chrY	17013632	17013776	+	12	12
chrY	21092267	21094088	+	12	9
chrY	21262388	21263908	-	12	9
GL000008.2	202749	204300	+	12	11
GL000194.1	94909	95496	+	12	10
KI270719.1	53105	53280	-	12	12
KI270733.1	117357	118035	+	12	12
KI270742.1	49821	51831	+	12	9
chr1	533141	533400	+	11	11
chr1	1607625	1609726	+	11	11
chr1	12144243	12144726	+	11	9
chr1	23269520	23276202	-	11	10
chr1	23697799	23698884	+	11	9
chr1	24875810	24877334	-	11	9
chr1	25597036	25600573	+	11	10
chr1	26172454	26173358	+	11	11
chr1	26808296	26811307	+	11	10
chr1	28088810	28090029	+	11	10
chr1	31989028	32004700	-	11	10
chr1	32286609	32289223	+	11	11
chr1	32394965	32396847	+	11	10
chr1	34957575	34958175	+	11	11
chr1	39051433	39051778	-	11	11
chr1	39614879	39615860	-	11	11
chr1	42709881	42710344	+	11	10
chr1	53366194	53366490	-	11	9
chr1	61665458	61665839	-	11	11
chr1	67402887	67404727	-	11	10
chr1	68288731	68288923	+	11	10
chr1	79623943	79780965	-	11	11
chr1	88841617	88842804	+	11	9
chr1	88892059	88893338	-	11	10
chr1	91709785	91710739	-	11	11
chr1	91724241	91728358	-	11	11
chr1	91780438	91780679	+	11	11
chr1	109053876	109055359	-	11	11
chr1	109061842	109062457	-	11	10
chr1	109104803	109105879	+	11	11
chr1	111468231	111469398	+	11	10
chr1	116769252	116770175	+	11	11
chr1	146444434	146445379	+	11	9
chr1	149868316	149869558	+	11	8
chr1	151249955	151251119	+	11	9
chr1	151459503	151463040	+	11	10
chr1	151488981	151497668	+	11	11
chr1	151981633	151982181	+	11	11
chr1	153388650	153389918	-	11	9
chr1	155885758	155889774	-	11	7
chr1	155894538	155897399	+	11	10
chr1	160828626	160829618	-	11	11
chr1	161178743	161179755	-	11	9
chr1	161371971	161373513	+	11	10
chr1	161375085	161377311	+	11	9
chr1	178584618	178586637	+	11	10
chr1	178624102	178625527	-	11	10
chr1	180810078	180810557	+	11	10
chr1	183135080	183138115	+	11	9
chr1	198322456	198322678	+	11	9
chr1	198580262	198580891	-	11	11
chr1	202875576	202877783	-	11	11
chr1	206744192	206745650	+	11	7
chr1	211317553	211320657	+	11	10
chr1	220679613	220680147	-	11	11
chr1	228198823	228202631	+	11	11
chr1	231285271	231287593	+	11	9
chr1	233699442	233699545	+	11	11
chr1	247188538	247189313	-	11	11
chr1	247290303	247290656	-	11	11
chr1	248871369	248874119	-	11	10
chr1	248876073	248876308	-	11	7
chr2	7110897	7111372	-	11	11
chr2	9841819	9842789	-	11	9
chr2	10606211	10606560	+	11	11
chr2	10681047	10682573	+	11	11
chr2	18736915	18737327	+	11	11
chr2	20425047	20425257	+	11	10
chr2	24360856	24362381	+	11	10
chr2	25878820	25879889	+	11	11
chr2	27190842	27192502	-	11	11
chr2	28418351	28419087	-	11	11
chr2	43331966	43334382	-	11	8
chr2	43884577	43885878	-	11	10
chr2	52631098	52632543	-	11	11
chr2	53151479	53153229	-	11	10
chr2	55506640	55510178	-	11	8
chr2	55545099	55546614	-	11	11
chr2	64060659	64071657	+	11	10
chr2	69393783	69396084	-	11	10
chr2	74539330	74541348	-	11	10
chr2	75021913	75023510	+	11	10
chr2	85099448	85099981	+	11	11
chr2	85316961	85317954	+	11	11
chr2	89233003	89233692	-	11	6
chr2	97744918	97745834	-	11	10
chr2	100519436	100519527	-	11	11
chr2	107896349	107896878	-	11	11
chr2	119987776	119988816	-	11	10
chr2	127042171	127043502	-	11	10
chr2	147843193	147844147	-	11	8
chr2	151741368	151743264	-	11	10
chr2	151777924	151780545	+	11	10
chr2	157392665	157393713	+	11	11
chr2	157719960	157722868	-	11	10
chr2	174517557	174518945	-	11	10
chr2	179093718	179096079	-	11	7
chr2	183607232	183607362	-	11	10
chr2	186188621	186190909	-	11	11
chr2	186254622	186255679	+	11	11
chr2	186388130	186389371	-	11	10
chr2	196952416	196954805	-	11	11
chr2	201228062	201231605	+	11	11
chr2	202239124	202241007	+	11	11
chr2	202324697	202329075	-	11	10
chr2	203232845	203234566	-	11	11
chr2	206107372	206110526	-	11	11
chr2	207693357	207708353	-	11	9
chr2	218763260	218767119	+	11	11
chr2	219278578	219279314	+	11	9
chr2	230016420	230017747	+	11	7
chr2	230825140	230826075	-	11	9
chr2	231727231	231728793	-	11	11
chr2	238463558	238463831	+	11	10
chr3	5237331	5237744	-	11	11
chr3	9956825	9958593	-	11	11
chr3	10139752	10141334	-	11	10
chr3	13435218	13438248	+	11	9
chr3	15297740	15299457	+	11	11
chr3	22375912	22376042	-	11	11
chr3	27767954	27780685	-	11	11
chr3	31462492	31470256	+	11	10
chr3	32508815	32511288	+	11	10
chr3	40646573	40653039	-	11	9
chr3	47492798	47495329	-	11	11
chr3	47801356	47802423	-	11	7
chr3	49351026	49352253	+	11	10
chr3	50313169	50314206	-	11	10
chr3	56704060	56704815	-	11	10
chr3	77675969	77676137	-	11	11
chr3	78581351	78581962	-	11	11
chr3	87492472	87492639	-	11	9
chr3	89750478	89750598	+	11	11
chr3	103014094	103105761	+	11	10
chr3	107813848	107814199	+	11	10
chr3	108870164	108881227	-	11	11
chr3	113644580	113646259	+	11	11
chr3	120321285	120323837	-	11	10
chr3	120684491	120684796	-	11	10
chr3	121630724	121631149	-	11	10
chr3	121965711	121968985	+	11	9
chr3	122048876	122051580	-	11	8
chr3	122639685	122641209	+	11	9
chr3	122893405	122896503	+	11	10
chr3	124961336	124962231	+	11	11
chr3	128688864	128693194	+	11	9
chr3	132541133	132543880	+	11	10
chr3	132548046	132549578	-	11	10
chr3	136149034	136149496	+	11	11
chr3	138607467	138608521	-	11	11
chr3	142280649	142283769	-	11	8
chr3	144054262	144054645	+	11	10
chr3	152797321	152797572	+	11	11
chr3	153318502	153319454	+	11	10
chr3	155947883	155948975	+	11	7
chr3	156588169	156588271	+	11	11
chr3	179321997	179322702	-	11	11
chr3	186802315	186805744	-	11	10
chr3	187098975	187100896	+	11	8
chr3	195550810	195551290	+	11	9
chr3	195860844	195862671	+	11	11
chr3	196451037	196451633	+	11	10
chr3	196504042	196505818	+	11	8
chr3	196632861	196634107	+	11	10
chr4	6677343	6679199	+	11	10
chr4	13280786	13285622	-	11	11
chr4	13341577	13341873	-	11	8
chr4	37688333	37688919	+	11	9
chr4	40332028	40332538	+	11	11
chr4	42090657	42091943	+	11	10
chr4	48055007	48056987	-	11	11
chr4	53366104	53367411	+	11	11
chr4	59510557	59510665	-	11	11
chr4	73049606	73050155	-	11	11
chr4	74390857	74391564	+	11	8
chr4	75476376	75476791	-	11	10
chr4	75635084	75639869	-	11	11
chr4	82474504	82474739	-	11	11
chr4	83258621	83260244	+	11	11
chr4	99873825	99875850	-	11	10
chr4	102075632	102077187	+	11	9
chr4	108679481	108682856	+	11	10
chr4	109705411	109705903	+	11	10
chr4	118418745	118419111	+	11	11
chr4	139478492	139481307	-	11	7
chr4	141554042	141555847	+	11	10
chr4	150263730	150264273	-	11	10
chr4	152575526	152580657	-	11	9
chr4	152596174	152598823	-	11	10
chr4	152599320	152599625	+	11	9
chr4	153423954	153425930	+	11	10
chr4	160230056	160331709	+	11	11
chr4	169081148	169082058	-	11	9
chr4	176361682	176362228	-	11	10
chr4	179812100	179812363	-	11	11
chr4	188293673	188343246	+	11	10
chr4	188343858	188343955	-	11	11
chr5	6368020	6368318	+	11	9
chr5	10757382	10757679	-	11	10
chr5	31606361	31606474	+	11	11
chr5	42031318	42031471	+	11	11
chr5	43708170	43709464	+	11	10
chr5	50356206	50358896	-	11	10
chr5	54575391	54575761	-	11	10
chr5	62630135	62633312	+	11	8
chr5	70959717	70960111	-	11	10
chr5	71025394	71025684	-	11	6
chr5	75592674	75593815	-	11	8
chr5	76828131	76830562	-	11	11
chr5	76894734	76896212	-	11	11
chr5	81395637	81396769	+	11	10
chr5	95617826	95620070	-	11	10
chr5	100914454	100915592	+	11	7
chr5	106622952	106623110	-	11	11
chr5	126702169	126704908	-	11	10
chr5	126866082	126866878	+	11	11
chr5	129094890	129096979	+	11	10
chr5	136069184	136069591	+	11	11
chr5	138460597	138461124	-	11	9
chr5	140129920	140131207	+	11	11
chr5	146186538	146186732	+	11	11
chr5	149484780	149486200	-	11	10
chr5	149668758	149669437	+	11	11
chr5	151096267	151097684	+	11	10
chr5	157711267	157713842	-	11	8
chr5	160958578	160978438	+	11	11
chr5	175534350	175535708	+	11	10
chr5	176517057	176518429	-	11	10
chr5	178888170	178889365	+	11	9
chr5	180296135	180298598	+	11	10
chr6	2811410	2814343	+	11	10
chr6	14238237	14238530	-	11	11
chr6	18408023	18410537	+	11	9
chr6	19940888	19941171	+	11	11
chr6	27175719	27176778	+	11	9
chr6	32623375	32625777	+	11	11
chr6	32647535	32648135	+	11	11
chr6	32989019	32991358	-	11	11
chr6	33002321	33003340	+	11	9
chr6	34774035	34782983	+	11	9
chr6	35093074	35095494	+	11	9
chr6	35338477	35339372	-	11	10
chr6	41714978	41716143	-	11	9
chr6	42948684	42953859	-	11	11
chr6	45666373	45667645	+	11	10
chr6	53221864	53222835	-	11	11
chr6	54823503	54823597	-	11	11
chr6	57742098	57743053	-	11	11
chr6	61574138	61627288	+	11	11
chr6	76391718	76391822	+	11	10
chr6	79353721	79353785	-	11	9
chr6	98856410	98857636	-	11	10
chr6	104725070	104725798	-	11	11
chr6	108023888	108027304	-	11	10
chr6	109385631	109387135	+	11	11
chr6	110867828	110873270	+	11	11
chr6	125932165	125933835	+	11	9
chr6	126247310	126249485	+	11	10
chr6	132426001	132429182	-	11	9
chr6	137193238	137194424	-	11	9
chr6	149564842	149565893	-	11	9
chr6	151484391	151489012	+	11	10
chr6	159662864	159663234	-	11	10
chr7	1764420	1780500	+	11	11
chr7	5874020	5876960	-	11	10
chr7	17767320	17767644	-	11	10
chr7	20517242	20519780	-	11	6
chr7	28916406	28917659	-	11	11
chr7	35974501	35974648	+	11	11
chr7	36844462	36845570	-	11	11
chr7	38319296	38322151	-	11	8
chr7	38697898	38698361	-	11	10
chr7	44909387	44912606	+	11	10
chr7	50452247	50453300	+	11	10
chr7	51394988	51396627	-	11	10
chr7	57945941	57946298	+	11	11
chr7	64838565	64840607	+	11	9
chr7	66178017	66179941	+	11	11
chr7	68857384	68915985	-	11	11
chr7	69694820	69696528	+	11	11
chr7	70181796	70182269	-	11	10
chr7	70576898	70579214	+	11	10
chr7	70695395	70695773	+	11	11
chr7	74198402	74198921	-	11	10
chr7	74448709	74450713	-	11	2
chr7	74761466	74762886	-	11	9
chr7	75182942	75184453	+	11	10
chr7	76326053	76326731	-	11	10
chr7	77962827	77965255	+	11	11
chr7	78009273	78009941	+	11	10
chr7	101226621	101231041	+	11	9
chr7	101692941	101708986	-	11	11
chr7	102518865	102522233	+	11	10
chr7	129803195	129808433	-	11	11
chr7	132776672	132779477	-	11	9
chr7	132784121	132784398	+	11	10
chr7	134681063	134681531	-	11	11
chr7	139022870	139023160	+	11	10
chr7	139315120	139315272	-	11	11
chr7	142690169	142690472	+	11	10
chr7	142799352	142800247	-	11	11
chr7	148973926	148978767	-	11	11
chr7	149539503	149540603	+	11	11
chr7	149640152	149642579	+	11	11
chr7	149736982	149738519	+	11	11
chr7	150124662	150125932	-	11	10
chr7	150783849	150787187	-	11	9
chr7	152447432	152450618	-	11	10
chr7	152460177	152462884	+	11	9
chr7	155661283	155661883	-	11	10
chr7	158623613	158625063	-	11	11
chr7	159242210	159243036	-	11	11
chr8	9763181	9767791	-	11	10
chr8	12076786	12076963	+	11	7
chr8	12232574	12232963	+	11	11
chr8	22686472	22687477	-	11	10
chr8	33369841	33370087	+	11	11
chr8	37899642	37900800	+	11	10
chr8	38018629	38030619	-	11	11
chr8	49391754	49393424	+	11	11
chr8	49401115	49401218	+	11	11
chr8	63266712	63266937	-	11	11
chr8	65596492	65599225	-	11	10
chr8	69956116	69966809	+	11	10
chr8	69956118	69985020	-	11	11
chr8	74035315	74037677	+	11	10
chr8	95156962	95158430	+	11	10
chr8	101209082	101210018	+	11	10
chr8	124295931	124296207	+	11	9
chr8	124302913	124306173	-	11	10
chr8	132849388	132852619	+	11	10
chr8	133605399	133606080	-	11	11
chr8	134090466	134090581	+	11	10
chr8	144824356	144826879	-	11	8
chr8	144873827	144874446	-	11	10
chr9	33076967	33080139	-	11	11
chr9	33092341	33093836	-	11	10
chr9	36311929	36313878	+	11	10
chr9	37125015	37128196	-	11	11
chr9	37321074	37321920	-	11	10
chr9	37401553	37404031	+	11	11
chr9	40874542	40876797	+	11	11
chr9	63667912	63668089	+	11	11
chr9	75168883	75170174	-	11	11
chr9	75218328	75219302	+	11	10
chr9	75271117	75272110	+	11	9
chr9	77700999	77702515	-	11	11
chr9	80617993	80639237	+	11	9
chr9	83573421	83575057	-	11	9
chr9	83641044	83643732	-	11	10
chr9	93050171	93051680	-	11	10
chr9	93568075	93569411	-	11	11
chr9	96686451	96686865	-	11	9
chr9	97698064	97698798	+	11	11
chr9	97877552	97879816	+	11	10
chr9	98034422	98044625	-	11	11
chr9	100414725	100416718	-	11	10
chr9	101563755	101565213	-	11	9
chr9	107256178	107279563	-	11	10
chr9	107586434	107587575	-	11	11
chr9	111519321	111521410	-	11	7
chr9	112196178	112199327	-	11	11
chr9	122756704	122758931	-	11	11
chr9	127984264	127995648	-	11	11
chr9	129072297	129073627	+	11	11
chr9	129777950	129779620	+	11	10
chr9	131243851	131245974	-	11	9
chr9	136111924	136112278	+	11	10
chr10	10666692	10666894	+	11	11
chr10	11817025	11818198	+	11	11
chr10	13147427	13150627	+	11	10
chr10	18646573	18649616	+	11	10
chr10	26949613	26952797	-	11	11
chr10	28356784	28377697	-	11	11
chr10	30128117	30128213	+	11	11
chr10	30852394	30854224	-	11	11
chr10	30870499	30872879	-	11	11
chr10	31009704	31010843	+	11	11
chr10	32060987	32061101	+	11	11
chr10	38378690	38379848	+	11	8
chr10	43489492	43505484	-	11	11
chr10	45377328	45380883	-	11	9
chr10	46085386	46087570	-	11	8
chr10	46103124	46105348	-	11	11
chr10	46688609	46690646	-	11	11
chr10	47764760	47765010	+	11	10
chr10	72892650	72892771	+	11	11
chr10	87041947	87042224	+	11	10
chr10	88627846	88630371	-	11	11
chr10	88779751	88782103	+	11	11
chr10	96751083	96752334	+	11	8
chr10	114992756	114994138	+	11	8
chr10	114999612	115000538	+	11	9
chr10	119558731	119559074	-	11	11
chr10	123290382	123293628	+	11	9
chr10	126039003	126043073	-	11	11
chr10	126174059	126175098	-	11	10
chr10	126260450	126262913	-	11	9
chr10	131428584	131428679	-	11	11
chr10	131962283	131966411	+	11	11
chr10	132013466	132013745	+	11	9
chr11	339239	339650	-	11	9
chr11	923044	923135	+	11	11
chr11	2934942	2936077	+	11	11
chr11	2936098	2940107	-	11	11
chr11	9268665	9270656	-	11	7
chr11	9453138	9454878	-	11	10
chr11	30341202	30341513	+	11	9
chr11	46121578	46122795	+	11	11
chr11	47462796	47465302	-	11	10
chr11	55610095	55610341	-	11	11
chr11	62674028	62675701	+	11	11
chr11	62744042	62745932	+	11	10
chr11	65709334	65712810	-	11	9
chr11	66381558	66381660	+	11	11
chr11	67286632	67288985	-	11	11
chr11	69895755	69896052	+	11	11
chr11	73993188	73994937	-	11	11
chr11	75370441	75371551	-	11	11
chr11	77995372	77996596	+	11	8
chr11	93304331	93306685	-	11	9
chr11	98436701	98447070	+	11	11
chr11	102390078	102390865	-	11	11
chr11	111348690	111350628	-	11	10
chr11	113718396	113722271	-	11	9
chr11	118187849	118189690	-	11	9
chr11	118317322	118318631	+	11	9
chr11	123250595	123250714	+	11	11
chr11	129585188	129586096	-	11	10
chr11	130224991	130226100	-	11	11
chr12	9029276	9030908	-	11	11
chr12	10353694	10357244	-	11	9
chr12	11197021	11197459	-	11	10
chr12	12830566	12834582	+	11	11
chr12	25377975	25381167	-	11	11
chr12	31327064	31328298	+	11	9
chr12	32032440	32033150	+	11	11
chr12	32040436	32041321	+	11	9
chr12	43718394	43718733	+	11	10
chr12	43806362	43808788	+	11	10
chr12	44998676	44998865	+	11	11
chr12	47307834	47308900	+	11	11
chr12	51219866	51223394	-	11	11
chr12	62623552	62625046	-	11	11
chr12	67780196	67781338	-	11	10
chr12	73381159	73579112	-	11	11
chr12	76763218	76763469	+	11	10
chr12	93450536	93450665	-	11	10
chr12	96905801	96906893	-	11	10
chr12	96960734	96962365	+	11	9
chr12	104357490	104359949	+	11	9
chr12	108672069	108674505	-	11	11
chr12	108715701	108716088	+	11	11
chr12	110728029	110728359	+	11	11
chr12	111438306	111439655	-	11	9
chr12	121301651	121302824	+	11	11
chr12	121457001	121457381	+	11	11
chr12	121485934	121489345	+	11	11
chr12	121525927	121528779	-	11	10
chr12	121526641	121527589	+	11	11
chr12	123283912	123285392	-	11	9
chr12	123437264	123438394	+	11	8
chr12	124732941	124734142	-	11	9
chr12	125073878	125080276	+	11	9
chr12	132590522	132592085	+	11	10
chr13	19866461	19867269	+	11	10
chr13	20905232	20906659	+	11	10
chr13	21150472	21151424	+	11	10
chr13	22402164	22403288	+	11	11
chr13	22858479	22858805	-	11	11
chr13	27540033	27540439	-	11	9
chr13	30775815	30776118	-	11	11
chr13	31193594	31196646	-	11	7
chr13	36834461	36837140	+	11	11
chr13	36843394	36843685	-	11	11
chr13	55032447	55032549	+	11	11
chr13	66254780	66259157	-	11	11
chr13	81558914	81559152	-	11	10
chr13	81576515	81576668	+	11	11
chr13	89088935	89089994	+	11	10
chr13	98028829	98030193	+	11	8
chr13	98789130	98792147	-	11	9
chr13	99127657	99163632	+	11	11
chr13	99568641	99570260	+	11	9
chr13	109749090	109749444	-	11	10
chr14	22071217	22071473	+	11	10
chr14	22496425	22496740	-	11	11
chr14	24518973	24559223	+	11	11
chr14	34511183	34513388	-	11	8
chr14	39139401	39140693	+	11	11
chr14	49910374	49911616	-	11	10
chr14	50106097	50108161	+	11	11
chr14	50230758	50234723	+	11	11
chr14	51276914	51279518	+	11	10
chr14	53021582	53022234	-	11	8
chr14	54453928	54454241	-	11	11
chr14	65744206	65747887	+	11	10
chr14	68066443	68068129	-	11	11
chr14	68405032	68406571	+	11	10
chr14	68408332	68410216	+	11	10
chr14	68497428	68498121	+	11	11
chr14	69462863	69466202	+	11	10
chr14	73846469	73846600	-	11	11
chr14	74278951	74280873	-	11	10
chr14	85021424	85021580	-	11	11
chr14	90048676	90052423	+	11	11
chr14	95761822	95763398	+	11	6
chr14	99152508	99153320	+	11	11
chr14	100186698	100202637	+	11	9
chr14	105513655	105516962	-	11	10
chr14	106578140	106578503	-	11	8
chr15	31315891	31318386	-	11	10
chr15	49852632	49854185	-	11	11
chr15	50374781	50375966	+	11	11
chr15	51008067	51009963	-	11	9
chr15	63859533	63859978	+	11	7
chr15	65115875	65117084	-	11	9
chr15	67811520	67811843	+	11	10
chr15	72231880	72232512	+	11	10
chr15	75128280	75129388	-	11	7
chr15	80006484	80010311	-	11	10
chr15	84667014	84667704	-	11	11
chr15	84993256	84994417	-	11	11
chr15	85064612	85065355	+	11	10
chr15	85841267	85842950	-	11	11
chr15	90511768	90513162	+	11	9
chr15	90526479	90527193	-	11	11
chr15	101619958	101620273	-	11	10
chr16	1703210	1705704	-	11	11
chr16	1703737	1705512	+	11	8
chr16	2136340	2138540	+	11	11
chr16	4457759	4458275	+	11	10
chr16	9151524	9152526	-	11	11
chr16	10863277	10864905	-	11	10
chr16	14055155	14055259	+	11	11
chr16	27311211	27313385	-	11	9
chr16	30566917	30569192	-	11	10
chr16	31050122	31051424	+	11	11
chr16	31210290	31211541	+	11	10
chr16	47715185	47716448	+	11	11
chr16	65791909	65792008	+	11	11
chr16	67984358	67986945	-	11	10
chr16	68035779	68037847	-	11	9
chr16	69090648	69091198	-	11	10
chr16	69467620	69480731	-	11	11
chr16	71832034	71833188	+	11	10
chr16	81516738	81517557	+	11	11
chr16	81563865	81564705	+	11	10
chr16	81670278	81671252	+	11	9
chr16	81670765	81671261	-	11	10
chr16	84049502	84049888	-	11	10
chr16	84782569	84784749	-	11	9
chr16	85816724	85818008	-	11	10
chr16	85897365	85898664	-	11	10
chr16	89239465	89240646	+	11	10
chr16	89251147	89253002	-	11	9
chr16	89558289	89560534	-	11	9
chr16	89568715	89569788	+	11	11
chr17	1404132	1404992	-	11	10
chr17	2714661	2715217	-	11	11
chr17	3950215	3950475	-	11	9
chr17	5031143	5032596	+	11	8
chr17	5056856	5059655	+	11	10
chr17	7091511	7094157	-	11	9
chr17	7119570	7122346	+	11	11
chr17	7517112	7518543	-	11	10
chr17	15435350	15435697	+	11	11
chr17	18210540	18212331	-	11	11
chr17	21588811	21591195	+	11	11
chr17	28647273	28648158	+	11	11
chr17	30471720	30474770	+	11	9
chr17	36062721	36062890	+	11	11
chr17	37993505	37995886	+	11	10
chr17	38639772	38648240	+	11	11
chr17	40606181	40606535	-	11	6
chr17	43307919	43309619	+	11	7
chr17	43390664	43391697	+	11	10
chr17	43430497	43441522	-	11	10
chr17	43779020	43779560	+	11	9
chr17	47115317	47116607	+	11	10
chr17	47750317	47750593	+	11	10
chr17	49849145	49849580	-	11	11
chr17	50856903	50857864	+	11	9
chr17	56923487	56925967	-	11	10
chr17	61935109	61935891	-	11	9
chr17	62577030	62578350	-	11	11
chr17	63611624	63612014	+	11	8
chr17	63615825	63618375	+	11	10
chr17	64131647	64133259	+	11	10
chr17	74497058	74499043	+	11	11
chr17	77351952	77352299	+	11	10
chr17	77421931	77423552	-	11	9
chr17	77426976	77428788	+	11	10
chr17	78926430	78927893	+	11	10
chr17	81613877	81617170	+	11	11
chr17	82044569	82046844	-	11	10
chr18	12305634	12307267	-	11	10
chr18	15300928	15301029	+	11	11
chr18	21637353	21639717	-	11	11
chr18	23067030	23098318	+	11	11
chr18	27217221	27217339	+	11	11
chr18	35981469	35982835	+	11	10
chr18	43452184	43452316	+	11	11
chr18	46287702	46288150	+	11	10
chr18	54048485	54050288	-	11	8
chr18	54065880	54066355	+	11	11
chr18	61076932	61297426	+	11	11
chr18	63321685	63322326	-	11	8
chr18	68226753	68226905	-	11	11
chr19	893658	894585	-	11	11
chr19	1247042	1248075	-	11	9
chr19	1894664	1896599	-	11	10
chr19	1896605	1900627	+	11	11
chr19	2893371	2894794	+	11	11
chr19	4135811	4136153	-	11	9
chr19	6656177	6657630	-	11	9
chr19	8489155	8489467	+	11	9
chr19	10483424	10485683	-	11	9
chr19	10946167	10948290	+	11	11
chr19	10949331	10956178	+	11	10
chr19	11079500	11081961	+	11	10
chr19	11742549	11744520	+	11	11
chr19	13157038	13157825	-	11	11
chr19	15208549	15220356	+	11	11
chr19	15344653	15346003	-	11	11
chr19	18677989	18680148	+	11	6
chr19	29698561	29698814	+	11	11
chr19	30047058	30048730	+	11	10
chr19	33298540	33299907	-	11	8
chr19	34101592	34106614	+	11	11
chr19	34234580	34235515	-	11	11
chr19	34237048	34240907	-	11	11
chr19	34238706	34239386	+	11	11
chr19	34947839	34948901	+	11	11
chr19	38208400	38209262	-	11	10
chr19	38813425	38814516	+	11	11
chr19	38814877	38815140	-	11	11
chr19	40021471	40023303	-	11	11
chr19	43858112	43859689	+	11	8
chr19	45329640	45330007	-	11	11
chr19	46823451	46823686	-	11	11
chr19	47217745	47218848	+	11	11
chr19	48694333	48695166	-	11	9
chr19	48783168	48790497	+	11	11
chr19	48791953	48792843	-	11	10
chr19	49682808	49683173	-	11	9
chr19	51577772	51578910	-	11	11
chr19	55221827	55222583	-	11	11
chr20	1467770	1469761	-	11	9
chr20	2192310	2192498	-	11	11
chr20	4823920	4824584	+	11	10
chr20	13843042	13843253	-	11	11
chr20	18768466	18768775	-	11	10
chr20	32091815	32093333	-	11	11
chr20	44193725	44195889	-	11	11
chr20	46142548	46146833	+	11	8
chr20	53533144	53535859	-	11	9
chr20	53852210	53853651	+	11	8
chr20	54801993	54802174	-	11	11
chr21	5039091	5040552	-	11	11
chr21	5056374	5057857	+	11	10
chr21	6130309	6130546	-	11	11
chr21	6440826	6441697	-	11	11
chr21	19331192	19331427	+	11	11
chr21	25582136	25584787	+	11	9
chr21	28994536	28994856	-	11	10
chr21	29074041	29075192	+	11	10
chr21	30639185	30639331	-	11	11
chr21	31572620	31585298	-	11	11
chr21	33496773	33499077	+	11	9
chr21	37035889	37036896	-	11	9
chr21	41797454	41797772	+	11	9
chr21	44819001	44821330	+	11	8
chr22	17134646	17136615	+	11	11
chr22	22062015	22062835	+	11	9
chr22	30330785	30331889	-	11	10
chr22	31672267	31674605	-	11	10
chr22	35395864	35398646	+	11	7
chr22	37223083	37223893	-	11	10
chr22	37459657	37461663	-	11	10
chr22	38284087	38284443	+	11	10
chr22	40646623	40647519	+	11	11
chr22	40742974	40758125	-	11	9
chr22	42796102	42796461	-	11	11
chr22	49850854	49851179	+	11	10
chr22	49977352	49978438	-	11	9
chr22	50564218	50567232	-	11	9
chr22	50755767	50756573	-	11	5
chrX	3596989	3598947	+	11	9
chrX	3600258	3601545	-	11	10
chrX	15967449	15969897	+	11	11
chrX	18400933	18401090	+	11	11
chrX	20118191	20119683	+	11	10
chrX	30580186	30581700	-	11	9
chrX	41238225	41254540	-	11	11
chrX	48614121	48614402	-	11	11
chrX	48865689	48885841	+	11	11
chrX	53697786	53699370	-	11	8
chrX	55042412	55042553	+	11	11
chrX	55761886	55762860	+	11	10
chrX	57713627	57713727	+	11	11
chrX	84268544	84294538	-	11	11
chrX	89657054	89882372	+	11	11
chrX	93422305	93563062	+	11	11
chrX	96523370	96524305	+	11	11
chrX	100953382	100954256	+	11	9
chrX	101858413	101870561	+	11	11
chrX	101871749	101882106	-	11	10
chrX	102774285	102774642	-	11	11
chrX	107703144	107704091	-	11	10
chrX	107712074	107713027	+	11	9
chrX	116141010	116141103	-	11	10
chrX	118293254	118293364	-	11	9
chrX	130414919	130415290	+	11	10
chrX	134447924	134451969	+	11	11
chrX	134862890	134863311	+	11	11
chrX	135366434	135367433	+	11	9
chrX	136819621	136821130	-	11	9
chrY	1325430	1326903	+	11	10
chrY	1926987	1929587	-	11	11
chrY	2174325	2175032	+	11	11
chrY	2683043	2684207	+	11	10
chrY	19606842	19607828	+	11	11
chrY	21096099	21098441	+	11	9
GL000194.1	105984	108198	+	11	11
GL000195.1	42956	43296	-	11	8
KI270712.1	1567	1892	-	11	10
KI270713.1	20309	20719	+	11	10
KI270719.1	62998	64231	+	11	11
chr1	1746224	1746526	-	10	10
chr1	2225551	2227225	-	10	9
chr1	6783115	6783866	-	10	9
chr1	8881809	8884225	-	10	10
chr1	8890742	8893151	-	10	9
chr1	9828618	9838475	+	10	10
chr1	10182034	10185269	-	10	10
chr1	10459417	10461494	+	10	10
chr1	11050631	11051732	-	10	10
chr1	12211896	12214396	-	10	9
chr1	15501822	15504207	-	10	9
chr1	20510579	20521755	+	10	10
chr1	21673794	21676900	-	10	10
chr1	23293178	23293922	+	10	9
chr1	23652871	23655518	+	10	10
chr1	23660024	23660650	-	10	9
chr1	23702690	23704075	+	10	9
chr1	23788503	23790259	-	10	9
chr1	25591260	25593917	+	10	9
chr1	26494361	26496309	+	10	8
chr1	27068008	27094089	-	10	9
chr1	27396036	27397698	+	10	9
chr1	27826039	27827228	+	10	8
chr1	29182180	29183676	+	10	10
chr1	31107604	31107721	-	10	10
chr1	34967167	34967304	-	10	10
chr1	35596182	35599190	-	10	8
chr1	39068374	39074161	+	10	10
chr1	39971222	39972362	+	10	7
chr1	39989588	40010407	-	10	10
chr1	40000294	40001374	+	10	10
chr1	40863333	40863461	+	10	10
chr1	67406045	67407162	-	10	8
chr1	73255090	73255198	-	10	10
chr1	77879605	77880023	+	10	9
chr1	80653568	80653786	-	10	10
chr1	90902198	90904991	-	10	9
chr1	90909511	90910644	+	10	10
chr1	91799987	91803340	+	10	10
chr1	93139476	93142365	-	10	10
chr1	93391629	93393971	+	10	10
chr1	105242496	105426576	-	10	10
chr1	109076339	109077408	+	10	9
chr1	111428750	111431034	-	10	9
chr1	115026289	115026575	-	10	10
chr1	115149713	115149833	+	10	10
chr1	116773005	116774777	-	10	10
chr1	120851430	120852675	+	10	9
chr1	150238471	150239085	+	10	10
chr1	150638457	150641235	+	10	8
chr1	153513610	153514601	-	10	9
chr1	153992362	153992687	+	10	7
chr1	158870899	158871113	-	10	10
chr1	158994563	158994752	-	10	10
chr1	159916762	159917333	+	10	8
chr1	160523461	160524819	-	10	9
chr1	160793114	160795777	-	10	8
chr1	161220903	161221555	+	10	8
chr1	167711666	167712996	+	10	7
chr1	168142536	168148339	+	10	10
chr1	178712252	178712801	+	10	5
chr1	180214478	180215018	-	10	10
chr1	180830449	180831687	-	10	10
chr1	180857906	180858714	+	10	7
chr1	183078271	183080200	+	10	9
chr1	206498458	206501498	+	10	9
chr1	206684437	206684735	-	10	10
chr1	209859668	209859825	-	10	10
chr1	211597633	211597841	+	10	1
chr1	212362562	212363905	-	10	8
chr1	221742171	221742697	-	10	10
chr1	226739382	226740805	+	10	9
chr1	232232126	232232944	+	10	10
chr1	234598459	234599564	+	10	9
chr1	241491838	241493668	-	10	7
chr1	247098099	247098446	-	10	9
chr2	7079498	7082250	+	10	9
chr2	9579649	9580336	-	10	7
chr2	9935795	9936314	-	10	10
chr2	10573259	10575827	-	10	9
chr2	10573284	10574496	+	10	8
chr2	10668864	10671573	+	10	10
chr2	18773718	18774461	+	10	9
chr2	18804492	18805749	+	10	9
chr2	19817630	19817727	-	10	10
chr2	19826729	19826855	+	10	10
chr2	19894541	19895553	-	10	10
chr2	20872866	20872972	-	10	9
chr2	25225724	25225850	+	10	10
chr2	31849008	31850851	+	10	10
chr2	43385435	43386633	-	10	9
chr2	43408017	43409864	-	10	10
chr2	43469772	43470099	+	10	10
chr2	53097179	53098024	-	10	10
chr2	64629862	64630719	-	10	9
chr2	71081199	71083444	-	10	10
chr2	71445128	71445505	+	10	10
chr2	73748509	73749351	-	10	9
chr2	73924678	73926748	-	10	10
chr2	75235947	75237415	-	10	9
chr2	81351194	81358306	-	10	10
chr2	85675963	85677085	-	10	9
chr2	87970325	87970449	-	10	10
chr2	89229236	89230187	-	10	5
chr2	95083788	95084873	-	10	9
chr2	95992382	95993733	+	10	10
chr2	96139585	96140254	+	10	9
chr2	98733334	98734117	+	10	7
chr2	99538668	99540244	+	10	9
chr2	101897608	101898149	+	10	9
chr2	109779866	109783028	+	10	9
chr2	112210090	112210651	+	10	10
chr2	112358847	112361401	-	10	8
chr2	119985128	119985605	-	10	9
chr2	121773768	121775345	+	10	8
chr2	126709748	126710983	+	10	9
chr2	150396372	150396478	+	10	10
chr2	156434318	156435240	-	10	9
chr2	170976217	170977786	+	10	9
chr2	171756752	171758025	-	10	9
chr2	173971785	173974016	+	10	10
chr2	174309529	174309930	-	10	10
chr2	174528672	174528955	+	10	10
chr2	186129252	186129515	+	10	9
chr2	186365565	186367794	-	10	10
chr2	193597427	193599339	+	10	8
chr2	194951360	194953504	-	10	6
chr2	197448590	197450360	-	10	10
chr2	202264612	202265476	+	10	10
chr2	206100377	206103504	-	10	7
chr2	206425246	206425344	+	10	10
chr2	225051510	225054567	+	10	6
chr2	226829976	226832267	-	10	9
chr2	229295604	229296680	-	10	10
chr2	231661195	231662314	-	10	7
chr2	231722186	231724660	+	10	9
chr2	239863106	239863978	-	10	10
chr2	241817743	241818085	+	10	9
chr3	957768	957865	-	10	10
chr3	10128915	10131838	-	10	10
chr3	12731388	12731645	-	10	10
chr3	27631939	27632052	+	10	10
chr3	33487487	33488011	-	10	9
chr3	37370640	37371616	-	10	10
chr3	40475431	40476229	+	10	9
chr3	46301939	46303066	-	10	10
chr3	46362830	46363147	+	10	10
chr3	48509293	48513506	+	10	9
chr3	49095262	49095546	+	10	9
chr3	58327076	58328266	-	10	9
chr3	67342473	67343659	-	10	8
chr3	80570171	80570294	+	10	10
chr3	104343306	104346257	-	10	7
chr3	105005125	105125379	+	10	10
chr3	112917140	112917555	+	10	10
chr3	119293238	119294247	-	10	9
chr3	121947972	121949579	+	10	10
chr3	122575268	122575844	+	10	8
chr3	126751108	126751448	+	10	8
chr3	128840396	128841585	+	10	10
chr3	137092120	137092293	+	10	10
chr3	138646170	138646807	+	10	10
chr3	141942556	141943147	-	10	10
chr3	143060754	143062221	+	10	10
chr3	144074260	144075533	+	10	9
chr3	150513757	150515139	+	10	9
chr3	156823750	156825131	+	10	10
chr3	167676109	167677036	+	10	10
chr3	183633346	183633464	+	10	9
chr3	195599232	195599454	-	10	10
chr3	196340962	196343123	-	10	8
chr3	196783612	196783716	-	10	10
chr4	2243396	2245109	-	10	9
chr4	2736860	2737914	-	10	9
chr4	6717685	6718840	+	10	9
chr4	13262998	13267131	-	10	10
chr4	13367093	13367329	+	10	9
chr4	13393562	13393827	+	10	10
chr4	15468574	15469784	-	10	9
chr4	25724399	25725308	+	10	10
chr4	38858263	38858765	+	10	7
chr4	39033499	39033807	-	10	4
chr4	39794575	39796722	+	10	9
chr4	48432949	48433332	-	10	10
chr4	56860452	56881711	+	10	10
chr4	56906626	56907856	-	10	9
chr4	71042704	71044907	-	10	10
chr4	81023125	81023220	+	10	10
chr4	81425308	81425848	-	10	9
chr4	82129724	82129976	+	10	10
chr4	82349622	82351451	-	10	10
chr4	88255832	88257553	-	10	10
chr4	98171997	98173072	+	10	10
chr4	101016847	101018722	+	10	10
chr4	106349645	106350586	+	10	10
chr4	108668080	108669101	-	10	8
chr4	118276024	118278133	-	10	9
chr4	139490223	139492392	-	10	9
chr4	140619819	140620153	-	10	9
chr4	141509887	141511347	+	10	10
chr4	141558418	141561929	+	10	9
chr4	141791980	141792083	+	10	10
chr4	147684397	147687825	+	10	10
chr4	164857940	164873683	+	10	10
chr4	167813015	167813127	+	10	10
chr4	182918769	182919038	-	10	9
chr4	183120774	183123046	+	10	9
chr4	183220148	183222407	+	10	9
chr4	189048533	189048638	-	10	10
chr4	189256543	189260019	-	10	9
chr4	189751519	189751638	-	10	10
chr5	10728259	10729965	-	10	9
chr5	27678362	27678496	+	10	10
chr5	31442492	31443532	-	10	10
chr5	31524274	31526190	-	10	10
chr5	32224997	32226442	-	10	10
chr5	36096478	36098190	-	10	9
chr5	40409293	40409949	-	10	9
chr5	45940171	46047191	+	10	10
chr5	50364599	50364858	-	10	10
chr5	53883474	53883780	-	10	10
chr5	56373129	56373345	+	10	10
chr5	56408937	56409036	-	10	10
chr5	56897537	56899765	+	10	10
chr5	57161240	57164266	-	10	6
chr5	62984345	62984443	-	10	10
chr5	67176760	67178684	-	10	9
chr5	75581436	75583116	-	10	10
chr5	80405553	80407088	-	10	9
chr5	81406023	81406358	+	10	9
chr5	88779636	88780058	+	10	9
chr5	100780623	100781329	+	10	9
chr5	107362390	107362915	+	10	10
chr5	119401256	119402076	+	10	8
chr5	131154558	131154929	-	10	8
chr5	131401390	131402167	-	10	10
chr5	132871135	132872828	-	10	9
chr5	134752722	134754245	-	10	10
chr5	138278431	138278534	+	10	10
chr5	140149037	140149991	-	10	10
chr5	140173666	140174971	-	10	9
chr5	149474955	149476689	-	10	8
chr5	150527492	150529413	+	10	9
chr5	151501342	151502276	+	10	10
chr5	151726053	151729079	+	10	10
chr5	154697791	154699428	+	10	9
chr5	154809842	154810799	-	10	10
chr5	154814533	154815247	-	10	9
chr5	157072667	157073682	-	10	10
chr5	172250559	172251298	+	10	10
chr5	176539810	176542330	-	10	10
chr6	849975	851867	+	10	8
chr6	7614861	7616716	-	10	9
chr6	16274413	16286707	+	10	8
chr6	27813232	27814201	-	10	7
chr6	27902499	27903743	-	10	9
chr6	28537585	28537843	+	10	7
chr6	29634028	29635282	+	10	10
chr6	30526573	30529293	-	10	10
chr6	30726435	30727707	-	10	10
chr6	31796295	31796656	+	10	8
chr6	32894725	32895021	+	10	10
chr6	41616860	41617896	+	10	10
chr6	42205340	42206380	-	10	9
chr6	57030187	57030334	+	10	10
chr6	57745346	57747330	-	10	9
chr6	80800618	80800800	-	10	10
chr6	89823036	89824166	-	10	9
chr6	98852456	98854606	-	10	10
chr6	100198086	100199322	+	10	10
chr6	102556983	102557238	-	10	10
chr6	107693224	107693491	-	10	10
chr6	107694861	107695127	+	10	7
chr6	108270557	108271651	+	10	10
chr6	125983640	125984429	+	10	9
chr6	128530223	128530401	+	10	10
chr6	136794196	136808668	+	10	7
chr6	141714931	141717713	-	10	7
chr6	144067570	144067926	-	10	10
chr6	149501083	149503417	-	10	10
chr6	151394212	151394928	-	10	9
chr7	807997	815003	+	10	10
chr7	5616937	5619508	-	10	9
chr7	7547329	7547469	+	10	10
chr7	23485914	23487599	-	10	9
chr7	38305226	38305730	+	10	7
chr7	39619761	39620169	-	10	8
chr7	44735050	44735180	+	10	10
chr7	44825896	44826184	-	10	10
chr7	64711794	64713790	+	10	10
chr7	65489614	65490489	-	10	9
chr7	66497912	66499608	-	10	10
chr7	66593767	66593965	-	10	10
chr7	69849499	69850337	+	10	9
chr7	70512458	70513985	+	10	10
chr7	70617449	70619493	+	10	8
chr7	70707507	70709554	+	10	9
chr7	73529424	73534918	+	10	10
chr7	73558834	73565515	-	10	8
chr7	73797567	73798137	+	10	10
chr7	74443255	74443406	-	10	10
chr7	92604373	92604861	+	10	9
chr7	99644763	99647990	+	10	10
chr7	99736772	99738481	+	10	8
chr7	100042962	100044982	-	10	7
chr7	100434245	100435242	+	10	9
chr7	100608274	100611766	+	10	8
chr7	102523608	102524687	+	10	10
chr7	102526246	102527792	+	10	10
chr7	105215578	105218453	-	10	9
chr7	105215747	105216577	+	10	9
chr7	106074640	106076100	-	10	10
chr7	107890484	107891159	-	10	9
chr7	111972971	111975132	-	10	9
chr7	113498989	113499151	+	10	10
chr7	121360321	121361872	+	10	10
chr7	125562182	125702326	-	10	10
chr7	132772393	132774853	-	10	9
chr7	134116530	134117538	+	10	9
chr7	137849099	137851298	-	10	9
chr7	141795663	141796664	+	10	8
chr7	142514463	142516037	-	10	8
chr7	142811663	142812023	-	10	10
chr7	143050471	143050570	-	10	10
chr7	143234595	143237234	-	10	6
chr7	148941687	148941961	+	10	9
chr7	149459160	149459534	-	10	10
chr7	150221115	150222092	+	10	10
chr7	150292575	150293608	-	10	9
chr7	150548426	150549357	-	10	10
chr7	150575486	150579559	-	10	8
chr7	150600001	150601597	+	10	10
chr7	150644747	150646528	-	10	6
chr7	155693409	155693681	-	10	9
chr7	155755635	155756330	+	10	8
chr8	6307421	6307543	-	10	10
chr8	11332642	11335223	+	10	9
chr8	13920556	13920673	+	10	10
chr8	17129284	17130460	+	10	7
chr8	22241214	22242827	-	10	10
chr8	24942853	24943112	-	10	10
chr8	25013401	25015037	+	10	10
chr8	26658793	26661108	+	10	8
chr8	30767313	30768013	+	10	10
chr8	41653272	41653623	-	10	9
chr8	42413180	42415745	+	10	8
chr8	43131186	43132722	+	10	10
chr8	43139146	43139521	+	10	9
chr8	48065143	48068795	-	10	10
chr8	56028464	56030294	+	10	9
chr8	60744583	60747334	-	10	10
chr8	66533859	66536523	+	10	9
chr8	123156278	123157306	-	10	10
chr8	127540385	127542079	-	10	8
chr8	127566616	127566976	-	10	5
chr8	130549155	130549271	+	10	8
chr8	131836225	131837901	-	10	8
chr8	131851427	131852558	-	10	8
chr8	133577931	133579336	+	10	10
chr8	140494660	140497816	-	10	9
chr8	140517430	140519535	+	10	9
chr8	144145823	144147975	-	10	9
chr8	144769276	144769522	+	10	10
chr9	19228955	19229965	-	10	10
chr9	24186915	24402514	+	10	9
chr9	24869436	24869668	-	10	10
chr9	32454802	32455244	+	10	8
chr9	33455027	33455653	+	10	10
chr9	37287250	37290633	-	10	8
chr9	37372484	37376065	+	10	8
chr9	39306502	39306632	+	10	10
chr9	67574342	67574485	-	10	10
chr9	70359533	70362213	+	10	9
chr9	80326693	80327466	-	10	10
chr9	80395424	80397590	+	10	9
chr9	80420535	80422160	+	10	10
chr9	80529801	80531801	+	10	8
chr9	83655299	83657295	-	10	9
chr9	86188395	86188788	-	10	10
chr9	87479449	87486080	-	10	10
chr9	93055393	93056829	-	10	8
chr9	94113595	94113790	-	10	10
chr9	96418520	96419715	+	10	7
chr9	97881034	97882881	-	10	9
chr9	97981947	97983190	-	10	7
chr9	98047687	98049757	+	10	8
chr9	103776232	103776892	-	10	10
chr9	110929351	110930146	-	10	9
chr9	110968652	110971204	-	10	10
chr9	110999039	111002533	-	10	10
chr9	112355729	112358072	-	10	8
chr9	112903546	112906695	+	10	10
chr9	113309298	113310225	-	10	10
chr9	114569532	114569736	+	10	10
chr9	114752018	114754013	+	10	10
chr9	122832598	122832813	-	10	2
chr9	123293581	123293721	+	10	10
chr9	127779053	127781863	+	10	9
chr9	128337591	128338617	+	10	8
chr9	131123442	131123549	+	10	9
chr9	136001763	136002179	-	10	9
chr9	136730385	136732322	+	10	7
chr9	137001194	137002400	+	10	9
chr9	137291644	137292282	-	10	10
chr10	745293	745428	-	10	10
chr10	5869210	5871212	-	10	8
chr10	7154945	7155849	-	10	9
chr10	8078254	8080800	+	10	8
chr10	8709219	8712072	-	10	7
chr10	17628468	17628624	-	10	10
chr10	17734211	17736029	+	10	10
chr10	22516351	22516607	+	10	8
chr10	30602074	30602180	-	10	10
chr10	30839400	30843459	-	10	10
chr10	45435337	45435653	-	10	10
chr10	46576724	46577122	-	10	10
chr10	50303947	50304792	+	10	8
chr10	60733499	60733764	+	10	9
chr10	62181324	62181624	+	10	10
chr10	63163792	63164569	-	10	10
chr10	68985598	68986641	-	10	9
chr10	69174694	69178271	+	10	10
chr10	72363446	72365984	+	10	9
chr10	73435487	73435891	+	10	9
chr10	73626793	73627690	+	10	9
chr10	76803336	76803581	+	10	10
chr10	79357443	79358033	+	10	8
chr10	95707478	95708818	+	10	9
chr10	96592216	96592614	+	10	9
chr10	97345672	97352646	+	10	10
chr10	97774397	97775755	+	10	10
chr10	99238923	99324625	+	10	10
chr10	102081707	102082819	-	10	10
chr10	102695087	102698229	+	10	9
chr10	102711424	102712890	+	10	10
chr10	110339551	110339941	-	10	10
chr10	112842120	112842405	-	10	10
chr10	114428521	114429039	-	10	9
chr10	118755697	118756555	+	10	8
chr10	123185243	123189026	+	10	6
chr10	130186231	130186567	-	10	9
chr10	133783726	133784709	+	10	10
chr11	355186	356068	-	10	10
chr11	729574	730689	+	10	9
chr11	1533455	1534494	+	10	8
chr11	2292617	2293063	+	10	10
chr11	10307679	10307990	+	10	9
chr11	10782445	10784221	-	10	6
chr11	16763823	16766389	+	10	8
chr11	22959058	22960084	+	10	9
chr11	22979039	22979355	-	10	9
chr11	23521215	23676524	+	10	6
chr11	25628752	25628859	-	10	9
chr11	45843930	45846878	-	10	9
chr11	58495350	58496722	-	10	10
chr11	61892253	61895143	+	10	8
chr11	62675158	62676094	-	10	10
chr11	64760044	64762174	+	10	9
chr11	65806554	65810158	-	10	8
chr11	66225746	66227334	+	10	9
chr11	67426556	67427316	+	10	9
chr11	68881756	68882490	-	10	9
chr11	73673373	73674667	+	10	10
chr11	74981808	74984033	+	10	9
chr11	78088040	78089666	-	10	10
chr11	83154019	83156858	-	10	10
chr11	86188267	86188373	+	10	10
chr11	93325261	93326780	-	10	9
chr11	95071472	95072794	+	10	10
chr11	102392291	102394169	-	10	9
chr11	103033677	103033956	-	10	9
chr11	107262564	107264375	-	10	5
chr11	107318416	107319142	+	10	10
chr11	117177425	117178636	-	10	6
chr11	118323945	118326252	+	10	5
chr11	121660966	121661860	-	10	9
chr11	124701042	124702029	-	10	10
chr11	124711085	124713681	-	10	9
chr11	128338742	128341555	-	10	9
chr11	129693296	129693963	+	10	9
chr11	130564900	130565994	+	10	9
chr12	14160	14345	+	10	9
chr12	734650	746636	-	10	9
chr12	3779460	3783197	+	10	9
chr12	4076733	4078421	+	10	8
chr12	4143436	4144063	+	10	8
chr12	9773403	9774413	+	10	7
chr12	9796042	9798935	+	10	9
chr12	14299338	14345511	-	10	9
chr12	20767462	20768470	-	10	10
chr12	26167809	26169927	+	10	8
chr12	31255443	31257801	-	10	9
chr12	31832715	31836097	-	10	10
chr12	32109854	32112432	+	10	10
chr12	32236953	32237294	-	10	10
chr12	32355054	32356561	+	10	9
chr12	32374941	32376307	-	10	9
chr12	32377436	32378721	+	10	10
chr12	39472676	39474653	-	10	9
chr12	43617926	43618034	-	10	10
chr12	48643782	48644467	-	10	9
chr12	49120521	49121276	-	10	7
chr12	50491360	50504423	-	10	8
chr12	60008729	60083219	-	10	10
chr12	65000693	65000793	-	10	10
chr12	67899886	67906166	+	10	10
chr12	68800053	68802394	+	10	8
chr12	70355014	70358583	+	10	10
chr12	74545982	74546813	+	10	10
chr12	76019363	76020292	-	10	8
chr12	83233370	83388509	-	10	10
chr12	93446756	93447570	-	10	7
chr12	94553254	94553877	-	10	10
chr12	94709620	94711505	-	10	9
chr12	94748446	94748847	-	10	9
chr12	100573866	100575147	+	10	10
chr12	107720261	107722351	-	10	9
chr12	110767554	110783820	+	10	10
chr12	120502175	120503166	+	10	10
chr12	121458534	121459040	+	10	9
chr12	121579690	121579901	+	10	10
chr12	121834762	121838226	-	10	9
chr12	122430353	122448436	-	10	10
chr12	122501047	122503143	+	10	7
chr12	122772682	122774149	-	10	8
chr12	126857834	126858171	-	10	10
chr12	128843312	128843646	-	10	9
chr13	20949728	20954242	-	10	10
chr13	22510361	22511959	+	10	9
chr13	26553535	26553626	+	10	10
chr13	27060101	27061710	-	10	10
chr13	27262903	27263286	+	10	10
chr13	30709147	30709261	-	10	10
chr13	31671694	31673595	-	10	9
chr13	31695776	31697139	-	10	10
chr13	31705249	31708065	-	10	9
chr13	40700980	40701619	-	10	9
chr13	42327128	42329351	+	10	8
chr13	72154369	72154560	+	10	10
chr13	73033814	73037829	+	10	10
chr13	80288380	80293718	-	10	10
chr13	86527074	86699137	+	10	10
chr13	100028261	100044281	-	10	10
chr13	103707179	103962259	-	10	10
chr13	109419333	109421806	-	10	9
chr13	111309117	111309814	+	10	10
chr14	21206943	21207348	-	10	8
chr14	21847664	21849534	-	10	10
chr14	21998179	22001868	+	10	8
chr14	22175154	22175603	+	10	10
chr14	39142094	39143811	+	10	8
chr14	39145679	39146455	+	10	9
chr14	39170539	39171033	+	10	9
chr14	39393005	39393431	-	10	9
chr14	49615423	49617987	-	10	10
chr14	49623489	49625123	-	10	8
chr14	49856829	49858252	+	10	10
chr14	57228486	57228812	+	10	10
chr14	57240743	57242041	+	10	10
chr14	57454536	57454802	+	10	10
chr14	65233091	65234246	-	10	9
chr14	67897727	67899520	-	10	8
chr14	68046875	68048447	+	10	8
chr14	68206842	68209451	+	10	9
chr14	68354465	68356747	+	10	10
chr14	68515993	68517296	+	10	9
chr14	68597282	68599349	+	10	9
chr14	68612372	68612770	+	10	10
chr14	70677960	70680994	+	10	9
chr14	73711181	73711773	-	10	10
chr14	75333349	75334042	-	10	8
chr14	86240749	86241030	-	10	10
chr14	92139692	92141135	-	10	10
chr14	92186652	92187381	-	10	10
chr14	93236504	93237346	-	10	10
chr14	97783471	97785033	+	10	9
chr14	99122730	99123895	+	10	10
chr14	100169284	100170568	-	10	10
chr14	101118033	101120367	-	10	8
chr15	22701330	22705288	-	10	10
chr15	31371964	31372593	-	10	9
chr15	31383452	31383891	+	10	10
chr15	40399413	40402482	-	10	9
chr15	43543787	43544457	-	10	6
chr15	43722065	43724823	-	10	9
chr15	49833319	49836885	-	10	10
chr15	50378784	50390228	+	10	8
chr15	50549827	50552468	-	10	9
chr15	52542509	52545473	-	10	7
chr15	55200436	55201974	+	10	4
chr15	64686086	64687167	-	10	10
chr15	64720045	64723930	-	10	8
chr15	65518083	65518833	+	10	9
chr15	67195687	67197240	-	10	9
chr15	67814303	67814632	+	10	10
chr15	67817636	67819083	+	10	7
chr15	70818999	70819121	+	10	10
chr15	75139859	75143759	+	10	9
chr15	76954445	76958106	+	10	8
chr15	81006620	81007018	-	10	10
chr15	85900706	85901982	+	10	10
chr15	89230920	89232861	+	10	9
chr15	90322196	90331788	+	10	10
chr15	90964926	90965845	+	10	9
chr15	94647936	94648044	-	10	8
chr15	96633495	96668222	+	10	10
chr16	810878	812961	+	10	9
chr16	2215423	2217762	+	10	9
chr16	3340010	3345430	+	10	10
chr16	3955690	3956996	-	10	9
chr16	3972069	3973683	+	10	10
chr16	4015587	4018245	+	10	9
chr16	4254506	4256250	-	10	8
chr16	10264016	10281829	-	10	10
chr16	11532063	11534429	-	10	10
chr16	15381280	15382996	-	10	10
chr16	27369529	27371826	+	10	9
chr16	28632580	28632818	-	10	10
chr16	28967115	28968963	+	10	9
chr16	29468506	29469709	-	10	9
chr16	30255639	30256593	+	10	10
chr16	31029596	31031753	+	10	7
chr16	31052210	31054551	-	10	10
chr16	31052658	31056326	+	10	10
chr16	31172879	31173011	+	10	10
chr16	31383788	31387015	+	10	10
chr16	34196549	34200690	-	10	10
chr16	47189122	47189590	-	10	9
chr16	47215848	47217920	+	10	10
chr16	50656551	50657015	+	10	10
chr16	56917528	56918260	+	10	10
chr16	62488575	62489616	-	10	10
chr16	63771040	63828173	-	10	10
chr16	67104760	67107573	+	10	8
chr16	67676278	67677528	-	10	10
chr16	67721509	67722823	-	10	8
chr16	67983935	67985373	+	10	10
chr16	68024245	68026294	-	10	10
chr16	68032966	68034313	-	10	8
chr16	68051867	68053365	-	10	10
chr16	69356414	69358911	+	10	9
chr16	70089530	70091245	-	10	10
chr16	81615918	81616806	-	10	9
chr16	81684873	81685482	+	10	8
chr16	81966775	81967390	-	10	9
chr16	81981436	81982845	+	10	7
chr16	85766927	85769617	-	10	10
chr16	85770938	85771487	-	10	10
chr16	88801005	88803156	+	10	8
chr16	89059272	89060522	+	10	10
chr17	1229951	1232286	+	10	9
chr17	3559432	3559946	+	10	10
chr17	5176894	5177110	+	10	10
chr17	7060172	7061611	-	10	8
chr17	8023284	8024041	-	10	10
chr17	8213916	8215203	-	10	8
chr17	8387911	8390280	+	10	10
chr17	15428310	15430742	-	10	9
chr17	17471673	17471790	+	10	10
chr17	19191955	19193780	+	10	10
chr17	29063883	29064173	-	10	9
chr17	29220256	29220339	+	10	10
chr17	29244294	29246509	-	10	10
chr17	30487869	30489473	-	10	10
chr17	31928641	31929720	+	10	10
chr17	35311097	35313015	-	10	9
chr17	38826924	38829959	+	10	9
chr17	38969253	38970182	-	10	10
chr17	42397783	42397959	-	10	10
chr17	42523466	42524540	+	10	8
chr17	43314053	43314938	-	10	10
chr17	45317544	45318241	+	10	8
chr17	49057270	49063116	+	10	10
chr17	50301658	50310406	-	10	10
chr17	50343364	50345207	-	10	7
chr17	50756439	50759762	-	10	10
chr17	51174572	51177208	-	10	10
chr17	62281506	62282531	-	10	9
chr17	66810986	66811264	-	10	10
chr17	74515815	74516640	-	10	7
chr17	75025854	75029419	+	10	10
chr17	75419433	75424561	-	10	10
chr17	75825808	75826385	+	10	9
chr17	75864087	75872666	-	10	10
chr17	77388870	77389165	-	10	7
chr17	78666335	78669505	-	10	10
chr17	81871687	81873042	-	10	10
chr18	13655506	13657815	+	10	9
chr18	20941335	20943338	-	10	9
chr18	21639090	21643109	+	10	9
chr18	21647055	21649892	+	10	10
chr18	45973852	45976082	-	10	9
chr18	46131667	46134286	+	10	9
chr18	46142354	46144163	-	10	10
chr18	46802664	46803102	+	10	10
chr18	59904492	59904886	-	10	10
chr18	76282843	76283509	-	10	10
chr19	1653521	1654400	+	10	8
chr19	2457140	2457825	+	10	6
chr19	2776295	2776958	-	10	9
chr19	2818448	2819111	+	10	9
chr19	3048626	3050633	-	10	8
chr19	3069488	3069640	+	10	9
chr19	3620171	3624123	-	10	10
chr19	5670406	5672646	+	10	9
chr19	6370275	6372622	-	10	10
chr19	7674952	7676582	-	10	8
chr19	7687779	7688583	-	10	10
chr19	11765711	11766628	-	10	9
chr19	12295377	12298831	+	10	8
chr19	13158949	13160061	-	10	10
chr19	13786163	13789465	-	10	9
chr19	13860889	13861868	-	10	8
chr19	14024416	14025116	-	10	9
chr19	14500235	14501427	-	10	9
chr19	17521314	17522250	+	10	9
chr19	17739826	17740649	+	10	9
chr19	17789159	17791208	+	10	10
chr19	18416132	18417452	-	10	9
chr19	18416563	18418525	+	10	8
chr19	18549276	18550604	+	10	9
chr19	22864118	22865134	-	10	10
chr19	23878109	23880830	+	10	4
chr19	28762740	28762865	+	10	10
chr19	29683756	29685892	-	10	9
chr19	34171290	34171772	-	10	8
chr19	34242729	34242947	-	10	10
chr19	35822283	35823916	+	10	10
chr19	36491982	36493600	+	10	10
chr19	38230419	38233046	+	10	7
chr19	39523816	39528241	+	10	10
chr19	40305019	40314259	+	10	9
chr19	40661458	40662919	-	10	7
chr19	41520272	41520590	-	10	9
chr19	46024028	46024891	+	10	9
chr19	47219508	47220790	-	10	8
chr19	47278238	47281387	-	10	10
chr19	49325667	49326828	+	10	9
chr19	49503698	49505617	+	10	8
chr19	51575304	51576473	-	10	8
chr19	51576720	51579257	+	10	9
chr19	51581332	51583226	-	10	9
chr19	51744206	51744593	+	10	10
chr19	54371013	54372709	+	10	9
chr19	54672621	54676084	+	10	9
chr19	55335056	55335164	+	10	10
chr19	55470694	55470835	-	10	10
chr19	55618284	55620345	-	10	10
chr19	57222934	57225470	+	10	9
chr19	57239961	57240403	-	10	8
chr20	1462402	1462810	+	10	10
chr20	5540533	5542149	+	10	10
chr20	25003487	25005015	+	10	8
chr20	33699360	33700675	+	10	10
chr20	33786315	33786908	+	10	10
chr20	35148265	35149386	+	10	9
chr20	35159442	35161359	+	10	9
chr20	37472384	37472793	+	10	10
chr20	40689519	40689945	-	10	8
chr20	43257889	43264951	+	10	10
chr20	49217695	49218979	+	10	9
chr20	50230607	50230708	-	10	10
chr20	50785322	50786051	-	10	10
chr20	52049101	52051047	-	10	7
chr20	53536388	53538246	+	10	10
chr20	53854694	53857465	+	10	10
chr20	56546137	56548166	+	10	9
chr20	58388325	58389000	-	10	10
chr20	58913478	58914674	+	10	10
chr20	63849275	63850842	-	10	10
chr21	6124420	6126308	+	10	9
chr21	17291626	17291791	-	10	10
chr21	31108793	31110019	-	10	10
chr21	36298588	36299580	+	10	10
chr21	39094786	39095132	+	10	9
chr21	40932933	40933025	-	10	9
chr21	41793140	41795620	-	10	9
chr21	44001742	44003406	+	10	9
chr21	44845036	44845644	-	10	9
chr22	17733603	17733888	-	10	10
chr22	20954850	20956210	-	10	9
chr22	21625451	21626461	+	10	9
chr22	21898860	21901902	+	10	10
chr22	30628159	30630713	+	10	9
chr22	35459474	35462028	+	10	9
chr22	35496468	35497270	+	10	9
chr22	36275653	36277304	+	10	10
chr22	38805814	38814466	-	10	9
chr22	39113228	39113397	-	10	10
chr22	39333969	39342066	-	10	10
chr22	41022039	41022896	-	10	9
chr22	41050269	41061704	-	10	10
chr22	41431661	41432803	+	10	10
chr22	44535029	44550701	-	10	10
chr22	50341590	50341910	+	10	10
chrX	5750491	5786400	+	10	10
chrX	9457139	9457609	+	10	9
chrX	19236740	19236832	+	10	10
chrX	23495399	23601510	-	10	9
chrX	23951148	23951587	+	10	10
chrX	30732462	30733581	+	10	10
chrX	41082964	41083648	-	10	10
chrX	42813677	42814785	-	10	9
chrX	48610929	48613014	-	10	10
chrX	51923890	51923981	+	10	10
chrX	53365199	53366227	-	10	9
chrX	57241047	57242381	+	10	7
chrX	57694108	57694784	-	10	10
chrX	58468755	58516615	+	10	10
chrX	64166492	64170326	-	10	9
chrX	75676947	75678866	+	10	8
chrX	77490011	77490652	-	10	9
chrX	78265151	78265490	-	10	10
chrX	79333886	79334485	+	10	9
chrX	89481233	89482948	+	10	9
chrX	89893370	89893461	+	10	10
chrX	101307888	101322968	+	10	10
chrX	101621901	101622683	-	10	8
chrX	102865576	102867786	+	10	9
chrX	116010757	116014737	+	10	10
chrX	117760414	117877335	+	10	10
chrX	119049932	119050065	+	10	10
chrX	119180951	119181356	+	10	10
chrX	119464328	119465423	-	10	7
chrX	119781734	119783355	-	10	10
chrX	123858231	123859640	-	10	9
chrX	132972530	133019255	-	10	10
chrX	134523676	134526159	+	10	9
chrX	134861740	134862479	-	10	9
chrX	135040378	135042134	+	10	10
chrX	136831393	136832423	-	10	10
chrX	136839993	136840920	+	10	9
chrX	144546609	144776052	-	10	10
chrX	150962304	150971173	+	10	10
chrX	153038785	153039289	-	10	8
chrX	153427988	153430586	-	10	9
chrY	1765375	1766819	+	10	10
chrY	1935653	1937693	-	10	10
chrY	2670634	2672687	+	10	9
chrY	2744186	2746000	-	10	10
chrY	13179128	13182303	-	10	10
chrY	20953135	20953730	+	10	10
chrY	21052451	21054204	-	10	9
chrY	21285167	21287514	+	10	7
KI270706.1	7546	8931	-	10	9
KI270720.1	29545	31246	-	10	9
KI270744.1	42291	43537	+	10	8
KI270745.1	1346	1546	+	10	10
