chr5	14646963	14651940	-	84750	6353
chr12	66049794	66065060	-	46927	16990
chr20	21755361	21915687	+	33121	2685
GL000220.1	97146	161259	+	13319	2287
chrX	79178008	79306121	+	11982	4298
chr9	133020877	133021852	+	11977	1986
chrM	0	417	-	9715	1801
chr13	109422875	109424377	-	8164	1900
chr11	10509192	10511360	-	7400	1652
chr13	22605493	22696016	-	6676	1308
KI270733.1	120222	179453	+	5836	1832
chr20	60851633	61067509	-	5676	2443
chr21	8251169	8258559	+	4901	1618
chr14	75282241	75293918	+	3752	1034
chr19	18274580	18279686	+	2926	998
chr16	55719785	55720439	-	2759	1083
chr19	16327878	16351270	+	2721	851
chr5	160942085	161281802	-	2672	1495
chr16	29507114	29527564	-	2531	1066
chrX	123514370	123515248	+	2467	976
chrX	44794615	44838339	+	2450	941
chr1	110899928	110929977	+	2417	932
chr4	83086234	83090032	+	2254	849
chrM	0	576	+	2242	936
chr2	157386008	157414611	-	2207	927
chr14	34546877	34555303	+	2115	783
chr12	95466398	95467381	-	2024	1037
chr9	79391769	79391917	+	1954	898
chrX	39786905	39787130	-	1935	777
chr12	93639885	93640795	-	1931	839
chr1	225999615	226003304	+	1894	793
chr13	74051700	74136378	-	1859	697
chrM	16025	16569	+	1731	896
chr2	160879249	160960203	+	1677	1170
chr1	242975148	242988961	+	1502	869
chr21	18858305	18858496	+	1492	777
chr9	30998985	31114184	+	1456	911
chr10	3785550	3789421	+	1361	685
chr2	83009060	83180511	-	1295	946
chr12	55409888	55411064	+	1235	722
chr17	32382020	32411193	+	1161	612
chr9	6037846	6038106	-	1123	757
chr12	9011065	9027314	+	1120	343
chr10	80246595	80247125	-	1114	665
chr4	83085686	83090038	-	1063	588
chr5	138469320	138488766	+	935	291
chr2	30160534	30174592	+	916	430
chr12	9029434	9049914	+	900	310
chr8	114029499	114030142	-	898	575
chrX	140033519	140033891	+	882	561
chr3	155988200	155989066	+	879	602
chr7	27456336	27458077	-	861	563
chr19	18281641	18289036	+	850	403
chr21	8986604	8988749	+	844	570
chr5	70479306	70483433	-	841	466
chr15	44718878	44728894	+	836	487
chrM	16024	16569	-	833	510
KI270721.1	2605	16085	+	830	533
chr22	50532586	50541082	+	804	428
chr19	45478918	45485056	+	802	286
chr4	132528094	132528217	+	796	576
chr1	203309610	203319643	+	787	361
chr19	12642385	12643274	-	785	583
chr14	25266315	25266593	-	779	501
chrX	30630826	30649501	+	777	470
chr19	39942632	39943749	-	763	538
chrX	150230806	150231035	-	762	537
chr6	73509322	73515673	-	759	465
chr1	58775489	58780789	-	734	445
chr7	36504602	36512921	-	732	372
chr17	75765673	75776427	-	732	322
chr5	18111418	18185444	+	714	539
chr2	58252525	58252692	+	701	513
chr16	29404418	29425781	-	687	479
chr11	123042217	123057379	-	677	284
chr17	43314053	43322863	-	677	424
chr19	39409430	39412648	+	674	369
chr6	36605679	36621994	+	670	354
chr1	171470015	171485442	-	651	333
chr20	35742371	35744750	+	637	416
chr12	9116408	9123894	+	636	282
chr19	18178118	18192984	+	621	263
chr1	44726933	44731313	-	620	319
chrX	24354818	24354962	+	620	441
chr12	7900432	7918927	-	616	202
chr9	33039918	33041708	+	615	354
chr13	74010012	74048987	-	614	346
chr1	28095038	28095707	-	611	445
chr16	29609151	29613082	-	605	382
chr12	120288121	120295710	-	604	370
chr17	59842266	59859473	+	602	330
chr9	80232098	80299264	+	601	142
chr19	13842937	13853835	+	596	366
chr5	107194860	107195155	-	587	439
chr5	70208005	70209283	-	578	418
GL000218.1	46904	97454	-	575	383
chr1	148522765	148529813	+	571	354
chr2	138574467	138587149	+	571	333
chr2	75268031	75416944	-	569	174
chr5	70137007	70193556	-	567	407
chr17	46487594	46503850	+	567	387
chr6	89085320	89095204	+	566	364
chr9	134895407	134903213	-	559	296
chr20	5291342	5291879	-	558	426
chr19	16327889	16337763	-	548	324
chr9	131561664	131576363	-	542	307
chr2	136198699	136198828	-	540	425
chr6	131305581	131443484	-	540	230
chr14	22502295	22515202	+	532	292
chr1	28648734	28652412	+	526	327
chr17	32383372	32403301	-	526	356
chr14	103345176	103354030	+	523	319
chr18	63063659	63122379	-	521	458
chr9	80361621	80528702	+	517	115
chr6	32567344	32578720	-	509	270
chr17	45566443	45585796	+	509	372
chr2	106603739	106697295	-	508	387
chr4	105486087	105486409	+	504	392
chr19	18274512	18279692	-	500	365
chr5	69624190	69630426	+	495	272
chr7	39811543	39812560	+	490	436
chr6	32859877	32865078	+	488	346
chr9	41359051	41408032	+	487	337
chr9	41229440	41234991	-	480	279
chr14	75272866	75278529	+	480	287
chr9	75147274	75161397	+	479	347
chr12	66057580	66058566	+	478	472
chr19	14503372	14513999	+	475	208
GL000194.1	61541	115073	-	475	339
chr11	65414336	65422456	-	472	324
chr5	69978624	69981021	+	469	352
chr12	9208572	9224064	+	466	229
chr5	70090359	70094050	-	465	329
chr2	97271140	97281226	+	460	308
chr1	144412377	144417816	+	455	323
chr2	44065417	44066674	-	453	348
chr5	42993278	42994813	-	444	296
chr5	138469549	138488100	-	442	184
chr17	41692716	41700041	+	442	284
chr16	3236638	3242027	-	441	239
chr20	3876701	3888081	+	441	289
chr16	30254757	30265781	-	438	351
chr1	44817478	44819843	-	436	265
chr5	71193468	71197541	-	436	355
chr5	138543434	138553412	+	433	315
chr5	70829601	70835749	+	431	327
chr11	65506520	65514347	+	430	274
chr1	234609536	234612653	-	428	282
chr17	78841457	78845301	+	428	273
chr17	43315895	43324062	+	425	319
chr9	92689199	92709922	-	424	232
chr20	4573100	4590981	-	423	375
GL000220.1	104030	160889	-	420	334
chr3	56710387	56727152	-	419	225
chr20	5611009	5705487	+	415	263
chr17	80126474	80133850	-	412	204
chr15	44722894	44728817	-	410	248
chr7	56093990	56101572	-	409	286
chr2	218368126	218374754	+	408	189
chr3	31648914	31657802	+	404	243
chr9	63816440	63823130	+	404	267
chr14	75282256	75288444	-	404	262
chr17	45575399	45585796	-	403	305
chr20	4024444	4024629	+	402	300
chrX	52832228	52832396	-	401	329
chr3	108856494	108883352	+	399	217
chr19	14502892	14514505	-	399	179
chr22	26786603	26841431	+	395	259
chr1	110900102	110902567	-	394	315
chr2	157376127	157380658	-	392	307
chr17	45563593	45574309	-	391	314
chr17	7131231	7146011	+	388	227
chr22	39973792	39990459	+	386	238
chr6	36111308	36123312	+	385	274
chr19	39400966	39406778	+	384	263
chr14	22535323	22546417	+	383	231
chr20	63523169	63527615	+	383	262
chrY	1648094	1731243	+	383	269
chr19	8514353	8520754	-	382	278
chr17	46488675	46503920	-	381	284
chr11	85947860	85957156	-	380	283
chr4	164943945	164944050	+	379	319
chr7	128626901	128642368	+	379	281
chr17	68115523	68125776	+	379	286
chr19	14370222	14375192	-	378	237
chr7	142797339	142800814	+	376	229
chr7	67239743	67278707	-	371	239
chr10	43409172	43412117	+	370	255
chr17	59842480	59844816	-	369	221
chr6	29945903	29956100	+	368	304
chr6	35321788	35337544	+	366	240
chr19	39400643	39406775	-	364	245
chr3	112695399	112695756	-	361	281
chr4	48062739	48066385	-	361	240
chr11	65416581	65422657	+	361	264
chr22	39063642	39070082	+	361	167
chr16	11535762	11547702	-	360	222
chr1	149364982	149372290	+	358	236
chrX	155383237	155383801	+	357	294
chr19	53780986	53793133	-	352	190
chr5	66094422	66113810	+	347	193
chr2	171762367	171773729	+	346	234
chr5	70480594	70483355	+	345	248
chr10	69104849	69110142	+	345	214
chr11	107316301	107325571	-	343	262
chr15	32516640	32519777	-	343	272
chr19	50490969	50503298	+	341	176
chrX	65075470	65108829	+	340	186
chr22	47177635	47190132	+	339	197
chr6	151391562	151404565	+	337	243
chr11	61161824	61166559	-	337	179
chr2	200845786	200852619	-	334	222
chr5	70854747	70863438	+	332	267
chr14	75272659	75278585	-	332	230
chr3	185900865	185914308	-	330	206
chr10	6360382	6421150	-	329	181
chr19	3180725	3185558	+	326	246
chr15	65304795	65311522	+	325	231
chr16	30257684	30265746	+	320	269
chr1	145979540	145992389	-	319	203
chr14	98970895	98972878	-	319	282
chr14	20477222	20482342	+	318	198
KI270706.1	1303	73488	+	312	211
chr11	105035254	105041211	-	311	218
chr2	46630918	46645474	+	310	226
chr17	64471493	64477766	+	310	215
KI270713.1	16771	22425	-	309	241
chr4	75909248	75913177	-	308	212
chr9	93041033	93051996	+	308	214
chr14	24166816	24171505	+	307	222
chr7	5514266	5527078	-	305	181
chr19	48876058	48880963	+	304	229
chrY	13225595	13237488	-	304	237
chr5	57167914	57173392	-	303	200
chr7	72836767	72841939	+	303	261
chr19	57294500	57300942	+	302	259
chr6	36605661	36620979	-	299	176
chr16	29406188	29415168	+	299	232
chr6	26108416	26114864	-	297	160
chr8	101206205	101208032	+	296	210
chr12	9845635	9852982	-	296	209
chr14	99142567	99156172	-	296	144
chr4	25728724	25747142	-	292	144
chr1	44815662	44819732	+	291	151
chr14	92693691	92703793	+	289	206
chr1	52669914	52684234	+	287	212
KI270733.1	120125	177524	-	286	246
chr6	136289912	136293635	+	285	212
chr19	18178736	18192486	-	284	174
chr3	157142688	157146499	+	282	195
chr21	32563314	32567968	-	282	190
chr9	70417959	70420899	-	281	252
chr12	124899314	124911603	-	281	205
chr11	6700069	6713528	-	279	223
chrY	1310385	1326903	+	279	175
chr17	75765545	75772742	+	278	142
chr19	57297503	57298911	-	278	238
chr8	38383469	38385923	+	276	197
chr2	32323014	32334880	+	274	201
chr19	41528991	41531205	-	274	181
chr10	46163246	46186067	-	273	170
chr19	15332582	15340285	+	273	175
chr2	113584135	113587447	+	271	230
chr5	168616996	168617088	+	270	239
chr6	16148249	16159118	+	270	198
chr6	32652369	32655744	-	270	167
chr19	21276794	21289032	-	270	196
chr7	44069456	44071908	+	267	223
chr1	156714164	156721834	-	266	188
chr19	49718232	49733624	-	266	223
chr22	23907271	23926804	-	265	211
chr6	123760379	123760452	+	264	54
chr17	74517796	74521012	-	264	163
chr1	149159848	149162782	-	263	178
chr17	22521366	22521480	-	262	213
chr9	80324418	80338158	+	260	96
chr1	96448318	96557839	+	259	225
chr4	166535530	166603815	+	259	236
chr12	31787937	31790890	-	259	225
GL000219.1	77560	100228	-	259	220
chr22	40938578	40951087	-	258	178
chr3	196455485	196468755	-	257	166
chr6	37029113	37043784	+	257	183
chr9	75167214	75174429	+	257	189
chr3	51538836	51541044	+	256	227
chr7	128658870	128666798	+	256	211
chr6	29635431	29636038	-	255	222
chr6	30992859	30994969	-	254	221
chr13	27945433	27945590	+	254	220
chr15	59689559	59692051	+	254	189
chr16	22536547	22545112	+	254	215
chr1	25240471	25241826	+	253	194
chr3	152545757	152594001	-	253	244
chr4	141425935	141438040	+	252	157
chr15	32467566	32473137	-	252	196
chr8	134821718	134832239	-	251	183
chr14	90410063	90423039	-	250	123
chr2	112825894	112829692	-	249	111
chr6	57915892	57919445	-	249	216
chr3	50658159	50667621	+	248	177
chr6	30597180	30600382	-	248	174
chr11	123050644	123055769	+	248	156
chrX	65212913	65234543	+	248	128
chr1	145281466	145284780	+	247	196
chr5	177315822	177323184	-	247	175
chr9	73170402	73176671	+	247	135
chr14	52311054	52314282	-	247	182
chr19	45478869	45485215	-	247	144
chr2	191675174	191677880	-	246	198
chr19	48876161	48880961	-	246	183
chrX	73223558	73223746	+	245	216
chr7	102522823	102531879	-	244	196
chr8	30083468	30087224	+	243	168
chr19	18255709	18257095	-	243	117
chr2	85310395	85314693	-	242	201
chr13	20962201	20962943	+	242	215
chr16	29507989	29516834	+	242	208
chr6	14136982	14144839	+	241	154
chr7	2533406	2537623	-	241	194
chr4	141439438	141451481	+	239	141
chr10	26573199	26577474	+	239	193
chr14	35398647	35400234	+	238	154
chr9	133018446	133019484	+	237	208
chr19	14007048	14019415	+	237	170
chr22	21885675	21909976	-	237	138
chr10	102661020	102667972	+	236	162
chr7	100438668	100443985	+	235	133
chr1	96678759	96678873	-	234	207
chr4	10117129	10119695	+	234	178
chr3	101861023	101874310	+	233	162
chr2	73745889	73748856	+	232	203
chr17	22521349	22521476	+	232	207
chr2	32325722	32356733	-	231	170
chr2	218201407	218201683	+	231	196
chr5	69636417	69636780	-	231	198
chr7	2529270	2537800	+	231	168
chr11	60171604	60172010	-	231	156
chr15	77037505	77041401	+	231	193
chr2	48516162	48527105	+	230	170
chr5	71137514	71142734	-	229	186
chr6	132818181	132827034	+	229	164
chr7	150756074	150781660	-	228	141
chr14	35395355	35401497	-	228	158
chr1	26477817	26489922	-	227	122
chr13	49634169	49649634	+	226	140
chr7	74890778	74891878	+	225	184
chr16	29372115	29377829	+	225	157
chr6	57055667	57084762	+	224	169
chr22	42373814	42380061	-	224	160
chr7	30243773	30280354	-	223	149
chr11	56691211	56691686	+	222	198
chr11	128426294	128454025	-	222	141
chr3	182922639	182934789	+	221	157
chrX	65279647	65305262	+	220	105
chr1	150721170	150728427	-	219	149
chr5	76739249	76740172	+	219	52
chr3	156823424	156825480	-	218	129
chr5	69920947	69922978	+	217	196
chr16	12651914	12659301	-	217	141
chr1	120354742	120356000	+	216	155
chr1	120910488	120912836	-	216	176
chr5	172806317	172809157	+	216	172
chr15	78898144	78914626	+	216	180
chr4	11373443	11373762	+	215	191
chr5	151093584	151100058	-	215	185
chr6	28894516	28896358	-	215	121
chr9	89181655	89310802	-	215	151
chr11	47596803	47617112	-	215	160
chr1	110657067	110672453	-	214	177
chr2	191696744	191701993	+	213	164
chr10	23138373	23139772	+	213	191
chr16	22539500	22543994	-	213	182
chr19	52231446	52238334	+	212	151
chr1	149173967	149175405	+	211	192
chr1	204506519	204511047	+	211	175
chr4	40247588	40257211	+	211	132
chr19	35879806	35887435	-	210	156
chr11	65446034	65454622	+	209	125
chr19	35384098	35385192	+	209	185
chr22	41929984	41938731	-	209	150
chr3	10153333	10157478	+	208	182
chr5	34926111	34929496	-	208	170
chr5	69624160	69630025	-	207	171
chr7	29782808	29782939	+	207	149
chr17	68229149	68246189	+	207	156
chr17	19188725	19189557	+	206	166
chr3	138914258	138922254	-	205	182
chr5	71214655	71214835	-	205	167
chr15	88988759	88988936	-	204	181
chr12	12696270	12699264	+	203	160
chr12	31993110	32000219	+	203	166
chr17	48874275	48874782	-	203	188
chr17	74531722	74540734	-	203	151
chr2	74184794	74186109	-	202	40
chr3	36977391	36984759	-	202	142
chr5	71211797	71213109	-	202	177
chrX	56385530	56454791	+	202	132
chr1	155935274	155941302	-	201	147
chr14	55229681	55229953	+	201	181
chr1	27886696	27891473	+	199	139
chr1	152048388	152050380	+	199	138
chr2	38741237	38743485	-	199	157
chr4	73984923	73986423	-	199	75
chr5	172829180	172834165	-	199	134
chr21	26235551	26235886	-	199	131
chr9	86283108	86286651	+	198	137
chr12	111912983	111926659	+	198	113
chr19	13154918	13157925	+	198	151
chr19	36152935	36170287	+	198	133
chrY	1382694	1386145	-	198	158
chr4	102499520	102500822	-	197	142
chr6	29890611	29895371	+	197	183
chr2	113658694	113659245	+	196	177
chr10	13302419	13306345	+	196	150
chr9	107481065	107484832	-	195	130
chr17	19062682	19063328	+	195	149
chr19	54602381	54606023	+	195	147
chr21	33360364	33362308	-	195	143
chr19	7472567	7476277	+	193	156
chr12	3778235	3790621	-	192	136
chr12	9139493	9145208	+	192	136
chr14	22516352	22525230	+	192	130
chr17	8134902	8140319	-	192	110
chr22	43015383	43019390	+	192	135
chr12	49780393	49790139	-	191	139
chr19	4868223	4877567	-	191	137
chr21	29002259	29004244	+	191	153
chr1	157786220	157794339	-	190	134
chr1	159904911	159915208	-	190	140
chr1	204558289	204573229	+	190	150
chr6	32981516	32998063	+	190	121
chr11	2318405	2325502	+	190	145
chr22	42615909	42617509	+	189	151
chrX	16717790	16719455	-	189	141
chr9	35758802	35767078	+	188	143
chr11	507313	512156	+	188	148
chr1	39047854	39067122	+	187	137
chr1	108088686	108125122	+	187	116
chr8	124295365	124301178	-	187	137
chr2	23709092	23720978	-	186	150
chr10	3769676	3775965	-	186	140
chr17	19100860	19103029	-	186	146
chr4	153705734	153710043	+	185	132
chr16	29416481	29425774	+	185	156
chr9	66288548	66295250	+	184	143
chr17	41108214	41115973	+	184	83
chr1	148706003	148712319	-	183	136
chr1	150629813	150632913	+	183	135
chr1	203288830	203291006	-	183	156
chr7	25110545	25119994	-	182	136
chr10	95697656	95705917	+	182	97
chr16	2531425	2537523	-	182	151
chr19	19628934	19629352	+	182	146
chr20	45080061	45085497	+	182	152
chr1	9625276	9647043	+	181	140
chr1	224010612	224018205	+	181	118
chr2	86492795	86503273	-	181	121
chr5	71152070	71160534	-	181	154
chr3	46910819	46921101	-	180	134
chr16	87404934	87406076	+	180	146
chrX	56508682	56550421	+	179	94
chr1	149851624	149852456	+	178	148
chr1	228114622	228114835	-	178	160
chr2	84966853	84970961	-	178	153
chr2	85105123	85118041	+	178	143
chr3	169772224	169772799	-	178	140
chr10	68952409	68956152	-	178	111
chrX	107670990	107678017	+	178	139
chr1	150589608	150599932	-	177	137
chr5	42949916	42955933	+	177	126
chr7	77640507	77657629	+	177	128
chr1	151269317	151273255	-	176	158
chr1	193254861	193268017	+	176	147
chr11	102315578	102317256	-	176	129
chr1	171470042	171484526	+	175	122
chr3	138644933	138652658	-	175	127
chr1	134841	135101	-	174	150
chr5	69983114	69986751	+	174	160
chr1	145984158	145991383	+	173	124
chr2	237103407	237113254	+	173	132
chr10	68543972	68544236	-	173	163
chr12	65166856	65169464	-	173	133
chr1	90906986	90915122	-	172	139
chr1	148699504	148702548	-	172	135
chr9	94302631	94314637	+	172	145
chr21	15890456	15895527	+	172	137
chrX	47509776	47511659	-	172	149
chr1	175923544	175944735	-	171	110
chr9	40963884	40972571	-	171	143
chr16	11531047	11546509	+	171	133
chr1	88993081	88998153	+	170	129
chr1	146317079	146321150	-	170	160
chr6	26020907	26023403	+	170	136
chr6	73509887	73515586	+	170	139
chr7	66984021	66987679	-	170	125
chr10	80145444	80150460	-	170	145
chr17	81860654	81864793	+	170	139
chr6	27137498	27138586	-	169	132
chr11	62845268	62851982	-	169	95
chr22	26516388	26521944	-	169	120
chr1	178599789	178625622	+	168	104
chr1	204512808	204516285	-	168	128
chr5	131406433	131413445	+	168	132
chr7	140924939	140927266	+	168	142
chr2	32316811	32321626	+	167	129
chr2	203235823	203238835	-	167	134
chr5	151725526	151738768	-	167	138
chr18	11639759	11643239	-	167	152
chr20	63628910	63638760	+	167	99
chr12	7902924	7918592	+	166	95
chr12	25386389	25389395	+	166	140
chr1	27922821	27922931	-	165	117
chr12	94755482	94794776	-	165	87
chr14	21190054	21199766	-	165	128
chr21	15896952	15906503	+	165	115
chr1	198760769	198767369	+	164	127
chr1	244047383	244048256	-	164	147
chr9	4944534	4944667	-	164	148
chr13	65483305	65787857	-	164	144
chr18	62312230	62322601	+	164	122
chr20	5540544	5543805	-	164	125
chr1	149870932	149884436	-	163	99
chr10	32892427	32900054	-	163	111
chr11	65467234	65481075	-	163	128
chr12	11204142	11208923	+	163	124
chr3	96351176	96352146	+	162	150
chr7	73280395	73283521	-	162	142
chr1	226072301	226082540	+	161	121
chr2	98595795	98598971	+	161	129
chr3	129168045	129168982	+	161	141
chr8	37851898	37858244	-	161	98
chr12	54548267	54549363	+	161	131
chr19	8262758	8268686	+	160	134
chr19	14611388	14618732	-	160	120
chr22	41413437	41426392	+	160	120
chr2	26137625	26140172	+	159	139
chr2	32336187	32344383	+	159	120
chr6	30494262	30500008	+	159	117
chr12	106347575	106349388	-	159	136
chr13	40703218	40728911	-	159	103
chr10	46210477	46217023	-	158	130
chr11	107287207	107293974	-	158	130
chr17	51120988	51124543	+	158	129
chr2	231604882	231608105	+	157	100
chr11	127940242	127941822	-	157	145
chr14	92689320	92690245	-	157	130
chr4	38785124	38790301	-	156	115
chr6	24719998	24720893	-	156	131
chr10	97321945	97331767	+	156	134
chr14	22497744	22500949	+	156	100
chr17	77957709	77959238	+	156	125
chr2	97739978	97740527	+	155	125
chr11	67443976	67444888	-	155	134
chr19	14071237	14071372	+	155	149
KI270442.1	344004	352237	-	155	145
chr1	2547489	2549643	+	154	113
chr1	15829081	15834466	-	154	134
chr3	57566902	57571152	+	154	132
chr12	25383014	25388464	-	154	134
chr21	15881319	15889418	+	154	133
chr1	52609273	52631409	+	153	116
chr2	43208600	43219848	-	153	116
chr9	97893359	97904455	-	153	119
chr11	508232	512368	-	153	129
chr11	62842225	62851351	+	153	92
chr12	11256903	11265656	+	152	110
chr2	61754907	61764351	-	151	120
chr5	179610120	179614166	-	151	122
chr6	7063797	7081882	+	151	97
chr7	150693655	150705922	+	151	112
chr9	85849562	85869688	+	151	105
chr22	41446944	41454319	+	151	121
chr6	42195131	42203844	-	150	114
chrY	20926351	20938509	+	150	72
chr1	228109480	228113719	+	149	124
chr2	142873610	142876027	+	149	106
chr4	87894099	87894304	+	149	132
chr5	77995189	78000493	-	149	121
chr5	119249253	119255108	+	149	118
chr9	127790920	127794272	+	149	132
chr10	17237597	17241612	+	149	109
chr15	92810089	92811389	+	149	111
chr17	68208080	68225488	+	149	124
chr19	53876441	53879032	+	149	121
chr22	21745474	21754470	-	149	115
chrX	56499977	56507332	+	149	89
chr1	205957949	205958418	+	148	128
chr5	14702762	14704707	+	148	121
chr10	87747705	87751442	-	148	116
chr13	22347236	22575675	+	148	75
chr16	11243929	11249205	-	148	83
chr3	108024640	108032452	-	147	124
chr19	4039426	4042300	-	147	124
chr19	13844874	13850915	-	147	120
chrX	118686328	118697084	+	147	131
chr3	49340715	49348873	+	146	109
chr3	50650417	50653800	+	146	118
chr4	88708563	88709280	+	146	125
chr12	14938812	14939371	+	146	129
chr14	90408291	90417946	+	146	94
chr16	89239465	89244181	+	146	123
chrX	74573936	74582912	-	146	113
chrY	665121	988278	+	146	132
chr1	15430357	15437836	+	145	122
chr1	161608219	161608793	+	145	124
chr6	30494403	30500312	-	145	94
chr6	34235200	34236763	-	145	116
chr6	132818115	132824855	-	145	111
chr7	128643467	128651086	+	145	120
chr10	38079875	38080052	-	145	132
chr17	45493655	45506740	-	145	128
chr18	37814629	37814725	-	145	131
chrY	318845	325549	+	145	111
chr2	85328308	85332525	+	143	107
chr7	47955353	47962513	-	143	131
chr8	55875546	55879781	-	143	104
chr10	67764009	67766317	+	143	57
chr11	62024326	62025652	-	143	108
chr12	56145256	56150774	+	143	112
chr13	73995103	74008936	-	143	116
chr17	5255696	5274997	+	143	93
chr17	30350485	30351465	-	143	40
chr20	48919189	48921622	-	143	102
KI270711.1	4610	15121	-	143	124
chr2	88012829	88016351	-	142	79
chr3	49350290	49357103	-	142	109
chr5	131398478	131405085	+	142	108
chr7	102342701	102345543	+	142	132
chr9	75175550	75181742	+	142	120
chr9	83959118	83964374	+	142	110
chr10	97312543	97319258	-	142	107
chr19	4883100	4890429	-	142	116
chr21	28999497	29004317	-	142	122
chr7	105013046	105013424	-	141	128
chr9	33076821	33079745	+	141	103
chr9	40987573	40992138	-	141	120
chr11	1536730	1537315	+	141	129
chr11	47378704	47381496	-	141	103
chrX	154639390	154639812	-	141	124
chr2	71080387	71086979	+	140	114
chr4	77075992	77082252	+	140	112
chr6	63583713	63589665	+	140	104
chr7	73236258	73240935	+	140	109
chr9	112188371	112217621	-	140	102
chr1	16511209	16514117	-	139	129
chr3	157160766	157162531	+	139	127
chr5	45931152	45977731	-	139	130
chr9	40949393	40954228	-	139	115
chr20	3876404	3888210	-	139	120
chr22	30268717	30271728	-	139	90
chr22	41073563	41073905	-	139	114
chrX	24079042	24126398	+	139	113
chr1	120341897	120343036	-	138	121
chr5	70128745	70132556	-	138	126
chr6	26208267	26215150	-	138	93
chr6	26231635	26234260	-	138	89
chr8	20226869	20231726	+	138	98
chr1	155564018	155565590	+	137	118
chr2	31844035	31858920	-	137	100
chrX	100994904	101009269	-	137	113
chr1	52091276	52137161	+	136	118
chr19	39409412	39412255	-	136	118
chrX	107663091	107677058	-	136	107
chr1	26476972	26485311	+	135	104
chr1	110904717	110914437	-	135	120
chr1	155307943	155308621	-	135	65
chr6	50912575	50912705	-	135	120
chr14	71115426	71123046	+	135	106
chr15	22705001	22705291	+	135	118
chr19	49817577	49818153	+	135	102
chr1	42708656	42715439	-	134	98
chr1	244736756	244824233	+	134	91
chr3	129184291	129196230	+	134	105
chr11	39479565	39779519	-	134	41
chr21	27081528	27143216	-	134	119
chr1	52625335	52632821	-	133	97
chr1	148523419	148529227	-	133	113
chr6	38640239	38653336	+	133	100
chr6	166964445	166969410	-	133	94
chr12	9128816	9134927	+	133	83
chrX	23786322	23787972	-	133	99
chr1	52674032	52683817	-	132	111
chr6	26103449	26104976	+	132	101
chr6	53251359	53259170	-	132	95
chr7	150226462	150234185	-	132	101
chr9	80674935	80683302	+	132	68
chr2	157347038	157356930	-	131	109
chr12	101872809	101877296	-	131	104
chr15	31319704	31326834	-	131	104
chr1	120342051	120344831	+	130	107
chr1	228679062	228687413	-	130	115
chr2	136118166	136120036	+	130	102
chr10	110496604	110497739	-	130	120
chr12	9023621	9024454	-	130	99
chr14	20477682	20482471	-	130	98
chr17	32412457	32423863	+	130	87
chr19	19663722	19668663	+	130	89
chr2	97747851	97750540	-	129	109
chr5	83582326	83588988	+	129	85
chr16	28628482	28629681	-	129	120
chr2	186422795	186486031	-	128	106
chr6	32604201	32606041	+	128	105
chr14	24242766	24244449	+	128	106
chr22	39153271	39162070	+	128	83
chr5	151165528	151173944	-	127	109
chr8	8944288	8959631	+	127	93
chr13	45310121	45333317	-	127	92
chr3	129164556	129169333	-	126	109
chr9	35047161	35056037	-	126	101
chr12	9221378	9224533	-	126	92
chr12	124939461	124939740	-	126	108
chr17	48128392	48133429	-	126	98
chr17	81500445	81508647	+	126	104
chr19	2057273	2071015	-	126	107
chr20	47422295	47450289	-	126	50
chr1	150181468	150191989	+	125	99
chr5	150702119	150708374	-	125	101
chr8	23264034	23269714	+	125	81
chr10	26568078	26571960	+	125	109
chr17	68180703	68188344	+	125	98
chr2	177223959	177227486	+	124	106
chr3	130747245	130748154	-	124	55
chr4	112493762	112493953	+	124	112
chr5	133968721	133970150	+	124	95
chr9	15526971	15527132	-	124	104
chr15	30426323	30428832	-	124	107
chr17	7834364	7838165	+	124	102
chr19	35209193	35216207	+	124	93
chrX	107061295	107064418	-	124	104
chr1	92073817	92074355	-	123	118
chr1	247189104	247189794	+	123	111
chr2	136126807	136136816	-	123	99
chr4	77851234	77854381	-	123	88
chr14	69773932	69775183	-	123	106
chr6	31618551	31620385	-	122	92
chr9	80340043	80344394	+	122	68
chr2	234290278	234294550	+	121	68
chr7	100290933	100307316	-	121	103
chr9	91401047	91409042	-	121	86
chr13	31587335	31670282	-	121	67
chr16	88169910	88176538	+	121	100
chr17	35460886	35463865	-	121	94
chr7	150750120	150759449	+	120	93
chr10	3872417	3877233	-	120	89
chr17	74532399	74537551	+	120	93
chrX	107711283	107713027	+	120	105
chr1	150527106	150547179	-	119	88
chr2	130294405	130294495	+	119	115
chr5	180292195	180293092	+	119	100
chr6	31855502	31857616	-	119	92
chr8	43128824	43132722	+	119	108
chr10	73360598	73366482	-	119	98
chr10	96763377	96826195	+	119	57
chr14	24167152	24171746	-	119	108
chr15	90895815	90902099	+	119	77
chrX	102906894	102917417	+	119	88
chr2	119984973	119994203	+	118	87
chr19	18299680	18305198	-	118	89
chr19	39321129	39326118	-	118	84
chr19	39429213	39432963	-	118	78
chr1	120843099	120849666	-	117	102
chr2	112671682	112683118	+	117	51
chr5	131210032	131232825	+	117	85
chr6	32480045	32483861	-	117	97
chr8	140508069	140511241	-	117	95
chr11	108150512	108156945	-	117	107
chr6	32928758	32934434	-	116	76
chr6	35568434	35573572	-	116	96
chr10	92030550	92040295	+	116	96
chr10	97322261	97331878	-	116	95
chr11	95966223	95976306	-	116	82
chr12	56688675	56704768	+	116	93
chr19	47006267	47016967	-	116	87
chrY	2167334	2174994	-	116	74
chr3	15374270	15375162	-	115	102
chr5	14616754	14619420	+	115	83
chr5	166382599	166382686	+	115	110
chr6	35256590	35258880	-	115	97
chr6	132440205	132445800	-	115	92
chr15	72739134	72747751	+	115	72
chr19	3164463	3171728	-	115	88
chr6	30486614	30486954	+	114	106
chr6	110899071	110899564	-	114	95
chr8	124284747	124294289	-	114	97
chr11	65574268	65575813	-	114	93
chr14	99160998	99165513	-	114	95
chr21	36294726	36296287	-	114	102
chr1	9634146	9640855	-	113	93
chr1	198757478	198759645	+	113	97
chr1	225775225	225777747	-	113	80
chr3	49354516	49357076	+	113	83
chr7	75504838	75507097	-	113	104
chr8	30089649	30095186	-	113	95
chr9	66270913	66273378	+	113	97
chr4	42093187	42099365	+	112	87
chr5	70823877	70828535	+	112	102
chr5	70848737	70853541	+	112	101
chr5	80358619	80359051	-	112	103
chr5	179781427	179791745	+	112	97
chr7	6102128	6104628	-	112	93
chr15	30440521	30461515	-	112	85
chr22	49975655	49982199	+	112	65
chr1	24473197	24477140	+	111	83
chr3	101559673	101561761	-	111	98
chr4	77861021	77862724	-	111	88
chr7	149183095	149191031	+	111	88
chr7	150174587	150198156	-	111	79
chr11	75251051	75260075	-	111	89
chr11	121636112	121647124	+	111	84
chrY	2659980	2668528	+	111	91
chr1	226618971	226627642	-	110	90
chr3	132368599	132371885	+	110	91
chr5	71026972	71029172	-	110	98
chr5	134060935	134069135	-	110	61
chr6	7083794	7104061	+	110	70
chr10	64826796	64826896	+	110	98
chr10	90725480	90725836	+	110	103
chr12	32001384	32008940	+	110	88
chr12	108617927	108622263	-	110	92
chr12	124911172	124911585	+	110	93
chr17	45495018	45506722	+	110	106
chr19	19619435	19623487	+	110	84
chr19	19689301	19694572	-	110	85
chr2	157346501	157347469	+	109	90
chr2	171774738	171782439	+	109	86
chr13	74127599	74137516	+	109	90
chr14	105856310	105863684	-	109	78
chr2	113859842	113884528	-	108	80
chr2	142868734	142871777	+	108	80
chr3	52300381	52302141	+	108	93
chr6	4001961	4011062	-	108	95
chr6	118436912	118445949	-	108	77
chr16	11798365	11799667	+	108	81
chr22	38216544	38217785	+	108	76
chr3	129311720	129314743	-	107	83
chr6	163410922	163413056	-	107	88
chr7	75487195	75493474	-	107	92
chr8	33513602	33517369	+	107	73
chr10	72295064	72298077	-	107	97
chr10	87461440	87462383	-	107	103
chr11	66678005	66684581	+	107	92
chr11	86282641	86287609	+	107	92
chr17	36050694	36050773	+	107	71
chr19	8263167	8294495	-	107	66
KI270719.1	67883	71247	-	107	98
chr1	46365280	46377624	+	106	86
chr2	200827590	200834479	+	106	79
chr4	2841584	2843606	+	106	84
chr6	26041716	26043273	-	106	74
chr14	69772034	69775397	+	106	91
chr16	29596728	29600342	-	106	79
chr17	19110238	19111999	-	106	96
chr19	48966903	48968112	+	106	87
chr22	36125784	36128829	-	106	68
chr2	96138560	96143167	-	105	90
chr2	96813911	96815627	-	105	88
chr4	151096503	151099219	-	105	83
chr7	25112742	25115158	+	105	88
chr7	45251971	45252109	+	105	98
chr8	80959659	80966842	-	105	75
chr9	127931755	127933834	-	105	83
chr10	22526752	22529954	-	105	80
chr11	65470164	65481969	+	105	84
chr14	87994050	87995170	-	105	65
chr14	102070153	102075029	+	105	59
chr20	33485365	33489889	-	105	86
chr22	41064633	41064921	+	105	101
chr2	23732093	23737042	-	104	89
chr5	131415050	131421676	-	104	90
chr5	151169435	151172928	+	104	91
chr12	11289150	11299838	+	104	78
chr12	111905966	111911976	+	104	82
chr17	39896023	39904310	-	104	79
chr19	18290444	18297244	+	104	93
chr2	26141296	26147495	+	103	82
chr2	218406175	218415499	+	103	85
chr9	19373692	19375434	-	103	89
chr9	129410714	129413746	-	103	90
chr10	69044459	69048812	-	103	83
chr12	31800928	31801990	+	103	73
chr13	108240728	108251104	+	103	81
chr18	58660526	58669249	+	103	79
chr19	49492652	49495753	+	103	92
chr21	8988480	8988749	-	103	93
chr22	49890332	49899785	+	103	92
chr1	27608577	27612042	-	102	86
chr5	70515127	70515994	-	102	95
chr7	73672811	73680913	-	102	77
chr11	41933245	41974332	-	102	90
chr11	108150788	108154221	+	102	90
chr16	29601368	29602276	-	102	80
chr17	8216412	8220601	-	102	85
chr17	16616182	16616448	+	102	95
chr18	47986109	47986549	+	102	28
chr19	55618007	55620344	+	102	86
chr22	22287305	22289574	-	102	89
chr3	13306752	13316095	-	101	82
chr5	73509381	73510483	+	101	94
chr6	73452332	73459048	+	101	69
chr8	30088797	30094905	+	101	60
chr9	65654828	65664186	+	101	71
chr12	66003354	66003773	-	101	89
chr13	56064899	56065146	+	101	92
chr14	66012403	66012684	-	101	93
chr16	586046	588931	-	101	82
chr16	21922612	21932534	-	101	90
chr16	29748740	29750479	+	101	76
chr19	35208791	35213988	-	101	83
chr22	41429447	41433368	-	101	75
chr1	107504378	107505647	+	100	97
chr2	18723396	18734204	+	100	69
chr2	25360779	25363379	+	100	90
chr2	159315314	159318922	-	100	85
chr3	113634171	113640755	+	100	76
chr5	50357123	50384377	+	100	78
chr7	128654722	128655813	+	100	92
chr9	41436621	41441795	+	100	84
chr9	72365273	72366664	+	100	89
chr14	99284630	99287307	-	100	73
chr16	46651813	46656124	-	100	87
chr19	35267964	35268905	-	100	93
chr21	42822566	42831029	-	100	78
chrX	15855422	15858043	+	100	82
chr1	25575009	25576496	+	99	80
chr3	22697631	22697727	+	99	93
chr6	36491175	36493576	-	99	86
chr11	130870798	130875203	-	99	85
chr13	48196415	48232032	-	99	70
chr15	80138931	80147287	+	99	73
chr1	11060246	11066053	+	98	71
chr1	203312333	203316666	-	98	79
chr3	113638134	113648266	-	98	75
chr5	143272341	143276248	-	98	77
chr6	32900918	32903758	+	98	88
chr6	107824484	107827068	+	98	60
chr7	6404559	6409049	-	98	86
chr9	19373637	19375367	+	98	92
chr9	34174839	34178906	-	98	85
chr10	14500777	14505668	-	98	75
chr11	64759976	64763702	-	98	86
chr12	8528153	8531833	+	98	76
chr14	22495182	22496529	+	98	75
chr14	32267253	32271792	-	98	90
chr14	106850066	106850873	-	98	72
chr19	42082511	42086106	-	98	74
chrX	54567325	54570716	+	98	84
chr2	156342349	156345061	+	97	86
chr3	101701016	101703838	+	97	76
chr4	41961341	41967300	+	97	84
chr5	71166665	71168637	-	97	91
chr5	134082992	134095509	+	97	74
chr6	33027604	33030268	-	97	76
chr6	37029922	37043663	-	97	80
chr8	125373585	125385333	+	97	67
chr9	92670393	92675770	+	97	82
chr11	128426356	128446977	+	97	77
chr12	8021225	8028112	-	97	76
chr16	30632426	30635825	+	97	81
chr19	8514222	8520702	+	97	85
chrX	145095447	145095684	+	97	92
chrY	2741398	2746311	+	97	89
chr2	61752844	61767359	+	96	78
chr2	165847482	165853788	-	96	74
chr2	171752495	171755536	+	96	84
chr5	139334357	139338903	-	96	82
chr7	64501997	64516530	-	96	69
chr7	142781443	142791474	+	96	76
chr12	12722387	12725864	+	96	81
chr17	32413639	32421776	-	96	66
chr17	59846302	59849246	-	96	77
chr19	14611174	14618846	+	96	82
chrX	79380401	79386208	+	96	74
chrX	118697764	118702526	-	96	87
chr5	50393342	50396146	-	95	82
chr5	71183791	71184695	-	95	84
chr6	31262803	31268741	-	95	87
chr6	141756891	141919587	-	95	50
chr7	105601176	105605064	-	95	80
chr9	83958992	83968052	-	95	83
chr10	104267481	104268603	-	95	84
chr11	65507154	65514398	-	95	76
chr11	128456082	128458710	-	95	78
chr12	120288176	120293795	+	95	82
chr15	30881903	30882097	-	95	87
chr20	29299455	29299665	-	95	83
chrX	41082964	41085424	-	95	78
KI270719.1	85989	88176	-	95	82
chr1	145149673	145154765	-	94	85
chr1	150579790	150590369	+	94	79
chr1	173387516	173392811	-	94	71
chr1	209267635	209267737	-	94	88
chr2	42807073	42815023	+	94	68
chr2	231716466	231720243	+	94	52
chr3	14672696	14675025	+	94	76
chr3	152173405	152205420	-	94	76
chr4	82415439	82422511	-	94	67
chr5	50172072	50293782	-	94	60
chr6	32992547	32997766	-	94	62
chr7	65078804	65081049	-	94	81
chr8	38383725	38386196	-	94	80
chr11	1264180	1269903	-	94	80
chr12	6734969	6742811	+	94	82
chr12	121642739	121645964	+	94	83
chr14	93171109	93181944	-	94	72
chr16	70212117	70219557	-	94	87
chr17	5493780	5493895	-	94	72
chr18	11642024	11642899	+	94	86
chr19	49325304	49331431	-	94	81
chr21	28712400	28718904	-	94	68
chr1	35423941	35431789	-	93	73
chr2	138587873	138588245	-	93	82
chr3	177016543	177018670	-	93	75
chr3	197035200	197041965	-	93	79
chr4	39783815	39793209	+	93	67
chr6	27832238	27837756	-	93	77
chr7	100277519	100287129	-	93	78
chr7	149056470	149061026	-	93	86
chr8	47738328	47751641	+	93	64
chr10	72317728	72319579	-	93	72
chr14	22527909	22528507	-	93	80
chr16	21389453	21398697	+	93	81
chr21	46571455	46576003	+	93	75
chr22	11630169	11630489	+	93	88
chrX	101628582	101633064	+	93	74
chr1	143787089	143789090	+	92	83
chr2	48379307	48384836	+	92	74
chr3	128829529	128834856	+	92	72
chr5	70134945	70135555	-	92	86
chr7	44575068	44577832	-	92	78
chr7	135172517	135176652	+	92	78
chr11	18408628	18411617	+	92	69
chr14	21189232	21198774	+	92	86
chr16	23457635	23463311	-	92	83
chr21	32541753	32549593	-	92	79
chr6	108558289	108559813	-	91	71
chr7	2454564	2459631	-	91	72
chr9	66284515	66285800	+	91	77
chr10	6267524	6270773	+	91	69
chr11	18527129	18529009	-	91	81
chr11	65889133	65890474	-	91	80
chr11	88273519	88275469	+	91	75
chr12	89552454	89558197	+	91	68
chr18	46267416	46271922	+	91	82
chr19	48923403	48930426	+	91	73
chr1	19334189	19337932	-	90	78
chr2	100589925	100590326	-	90	81
chr4	109540956	109547262	+	90	81
chr6	26153090	26157891	-	90	77
chr6	151396010	151401443	-	90	77
chr10	38452568	38452758	+	90	78
chr10	73365771	73374981	+	90	77
chr11	6688573	6698898	-	90	76
chr17	64975809	64977564	+	90	75
chr17	68209049	68225257	-	90	67
chr17	75856583	75860853	+	90	61
chr20	50192678	50198697	+	90	72
chr20	62066023	62066820	+	90	80
chr1	38710958	38711275	+	89	83
chr1	244829433	244834357	-	89	75
chr2	38741247	38743173	+	89	72
chr3	20154412	20160538	+	89	78
chr3	143177906	143179226	+	89	83
chr4	141466076	141470095	+	89	70
chr6	26024651	26026803	-	89	74
chr6	26321513	26321794	-	89	83
chr6	95556684	95574519	-	89	76
chr14	95503676	95506069	-	89	69
chr16	14090	14347	-	89	87
chr19	4622547	4639184	-	89	70
chr1	145216076	145216962	-	88	83
chr1	149383274	149385888	-	88	77
chr2	43211139	43217284	+	88	71
chr2	112121689	112136005	+	88	62
chr3	49023511	49024113	-	88	79
chr3	112453159	112463447	-	88	66
chr6	36687465	36689163	+	88	63
chr7	134074725	134100250	+	88	67
chr8	38217962	38221906	+	88	76
chr10	22246206	22251660	-	88	65
chr13	74260071	74267665	+	88	66
chr14	39142015	39147795	-	88	70
chr17	47441324	47450567	-	88	74
chr17	68181164	68187399	-	88	72
chrX	19528953	19533622	-	88	66
chrX	154381883	154389831	-	88	80
chr1	39040991	39044562	+	87	65
chr2	231448987	231451859	-	87	70
chr3	50655425	50656070	+	87	73
chr3	129355661	129377480	-	87	77
chr3	196638400	196639132	-	87	79
chr4	26764594	26771922	+	87	68
chr5	132403722	132410510	-	87	76
chr6	4013805	4018592	-	87	77
chr6	149495222	149500702	+	87	73
chr7	108574918	108579078	+	87	75
chr10	87038876	87046415	-	87	66
chr13	48650007	48653547	-	87	66
chr22	30266869	30273677	+	87	74
chrX	56353540	56408549	-	87	75
chrY	21227736	21238197	-	87	21
chr1	36465027	36466037	-	86	77
chr1	204586295	204598734	-	86	69
chr2	203739386	203747796	+	86	79
chr5	148830779	148843141	+	86	67
chr7	105602130	105604220	+	86	67
chr10	87435665	87443405	+	86	78
chr11	85657289	85659694	-	86	81
chr11	123041077	123045745	+	86	61
chr14	21853418	21858964	+	86	67
chr14	34546347	34556151	-	86	83
chr14	99102271	99110067	-	86	66
chr16	31453734	31456502	+	86	76
chrY	2596126	2608836	-	86	71
chr1	90888929	90892990	-	85	76
chr1	100981962	100986331	+	85	70
chr3	31642258	31647260	-	85	71
chr3	42007073	42013723	-	85	72
chr5	150413108	150416693	+	85	62
chr5	172805270	172808903	-	85	74
chr6	361785	366292	+	85	67
chr16	70206058	70208995	+	85	82
chr17	41692806	41702607	-	85	67
chr17	49193088	49193601	+	85	67
chr22	40337950	40346081	+	85	65
chrX	12977227	12980265	+	85	65
chrX	30557702	30558806	-	85	75
chrX	79407006	79438001	+	85	59
chr1	42718982	42726067	+	84	57
chr1	114511285	114513919	+	84	73
chr2	38543361	38550666	-	84	61
chr2	193903532	193908673	+	84	83
chr5	151270615	151272765	+	84	74
chr7	2461848	2467267	+	84	66
chr7	142716879	142719195	+	84	34
chr12	50749968	50755985	+	84	62
chr16	3260894	3263714	-	84	52
chr16	70373392	70375969	-	84	73
chr17	81505794	81509873	-	84	57
chr19	4559976	4574622	-	84	64
chr21	33497698	33503753	-	84	68
chrX	54571350	54571952	-	84	78
chr1	8904675	8910362	-	83	44
chr1	149880443	149881089	+	83	71
chr1	161397790	161399377	-	83	68
chr2	99526603	99544476	-	83	59
chr2	131419988	131421822	-	83	73
chr2	186018594	186025130	-	83	67
chr4	141382570	141391449	+	83	66
chr5	69062337	69062620	-	83	65
chr6	29929280	29929944	+	83	78
chr9	63881740	63887901	+	83	74
chr9	97922616	97924734	+	83	72
chr10	43418360	43420529	-	83	60
chr16	233875	234516	-	83	75
chr17	74607256	74609860	-	83	66
chr17	81861195	81867459	-	83	72
chrX	80930869	80931036	+	83	75
chr1	89256192	89258819	-	82	73
chr4	129160434	129160746	-	82	76
chr5	66082633	66085292	+	82	69
chr5	131415742	131422911	+	82	75
chr7	99633048	99637942	+	82	74
chr17	76781917	76789949	+	82	69
chr19	47322277	47323750	+	82	50
chr22	20070999	20079860	+	82	65
chrX	80810025	80821569	+	82	53
chr1	19298731	19303370	-	81	64
chr1	149380126	149382364	+	81	74
chr1	182336341	182337724	+	81	76
chr1	231355040	231363401	+	81	66
chr1	232572907	232629960	-	81	61
chr2	96147403	96148576	-	81	65
chr5	69959177	69967927	+	81	73
chr7	5854377	5859416	+	81	70
chr7	102357183	102361753	+	81	79
chr7	129810612	129818247	-	81	58
chr9	63860842	63861817	+	81	73
chr10	26572348	26573250	-	81	74
chr13	22280031	22343585	+	81	60
chr14	105499743	105507212	+	81	50
chr14	105663304	105663581	-	81	37
chr17	30960026	30964616	+	81	67
chr19	4087269	4090263	-	81	72
chrX	65178249	65184049	+	81	67
chr1	27396241	27399678	-	80	67
chr1	148683351	148686682	+	80	71
chr1	223846324	223847431	+	80	67
chr1	244825524	244835610	+	80	67
chr2	43202367	43206066	-	80	55
chr2	197448590	197453112	-	80	70
chr4	118554854	118556002	+	80	71
chr4	139177341	139179508	+	80	66
chr5	42993287	42995016	+	80	64
chr5	69594904	69597271	+	80	72
chr5	71093996	71097038	-	80	69
chr5	138460597	138464976	-	80	72
chr6	26143370	26150062	+	80	49
chr7	102679384	102680041	-	80	70
chr9	108046766	108052102	+	80	65
chr10	32005514	32008812	+	80	67
chr10	87450195	87452388	+	80	76
chr10	92682411	92689010	-	80	72
chr11	62025914	62035857	+	80	69
chr11	86715196	86715361	+	80	78
chr13	74122563	74125097	+	80	73
chr14	22526529	22534307	+	80	70
chr16	21927300	21930837	+	80	74
chr16	47706183	47711460	+	80	65
chr19	14373446	14377299	+	80	62
chr22	41085674	41092499	-	80	67
chrY	1013280	1164042	+	80	77
chrY	13241646	13248378	-	80	75
chr5	35879795	35881579	+	79	70
chr5	71216319	71216943	+	79	66
chr5	91361928	91368579	+	79	59
chr5	131405494	131409507	-	79	69
chr7	44953265	44958564	-	79	64
chr7	67268592	67277442	+	79	72
chr9	107636920	107639064	-	79	66
chr11	68005280	68007009	+	79	66
chr16	29731817	29742369	-	79	68
chr20	2457440	2461222	-	79	66
chrX	23786242	23791901	+	79	60
GL000221.1	3899	79947	-	79	69
chr1	84241886	84244859	+	78	73
chr1	121606178	122229812	+	78	71
chr2	69451237	69457013	-	78	72
chr2	96243974	96248170	-	78	68
chr2	200846172	200852109	+	78	66
chr3	57566870	57571279	-	78	71
chr3	195507449	195511246	+	78	55
chr5	172007026	172009940	+	78	68
chr6	110905171	110912843	+	78	48
chr7	5609892	5614468	-	78	62
chr7	76647274	76648970	-	78	74
chr8	12756098	12758223	+	78	66
chr8	21818133	21901026	+	78	56
chr9	96778345	96785921	-	78	63
chr9	137126545	137129258	-	78	66
chr10	46136527	46140657	+	78	70
chr16	31195922	31201384	+	78	63
chr1	40424054	40434469	+	77	63
chr1	150353420	150360108	+	77	67
chr1	160828269	160829683	+	77	66
chr1	161132712	161135280	+	77	66
chr1	178586365	178602326	-	77	56
chr2	127699887	127700674	-	77	67
chr3	14649862	14651686	-	77	70
chr3	153182037	153188847	+	77	60
chr4	38588807	38588949	+	77	68
chr5	131422703	131423661	-	77	71
chr9	6279472	6281437	+	77	74
chr9	33040003	33041756	-	77	70
chr9	96879026	96882805	-	77	66
chr11	1522262	1526897	-	77	70
chr11	35232434	35235391	+	77	69
chr16	28375488	28377286	-	77	72
chr17	48000612	48001040	+	77	71
chr19	1442116	1444345	+	77	62
chr19	10599133	10602417	-	77	62
chr19	54440187	54444603	-	77	70
chr20	35768320	35771275	+	77	68
chr21	8253663	8254589	-	77	76
chrY	764261	948785	-	77	73
chr1	24881580	24889634	-	76	46
chr1	27657231	27660102	-	76	56
chr1	28111420	28114936	+	76	61
chr1	185374712	185377993	+	76	59
chr2	55619292	55623046	+	76	67
chr2	172608771	172619667	+	76	63
chr2	185923553	185942198	-	76	50
chr2	186509411	186517374	+	76	64
chr4	141496925	141502243	+	76	65
chr5	143263613	143271188	-	76	58
chr6	32626178	32627958	-	76	55
chr7	44769888	44775772	+	76	65
chr9	80706722	80711000	+	76	45
chr9	93113320	93119050	-	76	60
chr11	128300524	128398387	-	76	61
chr12	12722391	12725411	-	76	64
chr12	107272094	107273492	+	76	70
chr13	19200278	19201623	-	76	74
chr13	45285043	45299008	+	76	62
chr14	52276741	52281039	+	76	53
chr15	88664465	88674381	+	76	55
chr16	28329896	28339006	+	76	70
chr18	59895931	59899796	-	76	65
chr19	17219898	17225496	+	76	57
chrX	49107042	49107504	+	76	69
chrX	118698762	118705313	+	76	61
chr1	16239739	16242353	-	75	70
chr2	201111002	201116150	-	75	63
chr5	70083024	70088904	+	75	61
chr6	28898108	28901645	-	75	46
chr6	33016726	33018962	-	75	57
chr7	76627983	76629354	+	75	69
chr9	66263779	66269172	-	75	62
chr10	133447253	133450828	+	75	56
chr11	73970380	73974671	-	75	71
chr14	49636059	49639303	-	75	66
chr17	48065584	48069565	+	75	68
chr17	48127820	48133204	+	75	64
chr17	64472205	64477547	-	75	61
chr17	74169869	74170325	-	75	56
chr18	79388917	79391734	+	75	64
chr22	17775027	17777319	-	75	49
chrX	153997476	154010351	-	75	59
chr2	7730946	7734141	+	74	54
chr2	23743441	23746661	-	74	70
chr4	46590638	46724608	-	74	66
chr4	82815120	82818451	-	74	64
chr10	9017228	9019309	-	74	32
chr10	12343334	12349427	-	74	59
chr10	123984488	123991041	-	74	55
chr11	60165941	60170570	-	74	55
chr12	31811713	31825550	-	74	49
chr12	115950791	115952277	-	74	60
chr12	121642798	121648525	-	74	64
chr14	39183362	39188379	+	74	64
chr16	30254806	30256630	+	74	66
chr19	18289080	18294651	-	74	58
chr20	34124120	34130123	+	74	62
chr20	37960061	37968584	-	74	45
chr20	49104693	49112626	+	74	56
chr21	32515402	32519034	-	74	64
chr21	32557659	32561591	-	74	63
chr22	22274828	22283769	-	74	66
chrX	65129208	65135576	+	74	63
chr1	989512	993045	-	73	33
chr2	55514970	55519502	-	73	59
chr2	202322798	202329100	+	73	55
chr3	23748960	23749661	+	73	53
chr3	128817980	128825915	+	73	62
chr4	77819642	77824081	+	73	64
chr5	80405553	80407838	-	73	59
chr6	24720156	24720811	+	73	52
chr7	44886420	44887802	+	73	66
chr7	101639044	101790374	+	73	59
chr8	42140642	42143956	+	73	58
chr8	56049676	56049899	-	73	69
chr8	143549946	143552469	-	73	65
chr9	80303145	80305117	+	73	50
chr9	96790386	96796042	-	73	57
chr9	96812128	96815756	-	73	62
chr9	136929377	136931329	-	73	59
chr10	43433818	43436737	-	73	58
chr10	68474562	68477689	-	73	53
chr10	101755858	101756355	-	73	68
chr12	32010141	32016953	+	73	65
chr13	89093633	89093785	+	73	70
chr14	77094296	77097886	-	73	62
chr17	388537	402532	-	73	61
chr17	7157228	7168865	-	73	53
chr22	26839828	26842174	-	73	62
GL000009.2	54384	124804	-	73	69
KI270442.1	384950	386428	+	73	63
chr1	15811425	15827263	-	72	63
chr1	159055850	159060279	+	72	63
chr1	178652379	178669240	+	72	47
chr2	23730225	23730684	+	72	67
chr2	136329278	136329391	-	72	70
chr2	193310304	193593186	+	72	27
chr3	141874830	141875873	-	72	56
chr4	113440142	113444976	-	72	59
chr9	40106835	40112508	+	72	60
chr9	129773830	129774469	+	72	53
chr10	73415591	73422159	-	72	56
chr10	87489690	87500217	+	72	65
chr13	40923233	40931921	-	72	58
chr14	73127221	73133119	+	72	55
chr14	102077768	102080590	-	72	61
chr15	74778468	74781928	-	72	61
chr16	28837295	28842367	+	72	60
chr19	1937885	1940877	-	72	63
chr19	2497865	2511029	-	72	47
chr19	29603079	29606039	-	72	65
chrX	30594556	30613832	-	72	57
chrX	89382026	89416114	+	72	61
chr1	12209341	12214242	+	71	59
chr1	77772952	77773173	-	71	64
chr1	88997851	89004641	-	71	61
chr1	149841440	149842180	-	71	67
chr1	236641480	236642433	+	71	66
chr2	31830922	31842995	-	71	65
chr3	94505528	94506651	-	71	67
chr3	138639022	138643617	-	71	59
chr4	73921919	73922093	-	71	69
chr5	77991591	77992879	-	71	62
chr5	97080616	97081321	-	71	53
chr5	140630180	140631702	-	71	56
chr5	159261751	159262703	-	71	57
chr7	38336716	38340052	+	71	48
chr7	73285649	73286596	-	71	68
chr7	142802761	142805659	+	71	59
chr8	74029426	74034291	+	71	59
chr8	97149769	97153022	+	71	58
chr9	129884945	129886585	+	71	62
chr10	69121751	69123488	-	71	60
chr10	74721993	74729960	+	71	54
chr10	87467182	87469813	+	71	66
chr12	9745815	9752435	-	71	46
chr12	11199870	11202444	+	71	59
chr12	120282778	120283241	+	71	69
chr17	40543743	40546302	+	71	57
chr17	68232835	68238523	-	71	62
chr19	1021636	1023616	+	71	53
chr19	18303692	18305953	+	71	52
chr19	19665061	19668656	-	71	50
chr19	40416623	40418991	-	71	49
chr20	4320108	4320485	-	71	31
chrX	65114956	65119689	-	71	67
chrX	81324948	81334263	+	71	60
chr1	28246908	28249095	+	70	61
chr3	148984174	148985535	-	70	65
chr4	14249664	14344143	+	70	39
chr4	83285042	83286403	+	70	60
chr6	26184682	26192939	-	70	45
chr6	109383760	109384258	+	70	57
chr6	127693500	127697704	-	70	62
chr9	129882305	129884673	-	70	58
chr10	6629179	6636699	+	70	57
chr10	48036165	48040413	-	70	67
chr14	91226122	91228313	+	70	60
chr16	9128986	9138015	+	70	61
chr17	1628913	1633571	+	70	56
chr17	27213002	27213234	+	70	68
chr17	37893193	37893387	+	70	67
chr19	2478263	2483408	+	70	50
KI270711.1	30589	33958	-	70	64
chr1	224175126	224175399	-	69	66
chr3	40971944	40972915	+	69	58
chr3	101568194	101572562	+	69	63
chr3	121886892	121890457	+	69	53
chr4	25279806	25285979	+	69	58
chr4	141598433	141604900	+	69	52
chr5	71218934	71220326	-	69	65
chr6	11533705	11537650	-	69	53
chr6	28924158	28926858	+	69	59
chr6	144200224	144200430	-	69	65
chr7	158830276	158831576	+	69	63
chr8	8933025	8938255	+	69	60
chr9	34347929	34362366	+	69	48
chr9	41372061	41373647	-	69	65
chr9	63699832	63701919	-	69	62
chr9	131568947	131574473	+	69	59
chr10	131985138	131992582	+	69	47
chr11	34103333	34103760	+	69	57
chr11	117972829	117978010	-	69	56
chr12	106347046	106350452	+	69	62
chr12	111911886	111921331	-	69	58
chr14	52300061	52309340	-	69	56
chr14	103345144	103348286	-	69	61
chr17	8874763	8878358	-	69	55
chr17	28751006	28755062	+	69	56
chr18	53916604	54079666	-	69	40
chr19	1874083	1874750	+	69	64
chr19	10384718	10390652	+	69	48
chr19	19683768	19687292	-	69	58
chrY	1458806	1462003	-	69	59
chr1	30726842	30728198	-	68	57
chr1	194284387	194289699	-	68	46
chr2	108717722	108719375	-	68	57
chr2	142870576	142874949	-	68	50
chr2	229279511	229283105	-	68	48
chr3	158829756	158837567	+	68	63
chr4	141471103	141475726	+	68	51
chr5	139630697	139633261	-	68	62
chr7	100445913	100448752	+	68	40
chr9	14602948	14610941	-	68	59
chr10	128334935	128430545	-	68	65
chr10	133353067	133355151	-	68	60
chr14	91510612	91513042	+	68	57
chr15	22283148	22287046	+	68	47
chr16	28634190	28636489	+	68	63
chr17	74557049	74560696	-	68	45
chr21	33359949	33367736	+	68	59
chr22	21630068	21630927	+	68	57
chr22	37667282	37672289	-	68	57
chrX	107708390	107713183	-	68	60
GL000205.2	58139	64472	-	68	51
chr1	25234873	25239221	-	67	55
chr1	157709859	157711492	+	67	64
chr1	193279699	193280814	-	67	59
chr1	200874307	200874823	+	67	42
chr2	85310558	85314197	+	67	64
chr3	9483623	9492080	+	67	53
chr3	15532379	15549050	-	67	44
chr3	47486668	47491789	-	67	56
chr3	141615520	141616067	-	67	53
chr5	32322620	32353639	-	67	51
chr5	42997802	43001054	+	67	58
chr6	41266579	41267870	-	67	56
chr7	44914729	44918625	+	67	53
chr7	72479611	72548257	-	67	46
chr9	130704896	130712373	+	67	60
chr11	1533072	1536942	-	67	58
chr16	21386672	21387912	+	67	56
chr16	28627278	28632694	+	67	64
chr17	42283314	42286057	-	67	55
chr17	64975767	64990112	-	67	60
chr18	35239620	35240919	-	67	59
chr19	47382708	47384078	+	67	56
chr20	1882879	1885366	-	67	40
chrY	1668676	1689639	-	67	57
KI270728.1	181298	1717827	+	67	65
chr1	39006102	39009834	+	66	53
chr1	89955507	89967218	+	66	44
chr1	193265215	193267160	-	66	64
chr1	228137354	228139912	-	66	51
chr2	196822464	196823336	+	66	64
chr2	231601203	231604561	-	66	58
chr3	138636621	138641210	+	66	49
chr4	102790010	102793654	-	66	59
chr4	141589008	141597398	+	66	51
chr5	75602083	75608651	+	66	58
chr6	89093955	89095481	-	66	45
chr7	36848174	36853836	-	66	56
chr7	65770895	65771931	+	66	64
chr7	75090852	75092554	-	66	61
chr9	80750049	80760917	+	66	44
chr10	96587452	96590453	+	66	59
chr11	126289	127202	-	66	63
chr11	65517621	65523364	-	66	47
chr12	9120314	9121834	-	66	57
chr12	46354570	46358000	-	66	57
chr12	64697577	64703610	+	66	56
chr14	20782539	20783796	+	66	56
chr17	18811002	18813655	+	66	61
chr17	67817001	67825486	-	66	54
chr19	5154352	5158369	+	66	60
chr19	13175743	13202899	+	66	46
chr20	30405972	30408211	+	66	61
chr20	31656305	31661268	-	66	56
chrY	24362021	24362736	-	66	58
chr1	58629912	58630265	-	65	61
chr1	159058324	159062380	-	65	51
chr2	95023659	95025172	-	65	54
chr3	47349753	47350415	-	65	56
chr3	141483745	141485375	+	65	25
chr4	73070036	73072150	+	65	53
chr5	50444329	50444919	-	65	63
chr5	70798054	70801168	+	65	62
chr7	66506545	66510999	-	65	55
chr7	72457056	72556067	+	65	59
chr7	106345060	106348779	+	65	51
chr7	142781718	142787305	-	65	46
chr9	120895355	120898928	-	65	57
chr10	119081037	119085196	+	65	56
chr11	1530248	1531762	-	65	57
chr11	61028160	61031699	-	65	51
chr12	53260637	53268135	-	65	61
chr12	55409698	55411223	-	65	59
chr14	102587663	102592144	-	65	57
chr15	62954347	62954527	+	65	60
chr16	71817088	71830345	+	65	50
chr19	13166109	13169990	-	65	49
chr19	19683903	19688038	+	65	56
chr19	35169927	35188187	+	65	56
chr20	3187831	3190054	-	65	60
chr20	5535901	5539402	-	65	49
chrY	1232951	1262331	+	65	44
chrY	1332479	1336498	-	65	50
chr1	93139217	93143711	+	64	58
chr1	155566788	155586122	+	64	55
chr1	160600853	160605439	-	64	53
chr2	219370669	219373489	-	64	57
chr5	70514394	70515930	+	64	62
chr5	88184512	88189573	-	64	56
chr5	97082260	97088103	+	64	46
chr5	115413522	115413608	+	64	63
chr5	143274703	143275849	+	64	57
chr6	32809067	32812361	-	64	52
chr6	139134427	139135053	-	64	55
chr7	5514230	5524996	+	64	55
chr7	56093246	56101327	+	64	56
chr8	10445089	10450709	+	64	53
chr10	97351892	97355892	-	64	48
chr10	111017531	111026340	+	64	53
chr11	4093373	4094666	-	64	49
chr11	47453415	47455925	-	64	51
chr12	11301456	11306838	+	64	52
chr12	132485932	132489456	-	64	53
chr13	28656799	28659090	-	64	56
chr14	35391616	35397298	+	64	43
chr17	19091825	19092149	+	64	56
chr17	19898691	19904277	-	64	57
chr17	47104543	47116270	-	64	45
chr18	51085769	51089712	+	64	49
chr19	49493449	49496195	-	64	57
chrX	65188397	65210875	-	64	56
chrX	79309816	79315062	+	64	48
chrX	118450574	118475676	+	64	51
chr1	25235130	25239339	+	63	54
chr1	25872563	25875364	-	63	55
chr2	53102440	53327171	+	63	39
chr2	229756454	229763035	-	63	51
chr3	129163942	129165121	+	63	56
chr3	146508126	146513812	-	63	50
chr5	138938675	138943886	-	63	54
chr5	149488523	149490738	-	63	55
chr6	26240749	26244411	+	63	50
chr6	87702293	87705696	+	63	47
chr7	67808822	67968067	+	63	61
chr7	152676260	152677636	+	63	58
chr9	100986735	100986924	+	63	61
chr10	102097416	102102568	-	63	52
chr10	102670653	102673724	+	63	52
chr11	58770648	58787676	+	63	37
chr12	7978932	7987565	+	63	56
chr14	52328601	52329930	+	63	54
chr15	58587086	58587456	-	63	59
chr17	42283318	42286157	+	63	57
chr17	48123619	48126878	-	63	51
chr19	12919710	12922442	-	63	56
chr19	14370205	14372374	+	63	49
chr20	57487922	57488360	-	63	61
chr20	63637627	63639691	-	63	51
chr22	36481714	36483678	-	63	60
chr22	42375299	42378250	+	63	54
chr1	85264608	85265040	+	62	51
chr1	92961548	92964593	+	62	53
chr1	108689959	108691971	-	62	56
chr2	65130409	65133510	+	62	59
chr2	157363480	157368448	-	62	51
chr2	197355577	197379684	-	62	56
chr3	185052811	185060130	+	62	44
chr4	83253248	83261351	-	62	53
chr5	71130367	71133892	-	62	60
chr5	91363546	91368561	-	62	49
chr8	103391792	103398631	-	62	49
chr10	65501447	65546056	+	62	59
chr10	110514450	110521551	-	62	46
chr11	299904	304919	+	62	50
chr11	68945161	68976825	+	62	49
chr12	52063399	52065104	+	62	39
chr14	49635239	49641259	+	62	53
chr15	67195632	67196327	+	62	53
chr16	2532082	2537843	+	62	56
chr16	55793961	55794158	+	62	52
chr19	5670229	5672761	-	62	53
chr19	47273719	47274874	+	62	55
chr20	49915742	49918021	+	62	41
chrX	130062603	130064757	-	62	58
chr1	1693103	1694908	+	61	52
chr1	24673766	24687739	+	61	54
chr1	117857989	117863312	-	61	55
chr2	10562691	10564257	+	61	52
chr2	191708568	191711576	+	61	52
chr2	197435231	197442071	+	61	54
chr3	49161083	49161677	-	61	57
chr3	101594899	101598050	-	61	56
chr4	145180842	145184596	+	61	48
chr5	66083083	66085376	-	61	58
chr6	166957358	166963407	-	61	51
chr7	75264060	75268066	-	61	48
chr7	76444148	76448075	-	61	56
chr7	149538758	149545487	-	61	53
chr8	143028491	143032566	+	61	47
chr10	79649883	79652671	+	61	52
chr10	91922104	91923654	-	61	50
chr11	66247412	66251694	+	61	57
chr11	73397772	73400181	+	61	49
chr11	118336359	118338770	-	61	49
chr12	8026831	8028139	+	61	51
chr12	11345494	11348831	+	61	48
chr12	53438022	53438840	+	61	57
chr14	20461989	20463298	+	61	50
chr14	74998944	75002471	-	61	48
chr14	102066750	102069269	-	61	28
chr16	29520231	29523564	+	61	60
chr17	7834117	7838784	-	61	50
chr17	40172883	40176013	-	61	49
chr17	75289610	75301199	-	61	53
chr19	19689347	19694357	+	61	55
chr20	3051785	3059192	-	61	47
chr22	26842595	26845062	+	61	55
chr22	28789917	28794213	-	61	50
chrX	30552944	30555974	-	61	50
chrX	48958673	48959136	-	61	47
chrX	93287427	93287637	-	61	57
chr1	13697827	13700005	-	60	50
chr1	77559966	77561952	-	60	55
chr1	108122226	108129802	-	60	45
chr1	146253556	146254757	-	60	56
chr1	156456796	156458104	+	60	51
chr1	234597268	234600219	-	60	48
chr2	85339038	85341267	-	60	58
chr2	231717530	231717963	-	60	45
chr3	108222946	108225659	+	60	49
chr4	35548408	35548499	+	60	60
chr4	64900643	64900745	+	60	56
chr4	141366617	141371759	+	60	50
chr5	139333571	139339226	+	60	54
chr6	7052362	7057541	+	60	52
chr6	26273412	26274819	+	60	33
chr6	31845096	31851326	-	60	37
chr6	83967929	83975389	+	60	50
chr7	6373341	6374457	-	60	25
chr7	23498961	23503969	-	60	52
chr7	66981534	66987268	+	60	52
chr8	143906509	143910645	-	60	50
chr8	144812605	144818633	+	60	46
chr9	41355595	41358355	-	60	50
chr9	62818011	62818477	-	60	51
chr9	85542731	85546525	-	60	51
chr11	64779405	64784758	+	60	49
chr11	102345478	102347140	-	60	55
chr12	9136091	9138366	+	60	57
chr12	121672940	121674535	+	60	51
chr13	30446623	30456309	-	60	50
chr13	74087006	74092303	+	60	54
chr14	91259148	91262382	+	60	55
chr14	101949473	101952273	+	60	52
chr14	102070461	102075771	-	60	44
chr16	29596140	29599958	+	60	54
chr16	35802157	35802595	-	60	58
chr17	19062698	19063345	-	60	55
chr17	82295888	82301715	+	60	55
chr19	34233479	34237185	+	60	51
chr19	34541737	34541888	-	60	57
chr19	39430080	39432613	+	60	39
chr22	35433200	35442332	+	60	49
chrX	83707990	83722448	-	60	59
chrX	129796993	129802948	+	60	54
chrY	21250628	21263485	+	60	42
chr1	35864967	35868683	+	59	43
chr1	45624386	45627028	-	59	52
chr1	93376316	93384037	+	59	53
chr1	145405981	145406687	-	59	55
chr1	155943011	155946284	-	59	54
chr1	226074426	226075430	-	59	53
chr2	60931909	60936227	-	59	54
chr3	56691665	56718840	+	59	45
chr3	75619222	75619414	-	59	54
chr3	90157220	90170804	-	59	57
chr3	112442281	112444035	+	59	45
chr4	4143205	4143304	-	59	54
chr6	33533299	33537636	+	59	47
chr7	25034991	25108301	+	59	52
chr8	60976730	60979257	+	59	42
chr9	21324048	21329405	-	59	52
chr9	33288349	33290457	-	59	55
chr10	73368278	73373414	-	59	50
chr10	131895538	131895663	+	59	58
chr12	9417104	9418093	-	59	54
chr12	31265289	31270889	-	59	47
chr14	52289774	52297012	+	59	47
chr14	74643850	74653307	-	59	47
chr16	8649673	8652638	+	59	47
chr16	70207764	70210268	-	59	56
chr17	64022460	64037127	-	59	37
chr19	13159356	13162365	+	59	48
chr21	25828365	25880115	-	59	38
chr22	50537334	50541035	-	59	54
chrX	89447051	89454978	+	59	56
chrX	154500957	154505368	-	59	42
chrY	583536	583700	+	59	56
chrY	8285708	8285839	-	59	58
chr1	89101670	89105351	-	58	57
chr1	117776802	117778606	-	58	54
chr1	151943850	151944643	-	58	46
chr2	30144082	30146336	-	58	49
chr2	48516249	48519299	-	58	52
chr2	97644046	97645684	-	58	52
chr2	157328856	157333889	-	58	51
chr2	190876571	190880736	-	58	46
chr3	37367953	37374569	+	58	52
chr3	109988015	109988219	+	58	54
chr4	122075402	122076967	-	58	51
chr4	147710618	147710756	-	58	52
chr5	71027769	71030400	+	58	56
chr6	110825749	110839533	+	58	47
chr7	2456683	2460204	+	58	48
chr7	66165037	66175436	+	58	53
chr7	66845024	66847987	+	58	51
chr7	142793547	142796154	+	58	30
chr8	140463443	140464707	-	58	42
chr9	70378842	70384123	-	58	43
chr10	12252953	12312266	+	58	46
chr10	17129940	17137228	-	58	49
chr10	28334603	28336736	+	58	41
chr10	73000431	73005726	-	58	48
chr11	61969508	61975465	+	58	48
chr11	118865588	118872560	-	58	54
chr12	50759655	50763566	-	58	50
chr14	20785348	20789298	+	58	48
chr16	1969155	1971647	-	58	42
chr17	2047770	2051162	-	58	38
chr17	5063714	5074169	+	58	42
chr17	42287195	42287543	-	58	53
chr17	77956037	77959167	-	58	54
chr21	28818683	28821840	-	58	47
chr21	46585465	46592019	+	58	44
chr22	45845446	45854689	+	58	46
chr1	196997	199549	-	57	55
chr1	120717898	120718989	-	57	47
chr1	143805713	143810180	+	57	55
chr1	182320223	182320499	-	57	53
chr1	222471253	222472305	-	57	53
chr2	85597717	85598536	+	57	51
chr2	136127242	136135382	+	57	48
chr2	231879756	231879947	-	57	48
chr3	32502896	32506079	+	57	50
chr3	49342051	49346489	-	57	48
chr3	133572177	133573712	-	57	50
chr3	185911425	185914268	+	57	52
chr5	69969552	69969962	+	57	55
chr6	33364728	33365069	-	57	53
chr7	38177420	38178010	-	57	48
chr7	38378866	38383674	+	57	51
chr9	66278163	66281839	+	57	49
chr9	73132187	73135581	+	57	53
chr10	14509953	14512600	-	57	43
chr11	33219496	33219599	-	57	55
chr11	57531090	57538526	-	57	44
chr12	31857895	31869115	-	57	42
chr12	110708512	110715413	+	57	48
chr12	120195080	120196502	+	57	46
chr15	50422610	50424345	-	57	48
chr16	28094766	28097565	-	57	54
chr17	29066294	29070844	-	57	48
chr19	15341458	15346059	+	57	49
chr19	54296001	54296192	-	57	51
chr20	35950615	35953543	-	57	49
chrX	65340842	65352413	+	57	35
chr1	90871534	90880641	-	56	49
chr1	149827374	149832653	+	56	45
chr2	65276053	65281638	+	56	52
chr2	201103166	201109566	-	56	39
chr3	167663157	167667798	-	56	50
chr4	77862145	77862804	+	56	51
chr4	189333467	189338479	-	56	36
chr5	115198183	115202505	-	56	51
chr5	139628706	139629163	-	56	49
chr5	177456299	177456604	+	56	50
chr6	358134	360670	+	56	52
chr6	6781801	6789655	-	56	39
chr6	26813862	26829139	-	56	47
chr6	27140678	27142997	-	56	49
chr6	144853191	144856830	+	56	48
chr7	74789413	74795706	+	56	53
chr7	74904299	74906540	+	56	54
chr8	27275244	27283693	-	56	46
chr8	42149803	42151766	-	56	44
chr9	36165202	36169178	+	56	48
chr9	80762487	80768475	+	56	41
chr10	31757664	31759994	-	56	46
chr10	69044932	69051000	+	56	42
chr10	103194382	103199770	+	56	50
chr11	315784	318136	+	56	46
chr12	121593507	121600554	+	56	44
chr13	27450591	27452422	+	56	54
chr13	41383668	41384667	-	56	52
chr13	74098885	74102614	+	56	48
chr14	75291250	75294074	-	56	50
chr14	101932258	101945612	+	56	42
chr15	78908322	78909475	-	56	51
chr16	25179603	25184749	+	56	46
chr16	87765995	87769348	+	56	45
chr17	19188805	19189582	-	56	52
chr19	36173985	36181927	-	56	47
chr20	40302840	40667300	+	56	51
chr21	46448416	46458509	-	56	47
chr22	38702230	38705376	-	56	51
chr22	39522694	39527261	+	56	49
chr22	39523788	39526897	-	56	50
chrX	14244279	14245386	+	56	52
chr1	33127514	33128462	+	55	50
chr1	117836544	117842206	-	55	46
chr1	155566718	155577342	-	55	52
chr1	247407638	247410466	+	55	44
chr2	109769750	109773305	+	55	46
chr2	148787571	148789655	+	55	53
chr3	37375739	37379279	+	55	52
chr5	43007818	43010160	+	55	41
chr5	142161549	142163793	-	55	48
chr6	30563732	30571259	-	55	52
chr6	113173373	113174132	-	55	52
chr7	44987144	44988578	+	55	47
chr8	34456153	34456423	-	55	54
chr8	122779093	122779964	-	55	46
chr9	120900069	120902044	-	55	45
chr9	126892912	126893059	-	55	51
chr10	12257752	12268301	-	55	48
chr10	27547148	27552890	+	55	42
chr10	73737375	73738882	+	55	52
chr11	14436279	14440439	-	55	36
chr11	59096253	59102208	-	55	43
chr11	107304981	107311946	-	55	45
chr11	118793319	118796215	+	55	43
chr12	31838912	31843410	-	55	42
chr12	52021232	52022526	+	55	38
chr12	56192709	56201960	-	55	44
chr13	45300047	45300437	-	55	50
chr14	49623532	49624956	+	55	50
chr16	88800868	88803512	-	55	51
chr17	78646151	78647918	+	55	44
chr19	1930165	1935763	-	55	47
chr19	36998727	37003658	+	55	46
chr20	50885455	50888807	+	55	51
chr21	32550769	32556568	-	55	49
chrX	110183898	110187457	+	55	41
chr1	158991231	158994480	+	54	43
chr1	178921855	179015130	+	54	46
chr2	206086567	206087639	+	54	50
chr2	231440387	231447969	-	54	39
chr3	49023597	49024317	+	54	46
chr5	180742351	180784679	-	54	48
chr6	24789850	24793326	-	54	46
chr6	28869518	28884708	-	54	42
chr6	144148192	144150194	-	54	38
chr6	158635826	158636462	-	54	48
chr7	118169108	118183991	-	54	46
chr7	135980834	135984767	+	54	49
chr8	21825330	21898165	-	54	34
chr9	63677374	63677625	+	54	51
chr9	67009118	67009377	+	54	52
chr10	3851753	3852470	-	54	39
chr10	84154154	84156415	+	54	45
chr10	132393248	132397123	-	54	50
chr11	18634868	18636441	+	54	45
chr11	47608355	47610570	+	54	47
chr12	12696347	12696758	-	54	52
chr13	74036752	74037188	+	54	51
chr13	98037591	98120155	-	54	51
chr14	91259390	91263213	-	54	50
chr15	30538221	30540021	+	54	52
chr15	43803056	43804085	+	54	47
chr15	100550226	100553295	-	54	46
chr17	1406561	1411578	-	54	42
chr17	29556278	29559467	-	54	44
chr17	42194612	42198980	-	54	39
chr19	6857606	6860314	+	54	43
chr19	43619713	43621510	+	54	47
chr20	5641808	5648003	-	54	42
chr21	13862405	13884902	-	54	24
chrX	65254194	65260279	+	54	42
chrX	71021384	71035016	-	54	43
chrX	80075044	80076002	+	54	48
KI270742.1	62062	161331	-	54	50
chr1	19330958	19338757	+	53	52
chr1	35169127	35175946	-	53	46
chr1	36385952	36391145	-	53	48
chr1	144545609	144547805	-	53	50
chr1	193286638	193288823	+	53	44
chr2	200904006	200907275	-	53	43
chr2	227564707	227569289	+	53	46
chr3	156817271	156819440	+	53	40
chr4	118634535	118635762	+	53	49
chr5	14621324	14625073	+	53	44
chr5	80904412	80923917	+	53	33
chr6	26217486	26218758	+	53	44
chr6	43224973	43225609	-	53	50
chr7	48087697	48088592	-	53	47
chr8	10465861	10471731	+	53	40
chr8	56014184	56021878	+	53	45
chr9	27573923	27575847	+	53	47
chr9	34921294	34921607	-	53	48
chr10	8934312	8937389	-	53	29
chr10	48031806	48034582	-	53	46
chr10	48042302	48043623	-	53	49
chr11	63444660	63444869	-	53	52
chr12	92929561	92931043	+	53	45
chr13	19865074	19867269	+	53	46
chr14	55361931	55366203	+	53	45
chr14	105978433	105978519	-	53	53
chr17	17837165	17841169	+	53	46
chr17	40136928	40140179	-	53	47
chr17	64985603	64987460	+	53	50
chr18	40950193	40950289	-	53	49
chr19	35908306	35909328	-	53	49
chr19	41611968	41614415	-	53	47
chr19	53064592	53066309	-	53	46
chr20	1944325	1946918	+	53	45
chr20	4777110	4778788	-	53	45
chr20	6786125	6787596	-	53	51
chr22	37463775	37466965	-	53	49
chrX	65242244	65247942	+	53	40
chrX	101001371	101008566	+	53	47
chr1	92821692	92832010	-	52	40
chr1	144068911	144069337	-	52	48
chr1	144069316	144073018	+	52	48
chr1	145498179	145500650	-	52	47
chr2	65271308	65274994	+	52	45
chr2	151782618	151784937	-	52	49
chr2	156364818	156367360	+	52	43
chr2	200840263	200842687	+	52	38
chr3	131460466	131462164	-	52	47
chr4	6623386	6631582	+	52	42
chr5	34127223	34130388	-	52	48
chr5	71186457	71189779	-	52	49
chr6	364827	365787	-	52	47
chr6	57779588	57781962	-	52	50
chr6	127701612	127703533	-	52	45
chr6	131294034	131297455	-	52	45
chr7	76447562	76449349	+	52	49
chr8	139719739	139727291	-	52	43
chr9	32526576	32531287	-	52	42
chr9	130705706	130709297	-	52	48
chr10	102388754	102394088	-	52	45
chr10	104308679	104309693	-	52	45
chr10	113272029	113307591	+	52	44
chr11	117929979	117971269	-	52	44
chr12	55738216	55743016	-	52	35
chr12	92979270	92985946	+	52	32
chr12	123444985	123450335	+	52	34
chr14	31210008	31210336	-	52	26
chr14	73803305	73810079	+	52	47
chr14	90381168	90383182	-	52	43
chr15	44664048	44665580	+	52	43
chr15	78916621	78921029	-	52	47
chr16	82196204	82198404	+	52	31
chr17	44392474	44394533	-	52	47
chr17	64919502	64921935	+	52	47
chr19	1982321	1985029	-	52	48
chr19	21066689	21072718	+	52	39
chr19	44995891	45001448	-	52	44
chr19	51217925	51223941	+	52	46
chr19	53829966	53839965	-	52	16
chr22	23916348	23919582	+	52	45
chr22	35428078	35443342	-	52	45
chrX	38806671	38976697	+	52	35
chrX	53687716	53694014	-	52	41
chrY	21252561	21255534	-	52	32
chr1	117851194	117856675	-	51	46
chr1	119908193	119911533	-	51	41
chr1	203288817	203292819	+	51	44
chr1	208904808	208904927	+	51	50
chr2	69441482	69443618	-	51	46
chr2	101308839	101309231	+	51	37
chr3	56725794	56726184	+	51	49
chr3	68637126	68637271	+	51	51
chr3	119421736	119428591	-	51	40
chr4	19077833	19078110	-	51	50
chr4	48063636	48066014	+	51	46
chr4	163520609	163524269	-	51	44
chr5	142157832	142160240	+	51	40
chr6	26157117	26157914	+	51	45
chr6	35340609	35341673	+	51	42
chr6	38155554	38160247	+	51	48
chr6	131289006	131291285	+	51	44
chr7	73119334	73139955	+	51	45
chr8	60907269	60909959	-	51	49
chr8	103386894	103388460	+	51	45
chr9	40931365	40934266	+	51	48
chr9	75183151	75187906	+	51	46
chr12	6471481	6474445	+	51	42
chr12	49122452	49127630	-	51	43
chr14	103504150	103510160	+	51	47
chr16	28094423	28096616	+	51	48
chr16	66713641	66714678	-	51	42
chr17	7131806	7133716	-	51	45
chr17	64848108	64850182	+	51	50
chr17	78648979	78664010	+	51	43
chr19	10644848	10646428	-	51	44
chr19	47005676	47017506	+	51	40
chr20	53846682	53871310	+	51	33
chr22	37590160	37592416	+	51	46
chrY	21267501	21271798	+	51	30
chr1	16460116	16460943	+	50	48
chr1	36182134	36187098	+	50	46
chr1	58784221	58785126	+	50	47
chr1	121588083	121595312	+	50	43
chr1	146409621	146412944	+	50	35
chr1	154938115	154939640	+	50	44
chr1	182889783	182898750	+	50	46
chr1	185294379	185296385	-	50	45
chr1	227722211	227726890	-	50	41
chr1	234601368	234604246	-	50	44
chr2	28357522	28359134	-	50	42
chr2	42793751	42797051	+	50	46
chr2	43195508	43199427	-	50	32
chr2	43197701	43203295	+	50	32
chr2	97742242	97752227	+	50	45
chr2	105350472	105352875	-	50	42
chr2	136118237	136119566	-	50	46
chr2	136239137	136240930	+	50	32
chr2	218213926	218215872	+	50	40
chr3	49433467	49437799	+	50	42
chr3	196832920	196834187	+	50	47
chr4	25709926	25716106	-	50	37
chr4	73743815	73745233	+	50	39
chr4	125622241	125622461	+	50	48
chr5	70502328	70502727	+	50	45
chr5	83037066	83040712	-	50	42
chr5	90410669	90416345	+	50	43
chr5	149491869	149492688	-	50	43
chr5	157079458	157085302	-	50	42
chr5	179543392	179550515	-	50	43
chr6	27144532	27146312	-	50	40
chr6	30505962	30516221	-	50	40
chr7	67806992	67988797	-	50	49
chr7	76648443	76650389	+	50	48
chr8	96644102	96645073	-	50	42
chr9	80668692	80669802	-	50	38
chr9	80923165	81194715	+	50	43
chr9	91424046	91425487	+	50	40
chr9	96655380	96658128	+	50	39
chr9	97864926	97879587	-	50	40
chr9	134444623	134447346	+	50	46
chr10	6627452	6656972	-	50	44
chr10	47673179	47680219	+	50	47
chr10	72355321	72363965	-	50	39
chr11	267930	270061	-	50	40
chr11	107309449	107309972	+	50	48
chr11	125090312	125090517	+	50	49
chr12	9700972	9703950	+	50	43
chr12	121234355	121237672	-	50	50
chr12	122897624	122898613	-	50	30
chr12	123409375	123410223	-	50	45
chr13	27059297	27063595	+	50	47
chr13	74016857	74018396	+	50	44
chr14	20342212	20343043	-	50	40
chr16	8668606	8673095	+	50	46
chr16	30070500	30075263	+	50	46
chr16	30135559	30182824	-	50	49
chr16	69085756	69089136	-	50	45
chr17	64842652	64846597	+	50	48
chr20	5652327	5703201	-	50	44
chr21	44874207	44877314	+	50	43
chr22	26830128	26830576	-	50	45
chr22	29499325	29502902	+	50	46
chrX	56609852	56612417	+	50	36
chrY	20906102	20912816	+	50	38
chr1	9648627	9651539	+	49	43
chr1	28122573	28126444	-	49	38
chr1	35193160	35197349	+	49	44
chr1	104885768	104886045	-	49	45
chr2	70138697	70142536	-	49	44
chr3	31643877	31647702	+	49	42
chr3	111665752	111667596	+	49	43
chr3	127682689	127685768	+	49	45
chr3	196445164	196454080	-	49	37
chr4	2734543	2737919	+	49	45
chr4	38701647	38704427	+	49	44
chr4	141512604	141516401	+	49	43
chr4	141526259	141532840	+	49	44
chr5	69852733	69853925	+	49	45
chr5	70864441	70864962	+	49	46
chr5	119404725	119405181	-	49	42
chr6	26285708	26318217	+	49	39
chr6	31847825	31852618	+	49	35
chr6	127687212	127689860	-	49	38
chr7	103149712	103150839	+	49	46
chr9	80309821	80313051	+	49	31
chr9	127931888	127934120	+	49	38
chr10	27543240	27545466	+	49	47
chr10	69105898	69110377	-	49	39
chr10	75208297	75210078	-	49	41
chr10	79827885	79834764	+	49	41
chr10	97457497	97458321	-	49	43
chr11	18665595	18666292	+	49	47
chr11	25451452	25452321	-	49	48
chr11	57701258	57702902	+	49	46
chr11	79500601	79500775	+	49	45
chr12	67680012	67685552	+	49	40
chr14	24243251	24248133	-	49	42
chr14	69046055	69050853	-	49	41
chr14	95499869	95501546	-	49	46
chr14	102076162	102080624	+	49	43
chr14	103332405	103333541	-	49	42
chr15	40758351	40763437	-	49	44
chr15	64719617	64727249	+	49	36
chr15	90502308	90517099	+	49	41
chr16	138863	141087	+	49	43
chr16	27364823	27367936	+	49	41
chr16	31011946	31032763	-	49	39
chr16	70213032	70218517	+	49	49
chr17	18210290	18212945	+	49	39
chr17	40551054	40552690	-	49	41
chr17	45144447	45146540	-	49	42
chr20	29879502	29879948	+	49	45
chr20	49926679	49926814	+	49	46
chr20	51905077	52000977	+	49	44
chr22	30436249	30437488	+	49	32
chrX	1648075	1730944	+	49	47
chrX	56577306	56579791	+	49	45
chrX	77804730	77814095	-	49	36
chrX	148052759	148052921	+	49	47
chrY	2741418	2743064	-	49	42
chrY	20955147	20979556	+	49	38
chr1	36397936	36400432	+	48	44
chr1	62434397	62436108	-	48	40
chr1	145491575	145491981	-	48	42
chr1	149599009	149602211	-	48	43
chr1	158996730	158997206	-	48	43
chr1	225443874	225444860	-	48	37
chr2	74112223	74116635	+	48	37
chr2	183161697	183163399	+	48	46
chr3	49672183	49673951	-	48	38
chr3	53201543	53210896	+	48	39
chr3	57930058	57938914	+	48	37
chr3	196736153	196739626	-	48	35
chr4	82807671	82813025	-	48	37
chr4	188226586	188240061	-	48	43
chr5	109410177	109412562	+	48	43
chr5	181272599	181279794	+	48	42
chr6	2791250	2827049	+	48	38
chr6	87672310	87674850	-	48	42
chr6	89324006	89326309	-	48	41
chr6	120236656	120281704	-	48	47
chr7	44988765	44992803	-	48	39
chr7	75279396	75280533	-	48	47
chr9	62799033	62801456	+	48	44
chr9	84029082	84029253	+	48	47
chr9	129325452	129329324	+	48	40
chr9	131560999	131567806	+	48	42
chr10	6410260	6410921	+	48	43
chr10	46218185	46219678	-	48	41
chr10	72235895	72243489	+	48	37
chr10	99759240	99765693	+	48	40
chr10	119183193	119183500	+	48	44
chr10	124000260	124000755	+	48	42
chr11	88256883	88263081	-	48	41
chr12	112023703	112026568	+	48	42
chr16	21340230	21344125	+	48	39
chr17	68202061	68205467	-	48	45
chr19	41881710	41882811	-	48	42
chr20	31578906	31586416	+	48	36
chr20	38690319	38690446	+	48	46
chrX	24083200	24128440	-	48	44
chrX	47631668	47635213	-	48	37
chrX	87151263	87151407	-	48	46
chrX	149772249	149772831	+	48	44
chrY	14941023	14941306	-	48	45
chr1	16246088	16246831	-	47	43
chr1	173402894	173405496	-	47	41
chr1	205694641	205700834	-	47	35
chr1	234609626	234615081	+	47	41
chr1	234772540	234774228	+	47	36
chr2	19891123	19896305	+	47	41
chr2	43171475	43174989	-	47	38
chr2	73740236	73747279	-	47	41
chr2	106086154	106091200	-	47	39
chr2	157406946	157409046	+	47	47
chr2	185980959	185987542	-	47	36
chr2	226833430	226835522	-	47	41
chr3	4987159	5015025	+	47	35
chr3	22381720	22381816	+	47	43
chr3	196943641	196944917	+	47	38
chr4	25679041	25679132	+	47	47
chr4	60169776	60169983	+	47	45
chr5	100385115	100385655	-	47	46
chr5	108728260	108729319	+	47	39
chr6	32445068	32447522	+	47	39
chr6	33061548	33064525	-	47	35
chr6	47475376	47477230	-	47	36
chr6	53241118	53244217	-	47	44
chr6	87731264	87733014	-	47	37
chr6	89352806	89354831	+	47	41
chr7	17748370	17753325	-	47	31
chr7	142816049	142853763	+	47	26
chr8	38213334	38216927	+	47	42
chr8	48007141	48008350	-	47	36
chr8	144088379	144094766	-	47	38
chr9	64072616	64074261	-	47	42
chr9	66295278	66295688	-	47	47
chr9	80569296	80578599	+	47	28
chr9	137248082	137249013	+	47	39
chr10	5763774	5764865	-	47	39
chr10	58267993	58268891	+	47	44
chr10	72296655	72300188	+	47	41
chr10	92590675	92592966	-	47	44
chr10	92669854	92674123	-	47	37
chr11	65385422	65386435	-	47	40
chr11	73865766	73872599	-	47	42
chr11	128448078	128449386	+	47	40
chr12	9740085	9749406	+	47	38
chr12	56145824	56150437	-	47	45
chr12	56340738	56341348	-	47	37
chr12	112402025	112404896	-	47	44
chr12	124920585	124922842	-	47	31
chr13	27256745	27260396	+	47	40
chr13	84529035	84529352	+	47	46
chr14	22514391	22515356	-	47	42
chr15	32517996	32519707	+	47	42
chr15	75217333	75220069	+	47	39
chr16	2650909	2654864	-	47	40
chr16	57083553	57085617	+	47	43
chr17	1565903	1569033	-	47	37
chr17	38257796	38264854	+	47	43
chr17	64497224	64498120	-	47	37
chr18	9100436	9102495	-	47	41
chr19	43720557	43727151	-	47	39
chr20	44294499	44298981	-	47	36
chr21	44007327	44012190	-	47	41
chr22	41666703	41672182	+	47	38
chr22	49895366	49899487	-	47	42
chrX	22005127	22019026	+	47	39
chrX	71171215	71173501	-	47	39
chrX	74569887	74572924	-	47	41
chr1	76699571	76701005	+	46	43
chr1	119013015	119016545	-	46	33
chr1	146301262	146302746	+	46	43
chr1	148689374	148691937	-	46	44
chr1	156802403	156803382	-	46	42
chr1	178590644	178593071	+	46	39
chr1	194275938	194277844	+	46	28
chr1	197201484	197203136	+	46	38
chr1	235011363	235014340	+	46	36
chr2	100579195	100589029	+	46	38
chr2	177224530	177227527	-	46	38
chr4	10064086	10065991	+	46	39
chr4	151016212	151018401	+	46	41
chr4	164733772	164742490	+	46	46
chr5	69636404	69636849	+	46	44
chr5	70087938	70089297	-	46	44
chr5	148845040	148851883	+	46	41
chr6	3998274	3999775	+	46	38
chr6	101075835	101148271	+	46	43
chr7	99470850	99472634	-	46	26
chr7	100280053	100291295	+	46	45
chr8	106752767	106758964	+	46	40
chr8	112201013	112213701	-	46	46
chr9	6507280	6510499	+	46	40
chr9	35083410	35088064	-	46	40
chr9	62798856	62801364	-	46	42
chr10	102105371	102107497	+	46	41
chr10	133425050	133429676	+	46	44
chr11	2287826	2288149	+	46	43
chr11	4519668	4520862	+	46	40
chr11	60128915	60129016	-	46	44
chr11	66980140	66980346	-	46	43
chr11	107966551	107968145	+	46	34
chr11	118334284	118335190	-	46	44
chr12	9762729	9765562	-	46	41
chr12	56662072	56662799	+	46	40
chr14	53157760	53163783	+	46	32
chr14	75298130	75302248	+	46	36
chr15	22295554	22299614	+	46	32
chr15	99391296	99394210	+	46	33
chr16	71427863	71428084	-	46	44
chr17	8119149	8119902	+	46	45
chr17	16382751	16389533	+	46	39
chr17	39569996	39575694	+	46	41
chr17	81876285	81878424	-	46	37
chr18	2844990	2846886	-	46	39
chr19	13167894	13169215	+	46	36
chr19	13177348	13179407	-	46	34
chr19	18033099	18033436	+	46	42
chr19	20812556	20819983	+	46	37
chr21	32517590	32518552	+	46	44
chr22	41829492	41831214	-	46	42
chrX	44741991	44742084	+	46	43
chrY	7383902	7385365	+	46	41
GL000194.1	53592	54788	-	46	41
KI270706.1	21692	29651	-	46	43
chr1	2576956	2581353	+	45	39
chr1	143727877	143729376	-	45	40
chr1	148682092	148686820	-	45	39
chr1	212713981	212721506	-	45	32
chr1	226622394	226625255	+	45	35
chr1	246670733	246676628	+	45	37
chr2	20444924	20446895	-	45	37
chr2	31860778	31864539	-	45	41
chr2	53019369	53043922	-	45	25
chr2	55132933	55134320	-	45	33
chr2	70141424	70145748	+	45	39
chr2	159316287	159316722	+	45	41
chr4	1345187	1346695	+	45	38
chr5	54557040	54567718	+	45	39
chr5	67239628	67239890	+	45	44
chr5	70844481	70847722	+	45	43
chr5	81892755	81892898	+	45	42
chr5	97073723	97074307	+	45	39
chr5	119256303	119260003	+	45	34
chr6	31852462	31853676	-	45	37
chr7	50411222	50412460	+	45	41
chr7	66846945	66848111	-	45	41
chr7	67254048	67259339	+	45	41
chr7	76517194	76521343	+	45	40
chr7	102479658	102481828	-	45	45
chr7	128631272	128641045	-	45	40
chr8	24289931	24292792	-	45	34
chr8	42831252	42836639	-	45	34
chr9	86354642	86355695	+	45	40
chr9	120895378	120901407	+	45	42
chr10	8974019	8978512	-	45	27
chr10	27242189	27243046	-	45	40
chr10	28510165	28519158	-	45	38
chr10	46837918	46844672	+	45	43
chr10	69055723	69057210	-	45	38
chr10	72996157	72999416	-	45	38
chr10	87482130	87484212	+	45	44
chr11	61376020	61384343	+	45	34
chr11	117979911	117986285	-	45	40
chr11	121439109	121442572	+	45	40
chr12	11315267	11319021	+	45	36
chr12	31847438	31853695	-	45	39
chr14	63586113	63589768	-	45	38
chr15	45586310	45587198	-	45	41
chr15	79951476	79960100	+	45	40
chr16	57299945	57300285	+	45	41
chr17	1562919	1565167	+	45	33
chr17	3920578	3923095	-	45	34
chr17	8874699	8874935	+	45	42
chr17	39864559	39866661	+	45	21
chr17	42532537	42533498	-	45	43
chr18	26393412	26414657	-	45	45
chr19	4881981	4890370	+	45	41
chr19	10647564	10651826	-	45	39
chr21	6127522	6128972	+	45	39
chr22	41455324	41459231	+	45	36
chr22	41666422	41671837	-	45	37
chrX	65266219	65270813	+	45	38
chrX	81352969	81357496	+	45	34
chrY	1775145	1900833	-	45	43
KI270718.1	21066	24461	-	45	35
chr1	1375561	1377726	+	44	39
chr1	21783906	21784993	+	44	35
chr1	43368184	43370044	+	44	39
chr1	90232419	90232624	-	44	43
chr1	90894056	90897646	-	44	41
chr1	145216184	145218445	+	44	43
chr1	145233522	145235776	+	44	41
chr1	149572328	149573634	+	44	39
chr1	149812683	149813133	-	44	40
chr1	162788882	162790544	-	44	39
chr1	203776746	203778175	+	44	40
chr2	38547901	38548211	+	44	39
chr2	138594764	138599659	+	44	36
chr2	142864299	142869496	-	44	37
chr2	167949357	167953639	-	44	39
chr2	203765644	203772433	+	44	35
chr2	234565732	234602907	-	44	43
chr3	138633550	138637600	-	44	38
chr3	171055037	171056066	-	44	41
chr4	34464011	34464105	+	44	42
chr5	81402287	81405728	-	44	38
chr5	83022842	83025695	-	44	39
chr5	172952763	172954449	+	44	36
chr6	144064628	144066987	+	44	42
chr7	5872533	5879713	+	44	35
chr7	38331126	38334954	+	44	38
chr7	70855781	71127397	-	44	42
chr7	123674251	123679935	-	44	39
chr8	22105317	22106618	-	44	40
chr8	102646134	102648119	-	44	39
chr9	7476934	7477038	-	44	43
chr9	136118990	136121742	+	44	37
chr10	74710003	74712445	+	44	35
chr10	92661811	92668743	-	44	30
chr10	96591873	96593308	-	44	40
chr11	62766938	62769510	+	44	36
chr11	65772010	65773855	-	44	38
chr12	9850346	9852980	+	44	37
chr12	31799732	31805235	-	44	41
chr12	31993409	32000345	-	44	41
chr12	47304133	47306257	-	44	39
chr12	54984823	55005875	+	44	41
chr12	71710669	71716188	+	44	33
chr12	98449323	98450992	-	44	38
chr13	20773969	20776561	+	44	42
chr16	29607853	29613012	+	44	41
chr17	1686949	1698609	+	44	43
chr17	5052466	5059498	-	44	38
chr18	35979618	35980947	-	44	39
chr19	863642	865779	+	44	41
chr20	48907262	48911073	-	44	31
chr21	42821795	42827262	+	44	30
chr21	43783871	43789175	-	44	40
chr22	36529549	36531272	+	44	35
chr22	38701587	38704593	+	44	39
chr22	41409899	41417667	-	44	41
chrX	13089351	13091968	-	44	37
chrX	26206912	26207120	-	44	43
chrX	44869691	44872994	-	44	41
chrX	107651032	107655130	-	44	35
chrY	1883267	2157119	+	44	41
chrY	12924881	12925291	+	44	38
chrY	13245694	13247592	+	44	43
chr1	31132158	31145239	+	43	41
chr1	37490528	37492527	+	43	27
chr1	40159631	40161257	-	43	39
chr1	47325153	47333701	-	43	34
chr1	83205798	83205976	+	43	41
chr1	156505500	156507342	+	43	38
chr1	161046186	161046835	+	43	39
chr1	168253021	168259849	+	43	39
chr1	204567133	204568146	-	43	41
chr1	204581253	204583907	+	43	42
chr1	204585434	204598747	+	43	38
chr2	7745817	7750070	+	43	27
chr2	33564874	33567980	+	43	34
chr2	88863040	88866568	-	43	25
chr2	97264740	97273320	-	43	40
chr2	100577055	100577787	+	43	42
chr2	241102633	241104932	+	43	34
chr3	10127220	10135012	+	43	34
chr3	49447814	49465212	-	43	40
chr3	53276532	53282844	-	43	39
chr3	184194090	184214559	+	43	40
chr4	77077733	77082350	-	43	38
chr4	141479493	141480181	+	43	36
chr4	173423302	173429205	+	43	28
chr5	69333382	69334627	+	43	43
chr5	70216105	70216464	-	43	38
chr5	71072117	71072821	+	43	41
chr5	71134908	71136187	-	43	41
chr5	80878194	80880284	+	43	39
chr5	131797940	131798446	+	43	40
chr5	142155357	142155787	-	43	36
chr6	87670275	87674262	+	43	36
chr6	132718510	132722389	-	43	34
chr7	5608760	5610466	+	43	31
chr7	66974448	66982566	-	43	32
chr7	72844426	72862604	-	43	40
chr7	123667499	123668971	-	43	35
chr8	11839305	11840020	+	43	40
chr8	38900395	38901217	+	43	35
chr8	70103389	70106499	-	43	40
chr9	87992862	87993044	-	43	42
chr10	9009297	9012983	-	43	23
chr11	59072432	59076085	-	43	35
chr11	61078407	61081297	-	43	31
chr11	64239075	64240935	-	43	40
chr11	65253275	65257163	-	43	40
chr11	66252780	66256957	+	43	39
chr11	122961515	122962320	+	43	39
chr14	22552662	22553584	+	43	38
chr15	30132286	30134336	+	43	37
chr15	84808038	84814570	+	43	31
chr16	4300303	4308917	-	43	38
chr16	69944251	69946736	+	43	37
chr16	88866916	88871200	-	43	35
chr17	5249168	5254355	+	43	29
chr17	28645541	28648158	+	43	40
chr17	28753675	28755764	-	43	37
chr19	2065732	2070403	+	43	37
chr19	36670994	36680092	+	43	37
chr19	46455086	46455548	-	43	41
chr19	49627097	49634574	+	43	39
chr20	3051252	3063717	+	43	39
chr22	36276271	36281265	-	43	39
chr22	40933052	40939219	+	43	41
chr22	47540866	47541141	+	43	41
chrX	71112455	71116981	+	43	39
chrX	79390885	79393042	+	43	36
chrX	80831926	80837004	+	43	31
chrY	1711271	1716134	-	43	37
chrY	2932786	2935199	-	43	39
KI270728.1	1077711	1078992	-	43	41
chr1	110645641	110646107	-	42	31
chr1	110679884	110682064	-	42	33
chr1	120842137	120845637	+	42	40
chr1	146249208	146251756	-	42	39
chr1	149556677	149564005	+	42	40
chr1	153781562	153785526	-	42	37
chr1	159816501	159819976	+	42	34
chr1	207318870	207321312	-	42	40
chr2	20241973	20248643	-	42	39
chr2	70128736	70133528	-	42	31
chr2	173965716	173967730	+	42	36
chr2	181411859	181417507	+	42	35
chr2	183174046	183174665	-	42	37
chr3	38037495	38039106	-	42	28
chr3	48301756	48302328	+	42	38
chr3	52241097	52243343	+	42	34
chr4	1687664	1691615	-	42	34
chr4	1867406	1871009	-	42	34
chr4	77819639	77821723	-	42	35
chr4	87141070	87146060	+	42	39
chr4	113449977	113451013	-	42	37
chr4	141409039	141410388	+	42	39
chr5	16952127	17016720	-	42	42
chr5	58515619	58521937	+	42	24
chr5	70920652	70922160	-	42	35
chr5	123226285	123226532	+	42	38
chr5	179611608	179614177	+	42	40
chr6	24794440	24796670	-	42	40
chr6	27175689	27200137	+	42	39
chr6	27372367	27373691	-	42	35
chr6	85292701	85293226	+	42	39
chr6	87269741	87271452	-	42	35
chr6	163578668	163583278	+	42	41
chr7	39794064	39795281	+	42	42
chr7	106077320	106083611	-	42	35
chr7	139424847	139433946	-	42	38
chr8	41916704	41920123	-	42	30
chr9	107490623	107494611	+	42	37
chr9	128810907	128818015	+	42	38
chr9	134446404	134446782	-	42	36
chr10	22531191	22532339	+	42	37
chr10	123991156	123991517	+	42	34
chr11	57819855	57827530	+	42	39
chr11	66613806	66616313	-	42	40
chr11	87331719	87336532	+	42	28
chr11	123048118	123049574	+	42	35
chr11	128828848	128831112	+	42	40
chr12	50290821	50313136	+	42	33
chr12	95305509	95309244	+	42	38
chr13	74044415	74047521	+	42	36
chr13	74115367	74120485	+	42	36
chr14	49897152	49903078	+	42	37
chr14	73229119	73231592	+	42	38
chr14	74738840	74745724	+	42	31
chr14	99111989	99115009	-	42	33
chr15	74048730	74049401	+	42	39
chr16	25264143	25269581	+	42	36
chr16	30335379	30336156	+	42	40
chr16	30348235	30350103	+	42	31
chr17	75294956	75300358	+	42	33
chr18	47631549	47631826	+	42	42
chr19	350260	350629	-	42	39
chr19	1441950	1444955	-	42	33
chr19	27272911	27503984	+	42	41
chr20	1430597	1433645	-	42	31
chr20	63524185	63527741	-	42	37
chr21	44883028	44884294	-	42	36
chr22	40973335	41017906	+	42	41
chr22	49934447	49937287	+	42	36
chrX	47440608	47445484	-	42	38
chrX	53180763	53185121	-	42	35
chrX	77895710	77897321	+	42	36
KI270746.1	36127	36267	+	42	40
chr1	1509949	1511672	-	41	32
chr1	12517933	12524856	+	41	34
chr1	22109010	22111030	+	41	36
chr1	27310575	27314089	+	41	36
chr1	151863675	151870706	-	41	36
chr1	157778912	157781894	-	41	34
chr1	247188538	247189813	-	41	39
chr2	43170824	43179375	+	41	36
chr2	46649843	46655953	+	41	36
chr2	70293828	70294943	+	41	38
chr2	174529587	174533615	-	41	34
chr2	174536968	174539349	-	41	32
chr2	240632338	240633622	+	41	37
chr3	32515151	32524958	+	41	38
chr3	57940133	57942772	+	41	35
chr3	150540665	150541883	-	41	40
chr3	154271109	154272197	-	41	39
chr3	197037365	197038122	+	41	39
chr4	59271965	59272077	+	41	40
chr4	141519036	141524852	+	41	35
chr4	189353045	189355243	-	41	30
chr5	40814777	40821179	-	41	31
chr5	70805115	70806323	+	41	37
chr5	177517241	177519785	+	41	35
chr6	24787302	24790099	+	41	37
chr6	26052743	26055786	-	41	36
chr6	51409026	51409835	-	41	40
chr6	122440648	122442665	+	41	39
chr6	170532462	170535076	-	41	40
chr7	38249579	38253648	-	41	36
chr7	40116521	40125219	+	41	33
chr7	44956727	44958613	+	41	34
chr7	106085353	106090019	-	41	37
chr7	142795932	142796556	-	41	35
chr8	8937666	8938066	-	41	40
chr8	23186542	23189073	-	41	40
chr8	60989800	60999563	+	41	31
chr9	80640412	80644660	+	41	30
chr9	99154780	99157881	+	41	38
chr9	120803172	120812375	-	41	29
chr10	6254846	6255684	-	41	33
chr10	96747054	96752334	+	41	20
chr11	44252136	44255344	+	41	32
chr11	60161215	60163900	-	41	37
chr12	56201056	56202113	+	41	39
chr14	65153662	65170300	+	41	30
chr14	77032145	77035193	+	41	36
chr14	105904996	105905490	-	41	19
chr15	52936861	52937091	-	41	41
chr16	17772821	17772943	-	41	36
chr16	35169329	35169606	-	41	40
chr16	66716298	66719124	-	41	38
chr17	4376735	4407018	-	41	36
chr17	7545266	7548676	-	41	28
chr17	68159190	68167386	+	41	35
chr17	82098529	82101229	+	41	34
chr17	83099322	83102766	+	41	34
chr19	19363270	19364878	-	41	38
chr19	47382953	47389585	-	41	38
chr20	3065072	3071448	-	41	36
chr21	42448782	42451866	+	41	33
chr21	42815272	42818668	-	41	37
chr22	35297500	35298795	-	41	37
chr22	41449847	41456374	-	41	35
chrX	21898163	21914793	+	41	28
chrX	30587687	30590634	-	41	29
chrX	68785264	68786998	+	41	40
chrX	75033117	75039587	-	41	32
chrX	122616810	122616913	-	41	41
chrY	21153872	21157071	-	41	28
GL000008.2	79937	201515	-	41	41
chr1	10391259	10394871	+	40	29
chr1	52582344	52586275	-	40	28
chr1	116070426	116076835	+	40	33
chr1	145408707	145411888	-	40	38
chr1	159910780	159912925	+	40	35
chr2	32353199	32356244	+	40	39
chr2	42122827	42134772	+	40	28
chr2	70109116	70111626	+	40	34
chr2	74985696	74995370	+	40	38
chr2	138588276	138593530	+	40	35
chr2	231649262	231700910	+	40	38
chr2	234480521	234483902	-	40	29
chr3	15553490	15557898	-	40	37
chr3	128598159	128602257	-	40	35
chr3	128876823	128879423	-	40	35
chr3	185938215	185939148	+	40	31
chr4	4248346	4250597	+	40	37
chr4	24514654	24517294	-	40	35
chr4	113449622	113450362	+	40	35
chr4	141378537	141381369	+	40	33
chr4	141399622	141404589	+	40	37
chr4	141482930	141490590	+	40	33
chr4	184330307	184330842	+	40	31
chr5	80111224	80111613	-	40	36
chr5	172035747	172039110	-	40	38
chr8	8984670	8997270	+	40	34
chr10	15769007	15772957	-	40	36
chr10	62097043	62102121	+	40	35
chr10	87475201	87477124	+	40	36
chr10	104029276	104031184	+	40	28
chr10	123995310	123997993	-	40	31
chr11	518141	527428	+	40	32
chr11	75754658	75754787	+	40	38
chr11	119063627	119067369	-	40	35
chr12	52000075	52002437	+	40	33
chr13	74057610	74058591	+	40	36
chr13	74094378	74095643	+	40	37
chr14	23921508	23921661	+	40	39
chr14	43300664	43300933	+	40	38
chr14	91447589	91453193	-	40	33
chr14	101945357	101947905	-	40	36
chr14	102732710	102733012	-	40	34
chr14	106014673	106015541	+	40	38
chr15	41116946	41119353	+	40	34
chr15	51819297	51824837	+	40	35
chr15	75456082	75459539	+	40	31
chr16	7875168	7875329	+	40	40
chr16	28418584	28428576	-	40	37
chr16	67938028	67939716	-	40	36
chr16	70099853	70105200	+	40	37
chr17	446075	448122	-	40	36
chr17	35373752	35375525	+	40	37
chr17	49591530	49598321	-	40	35
chr17	50708112	50709887	+	40	32
chr19	4593911	4619894	-	40	30
chr19	6863729	6868275	+	40	34
chr19	7647939	7660391	+	40	34
chr19	13158949	13163015	-	40	35
chr19	40285819	40286362	+	40	32
chr20	13370392	13380165	-	40	31
chr20	51951747	51999331	-	40	33
chr20	62383609	62386278	-	40	24
chrX	53924580	53931106	-	40	35
chrX	94930964	94931123	+	40	39
chr1	184885	185122	-	39	38
chr1	8899203	8902971	-	39	28
chr1	23788238	23789321	+	39	34
chr1	32249043	32250023	-	39	29
chr1	110661646	110662098	+	39	35
chr1	150164896	150168755	+	39	32
chr1	150582935	150587863	-	39	37
chr1	151330529	151337006	-	39	35
chr1	151853822	151857080	+	39	36
chr1	151979395	151982853	-	39	34
chr1	161070045	161070728	+	39	35
chr2	7101978	7102748	-	39	37
chr2	10473972	10564891	-	39	35
chr2	68438895	68439946	+	39	9
chr2	101895049	101896352	+	39	34
chr2	230403954	230408320	+	39	36
chr3	73380642	73380875	-	39	37
chr3	101712075	101717126	+	39	34
chr3	129082579	129085237	-	39	35
chr3	160488680	160494766	-	39	35
chr3	193705068	193705457	-	39	36
chr4	1388051	1391544	+	39	37
chr4	146522438	146523849	+	39	33
chr4	176339823	176342272	+	39	33
chr5	34137336	34142634	-	39	36
chr5	37074739	37079162	-	39	34
chr5	77873874	77887370	+	39	28
chr5	85549968	85550682	+	39	36
chr5	123623904	123628643	+	39	32
chr6	34576805	34577813	+	39	36
chr6	90506334	90510651	-	39	28
chr7	1805131	1805478	+	39	39
chr7	2664832	2679247	-	39	36
chr7	8767735	8915869	+	39	38
chr7	30259574	30263224	+	39	32
chr7	30282035	30284579	-	39	34
chr7	50413731	50415832	+	39	34
chr7	106940095	107023300	+	39	30
chr7	148884439	148888473	+	39	36
chr8	67811106	67829801	+	39	38
chr8	97731038	97745752	+	39	29
chr9	3691891	3693616	+	39	32
chr9	66811156	66851525	-	39	39
chr9	93047659	93048552	-	39	38
chr9	122913608	122915441	-	39	34
chr9	124060611	124225757	+	39	38
chr9	129412470	129415865	+	39	37
chr10	3803690	3807077	+	39	38
chr10	23432927	23433511	+	39	32
chr10	46658244	46674321	+	39	38
chr10	96753518	96761879	+	39	21
chr10	112828333	112831160	-	39	36
chr11	1524581	1527630	+	39	33
chr11	67445796	67450653	+	39	34
chr12	10572812	10576044	+	39	25
chr12	56697001	56712413	-	39	34
chr12	90351034	90452813	+	39	39
chr12	121620956	121626544	-	39	26
chr13	46332886	46341670	-	39	30
chr14	21847244	21850976	+	39	27
chr14	33896210	33896427	-	39	39
chr14	75176691	75178729	+	39	34
chr14	95492063	95498647	-	39	36
chr15	44285699	44288486	-	39	31
chr15	84661105	84665784	-	39	33
chr16	31197738	31201458	-	39	38
chr16	56945736	56949788	+	39	33
chr17	17391874	17394142	+	39	27
chr17	48123587	48126603	+	39	37
chr17	48866583	48868215	+	39	37
chr17	67058554	67065170	-	39	36
chr18	21525449	21529238	-	39	32
chr19	1901072	1903929	-	39	30
chr19	4067121	4077251	-	39	34
chr19	6413137	6413338	-	39	36
chr19	6941389	6943335	+	39	36
chr19	17398312	17402494	+	39	35
chr19	17821731	17822997	-	39	31
chr19	34252252	34254524	-	39	32
chr19	35206886	35207928	+	39	32
chr19	49631539	49635157	-	39	33
chr19	51139308	51141056	+	39	36
chr20	56188897	56189190	+	39	39
chr20	56465725	56468251	-	39	36
chr22	17173150	17178661	+	39	31
chr22	28857019	28882599	-	39	33
chr22	36269587	36273201	-	39	29
chr22	39981376	39983418	-	39	36
chrX	65149305	65157769	+	39	34
chrX	101776968	101778181	-	39	38
KI270743.1	14928	199514	+	39	37
chr1	83170218	83184939	-	38	37
chr1	144522926	144523856	-	38	32
chr1	168262824	168264779	+	38	33
chr1	204494983	204495893	+	38	30
chr1	235010222	235011991	-	38	33
chr2	55629535	55633809	+	38	28
chr2	62228999	62230641	-	38	36
chr2	71439859	71443590	+	38	29
chr2	73756817	73757184	+	38	35
chr2	84907035	84908337	-	38	32
chr2	96536164	96536587	-	38	30
chr2	103496757	103496883	+	38	36
chr2	128534425	128578201	+	38	36
chr2	189765715	189769921	-	38	37
chr2	237604315	237605584	+	38	34
chr2	238500738	238501653	+	38	35
chr3	9888606	9890527	-	38	28
chr3	150402045	150408323	-	38	35
chr3	157137910	157139454	+	38	30
chr5	34133498	34135659	-	38	38
chr5	50384545	50387236	-	38	32
chr5	54310710	54312323	+	38	31
chr5	70084238	70086328	-	38	34
chr5	70279179	70280738	-	38	34
chr5	71069792	71073724	-	38	38
chr5	79687329	79688905	+	38	33
chr5	115573561	115575161	-	38	33
chr5	138544778	138548728	-	38	31
chr5	179789197	179793550	-	38	33
chr6	27156734	27159158	+	38	34
chr6	31582739	31585293	+	38	33
chr6	32548540	32552695	-	38	30
chr6	43456778	43461022	+	38	32
chr7	2899707	2901232	-	38	30
chr7	44069534	44072056	-	38	38
chr7	75075902	75079477	+	38	33
chr7	76318262	76322495	+	38	34
chr7	123670468	123672653	-	38	36
chr8	11839355	11842502	-	38	29
chr8	42336723	42338396	+	38	34
chr8	53959542	53965896	-	38	33
chr8	130044493	130045480	-	38	34
chr8	145049150	145052222	-	38	32
chr9	36332508	36335862	-	38	34
chr9	40952582	40953168	+	38	35
chr9	112370645	112374322	-	38	29
chr10	6616951	6618374	+	38	38
chr10	73106102	73108994	-	38	36
chr10	110868887	110869504	-	38	33
chr11	6691930	6694195	+	38	34
chr11	85954469	85955227	+	38	37
chr11	118868099	118869652	+	38	33
chr12	11283645	11288141	+	38	35
chr12	56044736	56052544	+	38	33
chr12	92497241	92502776	+	38	23
chr12	111902541	111904693	-	38	34
chr14	55361949	55365466	-	38	33
chr14	65322141	65326941	+	38	27
chr14	70564156	70566030	-	38	38
chr15	63496530	63500238	-	38	32
chr16	46625602	46626194	-	38	34
chr16	47701702	47704815	+	38	32
chr17	40542673	40546709	-	38	35
chr17	42994810	42997697	+	38	34
chr17	68241798	68246604	-	38	35
chr17	77500609	77501537	+	38	34
chr18	122227	129819	+	38	37
chr19	5583104	5585281	-	38	37
chr19	40766033	40770735	+	38	32
chr19	45704105	45710009	-	38	34
chr19	52700262	52702231	+	38	35
chr19	54442485	54444712	+	38	38
chr20	3174777	3180366	-	38	30
chr20	37289147	37289611	-	38	36
chr20	41632560	41632970	-	38	13
chr20	45972643	45974355	+	38	31
chr22	37118510	37121887	-	38	33
chrX	48562906	48567301	+	38	30
chrX	75328666	75329786	+	38	38
chrX	81361037	81362413	+	38	36
chrX	146618730	146619041	-	38	37
chrY	1605575	1609192	+	38	36
chrY	2192415	2197893	-	38	33
KI270706.1	111391	118661	+	38	34
chr1	21431630	21432433	+	37	35
chr1	26813931	26822488	+	37	30
chr1	27308944	27310026	-	37	36
chr1	28648934	28653914	-	37	31
chr1	149870937	149872369	+	37	32
chr1	161610100	161613142	+	37	29
chr1	181093547	181147096	-	37	35
chr1	201952896	201954956	-	37	32
chr2	9631022	9632032	+	37	32
chr2	10690023	10690342	+	37	34
chr2	42122426	42134567	-	37	30
chr2	42800772	42804865	+	37	33
chr2	112837752	112839482	-	37	28
chr2	231705427	231706667	-	37	35
chr3	50263674	50264281	+	37	30
chr3	58471656	58484763	+	37	34
chr3	113712114	113715372	-	37	31
chr3	156711405	156713310	-	37	32
chr4	9033467	9033745	-	37	32
chr4	17793445	17796929	-	37	29
chr4	70840150	70844501	+	37	32
chr4	77045622	77046340	-	37	36
chr4	91983921	91984079	+	37	36
chr4	141620785	141624467	+	37	32
chr4	145661070	145662371	+	37	36
chr5	32523960	32524081	+	37	37
chr5	70895131	70895441	-	37	36
chr5	134096626	134103753	-	37	32
chr5	154687935	154695754	+	37	28
chr5	179777671	179780314	+	37	33
chr6	26200735	26202010	+	37	26
chr6	31514807	31514925	+	37	35
chr6	32985232	32987671	-	37	31
chr6	33089793	33091588	+	37	27
chr6	42948865	42953275	+	37	29
chr6	87717945	87719058	-	37	32
chr7	5861010	5867235	+	37	35
chr7	25125548	25126508	+	37	29
chr7	38716408	38718404	-	37	34
chr7	75334773	75335748	-	37	35
chr7	101073019	101073119	+	37	35
chr7	102532190	102534631	+	37	32
chr8	303207	303487	-	37	34
chr9	30690618	30690984	+	37	34
chr9	37365123	37368426	+	37	34
chr9	41366516	41367908	-	37	35
chr9	63705263	63708611	+	37	35
chr9	94463138	94466390	+	37	32
chr10	6638309	6642380	+	37	30
chr10	20299034	20302978	+	37	35
chr10	75232640	75233170	-	37	35
chr11	2284051	2287151	-	37	34
chr11	33037665	33039267	-	37	23
chr11	47848577	47849959	+	37	34
chr12	9313730	9313983	+	37	35
chr12	10573036	10574976	-	37	28
chr12	32027639	32030697	+	37	27
chr13	19818980	19822348	-	37	30
chr13	36937570	36938239	-	37	33
chr14	49864593	49867740	-	37	32
chr14	63590825	63594029	-	37	32
chr15	44718877	44721779	-	37	33
chr15	65305585	65311275	-	37	33
chr15	82739364	82741150	-	37	35
chr16	28375697	28378784	+	37	37
chr16	81963728	81966747	+	37	26
chr16	89871826	89873477	-	37	35
chr17	7969792	7970097	+	37	12
chr17	8135362	8139907	+	37	29
chr17	29294265	29295804	+	37	36
chr17	31001869	31008128	-	37	33
chr17	35448848	35454922	-	37	32
chr18	9084613	9092393	-	37	25
chr18	26006008	26011457	-	37	34
chr18	35711841	35715697	+	37	32
chr18	43437080	43437239	-	37	35
chr19	3215473	3219108	+	37	27
chr19	4039691	4042662	+	37	36
chr19	8507503	8509507	+	37	33
chr19	10506212	10512726	-	37	29
chr19	47240177	47245256	-	37	26
chr19	54439589	54441410	+	37	32
chr20	3182680	3185448	-	37	30
chr20	3838044	3845964	+	37	32
chr20	5713195	5714932	-	37	29
chr22	16480645	16481295	+	37	35
chr22	27819349	27831099	-	37	27
chr22	29504231	29505812	+	37	36
chr22	45859105	45863578	+	37	30
chr22	49970398	49973860	+	37	32
chr22	50543069	50545710	+	37	32
chrX	81346035	81351415	+	37	32
chrX	100940997	100951121	-	37	31
chrX	107696022	107701937	-	37	23
chrX	119771557	119777226	-	37	25
chrY	20908148	20909336	-	37	28
chr1	8916427	8919173	+	36	24
chr1	24473094	24477790	-	36	31
chr1	26486521	26489727	+	36	22
chr1	52703148	52706104	+	36	29
chr1	120468666	120476325	-	36	31
chr1	143401187	143401793	-	36	27
chr1	149827692	149829144	-	36	30
chr1	184775446	184783190	-	36	31
chr1	192959846	192991983	+	36	34
chr2	57445665	57445986	-	36	35
chr2	96243391	96248375	+	36	32
chr2	96486787	96487248	+	36	28
chr2	97492087	97492380	+	36	36
chr2	128197025	128202601	+	36	29
chr2	203753140	203755086	-	36	31
chr2	224754558	224757333	+	36	29
chr2	226235853	226507959	+	36	35
chr3	40624029	40625998	+	36	31
chr3	63125433	63125687	-	36	35
chr3	114246880	114250277	+	36	28
chr3	193698859	193701672	-	36	31
chr3	196837963	196847903	+	36	30
chr4	187502428	187505495	-	36	27
chr5	37097435	37098886	+	36	30
chr5	37100552	37104547	-	36	29
chr5	42948303	42954302	-	36	31
chr5	56898854	56899265	-	36	31
chr5	60869760	60870442	+	36	29
chr5	69952795	69955230	+	36	33
chr5	76759861	76813800	+	36	34
chr5	97075380	97079405	+	36	29
chr5	109327696	109334648	-	36	33
chr5	117092635	117092795	-	36	35
chr5	142164490	142165695	+	36	34
chr5	180844904	180845309	+	36	33
chr6	478601	483654	-	36	27
chr6	7060303	7074676	-	36	35
chr6	30530328	30533994	-	36	29
chr6	53359780	53360430	+	36	29
chr6	119550284	119608625	+	36	23
chr7	2462247	2468397	-	36	35
chr7	44792277	44796545	-	36	25
chr7	64305631	64307339	-	36	31
chr7	64359355	64363061	+	36	27
chr7	68952768	68961329	-	36	34
chr7	73739228	73766047	+	36	29
chr7	75486775	75492698	+	36	33
chr7	101661841	101758467	-	36	35
chr7	115019471	115020193	+	36	32
chr8	30059842	30060255	+	36	32
chr8	56066164	56066929	+	36	33
chr8	96340402	96342374	+	36	29
chr9	5305223	5313815	-	36	33
chr9	80345607	80349489	+	36	26
chr9	96810120	96810947	+	36	31
chr9	111820835	111827423	+	36	22
chr9	112897304	112900652	+	36	28
chr10	39425088	39484613	-	36	36
chr11	35044455	35046175	+	36	27
chr11	47904675	47905227	-	36	34
chr11	61161754	61164901	+	36	33
chr11	62622350	62624605	+	36	32
chr11	121416550	121420524	-	36	33
chr11	121417861	121419791	+	36	29
chr12	9014165	9019766	-	36	32
chr12	9033992	9036311	-	36	31
chr12	10602855	10603339	+	36	33
chr12	57721854	57723753	+	36	32
chr12	92937352	92947468	-	36	30
chr12	121621746	121625497	+	36	28
chr13	28133204	28136797	-	36	33
chr13	39050283	39052095	+	36	36
chr14	20359811	20365663	-	36	30
chr14	22561164	22564788	+	36	34
chr14	53012718	53017083	-	36	32
chr14	70557752	70560240	-	36	35
chr14	105481351	105486271	+	36	33
chr15	44941602	44942654	-	36	36
chr15	52298084	52302653	-	36	29
chr15	52573695	52577349	-	36	24
chr15	55169511	55171360	-	36	34
chr15	88632795	88636128	-	36	28
chr15	90856928	90863948	+	36	28
chr16	19081486	19084446	+	36	31
chr16	24913775	24917836	-	36	32
chr16	29848248	29851604	+	36	31
chr16	70079921	70080544	+	36	33
chr16	88124758	88126583	+	36	35
chr17	29551978	29554857	+	36	31
chr17	35456284	35459221	-	36	31
chr17	52179114	52289199	-	36	36
chr17	64843309	64847257	-	36	35
chr17	65056796	65060402	+	36	32
chr18	11908515	11910240	+	36	34
chr18	63320262	63322287	+	36	34
chr19	1867698	1870355	-	36	30
chr19	2945563	2948783	+	36	33
chr19	20064008	20066203	-	36	35
chr19	47385164	47391850	+	36	32
chr19	52697830	52702267	-	36	33
chr20	32103296	32104748	+	36	30
chr20	49789270	49789697	-	36	24
chr22	41935667	41938640	+	36	34
chr22	43019922	43022154	-	36	36
chrX	23940057	23946332	-	36	24
chrX	54588356	54592802	+	36	33
chrX	57127269	57128497	+	36	31
chrX	65042390	65045148	+	36	29
chrX	79395368	79398811	+	36	31
chrX	107054549	107058256	-	36	31
chrX	123772188	123772740	+	36	36
chrY	25307888	25308085	+	36	35
GL000219.1	71954	75843	-	36	29
KI270718.1	23582	27900	+	36	34
chr1	1611634	1613708	-	35	28
chr1	26784984	26787242	+	35	31
chr1	27888191	27891316	-	35	34
chr1	52107692	52121867	-	35	32
chr1	52595443	52601585	-	35	32
chr1	146231542	146231725	+	35	31
chr1	148035398	148038739	-	35	31
chr1	164958593	164958669	+	35	4
chr1	194270545	194276478	-	35	29
chr1	235105129	235105496	+	35	31
chr2	30169258	30172202	-	35	27
chr2	64088285	64091027	-	35	27
chr2	75388629	75390258	+	35	32
chr2	85977913	85983287	-	35	28
chr2	156321278	156324404	-	35	32
chr2	164646880	164653463	-	35	24
chr3	12664494	12666275	+	35	24
chr3	44491765	44492395	-	35	32
chr3	132544942	132548480	+	35	29
chr4	4893602	4893702	-	35	35
chr4	56466271	56467578	-	35	33
chr4	68376572	68376670	+	35	35
chr4	73746702	73749013	+	35	26
chr4	153681209	153682781	+	35	27
chr4	189318345	189321821	-	35	27
chr5	47379562	49189459	+	35	24
chr5	134584817	134590691	+	35	27
chr5	157730443	157731419	-	35	33
chr5	172976597	172977003	+	35	35
chr5	180455460	180455568	-	35	33
chr6	7612012	7615431	+	35	27
chr6	27140125	27144348	+	35	32
chr6	32755681	32756042	-	35	34
chr6	34570397	34572493	-	35	28
chr6	111638796	111642427	-	35	29
chr6	170472475	170474165	+	35	29
chr7	38271378	38274688	-	35	24
chr7	45093590	45099581	-	35	30
chr7	76947053	76947935	-	35	33
chr7	102690517	102691562	+	35	32
chr7	155784895	155786964	+	35	32
chr8	21906645	21908031	-	35	31
chr8	23264101	23264530	-	35	31
chr8	30057103	30062995	-	35	31
chr8	89380821	89380966	+	35	31
chr8	90056722	90058278	+	35	32
chr8	141197892	141201016	+	35	28
chr9	78234841	78235964	-	35	29
chr9	112376325	112379262	-	35	33
chr9	131276511	131278075	-	35	31
chr10	8330796	8339305	-	35	27
chr10	17135177	17136087	+	35	29
chr10	17205712	17208865	+	35	28
chr10	28334525	28337368	-	35	34
chr10	46660993	46667862	-	35	35
chr10	69063539	69065750	-	35	22
chr11	29143138	29154460	-	35	35
chr11	128820187	128821378	+	35	32
chr12	51229586	51238148	-	35	31
chr12	124713561	124715143	+	35	27
chr13	36838153	36840777	+	35	30
chr13	48154051	48156433	-	35	27
chr14	22488731	22490072	+	35	28
chr14	22504686	22508178	-	35	26
chr14	52424181	52429656	-	35	28
chr14	81469122	81470761	-	35	30
chr14	92698946	92700280	-	35	33
chr14	105932738	105935899	+	35	30
chr15	78899167	78902658	-	35	28
chr16	2645624	2650368	+	35	30
chr16	21658537	21659239	-	35	26
chr16	22536671	22538265	-	35	29
chr16	69086238	69091025	+	35	32
chr16	89262694	89266308	-	35	34
chr17	41706855	41710529	-	35	21
chr17	43763196	43764555	-	35	30
chr17	44031249	44034603	-	35	29
chr17	75708973	75711148	+	35	28
chr18	45846146	45846497	+	35	32
chr19	4879107	4881268	-	35	28
chr19	18282416	18284383	-	35	32
chr19	35883135	35887651	+	35	33
chr19	45704068	45710612	+	35	32
chr20	7718435	7718532	+	35	33
chr20	35165590	35171308	-	35	27
chr20	50887013	50888865	-	35	34
chr21	42913482	42915143	+	35	32
chr22	21624902	21626731	-	35	32
chr22	21867841	21870749	+	35	30
chr22	24688966	24689109	+	35	33
chr22	29321729	29324918	+	35	30
chr22	40336779	40342032	-	35	32
chr22	41420769	41427982	-	35	28
chr22	50245053	50245180	+	35	34
chrX	71051877	71056085	-	35	31
chr1	25240269	25242046	-	34	33
chr1	66993460	66995401	+	34	30
chr1	108083045	108086935	+	34	30
chr1	143799988	143801905	+	34	24
chr1	156462372	156463232	-	34	33
chr1	183607935	183610085	-	34	28
chr1	198323865	198327254	+	34	26
chr2	43148144	43160373	-	34	30
chr2	112667304	112669867	-	34	26
chr2	144660229	144664130	+	34	28
chr2	185945770	185946350	+	34	32
chr2	190403553	190408289	-	34	29
chr2	200908315	200908974	-	34	33
chr2	206162964	206166905	+	34	28
chr2	240473294	240476324	-	34	30
chr3	9479349	9482557	+	34	30
chr3	30709754	30713803	+	34	30
chr3	32169976	32173822	+	34	26
chr3	32956729	32957875	+	34	26
chr3	47350735	47353712	+	34	30
chr3	167669405	167675214	-	34	29
chr3	185844944	185897369	-	34	25
chr4	102782807	102788847	-	34	33
chr4	108630446	108634953	+	34	33
chr4	187774829	187774956	-	34	33
chr5	50353355	50355070	-	34	29
chr5	70815347	70815735	+	34	32
chr5	70963318	70964311	-	34	33
chr5	132406641	132407018	+	34	31
chr5	155694908	155796814	+	34	17
chr5	173773619	173773798	+	34	34
chr5	180983089	180983198	+	34	33
chr6	10267691	10360585	+	34	33
chr6	16295549	16298874	-	34	28
chr6	18472456	18475012	+	34	28
chr6	37503121	37505262	+	34	28
chr6	155314934	155315419	+	34	27
chr6	170436247	170444043	-	34	19
chr7	36737053	36739257	+	34	27
chr7	44575236	44577818	+	34	30
chr7	76952710	76953103	-	34	32
chr7	100292393	100296947	+	34	31
chr7	149911963	149920596	-	34	29
chr7	157417604	157418127	+	34	32
chr7	158725691	158728849	-	34	30
chr8	23117858	23119712	+	34	27
chr8	69131111	69132032	+	34	34
chr9	63898106	63899051	+	34	31
chr9	80245300	80246430	-	34	25
chr9	127917164	127920020	+	34	24
chr10	6261587	6262595	+	34	33
chr10	13143029	13145927	+	34	26
chr10	27242211	27243057	+	34	29
chr10	43413709	43417850	+	34	30
chr11	20385193	20387422	-	34	32
chr11	47453233	47458222	+	34	31
chr11	66606244	66609192	+	34	28
chr11	88225089	88230092	-	34	26
chr11	118989909	118994177	-	34	29
chr12	1939636	1941604	-	34	30
chr12	7939220	7951569	+	34	32
chr12	9709462	9711471	+	34	31
chr12	12562892	12564880	+	34	32
chr12	104762679	104764241	-	34	31
chr12	111902336	111904361	+	34	31
chr13	19955656	19958488	-	34	30
chr13	21483638	21487614	-	34	26
chr13	29655101	29655478	+	34	28
chr13	54844143	54844235	-	34	33
chr14	21860807	21863542	+	34	28
chr14	35392562	35394345	-	34	21
chr14	95478858	95480517	+	34	31
chr15	30469003	30470600	-	34	33
chr15	45215126	45216789	+	34	33
chr15	79993106	80003808	+	34	31
chr16	805451	807821	-	34	32
chr16	87588453	87588720	+	34	34
chr17	59852752	59858044	-	34	29
chr17	64468710	64470147	+	34	31
chr17	74638804	74639781	-	34	28
chr19	519944	521168	+	34	31
chr19	4872895	4877489	+	34	32
chr19	7472771	7476549	-	34	32
chr19	11788301	11791302	+	34	26
chr19	40025651	40027462	-	34	33
chr19	42255248	42257422	+	34	27
chr19	46617902	46619738	-	34	31
chr19	48709938	48712721	-	34	29
chr19	53214545	53216096	+	34	32
chr19	54891431	54901669	+	34	32
chr19	57319884	57320360	-	34	28
chr20	22638158	22666573	-	34	34
chr21	29023601	29024238	-	34	26
chr22	26516695	26518999	+	34	31
chr22	42084284	42085339	+	34	32
chrX	41237054	41244449	+	34	27
chrX	53707880	53714662	-	34	30
chrX	65275823	65277897	+	34	25
chrX	71328839	71349784	-	34	31
chrX	119471836	119472373	-	34	31
chrX	120426034	120427531	-	34	34
chrX	154339502	154343493	-	34	31
chrY	24323069	24323443	+	34	31
chr1	15830045	15834424	+	33	31
chr1	21186399	21211142	-	33	29
chr1	25956355	25958040	+	33	32
chr1	35860127	35863461	+	33	29
chr1	92962016	92962928	-	33	32
chr1	145996770	145998127	+	33	28
chr1	148074049	148074412	+	33	31
chr1	150876916	150879373	+	33	27
chr1	160532931	160534766	-	33	25
chr1	161298591	161303822	-	33	25
chr1	173413923	173416974	-	33	28
chr1	203309896	203311225	-	33	27
chr1	227782465	227785423	+	33	30
chr1	230902939	230904999	-	33	31
chr1	248866617	248867152	+	33	33
chr2	10567387	10568813	-	33	30
chr2	18946668	18951785	+	33	30
chr2	86196054	86198080	+	33	32
chr2	127886040	127888773	+	33	30
chr2	171759237	171761627	-	33	28
chr2	172622869	172629572	+	33	27
chr2	202330184	202335326	+	33	28
chr2	203305611	203306999	+	33	32
chr2	222564500	222566501	-	33	30
chr3	33870961	33873118	+	33	29
chr3	53275523	53281996	+	33	27
chr3	101863185	101865282	-	33	28
chr4	15759285	15764223	+	33	30
chr4	40167832	40170178	+	33	25
chr4	82417370	82421099	+	33	27
chr4	189324864	189331186	-	33	24
chr5	5503292	5503657	+	33	33
chr5	131410521	131414018	-	33	31
chr5	139631887	139633949	+	33	32
chr5	140626676	140629033	-	33	27
chr5	148875834	148878626	+	33	31
chr5	171414229	171416054	-	33	22
chr6	16762659	16764016	+	33	31
chr6	26103004	26107110	-	33	25
chr6	26841795	26843978	-	33	31
chr6	30502849	30503527	-	33	19
chr6	37500359	37503168	-	33	28
chr6	42194966	42195310	+	33	30
chr6	70647922	70648045	+	33	33
chr6	85426467	85427424	-	33	31
chr6	116605309	116613823	+	33	24
chr6	156686102	156687391	-	33	29
chr6	166957220	166965718	+	33	31
chr7	5854651	5860007	-	33	31
chr7	77974352	77977080	+	33	28
chr7	102518638	102520525	-	33	32
chr7	150200135	150203909	-	33	30
chr7	150221393	150225129	-	33	30
chr8	24271569	24278720	-	33	24
chr8	42137520	42141728	-	33	30
chr8	52572288	52572432	-	33	32
chr8	60968178	60969761	+	33	28
chr8	125367137	125367517	+	33	32
chr8	132680577	132682367	-	33	27
chr9	14596132	14602925	+	33	30
chr9	35046331	35047589	+	33	30
chr9	101412274	101415958	+	33	28
chr9	107638174	107639326	+	33	26
chr10	8955618	8958407	-	33	20
chr10	17722708	17724307	+	33	31
chr10	31997071	32003943	-	33	26
chr10	119091253	119093676	+	33	25
chr11	6688264	6688780	+	33	30
chr11	9537065	9564485	-	33	32
chr11	44620525	44621786	+	33	26
chr11	61969543	61972745	-	33	29
chr11	65960448	65961603	-	33	31
chr11	102379737	102384066	+	33	30
chr12	9764087	9766601	+	33	28
chr12	31873194	31875001	-	33	25
chr12	51173440	51174512	+	33	29
chr12	124906867	124910031	+	33	29
chr13	21139068	21140214	-	33	30
chr13	74041189	74042260	+	33	29
chr13	74109215	74111150	+	33	29
chr14	69772379	69772856	-	33	27
chr14	71119507	71120812	-	33	31
chr14	95485890	95490055	-	33	32
chr15	20520993	20521389	-	33	22
chr16	9131392	9134745	-	33	29
chr16	25263721	25266713	-	33	27
chr16	25274882	25279147	+	33	26
chr16	69092268	69098294	+	33	30
chr17	7119162	7121435	-	33	26
chr17	8169914	8172330	+	33	28
chr17	18214243	18217397	+	33	27
chr17	18689760	18690107	+	33	32
chr17	30187901	30191229	-	33	27
chr17	43305425	43306884	+	33	30
chr17	49855939	49859091	+	33	30
chr17	77887360	77888857	+	33	27
chr18	14037864	14038656	-	33	32
chr19	913263	914545	+	33	30
chr19	4067258	4070643	+	33	29
chr19	15350930	15353270	+	33	31
chr19	36680097	36682199	-	33	30
chr19	39981923	39982940	-	33	30
chr19	42674849	42675540	+	33	33
chr19	51740319	51744124	-	33	30
chr19	55259491	55261402	+	33	29
chr21	36131429	36131766	+	33	33
chr22	30908496	30922038	+	33	25
chr22	49934123	49937049	-	33	31
chrX	41264758	41275389	-	33	33
chrX	56597314	56599178	+	33	28
chrX	153997516	154010169	+	33	27
GL000218.1	38807	40069	-	33	32
chr1	26501146	26503594	+	32	29
chr1	33129505	33138570	+	32	28
chr1	39034726	39039751	+	32	29
chr1	39576790	39577491	-	32	27
chr1	110681195	110682567	+	32	26
chr1	143973377	143975067	+	32	24
chr1	153671243	153672193	+	32	31
chr1	154904571	154906629	-	32	29
chr1	161311986	161313951	-	32	28
chr1	178672052	178674041	+	32	25
chr1	212620877	212624117	+	32	26
chr1	214273641	214280982	-	32	25
chr1	247360450	247361533	+	32	21
chr2	7150996	7155244	+	32	25
chr2	46657598	46658035	-	32	29
chr2	62165173	62168350	+	32	25
chr2	86810940	86812985	-	32	22
chr2	196123362	196133579	-	32	30
chr2	202629915	202634960	-	32	28
chr2	218758352	218761957	+	32	30
chr2	229745258	229750545	-	32	24
chr2	229754344	229755657	+	32	30
chr3	9894842	9896083	-	32	29
chr3	52250960	52253547	-	32	30
chr3	53209586	53215763	-	32	30
chr3	108029241	108032291	+	32	30
chr3	155988329	155988975	-	32	30
chr3	187083149	187086943	+	32	25
chr4	690880	692649	+	32	29
chr4	39796284	39800273	-	32	26
chr4	146202869	146205658	+	32	30
chr4	158290772	158290995	-	32	31
chr5	69278274	69280169	-	32	25
chr5	70219261	70219897	-	32	31
chr5	70507371	70508822	-	32	30
chr5	70512343	70512893	+	32	31
chr5	99829000	99862196	+	32	32
chr5	100903354	100904087	+	32	27
chr5	127034260	127040623	-	32	26
chr5	177325026	177331114	-	32	28
chr5	177597248	177599420	+	32	31
chr5	179674128	179678558	-	32	30
chr6	268731	273384	-	32	25
chr6	53231149	53235223	-	32	27
chr6	71167114	71167463	+	32	32
chr6	111649144	111649296	+	32	31
chr7	38708698	38713872	-	32	30
chr7	67244451	67248148	+	32	29
chr7	128096327	128100601	+	32	27
chr7	135180381	135182637	+	32	32
chr7	150205249	150207817	-	32	30
chr8	28761900	28766714	-	32	28
chr8	76977319	76978980	-	32	30
chr8	91095925	91100808	+	32	30
chr8	100914458	100916474	-	32	30
chr8	118111988	118113141	+	32	28
chr8	130041424	130042372	-	32	29
chr8	142650462	142654108	-	32	31
chr9	20094570	20094722	+	32	32
chr9	78361692	78518842	+	32	30
chr9	131123443	131125428	-	32	27
chr10	12290796	12325348	-	32	32
chr10	17245340	17248974	+	32	11
chr10	77701408	77701525	-	32	32
chr10	112845752	112848043	+	32	30
chr11	63546480	63549429	+	32	27
chr12	7722029	7725678	-	32	10
chr12	22009109	22009606	+	32	32
chr12	32034707	32048590	-	32	31
chr12	62600735	62601749	+	32	29
chr12	71726220	71733955	+	32	26
chr12	76945580	76983992	-	32	32
chr12	78649433	78649578	-	32	32
chr12	104363927	104370981	-	32	32
chr13	28295521	28296785	+	32	30
chr13	40678125	40697772	-	32	21
chr13	45325967	45330401	+	32	28
chr13	48180172	48186259	+	32	7
chr13	52451776	52454419	-	32	26
chr14	68810305	68815970	-	32	29
chr15	30811611	30813837	-	32	32
chr15	89204915	89209404	+	32	29
chr15	101277780	101280965	-	32	29
chr16	44034	46142	+	32	29
chr16	8967029	9038343	+	32	25
chr16	29722455	29729136	-	32	17
chr16	30523225	30523970	+	32	29
chr16	30546762	30551218	-	32	30
chr16	84784882	84789349	+	32	28
chr16	89701793	89704213	+	32	30
chr17	8128939	8133508	-	32	17
chr17	41865983	41866834	-	32	29
chr17	50793776	50796272	+	32	21
chr17	60099286	60101133	-	32	31
chr17	75314660	75317921	-	32	31
chr17	78353431	78354867	+	32	25
chr17	80973567	80976118	+	32	27
chr17	83077298	83079470	-	32	27
chr18	11942239	11954053	-	32	32
chr18	20944409	20945003	-	32	29
chr18	25969630	25969780	+	32	32
chr19	1864344	1871391	+	32	30
chr19	4727860	4757119	-	32	27
chr19	10105088	10105649	+	32	25
chr19	10470162	10482659	+	32	28
chr19	18389180	18390112	-	32	27
chr19	39981979	39983092	+	32	29
chr19	40190243	40191376	-	32	24
chr19	40306223	40309603	-	32	28
chr19	47590994	47607475	-	32	20
chr19	51610944	51611534	-	32	27
chr20	5205244	5210856	+	32	31
chr20	49965999	49971351	+	32	24
chrX	3120129	3120260	-	32	31
chrX	24392394	24392512	+	32	31
chrX	53932204	53932565	-	32	26
chrX	56574260	56575811	+	32	29
chrX	75310387	75311713	-	32	28
chrX	79218425	79218775	-	32	30
chrY	303370	303891	-	32	31
chrY	1392191	1394939	-	32	26
chrY	1768985	1832523	+	32	28
chrY	2591110	2594427	-	32	30
chrY	2667369	2673946	-	32	29
chr1	8919758	8932360	-	31	21
chr1	15604094	15605402	+	31	31
chr1	21365987	21366117	-	31	31
chr1	27019496	27094089	-	31	29
chr1	65067770	65070527	+	31	28
chr1	114565545	114567343	-	31	27
chr1	149591186	149592837	+	31	30
chr1	171597669	171600419	+	31	26
chr1	174022989	174025056	+	31	26
chr1	185105676	185108513	+	31	26
chr1	195362581	195362652	+	31	29
chr1	229310062	229312638	-	31	30
chr1	242537953	242625484	-	31	30
chr2	42795163	42795720	-	31	28
chr2	62149429	62155937	+	31	28
chr2	105354211	105357404	+	31	27
chr2	112671366	112686113	-	31	25
chr2	191204896	191206947	-	31	23
chr2	203961744	203964263	+	31	27
chr2	218215350	218216913	-	31	31
chr2	219185540	219188404	+	31	27
chr3	9493175	9494379	-	31	24
chr3	56721741	56724450	+	31	26
chr3	121951421	121953813	+	31	28
chr3	121958011	121962115	+	31	26
chr3	128681107	128682739	+	31	25
chr3	150633661	150636817	+	31	25
chr3	197654166	197654605	-	31	29
chr4	10062522	10062903	-	31	29
chr4	11355024	11355231	-	31	29
chr4	37870016	37874593	+	31	26
chr4	70808745	70810713	+	31	26
chr4	88453481	88456964	-	31	26
chr4	143478783	143482383	+	31	28
chr4	163490226	163494401	-	31	28
chr5	33470066	33474165	+	31	27
chr5	76399901	76403029	-	31	27
chr5	81398301	81401201	-	31	26
chr5	113491774	113492035	+	31	31
chr5	140144709	140145330	-	31	28
chr5	140146258	140148823	+	31	27
chr5	142168425	142169280	+	31	29
chr5	172800480	172801181	+	31	28
chr6	26202787	26204452	-	31	26
chr6	26860545	26863016	-	31	28
chr6	28895629	28900699	+	31	26
chr6	30597384	30600406	+	31	30
chr6	43168019	43171056	-	31	27
chr6	57866243	57869900	-	31	26
chr6	108974793	108984200	-	31	25
chr6	110820799	110824620	+	31	29
chr6	111655901	111658331	-	31	29
chr7	38333134	38334924	-	31	31
chr7	44605508	44606569	-	31	28
chr7	65251404	65252451	-	31	24
chr7	73419264	73432558	-	31	31
chr7	74914605	74918513	+	31	28
chr7	99635153	99638119	-	31	29
chr8	23231053	23236435	+	31	25
chr8	144765209	144767565	-	31	29
chr9	36487633	36491379	+	31	29
chr9	63670791	63677179	-	31	28
chr9	75153551	75155091	-	31	29
chr9	80715170	80716481	+	31	23
chr9	88016793	88016870	+	31	31
chr9	114599047	114599911	-	31	30
chr9	128000168	128036258	-	31	27
chr9	129460504	129462255	+	31	26
chr9	136927793	136933652	+	31	29
chr10	3804024	3805351	-	31	25
chr10	8999153	9004744	-	31	21
chr10	36697355	36870069	+	31	31
chr10	46333752	46336322	+	31	31
chr10	121360944	121377160	-	31	31
chr11	67448826	67450192	-	31	28
chr11	88290272	88293568	-	31	29
chr11	128290773	128295330	+	31	26
chr12	9025660	9027496	-	31	30
chr12	9043153	9045942	-	31	25
chr12	48717165	48718589	+	31	26
chr12	69291173	69296601	+	31	18
chr12	96270263	96271978	+	31	27
chr13	20526019	20561037	+	31	31
chr13	30764454	30765065	+	31	29
chr13	31710581	31714051	-	31	25
chr13	93167858	93167988	-	31	29
chr14	18312487	18313242	-	31	29
chr14	19855863	19856004	+	31	30
chr14	39190470	39196284	+	31	28
chr14	49888498	49892765	-	31	26
chr14	73134270	73136190	-	31	26
chr14	90199561	90249298	-	31	30
chr14	95694013	95694578	-	31	29
chr15	70098185	70099554	-	31	28
chr15	101268870	101270732	-	31	28
chr16	9123799	9124937	+	31	30
chr16	16145538	16148770	+	31	29
chr16	18773386	18777367	-	31	26
chr16	29379453	29381044	+	31	29
chr17	5053431	5055430	+	31	27
chr17	7266414	7270511	+	31	27
chr17	38842656	38847798	-	31	28
chr17	59615083	59618346	-	31	26
chr17	81009521	81012430	+	31	28
chr18	47102258	47104436	-	31	29
chr19	3504162	3505868	-	31	29
chr19	6768196	6771815	+	31	21
chr19	9749634	9751762	-	31	25
chr19	15332818	15338710	-	31	28
chr19	21125292	21126739	+	31	30
chr19	24131679	24134848	-	31	31
chr19	47055997	47064138	-	31	23
chr19	48331232	48332287	-	31	27
chr19	49499726	49501711	-	31	27
chr19	56980265	57049407	+	31	31
chr20	6215512	6215681	+	31	28
chr20	30409565	30413321	+	31	26
chr20	37978391	37982284	-	31	27
chr21	8230821	8232498	+	31	28
chr22	17173249	17178502	-	31	29
chr22	29589421	29590519	+	31	22
chr22	36481733	36484397	+	31	28
chr22	37607661	37608439	-	31	24
chr22	40344044	40346489	-	31	26
chr22	41286434	41287874	+	31	27
chrX	12968570	12972561	+	31	26
chrX	18674819	18674989	-	31	31
chrX	39186942	39189975	-	31	23
chrX	47311365	47321254	-	31	31
chrX	71021077	71034010	+	31	29
chrX	74561369	74563417	+	31	27
chrX	80569425	80569559	-	31	30
chrX	81298553	81301549	+	31	30
chrX	154346522	154348477	-	31	27
chr1	2585275	2586447	-	30	30
chr1	27207802	27208975	+	30	29
chr1	52610278	52613664	-	30	27
chr1	89941678	89943935	+	30	27
chr1	101255613	101257800	+	30	27
chr1	102504376	102644308	+	30	30
chr1	108488346	108488626	-	30	29
chr1	145137900	145139641	-	30	26
chr1	149821226	149821951	+	30	24
chr1	156587268	156587719	+	30	26
chr1	158990464	158992832	-	30	28
chr1	161614550	161615536	+	30	26
chr1	204496197	204497236	-	30	10
chr1	212282574	212285084	-	30	25
chr2	19902601	19905907	+	30	23
chr2	45648354	45651041	-	30	24
chr2	47177017	47178841	+	30	28
chr2	61538778	61540355	+	30	29
chr2	74185068	74185953	+	30	14
chr2	85393098	85394732	-	30	26
chr2	94212352	94219084	+	30	29
chr2	104569724	104569825	+	30	29
chr2	174520999	174525019	-	30	25
chr2	218597374	218601313	+	30	23
chr2	219070234	219071602	-	30	29
chr2	227561295	227563544	+	30	27
chr2	229743881	229744026	+	30	30
chr3	10245781	10248019	-	30	23
chr3	31638081	31641865	+	30	28
chr3	101705005	101710958	+	30	27
chr3	112438039	112439443	+	30	24
chr4	1160907	1164699	-	30	21
chr4	25370812	25374304	+	30	26
chr4	70868429	70897397	+	30	25
chr4	141562937	141565306	+	30	26
chr5	34127327	34127728	+	30	28
chr5	42997672	42999650	-	30	27
chr5	58378270	58378437	-	30	28
chr5	69980730	69981220	-	30	30
chr5	71279868	71281777	-	30	28
chr5	91326504	91346785	-	30	30
chr5	99531831	99532088	+	30	27
chr5	172740931	172743402	+	30	27
chr6	274864	282035	-	30	29
chr6	7252209	7256405	+	30	26
chr6	26194242	26195344	-	30	26
chr6	30064945	30066697	-	30	29
chr6	32608256	32612383	+	30	26
chr6	35324417	35327007	-	30	28
chr6	37045189	37045857	+	30	27
chr6	41604605	41612588	+	30	22
chr6	41933893	41934925	-	30	23
chr6	54775446	54775552	+	30	30
chr6	70213883	70215047	+	30	26
chr6	109361631	109366498	-	30	27
chr6	132433752	132437903	-	30	25
chr6	144091634	144094764	-	30	25
chr6	158867722	158869718	-	30	28
chr6	170407378	170411463	+	30	24
chr6	170553482	170554120	-	30	27
chr7	6101671	6104357	+	30	29
chr7	25103239	25107090	-	30	22
chr7	35625991	35629457	-	30	25
chr7	76630852	76633297	+	30	27
chr7	100445532	100449826	-	30	20
chr7	106082821	106088822	+	30	27
chr7	106345643	106346668	-	30	27
chr8	38883028	38883119	+	30	29
chr8	100953394	100956364	+	30	25
chr8	141202696	141204920	+	30	26
chr9	22597430	22597690	-	30	30
chr9	79494618	79496595	-	30	28
chr9	83731490	83739288	-	30	24
chr9	85742037	85746675	+	30	26
chr9	85858789	85860800	-	30	24
chr9	111670270	111674492	+	30	25
chr9	111795649	111799499	+	30	26
chr9	127906061	127907414	-	30	29
chr10	8989162	8990969	-	30	19
chr10	12123993	12126768	+	30	25
chr10	17237842	17270642	-	30	15
chr10	112834653	112835753	+	30	25
chr11	18191030	18191256	+	30	30
chr11	64173580	64178381	-	30	26
chr11	65800057	65812823	+	30	27
chr11	102387532	102388513	-	30	30
chr11	121421750	121424180	-	30	26
chr11	130004477	130008473	+	30	21
chr12	8571270	8572216	-	30	20
chr12	32666480	32677906	+	30	30
chr12	51278322	51280859	-	30	24
chr12	67324147	67326526	+	30	26
chr12	93590467	93590827	+	30	30
chr12	120119016	120121408	+	30	27
chr12	122150586	122151715	+	30	25
chr13	31162623	31164624	+	30	29
chr13	40667223	40670019	+	30	25
chr14	39136982	39140716	-	30	25
chr14	52331033	52332641	+	30	28
chr14	78017503	78028447	-	30	29
chr14	102919224	102919765	-	30	26
chr14	105048481	105049314	-	30	28
chr15	20180023	20211262	-	30	30
chr15	34115684	34130854	-	30	24
chr15	34339039	34341707	-	30	26
chr15	78917763	78920688	+	30	26
chr15	90924910	90929430	+	30	27
chr16	11802336	11812453	+	30	29
chr16	21360383	21363352	+	30	26
chr16	30788201	30790765	+	30	27
chr16	31917414	31921014	+	30	27
chr17	7084587	7087743	-	30	24
chr17	16366804	16376533	+	30	26
chr17	28874475	28879152	-	30	28
chr17	67700860	67707170	+	30	24
chr17	68193380	68195113	+	30	29
chr17	76503883	76518794	-	30	28
chr17	81013773	81017880	+	30	25
chr18	23486723	23491204	+	30	19
chr19	15339780	15346003	-	30	25
chr19	30056130	30058170	-	30	28
chr19	44178422	44180050	+	30	26
chr19	54872001	54873270	+	30	29
chr20	3040786	3042451	+	30	27
chr20	3665433	3665877	-	30	14
chr20	33450217	33484143	+	30	25
chr20	37490386	37492253	-	30	26
chr20	49097056	49098335	-	30	29
chr20	61013198	61025990	+	30	30
chr21	5062847	5063588	-	30	30
chr22	20892061	20897659	+	30	27
chr22	37776707	37778618	+	30	28
chr22	39071730	39075065	+	30	26
chr22	49766410	49772904	-	30	27
chrX	28146584	28402048	+	30	28
chrX	47250393	47254174	-	30	25
chrX	65313863	65317205	+	30	24
chrX	137324906	137324971	-	30	29
chr1	8892812	8895734	+	29	26
chr1	12153518	12154024	+	29	25
chr1	13241975	13242103	-	29	29
chr1	25218516	25222240	-	29	28
chr1	33124354	33128377	-	29	28
chr1	37484474	37485342	+	29	25
chr1	37994312	37995664	-	29	26
chr1	83242569	83242753	+	29	26
chr1	91049604	91049734	+	29	28
chr1	114387295	114392581	-	29	28
chr1	121594724	121596928	-	29	26
chr1	149363564	149363898	+	29	26
chr1	156716407	156720841	+	29	26
chr1	167714645	167714831	+	29	29
chr1	173308323	173311074	-	29	24
chr1	173786718	173790684	+	29	24
chr1	173927636	173930422	-	29	24
chr1	182769718	182770921	-	29	29
chr1	183598371	183601309	-	29	25
chr1	221742412	221745140	+	29	24
chr1	235108579	235109195	-	29	29
chr1	236324819	236339752	+	29	29
chr1	244821017	244827931	-	29	25
chr1	244870398	244943077	+	29	26
chr2	20246836	20248172	+	29	26
chr2	26150919	26155913	+	29	24
chr2	42809346	42811129	-	29	26
chr2	60809736	60811217	+	29	11
chr2	85650968	85654142	-	29	22
chr2	108785913	108786642	-	29	23
chr2	138286194	138287463	-	29	27
chr2	175054281	175057256	-	29	22
chr2	201111354	201111809	+	29	28
chr2	239872512	239873654	-	29	25
chr3	32510630	32514077	-	29	25
chr3	125525491	125528628	-	29	28
chr3	192955914	192957709	-	29	23
chr4	13286646	13296726	-	29	26
chr4	17798360	17800095	-	29	26
chr4	40420212	40422494	-	29	27
chr4	42106334	42110261	-	29	21
chr4	68306563	68310288	-	29	22
chr4	96903113	96903207	+	29	29
chr4	105123294	105123611	+	29	29
chr4	128257525	128257735	+	29	29
chr4	141543166	141548876	+	29	26
chr4	143227789	143229982	+	29	24
chr5	71195781	71196858	+	29	27
chr5	77997424	77998195	+	29	27
chr5	83042409	83045696	-	29	28
chr5	134395595	134399486	+	29	24
chr5	171413425	171415393	+	29	25
chr6	3157657	3159351	+	29	27
chr6	6754416	6757643	-	29	25
chr6	6798804	6811170	-	29	22
chr6	27828716	27831189	-	29	26
chr6	28371739	28374338	+	29	25
chr6	31191351	31193490	-	29	25
chr6	35430470	35434796	+	29	23
chr6	35731561	35733145	+	29	28
chr6	42746357	42746940	-	29	27
chr6	42870477	42873045	+	29	25
chr6	42926232	42928225	-	29	26
chr6	53248034	53249384	+	29	26
chr6	63590935	63593023	+	29	21
chr6	73579217	73580667	-	29	26
chr6	98859992	98862337	-	29	28
chr6	155877423	155878455	-	29	28
chr7	1148235	1151390	-	29	27
chr7	44555585	44558769	-	29	22
chr7	44980053	44982842	-	29	25
chr7	45112085	45113316	+	29	25
chr7	55880592	55880751	+	29	29
chr7	66626360	66628491	-	29	27
chr7	75090803	75092511	+	29	28
chr7	77959686	77960060	-	29	25
chr7	99919726	99922413	+	29	26
chr7	102679382	102679864	+	29	26
chr7	107166293	107168731	-	29	26
chr7	134070413	134073575	+	29	26
chr7	143607015	143610503	+	29	27
chr7	149185574	149188164	-	29	24
chr7	150672387	150676814	-	29	22
chr7	150706950	150712108	+	29	24
chr7	155265852	155266950	+	29	15
chr8	37581565	37585107	+	29	21
chr8	38217932	38218292	-	29	28
chr8	131902494	131903417	-	29	28
chr9	32533188	32540285	-	29	25
chr9	63970248	63971379	-	29	29
chr9	87943755	87943870	-	29	28
chr9	94655194	94656347	-	29	28
chr9	108055712	108060383	+	29	21
chr9	127814330	127814807	+	29	26
chr10	931988	932931	+	29	26
chr10	28520382	28521480	-	29	26
chr10	31530022	31535055	+	29	27
chr10	46199376	46205354	-	29	26
chr10	46358724	46361595	+	29	28
chr10	68527647	68530571	+	29	24
chr10	102662823	102666796	-	29	29
chr11	265011	270308	+	29	22
chr11	18276667	18277058	+	29	26
chr11	60157200	60159493	-	29	27
chr11	63569773	63571618	-	29	27
chr11	65134578	65137169	+	29	28
chr11	65519831	65522827	+	29	23
chr11	76553394	76560461	+	29	28
chr11	102247730	102248497	-	29	28
chr11	129684377	129758244	+	29	25
chr12	8485868	8488378	+	29	24
chr12	9226786	9228461	+	29	24
chr12	9663204	9664779	+	29	25
chr12	45908885	45918655	+	29	24
chr12	46378690	46383233	-	29	25
chr12	47646535	47650124	-	29	27
chr12	55973367	55973672	-	29	28
chr12	98552604	98555043	+	29	29
chr12	110713681	110717928	-	29	25
chr12	121707281	121707419	-	29	26
chr13	36839082	36839592	-	29	27
chr14	21511428	21513276	+	29	25
chr14	49867476	49871645	+	29	27
chr14	64596878	64597621	-	29	29
chr14	73849748	73849995	+	29	29
chr14	105043651	105046547	-	29	24
chr14	105700080	105703779	-	29	18
chr15	40308040	40309122	+	29	26
chr15	51624965	51629708	-	29	27
chr15	74521606	74524958	+	29	26
chr15	101748586	101750891	+	29	24
chr16	21354975	21359119	+	29	27
chr16	28080345	28085105	-	29	26
chr16	28838399	28842362	-	29	24
chr16	30776452	30776932	-	29	29
chr16	30822368	30825327	-	29	20
chr16	70093092	70093440	+	29	28
chr17	82751	85823	-	29	28
chr17	4935023	4935505	+	29	27
chr17	29254609	29255596	-	29	26
chr17	31000367	31004381	+	29	27
chr17	32404770	32411072	-	29	28
chr17	44325445	44327531	+	29	25
chr17	76514560	76517383	+	29	26
chr18	21111822	21115167	+	29	23
chr18	46267067	46268341	-	29	29
chr19	1244827	1248516	-	29	23
chr19	3971771	3974351	-	29	22
chr19	5581010	5585085	+	29	27
chr19	10645676	10648904	+	29	23
chr19	12640327	12642271	+	29	23
chr19	13171149	13174104	-	29	25
chr19	52924607	52926833	-	29	25
chr19	54194883	54196405	+	29	25
chr20	296518	297481	-	29	27
chr20	1942699	1946711	-	29	27
chr20	5529343	5531047	-	29	25
chr20	12003529	12011563	-	29	27
chr20	23337934	23338330	+	29	21
chr20	44522226	44523885	+	29	29
chr20	49215744	49219207	-	29	24
chr20	50283992	50287463	+	29	21
chr21	43091339	43092264	-	29	24
chr21	43763248	43763903	+	29	28
chr22	21875766	21879950	+	29	27
chr22	24179162	24179582	-	29	24
chr22	37267676	37268740	-	29	29
chr22	38409496	38409735	-	29	29
chrX	57178616	57184389	+	29	24
chrX	57219907	57220276	-	29	28
chrX	82178379	82491301	-	29	28
chrY	2215607	2217985	-	29	24
chrY	19691329	19691803	+	29	27
chr1	33458111	33458207	-	28	28
chr1	39052848	39067953	-	28	25
chr1	148750102	148753466	+	28	27
chr1	150591561	150595596	+	28	26
chr1	159055181	159056565	-	28	27
chr1	161141461	161147524	+	28	25
chr1	173408212	173412220	-	28	26
chr1	179078507	179081758	-	28	22
chr1	224336565	224337530	+	28	27
chr1	234598459	234603349	+	28	26
chr2	36835756	36836664	-	28	27
chr2	43206773	43208440	+	28	23
chr2	74696254	74696577	-	28	27
chr2	94496075	94496200	+	28	25
chr2	130385874	130387793	+	28	25
chr2	182553322	182705692	-	28	25
chr2	203965704	203967978	+	28	23
chr3	31649034	31651957	-	28	27
chr3	38162591	38165042	-	28	23
chr3	106110242	106110460	-	28	26
chr3	157140014	157143847	-	28	21
chr3	166232213	166232414	+	28	28
chr3	169745324	169754433	-	28	27
chr3	184396980	184397097	-	28	27
chr4	13315263	13322420	-	28	23
chr4	82350739	82352231	+	28	25
chr4	141476898	141478011	+	28	22
chr4	184384458	184386673	-	28	28
chr5	25913085	25913299	+	28	28
chr5	40409293	40411078	-	28	25
chr5	54550168	54552814	+	28	24
chr5	62776754	62776873	-	28	28
chr5	69865038	69866929	+	28	27
chr5	69934459	69935312	+	28	27
chr5	79514185	79515844	+	28	23
chr5	80106905	80109570	-	28	22
chr5	81969695	81971956	-	28	21
chr5	139628906	139630765	+	28	28
chr6	28372741	28373087	-	28	25
chr6	30563933	30568700	+	28	23
chr6	41895933	41898635	+	28	25
chr6	41933078	41934253	+	28	25
chr6	43457401	43462774	-	28	27
chr6	57061081	57063900	-	28	26
chr6	89077099	89080160	-	28	28
chr6	110599479	110599583	-	28	27
chr6	137883384	137885868	-	28	23
chr6	163406379	163409892	-	28	22
chr7	1504970	1506206	-	28	26
chr7	4384179	4510733	-	28	28
chr7	65081373	65082257	+	28	27
chr7	76508271	76509726	+	28	26
chr7	129820225	129822983	-	28	23
chr7	140022281	140023564	+	28	26
chr8	12436651	12440695	+	28	27
chr8	30183982	30191337	+	28	26
chr8	46469694	46469842	-	28	20
chr8	55843629	55845901	+	28	25
chr8	81651301	81655718	-	28	22
chr8	83216147	83216250	+	28	28
chr9	36322624	36324916	+	28	27
chr9	36333488	36336083	+	28	27
chr9	37359395	37361935	+	28	24
chr9	42387043	42402623	-	28	28
chr9	80533409	80537104	+	28	21
chr9	93037113	93039105	-	28	25
chr9	101563963	101568974	+	28	26
chr9	120929482	120933576	+	28	25
chr9	129157769	129170107	-	28	27
chr9	130043494	130048234	+	28	24
chr9	131255431	131255890	-	28	26
chr10	8981747	8986724	-	28	19
chr10	42782091	42782564	-	28	22
chr10	43409195	43413102	-	28	28
chr10	133259489	133262407	+	28	22
chr10	133638083	133640263	+	28	21
chr11	3841074	3842526	+	28	27
chr11	57524437	57526375	-	28	24
chr11	61028256	61033119	+	28	25
chr11	61371759	61373394	+	28	25
chr12	7727132	7728820	-	28	15
chr12	9125293	9127303	+	28	23
chr12	12609441	12611801	-	28	22
chr12	14912324	14912832	-	28	26
chr12	31855868	31865241	+	28	24
chr12	52066892	52069022	+	28	23
chr12	56655117	56663179	-	28	26
chr12	110590270	110590904	-	28	24
chr12	112155375	112158712	-	28	25
chr12	117031225	117032499	+	28	22
chr13	32778108	32778417	+	28	26
chr13	45310540	45317027	+	28	19
chr13	94547815	94549726	-	28	25
chr14	56301532	56303406	+	28	25
chr14	69470529	69472089	-	28	25
chr14	100306643	100311794	+	28	24
chr14	105521697	105526347	-	28	25
chr15	64959515	64963001	-	28	28
chr15	88660172	88662918	+	28	26
chr15	100848298	100848853	+	28	28
chr16	3152895	3154683	+	28	26
chr16	31454155	31456707	-	28	27
chr16	35802503	35802636	+	28	28
chr16	68239246	68244248	-	28	27
chr16	69704777	69706170	+	28	22
chr16	75623631	75626418	-	28	27
chr17	7128296	7130634	-	28	24
chr17	19099808	19100113	+	28	24
chr17	19214102	19214442	-	28	25
chr17	41309358	41310686	+	28	19
chr17	68120814	68125773	-	28	26
chr17	68189407	68189777	-	28	26
chr17	80130829	80132920	+	28	27
chr17	82306852	82312576	+	28	27
chr17	82311374	82314828	-	28	23
chr19	2036047	2037255	+	28	25
chr19	4724694	4727719	+	28	24
chr19	8502862	8507162	-	28	26
chr19	17386323	17390133	-	28	23
chr19	17554418	17555563	+	28	28
chr19	17930259	17930354	-	28	28
chr19	21005159	21005328	+	28	27
chr19	38332086	38334558	+	28	27
chr19	58461052	58466284	+	28	24
chr20	1628157	1629151	-	28	24
chr20	5611123	5612241	-	28	25
chr20	30377162	30377370	+	28	24
chr20	36277029	36277118	+	28	28
chr20	37972913	37975962	-	28	27
chr20	38803402	38805422	-	28	25
chr20	50384186	50384280	-	28	26
chr20	63632162	63636536	-	28	27
chr20	63891816	63893594	+	28	27
chr21	28869036	28871524	-	28	26
chr21	31732265	31735186	+	28	24
chr21	32535292	32540713	-	28	26
chr21	42931701	42936912	+	28	24
chr21	43777079	43782102	-	28	23
chr22	36136314	36137425	-	28	26
chr22	37787222	37789354	+	28	26
chr22	39440690	39442721	+	28	26
chr22	46759482	46761893	-	28	24
chrX	1234351	1239465	+	28	28
chrX	40204237	40215444	+	28	28
chrX	49107747	49113287	-	28	26
chrX	49109043	49111441	+	28	25
chrX	53371003	53373276	-	28	22
chrX	57074806	57079264	-	28	25
chrX	68537357	68539773	+	28	26
chrX	118343793	118345158	-	28	26
chrX	119454649	119459175	+	28	20
chrX	119784456	119786321	-	28	25
chrX	154339107	154344379	+	28	27
chrY	1399428	1401443	+	28	23
chrY	1701094	1701464	-	28	27
chrY	2146997	2151123	-	28	25
chrY	2188070	2190379	-	28	23
chrY	21031232	21035737	+	28	22
KI270719.1	35821	36573	-	28	27
chr1	995321	995938	-	27	20
chr1	9616279	9619875	+	27	22
chr1	20737901	20741319	-	27	24
chr1	27861415	27864435	-	27	23
chr1	35641830	35643534	+	27	15
chr1	39891446	39895308	-	27	25
chr1	51350570	51354214	-	27	23
chr1	89945611	89947491	+	27	22
chr1	101244173	101247168	+	27	26
chr1	102157826	102157935	-	27	26
chr1	111111108	111115346	-	27	21
chr1	145417246	145417594	+	27	26
chr1	149596049	149603675	+	27	25
chr1	156248453	156249169	-	27	23
chr1	173398005	173398822	-	27	24
chr1	173793229	173798079	+	27	23
chr1	179878587	179881535	-	27	27
chr1	194219300	194223049	+	27	23
chr1	200861139	200862986	+	27	25
chr1	204579456	204580810	-	27	25
chr1	226359059	226360038	-	27	26
chr1	226785039	226785178	+	27	27
chr1	230902002	230902365	+	27	25
chr1	235129022	235130303	+	27	26
chr2	42097866	42102337	-	27	23
chr2	43091036	43092261	-	27	22
chr2	73758211	73762169	-	27	23
chr2	84967039	84967847	+	27	27
chr2	112202716	112207512	+	27	20
chr2	126556403	126557244	+	27	27
chr2	131093653	131097063	+	27	25
chr2	183221131	183221577	-	27	25
chr2	191151617	191153450	+	27	26
chr2	196952466	196953607	+	27	26
chr2	227570398	227572945	+	27	24
chr3	88182588	88188150	+	27	21
chr3	101679317	101680938	-	27	24
chr3	143895530	143943440	+	27	27
chr3	147910975	147911151	-	27	27
chr3	152001065	152072241	-	27	25
chr3	153170698	153174925	+	27	21
chr3	169760374	169764422	-	27	26
chr3	177229673	177287754	-	27	27
chr3	193707013	193708254	-	27	26
chr3	196459038	196468565	+	27	26
chr3	196832788	196836999	-	27	24
chr4	6630276	6631604	-	27	20
chr4	33009238	33009505	-	27	27
chr4	139013662	139015394	-	27	23
chr4	141393132	141398611	+	27	25
chr4	158723462	158724368	+	27	23
chr5	27913096	27913215	-	27	27
chr5	60870917	60872270	-	27	23
chr5	68322655	68322830	+	27	26
chr5	69988405	69994368	+	27	24
chr5	149461790	149473928	-	27	20
chr5	149476308	149478490	+	27	22
chr5	180842299	180846315	-	27	27
chr6	27688183	27688505	+	27	25
chr6	29638316	29655004	-	27	25
chr6	30526714	30530831	+	27	22
chr6	32860249	32860660	-	27	24
chr6	32870264	32874626	+	27	20
chr6	33247134	33249087	-	27	23
chr6	52780105	52780221	-	27	25
chr6	96898004	96898676	+	27	25
chr6	118451087	118452339	-	27	23
chr6	131366752	131368793	+	27	25
chr6	137811607	137812122	+	27	23
chr6	149437026	149440611	-	27	22
chr7	17780909	17781259	-	27	26
chr7	32434264	32435417	-	27	27
chr7	44714743	44727301	+	27	22
chr7	63781263	63786796	+	27	26
chr7	75076492	75081530	-	27	22
chr7	100147224	100148732	-	27	21
chr7	100272697	100276640	+	27	23
chr7	100438526	100441699	-	27	21
chr7	121316113	121319780	-	27	25
chr7	151413376	151414860	+	27	25
chr8	9785593	9791080	+	27	26
chr8	17919806	17922584	-	27	25
chr8	23121107	23122568	+	27	22
chr8	69856364	69856488	+	27	26
chr8	121401248	121587877	-	27	24
chr9	14606711	14607237	+	27	26
chr9	35763871	35765006	-	27	24
chr9	62822496	62827353	-	27	18
chr9	66304174	66306474	+	27	26
chr9	72403652	72427479	-	27	25
chr9	112022705	112023146	-	27	26
chr9	112039205	112040385	+	27	27
chr9	123287900	123352167	-	27	23
chr9	125367301	125369440	+	27	27
chr9	126720840	126723395	-	27	23
chr9	136938469	136939426	-	27	24
chr10	13348451	13351227	+	27	24
chr10	17203850	17208642	-	27	24
chr10	32257723	32262244	-	27	17
chr10	38008023	38010510	-	27	20
chr10	68801939	68808613	+	27	25
chr10	68952288	68956096	+	27	24
chr10	69085586	69087734	+	27	24
chr10	75191470	75195126	-	27	26
chr10	79646447	79651269	-	27	25
chr10	93206630	93206736	-	27	25
chr10	102094171	102096298	-	27	22
chr10	102182638	102217002	-	27	26
chr10	112943474	112949770	-	27	24
chr10	114419367	114423222	-	27	22
chr10	128986725	129148909	-	27	24
chr11	9315008	9317392	+	27	23
chr11	9547202	9553439	+	27	26
chr11	58516837	58519171	-	27	25
chr11	68221045	68239179	+	27	26
chr11	68459058	68460250	-	27	27
chr11	78628723	78632385	-	27	27
chr12	14276781	14345509	+	27	22
chr12	45728039	45729650	-	27	26
chr12	55266869	55266982	-	27	26
chr13	21488827	21491179	-	27	22
chr14	21206943	21208627	-	27	24
chr14	52303750	52306330	+	27	24
chr14	70569505	70569914	+	27	26
chr14	74880219	74881875	-	27	19
chr14	105021580	105024753	+	27	22
chr15	35052874	35053107	+	27	27
chr15	74810222	74812387	+	27	22
chr15	88656631	88678887	-	27	22
chr15	90927504	90929961	-	27	27
chr16	11246109	11248586	+	27	22
chr16	50658457	50660188	+	27	22
chr16	67272863	67277296	-	27	24
chr16	77477689	77478181	-	27	27
chr16	81390384	81390818	+	27	25
chr17	4763462	4770484	-	27	22
chr17	7044866	7046924	-	27	23
chr17	30895997	30897296	-	27	26
chr17	74462211	74464730	-	27	25
chr17	75106212	75108914	+	27	25
chr18	31964215	31965084	+	27	26
chr18	79957007	79958383	-	27	25
chr19	6605896	6653527	+	27	17
chr19	21060118	21062378	+	27	26
chr19	35267973	35268784	+	27	25
chr19	41950667	41954103	-	27	24
chr19	49640499	49641955	+	27	26
chr19	51551087	51553567	+	27	20
chr19	52385834	52388725	+	27	25
chr19	54271311	54272237	+	27	26
chr20	2650982	2652124	-	27	24
chr20	3176748	3179327	+	27	22
chr20	3184722	3188643	+	27	25
chr20	12010627	12010746	+	27	27
chr21	28993129	28997277	+	27	21
chr21	43764950	43766679	+	27	24
chr21	46665155	46666191	+	27	25
chr22	36278638	36281004	+	27	26
chr22	37215222	37221134	-	27	22
chr22	41590173	41593084	+	27	26
chrX	54573493	54578985	+	27	24
chrX	56481640	56481942	-	27	25
chrX	75044932	75049455	-	27	23
chrX	99056129	99056376	-	27	24
chrY	1392670	1396354	+	27	23
chrY	1456348	1457628	-	27	25
KI270719.1	61537	61729	-	27	26
KI270725.1	32097	165491	+	27	26
KI270745.1	24368	24582	+	27	25
chr1	24844925	24850059	+	26	25
chr1	25590408	25593917	+	26	25
chr1	32364380	32364983	-	26	21
chr1	36075599	36079967	+	26	22
chr1	46365514	46368293	-	26	23
chr1	52567246	52573022	-	26	23
chr1	58779565	58780674	+	26	24
chr1	58784288	58785020	-	26	22
chr1	107994876	107997241	+	26	18
chr1	120486990	120489217	-	26	25
chr1	149339127	149339658	+	26	25
chr1	151396973	151399096	-	26	26
chr1	156500784	156502913	-	26	21
chr1	157741129	157745471	-	26	23
chr1	169910967	169913102	-	26	22
chr1	185373715	185377094	-	26	21
chr1	192989456	192991939	-	26	23
chr1	193006565	193010696	-	26	22
chr1	194240944	194244710	-	26	21
chr1	203325737	203327916	-	26	26
chr1	204570769	204571279	-	26	26
chr1	204578474	204579565	+	26	23
chr1	225977988	225982443	-	26	23
chr1	228497267	228499854	+	26	23
chr1	244865384	244868083	+	26	22
chr2	9934453	9936356	+	26	24
chr2	62239734	62247010	+	26	21
chr2	85437749	85441336	+	26	24
chr2	112577164	112579805	+	26	22
chr2	138406972	138410897	-	26	21
chr2	152114535	152116758	-	26	22
chr2	159660966	159665009	-	26	24
chr2	174430168	174431184	-	26	20
chr2	201176988	201180376	+	26	25
chr2	202567767	202568069	+	26	26
chr2	221944682	221944821	+	26	26
chr2	229330143	229331031	-	26	12
chr3	46364079	46364951	-	26	21
chr3	50328385	50329689	-	26	21
chr3	101570554	101573939	-	26	24
chr3	105118393	105296930	-	26	20
chr3	183012098	183014529	-	26	26
chr3	197646140	197648700	-	26	25
chr4	26796387	26799284	+	26	20
chr4	65150145	65151029	-	26	24
chr4	83249499	83250001	-	26	22
chr4	87151575	87157467	+	26	18
chr4	135046914	135047155	+	26	26
chr4	141537465	141541818	+	26	20
chr4	141618367	141619676	+	26	23
chr4	190038507	190040839	+	26	23
chr5	50393488	50394519	+	26	23
chr5	55621304	55625594	-	26	21
chr5	70953993	70956368	+	26	24
chr5	71265434	71268630	-	26	23
chr5	99947231	99947322	-	26	25
chr5	100905375	100906376	+	26	25
chr5	115826011	115828027	-	26	22
chr5	122836489	122839408	+	26	23
chr5	123423598	123425108	+	26	21
chr6	27811372	27814047	+	26	21
chr6	29900634	29904281	+	26	21
chr6	31855111	31857658	+	26	23
chr6	35561852	35566852	-	26	25
chr6	57076434	57084732	-	26	25
chr6	83977502	83977827	-	26	23
chr6	87266378	87270514	+	26	24
chr6	108702099	108704177	+	26	23
chr6	137883326	137885250	+	26	22
chr6	159873013	159873140	+	26	26
chr7	2506290	2507081	-	26	24
chr7	30215461	30221760	+	26	19
chr7	44552211	44562801	+	26	23
chr7	55730860	55733039	+	26	25
chr7	64663872	64665856	-	26	20
chr7	72858806	72860524	+	26	24
chr7	74406028	74414634	+	26	24
chr7	76443184	76445526	+	26	25
chr7	100272946	100276024	-	26	19
chr7	115396744	115439514	-	26	26
chr7	135212003	135214320	+	26	24
chr7	136016921	136023260	+	26	23
chr7	139423972	139427019	+	26	25
chr7	142814233	142814558	-	26	17
chr7	149226403	149231679	+	26	22
chr8	30576581	30578316	-	26	24
chr8	58582869	58583460	-	26	25
chr8	77006813	77008681	+	26	24
chr8	77014986	77015532	-	26	24
chr8	100905041	100906348	-	26	21
chr8	117520326	117520547	-	26	26
chr8	140503524	140504656	-	26	23
chr9	35692567	35695209	-	26	25
chr9	41223615	41225920	-	26	24
chr9	80558567	80563244	+	26	19
chr9	83655299	83659575	-	26	24
chr9	88201009	88307791	+	26	26
chr9	90155403	90155526	+	26	26
chr9	93113357	93118772	+	26	24
chr9	107345961	107347572	+	26	21
chr9	114398677	114399522	+	26	18
chr9	114648374	114652854	-	26	21
chr9	138271019	138274457	+	26	23
chr10	8831439	8839968	-	26	20
chr10	14493223	14498560	-	26	24
chr10	26972924	26976505	-	26	23
chr10	27552644	27553623	-	26	22
chr10	62133201	62142822	-	26	13
chr10	75198152	75201206	+	26	20
chr10	91866609	91870772	+	26	23
chr10	91872052	91874745	+	26	19
chr10	110305118	110308179	+	26	26
chr10	112922209	112928291	+	26	23
chr11	10750489	10751176	-	26	25
chr11	18120355	18120555	-	26	26
chr11	39903519	39903756	-	26	25
chr11	102264256	102277837	+	26	25
chr11	108467919	108469169	+	26	24
chr11	111342911	111344792	-	26	22
chr11	121428609	121433357	-	26	24
chr11	121438190	121441851	-	26	24
chr12	26833304	26834391	+	26	23
chr12	56512708	56513241	+	26	25
chr12	61339939	61340622	-	26	26
chr12	104762118	104765711	+	26	20
chr12	113791756	113792557	-	26	23
chr12	120705384	120706973	+	26	21
chr12	122451206	122470896	+	26	26
chr13	19957610	19958642	+	26	25
chr13	41300348	41306379	+	26	25
chr13	44839950	44938972	-	26	24
chr13	48137188	48145129	+	26	21
chr13	74010377	74011221	+	26	25
chr13	82181184	82362546	+	26	25
chr14	39183779	39186237	-	26	24
chr14	49864565	49865613	+	26	24
chr14	69370612	69374191	-	26	20
chr14	99965733	99965828	+	26	26
chr15	22159308	22160424	-	26	24
chr15	22304272	22307922	+	26	22
chr15	23450399	23462702	-	26	26
chr15	40877144	40877242	+	26	25
chr15	55198623	55202932	-	26	19
chr15	56003831	56004629	-	26	24
chr15	75632543	75634242	-	26	20
chr16	28822033	28822299	-	26	26
chr16	57594877	57599743	-	26	24
chr16	89566830	89567374	+	26	23
chr17	7040421	7041202	+	26	22
chr17	29201545	29202576	-	26	26
chr17	38922217	38924763	+	26	24
chr17	40215854	40219215	-	26	20
chr17	58295247	58299562	+	26	22
chr17	81836610	81838561	+	26	23
chr18	59837292	59889145	-	26	24
chr19	893655	895675	+	26	20
chr19	1435870	1437593	+	26	24
chr19	2035559	2037410	-	26	25
chr19	7945427	7952575	+	26	25
chr19	7954034	7955158	-	26	23
chr19	17394665	17397593	-	26	26
chr19	36666913	36667986	+	26	22
chr19	36785686	36797325	-	26	22
chr19	48686731	48693084	-	26	20
chr19	52386171	52388692	-	26	22
chr19	54036305	54037152	-	26	26
chr19	54195212	54200725	-	26	25
chr20	5113666	5114671	-	26	22
chr20	31597667	31602271	+	26	21
chr20	33357274	33358466	-	26	23
chr20	35622717	35626008	-	26	25
chr20	37241856	37242992	+	26	24
chr20	37248992	37250780	+	26	25
chr20	50483170	50496344	+	26	24
chr20	58649180	58651161	-	26	21
chr21	5066315	5066675	+	26	24
chr21	7860137	7865735	-	26	21
chr21	32410083	32411678	-	26	21
chr21	46582667	46584292	+	26	25
chr22	11944234	11946370	-	26	26
chr22	18229529	18229684	-	26	25
chr22	29498507	29500332	-	26	26
chr22	39033742	39034322	+	26	22
chr22	50754055	50754562	-	26	26
chrX	15335582	15336167	-	26	25
chrX	20120325	20124350	-	26	22
chrX	21994864	21996931	-	26	25
chrX	53370841	53372621	+	26	24
chrX	75738949	75739323	-	26	25
chrX	83747443	83748636	-	26	25
chrX	89419521	89423713	+	26	22
chrX	95971921	95972790	-	26	25
chrX	101638022	101639745	+	26	24
chrX	103668660	103670927	-	26	22
chrY	1331152	1335100	+	26	26
chrY	1399494	1401672	-	26	24
chrY	19695036	19702504	-	26	26
chrY	21060436	21061439	+	26	17
chr1	11914540	11918665	+	25	22
chr1	23948826	23948907	-	25	25
chr1	24893300	24895753	-	25	17
chr1	26107304	26110956	-	25	23
chr1	26805952	26808086	-	25	24
chr1	28540481	28544441	+	25	20
chr1	28719810	28723121	+	25	22
chr1	40037123	40040226	-	25	23
chr1	40297817	40298172	+	25	24
chr1	52576859	52581117	-	25	23
chr1	100988455	100989609	+	25	23
chr1	109096946	109099873	+	25	22
chr1	148076702	148077995	-	25	20
chr1	150792301	150795461	-	25	23
chr1	150808884	150809615	+	25	23
chr1	156456850	156459157	-	25	24
chr1	160647517	160659806	+	25	22
chr1	165720170	165723152	-	25	23
chr1	173393828	173394149	+	25	23
chr1	178565313	178570159	+	25	19
chr1	186421410	186423234	+	25	23
chr1	192972756	192973964	-	25	23
chr1	194217765	194219200	-	25	22
chr1	198154394	198156965	-	25	17
chr1	224025575	224030178	+	25	22
chr1	224197128	224201887	+	25	21
chr1	225999638	226001902	-	25	23
chr1	231355690	231360611	-	25	21
chr1	235505131	235507673	+	25	23
chr2	24772750	24776496	+	25	19
chr2	25360594	25363675	-	25	19
chr2	30160949	30163932	-	25	23
chr2	45383698	45388425	-	25	22
chr2	55625157	55628195	+	25	25
chr2	85593808	85595567	-	25	23
chr2	136136422	136139500	+	25	20
chr2	142856251	142863208	-	25	19
chr2	174538557	174542280	+	25	21
chr2	197483603	197485441	+	25	22
chr3	27714043	27715135	+	25	19
chr3	37368520	37369590	-	25	25
chr3	40622281	40653039	-	25	23
chr3	40632448	40635667	+	25	20
chr3	41962561	41964318	+	25	19
chr3	44481935	44487402	-	25	19
chr3	47488457	47494878	+	25	25
chr3	58434077	58436072	+	25	25
chr3	87079276	87079378	+	25	25
chr3	187095233	187097964	+	25	19
chr4	13628056	13631424	+	25	20
chr4	15601629	15603105	-	25	22
chr4	39496520	39497722	-	25	25
chr4	52872002	52872956	-	25	20
chr4	99063043	99063456	+	25	24
chr4	108039401	108043531	-	25	20
chr4	156104853	156105288	+	25	21
chr4	188207742	188343246	+	25	24
chr5	35883441	35886991	+	25	25
chr5	70452611	70453449	-	25	24
chr5	70855641	70856335	-	25	24
chr5	71178531	71181309	-	25	24
chr5	76935919	76938083	+	25	20
chr5	80256256	80259368	+	25	22
chr5	131242776	131245356	+	25	22
chr5	134054558	134058693	-	25	20
chr5	140138469	140139913	-	25	21
chr6	26139135	26140753	+	25	22
chr6	26253783	26256177	+	25	19
chr6	26382142	26382927	+	25	23
chr6	30487517	30489288	-	25	16
chr6	32437774	32438936	+	25	21
chr6	32861750	32862977	-	25	24
chr6	41189038	41189463	-	25	23
chr6	42878752	42879592	-	25	24
chr6	53260180	53262536	-	25	23
chr6	91872235	91872370	+	25	25
chr6	111655596	111657971	+	25	23
chr6	143512160	143512530	+	25	22
chr6	149442370	149443005	-	25	19
chr6	149485117	149488418	+	25	19
chr6	149497714	149499313	-	25	25
chr6	161120372	161124611	-	25	21
chr6	170553363	170554138	+	25	20
chr7	2904839	2905357	-	25	21
chr7	4533305	4640272	-	25	24
chr7	5091501	5091753	+	25	25
chr7	44042567	44044622	-	25	23
chr7	72872242	72875141	+	25	24
chr7	73208636	73210375	-	25	6
chr7	73301253	73302396	+	25	25
chr7	75074288	75074780	+	25	22
chr7	75504353	75506296	+	25	22
chr7	76324689	76326731	-	25	22
chr7	127341225	127344099	-	25	23
chr7	128531557	128533529	+	25	21
chr7	142806651	142809776	-	25	22
chr7	152124732	152128666	+	25	20
chr8	5962098	5986157	+	25	25
chr9	35080051	35081014	+	25	21
chr9	63681012	63681458	-	25	24
chr9	70414669	70417641	+	25	24
chr9	80774170	80777661	+	25	22
chr9	81808236	81867710	-	25	25
chr9	92765028	92766305	+	25	21
chr9	93041580	93044594	-	25	23
chr9	95617495	95617641	-	25	25
chr9	99203956	99208169	-	25	21
chr9	127423525	127424322	-	25	21
chr9	130046783	130053333	-	25	25
chr9	131236877	131238122	-	25	21
chr9	131252780	131255471	+	25	24
chr10	32886152	32887097	+	25	22
chr10	45612526	45614809	-	25	22
chr10	45822496	45824993	-	25	23
chr10	94398983	94402518	-	25	21
chr10	112828558	112830575	+	25	22
chr10	124910914	124917126	-	25	23
chr11	4283661	4283885	+	25	25
chr11	58521288	58522991	-	25	22
chr11	60952543	60957591	+	25	21
chr11	62153433	62155466	+	25	24
chr11	63827922	63829446	-	25	21
chr11	63838066	63838926	-	25	21
chr11	70268212	70270078	-	25	23
chr11	85642793	85647890	-	25	21
chr11	121291534	121292323	-	25	21
chr11	125625215	125625606	-	25	23
chr12	4092050	4097058	+	25	21
chr12	26966657	26970040	-	25	22
chr12	66187641	66188805	-	25	22
chr12	76559858	76562200	+	25	21
chr12	94520936	94521030	-	25	24
chr12	94750710	94752719	-	25	20
chr12	96269870	96273975	-	25	20
chr12	110364097	110368511	+	25	24
chr12	110450430	110450809	+	25	23
chr12	111002272	111002477	-	25	22
chr12	113799269	113800913	-	25	23
chr12	122156162	122160605	+	25	18
chr13	27057683	27058991	-	25	22
chr13	27424006	27424420	-	25	24
chr13	74081791	74083379	+	25	25
chr14	31208210	31208750	+	25	23
chr14	51122483	51240002	-	25	22
chr14	54563989	54566507	-	25	20
chr14	69715145	69715763	+	25	23
chr14	74747309	74757278	+	25	21
chr14	75179575	75184288	-	25	11
chr14	105865853	105866284	-	25	7
chr15	37126461	37127391	-	25	25
chr15	59689659	59692674	-	25	21
chr15	80998663	81000866	-	25	22
chr16	31922566	31923759	+	25	23
chr16	88640588	88642452	-	25	25
chr17	7170522	7173001	-	25	21
chr17	7302796	7306966	-	25	23
chr17	21045579	21059323	+	25	24
chr17	32057457	32079073	+	25	24
chr17	36342428	36344649	+	25	25
chr17	74640155	74640794	+	25	22
chr17	75310593	75313628	+	25	22
chr17	78841598	78844574	-	25	24
chr17	82066527	82070061	+	25	25
chr18	9286001	9289008	+	25	24
chr19	6857369	6859741	-	25	24
chr19	12919388	12921783	+	25	23
chr19	14945537	14945730	-	25	25
chr19	41590565	41593936	+	25	22
chr19	45502541	45506168	-	25	23
chr19	50915820	50925530	+	25	24
chr20	3831901	3835069	+	25	24
chr20	35613292	35615803	-	25	25
chr20	49958243	49964481	-	25	21
chr21	33379422	33383002	-	25	20
chr21	36294323	36295037	+	25	24
chr21	44241041	44244539	+	25	20
chr22	19866240	19868623	-	25	24
chr22	20152899	20153618	+	25	21
chr22	23430685	23431054	-	25	25
chr22	24782219	24798123	+	25	24
chr22	26852009	26855985	+	25	24
chr22	35453014	35457578	+	25	23
chr22	36127165	36129308	+	25	22
chrX	57899044	57906426	-	25	25
chrX	71707425	71711035	+	25	20
chrX	73692511	73695525	+	25	23
chrX	77820651	77823989	-	25	23
chrX	79401300	79403348	+	25	24
chrX	81350086	81351284	-	25	23
chrX	107057913	107058313	+	25	23
chrX	123945659	123957137	-	25	19
chrY	2180446	2184411	-	25	22
chrY	12927081	12929511	+	25	22
chrY	15808898	15883036	+	25	24
chrY	24277150	24277348	+	25	23
KI270734.1	90002	90238	+	25	23
KI270734.1	137190	137382	+	25	22
chr1	1783328	1783625	-	24	23
chr1	12512622	12514358	+	24	22
chr1	39559812	39560320	-	24	20
chr1	42703899	42707304	+	24	21
chr1	43457099	43461494	+	24	20
chr1	54438615	54508623	-	24	23
chr1	75795235	75795617	-	24	22
chr1	101261238	101261751	-	24	22
chr1	111470829	111473585	+	24	18
chr1	120721108	120721420	-	24	23
chr1	148770832	148772579	-	24	22
chr1	155234325	155234450	+	24	23
chr1	160536072	160536827	-	24	21
chr1	161165734	161165988	-	24	22
chr1	165721639	165722821	+	24	22
chr1	182830385	182831249	+	24	22
chr1	193000695	193002469	+	24	24
chr1	193005936	193006288	+	24	23
chr1	202145922	202146870	-	24	20
chr1	219241776	219244904	+	24	21
chr1	236792617	236795174	-	24	19
chr2	27309004	27309322	+	24	23
chr2	32040241	32040731	+	24	21
chr2	43061155	43062916	-	24	22
chr2	53120309	53126604	-	24	16
chr2	74684225	74686922	+	24	22
chr2	78816971	78830857	-	24	22
chr2	170093409	170095440	+	24	17
chr2	201085994	201090935	-	24	22
chr2	207677687	207679122	+	24	18
chr2	218368106	218370257	-	24	21
chr3	39414906	39415771	+	24	23
chr3	87873712	87876961	+	24	13
chr3	112452588	112453996	+	24	20
chr3	172425609	172425777	-	24	24
chr3	177360103	177362028	+	24	21
chr4	47881	48760	-	24	14
chr4	42095447	42098325	-	24	20
chr4	82237755	82238648	+	24	24
chr4	84303679	84304741	+	24	24
chr4	113446560	113447696	-	24	20
chr4	141454102	141458252	+	24	20
chr4	141581222	141583317	+	24	20
chr4	141612099	141614584	+	24	20
chr4	158280095	158281379	+	24	22
chr5	32604232	32609446	+	24	22
chr5	39103918	39105246	-	24	21
chr5	68214002	68215607	-	24	23
chr5	69707483	69707767	-	24	23
chr5	70868385	70869470	+	24	22
chr5	76921673	76927469	+	24	20
chr5	127510552	127511359	-	24	24
chr5	151493038	151497345	+	24	22
chr6	260024	266527	-	24	18
chr6	26625418	26625567	-	24	23
chr6	26833656	26835838	-	24	23
chr6	27865806	27866469	+	24	24
chr6	32668617	32669951	+	24	21
chr6	85499200	85502899	-	24	22
chr6	85643936	85645158	+	24	22
chr6	89090390	89092564	-	24	22
chr6	89123175	89126612	+	24	20
chr6	100357573	100358772	+	24	24
chr6	111645767	111646677	+	24	21
chr6	125779716	125781061	-	24	21
chr6	131349556	131350256	+	24	23
chr6	159666963	159668569	+	24	19
chr7	17782741	17786361	-	24	21
chr7	36801816	36806128	-	24	19
chr7	44981808	44982436	+	24	21
chr7	50406767	50409302	+	24	24
chr7	66166614	66172111	-	24	22
chr7	75149827	75152549	-	24	23
chr7	75153857	75155927	-	24	24
chr7	77645765	77648533	-	24	22
chr7	139036330	139036932	+	24	12
chr7	143731379	143734197	+	24	20
chr7	149530296	149532274	-	24	20
chr7	152877244	152878939	+	24	21
chr8	30045948	30050243	-	24	18
chr8	37856922	37857864	+	24	22
chr8	42605442	42626903	-	24	24
chr8	97164226	97164613	-	24	23
chr8	100810124	100810802	+	24	18
chr8	110601740	110601908	+	24	24
chr8	144763939	144772550	+	24	23
chr9	15511104	15514193	+	24	20
chr9	41384229	41384415	-	24	23
chr9	70377378	70378125	+	24	20
chr9	75193716	75195318	+	24	23
chr9	75275308	75275770	-	24	22
chr9	85850669	85852900	-	24	23
chr9	87062506	87062613	+	24	24
chr9	99213037	99215598	-	24	20
chr9	107964080	107983444	+	24	17
chr9	122935112	122937512	+	24	20
chr9	123273422	123273534	+	24	24
chr9	127737637	127738112	-	24	22
chr9	128698272	128702295	-	24	20
chr9	129153584	129154413	+	24	22
chr9	136866543	136868347	+	24	23
chr10	14516287	14518245	-	24	21
chr10	22530986	22533341	-	24	22
chr10	46192205	46195548	-	24	21
chr10	70594600	70595233	-	24	19
chr10	72330187	72330869	+	24	23
chr10	87450073	87450386	-	24	22
chr10	91909629	91911100	-	24	23
chr10	95112108	95121909	-	24	19
chr10	102438765	102441385	+	24	21
chr10	102641110	102642308	-	24	19
chr10	107592811	107601131	+	24	23
chr10	111033636	111040328	+	24	21
chr10	112865784	112867729	+	24	23
chr10	124093643	124096912	+	24	22
chr11	573880	575560	-	24	24
chr11	10294244	10295927	+	24	19
chr11	61127886	61128987	-	24	22
chr11	61990281	62010629	+	24	23
chr11	62153771	62154130	-	24	22
chr11	65984940	65987974	+	24	23
chr11	66252432	66257001	-	24	24
chr11	68884219	68888543	-	24	21
chr11	71845714	71849496	-	24	19
chr11	95087351	95089773	-	24	21
chr11	125093476	125096435	-	24	24
chr12	6614975	6616699	+	24	19
chr12	9415020	9415638	-	24	20
chr12	28970231	28970368	-	24	23
chr12	31276922	31278087	+	24	20
chr12	31870419	31871300	-	24	21
chr12	47658969	47661032	-	24	23
chr12	48870345	48881645	+	24	24
chr12	49120563	49123575	+	24	24
chr12	62421620	62449979	+	24	20
chr12	64705486	64709108	+	24	22
chr12	71604330	71609206	-	24	22
chr12	94479600	94479701	+	24	24
chr12	94730322	94757795	+	24	24
chr12	96273569	96278006	+	24	20
chr12	110707433	110711917	-	24	23
chr13	22532975	22534154	-	24	22
chr13	27041238	27044150	-	24	20
chr13	41492203	41506873	+	24	23
chr13	49655994	49658826	+	24	20
chr13	108236717	108237897	-	24	21
chr13	110728604	110730966	-	24	18
chr13	113642290	113646691	+	24	14
chr14	20625363	20625538	+	24	20
chr14	22491214	22493035	+	24	22
chr14	55071262	55074625	+	24	20
chr14	65900806	65900907	-	24	24
chr14	95510753	95513768	-	24	22
chr14	105500441	105508671	-	24	21
chr14	105826838	105829946	-	24	19
chr15	59099628	59102104	+	24	23
chr15	70044974	70047752	-	24	22
chr15	90000517	90001177	+	24	24
chr15	101255423	101255736	-	24	19
chr16	2643334	2644013	+	24	22
chr16	29735221	29739299	+	24	23
chr16	70373681	70375946	+	24	23
chr17	3037765	3039570	+	24	23
chr17	7040335	7041257	-	24	24
chr17	66301246	66302472	-	24	21
chr17	78987457	78990430	-	24	23
chr17	82308560	82310339	-	24	18
chr18	46291735	46292910	-	24	20
chr18	47796383	47796954	+	24	23
chr18	75209169	75210529	-	24	20
chr19	1498701	1498816	-	24	22
chr19	3951536	3955468	-	24	21
chr19	6334091	6339912	-	24	22
chr19	19382530	19385789	-	24	20
chr19	47324824	47327453	+	24	19
chr19	53876436	53877672	-	24	21
chr19	55624750	55627796	+	24	22
chr19	57264618	57267144	-	24	14
chr20	30827116	30828205	+	24	23
chr20	35767354	35768225	-	24	23
chr20	47439194	47440080	+	24	18
chr20	53874168	53874911	-	24	21
chr21	15883632	15884830	-	24	24
chr21	31572626	31612577	+	24	23
chr21	43034103	43036058	+	24	20
chr22	18602546	18604031	-	24	22
chr22	20073093	20074930	-	24	22
chr22	30280216	30281932	-	24	19
chr22	41020112	41022896	-	24	21
chr22	42157765	42159293	-	24	23
chr22	46250978	46253980	+	24	20
chr22	50495514	50502474	-	24	19
chrX	12924764	12925714	+	24	23
chrX	38867373	38868965	-	24	13
chrX	47249576	47258304	+	24	21
chrX	48847927	48890127	+	24	24
chrX	77898186	77899155	-	24	18
chrX	89460750	89462034	+	24	22
chrX	96450907	96581249	+	24	24
chrX	119476887	119480713	+	24	20
chrX	142813661	142853007	-	24	24
chrY	260370	264815	+	24	19
chrY	2592127	2593844	+	24	20
chrY	13615970	13703526	+	24	24
GL000194.1	97705	99148	+	24	23
KI270731.1	86665	86774	+	24	22
chr1	11755869	11758814	+	23	19
chr1	25787996	25789208	-	23	22
chr1	29138057	29142798	-	23	18
chr1	36221187	36223996	-	23	20
chr1	36454004	36455679	-	23	19
chr1	64431434	64452372	-	23	23
chr1	85260645	85265673	-	23	22
chr1	99837300	99838436	+	23	22
chr1	111469055	111471230	-	23	19
chr1	115097430	115099291	-	23	19
chr1	117855507	117856026	+	23	19
chr1	149873496	149876654	+	23	20
chr1	149877772	149879344	+	23	21
chr1	150308995	150310792	+	23	21
chr1	154271518	154272287	+	23	19
chr1	161386880	161390501	-	23	22
chr1	162610534	162612601	+	23	17
chr1	178563631	178564029	+	23	21
chr1	203903586	203903687	-	23	23
chr1	211601019	211607068	-	23	22
chr1	242049003	242050557	-	23	23
chr2	7156754	7159541	+	23	23
chr2	18657985	18661864	+	23	18
chr2	32157680	32161309	+	23	18
chr2	33569194	33572627	+	23	18
chr2	38559662	38559976	+	23	22
chr2	46638016	46642209	-	23	23
chr2	81548683	81570547	+	23	18
chr2	112119413	112120382	+	23	21
chr2	128089565	128091033	-	23	22
chr2	151244844	151247929	-	23	22
chr2	175593342	175703725	-	23	23
chr2	203748954	203754245	+	23	23
chr2	203776549	203779624	+	23	20
chr2	231726472	231727985	+	23	17
chr3	11784854	11788040	-	23	21
chr3	17101221	17103884	+	23	20
chr3	23602115	23605214	+	23	19
chr3	42013127	42013746	+	23	22
chr3	49786965	49790606	+	23	22
chr3	56556541	56557041	-	23	19
chr3	101596017	101598580	+	23	22
chr3	108003036	108015412	-	23	19
chr3	132378436	132379113	+	23	21
chr3	195639718	195643769	+	23	23
chr4	2841478	2843103	-	23	21
chr4	17799712	17800150	+	23	20
chr4	48455091	48459529	+	23	15
chr4	55728467	55782958	-	23	22
chr4	98741254	98854836	+	23	17
chr4	102761200	102762474	+	23	16
chr4	118400367	118400477	-	23	23
chr4	139177243	139177905	-	23	21
chr4	141412594	141419822	+	23	20
chr4	180791182	180934162	+	23	22
chr4	185973486	185973614	-	23	23
chr5	10213753	10215725	+	23	21
chr5	26333545	26333682	+	23	23
chr5	61329518	61332023	-	23	20
chr5	76789012	76798268	-	23	23
chr5	80890230	80890569	-	23	18
chr5	115184772	115188126	-	23	20
chr5	131238195	131239636	+	23	19
chr5	134081039	134083537	-	23	20
chr5	137790537	137795107	-	23	21
chr5	138499375	138504780	-	23	20
chr5	148838577	148839735	-	23	21
chr5	180578636	180580354	+	23	20
chr6	374434	376230	+	23	19
chr6	1546193	1549597	-	23	20
chr6	7480429	7480566	-	23	23
chr6	17747903	17757960	-	23	22
chr6	18330704	18335743	-	23	23
chr6	30065383	30066298	+	23	21
chr6	31673954	31675249	+	23	21
chr6	33409929	33410206	-	23	22
chr6	65982614	65982743	-	23	23
chr6	108039020	108041375	-	23	20
chr6	132734793	132739834	-	23	19
chr6	149718900	149719268	+	23	21
chr6	151404228	151404653	-	23	22
chr7	6634816	6637209	-	23	21
chr7	20502555	20505279	-	23	16
chr7	28848790	28864951	-	23	21
chr7	64714579	64715049	-	23	21
chr7	73111792	73112128	-	23	23
chr7	77535016	77536640	-	23	21
chr7	87501242	87503623	-	23	20
chr7	135978658	135980799	-	23	20
chr7	136004568	136006017	+	23	20
chr7	149090879	149098839	+	23	20
chr7	152126422	152126838	-	23	23
chr7	158725364	158728870	+	23	22
chr8	10457949	10463519	+	23	20
chr8	30674614	30677995	-	23	21
chr8	60991798	60992682	-	23	21
chr8	96349186	96351328	+	23	20
chr8	100909191	100912912	-	23	21
chr9	2202779	2206429	+	23	19
chr9	33454627	33461177	-	23	22
chr9	35034144	35035395	+	23	21
chr9	63686932	63688582	-	23	21
chr9	80690742	80691175	-	23	18
chr9	89316803	89318423	-	23	22
chr9	92699912	92700618	+	23	20
chr9	93569470	93572558	+	23	20
chr9	96876443	96876895	+	23	21
chr9	99977845	99979164	-	23	22
chr9	100696520	100696685	+	23	21
chr9	108061455	108067009	+	23	19
chr9	126509837	126513056	+	23	17
chr9	128772497	128785022	+	23	18
chr10	3769082	3771328	+	23	19
chr10	3947009	3950533	+	23	13
chr10	47257120	47258607	+	23	12
chr10	68718830	68720824	-	23	23
chr10	72089137	72090774	+	23	22
chr10	75184825	75187187	+	23	22
chr10	87045734	87049927	+	23	22
chr10	87454564	87455542	-	23	22
chr10	92679894	92680326	+	23	22
chr10	95582001	95584439	-	23	22
chr10	104531275	104532426	-	23	22
chr10	118002744	118003095	+	23	23
chr11	2324049	2324454	-	23	22
chr11	12359158	12360088	+	23	23
chr11	35029448	35030861	-	23	20
chr11	39349916	39596450	+	23	23
chr11	57478478	57478816	+	23	21
chr11	60953201	60955091	-	23	19
chr11	65326613	65329272	+	23	18
chr11	65515809	65518490	+	23	19
chr11	65921569	65923876	+	23	20
chr11	74979039	74980526	+	23	21
chr11	93197996	93200084	+	23	22
chr11	107275633	107278462	-	23	18
chr12	10613637	10615420	+	23	23
chr12	15903500	15904964	+	23	23
chr12	17022417	17024226	+	23	23
chr12	32018504	32024644	+	23	19
chr12	32021904	32023622	-	23	22
chr12	44505007	44507662	-	23	20
chr12	51226315	51228176	-	23	22
chr12	56646266	56648361	+	23	20
chr12	62418136	62419437	+	23	20
chr12	65251902	65252434	-	23	20
chr12	68979269	69211768	-	23	23
chr12	75514176	75516330	+	23	19
chr12	76855531	76857504	+	23	23
chr12	108857768	108858755	+	23	21
chr12	111923125	111926774	-	23	20
chr12	121234532	121237527	+	23	19
chr12	121675484	121678197	-	23	22
chr13	21182397	21193913	+	23	19
chr13	47115355	47115552	+	23	23
chr13	48047663	48050983	-	23	18
chr13	90021642	90021801	+	23	23
chr13	102594008	102596779	-	23	22
chr14	20785316	20786342	-	23	21
chr14	22561588	22563731	-	23	21
chr14	22869253	22871739	-	23	23
chr14	24142141	24142667	+	23	19
chr14	49764701	49767834	-	23	21
chr14	49855961	49861156	-	23	21
chr14	50105133	50108076	-	23	23
chr14	52999550	52999830	+	23	22
chr14	81663184	81663616	+	23	22
chr14	83220964	83221077	-	23	23
chr14	91227177	91228102	-	23	19
chr14	92041182	92042940	+	23	19
chr14	93116448	93118242	+	23	21
chr14	103515424	103516870	+	23	21
chr14	105905113	105905926	+	23	17
chr14	106003751	106005078	-	23	10
chr15	22262861	22278916	+	23	18
chr15	32468148	32469321	+	23	21
chr15	36471517	36471759	+	23	23
chr15	40394670	40397690	-	23	22
chr15	55007052	55007251	+	23	21
chr15	63268467	63269295	-	23	22
chr15	70098180	70100066	+	23	21
chr15	74532120	74535180	+	23	18
chr16	16143602	16143914	-	23	23
chr16	18802340	18802731	-	23	20
chr16	30632578	30633821	-	23	21
chr16	30808464	30813445	+	23	22
chr17	1340986	1343679	-	23	20
chr17	1401254	1403052	-	23	20
chr17	1412935	1418218	-	23	22
chr17	2712841	2714264	+	23	17
chr17	8224168	8224637	+	23	23
chr17	16536080	16536563	+	23	20
chr17	40172369	40175308	+	23	21
chr17	42457069	42458187	+	23	16
chr17	51173382	51176984	+	23	20
chr17	67069726	67070414	-	23	23
chr17	74553181	74555942	-	23	20
chr17	74595486	74598817	-	23	20
chr17	76620556	76624599	-	23	20
chr17	80973320	80974273	-	23	22
chr17	81675908	81681116	-	23	22
chr18	28550414	28550621	-	23	23
chr18	54108505	54115516	-	23	19
chr18	54142615	54145549	-	23	18
chr19	1099226	1103059	+	23	22
chr19	6370744	6372163	+	23	19
chr19	10389566	10390965	-	23	18
chr19	13658732	13665046	-	23	2
chr19	16343598	16348820	-	23	19
chr19	18052385	18056367	+	23	21
chr19	19362929	19366005	+	23	19
chr19	23714756	23726156	-	23	23
chr19	38852352	38854003	+	23	20
chr19	58342874	58345053	+	23	17
chr20	35769958	35771666	-	23	22
chr20	49811079	49812594	-	23	22
chr21	17165906	17166150	+	23	22
chr21	32543343	32545151	+	23	23
chr22	18644471	18644587	+	23	23
chr22	37674075	37675511	-	23	23
chr22	38279482	38283241	-	23	18
chr22	40947215	40950320	+	23	23
chr22	41447229	41448563	-	23	22
chr22	49762719	49764825	+	23	20
chr22	50327588	50330414	+	23	19
chrX	19529869	19533620	+	23	20
chrX	43491613	43646219	-	23	23
chrX	47559686	47560949	-	23	23
chrX	65205606	65207476	+	23	20
chrX	71142648	71143256	-	23	22
chrX	116887189	116941560	-	23	22
chrX	119527446	119534406	-	23	21
chrY	2207460	2209839	-	23	22
chrY	12920741	12923362	+	23	21
chrY	13221992	13224775	+	23	20
chrY	19686385	19689578	-	23	21
chrY	25558990	25559944	-	23	23
chrY	26395576	26395672	-	23	19
chr1	2570197	2573854	+	22	18
chr1	15430861	15435955	-	22	17
chr1	24856618	24870687	-	22	20
chr1	35422219	35424100	+	22	19
chr1	37081851	37082054	+	22	21
chr1	37991076	37993044	-	22	19
chr1	39834017	39835888	-	22	19
chr1	52701235	52702994	-	22	17
chr1	60405088	60405264	-	22	21
chr1	96243779	96243919	-	22	21
chr1	109633507	109635592	+	22	17
chr1	145979570	145981558	+	22	18
chr1	146002850	146013986	-	22	18
chr1	153992163	153992668	+	22	18
chr1	155894486	155896981	-	22	21
chr1	157668623	157674038	-	22	15
chr1	157782980	157784367	-	22	19
chr1	178675090	178678072	+	22	15
chr1	198621592	198622037	+	22	18
chr1	206891593	206897264	-	22	21
chr1	219607902	219608009	-	22	22
chr1	228080293	228082395	-	22	20
chr1	231361847	231363591	-	22	20
chr2	32345406	32351260	+	22	21
chr2	43141619	43142836	-	22	18
chr2	75007502	75010801	+	22	19
chr2	75263822	75265922	-	22	20
chr2	87974040	87976602	-	22	21
chr2	98731284	98739919	+	22	16
chr2	112582177	112584212	-	22	19
chr2	135051227	135051743	+	22	21
chr2	185999963	186000326	+	22	20
chr2	186003178	186007607	-	22	20
chr2	196962379	196966916	-	22	21
chr2	200864787	200866725	+	22	22
chr2	201115067	201115994	+	22	21
chr2	202318318	202321066	-	22	19
chr2	202340961	202343709	+	22	20
chr2	202346663	202351170	+	22	19
chr2	202375622	202375975	-	22	21
chr2	202769764	202773057	+	22	20
chr2	231670649	231672525	-	22	20
chr3	23597123	23599016	+	22	18
chr3	56683287	56687224	+	22	20
chr3	57601218	57602269	-	22	19
chr3	57604493	57609351	+	22	15
chr3	61401295	61539074	-	22	22
chr3	112421236	112424729	-	22	19
chr3	112448100	112448971	-	22	20
chr3	112451814	112452158	-	22	19
chr3	119494856	119496646	+	22	15
chr3	129307755	129309637	-	22	19
chr3	170197746	170210188	+	22	22
chr4	2785827	2786901	+	22	22
chr4	11100356	11100642	+	22	10
chr4	13246132	13248677	-	22	16
chr4	27028987	27029347	-	22	20
chr4	40158409	40162592	+	22	17
chr4	40270785	40305379	-	22	20
chr4	74395772	74398656	-	22	19
chr4	118459929	118460673	-	22	22
chr4	141371766	141372370	-	22	21
chr5	32604548	32607690	-	22	21
chr5	40410000	40412350	+	22	18
chr5	50347689	50351468	-	22	18
chr5	69702261	69703520	-	22	21
chr5	70959034	70959929	+	22	18
chr5	77982895	77986365	-	22	18
chr5	79332244	79368305	-	22	20
chr5	134392393	134393957	+	22	21
chr5	140618464	140621698	-	22	20
chr5	142106862	142108589	-	22	19
chr5	178154341	178165267	-	22	21
chr6	2849618	2851070	-	22	18
chr6	11710209	11711928	-	22	20
chr6	12514725	12514807	+	22	21
chr6	29950529	29952841	-	22	21
chr6	30213776	30215991	+	22	18
chr6	31817994	31824460	+	22	19
chr6	36491167	36493798	+	22	20
chr6	104361361	104361564	+	22	22
chr6	107137809	107142140	-	22	20
chr6	111659706	111660004	-	22	20
chr6	121334775	121335622	+	22	20
chr6	136252682	136256521	-	22	19
chr7	5575608	5577030	+	22	22
chr7	33007711	33009803	-	22	17
chr7	45189782	45192598	-	22	7
chr7	66964852	66978878	+	22	20
chr7	73362602	73380993	+	22	22
chr7	76642806	76647148	+	22	21
chr7	77640364	77643817	-	22	22
chr7	92595941	92601901	-	22	15
chr7	100041766	100046249	+	22	20
chr7	143618899	143620151	-	22	20
chr7	145506926	145507146	+	22	22
chr7	148965998	148969972	-	22	15
chr7	149535053	149537402	-	22	20
chr7	150085858	150087149	+	22	20
chr7	152691070	152700992	+	22	22
chr7	156975285	156980098	+	22	20
chr8	8922582	8927354	+	22	19
chr8	42800671	42826387	+	22	22
chr8	47767428	47770040	+	22	22
chr8	53843813	53844365	+	22	20
chr8	89868891	89875075	-	22	20
chr8	91091631	91094054	+	22	19
chr8	134812456	134816587	-	22	18
chr9	28684159	28684745	-	22	22
chr9	66337941	66351403	+	22	22
chr9	75151448	75151734	-	22	20
chr9	76382366	76385365	-	22	15
chr9	80314275	80315779	+	22	17
chr9	80737252	80741401	+	22	17
chr9	97884646	97888485	-	22	20
chr9	97885678	97886176	+	22	20
chr9	98044840	98052412	+	22	18
chr9	110865176	110869715	-	22	16
chr9	112211391	112215118	+	22	21
chr9	112359888	112366419	-	22	16
chr9	114586407	114587556	-	22	21
chr9	125367453	125372085	-	22	20
chr9	131257130	131257491	-	22	21
chr10	13302467	13303611	-	22	22
chr10	24747610	24757131	-	22	21
chr10	68985123	68987186	+	22	19
chr10	69060937	69062364	-	22	21
chr10	72051677	72052750	-	22	15
chr10	73737457	73742882	-	22	20
chr10	87196788	87200149	-	22	21
chr10	87475531	87477078	-	22	21
chr10	88778437	88782103	+	22	21
chr10	100563211	100564876	+	22	20
chr10	123210519	123212952	+	22	20
chr10	123211771	123212112	-	22	20
chr10	130111622	130115847	+	22	19
chr11	630659	635526	+	22	20
chr11	1272454	1273635	+	22	21
chr11	9449684	9451447	+	22	21
chr11	27888149	27888715	-	22	22
chr11	47457211	47459286	-	22	20
chr11	61166551	61168250	+	22	14
chr11	65980289	65982747	+	22	19
chr11	65989549	65992294	-	22	19
chr11	67118411	67119247	+	22	19
chr11	72677670	72678633	-	22	20
chr11	74987511	74988268	-	22	16
chr11	80491969	80492083	+	22	22
chr11	83110309	83117278	-	22	19
chr11	86290486	86293863	+	22	22
chr11	88284304	88285585	-	22	21
chr11	91481917	91482058	-	22	15
chr11	95065049	95067143	-	22	21
chr12	4163223	4164892	-	22	17
chr12	6690120	6691495	+	22	19
chr12	10153812	10155754	+	22	18
chr12	32649675	32659934	+	22	20
chr12	45728098	45729669	+	22	22
chr12	52987276	53003856	+	22	21
chr12	53142858	53143320	+	22	22
chr12	55873663	55890873	+	22	21
chr12	58815659	58815904	+	22	21
chr12	89353274	89353725	-	22	20
chr12	89548275	89549572	+	22	21
chr12	92947572	92950589	+	22	21
chr12	92954158	92957073	+	22	18
chr12	94816460	94817034	+	22	18
chr12	108602013	108603096	-	22	18
chr12	111600478	111603760	+	22	17
chr12	131240623	131240801	+	22	22
chr13	49793672	49806547	+	22	13
chr13	73016718	73021182	+	22	17
chr13	110723716	110730094	+	22	17
chr14	33865426	33870165	+	22	22
chr14	73839924	73840931	-	22	22
chr14	77655865	77672192	-	22	20
chr14	77655944	77672242	+	22	21
chr14	97708182	97712415	+	22	14
chr14	105031974	105041299	+	22	22
chr14	105831796	105833353	-	22	18
chr15	40973374	40975646	-	22	20
chr15	72603045	72603420	+	22	19
chr15	72743198	72745133	-	22	20
chr15	75128280	75132478	-	22	17
chr15	79556540	79556961	-	22	22
chr15	84716532	84717463	+	22	22
chr15	88634759	88636136	+	22	19
chr16	188509	188890	-	22	21
chr16	2154268	2154584	+	22	21
chr16	3333211	3350346	-	22	17
chr16	4273077	4274569	+	22	20
chr16	21345193	21345778	+	22	19
chr16	28741576	28744520	+	22	20
chr16	30189147	30192895	-	22	20
chr16	57597787	57598152	+	22	20
chr16	60832757	60832855	+	22	22
chr16	63771566	63771639	+	22	21
chr16	69096771	69100135	-	22	21
chr16	71809500	71811505	+	22	19
chr16	81383944	81384276	+	22	21
chr16	81971556	81976651	+	22	17
chr16	85011712	85012851	+	22	21
chr17	12162440	12162548	-	22	22
chr17	30527967	30528316	+	22	19
chr17	39168238	39171967	-	22	14
chr17	39583236	39585933	+	22	20
chr17	41702396	41705224	+	22	19
chr17	56928024	56928248	+	22	22
chr17	76782203	76784175	-	22	20
chr17	82319650	82320801	+	22	19
chr17	83052143	83053237	+	22	19
chr18	9913090	9913946	-	22	17
chr18	59073409	59073557	+	22	21
chr19	8271625	8301303	+	22	20
chr19	10121149	10125094	-	22	21
chr19	13155115	13157825	-	22	22
chr19	16194563	16196938	+	22	17
chr19	18014526	18017975	+	22	20
chr19	18053921	18057601	-	22	19
chr19	18522672	18524638	+	22	19
chr19	19702053	19704692	-	22	21
chr19	39286012	39293114	-	22	21
chr19	39301697	39304753	-	22	21
chr19	40312362	40315657	-	22	20
chr19	41616102	41617749	-	22	19
chr19	41873887	41876218	+	22	20
chr19	43642771	43646074	-	22	17
chr19	46613029	46616691	-	22	19
chr19	51091270	51097331	-	22	19
chr19	53831040	53840033	+	22	22
chr20	17212850	17212948	-	22	21
chr20	32335068	32338713	+	22	19
chr21	28685300	28686847	-	22	17
chr21	32553384	32554463	+	22	21
chr22	17731126	17732196	-	22	21
chr22	19855230	19857351	+	22	22
chr22	27849354	27849747	-	22	21
chr22	37783039	37784683	+	22	21
chr22	41291374	41293609	+	22	22
chr22	41915697	41917285	-	22	19
chr22	42778100	42783144	-	22	17
chrX	44079722	44080846	-	22	22
chrX	44499997	44506064	-	22	22
chrX	56567908	56571157	+	22	19
chrX	57210030	57212457	+	22	20
chrX	65037265	65040423	+	22	18
chrX	71307747	71314303	+	22	18
chrX	74614885	74616001	+	22	20
chrX	126674559	126674911	+	22	21
chrX	136660490	136664047	-	22	19
chrX	137441034	137441125	-	22	19
chrY	405613	406826	-	22	20
chrY	1382802	1384595	+	22	21
chrY	2177170	2179376	-	22	17
chrY	2601661	2606233	+	22	22
chrY	11753970	11755246	-	22	22
chrY	21271901	21274378	-	22	16
KI270726.1	16604	30300	+	22	22
chr1	16674428	16675440	+	21	21
chr1	19293001	19294322	-	21	20
chr1	25792388	25793521	-	21	17
chr1	27651634	27655308	-	21	16
chr1	31945308	31958524	-	21	19
chr1	35117828	35120214	+	21	19
chr1	40098254	40111111	+	21	20
chr1	40687855	40690309	-	21	18
chr1	54439264	54483504	+	21	21
chr1	70255060	70258487	-	21	20
chr1	83358523	83361283	-	21	18
chr1	114511766	114512769	-	21	19
chr1	144545994	144548249	+	21	21
chr1	146238244	146239973	-	21	20
chr1	149562736	149563274	-	21	20
chr1	150539130	150542335	+	21	17
chr1	156178470	156179139	+	21	19
chr1	173499322	173500274	+	21	18
chr1	193002409	193004332	-	21	21
chr1	194204481	194207331	-	21	17
chr1	199942308	199989469	+	21	17
chr1	203915501	203924503	-	21	20
chr1	205711965	205712545	+	21	19
chr1	212361955	212363666	+	21	19
chr1	223105467	223106494	-	21	19
chr1	224193981	224195290	+	21	20
chr1	225428932	225430303	+	21	16
chr1	226033627	226034791	-	21	16
chr1	226137297	226140412	+	21	19
chr1	231328740	231329961	-	21	20
chr1	231332027	231332346	+	21	16
chr1	247993533	247994758	+	21	21
chr2	15849091	15849189	-	21	20
chr2	43596196	43598723	+	21	20
chr2	57851174	57855574	-	21	15
chr2	64257256	64257610	+	21	20
chr2	65184814	65190205	-	21	17
chr2	85681441	85684025	+	21	14
chr2	99534182	99534599	+	21	20
chr2	106080151	106083095	-	21	16
chr2	112274079	112275566	-	21	14
chr2	120228477	120232181	-	21	20
chr2	138413634	138414733	-	21	18
chr2	138579090	138579558	-	21	19
chr2	185914955	185920798	-	21	16
chr2	190871897	190872703	-	21	18
chr2	197483541	197486444	-	21	17
chr2	201484515	201484685	+	21	21
chr2	202569761	202573222	+	21	11
chr2	203704895	203706410	-	21	13
chr2	217760097	217764676	-	21	19
chr2	219287040	219288843	+	21	18
chr2	232344378	232344727	+	21	20
chr3	5761707	5821517	+	21	21
chr3	20038465	20040033	-	21	18
chr3	26389572	26389691	-	21	21
chr3	36974496	36976264	-	21	16
chr3	36978082	36980431	+	21	20
chr3	46097220	46100804	-	21	18
chr3	52899940	52900260	+	21	20
chr3	53192829	53193203	+	21	18
chr3	112418447	112419240	-	21	17
chr3	113515253	113515968	+	21	18
chr3	119560965	119563358	-	21	17
chr3	128588742	128592088	-	21	18
chr3	128608852	128609997	-	21	21
chr3	174300958	174301173	+	21	21
chr3	195954746	195955088	+	21	19
chr4	4025293	4040092	-	21	20
chr4	7057981	7058737	-	21	20
chr4	8360202	8361455	+	21	19
chr4	26759137	26763086	+	21	19
chr4	26792695	26794776	+	21	16
chr4	40177268	40181078	+	21	17
chr4	77708256	77709552	-	21	17
chr4	77852625	77854709	+	21	18
chr4	79892843	79897123	-	21	17
chr4	82342153	82344542	-	21	20
chr4	82461193	82464857	+	21	17
chr4	105142602	105145873	-	21	20
chr4	139490223	139495633	-	21	17
chr4	143224826	143226747	+	21	19
chr4	152316077	152316419	+	21	19
chr4	185150533	185159628	-	21	20
chr5	32348970	32350943	+	21	18
chr5	39074465	39076554	+	21	15
chr5	43012117	43013054	-	21	19
chr5	65923914	65926174	-	21	19
chr5	65925775	65926474	+	21	20
chr5	70808747	70810689	+	21	20
chr5	71147197	71150027	-	21	19
chr5	76983869	76984136	-	21	21
chr5	91360355	91362049	-	21	16
chr5	115577081	115578629	-	21	19
chr5	116434990	116435357	-	21	19
chr5	126858866	126864715	+	21	18
chr5	131208729	131212670	-	21	17
chr5	138497464	138501160	+	21	20
chr5	140633884	140634326	+	21	16
chr5	141921731	141923650	-	21	16
chr5	174700577	174705051	-	21	20
chr6	3989851	3990466	+	21	20
chr6	5889343	5892291	-	21	19
chr6	6791833	6794788	-	21	21
chr6	11404299	11404826	+	21	13
chr6	15125304	15179765	+	21	19
chr6	26044457	26046953	+	21	18
chr6	26148391	26149356	-	21	21
chr6	26206079	26207271	+	21	20
chr6	27713392	27716027	+	21	17
chr6	30691792	30693702	+	21	19
chr6	32142660	32143636	+	21	21
chr6	38654792	38656216	+	21	20
chr6	41257275	41257646	-	21	21
chr6	47641473	47643308	+	21	17
chr6	57784547	57787049	-	21	21
chr6	73460675	73461428	-	21	20
chr6	88074276	88139043	+	21	21
chr6	118789610	118795480	-	21	19
chr6	128668680	128668922	+	21	21
chr6	163411601	163412871	+	21	21
chr6	170534633	170534940	+	21	20
chr7	1150682	1151711	+	21	19
chr7	17787841	17790518	-	21	19
chr7	38236400	38236955	-	21	18
chr7	41231472	41642806	-	21	21
chr7	42902696	42905515	-	21	19
chr7	43579891	43582672	-	21	15
chr7	44913739	44915101	-	21	21
chr7	72555642	72557926	-	21	17
chr7	73113857	73120855	-	21	21
chr7	75082318	75083863	+	21	20
chr7	75889746	75896319	+	21	20
chr7	82463065	82550308	+	21	21
chr7	89418146	89418217	-	21	21
chr7	112570648	112570711	-	21	8
chr7	118703757	118704102	-	21	21
chr7	123557985	123560260	+	21	16
chr7	130163039	130163928	+	21	20
chr7	135989363	135994269	+	21	18
chr7	156908218	156908358	-	21	20
chr7	158717224	158719615	-	21	21
chr7	159201079	159201303	-	21	21
chr8	8227254	8228379	-	21	19
chr8	29064784	29065447	+	21	21
chr8	30053133	30055298	-	21	18
chr8	51809835	51811414	-	21	19
chr8	58659903	58661853	+	21	17
chr8	113911177	113911292	-	21	21
chr8	124289412	124291875	+	21	19
chr8	142641681	142645597	-	21	20
chr8	144902197	144904353	+	21	17
chr9	14591182	14592672	-	21	21
chr9	30951308	30957575	+	21	21
chr9	33094937	33098390	-	21	18
chr9	35037188	35038333	-	21	19
chr9	41253662	41254223	-	21	20
chr9	63682965	63685328	-	21	20
chr9	120597847	120600195	-	21	18
chr9	129885780	129887170	-	21	14
chr9	131241734	131244043	+	21	20
chr9	134160619	134165320	-	21	19
chr9	135922647	135925064	-	21	18
chr10	6616935	6617921	-	21	20
chr10	11341927	11343201	+	21	18
chr10	27187101	27190219	+	21	19
chr10	30306933	30309242	-	21	17
chr10	44738524	44738644	+	21	20
chr10	86538079	86620819	-	21	21
chr10	97317554	97318956	+	21	17
chr10	100369985	100372480	-	21	15
chr10	102069998	102073034	-	21	19
chr10	109812362	109812723	-	21	21
chr10	117238782	117239148	-	21	18
chr11	1844790	1845826	+	21	20
chr11	3841049	3842828	-	21	18
chr11	35238795	35240928	+	21	20
chr11	47767549	47769343	+	21	20
chr11	47918800	47965247	+	21	21
chr11	59285190	59285855	-	21	21
chr11	62889229	62891900	+	21	20
chr11	64845268	64847315	-	21	19
chr11	65013459	65014062	-	21	16
chr11	65597052	65597723	-	21	20
chr11	73666923	73670992	-	21	20
chr11	107279530	107286118	-	21	19
chr11	119136151	119139552	+	21	16
chr12	266508	269296	-	21	17
chr12	11210156	11211826	+	21	20
chr12	12709451	12714310	-	21	20
chr12	25375276	25376310	-	21	17
chr12	31260971	31263558	+	21	16
chr12	32026121	32027244	-	21	18
chr12	55096339	55096528	-	21	21
chr12	57847220	57848719	+	21	11
chr12	74536484	74537833	-	21	20
chr12	76858231	76858665	-	21	19
chr12	86880048	86880247	-	21	21
chr12	110583368	110584399	+	21	19
chr12	111637243	111642111	-	21	19
chr12	124900712	124905290	+	21	17
chr13	22992144	23122334	-	21	21
chr13	30453926	30454365	+	21	18
chr13	37619644	37619762	+	21	19
chr13	49953549	49956382	-	21	17
chr13	68037548	68037709	+	21	20
chr14	39388942	39389945	+	21	18
chr14	54903043	54906013	+	21	20
chr14	73223965	73227859	+	21	20
chr14	99016666	99020123	-	21	18
chr14	99060241	99062505	-	21	18
chr14	103539877	103540567	-	21	21
chr15	34135787	34138828	-	21	20
chr15	35069592	35074186	-	21	8
chr15	80990068	80990654	+	21	21
chr15	84747167	84748413	-	21	21
chr15	89202946	89203300	+	21	21
chr16	394658	396467	+	21	21
chr16	2720562	2721179	-	21	16
chr16	3718061	3719789	+	21	18
chr16	4456800	4461490	-	21	21
chr16	4605761	4606590	-	21	21
chr16	11183819	11185383	-	21	20
chr16	21821016	21821960	+	21	19
chr16	25187083	25203051	+	21	17
chr16	29470183	29473486	+	21	20
chr16	29474631	29476518	+	21	20
chr16	30343341	30347135	+	21	19
chr16	67010122	67010888	-	21	20
chr16	68240927	68244173	+	21	18
chr16	81383310	81384564	-	21	18
chr16	88103801	88105543	+	21	20
chr16	88117023	88118847	+	21	18
chr16	88139150	88140826	+	21	16
chr16	88160813	88162512	+	21	20
chr17	5028551	5032596	+	21	16
chr17	43305661	43307075	-	21	21
chr17	44224417	44228348	-	21	20
chr17	44839334	44839861	-	21	18
chr17	57850462	57851221	+	21	19
chr17	62616775	62624646	-	21	19
chr17	68034489	68035654	-	21	21
chr17	74486457	74490037	+	21	19
chr17	76712042	76712827	-	21	20
chr17	81679355	81680806	+	21	18
chr18	11967624	11979869	-	21	20
chr18	23051420	23133500	-	21	21
chr18	57595382	57596482	+	21	19
chr18	79385416	79387192	+	21	19
chr19	1096932	1097727	-	21	20
chr19	1981760	1983425	+	21	19
chr19	3181291	3185019	-	21	19
chr19	3932661	3932817	-	21	20
chr19	3992622	4002193	+	21	21
chr19	4808520	4811284	+	21	17
chr19	4879030	4880940	+	21	19
chr19	5342386	5450406	+	21	20
chr19	7346812	7348930	+	21	17
chr19	7956085	7957064	+	21	20
chr19	8502903	8505404	+	21	19
chr19	12190453	12194891	+	21	18
chr19	13793058	13794962	-	21	16
chr19	17742250	17747252	-	21	18
chr19	19510486	19512379	-	21	20
chr19	35771030	35774289	+	21	19
chr19	51403937	51407281	+	21	20
chr19	54350140	54351154	-	21	20
chr20	5204433	5204788	-	21	20
chr20	31579239	31581518	-	21	20
chr20	44234408	44238343	-	21	18
chr20	50065902	50080536	-	21	21
chr21	19328224	19328460	+	21	20
chr21	33978027	33978868	+	21	19
chr21	37565543	37565870	-	21	14
chr21	43197242	43200398	+	21	17
chr21	43862735	43865151	-	21	17
chr22	17081832	17083791	+	21	19
chr22	21913440	21915437	+	21	19
chr22	40730432	40758125	-	21	18
chr22	43024080	43032524	-	21	20
chr22	44498637	44499953	+	21	16
chr22	50532608	50535813	-	21	21
chrX	24053699	24054416	+	21	17
chrX	30531848	30533060	-	21	20
chrX	39093100	39093315	+	21	21
chrX	44031575	44031826	+	21	20
chrX	44565565	44624847	-	21	21
chrX	47484839	47487763	+	21	20
chrX	56626387	56629092	+	21	18
chrX	73700092	73704594	+	21	17
chrX	75325197	75325562	-	21	21
chrX	79194177	79200481	-	21	21
chrX	80591955	80592133	+	21	21
chrX	118804665	118805226	+	21	20
chrX	119021081	119023320	+	21	17
chrX	154518730	154523803	-	21	20
chrX	154777891	154778578	+	21	17
chrY	2578818	2580988	-	21	16
chrY	13209522	13214960	-	21	20
chrY	16535700	16535773	-	21	21
GL000008.2	158537	159339	+	21	21
chr1	1782942	1785191	+	20	19
chr1	12155783	12160289	+	20	18
chr1	27400976	27402472	-	20	20
chr1	27635483	27636666	+	20	17
chr1	28142938	28145353	-	20	15
chr1	35193940	35197906	-	20	19
chr1	52617988	52620263	-	20	16
chr1	70408956	70410869	-	20	18
chr1	83433958	83437732	-	20	15
chr1	88836973	88840403	+	20	20
chr1	93370352	93372156	+	20	18
chr1	120469462	120470326	+	20	17
chr1	143778806	143778938	+	20	20
chr1	144556749	144560465	-	20	17
chr1	149384903	149388965	+	20	17
chr1	149882731	149883280	+	20	18
chr1	161136322	161139578	+	20	15
chr1	173405999	173407520	+	20	19
chr1	178549241	178551671	+	20	18
chr1	179076617	179079703	+	20	18
chr1	205702263	205704869	-	20	20
chr1	225883093	225883687	+	20	18
chr1	228100227	228100584	+	20	15
chr1	228198309	228199562	-	20	17
chr1	229306680	229307587	+	20	17
chr1	230900460	230901810	-	20	18
chr2	7084088	7084681	+	20	20
chr2	16454521	16460155	-	20	2
chr2	20449457	20450758	+	20	19
chr2	26291151	26295016	+	20	19
chr2	43159238	43159629	+	20	19
chr2	57584251	57587606	-	20	18
chr2	57623929	57626871	-	20	13
chr2	57647330	57651043	-	20	16
chr2	57877052	57878991	-	20	18
chr2	57897028	57900485	-	20	19
chr2	64829952	64832585	-	20	18
chr2	87024861	87026422	-	20	17
chr2	90254418	90255407	+	20	19
chr2	142866221	142867725	+	20	16
chr2	157395390	157397668	+	20	18
chr2	159632552	159634160	-	20	15
chr2	170983226	170984966	-	20	19
chr2	171490944	171492425	+	20	17
chr2	171781407	171782552	-	20	19
chr2	178516488	178518041	+	20	17
chr2	190830606	190842825	-	20	18
chr2	195131755	195132933	-	20	20
chr2	203987001	203987288	-	20	14
chr2	215148234	215148325	+	20	18
chr2	218263862	218264120	+	20	20
chr2	230709435	230712573	-	20	17
chr2	240471264	240471675	-	20	18
chr2	242161212	242164319	+	20	19
chr3	3667981	3669948	-	20	19
chr3	25665061	25667955	+	20	19
chr3	33441382	33442507	+	20	18
chr3	40698247	40698485	-	20	19
chr3	51863906	51864825	-	20	20
chr3	52899250	52900314	-	20	19
chr3	58297184	58299168	+	20	18
chr3	101644531	101646530	-	20	15
chr3	143085689	143085860	-	20	20
chr3	149028802	149029139	-	20	20
chr3	152174843	152194267	+	20	19
chr3	177278326	177290967	+	20	19
chr3	179341993	179343097	+	20	19
chr3	179344601	179347627	-	20	18
chr3	187544801	187544912	+	20	19
chr4	15738322	15740339	+	20	17
chr4	16359240	16360528	-	20	20
chr4	69271752	69272164	+	20	13
chr4	70624777	70625942	-	20	14
chr4	81420857	81423364	-	20	16
chr4	82349014	82349348	+	20	20
chr4	102777523	102779050	-	20	14
chr4	105292779	105296534	+	20	14
chr4	111138156	111138294	+	20	20
chr4	143333951	143336486	-	20	19
chr4	160608416	160791549	-	20	20
chr4	176341143	176341730	-	20	19
chr5	10207764	10209436	-	20	19
chr5	40406435	40407673	+	20	16
chr5	60867092	60868107	-	20	19
chr5	69785187	69785662	-	20	20
chr5	70453127	70456202	+	20	19
chr5	70644461	70644675	+	20	19
chr5	70872535	70874780	+	20	20
chr5	71576470	71578288	+	20	18
chr5	71811120	72068719	-	20	19
chr5	90445674	90450871	-	20	15
chr5	97705295	97709421	+	20	17
chr5	116617827	116701304	+	20	18
chr5	134085161	134086932	-	20	16
chr5	138935437	138937041	+	20	20
chr5	148853373	148854116	+	20	17
chr5	159149580	159157342	-	20	15
chr5	160119453	160122156	+	20	17
chr5	160146347	160155886	+	20	20
chr5	161816332	161830824	-	20	20
chr5	174612275	174612405	-	20	18
chr5	177313259	177314396	-	20	20
chr6	4005324	4005562	+	20	20
chr6	6775785	6779747	-	20	19
chr6	7618767	7620002	+	20	15
chr6	17613348	17614863	-	20	19
chr6	27175692	27190910	-	20	18
chr6	27895016	27898156	+	20	20
chr6	32473927	32483754	+	20	19
chr6	34888161	34889223	+	20	18
chr6	35336043	35336819	-	20	16
chr6	79199431	79201241	-	20	19
chr6	84364697	84364874	-	20	19
chr6	89086069	89089325	-	20	18
chr6	111633356	111635108	-	20	17
chr6	127656911	127659405	-	20	18
chr6	137219669	137224750	+	20	20
chr7	6484356	6486060	+	20	12
chr7	9826804	9827084	+	20	20
chr7	23496121	23497520	-	20	17
chr7	38302741	38306758	-	20	20
chr7	38314663	38316929	-	20	18
chr7	47959997	47962626	+	20	17
chr7	76950605	76953969	+	20	18
chr7	102343330	102345569	-	20	19
chr7	106246601	106247890	-	20	18
chr7	131498256	131499227	+	20	18
chr7	139428435	139433136	+	20	18
chr7	142806855	142811334	+	20	18
chr7	143750435	143750983	+	20	18
chr7	150574115	150575446	+	20	19
chr7	152134175	152134515	+	20	18
chr7	153613459	153614620	+	20	20
chr8	139724039	139725091	+	20	19
chr9	1704914	1834303	+	20	20
chr9	6525153	6527527	+	20	17
chr9	33457956	33461006	+	20	19
chr9	41248816	41249149	+	20	19
chr9	42366011	42366835	+	20	18
chr9	80198977	80199112	-	20	20
chr9	86145325	86145420	-	20	19
chr9	107512353	107514926	+	20	16
chr9	114394415	114396669	-	20	20
chr10	23435177	23439146	-	20	20
chr10	46685122	46686860	-	20	18
chr10	47748843	47750709	+	20	17
chr10	50011932	50013599	+	20	20
chr10	71886597	71913856	-	20	19
chr10	73415471	73418111	+	20	18
chr10	75205346	75207055	+	20	17
chr10	85227375	85361640	+	20	20
chr10	90229721	90232273	+	20	9
chr10	97778120	97821345	-	20	19
chr10	102120558	102122980	+	20	18
chr10	103873020	103877131	-	20	18
chr10	110138660	110139206	+	20	20
chr10	123984052	123984405	+	20	18
chr10	127524539	127524881	+	20	20
chr10	128093464	128095094	-	20	15
chr11	784362	785985	+	20	19
chr11	8609491	8611818	-	20	19
chr11	9456683	9459425	-	20	20
chr11	12361128	12362140	+	20	19
chr11	14872870	14876355	+	20	17
chr11	58525542	58526648	+	20	17
chr11	66246373	66249266	-	20	19
chr11	94406263	94408687	-	20	16
chr12	9051421	9055513	+	20	17
chr12	11897049	11897456	-	20	18
chr12	51228507	51237941	+	20	16
chr12	57819189	57819575	+	20	17
chr12	95310305	95310650	+	20	18
chr12	112401170	112403660	+	20	19
chr12	115942947	115943299	-	20	20
chr12	117035796	117036791	-	20	17
chr12	118146381	118148980	-	20	20
chr12	120295450	120300021	+	20	14
chr12	120931877	120932993	+	20	4
chr12	123381636	123383682	-	20	20
chr12	123436783	123438394	+	20	16
chr13	19807697	19811690	-	20	18
chr13	19878238	19945529	-	20	20
chr13	40925638	40928128	+	20	20
chr13	42332244	42333315	+	20	19
chr14	22559069	22560073	+	20	19
chr14	48598694	48599104	+	20	19
chr14	57534816	57552945	-	20	20
chr14	68870023	68871180	-	20	19
chr14	77032331	77036375	-	20	18
chr14	105032534	105038017	-	20	17
chr14	105068528	105069884	-	20	15
chr14	105480446	105482003	-	20	19
chr15	34846122	34847412	+	20	16
chr15	63478896	63480396	-	20	20
chr15	74520391	74540968	-	20	20
chr15	74803200	74807200	+	20	20
chr15	90964506	90965845	+	20	16
chr15	101652763	101653535	+	20	19
chr16	21364454	21365520	+	20	19
chr16	29849900	29853495	-	20	18
chr16	29855079	29858062	-	20	18
chr16	30548988	30553081	+	20	17
chr16	31345577	31352039	-	20	20
chr16	57087458	57088650	+	20	18
chr16	88548789	88549193	-	20	19
chr16	89254426	89256289	-	20	18
chr17	1777740	1779341	+	20	17
chr17	2045552	2048423	+	20	17
chr17	19110753	19111875	+	20	18
chr17	21046717	21059316	-	20	16
chr17	40137033	40139120	+	20	20
chr17	40612401	40612974	-	20	16
chr17	42388814	42391150	+	20	18
chr17	42578870	42579248	+	20	18
chr17	43389203	43391697	+	20	18
chr17	44167761	44170398	-	20	16
chr17	44754268	44757266	+	20	18
chr17	50756369	50758316	+	20	18
chr17	60040739	60042540	-	20	20
chr17	75289723	75290407	+	20	16
chr17	76984175	77013477	+	20	20
chr17	81871644	81875934	+	20	19
chr18	23452360	23453184	-	20	17
chr18	74526990	74528484	+	20	16
chr19	1901763	1904799	+	20	15
chr19	1931913	1936829	+	20	16
chr19	3069486	3083754	+	20	19
chr19	3166129	3170862	+	20	20
chr19	3975195	3975616	+	20	17
chr19	4562483	4604623	+	20	19
chr19	5828330	5829449	+	20	15
chr19	16158801	16159662	+	20	18
chr19	17864315	17868499	+	20	17
chr19	17945399	17948758	+	20	17
chr19	18950218	18954121	+	20	18
chr19	23274978	23275095	-	20	20
chr19	30047058	30050747	+	20	18
chr19	36674807	36678892	-	20	18
chr19	39823100	39823451	+	20	15
chr19	51369289	51371567	-	20	16
chr19	52239478	52241681	+	20	18
chr19	53059328	53063195	-	20	16
chr19	54916317	54919065	-	20	18
chr20	1435596	1437305	+	20	17
chr20	3089499	3089648	-	20	20
chr20	3104430	3105658	-	20	18
chr20	3806269	3806655	+	20	19
chr20	5198725	5203059	+	20	20
chr20	18505777	18507399	-	20	20
chr20	23358939	23361739	-	20	20
chr20	31603042	31605139	-	20	17
chr20	33651659	33653076	+	20	17
chr20	37332786	37334775	-	20	17
chr20	37482614	37484567	-	20	16
chr20	63854530	63858483	-	20	20
chr21	28723316	28726911	-	20	17
chr21	28927585	28927958	-	20	18
chr21	31739989	31741634	-	20	18
chr21	44445147	44449133	+	20	16
chr22	16531601	16533193	+	20	18
chr22	23719142	23719766	-	20	19
chr22	41241738	41245140	-	20	19
chr22	41427400	41429160	+	20	18
chr22	42540974	42544505	-	20	19
chrX	4045461	4045586	-	20	19
chrX	12927371	12932224	+	20	20
chrX	44864522	44868589	-	20	17
chrX	47125719	47130694	-	20	17
chrX	47630383	47632443	+	20	19
chrX	64266214	64267561	+	20	17
chrX	65743004	65746529	+	20	19
chrX	111764589	111767370	+	20	18
chrX	118710511	118713278	-	20	12
chrX	119018451	119019112	+	20	17
chrX	135052500	135053955	+	20	19
chrX	154421983	154424154	+	20	20
chrX	154672203	154674425	-	20	18
chrY	1216368	1221292	+	20	14
chrY	1537284	1540531	+	20	19
GL000205.2	53721	55801	-	20	20
KI270744.1	145296	146876	+	20	15
KI270744.1	153259	157134	+	20	12
chr1	12515367	12516968	-	19	18
chr1	13372630	13373935	+	19	19
chr1	24478832	24482607	+	19	12
chr1	24887560	24887904	+	19	19
chr1	27001241	27003345	+	19	18
chr1	27200022	27200236	-	19	19
chr1	31944908	31945692	+	19	16
chr1	36464479	36465843	+	19	17
chr1	37990169	37992365	+	19	18
chr1	66379981	66381525	+	19	17
chr1	79938494	79938615	-	19	19
chr1	88931540	88931783	+	19	19
chr1	116487136	116491217	-	19	16
chr1	155938908	155941067	+	19	18
chr1	156501031	156504318	+	19	18
chr1	160526158	160529354	-	19	17
chr1	205708076	205711280	-	19	17
chr1	205756152	205757976	-	19	16
chr1	206744248	206745945	-	19	14
chr1	223777253	223779845	-	19	17
chr1	224035065	224035361	-	19	18
chr1	225795621	225795911	-	19	16
chr1	236974895	236978419	+	19	18
chr1	248467154	248469640	-	19	18
chr2	7115944	7120106	+	19	17
chr2	9556778	9560198	+	19	16
chr2	27190857	27192511	+	19	19
chr2	30177009	30183461	-	19	17
chr2	32621353	32625558	+	19	16
chr2	55470188	55470297	+	19	17
chr2	60554551	60558545	+	19	13
chr2	62174086	62176007	+	19	16
chr2	70134850	70137209	-	19	19
chr2	85654073	85655534	+	19	13
chr2	96578258	96579808	-	19	16
chr2	96748660	96750616	+	19	18
chr2	100751372	100752293	-	19	7
chr2	112668546	112670319	+	19	16
chr2	113964672	113970534	+	19	16
chr2	128204575	128206639	+	19	15
chr2	152109571	152111181	-	19	16
chr2	159666418	159670582	-	19	11
chr2	167951247	167951545	+	19	19
chr2	189670831	189671321	+	19	17
chr2	218397047	218398099	+	19	18
chr2	218407662	218408007	-	19	18
chr2	218764743	218766877	-	19	17
chr3	31530252	31532066	-	19	18
chr3	32516534	32518870	-	19	18
chr3	33718373	33720364	+	19	19
chr3	39139844	39140669	-	19	18
chr3	47013731	47015028	+	19	18
chr3	49936409	49939727	-	19	15
chr3	90268117	90545378	+	19	18
chr3	101936328	101940854	+	19	13
chr3	108257547	108264775	+	19	18
chr3	109370391	109396365	-	19	18
chr3	112426907	112427809	-	19	19
chr3	122794048	122794994	-	19	17
chr3	128828922	128829341	-	19	17
chr3	133590294	133591568	+	19	17
chr3	137094021	137094191	-	19	19
chr3	186505814	186505967	+	19	19
chr3	194392707	194394657	-	19	17
chr3	197654919	197655605	+	19	17
chr4	34539	41505	-	19	13
chr4	2055076	2056156	+	19	19
chr4	6644247	6644568	-	19	14
chr4	38160139	38161080	-	19	13
chr4	40173952	40176033	+	19	17
chr4	40184187	40186969	+	19	17
chr4	40277130	40304006	+	19	18
chr4	64454483	64454668	-	19	18
chr4	78743455	78746107	+	19	17
chr4	108266329	108268791	+	19	19
chr4	108294779	108298530	+	19	13
chr4	118375202	118375448	-	19	19
chr4	128289085	128291824	+	19	16
chr4	141534461	141536244	+	19	16
chr4	152311895	152316073	-	19	17
chr4	152616078	152618127	-	19	16
chr4	173473836	173478291	+	19	16
chr4	189298790	189299716	-	19	15
chr4	190196257	190196488	+	19	19
chr5	18695627	18698132	-	19	17
chr5	35235917	35304204	-	19	18
chr5	35497250	35497353	+	19	18
chr5	40823053	40823443	+	19	15
chr5	56813548	56815474	-	19	19
chr5	70288920	70401963	+	19	18
chr5	72213675	72217721	-	19	13
chr5	83027724	83028426	-	19	19
chr5	100395473	100396473	-	19	19
chr5	118805257	118807122	-	19	16
chr5	123509973	123511730	-	19	16
chr5	134901701	134904210	+	19	19
chr5	142168693	142220315	-	19	18
chr5	143252371	143255762	+	19	19
chr5	149958764	149960599	-	19	17
chr5	157024361	157029352	-	19	17
chr5	157717792	157720319	-	19	15
chr5	158206660	158206956	-	19	19
chr5	181303423	181303845	+	19	18
chr5	181413335	181413538	+	19	18
chr6	1531063	1534000	-	19	15
chr6	7083459	7094943	-	19	17
chr6	7643855	7643991	-	19	18
chr6	21598789	21601032	+	19	16
chr6	26189559	26193080	+	19	16
chr6	27822493	27826955	-	19	17
chr6	29648587	29649406	+	19	18
chr6	30718385	30719032	+	19	18
chr6	32607177	32610364	-	19	18
chr6	32618274	32623123	-	19	17
chr6	32656851	32659394	-	19	16
chr6	32880148	32882808	+	19	16
chr6	34573059	34573388	+	19	17
chr6	34582185	34582982	-	19	18
chr6	34756621	34757204	-	19	15
chr6	39159452	39159728	+	19	17
chr6	41174299	41175168	-	19	17
chr6	42094559	42097528	+	19	17
chr6	53360621	53361504	-	19	15
chr6	87130039	87130119	-	19	19
chr6	87279878	87281132	+	19	19
chr6	96655283	96655392	-	19	19
chr6	108689207	108692701	+	19	16
chr6	108696042	108697077	+	19	17
chr6	110852224	110853359	-	19	16
chr6	114566673	114760526	-	19	18
chr6	118712524	118712662	-	19	19
chr6	127685169	127685704	-	19	16
chr6	131298655	131302777	-	19	18
chr6	132740887	132743827	-	19	16
chr6	148744567	148747023	-	19	18
chr6	158965635	158969014	-	19	17
chr6	170468883	170469163	-	19	18
chr7	12690965	12692554	+	19	18
chr7	25116318	25120063	+	19	18
chr7	32904544	32907041	+	19	16
chr7	44770706	44775147	-	19	15
chr7	44856805	44858726	-	19	11
chr7	47258315	47260225	-	19	17
chr7	61654178	61654440	-	19	19
chr7	64718411	64722178	+	19	18
chr7	65034834	65037746	-	19	15
chr7	68815935	68990338	+	19	19
chr7	73402015	73402235	-	19	17
chr7	76166948	76168264	+	19	18
chr7	76453290	76454504	+	19	19
chr7	76542010	76544343	+	19	18
chr7	99535632	99539951	+	19	14
chr7	123664290	123664851	-	19	18
chr7	129174000	129177381	+	19	17
chr7	140020363	140020988	+	19	18
chr7	142797760	142800247	-	19	17
chr7	155205270	155206381	-	19	14
chr8	21903412	21903796	+	19	17
chr8	30085969	30087375	-	19	17
chr8	42172036	42174667	-	19	17
chr8	56995938	56997245	+	19	18
chr8	76963885	76966318	-	19	18
chr8	90990500	90993437	-	19	17
chr8	97730855	97736196	-	19	16
chr8	127487518	127489251	-	19	16
chr8	143300409	143302048	+	19	16
chr9	27598884	27600511	+	19	17
chr9	33448792	33452189	+	19	14
chr9	34911244	34911425	-	19	19
chr9	37042683	37044618	-	19	14
chr9	40945402	40945746	-	19	19
chr9	40946777	40948186	-	19	19
chr9	41480548	41481994	+	19	17
chr9	63696042	63696211	+	19	18
chr9	66319281	66322103	+	19	18
chr9	71838922	71841915	-	19	18
chr9	73171030	73174158	-	19	15
chr9	74158179	74158321	-	19	19
chr9	80499765	80500112	-	19	17
chr9	83648101	83650227	-	19	18
chr9	88244077	88244360	-	19	17
chr9	95427252	95427354	+	19	17
chr9	96147878	96147975	+	19	18
chr9	96418520	96419715	+	19	15
chr9	96778384	96781128	+	19	18
chr9	99209310	99211474	-	19	18
chr9	108020906	108023664	+	19	18
chr9	131253169	131254253	-	19	18
chr10	3643005	3677989	+	19	19
chr10	6424638	6427059	-	19	16
chr10	8992046	8995252	-	19	16
chr10	32233041	32233148	-	19	18
chr10	33138812	33142988	+	19	16
chr10	43367290	43368478	-	19	18
chr10	46812174	46815715	+	19	18
chr10	58383526	58385004	-	19	16
chr10	63155729	63160248	+	19	18
chr10	70577439	70582796	-	19	15
chr10	97345146	97349235	-	19	18
chr10	102387336	102389793	+	19	15
chr11	6683826	6686780	-	19	17
chr11	6697909	6700257	+	19	19
chr11	14274202	14276268	-	19	19
chr11	61040481	61042817	-	19	15
chr11	65447227	65448580	-	19	17
chr11	65494763	65497419	-	19	17
chr11	65815776	65818057	-	19	16
chr11	65995290	65996351	+	19	19
chr11	88286967	88289261	-	19	16
chr11	117980885	117982408	+	19	18
chr11	128047336	128051218	+	19	15
chr11	129741586	129742954	-	19	14
chr12	10210851	10212410	-	19	18
chr12	10723325	10725888	+	19	18
chr12	46350279	46353201	-	19	16
chr12	49112417	49119320	+	19	15
chr12	52067877	52068962	-	19	17
chr12	55873636	55889057	-	19	19
chr12	66170314	66172394	+	19	17
chr12	66188316	66188810	+	19	14
chr12	72821847	72821957	-	19	12
chr12	101392454	101392852	+	19	17
chr12	108642512	108645104	+	19	18
chr12	128125889	128152851	+	19	19
chr13	19816158	19817753	-	19	19
chr13	30446182	30449947	+	19	15
chr13	48191754	48192144	+	19	18
chr14	34876482	34880208	+	19	18
chr14	35405732	35408843	+	19	16
chr14	39173127	39174732	-	19	16
chr14	39216662	39217173	+	19	19
chr14	49899469	49905127	-	19	19
chr14	53024527	53026955	-	19	18
chr14	53029619	53032685	-	19	19
chr14	73811719	73818059	+	19	12
chr14	90829096	90829496	+	19	19
chr14	91268619	91271288	+	19	17
chr14	91453936	91455139	+	19	17
chr14	92766886	92770197	-	19	11
chr14	94658506	94658877	+	19	18
chr14	99301780	99301937	+	19	19
chr14	100185950	100202635	-	19	17
chr14	105508945	105511575	+	19	11
chr15	30845168	30847940	+	19	10
chr15	45699718	45701850	+	19	16
chr15	63503248	63504391	-	19	18
chr15	73385104	73398463	+	19	19
chr15	84661034	84661817	+	19	17
chr15	84716737	84717053	-	19	6
chr16	1935711	1936391	-	19	16
chr16	9136565	9141547	-	19	19
chr16	9141774	9145313	+	19	14
chr16	21660440	21662347	-	19	15
chr16	30189355	30192921	+	19	17
chr16	30454733	30456669	-	19	18
chr16	30558578	30560923	+	19	14
chr16	30636826	30639685	+	19	18
chr16	30916071	30919281	-	19	18
chr16	56661206	56663295	-	19	17
chr16	58659559	58661034	-	19	18
chr16	88632896	88635308	-	19	19
chr17	80889	81115	-	19	18
chr17	447042	447714	+	19	17
chr17	3964523	3966705	-	19	18
chr17	4759345	4760532	-	19	15
chr17	8168307	8172304	-	19	17
chr17	8278795	8284391	+	19	16
chr17	14820815	14820917	+	19	19
chr17	15693688	15695337	-	19	19
chr17	17285293	17299485	-	19	19
chr17	19096853	19098138	-	19	19
chr17	21772787	21773211	-	19	18
chr17	28418684	28419161	-	19	19
chr17	30965989	30968217	+	19	19
chr17	64837455	64841586	+	19	18
chr17	64961775	64966485	-	19	16
chr17	67699138	67699764	+	19	18
chr17	67791404	67805686	-	19	19
chr17	70594849	70594956	+	19	19
chr18	45978676	45979945	-	19	15
chr18	63385151	63388249	-	19	19
chr18	79067513	79068905	-	19	18
chr19	552243	555883	-	19	19
chr19	5528093	5542539	+	19	18
chr19	6870496	6873159	+	19	16
chr19	9290504	9291133	-	19	17
chr19	9744111	9748629	-	19	18
chr19	19628938	19629260	-	19	19
chr19	19698002	19700480	-	19	19
chr19	22100513	22118785	+	19	16
chr20	3437756	3449143	-	19	18
chr20	28627678	28628744	+	19	19
chr20	43456439	43457272	-	19	11
chr20	45360336	45361833	-	19	18
chr20	53834615	53835554	-	19	14
chr20	56082055	56082342	-	19	19
chr20	63936145	63937741	+	19	19
chr21	28693638	28695944	-	19	16
chr21	28694018	28697741	+	19	17
chr21	28764131	28767602	-	19	16
chr21	28795737	28802366	-	19	17
chr21	32626898	32628722	-	19	15
chr21	41412211	41417308	+	19	15
chr22	18040746	18047445	-	19	18
chr22	22261403	22264011	-	19	16
chr22	23751671	23752061	+	19	16
chr22	24535017	24539499	-	19	18
chr22	28861236	28867050	+	19	17
chr22	39116092	39120153	-	19	15
chr22	39162860	39166921	-	19	16
chr22	40975051	41017886	-	19	17
chr22	42520088	42521276	+	19	12
chr22	46294050	46295080	+	19	17
chr22	47191260	47191927	+	19	18
chr22	47206413	47206728	+	19	17
chr22	49964122	49966607	+	19	17
chrX	3814024	3816599	+	19	18
chrX	12890997	12893209	+	19	15
chrX	12983732	12984953	+	19	15
chrX	14006173	14008179	-	19	18
chrX	21889873	21892610	+	19	18
chrX	23949530	23953235	-	19	15
chrX	41381073	41438927	-	19	19
chrX	68600776	68605350	+	19	18
chrX	81313100	81313800	-	19	18
chrY	409896	413127	+	19	17
chrY	449610	524598	-	19	19
chrY	20418123	20419392	-	19	13
chrY	21105264	21105513	-	19	19
GL000219.1	62725	66569	-	19	17
KI270734.1	131849	133344	+	19	19
chr1	1630644	1631174	+	18	16
chr1	2424112	2425972	+	18	18
chr1	4607906	4620193	+	18	12
chr1	9986610	9992737	+	18	18
chr1	10452581	10456398	+	18	18
chr1	24676125	24677792	-	18	17
chr1	27318686	27321664	+	18	17
chr1	36386117	36388546	+	18	15
chr1	42715733	42717015	+	18	17
chr1	44778792	44780252	+	18	17
chr1	45312731	45323564	-	18	15
chr1	83197292	83202868	-	18	15
chr1	100292784	100296747	+	18	16
chr1	107998865	108003418	+	18	16
chr1	111463302	111464956	+	18	14
chr1	116492534	116493000	-	18	16
chr1	117639363	117639782	-	18	17
chr1	120708982	120711320	+	18	17
chr1	120717497	120718528	+	18	17
chr1	144558656	144560316	+	18	18
chr1	148098809	148100534	-	18	17
chr1	149830231	149832461	-	18	17
chr1	149921452	149922829	-	18	14
chr1	155138899	155139541	+	18	16
chr1	160896262	160896496	+	18	18
chr1	160986856	160991912	-	18	16
chr1	161390294	161392181	+	18	16
chr1	175941844	175943773	+	18	17
chr1	178615143	178619326	-	18	14
chr1	199909861	199910007	+	18	18
chr1	203004930	203007241	-	18	16
chr1	205632441	205635484	+	18	16
chr1	206502788	206503651	+	18	17
chr1	227781928	227784183	-	18	15
chr1	228182970	228184431	+	18	18
chr1	228930191	228949680	-	18	16
chr1	232049531	232050385	+	18	14
chr1	234592565	234592895	+	18	15
chr1	235658493	235660733	+	18	17
chr2	9576194	9577157	-	18	16
chr2	9841819	9843189	-	18	16
chr2	18806801	18808883	+	18	14
chr2	35632806	35632985	-	18	17
chr2	41157741	41157864	+	18	18
chr2	43176157	43178759	-	18	14
chr2	57652459	57654317	-	18	16
chr2	57790426	57792750	-	18	15
chr2	62147259	62148319	+	18	15
chr2	65283450	65286648	+	18	15
chr2	70129483	70129582	+	18	18
chr2	74688067	74690565	+	18	16
chr2	97649010	97650705	-	18	17
chr2	108887264	108891255	-	18	11
chr2	149564591	149569598	-	18	16
chr2	173074714	173075264	-	18	13
chr2	174490945	174493038	-	18	17
chr2	181409924	181410329	-	18	17
chr2	191705842	191707372	+	18	18
chr2	196949818	196951391	-	18	14
chr2	202303778	202304771	+	18	17
chr2	203309336	203311184	+	18	16
chr2	203312280	203315112	+	18	17
chr2	209133428	209134359	+	18	18
chr2	209419404	209419545	+	18	16
chr2	218254513	218255304	+	18	17
chr2	227936845	227937018	-	18	18
chr2	231725426	231726033	-	18	17
chr2	234497157	234498799	+	18	16
chr2	241842634	241848732	+	18	15
chr3	15066655	15068835	-	18	16
chr3	15559291	15560410	-	18	14
chr3	23983026	23984860	-	18	14
chr3	57939732	57940005	-	18	16
chr3	87870267	87872370	+	18	10
chr3	101870845	101873322	-	18	16
chr3	108040127	108042242	-	18	16
chr3	112908081	112910606	-	18	15
chr3	128604931	128606605	-	18	15
chr3	128611403	128612825	-	18	17
chr3	129627306	129631172	+	18	15
chr3	132390390	132392684	+	18	14
chr3	144827312	144827422	+	18	17
chr3	150647541	150647652	-	18	18
chr3	158694411	158696529	+	18	17
chr3	170356432	170357634	+	18	12
chr3	177016151	177017630	+	18	18
chr3	196183167	196193299	+	18	18
chr4	2262527	2264102	+	18	16
chr4	3955681	3957112	+	18	16
chr4	6699254	6703488	-	18	14
chr4	8243473	8244627	+	18	18
chr4	23372225	23372423	+	18	18
chr4	24803517	24804876	-	18	16
chr4	25736928	25741012	+	18	18
chr4	39674915	39692450	+	18	18
chr4	105282842	105283160	+	18	16
chr4	141493498	141495160	+	18	15
chr4	146250293	146252647	-	18	15
chr4	176332245	176334607	+	18	15
chr4	182918009	182921570	+	18	14
chr5	1534451	1537106	-	18	11
chr5	1536467	1536935	+	18	18
chr5	1722303	1723801	-	18	17
chr5	10209124	10209450	+	18	18
chr5	16465939	16466922	+	18	17
chr5	32175592	32197074	-	18	18
chr5	34136761	34137162	+	18	17
chr5	70044625	70049599	-	18	18
chr5	70830415	70830813	-	18	18
chr5	77980461	77980781	+	18	18
chr5	79579747	79594461	-	18	18
chr5	83046865	83047194	-	18	15
chr5	83048299	83048899	-	18	17
chr5	97450669	97452313	+	18	16
chr5	122834821	122835197	+	18	17
chr5	123619581	123619919	-	18	17
chr5	134006243	134007172	+	18	17
chr5	139482942	139484669	+	18	10
chr5	142170989	142174604	+	18	17
chr5	148860019	148860315	+	18	16
chr5	150429930	150430918	+	18	16
chr5	151167727	151168137	+	18	17
chr5	171827418	171828339	+	18	16
chr5	178200956	178204186	-	18	18
chr5	181159541	181160646	-	18	18
chr6	2827907	2832201	-	18	17
chr6	18476423	18478131	+	18	16
chr6	26020064	26021566	-	18	18
chr6	26866503	26871332	-	18	16
chr6	29750040	29752543	-	18	16
chr6	29798140	29800292	+	18	17
chr6	31561390	31562809	+	18	16
chr6	31567497	31571879	-	18	18
chr6	33206949	33208323	-	18	17
chr6	33342802	33344491	-	18	16
chr6	34448816	34465153	-	18	18
chr6	37420797	37432601	-	18	18
chr6	40826049	40930489	-	18	18
chr6	42202957	42206449	+	18	15
chr6	42741277	42744461	-	18	18
chr6	53208979	53210924	-	18	13
chr6	57886739	57886939	+	18	17
chr6	89819880	89825143	+	18	17
chr6	108033301	108036805	-	18	17
chr6	110969655	110974201	+	18	15
chr6	113716035	113776241	+	18	18
chr6	116569501	116571052	-	18	14
chr6	117789855	117789984	-	18	18
chr6	134956637	134957312	-	18	17
chr6	151475029	151475417	-	18	17
chr6	157211707	157212710	+	18	16
chr7	2453095	2454666	+	18	18
chr7	4672721	4672822	+	18	17
chr7	5259703	5259870	+	18	18
chr7	5822086	5823010	-	18	16
chr7	26214600	26218645	+	18	16
chr7	38266132	38270028	-	18	15
chr7	44951541	44951890	-	18	15
chr7	53864306	53864482	+	18	17
chr7	64511798	64512481	+	18	17
chr7	64833913	64834951	+	18	15
chr7	64842129	64843327	+	18	17
chr7	66509018	66511033	+	18	17
chr7	72837747	72841040	-	18	18
chr7	72846628	72850101	+	18	17
chr7	74415896	74451072	+	18	18
chr7	76449254	76449481	-	18	18
chr7	106919718	106922998	+	18	16
chr7	128506608	128508827	+	18	16
chr7	129217024	129217207	+	18	17
chr7	129818959	129823997	+	18	16
chr7	142458021	142458378	+	18	16
chr7	150091458	150091888	+	18	18
chr7	150769117	150771709	+	18	14
chr7	152452485	152455815	-	18	14
chr8	63785	65354	-	18	17
chr8	10445000	10445293	-	18	15
chr8	27545753	27546122	+	18	18
chr8	55836831	55842290	+	18	17
chr8	60974397	60975526	+	18	13
chr8	100683139	100685400	+	18	15
chr8	102820935	102825878	-	18	18
chr8	108492072	108493589	+	18	14
chr8	109214294	109217075	-	18	14
chr8	133454435	133454812	-	18	17
chr8	134713222	134714041	+	18	18
chr9	2678995	2695072	-	18	15
chr9	35052486	35055944	+	18	17
chr9	41622883	41623024	+	18	17
chr9	41723724	41738901	+	18	16
chr9	62903221	62903925	+	18	16
chr9	71679050	71681743	-	18	16
chr9	72020965	72048283	-	18	15
chr9	72107516	72108809	-	18	17
chr9	75176883	75178346	-	18	17
chr9	76394563	76396404	+	18	16
chr9	77708450	77712700	-	18	16
chr9	80648348	80650779	+	18	14
chr9	93573662	93574887	+	18	18
chr9	104741545	104744720	-	18	16
chr9	114663073	114665265	+	18	12
chr9	120749131	120751922	-	18	16
chr9	120800194	120803851	+	18	17
chr9	127445957	127447672	+	18	16
chr9	128918505	128918890	-	18	17
chr9	135995246	135995830	-	18	17
chr10	3850897	3853464	+	18	15
chr10	3874073	3876425	+	18	17
chr10	4925487	4927554	+	18	14
chr10	8879530	8883055	-	18	13
chr10	15736097	15762634	-	18	13
chr10	26628350	26628670	+	18	16
chr10	31788079	31792398	-	18	14
chr10	46131481	46133416	+	18	18
chr10	47553744	47554891	+	18	12
chr10	58384279	58385297	+	18	18
chr10	69402163	69403506	+	18	14
chr10	72319311	72320841	+	18	17
chr10	72987864	72989824	-	18	17
chr10	74715405	74715786	-	18	17
chr10	79359670	79362554	+	18	16
chr10	81579868	81580038	+	18	18
chr10	92445103	92449417	-	18	15
chr10	102123911	102125544	-	18	16
chr10	102164291	102166279	+	18	17
chr10	103862255	103867417	-	18	17
chr10	110324444	110324511	-	18	17
chr10	110605272	110607235	+	18	17
chr11	285663	286907	+	18	16
chr11	1849143	1850942	-	18	17
chr11	4480011	4481977	+	18	17
chr11	10300144	10302576	-	18	17
chr11	44633676	44634029	+	18	16
chr11	45843600	45845897	+	18	15
chr11	58578239	58579034	-	18	17
chr11	62740353	62742693	+	18	16
chr11	64333539	64336049	-	18	18
chr11	66609568	66612046	-	18	17
chr11	67805598	67809146	+	18	18
chr11	70208537	70211244	+	18	18
chr11	85638325	85642967	+	18	16
chr11	93299185	93300074	-	18	17
chr11	106450860	106451019	-	18	18
chr11	108155809	108156424	+	18	17
chr11	118853033	118859886	-	18	14
chr11	121408593	121410647	-	18	16
chr11	123040629	123041112	-	18	14
chr12	6488612	6491718	-	18	16
chr12	9710212	9713356	-	18	17
chr12	11282646	11283025	-	18	18
chr12	14961842	14963040	+	18	17
chr12	25375150	25376606	+	18	15
chr12	49765111	49768533	+	18	18
chr12	67679453	67679766	-	18	18
chr12	94736512	94737998	-	18	13
chr12	94742371	94743130	-	18	18
chr12	104350429	104355423	+	18	18
chr12	121063436	121078698	+	18	18
chr12	121603933	121604858	+	18	17
chr12	122267325	122270745	-	18	16
chr12	122501767	122503365	-	18	17
chr12	128824305	128825651	+	18	16
chr12	131815692	131818396	+	18	18
chr13	18738099	18739059	-	18	15
chr13	21369905	21372073	+	18	17
chr13	31728750	31733300	-	18	15
chr13	45293589	45296394	-	18	16
chr13	49937211	49937523	+	18	16
chr13	56673852	56683257	-	18	18
chr13	57746993	57773193	+	18	18
chr13	74079997	74080536	+	18	16
chr14	20441356	20443822	+	18	10
chr14	21737002	21739400	+	18	16
chr14	22168350	22170723	+	18	13
chr14	34915856	34920857	-	18	15
chr14	35809557	35812321	+	18	16
chr14	50715542	50719377	-	18	17
chr14	61097674	61098910	-	18	17
chr14	68777016	68779212	-	18	8
chr14	74367270	74371837	-	18	18
chr14	87089560	87089719	+	18	18
chr14	95480459	95481727	-	18	15
chr14	101760584	101761797	+	18	18
chr14	105080652	105082390	-	18	15
chr15	19939255	19939357	+	18	18
chr15	34340199	34341188	+	18	16
chr15	75462077	75463010	-	18	16
chr16	2655490	2657075	+	18	18
chr16	12649886	12651251	+	18	16
chr16	17026200	17026634	+	18	15
chr16	28993381	28995743	+	18	17
chr16	32459604	32460068	-	18	18
chr16	46650023	46650391	-	18	17
chr16	58513630	58514712	+	18	17
chr16	58641688	58650943	+	18	18
chr16	68602297	68616241	+	18	14
chr16	81432315	81438917	+	18	14
chr16	82194924	82196066	-	18	16
chr16	88687303	88688941	+	18	15
chr17	2401153	2402709	+	18	17
chr17	18823913	18830083	-	18	18
chr17	28408677	28409790	+	18	18
chr17	30190835	30193733	+	18	17
chr17	30960054	30961220	-	18	17
chr17	36090989	36094331	+	18	16
chr17	44162615	44165414	-	18	18
chr17	47753911	47783178	-	18	16
chr17	49370061	49370543	+	18	16
chr17	62450835	62452081	+	18	17
chr17	64145901	64147210	+	18	15
chr17	75183634	75193027	-	18	17
chr17	78848252	78852095	+	18	15
chr17	81302127	81303217	-	18	18
chr17	82292949	82293585	+	18	17
chr17	82497562	82509285	+	18	13
chr17	82517785	82519385	-	18	15
chr18	2646236	2651911	-	18	17
chr18	5385590	5387689	-	18	16
chr18	5389593	5389978	+	18	16
chr18	40729588	40938147	+	18	18
chr18	62520301	62522828	-	18	16
chr18	69998310	70002298	-	18	14
chr18	76354981	76355367	-	18	16
chr19	522183	525135	+	18	18
chr19	770684	776344	-	18	17
chr19	7878529	7878964	-	18	18
chr19	9830837	9834025	-	18	17
chr19	9851689	9853542	+	18	17
chr19	10120040	10122543	+	18	16
chr19	10347791	10350066	-	18	17
chr19	12760081	12762341	-	18	16
chr19	14378384	14379798	+	18	15
chr19	18570295	18571635	-	18	15
chr19	19619416	19621715	-	18	18
chr19	21379723	21379851	-	18	16
chr19	22095633	22098260	+	18	15
chr19	34229808	34230520	+	18	17
chr19	39118720	39121876	-	18	18
chr19	45880875	45883107	-	18	14
chr19	48764875	48764980	-	18	18
chr19	49499758	49502352	+	18	18
chr19	53771473	53772476	-	18	16
chr19	55337455	55338213	+	18	17
chr19	56162709	56166457	+	18	11
chr19	57303252	57304294	+	18	18
chr20	2826737	2828782	-	18	18
chr20	3416929	3430860	-	18	17
chr20	4830423	4831694	+	18	16
chr20	5059171	5060681	-	18	15
chr20	13386517	13389221	-	18	15
chr20	23343212	23344505	-	18	15
chr20	49958486	49959610	+	18	17
chr20	49992377	49997020	-	18	18
chr20	56527767	56529766	+	18	16
chr20	56530695	56532854	-	18	17
chr21	6109047	6110750	-	18	18
chr21	28759812	28762026	-	18	17
chr21	28808121	28808321	+	18	18
chr21	33226571	33226777	+	18	18
chr21	41409755	41410368	+	18	17
chr21	42966306	42970914	-	18	17
chr21	43428121	43429770	+	18	16
chr21	43696367	43699670	+	18	15
chr21	44298652	44299601	-	18	17
chr22	11947860	11948011	+	18	17
chr22	22906813	22907074	+	18	14
chr22	23734631	23737459	+	18	15
chr22	25340102	25343927	-	18	17
chr22	26785125	26788473	-	18	14
chr22	26834333	26834439	-	18	18
chr22	36132934	36133846	-	18	14
chr22	49827910	49832208	+	18	18
chrX	40223690	40237294	-	18	18
chrX	41364939	41365500	-	18	14
chrX	41399140	41445128	+	18	18
chrX	47806953	47807173	+	18	18
chrX	49104937	49106545	-	18	17
chrX	53528388	53531805	-	18	16
chrX	53919848	53920677	-	18	14
chrX	57087995	57090060	-	18	17
chrX	57140042	57140437	+	18	17
chrX	65306512	65312428	+	18	17
chrX	68570875	68584959	+	18	15
chrX	71048297	71050771	-	18	16
chrX	74573402	74578695	+	18	16
chrX	76178314	76178552	+	18	17
chrX	77309440	77324094	+	18	17
chrX	79343256	79346190	+	18	15
chrX	100943467	100951191	+	18	15
chrX	120639860	120645184	+	18	17
chrX	136839331	136840776	-	18	14
chrY	1313248	1315789	-	18	17
chrY	1319742	1323342	-	18	16
chrY	2203242	2205726	-	18	14
chrY	2566042	2566764	-	18	15
chrY	2586793	2589518	-	18	18
chrY	8856641	8856874	-	18	18
chrY	13240660	13244350	+	18	16
chrY	15091605	15091745	-	18	17
chrY	20458213	20462486	-	18	13
chrY	20901038	20904149	+	18	16
KI270729.1	49234	219701	+	18	18
chr1	10023225	10032154	-	17	17
chr1	11915811	11916534	-	17	16
chr1	24863387	24866164	+	17	11
chr1	25569298	25571689	+	17	17
chr1	25577872	25580338	+	17	13
chr1	25792086	25795825	+	17	16
chr1	27022494	27090549	+	17	17
chr1	27863959	27866848	+	17	17
chr1	44781854	44783520	+	17	16
chr1	45543075	45543828	-	17	15
chr1	52563140	52564654	+	17	17
chr1	66416525	66439653	+	17	16
chr1	70257184	70258324	+	17	16
chr1	83224203	83227704	-	17	12
chr1	99960708	99960925	-	17	17
chr1	108078291	108078581	+	17	16
chr1	110668826	110672454	+	17	15
chr1	110675206	110676086	+	17	14
chr1	116773005	116775095	-	17	17
chr1	117108222	117110653	+	17	15
chr1	144550438	144551430	-	17	14
chr1	149604373	149606121	-	17	16
chr1	150171290	150172881	+	17	16
chr1	155744515	155745434	-	17	17
chr1	158174362	158175558	-	17	13
chr1	159925774	159927005	+	17	16
chr1	161214603	161214999	+	17	17
chr1	161221098	161222090	-	17	13
chr1	166370925	166371057	+	17	17
chr1	173313298	173314797	-	17	12
chr1	173788517	173789334	-	17	16
chr1	178563879	178566442	-	17	16
chr1	178569111	178571268	-	17	15
chr1	178635172	178636134	+	17	16
chr1	185292108	185292381	-	17	17
chr1	186989531	186991007	+	17	15
chr1	192106277	192150928	+	17	15
chr1	193275448	193278988	+	17	17
chr1	194279196	194280300	+	17	14
chr1	198612138	198613656	-	17	12
chr1	203779313	203783083	+	17	12
chr1	203794755	203795534	-	17	16
chr1	204506963	204508559	-	17	16
chr1	219231623	219234212	+	17	15
chr1	220052317	220055865	-	17	15
chr1	225399904	225400312	+	17	15
chr1	227526574	227531712	-	17	11
chr1	227677651	227682056	+	17	15
chr2	24005159	24007563	+	17	13
chr2	26396492	26398427	-	17	15
chr2	31826641	31828201	-	17	16
chr2	43135394	43139582	-	17	15
chr2	53207834	53209452	-	17	14
chr2	57541536	57543802	-	17	12
chr2	69315284	69319489	-	17	16
chr2	75331233	75333298	+	17	17
chr2	81707678	81929507	+	17	17
chr2	97648473	97650410	+	17	16
chr2	102240465	102240732	-	17	15
chr2	120304166	120307701	+	17	17
chr2	159647228	159651363	-	17	14
chr2	171314335	171315865	-	17	15
chr2	171748629	171751479	+	17	15
chr2	174540959	174542542	-	17	14
chr2	190407658	190408315	+	17	14
chr2	192306112	192405215	+	17	17
chr2	195429208	195429337	+	17	17
chr2	200837314	200841875	-	17	14
chr2	201358125	201360851	-	17	15
chr2	203322510	203324818	+	17	14
chr2	223527374	223527473	-	17	17
chr2	229748144	229750423	+	17	14
chr2	231729842	231732418	+	17	14
chr2	233302916	233305139	-	17	16
chr2	239878064	239879981	-	17	16
chr3	9730188	9731444	-	17	13
chr3	11774960	11776664	-	17	15
chr3	50650994	50651770	-	17	17
chr3	51989990	51990468	-	17	15
chr3	53212541	53215015	+	17	16
chr3	57612010	57613741	+	17	16
chr3	58462220	58477981	-	17	16
chr3	93791183	93807234	+	17	17
chr3	112429214	112430217	-	17	14
chr3	119209499	119211105	+	17	16
chr3	120684491	120686322	-	17	16
chr3	133565499	133569307	-	17	15
chr3	133591760	133594247	-	17	16
chr3	150526078	150526445	+	17	17
chr3	153221009	153221997	-	17	14
chr3	155953810	155955942	-	17	14
chr3	185904246	185907890	+	17	13
chr3	188934668	188936979	-	17	15
chr3	195957679	195959497	-	17	16
chr3	198222613	198223351	+	17	16
chr4	27032104	27032628	-	17	15
chr4	40166303	40166662	+	17	14
chr4	40249645	40251579	-	17	17
chr4	49189579	49189936	+	17	16
chr4	83204866	83207158	-	17	15
chr4	83231045	83232088	-	17	14
chr4	85284330	85437130	-	17	17
chr4	87142702	87143684	-	17	15
chr4	102107247	102240201	-	17	9
chr4	169067713	169078749	+	17	17
chr5	14532141	14534155	-	17	15
chr5	27207083	27207298	+	17	17
chr5	42939245	42942018	-	17	14
chr5	50460864	50472334	+	17	16
chr5	80546674	80548006	+	17	15
chr5	83031950	83032783	-	17	14
chr5	83050987	83052765	-	17	15
chr5	95835054	95835693	+	17	16
chr5	100803084	100806305	-	17	16
chr5	103726721	103776971	+	17	17
chr5	115518876	115520794	-	17	17
chr5	123236820	123241646	-	17	16
chr5	134594088	134594715	-	17	14
chr5	138939397	138941612	+	17	16
chr5	140609406	140610151	+	17	13
chr5	148872525	148873464	+	17	15
chr5	149482308	149484045	+	17	16
chr5	150687521	150688134	+	17	14
chr5	154702224	154705010	+	17	16
chr5	157079594	157081789	+	17	15
chr5	157258185	157259490	+	17	17
chr5	173602899	173604835	-	17	14
chr5	180492060	180493905	-	17	13
chr6	21602743	21603527	+	17	15
chr6	26033678	26035774	+	17	14
chr6	27147836	27148244	-	17	16
chr6	29894196	29895682	-	17	16
chr6	30927852	30928598	+	17	15
chr6	31194699	31195045	-	17	16
chr6	32513722	32514500	-	17	17
chr6	32688956	32689789	-	17	14
chr6	53266394	53267315	-	17	16
chr6	73580717	73582065	+	17	16
chr6	81753804	81755988	+	17	16
chr6	87272093	87273716	+	17	14
chr6	107695416	107696764	-	17	17
chr6	108037518	108039510	+	17	16
chr6	108293459	108294808	-	17	13
chr6	146557895	146560172	+	17	15
chr6	149489786	149494706	-	17	15
chr6	151391781	151394928	-	17	15
chr6	164392439	164664320	-	17	17
chr6	169955904	169956647	+	17	16
chr7	2448862	2451017	+	17	17
chr7	44849667	44852954	+	17	16
chr7	56106657	56108899	+	17	16
chr7	73111358	73114487	+	17	15
chr7	77510359	77510492	+	17	16
chr7	77532908	77533310	-	17	17
chr7	98010400	98026281	+	17	16
chr7	105013168	105013394	+	17	16
chr7	108580657	108582744	+	17	15
chr7	128627828	128629743	-	17	16
chr7	135986409	135988154	+	17	16
chr7	136010187	136010490	-	17	17
chr7	138591012	138591591	+	17	17
chr7	140063728	140068191	+	17	15
chr7	142674561	142678462	-	17	12
chr7	142842103	142855000	-	17	14
chr7	143527775	143528492	+	17	16
chr7	153713505	153714196	+	17	17
chr7	153770594	153773608	+	17	16
chr8	8945913	8948209	-	17	17
chr8	24260370	24263754	-	17	14
chr8	42052011	42054941	+	17	15
chr8	42751428	42751906	+	17	16
chr8	66616302	66628064	+	17	15
chr8	77854884	78102111	-	17	17
chr8	85077888	85086552	+	17	17
chr8	90056649	90058210	-	17	16
chr8	97179753	97180685	+	17	17
chr8	101173720	101175701	-	17	16
chr8	130035697	130036750	-	17	13
chr8	133574059	133576540	+	17	15
chr8	143914103	143914447	+	17	17
chr9	6512937	6514474	-	17	16
chr9	15407359	15407533	+	17	17
chr9	35082771	35084930	+	17	15
chr9	35768094	35771610	+	17	17
chr9	41483393	41486263	+	17	15
chr9	70372631	70375330	-	17	13
chr9	75189864	75191129	+	17	15
chr9	80543836	80544266	-	17	14
chr9	80684717	80686723	+	17	15
chr9	80820473	80822944	+	17	14
chr9	91423840	91424507	-	17	13
chr9	107574896	107595731	-	17	17
chr9	108790089	108790438	+	17	15
chr9	114653413	114655394	+	17	16
chr9	131245270	131250298	+	17	14
chr9	132373119	132375001	-	17	14
chr9	136424121	136428371	-	17	14
chr9	137287299	137289642	+	17	16
chr10	7749700	7750939	-	17	17
chr10	8076931	8077549	-	17	12
chr10	8082889	8086556	+	17	16
chr10	17209658	17212660	-	17	15
chr10	24568962	24569066	+	17	15
chr10	42314314	42320547	-	17	12
chr10	58400077	58401656	+	17	15
chr10	71889112	71889991	+	17	16
chr10	72288209	72290824	-	17	16
chr10	86401523	86402064	+	17	15
chr10	91902420	91905338	-	17	12
chr10	97299143	97303901	+	17	17
chr10	102671543	102673476	-	17	15
chr10	103366323	103367883	-	17	17
chr10	119205570	119207269	-	17	15
chr11	273908	277231	-	17	15
chr11	344554	352014	+	17	16
chr11	2934088	2936077	+	17	17
chr11	6064794	6065107	+	17	14
chr11	6683833	6684508	+	17	16
chr11	13623051	13623135	-	17	17
chr11	30345878	30347937	+	17	13
chr11	45832359	45832539	-	17	16
chr11	60072518	60072760	-	17	17
chr11	66004446	66006425	+	17	15
chr11	66612165	66615964	+	17	15
chr11	66683180	66683580	-	17	17
chr11	67286795	67288138	+	17	15
chr11	67873692	67873970	+	17	17
chr11	82819241	82822842	-	17	13
chr11	103540168	103540349	-	17	17
chr11	112378481	112381993	+	17	16
chr11	118191876	118193637	-	17	16
chr11	129862108	129863327	-	17	17
chr12	6184759	6185522	+	17	17
chr12	6718791	6722587	+	17	17
chr12	8540910	8542231	-	17	13
chr12	12646438	12647212	+	17	16
chr12	14772288	14774114	-	17	17
chr12	14938726	14942024	-	17	15
chr12	32006251	32010578	-	17	16
chr12	39508013	39509031	+	17	15
chr12	52005789	52006935	-	17	15
chr12	52016450	52018510	-	17	15
chr12	52981781	53002697	-	17	16
chr12	56264101	56266422	-	17	14
chr12	68805948	68807641	-	17	12
chr12	92943381	92946539	+	17	13
chr12	95003777	95004353	+	17	17
chr12	98606774	98608753	+	17	15
chr12	118373164	118374798	+	17	14
chr12	122424120	122429058	-	17	17
chr12	123440162	123443978	+	17	15
chr12	124892085	124893917	-	17	12
chr12	124917509	124920402	+	17	17
chr12	128046444	128046557	+	17	16
chr12	132182479	132186521	-	17	15
chr12	132762236	132763611	+	17	16
chr13	22385043	22437121	-	17	17
chr13	22854043	22854147	+	17	17
chr13	23056691	23084388	+	17	17
chr13	39050592	39050920	-	17	15
chr13	40929634	40931760	+	17	16
chr13	45300492	45304388	+	17	15
chr13	72614716	72614844	-	17	17
chr13	73023316	73027255	+	17	16
chr13	104569993	104570127	+	17	7
chr14	49559790	49563102	-	17	17
chr14	50417163	50418480	-	17	16
chr14	52284156	52286765	+	17	16
chr14	65375740	65379455	+	17	15
chr14	67617434	67619906	-	17	16
chr14	73225908	73226486	-	17	17
chr14	77500981	77504269	-	17	9
chr14	77781463	77788867	+	17	16
chr14	86875029	86877250	-	17	16
chr14	90050284	90050590	-	17	16
chr14	99096462	99107611	+	17	16
chr14	102305307	102307429	+	17	16
chr14	102748437	102759179	-	17	15
chr14	106834503	106837169	-	17	14
chr15	22479151	22479985	-	17	13
chr15	23056679	23056973	+	17	17
chr15	34068298	34071758	-	17	15
chr15	34115640	34128600	+	17	14
chr15	45201196	45202299	+	17	16
chr15	51627822	51631001	+	17	14
chr15	60412580	60416440	-	17	14
chr15	65134167	65136856	+	17	12
chr15	65894805	65895075	-	17	16
chr15	72231880	72233441	+	17	15
chr16	1492136	1492828	-	17	16
chr16	2215780	2215928	-	17	16
chr16	22343052	22345786	+	17	14
chr16	30070973	30073129	-	17	11
chr16	30209156	30212624	+	17	17
chr16	30792416	30792515	-	17	17
chr16	31203502	31205517	+	17	16
chr16	68598929	68601192	+	17	14
chr16	69755409	69756479	-	17	17
chr16	75283981	75287106	-	17	15
chr16	85985389	85985633	+	17	15
chr16	88689507	88690270	-	17	11
chr17	1756909	1760178	+	17	15
chr17	17244235	17246071	-	17	14
chr17	38868543	38869776	-	17	17
chr17	40107435	40109403	+	17	11
chr17	42312993	42313307	+	17	15
chr17	44168013	44169829	+	17	17
chr17	45180213	45188273	-	17	17
chr17	47447399	47449201	+	17	13
chr17	49191391	49193745	-	17	13
chr17	75309894	75312922	-	17	17
chr17	81663448	81664398	-	17	15
chr18	517904	521844	-	17	17
chr18	23586572	23588460	+	17	15
chr18	24135835	24138860	+	17	15
chr18	45981434	45982867	-	17	13
chr18	54988917	54989967	-	17	17
chr18	70685134	70747286	-	17	16
chr18	79839763	79844537	+	17	8
chr19	767728	776286	+	17	15
chr19	1938263	1938748	+	17	15
chr19	7562669	7569944	+	17	17
chr19	8408913	8411206	+	17	15
chr19	15225005	15225315	+	17	17
chr19	22100222	22119400	-	17	16
chr19	39800766	39800873	-	17	17
chr19	43401035	43401232	-	17	17
chr19	43673383	43677268	+	17	15
chr19	47216104	47218311	-	17	15
chr19	47254589	47255337	-	17	17
chr19	47769077	47772540	+	17	15
chr19	48768975	48787346	-	17	17
chr19	51536523	51536810	-	17	16
chr20	3091066	3093356	-	17	15
chr20	7968889	7971067	-	17	13
chr20	21558441	21563814	+	17	17
chr20	32180438	32181308	-	17	13
chr20	36972975	36976053	-	17	15
chr20	37475393	37481262	-	17	15
chr20	37487311	37489223	-	17	14
chr20	37955241	37958244	-	17	16
chr20	39435388	39435688	-	17	16
chr20	39479303	39586210	-	17	17
chr21	22783911	22784083	-	17	17
chr21	28707332	28708843	-	17	15
chr21	43805392	43805722	-	17	15
chr22	23929965	23931528	-	17	16
chr22	25529499	25532414	+	17	14
chr22	30919667	30922269	-	17	16
chr22	38076590	38076983	+	17	15
chr22	39089426	39090584	-	17	14
chr22	46137751	46138902	+	17	15
chr22	47219332	47220123	-	17	15
chrX	12986480	12990602	+	17	13
chrX	30316129	30544382	+	17	17
chrX	39176825	39183665	-	17	13
chrX	41494448	41510736	-	17	16
chrX	47816989	47817090	-	17	16
chrX	50905895	50906334	+	17	16
chrX	53171659	53177236	+	17	12
chrX	53186402	53188727	-	17	17
chrX	57615757	57619732	+	17	13
chrX	71016206	71018246	-	17	16
chrX	71319641	71321595	-	17	17
chrX	71365127	71365929	-	17	16
chrX	79376670	79378421	+	17	17
chrX	101343266	101345651	-	17	16
chrX	104454647	104454787	+	17	17
chrX	114065337	114268704	+	17	17
chrX	141825506	141825631	-	17	16
chrX	155749456	155753136	+	17	16
chrY	7153341	7154409	-	17	17
chrY	12985996	12986708	-	17	17
chrY	17756257	17756539	-	17	17
chrY	20922824	20923385	-	17	17
chrY	21264616	21266048	+	17	13
GL000195.1	141012	142505	+	17	14
KI270711.1	17253	17638	+	17	16
KI270719.1	91986	93273	+	17	16
chr1	8151905	8184001	-	16	15
chr1	19278701	19281801	-	16	15
chr1	19329939	19331499	-	16	15
chr1	26493390	26510441	-	16	16
chr1	30780184	30781746	-	16	10
chr1	31171737	31171862	+	16	16
chr1	32726107	32732754	-	16	16
chr1	37487991	37490295	-	16	14
chr1	44843596	44844787	-	16	12
chr1	45753579	45753734	+	16	16
chr1	51278441	51282675	+	16	14
chr1	52614786	52616305	-	16	15
chr1	53224702	53226604	-	16	15
chr1	66988631	66994296	-	16	16
chr1	72282666	72282976	-	16	13
chr1	77221162	77226033	+	16	16
chr1	89045100	89047841	-	16	13
chr1	102462417	102651153	-	16	16
chr1	108015212	108017047	+	16	12
chr1	119030179	119030728	-	16	15
chr1	120149087	120150884	-	16	14
chr1	120480181	120480496	+	16	14
chr1	144383667	144384993	-	16	13
chr1	146062259	146064089	-	16	15
chr1	149583324	149583614	+	16	14
chr1	150596729	150599487	+	16	15
chr1	150641039	150645617	-	16	12
chr1	153646414	153649071	+	16	15
chr1	156140698	156142124	+	16	8
chr1	156190023	156193830	-	16	14
chr1	161967090	161970277	+	16	15
chr1	162487041	162487202	-	16	16
chr1	170553486	170553831	+	16	15
chr1	171593566	171595268	+	16	16
chr1	173282491	173282983	-	16	15
chr1	180893240	180893596	-	16	14
chr1	184772221	184774152	-	16	10
chr1	193294621	193295530	+	16	13
chr1	198322421	198322678	+	16	14
chr1	206750843	206751241	+	16	12
chr1	219258725	219261020	+	16	13
chr1	223172552	223173468	+	16	15
chr1	224203676	224204512	+	16	14
chr1	226186952	226187323	+	16	13
chr2	7092321	7093966	+	16	15
chr2	9580655	9583223	+	16	16
chr2	53052770	53056070	-	16	13
chr2	61612455	61697281	+	16	16
chr2	62151784	62156068	-	16	15
chr2	62158106	62163761	+	16	13
chr2	64767442	64769870	+	16	14
chr2	68274727	68279745	+	16	13
chr2	69438336	69439300	-	16	16
chr2	75012290	75016399	+	16	13
chr2	86496359	86498746	+	16	15
chr2	95206348	95207361	-	16	14
chr2	97753471	97755252	+	16	14
chr2	98741336	98744944	+	16	14
chr2	108696797	108699911	-	16	15
chr2	112579318	112580921	-	16	14
chr2	117054414	117139428	-	16	16
chr2	119297591	119301516	-	16	12
chr2	160718513	160829608	+	16	14
chr2	161988214	161991263	-	16	14
chr2	175168527	175172165	+	16	16
chr2	186452190	186452568	+	16	14
chr2	190846161	190849338	-	16	16
chr2	190879158	190879562	+	16	15
chr2	191205261	191205684	+	16	12
chr2	202361891	202364691	-	16	16
chr2	203611267	203625261	+	16	16
chr2	216208770	216209089	+	16	15
chr2	219190496	219194453	+	16	14
chr2	219278679	219279091	-	16	15
chr2	224445551	224454388	-	16	10
chr2	231558288	231563158	+	16	13
chr3	11771508	11772616	-	16	15
chr3	11778219	11779888	-	16	12
chr3	23984417	23987727	+	16	16
chr3	32571254	32572514	+	16	15
chr3	44873723	44874046	+	16	16
chr3	48121661	48134668	-	16	16
chr3	49437249	49441653	-	16	14
chr3	49449982	49453578	+	16	14
chr3	57603379	57605107	-	16	15
chr3	57619153	57619263	+	16	15
chr3	58426727	58427547	-	16	15
chr3	67012834	67013200	-	16	15
chr3	72723565	72734534	-	16	14
chr3	101599802	101600570	-	16	16
chr3	108091964	108094060	+	16	15
chr3	121948480	121948823	-	16	16
chr3	143968345	143971539	-	16	16
chr3	149122213	149125115	-	16	15
chr3	153068005	153068383	+	16	15
chr3	170037290	170037718	-	16	13
chr3	179394977	179395958	+	16	15
chr3	183445982	183447516	-	16	14
chr3	184184539	184185422	+	16	14
chr3	193705236	193706959	+	16	11
chr3	194581598	194583908	-	16	14
chr3	195271721	195274550	-	16	15
chr3	195508147	195510573	-	16	13
chr4	1342627	1344499	-	16	12
chr4	6242051	6242164	-	16	16
chr4	6623422	6628718	-	16	16
chr4	25721280	25723029	-	16	14
chr4	39043384	39044888	-	16	12
chr4	40308390	40313241	+	16	14
chr4	56466045	56466449	+	16	16
chr4	70694431	70696455	+	16	14
chr4	79899127	79900089	-	16	13
chr4	82209969	82210076	-	16	16
chr4	108281175	108284886	+	16	14
chr4	108668090	108669728	+	16	12
chr4	132771825	132771933	-	16	15
chr4	134952137	134952258	-	16	16
chr4	139213627	139214153	-	16	13
chr4	163493620	163494035	+	16	15
chr4	173329796	173330190	-	16	15
chr4	174230010	174232891	-	16	15
chr4	174232943	174233296	+	16	15
chr4	184481443	184482778	-	16	15
chr4	188068396	188068565	+	16	16
chr4	188739496	188740206	-	16	15
chr5	5795560	5796356	+	16	7
chr5	21051514	21090259	+	16	14
chr5	36455486	36455587	+	16	16
chr5	42959270	42959719	-	16	6
chr5	43811160	43811292	-	16	16
chr5	66094212	66097547	-	16	16
chr5	71144002	71144378	-	16	16
chr5	80543206	80545354	+	16	11
chr5	82429538	82429673	-	16	15
chr5	83009122	83011757	-	16	13
chr5	97442071	97442395	+	16	14
chr5	99249713	99249807	+	16	15
chr5	100958025	100961116	+	16	11
chr5	112922315	112924560	+	16	14
chr5	126679506	126737248	+	16	16
chr5	138461506	138465175	+	16	16
chr5	143252035	143257210	-	16	14
chr5	166723877	166724013	-	16	15
chr5	170084989	170086696	+	16	13
chr5	170090114	170090480	+	16	15
chr5	171840503	171840911	-	16	14
chr5	176522054	176524001	-	16	13
chr5	178154352	178165274	+	16	16
chr5	180582071	180584570	+	16	14
chr6	4007236	4007824	+	16	16
chr6	14244897	14249458	+	16	13
chr6	26209950	26212790	+	16	12
chr6	27443286	27444922	-	16	12
chr6	27901060	27902440	+	16	14
chr6	31205881	31208262	+	16	15
chr6	31397688	31399481	-	16	15
chr6	31565022	31567121	+	16	13
chr6	31840355	31844014	-	16	14
chr6	33594252	33612404	-	16	15
chr6	41287028	41288211	+	16	13
chr6	53219931	53220623	-	16	15
chr6	53233617	53235326	+	16	14
chr6	80352050	80355400	+	16	15
chr6	80416307	80416728	-	16	16
chr6	84559078	84559252	-	16	16
chr6	89638813	89641006	+	16	16
chr6	105947494	105970484	-	16	16
chr6	107688256	107689204	-	16	14
chr6	110816179	110818033	+	16	12
chr6	110872795	110874671	-	16	14
chr6	110981224	110981977	-	16	16
chr6	118455092	118456694	-	16	14
chr6	134167056	134168426	-	16	14
chr6	134167431	134168702	+	16	12
chr6	134783454	134783628	+	16	16
chr6	149416283	149416624	+	16	12
chr6	160120079	160121394	+	16	14
chr7	5095489	5100572	-	16	11
chr7	6295545	6311055	+	16	16
chr7	7635122	7636425	-	16	16
chr7	23019656	23086376	+	16	16
chr7	66918472	66921092	-	16	14
chr7	67239578	67242918	+	16	15
chr7	73744100	73753947	-	16	16
chr7	76452434	76455451	-	16	15
chr7	76635498	76638144	+	16	16
chr7	89389204	89389308	-	16	16
chr7	103153650	103155401	+	16	11
chr7	106286382	106287756	+	16	13
chr7	108465160	108470330	-	16	16
chr7	121341629	121342240	-	16	14
chr7	128666535	128666994	-	16	16
chr7	129600198	129604258	-	16	14
chr7	130150084	130151463	+	16	16
chr7	133167991	133168842	-	16	16
chr7	139021498	139023667	-	16	16
chr7	142324889	142328274	-	16	11
chr7	142788334	142790097	-	16	13
chr7	143565907	143566333	+	16	15
chr7	143742600	143745693	-	16	15
chr7	144445512	144447312	+	16	16
chr7	148964771	148965055	+	16	4
chr7	151027680	151028283	-	16	15
chr7	151520147	151522714	+	16	11
chr7	152892224	152895358	+	16	10
chr7	158707704	158712874	-	16	15
chr8	66707	68359	-	16	16
chr8	6344869	6381371	+	16	15
chr8	38100433	38104854	-	16	13
chr8	41926223	41927797	+	16	16
chr8	43137512	43139982	-	16	16
chr8	47757124	47758831	-	16	16
chr8	48068414	48069558	+	16	11
chr8	55826531	55828344	+	16	12
chr8	66614436	66615297	+	16	16
chr8	70107910	70109780	-	16	15
chr8	77024233	77027801	+	16	13
chr8	80527254	80527538	-	16	16
chr8	89836095	89840891	-	16	13
chr8	93989397	93991357	-	16	12
chr8	108507816	108510106	+	16	13
chr8	114370358	114567846	-	16	16
chr9	19895525	19895708	-	16	16
chr9	27690742	27694759	+	16	16
chr9	35025907	35028587	-	16	16
chr9	36128511	36132923	-	16	13
chr9	36565050	36565162	+	16	15
chr9	37465967	37469228	+	16	16
chr9	41496027	41496463	+	16	14
chr9	42666524	42667261	-	16	16
chr9	63814558	63817528	-	16	15
chr9	69760423	69762207	+	16	15
chr9	80671771	80672099	-	16	14
chr9	83551490	83554236	-	16	11
chr9	92674039	92676266	-	16	16
chr9	92686791	92687143	-	16	16
chr9	92941421	92941537	+	16	15
chr9	96884496	96886741	-	16	14
chr9	104705338	104705728	+	16	14
chr9	112208783	112209920	+	16	15
chr9	114604217	114606842	+	16	14
chr9	120930031	120931648	-	16	13
chr9	128696619	128699921	+	16	16
chr9	129775841	129776512	-	16	15
chr9	129882760	129883659	+	16	16
chr9	131247343	131248948	-	16	16
chr9	131541830	131544179	-	16	15
chr10	3893173	3894810	+	16	14
chr10	6259971	6260385	+	16	13
chr10	7149141	7149254	+	16	16
chr10	8351040	8351157	+	16	15
chr10	22003817	22006513	+	16	12
chr10	38380969	38382601	-	16	15
chr10	53468919	53472034	-	16	16
chr10	68796119	68807293	-	16	16
chr10	69058361	69059393	+	16	14
chr10	74751722	74819040	-	16	16
chr10	74800938	74809900	+	16	16
chr10	79658140	79660854	-	16	16
chr10	99773665	99775791	-	16	16
chr10	102086704	102087611	-	16	15
chr10	102106538	102106842	-	16	16
chr10	112941790	112947917	+	16	14
chr10	118755338	118756555	+	16	13
chr10	123179518	123183124	+	16	15
chr10	124792351	124795256	+	16	14
chr10	131963827	131965085	-	16	14
chr10	133277331	133278628	-	16	12
chr11	1518787	1520478	-	16	15
chr11	30338225	30339743	+	16	14
chr11	61296807	61298079	-	16	16
chr11	61399451	61402179	-	16	11
chr11	62556344	62559070	+	16	12
chr11	62591836	62593204	+	16	16
chr11	64329945	64331268	-	16	15
chr11	65260190	65260730	-	16	13
chr11	65466913	65468743	+	16	12
chr11	86196693	86196802	+	16	16
chr11	104236392	104236519	-	16	15
chr11	121648451	121650807	+	16	15
chr11	123019291	123019622	+	16	16
chr11	123037584	123039557	+	16	13
chr12	684739	686343	-	16	16
chr12	9129512	9130991	-	16	11
chr12	10600219	10600846	-	16	14
chr12	11342868	11343994	+	16	13
chr12	11648252	11649734	-	16	16
chr12	11898220	11900227	+	16	14
chr12	31873910	31876620	+	16	15
chr12	32667943	32678762	-	16	10
chr12	45914627	45919113	-	16	15
chr12	51089499	51092688	-	16	15
chr12	61342760	61342885	+	16	16
chr12	67685411	67686140	-	16	16
chr12	68475212	68475299	+	16	16
chr12	73354794	73506162	+	16	16
chr12	91875810	91876891	-	16	15
chr12	98508372	98511445	-	16	11
chr12	98591966	98593478	-	16	13
chr12	100017030	100019688	-	16	13
chr12	113192456	113194325	+	16	15
chr12	116277863	116279773	+	16	13
chr12	121594019	121597706	-	16	15
chr12	132481136	132484409	-	16	14
chr12	132594570	132595073	+	16	16
chr12	132961131	132971847	-	16	13
chr13	45118666	45120365	-	16	14
chr13	45318037	45320796	+	16	14
chr13	109469296	109471563	-	16	12
chr14	22589607	22592195	+	16	16
chr14	30369280	30369439	+	16	16
chr14	30620647	30622186	+	16	16
chr14	30829039	30829380	+	16	14
chr14	35043709	35044822	-	16	15
chr14	50842013	50842914	+	16	16
chr14	51265757	51269421	+	16	14
chr14	61797115	61797543	-	16	14
chr14	65368155	65370527	-	16	16
chr14	69040713	69043729	-	16	15
chr14	76892393	76912864	+	16	16
chr14	95475903	95477817	-	16	16
chr14	103514603	103514921	-	16	16
chr15	40732482	40735610	-	16	16
chr15	41514571	41516177	+	16	12
chr15	49820783	49823423	-	16	12
chr15	55176888	55180359	-	16	16
chr15	63309983	63313565	+	16	12
chr15	65035560	65035781	-	16	15
chr15	74913870	74916893	-	16	16
chr15	74915723	74918000	+	16	14
chr15	78538952	78540128	-	16	13
chr15	82806617	82809581	-	16	14
chr15	84658690	84659123	-	16	16
chr15	89821656	89821962	+	16	14
chr15	96842855	96842960	+	16	16
chr16	712907	713598	+	16	16
chr16	4460229	4460819	+	16	15
chr16	15227623	15265131	+	16	15
chr16	17046562	17047379	+	16	15
chr16	21374501	21376282	-	16	11
chr16	25453955	25454061	-	16	16
chr16	26484195	26484325	-	16	16
chr16	30627200	30628610	+	16	16
chr16	31596895	31598012	-	16	15
chr16	31712251	31712656	+	16	16
chr16	50663210	50663918	-	16	14
chr16	69092553	69094013	-	16	15
chr16	71809562	71812915	-	16	16
chr16	77189661	77190289	-	16	15
chr16	81387564	81388824	+	16	15
chr16	81443531	81444714	-	16	12
chr16	88118100	88118864	-	16	16
chr17	1418223	1419222	+	16	13
chr17	2403984	2405523	-	16	16
chr17	8271480	8272822	+	16	15
chr17	9248497	9250456	-	16	16
chr17	16502732	16513427	-	16	16
chr17	18814797	18815969	+	16	16
chr17	20595755	20603009	+	16	16
chr17	27320346	27323176	+	16	14
chr17	28199356	28201522	+	16	12
chr17	39250826	39252488	-	16	11
chr17	41797242	41798094	-	16	16
chr17	42186117	42188711	-	16	13
chr17	42276709	42281791	+	16	15
chr17	44223819	44228161	+	16	16
chr17	45180280	45190863	+	16	15
chr17	45589292	45594538	+	16	16
chr17	48872150	48874598	+	16	16
chr17	59540315	59551315	-	16	16
chr17	63446428	63449261	+	16	11
chr17	67986066	67987152	+	16	14
chr17	74491138	74492866	+	16	14
chr17	74980530	74981653	-	16	16
chr17	75183104	75192576	+	16	15
chr17	76256220	76256774	-	16	8
chr17	80455096	80455632	+	16	16
chr18	13792269	13819359	+	16	16
chr18	15286318	15286455	+	16	16
chr18	35146747	35147089	-	16	16
chr18	45967845	45971594	+	16	15
chr18	49475352	49476660	-	16	12
chr18	54146835	54147783	-	16	16
chr19	2504522	2510583	+	16	14
chr19	3956437	3957893	+	16	16
chr19	4082374	4082861	+	16	15
chr19	9520115	9520875	+	16	16
chr19	10346154	10346681	-	16	16
chr19	11271586	11287852	-	16	16
chr19	11986199	11987611	-	16	13
chr19	12682062	12682665	-	16	12
chr19	13103347	13104889	+	16	16
chr19	14420575	14422338	+	16	13
chr19	15348490	15349083	+	16	14
chr19	17399581	17402787	-	16	15
chr19	17866774	17868481	-	16	14
chr19	18255613	18256776	+	16	15
chr19	34473235	34475005	+	16	16
chr19	37733745	37735498	-	16	12
chr19	41445301	41448533	+	16	13
chr19	44998682	45000353	+	16	15
chr19	46285962	46286135	+	16	16
chr19	47277414	47280807	+	16	13
chr19	48111164	48112973	-	16	14
chr19	49548520	49553571	+	16	13
chr19	51405134	51409612	-	16	15
chr19	51516917	51517746	-	16	12
chr19	53844304	53845785	-	16	14
chr19	54921361	54923479	+	16	15
chr20	2830092	2832560	-	16	15
chr20	4685274	4686307	-	16	14
chr20	23345655	23346002	-	16	13
chr20	31588419	31593341	+	16	16
chr20	38800641	38801840	-	16	16
chr20	40681162	40685797	-	16	14
chr20	41693660	41694313	+	16	12
chr20	44286348	44287378	-	16	16
chr20	49194255	49199057	+	16	14
chr20	53672431	53702448	-	16	13
chr20	62120898	62121762	-	16	14
chr20	62794625	62796298	-	16	13
chr21	15886375	15887640	-	16	15
chr21	28780236	28781338	-	16	14
chr21	28994536	28997243	-	16	14
chr21	31640357	31641442	-	16	16
chr21	32222689	32231798	+	16	16
chr21	43714159	43715903	-	16	14
chr21	44132145	44133015	+	16	16
chr22	12115932	12181093	+	16	15
chr22	17077679	17079618	+	16	15
chr22	17782278	17784721	+	16	14
chr22	18588332	18589691	-	16	16
chr22	19858916	19859500	-	16	15
chr22	20076251	20077597	-	16	16
chr22	26792133	26792539	-	16	16
chr22	31349119	31354490	+	16	16
chr22	35360249	35366909	-	16	16
chr22	39346111	39346973	+	16	15
chr22	40940256	40943579	+	16	14
chr22	42071503	42073016	+	16	14
chr22	47431306	47433711	-	16	13
chr22	49839144	49840961	+	16	11
chr22	50543221	50544482	-	16	15
chrX	13686826	13689025	-	16	9
chrX	21995096	21997981	+	16	14
chrX	35021119	35021248	-	16	16
chrX	48608991	48609544	+	16	15
chrX	53927488	53929705	+	16	16
chrX	57176309	57177574	+	16	16
chrX	65094271	65094686	-	16	14
chrX	76193088	76194601	+	16	14
chrX	77503925	77504466	-	16	14
chrX	78765575	78765913	+	16	16
chrX	100960713	100963449	+	16	14
chrX	103672030	103675124	-	16	12
chrX	107465165	107466865	+	16	13
chrX	108991381	108991545	+	16	14
chrX	117143657	117274141	-	16	16
chrX	119221742	119221890	+	16	14
chrX	119774687	119782143	+	16	14
chrX	121685651	121863546	-	16	16
chrX	125399644	125399729	+	16	12
chrX	145436854	145438523	+	16	16
chrX	146042543	146062082	+	16	15
chrY	1644331	1659022	-	16	16
chrY	1771015	1771406	-	16	13
chrY	7381994	7382373	+	16	15
chrY	13029084	13029790	-	16	16
chrY	13571460	13571664	+	16	15
chrY	19609479	19610795	+	16	16
chrY	19684270	19685293	-	16	15
chrY	21136491	21149870	-	16	13
chrY	21188841	21191340	-	16	9
chrY	24318695	24319059	+	16	16
GL000219.1	68325	70539	-	16	15
KI270718.1	34399	36824	-	16	15
KI270744.1	39479	39784	-	16	14
chr1	8912240	8914146	+	15	14
chr1	9649052	9651428	-	15	13
chr1	12017076	12019158	-	15	14
chr1	25430331	25430840	+	15	15
chr1	36632260	36633480	+	15	15
chr1	38322725	38329299	-	15	15
chr1	52588119	52594027	-	15	15
chr1	54524983	54525105	+	15	15
chr1	55216637	55217454	+	15	12
chr1	62782225	62783959	-	15	13
chr1	83170485	83170600	+	15	13
chr1	83338736	83340189	-	15	12
chr1	83353344	83355897	-	15	12
chr1	85201451	85203338	+	15	14
chr1	87328581	87328876	+	15	13
chr1	90898368	90903298	+	15	14
chr1	100986219	100989504	-	15	13
chr1	105707755	105890291	-	15	15
chr1	108558855	108559995	-	15	11
chr1	108703066	108705135	+	15	12
chr1	110640405	110641079	+	15	13
chr1	111185105	111185776	-	15	15
chr1	114383971	114386044	-	15	12
chr1	148680658	148681008	-	15	15
chr1	148767645	148769470	-	15	15
chr1	148789718	148791024	-	15	14
chr1	149578423	149579283	+	15	12
chr1	150768558	150771490	-	15	11
chr1	150924497	150926113	-	15	14
chr1	151337658	151340383	+	15	15
chr1	153700911	153701648	+	15	15
chr1	155000565	155002112	-	15	13
chr1	157138535	157141980	+	15	13
chr1	157736048	157738782	-	15	13
chr1	160359244	160359662	-	15	15
chr1	160666652	160668617	-	15	13
chr1	162616267	162618120	-	15	13
chr1	167218174	167219814	-	15	14
chr1	167709344	167709995	+	15	13
chr1	171742522	171743754	+	15	15
chr1	173411446	173412037	+	15	15
chr1	178579055	178579510	-	15	11
chr1	180897771	180898191	-	15	13
chr1	182834881	182837162	+	15	13
chr1	192963661	192966158	-	15	14
chr1	194257051	194257557	-	15	15
chr1	197212577	197214828	+	15	13
chr1	198941018	198941123	-	15	15
chr1	214338215	214338787	+	15	12
chr1	217157527	217255029	-	15	15
chr1	222554753	222555193	-	15	14
chr1	224023457	224023989	+	15	13
chr1	224194041	224194369	-	15	14
chr1	228508706	228510132	+	15	14
chr1	234934057	234934703	-	15	13
chr1	247185728	247186917	-	15	13
chr2	16468055	16478620	-	15	1
chr2	23728751	23731051	-	15	15
chr2	27426619	27427707	-	15	14
chr2	32316898	32319343	-	15	14
chr2	42836548	42871973	+	15	12
chr2	57463493	57467957	-	15	9
chr2	57518852	57522545	-	15	13
chr2	61056867	61059063	+	15	15
chr2	83062000	83140731	+	15	15
chr2	86814089	86815044	+	15	12
chr2	97590071	97591679	+	15	13
chr2	97743415	97745834	-	15	14
chr2	113756762	113757917	+	15	13
chr2	117813949	117814661	-	15	12
chr2	121776092	121776219	-	15	15
chr2	127410486	127413202	-	15	15
chr2	130349874	130351411	-	15	13
chr2	130394924	130396942	+	15	11
chr2	130398320	130400810	+	15	14
chr2	144658385	144660931	-	15	14
chr2	152113817	152115131	+	15	14
chr2	157334944	157338586	-	15	14
chr2	157410576	157413981	+	15	15
chr2	169582400	169584230	-	15	15
chr2	174064025	174066363	-	15	12
chr2	186029272	186032627	-	15	14
chr2	189315035	189346243	-	15	15
chr2	189766007	189767587	+	15	14
chr2	196947671	196948754	-	15	15
chr2	197477404	197480378	+	15	14
chr2	200838776	200839140	+	15	11
chr2	200866185	200869350	-	15	13
chr2	230316151	230317093	+	15	15
chr2	231690013	231692979	-	15	13
chr2	239402384	239404892	+	15	15
chr3	23693372	23693474	-	15	15
chr3	30603522	30604727	-	15	13
chr3	32520143	32522089	-	15	14
chr3	33106402	33109258	-	15	14
chr3	33457752	33462386	-	15	14
chr3	40644775	40645445	+	15	13
chr3	48905628	48913453	+	15	14
chr3	52810711	52812709	-	15	15
chr3	53220965	53222480	-	15	15
chr3	70945898	70948604	-	15	14
chr3	121750494	121751313	+	15	15
chr3	121954603	121956425	-	15	12
chr3	122794084	122794761	+	15	12
chr3	129233476	129236596	+	15	15
chr3	131443953	131444294	-	15	13
chr3	137904693	137904849	+	15	15
chr3	141926562	141927485	+	15	12
chr3	142276161	142277464	+	15	9
chr3	143074137	143076725	+	15	12
chr3	144485606	144486016	-	15	14
chr3	152156933	152160413	-	15	12
chr3	156724595	156726004	+	15	15
chr3	160486104	160487548	-	15	12
chr3	170085783	170086682	-	15	14
chr3	171518908	171519031	+	15	15
chr3	172747675	172750043	-	15	12
chr3	182923643	182927868	-	15	14
chr3	183486632	183487423	+	15	15
chr3	196432999	196433338	+	15	12
chr4	839137	843626	-	15	13
chr4	1857279	1860009	+	15	14
chr4	15465515	15466725	-	15	13
chr4	24584762	24585252	+	15	13
chr4	41962773	41965193	-	15	15
chr4	45917170	45917445	+	15	15
chr4	71047934	71050845	+	15	15
chr4	77040621	77043629	-	15	15
chr4	77983309	77984503	-	15	15
chr4	82464804	82466938	-	15	14
chr4	101017119	101018783	-	15	13
chr4	112443133	112445562	+	15	15
chr4	143511956	143513364	-	15	15
chr4	151405398	151407473	-	15	10
chr4	169091449	169092890	-	15	15
chr4	174586219	174586509	-	15	15
chr5	1453588	1456121	-	15	9
chr5	1634075	1634766	+	15	13
chr5	16336241	16338375	+	15	15
chr5	18686248	18687679	-	15	14
chr5	37074564	37076145	+	15	13
chr5	41901355	41903981	-	15	15
chr5	50486987	50597994	-	15	12
chr5	53876692	53878577	-	15	13
chr5	54554396	54555788	+	15	15
chr5	58505873	58506424	+	15	11
chr5	68303073	68303571	+	15	14
chr5	69598703	69598953	+	15	15
chr5	70046267	70049352	+	15	14
chr5	70078564	70080693	+	15	13
chr5	71135009	71135936	+	15	15
chr5	71186244	71187901	+	15	13
chr5	80087357	80089194	-	15	13
chr5	80258269	80259437	-	15	13
chr5	97080652	97081149	+	15	15
chr5	98340080	98340444	+	15	15
chr5	115561623	115563628	-	15	13
chr5	131153093	131155087	+	15	12
chr5	138108296	138108693	-	15	14
chr5	142154743	142156644	+	15	13
chr5	150439617	150440820	-	15	13
chr5	151163545	151164472	-	15	15
chr5	151356122	151358856	+	15	15
chr5	176539302	176539696	+	15	14
chr5	178127765	178130729	-	15	13
chr5	180365361	180396533	+	15	15
chr6	2940377	2942329	+	15	15
chr6	11091571	11093210	-	15	14
chr6	20087301	20090280	-	15	14
chr6	26113193	26114652	+	15	14
chr6	27808727	27809890	+	15	13
chr6	27889336	27890059	-	15	12
chr6	27894135	27896402	-	15	12
chr6	29964068	29967939	+	15	13
chr6	30521502	30525225	+	15	12
chr6	31209664	31213538	+	15	14
chr6	32485105	32485279	-	15	11
chr6	33343130	33345868	+	15	14
chr6	34584368	34585899	-	15	13
chr6	36114452	36116591	-	15	13
chr6	36628194	36628915	+	15	11
chr6	37118092	37147941	+	15	15
chr6	42087729	42088140	+	15	11
chr6	42090143	42091577	+	15	13
chr6	42694236	42696143	+	15	11
chr6	43036519	43037209	-	15	14
chr6	44111567	44113097	-	15	14
chr6	53237469	53239106	-	15	13
chr6	53248831	53250245	-	15	15
chr6	63594224	63603572	+	15	12
chr6	70607973	70608161	-	15	15
chr6	71829821	71829937	-	15	15
chr6	87667738	87670899	-	15	13
chr6	87781206	87821255	-	15	14
chr6	108558401	108559798	+	15	13
chr6	121414906	121415078	-	15	15
chr6	122434701	122436635	+	15	14
chr6	130513132	130513569	-	15	9
chr6	131289174	131292445	-	15	15
chr6	139064061	139071732	+	15	15
chr6	149177676	149178388	-	15	14
chr6	155900440	155903325	-	15	12
chr6	158228928	158231756	-	15	13
chr7	1327194	1327489	+	15	15
chr7	2483800	2489710	+	15	13
chr7	2866349	2869978	-	15	12
chr7	2893321	2896130	-	15	15
chr7	6659795	6662146	+	15	13
chr7	17773698	17774042	-	15	14
chr7	26657666	26664745	-	15	14
chr7	28949049	28949569	+	15	14
chr7	38254993	38257351	-	15	14
chr7	38719452	38722962	-	15	15
chr7	39916273	39916429	-	15	15
chr7	42888891	42891282	+	15	10
chr7	47667199	47668059	+	15	14
chr7	63566372	63566543	-	15	14
chr7	64509699	64509963	+	15	15
chr7	64716080	64717181	+	15	14
chr7	67249624	67252805	+	15	15
chr7	73413796	73415616	-	15	15
chr7	73523445	73530728	-	15	11
chr7	73672993	73676839	+	15	13
chr7	75150355	75155925	+	15	15
chr7	75181386	75181519	-	15	15
chr7	76456908	76457254	+	15	13
chr7	77972924	77975543	-	15	14
chr7	93087582	93091748	-	15	8
chr7	93096705	93099112	-	15	10
chr7	106909054	106913881	+	15	12
chr7	128289728	128291495	-	15	12
chr7	134644523	134646574	-	15	13
chr7	140221860	140222506	+	15	13
chr7	140228219	140230654	-	15	13
chr7	142517599	142518792	-	15	14
chr7	143378634	143379465	-	15	14
chr7	149230575	149232809	-	15	15
chr7	149524481	149529095	-	15	13
chr7	150485685	150488291	-	15	11
chr8	2199204	2199491	+	15	9
chr8	22243985	22244924	-	15	12
chr8	30061523	30062457	+	15	14
chr8	48071411	48093110	-	15	14
chr8	56057105	56057268	+	15	15
chr8	56062867	56065327	-	15	12
chr8	60985311	60985751	+	15	15
chr8	63166887	63167724	-	15	10
chr8	70542664	70545400	+	15	14
chr8	77020333	77022414	+	15	13
chr8	87900609	87901088	-	15	15
chr8	89887202	89891503	-	15	14
chr8	91095355	91095750	-	15	14
chr8	97249293	97249511	+	15	15
chr8	106756233	106757356	-	15	15
chr8	109151003	109162975	+	15	15
chr8	124280244	124283729	-	15	14
chr8	140635755	140636190	+	15	14
chr9	5880791	5881418	-	15	13
chr9	6517738	6518661	+	15	14
chr9	7667092	7667348	-	15	15
chr9	33284545	33287034	-	15	14
chr9	35564357	35592784	-	15	13
chr9	36305859	36308473	+	15	13
chr9	37034284	37034530	-	15	12
chr9	41447028	41448359	+	15	14
chr9	70419178	70420993	+	15	14
chr9	75149137	75149681	-	15	14
chr9	80351186	80353095	+	15	15
chr9	80693721	80694635	+	15	11
chr9	86260068	86261604	-	15	15
chr9	104718872	104720256	+	15	13
chr9	108038237	108038517	-	15	12
chr9	110172596	110173091	+	15	15
chr9	111894736	111895739	-	15	13
chr9	114394762	114396592	+	15	13
chr9	124055419	124095032	-	15	15
chr9	126509416	126510608	-	15	14
chr9	126552481	126555741	+	15	15
chr9	128367976	128371032	-	15	15
chr9	129380957	129383463	-	15	13
chr9	132355335	132356339	+	15	12
chr10	6402018	6402318	+	15	14
chr10	8849013	8851885	-	15	8
chr10	14816061	14819225	-	15	15
chr10	43550503	43552335	-	15	14
chr10	47210940	47224936	+	15	15
chr10	49809269	49812235	-	15	14
chr10	69086622	69087955	-	15	15
chr10	74713660	74717468	+	15	15
chr10	80092576	80094081	+	15	14
chr10	87199636	87201509	+	15	11
chr10	100186140	100186901	+	15	13
chr10	104120317	104121689	-	15	12
chr10	107505887	107505996	+	15	15
chr10	110287556	110287981	+	15	13
chr10	112916650	112918091	+	15	11
chr10	123225988	123227019	+	15	15
chr11	628982	629778	-	15	7
chr11	2291673	2294206	-	15	13
chr11	6040247	6040720	+	15	14
chr11	9274034	9276216	-	15	15
chr11	15478939	15479041	+	15	15
chr11	40085016	40087525	-	15	12
chr11	40097403	40099223	-	15	12
chr11	46601309	46602852	-	15	14
chr11	46740040	46742956	-	15	15
chr11	61385881	61388188	+	15	12
chr11	63958775	63959800	+	15	14
chr11	67426108	67427522	-	15	10
chr11	69971471	69972424	-	15	9
chr11	73668126	73670823	+	15	14
chr11	73970535	73972037	+	15	15
chr11	93281218	93285038	-	15	12
chr11	98194698	98431801	-	15	15
chr11	118882109	118883695	+	15	14
chr12	270313	272303	-	15	14
chr12	9810950	9812340	+	15	14
chr12	14909235	14911301	-	15	12
chr12	25333435	25335600	+	15	12
chr12	31844825	31846199	-	15	14
chr12	39452568	39454211	-	15	11
chr12	39529012	39529991	-	15	11
chr12	48289473	48292488	+	15	15
chr12	48853406	48853774	+	15	11
chr12	50940038	50944180	-	15	13
chr12	52019485	52020095	+	15	15
chr12	71722523	71724768	+	15	12
chr12	84072442	84072620	-	15	15
chr12	94674423	94676425	-	15	13
chr12	94698391	94700938	-	15	10
chr12	94718495	94721104	-	15	12
chr12	96400497	96401998	+	15	14
chr12	98457145	98458800	+	15	11
chr12	105169537	105172796	+	15	14
chr12	106226463	106227490	-	15	13
chr12	120379602	120380047	-	15	14
chr12	120685779	120686949	-	15	15
chr12	128985411	129004444	-	15	12
chr12	131817034	131817640	-	15	13
chr12	132442956	132446183	-	15	13
chr12	132471419	132472838	-	15	12
chr13	19795143	19807937	+	15	15
chr13	19802076	19805858	-	15	14
chr13	19870716	19871775	+	15	11
chr13	20776483	20776997	-	15	14
chr13	30333985	30336155	-	15	12
chr13	31699643	31701246	-	15	13
chr13	32788287	32790531	+	15	12
chr13	41456447	41457317	-	15	13
chr13	45331774	45332201	+	15	15
chr13	65327279	65584801	+	15	15
chr13	79306324	79310926	-	15	14
chr13	100011827	100025718	-	15	15
chr13	105676246	105676462	-	15	15
chr14	20483601	20484612	+	15	11
chr14	21549155	21558681	-	15	15
chr14	21698283	21698514	+	15	13
chr14	21979403	21980376	+	15	10
chr14	21990939	21991215	+	15	9
chr14	32161760	32163808	+	15	14
chr14	49569898	49570231	+	15	11
chr14	49855050	49855399	+	15	13
chr14	54836074	54840012	-	15	15
chr14	54932305	54932608	+	15	15
chr14	74450147	74470138	-	15	14
chr14	92506639	92507962	+	15	13
chr14	96972422	96972821	-	15	14
chr14	98465118	98465294	-	15	15
chr14	99071803	99072806	-	15	14
chr14	99161774	99164746	+	15	13
chr14	102569818	102582499	-	15	15
chr14	105693196	105695389	+	15	13
chr15	21734731	21735237	-	15	15
chr15	22267039	22267445	-	15	11
chr15	28777921	28778243	+	15	15
chr15	28865407	28879090	-	15	15
chr15	32456343	32459076	-	15	14
chr15	45425838	45426558	+	15	15
chr15	51623072	51624223	+	15	14
chr15	53468140	53469376	-	15	14
chr15	63503725	63504444	+	15	12
chr15	63607139	63607958	-	15	14
chr15	64686088	64686931	+	15	15
chr15	67810374	67810699	-	15	10
chr15	72898589	72899350	-	15	15
chr15	78754477	78756452	+	15	15
chr16	1994641	1996513	-	15	14
chr16	4302742	4303618	+	15	14
chr16	11638662	11641171	+	15	13
chr16	25270851	25273878	+	15	13
chr16	29482747	29483613	+	15	15
chr16	31203948	31206903	-	15	13
chr16	31917447	31917770	-	15	14
chr16	34137329	34137438	+	15	15
chr16	46864836	46878014	+	15	14
chr16	48952451	48952662	+	15	15
chr16	61323357	61353434	+	15	15
chr16	79600851	79602146	+	15	13
chr16	88634514	88638221	+	15	14
chr17	209531	212355	-	15	14
chr17	1630526	1632591	-	15	15
chr17	4705815	4708161	-	15	10
chr17	5737635	5737792	-	15	15
chr17	7032935	7035633	-	15	15
chr17	7155482	7158531	+	15	14
chr17	10659242	10663621	-	15	15
chr17	17494081	17494369	+	15	13
chr17	18269109	18270304	-	15	15
chr17	21281167	21282312	-	15	14
chr17	29058650	29060363	+	15	13
chr17	31007404	31008031	+	15	15
chr17	32054017	32074640	-	15	15
chr17	36543609	36544834	-	15	14
chr17	38699980	38702164	-	15	11
chr17	47688477	47690869	+	15	14
chr17	48062705	48064477	+	15	15
chr17	60175240	60177325	-	15	15
chr17	60676306	60677228	-	15	13
chr17	62988619	62991904	+	15	11
chr17	63594304	63596454	+	15	14
chr17	67984707	67988322	-	15	14
chr17	68170795	68172975	+	15	12
chr17	69556390	69559460	+	15	15
chr17	75133249	75134509	+	15	13
chr17	77505362	77506012	+	15	14
chr17	78782955	78783840	-	15	13
chr17	78982951	78986367	-	15	15
chr17	81554631	81555913	-	15	14
chr17	82296584	82298042	-	15	14
chr18	12032397	12033905	+	15	15
chr18	21600910	21601940	+	15	15
chr18	48952142	48952991	-	15	14
chr18	58658485	58659406	+	15	13
chr18	58758030	58760912	+	15	14
chr18	62983373	63115572	+	15	15
chr18	70282373	70282535	+	15	15
chr19	1174586	1174993	+	15	13
chr19	3473130	3473780	+	15	13
chr19	4242614	4243594	-	15	14
chr19	4812334	4814363	-	15	13
chr19	4867963	4870891	+	15	13
chr19	5791585	5792638	+	15	14
chr19	5816188	5820772	+	15	15
chr19	6656177	6659667	-	15	13
chr19	11533359	11535464	-	15	15
chr19	12310299	12314052	-	15	15
chr19	12944831	12945419	+	15	15
chr19	13170404	13171837	+	15	12
chr19	14078903	14079880	-	15	15
chr19	17735282	17739291	-	15	14
chr19	17824128	17824754	-	15	14
chr19	19896497	19899006	+	15	15
chr19	21387307	21388581	+	15	15
chr19	29898000	29898574	-	15	15
chr19	35638398	35640903	+	15	11
chr19	39523816	39530053	+	15	14
chr19	39945604	39947830	-	15	14
chr19	43328521	43329288	-	15	14
chr19	46464465	46464581	-	15	15
chr19	48258368	48259770	-	15	13
chr19	49628329	49630417	-	15	14
chr19	55751298	55751393	-	15	14
chr19	57331000	57331696	-	15	11
chr20	2450848	2453435	-	15	10
chr20	3830278	3833178	-	15	15
chr20	25001241	25002370	-	15	14
chr20	35099678	35100357	-	15	14
chr20	35112022	35112341	+	15	13
chr20	35611843	35615299	+	15	12
chr20	36959573	36963144	-	15	11
chr20	44855707	44855826	+	15	15
chr20	49199414	49208910	-	15	13
chr20	49210584	49213473	-	15	11
chr20	53834763	53836839	+	15	11
chr20	59337607	59337675	-	15	15
chr20	59951612	59954137	+	15	13
chr21	20031045	20119421	-	15	14
chr21	28689436	28691601	-	15	14
chr21	28704199	28704499	+	15	15
chr21	28750334	28751212	+	15	14
chr21	31009123	31009716	-	15	14
chr21	42300250	42300729	+	15	14
chr21	42399005	42400293	+	15	15
chr21	44876195	44877471	-	15	14
chr21	46633493	46635551	-	15	14
chr22	23760531	23762295	+	15	15
chr22	24010163	24011040	-	15	13
chr22	32386891	32387161	+	15	15
chr22	36485341	36486262	-	15	14
chr22	37666960	37669937	+	15	12
chr22	38876945	38877053	-	15	13
chr22	40715411	40762527	+	15	13
chr22	44483835	44484712	-	15	15
chr22	45870285	45872266	+	15	12
chr22	47414040	47415254	+	15	12
chrX	15789505	15789766	+	15	13
chrX	20122066	20123928	+	15	15
chrX	20142274	20145933	+	15	14
chrX	24053600	24054135	-	15	12
chrX	41331139	41332909	-	15	14
chrX	47109183	47116291	+	15	11
chrX	48885024	48885228	-	15	15
chrX	54639475	54640905	+	15	14
chrX	56571658	56574031	-	15	15
chrX	65273070	65273734	+	15	13
chrX	71117337	71118434	-	15	15
chrX	79399874	79400296	+	15	13
chrX	81328241	81328856	-	15	13
chrX	89406780	89407186	-	15	15
chrX	89476203	89479264	+	15	14
chrX	103326674	103326747	+	15	1
chrX	104157292	104157874	+	15	8
chrX	107615061	107616613	+	15	15
chrX	107651322	107655445	+	15	15
chrX	118692402	118694597	-	15	14
chrX	118794562	118796014	+	15	12
chrX	129778625	129779214	-	15	14
chrX	130167324	130169633	+	15	13
chrX	135034338	135034583	-	15	13
chrX	138021443	138264107	-	15	14
chrX	154490736	154493025	+	15	15
chrY	1055934	1072527	-	15	15
chrY	1665930	1666251	-	15	15
chrY	1921307	1924090	-	15	13
chrY	2163113	2164779	-	15	13
chrY	19636435	19678311	-	15	15
chrY	21172591	21172980	+	15	11
GL000220.1	100317	101652	-	15	13
KI270719.1	76140	76247	+	15	15
KI270734.1	129623	131056	-	15	14
KI270742.1	23295	24293	-	15	14
chr1	1407423	1409019	+	14	13
chr1	1606454	1609726	+	14	12
chr1	1909316	1909874	+	14	13
chr1	2565396	2565864	+	14	14
chr1	2575949	2579646	-	14	14
chr1	7770271	7770722	-	14	11
chr1	9645733	9648017	-	14	10
chr1	17449055	17487937	-	14	14
chr1	17449437	17450953	+	14	13
chr1	19296278	19296602	-	14	13
chr1	23196186	23232479	+	14	14
chr1	25504155	25504473	+	14	14
chr1	25506272	25510884	+	14	13
chr1	27927629	27928845	+	14	13
chr1	28113646	28117279	-	14	14
chr1	28770260	28779486	+	14	13
chr1	32242043	32244601	+	14	13
chr1	34968475	34968739	-	14	14
chr1	35857951	35861500	-	14	12
chr1	39047974	39050319	-	14	12
chr1	40841940	40861053	-	14	12
chr1	43648844	43649884	-	14	12
chr1	47197295	47197878	-	14	10
chr1	52590931	52591732	+	14	13
chr1	60467057	60467198	+	14	14
chr1	62360241	62411847	+	14	14
chr1	64416712	64461723	+	14	13
chr1	68295376	68300029	-	14	14
chr1	83269057	83269509	+	14	13
chr1	88845489	88851099	+	14	13
chr1	90907119	90907836	+	14	12
chr1	92402094	92406456	+	14	11
chr1	100184237	100186598	-	14	11
chr1	105216092	105216321	+	14	14
chr1	108000849	108001225	-	14	12
chr1	108005937	108007212	+	14	11
chr1	108535615	108535764	-	14	13
chr1	109426886	109430995	+	14	13
chr1	120722693	120722955	+	14	13
chr1	144566669	144568933	+	14	14
chr1	145463351	145465585	-	14	14
chr1	145999150	146001774	+	14	14
chr1	147016816	147017113	-	14	14
chr1	149173303	149174090	-	14	14
chr1	149825324	149825709	+	14	14
chr1	151973496	151978093	-	14	14
chr1	152471412	152471776	-	14	14
chr1	153650149	153651671	+	14	14
chr1	154938392	154940244	-	14	13
chr1	155935066	155937352	+	14	14
chr1	160828332	160829618	-	14	14
chr1	168271721	168273145	+	14	14
chr1	178646010	178646555	+	14	11
chr1	226122176	226124636	+	14	13
chr1	226617451	226618124	+	14	13
chr1	228430971	228432383	+	14	12
chr1	229343485	229344029	+	14	9
chr1	232051427	232054014	+	14	13
chr1	232564131	232564591	-	14	12
chr1	234349920	234353926	+	14	8
chr1	235652039	235653758	-	14	12
chr1	244804563	244818607	-	14	14
chr1	248826589	248828166	+	14	12
chr2	7139533	7140076	+	14	14
chr2	7175165	7178273	+	14	13
chr2	10029620	10038603	+	14	11
chr2	10698660	10698770	-	14	13
chr2	18645884	18647439	+	14	13
chr2	20971666	20971823	+	14	14
chr2	25367177	25369043	-	14	11
chr2	27244792	27248864	+	14	12
chr2	28870417	28871319	+	14	13
chr2	30174067	30174400	-	14	11
chr2	36830791	36834674	-	14	14
chr2	43086277	43086613	-	14	10
chr2	43165873	43167963	+	14	13
chr2	53155189	53157393	-	14	11
chr2	57771004	57772095	-	14	12
chr2	60447201	60448863	+	14	12
chr2	61168693	61168787	+	14	14
chr2	62314507	62323664	+	14	11
chr2	71440956	71441511	-	14	13
chr2	73753891	73756977	-	14	14
chr2	74994707	74995099	-	14	14
chr2	85911691	85913785	-	14	13
chr2	87196676	87196859	+	14	14
chr2	88021475	88022796	+	14	14
chr2	96009155	96010248	-	14	12
chr2	96165145	96166140	+	14	12
chr2	96581824	96584749	-	14	14
chr2	108693496	108694280	+	14	14
chr2	127408316	127409266	+	14	12
chr2	146688494	146688615	+	14	13
chr2	147603094	147603325	-	14	14
chr2	151774265	151776657	-	14	13
chr2	159641918	159643477	-	14	12
chr2	169642627	169644830	+	14	14
chr2	170987714	170989755	+	14	14
chr2	171494811	171497148	+	14	13
chr2	181433955	181434336	-	14	14
chr2	183222937	183224326	+	14	12
chr2	185953184	185956578	-	14	12
chr2	188972716	188972873	+	14	14
chr2	195417349	195420877	-	14	8
chr2	196959935	196960987	+	14	12
chr2	206099558	206103504	-	14	10
chr2	207803566	207804101	-	14	13
chr2	224756950	224757330	-	14	12
chr2	229295604	229297359	-	14	12
chr2	229301104	229302308	+	14	13
chr2	230079011	230079267	+	14	14
chr2	231447691	231451111	+	14	14
chr2	231702489	231703545	-	14	14
chr2	234292005	234295441	-	14	12
chr2	234424860	234427952	-	14	11
chr2	237272836	237272971	-	14	14
chr3	23997428	23999384	+	14	11
chr3	31227723	31230205	+	14	13
chr3	37051176	37052507	+	14	11
chr3	38433685	38437971	+	14	13
chr3	41994197	42005314	-	14	12
chr3	45995867	46001259	+	14	10
chr3	46099440	46101762	+	14	11
chr3	47514216	47557986	-	14	14
chr3	48510193	48513264	-	14	12
chr3	108026467	108028048	+	14	13
chr3	114240082	114240984	+	14	12
chr3	122127671	122132332	+	14	11
chr3	124954754	124958241	-	14	9
chr3	128836196	128839092	+	14	12
chr3	132370154	132372121	-	14	13
chr3	133593158	133594791	+	14	11
chr3	138488938	138490613	-	14	11
chr3	150491785	150494299	-	14	13
chr3	155209675	155210035	-	14	13
chr3	177000058	177001734	-	14	13
chr3	184309648	184314315	-	14	14
chr3	190424646	190424950	+	14	4
chr4	15460103	15461390	-	14	12
chr4	25725410	25727664	-	14	10
chr4	38716083	38730681	-	14	12
chr4	40259032	40260341	+	14	12
chr4	40262540	40264292	-	14	13
chr4	71042846	71044575	+	14	13
chr4	82276976	82277082	+	14	13
chr4	82806759	82807907	+	14	13
chr4	83172241	83172910	-	14	11
chr4	83226570	83227782	-	14	13
chr4	87421591	87422361	-	14	13
chr4	105145344	105145868	+	14	14
chr4	109557655	109559816	-	14	13
chr4	137502094	137502226	+	14	14
chr4	139206324	139208219	-	14	14
chr4	139482555	139487188	-	14	11
chr4	146212777	146214499	+	14	10
chr4	153428301	153439536	-	14	14
chr4	158259250	158259585	+	14	12
chr4	174337270	174338868	-	14	11
chr4	180895753	180934150	-	14	14
chr4	187463968	187469001	-	14	13
chr4	187472516	187473444	-	14	14
chr4	187474728	187475723	-	14	10
chr4	187481667	187483950	-	14	12
chr4	189302433	189303558	-	14	14
chr5	785820	786170	+	14	14
chr5	14565360	14568908	-	14	13
chr5	17389747	17390403	+	14	14
chr5	35888408	35888848	-	14	12
chr5	42964679	42967674	+	14	11
chr5	46164057	46164207	+	14	14
chr5	46315239	46315414	+	14	14
chr5	50382341	50383197	-	14	14
chr5	54939358	54939474	-	14	14
chr5	55611082	55612550	-	14	13
chr5	55619042	55620125	-	14	13
chr5	62645501	62645844	-	14	13
chr5	70858042	70858395	-	14	14
chr5	75262733	75262868	-	14	13
chr5	75317324	75319741	-	14	12
chr5	78481518	78482914	+	14	13
chr5	81394944	81396769	+	14	12
chr5	93615140	93616597	-	14	14
chr5	97040675	97041626	+	14	11
chr5	97074050	97074538	-	14	12
chr5	100381621	100383875	-	14	14
chr5	112530040	112530412	+	14	8
chr5	131154558	131157253	-	14	12
chr5	134864070	134868152	+	14	13
chr5	138575807	138577033	+	14	13
chr5	139340486	139340955	+	14	14
chr5	148894282	148897559	+	14	11
chr5	150565044	150566070	+	14	12
chr5	168520229	168521823	+	14	12
chr5	171853813	171854112	+	14	14
chr5	172026450	172029489	-	14	9
chr5	176525583	176526686	-	14	12
chr5	178890606	178891582	+	14	13
chr5	179463607	179480258	+	14	13
chr5	179529375	179529995	-	14	13
chr5	180365753	180396569	-	14	14
chr5	181178300	181178436	-	14	14
chr6	6772680	6774007	-	14	13
chr6	12197223	12203930	+	14	14
chr6	16162427	16163879	+	14	12
chr6	18311516	18340292	+	14	12
chr6	26221395	26223893	-	14	12
chr6	27529450	27529663	-	14	14
chr6	27693478	27693843	-	14	7
chr6	28936084	28936716	-	14	5
chr6	28951022	28951099	+	14	14
chr6	29824615	29824931	+	14	12
chr6	30796813	30798629	-	14	14
chr6	31381902	31382980	-	14	14
chr6	34230212	34233364	-	14	12
chr6	35328140	35330032	-	14	14
chr6	35730526	35731884	-	14	12
chr6	38668654	38670344	+	14	12
chr6	41681302	41683575	-	14	12
chr6	42872410	42876157	-	14	12
chr6	42982048	42984147	-	14	11
chr6	44102230	44104241	-	14	13
chr6	57917829	57918944	+	14	14
chr6	70631978	70632096	+	14	13
chr6	75599916	75601399	-	14	14
chr6	76745168	76745240	+	14	14
chr6	80349307	80350216	+	14	14
chr6	80368465	80370084	+	14	14
chr6	103638257	103638358	-	14	14
chr6	118447258	118449866	-	14	13
chr6	122434179	122436517	-	14	13
chr6	126204851	126205738	+	14	9
chr6	137822434	137823631	-	14	12
chr6	139026877	139028548	-	14	13
chr6	141484336	141485579	-	14	13
chr6	143515322	143517216	+	14	13
chr6	150846851	150848600	+	14	13
chr6	158644756	158645665	+	14	13
chr6	164735109	164735851	-	14	14
chr7	896448	896762	-	14	13
chr7	2471436	2473089	+	14	14
chr7	2862339	2863474	-	14	11
chr7	6326943	6329040	+	14	14
chr7	15701353	15701429	-	14	14
chr7	27508800	27512711	-	14	12
chr7	30163073	30164526	+	14	10
chr7	32473542	32473649	-	14	14
chr7	32903228	32905887	-	14	13
chr7	63197439	63197542	+	14	14
chr7	66011273	66015039	+	14	14
chr7	66894220	66897943	+	14	12
chr7	73091146	73091490	+	14	13
chr7	73292824	73293337	+	14	13
chr7	73388927	73389031	-	14	14
chr7	73772750	73774778	+	14	12
chr7	77783322	77784346	+	14	14
chr7	86228118	86230350	-	14	14
chr7	92558874	92560383	+	14	14
chr7	93070471	93071548	-	14	14
chr7	94204104	94204441	-	14	14
chr7	99167613	99167748	-	14	14
chr7	109908447	109908576	+	14	14
chr7	123652579	123655836	-	14	11
chr7	127573066	127574690	-	14	12
chr7	128108620	128111382	+	14	13
chr7	139042287	139043133	-	14	13
chr7	142684606	142684974	+	14	12
chr7	143312517	143312646	-	14	14
chr7	152129955	152131362	-	14	10
chr7	153761367	153763421	+	14	14
chr7	158711003	158711920	+	14	14
chr8	8939846	8941415	+	14	13
chr8	9484664	9484788	+	14	14
chr8	22104928	22106367	+	14	14
chr8	22439125	22440554	-	14	12
chr8	23266214	23268498	-	14	14
chr8	30772769	30774398	-	14	12
chr8	38068043	38069486	-	14	13
chr8	42174025	42174343	+	14	13
chr8	47771512	47773100	-	14	13
chr8	52619131	52620211	-	14	14
chr8	53714193	53714478	+	14	12
chr8	55856210	55857547	-	14	13
chr8	56057624	56059824	-	14	12
chr8	58396986	58398096	+	14	14
chr8	66937459	66938579	+	14	14
chr8	70405035	70407647	+	14	14
chr8	70561811	70564776	-	14	14
chr8	74229012	74230611	+	14	14
chr8	97171522	97174410	+	14	14
chr8	100503814	100507706	-	14	12
chr8	100679967	100680372	+	14	10
chr8	109238738	109240868	-	14	14
chr8	140517517	140519784	-	14	12
chr8	141374213	141383303	+	14	13
chr8	144971834	144973094	-	14	12
chr9	2198045	2199075	+	14	11
chr9	2271928	2369562	-	14	14
chr9	3526055	3526719	+	14	14
chr9	3707603	3710904	+	14	8
chr9	6511709	6513796	+	14	14
chr9	12205738	12205886	+	14	14
chr9	14598838	14599839	-	14	13
chr9	19162218	19164589	+	14	8
chr9	26185359	26362190	-	14	14
chr9	27317680	27322498	-	14	10
chr9	35767341	35768428	-	14	11
chr9	40931307	40932652	-	14	13
chr9	41413241	41417199	+	14	13
chr9	61312395	61312528	-	14	12
chr9	63797328	63798022	+	14	13
chr9	66379164	66379648	+	14	14
chr9	67506011	67506137	+	14	14
chr9	75158462	75160734	-	14	13
chr9	80317979	80320384	+	14	14
chr9	87974833	87977079	+	14	14
chr9	90901066	90902237	+	14	14
chr9	93134289	93135387	+	14	11
chr9	105843779	105848733	+	14	8
chr9	112367499	112368460	-	14	13
chr9	122765127	122786896	+	14	13
chr9	127412915	127414408	-	14	11
chr9	127778721	127783880	-	14	12
chr9	128396860	128398566	+	14	14
chr9	129771989	129774231	-	14	12
chr9	131372729	131373441	-	14	12
chr9	133756851	133758853	-	14	14
chr9	133761145	133761625	-	14	12
chr9	137239253	137239935	+	14	14
chr10	6412788	6415987	+	14	12
chr10	15484862	15484961	-	14	13
chr10	22524407	22525722	-	14	12
chr10	23431456	23433618	-	14	13
chr10	30431352	30433876	-	14	14
chr10	30739096	30739259	+	14	14
chr10	31801241	31802182	-	14	11
chr10	36438072	36438237	-	14	13
chr10	42746346	42746478	-	14	14
chr10	48044754	48045786	-	14	13
chr10	50015037	50015343	-	14	13
chr10	50646843	50648588	+	14	11
chr10	67881713	67884342	-	14	14
chr10	69178292	69179925	-	14	12
chr10	73812187	73812494	-	14	13
chr10	80146859	80147431	+	14	13
chr10	86536032	86536364	-	14	14
chr10	92032025	92032337	-	14	12
chr10	92590908	92592628	+	14	11
chr10	92676218	92678989	-	14	13
chr10	92711380	92804125	-	14	12
chr10	99499739	99508047	+	14	14
chr10	99621932	99622952	+	14	12
chr10	109755188	109757319	-	14	14
chr10	114820524	114821089	-	14	13
chr10	119678468	119680224	-	14	13
chr10	123181160	123183323	-	14	13
chr10	123333644	123335902	+	14	14
chr10	129782092	129784662	+	14	12
chr11	297191	297922	+	14	12
chr11	6666178	6669777	-	14	11
chr11	18273943	18275835	-	14	13
chr11	18527173	18528060	+	14	13
chr11	33204240	33221614	+	14	13
chr11	33239341	33247696	+	14	13
chr11	35044264	35045181	-	14	10
chr11	35081750	35083417	-	14	13
chr11	57540004	57542148	-	14	13
chr11	59244466	59255057	-	14	10
chr11	62890508	62892237	-	14	14
chr11	64985310	64985408	-	14	14
chr11	65873721	65876376	+	14	11
chr11	66010202	66011864	-	14	14
chr11	67480785	67482948	-	14	12
chr11	79901650	79901773	-	14	13
chr11	86201505	86202646	-	14	11
chr11	112375411	112377385	+	14	12
chr11	114653692	114653814	-	14	13
chr11	123255120	123255271	-	14	14
chr12	6731963	6733302	+	14	12
chr12	7997511	7998353	-	14	14
chr12	8070898	8071163	+	14	4
chr12	11176068	11178051	+	14	13
chr12	11183465	11185851	+	14	12
chr12	11251390	11254293	+	14	12
chr12	11896149	11896705	+	14	11
chr12	11977713	11990303	+	14	14
chr12	12854099	12869871	-	14	14
chr12	31746061	31747526	+	14	13
chr12	31769616	31778386	-	14	14
chr12	39478617	39480361	-	14	13
chr12	47617941	47618566	-	14	14
chr12	47653980	47657592	-	14	11
chr12	50970995	50972426	-	14	13
chr12	51217833	51219707	+	14	13
chr12	59594710	59595985	-	14	14
chr12	66170234	66170570	-	14	13
chr12	67677698	67678674	+	14	13
chr12	92505569	92509040	+	14	13
chr12	94687174	94691498	-	14	12
chr12	94804679	94806726	-	14	14
chr12	96956492	96957671	+	14	12
chr12	101433654	101445248	-	14	14
chr12	102012257	102012806	-	14	13
chr12	111906395	111908283	-	14	13
chr12	116332748	116341636	-	14	13
chr12	116593866	116594323	-	14	12
chr12	118145584	118148108	+	14	12
chr12	121606580	121610707	+	14	14
chr12	121834762	121839422	-	14	12
chr12	121863728	121865129	+	14	13
chr12	124917820	124919180	-	14	14
chr12	124941451	124943031	-	14	12
chr12	124944089	124945647	-	14	12
chr12	132487032	132489504	+	14	11
chr13	19954311	19954412	-	14	14
chr13	29595754	29597661	+	14	11
chr13	42778211	42778360	-	14	14
chr13	49246054	49247832	-	14	14
chr13	74068036	74071596	+	14	14
chr13	86757914	86765357	+	14	11
chr13	86773637	86775579	+	14	12
chr13	90263157	90309294	-	14	14
chr13	98126492	98128021	-	14	14
chr13	98616025	98616194	-	14	14
chr14	24245785	24248688	+	14	11
chr14	48330241	48332365	+	14	14
chr14	49910831	49913159	+	14	14
chr14	52704488	52707052	-	14	12
chr14	55240438	55240532	-	14	14
chr14	61085415	61087104	+	14	13
chr14	65404003	65407006	-	14	11
chr14	65878264	65878355	-	14	14
chr14	69719946	69722211	+	14	12
chr14	73055806	73057663	-	14	14
chr14	75309130	75309235	-	14	14
chr14	91447573	91449640	+	14	13
chr14	92694415	92697299	-	14	14
chr14	96572498	96572872	-	14	11
chr14	99167818	99169154	-	14	14
chr14	101951499	101952111	-	14	13
chr14	101962585	101964545	-	14	12
chr15	23302780	23309528	+	14	12
chr15	40583907	40584071	-	14	14
chr15	44663973	44665710	-	14	14
chr15	75632806	75634968	+	14	14
chr15	90922686	90923878	-	14	14
chr15	94229902	94231438	-	14	11
chr16	585672	589104	+	14	12
chr16	1417243	1417349	-	14	13
chr16	3723704	3724954	-	14	11
chr16	8662747	8663147	+	14	13
chr16	9163985	9164943	+	14	13
chr16	11638969	11640344	-	14	11
chr16	14669291	14672104	+	14	13
chr16	14971239	14974252	-	14	14
chr16	15390677	15390832	+	14	14
chr16	18641201	18767023	+	14	14
chr16	21363384	21365150	-	14	14
chr16	21400539	21401808	-	14	12
chr16	21933549	21934673	+	14	13
chr16	22191833	22193124	+	14	13
chr16	46952336	46954799	-	14	13
chr16	69469025	69472413	+	14	14
chr16	71844598	71845881	-	14	13
chr16	72040152	72041870	-	14	14
chr16	77179392	77189788	+	14	11
chr16	84801746	84806049	+	14	12
chr16	85027075	85027560	-	14	14
chr16	87877297	87877418	-	14	13
chr17	3661860	3662879	+	14	12
chr17	4721990	4724624	+	14	12
chr17	4769936	4770659	+	14	14
chr17	8977319	8980482	+	14	13
chr17	10660134	10665161	+	14	14
chr17	12263422	12264584	+	14	14
chr17	13401322	13401451	+	14	14
chr17	15433987	15435685	-	14	13
chr17	19097082	19097835	+	14	14
chr17	19872523	19895106	+	14	12
chr17	35373781	35374234	-	14	12
chr17	37808687	37817652	-	14	14
chr17	39998358	40003266	+	14	9
chr17	40101164	40102867	+	14	12
chr17	41679461	41679852	+	14	10
chr17	41687117	41688809	-	14	13
chr17	44391423	44394153	+	14	12
chr17	45490866	45493566	+	14	14
chr17	50162141	50163347	+	14	13
chr17	50718753	50719143	-	14	11
chr17	50918661	50919782	-	14	13
chr17	54787876	54788153	+	14	14
chr17	57061836	57061956	+	14	14
chr17	62073358	62073629	+	14	14
chr17	63619503	63621749	-	14	12
chr17	64130902	64133259	+	14	13
chr17	65003113	65005077	+	14	12
chr17	66192781	66194867	+	14	12
chr17	74500841	74502427	-	14	12
chr17	79716958	79718643	-	14	14
chr17	81501284	81504395	-	14	12
chr18	7327300	7392134	-	14	13
chr18	7408063	7435783	-	14	14
chr18	9023936	9024011	-	14	14
chr18	9294345	9296003	+	14	11
chr18	9864437	9880075	-	14	14
chr18	12066705	12067160	-	14	14
chr18	21640740	21644352	-	14	13
chr18	25975361	25996388	+	14	12
chr18	35144830	35146148	+	14	14
chr18	35152163	35154815	+	14	11
chr18	35970706	35971707	-	14	14
chr18	62521629	62521929	+	14	13
chr18	69993643	69995710	-	14	11
chr18	76972228	76972857	+	14	12
chr18	79393410	79395829	+	14	13
chr19	278778	278877	+	14	14
chr19	2945957	2948867	-	14	13
chr19	4086589	4088994	+	14	13
chr19	9036249	9040769	+	14	14
chr19	11753876	11754044	-	14	14
chr19	13779191	13781610	+	14	13
chr19	15150894	15151019	+	14	14
chr19	19708183	19708535	-	14	14
chr19	20069640	20072087	+	14	14
chr19	20919704	20923121	-	14	12
chr19	29715791	29716206	+	14	13
chr19	30038182	30038412	+	14	14
chr19	33371330	33373513	-	14	14
chr19	36161624	36164334	-	14	12
chr19	41429364	41430682	+	14	11
chr19	43536159	43538060	+	14	11
chr19	43537800	43539795	-	14	13
chr19	49327886	49331261	+	14	14
chr19	53776368	53779512	-	14	14
chr19	54273235	54273807	-	14	13
chr19	54464081	54464797	-	14	14
chr19	55088983	55090751	-	14	12
chr19	57916738	57917038	+	14	11
chr20	3225344	3225868	+	14	14
chr20	5206518	5207880	-	14	14
chr20	17805665	17805825	-	14	13
chr20	24960537	24962441	+	14	13
chr20	32033955	32034654	-	14	12
chr20	32171427	32175198	-	14	10
chr20	32350887	32354746	+	14	14
chr20	32756783	32760467	+	14	14
chr20	36985482	36986289	-	14	12
chr20	39344454	39346885	+	14	10
chr20	40193008	40379239	-	14	11
chr20	45087140	45089458	+	14	13
chr20	49111494	49113232	-	14	13
chr20	53758448	53759732	-	14	12
chr20	56644623	56644777	+	14	14
chr20	59261392	59261690	-	14	13
chr21	22736222	22736407	-	14	13
chr21	25876882	25877432	+	14	12
chr21	31090820	31093582	-	14	9
chr21	33228183	33229847	-	14	10
chr21	46584143	46585869	-	14	14
chr22	30627299	30630713	+	14	12
chr22	37446027	37447301	-	14	11
chr22	37458669	37461663	-	14	13
chr22	39166287	39168425	+	14	11
chr22	40650695	40650846	-	14	14
chr22	42470093	42470211	+	14	13
chr22	42582407	42583683	+	14	14
chr22	42582541	42583199	-	14	14
chr22	49930708	49933068	-	14	12
chrX	13710591	13710881	+	14	13
chrX	30584961	30586176	-	14	12
chrX	41264190	41275370	+	14	12
chrX	41512270	41513611	-	14	10
chrX	49124488	49132007	+	14	12
chrX	52919779	52923107	+	14	11
chrX	54587708	54592125	-	14	13
chrX	56559707	56563506	-	14	14
chrX	56559968	56560531	+	14	14
chrX	56603677	56606523	+	14	13
chrX	57110660	57117911	-	14	13
chrX	57630032	57631365	+	14	14
chrX	65836408	65836549	+	14	14
chrX	68497397	68498485	-	14	14
chrX	73291842	73292090	+	14	14
chrX	75323188	75325049	+	14	13
chrX	79254607	79257708	-	14	14
chrX	79377033	79378667	-	14	10
chrX	79455324	79455855	-	14	14
chrX	80660264	80664347	-	14	13
chrX	96614676	96614797	+	14	13
chrX	106329259	106329593	+	14	14
chrX	119571636	119574402	-	14	12
chrX	119877211	119880701	+	14	14
chrX	120621234	120624974	-	14	13
chrX	129773222	129773639	+	14	13
chrX	136883699	136884873	-	14	14
chrX	154347487	154348436	+	14	14
chrX	154377142	154378643	-	14	14
chrX	154568160	154568583	+	14	13
chrY	1091774	1122939	-	14	14
chrY	1611349	1613550	+	14	11
chrY	2657280	2658950	+	14	14
chrY	2675099	2676625	-	14	13
chrY	21239312	21240565	-	14	11
chrY	21275907	21278386	-	14	10
GL000194.1	67223	68043	+	14	14
KI270721.1	33247	33856	+	14	13
KI270742.1	19504	20916	-	14	12
KI270744.1	142567	144193	+	14	9
KI270744.1	158346	159958	+	14	11
chr1	87348	88877	-	13	12
chr1	1367544	1370752	-	13	11
chr1	1470540	1471605	-	13	12
chr1	1905781	1908571	-	13	12
chr1	9410205	9419470	-	13	10
chr1	9464378	9493895	+	13	13
chr1	10452426	10453318	-	13	12
chr1	16614343	16618151	-	13	11
chr1	21423152	21423895	-	13	13
chr1	22101963	22103564	+	13	11
chr1	23293819	23294765	-	13	13
chr1	23640721	23643408	+	13	12
chr1	23868956	23869674	+	13	11
chr1	25220312	25222202	+	13	8
chr1	25575321	25576527	-	13	12
chr1	28109329	28110944	-	13	12
chr1	28146409	28146960	-	13	12
chr1	31252932	31257169	-	13	13
chr1	37487515	37489271	+	13	11
chr1	37530699	37533324	+	13	13
chr1	37801189	37802396	+	13	13
chr1	39973098	39973303	-	13	13
chr1	40530661	40531364	-	13	11
chr1	43353551	43353833	-	13	9
chr1	44788986	44789662	+	13	12
chr1	46336062	46338564	+	13	13
chr1	46416726	46422566	-	13	12
chr1	51347943	51348535	-	13	13
chr1	53914434	53916571	-	13	10
chr1	61598863	61598988	+	13	13
chr1	61662820	61664091	-	13	13
chr1	67275915	67278051	+	13	10
chr1	67295116	67296772	+	13	10
chr1	85648491	85649362	-	13	13
chr1	86342254	86345413	-	13	13
chr1	89044247	89047612	+	13	10
chr1	89984559	89986744	+	13	9
chr1	90867376	90870058	-	13	13
chr1	90912087	90914608	+	13	13
chr1	92506000	92507084	-	13	9
chr1	93373176	93373546	+	13	13
chr1	94560984	94561092	-	13	12
chr1	96691460	96691638	-	13	13
chr1	103383088	103383242	+	13	12
chr1	104634724	104634818	+	13	13
chr1	109100888	109103123	+	13	13
chr1	110934675	110936186	+	13	13
chr1	112742888	112743113	-	13	12
chr1	116802612	116805220	+	13	12
chr1	120891930	120893113	+	13	13
chr1	144413331	144413595	-	13	12
chr1	146241377	146242495	-	13	13
chr1	149584668	149587276	+	13	12
chr1	150546008	150548260	+	13	12
chr1	150729700	150730186	-	13	11
chr1	153523762	153525093	+	13	13
chr1	156191011	156191647	+	13	12
chr1	156604368	156607390	+	13	10
chr1	157726654	157727663	-	13	7
chr1	159816395	159817347	-	13	11
chr1	160287572	160288463	-	13	13
chr1	160484251	160485029	-	13	13
chr1	160712149	160712859	-	13	13
chr1	161181197	161182585	-	13	11
chr1	161223733	161225894	+	13	10
chr1	162531387	162534228	+	13	13
chr1	169641645	169643315	-	13	13
chr1	173282412	173283845	+	13	11
chr1	173926001	173928344	+	13	11
chr1	175023911	175025224	+	13	12
chr1	178596177	178598573	+	13	13
chr1	178630823	178632402	+	13	11
chr1	191506810	191660244	+	13	13
chr1	191518855	191720862	-	13	13
chr1	193009929	193010285	+	13	13
chr1	193282354	193282734	-	13	12
chr1	203325619	203327510	+	13	10
chr1	205299622	205301271	-	13	12
chr1	205757719	205763018	+	13	13
chr1	211255498	211258173	-	13	11
chr1	212556526	212557826	-	13	10
chr1	212722983	212724777	-	13	12
chr1	223779078	223779328	+	13	12
chr1	229313756	229316238	+	13	12
chr1	229438535	229440007	-	13	13
chr1	234522008	234524388	+	13	10
chr1	243851500	243853502	+	13	12
chr1	244967868	244969345	-	13	13
chr1	247181609	247182934	-	13	11
chr1	247333684	247335474	+	13	11
chr1	248530813	248530925	+	13	12
chr1	248873198	248875196	+	13	12
chr1	248925984	248929065	+	13	11
chr2	10566251	10568246	+	13	12
chr2	18779016	18781485	+	13	12
chr2	18873135	18874279	+	13	10
chr2	20437355	20439533	-	13	11
chr2	25216231	25217552	+	13	11
chr2	26158260	26159853	+	13	10
chr2	30227645	30230666	-	13	10
chr2	42142434	42142765	-	13	11
chr2	42765313	42766679	+	13	11
chr2	42799138	42799681	+	13	12
chr2	53025180	53025555	+	13	12
chr2	57632455	57635705	-	13	12
chr2	57887263	57889798	-	13	11
chr2	61052046	61053723	+	13	13
chr2	62229366	62232242	+	13	12
chr2	62415254	62419050	+	13	8
chr2	68265467	68268578	+	13	13
chr2	95054551	95054913	+	13	12
chr2	95801160	95805297	-	13	12
chr2	96567234	96568654	-	13	12
chr2	97078783	97080963	-	13	11
chr2	108697307	108699719	+	13	12
chr2	112664042	112667063	+	13	13
chr2	113583342	113586142	-	13	13
chr2	119723215	119759816	-	13	10
chr2	126554699	126556748	-	13	12
chr2	127694219	127695614	-	13	10
chr2	128943459	128943553	-	13	13
chr2	130376173	130378551	+	13	10
chr2	130381456	130384821	+	13	13
chr2	130806815	130816967	-	13	12
chr2	144521583	144523441	+	13	9
chr2	165745139	165747536	-	13	12
chr2	167943187	167943501	+	13	12
chr2	170085024	170087906	+	13	11
chr2	174530468	174534771	+	13	11
chr2	181433232	181436007	+	13	10
chr2	206086616	206088890	-	13	12
chr2	219410889	219411476	+	13	13
chr2	224761353	224761933	-	13	13
chr2	230824821	230826047	+	13	11
chr2	234488664	234491928	-	13	11
chr2	238461964	238462297	-	13	12
chr3	5113318	5114630	-	13	13
chr3	5783578	5950990	-	13	13
chr3	12887947	12891708	-	13	11
chr3	13452228	13454972	+	13	9
chr3	47785550	47794139	+	13	12
chr3	50663623	50665056	-	13	13
chr3	53892152	53894596	+	13	12
chr3	54001312	54024431	-	13	13
chr3	57549779	57553344	-	13	9
chr3	57614786	57617671	+	13	11
chr3	63734341	63734504	+	13	13
chr3	69106094	69106560	+	13	12
chr3	73271960	73341175	+	13	11
chr3	101516809	101518325	-	13	9
chr3	101925923	101926371	+	13	10
chr3	108138713	108141509	+	13	11
chr3	113634500	113636492	-	13	13
chr3	114240875	114242621	-	13	12
chr3	119423105	119424458	+	13	11
chr3	120308525	120309736	-	13	13
chr3	120557348	120559703	-	13	11
chr3	120593949	120595902	-	13	13
chr3	121944293	121945381	+	13	10
chr3	121980574	121983585	-	13	8
chr3	122044397	122047005	-	13	11
chr3	125595874	125597458	+	13	13
chr3	129201028	129202737	+	13	12
chr3	131389254	131390827	+	13	12
chr3	134584138	134585382	-	13	12
chr3	145255234	145255750	-	13	12
chr3	150630757	150631261	+	13	13
chr3	150636007	150638279	-	13	13
chr3	153078736	153118312	+	13	13
chr3	153184835	153186459	-	13	12
chr3	154324584	154326691	+	13	12
chr3	165880440	165880561	-	13	13
chr3	179789811	179793775	+	13	12
chr3	183475799	183477642	-	13	12
chr3	184296236	184297800	+	13	13
chr3	185855335	185855617	+	13	13
chr3	193702560	193704041	+	13	13
chr3	196444512	196449801	+	13	12
chr4	1288599	1289690	-	13	10
chr4	8159751	8161230	+	13	12
chr4	11387933	11388109	+	13	13
chr4	13121556	13124057	-	13	11
chr4	15002114	15002578	-	13	12
chr4	38705832	38706226	-	13	13
chr4	40009590	40011640	-	13	13
chr4	41296201	41296305	+	13	13
chr4	46181990	46185487	+	13	13
chr4	48880658	48881964	-	13	10
chr4	71036400	71037853	+	13	11
chr4	76113724	76114094	+	13	11
chr4	82475083	82475482	+	13	11
chr4	102618056	102618277	+	13	13
chr4	121665650	121667835	-	13	12
chr4	128059493	128061067	-	13	11
chr4	146206733	146208171	+	13	11
chr4	147730420	147731762	-	13	8
chr4	152689290	152689397	-	13	13
chr4	156041820	156359554	-	13	13
chr4	165066394	165070394	-	13	12
chr4	173378684	173380433	+	13	12
chr4	173461500	173463682	+	13	9
chr4	174039551	174039841	+	13	13
chr4	177430119	177430693	-	13	9
chr4	184480100	184482021	+	13	12
chr4	189048533	189125920	-	13	13
chr4	189239017	189244115	-	13	11
chr5	6710988	6713277	-	13	10
chr5	10561309	10563515	-	13	10
chr5	16276368	16276464	-	13	13
chr5	18703187	18704411	-	13	12
chr5	34926208	34926778	+	13	12
chr5	37068652	37069549	-	13	12
chr5	40835529	40836265	+	13	10
chr5	44820597	44821390	+	13	12
chr5	50846892	50848965	+	13	13
chr5	57265350	57266420	+	13	13
chr5	62628647	62633312	+	13	9
chr5	67942801	68082050	+	13	13
chr5	69638088	69638371	+	13	13
chr5	70494481	70495068	-	13	11
chr5	71158546	71158983	+	13	13
chr5	71216469	71217380	-	13	13
chr5	71271308	71274670	-	13	13
chr5	93268599	93268700	+	13	13
chr5	98577591	98578462	+	13	13
chr5	98840777	98841050	-	13	12
chr5	112532237	112532868	+	13	12
chr5	118830242	118831312	-	13	13
chr5	123617187	123620494	+	13	11
chr5	126852542	126854116	-	13	12
chr5	143972319	143974252	+	13	13
chr5	148859676	148859987	-	13	12
chr5	149460262	149474828	+	13	12
chr5	150418241	150421137	+	13	11
chr5	150686164	150687938	-	13	9
chr5	150701300	150705991	+	13	12
chr5	154645451	154672458	+	13	13
chr5	157070350	157071157	-	13	12
chr5	163501465	163501896	+	13	13
chr5	166664323	166680507	-	13	13
chr5	168524555	168525437	-	13	12
chr5	172188323	172191179	+	13	12
chr5	174602594	174603411	-	13	13
chr5	175030684	175258580	-	13	13
chr5	175898512	175899277	-	13	12
chr5	176538296	176542330	-	13	13
chr5	178092205	178094085	+	13	13
chr5	179035579	179038209	+	13	13
chr5	181410670	181411183	+	13	13
chr6	9306698	9524344	+	13	13
chr6	12211127	12215972	+	13	13
chr6	13814689	13815567	+	13	12
chr6	14092779	14095213	-	13	11
chr6	14110427	14113384	+	13	10
chr6	16148447	16148820	-	13	13
chr6	16833939	16834006	+	13	13
chr6	17306245	17317587	-	13	13
chr6	17388822	17389102	+	13	12
chr6	21605606	21606396	+	13	7
chr6	26398924	26400985	+	13	10
chr6	26846615	26849771	-	13	13
chr6	27150129	27153203	+	13	10
chr6	27433470	27436526	-	13	11
chr6	29634028	29636780	+	13	13
chr6	29650860	29651125	+	13	12
chr6	29886156	29887255	-	13	11
chr6	31188089	31190219	-	13	11
chr6	33511391	33519784	+	13	12
chr6	37540891	37542745	+	13	8
chr6	53212104	53213507	-	13	12
chr6	53245243	53245688	-	13	12
chr6	57901878	57902305	+	13	13
chr6	66096235	66096445	-	13	13
chr6	73452900	73455839	-	13	12
chr6	73658908	73662554	-	13	13
chr6	94742687	94968303	+	13	13
chr6	107143414	107146496	-	13	12
chr6	110869165	110870997	-	13	13
chr6	127625961	127629024	-	13	9
chr6	134158905	134159554	-	13	12
chr6	134952324	134952698	-	13	10
chr6	135261149	135265142	+	13	13
chr6	137225818	137419542	-	13	13
chr6	149077267	149078240	+	13	10
chr6	149412498	149415116	+	13	12
chr6	158962580	158963954	-	13	13
chr6	163593829	163595351	+	13	13
chr6	170610215	170612362	-	13	13
chr7	349439	352121	-	13	13
chr7	804189	806335	+	13	7
chr7	994158	994675	-	13	10
chr7	2251187	2251700	-	13	10
chr7	2469384	2469768	+	13	12
chr7	3079209	3081701	+	13	8
chr7	5236967	5244996	+	13	13
chr7	5895956	5898475	-	13	13
chr7	19686358	19688290	-	13	12
chr7	23484730	23487599	-	13	12
chr7	25355192	25355535	-	13	13
chr7	26117499	26118968	+	13	11
chr7	32445556	32455865	+	13	12
chr7	35630771	35631658	-	13	12
chr7	38300337	38300630	+	13	12
chr7	44916163	44917108	-	13	13
chr7	45115554	45115652	+	13	12
chr7	63932207	63932345	+	13	13
chr7	65241117	65243353	-	13	10
chr7	65493976	65494347	-	13	12
chr7	73522398	73525312	+	13	12
chr7	74613212	74621661	-	13	12
chr7	77789326	77791256	-	13	11
chr7	102535772	102536183	-	13	12
chr7	105422733	105425072	-	13	13
chr7	113523947	113539512	+	13	13
chr7	129518716	129538571	+	13	13
chr7	137852977	137854985	-	13	13
chr7	139315147	139332007	+	13	13
chr7	140020853	140023535	-	13	13
chr7	140479596	140480778	+	13	13
chr7	143541370	143543986	+	13	13
chr7	143583646	143585260	+	13	11
chr7	148972819	148978767	-	13	12
chr7	149064922	149068227	-	13	10
chr7	150169034	150169345	+	13	11
chr7	150652272	150654457	-	13	11
chr7	151925037	151925894	-	13	10
chr7	152129809	152130564	+	13	12
chr7	157030116	157030211	+	13	13
chr8	8913688	8918434	+	13	12
chr8	24924594	24943112	-	13	13
chr8	30045440	30046407	+	13	13
chr8	38858043	38859488	+	13	12
chr8	43123441	43125722	+	13	12
chr8	61002401	61002840	-	13	13
chr8	78956544	78958989	+	13	11
chr8	93926778	93930169	+	13	12
chr8	94619156	94619291	-	13	13
chr8	98344611	98352000	+	13	13
chr8	119725199	119728751	-	13	13
chr8	122165833	122165964	+	13	12
chr8	123476623	123478016	-	13	12
chr8	123496928	123497596	-	13	12
chr8	125376084	125378751	-	13	12
chr8	125438419	125440031	+	13	10
chr8	143563985	143564728	-	13	11
chr9	2245300	2328531	+	13	13
chr9	5860699	5862788	-	13	11
chr9	6008696	6010606	+	13	12
chr9	6521330	6521933	-	13	11
chr9	16881278	16916303	-	13	13
chr9	21044688	21044931	-	13	13
chr9	26892967	26894816	+	13	11
chr9	27738843	27739137	-	13	13
chr9	33289511	33289977	+	13	11
chr9	35048693	35050637	+	13	12
chr9	36189124	36190736	-	13	12
chr9	37036651	37037391	+	13	11
chr9	42600081	42602451	+	13	11
chr9	63623301	63625274	-	13	13
chr9	65205275	65206739	+	13	10
chr9	66275508	66276900	+	13	11
chr9	66352573	66354514	+	13	11
chr9	66743795	66743950	+	13	12
chr9	70423930	70424825	-	13	10
chr9	72304282	72305125	-	13	9
chr9	74124051	74129880	+	13	13
chr9	78032047	78033867	+	13	11
chr9	80386047	80386416	-	13	10
chr9	84118816	84223978	-	13	13
chr9	108004015	108005943	+	13	12
chr9	108015402	108016561	-	13	12
chr9	110239320	110243299	-	13	11
chr9	111317720	111317953	-	13	13
chr9	119594799	119622012	-	13	12
chr9	120364514	120367441	+	13	13
chr9	122351566	122353607	-	13	13
chr9	126722935	126725089	+	13	11
chr9	127790921	127792584	-	13	13
chr9	128919602	128920287	+	13	11
chr9	131746881	131747898	+	13	12
chr9	132248878	132248991	+	13	13
chr9	132361314	132371128	-	13	13
chr9	133747863	133750520	-	13	11
chr9	137442446	137444028	-	13	11
chr9	137445426	137447215	-	13	11
chr10	6363570	6365723	+	13	11
chr10	6386525	6387692	+	13	13
chr10	6422160	6422685	-	13	13
chr10	8843417	8845035	-	13	10
chr10	9009068	9011377	+	13	10
chr10	11676192	11679531	+	13	10
chr10	15775178	15777379	-	13	12
chr10	27103724	27104697	+	13	13
chr10	27555114	27556403	-	13	10
chr10	43484306	43487950	+	13	11
chr10	43618063	43622475	+	13	11
chr10	46003961	46004670	-	13	12
chr10	46681815	46682889	-	13	12
chr10	50304085	50305427	-	13	12
chr10	62103658	62109232	+	13	11
chr10	72094854	72095890	+	13	13
chr10	72276501	72278042	+	13	13
chr10	73433751	73435738	-	13	13
chr10	73780397	73781979	-	13	11
chr10	74719074	74742848	-	13	12
chr10	84326700	84328283	-	13	12
chr10	87453684	87457364	+	13	13
chr10	90244651	90248354	+	13	4
chr10	92433540	92441127	-	13	12
chr10	100690587	100727407	-	13	12
chr10	103870467	103871882	-	13	10
chr10	112949004	112949382	+	13	12
chr10	113202882	113205233	+	13	10
chr10	119488136	119488815	+	13	12
chr10	127489434	127489698	+	13	13
chr10	130851186	130852586	-	13	12
chr10	133235621	133237091	+	13	11
chr11	9528595	9529199	+	13	11
chr11	35047300	35048703	+	13	9
chr11	35819411	35822728	+	13	11
chr11	39927878	39959043	+	13	11
chr11	39991417	40029652	+	13	11
chr11	44635853	44638342	+	13	12
chr11	44639646	44640548	+	13	12
chr11	50548778	50713811	+	13	13
chr11	61127896	61129915	+	13	12
chr11	63566401	63568292	-	13	12
chr11	63567527	63569231	+	13	13
chr11	64184311	64184699	+	13	12
chr11	66678992	66681229	-	13	8
chr11	67460523	67461284	+	13	12
chr11	67922883	67923328	+	13	13
chr11	67988105	67990753	-	13	10
chr11	68618556	68620243	+	13	12
chr11	72681071	72683429	-	13	12
chr11	73298697	73300341	+	13	11
chr11	88195671	88198795	-	13	12
chr11	88373666	88374752	+	13	11
chr11	90199420	90199684	+	13	13
chr11	93315206	93318634	-	13	9
chr11	94410241	94413903	-	13	9
chr11	94961070	94962229	-	13	10
chr11	102343500	102346974	+	13	10
chr11	105035327	105035882	+	13	13
chr11	118823211	118829892	+	13	8
chr11	121434022	121434365	+	13	13
chr11	121446315	121447329	+	13	12
chr11	127776786	127776915	-	13	13
chr12	4008050	4011418	-	13	13
chr12	6426511	6428157	+	13	9
chr12	6614772	6615137	-	13	11
chr12	8478993	8480865	+	13	13
chr12	10362540	10362930	+	13	12
chr12	14771222	14772661	+	13	12
chr12	26899301	26899574	+	13	13
chr12	46026332	46065093	-	13	13
chr12	46179886	46182654	-	13	12
chr12	47608974	47610671	-	13	11
chr12	48687112	48688136	-	13	10
chr12	63173819	63246527	+	13	12
chr12	68609199	68610719	-	13	12
chr12	74535009	74535993	+	13	11
chr12	86839709	86839938	-	13	12
chr12	92402683	92403687	-	13	11
chr12	92962350	92964151	+	13	13
chr12	104358238	104358479	-	13	12
chr12	107723289	107729005	+	13	11
chr12	108607216	108611901	-	13	9
chr12	121195264	121198488	-	13	12
chr12	121610657	121611313	-	13	9
chr12	121618131	121619749	-	13	11
chr12	122266529	122268925	+	13	12
chr12	124931247	124935440	-	13	11
chr13	20341408	20341550	-	13	13
chr13	25288309	25288785	+	13	10
chr13	25355485	25356416	+	13	13
chr13	28501265	28501363	-	13	13
chr13	30189149	30190469	-	13	13
chr13	31198533	31199968	-	13	12
chr13	31681813	31682160	-	13	8
chr13	31688399	31688702	-	13	12
chr13	36944366	36948825	-	13	11
chr13	40921980	40922410	+	13	12
chr13	41121489	41121587	-	13	13
chr13	41273077	41282012	+	13	12
chr13	42270340	42271612	-	13	12
chr13	48207788	48208137	+	13	12
chr13	54809991	54810054	+	13	4
chr13	54990990	54991186	+	13	13
chr13	57039842	57040295	-	13	13
chr13	73124319	73124452	+	13	13
chr13	104260053	104260324	+	13	13
chr13	113931843	113933825	-	13	10
chr14	20613182	20613869	-	13	13
chr14	22887733	22889320	+	13	13
chr14	34486595	34507070	-	13	12
chr14	34901128	34901582	+	13	13
chr14	66026452	66062674	-	13	11
chr14	69153338	69154016	+	13	12
chr14	75179959	75181426	+	13	11
chr14	82989849	82990010	-	13	13
chr14	92689986	92691803	+	13	13
chr14	97727304	97729350	-	13	10
chr14	98298512	98348789	+	13	12
chr14	101939408	101940229	-	13	12
chr14	102739933	102741602	+	13	12
chr14	102761182	102765917	+	13	11
chr14	104063563	104065475	+	13	10
chr14	104814034	104815985	-	13	12
chr14	105046226	105046512	+	13	11
chr14	105518575	105519855	+	13	12
chr14	106119400	106119758	-	13	2
chr15	20368050	20371413	-	13	12
chr15	30332126	30339631	-	13	13
chr15	30436520	30439024	-	13	12
chr15	31440009	31440680	-	13	12
chr15	40970103	40972226	-	13	10
chr15	41402764	41403540	-	13	6
chr15	42940564	42942466	-	13	10
chr15	43824803	43825107	+	13	13
chr15	48352058	48352211	-	13	13
chr15	48708254	48712419	-	13	12
chr15	52304450	52306451	-	13	13
chr15	59098901	59099951	-	13	12
chr15	63842276	63843606	+	13	12
chr15	64961477	64962623	+	13	10
chr15	75841754	75843213	-	13	12
chr15	75901675	75903670	+	13	11
chr15	76331713	76332345	-	13	13
chr15	77040141	77041366	-	13	13
chr15	84746840	84748167	+	13	12
chr15	85139650	85141298	+	13	9
chr15	90505261	90509893	-	13	9
chr16	3100466	3102250	-	13	11
chr16	8870042	8872568	+	13	10
chr16	9091026	9091580	-	13	11
chr16	11187206	11190334	-	13	12
chr16	17013295	17014549	-	13	9
chr16	17095219	17096086	-	13	10
chr16	21520454	21522835	+	13	11
chr16	23575413	23580844	+	13	10
chr16	28086360	28089032	-	13	10
chr16	28325148	28329816	-	13	12
chr16	28513026	28516920	+	13	10
chr16	29524812	29526077	+	13	13
chr16	30671229	30672020	+	13	13
chr16	30806867	30810786	-	13	12
chr16	30812416	30813669	-	13	11
chr16	47072815	47072907	+	13	13
chr16	50652985	50653940	-	13	12
chr16	57090114	57090877	-	13	11
chr16	62297037	62297200	-	13	13
chr16	66598038	66600507	-	13	11
chr16	70066158	70068224	+	13	10
chr16	84474303	84474692	+	13	12
chr16	84556575	84556869	+	13	12
chr16	84797775	84800255	+	13	9
chr16	89704286	89706089	-	13	12
chr17	2403755	2404746	+	13	13
chr17	7522623	7523919	+	13	12
chr17	9907407	9907954	-	13	12
chr17	10671121	10672227	-	13	10
chr17	11997902	11998331	+	13	13
chr17	16354989	16356513	+	13	10
chr17	17619885	17621320	+	13	4
chr17	17631792	17640673	+	13	13
chr17	17838307	17839930	-	13	11
chr17	27754968	27755149	+	13	13
chr17	35399567	35400868	-	13	11
chr17	35961427	35962964	+	13	11
chr17	38853879	38854877	+	13	11
chr17	39588273	39589815	+	13	12
chr17	39752824	39753926	-	13	10
chr17	43331424	43333649	+	13	12
chr17	44124091	44125359	+	13	9
chr17	46509759	46511274	-	13	13
chr17	48440768	48441850	+	13	6
chr17	48869450	48870930	+	13	12
chr17	48945137	48947924	+	13	11
chr17	49593181	49595754	+	13	12
chr17	54825203	54874182	+	13	13
chr17	56914536	56916420	+	13	13
chr17	64746580	64749069	-	13	10
chr17	68019221	68019974	-	13	13
chr17	75775492	75776132	+	13	13
chr17	77219263	77222358	+	13	10
chr17	77513689	77515889	+	13	11
chr17	82220376	82223554	+	13	12
chr17	82225933	82228343	-	13	13
chr18	712719	713696	+	13	13
chr18	3059602	3061569	-	13	12
chr18	12305634	12307481	-	13	12
chr18	26012848	26014605	-	13	12
chr18	26091293	26091955	+	13	13
chr18	46074839	46076075	-	13	13
chr18	46170626	46171344	-	13	13
chr18	50877435	50878821	-	13	12
chr18	57600074	57600595	-	13	12
chr18	62314398	62316635	-	13	12
chr18	77133934	77136680	+	13	13
chr19	196937	197097	-	13	13
chr19	561905	563818	-	13	13
chr19	1536876	1552955	-	13	13
chr19	2951381	2951656	-	13	13
chr19	3052231	3052871	-	13	12
chr19	3064226	3067507	+	13	9
chr19	4540991	4542524	-	13	9
chr19	6537700	6541834	+	13	8
chr19	6629809	6643407	-	13	12
chr19	6950787	6952398	-	13	13
chr19	10713437	10717355	+	13	12
chr19	11158221	11159506	+	13	13
chr19	12727354	12728127	-	13	11
chr19	14025395	14026187	+	13	13
chr19	17742667	17747082	+	13	11
chr19	18555118	18557650	-	13	12
chr19	19359145	19362128	-	13	13
chr19	19509039	19509587	+	13	12
chr19	20810210	20811497	+	13	11
chr19	33821543	33824941	+	13	10
chr19	36129170	36139931	-	13	12
chr19	38864098	38865228	-	13	9
chr19	42197733	42198187	+	13	12
chr19	42257698	42261857	-	13	11
chr19	43670600	43671695	+	13	13
chr19	43674886	43675487	-	13	11
chr19	44843741	44845826	-	13	11
chr19	47286008	47287654	+	13	10
chr19	47347723	47349264	+	13	13
chr19	50502625	50505061	-	13	11
chr19	50514974	50516814	+	13	13
chr19	51393262	51394001	-	13	12
chr19	51550478	51551298	-	13	12
chr19	55336647	55338914	-	13	11
chr19	55411846	55426990	+	13	10
chr19	56081131	56084211	-	13	13
chr19	58181733	58182888	-	13	13
chr20	2457499	2458456	+	13	10
chr20	4015636	4016385	+	13	11
chr20	4848543	4848943	+	13	11
chr20	18561445	18564956	+	13	12
chr20	20033655	20034055	+	13	13
chr20	21038043	21038306	+	13	13
chr20	32343984	32344529	+	13	12
chr20	35412249	35420871	+	13	12
chr20	35622674	35625160	+	13	13
chr20	35950382	35951268	+	13	12
chr20	37333024	37335110	+	13	11
chr20	38923833	38925192	+	13	11
chr20	39294896	39297183	+	13	11
chr20	41400817	41401943	-	13	13
chr20	48216800	48216924	+	13	13
chr20	49767745	49768283	+	13	12
chr20	49794347	49795726	+	13	12
chr20	51384150	51386076	-	13	13
chr20	51863684	51880200	-	13	13
chr20	53525427	53529108	-	13	11
chr20	53544815	53547263	-	13	12
chr20	57628255	57629947	-	13	11
chr21	5040816	5041901	+	13	11
chr21	9593237	9593470	-	13	12
chr21	25875062	25875398	+	13	11
chr21	28703787	28705904	-	13	13
chr21	28726497	28726817	+	13	12
chr21	28732419	28734702	-	13	9
chr21	31857578	31862667	-	13	12
chr21	32528211	32530385	+	13	12
chr21	33979996	33981845	+	13	13
chr21	36301566	36302711	+	13	13
chr21	39337197	39338604	-	13	12
chr21	43042781	43044176	+	13	13
chr21	44847686	44849094	-	13	11
chr22	11969565	11972102	-	13	13
chr22	12296258	12567974	+	13	13
chr22	16025910	16026977	+	13	12
chr22	19329178	19330431	-	13	13
chr22	20912336	20913408	-	13	13
chr22	21749047	21751803	+	13	10
chr22	22257902	22258207	+	13	13
chr22	23323503	23325293	+	13	11
chr22	23728639	23732705	+	13	9
chr22	26794145	26794599	-	13	12
chr22	31280600	31281552	-	13	11
chr22	35394459	35398824	-	13	9
chr22	36139852	36140327	-	13	11
chr22	36531016	36532329	-	13	11
chr22	38856838	38858913	-	13	13
chr22	41921391	41921904	+	13	12
chr22	47177902	47179745	-	13	11
chr22	50629503	50640663	+	13	11
chrX	16087957	16117280	+	13	9
chrX	30617952	30618178	+	13	11
chrX	40177413	40180693	+	13	12
chrX	44343767	44344515	-	13	12
chrX	44635984	44636081	+	13	12
chrX	44661982	44691991	-	13	13
chrX	44781348	44790462	+	13	13
chrX	48674642	48676517	-	13	11
chrX	48889617	48890172	-	13	12
chrX	48919559	48921177	+	13	11
chrX	49004100	49021280	+	13	13
chrX	52919278	52920900	-	13	12
chrX	54377458	54401132	+	13	13
chrX	54600209	54600533	-	13	13
chrX	54614749	54616382	+	13	12
chrX	56486687	56490112	+	13	10
chrX	56568170	56568494	-	13	12
chrX	56615589	56618087	+	13	13
chrX	57163621	57166259	+	13	13
chrX	64546752	64575085	-	13	13
chrX	64898791	64902860	-	13	11
chrX	65357736	65360284	+	13	12
chrX	68546315	68548101	+	13	12
chrX	68589540	68592246	+	13	12
chrX	69344011	69414882	-	13	13
chrX	71142761	71144103	+	13	11
chrX	71327686	71332391	+	13	12
chrX	71889044	71889144	+	13	12
chrX	78854133	78854291	-	13	13
chrX	89484214	89485655	+	13	13
chrX	94699068	94704571	+	13	13
chrX	101971955	101972128	-	13	13
chrX	107051455	107052488	-	13	12
chrX	113529187	113555750	-	13	13
chrX	119475662	119476008	-	13	13
chrX	119606599	119607597	+	13	11
chrX	136661090	136663870	+	13	13
chrX	154381587	154384638	+	13	12
chrX	154520875	154526122	+	13	11
chrX	154668035	154670375	-	13	11
chrY	1018383	1046772	-	13	12
chrY	2674807	2676625	+	13	13
chrY	4767771	4768007	+	13	13
chrY	9141892	9141961	+	13	13
chrY	13480931	13481361	+	13	9
chrY	21107120	21109795	+	13	10
chrY	21156021	21170530	+	13	9
chrY	21223807	21226229	-	13	7
chrY	21257854	21259963	-	13	8
GL000008.2	199682	201520	+	13	13
GL000194.1	90170	93322	+	13	13
KI270706.1	81506	84328	+	13	13
KI270734.1	78324	78485	-	13	12
chr1	2225551	2228185	-	12	11
chr1	2585771	2586443	+	12	12
chr1	9233603	9233968	+	12	10
chr1	9630827	9632947	-	12	11
chr1	9642224	9643239	-	12	12
chr1	9838792	9839757	-	12	12
chr1	10821993	10884883	-	12	12
chr1	11850863	11852699	+	12	10
chr1	23345547	23355435	-	12	12
chr1	25030318	25033165	-	12	12
chr1	26800337	26802244	+	12	12
chr1	31610471	31612450	-	12	4
chr1	32739386	32739501	+	12	12
chr1	33136288	33137773	-	12	11
chr1	34566179	34566335	-	12	12
chr1	35156781	35169656	+	12	12
chr1	36451280	36452825	-	12	11
chr1	38329140	38329302	+	12	12
chr1	38823906	38836358	+	12	12
chr1	39678164	39678490	-	12	11
chr1	40467051	40469600	+	12	10
chr1	40517287	40518370	+	12	10
chr1	40775327	40776005	+	12	12
chr1	44730225	44731798	+	12	12
chr1	45581072	45583107	-	12	9
chr1	46336492	46340167	-	12	12
chr1	83324923	83326820	-	12	11
chr1	89990526	89993127	+	12	10
chr1	101261424	101262588	+	12	11
chr1	110026409	110029150	+	12	9
chr1	111116481	111117324	-	12	11
chr1	116078376	116079482	+	12	11
chr1	119609618	119610279	-	12	12
chr1	119904989	119906228	-	12	10
chr1	121817595	122229948	-	12	12
chr1	144571830	144572251	-	12	12
chr1	145283648	145286338	-	12	12
chr1	146230191	146231044	-	12	11
chr1	148072093	148072962	-	12	12
chr1	150361127	150362600	+	12	11
chr1	156802703	156803057	+	12	12
chr1	157049073	157057161	-	12	12
chr1	158984096	158984385	-	12	11
chr1	160786006	160787111	+	12	12
chr1	162536310	162540095	+	12	9
chr1	167716450	167717021	-	12	11
chr1	173359093	173359526	+	12	10
chr1	181085873	181088183	-	12	8
chr1	182378191	182381554	-	12	12
chr1	194281404	194283288	-	12	10
chr1	200517139	200517240	-	12	12
chr1	200876740	200888435	-	12	10
chr1	203025011	203026199	+	12	12
chr1	203861048	203861200	+	12	11
chr1	204561478	204561863	-	12	10
chr1	207796880	207798204	-	12	11
chr1	209657920	209660644	+	12	11
chr1	211443131	211451102	+	12	11
chr1	220053926	220055529	+	12	12
chr1	222605846	222605953	-	12	11
chr1	223107807	223108558	-	12	10
chr1	224195625	224196812	-	12	9
chr1	225973670	225975448	-	12	10
chr1	226896306	226897476	+	12	9
chr1	229316963	229319304	-	12	12
chr1	231279361	231280927	+	12	11
chr1	231331142	231332721	-	12	12
chr1	234336606	234340173	+	12	7
chr1	235105429	235107205	-	12	10
chr1	243853211	243866009	-	12	11
chr1	245127300	245128793	+	12	9
chr2	7179601	7180541	+	12	11
chr2	7207914	7208847	+	12	11
chr2	9579512	9580336	-	12	9
chr2	9781783	9782241	-	12	9
chr2	20414032	20415457	-	12	12
chr2	20424957	20425257	+	12	10
chr2	28341877	28342005	-	12	12
chr2	30697984	30698085	+	12	12
chr2	42830271	42831948	+	12	11
chr2	42972531	42976373	-	12	9
chr2	43072776	43073143	+	12	11
chr2	47907831	47908167	+	12	10
chr2	54421373	54422340	-	12	10
chr2	57772892	57773173	+	12	12
chr2	60329411	60329666	-	12	7
chr2	60938715	60940003	+	12	12
chr2	61061320	61062491	+	12	9
chr2	62194101	62195859	-	12	11
chr2	62225082	62227117	+	12	11
chr2	70125382	70128011	+	12	11
chr2	73983428	73985024	-	12	12
chr2	75258918	75259753	-	12	10
chr2	85911883	85912959	+	12	12
chr2	86501682	86502745	+	12	11
chr2	94700209	94700322	-	12	12
chr2	96148039	96151989	+	12	11
chr2	96588664	96591889	-	12	11
chr2	109627880	109644086	+	12	10
chr2	109764310	109764555	+	12	11
chr2	112196435	112196727	-	12	10
chr2	112614538	112615364	+	12	9
chr2	121108822	121109377	+	12	12
chr2	136155508	136159432	+	12	8
chr2	138417627	138418170	-	12	10
chr2	142677042	142677313	-	12	12
chr2	164624918	164630321	-	12	5
chr2	171775717	171778254	-	12	11
chr2	175058939	175060804	-	12	12
chr2	175173702	175174660	+	12	11
chr2	176195781	176195879	+	12	12
chr2	181418577	181419338	-	12	11
chr2	185028921	185053742	-	12	12
chr2	185901187	185904805	-	12	11
chr2	185996683	185997547	-	12	11
chr2	193437255	193437349	-	12	12
chr2	197560612	197562246	-	12	11
chr2	200905871	200907446	+	12	12
chr2	202262504	202265429	-	12	12
chr2	202362495	202366701	+	12	10
chr2	203317215	203319891	+	12	10
chr2	206419053	206419222	-	12	12
chr2	208991227	208991321	-	12	12
chr2	220892662	221122527	-	12	12
chr2	230023926	230025987	-	12	11
chr2	231515022	231516716	+	12	10
chr2	231606256	231607117	-	12	12
chr2	238426142	238426731	-	12	10
chr2	241674530	241675393	+	12	11
chr3	3632162	3633755	-	12	10
chr3	5402494	5403953	+	12	8
chr3	11271338	11271724	-	12	11
chr3	11783918	11785358	+	12	11
chr3	12677235	12714943	-	12	12
chr3	13310032	13313586	+	12	12
chr3	13908043	13908296	-	12	10
chr3	23738225	23738589	+	12	11
chr3	31639358	31640512	-	12	12
chr3	33110688	33113926	-	12	9
chr3	38137421	38138309	-	12	11
chr3	40312766	40313644	+	12	12
chr3	70950005	70951414	-	12	11
chr3	71770797	71771598	-	12	11
chr3	87457024	87567904	+	12	12
chr3	88169361	88170588	+	12	10
chr3	101559344	101559838	+	12	12
chr3	101679319	101680992	+	12	12
chr3	101935084	101936858	-	12	11
chr3	103221374	103221649	+	12	12
chr3	112433208	112437908	-	12	11
chr3	120304597	120305890	+	12	12
chr3	122165497	122165777	+	12	12
chr3	125375406	125377179	+	12	10
chr3	127681949	127684500	-	12	11
chr3	128422947	128425391	+	12	11
chr3	128688864	128694057	+	12	10
chr3	129161681	129162847	+	12	12
chr3	131445896	131451299	-	12	9
chr3	133570485	133572427	+	12	11
chr3	138156585	138158763	-	12	8
chr3	138594766	138596390	+	12	12
chr3	141874035	141875379	+	12	10
chr3	152243627	152243814	+	12	11
chr3	153211079	153213273	+	12	10
chr3	156733242	156734908	+	12	11
chr3	156742369	156744151	-	12	9
chr3	170354684	170357621	-	12	11
chr3	181876186	181891846	-	12	12
chr3	187094091	187094838	-	12	12
chr3	196455219	196457150	+	12	12
chr3	197039999	197041440	+	12	12
chr4	207317	210108	+	12	11
chr4	10715611	10736094	-	12	11
chr4	24515215	24516619	+	12	12
chr4	26801556	26805891	+	12	12
chr4	40021870	40022437	+	12	12
chr4	40263166	40264326	+	12	11
chr4	40649859	40671620	-	12	12
chr4	46611138	46611623	+	12	12
chr4	57221278	57221442	-	12	11
chr4	65997139	65998625	-	12	12
chr4	66650866	66657213	+	12	12
chr4	74363101	74363964	-	12	11
chr4	78717351	78719848	+	12	12
chr4	82349049	82352482	-	12	12
chr4	83178562	83179145	-	12	11
chr4	84667810	84669602	-	12	12
chr4	107823525	107824561	-	12	10
chr4	108678903	108682856	+	12	11
chr4	112665449	112670443	+	12	12
chr4	113784095	113784230	+	12	12
chr4	114168087	114397535	-	12	12
chr4	118276024	118278547	-	12	11
chr4	141397461	141397768	-	12	12
chr4	141550129	141552512	+	12	11
chr4	152923894	152926438	+	12	10
chr4	163522587	163523757	+	12	12
chr4	173420161	173420664	+	12	12
chr4	178580801	178581044	-	12	12
chr4	179505289	179727946	+	12	12
chr4	180246325	180246442	+	12	12
chr4	183449508	183452430	+	12	12
chr4	183453548	183454616	-	12	10
chr4	183487130	183488231	+	12	11
chr4	183518673	183519502	-	12	10
chr4	184478289	184478664	+	12	12
chr4	184855795	184857479	+	12	12
chr4	187213756	187258177	-	12	9
chr4	189268819	189270697	-	12	9
chr5	702000	704932	-	12	10
chr5	6356722	6358189	-	12	12
chr5	10343204	10352592	-	12	11
chr5	14085985	14086107	+	12	11
chr5	14872015	14873485	+	12	11
chr5	34157902	34158120	+	12	12
chr5	37067031	37069413	+	12	11
chr5	39667076	39667352	+	12	12
chr5	40816861	40817954	+	12	10
chr5	58450658	58452970	-	12	10
chr5	61153135	61155200	-	12	12
chr5	67169836	67170782	+	12	9
chr5	69967801	69968130	-	12	11
chr5	70005963	70006267	-	12	11
chr5	70148049	70148360	+	12	12
chr5	70954884	70956421	-	12	12
chr5	70962985	70964863	+	12	11
chr5	70966159	70968123	+	12	11
chr5	71150421	71151245	+	12	9
chr5	80896737	80898107	+	12	11
chr5	95609921	95610572	+	12	12
chr5	106175359	106401182	+	12	12
chr5	109871484	109871791	+	12	10
chr5	110143411	110143804	-	12	11
chr5	118797190	118797691	+	12	11
chr5	131220374	131224401	-	12	9
chr5	131234278	131236750	+	12	11
chr5	132818342	132821095	-	12	12
chr5	132964190	132965554	+	12	10
chr5	134106315	134107788	-	12	10
chr5	134737221	134738353	-	12	11
chr5	137779746	137782211	-	12	12
chr5	138496092	138498027	-	12	12
chr5	140595972	140597684	+	12	10
chr5	140612876	140629841	+	12	12
chr5	143232676	143233587	-	12	10
chr5	148852822	148853138	-	12	9
chr5	151273644	151274519	-	12	12
chr5	157066673	157068969	-	12	10
chr5	160431695	160432193	-	12	12
chr5	163519913	163522182	-	12	12
chr5	168545935	168546844	-	12	10
chr5	171844144	171845437	-	12	8
chr5	172016774	172018748	+	12	12
chr5	177325163	177327297	+	12	10
chr5	177482909	177483267	-	12	11
chr5	177598429	177599699	-	12	11
chr5	177990259	177992173	+	12	10
chr5	181206857	181207373	+	12	10
chr6	368742	369878	+	12	11
chr6	2764091	2765316	-	12	12
chr6	6796431	6796944	-	12	3
chr6	7059048	7060736	+	12	12
chr6	7689568	7700434	+	12	8
chr6	10629402	10630896	+	12	10
chr6	11156247	11158880	+	12	10
chr6	14231652	14233724	+	12	9
chr6	15201013	15222673	+	12	11
chr6	20071637	20074097	-	12	11
chr6	24389119	24399293	+	12	12
chr6	26032149	26033159	-	12	9
chr6	26239970	26241948	-	12	10
chr6	26553496	26555326	+	12	11
chr6	27752193	27753058	-	12	11
chr6	27873875	27876923	+	12	12
chr6	32013826	32014124	+	12	10
chr6	32590195	32591786	-	12	12
chr6	32622915	32625777	+	12	12
chr6	36239550	36242970	-	12	9
chr6	36986858	36988681	+	12	11
chr6	38161341	38161698	+	12	9
chr6	41176887	41177804	+	12	10
chr6	42954991	42956006	-	12	12
chr6	43462876	43465135	+	12	12
chr6	57749478	57749918	-	12	12
chr6	57857549	57860080	-	12	12
chr6	57891037	57891402	-	12	10
chr6	66525456	66525732	+	12	12
chr6	77126964	77127058	+	12	12
chr6	80397914	80401427	+	12	11
chr6	80916719	80917744	-	12	12
chr6	94141061	94141237	-	12	12
chr6	106326102	106327661	+	12	12
chr6	108693276	108694602	-	12	11
chr6	110867828	110873842	+	12	12
chr6	111641347	111643811	+	12	11
chr6	112666570	112666681	+	12	10
chr6	126240955	126244083	+	12	11
chr6	131356436	131357408	+	12	12
chr6	137195862	137197118	-	12	11
chr6	143526427	143529602	+	12	12
chr6	144216582	144220942	+	12	11
chr6	149564842	149566259	-	12	10
chr6	150843714	150845759	+	12	10
chr7	262820	264924	+	12	10
chr7	4414469	4459861	+	12	11
chr7	6826786	6827132	+	12	11
chr7	12208945	12210968	-	12	12
chr7	17755358	17757863	-	12	11
chr7	17764639	17765723	+	12	11
chr7	23538149	23539037	-	12	12
chr7	26012943	26150120	-	12	11
chr7	26108750	26111128	+	12	11
chr7	30190535	30190876	+	12	11
chr7	33007554	33008976	+	12	11
chr7	33011108	33013489	-	12	12
chr7	36510695	36511349	+	12	12
chr7	50435847	50438205	-	12	12
chr7	56176425	56176515	+	12	12
chr7	56382858	56386027	-	12	11
chr7	64771912	64772119	-	12	12
chr7	66044757	66067958	-	12	12
chr7	66592400	66593127	+	12	12
chr7	69441445	69441556	+	12	12
chr7	70988706	71086574	+	12	12
chr7	73578826	73581553	+	12	12
chr7	76134751	76159709	+	12	11
chr7	93231237	93231984	-	12	12
chr7	97562612	97562718	+	12	12
chr7	98035973	98048516	-	12	12
chr7	98058657	98095395	+	12	12
chr7	98874975	98877781	-	12	9
chr7	100048974	100049268	+	12	12
chr7	100873569	100874957	-	12	11
chr7	118637685	118639736	-	12	12
chr7	130138037	130139450	+	12	12
chr7	132781138	132782132	-	12	10
chr7	136001376	136002207	+	12	11
chr7	142583963	142584367	+	12	10
chr7	143753369	143754498	-	12	12
chr7	143758454	143760104	-	12	10
chr7	149233143	149236992	+	12	10
chr7	150082877	150083963	-	12	11
chr7	150175368	150175807	+	12	12
chr7	150579552	150583998	+	12	12
chr7	150616783	150621593	-	12	9
chr7	152692094	152700987	-	12	11
chr7	155283319	155285441	-	12	12
chr7	156942185	156942375	+	12	12
chr8	8313867	8316220	-	12	10
chr8	12196968	12197841	+	12	11
chr8	12441718	12441986	+	12	11
chr8	37758467	37760183	+	12	11
chr8	48102661	48159634	-	12	11
chr8	56023027	56027311	+	12	11
chr8	66626480	66627904	-	12	9
chr8	80529793	80530115	-	12	10
chr8	81131494	81132871	-	12	9
chr8	81643923	81646436	-	12	11
chr8	81647572	81649264	-	12	12
chr8	91460442	91529690	-	12	12
chr8	100891613	100891830	-	12	12
chr8	109226041	109227840	-	12	10
chr8	117769453	117771974	-	12	10
chr8	130019448	130019842	+	12	10
chr8	131820759	131823219	-	12	9
chr8	131845841	131846111	+	12	12
chr8	132675951	132678828	-	12	12
chr8	133750447	133750727	-	12	11
chr8	137805436	137805643	-	12	12
chr8	141090147	141091331	+	12	11
chr8	144120703	144135597	+	12	9
chr8	144145430	144146613	+	12	12
chr8	144418726	144421642	+	12	9
chr8	144824356	144826905	-	12	9
chr9	184964	188871	-	12	9
chr9	803801	826231	-	12	12
chr9	1018770	1018871	+	12	12
chr9	6528700	6532417	+	12	10
chr9	26446555	26446663	+	12	12
chr9	33424121	33424490	+	12	12
chr9	34612237	34613051	+	12	9
chr9	37066363	37069711	+	12	9
chr9	40573189	40574383	-	12	11
chr9	40976567	40978028	-	12	11
chr9	40985260	40986455	-	12	11
chr9	62267610	62267713	+	12	12
chr9	63041980	63044183	-	12	11
chr9	66312143	66313717	+	12	11
chr9	68224086	68226006	+	12	11
chr9	73180213	73182374	+	12	8
chr9	73834552	73836138	+	12	12
chr9	75171435	75173987	-	12	12
chr9	79732543	79735052	+	12	10
chr9	80546231	80548397	+	12	11
chr9	80732508	80736140	+	12	10
chr9	80816456	80819396	+	12	11
chr9	83617217	83618526	-	12	10
chr9	85870302	85870659	-	12	10
chr9	88922646	88923679	-	12	11
chr9	92296731	92297229	-	12	9
chr9	93090299	93091213	-	12	10
chr9	93567343	93569411	-	12	12
chr9	96418429	96419145	-	12	12
chr9	96793973	96795790	+	12	11
chr9	97013895	97014356	+	12	9
chr9	104709680	104711215	-	12	10
chr9	107915696	107915799	-	12	12
chr9	108394002	108394285	+	12	12
chr9	110861062	110861654	-	12	12
chr9	114523533	114558707	-	12	10
chr9	120042312	120042414	+	12	12
chr9	121072132	121072771	+	12	11
chr9	121519365	121519658	-	12	12
chr9	121522394	121534410	-	12	11
chr9	127735614	127737829	+	12	12
chr9	129363288	129365830	+	12	11
chr9	138265446	138267104	+	12	11
chr10	5290140	5290961	-	12	11
chr10	8792675	8794788	-	12	9
chr10	8853104	8853675	-	12	9
chr10	8873434	8874324	-	12	6
chr10	8919173	8921296	-	12	9
chr10	8975843	8976225	+	12	11
chr10	11684432	11686813	+	12	12
chr10	13307537	13309036	+	12	11
chr10	14511829	14512182	+	12	12
chr10	14516663	14516945	+	12	10
chr10	20751777	20751987	-	12	12
chr10	22155324	22155420	-	12	11
chr10	23442438	23443021	+	12	12
chr10	31758897	31761696	+	12	12
chr10	32378998	32380189	+	12	10
chr10	33135807	33136077	-	12	9
chr10	46167143	46172302	+	12	11
chr10	47654731	47659933	+	12	11
chr10	47730867	47731218	+	12	10
chr10	48036036	48036417	+	12	12
chr10	68472534	68473402	-	12	11
chr10	72055997	72057255	-	12	12
chr10	72092203	72094131	-	12	10
chr10	72991491	72991853	+	12	12
chr10	73006734	73007023	-	12	11
chr10	75187156	75188080	-	12	12
chr10	77779807	77779904	-	12	10
chr10	87485766	87488556	+	12	12
chr10	91917962	91920818	-	12	10
chr10	95075840	95079502	-	12	8
chr10	96721325	96722057	+	12	11
chr10	97676440	97676730	+	12	10
chr10	102094991	102099748	+	12	12
chr10	104267488	104268164	+	12	11
chr10	109015677	109015775	+	12	12
chr10	109383961	109384070	-	12	11
chr10	112849990	112850317	+	12	11
chr10	119495060	119497202	-	12	11
chr10	121729236	121729894	-	12	12
chr10	123975802	123979769	-	12	11
chr10	124868684	124900028	+	12	12
chr10	129775271	129777231	+	12	9
chr11	276854	277387	+	12	10
chr11	492061	493734	-	12	12
chr11	1521465	1522414	+	12	10
chr11	1892404	1893967	+	12	11
chr11	6675675	6676993	-	12	10
chr11	19085427	19085555	-	12	12
chr11	30343470	30343907	-	12	11
chr11	32469045	32570102	+	12	12
chr11	35077922	35078995	+	12	11
chr11	36468317	36471068	+	12	12
chr11	58626480	58626897	+	12	12
chr11	61075210	61079443	+	12	11
chr11	61373600	61376650	-	12	12
chr11	62893872	62895034	+	12	9
chr11	63835686	63836489	-	12	10
chr11	64166579	64170678	+	12	12
chr11	65452485	65454901	-	12	12
chr11	67114376	67119196	-	12	10
chr11	67917737	67918512	-	12	11
chr11	71672676	71672927	-	12	12
chr11	73779850	73780702	+	12	11
chr11	74011606	74012691	-	12	11
chr11	74985079	74987816	+	12	11
chr11	77321548	77321704	-	12	12
chr11	85656576	85659075	+	12	12
chr11	86296972	86297282	-	12	10
chr11	88337827	88338245	-	12	11
chr11	94341252	94341375	+	12	12
chr11	102339565	102340679	+	12	10
chr11	118801258	118805241	-	12	12
chr11	125795579	125796501	-	12	10
chr12	3765134	3771433	+	12	12
chr12	3916344	3918111	+	12	10
chr12	8522368	8523365	+	12	11
chr12	9038737	9039196	-	12	11
chr12	9143656	9144830	-	12	12
chr12	9316493	9317418	-	12	10
chr12	10361598	10361928	-	12	11
chr12	10410260	10412196	-	12	10
chr12	10584074	10584423	-	12	9
chr12	11194943	11195290	+	12	11
chr12	43568527	43568633	-	12	11
chr12	45992981	45995267	+	12	11
chr12	46274144	46276412	+	12	12
chr12	48284265	48284618	+	12	11
chr12	50083710	50085197	-	12	12
chr12	50172621	50174989	-	12	12
chr12	52016129	52017868	+	12	12
chr12	53325059	53326526	+	12	10
chr12	67691237	67692216	+	12	11
chr12	92579985	92651501	-	12	11
chr12	94712536	94712639	-	12	12
chr12	95018878	95019647	-	12	11
chr12	98460865	98463633	+	12	12
chr12	100025716	100026151	-	12	10
chr12	104109638	104111571	+	12	10
chr12	108733677	108735235	-	12	11
chr12	110598856	110607762	+	12	11
chr12	111628256	111631195	+	12	9
chr12	115938551	115939896	-	12	11
chr12	116455905	116457274	+	12	10
chr12	118427300	118427606	-	12	9
chr12	118953733	118953830	-	12	12
chr12	130942789	130942882	-	12	12
chr13	19783255	19786889	+	12	12
chr13	19811955	19815804	+	12	10
chr13	20110018	20136025	-	12	10
chr13	25232630	25236394	-	12	10
chr13	28124388	28127721	+	12	12
chr13	30329092	30330973	-	12	11
chr13	31803438	31805943	-	12	10
chr13	42332048	42332324	-	12	11
chr13	42878124	42880791	-	12	10
chr13	47374547	47374655	-	12	12
chr13	48173717	48175530	-	12	10
chr13	52647506	52651204	-	12	11
chr13	54740981	54741090	-	12	12
chr13	60190357	60212477	-	12	12
chr13	74033207	74035236	+	12	11
chr13	86950840	87147631	-	12	12
chr13	96923029	96923128	+	12	12
chr13	98135534	98135788	-	12	11
chr13	99086689	99087568	-	12	10
chr13	108309574	108311007	+	12	12
chr14	21456550	21458486	+	12	11
chr14	22534628	22534985	-	12	12
chr14	28082044	28082126	-	12	12
chr14	32164188	32164554	-	12	11
chr14	49766210	49767746	+	12	12
chr14	54829599	54833234	-	12	10
chr14	65401493	65402535	+	12	9
chr14	68857567	68859921	-	12	9
chr14	73126390	73127317	-	12	9
chr14	87026204	87026308	+	12	11
chr14	92173489	92173840	-	12	9
chr14	94917801	94918236	-	12	12
chr14	95698150	95698956	+	12	12
chr14	95822798	95825794	+	12	6
chr14	97715015	97715349	+	12	9
chr14	99089981	99090369	+	12	11
chr14	101759752	101761314	-	12	11
chr14	102741267	102742919	-	12	11
chr14	102912963	102916671	-	12	12
chr14	103547992	103548223	-	12	9
chr14	105026054	105029944	+	12	12
chr14	106398133	106398848	-	12	12
chr15	22595041	22596368	-	12	12
chr15	30420637	30422402	-	12	12
chr15	31198729	31199956	-	12	11
chr15	34369096	34370166	-	12	10
chr15	40123641	40123737	-	12	12
chr15	40394367	40397367	+	12	10
chr15	60410200	60411342	-	12	12
chr15	64147692	64149401	+	12	11
chr15	64455559	64459703	+	12	12
chr15	68755168	68755615	+	12	10
chr15	74727440	74739356	+	12	12
chr15	75123447	75126046	-	12	11
chr15	79955352	79957443	-	12	10
chr15	80015965	80017059	-	12	10
chr15	80057045	80058978	-	12	11
chr15	82106522	82108361	-	12	12
chr15	82743502	82744007	-	12	11
chr15	85372479	85372575	-	12	12
chr15	88546788	88548292	+	12	10
chr15	92810010	92810307	-	12	10
chr16	183496	185479	-	12	9
chr16	365495	366241	-	12	10
chr16	712073	714846	-	12	12
chr16	1702488	1705512	+	12	9
chr16	2218656	2220713	-	12	8
chr16	2903688	2905126	-	12	10
chr16	9147206	9149372	+	12	10
chr16	10229451	10271220	+	12	11
chr16	11189375	11194476	+	12	11
chr16	11800956	11801285	+	12	11
chr16	27366569	27368126	-	12	10
chr16	27456614	27458484	+	12	11
chr16	28074079	28079273	+	12	9
chr16	28326111	28327949	+	12	11
chr16	28746673	28747006	-	12	10
chr16	29374209	29375778	-	12	11
chr16	30123641	30124053	+	12	6
chr16	30648987	30650229	-	12	10
chr16	31332907	31334292	+	12	12
chr16	31352351	31354854	+	12	11
chr16	46942008	46947935	-	12	12
chr16	56930341	56931932	-	12	12
chr16	58630154	58631435	+	12	10
chr16	64626231	64626392	-	12	12
chr16	65658071	65658166	-	12	11
chr16	69103526	69105361	-	12	10
chr16	81978486	81978611	+	12	12
chr16	84558782	84560875	-	12	12
chr16	89258161	89259499	-	12	11
chr17	60939	61159	-	12	12
chr17	205696	206429	-	12	10
chr17	2512020	2513532	+	12	10
chr17	2685730	2686478	-	12	11
chr17	3275833	3275947	+	12	12
chr17	3859417	3859555	+	12	2
chr17	7148232	7151251	-	12	11
chr17	7149875	7154028	+	12	11
chr17	8214808	8220378	+	12	10
chr17	19089229	19092539	-	12	10
chr17	19163842	19164161	+	12	12
chr17	27316407	27318221	+	12	11
chr17	37514042	37514419	+	12	10
chr17	38323660	38324477	+	12	9
chr17	39205653	39206919	-	12	12
chr17	40358115	40358420	+	12	10
chr17	40602107	40604014	+	12	8
chr17	44239351	44240557	+	12	11
chr17	46225545	46227337	+	12	11
chr17	49851157	49852484	+	12	11
chr17	50855186	50859458	-	12	7
chr17	51121166	51121826	-	12	9
chr17	51133937	51136944	+	12	12
chr17	58518465	58519490	+	12	12
chr17	64848491	64850668	-	12	12
chr17	67794855	67811607	+	12	12
chr17	68177324	68177686	-	12	11
chr17	74517945	74520503	+	12	11
chr17	78784997	78785957	-	12	10
chr17	82223126	82224404	-	12	11
chr18	270950	272299	+	12	11
chr18	2535723	2536089	+	12	12
chr18	8673886	8674766	+	12	6
chr18	9406143	9421078	+	12	10
chr18	21525964	21526290	+	12	11
chr18	57819244	57828578	+	12	11
chr18	62517330	62518433	-	12	11
chr18	62653078	62703848	-	12	11
chr18	63422538	63424385	+	12	9
chr18	70814481	70817081	+	12	10
chr18	78655574	78655812	+	12	11
chr19	1872320	1874679	-	12	11
chr19	2783604	2784890	+	12	9
chr19	4731274	4735978	+	12	7
chr19	6875283	6878591	+	12	12
chr19	8192983	8194673	-	12	9
chr19	8699305	8710949	+	12	11
chr19	10235638	10237353	-	12	12
chr19	10347037	10347729	+	12	11
chr19	10384977	10386192	-	12	8
chr19	13858920	13861284	+	12	11
chr19	14942965	14943639	-	12	10
chr19	15208561	15220372	-	12	9
chr19	15233778	15235481	-	12	10
chr19	17903539	17912964	-	12	12
chr19	20826128	20828499	+	12	8
chr19	20833087	20833842	+	12	11
chr19	23220573	23220837	+	12	11
chr19	23731324	23734596	-	12	9
chr19	33372260	33372763	+	12	10
chr19	34241246	34242226	+	12	11
chr19	39235424	39235789	-	12	11
chr19	39821057	39821735	-	12	10
chr19	39938993	39941181	-	12	10
chr19	40215673	40216019	-	12	10
chr19	40419875	40420668	+	12	11
chr19	40436573	40440780	+	12	9
chr19	41537234	41540894	+	12	11
chr19	41830959	41832236	+	12	12
chr19	41859502	41859987	-	12	8
chr19	42082113	42083083	+	12	11
chr19	42396151	42396728	-	12	11
chr19	44315469	44317066	-	12	5
chr19	45502870	45504481	+	12	11
chr19	47322299	47323703	-	12	9
chr19	49717918	49719267	+	12	10
chr19	52243130	52246135	+	12	11
chr19	53227260	53227367	+	12	12
chr19	53847999	53849902	-	12	10
chr19	57627827	57628215	-	12	12
chr19	57938480	57940204	+	12	10
chr19	58381410	58386059	+	12	12
chr19	58427197	58428184	-	12	12
chr20	1435304	1436393	-	12	11
chr20	2095770	2096765	-	12	12
chr20	4823694	4824584	+	12	11
chr20	5054306	5057178	+	12	12
chr20	12019454	12019550	+	12	12
chr20	12476482	12476661	-	12	11
chr20	23086441	23088014	+	12	10
chr20	30375072	30376921	-	12	11
chr20	31586885	31587204	-	12	10
chr20	32342965	32344630	-	12	12
chr20	36280899	36281062	+	12	12
chr20	36986824	36987229	+	12	11
chr20	43655442	43657375	-	12	10
chr20	45885630	45886143	+	12	10
chr20	50154525	50154996	+	12	12
chr20	50694167	50706871	+	12	11
chr20	56679558	56679755	-	12	12
chr21	6544965	6545278	-	12	4
chr21	13889926	13893465	-	12	10
chr21	28751657	28755097	-	12	11
chr21	28812306	28813438	-	12	12
chr21	28813764	28815251	+	12	10
chr21	28838518	28838892	+	12	12
chr21	32551750	32552111	+	12	11
chr21	33204639	33207025	-	12	11
chr21	39532505	39533395	-	12	12
chr21	42915725	42916380	-	12	11
chr21	44264924	44271387	-	12	12
chr22	10775586	10775700	+	12	12
chr22	20079158	20079926	-	12	12
chr22	20151281	20153705	-	12	12
chr22	20593846	20595553	+	12	10
chr22	21269423	21270111	+	12	12
chr22	21455996	21457629	+	12	11
chr22	21873640	21876408	-	12	12
chr22	21881868	21883213	-	12	9
chr22	27826590	27826908	+	12	12
chr22	27847563	27847864	-	12	9
chr22	32499068	32501593	-	12	10
chr22	35352004	35352310	-	12	10
chr22	39035388	39037845	+	12	12
chr22	39309655	39310330	-	12	9
chr22	39976777	39979701	-	12	12
chr22	41459064	41459667	-	12	12
chr22	41930033	41931521	+	12	12
chr22	42616042	42617336	-	12	11
chr22	43130432	43130863	-	12	10
chr22	45013892	45014000	+	12	12
chr22	47183099	47184496	-	12	12
chrX	13085998	13086323	+	12	12
chrX	19521176	19524639	-	12	9
chrX	28483683	28484709	+	12	12
chrX	30620890	30622896	+	12	11
chrX	39781560	39782410	-	12	10
chrX	39794613	39796408	+	12	10
chrX	41476429	41489889	+	12	12
chrX	45839602	45842660	-	12	11
chrX	48672987	48673104	+	12	12
chrX	48798219	48801229	-	12	12
chrX	49631823	49631977	-	12	12
chrX	53360473	53361280	+	12	12
chrX	53934252	53934641	-	12	12
chrX	54603504	54605472	+	12	10
chrX	56445100	56448135	-	12	12
chrX	56469223	56470390	-	12	9
chrX	57243898	57245721	+	12	11
chrX	65750305	65752248	+	12	11
chrX	70132930	70133284	-	12	10
chrX	71077184	71087386	+	12	11
chrX	71176253	71177438	-	12	12
chrX	75330609	75330880	-	12	10
chrX	76144230	76146772	-	12	9
chrX	78270041	78270786	-	12	11
chrX	79404965	79405892	+	12	11
chrX	80668603	80669331	-	12	10
chrX	91668446	91668689	+	12	9
chrX	100936166	100937142	+	12	11
chrX	100997751	100998472	+	12	9
chrX	101096519	101097187	-	12	10
chrX	109932267	109932444	-	12	12
chrX	112873868	112873991	-	12	12
chrX	118703670	118707609	-	12	11
chrX	118715340	118716592	-	12	5
chrX	119768242	119769486	-	12	9
chrX	120497772	120498078	-	12	9
chrX	120621233	120625207	+	12	12
chrX	123841507	123852463	+	12	12
chrX	129442529	129442665	+	12	12
chrX	129844818	129845100	+	12	12
chrX	130621712	130622773	-	12	12
chrX	136638832	136639190	+	12	8
chrX	136810954	136813586	-	12	8
chrX	155737232	155738297	+	12	10
chrY	1454760	1455233	-	12	12
chrY	2659102	2662303	-	12	12
chrY	2776015	2781686	+	12	8
chrY	4895130	4895333	+	12	11
chrY	17013632	17013776	+	12	12
chrY	21092267	21094088	+	12	9
chrY	21262388	21263908	-	12	9
GL000008.2	202749	204300	+	12	11
GL000194.1	94909	95496	+	12	10
KI270719.1	53105	53280	-	12	12
KI270733.1	117357	118035	+	12	12
KI270742.1	49821	51831	+	12	9
chr1	533141	533400	+	11	11
chr1	12144243	12144726	+	11	9
chr1	12528584	12529004	+	11	11
chr1	13831691	13876998	-	11	11
chr1	17497947	17529968	-	11	11
chr1	23269520	23276202	-	11	10
chr1	23697799	23698884	+	11	9
chr1	24679511	24679838	-	11	10
chr1	24875810	24877334	-	11	9
chr1	25597036	25600573	+	11	10
chr1	26172454	26173358	+	11	11
chr1	26808296	26811307	+	11	10
chr1	28088810	28090029	+	11	10
chr1	28784611	28808627	+	11	11
chr1	31989028	32004700	-	11	10
chr1	32286609	32289223	+	11	11
chr1	32394965	32396847	+	11	10
chr1	34957575	34958175	+	11	11
chr1	35266071	35266148	+	11	11
chr1	37491430	37492520	-	11	9
chr1	37994603	37995682	+	11	8
chr1	39051433	39051778	-	11	11
chr1	39614879	39615860	-	11	11
chr1	42709881	42710344	+	11	10
chr1	52577966	52578356	+	11	9
chr1	53366194	53366490	-	11	9
chr1	53846807	53849844	-	11	10
chr1	61665458	61665839	-	11	11
chr1	62216660	62218621	-	11	8
chr1	65719644	65720664	+	11	5
chr1	67402887	67404727	-	11	10
chr1	68288731	68288923	+	11	10
chr1	79623943	79780965	-	11	11
chr1	83305851	83306269	-	11	7
chr1	85628338	85628608	-	11	10
chr1	85639740	85640178	-	11	10
chr1	88841617	88842804	+	11	9
chr1	88892059	88893338	-	11	10
chr1	88934888	88935514	-	11	11
chr1	89023251	89028162	+	11	10
chr1	93880598	93881311	+	11	11
chr1	100520891	100521707	-	11	9
chr1	101228991	101235372	-	11	8
chr1	109053876	109055359	-	11	11
chr1	109061842	109062457	-	11	10
chr1	109104803	109105879	+	11	11
chr1	111468231	111469398	+	11	10
chr1	112671642	112672737	+	11	11
chr1	116769252	116770175	+	11	11
chr1	117847255	117848155	+	11	11
chr1	120414651	120417905	-	11	11
chr1	143409535	143413254	-	11	10
chr1	143414779	143415753	-	11	10
chr1	146444434	146445379	+	11	9
chr1	149560231	149561599	-	11	11
chr1	149868316	149869558	+	11	8
chr1	150291624	150293716	-	11	10
chr1	151249955	151251119	+	11	9
chr1	151393794	151394202	+	11	9
chr1	151459503	151463040	+	11	10
chr1	151488981	151497668	+	11	11
chr1	151981633	151982181	+	11	11
chr1	152897846	152898183	-	11	8
chr1	153388650	153389918	-	11	9
chr1	155885758	155889774	-	11	7
chr1	155894538	155897399	+	11	10
chr1	160663650	160664015	+	11	10
chr1	161178743	161179755	-	11	9
chr1	161678986	161681203	+	11	8
chr1	172530927	172532230	-	11	11
chr1	173216843	173219433	-	11	9
chr1	173245389	173248139	-	11	11
chr1	178584618	178586637	+	11	10
chr1	178624102	178625527	-	11	10
chr1	178647108	178649072	-	11	10
chr1	198580262	198580891	-	11	11
chr1	202814484	202817981	-	11	11
chr1	202875576	202877783	-	11	11
chr1	203894941	203898420	+	11	8
chr1	205702228	205703174	+	11	10
chr1	206684437	206684890	-	11	11
chr1	206744192	206745650	+	11	7
chr1	211317553	211320657	+	11	10
chr1	220679613	220680147	-	11	11
chr1	221860941	221861059	+	11	10
chr1	228198823	228202631	+	11	11
chr1	228910304	228911064	-	11	10
chr1	231285271	231287593	+	11	9
chr1	232306905	232364305	+	11	10
chr1	233699442	233699545	+	11	11
chr1	243120750	243121644	-	11	11
chr1	244870405	244914663	-	11	11
chr1	247290303	247290656	-	11	11
chr1	248871369	248874119	-	11	10
chr1	248876073	248876308	-	11	7
chr2	7110897	7111372	-	11	11
chr2	18736915	18737327	+	11	11
chr2	24360856	24362381	+	11	10
chr2	25878820	25879889	+	11	11
chr2	27190842	27192502	-	11	11
chr2	28418351	28419087	-	11	11
chr2	38645150	38645303	+	11	11
chr2	42805966	42806629	-	11	10
chr2	43066937	43067316	-	11	11
chr2	43884577	43885878	-	11	10
chr2	46634425	46636673	-	11	11
chr2	49729620	49729746	+	11	11
chr2	52631098	52632543	-	11	11
chr2	53151479	53153229	-	11	10
chr2	55506640	55510178	-	11	8
chr2	57779732	57782293	-	11	10
chr2	57900483	57900747	+	11	11
chr2	62191592	62193070	-	11	10
chr2	64060659	64071657	+	11	10
chr2	64885682	64887738	-	11	9
chr2	73284489	73286152	+	11	10
chr2	73924678	73926797	-	11	11
chr2	74709340	74711141	+	11	11
chr2	75021913	75023510	+	11	10
chr2	75248271	75252887	-	11	10
chr2	85099448	85099981	+	11	11
chr2	85316961	85317954	+	11	11
chr2	89233003	89233692	-	11	6
chr2	100519436	100519527	-	11	11
chr2	107896349	107896878	-	11	11
chr2	110590776	110591395	-	11	10
chr2	113497397	113498213	+	11	11
chr2	116506203	116668962	+	11	11
chr2	119987776	119988816	-	11	10
chr2	120300794	120302562	+	11	10
chr2	127042171	127043502	-	11	10
chr2	128326593	128329058	+	11	10
chr2	130796768	130797468	-	11	9
chr2	132298306	132298435	+	11	11
chr2	138277745	138278546	-	11	11
chr2	138385315	138388126	-	11	9
chr2	147843193	147844147	-	11	8
chr2	151741368	151743264	-	11	10
chr2	151777924	151780545	+	11	10
chr2	157392665	157393713	+	11	11
chr2	157719960	157722868	-	11	10
chr2	174429717	174430071	+	11	11
chr2	174517557	174518945	-	11	10
chr2	179093718	179096079	-	11	7
chr2	183607232	183607362	-	11	10
chr2	190573353	190575783	+	11	9
chr2	190874249	190874921	+	11	8
chr2	196952416	196954805	-	11	11
chr2	202239124	202241007	+	11	11
chr2	202324697	202329075	-	11	10
chr2	203232845	203234566	-	11	11
chr2	206107372	206110526	-	11	11
chr2	207668014	207669181	-	11	4
chr2	207693357	207708353	-	11	9
chr2	218397167	218398236	-	11	11
chr2	218763260	218767119	+	11	11
chr2	222714132	222715227	-	11	6
chr2	227410850	227437537	-	11	11
chr2	230016420	230017747	+	11	7
chr2	230825140	230826075	-	11	9
chr2	231727231	231728793	-	11	11
chr2	234307279	234308694	-	11	10
chr2	238463558	238463831	+	11	10
chr2	242165892	242167349	+	11	11
chr3	5237331	5237744	-	11	11
chr3	9956825	9958593	-	11	11
chr3	13435218	13438248	+	11	9
chr3	13911500	13913362	+	11	9
chr3	15140339	15140450	-	11	11
chr3	22375912	22376042	-	11	11
chr3	27767954	27780685	-	11	11
chr3	31462492	31470256	+	11	10
chr3	32508815	32511288	+	11	10
chr3	47492798	47495329	-	11	11
chr3	47514261	47553424	+	11	10
chr3	47801356	47802423	-	11	7
chr3	48669177	48671001	-	11	11
chr3	49351026	49352253	+	11	10
chr3	50313169	50314206	-	11	10
chr3	52241275	52243395	-	11	10
chr3	56704060	56704815	-	11	10
chr3	58503671	58504877	-	11	10
chr3	72741049	72742104	+	11	8
chr3	77675969	77676137	-	11	11
chr3	78581351	78581962	-	11	11
chr3	87492472	87492639	-	11	9
chr3	87845878	87847299	+	11	8
chr3	89750478	89750598	+	11	11
chr3	101933099	101934516	+	11	10
chr3	103014094	103105761	+	11	10
chr3	106442199	106442294	+	11	11
chr3	107813848	107814199	+	11	10
chr3	108870164	108881227	-	11	11
chr3	112442861	112446899	-	11	11
chr3	113644580	113646259	+	11	11
chr3	115783443	115784464	-	11	9
chr3	119293238	119294366	-	11	10
chr3	120321285	120323837	-	11	10
chr3	121630724	121631149	-	11	10
chr3	121965711	121968985	+	11	9
chr3	122048876	122051580	-	11	8
chr3	122639685	122641209	+	11	9
chr3	122893405	122896503	+	11	10
chr3	124961336	124962231	+	11	11
chr3	125994019	125995181	-	11	8
chr3	128592160	128592470	+	11	8
chr3	129233041	129234630	-	11	11
chr3	132541133	132543880	+	11	10
chr3	132548046	132549578	-	11	10
chr3	133562459	133563627	-	11	9
chr3	138607467	138608521	-	11	11
chr3	141941574	141943147	-	11	11
chr3	142280649	142283769	-	11	8
chr3	144054262	144054645	+	11	10
chr3	152104407	152104816	+	11	11
chr3	152797321	152797572	+	11	11
chr3	153318502	153319454	+	11	10
chr3	155947883	155948975	+	11	7
chr3	156588169	156588271	+	11	11
chr3	176186595	176186794	-	11	11
chr3	179321997	179322702	-	11	11
chr3	183632959	183633464	+	11	10
chr3	187098975	187100896	+	11	8
chr3	187758954	187766782	-	11	7
chr3	195550810	195551290	+	11	9
chr3	195860844	195862671	+	11	11
chr3	196183168	196191820	-	11	10
chr3	196451037	196451633	+	11	10
chr3	196504042	196505818	+	11	8
chr3	196632861	196634107	+	11	10
chr4	1006025	1008592	-	11	11
chr4	6677343	6679199	+	11	10
chr4	12858796	12858994	-	11	10
chr4	12972025	12972431	-	11	10
chr4	13280786	13285622	-	11	11
chr4	13341577	13341873	-	11	8
chr4	13484958	13487338	+	11	11
chr4	37688333	37688919	+	11	9
chr4	37824238	37826371	-	11	10
chr4	40332028	40332538	+	11	11
chr4	42090657	42091943	+	11	10
chr4	48055007	48056987	-	11	11
chr4	48292988	48293924	+	11	11
chr4	53366104	53367411	+	11	11
chr4	59510557	59510665	-	11	11
chr4	73049606	73050155	-	11	11
chr4	74042250	74042572	+	11	7
chr4	74390857	74391564	+	11	8
chr4	75476376	75476791	-	11	10
chr4	75635084	75639869	-	11	11
chr4	82406624	82407305	+	11	11
chr4	82474504	82474739	-	11	11
chr4	83258621	83260244	+	11	11
chr4	99873825	99875850	-	11	10
chr4	102075632	102077187	+	11	9
chr4	109705411	109705903	+	11	10
chr4	111059348	111059559	-	11	11
chr4	114681853	114685456	+	11	8
chr4	118418745	118419111	+	11	11
chr4	139478492	139481307	-	11	7
chr4	141357283	141360708	+	11	11
chr4	141554042	141555847	+	11	10
chr4	150263730	150264273	-	11	10
chr4	151029464	151037206	+	11	10
chr4	151399045	151403475	+	11	11
chr4	151877145	151877339	+	11	11
chr4	152575526	152580657	-	11	9
chr4	152596174	152598823	-	11	10
chr4	152599320	152599625	+	11	9
chr4	153423954	153425930	+	11	10
chr4	160230056	160331709	+	11	11
chr4	169081148	169082058	-	11	9
chr4	176361682	176362228	-	11	10
chr4	179812100	179812363	-	11	11
chr4	183043009	183065125	+	11	11
chr4	184483325	184483711	+	11	10
chr4	188243032	188305386	-	11	10
chr4	188343858	188343955	-	11	11
chr5	6368020	6368318	+	11	9
chr5	17003901	17054377	+	11	11
chr5	31606361	31606474	+	11	11
chr5	35829988	35830174	-	11	11
chr5	40798727	40799222	+	11	9
chr5	42031318	42031471	+	11	11
chr5	42947047	42948844	+	11	11
chr5	42981220	42982440	+	11	9
chr5	43708170	43709464	+	11	10
chr5	50356206	50358896	-	11	10
chr5	54575391	54575761	-	11	10
chr5	55307750	55307982	+	11	11
chr5	70272340	70273611	-	11	10
chr5	70454977	70456743	-	11	10
chr5	70512522	70512774	-	11	11
chr5	70863373	70864646	-	11	11
chr5	70959717	70960111	-	11	10
chr5	71025394	71025684	-	11	6
chr5	71164942	71165238	-	11	10
chr5	71218864	71219581	+	11	11
chr5	71286774	71287024	-	11	11
chr5	71290221	71290430	+	11	10
chr5	95617826	95620070	-	11	10
chr5	98846922	98847261	-	11	11
chr5	100914454	100915592	+	11	7
chr5	106622952	106623110	-	11	11
chr5	108746972	108747839	-	11	9
chr5	115824016	115824789	-	11	9
chr5	126702169	126704908	-	11	10
chr5	126866082	126866878	+	11	11
chr5	134073565	134076350	-	11	10
chr5	134752359	134752616	+	11	11
chr5	136069184	136069591	+	11	11
chr5	140129920	140131207	+	11	11
chr5	142096054	142098396	+	11	10
chr5	146186538	146186732	+	11	11
chr5	149484780	149486200	-	11	10
chr5	149668758	149669437	+	11	11
chr5	151096267	151097684	+	11	10
chr5	157711267	157713842	-	11	8
chr5	159099916	159100348	-	11	11
chr5	160958578	160978438	+	11	11
chr5	175534350	175535708	+	11	10
chr5	176517057	176518429	-	11	10
chr5	178126506	178127034	+	11	9
chr5	178888170	178889365	+	11	9
chr5	179677433	179677960	+	11	11
chr5	180296135	180298598	+	11	10
chr5	181273298	181274394	-	11	8
chr6	3159148	3163575	-	11	10
chr6	6770980	6771271	-	11	10
chr6	14238237	14238530	-	11	11
chr6	16770031	16770371	-	11	11
chr6	19940888	19941171	+	11	11
chr6	26098430	26101247	-	11	9
chr6	27123228	27125310	-	11	8
chr6	31560248	31560591	-	11	11
chr6	32647535	32648135	+	11	11
chr6	32894664	32895021	+	11	11
chr6	32989019	32991358	-	11	11
chr6	33002321	33003340	+	11	9
chr6	34774035	34782983	+	11	9
chr6	35093074	35095494	+	11	9
chr6	35338477	35339372	-	11	10
chr6	35922988	35925246	+	11	10
chr6	42939544	42940234	+	11	9
chr6	42948684	42953859	-	11	11
chr6	42958090	42960251	-	11	10
chr6	45666373	45667645	+	11	10
chr6	53221864	53222835	-	11	11
chr6	54823503	54823597	-	11	11
chr6	57742098	57743053	-	11	11
chr6	74796426	74796602	-	11	11
chr6	76391718	76391822	+	11	10
chr6	79353721	79353785	-	11	9
chr6	84828971	84939584	-	11	9
chr6	98856410	98857636	-	11	10
chr6	104725070	104725798	-	11	11
chr6	106822116	106934595	+	11	11
chr6	108023888	108027304	-	11	10
chr6	109385631	109387135	+	11	11
chr6	110911315	110911432	-	11	11
chr6	118382727	118386134	-	11	11
chr6	125932165	125933835	+	11	9
chr6	126247310	126249485	+	11	10
chr6	132426001	132429182	-	11	9
chr6	137193238	137194424	-	11	9
chr6	151484391	151489012	+	11	10
chr6	155910107	155910838	-	11	9
chr6	157288445	157289381	-	11	10
chr6	158102405	158106300	-	11	11
chr6	159662864	159663234	-	11	10
chr6	163353797	163355177	-	11	7
chr7	1764420	1780500	+	11	11
chr7	2449057	2451540	-	11	11
chr7	5120248	5121145	-	11	11
chr7	5615752	5619508	-	11	10
chr7	5874020	5876960	-	11	10
chr7	17767320	17767644	-	11	10
chr7	20517242	20519780	-	11	6
chr7	28916406	28917659	-	11	11
chr7	35974501	35974648	+	11	11
chr7	36844462	36845570	-	11	11
chr7	37612135	37613247	-	11	11
chr7	38319296	38322151	-	11	8
chr7	38697898	38698361	-	11	10
chr7	44895549	44897688	+	11	10
chr7	44909387	44912606	+	11	10
chr7	44979137	44980254	+	11	11
chr7	51394988	51396627	-	11	10
chr7	57945941	57946298	+	11	11
chr7	64838565	64840607	+	11	9
chr7	65111642	65113223	+	11	10
chr7	66178017	66179941	+	11	11
chr7	67266190	67267166	+	11	11
chr7	68857384	68915985	-	11	11
chr7	74198402	74198921	-	11	10
chr7	74448709	74450713	-	11	2
chr7	74761466	74762886	-	11	9
chr7	75182942	75184453	+	11	10
chr7	75275392	75278480	+	11	11
chr7	77427589	77428828	-	11	10
chr7	77962827	77965255	+	11	11
chr7	78009273	78009941	+	11	10
chr7	101226621	101231041	+	11	9
chr7	102518865	102522233	+	11	10
chr7	107578683	107579333	+	11	9
chr7	129803195	129808433	-	11	11
chr7	132776672	132779477	-	11	9
chr7	132784121	132784398	+	11	10
chr7	134681063	134681531	-	11	11
chr7	139022870	139023160	+	11	10
chr7	139315120	139315272	-	11	11
chr7	142690169	142690472	+	11	10
chr7	143560484	143561237	+	11	10
chr7	143750250	143750563	-	11	11
chr7	149539503	149540603	+	11	11
chr7	149640152	149642579	+	11	11
chr7	149736982	149738519	+	11	11
chr7	149928959	149929386	+	11	10
chr7	150124662	150125932	-	11	10
chr7	150221050	150222092	+	11	11
chr7	150783849	150787187	-	11	9
chr7	152447432	152450618	-	11	10
chr7	152460177	152462884	+	11	9
chr7	158623613	158625063	-	11	11
chr7	159242210	159243036	-	11	11
chr8	6349634	6388714	-	11	11
chr8	12076786	12076963	+	11	7
chr8	12232574	12232963	+	11	11
chr8	22686472	22687477	-	11	10
chr8	33369841	33370087	+	11	11
chr8	37899642	37900800	+	11	10
chr8	49391754	49393424	+	11	11
chr8	49401115	49401218	+	11	11
chr8	60971121	60971487	-	11	10
chr8	63266712	63266937	-	11	11
chr8	65596492	65599225	-	11	10
chr8	69956116	69966809	+	11	10
chr8	69956118	69985020	-	11	11
chr8	74035315	74037677	+	11	10
chr8	90992967	90993271	+	11	10
chr8	95156962	95158430	+	11	10
chr8	101209082	101210018	+	11	10
chr8	121419903	121421146	+	11	11
chr8	124295931	124296207	+	11	9
chr8	124302913	124306173	-	11	10
chr8	130040220	130041276	+	11	10
chr8	132849388	132852619	+	11	10
chr8	133605399	133606080	-	11	11
chr8	134090466	134090581	+	11	10
chr8	140465036	140465837	+	11	9
chr8	144873827	144874446	-	11	10
chr9	2707940	2709633	-	11	10
chr9	6679311	6681232	-	11	10
chr9	31026318	31029126	-	11	11
chr9	33076967	33080139	-	11	11
chr9	33092341	33093836	-	11	10
chr9	33099431	33101344	-	11	9
chr9	34063939	34078687	-	11	11
chr9	36311929	36313878	+	11	10
chr9	37038649	37041368	+	11	10
chr9	37401553	37404031	+	11	11
chr9	40587588	40600282	+	11	10
chr9	40874542	40876797	+	11	11
chr9	40941603	40942835	-	11	11
chr9	62275366	62276565	+	11	8
chr9	63667912	63668089	+	11	11
chr9	63826592	63826822	+	11	11
chr9	65160535	65160806	+	11	11
chr9	75161963	75162829	-	11	10
chr9	75168883	75170174	-	11	11
chr9	75218328	75219302	+	11	10
chr9	75271117	75272110	+	11	9
chr9	77700999	77702515	-	11	11
chr9	78501247	78501343	-	11	11
chr9	80617993	80639237	+	11	9
chr9	80824415	80827684	+	11	8
chr9	80844320	80844788	+	11	11
chr9	81799719	81870928	+	11	11
chr9	83573421	83575057	-	11	9
chr9	85742245	85744245	-	11	10
chr9	89280720	89310447	+	11	11
chr9	92766825	92795037	-	11	11
chr9	93050171	93051680	-	11	10
chr9	96686451	96686865	-	11	9
chr9	97698064	97698798	+	11	11
chr9	97877552	97879816	+	11	10
chr9	97981947	97983326	-	11	8
chr9	98034422	98044625	-	11	11
chr9	100414725	100416718	-	11	10
chr9	101563755	101565213	-	11	9
chr9	107256178	107279563	-	11	10
chr9	111519321	111521410	-	11	7
chr9	112175426	112176843	+	11	9
chr9	121060660	121067206	-	11	8
chr9	122756704	122758931	-	11	11
chr9	125198579	125200450	-	11	10
chr9	126719184	126719657	-	11	9
chr9	126720141	126721749	+	11	9
chr9	127984264	127995648	-	11	11
chr9	129072297	129073627	+	11	11
chr9	129777950	129779620	+	11	10
chr9	131243851	131245974	-	11	9
chr9	135931354	135932941	-	11	10
chr9	136111924	136112278	+	11	10
chr10	3785625	3787491	-	11	11
chr10	8292689	8292946	-	11	10
chr10	8778030	8780530	-	11	7
chr10	8863382	8864610	-	11	11
chr10	8868771	8869692	+	11	9
chr10	8938896	8940679	-	11	11
chr10	8948913	8951513	-	11	8
chr10	10666692	10666894	+	11	11
chr10	11682276	11685496	-	11	9
chr10	11817025	11818198	+	11	11
chr10	13147427	13150627	+	11	10
chr10	14506681	14508523	-	11	11
chr10	26949613	26952797	-	11	11
chr10	28356784	28377697	-	11	11
chr10	28960550	29193092	+	11	11
chr10	30128117	30128213	+	11	11
chr10	32060987	32061101	+	11	11
chr10	38378690	38379848	+	11	8
chr10	43489492	43505484	-	11	11
chr10	46085386	46087570	-	11	8
chr10	46103124	46105348	-	11	11
chr10	46107352	46108543	+	11	11
chr10	46688609	46690646	-	11	11
chr10	47746454	47747797	+	11	10
chr10	47764760	47765010	+	11	10
chr10	64799785	64799909	+	11	11
chr10	68075689	68080070	+	11	11
chr10	71883917	71884306	-	11	11
chr10	72246842	72248716	-	11	8
chr10	72892650	72892771	+	11	11
chr10	87041947	87042224	+	11	10
chr10	88627846	88630371	-	11	11
chr10	90251589	90254732	+	11	7
chr10	95179759	95182254	-	11	9
chr10	103229644	103230375	-	11	11
chr10	104350817	104351572	-	11	9
chr10	112930028	112930946	+	11	10
chr10	114794393	114796236	-	11	8
chr10	114992756	114994138	+	11	8
chr10	114999612	115000538	+	11	9
chr10	119558731	119559074	-	11	11
chr10	123290382	123293628	+	11	9
chr10	131428584	131428679	-	11	11
chr10	131962283	131966411	+	11	11
chr10	132013466	132013745	+	11	9
chr11	339239	339650	-	11	9
chr11	923044	923135	+	11	11
chr11	1367472	1380005	-	11	5
chr11	2863465	2865816	+	11	10
chr11	2936098	2940107	-	11	11
chr11	2996836	3000233	-	11	10
chr11	6384545	6390135	-	11	11
chr11	9268665	9270656	-	11	7
chr11	9453138	9454878	-	11	10
chr11	9655494	9662026	+	11	11
chr11	30341202	30341513	+	11	9
chr11	46121578	46122795	+	11	11
chr11	47462796	47465302	-	11	10
chr11	47776765	47778020	-	11	11
chr11	55610095	55610341	-	11	11
chr11	57666634	57667300	+	11	8
chr11	59227702	59231444	+	11	9
chr11	61037680	61039273	-	11	10
chr11	62674028	62675701	+	11	11
chr11	62744042	62745932	+	11	10
chr11	64182275	64183689	-	11	11
chr11	64338018	64339281	-	11	10
chr11	65413920	65414709	+	11	10
chr11	65565251	65566344	-	11	10
chr11	66381558	66381660	+	11	11
chr11	67682690	67682771	-	11	11
chr11	67913655	67915837	+	11	6
chr11	69895755	69896052	+	11	11
chr11	73993188	73994937	-	11	11
chr11	75370441	75371551	-	11	11
chr11	76564484	76566643	+	11	11
chr11	77028246	77029189	+	11	11
chr11	77995372	77996596	+	11	8
chr11	88272113	88272449	+	11	11
chr11	88361070	88362220	+	11	8
chr11	93304331	93306685	-	11	9
chr11	98436701	98447070	+	11	11
chr11	102390078	102390865	-	11	11
chr11	104991639	104993532	-	11	9
chr11	110480426	110481418	+	11	10
chr11	111348690	111350628	-	11	10
chr11	113718396	113722271	-	11	9
chr11	118187849	118189690	-	11	9
chr11	118317322	118318631	+	11	9
chr11	123250595	123250714	+	11	11
chr11	129585188	129586096	-	11	10
chr11	130224991	130226100	-	11	11
chr11	130747301	130747508	-	11	11
chr12	6168218	6168936	+	11	8
chr12	6533518	6534175	-	11	6
chr12	9029276	9030908	-	11	11
chr12	9870348	9871241	+	11	11
chr12	10353694	10357244	-	11	9
chr12	11197021	11197459	-	11	10
chr12	11522064	11522406	-	11	11
chr12	11526810	11528062	-	11	10
chr12	12830566	12834582	+	11	11
chr12	25377975	25381167	-	11	11
chr12	31327064	31328298	+	11	9
chr12	32032440	32033150	+	11	11
chr12	32040436	32041321	+	11	9
chr12	42147917	42148209	+	11	9
chr12	43718394	43718733	+	11	10
chr12	44998676	44998865	+	11	11
chr12	47307834	47308900	+	11	11
chr12	50101256	50101635	-	11	11
chr12	51219866	51223394	-	11	11
chr12	62623552	62625046	-	11	11
chr12	67780196	67781338	-	11	10
chr12	73381159	73579112	-	11	11
chr12	76763218	76763469	+	11	10
chr12	93450536	93450665	-	11	10
chr12	94808727	94818162	-	11	9
chr12	96905801	96906893	-	11	10
chr12	96960734	96962365	+	11	9
chr12	98438501	98439948	-	11	11
chr12	104357490	104359949	+	11	9
chr12	110276943	110277771	-	11	10
chr12	110279239	110280381	-	11	9
chr12	121301651	121302824	+	11	11
chr12	123283912	123285392	-	11	9
chr12	124732941	124734142	-	11	9
chr12	124939959	124940297	+	11	9
chr12	128849266	128852239	-	11	9
chr12	131818966	131823511	-	11	10
chr12	132590522	132592085	+	11	10
chr12	132968677	132971097	+	11	10
chr13	20905232	20906659	+	11	10
chr13	21150472	21151424	+	11	10
chr13	22858479	22858805	-	11	11
chr13	23509463	23509653	-	11	11
chr13	24923018	24924568	+	11	11
chr13	27540033	27540439	-	11	9
chr13	30775815	30776118	-	11	11
chr13	31193594	31196646	-	11	7
chr13	36834461	36837140	+	11	11
chr13	36843394	36843685	-	11	11
chr13	40666918	40668217	-	11	9
chr13	46338651	46339831	+	11	9
chr13	55032447	55032549	+	11	11
chr13	66254780	66259157	-	11	11
chr13	81558914	81559152	-	11	10
chr13	81576515	81576668	+	11	11
chr13	86807031	86807861	+	11	7
chr13	89088935	89089994	+	11	10
chr13	98028829	98030193	+	11	8
chr13	98789130	98792147	-	11	9
chr13	99127657	99163632	+	11	11
chr13	99568641	99570260	+	11	9
chr13	108501971	108563467	+	11	11
chr13	109393488	109395484	-	11	11
chr13	109749090	109749444	-	11	10
chr14	22071217	22071473	+	11	10
chr14	22496425	22496740	-	11	11
chr14	24518973	24559223	+	11	11
chr14	34511183	34513388	-	11	8
chr14	39139401	39140693	+	11	11
chr14	49753350	49755099	+	11	11
chr14	49910374	49911616	-	11	10
chr14	50106097	50108161	+	11	11
chr14	51276914	51279518	+	11	10
chr14	53021582	53022234	-	11	8
chr14	54453928	54454241	-	11	11
chr14	55050454	55051546	-	11	11
chr14	65350830	65363478	-	11	10
chr14	65744206	65747887	+	11	10
chr14	69462863	69466202	+	11	10
chr14	73846469	73846600	-	11	11
chr14	74278951	74280873	-	11	10
chr14	85021424	85021580	-	11	11
chr14	90048676	90052423	+	11	11
chr14	95761822	95763398	+	11	6
chr14	99152508	99153320	+	11	11
chr14	99281364	99282094	-	11	9
chr14	100186698	100202637	+	11	9
chr14	105065837	105066649	+	11	10
chr14	105078248	105079159	-	11	11
chr14	105513655	105516962	-	11	10
chr14	106578140	106578503	-	11	8
chr15	30548167	30551369	+	11	10
chr15	31315891	31318386	-	11	10
chr15	47134150	47134324	+	11	11
chr15	49852632	49854185	-	11	11
chr15	50374781	50375966	+	11	11
chr15	50687882	50690835	+	11	11
chr15	51008067	51009963	-	11	9
chr15	63859533	63859978	+	11	7
chr15	65115875	65117084	-	11	9
chr15	65141403	65143597	-	11	11
chr15	67811520	67811843	+	11	10
chr15	80006484	80010311	-	11	10
chr15	84667014	84667704	-	11	11
chr15	85841267	85842950	-	11	11
chr15	90526479	90527193	-	11	11
chr15	99496664	99497779	-	11	10
chr15	101619958	101620273	-	11	10
chr16	806494	807254	+	11	10
chr16	1424735	1426120	-	11	10
chr16	1703210	1705704	-	11	11
chr16	2136340	2138540	+	11	11
chr16	2647064	2647246	-	11	11
chr16	3950863	3952667	-	11	10
chr16	4457759	4458275	+	11	10
chr16	9151524	9152526	-	11	11
chr16	10863277	10864905	-	11	10
chr16	14055155	14055259	+	11	11
chr16	17038624	17039429	-	11	10
chr16	22290766	22294349	+	11	9
chr16	27311211	27313385	-	11	9
chr16	28819470	28820566	-	11	11
chr16	29468506	29470272	-	11	10
chr16	30215562	30216103	+	11	10
chr16	30566917	30569192	-	11	10
chr16	31050122	31051424	+	11	11
chr16	31210290	31211541	+	11	10
chr16	47715185	47716448	+	11	11
chr16	58513646	58515274	-	11	11
chr16	65791909	65792008	+	11	11
chr16	67506057	67506768	+	11	11
chr16	67980920	67982045	-	11	11
chr16	67984358	67986945	-	11	10
chr16	69090648	69091198	-	11	10
chr16	69467620	69480731	-	11	11
chr16	71832034	71833188	+	11	10
chr16	84049502	84049888	-	11	10
chr16	84782569	84784749	-	11	9
chr16	85816724	85818008	-	11	10
chr16	85897365	85898664	-	11	10
chr16	89251147	89253002	-	11	9
chr16	89558289	89560534	-	11	9
chr16	89568715	89569788	+	11	11
chr17	501850	502966	-	11	10
chr17	1404132	1404992	-	11	10
chr17	2714661	2715217	-	11	11
chr17	4935025	4936344	-	11	11
chr17	5056856	5059655	+	11	10
chr17	5248601	5250429	-	11	11
chr17	5720949	5721045	-	11	11
chr17	7091511	7094157	-	11	9
chr17	7119570	7122346	+	11	11
chr17	7142370	7145531	-	11	10
chr17	7169030	7170037	+	11	10
chr17	7517112	7518543	-	11	10
chr17	8163578	8167726	+	11	11
chr17	15435350	15435697	+	11	11
chr17	18210540	18212331	-	11	11
chr17	18259359	18259842	-	11	10
chr17	21588811	21591195	+	11	11
chr17	30471720	30474770	+	11	9
chr17	36062721	36062890	+	11	11
chr17	37993505	37995886	+	11	10
chr17	38194991	38195386	-	11	10
chr17	38639772	38648240	+	11	11
chr17	40606181	40606535	-	11	6
chr17	43307919	43309619	+	11	7
chr17	43430497	43441522	-	11	10
chr17	43779020	43779560	+	11	9
chr17	44791199	44791980	-	11	11
chr17	47115317	47116607	+	11	10
chr17	47443175	47446113	+	11	11
chr17	47750317	47750593	+	11	10
chr17	49693979	49696203	-	11	10
chr17	49849145	49849580	-	11	11
chr17	50856903	50857864	+	11	9
chr17	56923487	56925967	-	11	10
chr17	58012328	58013422	+	11	11
chr17	59405543	59405876	-	11	11
chr17	61935109	61935891	-	11	9
chr17	62969618	62971114	+	11	9
chr17	63611624	63612014	+	11	8
chr17	63615825	63618375	+	11	10
chr17	67698534	67700022	-	11	10
chr17	67715376	67717513	-	11	10
chr17	74497058	74499043	+	11	11
chr17	77886210	77888440	-	11	11
chr17	78926430	78927893	+	11	10
chr17	82044569	82046844	-	11	10
chr18	7522033	7522766	+	11	11
chr18	15300928	15301029	+	11	11
chr18	21637353	21639717	-	11	11
chr18	23067030	23098318	+	11	11
chr18	27217221	27217339	+	11	11
chr18	35981469	35982835	+	11	10
chr18	42093959	42096812	+	11	9
chr18	43452184	43452316	+	11	11
chr18	46287702	46288150	+	11	10
chr18	54065880	54066355	+	11	11
chr18	57327637	57327987	-	11	11
chr18	58019151	58022688	+	11	11
chr18	61076932	61297426	+	11	11
chr18	63321685	63322326	-	11	8
chr18	68226753	68226905	-	11	11
chr18	73054974	73140835	-	11	10
chr18	74494682	74495806	-	11	11
chr18	76339880	76344100	-	11	8
chr19	893658	894585	-	11	11
chr19	1894664	1896599	-	11	10
chr19	1896605	1900627	+	11	11
chr19	2893371	2894794	+	11	11
chr19	4135811	4136153	-	11	9
chr19	4672741	4675023	-	11	9
chr19	8489155	8489467	+	11	9
chr19	10483424	10485683	-	11	9
chr19	10946167	10948290	+	11	11
chr19	10949331	10956178	+	11	10
chr19	11079500	11081961	+	11	10
chr19	11087773	11089338	-	11	10
chr19	11742549	11744520	+	11	11
chr19	15208549	15220356	+	11	11
chr19	18044444	18046889	-	11	9
chr19	18329214	18329988	+	11	10
chr19	18677989	18680148	+	11	6
chr19	21079363	21081707	+	11	10
chr19	29698561	29698814	+	11	11
chr19	33298540	33299907	-	11	8
chr19	34101592	34106614	+	11	11
chr19	34234580	34235515	-	11	11
chr19	34237048	34240907	-	11	11
chr19	34238706	34239386	+	11	11
chr19	34947839	34948901	+	11	11
chr19	36681595	36682249	+	11	10
chr19	38208400	38209262	-	11	10
chr19	38813425	38814516	+	11	11
chr19	38814877	38815140	-	11	11
chr19	40021471	40023303	-	11	11
chr19	41140845	41167448	-	11	10
chr19	43858112	43859689	+	11	8
chr19	45329640	45330007	-	11	11
chr19	46823451	46823686	-	11	11
chr19	47217745	47218848	+	11	11
chr19	47775040	47778377	-	11	10
chr19	48694333	48695166	-	11	9
chr19	48783168	48790497	+	11	11
chr19	48791953	48792843	-	11	10
chr19	51216134	51216806	+	11	10
chr19	55221827	55222583	-	11	11
chr19	55414319	55427001	-	11	11
chr19	57180389	57189888	+	11	11
chr20	2192310	2192498	-	11	11
chr20	4037631	4037970	-	11	10
chr20	13843042	13843253	-	11	11
chr20	18768466	18768775	-	11	10
chr20	35742933	35744277	-	11	11
chr20	36648250	36649745	+	11	8
chr20	36981256	36983642	-	11	8
chr20	36982442	36983956	+	11	10
chr20	39307117	39307393	-	11	9
chr20	44193725	44195889	-	11	11
chr20	46142548	46146833	+	11	8
chr20	51893213	51899641	-	11	11
chr20	51915738	51937542	-	11	11
chr20	53533144	53535859	-	11	9
chr20	54801993	54802174	-	11	11
chr20	57490886	57491374	+	11	11
chr20	62862181	62862501	+	11	10
chr20	64289116	64289894	+	11	11
chr21	5056374	5057857	+	11	10
chr21	6130309	6130546	-	11	11
chr21	6440826	6441697	-	11	11
chr21	6516489	6517909	-	11	9
chr21	17096165	17096281	-	11	11
chr21	19331192	19331427	+	11	11
chr21	25582136	25584787	+	11	9
chr21	28782805	28783714	-	11	9
chr21	29074041	29075192	+	11	10
chr21	29181428	29181531	-	11	11
chr21	30639185	30639331	-	11	11
chr21	31572620	31585298	-	11	11
chr21	31670301	31670996	+	11	11
chr21	32515560	32516264	+	11	11
chr21	32525842	32529430	-	11	11
chr21	32557564	32557854	+	11	10
chr21	33496773	33499077	+	11	9
chr21	37035889	37036896	-	11	9
chr21	39350265	39352257	+	11	7
chr21	41797454	41797772	+	11	9
chr21	44819001	44821330	+	11	8
chr22	17065804	17067325	+	11	11
chr22	17134646	17136615	+	11	11
chr22	19866140	19867381	+	11	9
chr22	23965617	23966301	-	11	11
chr22	25275452	25277526	-	11	11
chr22	26972653	26973373	+	11	10
chr22	30330785	30331889	-	11	10
chr22	30505990	30513001	+	11	11
chr22	31672267	31674605	-	11	10
chr22	35395864	35398646	+	11	7
chr22	37223083	37223893	-	11	10
chr22	38284087	38284443	+	11	10
chr22	39033525	39035815	-	11	10
chr22	40646623	40647519	+	11	11
chr22	41827215	41830732	+	11	11
chr22	42796102	42796461	-	11	11
chr22	46036291	46037189	+	11	10
chr22	47438753	47439922	-	11	11
chr22	49850854	49851179	+	11	10
chr22	49977352	49978438	-	11	9
chr22	50564218	50567232	-	11	9
chr22	50755767	50756573	-	11	5
chrX	3596989	3598947	+	11	9
chrX	3600258	3601545	-	11	10
chrX	12951105	12951563	+	11	10
chrX	15967449	15969897	+	11	11
chrX	18400933	18401090	+	11	11
chrX	20118191	20119683	+	11	10
chrX	26432604	26432676	-	11	11
chrX	30580186	30581700	-	11	9
chrX	41238225	41254540	-	11	11
chrX	47506817	47506917	+	11	11
chrX	48614121	48614402	-	11	11
chrX	49043817	49045655	+	11	9
chrX	49138208	49140190	-	11	11
chrX	53697786	53699370	-	11	8
chrX	55042412	55042553	+	11	11
chrX	55761886	55762860	+	11	10
chrX	57214317	57215282	+	11	11
chrX	57713627	57713727	+	11	11
chrX	65320603	65321783	+	11	10
chrX	79387299	79389740	+	11	10
chrX	84268544	84294538	-	11	11
chrX	89657054	89882372	+	11	11
chrX	93422305	93563062	+	11	11
chrX	100953382	100954256	+	11	9
chrX	101858413	101870561	+	11	11
chrX	101871749	101882106	-	11	10
chrX	107703144	107704091	-	11	10
chrX	115464605	115474722	+	11	11
chrX	116141010	116141103	-	11	10
chrX	118293254	118293364	-	11	9
chrX	130414919	130415290	+	11	10
chrX	134447924	134451969	+	11	11
chrX	134862890	134863311	+	11	11
chrX	135366434	135367433	+	11	9
chrX	136819621	136821130	-	11	9
chrX	136908501	136909064	-	11	7
chrX	144180899	144274219	+	11	11
chrX	155720865	155722506	+	11	9
chrY	1728077	1732498	-	11	10
chrY	1926987	1929587	-	11	11
chrY	2174325	2175032	+	11	11
chrY	2683043	2684207	+	11	10
chrY	19606842	19607828	+	11	11
chrY	21096099	21098441	+	11	9
GL000194.1	105984	108198	+	11	11
GL000195.1	42956	43296	-	11	8
KI270712.1	1567	1892	-	11	10
KI270713.1	20309	20719	+	11	10
KI270719.1	62998	64231	+	11	11
chr1	1606897	1607700	-	10	9
chr1	1692960	1693199	-	10	10
chr1	1746224	1746526	-	10	10
chr1	6783115	6783866	-	10	9
chr1	8881809	8884225	-	10	10
chr1	8890742	8893151	-	10	9
chr1	9828618	9838475	+	10	10
chr1	9918670	9922058	-	10	10
chr1	10182034	10185269	-	10	10
chr1	11050631	11051732	-	10	10
chr1	12211896	12214396	-	10	9
chr1	15616118	15616958	-	10	10
chr1	15810975	15811070	+	10	10
chr1	16241636	16241977	+	10	10
chr1	16460521	16460920	-	10	9
chr1	17534426	17534510	-	10	10
chr1	20510579	20521755	+	10	10
chr1	21673794	21676900	-	10	10
chr1	23293178	23293922	+	10	9
chr1	23652871	23655518	+	10	10
chr1	23660024	23660650	-	10	9
chr1	23702690	23704075	+	10	9
chr1	23788503	23790259	-	10	9
chr1	23963480	23964271	+	10	10
chr1	25591084	25593347	-	10	10
chr1	26429890	26431912	-	10	9
chr1	26494361	26496309	+	10	8
chr1	27396036	27397698	+	10	9
chr1	27826039	27827228	+	10	8
chr1	28246930	28247137	-	10	9
chr1	28505264	28505723	-	10	8
chr1	29182180	29183676	+	10	10
chr1	31107604	31107721	-	10	10
chr1	31155059	31155800	+	10	10
chr1	32982743	32984189	-	10	10
chr1	34967167	34967304	-	10	10
chr1	35596182	35599190	-	10	8
chr1	36410817	36411711	+	10	8
chr1	39068374	39074161	+	10	10
chr1	39971222	39972362	+	10	7
chr1	39989588	40010407	-	10	10
chr1	40000294	40001374	+	10	10
chr1	40863333	40863461	+	10	10
chr1	40976644	40978818	-	10	10
chr1	44806983	44808460	+	10	9
chr1	44815710	44816400	-	10	10
chr1	63438593	63440655	+	10	10
chr1	67397120	67399971	-	10	10
chr1	67406045	67407162	-	10	8
chr1	67690527	67691669	+	10	6
chr1	73255090	73255198	-	10	10
chr1	77879605	77880023	+	10	9
chr1	80653568	80653786	-	10	10
chr1	83329100	83331096	-	10	7
chr1	83368776	83370268	-	10	10
chr1	85618024	85619271	-	10	8
chr1	90902198	90904991	-	10	9
chr1	90909511	90910644	+	10	10
chr1	93076992	93078768	-	10	9
chr1	93139476	93142365	-	10	10
chr1	93391629	93393971	+	10	10
chr1	100180955	100183019	-	10	9
chr1	105242496	105426576	-	10	10
chr1	109076339	109077408	+	10	9
chr1	111428750	111431034	-	10	9
chr1	113132807	113134179	+	10	8
chr1	113921250	113923169	-	10	9
chr1	115026289	115026575	-	10	10
chr1	115149713	115149833	+	10	10
chr1	116504542	116506495	-	10	9
chr1	120417788	120419311	+	10	10
chr1	120851430	120852675	+	10	9
chr1	145287810	145289275	+	10	10
chr1	146301354	146301560	-	10	10
chr1	149818984	149819871	+	10	9
chr1	150238471	150239085	+	10	10
chr1	150638457	150641235	+	10	8
chr1	150791943	150794920	+	10	10
chr1	151272279	151274694	+	10	8
chr1	151278424	151279674	-	10	8
chr1	151374576	151391072	-	10	10
chr1	153513610	153514601	-	10	9
chr1	155331578	155333139	+	10	9
chr1	155608669	155609585	-	10	9
chr1	156602170	156602575	+	10	8
chr1	158870899	158871113	-	10	10
chr1	158994563	158994752	-	10	10
chr1	159916762	159917333	+	10	8
chr1	160523461	160524819	-	10	9
chr1	160754930	160755900	+	10	9
chr1	160793114	160795777	-	10	8
chr1	161220903	161221555	+	10	8
chr1	167711666	167712996	+	10	7
chr1	168142536	168148339	+	10	10
chr1	173227158	173227487	-	10	9
chr1	173330928	173332076	-	10	10
chr1	178712252	178712801	+	10	5
chr1	180214478	180215018	-	10	10
chr1	182026475	182029176	-	10	9
chr1	182787444	182789223	-	10	9
chr1	205634175	205639845	-	10	9
chr1	205694667	205695785	+	10	10
chr1	205705542	205706377	+	10	9
chr1	206498458	206501498	+	10	9
chr1	209859668	209859825	-	10	10
chr1	211597633	211597841	+	10	1
chr1	212362562	212363905	-	10	8
chr1	213288892	213322178	+	10	9
chr1	221697714	221699471	-	10	7
chr1	221742171	221742697	-	10	10
chr1	226120758	226122677	-	10	10
chr1	226140786	226143528	-	10	9
chr1	226345969	226357378	+	10	10
chr1	226739382	226740805	+	10	9
chr1	228165514	228165801	-	10	9
chr1	228456083	228456944	-	10	10
chr1	232045324	232046649	+	10	9
chr1	232232126	232232944	+	10	10
chr1	241491838	241493668	-	10	7
chr1	241833935	241834983	-	10	7
chr1	247098099	247098446	-	10	9
chr2	2341077	2487937	-	10	10
chr2	7079498	7082250	+	10	9
chr2	9935795	9936314	-	10	10
chr2	18636080	18637143	-	10	9
chr2	18652680	18654003	+	10	9
chr2	18773718	18774461	+	10	9
chr2	18804492	18805749	+	10	9
chr2	19817630	19817727	-	10	10
chr2	19826729	19826855	+	10	10
chr2	19894541	19895553	-	10	10
chr2	20872866	20872972	-	10	9
chr2	24488910	24491509	+	10	9
chr2	25225724	25225850	+	10	10
chr2	25722845	25723006	-	10	10
chr2	31849008	31850851	+	10	10
chr2	43143962	43144850	+	10	9
chr2	43190102	43191329	+	10	9
chr2	44810527	44810909	-	10	8
chr2	46644363	46646644	-	10	10
chr2	48523074	48525893	-	10	10
chr2	53097179	53098024	-	10	10
chr2	57525023	57527845	-	10	9
chr2	57577011	57578601	-	10	8
chr2	64629862	64630719	-	10	9
chr2	71081199	71083444	-	10	10
chr2	71435239	71437535	+	10	10
chr2	71445128	71445505	+	10	10
chr2	73748509	73749351	-	10	9
chr2	74494928	74497494	+	10	7
chr2	75235947	75237415	-	10	9
chr2	81351194	81358306	-	10	10
chr2	85675963	85677085	-	10	9
chr2	87970325	87970449	-	10	10
chr2	89229236	89230187	-	10	5
chr2	95083788	95084873	-	10	9
chr2	95992382	95993733	+	10	10
chr2	96139585	96140254	+	10	9
chr2	96162074	96165591	-	10	10
chr2	97740946	97741268	-	10	9
chr2	98595176	98598936	-	10	9
chr2	99538668	99540244	+	10	9
chr2	101897608	101898149	+	10	9
chr2	109779866	109783028	+	10	9
chr2	112210090	112210651	+	10	10
chr2	112358847	112361401	-	10	8
chr2	113563311	113564088	-	10	10
chr2	113847602	113848945	-	10	6
chr2	114276939	114277225	-	10	9
chr2	119985128	119985605	-	10	9
chr2	121773768	121775345	+	10	8
chr2	123835930	123839924	-	10	4
chr2	126709748	126710983	+	10	9
chr2	126776608	126778206	-	10	4
chr2	148643052	148644082	-	10	8
chr2	150396372	150396478	+	10	10
chr2	156434318	156435240	-	10	9
chr2	159617458	159618270	+	10	10
chr2	159654501	159658826	-	10	10
chr2	170976217	170977786	+	10	9
chr2	171756752	171758025	-	10	9
chr2	173971785	173974016	+	10	10
chr2	174309529	174309930	-	10	10
chr2	174528672	174528955	+	10	10
chr2	175171739	175175417	-	10	9
chr2	185552122	185552356	+	10	10
chr2	190858026	190858591	-	10	9
chr2	193597427	193599339	+	10	8
chr2	194951360	194953504	-	10	6
chr2	202264612	202265476	+	10	10
chr2	206425246	206425344	+	10	10
chr2	219278578	219279164	+	10	8
chr2	222818417	222818518	-	10	10
chr2	225051510	225054567	+	10	6
chr2	226829976	226832267	-	10	9
chr2	227358384	227361127	+	10	10
chr2	230841872	230857082	+	10	10
chr2	231661195	231662314	-	10	7
chr2	231704770	231705896	+	10	9
chr2	231722186	231724660	+	10	9
chr2	239863106	239863978	-	10	10
chr2	241817743	241818085	+	10	9
chr3	957768	957865	-	10	10
chr3	10128915	10131838	-	10	10
chr3	12193834	12194515	+	10	8
chr3	12731388	12731645	-	10	10
chr3	14366577	14367105	+	10	9
chr3	27631939	27632052	+	10	10
chr3	33487487	33488011	-	10	9
chr3	37370640	37371616	-	10	10
chr3	40475431	40476229	+	10	9
chr3	40637096	40637708	+	10	9
chr3	44478069	44484301	+	10	10
chr3	46301939	46303066	-	10	10
chr3	46362830	46363147	+	10	10
chr3	48089293	48089809	+	10	7
chr3	48509293	48513506	+	10	9
chr3	49095262	49095546	+	10	9
chr3	52251364	52253290	+	10	9
chr3	53206517	53206987	-	10	9
chr3	53217943	53219807	-	10	9
chr3	58327076	58328266	-	10	9
chr3	58465699	58468795	+	10	8
chr3	66858071	66884529	+	10	9
chr3	66970212	66970665	-	10	7
chr3	67342473	67343659	-	10	8
chr3	80570171	80570294	+	10	10
chr3	87827210	87828996	+	10	10
chr3	99816302	99817032	-	10	7
chr3	104343306	104346257	-	10	7
chr3	105005125	105125379	+	10	10
chr3	112917140	112917555	+	10	10
chr3	121947972	121949579	+	10	10
chr3	122575268	122575844	+	10	8
chr3	128419045	128420139	+	10	10
chr3	128840396	128841585	+	10	10
chr3	129190089	129200541	-	10	10
chr3	137092120	137092293	+	10	10
chr3	138646170	138646807	+	10	10
chr3	143060754	143062221	+	10	10
chr3	144074260	144075533	+	10	9
chr3	150513757	150515139	+	10	9
chr3	153263416	153266377	+	10	8
chr3	156823750	156825131	+	10	10
chr3	157144849	157146082	-	10	10
chr3	167676109	167677036	+	10	10
chr3	195599232	195599454	-	10	10
chr3	196111387	196114228	+	10	10
chr3	196340962	196343123	-	10	8
chr4	1160729	1161140	+	10	9
chr4	2243396	2245109	-	10	9
chr4	2736860	2737914	-	10	9
chr4	6682121	6682893	+	10	8
chr4	6717685	6718840	+	10	9
chr4	10059265	10060796	-	10	8
chr4	12901747	12903694	-	10	7
chr4	12967630	12968026	-	10	10
chr4	13262998	13267131	-	10	10
chr4	15468574	15469784	-	10	9
chr4	25724399	25725308	+	10	10
chr4	37875708	37876374	+	10	8
chr4	38528807	38530940	+	10	8
chr4	38858263	38858765	+	10	7
chr4	38966008	38966294	-	10	10
chr4	39033499	39033807	-	10	4
chr4	39794575	39796722	+	10	9
chr4	40651912	40667750	+	10	10
chr4	48432949	48433332	-	10	10
chr4	49584983	49585334	-	10	10
chr4	56860452	56881711	+	10	10
chr4	56906626	56907856	-	10	9
chr4	70687395	70688184	-	10	10
chr4	70860141	70862805	+	10	9
chr4	71042704	71044907	-	10	10
chr4	81023125	81023220	+	10	10
chr4	81425308	81425848	-	10	9
chr4	82129724	82129976	+	10	10
chr4	88255832	88257553	-	10	10
chr4	95930761	95930916	+	10	10
chr4	98171997	98173072	+	10	10
chr4	101016847	101018722	+	10	10
chr4	106349645	106350586	+	10	10
chr4	108668080	108669101	-	10	8
chr4	112090822	112092444	+	10	9
chr4	113762066	113764911	+	10	8
chr4	127878006	127880239	-	10	8
chr4	139637158	139641931	+	10	10
chr4	140619819	140620153	-	10	9
chr4	141509887	141511347	+	10	10
chr4	141558418	141561929	+	10	9
chr4	141791980	141792083	+	10	10
chr4	146200225	146201325	+	10	7
chr4	147684397	147687825	+	10	10
chr4	164857940	164873683	+	10	10
chr4	167813015	167813127	+	10	10
chr4	182918769	182919038	-	10	9
chr4	183512552	183515188	+	10	10
chr4	184859191	184860028	-	10	10
chr4	185150837	185154132	+	10	10
chr4	185155698	185158014	+	10	10
chr4	187437278	187437711	+	10	9
chr4	189256543	189260019	-	10	9
chr4	189751519	189751638	-	10	10
chr5	5342883	5343711	-	10	8
chr5	14651649	14651921	+	10	10
chr5	27678362	27678496	+	10	10
chr5	32219339	32221692	-	10	9
chr5	32224997	32226442	-	10	10
chr5	34153902	34154994	-	10	10
chr5	36096478	36098190	-	10	9
chr5	37253363	37255383	+	10	8
chr5	42974444	42974807	-	10	10
chr5	45940171	46047191	+	10	10
chr5	50364599	50364858	-	10	10
chr5	53883474	53883780	-	10	10
chr5	56373129	56373345	+	10	10
chr5	56408937	56409036	-	10	10
chr5	56897537	56899765	+	10	10
chr5	57161240	57164266	-	10	6
chr5	62984345	62984443	-	10	10
chr5	67176760	67178684	-	10	9
chr5	69843842	69844758	-	10	10
chr5	69930411	69931375	-	10	9
chr5	69938925	69940015	+	10	8
chr5	70136922	70137222	+	10	10
chr5	70162362	70162587	+	10	10
chr5	70268582	70268810	-	10	9
chr5	70485121	70485583	-	10	9
chr5	70485135	70485278	+	10	9
chr5	70490208	70491668	+	10	10
chr5	70965768	70967064	-	10	10
chr5	79611487	79612052	-	10	7
chr5	81406023	81406358	+	10	9
chr5	93351577	93351687	+	10	10
chr5	100001441	100001528	-	10	10
chr5	100780623	100781329	+	10	9
chr5	104079182	104079375	-	10	10
chr5	107362390	107362915	+	10	10
chr5	116442513	116443449	+	10	9
chr5	117066870	117222384	+	10	10
chr5	119401256	119402076	+	10	8
chr5	131401390	131402167	-	10	10
chr5	132871135	132872828	-	10	9
chr5	134752722	134754245	-	10	10
chr5	138278431	138278534	+	10	10
chr5	140149037	140149991	-	10	10
chr5	140173666	140174971	-	10	9
chr5	140611132	140612883	-	10	9
chr5	142158259	142158670	-	10	9
chr5	149474955	149476689	-	10	8
chr5	151501342	151502276	+	10	10
chr5	151726053	151729079	+	10	10
chr5	154697791	154699428	+	10	9
chr5	157072667	157073682	-	10	10
chr6	849975	851867	+	10	8
chr6	2885091	2886002	-	10	9
chr6	3992520	3992860	-	10	9
chr6	3998261	4000585	-	10	10
chr6	4174451	4176007	+	10	10
chr6	6767893	6768905	-	10	10
chr6	7614861	7616716	-	10	9
chr6	16772994	16774745	+	10	9
chr6	17333538	17361673	-	10	10
chr6	17709652	17712314	+	10	8
chr6	18468896	18470176	+	10	9
chr6	26184655	26186464	+	10	9
chr6	26235363	26236740	+	10	7
chr6	26260494	26264072	+	10	7
chr6	26532772	26533001	-	10	10
chr6	27813232	27814201	-	10	7
chr6	27902499	27903743	-	10	9
chr6	28537585	28537843	+	10	7
chr6	28665445	28709202	+	10	10
chr6	30526573	30529293	-	10	10
chr6	30538788	30541260	-	10	10
chr6	30570375	30571043	+	10	9
chr6	30726435	30727707	-	10	10
chr6	31204063	31208042	-	10	10
chr6	31617230	31618840	+	10	10
chr6	31638412	31638838	+	10	10
chr6	31796295	31796656	+	10	8
chr6	31807030	31807986	+	10	8
chr6	35254580	35255085	+	10	10
chr6	36025951	36027373	-	10	6
chr6	37168666	37170148	-	10	7
chr6	38652041	38655241	-	10	10
chr6	41252324	41253727	-	10	10
chr6	41616860	41617896	+	10	10
chr6	42205340	42206380	-	10	9
chr6	53255135	53257349	+	10	10
chr6	57030187	57030334	+	10	10
chr6	57745346	57747330	-	10	9
chr6	80800618	80800800	-	10	10
chr6	87512378	87513887	-	10	10
chr6	89823036	89824166	-	10	9
chr6	90376713	90376986	+	10	10
chr6	98852456	98854606	-	10	10
chr6	100198086	100199322	+	10	10
chr6	102556983	102557238	-	10	10
chr6	107693224	107693491	-	10	10
chr6	107694861	107695127	+	10	7
chr6	107960897	107979040	-	10	8
chr6	108270557	108271651	+	10	10
chr6	110847864	110850970	+	10	9
chr6	110899027	110901025	+	10	10
chr6	110913949	110916691	+	10	9
chr6	122253210	122253352	+	10	10
chr6	125983640	125984429	+	10	9
chr6	127345261	127346454	+	10	9
chr6	128530223	128530401	+	10	10
chr6	131306372	131309963	+	10	10
chr6	136794196	136808668	+	10	7
chr6	141714931	141717713	-	10	7
chr6	141975695	141975996	+	10	9
chr6	144067570	144067926	-	10	10
chr6	147397923	147398610	+	10	10
chr6	149501083	149503417	-	10	10
chr6	152672645	152685565	+	10	10
chr6	158647908	158649914	-	10	9
chr6	158867943	158869815	+	10	9
chr6	163623012	163653135	+	10	10
chr7	807997	815003	+	10	10
chr7	2850853	2858977	+	10	10
chr7	4674659	4678690	-	10	7
chr7	6314972	6318742	-	10	9
chr7	6862915	6863033	-	10	10
chr7	7547329	7547469	+	10	10
chr7	26378100	26380432	+	10	7
chr7	38305226	38305730	+	10	7
chr7	39619761	39620169	-	10	8
chr7	43741978	43751545	+	10	9
chr7	44735050	44735180	+	10	10
chr7	44825896	44826184	-	10	10
chr7	47695721	47727512	-	10	10
chr7	55776017	55776143	-	10	10
chr7	64711794	64713790	+	10	10
chr7	65489614	65490489	-	10	9
chr7	66497912	66499608	-	10	10
chr7	66593767	66593965	-	10	10
chr7	70796446	70831410	-	10	8
chr7	73122435	73123779	-	10	7
chr7	73529424	73534918	+	10	10
chr7	73558834	73565515	-	10	8
chr7	73733118	73734749	+	10	8
chr7	73797567	73798137	+	10	10
chr7	74443255	74443406	-	10	10
chr7	74921500	74922891	+	10	8
chr7	75244174	75244305	-	10	10
chr7	76642509	76643163	-	10	10
chr7	92604373	92604861	+	10	9
chr7	99644763	99647990	+	10	10
chr7	99736772	99738481	+	10	8
chr7	100042962	100044982	-	10	7
chr7	100434245	100435242	+	10	9
chr7	100608274	100611766	+	10	8
chr7	102523608	102524687	+	10	10
chr7	102526246	102527792	+	10	10
chr7	106074640	106076100	-	10	10
chr7	107890484	107891159	-	10	9
chr7	113498989	113499151	+	10	10
chr7	122279023	122279138	-	10	10
chr7	125562182	125702326	-	10	10
chr7	128126254	128156303	+	10	10
chr7	128670456	128671833	+	10	10
chr7	129602255	129603704	+	10	10
chr7	132772393	132774853	-	10	9
chr7	134116530	134117538	+	10	9
chr7	135997060	135999654	+	10	9
chr7	137849099	137851298	-	10	9
chr7	140230410	140231728	+	10	8
chr7	141795663	141796664	+	10	8
chr7	142514463	142516037	-	10	8
chr7	142811663	142812023	-	10	10
chr7	143050471	143050570	-	10	10
chr7	143234595	143237234	-	10	6
chr7	143737535	143739629	-	10	10
chr7	148941687	148941961	+	10	9
chr7	150362662	150363131	-	10	9
chr7	150548426	150549357	-	10	10
chr7	150575486	150579559	-	10	8
chr7	150600001	150601597	+	10	10
chr7	150644747	150646528	-	10	6
chr7	150762250	150766577	+	10	9
chr7	152123298	152123662	+	10	10
chr8	208349	209565	-	10	8
chr8	6307421	6307543	-	10	10
chr8	11332642	11335223	+	10	9
chr8	13920556	13920673	+	10	10
chr8	17129284	17130460	+	10	7
chr8	22241214	22242827	-	10	10
chr8	22673553	22677578	-	10	7
chr8	24253147	24254654	-	10	10
chr8	25013401	25015037	+	10	10
chr8	26658793	26661108	+	10	8
chr8	28192152	28192493	-	10	9
chr8	30767313	30768013	+	10	10
chr8	38018629	38030301	-	10	10
chr8	41488751	41490072	-	10	8
chr8	42413180	42415745	+	10	8
chr8	43139146	43139521	+	10	9
chr8	48065143	48068795	-	10	10
chr8	56028464	56030294	+	10	9
chr8	64450209	64450330	-	10	10
chr8	65980878	65981235	+	10	7
chr8	66533859	66536523	+	10	9
chr8	67345451	67347673	+	10	10
chr8	67351126	67353285	+	10	9
chr8	89927911	89928216	+	10	8
chr8	102643218	102644337	-	10	9
chr8	123156278	123157306	-	10	10
chr8	127540385	127542079	-	10	8
chr8	127566616	127566976	-	10	5
chr8	130549155	130549271	+	10	8
chr8	131836225	131837901	-	10	8
chr8	131851427	131852558	-	10	8
chr8	133577931	133579336	+	10	10
chr8	140494660	140497816	-	10	9
chr8	140517430	140519535	+	10	9
chr8	143626241	143628042	-	10	10
chr8	144145823	144147975	-	10	9
chr8	144714951	144717312	-	10	8
chr9	118915	119709	-	10	10
chr9	194752	196944	-	10	10
chr9	5840898	5842535	-	10	9
chr9	5852337	5852833	-	10	9
chr9	19228955	19229965	-	10	10
chr9	24186915	24402514	+	10	9
chr9	24869436	24869668	-	10	10
chr9	27607203	27607456	-	10	9
chr9	29210908	29213098	-	10	5
chr9	32454802	32455244	+	10	8
chr9	33455027	33455653	+	10	10
chr9	35086981	35087478	+	10	10
chr9	37372484	37376065	+	10	8
chr9	37408034	37422227	-	10	10
chr9	39306502	39306632	+	10	10
chr9	66315892	66316201	+	10	10
chr9	67574342	67574485	-	10	10
chr9	70359533	70362213	+	10	9
chr9	80326693	80327466	-	10	10
chr9	80529801	80531801	+	10	8
chr9	80800312	80800617	-	10	10
chr9	85938802	85940814	-	10	9
chr9	86188395	86188788	-	10	10
chr9	87479449	87486080	-	10	10
chr9	93055393	93056829	-	10	8
chr9	94113595	94113790	-	10	10
chr9	97881034	97882881	-	10	9
chr9	97889869	97892238	-	10	10
chr9	103776232	103776892	-	10	10
chr9	112355729	112358072	-	10	8
chr9	112903546	112906695	+	10	10
chr9	113309298	113310225	-	10	10
chr9	114569532	114569736	+	10	10
chr9	114752018	114754013	+	10	10
chr9	122832598	122832813	-	10	2
chr9	123293581	123293721	+	10	10
chr9	127779053	127781863	+	10	9
chr9	128337591	128338617	+	10	8
chr9	131123442	131123549	+	10	9
chr9	133028075	133030388	-	10	10
chr9	135400872	135401174	-	10	10
chr9	135451506	135451673	+	10	10
chr9	136001763	136002179	-	10	9
chr9	136730385	136732322	+	10	7
chr9	137001194	137002400	+	10	9
chr9	137291644	137292282	-	10	10
chr10	745293	745428	-	10	10
chr10	3791336	3791813	+	10	9
chr10	7154945	7155849	-	10	9
chr10	8078254	8080800	+	10	8
chr10	8095028	8097216	+	10	8
chr10	8709219	8712072	-	10	7
chr10	8859439	8862234	-	10	8
chr10	8889703	8891503	-	10	10
chr10	15403115	15508213	+	10	9
chr10	17628468	17628624	-	10	10
chr10	17734211	17736029	+	10	10
chr10	22516351	22516607	+	10	8
chr10	30602074	30602180	-	10	10
chr10	45704752	45705505	-	10	10
chr10	46148529	46149664	-	10	8
chr10	46576724	46577122	-	10	10
chr10	46833066	46834414	+	10	10
chr10	47683300	47683604	-	10	10
chr10	50303947	50304792	+	10	8
chr10	60733499	60733764	+	10	9
chr10	62181324	62181624	+	10	10
chr10	63163792	63164569	-	10	10
chr10	68985598	68986641	-	10	9
chr10	69061578	69063571	+	10	10
chr10	69174694	69178271	+	10	10
chr10	70587474	70590661	-	10	10
chr10	71874524	71875462	-	10	10
chr10	72279054	72281968	+	10	7
chr10	72326989	72328472	-	10	8
chr10	72363446	72365984	+	10	9
chr10	73435487	73435891	+	10	9
chr10	73626793	73627690	+	10	9
chr10	75208511	75209853	+	10	9
chr10	76803336	76803581	+	10	10
chr10	79068376	79068666	+	10	6
chr10	79357443	79358033	+	10	8
chr10	86403463	86407313	+	10	7
chr10	95707478	95708818	+	10	9
chr10	96592216	96592614	+	10	9
chr10	97345672	97352646	+	10	10
chr10	97433868	97435889	-	10	9
chr10	97774397	97775755	+	10	10
chr10	99238923	99324625	+	10	10
chr10	102081707	102082819	-	10	10
chr10	102122569	102122909	-	10	10
chr10	102437439	102437751	+	10	10
chr10	110339551	110339941	-	10	10
chr10	112842120	112842405	-	10	10
chr10	114428521	114429039	-	10	9
chr10	123185243	123189026	+	10	6
chr10	130186231	130186567	-	10	9
chr10	133783726	133784709	+	10	10
chr11	331421	332503	+	10	8
chr11	355186	356068	-	10	10
chr11	729574	730689	+	10	9
chr11	1533455	1534494	+	10	8
chr11	1915742	1916900	+	10	10
chr11	2292617	2293063	+	10	10
chr11	10307679	10307990	+	10	9
chr11	16763823	16766389	+	10	8
chr11	22959058	22960084	+	10	9
chr11	22979039	22979355	-	10	9
chr11	23521215	23676524	+	10	6
chr11	25628752	25628859	-	10	9
chr11	33240076	33240821	-	10	10
chr11	33251414	33252500	+	10	10
chr11	33894790	33895703	+	10	9
chr11	45843930	45846878	-	10	9
chr11	46676297	46676798	-	10	9
chr11	47917788	47929477	-	10	7
chr11	58495350	58496722	-	10	10
chr11	58514511	58515010	-	10	9
chr11	58578285	58579045	+	10	8
chr11	61892253	61895143	+	10	8
chr11	62675158	62676094	-	10	10
chr11	63967279	63970383	+	10	9
chr11	64338496	64338774	+	10	6
chr11	64373944	64385696	-	10	9
chr11	64760044	64762174	+	10	9
chr11	65563151	65566026	+	10	10
chr11	65709334	65711902	-	10	8
chr11	65711156	65711371	+	10	6
chr11	65806554	65810158	-	10	8
chr11	65993257	65993589	+	10	10
chr11	66743988	66744416	-	10	10
chr11	66984375	66991397	-	10	9
chr11	67426556	67427316	+	10	9
chr11	68881756	68882490	-	10	9
chr11	70212983	70220162	+	10	10
chr11	71659015	71660212	+	10	8
chr11	73247341	73248110	+	10	8
chr11	73673373	73674667	+	10	10
chr11	74009538	74010536	-	10	10
chr11	74981808	74984033	+	10	9
chr11	78088040	78089666	-	10	10
chr11	83154019	83156858	-	10	10
chr11	86188267	86188373	+	10	10
chr11	86424703	86425933	-	10	10
chr11	93325261	93326780	-	10	9
chr11	95071472	95072794	+	10	10
chr11	102392291	102394169	-	10	9
chr11	103033677	103033956	-	10	9
chr11	107262564	107264375	-	10	5
chr11	107318416	107319142	+	10	10
chr11	117177425	117178636	-	10	6
chr11	118323945	118326252	+	10	5
chr11	118837398	118851265	-	10	9
chr11	119061023	119064287	+	10	9
chr11	121660966	121661860	-	10	9
chr11	124701042	124702029	-	10	10
chr11	124711085	124713681	-	10	9
chr11	130564900	130565994	+	10	9
chr12	14160	14345	+	10	9
chr12	734650	746636	-	10	9
chr12	3779460	3783197	+	10	9
chr12	4076733	4078421	+	10	8
chr12	4143436	4144063	+	10	8
chr12	6163319	6168462	-	10	10
chr12	7990633	7992370	+	10	8
chr12	9773403	9774413	+	10	7
chr12	9796042	9798935	+	10	9
chr12	14299338	14345511	-	10	9
chr12	20767462	20768470	-	10	10
chr12	31255443	31257801	-	10	9
chr12	31832715	31836097	-	10	10
chr12	39472676	39474653	-	10	9
chr12	43617926	43618034	-	10	10
chr12	48643782	48644467	-	10	9
chr12	49120521	49121276	-	10	7
chr12	50491360	50504423	-	10	8
chr12	51043206	51047384	-	10	10
chr12	53209179	53210173	+	10	10
chr12	60008729	60083219	-	10	10
chr12	64503429	64505517	+	10	10
chr12	65000693	65000793	-	10	10
chr12	67899886	67906166	+	10	10
chr12	68800053	68802394	+	10	8
chr12	70355014	70358583	+	10	10
chr12	74545982	74546813	+	10	10
chr12	76019363	76020292	-	10	8
chr12	83233370	83388509	-	10	10
chr12	92238833	92241620	-	10	8
chr12	92958527	92960959	+	10	8
chr12	92986692	92989058	-	10	9
chr12	93442276	93444607	+	10	8
chr12	93446756	93447570	-	10	7
chr12	94553254	94553877	-	10	10
chr12	94709620	94711505	-	10	9
chr12	94748446	94748847	-	10	9
chr12	94799037	94799943	-	10	8
chr12	97694532	97708087	-	10	10
chr12	100147714	100148328	-	10	9
chr12	105763417	105763747	+	10	7
chr12	107720261	107722351	-	10	9
chr12	110248777	110257675	-	10	9
chr12	110767554	110783820	+	10	10
chr12	111403794	111405092	-	10	8
chr12	111619337	111622225	-	10	10
chr12	112025245	112026355	-	10	7
chr12	113781002	113782782	-	10	9
chr12	120315446	120317494	-	10	10
chr12	120502175	120503166	+	10	10
chr12	122430353	122448436	-	10	10
chr12	122772682	122774149	-	10	8
chr12	126722933	126723308	-	10	10
chr12	126857834	126858171	-	10	10
chr12	128843312	128843646	-	10	9
chr12	131812761	131815045	-	10	10
chr13	20949728	20954242	-	10	10
chr13	21491185	21491457	+	10	10
chr13	26553535	26553626	+	10	10
chr13	27060101	27061710	-	10	10
chr13	27262903	27263286	+	10	10
chr13	30709147	30709261	-	10	10
chr13	31671694	31673595	-	10	9
chr13	31695776	31697139	-	10	10
chr13	31705249	31708065	-	10	9
chr13	31808498	31810206	-	10	10
chr13	40700980	40701619	-	10	9
chr13	42327128	42329351	+	10	8
chr13	47670399	47670509	+	10	10
chr13	48052109	48052561	-	10	9
chr13	49654090	49654671	+	10	9
chr13	49694772	49697896	-	10	9
chr13	72154369	72154560	+	10	10
chr13	73033814	73037829	+	10	10
chr13	80288380	80293718	-	10	10
chr13	86527074	86699137	+	10	10
chr13	100028261	100044281	-	10	10
chr13	103707179	103962259	-	10	10
chr13	109419333	109421806	-	10	9
chr13	111309117	111309814	+	10	10
chr14	20791698	20799758	+	10	7
chr14	21847664	21849534	-	10	10
chr14	21998179	22001868	+	10	8
chr14	22175154	22175603	+	10	10
chr14	22854193	22864444	-	10	9
chr14	39142094	39143811	+	10	8
chr14	39145679	39146455	+	10	9
chr14	39170539	39171033	+	10	9
chr14	39393005	39393431	-	10	9
chr14	49567112	49569691	-	10	9
chr14	49615423	49617987	-	10	10
chr14	49623489	49625123	-	10	8
chr14	49856829	49858252	+	10	10
chr14	52291123	52293183	-	10	9
chr14	55070535	55073468	-	10	10
chr14	55079835	55099398	-	10	8
chr14	57454536	57454802	+	10	10
chr14	65233091	65234246	-	10	9
chr14	65352013	65353833	+	10	9
chr14	65378936	65383701	-	10	10
chr14	70677960	70680994	+	10	9
chr14	73711181	73711773	-	10	10
chr14	75234829	75235349	+	10	8
chr14	75333349	75334042	-	10	8
chr14	86240749	86241030	-	10	10
chr14	92186652	92187381	-	10	10
chr14	92511888	92513780	-	10	10
chr14	93236504	93237346	-	10	10
chr14	96951125	96953020	+	10	9
chr14	97783471	97785033	+	10	9
chr14	99122730	99123895	+	10	10
chr14	99281876	99283721	+	10	9
chr14	100169284	100170568	-	10	10
chr14	100688643	100689109	+	10	9
chr14	101118033	101120367	-	10	8
chr14	102775314	102777052	-	10	9
chr14	103511374	103512529	+	10	9
chr14	104809078	104809913	-	10	7
chr14	105039146	105040965	-	10	8
chr14	105086366	105087262	-	10	9
chr14	105708774	105711836	-	10	9
chr14	106228978	106229447	+	10	10
chr15	22604393	22605252	-	10	9
chr15	22701330	22705288	-	10	10
chr15	23721747	23732407	-	10	10
chr15	30463091	30465640	-	10	9
chr15	30539187	30540039	-	10	10
chr15	40399413	40402482	-	10	9
chr15	41404039	41404963	+	10	9
chr15	43722065	43724823	-	10	9
chr15	49833319	49836885	-	10	10
chr15	50378784	50390228	+	10	8
chr15	50549827	50552468	-	10	9
chr15	52542509	52545473	-	10	7
chr15	55200436	55201974	+	10	4
chr15	63494284	63495387	-	10	10
chr15	64686086	64687167	-	10	10
chr15	64720045	64723930	-	10	8
chr15	64840205	64841624	-	10	7
chr15	65518083	65518833	+	10	9
chr15	67195687	67197240	-	10	9
chr15	67814303	67814632	+	10	10
chr15	67817636	67819083	+	10	7
chr15	70818999	70819121	+	10	10
chr15	74054955	74056486	-	10	10
chr15	75139859	75143759	+	10	9
chr15	76954445	76958106	+	10	8
chr15	81006620	81007018	-	10	10
chr15	82723121	82725434	-	10	9
chr15	85900706	85901982	+	10	10
chr15	89230920	89232861	+	10	9
chr15	89823110	89823616	-	10	9
chr15	90322196	90331788	+	10	10
chr15	91852135	91853581	-	10	10
chr15	94647936	94648044	-	10	8
chr15	96633495	96668222	+	10	10
chr16	810878	812961	+	10	9
chr16	2215423	2217762	+	10	9
chr16	3101691	3102741	+	10	9
chr16	3106182	3106513	-	10	9
chr16	3340010	3345430	+	10	10
chr16	4254506	4256250	-	10	8
chr16	8998040	9026807	-	10	10
chr16	10264016	10281829	-	10	10
chr16	11532063	11534429	-	10	10
chr16	15381280	15382996	-	10	10
chr16	21397450	21399376	-	10	10
chr16	22194433	22196873	-	10	9
chr16	27369529	27371826	+	10	9
chr16	28632580	28632818	-	10	10
chr16	28967115	28968963	+	10	9
chr16	31029596	31031753	+	10	7
chr16	31052210	31054551	-	10	10
chr16	31052658	31056326	+	10	10
chr16	31172879	31173011	+	10	10
chr16	31383788	31387015	+	10	10
chr16	33987966	33988129	-	10	10
chr16	34196549	34200690	-	10	10
chr16	50656551	50657015	+	10	10
chr16	55084102	55246227	+	10	10
chr16	56917528	56918260	+	10	10
chr16	62488575	62489616	-	10	10
chr16	63771040	63828173	-	10	10
chr16	67104760	67107573	+	10	8
chr16	67721509	67722823	-	10	8
chr16	67983935	67985373	+	10	10
chr16	70089530	70091245	-	10	10
chr16	70202475	70204044	-	10	10
chr16	81717392	81718818	-	10	9
chr16	81966775	81967390	-	10	9
chr16	81981436	81982845	+	10	7
chr16	85021081	85022432	+	10	9
chr16	85766927	85769617	-	10	10
chr16	85770938	85771487	-	10	10
chr16	88801005	88803156	+	10	8
chr16	89059272	89060522	+	10	10
chr17	1229951	1232286	+	10	9
chr17	3559432	3559946	+	10	10
chr17	5028560	5029445	-	10	10
chr17	5030546	5030943	-	10	7
chr17	5176894	5177110	+	10	10
chr17	7060172	7061611	-	10	8
chr17	7153133	7155842	-	10	10
chr17	8023284	8024041	-	10	10
chr17	8190516	8191580	+	10	8
chr17	8213916	8215203	-	10	8
chr17	8387911	8390280	+	10	10
chr17	10665252	10666023	-	10	10
chr17	10666220	10669432	+	10	10
chr17	10991534	11116180	+	10	10
chr17	13317282	13317493	-	10	10
chr17	15428310	15430742	-	10	9
chr17	17471673	17471790	+	10	10
chr17	18076634	18085745	+	10	10
chr17	19191955	19193780	+	10	10
chr17	29063883	29064173	-	10	9
chr17	29220256	29220339	+	10	10
chr17	29244294	29246509	-	10	10
chr17	31928641	31929720	+	10	10
chr17	35311097	35313015	-	10	9
chr17	35448896	35450272	+	10	9
chr17	38288030	38291247	-	10	9
chr17	38751792	38752342	-	10	9
chr17	38826924	38829959	+	10	9
chr17	38867296	38867505	-	10	3
chr17	38969253	38970182	-	10	10
chr17	42277398	42280007	-	10	9
chr17	42397783	42397959	-	10	10
chr17	42523466	42524540	+	10	8
chr17	45189630	45190904	-	10	8
chr17	45317544	45318241	+	10	8
chr17	46264184	46266254	-	10	8
chr17	46270710	46273245	-	10	10
chr17	49057270	49063116	+	10	10
chr17	49697259	49698166	-	10	9
chr17	50301658	50310406	-	10	10
chr17	50343364	50345207	-	10	7
chr17	50485978	50486604	+	10	9
chr17	50756439	50759762	-	10	10
chr17	51174572	51177208	-	10	10
chr17	62065315	62065931	-	10	9
chr17	62281506	62282531	-	10	9
chr17	62988345	62988713	-	10	7
chr17	63991166	63995271	-	10	9
chr17	66810986	66811264	-	10	10
chr17	67760498	67761717	+	10	9
chr17	70436886	70545787	-	10	10
chr17	74515815	74516640	-	10	7
chr17	74626951	74633121	-	10	10
chr17	75025854	75029419	+	10	10
chr17	75419433	75424561	-	10	10
chr17	75825808	75826385	+	10	9
chr17	75864087	75872666	-	10	10
chr17	76271408	76273849	+	10	8
chr17	76595289	76604782	+	10	9
chr17	78246220	78247951	-	10	8
chr17	78666335	78669505	-	10	10
chr17	81871687	81873042	-	10	10
chr17	82452976	82453513	-	10	10
chr17	83126108	83127893	+	10	9
chr18	10561099	10562645	+	10	9
chr18	13655506	13657815	+	10	9
chr18	20941335	20943338	-	10	9
chr18	20946050	20946234	-	10	10
chr18	21639090	21643109	+	10	9
chr18	21647055	21649892	+	10	10
chr18	23987758	23988465	-	10	10
chr18	35580248	35581098	-	10	9
chr18	45973852	45976082	-	10	9
chr18	46131667	46134286	+	10	9
chr18	46142354	46144163	-	10	10
chr18	46802664	46803102	+	10	10
chr18	58773835	58786496	+	10	10
chr18	59904492	59904886	-	10	10
chr18	76282843	76283509	-	10	10
chr18	76699277	76699344	+	10	8
chr19	1653521	1654400	+	10	8
chr19	2457140	2457825	+	10	6
chr19	2818448	2819111	+	10	9
chr19	3048626	3050633	-	10	8
chr19	3956718	3958117	-	10	10
chr19	5670406	5672646	+	10	9
chr19	6370275	6372622	-	10	10
chr19	7674952	7676582	-	10	8
chr19	7687779	7688583	-	10	10
chr19	11765711	11766628	-	10	9
chr19	12295377	12298831	+	10	8
chr19	13786163	13789465	-	10	9
chr19	13860889	13861868	-	10	8
chr19	14024416	14025116	-	10	9
chr19	14500235	14501427	-	10	9
chr19	17521314	17522250	+	10	9
chr19	17739826	17740649	+	10	9
chr19	17789159	17791208	+	10	10
chr19	18416132	18417452	-	10	9
chr19	18416563	18418525	+	10	8
chr19	18549276	18550604	+	10	9
chr19	22864118	22865134	-	10	10
chr19	23878109	23880830	+	10	4
chr19	28762740	28762865	+	10	10
chr19	29683756	29685892	-	10	9
chr19	34171290	34171772	-	10	8
chr19	34242729	34242947	-	10	10
chr19	35822283	35823916	+	10	10
chr19	36491982	36493600	+	10	10
chr19	38230419	38233046	+	10	7
chr19	40305019	40314259	+	10	9
chr19	40661458	40662919	-	10	7
chr19	41520272	41520590	-	10	9
chr19	46024028	46024891	+	10	9
chr19	47219508	47220790	-	10	8
chr19	47278238	47281387	-	10	10
chr19	49325667	49326828	+	10	9
chr19	49503698	49505617	+	10	8
chr19	51744206	51744593	+	10	10
chr19	52189079	52189415	+	10	9
chr19	53791223	53792325	+	10	10
chr19	54269976	54271150	-	10	10
chr19	54371013	54372709	+	10	9
chr19	54672621	54676084	+	10	9
chr19	55335056	55335164	+	10	10
chr19	55470694	55470835	-	10	10
chr19	55618284	55620345	-	10	10
chr19	57222934	57225470	+	10	9
chr19	57239961	57240403	-	10	8
chr20	5540533	5542149	+	10	10
chr20	25003487	25005015	+	10	8
chr20	33699360	33700675	+	10	10
chr20	35148265	35149386	+	10	9
chr20	35159442	35161359	+	10	9
chr20	36650368	36651361	-	10	10
chr20	37472384	37472793	+	10	10
chr20	39308495	39308849	+	10	8
chr20	39444693	39445038	-	10	8
chr20	40689519	40689945	-	10	8
chr20	43257889	43264951	+	10	10
chr20	49217695	49218979	+	10	9
chr20	50230607	50230708	-	10	10
chr20	50785322	50786051	-	10	10
chr20	52049101	52051047	-	10	7
chr20	53536388	53538246	+	10	10
chr20	56546137	56548166	+	10	9
chr20	56599813	56600218	+	10	9
chr20	56790335	57001787	+	10	10
chr20	57603574	57603840	-	10	9
chr20	58388325	58389000	-	10	10
chr20	58913478	58914674	+	10	10
chr20	63849275	63850842	-	10	10
chr21	6124420	6126308	+	10	9
chr21	17291626	17291791	-	10	10
chr21	31108793	31110019	-	10	10
chr21	36298588	36299580	+	10	10
chr21	39094786	39095132	+	10	9
chr21	40932933	40933025	-	10	9
chr21	41793140	41795620	-	10	9
chr21	42303663	42304313	+	10	8
chr21	43176983	43177851	+	10	10
chr21	44001742	44003406	+	10	9
chr21	44845036	44845644	-	10	9
chr22	17733603	17733888	-	10	10
chr22	18864251	18864413	+	10	9
chr22	18905441	18905940	-	10	10
chr22	20954850	20956210	-	10	9
chr22	21625451	21626461	+	10	9
chr22	21898860	21901902	+	10	10
chr22	25418180	25419264	-	10	8
chr22	34228033	34364264	+	10	10
chr22	35459474	35462028	+	10	9
chr22	35496468	35497270	+	10	9
chr22	36275653	36277304	+	10	10
chr22	37315472	37318211	+	10	10
chr22	37452033	37452692	+	10	8
chr22	38805814	38814466	-	10	9
chr22	39113228	39113397	-	10	10
chr22	39172635	39172943	+	10	8
chr22	39333969	39342066	-	10	10
chr22	40637032	40639086	+	10	9
chr22	41050269	41061704	-	10	10
chr22	41091757	41092500	+	10	9
chr22	41431661	41432803	+	10	10
chr22	42651647	42653514	+	10	9
chr22	43016079	43017641	-	10	9
chr22	44535029	44550701	-	10	10
chr22	45342329	45344023	+	10	10
chr22	47422418	47422749	+	10	8
chr22	50341590	50341910	+	10	10
chrX	5750491	5786400	+	10	10
chrX	9457139	9457609	+	10	9
chrX	19236740	19236832	+	10	10
chrX	23495399	23601510	-	10	9
chrX	23951148	23951587	+	10	10
chrX	24464029	24464768	-	10	10
chrX	26141245	26141388	+	10	10
chrX	30732462	30733581	+	10	10
chrX	42813677	42814785	-	10	9
chrX	48610929	48613014	-	10	10
chrX	48671201	48673386	-	10	8
chrX	48921226	48921676	-	10	9
chrX	49168507	49169558	+	10	9
chrX	51923890	51923981	+	10	10
chrX	53180746	53181897	+	10	10
chrX	53365199	53366227	-	10	9
chrX	54579538	54581523	-	10	10
chrX	57241047	57242381	+	10	7
chrX	57694108	57694784	-	10	10
chrX	58468755	58516615	+	10	10
chrX	64166492	64170326	-	10	9
chrX	64263499	64264512	-	10	10
chrX	65034965	65036257	+	10	9
chrX	65279327	65280044	-	10	9
chrX	75676947	75678866	+	10	8
chrX	77490011	77490652	-	10	9
chrX	78265151	78265490	-	10	10
chrX	79333886	79334485	+	10	9
chrX	84756207	84757674	+	10	10
chrX	89481233	89482948	+	10	9
chrX	89893370	89893461	+	10	10
chrX	91626091	91626304	-	10	9
chrX	101307888	101322968	+	10	10
chrX	101621901	101622683	-	10	8
chrX	103599320	103601736	-	10	8
chrX	107660063	107661487	-	10	9
chrX	116010757	116014737	+	10	10
chrX	117760414	117877335	+	10	10
chrX	118495630	118495875	+	10	10
chrX	119049932	119050065	+	10	10
chrX	119180951	119181356	+	10	10
chrX	119464328	119465423	-	10	7
chrX	119781734	119783355	-	10	10
chrX	123858231	123859640	-	10	9
chrX	130122604	130123679	+	10	9
chrX	130125483	130126527	+	10	10
chrX	132972530	133019255	-	10	10
chrX	134523676	134526159	+	10	9
chrX	134861740	134862479	-	10	9
chrX	135040378	135042134	+	10	10
chrX	136831393	136832423	-	10	10
chrX	136839993	136840920	+	10	9
chrX	144546609	144776052	-	10	10
chrX	148197816	148198013	-	10	10
chrX	150962304	150971173	+	10	10
chrX	153038785	153039289	-	10	8
chrX	153427988	153430586	-	10	9
chrX	155681278	155684445	+	10	7
chrX	155754915	155756810	+	10	10
chrY	1765375	1766819	+	10	10
chrY	1935653	1937693	-	10	10
chrY	2670634	2672687	+	10	9
chrY	2744186	2746000	-	10	10
chrY	13179128	13182303	-	10	10
chrY	15463609	15537541	-	10	10
chrY	20953135	20953730	+	10	10
chrY	21052451	21054204	-	10	9
chrY	21285167	21287514	+	10	7
KI270706.1	7546	8931	-	10	9
KI270720.1	29545	31246	-	10	9
KI270744.1	42291	43537	+	10	8
KI270745.1	1346	1546	+	10	10
