candidate_id	chrom	start	end	strand	d0_umis	d0_cells	annotation_history_class	matched_primary_gene	overlapping_v49_added_genes	d1_discovery	polyasite	star_splice	support_count
D0_000001	chr5	14646963	14651940	-	84750	6353	preexisting_v49_gene_span			1	1	0	2
D0_000002	chr12	66049794	66065060	-	46927	16990	unresolved			1	0	0	1
D0_000003	chr20	21755361	21915687	+	33121	2685	other_v49_added_gene		ENSG00000303376,ENSG00000300060,ENSG00000305897	1	1	0	2
D0_000004	GL000220.1	97146	161259	+	13319	2287	unresolved			1	0	0	1
D0_000005	chrX	79178008	79306121	+	11982	4298	unresolved			1	1	1	3
D0_000006	chr9	133020877	133021852	+	11977	1986	unresolved			1	0	0	1
D0_000007	chrM	0	417	-	9715	1801	unresolved			1	0	0	1
D0_000008	chr13	109422875	109424377	-	8164	1900	other_v49_added_gene		ENSG00000289901	1	1	0	2
D0_000009	chr11	10509192	10511360	-	7400	1652	unresolved			1	1	0	2
D0_000010	chr13	22605493	22696016	-	6676	1308	other_v49_added_gene		ENSG00000306102	1	1	0	2
D0_000011	KI270733.1	120222	179453	+	5836	1832	unresolved			1	1	0	2
D0_000012	chr20	60851633	61067509	-	5676	2443	unresolved			1	1	0	2
D0_000013	chr21	8251169	8258559	+	4901	1618	preexisting_v49_gene_span			1	1	0	2
D0_000014	chr14	75282241	75293918	+	3752	1034	preexisting_v49_gene_span			1	1	1	3
D0_000015	chr19	18274580	18279686	+	2926	998	unresolved			1	1	1	3
D0_000016	chr16	55719785	55720439	-	2759	1083	unresolved			1	0	0	1
D0_000017	chr19	16327878	16351270	+	2721	851	preexisting_v49_gene_span			1	1	1	3
D0_000018	chr5	160942085	161281802	-	2672	1495	unresolved			1	1	0	2
D0_000019	chr16	29507114	29527564	-	2531	1066	preexisting_v49_gene_span			1	0	0	1
D0_000020	chrX	123514370	123515248	+	2467	976	preexisting_v49_gene_span			1	0	0	1
D0_000021	chrX	44794615	44838339	+	2450	941	unresolved			1	1	0	2
D0_000022	chr1	110899928	110929977	+	2417	932	preexisting_v49_gene_span			1	1	1	3
D0_000023	chr4	83086234	83090032	+	2254	849	unresolved			1	1	0	2
D0_000024	chrM	0	576	+	2242	936	unresolved			1	0	0	1
D0_000025	chr2	157386008	157414611	-	2207	927	preexisting_v49_gene_span			1	1	0	2
D0_000026	chr14	34546877	34555303	+	2115	783	preexisting_v49_gene_span			1	1	0	2
D0_000027	chr12	95466398	95467381	-	2024	1037	unresolved			1	1	0	2
D0_000028	chr9	79391769	79391917	+	1954	898	unresolved			1	1	0	2
D0_000029	chrX	39786905	39787130	-	1935	777	preexisting_v49_gene_span			1	1	0	2
D0_000030	chr12	93639885	93640795	-	1931	839	unresolved			1	1	0	2
D0_000031	chr1	225999615	226003304	+	1894	793	primary_match	ENSG00000289341	ENSG00000289341	1	1	0	2
D0_000032	chr13	74051700	74136378	-	1859	697	preexisting_v49_gene_span			1	1	0	2
D0_000033	chrM	16025	16569	+	1731	896	unresolved			1	0	0	1
D0_000034	chr2	160879249	160960203	+	1677	1170	other_v49_added_gene		ENSG00000307318	1	1	0	2
D0_000035	chr1	242975148	242988961	+	1502	869	unresolved			1	0	0	1
D0_000036	chr21	18858305	18858496	+	1492	777	unresolved			1	1	0	2
D0_000037	chr9	30998985	31114184	+	1456	911	unresolved			1	1	0	2
D0_000038	chr10	3785550	3789421	+	1361	685	other_v49_added_gene		ENSG00000288755	1	1	0	2
D0_000039	chr2	83009060	83180511	-	1295	946	other_v49_added_gene		ENSG00000302192,ENSG00000300188	0	1	0	1
D0_000040	chr12	55409888	55411064	+	1235	722	unresolved			1	1	0	2
D0_000041	chr17	32382020	32411193	+	1161	612	preexisting_v49_gene_span			1	1	0	2
D0_000042	chr9	6037846	6038106	-	1123	757	unresolved			1	0	0	1
D0_000043	chr12	9011065	9027314	+	1120	343	unresolved			1	1	0	2
D0_000044	chr10	80246595	80247125	-	1114	665	unresolved			1	1	0	2
D0_000045	chr4	83085686	83090038	-	1063	588	preexisting_v49_gene_span			1	1	0	2
D0_000046	chr5	138469320	138488766	+	935	291	preexisting_v49_gene_span			1	1	0	2
D0_000047	chr2	30160534	30174592	+	916	430	primary_match	ENSG00000300218	ENSG00000300218	1	1	0	2
D0_000048	chr12	9029434	9049914	+	900	310	preexisting_v49_gene_span			1	1	0	2
D0_000049	chr8	114029499	114030142	-	898	575	unresolved			1	1	0	2
D0_000050	chrX	140033519	140033891	+	882	561	unresolved			1	0	0	1
D0_000051	chr3	155988200	155989066	+	879	602	unresolved			1	1	0	2
D0_000052	chr7	27456336	27458077	-	861	563	unresolved			1	1	0	2
D0_000053	chr19	18281641	18289036	+	850	403	primary_match	ENSG00000297373	ENSG00000297373,ENSG00000297388	1	1	1	3
D0_000054	chr21	8986604	8988749	+	844	570	preexisting_v49_gene_span			1	1	0	2
D0_000055	chr5	70479306	70483433	-	841	466	primary_match	ENSG00000300109	ENSG00000300109	1	1	0	2
D0_000056	chr15	44718878	44728894	+	836	487	unresolved			1	1	1	3
D0_000057	chrM	16024	16569	-	833	510	unresolved			1	0	0	1
D0_000058	KI270721.1	2605	16085	+	830	533	unresolved			1	0	0	1
D0_000059	chr22	50532586	50541082	+	804	428	other_v49_added_gene		ENSG00000296451	1	1	0	2
D0_000060	chr19	45478918	45485056	+	802	286	unresolved			1	1	0	2
D0_000061	chr4	132528094	132528217	+	796	576	unresolved			1	1	0	2
D0_000062	chr1	203309610	203319643	+	787	361	unresolved			1	1	0	2
D0_000063	chr19	12642385	12643274	-	785	583	unresolved			1	1	0	2
D0_000064	chr14	25266315	25266593	-	779	501	unresolved			1	1	0	2
D0_000065	chrX	30630826	30649501	+	777	470	unresolved			1	1	0	2
D0_000066	chr19	39942632	39943749	-	763	538	preexisting_v49_gene_span			1	1	0	2
D0_000067	chrX	150230806	150231035	-	762	537	unresolved			1	0	0	1
D0_000068	chr6	73509322	73515673	-	759	465	preexisting_v49_gene_span			1	1	0	2
D0_000069	chr1	58775489	58780789	-	734	445	preexisting_v49_gene_span			1	1	0	2
D0_000070	chr7	36504602	36512921	-	732	372	preexisting_v49_gene_span			1	1	0	2
D0_000071	chr17	75765673	75776427	-	732	322	unresolved			1	1	1	3
D0_000072	chr5	18111418	18185444	+	714	539	unresolved			1	1	0	2
D0_000073	chr2	58252525	58252692	+	701	513	unresolved			1	0	0	1
D0_000074	chr16	29404418	29425781	-	687	479	preexisting_v49_gene_span			1	1	0	2
D0_000075	chr11	123042217	123057379	-	677	284	preexisting_v49_gene_span			1	1	0	2
D0_000076	chr17	43314053	43322863	-	677	424	other_v49_added_gene		ENSG00000304683	1	1	0	2
D0_000077	chr19	39409430	39412648	+	674	369	unresolved			1	1	0	2
D0_000078	chr6	36605679	36621994	+	670	354	preexisting_v49_gene_span			1	1	0	2
D0_000079	chr1	171470015	171485442	-	651	333	unresolved			1	1	0	2
D0_000080	chr20	35742371	35744750	+	637	416	primary_match	ENSG00000289872	ENSG00000289872	1	1	1	3
D0_000081	chr12	9116408	9123894	+	636	282	unresolved			1	0	0	1
D0_000082	chr19	18178118	18192984	+	621	263	preexisting_v49_gene_span			1	1	1	3
D0_000083	chr1	44726933	44731313	-	620	319	other_v49_added_gene		ENSG00000302489	1	1	0	2
D0_000084	chrX	24354818	24354962	+	620	441	unresolved			1	1	0	2
D0_000085	chr12	7900432	7918927	-	616	202	unresolved			1	1	0	2
D0_000086	chr9	33039918	33041708	+	615	354	unresolved			1	1	0	2
D0_000087	chr13	74010012	74048987	-	614	346	preexisting_v49_gene_span			1	1	0	2
D0_000088	chr1	28095038	28095707	-	611	445	other_v49_added_gene		ENSG00000289576	1	1	0	2
D0_000089	chr16	29609151	29613082	-	605	382	preexisting_v49_gene_span			1	1	0	2
D0_000090	chr12	120288121	120295710	-	604	370	other_v49_added_gene		ENSG00000310566	1	1	0	2
D0_000091	chr17	59842266	59859473	+	602	330	other_v49_added_gene		ENSG00000307176	1	1	1	3
D0_000092	chr9	80232098	80299264	+	601	142	other_v49_added_gene		ENSG00000295651	1	1	1	3
D0_000093	chr19	13842937	13853835	+	596	366	primary_match	ENSG00000308616	ENSG00000308616,ENSG00000296943	1	1	0	2
D0_000094	chr5	107194860	107195155	-	587	439	unresolved			1	0	0	1
D0_000095	chr5	70208005	70209283	-	578	418	other_v49_added_gene		ENSG00000300022	1	0	0	1
D0_000096	GL000218.1	46904	97454	-	575	383	unresolved			1	1	0	2
D0_000097	chr1	148522765	148529813	+	571	354	unresolved			1	1	0	2
D0_000098	chr2	138574467	138587149	+	571	333	preexisting_v49_gene_span			1	0	0	1
D0_000099	chr2	75268031	75416944	-	569	174	other_v49_added_gene		ENSG00000306791	1	1	0	2
D0_000100	chr5	70137007	70193556	-	567	407	primary_match	ENSG00000300022	ENSG00000300022	1	1	0	2
D0_000101	chr17	46487594	46503850	+	567	387	unresolved			1	1	0	2
D0_000102	chr6	89085320	89095204	+	566	364	preexisting_v49_gene_span			1	1	0	2
D0_000103	chr9	134895407	134903213	-	559	296	unresolved			1	0	0	1
D0_000104	chr20	5291342	5291879	-	558	426	unresolved			1	1	0	2
D0_000105	chr19	16327889	16337763	-	548	324	unresolved			1	1	0	2
D0_000106	chr9	131561664	131576363	-	542	307	unresolved			1	1	0	2
D0_000107	chr2	136198699	136198828	-	540	425	unresolved			1	0	0	1
D0_000108	chr6	131305581	131443484	-	540	230	other_v49_added_gene		ENSG00000290067	1	1	1	3
D0_000109	chr14	22502295	22515202	+	532	292	preexisting_v49_gene_span			1	1	0	2
D0_000110	chr1	28648734	28652412	+	526	327	preexisting_v49_gene_span			1	1	0	2
D0_000111	chr17	32383372	32403301	-	526	356	unresolved			1	1	1	3
D0_000112	chr14	103345176	103354030	+	523	319	unresolved			1	1	0	2
D0_000113	chr18	63063659	63122379	-	521	458	unresolved			1	1	0	2
D0_000114	chr9	80361621	80528702	+	517	115	other_v49_added_gene		ENSG00000297623,ENSG00000296683	1	1	0	2
D0_000115	chr6	32567344	32578720	-	509	270	preexisting_v49_gene_span			1	1	0	2
D0_000116	chr17	45566443	45585796	+	509	372	primary_match	ENSG00000304996	ENSG00000304996	1	1	0	2
D0_000117	chr2	106603739	106697295	-	508	387	unresolved			1	1	0	2
D0_000118	chr4	105486087	105486409	+	504	392	unresolved			1	0	0	1
D0_000119	chr19	18274512	18279692	-	500	365	unresolved			1	1	1	3
D0_000120	chr5	69624190	69630426	+	495	272	primary_match	ENSG00000290556	ENSG00000290556	1	0	0	1
D0_000121	chr7	39811543	39812560	+	490	436	unresolved			1	1	0	2
D0_000122	chr6	32859877	32865078	+	488	346	preexisting_v49_gene_span			1	1	0	2
D0_000123	chr9	41359051	41408032	+	487	337	other_v49_added_gene		ENSG00000288891	1	1	0	2
D0_000124	chr9	41229440	41234991	-	480	279	other_v49_added_gene		ENSG00000308900	1	1	0	2
D0_000125	chr14	75272866	75278529	+	480	287	other_v49_added_gene		ENSG00000302945	1	1	0	2
D0_000126	chr9	75147274	75161397	+	479	347	other_v49_added_gene		ENSG00000308405	1	1	0	2
D0_000127	chr12	66057580	66058566	+	478	472	unresolved			1	0	0	1
D0_000128	chr19	14503372	14513999	+	475	208	unresolved			1	1	0	2
D0_000129	GL000194.1	61541	115073	-	475	339	unresolved			1	1	0	2
D0_000130	chr11	65414336	65422456	-	472	324	primary_match	ENSG00000305830	ENSG00000305830,ENSG00000305844	1	1	0	2
D0_000131	chr5	69978624	69981021	+	469	352	other_v49_added_gene		ENSG00000295602	1	0	0	1
D0_000132	chr12	9208572	9224064	+	466	229	preexisting_v49_gene_span			1	1	0	2
D0_000133	chr5	70090359	70094050	-	465	329	unresolved			1	0	0	1
D0_000134	chr2	97271140	97281226	+	460	308	preexisting_v49_gene_span			1	1	0	2
D0_000135	chr1	144412377	144417816	+	455	323	preexisting_v49_gene_span			1	1	0	2
D0_000136	chr2	44065417	44066674	-	453	348	preexisting_v49_gene_span			1	1	0	2
D0_000137	chr5	42993278	42994813	-	444	296	preexisting_v49_gene_span			1	1	0	2
D0_000138	chr5	138469549	138488100	-	442	184	unresolved			1	1	0	2
D0_000139	chr17	41692716	41700041	+	442	284	unresolved			1	1	0	2
D0_000140	chr16	3236638	3242027	-	441	239	preexisting_v49_gene_span			1	1	0	2
D0_000141	chr20	3876701	3888081	+	441	289	unresolved			1	1	0	2
D0_000142	chr16	30254757	30265781	-	438	351	preexisting_v49_gene_span			1	0	0	1
D0_000143	chr1	44817478	44819843	-	436	265	preexisting_v49_gene_span			1	0	0	1
D0_000144	chr5	71193468	71197541	-	436	355	other_v49_added_gene		ENSG00000296329	1	0	0	1
D0_000145	chr5	138543434	138553412	+	433	315	primary_match	ENSG00000289155	ENSG00000299264,ENSG00000289155	1	1	0	2
D0_000146	chr5	70829601	70835749	+	431	327	other_v49_added_gene		ENSG00000297805	1	0	0	1
D0_000147	chr11	65506520	65514347	+	430	274	preexisting_v49_gene_span			1	1	0	2
D0_000148	chr1	234609536	234612653	-	428	282	primary_match	ENSG00000303740	ENSG00000303740,ENSG00000303726	1	1	0	2
D0_000149	chr17	78841457	78845301	+	428	273	preexisting_v49_gene_span			1	0	0	1
D0_000150	chr17	43315895	43324062	+	425	319	primary_match	ENSG00000304661	ENSG00000304661	1	1	0	2
D0_000151	chr9	92689199	92709922	-	424	232	unresolved			1	1	0	2
D0_000152	chr20	4573100	4590981	-	423	375	other_v49_added_gene		ENSG00000306995	1	1	0	2
D0_000153	GL000220.1	104030	160889	-	420	334	unresolved			1	1	0	2
D0_000154	chr3	56710387	56727152	-	419	225	unresolved			1	1	0	2
D0_000155	chr20	5611009	5705487	+	415	263	other_v49_added_gene		ENSG00000305410	1	1	0	2
D0_000156	chr17	80126474	80133850	-	412	204	unresolved			1	1	0	2
D0_000157	chr15	44722894	44728817	-	410	248	unresolved			1	0	0	1
D0_000158	chr7	56093990	56101572	-	409	286	preexisting_v49_gene_span			1	1	0	2
D0_000159	chr2	218368126	218374754	+	408	189	preexisting_v49_gene_span			1	1	0	2
D0_000160	chr3	31648914	31657802	+	404	243	unresolved			1	1	0	2
D0_000161	chr9	63816440	63823130	+	404	267	primary_match	ENSG00000309428	ENSG00000309428	1	1	0	2
D0_000162	chr14	75282256	75288444	-	404	262	unresolved			1	1	1	3
D0_000163	chr17	45575399	45585796	-	403	305	other_v49_added_gene		ENSG00000291175	1	1	0	2
D0_000164	chr20	4024444	4024629	+	402	300	unresolved			1	0	0	1
D0_000165	chrX	52832228	52832396	-	401	329	unresolved			1	1	0	2
D0_000166	chr3	108856494	108883352	+	399	217	unresolved			1	1	0	2
D0_000167	chr19	14502892	14514505	-	399	179	preexisting_v49_gene_span			1	1	0	2
D0_000168	chr22	26786603	26841431	+	395	259	preexisting_v49_gene_span			1	1	0	2
D0_000169	chr1	110900102	110902567	-	394	315	other_v49_added_gene		ENSG00000304336	1	1	0	2
D0_000170	chr2	157376127	157380658	-	392	307	preexisting_v49_gene_span			1	1	0	2
D0_000171	chr17	45563593	45574309	-	391	314	primary_match	ENSG00000291175	ENSG00000291175	1	1	0	2
D0_000172	chr17	7131231	7146011	+	388	227	primary_match	ENSG00000289977	ENSG00000289977	1	1	1	3
D0_000173	chr22	39973792	39990459	+	386	238	unresolved			1	1	0	2
D0_000174	chr6	36111308	36123312	+	385	274	preexisting_v49_gene_span			1	1	0	2
D0_000175	chr19	39400966	39406778	+	384	263	primary_match	ENSG00000288919	ENSG00000288919	1	1	0	2
D0_000176	chr14	22535323	22546417	+	383	231	preexisting_v49_gene_span			1	0	0	1
D0_000177	chr20	63523169	63527615	+	383	262	preexisting_v49_gene_span			1	1	0	2
D0_000178	chrY	1648094	1731243	+	383	269	other_v49_added_gene		ENSG00000310540	1	0	0	1
D0_000179	chr19	8514353	8520754	-	382	278	preexisting_v49_gene_span			1	1	0	2
D0_000180	chr17	46488675	46503920	-	381	284	preexisting_v49_gene_span			1	1	0	2
D0_000181	chr11	85947860	85957156	-	380	283	unresolved			1	1	0	2
D0_000182	chr4	164943945	164944050	+	379	319	unresolved			1	1	0	2
D0_000183	chr7	128626901	128642368	+	379	281	preexisting_v49_gene_span			1	0	1	2
D0_000184	chr17	68115523	68125776	+	379	286	primary_match	ENSG00000291214	ENSG00000291214	1	1	1	3
D0_000185	chr19	14370222	14375192	-	378	237	primary_match	ENSG00000302647	ENSG00000302647	1	1	1	3
D0_000186	chr7	142797339	142800814	+	376	229	other_v49_added_gene		ENSG00000310430	1	1	0	2
D0_000187	chr7	67239743	67278707	-	371	239	primary_match	ENSG00000291154	ENSG00000291154	1	1	0	2
D0_000188	chr10	43409172	43412117	+	370	255	preexisting_v49_gene_span			1	1	0	2
D0_000189	chr17	59842480	59844816	-	369	221	unresolved			1	1	0	2
D0_000190	chr6	29945903	29956100	+	368	304	preexisting_v49_gene_span			1	1	0	2
D0_000191	chr6	35321788	35337544	+	366	240	preexisting_v49_gene_span			1	1	0	2
D0_000192	chr19	39400643	39406775	-	364	245	other_v49_added_gene		ENSG00000307007,ENSG00000307025,ENSG00000307054	1	0	0	1
D0_000193	chr3	112695399	112695756	-	361	281	other_v49_added_gene		ENSG00000309198	1	1	0	2
D0_000194	chr4	48062739	48066385	-	361	240	preexisting_v49_gene_span			1	1	0	2
D0_000195	chr11	65416581	65422657	+	361	264	primary_match	ENSG00000290057	ENSG00000290057	1	1	1	3
D0_000196	chr22	39063642	39070082	+	361	167	primary_match	ENSG00000289963	ENSG00000289963	1	1	0	2
D0_000197	chr16	11535762	11547702	-	360	222	preexisting_v49_gene_span			1	1	0	2
D0_000198	chr1	149364982	149372290	+	358	236	unresolved			1	0	0	1
D0_000199	chrX	155383237	155383801	+	357	294	other_v49_added_gene		ENSG00000288709	1	0	0	1
D0_000200	chr19	53780986	53793133	-	352	190	preexisting_v49_gene_span			1	1	0	2
D0_000201	chr5	66094422	66113810	+	347	193	unresolved			1	1	0	2
D0_000202	chr2	171762367	171773729	+	346	234	unresolved			1	1	0	2
D0_000203	chr5	70480594	70483355	+	345	248	primary_match	ENSG00000291221	ENSG00000291221	1	0	0	1
D0_000204	chr10	69104849	69110142	+	345	214	unresolved			1	1	0	2
D0_000205	chr11	107316301	107325571	-	343	262	preexisting_v49_gene_span			1	1	0	2
D0_000206	chr15	32516640	32519777	-	343	272	primary_match	ENSG00000293141	ENSG00000293141	1	1	0	2
D0_000207	chr19	50490969	50503298	+	341	176	unresolved			1	1	0	2
D0_000208	chrX	65075470	65108829	+	340	186	preexisting_v49_gene_span			1	1	1	3
D0_000209	chr22	47177635	47190132	+	339	197	unresolved			1	1	0	2
D0_000210	chr6	151391562	151404565	+	337	243	unresolved			1	1	0	2
D0_000211	chr11	61161824	61166559	-	337	179	preexisting_v49_gene_span			1	1	0	2
D0_000212	chr2	200845786	200852619	-	334	222	preexisting_v49_gene_span			1	1	0	2
D0_000213	chr5	70854747	70863438	+	332	267	primary_match	ENSG00000297805	ENSG00000297805	1	1	0	2
D0_000214	chr14	75272659	75278585	-	332	230	preexisting_v49_gene_span			1	1	0	2
D0_000215	chr3	185900865	185914308	-	330	206	unresolved			1	1	0	2
D0_000216	chr10	6360382	6421150	-	329	181	other_v49_added_gene		ENSG00000289934,ENSG00000302136	1	1	0	2
D0_000217	chr19	3180725	3185558	+	326	246	unresolved			1	1	0	2
D0_000218	chr15	65304795	65311522	+	325	231	unresolved			1	1	0	2
D0_000219	chr16	30257684	30265746	+	320	269	unresolved			1	0	0	1
D0_000220	chr1	145979540	145992389	-	319	203	unresolved			1	1	0	2
D0_000221	chr14	98970895	98972878	-	319	282	other_v49_added_gene		ENSG00000294598	1	1	0	2
D0_000222	chr14	20477222	20482342	+	318	198	unresolved			1	1	0	2
D0_000223	KI270706.1	1303	73488	+	312	211	unresolved			1	1	0	2
D0_000224	chr11	105035254	105041211	-	311	218	preexisting_v49_gene_span			1	1	0	2
D0_000225	chr2	46630918	46645474	+	310	226	preexisting_v49_gene_span			1	1	0	2
D0_000226	chr17	64471493	64477766	+	310	215	preexisting_v49_gene_span			1	1	0	2
D0_000227	KI270713.1	16771	22425	-	309	241	unresolved			1	1	0	2
D0_000228	chr4	75909248	75913177	-	308	212	preexisting_v49_gene_span			1	1	0	2
D0_000229	chr9	93041033	93051996	+	308	214	unresolved			1	1	0	2
D0_000230	chr14	24166816	24171505	+	307	222	preexisting_v49_gene_span			1	1	0	2
D0_000231	chr7	5514266	5527078	-	305	181	preexisting_v49_gene_span			1	0	0	1
D0_000232	chr19	48876058	48880963	+	304	229	preexisting_v49_gene_span			1	1	0	2
D0_000233	chrY	13225595	13237488	-	304	237	preexisting_v49_gene_span			1	1	0	2
D0_000234	chr5	57167914	57173392	-	303	200	primary_match	ENSG00000289152	ENSG00000289152	1	1	0	2
D0_000235	chr7	72836767	72841939	+	303	261	primary_match	ENSG00000291152	ENSG00000291152	1	1	0	2
D0_000236	chr19	57294500	57300942	+	302	259	primary_match	ENSG00000288899	ENSG00000288899	1	1	0	2
D0_000237	chr6	36605661	36620979	-	299	176	other_v49_added_gene		ENSG00000301446	1	1	1	3
D0_000238	chr16	29406188	29415168	+	299	232	unresolved			1	1	0	2
D0_000239	chr6	26108416	26114864	-	297	160	preexisting_v49_gene_span			1	1	0	2
D0_000240	chr8	101206205	101208032	+	296	210	unresolved			1	1	0	2
D0_000241	chr12	9845635	9852982	-	296	209	preexisting_v49_gene_span			1	1	0	2
D0_000242	chr14	99142567	99156172	-	296	144	unresolved			1	0	0	1
D0_000243	chr4	25728724	25747142	-	292	144	unresolved			1	1	0	2
D0_000244	chr1	44815662	44819732	+	291	151	preexisting_v49_gene_span			1	1	0	2
D0_000245	chr14	92693691	92703793	+	289	206	unresolved			1	1	0	2
D0_000246	chr1	52669914	52684234	+	287	212	unresolved			1	1	0	2
D0_000247	KI270733.1	120125	177524	-	286	246	unresolved			1	1	0	2
D0_000248	chr6	136289912	136293635	+	285	212	primary_match	ENSG00000289312	ENSG00000289312	1	1	0	2
D0_000249	chr19	18178736	18192486	-	284	174	unresolved			1	1	0	2
D0_000250	chr3	157142688	157146499	+	282	195	preexisting_v49_gene_span			1	1	0	2
D0_000251	chr21	32563314	32567968	-	282	190	preexisting_v49_gene_span			1	1	0	2
D0_000252	chr9	70417959	70420899	-	281	252	primary_match	ENSG00000289159	ENSG00000289159	1	1	1	3
D0_000253	chr12	124899314	124911603	-	281	205	other_v49_added_gene		ENSG00000294609	1	1	0	2
D0_000254	chr11	6700069	6713528	-	279	223	primary_match	ENSG00000291143	ENSG00000291143	1	1	0	2
D0_000255	chrY	1310385	1326903	+	279	175	other_v49_added_gene		ENSG00000292357	1	0	0	1
D0_000256	chr17	75765545	75772742	+	278	142	unresolved			1	1	1	3
D0_000257	chr19	57297503	57298911	-	278	238	unresolved			1	0	0	1
D0_000258	chr8	38383469	38385923	+	276	197	unresolved			1	1	0	2
D0_000259	chr2	32323014	32334880	+	274	201	unresolved			1	1	0	2
D0_000260	chr19	41528991	41531205	-	274	181	primary_match	ENSG00000289298	ENSG00000289298	1	1	0	2
D0_000261	chr10	46163246	46186067	-	273	170	other_v49_added_gene		ENSG00000299562	1	1	0	2
D0_000262	chr19	15332582	15340285	+	273	175	primary_match	ENSG00000290008	ENSG00000290008	1	1	1	3
D0_000263	chr2	113584135	113587447	+	271	230	other_v49_added_gene		ENSG00000291134,ENSG00000310523	1	1	0	2
D0_000264	chr5	168616996	168617088	+	270	239	unresolved			1	1	0	2
D0_000265	chr6	16148249	16159118	+	270	198	preexisting_v49_gene_span			1	1	0	2
D0_000266	chr6	32652369	32655744	-	270	167	unresolved			1	1	0	2
D0_000267	chr19	21276794	21289032	-	270	196	preexisting_v49_gene_span			1	1	0	2
D0_000268	chr7	44069456	44071908	+	267	223	unresolved			1	1	0	2
D0_000269	chr1	156714164	156721834	-	266	188	preexisting_v49_gene_span			1	1	0	2
D0_000270	chr19	49718232	49733624	-	266	223	preexisting_v49_gene_span			1	1	0	2
D0_000271	chr22	23907271	23926804	-	265	211	other_v49_added_gene		ENSG00000290199	1	1	0	2
D0_000272	chr6	123760379	123760452	+	264	54	unresolved			1	0	0	1
D0_000273	chr17	74517796	74521012	-	264	163	preexisting_v49_gene_span			1	1	0	2
D0_000274	chr1	149159848	149162782	-	263	178	unresolved			1	0	0	1
D0_000275	chr17	22521366	22521480	-	262	213	unresolved			1	1	0	2
D0_000276	chr9	80324418	80338158	+	260	96	unresolved			1	1	0	2
D0_000277	chr1	96448318	96557839	+	259	225	other_v49_added_gene		ENSG00000296873,ENSG00000296892	1	1	0	2
D0_000278	chr4	166535530	166603815	+	259	236	unresolved			1	1	0	2
D0_000279	chr12	31787937	31790890	-	259	225	unresolved			1	1	0	2
D0_000280	GL000219.1	77560	100228	-	259	220	unresolved			1	1	1	3
D0_000281	chr22	40938578	40951087	-	258	178	unresolved			1	1	0	2
D0_000282	chr3	196455485	196468755	-	257	166	unresolved			1	1	0	2
D0_000283	chr6	37029113	37043784	+	257	183	preexisting_v49_gene_span			1	1	0	2
D0_000284	chr9	75167214	75174429	+	257	189	other_v49_added_gene		ENSG00000308405	1	1	0	2
D0_000285	chr3	51538836	51541044	+	256	227	primary_match	ENSG00000307241	ENSG00000307241	1	0	0	1
D0_000286	chr7	128658870	128666798	+	256	211	preexisting_v49_gene_span			1	1	0	2
D0_000287	chr6	29635431	29636038	-	255	222	other_v49_added_gene		ENSG00000301820	1	1	0	2
D0_000288	chr6	30992859	30994969	-	254	221	unresolved			0	0	0	0
D0_000289	chr13	27945433	27945590	+	254	220	other_v49_added_gene		ENSG00000298037	1	1	0	2
D0_000290	chr15	59689559	59692051	+	254	189	unresolved			1	1	0	2
D0_000291	chr16	22536547	22545112	+	254	215	unresolved			1	0	0	1
D0_000292	chr1	25240471	25241826	+	253	194	preexisting_v49_gene_span			1	1	0	2
D0_000293	chr3	152545757	152594001	-	253	244	unresolved			1	1	0	2
D0_000294	chr4	141425935	141438040	+	252	157	other_v49_added_gene		ENSG00000306779	1	1	0	2
D0_000295	chr15	32467566	32473137	-	252	196	other_v49_added_gene		ENSG00000307175	1	0	0	1
D0_000296	chr8	134821718	134832239	-	251	183	other_v49_added_gene		ENSG00000289405	1	1	0	2
D0_000297	chr14	90410063	90423039	-	250	123	unresolved			1	1	0	2
D0_000298	chr2	112825894	112829692	-	249	111	unresolved			1	0	0	1
D0_000299	chr6	57915892	57919445	-	249	216	other_v49_added_gene		ENSG00000290555	1	0	0	1
D0_000300	chr3	50658159	50667621	+	248	177	unresolved			1	1	1	3
D0_000301	chr6	30597180	30600382	-	248	174	unresolved			1	1	0	2
D0_000302	chr11	123050644	123055769	+	248	156	preexisting_v49_gene_span			1	0	0	1
D0_000303	chrX	65212913	65234543	+	248	128	preexisting_v49_gene_span			1	1	0	2
D0_000304	chr1	145281466	145284780	+	247	196	preexisting_v49_gene_span			1	1	0	2
D0_000305	chr5	177315822	177323184	-	247	175	preexisting_v49_gene_span			1	1	0	2
D0_000306	chr9	73170402	73176671	+	247	135	preexisting_v49_gene_span			1	1	0	2
D0_000307	chr14	52311054	52314282	-	247	182	other_v49_added_gene		ENSG00000289424	1	1	1	3
D0_000308	chr19	45478869	45485215	-	247	144	unresolved			1	1	1	3
D0_000309	chr2	191675174	191677880	-	246	198	primary_match	ENSG00000288900	ENSG00000288900	1	1	0	2
D0_000310	chr19	48876161	48880961	-	246	183	unresolved			1	1	0	2
D0_000311	chrX	73223558	73223746	+	245	216	unresolved			1	1	0	2
D0_000312	chr7	102522823	102531879	-	244	196	unresolved			1	1	0	2
D0_000313	chr8	30083468	30087224	+	243	168	unresolved			1	1	0	2
D0_000314	chr19	18255709	18257095	-	243	117	unresolved			1	0	0	1
D0_000315	chr2	85310395	85314693	-	242	201	unresolved			1	1	0	2
D0_000316	chr13	20962201	20962943	+	242	215	unresolved			1	1	0	2
D0_000317	chr16	29507989	29516834	+	242	208	other_v49_added_gene		ENSG00000309168	1	0	0	1
D0_000318	chr6	14136982	14144839	+	241	154	preexisting_v49_gene_span			1	1	0	2
D0_000319	chr7	2533406	2537623	-	241	194	unresolved			1	1	0	2
D0_000320	chr4	141439438	141451481	+	239	141	unresolved			1	1	0	2
D0_000321	chr10	26573199	26577474	+	239	193	unresolved			1	1	0	2
D0_000322	chr14	35398647	35400234	+	238	154	unresolved			1	0	0	1
D0_000323	chr9	133018446	133019484	+	237	208	unresolved			1	1	0	2
D0_000324	chr19	14007048	14019415	+	237	170	primary_match	ENSG00000294667	ENSG00000294667	1	1	0	2
D0_000325	chr22	21885675	21909976	-	237	138	unresolved			1	1	0	2
D0_000326	chr10	102661020	102667972	+	236	162	preexisting_v49_gene_span			1	1	0	2
D0_000327	chr7	100438668	100443985	+	235	133	preexisting_v49_gene_span			1	1	0	2
D0_000328	chr1	96678759	96678873	-	234	207	unresolved			1	1	0	2
D0_000329	chr4	10117129	10119695	+	234	178	primary_match	ENSG00000289865	ENSG00000289865	1	1	0	2
D0_000330	chr3	101861023	101874310	+	233	162	preexisting_v49_gene_span			1	0	0	1
D0_000331	chr2	73745889	73748856	+	232	203	unresolved			1	0	0	1
D0_000332	chr17	22521349	22521476	+	232	207	other_v49_added_gene		ENSG00000310581	1	1	0	2
D0_000333	chr2	32325722	32356733	-	231	170	unresolved			1	1	1	3
D0_000334	chr2	218201407	218201683	+	231	196	unresolved			1	1	0	2
D0_000335	chr5	69636417	69636780	-	231	198	other_v49_added_gene		ENSG00000290560	1	0	0	1
D0_000336	chr7	2529270	2537800	+	231	168	unresolved			1	1	0	2
D0_000337	chr11	60171604	60172010	-	231	156	preexisting_v49_gene_span			1	1	0	2
D0_000338	chr15	77037505	77041401	+	231	193	unresolved			1	1	0	2
D0_000339	chr2	48516162	48527105	+	230	170	unresolved			1	1	0	2
D0_000340	chr5	71137514	71142734	-	229	186	other_v49_added_gene		ENSG00000296329	1	1	0	2
D0_000341	chr6	132818181	132827034	+	229	164	unresolved			1	1	0	2
D0_000342	chr7	150756074	150781660	-	228	141	primary_match	ENSG00000289470	ENSG00000289470	1	1	1	3
D0_000343	chr14	35395355	35401497	-	228	158	other_v49_added_gene		ENSG00000295095	1	1	0	2
D0_000344	chr1	26477817	26489922	-	227	122	unresolved			1	1	0	2
D0_000345	chr13	49634169	49649634	+	226	140	other_v49_added_gene		ENSG00000306766	1	1	0	2
D0_000346	chr7	74890778	74891878	+	225	184	other_v49_added_gene		ENSG00000304176	1	0	0	1
D0_000347	chr16	29372115	29377829	+	225	157	preexisting_v49_gene_span			1	0	0	1
D0_000348	chr6	57055667	57084762	+	224	169	preexisting_v49_gene_span			1	1	1	3
D0_000349	chr22	42373814	42380061	-	224	160	unresolved			1	1	0	2
D0_000350	chr7	30243773	30280354	-	223	149	other_v49_added_gene		ENSG00000297045	1	1	1	3
D0_000351	chr11	56691211	56691686	+	222	198	unresolved			1	1	0	2
D0_000352	chr11	128426294	128454025	-	222	141	other_v49_added_gene		ENSG00000296974	1	1	0	2
D0_000353	chr3	182922639	182934789	+	221	157	preexisting_v49_gene_span			1	1	0	2
D0_000354	chrX	65279647	65305262	+	220	105	preexisting_v49_gene_span			1	1	0	2
D0_000355	chr1	150721170	150728427	-	219	149	unresolved			1	1	0	2
D0_000356	chr5	76739249	76740172	+	219	52	unresolved			1	1	0	2
D0_000357	chr3	156823424	156825480	-	218	129	unresolved			1	1	0	2
D0_000358	chr5	69920947	69922978	+	217	196	other_v49_added_gene		ENSG00000295602	1	0	0	1
D0_000359	chr16	12651914	12659301	-	217	141	unresolved			1	1	0	2
D0_000360	chr1	120354742	120356000	+	216	155	preexisting_v49_gene_span			1	0	0	1
D0_000361	chr1	120910488	120912836	-	216	176	unresolved			1	1	0	2
D0_000362	chr5	172806317	172809157	+	216	172	primary_match	ENSG00000288737	ENSG00000290019,ENSG00000288737	1	1	0	2
D0_000363	chr15	78898144	78914626	+	216	180	preexisting_v49_gene_span			1	1	0	2
D0_000364	chr4	11373443	11373762	+	215	191	other_v49_added_gene		ENSG00000308608	1	1	0	2
D0_000365	chr5	151093584	151100058	-	215	185	unresolved			1	1	0	2
D0_000366	chr6	28894516	28896358	-	215	121	other_v49_added_gene		ENSG00000299124	1	1	0	2
D0_000367	chr9	89181655	89310802	-	215	151	other_v49_added_gene		ENSG00000309620	1	1	1	3
D0_000368	chr11	47596803	47617112	-	215	160	preexisting_v49_gene_span			1	1	0	2
D0_000369	chr1	110657067	110672453	-	214	177	preexisting_v49_gene_span			1	1	0	2
D0_000370	chr2	191696744	191701993	+	213	164	preexisting_v49_gene_span			1	1	0	2
D0_000371	chr10	23138373	23139772	+	213	191	unresolved			1	1	0	2
D0_000372	chr16	22539500	22543994	-	213	182	unresolved			1	0	0	1
D0_000373	chr19	52231446	52238334	+	212	151	other_v49_added_gene		ENSG00000302940	1	1	0	2
D0_000374	chr1	149173967	149175405	+	211	192	preexisting_v49_gene_span			1	1	0	2
D0_000375	chr1	204506519	204511047	+	211	175	unresolved			1	1	0	2
D0_000376	chr4	40247588	40257211	+	211	132	unresolved			1	1	1	3
D0_000377	chr19	35879806	35887435	-	210	156	unresolved			1	1	0	2
D0_000378	chr11	65446034	65454622	+	209	125	unresolved			1	1	0	2
D0_000379	chr19	35384098	35385192	+	209	185	unresolved			1	1	0	2
D0_000380	chr22	41929984	41938731	-	209	150	preexisting_v49_gene_span			1	1	0	2
D0_000381	chr3	10153333	10157478	+	208	182	preexisting_v49_gene_span			1	1	0	2
D0_000382	chr5	34926111	34929496	-	208	170	other_v49_added_gene		ENSG00000302970	1	1	0	2
D0_000383	chr5	69624160	69630025	-	207	171	primary_match	ENSG00000290560	ENSG00000290560	1	0	1	2
D0_000384	chr7	29782808	29782939	+	207	149	unresolved			0	0	0	0
D0_000385	chr17	68229149	68246189	+	207	156	other_v49_added_gene		ENSG00000308354	1	1	0	2
D0_000386	chr17	19188725	19189557	+	206	166	unresolved			1	0	0	1
D0_000387	chr3	138914258	138922254	-	205	182	other_v49_added_gene		ENSG00000294582	1	0	0	1
D0_000388	chr5	71214655	71214835	-	205	167	other_v49_added_gene		ENSG00000296329	1	0	0	1
D0_000389	chr15	88988759	88988936	-	204	181	unresolved			1	1	0	2
D0_000390	chr12	12696270	12699264	+	203	160	preexisting_v49_gene_span			1	0	0	1
D0_000391	chr12	31993110	32000219	+	203	166	preexisting_v49_gene_span			1	1	0	2
D0_000392	chr17	48874275	48874782	-	203	188	primary_match	ENSG00000293025	ENSG00000293025	1	1	0	2
D0_000393	chr17	74531722	74540734	-	203	151	preexisting_v49_gene_span			1	1	1	3
D0_000394	chr2	74184794	74186109	-	202	40	unresolved			1	0	0	1
D0_000395	chr3	36977391	36984759	-	202	142	unresolved			1	1	0	2
D0_000396	chr5	71211797	71213109	-	202	177	other_v49_added_gene		ENSG00000296329	1	0	0	1
D0_000397	chrX	56385530	56454791	+	202	132	unresolved			1	1	0	2
D0_000398	chr1	155935274	155941302	-	201	147	unresolved			1	1	1	3
D0_000399	chr14	55229681	55229953	+	201	181	unresolved			1	0	0	1
D0_000400	chr1	27886696	27891473	+	199	139	unresolved			1	1	0	2
D0_000401	chr1	152048388	152050380	+	199	138	preexisting_v49_gene_span			1	0	0	1
D0_000402	chr2	38741237	38743485	-	199	157	unresolved			1	1	0	2
D0_000403	chr4	73984923	73986423	-	199	75	other_v49_added_gene		ENSG00000288796	1	0	0	1
D0_000404	chr5	172829180	172834165	-	199	134	unresolved			1	0	0	1
D0_000405	chr21	26235551	26235886	-	199	131	other_v49_added_gene		ENSG00000289899	1	0	0	1
D0_000406	chr9	86283108	86286651	+	198	137	other_v49_added_gene		ENSG00000299358	1	1	0	2
D0_000407	chr12	111912983	111926659	+	198	113	unresolved			1	1	0	2
D0_000408	chr19	13154918	13157925	+	198	151	preexisting_v49_gene_span			1	1	0	2
D0_000409	chr19	36152935	36170287	+	198	133	other_v49_added_gene		ENSG00000294115	1	1	0	2
D0_000410	chrY	1382694	1386145	-	198	158	other_v49_added_gene		ENSG00000292334	1	0	0	1
D0_000411	chr4	102499520	102500822	-	197	142	preexisting_v49_gene_span			1	1	0	2
D0_000412	chr6	29890611	29895371	+	197	183	other_v49_added_gene		ENSG00000310469	1	1	0	2
D0_000413	chr2	113658694	113659245	+	196	177	unresolved			1	1	0	2
D0_000414	chr10	13302419	13306345	+	196	150	primary_match	ENSG00000306852	ENSG00000306852	1	1	0	2
D0_000415	chr9	107481065	107484832	-	195	130	unresolved			1	1	0	2
D0_000416	chr17	19062682	19063328	+	195	149	unresolved			1	0	0	1
D0_000417	chr19	54602381	54606023	+	195	147	unresolved			1	1	0	2
D0_000418	chr21	33360364	33362308	-	195	143	unresolved			1	0	0	1
D0_000419	chr19	7472567	7476277	+	193	156	unresolved			1	1	0	2
D0_000420	chr12	3778235	3790621	-	192	136	unresolved			1	0	0	1
D0_000421	chr12	9139493	9145208	+	192	136	other_v49_added_gene		ENSG00000309149	1	1	0	2
D0_000422	chr14	22516352	22525230	+	192	130	preexisting_v49_gene_span			1	1	0	2
D0_000423	chr17	8134902	8140319	-	192	110	unresolved			1	1	0	2
D0_000424	chr22	43015383	43019390	+	192	135	preexisting_v49_gene_span			1	1	0	2
D0_000425	chr12	49780393	49790139	-	191	139	unresolved			1	1	0	2
D0_000426	chr19	4868223	4877567	-	191	137	unresolved			1	0	0	1
D0_000427	chr21	29002259	29004244	+	191	153	primary_match	ENSG00000308572	ENSG00000308572	1	1	0	2
D0_000428	chr1	157786220	157794339	-	190	134	preexisting_v49_gene_span			1	1	0	2
D0_000429	chr1	159904911	159915208	-	190	140	preexisting_v49_gene_span			1	1	0	2
D0_000430	chr1	204558289	204573229	+	190	150	unresolved			1	1	0	2
D0_000431	chr6	32981516	32998063	+	190	121	unresolved			1	1	0	2
D0_000432	chr11	2318405	2325502	+	190	145	preexisting_v49_gene_span			1	0	0	1
D0_000433	chr22	42615909	42617509	+	189	151	preexisting_v49_gene_span			1	0	0	1
D0_000434	chrX	16717790	16719455	-	189	141	unresolved			1	0	0	1
D0_000435	chr9	35758802	35767078	+	188	143	unresolved			1	1	0	2
D0_000436	chr11	507313	512156	+	188	148	unresolved			1	1	0	2
D0_000437	chr1	39047854	39067122	+	187	137	unresolved			1	1	0	2
D0_000438	chr1	108088686	108125122	+	187	116	unresolved			1	1	0	2
D0_000439	chr8	124295365	124301178	-	187	137	unresolved			1	1	0	2
D0_000440	chr2	23709092	23720978	-	186	150	unresolved			1	1	0	2
D0_000441	chr10	3769676	3775965	-	186	140	other_v49_added_gene		ENSG00000303616	1	1	0	2
D0_000442	chr17	19100860	19103029	-	186	146	preexisting_v49_gene_span			1	0	0	1
D0_000443	chr4	153705734	153710043	+	185	132	preexisting_v49_gene_span			1	0	0	1
D0_000444	chr16	29416481	29425774	+	185	156	unresolved			1	1	0	2
D0_000445	chr9	66288548	66295250	+	184	143	other_v49_added_gene		ENSG00000294531	1	1	0	2
D0_000446	chr17	41108214	41115973	+	184	83	primary_match	ENSG00000295967	ENSG00000295967	1	1	0	2
D0_000447	chr1	148706003	148712319	-	183	136	other_v49_added_gene		ENSG00000301213	1	0	0	1
D0_000448	chr1	150629813	150632913	+	183	135	other_v49_added_gene		ENSG00000288880	1	1	0	2
D0_000449	chr1	203288830	203291006	-	183	156	primary_match	ENSG00000288925	ENSG00000288925	1	1	0	2
D0_000450	chr7	25110545	25119994	-	182	136	preexisting_v49_gene_span			1	1	0	2
D0_000451	chr10	95697656	95705917	+	182	97	unresolved			1	0	0	1
D0_000452	chr16	2531425	2537523	-	182	151	other_v49_added_gene		ENSG00000307949	1	1	0	2
D0_000453	chr19	19628934	19629352	+	182	146	unresolved			1	0	0	1
D0_000454	chr20	45080061	45085497	+	182	152	preexisting_v49_gene_span			1	1	0	2
D0_000455	chr1	9625276	9647043	+	181	140	preexisting_v49_gene_span			1	1	0	2
D0_000456	chr1	224010612	224018205	+	181	118	primary_match	ENSG00000290989	ENSG00000290989	1	1	0	2
D0_000457	chr2	86492795	86503273	-	181	121	unresolved			1	1	0	2
D0_000458	chr5	71152070	71160534	-	181	154	primary_match	ENSG00000296329	ENSG00000296329	1	1	0	2
D0_000459	chr3	46910819	46921101	-	180	134	preexisting_v49_gene_span			1	1	0	2
D0_000460	chr16	87404934	87406076	+	180	146	preexisting_v49_gene_span			1	1	0	2
D0_000461	chrX	56508682	56550421	+	179	94	unresolved			1	0	0	1
D0_000462	chr1	149851624	149852456	+	178	148	primary_match	ENSG00000288859	ENSG00000288859	1	1	0	2
D0_000463	chr1	228114622	228114835	-	178	160	unresolved			1	1	0	2
D0_000464	chr2	84966853	84970961	-	178	153	other_v49_added_gene		ENSG00000290085	1	1	0	2
D0_000465	chr2	85105123	85118041	+	178	143	unresolved			1	0	0	1
D0_000466	chr3	169772224	169772799	-	178	140	primary_match	ENSG00000300864	ENSG00000300864	1	1	0	2
D0_000467	chr10	68952409	68956152	-	178	111	unresolved			1	1	0	2
D0_000468	chrX	107670990	107678017	+	178	139	other_v49_added_gene		ENSG00000308704	1	0	0	1
D0_000469	chr1	150589608	150599932	-	177	137	unresolved			1	1	0	2
D0_000470	chr5	42949916	42955933	+	177	126	primary_match	ENSG00000300760	ENSG00000300760,ENSG00000300786,ENSG00000300695	1	1	0	2
D0_000471	chr7	77640507	77657629	+	177	128	unresolved			1	1	1	3
D0_000472	chr1	151269317	151273255	-	176	158	unresolved			1	1	0	2
D0_000473	chr1	193254861	193268017	+	176	147	preexisting_v49_gene_span			1	1	0	2
D0_000474	chr11	102315578	102317256	-	176	129	primary_match	ENSG00000288528	ENSG00000288528	1	1	0	2
D0_000475	chr1	171470042	171484526	+	175	122	unresolved			1	0	0	1
D0_000476	chr3	138644933	138652658	-	175	127	preexisting_v49_gene_span			1	1	0	2
D0_000477	chr1	134841	135101	-	174	150	primary_match	ENSG00000308579	ENSG00000308579	1	0	0	1
D0_000478	chr5	69983114	69986751	+	174	160	other_v49_added_gene		ENSG00000295602	1	0	0	1
D0_000479	chr1	145984158	145991383	+	173	124	unresolved			1	0	0	1
D0_000480	chr2	237103407	237113254	+	173	132	unresolved			1	1	0	2
D0_000481	chr10	68543972	68544236	-	173	163	unresolved			1	1	0	2
D0_000482	chr12	65166856	65169464	-	173	133	primary_match	ENSG00000289319	ENSG00000289319	1	1	0	2
D0_000483	chr1	90906986	90915122	-	172	139	unresolved			1	1	0	2
D0_000484	chr1	148699504	148702548	-	172	135	other_v49_added_gene		ENSG00000301213	1	0	0	1
D0_000485	chr9	94302631	94314637	+	172	145	preexisting_v49_gene_span			1	1	0	2
D0_000486	chr21	15890456	15895527	+	172	137	unresolved			1	1	0	2
D0_000487	chrX	47509776	47511659	-	172	149	other_v49_added_gene		ENSG00000310113	1	1	0	2
D0_000488	chr1	175923544	175944735	-	171	110	unresolved			1	1	0	2
D0_000489	chr9	40963884	40972571	-	171	143	primary_match	ENSG00000290923	ENSG00000290923	1	1	0	2
D0_000490	chr16	11531047	11546509	+	171	133	unresolved			1	1	0	2
D0_000491	chr1	88993081	88998153	+	170	129	other_v49_added_gene		ENSG00000307222	1	1	0	2
D0_000492	chr1	146317079	146321150	-	170	160	other_v49_added_gene		ENSG00000290578	1	1	0	2
D0_000493	chr6	26020907	26023403	+	170	136	preexisting_v49_gene_span			1	1	0	2
D0_000494	chr6	73509887	73515586	+	170	139	unresolved			1	1	0	2
D0_000495	chr7	66984021	66987679	-	170	125	unresolved			1	1	0	2
D0_000496	chr10	80145444	80150460	-	170	145	unresolved			1	1	0	2
D0_000497	chr17	81860654	81864793	+	170	139	primary_match	ENSG00000293751	ENSG00000293751	1	1	0	2
D0_000498	chr6	27137498	27138586	-	169	132	preexisting_v49_gene_span			1	1	0	2
D0_000499	chr11	62845268	62851982	-	169	95	preexisting_v49_gene_span			1	1	0	2
D0_000500	chr22	26516388	26521944	-	169	120	unresolved			1	1	0	2
D0_000501	chr1	178599789	178625622	+	168	104	unresolved			1	1	1	3
D0_000502	chr1	204512808	204516285	-	168	128	unresolved			1	0	0	1
D0_000503	chr5	131406433	131413445	+	168	132	unresolved			1	1	0	2
D0_000504	chr7	140924939	140927266	+	168	142	other_v49_added_gene		ENSG00000295818	1	1	0	2
D0_000505	chr2	32316811	32321626	+	167	129	unresolved			1	1	0	2
D0_000506	chr2	203235823	203238835	-	167	134	primary_match	ENSG00000289294	ENSG00000289294	1	1	0	2
D0_000507	chr5	151725526	151738768	-	167	138	preexisting_v49_gene_span			1	1	0	2
D0_000508	chr18	11639759	11643239	-	167	152	other_v49_added_gene		ENSG00000291183	1	0	0	1
D0_000509	chr20	63628910	63638760	+	167	99	unresolved			1	1	0	2
D0_000510	chr12	7902924	7918592	+	166	95	other_v49_added_gene		ENSG00000290484	1	1	1	3
D0_000511	chr12	25386389	25389395	+	166	140	primary_match	ENSG00000289928	ENSG00000289928	1	1	0	2
D0_000512	chr1	27922821	27922931	-	165	117	unresolved			0	0	0	0
D0_000513	chr12	94755482	94794776	-	165	87	other_v49_added_gene		ENSG00000298041,ENSG00000303924	1	1	1	3
D0_000514	chr14	21190054	21199766	-	165	128	unresolved			1	1	0	2
D0_000515	chr21	15896952	15906503	+	165	115	unresolved			1	1	0	2
D0_000516	chr1	198760769	198767369	+	164	127	unresolved			1	0	0	1
D0_000517	chr1	244047383	244048256	-	164	147	primary_match	ENSG00000289055	ENSG00000289055	1	1	0	2
D0_000518	chr9	4944534	4944667	-	164	148	unresolved			1	1	0	2
D0_000519	chr13	65483305	65787857	-	164	144	unresolved			1	1	0	2
D0_000520	chr18	62312230	62322601	+	164	122	unresolved			1	1	0	2
D0_000521	chr20	5540544	5543805	-	164	125	unresolved			1	0	0	1
D0_000522	chr1	149870932	149884436	-	163	99	unresolved			1	1	0	2
D0_000523	chr10	32892427	32900054	-	163	111	preexisting_v49_gene_span			1	1	0	2
D0_000524	chr11	65467234	65481075	-	163	128	primary_match	ENSG00000289259	ENSG00000289259,ENSG00000289883	1	1	0	2
D0_000525	chr12	11204142	11208923	+	163	124	unresolved			1	1	0	2
D0_000526	chr3	96351176	96352146	+	162	150	unresolved			1	1	0	2
D0_000527	chr7	73280395	73283521	-	162	142	other_v49_added_gene		ENSG00000290839	1	0	0	1
D0_000528	chr1	226072301	226082540	+	161	121	preexisting_v49_gene_span			1	1	0	2
D0_000529	chr2	98595795	98598971	+	161	129	unresolved			1	1	0	2
D0_000530	chr3	129168045	129168982	+	161	141	unresolved			1	0	0	1
D0_000531	chr8	37851898	37858244	-	161	98	unresolved			1	1	0	2
D0_000532	chr12	54548267	54549363	+	161	131	unresolved			1	0	0	1
D0_000533	chr19	8262758	8268686	+	160	134	preexisting_v49_gene_span			1	1	0	2
D0_000534	chr19	14611388	14618732	-	160	120	preexisting_v49_gene_span			1	1	1	3
D0_000535	chr22	41413437	41426392	+	160	120	other_v49_added_gene		ENSG00000301754	1	1	0	2
D0_000536	chr2	26137625	26140172	+	159	139	preexisting_v49_gene_span			1	1	0	2
D0_000537	chr2	32336187	32344383	+	159	120	unresolved			1	0	0	1
D0_000538	chr6	30494262	30500008	+	159	117	unresolved			1	1	0	2
D0_000539	chr12	106347575	106349388	-	159	136	unresolved			1	1	0	2
D0_000540	chr13	40703218	40728911	-	159	103	other_v49_added_gene		ENSG00000309452	1	1	0	2
D0_000541	chr10	46210477	46217023	-	158	130	other_v49_added_gene		ENSG00000299562	1	1	0	2
D0_000542	chr11	107287207	107293974	-	158	130	unresolved			1	1	0	2
D0_000543	chr17	51120988	51124543	+	158	129	primary_match	ENSG00000308112	ENSG00000308112	1	1	0	2
D0_000544	chr2	231604882	231608105	+	157	100	other_v49_added_gene		ENSG00000301504	1	1	0	2
D0_000545	chr11	127940242	127941822	-	157	145	other_v49_added_gene		ENSG00000307057	1	1	0	2
D0_000546	chr14	92689320	92690245	-	157	130	unresolved			1	0	0	1
D0_000547	chr4	38785124	38790301	-	156	115	preexisting_v49_gene_span			1	1	0	2
D0_000548	chr6	24719998	24720893	-	156	131	preexisting_v49_gene_span			1	1	0	2
D0_000549	chr10	97321945	97331767	+	156	134	unresolved			1	1	0	2
D0_000550	chr14	22497744	22500949	+	156	100	preexisting_v49_gene_span			1	1	0	2
D0_000551	chr17	77957709	77959238	+	156	125	preexisting_v49_gene_span			1	0	0	1
D0_000552	chr2	97739978	97740527	+	155	125	preexisting_v49_gene_span			1	1	0	2
D0_000553	chr11	67443976	67444888	-	155	134	unresolved			1	0	0	1
D0_000554	chr19	14071237	14071372	+	155	149	unresolved			1	0	0	1
D0_000555	KI270442.1	344004	352237	-	155	145	unresolved			1	0	0	1
D0_000556	chr1	2547489	2549643	+	154	113	preexisting_v49_gene_span			1	0	0	1
D0_000557	chr1	15829081	15834466	-	154	134	preexisting_v49_gene_span			1	1	0	2
D0_000558	chr3	57566902	57571152	+	154	132	preexisting_v49_gene_span			1	1	0	2
D0_000559	chr12	25383014	25388464	-	154	134	preexisting_v49_gene_span			1	1	0	2
D0_000560	chr21	15881319	15889418	+	154	133	unresolved			1	1	0	2
D0_000561	chr1	52609273	52631409	+	153	116	unresolved			1	1	0	2
D0_000562	chr2	43208600	43219848	-	153	116	preexisting_v49_gene_span			1	1	1	3
D0_000563	chr9	97893359	97904455	-	153	119	preexisting_v49_gene_span			1	1	0	2
D0_000564	chr11	508232	512368	-	153	129	unresolved			1	0	0	1
D0_000565	chr11	62842225	62851351	+	153	92	preexisting_v49_gene_span			1	1	0	2
D0_000566	chr12	11256903	11265656	+	152	110	unresolved			1	1	0	2
D0_000567	chr2	61754907	61764351	-	151	120	primary_match	ENSG00000289410	ENSG00000289410	1	1	0	2
D0_000568	chr5	179610120	179614166	-	151	122	unresolved			1	1	0	2
D0_000569	chr6	7063797	7081882	+	151	97	other_v49_added_gene		ENSG00000309350	1	1	0	2
D0_000570	chr7	150693655	150705922	+	151	112	unresolved			1	1	0	2
D0_000571	chr9	85849562	85869688	+	151	105	other_v49_added_gene		ENSG00000290924,ENSG00000289214	1	1	0	2
D0_000572	chr22	41446944	41454319	+	151	121	other_v49_added_gene		ENSG00000289841	1	1	0	2
D0_000573	chr6	42195131	42203844	-	150	114	unresolved			1	1	0	2
D0_000574	chrY	20926351	20938509	+	150	72	unresolved			1	0	0	1
D0_000575	chr1	228109480	228113719	+	149	124	unresolved			1	1	0	2
D0_000576	chr2	142873610	142876027	+	149	106	primary_match	ENSG00000303865	ENSG00000303865	1	0	0	1
D0_000577	chr4	87894099	87894304	+	149	132	unresolved			1	1	0	2
D0_000578	chr5	77995189	78000493	-	149	121	preexisting_v49_gene_span			1	1	0	2
D0_000579	chr5	119249253	119255108	+	149	118	unresolved			1	1	0	2
D0_000580	chr9	127790920	127794272	+	149	132	unresolved			1	1	0	2
D0_000581	chr10	17237597	17241612	+	149	109	unresolved			1	1	0	2
D0_000582	chr15	92810089	92811389	+	149	111	other_v49_added_gene		ENSG00000306297	1	1	0	2
D0_000583	chr17	68208080	68225488	+	149	124	other_v49_added_gene		ENSG00000308230	1	1	0	2
D0_000584	chr19	53876441	53879032	+	149	121	preexisting_v49_gene_span			1	1	0	2
D0_000585	chr22	21745474	21754470	-	149	115	unresolved			1	1	0	2
D0_000586	chrX	56499977	56507332	+	149	89	unresolved			1	0	0	1
D0_000587	chr1	205957949	205958418	+	148	128	unresolved			1	0	0	1
D0_000588	chr5	14702762	14704707	+	148	121	preexisting_v49_gene_span			1	1	0	2
D0_000589	chr10	87747705	87751442	-	148	116	unresolved			1	0	0	1
D0_000590	chr13	22347236	22575675	+	148	75	other_v49_added_gene		ENSG00000301214	1	1	0	2
D0_000591	chr16	11243929	11249205	-	148	83	preexisting_v49_gene_span			1	0	0	1
D0_000592	chr3	108024640	108032452	-	147	124	preexisting_v49_gene_span			1	1	0	2
D0_000593	chr19	4039426	4042300	-	147	124	unresolved			1	1	0	2
D0_000594	chr19	13844874	13850915	-	147	120	primary_match	ENSG00000296918	ENSG00000296918	1	1	0	2
D0_000595	chrX	118686328	118697084	+	147	131	preexisting_v49_gene_span			1	1	1	3
D0_000596	chr3	49340715	49348873	+	146	109	unresolved			1	1	0	2
D0_000597	chr3	50650417	50653800	+	146	118	other_v49_added_gene		ENSG00000289504	1	1	0	2
D0_000598	chr4	88708563	88709280	+	146	125	preexisting_v49_gene_span			1	1	0	2
D0_000599	chr12	14938812	14939371	+	146	129	unresolved			1	0	0	1
D0_000600	chr14	90408291	90417946	+	146	94	unresolved			1	1	0	2
D0_000601	chr16	89239465	89244181	+	146	123	other_v49_added_gene		ENSG00000308918	1	1	0	2
D0_000602	chrX	74573936	74582912	-	146	113	unresolved			1	1	0	2
D0_000603	chrY	665121	988278	+	146	132	unresolved			1	0	0	1
D0_000604	chr1	15430357	15437836	+	145	122	unresolved			1	1	0	2
D0_000605	chr1	161608219	161608793	+	145	124	primary_match	ENSG00000310471	ENSG00000310471	1	1	0	2
D0_000606	chr6	30494403	30500312	-	145	94	unresolved			1	1	0	2
D0_000607	chr6	34235200	34236763	-	145	116	primary_match	ENSG00000288879	ENSG00000288879	1	1	0	2
D0_000608	chr6	132818115	132824855	-	145	111	unresolved			1	0	0	1
D0_000609	chr7	128643467	128651086	+	145	120	preexisting_v49_gene_span			1	0	1	2
D0_000610	chr10	38079875	38080052	-	145	132	unresolved			1	1	0	2
D0_000611	chr17	45493655	45506740	-	145	128	other_v49_added_gene		ENSG00000291175	1	1	0	2
D0_000612	chr18	37814629	37814725	-	145	131	unresolved			1	0	0	1
D0_000613	chrY	318845	325549	+	145	111	other_v49_added_gene		ENSG00000292342	1	0	0	1
D0_000614	chr2	85328308	85332525	+	143	107	primary_match	ENSG00000290110	ENSG00000307411,ENSG00000290110	1	1	0	2
D0_000615	chr7	47955353	47962513	-	143	131	preexisting_v49_gene_span			1	1	0	2
D0_000616	chr8	55875546	55879781	-	143	104	unresolved			1	1	0	2
D0_000617	chr10	67764009	67766317	+	143	57	unresolved			1	1	0	2
D0_000618	chr11	62024326	62025652	-	143	108	unresolved			1	0	0	1
D0_000619	chr12	56145256	56150774	+	143	112	unresolved			1	1	0	2
D0_000620	chr13	73995103	74008936	-	143	116	preexisting_v49_gene_span			1	1	0	2
D0_000621	chr17	5255696	5274997	+	143	93	preexisting_v49_gene_span			1	1	0	2
D0_000622	chr17	30350485	30351465	-	143	40	unresolved			1	0	0	1
D0_000623	chr20	48919189	48921622	-	143	102	primary_match	ENSG00000294546	ENSG00000294533,ENSG00000294546	1	1	0	2
D0_000624	KI270711.1	4610	15121	-	143	124	unresolved			1	1	1	3
D0_000625	chr2	88012829	88016351	-	142	79	primary_match	ENSG00000307645	ENSG00000307645	1	1	0	2
D0_000626	chr3	49350290	49357103	-	142	109	unresolved			1	1	0	2
D0_000627	chr5	131398478	131405085	+	142	108	unresolved			1	0	0	1
D0_000628	chr7	102342701	102345543	+	142	132	other_v49_added_gene		ENSG00000296900	1	0	0	1
D0_000629	chr9	75175550	75181742	+	142	120	unresolved			1	0	0	1
D0_000630	chr9	83959118	83964374	+	142	110	preexisting_v49_gene_span			1	0	0	1
D0_000631	chr10	97312543	97319258	-	142	107	other_v49_added_gene		ENSG00000308526	1	1	0	2
D0_000632	chr19	4883100	4890429	-	142	116	unresolved			1	0	0	1
D0_000633	chr21	28999497	29004317	-	142	122	primary_match	ENSG00000308554	ENSG00000308554	1	1	0	2
D0_000634	chr7	105013046	105013424	-	141	128	preexisting_v49_gene_span			1	1	0	2
D0_000635	chr9	33076821	33079745	+	141	103	unresolved			1	0	0	1
D0_000636	chr9	40987573	40992138	-	141	120	other_v49_added_gene		ENSG00000290923	1	1	0	2
D0_000637	chr11	1536730	1537315	+	141	129	unresolved			1	0	0	1
D0_000638	chr11	47378704	47381496	-	141	103	preexisting_v49_gene_span			1	1	0	2
D0_000639	chrX	154639390	154639812	-	141	124	other_v49_added_gene		ENSG00000306316	1	1	0	2
D0_000640	chr2	71080387	71086979	+	140	114	unresolved			1	1	0	2
D0_000641	chr4	77075992	77082252	+	140	112	primary_match	ENSG00000289496	ENSG00000289496	1	1	0	2
D0_000642	chr6	63583713	63589665	+	140	104	unresolved			1	1	0	2
D0_000643	chr7	73236258	73240935	+	140	109	unresolved			1	0	0	1
D0_000644	chr9	112188371	112217621	-	140	102	preexisting_v49_gene_span			1	1	0	2
D0_000645	chr1	16511209	16514117	-	139	129	unresolved			1	1	0	2
D0_000646	chr3	157160766	157162531	+	139	127	preexisting_v49_gene_span			1	1	0	2
D0_000647	chr5	45931152	45977731	-	139	130	unresolved			1	1	0	2
D0_000648	chr9	40949393	40954228	-	139	115	other_v49_added_gene		ENSG00000290923	1	1	0	2
D0_000649	chr20	3876404	3888210	-	139	120	preexisting_v49_gene_span			1	1	0	2
D0_000650	chr22	30268717	30271728	-	139	90	primary_match	ENSG00000307561	ENSG00000307561	1	1	0	2
D0_000651	chr22	41073563	41073905	-	139	114	unresolved			1	1	0	2
D0_000652	chrX	24079042	24126398	+	139	113	unresolved			1	1	0	2
D0_000653	chr1	120341897	120343036	-	138	121	primary_match	ENSG00000290569	ENSG00000290569	1	0	0	1
D0_000654	chr5	70128745	70132556	-	138	126	other_v49_added_gene		ENSG00000300022	1	0	0	1
D0_000655	chr6	26208267	26215150	-	138	93	unresolved			1	1	0	2
D0_000656	chr6	26231635	26234260	-	138	89	primary_match	ENSG00000304009	ENSG00000304009	1	1	0	2
D0_000657	chr8	20226869	20231726	+	138	98	preexisting_v49_gene_span			1	1	0	2
D0_000658	chr1	155564018	155565590	+	137	118	preexisting_v49_gene_span			1	1	0	2
D0_000659	chr2	31844035	31858920	-	137	100	preexisting_v49_gene_span			1	1	0	2
D0_000660	chrX	100994904	101009269	-	137	113	unresolved			1	1	0	2
D0_000661	chr1	52091276	52137161	+	136	118	unresolved			1	1	0	2
D0_000662	chr19	39409412	39412255	-	136	118	other_v49_added_gene		ENSG00000308785,ENSG00000307861	1	1	0	2
D0_000663	chrX	107663091	107677058	-	136	107	other_v49_added_gene		ENSG00000289923	1	1	1	3
D0_000664	chr1	26476972	26485311	+	135	104	preexisting_v49_gene_span			1	1	0	2
D0_000665	chr1	110904717	110914437	-	135	120	other_v49_added_gene		ENSG00000304336	1	1	0	2
D0_000666	chr1	155307943	155308621	-	135	65	unresolved			1	1	0	2
D0_000667	chr6	50912575	50912705	-	135	120	unresolved			1	1	0	2
D0_000668	chr14	71115426	71123046	+	135	106	unresolved			1	1	0	2
D0_000669	chr15	22705001	22705291	+	135	118	unresolved			1	0	0	1
D0_000670	chr19	49817577	49818153	+	135	102	primary_match	ENSG00000295248	ENSG00000295248	1	0	0	1
D0_000671	chr1	42708656	42715439	-	134	98	unresolved			1	0	0	1
D0_000672	chr1	244736756	244824233	+	134	91	other_v49_added_gene		ENSG00000296134	1	1	0	2
D0_000673	chr3	129184291	129196230	+	134	105	primary_match	ENSG00000289469	ENSG00000289469	1	1	0	2
D0_000674	chr11	39479565	39779519	-	134	41	other_v49_added_gene		ENSG00000306966	1	1	1	3
D0_000675	chr21	27081528	27143216	-	134	119	other_v49_added_gene		ENSG00000296878	1	1	0	2
D0_000676	chr1	52625335	52632821	-	133	97	other_v49_added_gene		ENSG00000304915	1	0	0	1
D0_000677	chr1	148523419	148529227	-	133	113	preexisting_v49_gene_span			1	1	0	2
D0_000678	chr6	38640239	38653336	+	133	100	other_v49_added_gene		ENSG00000298390	1	1	0	2
D0_000679	chr6	166964445	166969410	-	133	94	unresolved			1	1	0	2
D0_000680	chr12	9128816	9134927	+	133	83	other_v49_added_gene		ENSG00000309149	1	1	0	2
D0_000681	chrX	23786322	23787972	-	133	99	unresolved			1	1	0	2
D0_000682	chr1	52674032	52683817	-	132	111	unresolved			1	1	0	2
D0_000683	chr6	26103449	26104976	+	132	101	preexisting_v49_gene_span			1	1	0	2
D0_000684	chr6	53251359	53259170	-	132	95	unresolved			1	1	0	2
D0_000685	chr7	150226462	150234185	-	132	101	unresolved			1	0	0	1
D0_000686	chr9	80674935	80683302	+	132	68	unresolved			1	1	0	2
D0_000687	chr2	157347038	157356930	-	131	109	unresolved			1	0	0	1
D0_000688	chr12	101872809	101877296	-	131	104	primary_match	ENSG00000297173	ENSG00000297173	1	1	0	2
D0_000689	chr15	31319704	31326834	-	131	104	other_v49_added_gene		ENSG00000298150	1	1	0	2
D0_000690	chr1	120342051	120344831	+	130	107	other_v49_added_gene		ENSG00000305887	1	1	0	2
D0_000691	chr1	228679062	228687413	-	130	115	unresolved			1	0	1	2
D0_000692	chr2	136118166	136120036	+	130	102	primary_match	ENSG00000289974	ENSG00000289974	1	1	0	2
D0_000693	chr10	110496604	110497739	-	130	120	preexisting_v49_gene_span			1	1	0	2
D0_000694	chr12	9023621	9024454	-	130	99	unresolved			1	0	0	1
D0_000695	chr14	20477682	20482471	-	130	98	unresolved			1	0	0	1
D0_000696	chr17	32412457	32423863	+	130	87	unresolved			1	1	0	2
D0_000697	chr19	19663722	19668663	+	130	89	other_v49_added_gene		ENSG00000295487	1	1	1	3
D0_000698	chr2	97747851	97750540	-	129	109	unresolved			1	0	0	1
D0_000699	chr5	83582326	83588988	+	129	85	other_v49_added_gene		ENSG00000310420	1	1	0	2
D0_000700	chr16	28628482	28629681	-	129	120	unresolved			1	0	0	1
D0_000701	chr2	186422795	186486031	-	128	106	preexisting_v49_gene_span			1	1	1	3
D0_000702	chr6	32604201	32606041	+	128	105	other_v49_added_gene		ENSG00000307907	1	0	0	1
D0_000703	chr14	24242766	24244449	+	128	106	other_v49_added_gene		ENSG00000289979	1	1	0	2
D0_000704	chr22	39153271	39162070	+	128	83	other_v49_added_gene		ENSG00000297177	1	1	0	2
D0_000705	chr5	151165528	151173944	-	127	109	other_v49_added_gene		ENSG00000298634	1	1	1	3
D0_000706	chr8	8944288	8959631	+	127	93	other_v49_added_gene		ENSG00000293372	1	1	0	2
D0_000707	chr13	45310121	45333317	-	127	92	unresolved			1	1	0	2
D0_000708	chr3	129164556	129169333	-	126	109	preexisting_v49_gene_span			1	1	0	2
D0_000709	chr9	35047161	35056037	-	126	101	preexisting_v49_gene_span			1	1	0	2
D0_000710	chr12	9221378	9224533	-	126	92	unresolved			1	0	0	1
D0_000711	chr12	124939461	124939740	-	126	108	unresolved			1	1	0	2
D0_000712	chr17	48128392	48133429	-	126	98	unresolved			1	0	0	1
D0_000713	chr17	81500445	81508647	+	126	104	unresolved			1	1	0	2
D0_000714	chr19	2057273	2071015	-	126	107	preexisting_v49_gene_span			1	1	0	2
D0_000715	chr20	47422295	47450289	-	126	50	preexisting_v49_gene_span			1	0	0	1
D0_000716	chr1	150181468	150191989	+	125	99	other_v49_added_gene		ENSG00000310475	1	1	0	2
D0_000717	chr5	150702119	150708374	-	125	101	preexisting_v49_gene_span			1	1	0	2
D0_000718	chr8	23264034	23269714	+	125	81	other_v49_added_gene		ENSG00000289584	1	1	0	2
D0_000719	chr10	26568078	26571960	+	125	109	preexisting_v49_gene_span			1	1	0	2
D0_000720	chr17	68180703	68188344	+	125	98	unresolved			1	1	1	3
D0_000721	chr2	177223959	177227486	+	124	106	preexisting_v49_gene_span			1	1	1	3
D0_000722	chr3	130747245	130748154	-	124	55	unresolved			1	0	0	1
D0_000723	chr4	112493762	112493953	+	124	112	unresolved			1	0	0	1
D0_000724	chr5	133968721	133970150	+	124	95	other_v49_added_gene		ENSG00000309135	1	1	0	2
D0_000725	chr9	15526971	15527132	-	124	104	unresolved			1	1	0	2
D0_000726	chr15	30426323	30428832	-	124	107	other_v49_added_gene		ENSG00000289397	1	0	0	1
D0_000727	chr17	7834364	7838165	+	124	102	primary_match	ENSG00000288748	ENSG00000307081,ENSG00000288748	1	1	0	2
D0_000728	chr19	35209193	35216207	+	124	93	other_v49_added_gene		ENSG00000294495	1	1	0	2
D0_000729	chrX	107061295	107064418	-	124	104	preexisting_v49_gene_span			1	1	0	2
D0_000730	chr1	92073817	92074355	-	123	118	unresolved			1	1	0	2
D0_000731	chr1	247189104	247189794	+	123	111	unresolved			1	1	0	2
D0_000732	chr2	136126807	136136816	-	123	99	other_v49_added_gene		ENSG00000304665	1	0	0	1
D0_000733	chr4	77851234	77854381	-	123	88	unresolved			1	0	0	1
D0_000734	chr14	69773932	69775183	-	123	106	unresolved			1	0	0	1
D0_000735	chr6	31618551	31620385	-	122	92	primary_match	ENSG00000289375	ENSG00000289375	1	1	0	2
D0_000736	chr9	80340043	80344394	+	122	68	unresolved			1	0	0	1
D0_000737	chr2	234290278	234294550	+	121	68	unresolved			1	0	0	1
D0_000738	chr7	100290933	100307316	-	121	103	primary_match	ENSG00000291178	ENSG00000293698,ENSG00000291178	1	1	0	2
D0_000739	chr9	91401047	91409042	-	121	86	preexisting_v49_gene_span			1	1	0	2
D0_000740	chr13	31587335	31670282	-	121	67	unresolved			1	1	0	2
D0_000741	chr16	88169910	88176538	+	121	100	preexisting_v49_gene_span			1	0	0	1
D0_000742	chr17	35460886	35463865	-	121	94	unresolved			1	0	0	1
D0_000743	chr7	150750120	150759449	+	120	93	unresolved			1	1	0	2
D0_000744	chr10	3872417	3877233	-	120	89	other_v49_added_gene		ENSG00000303836	1	1	0	2
D0_000745	chr17	74532399	74537551	+	120	93	primary_match	ENSG00000289070	ENSG00000289070	1	1	1	3
D0_000746	chrX	107711283	107713027	+	120	105	primary_match	ENSG00000309836	ENSG00000309836	1	1	0	2
D0_000747	chr1	150527106	150547179	-	119	88	other_v49_added_gene		ENSG00000307101	1	1	0	2
D0_000748	chr2	130294405	130294495	+	119	115	unresolved			1	1	0	2
D0_000749	chr5	180292195	180293092	+	119	100	preexisting_v49_gene_span			1	0	0	1
D0_000750	chr6	31855502	31857616	-	119	92	preexisting_v49_gene_span			1	1	0	2
D0_000751	chr8	43128824	43132722	+	119	108	preexisting_v49_gene_span			1	1	0	2
D0_000752	chr10	73360598	73366482	-	119	98	unresolved			1	1	0	2
D0_000753	chr10	96763377	96826195	+	119	57	unresolved			1	1	0	2
D0_000754	chr14	24167152	24171746	-	119	108	unresolved			1	0	0	1
D0_000755	chr15	90895815	90902099	+	119	77	preexisting_v49_gene_span			1	1	0	2
D0_000756	chrX	102906894	102917417	+	119	88	preexisting_v49_gene_span			1	1	0	2
D0_000757	chr2	119984973	119994203	+	118	87	unresolved			1	1	0	2
D0_000758	chr19	18299680	18305198	-	118	89	unresolved			1	0	0	1
D0_000759	chr19	39321129	39326118	-	118	84	unresolved			1	0	0	1
D0_000760	chr19	39429213	39432963	-	118	78	unresolved			1	1	0	2
D0_000761	chr1	120843099	120849666	-	117	102	preexisting_v49_gene_span			1	1	0	2
D0_000762	chr2	112671682	112683118	+	117	51	other_v49_added_gene		ENSG00000298853	1	1	1	3
D0_000763	chr5	131210032	131232825	+	117	85	other_v49_added_gene		ENSG00000290020	1	1	1	3
D0_000764	chr6	32480045	32483861	-	117	97	unresolved			1	0	0	1
D0_000765	chr8	140508069	140511241	-	117	95	unresolved			1	1	0	2
D0_000766	chr11	108150512	108156945	-	117	107	preexisting_v49_gene_span			1	1	0	2
D0_000767	chr6	32928758	32934434	-	116	76	unresolved			1	1	0	2
D0_000768	chr6	35568434	35573572	-	116	96	preexisting_v49_gene_span			1	1	0	2
D0_000769	chr10	92030550	92040295	+	116	96	preexisting_v49_gene_span			1	1	0	2
D0_000770	chr10	97322261	97331878	-	116	95	unresolved			1	1	0	2
D0_000771	chr11	95966223	95976306	-	116	82	unresolved			1	1	0	2
D0_000772	chr12	56688675	56704768	+	116	93	other_v49_added_gene		ENSG00000306812	1	1	0	2
D0_000773	chr19	47006267	47016967	-	116	87	other_v49_added_gene		ENSG00000307953	1	1	0	2
D0_000774	chrY	2167334	2174994	-	116	74	unresolved			1	0	0	1
D0_000775	chr3	15374270	15375162	-	115	102	unresolved			1	1	0	2
D0_000776	chr5	14616754	14619420	+	115	83	unresolved			1	0	0	1
D0_000777	chr5	166382599	166382686	+	115	110	unresolved			1	1	0	2
D0_000778	chr6	35256590	35258880	-	115	97	other_v49_added_gene		ENSG00000305352	1	1	0	2
D0_000779	chr6	132440205	132445800	-	115	92	unresolved			1	1	0	2
D0_000780	chr15	72739134	72747751	+	115	72	preexisting_v49_gene_span			1	1	0	2
D0_000781	chr19	3164463	3171728	-	115	88	unresolved			1	0	0	1
D0_000782	chr6	30486614	30486954	+	114	106	unresolved			1	1	0	2
D0_000783	chr6	110899071	110899564	-	114	95	other_v49_added_gene		ENSG00000298809	1	0	0	1
D0_000784	chr8	124284747	124294289	-	114	97	unresolved			1	1	0	2
D0_000785	chr11	65574268	65575813	-	114	93	primary_match	ENSG00000289339	ENSG00000290026,ENSG00000289339	1	1	0	2
D0_000786	chr14	99160998	99165513	-	114	95	unresolved			1	0	0	1
D0_000787	chr21	36294726	36296287	-	114	102	preexisting_v49_gene_span			1	0	0	1
D0_000788	chr1	9634146	9640855	-	113	93	unresolved			1	1	0	2
D0_000789	chr1	198757478	198759645	+	113	97	preexisting_v49_gene_span			1	1	0	2
D0_000790	chr1	225775225	225777747	-	113	80	preexisting_v49_gene_span			1	1	0	2
D0_000791	chr3	49354516	49357076	+	113	83	unresolved			1	1	0	2
D0_000792	chr7	75504838	75507097	-	113	104	other_v49_added_gene		ENSG00000291092	1	1	0	2
D0_000793	chr8	30089649	30095186	-	113	95	primary_match	ENSG00000289334	ENSG00000289334	1	1	0	2
D0_000794	chr9	66270913	66273378	+	113	97	other_v49_added_gene		ENSG00000294531	1	0	0	1
D0_000795	chr4	42093187	42099365	+	112	87	unresolved			1	1	0	2
D0_000796	chr5	70823877	70828535	+	112	102	other_v49_added_gene		ENSG00000297805	1	0	0	1
D0_000797	chr5	70848737	70853541	+	112	101	other_v49_added_gene		ENSG00000297805	1	0	0	1
D0_000798	chr5	80358619	80359051	-	112	103	unresolved			1	1	0	2
D0_000799	chr5	179781427	179791745	+	112	97	unresolved			1	1	0	2
D0_000800	chr7	6102128	6104628	-	112	93	unresolved			1	1	0	2
D0_000801	chr15	30440521	30461515	-	112	85	other_v49_added_gene		ENSG00000289397	1	1	0	2
D0_000802	chr22	49975655	49982199	+	112	65	unresolved			1	1	0	2
D0_000803	chr1	24473197	24477140	+	111	83	preexisting_v49_gene_span			1	1	0	2
D0_000804	chr3	101559673	101561761	-	111	98	primary_match	ENSG00000295591	ENSG00000295591	1	1	0	2
D0_000805	chr4	77861021	77862724	-	111	88	unresolved			1	0	0	1
D0_000806	chr7	149183095	149191031	+	111	88	unresolved			1	1	0	2
D0_000807	chr7	150174587	150198156	-	111	79	unresolved			1	1	0	2
D0_000808	chr11	75251051	75260075	-	111	89	unresolved			1	1	0	2
D0_000809	chr11	121636112	121647124	+	111	84	unresolved			1	0	0	1
D0_000810	chrY	2659980	2668528	+	111	91	other_v49_added_gene		ENSG00000292362	1	0	0	1
D0_000811	chr1	226618971	226627642	-	110	90	unresolved			1	0	0	1
D0_000812	chr3	132368599	132371885	+	110	91	unresolved			1	1	0	2
D0_000813	chr5	71026972	71029172	-	110	98	unresolved			1	0	0	1
D0_000814	chr5	134060935	134069135	-	110	61	other_v49_added_gene		ENSG00000309104	1	1	0	2
D0_000815	chr6	7083794	7104061	+	110	70	other_v49_added_gene		ENSG00000309350	1	0	0	1
D0_000816	chr10	64826796	64826896	+	110	98	other_v49_added_gene		ENSG00000293732	1	1	0	2
D0_000817	chr10	90725480	90725836	+	110	103	unresolved			1	0	0	1
D0_000818	chr12	32001384	32008940	+	110	88	preexisting_v49_gene_span			1	1	0	2
D0_000819	chr12	108617927	108622263	-	110	92	preexisting_v49_gene_span			1	1	0	2
D0_000820	chr12	124911172	124911585	+	110	93	unresolved			1	1	0	2
D0_000821	chr17	45495018	45506722	+	110	106	preexisting_v49_gene_span			1	0	0	1
D0_000822	chr19	19619435	19623487	+	110	84	other_v49_added_gene		ENSG00000309629	1	0	0	1
D0_000823	chr19	19689301	19694572	-	110	85	unresolved			1	0	0	1
D0_000824	chr2	157346501	157347469	+	109	90	unresolved			1	0	0	1
D0_000825	chr2	171774738	171782439	+	109	86	unresolved			1	1	0	2
D0_000826	chr13	74127599	74137516	+	109	90	other_v49_added_gene		ENSG00000296479	1	1	0	2
D0_000827	chr14	105856310	105863684	-	109	78	preexisting_v49_gene_span			1	1	0	2
D0_000828	chr2	113859842	113884528	-	108	80	preexisting_v49_gene_span			1	1	1	3
D0_000829	chr2	142868734	142871777	+	108	80	other_v49_added_gene		ENSG00000303845	1	0	0	1
D0_000830	chr3	52300381	52302141	+	108	93	unresolved			1	0	0	1
D0_000831	chr6	4001961	4011062	-	108	95	preexisting_v49_gene_span			1	1	0	2
D0_000832	chr6	118436912	118445949	-	108	77	unresolved			1	1	0	2
D0_000833	chr16	11798365	11799667	+	108	81	preexisting_v49_gene_span			1	1	0	2
D0_000834	chr22	38216544	38217785	+	108	76	unresolved			1	1	0	2
D0_000835	chr3	129311720	129314743	-	107	83	unresolved			1	1	0	2
D0_000836	chr6	163410922	163413056	-	107	88	preexisting_v49_gene_span			1	1	0	2
D0_000837	chr7	75487195	75493474	-	107	92	primary_match	ENSG00000291092	ENSG00000291092	1	1	0	2
D0_000838	chr8	33513602	33517369	+	107	73	unresolved			1	1	0	2
D0_000839	chr10	72295064	72298077	-	107	97	other_v49_added_gene		ENSG00000289506	1	1	0	2
D0_000840	chr10	87461440	87462383	-	107	103	unresolved			1	0	0	1
D0_000841	chr11	66678005	66684581	+	107	92	other_v49_added_gene		ENSG00000307098	1	1	0	2
D0_000842	chr11	86282641	86287609	+	107	92	preexisting_v49_gene_span			1	1	0	2
D0_000843	chr17	36050694	36050773	+	107	71	unresolved			1	0	0	1
D0_000844	chr19	8263167	8294495	-	107	66	other_v49_added_gene		ENSG00000303688	1	1	0	2
D0_000845	KI270719.1	67883	71247	-	107	98	unresolved			1	0	0	1
D0_000846	chr1	46365280	46377624	+	106	86	preexisting_v49_gene_span			1	1	1	3
D0_000847	chr2	200827590	200834479	+	106	79	preexisting_v49_gene_span			1	1	0	2
D0_000848	chr4	2841584	2843606	+	106	84	preexisting_v49_gene_span			1	0	0	1
D0_000849	chr6	26041716	26043273	-	106	74	preexisting_v49_gene_span			1	0	0	1
D0_000850	chr14	69772034	69775397	+	106	91	preexisting_v49_gene_span			1	1	0	2
D0_000851	chr16	29596728	29600342	-	106	79	preexisting_v49_gene_span			1	1	0	2
D0_000852	chr17	19110238	19111999	-	106	96	preexisting_v49_gene_span			1	1	0	2
D0_000853	chr19	48966903	48968112	+	106	87	preexisting_v49_gene_span			1	1	0	2
D0_000854	chr22	36125784	36128829	-	106	68	unresolved			1	1	0	2
D0_000855	chr2	96138560	96143167	-	105	90	preexisting_v49_gene_span			1	1	0	2
D0_000856	chr2	96813911	96815627	-	105	88	preexisting_v49_gene_span			1	1	0	2
D0_000857	chr4	151096503	151099219	-	105	83	other_v49_added_gene		ENSG00000300329	1	0	0	1
D0_000858	chr7	25112742	25115158	+	105	88	other_v49_added_gene		ENSG00000296268	1	1	0	2
D0_000859	chr7	45251971	45252109	+	105	98	unresolved			1	1	0	2
D0_000860	chr8	80959659	80966842	-	105	75	unresolved			1	0	0	1
D0_000861	chr9	127931755	127933834	-	105	83	unresolved			1	0	0	1
D0_000862	chr10	22526752	22529954	-	105	80	unresolved			1	0	0	1
D0_000863	chr11	65470164	65481969	+	105	84	primary_match	ENSG00000291174	ENSG00000291174,ENSG00000301146	1	1	0	2
D0_000864	chr14	87994050	87995170	-	105	65	unresolved			1	1	0	2
D0_000865	chr14	102070153	102075029	+	105	59	unresolved			1	0	1	2
D0_000866	chr20	33485365	33489889	-	105	86	other_v49_added_gene		ENSG00000304806	1	0	0	1
D0_000867	chr22	41064633	41064921	+	105	101	unresolved			1	1	0	2
D0_000868	chr2	23732093	23737042	-	104	89	unresolved			1	0	0	1
D0_000869	chr5	131415050	131421676	-	104	90	other_v49_added_gene		ENSG00000299818	1	1	0	2
D0_000870	chr5	151169435	151172928	+	104	91	unresolved			1	1	0	2
D0_000871	chr12	11289150	11299838	+	104	78	unresolved			1	0	0	1
D0_000872	chr12	111905966	111911976	+	104	82	unresolved			1	1	0	2
D0_000873	chr17	39896023	39904310	-	104	79	unresolved			1	1	0	2
D0_000874	chr19	18290444	18297244	+	104	93	primary_match	ENSG00000293959	ENSG00000293959	1	1	0	2
D0_000875	chr2	26141296	26147495	+	103	82	unresolved			1	1	0	2
D0_000876	chr2	218406175	218415499	+	103	85	unresolved			1	1	0	2
D0_000877	chr9	19373692	19375434	-	103	89	unresolved			1	1	0	2
D0_000878	chr9	129410714	129413746	-	103	90	other_v49_added_gene		ENSG00000294913	1	1	0	2
D0_000879	chr10	69044459	69048812	-	103	83	other_v49_added_gene		ENSG00000304022	1	0	0	1
D0_000880	chr12	31800928	31801990	+	103	73	other_v49_added_gene		ENSG00000306273	1	0	0	1
D0_000881	chr13	108240728	108251104	+	103	81	unresolved			1	1	0	2
D0_000882	chr18	58660526	58669249	+	103	79	preexisting_v49_gene_span			1	1	1	3
D0_000883	chr19	49492652	49495753	+	103	92	preexisting_v49_gene_span			1	1	0	2
D0_000884	chr21	8988480	8988749	-	103	93	unresolved			1	0	0	1
D0_000885	chr22	49890332	49899785	+	103	92	preexisting_v49_gene_span			1	1	0	2
D0_000886	chr1	27608577	27612042	-	102	86	unresolved			1	1	1	3
D0_000887	chr5	70515127	70515994	-	102	95	other_v49_added_gene		ENSG00000300109	1	0	0	1
D0_000888	chr7	73672811	73680913	-	102	77	unresolved			1	1	0	2
D0_000889	chr11	41933245	41974332	-	102	90	unresolved			1	1	0	2
D0_000890	chr11	108150788	108154221	+	102	90	unresolved			1	1	0	2
D0_000891	chr16	29601368	29602276	-	102	80	preexisting_v49_gene_span			1	0	0	1
D0_000892	chr17	8216412	8220601	-	102	85	unresolved			1	1	0	2
D0_000893	chr17	16616182	16616448	+	102	95	unresolved			1	0	0	1
D0_000894	chr18	47986109	47986549	+	102	28	unresolved			1	0	0	1
D0_000895	chr19	55618007	55620344	+	102	86	unresolved			1	1	0	2
D0_000896	chr22	22287305	22289574	-	102	89	unresolved			1	1	0	2
D0_000897	chr3	13306752	13316095	-	101	82	unresolved			1	1	0	2
D0_000898	chr5	73509381	73510483	+	101	94	unresolved			1	1	0	2
D0_000899	chr6	73452332	73459048	+	101	69	unresolved			1	0	0	1
D0_000900	chr8	30088797	30094905	+	101	60	unresolved			1	0	0	1
D0_000901	chr9	65654828	65664186	+	101	71	other_v49_added_gene		ENSG00000295981	1	0	0	1
D0_000902	chr12	66003354	66003773	-	101	89	unresolved			1	0	0	1
D0_000903	chr13	56064899	56065146	+	101	92	unresolved			1	0	0	1
D0_000904	chr14	66012403	66012684	-	101	93	preexisting_v49_gene_span			1	1	0	2
D0_000905	chr16	586046	588931	-	101	82	unresolved			1	1	0	2
D0_000906	chr16	21922612	21932534	-	101	90	other_v49_added_gene		ENSG00000290674	1	0	0	1
D0_000907	chr16	29748740	29750479	+	101	76	preexisting_v49_gene_span			1	1	0	2
D0_000908	chr19	35208791	35213988	-	101	83	unresolved			1	0	0	1
D0_000909	chr22	41429447	41433368	-	101	75	unresolved			1	1	0	2
D0_000910	chr1	107504378	107505647	+	100	97	preexisting_v49_gene_span			1	1	0	2
D0_000911	chr2	18723396	18734204	+	100	69	unresolved			1	1	0	2
D0_000912	chr2	25360779	25363379	+	100	90	other_v49_added_gene		ENSG00000289567	1	1	0	2
D0_000913	chr2	159315314	159318922	-	100	85	preexisting_v49_gene_span			1	1	0	2
D0_000914	chr3	113634171	113640755	+	100	76	unresolved			1	0	0	1
D0_000915	chr5	50357123	50384377	+	100	78	unresolved			1	1	0	2
D0_000916	chr7	128654722	128655813	+	100	92	preexisting_v49_gene_span			1	1	0	2
D0_000917	chr9	41436621	41441795	+	100	84	other_v49_added_gene		ENSG00000288891	1	0	0	1
D0_000918	chr9	72365273	72366664	+	100	89	primary_match	ENSG00000288865	ENSG00000288865	1	0	0	1
D0_000919	chr14	99284630	99287307	-	100	73	primary_match	ENSG00000289137	ENSG00000289137	1	1	1	3
D0_000920	chr16	46651813	46656124	-	100	87	unresolved			1	1	0	2
D0_000921	chr19	35267964	35268905	-	100	93	primary_match	ENSG00000288942	ENSG00000307673,ENSG00000288942	1	1	0	2
D0_000922	chr21	42822566	42831029	-	100	78	unresolved			1	1	0	2
D0_000923	chrX	15855422	15858043	+	100	82	primary_match	ENSG00000307891	ENSG00000307891	1	1	0	2
D0_000924	chr1	25575009	25576496	+	99	80	preexisting_v49_gene_span			1	0	1	2
D0_000925	chr3	22697631	22697727	+	99	93	unresolved			1	0	0	1
D0_000926	chr6	36491175	36493576	-	99	86	unresolved			1	0	0	1
D0_000927	chr11	130870798	130875203	-	99	85	preexisting_v49_gene_span			1	1	0	2
D0_000928	chr13	48196415	48232032	-	99	70	other_v49_added_gene		ENSG00000309832	1	1	0	2
D0_000929	chr15	80138931	80147287	+	99	73	preexisting_v49_gene_span			1	0	0	1
D0_000930	chr1	11060246	11066053	+	98	71	preexisting_v49_gene_span			1	1	0	2
D0_000931	chr1	203312333	203316666	-	98	79	preexisting_v49_gene_span			1	0	0	1
D0_000932	chr3	113638134	113648266	-	98	75	unresolved			1	1	0	2
D0_000933	chr5	143272341	143276248	-	98	77	unresolved			1	1	0	2
D0_000934	chr6	32900918	32903758	+	98	88	primary_match	ENSG00000289047	ENSG00000289047	1	1	0	2
D0_000935	chr6	107824484	107827068	+	98	60	unresolved			1	0	0	1
D0_000936	chr7	6404559	6409049	-	98	86	preexisting_v49_gene_span			1	1	0	2
D0_000937	chr9	19373637	19375367	+	98	92	preexisting_v49_gene_span			1	1	0	2
D0_000938	chr9	34174839	34178906	-	98	85	other_v49_added_gene		ENSG00000306290	1	1	0	2
D0_000939	chr10	14500777	14505668	-	98	75	other_v49_added_gene		ENSG00000293746	1	1	0	2
D0_000940	chr11	64759976	64763702	-	98	86	unresolved			1	1	0	2
D0_000941	chr12	8528153	8531833	+	98	76	unresolved			1	0	0	1
D0_000942	chr14	22495182	22496529	+	98	75	preexisting_v49_gene_span			1	0	0	1
D0_000943	chr14	32267253	32271792	-	98	90	unresolved			1	1	0	2
D0_000944	chr14	106850066	106850873	-	98	72	unresolved			1	1	0	2
D0_000945	chr19	42082511	42086106	-	98	74	unresolved			1	0	0	1
D0_000946	chrX	54567325	54570716	+	98	84	preexisting_v49_gene_span			1	1	0	2
D0_000947	chr2	156342349	156345061	+	97	86	primary_match	ENSG00000309294	ENSG00000309294	1	1	0	2
D0_000948	chr3	101701016	101703838	+	97	76	other_v49_added_gene		ENSG00000293268	1	0	0	1
D0_000949	chr4	41961341	41967300	+	97	84	unresolved			1	1	0	2
D0_000950	chr5	71166665	71168637	-	97	91	other_v49_added_gene		ENSG00000296329	1	0	0	1
D0_000951	chr5	134082992	134095509	+	97	74	unresolved			1	0	0	1
D0_000952	chr6	33027604	33030268	-	97	76	unresolved			1	1	0	2
D0_000953	chr6	37029922	37043663	-	97	80	other_v49_added_gene		ENSG00000296499	1	1	0	2
D0_000954	chr8	125373585	125385333	+	97	67	unresolved			1	1	0	2
D0_000955	chr9	92670393	92675770	+	97	82	other_v49_added_gene		ENSG00000300428	1	1	0	2
D0_000956	chr11	128426356	128446977	+	97	77	unresolved			1	1	0	2
D0_000957	chr12	8021225	8028112	-	97	76	other_v49_added_gene		ENSG00000294731	1	1	0	2
D0_000958	chr16	30632426	30635825	+	97	81	primary_match	ENSG00000288983	ENSG00000288983	1	1	0	2
D0_000959	chr19	8514222	8520702	+	97	85	unresolved			1	1	0	2
D0_000960	chrX	145095447	145095684	+	97	92	unresolved			1	0	0	1
D0_000961	chrY	2741398	2746311	+	97	89	unresolved			1	0	0	1
D0_000962	chr2	61752844	61767359	+	96	78	primary_match	ENSG00000289855	ENSG00000298210,ENSG00000289855	1	1	0	2
D0_000963	chr2	165847482	165853788	-	96	74	unresolved			1	1	0	2
D0_000964	chr2	171752495	171755536	+	96	84	unresolved			1	1	0	2
D0_000965	chr5	139334357	139338903	-	96	82	unresolved			1	0	0	1
D0_000966	chr7	64501997	64516530	-	96	69	unresolved			1	1	0	2
D0_000967	chr7	142781443	142791474	+	96	76	preexisting_v49_gene_span			1	1	0	2
D0_000968	chr12	12722387	12725864	+	96	81	unresolved			1	1	0	2
D0_000969	chr17	32413639	32421776	-	96	66	unresolved			1	0	0	1
D0_000970	chr17	59846302	59849246	-	96	77	preexisting_v49_gene_span			1	1	0	2
D0_000971	chr19	14611174	14618846	+	96	82	preexisting_v49_gene_span			1	1	0	2
D0_000972	chrX	79380401	79386208	+	96	74	other_v49_added_gene		ENSG00000294454	1	1	0	2
D0_000973	chrX	118697764	118702526	-	96	87	unresolved			1	0	0	1
D0_000974	chr5	50393342	50396146	-	95	82	unresolved			1	1	0	2
D0_000975	chr5	71183791	71184695	-	95	84	other_v49_added_gene		ENSG00000296329	1	0	0	1
D0_000976	chr6	31262803	31268741	-	95	87	unresolved			1	0	0	1
D0_000977	chr6	141756891	141919587	-	95	50	other_v49_added_gene		ENSG00000295842	1	1	0	2
D0_000978	chr7	105601176	105605064	-	95	80	preexisting_v49_gene_span			1	1	0	2
D0_000979	chr9	83958992	83968052	-	95	83	preexisting_v49_gene_span			1	1	0	2
D0_000980	chr10	104267481	104268603	-	95	84	other_v49_added_gene		ENSG00000302058	1	1	0	2
D0_000981	chr11	65507154	65514398	-	95	76	primary_match	ENSG00000289740	ENSG00000289740	1	0	0	1
D0_000982	chr11	128456082	128458710	-	95	78	unresolved			1	0	0	1
D0_000983	chr12	120288176	120293795	+	95	82	preexisting_v49_gene_span			1	1	0	2
D0_000984	chr15	30881903	30882097	-	95	87	unresolved			1	0	0	1
D0_000985	chr20	29299455	29299665	-	95	83	unresolved			1	1	0	2
D0_000986	chrX	41082964	41085424	-	95	78	other_v49_added_gene		ENSG00000307885	1	1	0	2
D0_000987	KI270719.1	85989	88176	-	95	82	unresolved			1	0	0	1
D0_000988	chr1	145149673	145154765	-	94	85	primary_match	ENSG00000290867	ENSG00000290867	1	1	0	2
D0_000989	chr1	150579790	150590369	+	94	79	other_v49_added_gene		ENSG00000290074	1	1	1	3
D0_000990	chr1	173387516	173392811	-	94	71	preexisting_v49_gene_span			1	0	0	1
D0_000991	chr1	209267635	209267737	-	94	88	unresolved			1	0	0	1
D0_000992	chr2	42807073	42815023	+	94	68	other_v49_added_gene		ENSG00000307331	1	1	0	2
D0_000993	chr2	231716466	231720243	+	94	52	unresolved			1	0	0	1
D0_000994	chr3	14672696	14675025	+	94	76	unresolved			1	1	0	2
D0_000995	chr3	152173405	152205420	-	94	76	preexisting_v49_gene_span			1	1	0	2
D0_000996	chr4	82415439	82422511	-	94	67	unresolved			1	1	0	2
D0_000997	chr5	50172072	50293782	-	94	60	unresolved			1	1	0	2
D0_000998	chr6	32992547	32997766	-	94	62	unresolved			1	1	0	2
D0_000999	chr7	65078804	65081049	-	94	81	other_v49_added_gene		ENSG00000296802	1	0	0	1
D0_001000	chr8	38383725	38386196	-	94	80	other_v49_added_gene		ENSG00000294778	1	1	0	2
D0_001001	chr11	1264180	1269903	-	94	80	unresolved			1	1	0	2
D0_001002	chr12	6734969	6742811	+	94	82	unresolved			1	1	0	2
D0_001003	chr12	121642739	121645964	+	94	83	preexisting_v49_gene_span			1	1	0	2
D0_001004	chr14	93171109	93181944	-	94	72	unresolved			1	1	0	2
D0_001005	chr16	70212117	70219557	-	94	87	primary_match	ENSG00000291263	ENSG00000291263	1	0	0	1
D0_001006	chr17	5493780	5493895	-	94	72	unresolved			0	0	0	0
D0_001007	chr18	11642024	11642899	+	94	86	unresolved			1	0	0	1
D0_001008	chr19	49325304	49331431	-	94	81	preexisting_v49_gene_span			1	1	0	2
D0_001009	chr21	28712400	28718904	-	94	68	preexisting_v49_gene_span			1	1	0	2
D0_001010	chr1	35423941	35431789	-	93	73	preexisting_v49_gene_span			1	1	0	2
D0_001011	chr2	138587873	138588245	-	93	82	preexisting_v49_gene_span			1	0	0	1
D0_001012	chr3	177016543	177018670	-	93	75	unresolved			1	1	0	2
D0_001013	chr3	197035200	197041965	-	93	79	unresolved			1	1	0	2
D0_001014	chr4	39783815	39793209	+	93	67	unresolved			1	1	0	2
D0_001015	chr6	27832238	27837756	-	93	77	preexisting_v49_gene_span			1	1	0	2
D0_001016	chr7	100277519	100287129	-	93	78	other_v49_added_gene		ENSG00000293698,ENSG00000291178	1	1	0	2
D0_001017	chr7	149056470	149061026	-	93	86	unresolved			1	0	0	1
D0_001018	chr8	47738328	47751641	+	93	64	unresolved			1	0	0	1
D0_001019	chr10	72317728	72319579	-	93	72	other_v49_added_gene		ENSG00000297781	1	0	0	1
D0_001020	chr14	22527909	22528507	-	93	80	unresolved			1	0	0	1
D0_001021	chr16	21389453	21398697	+	93	81	primary_match	ENSG00000290192	ENSG00000290192	1	1	0	2
D0_001022	chr21	46571455	46576003	+	93	75	preexisting_v49_gene_span			1	1	0	2
D0_001023	chr22	11630169	11630489	+	93	88	unresolved			1	1	0	2
D0_001024	chrX	101628582	101633064	+	93	74	unresolved			1	1	0	2
D0_001025	chr1	143787089	143789090	+	92	83	other_v49_added_gene		ENSG00000307187	1	0	0	1
D0_001026	chr2	48379307	48384836	+	92	74	unresolved			1	1	0	2
D0_001027	chr3	128829529	128834856	+	92	72	unresolved			1	0	0	1
D0_001028	chr5	70134945	70135555	-	92	86	other_v49_added_gene		ENSG00000300022	1	0	0	1
D0_001029	chr7	44575068	44577832	-	92	78	preexisting_v49_gene_span			1	1	0	2
D0_001030	chr7	135172517	135176652	+	92	78	unresolved			1	1	0	2
D0_001031	chr11	18408628	18411617	+	92	69	unresolved			1	1	0	2
D0_001032	chr14	21189232	21198774	+	92	86	unresolved			1	1	0	2
D0_001033	chr16	23457635	23463311	-	92	83	preexisting_v49_gene_span			1	1	0	2
D0_001034	chr21	32541753	32549593	-	92	79	preexisting_v49_gene_span			1	1	0	2
D0_001035	chr6	108558289	108559813	-	91	71	preexisting_v49_gene_span			1	1	0	2
D0_001036	chr7	2454564	2459631	-	91	72	unresolved			1	1	0	2
D0_001037	chr9	66284515	66285800	+	91	77	other_v49_added_gene		ENSG00000294531	1	1	0	2
D0_001038	chr10	6267524	6270773	+	91	69	unresolved			1	0	0	1
D0_001039	chr11	18527129	18529009	-	91	81	unresolved			1	1	0	2
D0_001040	chr11	65889133	65890474	-	91	80	primary_match	ENSG00000305207	ENSG00000305207	1	1	0	2
D0_001041	chr11	88273519	88275469	+	91	75	unresolved			1	0	0	1
D0_001042	chr12	89552454	89558197	+	91	68	preexisting_v49_gene_span			1	0	0	1
D0_001043	chr18	46267416	46271922	+	91	82	unresolved			1	0	0	1
D0_001044	chr19	48923403	48930426	+	91	73	preexisting_v49_gene_span			1	1	0	2
D0_001045	chr1	19334189	19337932	-	90	78	unresolved			1	0	0	1
D0_001046	chr2	100589925	100590326	-	90	81	unresolved			1	1	0	2
D0_001047	chr4	109540956	109547262	+	90	81	unresolved			1	1	0	2
D0_001048	chr6	26153090	26157891	-	90	77	primary_match	ENSG00000289117	ENSG00000289117	1	1	0	2
D0_001049	chr6	151396010	151401443	-	90	77	preexisting_v49_gene_span			1	1	0	2
D0_001050	chr10	38452568	38452758	+	90	78	unresolved			1	0	0	1
D0_001051	chr10	73365771	73374981	+	90	77	preexisting_v49_gene_span			1	1	0	2
D0_001052	chr11	6688573	6698898	-	90	76	unresolved			1	1	0	2
D0_001053	chr17	64975809	64977564	+	90	75	unresolved			1	1	0	2
D0_001054	chr17	68209049	68225257	-	90	67	other_v49_added_gene		ENSG00000308249	1	1	1	3
D0_001055	chr17	75856583	75860853	+	90	61	unresolved			1	1	0	2
D0_001056	chr20	50192678	50198697	+	90	72	preexisting_v49_gene_span			1	1	0	2
D0_001057	chr20	62066023	62066820	+	90	80	preexisting_v49_gene_span			1	1	0	2
D0_001058	chr1	38710958	38711275	+	89	83	unresolved			1	1	0	2
D0_001059	chr1	244829433	244834357	-	89	75	unresolved			1	1	0	2
D0_001060	chr2	38741247	38743173	+	89	72	unresolved			1	1	0	2
D0_001061	chr3	20154412	20160538	+	89	78	unresolved			1	1	0	2
D0_001062	chr3	143177906	143179226	+	89	83	unresolved			1	1	0	2
D0_001063	chr4	141466076	141470095	+	89	70	unresolved			1	0	0	1
D0_001064	chr6	26024651	26026803	-	89	74	preexisting_v49_gene_span			1	1	0	2
D0_001065	chr6	26321513	26321794	-	89	83	preexisting_v49_gene_span			1	1	0	2
D0_001066	chr6	95556684	95574519	-	89	76	preexisting_v49_gene_span			1	1	1	3
D0_001067	chr14	95503676	95506069	-	89	69	preexisting_v49_gene_span			1	1	0	2
D0_001068	chr16	14090	14347	-	89	87	other_v49_added_gene		ENSG00000306644	1	0	0	1
D0_001069	chr19	4622547	4639184	-	89	70	unresolved			1	0	0	1
D0_001070	chr1	145216076	145216962	-	88	83	other_v49_added_gene		ENSG00000290867	1	0	0	1
D0_001071	chr1	149383274	149385888	-	88	77	other_v49_added_gene		ENSG00000308729	1	1	0	2
D0_001072	chr2	43211139	43217284	+	88	71	unresolved			1	0	0	1
D0_001073	chr2	112121689	112136005	+	88	62	unresolved			1	1	0	2
D0_001074	chr3	49023511	49024113	-	88	79	unresolved			1	1	0	2
D0_001075	chr3	112453159	112463447	-	88	66	other_v49_added_gene		ENSG00000303385	1	1	0	2
D0_001076	chr6	36687465	36689163	+	88	63	unresolved			1	1	0	2
D0_001077	chr7	134074725	134100250	+	88	67	other_v49_added_gene		ENSG00000294998	1	0	0	1
D0_001078	chr8	38217962	38221906	+	88	76	unresolved			1	1	0	2
D0_001079	chr10	22246206	22251660	-	88	65	other_v49_added_gene		ENSG00000303647	1	1	0	2
D0_001080	chr13	74260071	74267665	+	88	66	preexisting_v49_gene_span			1	0	0	1
D0_001081	chr14	39142015	39147795	-	88	70	unresolved			1	1	0	2
D0_001082	chr17	47441324	47450567	-	88	74	preexisting_v49_gene_span			1	1	0	2
D0_001083	chr17	68181164	68187399	-	88	72	unresolved			1	0	0	1
D0_001084	chrX	19528953	19533622	-	88	66	unresolved			1	0	0	1
D0_001085	chrX	154381883	154389831	-	88	80	other_v49_added_gene		ENSG00000302460,ENSG00000302471	1	1	0	2
D0_001086	chr1	39040991	39044562	+	87	65	unresolved			1	1	0	2
D0_001087	chr2	231448987	231451859	-	87	70	other_v49_added_gene		ENSG00000298773	1	1	0	2
D0_001088	chr3	50655425	50656070	+	87	73	unresolved			1	0	0	1
D0_001089	chr3	129355661	129377480	-	87	77	primary_match	ENSG00000290993	ENSG00000290993	1	1	0	2
D0_001090	chr3	196638400	196639132	-	87	79	primary_match	ENSG00000288990	ENSG00000288990	1	1	0	2
D0_001091	chr4	26764594	26771922	+	87	68	unresolved			1	1	1	3
D0_001092	chr5	132403722	132410510	-	87	76	unresolved			1	1	0	2
D0_001093	chr6	4013805	4018592	-	87	77	preexisting_v49_gene_span			1	1	0	2
D0_001094	chr6	149495222	149500702	+	87	73	unresolved			1	0	0	1
D0_001095	chr7	108574918	108579078	+	87	75	unresolved			1	1	0	2
D0_001096	chr10	87038876	87046415	-	87	66	preexisting_v49_gene_span			1	1	0	2
D0_001097	chr13	48650007	48653547	-	87	66	unresolved			1	1	0	2
D0_001098	chr22	30266869	30273677	+	87	74	other_v49_added_gene		ENSG00000289888	1	0	0	1
D0_001099	chrX	56353540	56408549	-	87	75	unresolved			1	1	0	2
D0_001100	chrY	21227736	21238197	-	87	21	unresolved			1	0	0	1
D0_001101	chr1	36465027	36466037	-	86	77	preexisting_v49_gene_span			1	1	0	2
D0_001102	chr1	204586295	204598734	-	86	69	unresolved			1	0	0	1
D0_001103	chr2	203739386	203747796	+	86	79	preexisting_v49_gene_span			1	1	0	2
D0_001104	chr5	148830779	148843141	+	86	67	other_v49_added_gene		ENSG00000303969	1	1	0	2
D0_001105	chr7	105602130	105604220	+	86	67	other_v49_added_gene		ENSG00000295921	1	0	0	1
D0_001106	chr10	87435665	87443405	+	86	78	other_v49_added_gene		ENSG00000305816	1	0	0	1
D0_001107	chr11	85657289	85659694	-	86	81	preexisting_v49_gene_span			1	1	0	2
D0_001108	chr11	123041077	123045745	+	86	61	unresolved			1	0	0	1
D0_001109	chr14	21853418	21858964	+	86	67	unresolved			1	1	1	3
D0_001110	chr14	34546347	34556151	-	86	83	preexisting_v49_gene_span			1	1	0	2
D0_001111	chr14	99102271	99110067	-	86	66	unresolved			1	1	0	2
D0_001112	chr16	31453734	31456502	+	86	76	unresolved			1	0	0	1
D0_001113	chrY	2596126	2608836	-	86	71	other_v49_added_gene		ENSG00000292360	1	0	0	1
D0_001114	chr1	90888929	90892990	-	85	76	unresolved			1	1	0	2
D0_001115	chr1	100981962	100986331	+	85	70	preexisting_v49_gene_span			1	1	0	2
D0_001116	chr3	31642258	31647260	-	85	71	unresolved			1	1	0	2
D0_001117	chr3	42007073	42013723	-	85	72	other_v49_added_gene		ENSG00000303329	1	1	0	2
D0_001118	chr5	150413108	150416693	+	85	62	unresolved			1	0	0	1
D0_001119	chr5	172805270	172808903	-	85	74	unresolved			1	1	0	2
D0_001120	chr6	361785	366292	+	85	67	unresolved			1	0	0	1
D0_001121	chr16	70206058	70208995	+	85	82	unresolved			1	0	0	1
D0_001122	chr17	41692806	41702607	-	85	67	unresolved			1	1	0	2
D0_001123	chr17	49193088	49193601	+	85	67	unresolved			1	0	0	1
D0_001124	chr22	40337950	40346081	+	85	65	unresolved			1	0	0	1
D0_001125	chrX	12977227	12980265	+	85	65	unresolved			1	1	0	2
D0_001126	chrX	30557702	30558806	-	85	75	preexisting_v49_gene_span			1	1	0	2
D0_001127	chrX	79407006	79438001	+	85	59	unresolved			1	1	0	2
D0_001128	chr1	42718982	42726067	+	84	57	unresolved			1	1	0	2
D0_001129	chr1	114511285	114513919	+	84	73	unresolved			1	1	0	2
D0_001130	chr2	38543361	38550666	-	84	61	other_v49_added_gene		ENSG00000296331	1	0	0	1
D0_001131	chr2	193903532	193908673	+	84	83	unresolved			1	1	0	2
D0_001132	chr5	151270615	151272765	+	84	74	unresolved			1	1	0	2
D0_001133	chr7	2461848	2467267	+	84	66	unresolved			1	1	0	2
D0_001134	chr7	142716879	142719195	+	84	34	primary_match	ENSG00000288882	ENSG00000288882	1	1	0	2
D0_001135	chr12	50749968	50755985	+	84	62	unresolved			1	1	0	2
D0_001136	chr16	3260894	3263714	-	84	52	unresolved			1	1	0	2
D0_001137	chr16	70373392	70375969	-	84	73	unresolved			1	1	0	2
D0_001138	chr17	81505794	81509873	-	84	57	preexisting_v49_gene_span			1	1	0	2
D0_001139	chr19	4559976	4574622	-	84	64	preexisting_v49_gene_span			1	0	0	1
D0_001140	chr21	33497698	33503753	-	84	68	preexisting_v49_gene_span			1	1	0	2
D0_001141	chrX	54571350	54571952	-	84	78	unresolved			1	0	0	1
D0_001142	chr1	8904675	8910362	-	83	44	other_v49_added_gene		ENSG00000310107	1	1	1	3
D0_001143	chr1	149880443	149881089	+	83	71	unresolved			1	0	0	1
D0_001144	chr1	161397790	161399377	-	83	68	unresolved			1	0	0	1
D0_001145	chr2	99526603	99544476	-	83	59	unresolved			1	1	0	2
D0_001146	chr2	131419988	131421822	-	83	73	other_v49_added_gene		ENSG00000306208	1	1	0	2
D0_001147	chr2	186018594	186025130	-	83	67	unresolved			1	1	0	2
D0_001148	chr4	141382570	141391449	+	83	66	primary_match	ENSG00000306779	ENSG00000306779	1	1	0	2
D0_001149	chr5	69062337	69062620	-	83	65	unresolved			1	0	0	1
D0_001150	chr6	29929280	29929944	+	83	78	primary_match	ENSG00000310496	ENSG00000310496	1	1	0	2
D0_001151	chr9	63881740	63887901	+	83	74	other_v49_added_gene		ENSG00000306078	1	0	0	1
D0_001152	chr9	97922616	97924734	+	83	72	unresolved			1	0	0	1
D0_001153	chr10	43418360	43420529	-	83	60	unresolved			1	1	0	2
D0_001154	chr16	233875	234516	-	83	75	other_v49_added_gene		ENSG00000294399	1	0	0	1
D0_001155	chr17	74607256	74609860	-	83	66	unresolved			1	0	0	1
D0_001156	chr17	81861195	81867459	-	83	72	unresolved			1	0	0	1
D0_001157	chrX	80930869	80931036	+	83	75	unresolved			1	1	0	2
D0_001158	chr1	89256192	89258819	-	82	73	preexisting_v49_gene_span			1	1	0	2
D0_001159	chr4	129160434	129160746	-	82	76	unresolved			1	0	0	1
D0_001160	chr5	66082633	66085292	+	82	69	unresolved			1	1	0	2
D0_001161	chr5	131415742	131422911	+	82	75	unresolved			1	1	0	2
D0_001162	chr7	99633048	99637942	+	82	74	unresolved			1	1	0	2
D0_001163	chr17	76781917	76789949	+	82	69	unresolved			1	1	0	2
D0_001164	chr19	47322277	47323750	+	82	50	unresolved			1	0	0	1
D0_001165	chr22	20070999	20079860	+	82	65	unresolved			1	1	0	2
D0_001166	chrX	80810025	80821569	+	82	53	other_v49_added_gene		ENSG00000289132	1	1	0	2
D0_001167	chr1	19298731	19303370	-	81	64	preexisting_v49_gene_span			1	1	0	2
D0_001168	chr1	149380126	149382364	+	81	74	unresolved			1	0	0	1
D0_001169	chr1	182336341	182337724	+	81	76	unresolved			1	1	0	2
D0_001170	chr1	231355040	231363401	+	81	66	other_v49_added_gene		ENSG00000308739	1	1	0	2
D0_001171	chr1	232572907	232629960	-	81	61	preexisting_v49_gene_span			1	1	1	3
D0_001172	chr2	96147403	96148576	-	81	65	unresolved			1	0	0	1
D0_001173	chr5	69959177	69967927	+	81	73	other_v49_added_gene		ENSG00000295602	1	0	0	1
D0_001174	chr7	5854377	5859416	+	81	70	primary_match	ENSG00000291099	ENSG00000291099	1	1	0	2
D0_001175	chr7	102357183	102361753	+	81	79	unresolved			1	0	0	1
D0_001176	chr7	129810612	129818247	-	81	58	unresolved			1	0	0	1
D0_001177	chr9	63860842	63861817	+	81	73	other_v49_added_gene		ENSG00000306078	1	0	0	1
D0_001178	chr10	26572348	26573250	-	81	74	unresolved			1	0	0	1
D0_001179	chr13	22280031	22343585	+	81	60	unresolved			1	1	0	2
D0_001180	chr14	105499743	105507212	+	81	50	unresolved			1	1	0	2
D0_001181	chr14	105663304	105663581	-	81	37	unresolved			1	0	0	1
D0_001182	chr17	30960026	30964616	+	81	67	unresolved			1	1	0	2
D0_001183	chr19	4087269	4090263	-	81	72	other_v49_added_gene		ENSG00000299077	1	1	1	3
D0_001184	chrX	65178249	65184049	+	81	67	preexisting_v49_gene_span			1	0	0	1
D0_001185	chr1	27396241	27399678	-	80	67	unresolved			1	0	0	1
D0_001186	chr1	148683351	148686682	+	80	71	other_v49_added_gene		ENSG00000301230	1	0	0	1
D0_001187	chr1	223846324	223847431	+	80	67	primary_match	ENSG00000288999	ENSG00000288999	1	1	0	2
D0_001188	chr1	244825524	244835610	+	80	67	unresolved			1	1	0	2
D0_001189	chr2	43202367	43206066	-	80	55	preexisting_v49_gene_span			1	0	0	1
D0_001190	chr2	197448590	197453112	-	80	70	unresolved			1	1	0	2
D0_001191	chr4	118554854	118556002	+	80	71	unresolved			1	1	0	2
D0_001192	chr4	139177341	139179508	+	80	66	primary_match	ENSG00000296549	ENSG00000288785,ENSG00000296549	1	1	0	2
D0_001193	chr5	42993287	42995016	+	80	64	other_v49_added_gene		ENSG00000300642	1	0	0	1
D0_001194	chr5	69594904	69597271	+	80	72	preexisting_v49_gene_span			1	0	0	1
D0_001195	chr5	71093996	71097038	-	80	69	unresolved			1	0	0	1
D0_001196	chr5	138460597	138464976	-	80	72	other_v49_added_gene		ENSG00000289267	1	1	0	2
D0_001197	chr6	26143370	26150062	+	80	49	other_v49_added_gene		ENSG00000291336	1	0	0	1
D0_001198	chr7	102679384	102680041	-	80	70	unresolved			1	0	0	1
D0_001199	chr9	108046766	108052102	+	80	65	other_v49_added_gene		ENSG00000303981	1	0	0	1
D0_001200	chr10	32005514	32008812	+	80	67	unresolved			1	1	0	2
D0_001201	chr10	87450195	87452388	+	80	76	other_v49_added_gene		ENSG00000305816	1	0	0	1
D0_001202	chr10	92682411	92689010	-	80	72	unresolved			1	1	0	2
D0_001203	chr11	62025914	62035857	+	80	69	other_v49_added_gene		ENSG00000294228	1	0	0	1
D0_001204	chr11	86715196	86715361	+	80	78	preexisting_v49_gene_span			1	0	0	1
D0_001205	chr13	74122563	74125097	+	80	73	unresolved			1	0	0	1
D0_001206	chr14	22526529	22534307	+	80	70	preexisting_v49_gene_span			1	1	0	2
D0_001207	chr16	21927300	21930837	+	80	74	unresolved			1	0	0	1
D0_001208	chr16	47706183	47711460	+	80	65	unresolved			1	0	0	1
D0_001209	chr19	14373446	14377299	+	80	62	other_v49_added_gene		ENSG00000301528	1	0	0	1
D0_001210	chr22	41085674	41092499	-	80	67	other_v49_added_gene		ENSG00000296654	1	1	0	2
D0_001211	chrY	1013280	1164042	+	80	77	other_v49_added_gene		ENSG00000310548	1	0	0	1
D0_001212	chrY	13241646	13248378	-	80	75	preexisting_v49_gene_span			1	1	0	2
D0_001213	chr5	35879795	35881579	+	79	70	unresolved			1	1	0	2
D0_001214	chr5	71216319	71216943	+	79	66	unresolved			1	0	0	1
D0_001215	chr5	91361928	91368579	+	79	59	unresolved			1	1	0	2
D0_001216	chr5	131405494	131409507	-	79	69	unresolved			1	1	0	2
D0_001217	chr7	44953265	44958564	-	79	64	unresolved			1	1	0	2
D0_001218	chr7	67268592	67277442	+	79	72	preexisting_v49_gene_span			1	0	0	1
D0_001219	chr9	107636920	107639064	-	79	66	unresolved			1	0	0	1
D0_001220	chr11	68005280	68007009	+	79	66	primary_match	ENSG00000309414	ENSG00000309414	1	1	0	2
D0_001221	chr16	29731817	29742369	-	79	68	other_v49_added_gene		ENSG00000306882	1	1	0	2
D0_001222	chr20	2457440	2461222	-	79	66	unresolved			1	1	0	2
D0_001223	chrX	23786242	23791901	+	79	60	unresolved			1	1	0	2
D0_001224	GL000221.1	3899	79947	-	79	69	unresolved			1	1	0	2
D0_001225	chr1	84241886	84244859	+	78	73	preexisting_v49_gene_span			1	1	0	2
D0_001226	chr1	121606178	122229812	+	78	71	unresolved			1	0	0	1
D0_001227	chr2	69451237	69457013	-	78	72	unresolved			1	0	0	1
D0_001228	chr2	96243974	96248170	-	78	68	unresolved			1	1	0	2
D0_001229	chr2	200846172	200852109	+	78	66	unresolved			1	0	0	1
D0_001230	chr3	57566870	57571279	-	78	71	unresolved			1	1	0	2
D0_001231	chr3	195507449	195511246	+	78	55	unresolved			1	0	0	1
D0_001232	chr5	172007026	172009940	+	78	68	other_v49_added_gene		ENSG00000288799	1	1	0	2
D0_001233	chr6	110905171	110912843	+	78	48	unresolved			1	0	0	1
D0_001234	chr7	5609892	5614468	-	78	62	unresolved			1	1	0	2
D0_001235	chr7	76647274	76648970	-	78	74	unresolved			1	1	0	2
D0_001236	chr8	12756098	12758223	+	78	66	other_v49_added_gene		ENSG00000304794	1	1	0	2
D0_001237	chr8	21818133	21901026	+	78	56	unresolved			1	1	0	2
D0_001238	chr9	96778345	96785921	-	78	63	unresolved			1	1	0	2
D0_001239	chr9	137126545	137129258	-	78	66	primary_match	ENSG00000299654	ENSG00000299654	1	1	0	2
D0_001240	chr10	46136527	46140657	+	78	70	unresolved			1	0	0	1
D0_001241	chr16	31195922	31201384	+	78	63	preexisting_v49_gene_span			1	1	0	2
D0_001242	chr1	40424054	40434469	+	77	63	unresolved			1	1	0	2
D0_001243	chr1	150353420	150360108	+	77	67	unresolved			1	1	0	2
D0_001244	chr1	160828269	160829683	+	77	66	preexisting_v49_gene_span			1	1	0	2
D0_001245	chr1	161132712	161135280	+	77	66	other_v49_added_gene		ENSG00000297567	1	1	0	2
D0_001246	chr1	178586365	178602326	-	77	56	unresolved			1	0	0	1
D0_001247	chr2	127699887	127700674	-	77	67	primary_match	ENSG00000302152	ENSG00000293688,ENSG00000302152	1	0	0	1
D0_001248	chr3	14649862	14651686	-	77	70	preexisting_v49_gene_span			1	0	0	1
D0_001249	chr3	153182037	153188847	+	77	60	other_v49_added_gene		ENSG00000289885	1	1	0	2
D0_001250	chr4	38588807	38588949	+	77	68	unresolved			1	0	0	1
D0_001251	chr5	131422703	131423661	-	77	71	unresolved			1	1	0	2
D0_001252	chr9	6279472	6281437	+	77	74	unresolved			1	1	0	2
D0_001253	chr9	33040003	33041756	-	77	70	unresolved			1	1	0	2
D0_001254	chr9	96879026	96882805	-	77	66	unresolved			1	1	0	2
D0_001255	chr11	1522262	1526897	-	77	70	unresolved			1	0	0	1
D0_001256	chr11	35232434	35235391	+	77	69	unresolved			1	1	0	2
D0_001257	chr16	28375488	28377286	-	77	72	unresolved			1	1	0	2
D0_001258	chr17	48000612	48001040	+	77	71	other_v49_added_gene		ENSG00000289599	1	0	0	1
D0_001259	chr19	1442116	1444345	+	77	62	unresolved			1	1	0	2
D0_001260	chr19	10599133	10602417	-	77	62	unresolved			1	0	0	1
D0_001261	chr19	54440187	54444603	-	77	70	preexisting_v49_gene_span			1	1	0	2
D0_001262	chr20	35768320	35771275	+	77	68	other_v49_added_gene		ENSG00000294048	1	0	0	1
D0_001263	chr21	8253663	8254589	-	77	76	unresolved			1	0	0	1
D0_001264	chrY	764261	948785	-	77	73	unresolved			1	0	0	1
D0_001265	chr1	24881580	24889634	-	76	46	unresolved			1	0	0	1
D0_001266	chr1	27657231	27660102	-	76	56	unresolved			1	0	0	1
D0_001267	chr1	28111420	28114936	+	76	61	unresolved			1	0	0	1
D0_001268	chr1	185374712	185377993	+	76	59	preexisting_v49_gene_span			1	1	0	2
D0_001269	chr2	55619292	55623046	+	76	67	preexisting_v49_gene_span			1	1	0	2
D0_001270	chr2	172608771	172619667	+	76	63	unresolved			1	1	0	2
D0_001271	chr2	185923553	185942198	-	76	50	unresolved			1	0	0	1
D0_001272	chr2	186509411	186517374	+	76	64	preexisting_v49_gene_span			1	1	0	2
D0_001273	chr4	141496925	141502243	+	76	65	unresolved			1	0	0	1
D0_001274	chr5	143263613	143271188	-	76	58	unresolved			1	1	0	2
D0_001275	chr6	32626178	32627958	-	76	55	unresolved			1	1	0	2
D0_001276	chr7	44769888	44775772	+	76	65	preexisting_v49_gene_span			1	1	0	2
D0_001277	chr9	80706722	80711000	+	76	45	unresolved			1	0	0	1
D0_001278	chr9	93113320	93119050	-	76	60	preexisting_v49_gene_span			1	1	0	2
D0_001279	chr11	128300524	128398387	-	76	61	other_v49_added_gene		ENSG00000289093,ENSG00000307544,ENSG00000307650,ENSG00000289936,ENSG00000301312,ENSG00000296974	1	1	0	2
D0_001280	chr12	12722391	12725411	-	76	64	preexisting_v49_gene_span			1	1	0	2
D0_001281	chr12	107272094	107273492	+	76	70	unresolved			1	1	0	2
D0_001282	chr13	19200278	19201623	-	76	74	other_v49_added_gene		ENSG00000298094	1	1	0	2
D0_001283	chr13	45285043	45299008	+	76	62	unresolved			1	1	0	2
D0_001284	chr14	52276741	52281039	+	76	53	unresolved			1	1	0	2
D0_001285	chr15	88664465	88674381	+	76	55	unresolved			1	1	0	2
D0_001286	chr16	28329896	28339006	+	76	70	unresolved			1	1	0	2
D0_001287	chr18	59895931	59899796	-	76	65	other_v49_added_gene		ENSG00000310295	1	1	0	2
D0_001288	chr19	17219898	17225496	+	76	57	preexisting_v49_gene_span			1	1	0	2
D0_001289	chrX	49107042	49107504	+	76	69	unresolved			1	0	0	1
D0_001290	chrX	118698762	118705313	+	76	61	unresolved			1	1	0	2
D0_001291	chr1	16239739	16242353	-	75	70	other_v49_added_gene		ENSG00000293791	1	1	0	2
D0_001292	chr2	201111002	201116150	-	75	63	other_v49_added_gene		ENSG00000308192	1	1	0	2
D0_001293	chr5	70083024	70088904	+	75	61	unresolved			1	0	0	1
D0_001294	chr6	28898108	28901645	-	75	46	unresolved			1	1	0	2
D0_001295	chr6	33016726	33018962	-	75	57	unresolved			1	0	0	1
D0_001296	chr7	76627983	76629354	+	75	69	other_v49_added_gene		ENSG00000290873	1	1	0	2
D0_001297	chr9	66263779	66269172	-	75	62	other_v49_added_gene		ENSG00000294550	1	0	0	1
D0_001298	chr10	133447253	133450828	+	75	56	unresolved			1	1	0	2
D0_001299	chr11	73970380	73974671	-	75	71	preexisting_v49_gene_span			1	1	0	2
D0_001300	chr14	49636059	49639303	-	75	66	unresolved			1	0	0	1
D0_001301	chr17	48065584	48069565	+	75	68	unresolved			1	1	0	2
D0_001302	chr17	48127820	48133204	+	75	64	unresolved			1	1	0	2
D0_001303	chr17	64472205	64477547	-	75	61	unresolved			1	1	0	2
D0_001304	chr17	74169869	74170325	-	75	56	other_v49_added_gene		ENSG00000295064	1	0	0	1
D0_001305	chr18	79388917	79391734	+	75	64	unresolved			1	1	0	2
D0_001306	chr22	17775027	17777319	-	75	49	unresolved			1	0	0	1
D0_001307	chrX	153997476	154010351	-	75	59	unresolved			1	1	0	2
D0_001308	chr2	7730946	7734141	+	74	54	preexisting_v49_gene_span			1	1	0	2
D0_001309	chr2	23743441	23746661	-	74	70	unresolved			1	1	0	2
D0_001310	chr4	46590638	46724608	-	74	66	preexisting_v49_gene_span			1	1	0	2
D0_001311	chr4	82815120	82818451	-	74	64	preexisting_v49_gene_span			1	1	0	2
D0_001312	chr10	9017228	9019309	-	74	32	other_v49_added_gene		ENSG00000303941	1	0	0	1
D0_001313	chr10	12343334	12349427	-	74	59	other_v49_added_gene		ENSG00000304640	1	1	0	2
D0_001314	chr10	123984488	123991041	-	74	55	other_v49_added_gene		ENSG00000307961	1	1	0	2
D0_001315	chr11	60165941	60170570	-	74	55	preexisting_v49_gene_span			1	1	0	2
D0_001316	chr12	31811713	31825550	-	74	49	unresolved			1	1	0	2
D0_001317	chr12	115950791	115952277	-	74	60	unresolved			1	0	0	1
D0_001318	chr12	121642798	121648525	-	74	64	unresolved			1	0	0	1
D0_001319	chr14	39183362	39188379	+	74	64	unresolved			1	1	0	2
D0_001320	chr16	30254806	30256630	+	74	66	other_v49_added_gene		ENSG00000302389	1	0	0	1
D0_001321	chr19	18289080	18294651	-	74	58	other_v49_added_gene		ENSG00000293983,ENSG00000294019	1	1	0	2
D0_001322	chr20	34124120	34130123	+	74	62	unresolved			1	0	0	1
D0_001323	chr20	37960061	37968584	-	74	45	unresolved			1	1	0	2
D0_001324	chr20	49104693	49112626	+	74	56	unresolved			1	1	0	2
D0_001325	chr21	32515402	32519034	-	74	64	preexisting_v49_gene_span			1	0	0	1
D0_001326	chr21	32557659	32561591	-	74	63	preexisting_v49_gene_span			1	1	0	2
D0_001327	chr22	22274828	22283769	-	74	66	unresolved			1	1	0	2
D0_001328	chrX	65129208	65135576	+	74	63	preexisting_v49_gene_span			1	0	0	1
D0_001329	chr1	989512	993045	-	73	33	unresolved			1	1	0	2
D0_001330	chr2	55514970	55519502	-	73	59	other_v49_added_gene		ENSG00000308549	1	0	0	1
D0_001331	chr2	202322798	202329100	+	73	55	unresolved			1	1	0	2
D0_001332	chr3	23748960	23749661	+	73	53	unresolved			1	0	0	1
D0_001333	chr3	128817980	128825915	+	73	62	preexisting_v49_gene_span			1	1	0	2
D0_001334	chr4	77819642	77824081	+	73	64	other_v49_added_gene		ENSG00000289379	1	1	0	2
D0_001335	chr5	80405553	80407838	-	73	59	other_v49_added_gene		ENSG00000289317	1	1	0	2
D0_001336	chr6	24720156	24720811	+	73	52	primary_match	ENSG00000288851	ENSG00000288851	1	1	0	2
D0_001337	chr7	44886420	44887802	+	73	66	other_v49_added_gene		ENSG00000307228	1	1	0	2
D0_001338	chr7	101639044	101790374	+	73	59	other_v49_added_gene		ENSG00000310396	1	1	0	2
D0_001339	chr8	42140642	42143956	+	73	58	primary_match	ENSG00000289603	ENSG00000289603	1	1	0	2
D0_001340	chr8	56049676	56049899	-	73	69	unresolved			1	1	0	2
D0_001341	chr8	143549946	143552469	-	73	65	preexisting_v49_gene_span			1	1	0	2
D0_001342	chr9	80303145	80305117	+	73	50	unresolved			1	1	0	2
D0_001343	chr9	96790386	96796042	-	73	57	unresolved			1	0	0	1
D0_001344	chr9	96812128	96815756	-	73	62	preexisting_v49_gene_span			1	1	0	2
D0_001345	chr9	136929377	136931329	-	73	59	unresolved			1	1	0	2
D0_001346	chr10	43433818	43436737	-	73	58	unresolved			1	1	0	2
D0_001347	chr10	68474562	68477689	-	73	53	preexisting_v49_gene_span			1	1	0	2
D0_001348	chr10	101755858	101756355	-	73	68	other_v49_added_gene		ENSG00000302227	1	0	0	1
D0_001349	chr12	32010141	32016953	+	73	65	unresolved			1	0	0	1
D0_001350	chr13	89093633	89093785	+	73	70	unresolved			1	1	0	2
D0_001351	chr14	77094296	77097886	-	73	62	other_v49_added_gene		ENSG00000303418	1	1	0	2
D0_001352	chr17	388537	402532	-	73	61	unresolved			1	1	0	2
D0_001353	chr17	7157228	7168865	-	73	53	unresolved			1	1	0	2
D0_001354	chr22	26839828	26842174	-	73	62	unresolved			1	0	0	1
D0_001355	GL000009.2	54384	124804	-	73	69	unresolved			1	1	0	2
D0_001356	KI270442.1	384950	386428	+	73	63	unresolved			1	1	0	2
D0_001357	chr1	15811425	15827263	-	72	63	preexisting_v49_gene_span			1	1	0	2
D0_001358	chr1	159055850	159060279	+	72	63	unresolved			1	1	0	2
D0_001359	chr1	178652379	178669240	+	72	47	unresolved			1	1	0	2
D0_001360	chr2	23730225	23730684	+	72	67	unresolved			1	0	0	1
D0_001361	chr2	136329278	136329391	-	72	70	unresolved			1	1	0	2
D0_001362	chr2	193310304	193593186	+	72	27	other_v49_added_gene		ENSG00000305948	1	1	0	2
D0_001363	chr3	141874830	141875873	-	72	56	unresolved			1	1	0	2
D0_001364	chr4	113440142	113444976	-	72	59	preexisting_v49_gene_span			1	1	0	2
D0_001365	chr9	40106835	40112508	+	72	60	other_v49_added_gene		ENSG00000296560	1	1	0	2
D0_001366	chr9	129773830	129774469	+	72	53	unresolved			1	0	0	1
D0_001367	chr10	73415591	73422159	-	72	56	unresolved			1	1	0	2
D0_001368	chr10	87489690	87500217	+	72	65	other_v49_added_gene		ENSG00000305816	1	1	0	2
D0_001369	chr13	40923233	40931921	-	72	58	preexisting_v49_gene_span			1	1	0	2
D0_001370	chr14	73127221	73133119	+	72	55	unresolved			1	1	0	2
D0_001371	chr14	102077768	102080590	-	72	61	unresolved			1	1	0	2
D0_001372	chr15	74778468	74781928	-	72	61	unresolved			1	1	0	2
D0_001373	chr16	28837295	28842367	+	72	60	unresolved			1	1	0	2
D0_001374	chr19	1937885	1940877	-	72	63	other_v49_added_gene		ENSG00000303713,ENSG00000303728	1	1	0	2
D0_001375	chr19	2497865	2511029	-	72	47	preexisting_v49_gene_span			1	0	0	1
D0_001376	chr19	29603079	29606039	-	72	65	other_v49_added_gene		ENSG00000308527	1	1	0	2
D0_001377	chrX	30594556	30613832	-	72	57	other_v49_added_gene		ENSG00000294030,ENSG00000294050	1	0	0	1
D0_001378	chrX	89382026	89416114	+	72	61	unresolved			1	0	0	1
D0_001379	chr1	12209341	12214242	+	71	59	unresolved			1	1	0	2
D0_001380	chr1	77772952	77773173	-	71	64	unresolved			1	1	0	2
D0_001381	chr1	88997851	89004641	-	71	61	unresolved			1	0	0	1
D0_001382	chr1	149841440	149842180	-	71	67	unresolved			1	1	0	2
D0_001383	chr1	236641480	236642433	+	71	66	unresolved			1	0	0	1
D0_001384	chr2	31830922	31842995	-	71	65	unresolved			1	1	0	2
D0_001385	chr3	94505528	94506651	-	71	67	unresolved			1	1	0	2
D0_001386	chr3	138639022	138643617	-	71	59	unresolved			1	0	0	1
D0_001387	chr4	73921919	73922093	-	71	69	unresolved			1	0	0	1
D0_001388	chr5	77991591	77992879	-	71	62	preexisting_v49_gene_span			1	1	0	2
D0_001389	chr5	97080616	97081321	-	71	53	unresolved			1	0	0	1
D0_001390	chr5	140630180	140631702	-	71	56	unresolved			1	1	0	2
D0_001391	chr5	159261751	159262703	-	71	57	primary_match	ENSG00000288764	ENSG00000288764	1	1	0	2
D0_001392	chr7	38336716	38340052	+	71	48	preexisting_v49_gene_span			1	0	0	1
D0_001393	chr7	73285649	73286596	-	71	68	unresolved			1	0	0	1
D0_001394	chr7	142802761	142805659	+	71	59	unresolved			1	1	0	2
D0_001395	chr8	74029426	74034291	+	71	59	unresolved			1	1	0	2
D0_001396	chr8	97149769	97153022	+	71	58	preexisting_v49_gene_span			1	1	0	2
D0_001397	chr9	129884945	129886585	+	71	62	unresolved			1	0	0	1
D0_001398	chr10	69121751	69123488	-	71	60	other_v49_added_gene		ENSG00000297237	1	1	0	2
D0_001399	chr10	74721993	74729960	+	71	54	unresolved			1	1	0	2
D0_001400	chr10	87467182	87469813	+	71	66	other_v49_added_gene		ENSG00000305816	1	0	0	1
D0_001401	chr12	9745815	9752435	-	71	46	unresolved			1	1	0	2
D0_001402	chr12	11199870	11202444	+	71	59	unresolved			1	0	0	1
D0_001403	chr12	120282778	120283241	+	71	69	unresolved			1	1	0	2
D0_001404	chr17	40543743	40546302	+	71	57	unresolved			1	0	0	1
D0_001405	chr17	68232835	68238523	-	71	62	preexisting_v49_gene_span			1	0	0	1
D0_001406	chr19	1021636	1023616	+	71	53	other_v49_added_gene		ENSG00000301067	1	1	0	2
D0_001407	chr19	18303692	18305953	+	71	52	other_v49_added_gene		ENSG00000293959,ENSG00000293999	1	0	0	1
D0_001408	chr19	19665061	19668656	-	71	50	unresolved			1	1	0	2
D0_001409	chr19	40416623	40418991	-	71	49	unresolved			1	0	0	1
D0_001410	chr20	4320108	4320485	-	71	31	unresolved			1	0	0	1
D0_001411	chrX	65114956	65119689	-	71	67	unresolved			1	0	0	1
D0_001412	chrX	81324948	81334263	+	71	60	unresolved			1	1	0	2
D0_001413	chr1	28246908	28249095	+	70	61	preexisting_v49_gene_span			1	1	0	2
D0_001414	chr3	148984174	148985535	-	70	65	unresolved			1	1	0	2
D0_001415	chr4	14249664	14344143	+	70	39	preexisting_v49_gene_span			1	1	0	2
D0_001416	chr4	83285042	83286403	+	70	60	unresolved			1	0	0	1
D0_001417	chr6	26184682	26192939	-	70	45	preexisting_v49_gene_span			1	1	0	2
D0_001418	chr6	109383760	109384258	+	70	57	unresolved			1	0	0	1
D0_001419	chr6	127693500	127697704	-	70	62	unresolved			1	1	0	2
D0_001420	chr9	129882305	129884673	-	70	58	other_v49_added_gene		ENSG00000288956	1	1	0	2
D0_001421	chr10	6629179	6636699	+	70	57	preexisting_v49_gene_span			1	1	0	2
D0_001422	chr10	48036165	48040413	-	70	67	primary_match	ENSG00000289444	ENSG00000289143,ENSG00000289444	1	1	0	2
D0_001423	chr14	91226122	91228313	+	70	60	preexisting_v49_gene_span			1	1	0	2
D0_001424	chr16	9128986	9138015	+	70	61	unresolved			1	1	0	2
D0_001425	chr17	1628913	1633571	+	70	56	unresolved			1	1	0	2
D0_001426	chr17	27213002	27213234	+	70	68	unresolved			1	0	0	1
D0_001427	chr17	37893193	37893387	+	70	67	unresolved			0	0	0	0
D0_001428	chr19	2478263	2483408	+	70	50	preexisting_v49_gene_span			1	1	0	2
D0_001429	KI270711.1	30589	33958	-	70	64	unresolved			1	0	0	1
D0_001430	chr1	224175126	224175399	-	69	66	unresolved			1	0	0	1
D0_001431	chr3	40971944	40972915	+	69	58	primary_match	ENSG00000294831	ENSG00000294831	1	0	0	1
D0_001432	chr3	101568194	101572562	+	69	63	unresolved			1	1	0	2
D0_001433	chr3	121886892	121890457	+	69	53	unresolved			1	0	0	1
D0_001434	chr4	25279806	25285979	+	69	58	preexisting_v49_gene_span			1	1	0	2
D0_001435	chr4	141598433	141604900	+	69	52	unresolved			1	0	0	1
D0_001436	chr5	71218934	71220326	-	69	65	other_v49_added_gene		ENSG00000296329	1	0	0	1
D0_001437	chr6	11533705	11537650	-	69	53	other_v49_added_gene		ENSG00000308128	1	1	0	2
D0_001438	chr6	28924158	28926858	+	69	59	preexisting_v49_gene_span			1	0	0	1
D0_001439	chr6	144200224	144200430	-	69	65	other_v49_added_gene		ENSG00000302628	1	1	0	2
D0_001440	chr7	158830276	158831576	+	69	63	unresolved			1	0	0	1
D0_001441	chr8	8933025	8938255	+	69	60	other_v49_added_gene		ENSG00000293372	1	1	0	2
D0_001442	chr9	34347929	34362366	+	69	48	unresolved			1	1	0	2
D0_001443	chr9	41372061	41373647	-	69	65	unresolved			1	0	0	1
D0_001444	chr9	63699832	63701919	-	69	62	unresolved			1	0	0	1
D0_001445	chr9	131568947	131574473	+	69	59	unresolved			1	0	0	1
D0_001446	chr10	131985138	131992582	+	69	47	unresolved			1	1	0	2
D0_001447	chr11	34103333	34103760	+	69	57	unresolved			1	1	0	2
D0_001448	chr11	117972829	117978010	-	69	56	unresolved			1	1	0	2
D0_001449	chr12	106347046	106350452	+	69	62	other_v49_added_gene		ENSG00000290003	1	1	0	2
D0_001450	chr12	111911886	111921331	-	69	58	unresolved			1	1	0	2
D0_001451	chr14	52300061	52309340	-	69	56	primary_match	ENSG00000289424	ENSG00000289424	1	1	0	2
D0_001452	chr14	103345144	103348286	-	69	61	unresolved			1	1	0	2
D0_001453	chr17	8874763	8878358	-	69	55	unresolved			1	1	0	2
D0_001454	chr17	28751006	28755062	+	69	56	unresolved			1	0	0	1
D0_001455	chr18	53916604	54079666	-	69	40	unresolved			1	1	0	2
D0_001456	chr19	1874083	1874750	+	69	64	unresolved			1	0	0	1
D0_001457	chr19	10384718	10390652	+	69	48	unresolved			1	0	0	1
D0_001458	chr19	19683768	19687292	-	69	58	unresolved			1	0	0	1
D0_001459	chrY	1458806	1462003	-	69	59	unresolved			1	0	0	1
D0_001460	chr1	30726842	30728198	-	68	57	unresolved			1	1	0	2
D0_001461	chr1	194284387	194289699	-	68	46	other_v49_added_gene		ENSG00000303114	1	1	0	2
D0_001462	chr2	108717722	108719375	-	68	57	unresolved			1	0	0	1
D0_001463	chr2	142870576	142874949	-	68	50	other_v49_added_gene		ENSG00000303809	1	1	0	2
D0_001464	chr2	229279511	229283105	-	68	48	unresolved			1	1	0	2
D0_001465	chr3	158829756	158837567	+	68	63	unresolved			1	1	0	2
D0_001466	chr4	141471103	141475726	+	68	51	unresolved			1	0	0	1
D0_001467	chr5	139630697	139633261	-	68	62	preexisting_v49_gene_span			1	0	0	1
D0_001468	chr7	100445913	100448752	+	68	40	unresolved			1	1	0	2
D0_001469	chr9	14602948	14610941	-	68	59	preexisting_v49_gene_span			1	1	0	2
D0_001470	chr10	128334935	128430545	-	68	65	unresolved			1	1	0	2
D0_001471	chr10	133353067	133355151	-	68	60	preexisting_v49_gene_span			1	1	0	2
D0_001472	chr14	91510612	91513042	+	68	57	other_v49_added_gene		ENSG00000300806	1	1	0	2
D0_001473	chr15	22283148	22287046	+	68	47	other_v49_added_gene		ENSG00000308356	1	0	0	1
D0_001474	chr16	28634190	28636489	+	68	63	unresolved			1	0	0	1
D0_001475	chr17	74557049	74560696	-	68	45	unresolved			1	1	0	2
D0_001476	chr21	33359949	33367736	+	68	59	unresolved			1	1	0	2
D0_001477	chr22	21630068	21630927	+	68	57	unresolved			1	1	0	2
D0_001478	chr22	37667282	37672289	-	68	57	preexisting_v49_gene_span			1	0	0	1
D0_001479	chrX	107708390	107713183	-	68	60	other_v49_added_gene		ENSG00000295165	1	0	0	1
D0_001480	GL000205.2	58139	64472	-	68	51	unresolved			1	1	1	3
D0_001481	chr1	25234873	25239221	-	67	55	unresolved			1	1	0	2
D0_001482	chr1	157709859	157711492	+	67	64	unresolved			1	1	0	2
D0_001483	chr1	193279699	193280814	-	67	59	unresolved			1	0	0	1
D0_001484	chr1	200874307	200874823	+	67	42	unresolved			1	1	0	2
D0_001485	chr2	85310558	85314197	+	67	64	unresolved			1	0	0	1
D0_001486	chr3	9483623	9492080	+	67	53	unresolved			1	1	0	2
D0_001487	chr3	15532379	15549050	-	67	44	unresolved			1	1	0	2
D0_001488	chr3	47486668	47491789	-	67	56	unresolved			1	1	1	3
D0_001489	chr3	141615520	141616067	-	67	53	unresolved			1	1	0	2
D0_001490	chr5	32322620	32353639	-	67	51	unresolved			1	1	0	2
D0_001491	chr5	42997802	43001054	+	67	58	preexisting_v49_gene_span			1	1	0	2
D0_001492	chr6	41266579	41267870	-	67	56	other_v49_added_gene		ENSG00000290563	1	1	0	2
D0_001493	chr7	44914729	44918625	+	67	53	unresolved			1	1	0	2
D0_001494	chr7	72479611	72548257	-	67	46	unresolved			1	1	0	2
D0_001495	chr9	130704896	130712373	+	67	60	preexisting_v49_gene_span			1	1	0	2
D0_001496	chr11	1533072	1536942	-	67	58	unresolved			1	0	0	1
D0_001497	chr16	21386672	21387912	+	67	56	other_v49_added_gene		ENSG00000290192	1	0	0	1
D0_001498	chr16	28627278	28632694	+	67	64	unresolved			1	0	0	1
D0_001499	chr17	42283314	42286057	-	67	55	preexisting_v49_gene_span			1	0	0	1
D0_001500	chr17	64975767	64990112	-	67	60	other_v49_added_gene		ENSG00000294601	1	1	0	2
D0_001501	chr18	35239620	35240919	-	67	59	unresolved			1	0	0	1
D0_001502	chr19	47382708	47384078	+	67	56	preexisting_v49_gene_span			1	1	0	2
D0_001503	chr20	1882879	1885366	-	67	40	preexisting_v49_gene_span			1	1	0	2
D0_001504	chrY	1668676	1689639	-	67	57	unresolved			1	0	0	1
D0_001505	KI270728.1	181298	1717827	+	67	65	unresolved			1	1	0	2
D0_001506	chr1	39006102	39009834	+	66	53	unresolved			1	1	0	2
D0_001507	chr1	89955507	89967218	+	66	44	other_v49_added_gene		ENSG00000303043	1	1	0	2
D0_001508	chr1	193265215	193267160	-	66	64	unresolved			1	0	0	1
D0_001509	chr1	228137354	228139912	-	66	51	unresolved			1	1	0	2
D0_001510	chr2	196822464	196823336	+	66	64	unresolved			1	1	0	2
D0_001511	chr2	231601203	231604561	-	66	58	preexisting_v49_gene_span			1	1	0	2
D0_001512	chr3	138636621	138641210	+	66	49	unresolved			1	0	0	1
D0_001513	chr4	102790010	102793654	-	66	59	preexisting_v49_gene_span			1	1	0	2
D0_001514	chr4	141589008	141597398	+	66	51	unresolved			1	0	0	1
D0_001515	chr5	75602083	75608651	+	66	58	preexisting_v49_gene_span			1	1	0	2
D0_001516	chr6	89093955	89095481	-	66	45	preexisting_v49_gene_span			1	0	0	1
D0_001517	chr7	36848174	36853836	-	66	56	preexisting_v49_gene_span			1	1	0	2
D0_001518	chr7	65770895	65771931	+	66	64	other_v49_added_gene		ENSG00000301562	1	1	0	2
D0_001519	chr7	75090852	75092554	-	66	61	unresolved			1	0	0	1
D0_001520	chr9	80750049	80760917	+	66	44	other_v49_added_gene		ENSG00000302378	1	1	0	2
D0_001521	chr10	96587452	96590453	+	66	59	unresolved			1	1	0	2
D0_001522	chr11	126289	127202	-	66	63	preexisting_v49_gene_span			1	0	0	1
D0_001523	chr11	65517621	65523364	-	66	47	unresolved			1	0	0	1
D0_001524	chr12	9120314	9121834	-	66	57	unresolved			1	0	0	1
D0_001525	chr12	46354570	46358000	-	66	57	unresolved			1	0	0	1
D0_001526	chr12	64697577	64703610	+	66	56	unresolved			1	1	0	2
D0_001527	chr14	20782539	20783796	+	66	56	unresolved			1	1	0	2
D0_001528	chr17	18811002	18813655	+	66	61	unresolved			1	1	0	2
D0_001529	chr17	67817001	67825486	-	66	54	other_v49_added_gene		ENSG00000306726	1	1	0	2
D0_001530	chr19	5154352	5158369	+	66	60	unresolved			1	0	0	1
D0_001531	chr19	13175743	13202899	+	66	46	other_v49_added_gene		ENSG00000300728	1	1	0	2
D0_001532	chr20	30405972	30408211	+	66	61	preexisting_v49_gene_span			1	1	0	2
D0_001533	chr20	31656305	31661268	-	66	56	unresolved			1	1	0	2
D0_001534	chrY	24362021	24362736	-	66	58	preexisting_v49_gene_span			1	0	0	1
D0_001535	chr1	58629912	58630265	-	65	61	unresolved			1	1	0	2
D0_001536	chr1	159058324	159062380	-	65	51	preexisting_v49_gene_span			1	1	0	2
D0_001537	chr2	95023659	95025172	-	65	54	preexisting_v49_gene_span			1	1	0	2
D0_001538	chr3	47349753	47350415	-	65	56	unresolved			1	0	0	1
D0_001539	chr3	141483745	141485375	+	65	25	unresolved			1	0	0	1
D0_001540	chr4	73070036	73072150	+	65	53	primary_match	ENSG00000299967	ENSG00000299967	1	1	0	2
D0_001541	chr5	50444329	50444919	-	65	63	unresolved			1	0	0	1
D0_001542	chr5	70798054	70801168	+	65	62	other_v49_added_gene		ENSG00000297805	1	0	0	1
D0_001543	chr7	66506545	66510999	-	65	55	unresolved			1	1	0	2
D0_001544	chr7	72457056	72556067	+	65	59	unresolved			1	0	0	1
D0_001545	chr7	106345060	106348779	+	65	51	unresolved			1	0	0	1
D0_001546	chr7	142781718	142787305	-	65	46	unresolved			1	1	1	3
D0_001547	chr9	120895355	120898928	-	65	57	unresolved			1	1	0	2
D0_001548	chr10	119081037	119085196	+	65	56	other_v49_added_gene		ENSG00000289126	1	1	0	2
D0_001549	chr11	1530248	1531762	-	65	57	unresolved			1	0	0	1
D0_001550	chr11	61028160	61031699	-	65	51	other_v49_added_gene		ENSG00000303405	1	1	0	2
D0_001551	chr12	53260637	53268135	-	65	61	unresolved			1	1	0	2
D0_001552	chr12	55409698	55411223	-	65	59	unresolved			1	1	0	2
D0_001553	chr14	102587663	102592144	-	65	57	unresolved			1	1	0	2
D0_001554	chr15	62954347	62954527	+	65	60	unresolved			1	1	0	2
D0_001555	chr16	71817088	71830345	+	65	50	preexisting_v49_gene_span			1	1	0	2
D0_001556	chr19	13166109	13169990	-	65	49	other_v49_added_gene		ENSG00000300773	1	0	0	1
D0_001557	chr19	19683903	19688038	+	65	56	unresolved			1	0	0	1
D0_001558	chr19	35169927	35188187	+	65	56	preexisting_v49_gene_span			1	1	0	2
D0_001559	chr20	3187831	3190054	-	65	60	preexisting_v49_gene_span			1	1	0	2
D0_001560	chr20	5535901	5539402	-	65	49	unresolved			1	0	0	1
D0_001561	chrY	1232951	1262331	+	65	44	other_v49_added_gene		ENSG00000310544	1	0	0	1
D0_001562	chrY	1332479	1336498	-	65	50	unresolved			1	0	0	1
D0_001563	chr1	93139217	93143711	+	64	58	unresolved			1	1	0	2
D0_001564	chr1	155566788	155586122	+	64	55	preexisting_v49_gene_span			1	1	0	2
D0_001565	chr1	160600853	160605439	-	64	53	unresolved			1	0	0	1
D0_001566	chr2	219370669	219373489	-	64	57	preexisting_v49_gene_span			1	1	0	2
D0_001567	chr5	70514394	70515930	+	64	62	other_v49_added_gene		ENSG00000291221	1	0	0	1
D0_001568	chr5	88184512	88189573	-	64	56	preexisting_v49_gene_span			1	1	0	2
D0_001569	chr5	97082260	97088103	+	64	46	other_v49_added_gene		ENSG00000302623	1	1	1	3
D0_001570	chr5	115413522	115413608	+	64	63	unresolved			1	0	0	1
D0_001571	chr5	143274703	143275849	+	64	57	other_v49_added_gene		ENSG00000300303	1	0	0	1
D0_001572	chr6	32809067	32812361	-	64	52	unresolved			1	1	0	2
D0_001573	chr6	139134427	139135053	-	64	55	unresolved			1	1	0	2
D0_001574	chr7	5514230	5524996	+	64	55	unresolved			1	1	0	2
D0_001575	chr7	56093246	56101327	+	64	56	other_v49_added_gene		ENSG00000308826	1	1	0	2
D0_001576	chr8	10445089	10450709	+	64	53	unresolved			1	1	0	2
D0_001577	chr10	97351892	97355892	-	64	48	unresolved			1	0	0	1
D0_001578	chr10	111017531	111026340	+	64	53	other_v49_added_gene		ENSG00000300824	1	1	0	2
D0_001579	chr11	4093373	4094666	-	64	49	unresolved			1	1	0	2
D0_001580	chr11	47453415	47455925	-	64	51	unresolved			1	1	0	2
D0_001581	chr12	11301456	11306838	+	64	52	unresolved			1	1	0	2
D0_001582	chr12	132485932	132489456	-	64	53	unresolved			1	0	0	1
D0_001583	chr13	28656799	28659090	-	64	56	other_v49_added_gene		ENSG00000289569	1	1	0	2
D0_001584	chr14	35391616	35397298	+	64	43	unresolved			1	0	0	1
D0_001585	chr17	19091825	19092149	+	64	56	preexisting_v49_gene_span			1	0	0	1
D0_001586	chr17	19898691	19904277	-	64	57	unresolved			1	1	0	2
D0_001587	chr17	47104543	47116270	-	64	45	unresolved			1	1	0	2
D0_001588	chr18	51085769	51089712	+	64	49	unresolved			1	1	0	2
D0_001589	chr19	49493449	49496195	-	64	57	unresolved			1	1	0	2
D0_001590	chrX	65188397	65210875	-	64	56	unresolved			1	0	0	1
D0_001591	chrX	79309816	79315062	+	64	48	unresolved			1	0	0	1
D0_001592	chrX	118450574	118475676	+	64	51	unresolved			1	1	0	2
D0_001593	chr1	25235130	25239339	+	63	54	preexisting_v49_gene_span			1	1	0	2
D0_001594	chr1	25872563	25875364	-	63	55	preexisting_v49_gene_span			1	1	0	2
D0_001595	chr2	53102440	53327171	+	63	39	unresolved			1	1	0	2
D0_001596	chr2	229756454	229763035	-	63	51	unresolved			1	1	0	2
D0_001597	chr3	129163942	129165121	+	63	56	unresolved			1	0	0	1
D0_001598	chr3	146508126	146513812	-	63	50	preexisting_v49_gene_span			1	1	0	2
D0_001599	chr5	138938675	138943886	-	63	54	unresolved			1	1	0	2
D0_001600	chr5	149488523	149490738	-	63	55	unresolved			1	1	0	2
D0_001601	chr6	26240749	26244411	+	63	50	other_v49_added_gene		ENSG00000291336,ENSG00000291338	1	1	0	2
D0_001602	chr6	87702293	87705696	+	63	47	unresolved			1	1	0	2
D0_001603	chr7	67808822	67968067	+	63	61	other_v49_added_gene		ENSG00000295002	1	1	0	2
D0_001604	chr7	152676260	152677636	+	63	58	unresolved			1	1	0	2
D0_001605	chr9	100986735	100986924	+	63	61	unresolved			1	0	0	1
D0_001606	chr10	102097416	102102568	-	63	52	unresolved			1	1	0	2
D0_001607	chr10	102670653	102673724	+	63	52	unresolved			1	0	0	1
D0_001608	chr11	58770648	58787676	+	63	37	other_v49_added_gene		ENSG00000289621	1	1	1	3
D0_001609	chr12	7978932	7987565	+	63	56	preexisting_v49_gene_span			1	0	0	1
D0_001610	chr14	52328601	52329930	+	63	54	preexisting_v49_gene_span			1	1	0	2
D0_001611	chr15	58587086	58587456	-	63	59	unresolved			1	1	0	2
D0_001612	chr17	42283318	42286157	+	63	57	unresolved			1	0	0	1
D0_001613	chr17	48123619	48126878	-	63	51	unresolved			1	0	0	1
D0_001614	chr19	12919710	12922442	-	63	56	preexisting_v49_gene_span			1	1	0	2
D0_001615	chr19	14370205	14372374	+	63	49	unresolved			1	0	0	1
D0_001616	chr20	57487922	57488360	-	63	61	preexisting_v49_gene_span			1	1	0	2
D0_001617	chr20	63637627	63639691	-	63	51	unresolved			1	1	0	2
D0_001618	chr22	36481714	36483678	-	63	60	preexisting_v49_gene_span			1	1	0	2
D0_001619	chr22	42375299	42378250	+	63	54	unresolved			1	0	0	1
D0_001620	chr1	85264608	85265040	+	62	51	unresolved			1	0	0	1
D0_001621	chr1	92961548	92964593	+	62	53	other_v49_added_gene		ENSG00000296298,ENSG00000289544	1	1	0	2
D0_001622	chr1	108689959	108691971	-	62	56	other_v49_added_gene		ENSG00000290126	1	1	0	2
D0_001623	chr2	65130409	65133510	+	62	59	other_v49_added_gene		ENSG00000300592	1	1	0	2
D0_001624	chr2	157363480	157368448	-	62	51	unresolved			1	1	0	2
D0_001625	chr2	197355577	197379684	-	62	56	unresolved			1	1	0	2
D0_001626	chr3	185052811	185060130	+	62	44	preexisting_v49_gene_span			1	1	0	2
D0_001627	chr4	83253248	83261351	-	62	53	unresolved			1	1	0	2
D0_001628	chr5	71130367	71133892	-	62	60	other_v49_added_gene		ENSG00000296329	1	0	0	1
D0_001629	chr5	91363546	91368561	-	62	49	unresolved			1	0	0	1
D0_001630	chr8	103391792	103398631	-	62	49	unresolved			1	1	0	2
D0_001631	chr10	65501447	65546056	+	62	59	unresolved			1	1	0	2
D0_001632	chr10	110514450	110521551	-	62	46	unresolved			1	0	0	1
D0_001633	chr11	299904	304919	+	62	50	preexisting_v49_gene_span			1	0	0	1
D0_001634	chr11	68945161	68976825	+	62	49	unresolved			1	1	0	2
D0_001635	chr12	52063399	52065104	+	62	39	unresolved			1	0	0	1
D0_001636	chr14	49635239	49641259	+	62	53	unresolved			1	1	0	2
D0_001637	chr15	67195632	67196327	+	62	53	unresolved			1	0	0	1
D0_001638	chr16	2532082	2537843	+	62	56	unresolved			1	1	0	2
D0_001639	chr16	55793961	55794158	+	62	52	other_v49_added_gene		ENSG00000291109	1	1	0	2
D0_001640	chr19	5670229	5672761	-	62	53	unresolved			1	0	1	2
D0_001641	chr19	47273719	47274874	+	62	55	preexisting_v49_gene_span			1	1	0	2
D0_001642	chr20	49915742	49918021	+	62	41	unresolved			1	1	0	2
D0_001643	chrX	130062603	130064757	-	62	58	preexisting_v49_gene_span			1	1	0	2
D0_001644	chr1	1693103	1694908	+	61	52	other_v49_added_gene		ENSG00000310190	1	1	0	2
D0_001645	chr1	24673766	24687739	+	61	54	unresolved			1	1	0	2
D0_001646	chr1	117857989	117863312	-	61	55	unresolved			1	1	0	2
D0_001647	chr2	10562691	10564257	+	61	52	unresolved			1	0	0	1
D0_001648	chr2	191708568	191711576	+	61	52	preexisting_v49_gene_span			1	1	0	2
D0_001649	chr2	197435231	197442071	+	61	54	other_v49_added_gene		ENSG00000305025	1	1	0	2
D0_001650	chr3	49161083	49161677	-	61	57	preexisting_v49_gene_span			1	0	0	1
D0_001651	chr3	101594899	101598050	-	61	56	unresolved			1	1	0	2
D0_001652	chr4	145180842	145184596	+	61	48	unresolved			1	1	0	2
D0_001653	chr5	66083083	66085376	-	61	58	unresolved			1	0	0	1
D0_001654	chr6	166957358	166963407	-	61	51	preexisting_v49_gene_span			1	1	0	2
D0_001655	chr7	75264060	75268066	-	61	48	unresolved			1	1	0	2
D0_001656	chr7	76444148	76448075	-	61	56	unresolved			1	0	0	1
D0_001657	chr7	149538758	149545487	-	61	53	unresolved			1	1	0	2
D0_001658	chr8	143028491	143032566	+	61	47	other_v49_added_gene		ENSG00000305126	1	1	0	2
D0_001659	chr10	79649883	79652671	+	61	52	unresolved			1	0	0	1
D0_001660	chr10	91922104	91923654	-	61	50	unresolved			1	1	0	2
D0_001661	chr11	66247412	66251694	+	61	57	unresolved			1	1	0	2
D0_001662	chr11	73397772	73400181	+	61	49	unresolved			1	0	0	1
D0_001663	chr11	118336359	118338770	-	61	49	preexisting_v49_gene_span			1	1	0	2
D0_001664	chr12	8026831	8028139	+	61	51	primary_match	ENSG00000294692	ENSG00000294692	1	0	0	1
D0_001665	chr12	11345494	11348831	+	61	48	unresolved			1	0	0	1
D0_001666	chr12	53438022	53438840	+	61	57	unresolved			1	0	0	1
D0_001667	chr14	20461989	20463298	+	61	50	preexisting_v49_gene_span			1	1	0	2
D0_001668	chr14	74998944	75002471	-	61	48	unresolved			1	1	0	2
D0_001669	chr14	102066750	102069269	-	61	28	unresolved			1	1	0	2
D0_001670	chr16	29520231	29523564	+	61	60	other_v49_added_gene		ENSG00000309168	1	0	0	1
D0_001671	chr17	7834117	7838784	-	61	50	other_v49_added_gene		ENSG00000307066,ENSG00000288929	1	1	0	2
D0_001672	chr17	40172883	40176013	-	61	49	unresolved			1	0	0	1
D0_001673	chr17	75289610	75301199	-	61	53	preexisting_v49_gene_span			1	1	0	2
D0_001674	chr19	19689347	19694357	+	61	55	unresolved			1	1	0	2
D0_001675	chr20	3051785	3059192	-	61	47	unresolved			1	1	0	2
D0_001676	chr22	26842595	26845062	+	61	55	preexisting_v49_gene_span			1	0	0	1
D0_001677	chr22	28789917	28794213	-	61	50	unresolved			1	1	0	2
D0_001678	chrX	30552944	30555974	-	61	50	unresolved			1	1	0	2
D0_001679	chrX	48958673	48959136	-	61	47	unresolved			1	0	0	1
D0_001680	chrX	93287427	93287637	-	61	57	unresolved			1	1	0	2
D0_001681	chr1	13697827	13700005	-	60	50	unresolved			1	1	0	2
D0_001682	chr1	77559966	77561952	-	60	55	unresolved			1	1	0	2
D0_001683	chr1	108122226	108129802	-	60	45	unresolved			1	1	0	2
D0_001684	chr1	146253556	146254757	-	60	56	other_v49_added_gene		ENSG00000304723	1	0	0	1
D0_001685	chr1	156456796	156458104	+	60	51	unresolved			1	1	0	2
D0_001686	chr1	234597268	234600219	-	60	48	other_v49_added_gene		ENSG00000289057	1	1	0	2
D0_001687	chr2	85339038	85341267	-	60	58	unresolved			1	1	0	2
D0_001688	chr2	231717530	231717963	-	60	45	unresolved			1	0	0	1
D0_001689	chr3	108222946	108225659	+	60	49	other_v49_added_gene		ENSG00000307845	1	1	0	2
D0_001690	chr4	35548408	35548499	+	60	60	unresolved			1	0	0	1
D0_001691	chr4	64900643	64900745	+	60	56	unresolved			1	0	0	1
D0_001692	chr4	141366617	141371759	+	60	50	other_v49_added_gene		ENSG00000306779	1	0	0	1
D0_001693	chr5	139333571	139339226	+	60	54	unresolved			1	1	0	2
D0_001694	chr6	7052362	7057541	+	60	52	other_v49_added_gene		ENSG00000309350	1	1	0	2
D0_001695	chr6	26273412	26274819	+	60	33	other_v49_added_gene		ENSG00000291336,ENSG00000291338	1	1	0	2
D0_001696	chr6	31845096	31851326	-	60	37	unresolved			1	0	0	1
D0_001697	chr6	83967929	83975389	+	60	50	unresolved			1	1	0	2
D0_001698	chr7	6373341	6374457	-	60	25	unresolved			1	1	0	2
D0_001699	chr7	23498961	23503969	-	60	52	unresolved			1	1	0	2
D0_001700	chr7	66981534	66987268	+	60	52	unresolved			1	0	0	1
D0_001701	chr8	143906509	143910645	-	60	50	unresolved			1	1	0	2
D0_001702	chr8	144812605	144818633	+	60	46	unresolved			1	1	0	2
D0_001703	chr9	41355595	41358355	-	60	50	other_v49_added_gene		ENSG00000290848	1	1	0	2
D0_001704	chr9	62818011	62818477	-	60	51	unresolved			1	1	0	2
D0_001705	chr9	85542731	85546525	-	60	51	unresolved			1	1	0	2
D0_001706	chr11	64779405	64784758	+	60	49	unresolved			1	1	0	2
D0_001707	chr11	102345478	102347140	-	60	55	primary_match	ENSG00000288833	ENSG00000288833	1	1	0	2
D0_001708	chr12	9136091	9138366	+	60	57	other_v49_added_gene		ENSG00000309149	1	1	0	2
D0_001709	chr12	121672940	121674535	+	60	51	preexisting_v49_gene_span			1	0	0	1
D0_001710	chr13	30446623	30456309	-	60	50	unresolved			1	1	0	2
D0_001711	chr13	74087006	74092303	+	60	54	unresolved			1	0	0	1
D0_001712	chr14	91259148	91262382	+	60	55	unresolved			1	1	0	2
D0_001713	chr14	101949473	101952273	+	60	52	preexisting_v49_gene_span			1	1	0	2
D0_001714	chr14	102070461	102075771	-	60	44	unresolved			1	1	0	2
D0_001715	chr16	29596140	29599958	+	60	54	other_v49_added_gene		ENSG00000309183	1	1	0	2
D0_001716	chr16	35802157	35802595	-	60	58	unresolved			1	1	0	2
D0_001717	chr17	19062698	19063345	-	60	55	preexisting_v49_gene_span			1	0	0	1
D0_001718	chr17	82295888	82301715	+	60	55	unresolved			1	0	0	1
D0_001719	chr19	34233479	34237185	+	60	51	unresolved			1	0	0	1
D0_001720	chr19	34541737	34541888	-	60	57	unresolved			1	1	0	2
D0_001721	chr19	39430080	39432613	+	60	39	unresolved			1	0	0	1
D0_001722	chr22	35433200	35442332	+	60	49	unresolved			1	1	0	2
D0_001723	chrX	83707990	83722448	-	60	59	unresolved			1	1	0	2
D0_001724	chrX	129796993	129802948	+	60	54	unresolved			1	1	0	2
D0_001725	chrY	21250628	21263485	+	60	42	other_v49_added_gene		ENSG00000289707	1	1	1	3
D0_001726	chr1	35864967	35868683	+	59	43	unresolved			1	1	0	2
D0_001727	chr1	45624386	45627028	-	59	52	unresolved			1	0	0	1
D0_001728	chr1	93376316	93384037	+	59	53	unresolved			1	1	0	2
D0_001729	chr1	145405981	145406687	-	59	55	preexisting_v49_gene_span			1	0	0	1
D0_001730	chr1	155943011	155946284	-	59	54	unresolved			1	1	0	2
D0_001731	chr1	226074426	226075430	-	59	53	unresolved			1	0	0	1
D0_001732	chr2	60931909	60936227	-	59	54	unresolved			1	1	0	2
D0_001733	chr3	56691665	56718840	+	59	45	unresolved			1	1	0	2
D0_001734	chr3	75619222	75619414	-	59	54	unresolved			1	1	0	2
D0_001735	chr3	90157220	90170804	-	59	57	unresolved			1	0	0	1
D0_001736	chr3	112442281	112444035	+	59	45	other_v49_added_gene		ENSG00000303317	1	0	0	1
D0_001737	chr4	4143205	4143304	-	59	54	other_v49_added_gene		ENSG00000290888	1	1	0	2
D0_001738	chr6	33533299	33537636	+	59	47	unresolved			1	1	0	2
D0_001739	chr7	25034991	25108301	+	59	52	other_v49_added_gene		ENSG00000296268	1	1	0	2
D0_001740	chr8	60976730	60979257	+	59	42	preexisting_v49_gene_span			1	0	0	1
D0_001741	chr9	21324048	21329405	-	59	52	preexisting_v49_gene_span			1	1	1	3
D0_001742	chr9	33288349	33290457	-	59	55	unresolved			1	0	0	1
D0_001743	chr10	73368278	73373414	-	59	50	unresolved			1	0	0	1
D0_001744	chr10	131895538	131895663	+	59	58	unresolved			1	0	0	1
D0_001745	chr12	9417104	9418093	-	59	54	other_v49_added_gene		ENSG00000295911	1	1	0	2
D0_001746	chr12	31265289	31270889	-	59	47	unresolved			1	1	0	2
D0_001747	chr14	52289774	52297012	+	59	47	unresolved			1	0	0	1
D0_001748	chr14	74643850	74653307	-	59	47	unresolved			1	1	0	2
D0_001749	chr16	8649673	8652638	+	59	47	unresolved			1	1	0	2
D0_001750	chr16	70207764	70210268	-	59	56	unresolved			1	0	0	1
D0_001751	chr17	64022460	64037127	-	59	37	unresolved			1	1	0	2
D0_001752	chr19	13159356	13162365	+	59	48	unresolved			1	1	0	2
D0_001753	chr21	25828365	25880115	-	59	38	unresolved			1	1	0	2
D0_001754	chr22	50537334	50541035	-	59	54	other_v49_added_gene		ENSG00000296469	1	0	0	1
D0_001755	chrX	89447051	89454978	+	59	56	unresolved			1	0	0	1
D0_001756	chrX	154500957	154505368	-	59	42	unresolved			1	1	0	2
D0_001757	chrY	583536	583700	+	59	56	unresolved			1	0	0	1
D0_001758	chrY	8285708	8285839	-	59	58	unresolved			1	0	0	1
D0_001759	chr1	89101670	89105351	-	58	57	preexisting_v49_gene_span			1	1	0	2
D0_001760	chr1	117776802	117778606	-	58	54	preexisting_v49_gene_span			1	1	0	2
D0_001761	chr1	151943850	151944643	-	58	46	other_v49_added_gene		ENSG00000294771,ENSG00000294792,ENSG00000294865	1	1	0	2
D0_001762	chr2	30144082	30146336	-	58	49	preexisting_v49_gene_span			1	1	0	2
D0_001763	chr2	48516249	48519299	-	58	52	unresolved			1	0	0	1
D0_001764	chr2	97644046	97645684	-	58	52	unresolved			1	1	0	2
D0_001765	chr2	157328856	157333889	-	58	51	unresolved			1	0	0	1
D0_001766	chr2	190876571	190880736	-	58	46	preexisting_v49_gene_span			1	1	0	2
D0_001767	chr3	37367953	37374569	+	58	52	unresolved			1	1	0	2
D0_001768	chr3	109988015	109988219	+	58	54	unresolved			1	0	0	1
D0_001769	chr4	122075402	122076967	-	58	51	unresolved			1	1	0	2
D0_001770	chr4	147710618	147710756	-	58	52	unresolved			1	1	0	2
D0_001771	chr5	71027769	71030400	+	58	56	unresolved			1	0	0	1
D0_001772	chr6	110825749	110839533	+	58	47	other_v49_added_gene		ENSG00000298831	1	1	0	2
D0_001773	chr7	2456683	2460204	+	58	48	unresolved			1	1	0	2
D0_001774	chr7	66165037	66175436	+	58	53	unresolved			1	1	0	2
D0_001775	chr7	66845024	66847987	+	58	51	other_v49_added_gene		ENSG00000289177	1	0	1	2
D0_001776	chr7	142793547	142796154	+	58	30	other_v49_added_gene		ENSG00000292271	1	1	0	2
D0_001777	chr8	140463443	140464707	-	58	42	other_v49_added_gene		ENSG00000307873	1	0	0	1
D0_001778	chr9	70378842	70384123	-	58	43	unresolved			1	0	0	1
D0_001779	chr10	12252953	12312266	+	58	46	unresolved			1	1	0	2
D0_001780	chr10	17129940	17137228	-	58	49	unresolved			1	1	0	2
D0_001781	chr10	28334603	28336736	+	58	41	unresolved			1	0	0	1
D0_001782	chr10	73000431	73005726	-	58	48	unresolved			1	1	0	2
D0_001783	chr11	61969508	61975465	+	58	48	other_v49_added_gene		ENSG00000303745,ENSG00000303779	1	1	0	2
D0_001784	chr11	118865588	118872560	-	58	54	other_v49_added_gene		ENSG00000306274	1	1	0	2
D0_001785	chr12	50759655	50763566	-	58	50	other_v49_added_gene		ENSG00000297678	1	1	0	2
D0_001786	chr14	20785348	20789298	+	58	48	unresolved			1	1	0	2
D0_001787	chr16	1969155	1971647	-	58	42	unresolved			1	1	0	2
D0_001788	chr17	2047770	2051162	-	58	38	preexisting_v49_gene_span			1	1	0	2
D0_001789	chr17	5063714	5074169	+	58	42	unresolved			1	0	0	1
D0_001790	chr17	42287195	42287543	-	58	53	preexisting_v49_gene_span			1	1	0	2
D0_001791	chr17	77956037	77959167	-	58	54	other_v49_added_gene		ENSG00000293768	1	1	0	2
D0_001792	chr21	28818683	28821840	-	58	47	preexisting_v49_gene_span			1	1	0	2
D0_001793	chr21	46585465	46592019	+	58	44	unresolved			1	1	0	2
D0_001794	chr22	45845446	45854689	+	58	46	unresolved			1	1	0	2
D0_001795	chr1	196997	199549	-	57	55	primary_match	ENSG00000310527	ENSG00000310528,ENSG00000310527	1	1	0	2
D0_001796	chr1	120717898	120718989	-	57	47	other_v49_added_gene		ENSG00000295970	1	0	0	1
D0_001797	chr1	143805713	143810180	+	57	55	unresolved			1	0	0	1
D0_001798	chr1	182320223	182320499	-	57	53	preexisting_v49_gene_span			1	0	0	1
D0_001799	chr1	222471253	222472305	-	57	53	unresolved			1	1	0	2
D0_001800	chr2	85597717	85598536	+	57	51	preexisting_v49_gene_span			1	1	0	2
D0_001801	chr2	136127242	136135382	+	57	48	other_v49_added_gene		ENSG00000304642,ENSG00000304710	1	1	0	2
D0_001802	chr2	231879756	231879947	-	57	48	unresolved			1	0	0	1
D0_001803	chr3	32502896	32506079	+	57	50	unresolved			1	1	0	2
D0_001804	chr3	49342051	49346489	-	57	48	unresolved			1	0	0	1
D0_001805	chr3	133572177	133573712	-	57	50	preexisting_v49_gene_span			1	1	0	2
D0_001806	chr3	185911425	185914268	+	57	52	unresolved			1	1	0	2
D0_001807	chr5	69969552	69969962	+	57	55	other_v49_added_gene		ENSG00000295602	1	0	0	1
D0_001808	chr6	33364728	33365069	-	57	53	unresolved			1	0	0	1
D0_001809	chr7	38177420	38178010	-	57	48	unresolved			1	1	0	2
D0_001810	chr7	38378866	38383674	+	57	51	unresolved			1	0	0	1
D0_001811	chr9	66278163	66281839	+	57	49	other_v49_added_gene		ENSG00000294531	1	0	0	1
D0_001812	chr9	73132187	73135581	+	57	53	other_v49_added_gene		ENSG00000293877	1	1	0	2
D0_001813	chr10	14509953	14512600	-	57	43	other_v49_added_gene		ENSG00000293746	1	1	0	2
D0_001814	chr11	33219496	33219599	-	57	55	unresolved			1	0	0	1
D0_001815	chr11	57531090	57538526	-	57	44	unresolved			1	0	0	1
D0_001816	chr12	31857895	31869115	-	57	42	unresolved			1	1	0	2
D0_001817	chr12	110708512	110715413	+	57	48	unresolved			1	0	1	2
D0_001818	chr12	120195080	120196502	+	57	46	unresolved			1	1	0	2
D0_001819	chr15	50422610	50424345	-	57	48	unresolved			1	0	0	1
D0_001820	chr16	28094766	28097565	-	57	54	unresolved			1	1	0	2
D0_001821	chr17	29066294	29070844	-	57	48	unresolved			1	1	0	2
D0_001822	chr19	15341458	15346059	+	57	49	other_v49_added_gene		ENSG00000290008	1	1	0	2
D0_001823	chr19	54296001	54296192	-	57	51	primary_match	ENSG00000295857	ENSG00000295857	1	1	0	2
D0_001824	chr20	35950615	35953543	-	57	49	unresolved			1	1	0	2
D0_001825	chrX	65340842	65352413	+	57	35	preexisting_v49_gene_span			1	1	0	2
D0_001826	chr1	90871534	90880641	-	56	49	unresolved			1	0	0	1
D0_001827	chr1	149827374	149832653	+	56	45	unresolved			1	0	0	1
D0_001828	chr2	65276053	65281638	+	56	52	unresolved			1	0	0	1
D0_001829	chr2	201103166	201109566	-	56	39	other_v49_added_gene		ENSG00000308192	1	1	0	2
D0_001830	chr3	167663157	167667798	-	56	50	unresolved			1	1	0	2
D0_001831	chr4	77862145	77862804	+	56	51	unresolved			1	0	0	1
D0_001832	chr4	189333467	189338479	-	56	36	unresolved			0	0	0	0
D0_001833	chr5	115198183	115202505	-	56	51	unresolved			1	0	0	1
D0_001834	chr5	139628706	139629163	-	56	49	preexisting_v49_gene_span			1	1	0	2
D0_001835	chr5	177456299	177456604	+	56	50	unresolved			1	1	0	2
D0_001836	chr6	358134	360670	+	56	52	unresolved			1	1	0	2
D0_001837	chr6	6781801	6789655	-	56	39	preexisting_v49_gene_span			1	1	0	2
D0_001838	chr6	26813862	26829139	-	56	47	primary_match	ENSG00000290474	ENSG00000290474	1	0	0	1
D0_001839	chr6	27140678	27142997	-	56	49	preexisting_v49_gene_span			1	1	0	2
D0_001840	chr6	144853191	144856830	+	56	48	unresolved			1	1	0	2
D0_001841	chr7	74789413	74795706	+	56	53	unresolved			1	0	0	1
D0_001842	chr7	74904299	74906540	+	56	54	other_v49_added_gene		ENSG00000304176	1	0	0	1
D0_001843	chr8	27275244	27283693	-	56	46	unresolved			1	1	0	2
D0_001844	chr8	42149803	42151766	-	56	44	preexisting_v49_gene_span			1	1	0	2
D0_001845	chr9	36165202	36169178	+	56	48	unresolved			1	0	0	1
D0_001846	chr9	80762487	80768475	+	56	41	other_v49_added_gene		ENSG00000302378	1	0	0	1
D0_001847	chr10	31757664	31759994	-	56	46	other_v49_added_gene		ENSG00000289412	1	0	0	1
D0_001848	chr10	69044932	69051000	+	56	42	other_v49_added_gene		ENSG00000304114	1	1	0	2
D0_001849	chr10	103194382	103199770	+	56	50	unresolved			1	1	0	2
D0_001850	chr11	315784	318136	+	56	46	unresolved			1	1	0	2
D0_001851	chr12	121593507	121600554	+	56	44	preexisting_v49_gene_span			1	1	1	3
D0_001852	chr13	27450591	27452422	+	56	54	other_v49_added_gene		ENSG00000289827	1	1	1	3
D0_001853	chr13	41383668	41384667	-	56	52	unresolved			1	1	0	2
D0_001854	chr13	74098885	74102614	+	56	48	unresolved			1	0	0	1
D0_001855	chr14	75291250	75294074	-	56	50	preexisting_v49_gene_span			1	1	0	2
D0_001856	chr14	101932258	101945612	+	56	42	other_v49_added_gene		ENSG00000305453	1	1	0	2
D0_001857	chr15	78908322	78909475	-	56	51	unresolved			1	0	0	1
D0_001858	chr16	25179603	25184749	+	56	46	other_v49_added_gene		ENSG00000297552	1	0	0	1
D0_001859	chr16	87765995	87769348	+	56	45	other_v49_added_gene		ENSG00000302808	1	1	0	2
D0_001860	chr17	19188805	19189582	-	56	52	preexisting_v49_gene_span			1	0	0	1
D0_001861	chr19	36173985	36181927	-	56	47	preexisting_v49_gene_span			1	1	1	3
D0_001862	chr20	40302840	40667300	+	56	51	other_v49_added_gene		ENSG00000294373,ENSG00000296472	1	1	0	2
D0_001863	chr21	46448416	46458509	-	56	47	other_v49_added_gene		ENSG00000289421	1	1	1	3
D0_001864	chr22	38702230	38705376	-	56	51	other_v49_added_gene		ENSG00000295107	1	1	0	2
D0_001865	chr22	39522694	39527261	+	56	49	unresolved			1	1	0	2
D0_001866	chr22	39523788	39526897	-	56	50	unresolved			1	0	0	1
D0_001867	chrX	14244279	14245386	+	56	52	preexisting_v49_gene_span			1	1	0	2
D0_001868	chr1	33127514	33128462	+	55	50	other_v49_added_gene		ENSG00000305756	1	0	0	1
D0_001869	chr1	117836544	117842206	-	55	46	unresolved			1	1	0	2
D0_001870	chr1	155566718	155577342	-	55	52	unresolved			1	1	0	2
D0_001871	chr1	247407638	247410466	+	55	44	preexisting_v49_gene_span			1	1	0	2
D0_001872	chr2	109769750	109773305	+	55	46	unresolved			1	0	0	1
D0_001873	chr2	148787571	148789655	+	55	53	preexisting_v49_gene_span			1	1	0	2
D0_001874	chr3	37375739	37379279	+	55	52	unresolved			1	0	0	1
D0_001875	chr5	43007818	43010160	+	55	41	unresolved			1	0	0	1
D0_001876	chr5	142161549	142163793	-	55	48	other_v49_added_gene		ENSG00000300546	1	0	0	1
D0_001877	chr6	30563732	30571259	-	55	52	other_v49_added_gene		ENSG00000290047	1	1	0	2
D0_001878	chr6	113173373	113174132	-	55	52	unresolved			1	1	0	2
D0_001879	chr7	44987144	44988578	+	55	47	unresolved			1	0	0	1
D0_001880	chr8	34456153	34456423	-	55	54	unresolved			1	0	0	1
D0_001881	chr8	122779093	122779964	-	55	46	preexisting_v49_gene_span			1	0	0	1
D0_001882	chr9	120900069	120902044	-	55	45	unresolved			1	1	0	2
D0_001883	chr9	126892912	126893059	-	55	51	unresolved			1	0	0	1
D0_001884	chr10	12257752	12268301	-	55	48	unresolved			1	1	0	2
D0_001885	chr10	27547148	27552890	+	55	42	unresolved			1	1	0	2
D0_001886	chr10	73737375	73738882	+	55	52	primary_match	ENSG00000291043	ENSG00000291043	1	1	0	2
D0_001887	chr11	14436279	14440439	-	55	36	unresolved			1	1	0	2
D0_001888	chr11	59096253	59102208	-	55	43	preexisting_v49_gene_span			1	1	1	3
D0_001889	chr11	107304981	107311946	-	55	45	unresolved			1	1	0	2
D0_001890	chr11	118793319	118796215	+	55	43	unresolved			1	1	0	2
D0_001891	chr12	31838912	31843410	-	55	42	unresolved			1	1	0	2
D0_001892	chr12	52021232	52022526	+	55	38	unresolved			1	0	0	1
D0_001893	chr12	56192709	56201960	-	55	44	unresolved			1	0	0	1
D0_001894	chr13	45300047	45300437	-	55	50	unresolved			1	0	0	1
D0_001895	chr14	49623532	49624956	+	55	50	unresolved			1	1	0	2
D0_001896	chr16	88800868	88803512	-	55	51	unresolved			1	1	0	2
D0_001897	chr17	78646151	78647918	+	55	44	unresolved			1	0	0	1
D0_001898	chr19	1930165	1935763	-	55	47	other_v49_added_gene		ENSG00000303713	1	1	0	2
D0_001899	chr19	36998727	37003658	+	55	46	preexisting_v49_gene_span			1	1	0	2
D0_001900	chr20	50885455	50888807	+	55	51	unresolved			1	0	0	1
D0_001901	chr21	32550769	32556568	-	55	49	preexisting_v49_gene_span			1	0	0	1
D0_001902	chrX	110183898	110187457	+	55	41	preexisting_v49_gene_span			1	1	0	2
D0_001903	chr1	158991231	158994480	+	54	43	unresolved			1	0	0	1
D0_001904	chr1	178921855	179015130	+	54	46	unresolved			1	1	0	2
D0_001905	chr2	206086567	206087639	+	54	50	preexisting_v49_gene_span			1	1	0	2
D0_001906	chr2	231440387	231447969	-	54	39	other_v49_added_gene		ENSG00000298773	1	0	0	1
D0_001907	chr3	49023597	49024317	+	54	46	unresolved			1	1	0	2
D0_001908	chr5	180742351	180784679	-	54	48	unresolved			1	1	0	2
D0_001909	chr6	24789850	24793326	-	54	46	unresolved			1	1	0	2
D0_001910	chr6	28869518	28884708	-	54	42	unresolved			1	1	0	2
D0_001911	chr6	144148192	144150194	-	54	38	unresolved			1	1	0	2
D0_001912	chr6	158635826	158636462	-	54	48	unresolved			1	1	0	2
D0_001913	chr7	118169108	118183991	-	54	46	other_v49_added_gene		ENSG00000304750	1	1	0	2
D0_001914	chr7	135980834	135984767	+	54	49	preexisting_v49_gene_span			1	1	0	2
D0_001915	chr8	21825330	21898165	-	54	34	unresolved			1	1	0	2
D0_001916	chr9	63677374	63677625	+	54	51	unresolved			1	0	0	1
D0_001917	chr9	67009118	67009377	+	54	52	unresolved			1	0	0	1
D0_001918	chr10	3851753	3852470	-	54	39	other_v49_added_gene		ENSG00000307524	1	0	0	1
D0_001919	chr10	84154154	84156415	+	54	45	preexisting_v49_gene_span			1	1	0	2
D0_001920	chr10	132393248	132397123	-	54	50	unresolved			1	1	0	2
D0_001921	chr11	18634868	18636441	+	54	45	other_v49_added_gene		ENSG00000307133	1	1	0	2
D0_001922	chr11	47608355	47610570	+	54	47	unresolved			1	0	0	1
D0_001923	chr12	12696347	12696758	-	54	52	preexisting_v49_gene_span			1	1	0	2
D0_001924	chr13	74036752	74037188	+	54	51	unresolved			1	0	0	1
D0_001925	chr13	98037591	98120155	-	54	51	other_v49_added_gene		ENSG00000293659	1	1	0	2
D0_001926	chr14	91259390	91263213	-	54	50	unresolved			1	0	0	1
D0_001927	chr15	30538221	30540021	+	54	52	unresolved			1	0	0	1
D0_001928	chr15	43803056	43804085	+	54	47	preexisting_v49_gene_span			1	1	0	2
D0_001929	chr15	100550226	100553295	-	54	46	preexisting_v49_gene_span			1	1	0	2
D0_001930	chr17	1406561	1411578	-	54	42	unresolved			1	0	0	1
D0_001931	chr17	29556278	29559467	-	54	44	unresolved			1	1	0	2
D0_001932	chr17	42194612	42198980	-	54	39	unresolved			1	1	0	2
D0_001933	chr19	6857606	6860314	+	54	43	unresolved			1	1	0	2
D0_001934	chr19	43619713	43621510	+	54	47	unresolved			1	1	0	2
D0_001935	chr20	5641808	5648003	-	54	42	unresolved			1	1	0	2
D0_001936	chr21	13862405	13884902	-	54	24	other_v49_added_gene		ENSG00000290541	1	1	0	2
D0_001937	chrX	65254194	65260279	+	54	42	preexisting_v49_gene_span			1	0	0	1
D0_001938	chrX	71021384	71035016	-	54	43	unresolved			1	1	1	3
D0_001939	chrX	80075044	80076002	+	54	48	unresolved			0	0	0	0
D0_001940	KI270742.1	62062	161331	-	54	50	unresolved			1	0	0	1
D0_001941	chr1	19330958	19338757	+	53	52	unresolved			1	1	0	2
D0_001942	chr1	35169127	35175946	-	53	46	unresolved			1	1	0	2
D0_001943	chr1	36385952	36391145	-	53	48	other_v49_added_gene		ENSG00000300712	1	1	1	3
D0_001944	chr1	144545609	144547805	-	53	50	other_v49_added_gene		ENSG00000290121	1	1	0	2
D0_001945	chr1	193286638	193288823	+	53	44	unresolved			1	1	0	2
D0_001946	chr2	200904006	200907275	-	53	43	other_v49_added_gene		ENSG00000308129	1	1	0	2
D0_001947	chr2	227564707	227569289	+	53	46	unresolved			1	1	0	2
D0_001948	chr3	156817271	156819440	+	53	40	other_v49_added_gene		ENSG00000303878	1	1	0	2
D0_001949	chr4	118634535	118635762	+	53	49	primary_match	ENSG00000291201	ENSG00000291201	1	1	0	2
D0_001950	chr5	14621324	14625073	+	53	44	unresolved			1	1	0	2
D0_001951	chr5	80904412	80923917	+	53	33	unresolved			1	1	0	2
D0_001952	chr6	26217486	26218758	+	53	44	other_v49_added_gene		ENSG00000291336,ENSG00000291338	1	1	0	2
D0_001953	chr6	43224973	43225609	-	53	50	unresolved			1	0	0	1
D0_001954	chr7	48087697	48088592	-	53	47	unresolved			1	1	0	2
D0_001955	chr8	10465861	10471731	+	53	40	unresolved			1	0	0	1
D0_001956	chr8	56014184	56021878	+	53	45	unresolved			1	1	0	2
D0_001957	chr9	27573923	27575847	+	53	47	unresolved			1	0	0	1
D0_001958	chr9	34921294	34921607	-	53	48	other_v49_added_gene		ENSG00000309069	1	0	0	1
D0_001959	chr10	8934312	8937389	-	53	29	unresolved			1	1	0	2
D0_001960	chr10	48031806	48034582	-	53	46	primary_match	ENSG00000290898	ENSG00000290898,ENSG00000289143	1	0	0	1
D0_001961	chr10	48042302	48043623	-	53	49	other_v49_added_gene		ENSG00000289143,ENSG00000289444	1	0	0	1
D0_001962	chr11	63444660	63444869	-	53	52	unresolved			1	0	0	1
D0_001963	chr12	92929561	92931043	+	53	45	other_v49_added_gene		ENSG00000301399	1	0	0	1
D0_001964	chr13	19865074	19867269	+	53	46	preexisting_v49_gene_span			1	1	0	2
D0_001965	chr14	55361931	55366203	+	53	45	preexisting_v49_gene_span			1	0	0	1
D0_001966	chr14	105978433	105978519	-	53	53	unresolved			1	0	0	1
D0_001967	chr17	17837165	17841169	+	53	46	other_v49_added_gene		ENSG00000303242	1	1	0	2
D0_001968	chr17	40136928	40140179	-	53	47	other_v49_added_gene		ENSG00000310351	1	1	0	2
D0_001969	chr17	64985603	64987460	+	53	50	other_v49_added_gene		ENSG00000294581	1	0	0	1
D0_001970	chr18	40950193	40950289	-	53	49	unresolved			0	0	0	0
D0_001971	chr19	35908306	35909328	-	53	49	primary_match	ENSG00000304370	ENSG00000304370	1	0	0	1
D0_001972	chr19	41611968	41614415	-	53	47	unresolved			1	1	0	2
D0_001973	chr19	53064592	53066309	-	53	46	preexisting_v49_gene_span			1	1	0	2
D0_001974	chr20	1944325	1946918	+	53	45	other_v49_added_gene		ENSG00000298036	1	0	0	1
D0_001975	chr20	4777110	4778788	-	53	45	unresolved			1	1	0	2
D0_001976	chr20	6786125	6787596	-	53	51	unresolved			1	1	0	2
D0_001977	chr22	37463775	37466965	-	53	49	unresolved			1	1	0	2
D0_001978	chrX	65242244	65247942	+	53	40	preexisting_v49_gene_span			1	0	0	1
D0_001979	chrX	101001371	101008566	+	53	47	unresolved			1	1	0	2
D0_001980	chr1	92821692	92832010	-	52	40	unresolved			1	1	0	2
D0_001981	chr1	144068911	144069337	-	52	48	unresolved			1	0	0	1
D0_001982	chr1	144069316	144073018	+	52	48	unresolved			1	0	0	1
D0_001983	chr1	145498179	145500650	-	52	47	other_v49_added_gene		ENSG00000305862	1	0	0	1
D0_001984	chr2	65271308	65274994	+	52	45	unresolved			1	1	0	2
D0_001985	chr2	151782618	151784937	-	52	49	unresolved			1	1	0	2
D0_001986	chr2	156364818	156367360	+	52	43	other_v49_added_gene		ENSG00000309294	1	1	0	2
D0_001987	chr2	200840263	200842687	+	52	38	unresolved			1	1	0	2
D0_001988	chr3	131460466	131462164	-	52	47	unresolved			1	1	0	2
D0_001989	chr4	6623386	6631582	+	52	42	unresolved			1	1	0	2
D0_001990	chr5	34127223	34130388	-	52	48	other_v49_added_gene		ENSG00000290548	1	0	0	1
D0_001991	chr5	71186457	71189779	-	52	49	other_v49_added_gene		ENSG00000296329	1	0	0	1
D0_001992	chr6	364827	365787	-	52	47	other_v49_added_gene		ENSG00000303358	1	0	0	1
D0_001993	chr6	57779588	57781962	-	52	50	unresolved			1	0	0	1
D0_001994	chr6	127701612	127703533	-	52	45	unresolved			1	1	0	2
D0_001995	chr6	131294034	131297455	-	52	45	other_v49_added_gene		ENSG00000290067	1	0	0	1
D0_001996	chr7	76447562	76449349	+	52	49	unresolved			1	0	0	1
D0_001997	chr8	139719739	139727291	-	52	43	unresolved			1	1	0	2
D0_001998	chr9	32526576	32531287	-	52	42	other_v49_added_gene		ENSG00000288684	1	1	0	2
D0_001999	chr9	130705706	130709297	-	52	48	other_v49_added_gene		ENSG00000306514	1	0	0	1
D0_002000	chr10	102388754	102394088	-	52	45	unresolved			1	0	0	1
D0_002001	chr10	104308679	104309693	-	52	45	unresolved			1	1	0	2
D0_002002	chr10	113272029	113307591	+	52	44	other_v49_added_gene		ENSG00000306410	1	1	0	2
D0_002003	chr11	117929979	117971269	-	52	44	unresolved			1	1	0	2
D0_002004	chr12	55738216	55743016	-	52	35	unresolved			1	0	0	1
D0_002005	chr12	92979270	92985946	+	52	32	preexisting_v49_gene_span			1	1	0	2
D0_002006	chr12	123444985	123450335	+	52	34	unresolved			1	1	0	2
D0_002007	chr14	31210008	31210336	-	52	26	unresolved			1	0	0	1
D0_002008	chr14	73803305	73810079	+	52	47	preexisting_v49_gene_span			1	1	0	2
D0_002009	chr14	90381168	90383182	-	52	43	unresolved			1	1	0	2
D0_002010	chr15	44664048	44665580	+	52	43	unresolved			1	1	0	2
D0_002011	chr15	78916621	78921029	-	52	47	unresolved			1	1	0	2
D0_002012	chr16	82196204	82198404	+	52	31	preexisting_v49_gene_span			1	0	0	1
D0_002013	chr17	44392474	44394533	-	52	47	unresolved			1	0	0	1
D0_002014	chr17	64919502	64921935	+	52	47	unresolved			1	1	0	2
D0_002015	chr19	1982321	1985029	-	52	48	unresolved			1	0	0	1
D0_002016	chr19	21066689	21072718	+	52	39	unresolved			1	1	0	2
D0_002017	chr19	44995891	45001448	-	52	44	unresolved			1	0	0	1
D0_002018	chr19	51217925	51223941	+	52	46	preexisting_v49_gene_span			1	1	0	2
D0_002019	chr19	53829966	53839965	-	52	16	unresolved			1	0	0	1
D0_002020	chr22	23916348	23919582	+	52	45	unresolved			1	0	0	1
D0_002021	chr22	35428078	35443342	-	52	45	unresolved			1	1	0	2
D0_002022	chrX	38806671	38976697	+	52	35	other_v49_added_gene		ENSG00000289127	1	1	0	2
D0_002023	chrX	53687716	53694014	-	52	41	unresolved			1	1	0	2
D0_002024	chrY	21252561	21255534	-	52	32	unresolved			1	0	0	1
D0_002025	chr1	117851194	117856675	-	51	46	unresolved			1	1	0	2
D0_002026	chr1	119908193	119911533	-	51	41	unresolved			1	1	0	2
D0_002027	chr1	203288817	203292819	+	51	44	other_v49_added_gene		ENSG00000301590,ENSG00000301574	1	1	0	2
D0_002028	chr1	208904808	208904927	+	51	50	unresolved			1	0	0	1
D0_002029	chr2	69441482	69443618	-	51	46	unresolved			1	1	0	2
D0_002030	chr2	101308839	101309231	+	51	37	other_v49_added_gene		ENSG00000303465	1	1	0	2
D0_002031	chr3	56725794	56726184	+	51	49	unresolved			1	0	0	1
D0_002032	chr3	68637126	68637271	+	51	51	unresolved			1	0	0	1
D0_002033	chr3	119421736	119428591	-	51	40	unresolved			1	0	0	1
D0_002034	chr4	19077833	19078110	-	51	50	unresolved			1	0	0	1
D0_002035	chr4	48063636	48066014	+	51	46	unresolved			1	0	0	1
D0_002036	chr4	163520609	163524269	-	51	44	unresolved			1	0	1	2
D0_002037	chr5	142157832	142160240	+	51	40	unresolved			1	1	0	2
D0_002038	chr6	26157117	26157914	+	51	45	other_v49_added_gene		ENSG00000291336,ENSG00000291338	1	1	0	2
D0_002039	chr6	35340609	35341673	+	51	42	unresolved			1	0	0	1
D0_002040	chr6	38155554	38160247	+	51	48	unresolved			1	0	0	1
D0_002041	chr6	131289006	131291285	+	51	44	unresolved			1	0	0	1
D0_002042	chr7	73119334	73139955	+	51	45	unresolved			1	0	0	1
D0_002043	chr8	60907269	60909959	-	51	49	other_v49_added_gene		ENSG00000307898	1	1	0	2
D0_002044	chr8	103386894	103388460	+	51	45	unresolved			1	0	0	1
D0_002045	chr9	40931365	40934266	+	51	48	unresolved			1	0	0	1
D0_002046	chr9	75183151	75187906	+	51	46	unresolved			1	1	0	2
D0_002047	chr12	6471481	6474445	+	51	42	unresolved			1	1	0	2
D0_002048	chr12	49122452	49127630	-	51	43	unresolved			1	0	0	1
D0_002049	chr14	103504150	103510160	+	51	47	unresolved			1	0	0	1
D0_002050	chr16	28094423	28096616	+	51	48	unresolved			1	0	0	1
D0_002051	chr16	66713641	66714678	-	51	42	unresolved			1	0	0	1
D0_002052	chr17	7131806	7133716	-	51	45	unresolved			1	0	0	1
D0_002053	chr17	64848108	64850182	+	51	50	preexisting_v49_gene_span			1	0	0	1
D0_002054	chr17	78648979	78664010	+	51	43	unresolved			1	0	0	1
D0_002055	chr19	10644848	10646428	-	51	44	unresolved			1	1	0	2
D0_002056	chr19	47005676	47017506	+	51	40	unresolved			1	0	0	1
D0_002057	chr20	53846682	53871310	+	51	33	other_v49_added_gene		ENSG00000297167,ENSG00000294109	1	1	1	3
D0_002058	chr22	37590160	37592416	+	51	46	unresolved			1	0	0	1
D0_002059	chrY	21267501	21271798	+	51	30	unresolved			1	0	0	1
D0_002060	chr1	16460116	16460943	+	50	48	unresolved			1	1	0	2
D0_002061	chr1	36182134	36187098	+	50	46	unresolved			1	0	0	1
D0_002062	chr1	58784221	58785126	+	50	47	preexisting_v49_gene_span			1	0	0	1
D0_002063	chr1	121588083	121595312	+	50	43	other_v49_added_gene		ENSG00000291141	1	1	0	2
D0_002064	chr1	146409621	146412944	+	50	35	preexisting_v49_gene_span			1	1	0	2
D0_002065	chr1	154938115	154939640	+	50	44	preexisting_v49_gene_span			1	1	0	2
D0_002066	chr1	182889783	182898750	+	50	46	unresolved			1	1	0	2
D0_002067	chr1	185294379	185296385	-	50	45	preexisting_v49_gene_span			1	1	0	2
D0_002068	chr1	227722211	227726890	-	50	41	unresolved			1	1	0	2
D0_002069	chr1	234601368	234604246	-	50	44	preexisting_v49_gene_span			1	1	0	2
D0_002070	chr2	28357522	28359134	-	50	42	unresolved			1	0	0	1
D0_002071	chr2	42793751	42797051	+	50	46	other_v49_added_gene		ENSG00000288886	1	1	0	2
D0_002072	chr2	43195508	43199427	-	50	32	preexisting_v49_gene_span			1	0	0	1
D0_002073	chr2	43197701	43203295	+	50	32	unresolved			1	1	0	2
D0_002074	chr2	97742242	97752227	+	50	45	preexisting_v49_gene_span			1	1	0	2
D0_002075	chr2	105350472	105352875	-	50	42	unresolved			1	1	0	2
D0_002076	chr2	136118237	136119566	-	50	46	preexisting_v49_gene_span			1	1	0	2
D0_002077	chr2	136239137	136240930	+	50	32	other_v49_added_gene		ENSG00000305745	1	0	0	1
D0_002078	chr2	218213926	218215872	+	50	40	unresolved			1	0	0	1
D0_002079	chr3	49433467	49437799	+	50	42	unresolved			1	0	0	1
D0_002080	chr3	196832920	196834187	+	50	47	unresolved			1	0	0	1
D0_002081	chr4	25709926	25716106	-	50	37	unresolved			1	1	0	2
D0_002082	chr4	73743815	73745233	+	50	39	preexisting_v49_gene_span			1	0	0	1
D0_002083	chr4	125622241	125622461	+	50	48	unresolved			1	0	0	1
D0_002084	chr5	70502328	70502727	+	50	45	other_v49_added_gene		ENSG00000291221	1	0	0	1
D0_002085	chr5	83037066	83040712	-	50	42	unresolved			1	0	0	1
D0_002086	chr5	90410669	90416345	+	50	43	preexisting_v49_gene_span			1	1	0	2
D0_002087	chr5	149491869	149492688	-	50	43	unresolved			1	1	0	2
D0_002088	chr5	157079458	157085302	-	50	42	unresolved			1	1	0	2
D0_002089	chr5	179543392	179550515	-	50	43	unresolved			1	0	0	1
D0_002090	chr6	27144532	27146312	-	50	40	preexisting_v49_gene_span			1	1	0	2
D0_002091	chr6	30505962	30516221	-	50	40	other_v49_added_gene		ENSG00000303124	1	1	1	3
D0_002092	chr7	67806992	67988797	-	50	49	unresolved			1	1	0	2
D0_002093	chr7	76648443	76650389	+	50	48	other_v49_added_gene		ENSG00000290873	1	0	0	1
D0_002094	chr8	96644102	96645073	-	50	42	unresolved			1	0	0	1
D0_002095	chr9	80668692	80669802	-	50	38	unresolved			1	0	0	1
D0_002096	chr9	80923165	81194715	+	50	43	unresolved			1	1	0	2
D0_002097	chr9	91424046	91425487	+	50	40	preexisting_v49_gene_span			1	0	0	1
D0_002098	chr9	96655380	96658128	+	50	39	other_v49_added_gene		ENSG00000294376	1	1	0	2
D0_002099	chr9	97864926	97879587	-	50	40	unresolved			1	1	0	2
D0_002100	chr9	134444623	134447346	+	50	46	preexisting_v49_gene_span			1	1	0	2
D0_002101	chr10	6627452	6656972	-	50	44	unresolved			1	0	1	2
D0_002102	chr10	47673179	47680219	+	50	47	other_v49_added_gene		ENSG00000303991	1	0	0	1
D0_002103	chr10	72355321	72363965	-	50	39	unresolved			1	1	0	2
D0_002104	chr11	267930	270061	-	50	40	other_v49_added_gene		ENSG00000293500	1	0	0	1
D0_002105	chr11	107309449	107309972	+	50	48	unresolved			1	0	0	1
D0_002106	chr11	125090312	125090517	+	50	49	preexisting_v49_gene_span			1	1	0	2
D0_002107	chr12	9700972	9703950	+	50	43	unresolved			1	1	0	2
D0_002108	chr12	121234355	121237672	-	50	50	unresolved			1	1	0	2
D0_002109	chr12	122897624	122898613	-	50	30	unresolved			1	0	0	1
D0_002110	chr12	123409375	123410223	-	50	45	preexisting_v49_gene_span			1	1	0	2
D0_002111	chr13	27059297	27063595	+	50	47	unresolved			1	0	0	1
D0_002112	chr13	74016857	74018396	+	50	44	unresolved			1	1	0	2
D0_002113	chr14	20342212	20343043	-	50	40	other_v49_added_gene		ENSG00000297673	1	1	0	2
D0_002114	chr16	8668606	8673095	+	50	46	unresolved			1	1	0	2
D0_002115	chr16	30070500	30075263	+	50	46	unresolved			1	1	0	2
D0_002116	chr16	30135559	30182824	-	50	49	unresolved			1	1	1	3
D0_002117	chr16	69085756	69089136	-	50	45	unresolved			1	0	0	1
D0_002118	chr17	64842652	64846597	+	50	48	preexisting_v49_gene_span			1	0	0	1
D0_002119	chr20	5652327	5703201	-	50	44	other_v49_added_gene		ENSG00000298258,ENSG00000307351	1	1	0	2
D0_002120	chr21	44874207	44877314	+	50	43	other_v49_added_gene		ENSG00000289009	1	1	0	2
D0_002121	chr22	26830128	26830576	-	50	45	unresolved			1	0	0	1
D0_002122	chr22	29499325	29502902	+	50	46	unresolved			1	0	0	1
D0_002123	chrX	56609852	56612417	+	50	36	unresolved			1	1	0	2
D0_002124	chrY	20906102	20912816	+	50	38	unresolved			1	0	0	1
D0_002125	chr1	9648627	9651539	+	49	43	preexisting_v49_gene_span			1	0	0	1
D0_002126	chr1	28122573	28126444	-	49	38	other_v49_added_gene		ENSG00000289576	1	0	0	1
D0_002127	chr1	35193160	35197349	+	49	44	preexisting_v49_gene_span			1	1	0	2
D0_002128	chr1	104885768	104886045	-	49	45	unresolved			1	0	0	1
D0_002129	chr2	70138697	70142536	-	49	44	preexisting_v49_gene_span			1	0	0	1
D0_002130	chr3	31643877	31647702	+	49	42	unresolved			1	1	0	2
D0_002131	chr3	111665752	111667596	+	49	43	preexisting_v49_gene_span			1	1	0	2
D0_002132	chr3	127682689	127685768	+	49	45	unresolved			1	1	0	2
D0_002133	chr3	196445164	196454080	-	49	37	preexisting_v49_gene_span			1	0	0	1
D0_002134	chr4	2734543	2737919	+	49	45	unresolved			1	0	0	1
D0_002135	chr4	38701647	38704427	+	49	44	unresolved			1	0	0	1
D0_002136	chr4	141512604	141516401	+	49	43	unresolved			1	0	0	1
D0_002137	chr4	141526259	141532840	+	49	44	unresolved			1	0	0	1
D0_002138	chr5	69852733	69853925	+	49	45	other_v49_added_gene		ENSG00000295602	1	0	0	1
D0_002139	chr5	70864441	70864962	+	49	46	other_v49_added_gene		ENSG00000297805	1	0	0	1
D0_002140	chr5	119404725	119405181	-	49	42	unresolved			1	1	0	2
D0_002141	chr6	26285708	26318217	+	49	39	other_v49_added_gene		ENSG00000291336,ENSG00000291338,ENSG00000289447	1	1	0	2
D0_002142	chr6	31847825	31852618	+	49	35	unresolved			1	1	0	2
D0_002143	chr6	127687212	127689860	-	49	38	unresolved			1	0	0	1
D0_002144	chr7	103149712	103150839	+	49	46	other_v49_added_gene		ENSG00000289956	1	1	1	3
D0_002145	chr9	80309821	80313051	+	49	31	unresolved			1	1	0	2
D0_002146	chr9	127931888	127934120	+	49	38	preexisting_v49_gene_span			1	0	0	1
D0_002147	chr10	27543240	27545466	+	49	47	preexisting_v49_gene_span			1	1	0	2
D0_002148	chr10	69105898	69110377	-	49	39	other_v49_added_gene		ENSG00000297237	1	0	0	1
D0_002149	chr10	75208297	75210078	-	49	41	other_v49_added_gene		ENSG00000296693	1	1	0	2
D0_002150	chr10	79827885	79834764	+	49	41	other_v49_added_gene		ENSG00000304961	1	1	0	2
D0_002151	chr10	97457497	97458321	-	49	43	preexisting_v49_gene_span			1	1	0	2
D0_002152	chr11	18665595	18666292	+	49	47	unresolved			1	1	0	2
D0_002153	chr11	25451452	25452321	-	49	48	unresolved			1	0	0	1
D0_002154	chr11	57701258	57702902	+	49	46	unresolved			1	1	0	2
D0_002155	chr11	79500601	79500775	+	49	45	unresolved			1	1	0	2
D0_002156	chr12	67680012	67685552	+	49	40	unresolved			1	1	0	2
D0_002157	chr14	24243251	24248133	-	49	42	unresolved			1	0	0	1
D0_002158	chr14	69046055	69050853	-	49	41	unresolved			1	1	0	2
D0_002159	chr14	95499869	95501546	-	49	46	preexisting_v49_gene_span			1	1	0	2
D0_002160	chr14	102076162	102080624	+	49	43	unresolved			1	1	0	2
D0_002161	chr14	103332405	103333541	-	49	42	unresolved			1	1	0	2
D0_002162	chr15	40758351	40763437	-	49	44	other_v49_added_gene		ENSG00000310466	1	1	0	2
D0_002163	chr15	64719617	64727249	+	49	36	unresolved			1	1	0	2
D0_002164	chr15	90502308	90517099	+	49	41	unresolved			1	1	0	2
D0_002165	chr16	138863	141087	+	49	43	unresolved			1	1	0	2
D0_002166	chr16	27364823	27367936	+	49	41	unresolved			1	1	0	2
D0_002167	chr16	31011946	31032763	-	49	39	unresolved			1	1	0	2
D0_002168	chr16	70213032	70218517	+	49	49	unresolved			1	1	0	2
D0_002169	chr17	18210290	18212945	+	49	39	unresolved			1	0	0	1
D0_002170	chr17	40551054	40552690	-	49	41	preexisting_v49_gene_span			1	1	0	2
D0_002171	chr17	45144447	45146540	-	49	42	unresolved			1	1	0	2
D0_002172	chr20	29879502	29879948	+	49	45	unresolved			1	1	0	2
D0_002173	chr20	49926679	49926814	+	49	46	unresolved			1	0	0	1
D0_002174	chr20	51905077	52000977	+	49	44	other_v49_added_gene		ENSG00000295866,ENSG00000295855	1	1	0	2
D0_002175	chr22	30436249	30437488	+	49	32	unresolved			1	0	0	1
D0_002176	chrX	1648075	1730944	+	49	47	preexisting_v49_gene_span			1	1	0	2
D0_002177	chrX	56577306	56579791	+	49	45	unresolved			1	0	0	1
D0_002178	chrX	77804730	77814095	-	49	36	unresolved			1	0	0	1
D0_002179	chrX	148052759	148052921	+	49	47	unresolved			1	1	0	2
D0_002180	chrY	2741418	2743064	-	49	42	unresolved			1	0	0	1
D0_002181	chrY	20955147	20979556	+	49	38	unresolved			1	0	0	1
D0_002182	chr1	36397936	36400432	+	48	44	unresolved			1	1	0	2
D0_002183	chr1	62434397	62436108	-	48	40	other_v49_added_gene		ENSG00000300813	1	0	0	1
D0_002184	chr1	145491575	145491981	-	48	42	other_v49_added_gene		ENSG00000305862	1	0	0	1
D0_002185	chr1	149599009	149602211	-	48	43	unresolved			1	0	0	1
D0_002186	chr1	158996730	158997206	-	48	43	unresolved			1	0	0	1
D0_002187	chr1	225443874	225444860	-	48	37	preexisting_v49_gene_span			1	0	0	1
D0_002188	chr2	74112223	74116635	+	48	37	unresolved			1	0	0	1
D0_002189	chr2	183161697	183163399	+	48	46	preexisting_v49_gene_span			1	1	0	2
D0_002190	chr3	49672183	49673951	-	48	38	unresolved			1	1	0	2
D0_002191	chr3	53201543	53210896	+	48	39	preexisting_v49_gene_span			1	0	0	1
D0_002192	chr3	57930058	57938914	+	48	37	preexisting_v49_gene_span			1	1	1	3
D0_002193	chr3	196736153	196739626	-	48	35	other_v49_added_gene		ENSG00000303600	1	1	0	2
D0_002194	chr4	82807671	82813025	-	48	37	unresolved			1	1	0	2
D0_002195	chr4	188226586	188240061	-	48	43	unresolved			1	0	0	1
D0_002196	chr5	109410177	109412562	+	48	43	other_v49_added_gene		ENSG00000299642,ENSG00000299656	1	1	0	2
D0_002197	chr5	181272599	181279794	+	48	42	preexisting_v49_gene_span			1	1	0	2
D0_002198	chr6	2791250	2827049	+	48	38	unresolved			1	1	0	2
D0_002199	chr6	87672310	87674850	-	48	42	unresolved			1	1	0	2
D0_002200	chr6	89324006	89326309	-	48	41	unresolved			1	1	0	2
D0_002201	chr6	120236656	120281704	-	48	47	unresolved			1	1	0	2
D0_002202	chr7	44988765	44992803	-	48	39	other_v49_added_gene		ENSG00000309655	1	1	1	3
D0_002203	chr7	75279396	75280533	-	48	47	unresolved			1	0	0	1
D0_002204	chr9	62799033	62801456	+	48	44	preexisting_v49_gene_span			1	1	0	2
D0_002205	chr9	84029082	84029253	+	48	47	unresolved			1	0	0	1
D0_002206	chr9	129325452	129329324	+	48	40	preexisting_v49_gene_span			1	1	0	2
D0_002207	chr9	131560999	131567806	+	48	42	unresolved			1	1	0	2
D0_002208	chr10	6410260	6410921	+	48	43	other_v49_added_gene		ENSG00000302067	1	0	0	1
D0_002209	chr10	46218185	46219678	-	48	41	other_v49_added_gene		ENSG00000299562,ENSG00000299578	1	1	0	2
D0_002210	chr10	72235895	72243489	+	48	37	unresolved			1	1	0	2
D0_002211	chr10	99759240	99765693	+	48	40	unresolved			1	0	0	1
D0_002212	chr10	119183193	119183500	+	48	44	other_v49_added_gene		ENSG00000307533	1	0	0	1
D0_002213	chr10	124000260	124000755	+	48	42	unresolved			1	0	0	1
D0_002214	chr11	88256883	88263081	-	48	41	unresolved			1	0	0	1
D0_002215	chr12	112023703	112026568	+	48	42	preexisting_v49_gene_span			1	1	0	2
D0_002216	chr16	21340230	21344125	+	48	39	other_v49_added_gene		ENSG00000293411	1	0	0	1
D0_002217	chr17	68202061	68205467	-	48	45	unresolved			1	0	0	1
D0_002218	chr19	41881710	41882811	-	48	42	unresolved			1	1	0	2
D0_002219	chr20	31578906	31586416	+	48	36	preexisting_v49_gene_span			1	1	0	2
D0_002220	chr20	38690319	38690446	+	48	46	other_v49_added_gene		ENSG00000301682	1	0	0	1
D0_002221	chrX	24083200	24128440	-	48	44	unresolved			1	1	0	2
D0_002222	chrX	47631668	47635213	-	48	37	preexisting_v49_gene_span			1	1	0	2
D0_002223	chrX	87151263	87151407	-	48	46	unresolved			1	0	0	1
D0_002224	chrX	149772249	149772831	+	48	44	unresolved			1	1	0	2
D0_002225	chrY	14941023	14941306	-	48	45	unresolved			1	1	0	2
D0_002226	chr1	16246088	16246831	-	47	43	unresolved			1	1	0	2
D0_002227	chr1	173402894	173405496	-	47	41	preexisting_v49_gene_span			1	1	0	2
D0_002228	chr1	205694641	205700834	-	47	35	other_v49_added_gene		ENSG00000300008	1	1	0	2
D0_002229	chr1	234609626	234615081	+	47	41	other_v49_added_gene		ENSG00000303708	1	0	0	1
D0_002230	chr1	234772540	234774228	+	47	36	other_v49_added_gene		ENSG00000300472,ENSG00000300489	1	1	0	2
D0_002231	chr2	19891123	19896305	+	47	41	unresolved			1	1	0	2
D0_002232	chr2	43171475	43174989	-	47	38	preexisting_v49_gene_span			1	1	0	2
D0_002233	chr2	73740236	73747279	-	47	41	unresolved			1	1	0	2
D0_002234	chr2	106086154	106091200	-	47	39	unresolved			1	1	0	2
D0_002235	chr2	157406946	157409046	+	47	47	unresolved			1	1	0	2
D0_002236	chr2	185980959	185987542	-	47	36	unresolved			1	0	0	1
D0_002237	chr2	226833430	226835522	-	47	41	other_v49_added_gene		ENSG00000290086	1	1	0	2
D0_002238	chr3	4987159	5015025	+	47	35	unresolved			1	0	0	1
D0_002239	chr3	22381720	22381816	+	47	43	primary_match	ENSG00000293339	ENSG00000293339	1	1	0	2
D0_002240	chr3	196943641	196944917	+	47	38	unresolved			1	1	0	2
D0_002241	chr4	25679041	25679132	+	47	47	preexisting_v49_gene_span			1	0	0	1
D0_002242	chr4	60169776	60169983	+	47	45	unresolved			1	1	0	2
D0_002243	chr5	100385115	100385655	-	47	46	preexisting_v49_gene_span			1	0	0	1
D0_002244	chr5	108728260	108729319	+	47	39	other_v49_added_gene		ENSG00000289260	1	1	0	2
D0_002245	chr6	32445068	32447522	+	47	39	unresolved			1	1	0	2
D0_002246	chr6	33061548	33064525	-	47	35	unresolved			1	0	0	1
D0_002247	chr6	47475376	47477230	-	47	36	preexisting_v49_gene_span			1	1	0	2
D0_002248	chr6	53241118	53244217	-	47	44	other_v49_added_gene		ENSG00000296254	1	1	0	2
D0_002249	chr6	87731264	87733014	-	47	37	other_v49_added_gene		ENSG00000305451	1	0	0	1
D0_002250	chr6	89352806	89354831	+	47	41	unresolved			1	0	0	1
D0_002251	chr7	17748370	17753325	-	47	31	unresolved			1	0	0	1
D0_002252	chr7	142816049	142853763	+	47	26	other_v49_added_gene		ENSG00000289938	1	1	0	2
D0_002253	chr8	38213334	38216927	+	47	42	unresolved			1	1	0	2
D0_002254	chr8	48007141	48008350	-	47	36	unresolved			1	1	0	2
D0_002255	chr8	144088379	144094766	-	47	38	unresolved			1	1	0	2
D0_002256	chr9	64072616	64074261	-	47	42	unresolved			1	0	0	1
D0_002257	chr9	66295278	66295688	-	47	47	unresolved			1	0	0	1
D0_002258	chr9	80569296	80578599	+	47	28	unresolved			1	0	0	1
D0_002259	chr9	137248082	137249013	+	47	39	unresolved			1	0	0	1
D0_002260	chr10	5763774	5764865	-	47	39	unresolved			1	1	0	2
D0_002261	chr10	58267993	58268891	+	47	44	unresolved			1	0	0	1
D0_002262	chr10	72296655	72300188	+	47	41	unresolved			1	0	0	1
D0_002263	chr10	92590675	92592966	-	47	44	unresolved			1	1	0	2
D0_002264	chr10	92669854	92674123	-	47	37	unresolved			1	0	0	1
D0_002265	chr11	65385422	65386435	-	47	40	unresolved			1	0	0	1
D0_002266	chr11	73865766	73872599	-	47	42	preexisting_v49_gene_span			1	1	0	2
D0_002267	chr11	128448078	128449386	+	47	40	unresolved			1	0	0	1
D0_002268	chr12	9740085	9749406	+	47	38	unresolved			1	1	0	2
D0_002269	chr12	56145824	56150437	-	47	45	other_v49_added_gene		ENSG00000297865	1	0	0	1
D0_002270	chr12	56340738	56341348	-	47	37	unresolved			1	0	0	1
D0_002271	chr12	112402025	112404896	-	47	44	unresolved			1	1	0	2
D0_002272	chr12	124920585	124922842	-	47	31	unresolved			1	1	0	2
D0_002273	chr13	27256745	27260396	+	47	40	preexisting_v49_gene_span			1	1	0	2
D0_002274	chr13	84529035	84529352	+	47	46	unresolved			1	1	0	2
D0_002275	chr14	22514391	22515356	-	47	42	unresolved			1	0	0	1
D0_002276	chr15	32517996	32519707	+	47	42	other_v49_added_gene		ENSG00000307111	1	0	0	1
D0_002277	chr15	75217333	75220069	+	47	39	unresolved			1	1	0	2
D0_002278	chr16	2650909	2654864	-	47	40	other_v49_added_gene		ENSG00000290728	1	1	0	2
D0_002279	chr16	57083553	57085617	+	47	43	preexisting_v49_gene_span			1	1	0	2
D0_002280	chr17	1565903	1569033	-	47	37	unresolved			1	0	0	1
D0_002281	chr17	38257796	38264854	+	47	43	unresolved			1	0	0	1
D0_002282	chr17	64497224	64498120	-	47	37	unresolved			1	0	0	1
D0_002283	chr18	9100436	9102495	-	47	41	other_v49_added_gene		ENSG00000288939	1	1	0	2
D0_002284	chr19	43720557	43727151	-	47	39	unresolved			1	1	0	2
D0_002285	chr20	44294499	44298981	-	47	36	unresolved			1	0	0	1
D0_002286	chr21	44007327	44012190	-	47	41	unresolved			1	1	0	2
D0_002287	chr22	41666703	41672182	+	47	38	unresolved			1	1	0	2
D0_002288	chr22	49895366	49899487	-	47	42	unresolved			1	1	0	2
D0_002289	chrX	22005127	22019026	+	47	39	unresolved			1	1	0	2
D0_002290	chrX	71171215	71173501	-	47	39	preexisting_v49_gene_span			1	0	0	1
D0_002291	chrX	74569887	74572924	-	47	41	unresolved			1	1	0	2
D0_002292	chr1	76699571	76701005	+	46	43	preexisting_v49_gene_span			1	1	0	2
D0_002293	chr1	119013015	119016545	-	46	33	unresolved			1	1	0	2
D0_002294	chr1	146301262	146302746	+	46	43	preexisting_v49_gene_span			1	0	0	1
D0_002295	chr1	148689374	148691937	-	46	44	other_v49_added_gene		ENSG00000301213	1	0	0	1
D0_002296	chr1	156802403	156803382	-	46	42	unresolved			1	1	0	2
D0_002297	chr1	178590644	178593071	+	46	39	unresolved			1	0	0	1
D0_002298	chr1	194275938	194277844	+	46	28	unresolved			1	0	0	1
D0_002299	chr1	197201484	197203136	+	46	38	other_v49_added_gene		ENSG00000290127	1	1	0	2
D0_002300	chr1	235011363	235014340	+	46	36	unresolved			1	0	0	1
D0_002301	chr2	100579195	100589029	+	46	38	unresolved			1	1	0	2
D0_002302	chr2	177224530	177227527	-	46	38	preexisting_v49_gene_span			1	1	0	2
D0_002303	chr4	10064086	10065991	+	46	39	preexisting_v49_gene_span			1	0	1	2
D0_002304	chr4	151016212	151018401	+	46	41	unresolved			1	1	0	2
D0_002305	chr4	164733772	164742490	+	46	46	unresolved			1	1	0	2
D0_002306	chr5	69636404	69636849	+	46	44	other_v49_added_gene		ENSG00000290556	1	0	0	1
D0_002307	chr5	70087938	70089297	-	46	44	unresolved			1	0	0	1
D0_002308	chr5	148845040	148851883	+	46	41	other_v49_added_gene		ENSG00000303969,ENSG00000303982	1	1	0	2
D0_002309	chr6	3998274	3999775	+	46	38	unresolved			1	0	0	1
D0_002310	chr6	101075835	101148271	+	46	43	preexisting_v49_gene_span			1	1	0	2
D0_002311	chr7	99470850	99472634	-	46	26	unresolved			1	1	0	2
D0_002312	chr7	100280053	100291295	+	46	45	other_v49_added_gene		ENSG00000309828	1	0	0	1
D0_002313	chr8	106752767	106758964	+	46	40	unresolved			1	1	0	2
D0_002314	chr8	112201013	112213701	-	46	46	unresolved			0	1	0	1
D0_002315	chr9	6507280	6510499	+	46	40	unresolved			1	1	0	2
D0_002316	chr9	35083410	35088064	-	46	40	preexisting_v49_gene_span			1	1	0	2
D0_002317	chr9	62798856	62801364	-	46	42	primary_match	ENSG00000288838	ENSG00000288838	1	1	0	2
D0_002318	chr10	102105371	102107497	+	46	41	unresolved			1	1	0	2
D0_002319	chr10	133425050	133429676	+	46	44	other_v49_added_gene		ENSG00000304625	1	1	0	2
D0_002320	chr11	2287826	2288149	+	46	43	unresolved			1	0	0	1
D0_002321	chr11	4519668	4520862	+	46	40	other_v49_added_gene		ENSG00000291144	1	1	0	2
D0_002322	chr11	60128915	60129016	-	46	44	unresolved			1	0	0	1
D0_002323	chr11	66980140	66980346	-	46	43	unresolved			1	0	0	1
D0_002324	chr11	107966551	107968145	+	46	34	unresolved			1	1	0	2
D0_002325	chr11	118334284	118335190	-	46	44	preexisting_v49_gene_span			1	1	0	2
D0_002326	chr12	9762729	9765562	-	46	41	unresolved			1	1	0	2
D0_002327	chr12	56662072	56662799	+	46	40	unresolved			1	0	0	1
D0_002328	chr14	53157760	53163783	+	46	32	preexisting_v49_gene_span			1	0	0	1
D0_002329	chr14	75298130	75302248	+	46	36	preexisting_v49_gene_span			1	1	0	2
D0_002330	chr15	22295554	22299614	+	46	32	other_v49_added_gene		ENSG00000308356	1	1	0	2
D0_002331	chr15	99391296	99394210	+	46	33	unresolved			1	1	0	2
D0_002332	chr16	71427863	71428084	-	46	44	unresolved			1	0	0	1
D0_002333	chr17	8119149	8119902	+	46	45	unresolved			1	1	0	2
D0_002334	chr17	16382751	16389533	+	46	39	other_v49_added_gene		ENSG00000308416	1	1	0	2
D0_002335	chr17	39569996	39575694	+	46	41	unresolved			1	1	0	2
D0_002336	chr17	81876285	81878424	-	46	37	unresolved			1	0	0	1
D0_002337	chr18	2844990	2846886	-	46	39	other_v49_added_gene		ENSG00000289061	1	0	0	1
D0_002338	chr19	13167894	13169215	+	46	36	other_v49_added_gene		ENSG00000300728	1	1	1	3
D0_002339	chr19	13177348	13179407	-	46	34	unresolved			1	1	0	2
D0_002340	chr19	18033099	18033436	+	46	42	other_v49_added_gene		ENSG00000293178	1	1	0	2
D0_002341	chr19	20812556	20819983	+	46	37	unresolved			1	1	0	2
D0_002342	chr21	32517590	32518552	+	46	44	unresolved			1	0	0	1
D0_002343	chr22	41829492	41831214	-	46	42	unresolved			1	0	0	1
D0_002344	chrX	44741991	44742084	+	46	43	unresolved			1	1	0	2
D0_002345	chrY	7383902	7385365	+	46	41	unresolved			1	0	0	1
D0_002346	GL000194.1	53592	54788	-	46	41	unresolved			1	0	0	1
D0_002347	KI270706.1	21692	29651	-	46	43	unresolved			1	1	0	2
D0_002348	chr1	2576956	2581353	+	45	39	preexisting_v49_gene_span			1	1	0	2
D0_002349	chr1	143727877	143729376	-	45	40	unresolved			1	0	0	1
D0_002350	chr1	148682092	148686820	-	45	39	other_v49_added_gene		ENSG00000301213	1	0	1	2
D0_002351	chr1	212713981	212721506	-	45	32	unresolved			1	1	0	2
D0_002352	chr1	226622394	226625255	+	45	35	unresolved			1	0	0	1
D0_002353	chr1	246670733	246676628	+	45	37	unresolved			1	0	0	1
D0_002354	chr2	20444924	20446895	-	45	37	other_v49_added_gene		ENSG00000290108	1	1	0	2
D0_002355	chr2	31860778	31864539	-	45	41	unresolved			1	1	0	2
D0_002356	chr2	53019369	53043922	-	45	25	unresolved			0	1	0	1
D0_002357	chr2	55132933	55134320	-	45	33	other_v49_added_gene		ENSG00000290071	1	0	0	1
D0_002358	chr2	70141424	70145748	+	45	39	other_v49_added_gene		ENSG00000305652	1	0	0	1
D0_002359	chr2	159316287	159316722	+	45	41	unresolved			1	0	0	1
D0_002360	chr4	1345187	1346695	+	45	38	preexisting_v49_gene_span			1	0	0	1
D0_002361	chr5	54557040	54567718	+	45	39	unresolved			1	1	0	2
D0_002362	chr5	67239628	67239890	+	45	44	other_v49_added_gene		ENSG00000307284,ENSG00000307304	1	0	0	1
D0_002363	chr5	70844481	70847722	+	45	43	other_v49_added_gene		ENSG00000297805	1	0	0	1
D0_002364	chr5	81892755	81892898	+	45	42	preexisting_v49_gene_span			1	0	0	1
D0_002365	chr5	97073723	97074307	+	45	39	other_v49_added_gene		ENSG00000302623	1	0	0	1
D0_002366	chr5	119256303	119260003	+	45	34	unresolved			1	1	0	2
D0_002367	chr6	31852462	31853676	-	45	37	unresolved			1	1	0	2
D0_002368	chr7	50411222	50412460	+	45	41	unresolved			1	0	0	1
D0_002369	chr7	66846945	66848111	-	45	41	unresolved			1	1	0	2
D0_002370	chr7	67254048	67259339	+	45	41	unresolved			1	0	0	1
D0_002371	chr7	76517194	76521343	+	45	40	unresolved			1	0	0	1
D0_002372	chr7	102479658	102481828	-	45	45	preexisting_v49_gene_span			1	1	0	2
D0_002373	chr7	128631272	128641045	-	45	40	unresolved			1	0	0	1
D0_002374	chr8	24289931	24292792	-	45	34	preexisting_v49_gene_span			1	0	0	1
D0_002375	chr8	42831252	42836639	-	45	34	unresolved			1	1	0	2
D0_002376	chr9	86354642	86355695	+	45	40	other_v49_added_gene		ENSG00000305613	1	0	0	1
D0_002377	chr9	120895378	120901407	+	45	42	unresolved			1	0	0	1
D0_002378	chr10	8974019	8978512	-	45	27	unresolved			1	0	0	1
D0_002379	chr10	27242189	27243046	-	45	40	preexisting_v49_gene_span			1	1	1	3
D0_002380	chr10	28510165	28519158	-	45	38	unresolved			1	1	0	2
D0_002381	chr10	46837918	46844672	+	45	43	other_v49_added_gene		ENSG00000305731	1	1	0	2
D0_002382	chr10	69055723	69057210	-	45	38	unresolved			1	0	0	1
D0_002383	chr10	72996157	72999416	-	45	38	unresolved			1	1	0	2
D0_002384	chr10	87482130	87484212	+	45	44	other_v49_added_gene		ENSG00000305816	1	0	0	1
D0_002385	chr11	61376020	61384343	+	45	34	preexisting_v49_gene_span			1	1	0	2
D0_002386	chr11	117979911	117986285	-	45	40	unresolved			1	1	1	3
D0_002387	chr11	121439109	121442572	+	45	40	unresolved			1	0	0	1
D0_002388	chr12	11315267	11319021	+	45	36	unresolved			1	0	0	1
D0_002389	chr12	31847438	31853695	-	45	39	preexisting_v49_gene_span			1	0	0	1
D0_002390	chr14	63586113	63589768	-	45	38	unresolved			1	0	0	1
D0_002391	chr15	45586310	45587198	-	45	41	unresolved			1	1	0	2
D0_002392	chr15	79951476	79960100	+	45	40	unresolved			1	0	0	1
D0_002393	chr16	57299945	57300285	+	45	41	unresolved			1	1	0	2
D0_002394	chr17	1562919	1565167	+	45	33	unresolved			1	0	0	1
D0_002395	chr17	3920578	3923095	-	45	34	other_v49_added_gene		ENSG00000297767	1	1	0	2
D0_002396	chr17	8874699	8874935	+	45	42	other_v49_added_gene		ENSG00000294790	1	0	0	1
D0_002397	chr17	39864559	39866661	+	45	21	unresolved			1	0	0	1
D0_002398	chr17	42532537	42533498	-	45	43	unresolved			1	1	0	2
D0_002399	chr18	26393412	26414657	-	45	45	other_v49_added_gene		ENSG00000308449	1	1	0	2
D0_002400	chr19	4881981	4890370	+	45	41	unresolved			1	0	0	1
D0_002401	chr19	10647564	10651826	-	45	39	unresolved			1	0	0	1
D0_002402	chr21	6127522	6128972	+	45	39	other_v49_added_gene		ENSG00000301217	1	0	0	1
D0_002403	chr22	41455324	41459231	+	45	36	preexisting_v49_gene_span			1	1	0	2
D0_002404	chr22	41666422	41671837	-	45	37	unresolved			1	1	0	2
D0_002405	chrX	65266219	65270813	+	45	38	preexisting_v49_gene_span			1	1	0	2
D0_002406	chrX	81352969	81357496	+	45	34	unresolved			1	0	0	1
D0_002407	chrY	1775145	1900833	-	45	43	unresolved			1	0	0	1
D0_002408	KI270718.1	21066	24461	-	45	35	unresolved			1	0	0	1
D0_002409	chr1	1375561	1377726	+	44	39	unresolved			1	1	0	2
D0_002410	chr1	21783906	21784993	+	44	35	unresolved			1	1	0	2
D0_002411	chr1	43368184	43370044	+	44	39	preexisting_v49_gene_span			1	1	0	2
D0_002412	chr1	90232419	90232624	-	44	43	unresolved			1	0	0	1
D0_002413	chr1	90894056	90897646	-	44	41	unresolved			1	1	0	2
D0_002414	chr1	145216184	145218445	+	44	43	unresolved			1	1	0	2
D0_002415	chr1	145233522	145235776	+	44	41	unresolved			1	1	0	2
D0_002416	chr1	149572328	149573634	+	44	39	other_v49_added_gene		ENSG00000291158	1	0	0	1
D0_002417	chr1	149812683	149813133	-	44	40	unresolved			1	1	0	2
D0_002418	chr1	162788882	162790544	-	44	39	unresolved			1	0	0	1
D0_002419	chr1	203776746	203778175	+	44	40	preexisting_v49_gene_span			1	1	0	2
D0_002420	chr2	38547901	38548211	+	44	39	other_v49_added_gene		ENSG00000296297	1	0	0	1
D0_002421	chr2	138594764	138599659	+	44	36	preexisting_v49_gene_span			1	1	0	2
D0_002422	chr2	142864299	142869496	-	44	37	other_v49_added_gene		ENSG00000303809	1	1	0	2
D0_002423	chr2	167949357	167953639	-	44	39	preexisting_v49_gene_span			1	1	0	2
D0_002424	chr2	203765644	203772433	+	44	35	unresolved			1	0	0	1
D0_002425	chr2	234565732	234602907	-	44	43	unresolved			1	1	0	2
D0_002426	chr3	138633550	138637600	-	44	38	unresolved			1	0	0	1
D0_002427	chr3	171055037	171056066	-	44	41	unresolved			1	1	0	2
D0_002428	chr4	34464011	34464105	+	44	42	unresolved			1	0	0	1
D0_002429	chr5	81402287	81405728	-	44	38	unresolved			1	1	0	2
D0_002430	chr5	83022842	83025695	-	44	39	unresolved			1	1	0	2
D0_002431	chr5	172952763	172954449	+	44	36	preexisting_v49_gene_span			1	1	0	2
D0_002432	chr6	144064628	144066987	+	44	42	unresolved			1	1	0	2
D0_002433	chr7	5872533	5879713	+	44	35	unresolved			1	1	0	2
D0_002434	chr7	38331126	38334954	+	44	38	preexisting_v49_gene_span			1	0	0	1
D0_002435	chr7	70855781	71127397	-	44	42	other_v49_added_gene		ENSG00000302255	1	1	0	2
D0_002436	chr7	123674251	123679935	-	44	39	unresolved			1	1	0	2
D0_002437	chr8	22105317	22106618	-	44	40	preexisting_v49_gene_span			1	1	0	2
D0_002438	chr8	102646134	102648119	-	44	39	unresolved			1	1	0	2
D0_002439	chr9	7476934	7477038	-	44	43	unresolved			1	0	0	1
D0_002440	chr9	136118990	136121742	+	44	37	preexisting_v49_gene_span			1	1	0	2
D0_002441	chr10	74710003	74712445	+	44	35	unresolved			1	1	0	2
D0_002442	chr10	92661811	92668743	-	44	30	unresolved			1	1	0	2
D0_002443	chr10	96591873	96593308	-	44	40	preexisting_v49_gene_span			1	1	0	2
D0_002444	chr11	62766938	62769510	+	44	36	unresolved			1	1	0	2
D0_002445	chr11	65772010	65773855	-	44	38	unresolved			1	1	0	2
D0_002446	chr12	9850346	9852980	+	44	37	unresolved			1	0	0	1
D0_002447	chr12	31799732	31805235	-	44	41	other_v49_added_gene		ENSG00000306285	1	1	0	2
D0_002448	chr12	31993409	32000345	-	44	41	unresolved			1	1	0	2
D0_002449	chr12	47304133	47306257	-	44	39	other_v49_added_gene		ENSG00000309040	1	1	0	2
D0_002450	chr12	54984823	55005875	+	44	41	other_v49_added_gene		ENSG00000299236	1	1	1	3
D0_002451	chr12	71710669	71716188	+	44	33	unresolved			1	0	0	1
D0_002452	chr12	98449323	98450992	-	44	38	other_v49_added_gene		ENSG00000302820	1	1	0	2
D0_002453	chr13	20773969	20776561	+	44	42	unresolved			1	1	0	2
D0_002454	chr16	29607853	29613012	+	44	41	unresolved			1	1	0	2
D0_002455	chr17	1686949	1698609	+	44	43	unresolved			1	1	0	2
D0_002456	chr17	5052466	5059498	-	44	38	unresolved			1	0	0	1
D0_002457	chr18	35979618	35980947	-	44	39	unresolved			1	1	0	2
D0_002458	chr19	863642	865779	+	44	41	preexisting_v49_gene_span			1	1	0	2
D0_002459	chr20	48907262	48911073	-	44	31	other_v49_added_gene		ENSG00000294533	1	0	0	1
D0_002460	chr21	42821795	42827262	+	44	30	unresolved			1	0	0	1
D0_002461	chr21	43783871	43789175	-	44	40	unresolved			1	1	0	2
D0_002462	chr22	36529549	36531272	+	44	35	unresolved			1	0	0	1
D0_002463	chr22	38701587	38704593	+	44	39	unresolved			1	1	0	2
D0_002464	chr22	41409899	41417667	-	44	41	unresolved			1	0	0	1
D0_002465	chrX	13089351	13091968	-	44	37	other_v49_added_gene		ENSG00000289959	1	0	0	1
D0_002466	chrX	26206912	26207120	-	44	43	unresolved			1	0	0	1
D0_002467	chrX	44869691	44872994	-	44	41	other_v49_added_gene		ENSG00000297847	1	1	0	2
D0_002468	chrX	107651032	107655130	-	44	35	other_v49_added_gene		ENSG00000289923	1	1	0	2
D0_002469	chrY	1883267	2157119	+	44	41	other_v49_added_gene		ENSG00000310547	1	0	0	1
D0_002470	chrY	12924881	12925291	+	44	38	unresolved			1	0	0	1
D0_002471	chrY	13245694	13247592	+	44	43	unresolved			1	0	0	1
D0_002472	chr1	31132158	31145239	+	43	41	other_v49_added_gene		ENSG00000302667	1	1	0	2
D0_002473	chr1	37490528	37492527	+	43	27	unresolved			1	0	0	1
D0_002474	chr1	40159631	40161257	-	43	39	other_v49_added_gene		ENSG00000303499	1	0	0	1
D0_002475	chr1	47325153	47333701	-	43	34	unresolved			1	1	0	2
D0_002476	chr1	83205798	83205976	+	43	41	other_v49_added_gene		ENSG00000310120	1	0	0	1
D0_002477	chr1	156505500	156507342	+	43	38	unresolved			1	0	0	1
D0_002478	chr1	161046186	161046835	+	43	39	other_v49_added_gene		ENSG00000289121	1	1	0	2
D0_002479	chr1	168253021	168259849	+	43	39	unresolved			1	1	0	2
D0_002480	chr1	204567133	204568146	-	43	41	unresolved			1	0	0	1
D0_002481	chr1	204581253	204583907	+	43	42	unresolved			1	1	0	2
D0_002482	chr1	204585434	204598747	+	43	38	unresolved			1	0	1	2
D0_002483	chr2	7745817	7750070	+	43	27	preexisting_v49_gene_span			1	0	0	1
D0_002484	chr2	33564874	33567980	+	43	34	preexisting_v49_gene_span			1	1	0	2
D0_002485	chr2	88863040	88866568	-	43	25	other_v49_added_gene		ENSG00000290104	1	1	1	3
D0_002486	chr2	97264740	97273320	-	43	40	unresolved			1	1	0	2
D0_002487	chr2	100577055	100577787	+	43	42	preexisting_v49_gene_span			1	1	0	2
D0_002488	chr2	241102633	241104932	+	43	34	other_v49_added_gene		ENSG00000289253	1	1	0	2
D0_002489	chr3	10127220	10135012	+	43	34	unresolved			1	1	0	2
D0_002490	chr3	49447814	49465212	-	43	40	unresolved			1	0	0	1
D0_002491	chr3	53276532	53282844	-	43	39	unresolved			1	1	0	2
D0_002492	chr3	184194090	184214559	+	43	40	unresolved			1	1	0	2
D0_002493	chr4	77077733	77082350	-	43	38	unresolved			1	0	0	1
D0_002494	chr4	141479493	141480181	+	43	36	unresolved			1	0	0	1
D0_002495	chr4	173423302	173429205	+	43	28	unresolved			1	1	0	2
D0_002496	chr5	69333382	69334627	+	43	43	preexisting_v49_gene_span			1	1	0	2
D0_002497	chr5	70216105	70216464	-	43	38	other_v49_added_gene		ENSG00000300022	0	0	0	0
D0_002498	chr5	71072117	71072821	+	43	41	unresolved			1	0	0	1
D0_002499	chr5	71134908	71136187	-	43	41	other_v49_added_gene		ENSG00000296329	1	0	0	1
D0_002500	chr5	80878194	80880284	+	43	39	unresolved			1	1	0	2
D0_002501	chr5	131797940	131798446	+	43	40	unresolved			1	1	0	2
D0_002502	chr5	142155357	142155787	-	43	36	unresolved			1	0	0	1
D0_002503	chr6	87670275	87674262	+	43	36	preexisting_v49_gene_span			1	0	0	1
D0_002504	chr6	132718510	132722389	-	43	34	preexisting_v49_gene_span			1	1	0	2
D0_002505	chr7	5608760	5610466	+	43	31	other_v49_added_gene		ENSG00000298264	1	0	0	1
D0_002506	chr7	66974448	66982566	-	43	32	other_v49_added_gene		ENSG00000299767	1	1	0	2
D0_002507	chr7	72844426	72862604	-	43	40	unresolved			1	0	0	1
D0_002508	chr7	123667499	123668971	-	43	35	unresolved			1	0	0	1
D0_002509	chr8	11839305	11840020	+	43	40	preexisting_v49_gene_span			1	1	0	2
D0_002510	chr8	38900395	38901217	+	43	35	unresolved			1	1	0	2
D0_002511	chr8	70103389	70106499	-	43	40	preexisting_v49_gene_span			1	1	0	2
D0_002512	chr9	87992862	87993044	-	43	42	unresolved			1	0	0	1
D0_002513	chr10	9009297	9012983	-	43	23	other_v49_added_gene		ENSG00000303941	1	1	0	2
D0_002514	chr11	59072432	59076085	-	43	35	preexisting_v49_gene_span			1	1	0	2
D0_002515	chr11	61078407	61081297	-	43	31	other_v49_added_gene		ENSG00000303405	1	1	0	2
D0_002516	chr11	64239075	64240935	-	43	40	other_v49_added_gene		ENSG00000295281	1	1	0	2
D0_002517	chr11	65253275	65257163	-	43	40	unresolved			1	0	0	1
D0_002518	chr11	66252780	66256957	+	43	39	unresolved			1	1	0	2
D0_002519	chr11	122961515	122962320	+	43	39	preexisting_v49_gene_span			1	1	0	2
D0_002520	chr14	22552662	22553584	+	43	38	unresolved			1	1	0	2
D0_002521	chr15	30132286	30134336	+	43	37	other_v49_added_gene		ENSG00000290997	1	0	0	1
D0_002522	chr15	84808038	84814570	+	43	31	unresolved			1	1	0	2
D0_002523	chr16	4300303	4308917	-	43	38	other_v49_added_gene		ENSG00000288935	1	0	0	1
D0_002524	chr16	69944251	69946736	+	43	37	preexisting_v49_gene_span			1	0	0	1
D0_002525	chr16	88866916	88871200	-	43	35	unresolved			1	1	0	2
D0_002526	chr17	5249168	5254355	+	43	29	preexisting_v49_gene_span			1	0	0	1
D0_002527	chr17	28645541	28648158	+	43	40	other_v49_added_gene		ENSG00000305391	1	1	0	2
D0_002528	chr17	28753675	28755764	-	43	37	unresolved			1	1	0	2
D0_002529	chr19	2065732	2070403	+	43	37	unresolved			1	1	0	2
D0_002530	chr19	36670994	36680092	+	43	37	other_v49_added_gene		ENSG00000301128	1	1	0	2
D0_002531	chr19	46455086	46455548	-	43	41	unresolved			1	0	0	1
D0_002532	chr19	49627097	49634574	+	43	39	unresolved			1	1	0	2
D0_002533	chr20	3051252	3063717	+	43	39	unresolved			1	1	0	2
D0_002534	chr22	36276271	36281265	-	43	39	unresolved			1	1	0	2
D0_002535	chr22	40933052	40939219	+	43	41	unresolved			1	1	0	2
D0_002536	chr22	47540866	47541141	+	43	41	unresolved			1	0	0	1
D0_002537	chrX	71112455	71116981	+	43	39	unresolved			1	1	0	2
D0_002538	chrX	79390885	79393042	+	43	36	other_v49_added_gene		ENSG00000294454	1	0	0	1
D0_002539	chrX	80831926	80837004	+	43	31	other_v49_added_gene		ENSG00000289132	1	0	0	1
D0_002540	chrY	1711271	1716134	-	43	37	unresolved			1	0	0	1
D0_002541	chrY	2932786	2935199	-	43	39	preexisting_v49_gene_span			1	1	0	2
D0_002542	KI270728.1	1077711	1078992	-	43	41	unresolved			1	1	0	2
D0_002543	chr1	110645641	110646107	-	42	31	unresolved			1	1	0	2
D0_002544	chr1	110679884	110682064	-	42	33	unresolved			1	0	0	1
D0_002545	chr1	120842137	120845637	+	42	40	other_v49_added_gene		ENSG00000308507	1	0	0	1
D0_002546	chr1	146249208	146251756	-	42	39	unresolved			1	0	0	1
D0_002547	chr1	149556677	149564005	+	42	40	other_v49_added_gene		ENSG00000291158	1	1	0	2
D0_002548	chr1	153781562	153785526	-	42	37	unresolved			1	1	0	2
D0_002549	chr1	159816501	159819976	+	42	34	unresolved			1	1	0	2
D0_002550	chr1	207318870	207321312	-	42	40	other_v49_added_gene		ENSG00000296591	1	0	0	1
D0_002551	chr2	20241973	20248643	-	42	39	preexisting_v49_gene_span			1	1	0	2
D0_002552	chr2	70128736	70133528	-	42	31	preexisting_v49_gene_span			1	1	0	2
D0_002553	chr2	173965716	173967730	+	42	36	other_v49_added_gene		ENSG00000289296	1	1	0	2
D0_002554	chr2	181411859	181417507	+	42	35	unresolved			1	0	0	1
D0_002555	chr2	183174046	183174665	-	42	37	unresolved			1	0	0	1
D0_002556	chr3	38037495	38039106	-	42	28	unresolved			1	1	0	2
D0_002557	chr3	48301756	48302328	+	42	38	other_v49_added_gene		ENSG00000289043	1	1	0	2
D0_002558	chr3	52241097	52243343	+	42	34	preexisting_v49_gene_span			1	1	0	2
D0_002559	chr4	1687664	1691615	-	42	34	unresolved			1	1	0	2
D0_002560	chr4	1867406	1871009	-	42	34	unresolved			1	1	0	2
D0_002561	chr4	77819639	77821723	-	42	35	unresolved			1	1	0	2
D0_002562	chr4	87141070	87146060	+	42	39	preexisting_v49_gene_span			1	1	0	2
D0_002563	chr4	113449977	113451013	-	42	37	preexisting_v49_gene_span			1	1	0	2
D0_002564	chr4	141409039	141410388	+	42	39	other_v49_added_gene		ENSG00000306779	1	0	0	1
D0_002565	chr5	16952127	17016720	-	42	42	other_v49_added_gene		ENSG00000303807	1	1	0	2
D0_002566	chr5	58515619	58521937	+	42	24	other_v49_added_gene		ENSG00000297661	1	0	0	1
D0_002567	chr5	70920652	70922160	-	42	35	unresolved			1	0	0	1
D0_002568	chr5	123226285	123226532	+	42	38	unresolved			1	0	0	1
D0_002569	chr5	179611608	179614177	+	42	40	unresolved			1	1	0	2
D0_002570	chr6	24794440	24796670	-	42	40	unresolved			1	0	0	1
D0_002571	chr6	27175689	27200137	+	42	39	other_v49_added_gene		ENSG00000290009,ENSG00000297504	1	1	0	2
D0_002572	chr6	27372367	27373691	-	42	35	other_v49_added_gene		ENSG00000291112	1	1	0	2
D0_002573	chr6	85292701	85293226	+	42	39	unresolved			1	1	0	2
D0_002574	chr6	87269741	87271452	-	42	35	unresolved			1	0	0	1
D0_002575	chr6	163578668	163583278	+	42	41	unresolved			1	1	0	2
D0_002576	chr7	39794064	39795281	+	42	42	preexisting_v49_gene_span			1	1	0	2
D0_002577	chr7	106077320	106083611	-	42	35	unresolved			1	1	0	2
D0_002578	chr7	139424847	139433946	-	42	38	other_v49_added_gene		ENSG00000310166	1	1	0	2
D0_002579	chr8	41916704	41920123	-	42	30	unresolved			1	0	0	1
D0_002580	chr9	107490623	107494611	+	42	37	other_v49_added_gene		ENSG00000308445	1	0	0	1
D0_002581	chr9	128810907	128818015	+	42	38	unresolved			1	1	0	2
D0_002582	chr9	134446404	134446782	-	42	36	unresolved			1	0	0	1
D0_002583	chr10	22531191	22532339	+	42	37	unresolved			1	0	0	1
D0_002584	chr10	123991156	123991517	+	42	34	other_v49_added_gene		ENSG00000308000	1	0	0	1
D0_002585	chr11	57819855	57827530	+	42	39	unresolved			1	0	0	1
D0_002586	chr11	66613806	66616313	-	42	40	preexisting_v49_gene_span			1	1	0	2
D0_002587	chr11	87331719	87336532	+	42	28	unresolved			1	1	0	2
D0_002588	chr11	123048118	123049574	+	42	35	unresolved			1	0	0	1
D0_002589	chr11	128828848	128831112	+	42	40	unresolved			1	0	0	1
D0_002590	chr12	50290821	50313136	+	42	33	other_v49_added_gene		ENSG00000305156	1	1	0	2
D0_002591	chr12	95305509	95309244	+	42	38	other_v49_added_gene		ENSG00000289476	1	1	0	2
D0_002592	chr13	74044415	74047521	+	42	36	unresolved			1	0	0	1
D0_002593	chr13	74115367	74120485	+	42	36	unresolved			1	1	0	2
D0_002594	chr14	49897152	49903078	+	42	37	unresolved			1	1	0	2
D0_002595	chr14	73229119	73231592	+	42	38	other_v49_added_gene		ENSG00000309481	1	1	0	2
D0_002596	chr14	74738840	74745724	+	42	31	unresolved			1	1	0	2
D0_002597	chr14	99111989	99115009	-	42	33	unresolved			1	1	0	2
D0_002598	chr15	74048730	74049401	+	42	39	unresolved			1	0	0	1
D0_002599	chr16	25264143	25269581	+	42	36	preexisting_v49_gene_span			1	0	0	1
D0_002600	chr16	30335379	30336156	+	42	40	unresolved			1	0	0	1
D0_002601	chr16	30348235	30350103	+	42	31	unresolved			1	1	0	2
D0_002602	chr17	75294956	75300358	+	42	33	other_v49_added_gene		ENSG00000306167	1	1	1	3
D0_002603	chr18	47631549	47631826	+	42	42	unresolved			1	0	0	1
D0_002604	chr19	350260	350629	-	42	39	unresolved			1	0	0	1
D0_002605	chr19	1441950	1444955	-	42	33	other_v49_added_gene		ENSG00000301705	1	1	0	2
D0_002606	chr19	27272911	27503984	+	42	41	unresolved			1	1	0	2
D0_002607	chr20	1430597	1433645	-	42	31	other_v49_added_gene		ENSG00000296607	1	1	0	2
D0_002608	chr20	63524185	63527741	-	42	37	unresolved			1	1	1	3
D0_002609	chr21	44883028	44884294	-	42	36	unresolved			1	0	0	1
D0_002610	chr22	40973335	41017906	+	42	41	preexisting_v49_gene_span			1	1	0	2
D0_002611	chr22	49934447	49937287	+	42	36	other_v49_added_gene		ENSG00000304008	1	0	0	1
D0_002612	chrX	47440608	47445484	-	42	38	preexisting_v49_gene_span			1	1	0	2
D0_002613	chrX	53180763	53185121	-	42	35	preexisting_v49_gene_span			1	0	0	1
D0_002614	chrX	77895710	77897321	+	42	36	preexisting_v49_gene_span			1	1	0	2
D0_002615	KI270746.1	36127	36267	+	42	40	unresolved			1	0	0	1
D0_002616	chr1	1509949	1511672	-	41	32	unresolved			1	1	0	2
D0_002617	chr1	12517933	12524856	+	41	34	unresolved			1	1	0	2
D0_002618	chr1	22109010	22111030	+	41	36	unresolved			1	0	0	1
D0_002619	chr1	27310575	27314089	+	41	36	preexisting_v49_gene_span			1	1	0	2
D0_002620	chr1	151863675	151870706	-	41	36	unresolved			1	1	0	2
D0_002621	chr1	157778912	157781894	-	41	34	unresolved			1	0	0	1
D0_002622	chr1	247188538	247189813	-	41	39	primary_match	ENSG00000290683	ENSG00000290683	1	1	0	2
D0_002623	chr2	43170824	43179375	+	41	36	other_v49_added_gene		ENSG00000307950,ENSG00000308021	1	1	0	2
D0_002624	chr2	46649843	46655953	+	41	36	preexisting_v49_gene_span			1	1	0	2
D0_002625	chr2	70293828	70294943	+	41	38	other_v49_added_gene		ENSG00000302580	1	1	0	2
D0_002626	chr2	174529587	174533615	-	41	34	unresolved			1	0	0	1
D0_002627	chr2	174536968	174539349	-	41	32	unresolved			1	0	0	1
D0_002628	chr2	240632338	240633622	+	41	37	preexisting_v49_gene_span			1	1	0	2
D0_002629	chr3	32515151	32524958	+	41	38	unresolved			1	1	0	2
D0_002630	chr3	57940133	57942772	+	41	35	preexisting_v49_gene_span			1	1	0	2
D0_002631	chr3	150540665	150541883	-	41	40	unresolved			1	0	0	1
D0_002632	chr3	154271109	154272197	-	41	39	unresolved			1	1	0	2
D0_002633	chr3	197037365	197038122	+	41	39	unresolved			1	0	0	1
D0_002634	chr4	59271965	59272077	+	41	40	unresolved			1	0	0	1
D0_002635	chr4	141519036	141524852	+	41	35	unresolved			1	0	0	1
D0_002636	chr4	189353045	189355243	-	41	30	other_v49_added_gene		ENSG00000308752	0	1	0	1
D0_002637	chr5	40814777	40821179	-	41	31	unresolved			1	1	0	2
D0_002638	chr5	70805115	70806323	+	41	37	other_v49_added_gene		ENSG00000297805	1	0	0	1
D0_002639	chr5	177517241	177519785	+	41	35	unresolved			1	1	0	2
D0_002640	chr6	24787302	24790099	+	41	37	unresolved			1	1	0	2
D0_002641	chr6	26052743	26055786	-	41	36	preexisting_v49_gene_span			1	1	0	2
D0_002642	chr6	51409026	51409835	-	41	40	unresolved			1	1	0	2
D0_002643	chr6	122440648	122442665	+	41	39	unresolved			1	1	0	2
D0_002644	chr6	170532462	170535076	-	41	40	other_v49_added_gene		ENSG00000288829	1	1	0	2
D0_002645	chr7	38249579	38253648	-	41	36	preexisting_v49_gene_span			1	0	0	1
D0_002646	chr7	40116521	40125219	+	41	33	unresolved			1	1	0	2
D0_002647	chr7	44956727	44958613	+	41	34	unresolved			1	0	0	1
D0_002648	chr7	106085353	106090019	-	41	37	unresolved			1	1	0	2
D0_002649	chr7	142795932	142796556	-	41	35	unresolved			1	1	0	2
D0_002650	chr8	8937666	8938066	-	41	40	unresolved			1	0	0	1
D0_002651	chr8	23186542	23189073	-	41	40	unresolved			1	1	0	2
D0_002652	chr8	60989800	60999563	+	41	31	preexisting_v49_gene_span			1	1	1	3
D0_002653	chr9	80640412	80644660	+	41	30	unresolved			1	1	0	2
D0_002654	chr9	99154780	99157881	+	41	38	unresolved			1	1	0	2
D0_002655	chr9	120803172	120812375	-	41	29	unresolved			1	1	0	2
D0_002656	chr10	6254846	6255684	-	41	33	other_v49_added_gene		ENSG00000302099	1	0	0	1
D0_002657	chr10	96747054	96752334	+	41	20	primary_match	ENSG00000297649	ENSG00000297649	1	1	0	2
D0_002658	chr11	44252136	44255344	+	41	32	unresolved			1	1	0	2
D0_002659	chr11	60161215	60163900	-	41	37	unresolved			1	1	0	2
D0_002660	chr12	56201056	56202113	+	41	39	unresolved			1	1	0	2
D0_002661	chr14	65153662	65170300	+	41	30	other_v49_added_gene		ENSG00000309897	1	0	0	1
D0_002662	chr14	77032145	77035193	+	41	36	preexisting_v49_gene_span			1	1	0	2
D0_002663	chr14	105904996	105905490	-	41	19	other_v49_added_gene		ENSG00000288730	1	1	0	2
D0_002664	chr15	52936861	52937091	-	41	41	unresolved			1	1	0	2
D0_002665	chr16	17772821	17772943	-	41	36	unresolved			1	0	0	1
D0_002666	chr16	35169329	35169606	-	41	40	unresolved			1	1	0	2
D0_002667	chr16	66716298	66719124	-	41	38	unresolved			1	1	0	2
D0_002668	chr17	4376735	4407018	-	41	36	unresolved			1	1	0	2
D0_002669	chr17	7545266	7548676	-	41	28	unresolved			1	1	0	2
D0_002670	chr17	68159190	68167386	+	41	35	other_v49_added_gene		ENSG00000291214	1	1	1	3
D0_002671	chr17	82098529	82101229	+	41	34	unresolved			1	1	0	2
D0_002672	chr17	83099322	83102766	+	41	34	unresolved			1	1	0	2
D0_002673	chr19	19363270	19364878	-	41	38	other_v49_added_gene		ENSG00000294647	1	0	0	1
D0_002674	chr19	47382953	47389585	-	41	38	unresolved			1	0	0	1
D0_002675	chr20	3065072	3071448	-	41	36	other_v49_added_gene		ENSG00000305741	1	1	0	2
D0_002676	chr21	42448782	42451866	+	41	33	unresolved			1	0	0	1
D0_002677	chr21	42815272	42818668	-	41	37	unresolved			1	1	0	2
D0_002678	chr22	35297500	35298795	-	41	37	unresolved			1	0	0	1
D0_002679	chr22	41449847	41456374	-	41	35	unresolved			1	1	0	2
D0_002680	chrX	21898163	21914793	+	41	28	unresolved			1	1	0	2
D0_002681	chrX	30587687	30590634	-	41	29	unresolved			1	1	0	2
D0_002682	chrX	68785264	68786998	+	41	40	unresolved			1	1	0	2
D0_002683	chrX	75033117	75039587	-	41	32	unresolved			1	0	0	1
D0_002684	chrX	122616810	122616913	-	41	41	unresolved			1	0	0	1
D0_002685	chrY	21153872	21157071	-	41	28	unresolved			1	0	0	1
D0_002686	GL000008.2	79937	201515	-	41	41	unresolved			1	1	0	2
D0_002687	chr1	10391259	10394871	+	40	29	unresolved			1	1	0	2
D0_002688	chr1	52582344	52586275	-	40	28	unresolved			1	0	0	1
D0_002689	chr1	116070426	116076835	+	40	33	unresolved			1	1	0	2
D0_002690	chr1	145408707	145411888	-	40	38	preexisting_v49_gene_span			1	0	0	1
D0_002691	chr1	159910780	159912925	+	40	35	unresolved			1	0	0	1
D0_002692	chr2	32353199	32356244	+	40	39	unresolved			1	0	0	1
D0_002693	chr2	42122827	42134772	+	40	28	unresolved			1	1	0	2
D0_002694	chr2	70109116	70111626	+	40	34	unresolved			1	0	0	1
D0_002695	chr2	74985696	74995370	+	40	38	unresolved			1	1	0	2
D0_002696	chr2	138588276	138593530	+	40	35	preexisting_v49_gene_span			1	0	0	1
D0_002697	chr2	231649262	231700910	+	40	38	other_v49_added_gene		ENSG00000304034	1	1	0	2
D0_002698	chr2	234480521	234483902	-	40	29	unresolved			1	0	0	1
D0_002699	chr3	15553490	15557898	-	40	37	unresolved			1	1	0	2
D0_002700	chr3	128598159	128602257	-	40	35	other_v49_added_gene		ENSG00000306450	1	0	0	1
D0_002701	chr3	128876823	128879423	-	40	35	preexisting_v49_gene_span			1	1	0	2
D0_002702	chr3	185938215	185939148	+	40	31	unresolved			1	1	0	2
D0_002703	chr4	4248346	4250597	+	40	37	other_v49_added_gene		ENSG00000289032	1	1	0	2
D0_002704	chr4	24514654	24517294	-	40	35	unresolved			1	0	0	1
D0_002705	chr4	113449622	113450362	+	40	35	other_v49_added_gene		ENSG00000308709	1	0	0	1
D0_002706	chr4	141378537	141381369	+	40	33	other_v49_added_gene		ENSG00000306779	1	0	0	1
D0_002707	chr4	141399622	141404589	+	40	37	other_v49_added_gene		ENSG00000306779	1	0	0	1
D0_002708	chr4	141482930	141490590	+	40	33	unresolved			1	1	0	2
D0_002709	chr4	184330307	184330842	+	40	31	unresolved			0	0	0	0
D0_002710	chr5	80111224	80111613	-	40	36	preexisting_v49_gene_span			1	1	0	2
D0_002711	chr5	172035747	172039110	-	40	38	unresolved			1	0	0	1
D0_002712	chr8	8984670	8997270	+	40	34	unresolved			1	1	0	2
D0_002713	chr10	15769007	15772957	-	40	36	unresolved			1	1	0	2
D0_002714	chr10	62097043	62102121	+	40	35	unresolved			1	1	0	2
D0_002715	chr10	87475201	87477124	+	40	36	other_v49_added_gene		ENSG00000305816	1	0	0	1
D0_002716	chr10	104029276	104031184	+	40	28	unresolved			1	1	0	2
D0_002717	chr10	123995310	123997993	-	40	31	other_v49_added_gene		ENSG00000307961,ENSG00000288757	1	1	0	2
D0_002718	chr11	518141	527428	+	40	32	other_v49_added_gene		ENSG00000289997	1	1	0	2
D0_002719	chr11	75754658	75754787	+	40	38	unresolved			1	0	0	1
D0_002720	chr11	119063627	119067369	-	40	35	preexisting_v49_gene_span			1	1	0	2
D0_002721	chr12	52000075	52002437	+	40	33	unresolved			1	0	0	1
D0_002722	chr13	74057610	74058591	+	40	36	unresolved			1	0	0	1
D0_002723	chr13	74094378	74095643	+	40	37	unresolved			1	0	0	1
D0_002724	chr14	23921508	23921661	+	40	39	unresolved			1	0	0	1
D0_002725	chr14	43300664	43300933	+	40	38	other_v49_added_gene		ENSG00000304991	1	0	0	1
D0_002726	chr14	91447589	91453193	-	40	33	unresolved			1	0	0	1
D0_002727	chr14	101945357	101947905	-	40	36	other_v49_added_gene		ENSG00000289482	1	0	0	1
D0_002728	chr14	102732710	102733012	-	40	34	unresolved			1	0	0	1
D0_002729	chr14	106014673	106015541	+	40	38	unresolved			1	0	0	1
D0_002730	chr15	41116946	41119353	+	40	34	unresolved			1	1	0	2
D0_002731	chr15	51819297	51824837	+	40	35	unresolved			1	1	0	2
D0_002732	chr15	75456082	75459539	+	40	31	unresolved			1	0	0	1
D0_002733	chr16	7875168	7875329	+	40	40	unresolved			1	0	0	1
D0_002734	chr16	28418584	28428576	-	40	37	other_v49_added_gene		ENSG00000309043	1	1	0	2
D0_002735	chr16	67938028	67939716	-	40	36	unresolved			1	1	0	2
D0_002736	chr16	70099853	70105200	+	40	37	unresolved			1	0	0	1
D0_002737	chr17	446075	448122	-	40	36	unresolved			1	0	0	1
D0_002738	chr17	35373752	35375525	+	40	37	other_v49_added_gene		ENSG00000302034	1	1	0	2
D0_002739	chr17	49591530	49598321	-	40	35	unresolved			1	1	0	2
D0_002740	chr17	50708112	50709887	+	40	32	unresolved			1	0	0	1
D0_002741	chr19	4593911	4619894	-	40	30	unresolved			1	0	0	1
D0_002742	chr19	6863729	6868275	+	40	34	unresolved			1	0	0	1
D0_002743	chr19	7647939	7660391	+	40	34	unresolved			1	1	0	2
D0_002744	chr19	13158949	13163015	-	40	35	other_v49_added_gene		ENSG00000300750	1	1	0	2
D0_002745	chr19	40285819	40286362	+	40	32	unresolved			1	0	0	1
D0_002746	chr20	13370392	13380165	-	40	31	unresolved			1	1	0	2
D0_002747	chr20	51951747	51999331	-	40	33	other_v49_added_gene		ENSG00000295844	1	1	0	2
D0_002748	chr20	62383609	62386278	-	40	24	unresolved			1	1	0	2
D0_002749	chrX	53924580	53931106	-	40	35	unresolved			1	1	0	2
D0_002750	chrX	94930964	94931123	+	40	39	unresolved			1	0	0	1
D0_002751	chr1	184885	185122	-	39	38	other_v49_added_gene		ENSG00000310528,ENSG00000310527	1	1	0	2
D0_002752	chr1	8899203	8902971	-	39	28	other_v49_added_gene		ENSG00000310107	1	0	0	1
D0_002753	chr1	23788238	23789321	+	39	34	unresolved			1	1	0	2
D0_002754	chr1	32249043	32250023	-	39	29	unresolved			1	0	0	1
D0_002755	chr1	110661646	110662098	+	39	35	other_v49_added_gene		ENSG00000300042	1	0	0	1
D0_002756	chr1	150164896	150168755	+	39	32	preexisting_v49_gene_span			1	1	0	2
D0_002757	chr1	150582935	150587863	-	39	37	unresolved			1	1	0	2
D0_002758	chr1	151330529	151337006	-	39	35	unresolved			1	1	0	2
D0_002759	chr1	151853822	151857080	+	39	36	unresolved			1	1	0	2
D0_002760	chr1	151979395	151982853	-	39	34	unresolved			1	1	0	2
D0_002761	chr1	161070045	161070728	+	39	35	unresolved			1	1	0	2
D0_002762	chr2	7101978	7102748	-	39	37	unresolved			1	0	0	1
D0_002763	chr2	10473972	10564891	-	39	35	other_v49_added_gene		ENSG00000307162	1	1	0	2
D0_002764	chr2	68438895	68439946	+	39	9	unresolved			1	0	0	1
D0_002765	chr2	101895049	101896352	+	39	34	unresolved			1	1	0	2
D0_002766	chr2	230403954	230408320	+	39	36	unresolved			1	1	0	2
D0_002767	chr3	73380642	73380875	-	39	37	unresolved			1	0	0	1
D0_002768	chr3	101712075	101717126	+	39	34	other_v49_added_gene		ENSG00000293268	1	1	0	2
D0_002769	chr3	129082579	129085237	-	39	35	unresolved			1	0	0	1
D0_002770	chr3	160488680	160494766	-	39	35	unresolved			1	1	0	2
D0_002771	chr3	193705068	193705457	-	39	36	unresolved			1	0	0	1
D0_002772	chr4	1388051	1391544	+	39	37	preexisting_v49_gene_span			1	1	0	2
D0_002773	chr4	146522438	146523849	+	39	33	other_v49_added_gene		ENSG00000288998	1	1	0	2
D0_002774	chr4	176339823	176342272	+	39	33	other_v49_added_gene		ENSG00000289520	1	1	0	2
D0_002775	chr5	34137336	34142634	-	39	36	primary_match	ENSG00000290548	ENSG00000290548	1	1	0	2
D0_002776	chr5	37074739	37079162	-	39	34	unresolved			1	1	0	2
D0_002777	chr5	77873874	77887370	+	39	28	other_v49_added_gene		ENSG00000296090	1	1	1	3
D0_002778	chr5	85549968	85550682	+	39	36	unresolved			1	0	0	1
D0_002779	chr5	123623904	123628643	+	39	32	unresolved			1	1	0	2
D0_002780	chr6	34576805	34577813	+	39	36	unresolved			1	0	0	1
D0_002781	chr6	90506334	90510651	-	39	28	unresolved			1	1	0	2
D0_002782	chr7	1805131	1805478	+	39	39	unresolved			1	0	0	1
D0_002783	chr7	2664832	2679247	-	39	36	unresolved			1	1	0	2
D0_002784	chr7	8767735	8915869	+	39	38	unresolved			1	1	0	2
D0_002785	chr7	30259574	30263224	+	39	32	unresolved			1	0	0	1
D0_002786	chr7	30282035	30284579	-	39	34	other_v49_added_gene		ENSG00000297045	1	1	0	2
D0_002787	chr7	50413731	50415832	+	39	34	unresolved			1	0	0	1
D0_002788	chr7	106940095	107023300	+	39	30	unresolved			1	1	0	2
D0_002789	chr7	148884439	148888473	+	39	36	unresolved			1	1	0	2
D0_002790	chr8	67811106	67829801	+	39	38	unresolved			1	1	0	2
D0_002791	chr8	97731038	97745752	+	39	29	unresolved			1	1	0	2
D0_002792	chr9	3691891	3693616	+	39	32	preexisting_v49_gene_span			1	1	0	2
D0_002793	chr9	66811156	66851525	-	39	39	other_v49_added_gene		ENSG00000308540	1	0	0	1
D0_002794	chr9	93047659	93048552	-	39	38	unresolved			1	0	0	1
D0_002795	chr9	122913608	122915441	-	39	34	unresolved			1	1	0	2
D0_002796	chr9	124060611	124225757	+	39	38	other_v49_added_gene		ENSG00000308378,ENSG00000303651,ENSG00000306523	1	1	0	2
D0_002797	chr9	129412470	129415865	+	39	37	other_v49_added_gene		ENSG00000294888	1	1	0	2
D0_002798	chr10	3803690	3807077	+	39	38	other_v49_added_gene		ENSG00000288755,ENSG00000295332	1	0	0	1
D0_002799	chr10	23432927	23433511	+	39	32	other_v49_added_gene		ENSG00000299296	1	0	0	1
D0_002800	chr10	46658244	46674321	+	39	38	unresolved			1	0	0	1
D0_002801	chr10	96753518	96761879	+	39	21	unresolved			1	0	0	1
D0_002802	chr10	112828333	112831160	-	39	36	unresolved			1	0	0	1
D0_002803	chr11	1524581	1527630	+	39	33	unresolved			1	0	0	1
D0_002804	chr11	67445796	67450653	+	39	34	unresolved			1	1	0	2
D0_002805	chr12	10572812	10576044	+	39	25	preexisting_v49_gene_span			1	1	1	3
D0_002806	chr12	56697001	56712413	-	39	34	preexisting_v49_gene_span			1	1	0	2
D0_002807	chr12	90351034	90452813	+	39	39	unresolved			1	1	0	2
D0_002808	chr12	121620956	121626544	-	39	26	other_v49_added_gene		ENSG00000302371	1	0	0	1
D0_002809	chr13	46332886	46341670	-	39	30	preexisting_v49_gene_span			1	1	0	2
D0_002810	chr14	21847244	21850976	+	39	27	unresolved			1	1	0	2
D0_002811	chr14	33896210	33896427	-	39	39	unresolved			1	0	0	1
D0_002812	chr14	75176691	75178729	+	39	34	preexisting_v49_gene_span			1	1	0	2
D0_002813	chr14	95492063	95498647	-	39	36	preexisting_v49_gene_span			1	1	0	2
D0_002814	chr15	44285699	44288486	-	39	31	other_v49_added_gene		ENSG00000289277	1	1	0	2
D0_002815	chr15	84661105	84665784	-	39	33	unresolved			1	1	0	2
D0_002816	chr16	31197738	31201458	-	39	38	unresolved			1	1	0	2
D0_002817	chr16	56945736	56949788	+	39	33	unresolved			1	0	0	1
D0_002818	chr17	17391874	17394142	+	39	27	other_v49_added_gene		ENSG00000290056	1	1	0	2
D0_002819	chr17	48123587	48126603	+	39	37	preexisting_v49_gene_span			1	1	0	2
D0_002820	chr17	48866583	48868215	+	39	37	preexisting_v49_gene_span			1	1	0	2
D0_002821	chr17	67058554	67065170	-	39	36	unresolved			1	1	0	2
D0_002822	chr18	21525449	21529238	-	39	32	preexisting_v49_gene_span			1	1	0	2
D0_002823	chr19	1901072	1903929	-	39	30	unresolved			1	1	0	2
D0_002824	chr19	4067121	4077251	-	39	34	preexisting_v49_gene_span			1	0	0	1
D0_002825	chr19	6413137	6413338	-	39	36	preexisting_v49_gene_span			1	1	0	2
D0_002826	chr19	6941389	6943335	+	39	36	unresolved			1	1	0	2
D0_002827	chr19	17398312	17402494	+	39	35	unresolved			1	1	0	2
D0_002828	chr19	17821731	17822997	-	39	31	unresolved			1	0	0	1
D0_002829	chr19	34252252	34254524	-	39	32	unresolved			1	0	0	1
D0_002830	chr19	35206886	35207928	+	39	32	other_v49_added_gene		ENSG00000294495	1	0	0	1
D0_002831	chr19	49631539	49635157	-	39	33	unresolved			1	1	0	2
D0_002832	chr19	51139308	51141056	+	39	36	preexisting_v49_gene_span			1	1	0	2
D0_002833	chr20	56188897	56189190	+	39	39	unresolved			1	0	0	1
D0_002834	chr20	56465725	56468251	-	39	36	other_v49_added_gene		ENSG00000303540	1	1	0	2
D0_002835	chr22	17173150	17178661	+	39	31	unresolved			1	0	0	1
D0_002836	chr22	28857019	28882599	-	39	33	other_v49_added_gene		ENSG00000302057	1	1	0	2
D0_002837	chr22	36269587	36273201	-	39	29	unresolved			1	0	0	1
D0_002838	chr22	39981376	39983418	-	39	36	unresolved			1	0	1	2
D0_002839	chrX	65149305	65157769	+	39	34	preexisting_v49_gene_span			1	1	0	2
D0_002840	chrX	101776968	101778181	-	39	38	unresolved			1	0	0	1
D0_002841	KI270743.1	14928	199514	+	39	37	unresolved			1	1	0	2
D0_002842	chr1	83170218	83184939	-	38	37	preexisting_v49_gene_span			1	0	0	1
D0_002843	chr1	144522926	144523856	-	38	32	unresolved			1	1	0	2
D0_002844	chr1	168262824	168264779	+	38	33	unresolved			1	1	0	2
D0_002845	chr1	204494983	204495893	+	38	30	unresolved			1	1	0	2
D0_002846	chr1	235010222	235011991	-	38	33	unresolved			1	1	0	2
D0_002847	chr2	55629535	55633809	+	38	28	unresolved			1	1	0	2
D0_002848	chr2	62228999	62230641	-	38	36	unresolved			1	0	0	1
D0_002849	chr2	71439859	71443590	+	38	29	unresolved			1	1	0	2
D0_002850	chr2	73756817	73757184	+	38	35	unresolved			1	0	0	1
D0_002851	chr2	84907035	84908337	-	38	32	unresolved			1	1	0	2
D0_002852	chr2	96536164	96536587	-	38	30	unresolved			1	0	0	1
D0_002853	chr2	103496757	103496883	+	38	36	unresolved			0	0	0	0
D0_002854	chr2	128534425	128578201	+	38	36	unresolved			1	0	0	1
D0_002855	chr2	189765715	189769921	-	38	37	preexisting_v49_gene_span			1	1	0	2
D0_002856	chr2	237604315	237605584	+	38	34	unresolved			1	0	0	1
D0_002857	chr2	238500738	238501653	+	38	35	unresolved			1	0	0	1
D0_002858	chr3	9888606	9890527	-	38	28	unresolved			1	1	0	2
D0_002859	chr3	150402045	150408323	-	38	35	preexisting_v49_gene_span			1	1	0	2
D0_002860	chr3	157137910	157139454	+	38	30	preexisting_v49_gene_span			1	1	0	2
D0_002861	chr5	34133498	34135659	-	38	38	other_v49_added_gene		ENSG00000290548	1	1	0	2
D0_002862	chr5	50384545	50387236	-	38	32	unresolved			1	0	0	1
D0_002863	chr5	54310710	54312323	+	38	31	other_v49_added_gene		ENSG00000293676	1	1	0	2
D0_002864	chr5	70084238	70086328	-	38	34	unresolved			1	0	0	1
D0_002865	chr5	70279179	70280738	-	38	34	other_v49_added_gene		ENSG00000300022	1	0	0	1
D0_002866	chr5	71069792	71073724	-	38	38	other_v49_added_gene		ENSG00000304332	1	1	0	2
D0_002867	chr5	79687329	79688905	+	38	33	preexisting_v49_gene_span			1	1	0	2
D0_002868	chr5	115573561	115575161	-	38	33	unresolved			1	1	0	2
D0_002869	chr5	138544778	138548728	-	38	31	unresolved			1	0	1	2
D0_002870	chr5	179789197	179793550	-	38	33	unresolved			1	0	0	1
D0_002871	chr6	27156734	27159158	+	38	34	unresolved			1	1	0	2
D0_002872	chr6	31582739	31585293	+	38	33	unresolved			1	1	0	2
D0_002873	chr6	32548540	32552695	-	38	30	primary_match	ENSG00000290878	ENSG00000290878	1	1	0	2
D0_002874	chr6	43456778	43461022	+	38	32	unresolved			1	1	0	2
D0_002875	chr7	2899707	2901232	-	38	30	unresolved			1	0	0	1
D0_002876	chr7	44069534	44072056	-	38	38	preexisting_v49_gene_span			1	1	0	2
D0_002877	chr7	75075902	75079477	+	38	33	unresolved			1	0	0	1
D0_002878	chr7	76318262	76322495	+	38	34	other_v49_added_gene		ENSG00000289059	1	1	0	2
D0_002879	chr7	123670468	123672653	-	38	36	unresolved			1	1	0	2
D0_002880	chr8	11839355	11842502	-	38	29	unresolved			1	1	0	2
D0_002881	chr8	42336723	42338396	+	38	34	unresolved			1	1	0	2
D0_002882	chr8	53959542	53965896	-	38	33	unresolved			1	0	0	1
D0_002883	chr8	130044493	130045480	-	38	34	unresolved			1	0	0	1
D0_002884	chr8	145049150	145052222	-	38	32	unresolved			1	1	0	2
D0_002885	chr9	36332508	36335862	-	38	34	unresolved			1	0	0	1
D0_002886	chr9	40952582	40953168	+	38	35	unresolved			1	0	0	1
D0_002887	chr9	112370645	112374322	-	38	29	unresolved			1	1	0	2
D0_002888	chr10	6616951	6618374	+	38	38	unresolved			1	1	0	2
D0_002889	chr10	73106102	73108994	-	38	36	unresolved			1	0	0	1
D0_002890	chr10	110868887	110869504	-	38	33	preexisting_v49_gene_span			1	1	0	2
D0_002891	chr11	6691930	6694195	+	38	34	other_v49_added_gene		ENSG00000294763,ENSG00000294796	1	1	0	2
D0_002892	chr11	85954469	85955227	+	38	37	unresolved			1	0	0	1
D0_002893	chr11	118868099	118869652	+	38	33	unresolved			1	0	0	1
D0_002894	chr12	11283645	11288141	+	38	35	unresolved			1	1	0	2
D0_002895	chr12	56044736	56052544	+	38	33	unresolved			1	0	0	1
D0_002896	chr12	92497241	92502776	+	38	23	unresolved			1	0	0	1
D0_002897	chr12	111902541	111904693	-	38	34	unresolved			1	0	0	1
D0_002898	chr14	55361949	55365466	-	38	33	unresolved			1	1	0	2
D0_002899	chr14	65322141	65326941	+	38	27	other_v49_added_gene		ENSG00000302621	1	0	0	1
D0_002900	chr14	70564156	70566030	-	38	38	unresolved			1	1	0	2
D0_002901	chr15	63496530	63500238	-	38	32	preexisting_v49_gene_span			1	0	0	1
D0_002902	chr16	46625602	46626194	-	38	34	unresolved			1	0	0	1
D0_002903	chr16	47701702	47704815	+	38	32	unresolved			1	0	0	1
D0_002904	chr17	40542673	40546709	-	38	35	other_v49_added_gene		ENSG00000308563	1	0	0	1
D0_002905	chr17	42994810	42997697	+	38	34	preexisting_v49_gene_span			1	1	0	2
D0_002906	chr17	68241798	68246604	-	38	35	preexisting_v49_gene_span			1	0	0	1
D0_002907	chr17	77500609	77501537	+	38	34	unresolved			1	0	0	1
D0_002908	chr18	122227	129819	+	38	37	other_v49_added_gene		ENSG00000290877	1	0	0	1
D0_002909	chr19	5583104	5585281	-	38	37	unresolved			1	0	0	1
D0_002910	chr19	40766033	40770735	+	38	32	preexisting_v49_gene_span			1	1	0	2
D0_002911	chr19	45704105	45710009	-	38	34	unresolved			1	1	0	2
D0_002912	chr19	52700262	52702231	+	38	35	other_v49_added_gene		ENSG00000296501	1	1	0	2
D0_002913	chr19	54442485	54444712	+	38	38	unresolved			1	0	0	1
D0_002914	chr20	3174777	3180366	-	38	30	unresolved			1	1	0	2
D0_002915	chr20	37289147	37289611	-	38	36	other_v49_added_gene		ENSG00000300726	1	1	0	2
D0_002916	chr20	41632560	41632970	-	38	13	other_v49_added_gene		ENSG00000288843	1	0	0	1
D0_002917	chr20	45972643	45974355	+	38	31	unresolved			1	1	0	2
D0_002918	chr22	37118510	37121887	-	38	33	preexisting_v49_gene_span			1	0	0	1
D0_002919	chrX	48562906	48567301	+	38	30	unresolved			1	1	0	2
D0_002920	chrX	75328666	75329786	+	38	38	unresolved			1	1	0	2
D0_002921	chrX	81361037	81362413	+	38	36	other_v49_added_gene		ENSG00000296721	1	0	0	1
D0_002922	chrX	146618730	146619041	-	38	37	unresolved			1	1	0	2
D0_002923	chrY	1605575	1609192	+	38	36	unresolved			1	0	0	1
D0_002924	chrY	2192415	2197893	-	38	33	unresolved			1	0	0	1
D0_002925	KI270706.1	111391	118661	+	38	34	unresolved			1	1	0	2
D0_002926	chr1	21431630	21432433	+	37	35	unresolved			1	1	0	2
D0_002927	chr1	26813931	26822488	+	37	30	preexisting_v49_gene_span			1	1	0	2
D0_002928	chr1	27308944	27310026	-	37	36	unresolved			1	1	0	2
D0_002929	chr1	28648934	28653914	-	37	31	unresolved			1	1	0	2
D0_002930	chr1	149870937	149872369	+	37	32	unresolved			1	0	0	1
D0_002931	chr1	161610100	161613142	+	37	29	unresolved			1	1	0	2
D0_002932	chr1	181093547	181147096	-	37	35	other_v49_added_gene		ENSG00000303906	1	1	0	2
D0_002933	chr1	201952896	201954956	-	37	32	unresolved			1	1	0	2
D0_002934	chr2	9631022	9632032	+	37	32	preexisting_v49_gene_span			1	0	0	1
D0_002935	chr2	10690023	10690342	+	37	34	unresolved			1	0	0	1
D0_002936	chr2	42122426	42134567	-	37	30	other_v49_added_gene		ENSG00000308102	1	1	0	2
D0_002937	chr2	42800772	42804865	+	37	33	unresolved			1	1	0	2
D0_002938	chr2	112837752	112839482	-	37	28	unresolved			1	0	0	1
D0_002939	chr2	231705427	231706667	-	37	35	other_v49_added_gene		ENSG00000289018	1	1	0	2
D0_002940	chr3	50263674	50264281	+	37	30	unresolved			1	0	0	1
D0_002941	chr3	58471656	58484763	+	37	34	other_v49_added_gene		ENSG00000295019	1	1	1	3
D0_002942	chr3	113712114	113715372	-	37	31	unresolved			1	1	0	2
D0_002943	chr3	156711405	156713310	-	37	32	preexisting_v49_gene_span			1	1	0	2
D0_002944	chr4	9033467	9033745	-	37	32	preexisting_v49_gene_span			1	0	0	1
D0_002945	chr4	17793445	17796929	-	37	29	preexisting_v49_gene_span			1	1	0	2
D0_002946	chr4	70840150	70844501	+	37	32	unresolved			1	0	0	1
D0_002947	chr4	77045622	77046340	-	37	36	unresolved			1	0	0	1
D0_002948	chr4	91983921	91984079	+	37	36	unresolved			1	0	0	1
D0_002949	chr4	141620785	141624467	+	37	32	unresolved			1	0	0	1
D0_002950	chr4	145661070	145662371	+	37	36	unresolved			1	1	0	2
D0_002951	chr5	32523960	32524081	+	37	37	unresolved			1	1	0	2
D0_002952	chr5	70895131	70895441	-	37	36	unresolved			1	0	0	1
D0_002953	chr5	134096626	134103753	-	37	32	other_v49_added_gene		ENSG00000309104,ENSG00000309115	1	0	0	1
D0_002954	chr5	154687935	154695754	+	37	28	preexisting_v49_gene_span			1	1	0	2
D0_002955	chr5	179777671	179780314	+	37	33	unresolved			1	0	0	1
D0_002956	chr6	26200735	26202010	+	37	26	other_v49_added_gene		ENSG00000291336,ENSG00000291338,ENSG00000301014	1	0	0	1
D0_002957	chr6	31514807	31514925	+	37	35	unresolved			1	0	0	1
D0_002958	chr6	32985232	32987671	-	37	31	unresolved			1	0	0	1
D0_002959	chr6	33089793	33091588	+	37	27	unresolved			1	1	0	2
D0_002960	chr6	42948865	42953275	+	37	29	unresolved			1	0	0	1
D0_002961	chr6	87717945	87719058	-	37	32	unresolved			1	0	0	1
D0_002962	chr7	5861010	5867235	+	37	35	unresolved			1	1	0	2
D0_002963	chr7	25125548	25126508	+	37	29	other_v49_added_gene		ENSG00000296268	1	1	0	2
D0_002964	chr7	38716408	38718404	-	37	34	unresolved			1	1	0	2
D0_002965	chr7	75334773	75335748	-	37	35	unresolved			1	0	0	1
D0_002966	chr7	101073019	101073119	+	37	35	unresolved			1	0	0	1
D0_002967	chr7	102532190	102534631	+	37	32	unresolved			1	0	0	1
D0_002968	chr8	303207	303487	-	37	34	unresolved			1	1	0	2
D0_002969	chr9	30690618	30690984	+	37	34	unresolved			1	0	0	1
D0_002970	chr9	37365123	37368426	+	37	34	unresolved			1	1	0	2
D0_002971	chr9	41366516	41367908	-	37	35	unresolved			1	0	0	1
D0_002972	chr9	63705263	63708611	+	37	35	unresolved			1	0	0	1
D0_002973	chr9	94463138	94466390	+	37	32	unresolved			1	0	0	1
D0_002974	chr10	6638309	6642380	+	37	30	preexisting_v49_gene_span			1	1	0	2
D0_002975	chr10	20299034	20302978	+	37	35	unresolved			1	1	0	2
D0_002976	chr10	75232640	75233170	-	37	35	unresolved			1	1	0	2
D0_002977	chr11	2284051	2287151	-	37	34	unresolved			1	1	0	2
D0_002978	chr11	33037665	33039267	-	37	23	other_v49_added_gene		ENSG00000293734	1	1	0	2
D0_002979	chr11	47848577	47849959	+	37	34	unresolved			1	0	0	1
D0_002980	chr12	9313730	9313983	+	37	35	other_v49_added_gene		ENSG00000299022	1	1	0	2
D0_002981	chr12	10573036	10574976	-	37	28	unresolved			1	0	0	1
D0_002982	chr12	32027639	32030697	+	37	27	unresolved			1	0	0	1
D0_002983	chr13	19818980	19822348	-	37	30	unresolved			1	0	0	1
D0_002984	chr13	36937570	36938239	-	37	33	unresolved			1	1	0	2
D0_002985	chr14	49864593	49867740	-	37	32	preexisting_v49_gene_span			1	0	0	1
D0_002986	chr14	63590825	63594029	-	37	32	unresolved			1	1	0	2
D0_002987	chr15	44718877	44721779	-	37	33	unresolved			1	0	0	1
D0_002988	chr15	65305585	65311275	-	37	33	unresolved			1	0	0	1
D0_002989	chr15	82739364	82741150	-	37	35	other_v49_added_gene		ENSG00000293222	1	0	0	1
D0_002990	chr16	28375697	28378784	+	37	37	other_v49_added_gene		ENSG00000309023	1	0	0	1
D0_002991	chr16	81963728	81966747	+	37	26	unresolved			1	0	0	1
D0_002992	chr16	89871826	89873477	-	37	35	unresolved			1	1	0	2
D0_002993	chr17	7969792	7970097	+	37	12	unresolved			1	0	0	1
D0_002994	chr17	8135362	8139907	+	37	29	unresolved			1	1	0	2
D0_002995	chr17	29294265	29295804	+	37	36	other_v49_added_gene		ENSG00000306654,ENSG00000306693	1	1	0	2
D0_002996	chr17	31001869	31008128	-	37	33	other_v49_added_gene		ENSG00000298294	1	1	0	2
D0_002997	chr17	35448848	35454922	-	37	32	preexisting_v49_gene_span			1	1	0	2
D0_002998	chr18	9084613	9092393	-	37	25	other_v49_added_gene		ENSG00000288939	1	0	0	1
D0_002999	chr18	26006008	26011457	-	37	34	unresolved			1	1	0	2
D0_003000	chr18	35711841	35715697	+	37	32	preexisting_v49_gene_span			1	1	0	2
D0_003001	chr18	43437080	43437239	-	37	35	unresolved			1	0	0	1
D0_003002	chr19	3215473	3219108	+	37	27	unresolved			1	1	0	2
D0_003003	chr19	4039691	4042662	+	37	36	unresolved			1	0	0	1
D0_003004	chr19	8507503	8509507	+	37	33	unresolved			1	0	0	1
D0_003005	chr19	10506212	10512726	-	37	29	unresolved			1	0	0	1
D0_003006	chr19	47240177	47245256	-	37	26	other_v49_added_gene		ENSG00000289915	1	0	0	1
D0_003007	chr19	54439589	54441410	+	37	32	unresolved			1	0	0	1
D0_003008	chr20	3182680	3185448	-	37	30	other_v49_added_gene		ENSG00000303766	1	1	0	2
D0_003009	chr20	3838044	3845964	+	37	32	preexisting_v49_gene_span			1	1	0	2
D0_003010	chr20	5713195	5714932	-	37	29	other_v49_added_gene		ENSG00000294032	1	0	0	1
D0_003011	chr22	16480645	16481295	+	37	35	unresolved			1	0	0	1
D0_003012	chr22	27819349	27831099	-	37	27	other_v49_added_gene		ENSG00000308539	1	1	0	2
D0_003013	chr22	29504231	29505812	+	37	36	unresolved			1	0	0	1
D0_003014	chr22	45859105	45863578	+	37	30	unresolved			1	0	0	1
D0_003015	chr22	49970398	49973860	+	37	32	other_v49_added_gene		ENSG00000300623	1	1	0	2
D0_003016	chr22	50543069	50545710	+	37	32	unresolved			1	1	0	2
D0_003017	chrX	81346035	81351415	+	37	32	unresolved			1	1	0	2
D0_003018	chrX	100940997	100951121	-	37	31	unresolved			1	1	0	2
D0_003019	chrX	107696022	107701937	-	37	23	unresolved			1	1	0	2
D0_003020	chrX	119771557	119777226	-	37	25	unresolved			1	0	0	1
D0_003021	chrY	20908148	20909336	-	37	28	unresolved			1	0	0	1
D0_003022	chr1	8916427	8919173	+	36	24	unresolved			1	0	0	1
D0_003023	chr1	24473094	24477790	-	36	31	unresolved			1	1	0	2
D0_003024	chr1	26486521	26489727	+	36	22	unresolved			1	0	0	1
D0_003025	chr1	52703148	52706104	+	36	29	unresolved			1	0	0	1
D0_003026	chr1	120468666	120476325	-	36	31	other_v49_added_gene		ENSG00000296642	1	1	0	2
D0_003027	chr1	143401187	143401793	-	36	27	other_v49_added_gene		ENSG00000294133	1	0	0	1
D0_003028	chr1	149827692	149829144	-	36	30	unresolved			1	0	0	1
D0_003029	chr1	184775446	184783190	-	36	31	unresolved			1	1	0	2
D0_003030	chr1	192959846	192991983	+	36	34	unresolved			1	0	0	1
D0_003031	chr2	57445665	57445986	-	36	35	preexisting_v49_gene_span			1	0	0	1
D0_003032	chr2	96243391	96248375	+	36	32	unresolved			1	1	0	2
D0_003033	chr2	96486787	96487248	+	36	28	unresolved			1	0	0	1
D0_003034	chr2	97492087	97492380	+	36	36	unresolved			1	0	0	1
D0_003035	chr2	128197025	128202601	+	36	29	preexisting_v49_gene_span			1	1	0	2
D0_003036	chr2	203753140	203755086	-	36	31	unresolved			1	0	0	1
D0_003037	chr2	224754558	224757333	+	36	29	unresolved			1	0	0	1
D0_003038	chr2	226235853	226507959	+	36	35	unresolved			1	1	0	2
D0_003039	chr3	40624029	40625998	+	36	31	other_v49_added_gene		ENSG00000289169	1	1	0	2
D0_003040	chr3	63125433	63125687	-	36	35	unresolved			0	0	0	0
D0_003041	chr3	114246880	114250277	+	36	28	unresolved			1	0	0	1
D0_003042	chr3	193698859	193701672	-	36	31	unresolved			1	1	0	2
D0_003043	chr3	196837963	196847903	+	36	30	unresolved			1	1	0	2
D0_003044	chr4	187502428	187505495	-	36	27	preexisting_v49_gene_span			1	0	0	1
D0_003045	chr5	37097435	37098886	+	36	30	unresolved			1	0	0	1
D0_003046	chr5	37100552	37104547	-	36	29	unresolved			1	1	0	2
D0_003047	chr5	42948303	42954302	-	36	31	preexisting_v49_gene_span			1	1	0	2
D0_003048	chr5	56898854	56899265	-	36	31	unresolved			1	0	0	1
D0_003049	chr5	60869760	60870442	+	36	29	unresolved			1	0	0	1
D0_003050	chr5	69952795	69955230	+	36	33	other_v49_added_gene		ENSG00000295602	1	0	0	1
D0_003051	chr5	76759861	76813800	+	36	34	unresolved			1	1	0	2
D0_003052	chr5	97075380	97079405	+	36	29	other_v49_added_gene		ENSG00000302623	1	0	0	1
D0_003053	chr5	109327696	109334648	-	36	33	unresolved			1	1	0	2
D0_003054	chr5	117092635	117092795	-	36	35	unresolved			1	0	0	1
D0_003055	chr5	142164490	142165695	+	36	34	unresolved			1	1	0	2
D0_003056	chr5	180844904	180845309	+	36	33	unresolved			1	0	0	1
D0_003057	chr6	478601	483654	-	36	27	unresolved			1	1	0	2
D0_003058	chr6	7060303	7074676	-	36	35	unresolved			1	1	0	2
D0_003059	chr6	30530328	30533994	-	36	29	unresolved			1	1	0	2
D0_003060	chr6	53359780	53360430	+	36	29	unresolved			1	1	0	2
D0_003061	chr6	119550284	119608625	+	36	23	preexisting_v49_gene_span			1	1	1	3
D0_003062	chr7	2462247	2468397	-	36	35	unresolved			1	0	0	1
D0_003063	chr7	44792277	44796545	-	36	25	other_v49_added_gene		ENSG00000297670	1	1	0	2
D0_003064	chr7	64305631	64307339	-	36	31	preexisting_v49_gene_span			1	0	0	1
D0_003065	chr7	64359355	64363061	+	36	27	unresolved			1	1	0	2
D0_003066	chr7	68952768	68961329	-	36	34	unresolved			1	0	0	1
D0_003067	chr7	73739228	73766047	+	36	29	other_v49_added_gene		ENSG00000297150	1	1	0	2
D0_003068	chr7	75486775	75492698	+	36	33	preexisting_v49_gene_span			1	0	0	1
D0_003069	chr7	101661841	101758467	-	36	35	other_v49_added_gene		ENSG00000296796	1	1	0	2
D0_003070	chr7	115019471	115020193	+	36	32	preexisting_v49_gene_span			1	1	0	2
D0_003071	chr8	30059842	30060255	+	36	32	unresolved			1	0	0	1
D0_003072	chr8	56066164	56066929	+	36	33	unresolved			1	0	0	1
D0_003073	chr8	96340402	96342374	+	36	29	unresolved			1	1	0	2
D0_003074	chr9	5305223	5313815	-	36	33	other_v49_added_gene		ENSG00000304293	1	1	1	3
D0_003075	chr9	80345607	80349489	+	36	26	unresolved			1	0	0	1
D0_003076	chr9	96810120	96810947	+	36	31	unresolved			1	0	0	1
D0_003077	chr9	111820835	111827423	+	36	22	unresolved			1	0	0	1
D0_003078	chr9	112897304	112900652	+	36	28	unresolved			1	1	0	2
D0_003079	chr10	39425088	39484613	-	36	36	unresolved			1	0	0	1
D0_003080	chr11	35044455	35046175	+	36	27	unresolved			1	0	0	1
D0_003081	chr11	47904675	47905227	-	36	34	other_v49_added_gene		ENSG00000310235	1	1	0	2
D0_003082	chr11	61161754	61164901	+	36	33	other_v49_added_gene		ENSG00000300057	1	0	0	1
D0_003083	chr11	62622350	62624605	+	36	32	unresolved			1	1	0	2
D0_003084	chr11	121416550	121420524	-	36	33	preexisting_v49_gene_span			1	1	0	2
D0_003085	chr11	121417861	121419791	+	36	29	other_v49_added_gene		ENSG00000289391	1	0	0	1
D0_003086	chr12	9014165	9019766	-	36	32	unresolved			1	0	0	1
D0_003087	chr12	9033992	9036311	-	36	31	unresolved			1	0	0	1
D0_003088	chr12	10602855	10603339	+	36	33	unresolved			1	0	0	1
D0_003089	chr12	57721854	57723753	+	36	32	preexisting_v49_gene_span			1	1	0	2
D0_003090	chr12	92937352	92947468	-	36	30	unresolved			1	0	0	1
D0_003091	chr12	121621746	121625497	+	36	28	unresolved			1	0	0	1
D0_003092	chr13	28133204	28136797	-	36	33	preexisting_v49_gene_span			1	1	0	2
D0_003093	chr13	39050283	39052095	+	36	36	unresolved			1	1	0	2
D0_003094	chr14	20359811	20365663	-	36	30	unresolved			1	0	0	1
D0_003095	chr14	22561164	22564788	+	36	34	unresolved			1	1	0	2
D0_003096	chr14	53012718	53017083	-	36	32	unresolved			1	0	0	1
D0_003097	chr14	70557752	70560240	-	36	35	unresolved			1	1	0	2
D0_003098	chr14	105481351	105486271	+	36	33	other_v49_added_gene		ENSG00000302035	1	0	0	1
D0_003099	chr15	44941602	44942654	-	36	36	unresolved			1	0	0	1
D0_003100	chr15	52298084	52302653	-	36	29	unresolved			1	0	0	1
D0_003101	chr15	52573695	52577349	-	36	24	unresolved			1	0	0	1
D0_003102	chr15	55169511	55171360	-	36	34	unresolved			1	0	0	1
D0_003103	chr15	88632795	88636128	-	36	28	unresolved			1	1	0	2
D0_003104	chr15	90856928	90863948	+	36	28	preexisting_v49_gene_span			1	1	0	2
D0_003105	chr16	19081486	19084446	+	36	31	unresolved			1	1	0	2
D0_003106	chr16	24913775	24917836	-	36	32	unresolved			1	1	0	2
D0_003107	chr16	29848248	29851604	+	36	31	unresolved			1	1	0	2
D0_003108	chr16	70079921	70080544	+	36	33	unresolved			1	0	0	1
D0_003109	chr16	88124758	88126583	+	36	35	preexisting_v49_gene_span			1	0	0	1
D0_003110	chr17	29551978	29554857	+	36	31	unresolved			1	0	0	1
D0_003111	chr17	35456284	35459221	-	36	31	unresolved			1	1	0	2
D0_003112	chr17	52179114	52289199	-	36	36	unresolved			1	1	0	2
D0_003113	chr17	64843309	64847257	-	36	35	unresolved			1	0	0	1
D0_003114	chr17	65056796	65060402	+	36	32	unresolved			1	1	0	2
D0_003115	chr18	11908515	11910240	+	36	34	preexisting_v49_gene_span			1	1	0	2
D0_003116	chr18	63320262	63322287	+	36	34	unresolved			1	1	0	2
D0_003117	chr19	1867698	1870355	-	36	30	unresolved			1	1	0	2
D0_003118	chr19	2945563	2948783	+	36	33	unresolved			1	1	0	2
D0_003119	chr19	20064008	20066203	-	36	35	unresolved			1	0	0	1
D0_003120	chr19	47385164	47391850	+	36	32	unresolved			1	0	0	1
D0_003121	chr19	52697830	52702267	-	36	33	other_v49_added_gene		ENSG00000288953	1	1	0	2
D0_003122	chr20	32103296	32104748	+	36	30	unresolved			1	1	0	2
D0_003123	chr20	49789270	49789697	-	36	24	unresolved			1	0	0	1
D0_003124	chr22	41935667	41938640	+	36	34	unresolved			1	1	0	2
D0_003125	chr22	43019922	43022154	-	36	36	unresolved			1	0	0	1
D0_003126	chrX	23940057	23946332	-	36	24	unresolved			1	0	0	1
D0_003127	chrX	54588356	54592802	+	36	33	preexisting_v49_gene_span			1	1	0	2
D0_003128	chrX	57127269	57128497	+	36	31	preexisting_v49_gene_span			1	1	0	2
D0_003129	chrX	65042390	65045148	+	36	29	preexisting_v49_gene_span			1	0	0	1
D0_003130	chrX	79395368	79398811	+	36	31	other_v49_added_gene		ENSG00000294454	1	1	0	2
D0_003131	chrX	107054549	107058256	-	36	31	preexisting_v49_gene_span			1	1	0	2
D0_003132	chrX	123772188	123772740	+	36	36	other_v49_added_gene		ENSG00000306843	1	0	0	1
D0_003133	chrY	25307888	25308085	+	36	35	other_v49_added_gene		ENSG00000306715	0	0	0	0
D0_003134	GL000219.1	71954	75843	-	36	29	unresolved			1	1	0	2
D0_003135	KI270718.1	23582	27900	+	36	34	unresolved			1	0	0	1
D0_003136	chr1	1611634	1613708	-	35	28	unresolved			1	1	0	2
D0_003137	chr1	26784984	26787242	+	35	31	preexisting_v49_gene_span			1	1	0	2
D0_003138	chr1	27888191	27891316	-	35	34	unresolved			1	0	0	1
D0_003139	chr1	52107692	52121867	-	35	32	unresolved			1	1	0	2
D0_003140	chr1	52595443	52601585	-	35	32	unresolved			1	0	0	1
D0_003141	chr1	146231542	146231725	+	35	31	preexisting_v49_gene_span			1	0	0	1
D0_003142	chr1	148035398	148038739	-	35	31	unresolved			1	1	0	2
D0_003143	chr1	164958593	164958669	+	35	4	unresolved			1	0	0	1
D0_003144	chr1	194270545	194276478	-	35	29	primary_match	ENSG00000303114	ENSG00000303114	1	1	0	2
D0_003145	chr1	235105129	235105496	+	35	31	other_v49_added_gene		ENSG00000305676	1	0	0	1
D0_003146	chr2	30169258	30172202	-	35	27	unresolved			1	0	0	1
D0_003147	chr2	64088285	64091027	-	35	27	unresolved			1	1	0	2
D0_003148	chr2	75388629	75390258	+	35	32	unresolved			1	0	0	1
D0_003149	chr2	85977913	85983287	-	35	28	unresolved			1	1	0	2
D0_003150	chr2	156321278	156324404	-	35	32	unresolved			1	1	0	2
D0_003151	chr2	164646880	164653463	-	35	24	unresolved			1	1	0	2
D0_003152	chr3	12664494	12666275	+	35	24	other_v49_added_gene		ENSG00000290072	1	1	0	2
D0_003153	chr3	44491765	44492395	-	35	32	preexisting_v49_gene_span			1	1	0	2
D0_003154	chr3	132544942	132548480	+	35	29	unresolved			1	1	0	2
D0_003155	chr4	4893602	4893702	-	35	35	unresolved			1	1	0	2
D0_003156	chr4	56466271	56467578	-	35	33	other_v49_added_gene		ENSG00000289393	1	1	0	2
D0_003157	chr4	68376572	68376670	+	35	35	other_v49_added_gene		ENSG00000289942	1	1	0	2
D0_003158	chr4	73746702	73749013	+	35	26	preexisting_v49_gene_span			1	1	0	2
D0_003159	chr4	153681209	153682781	+	35	27	unresolved			0	1	0	1
D0_003160	chr4	189318345	189321821	-	35	27	unresolved			0	0	0	0
D0_003161	chr5	47379562	49189459	+	35	24	unresolved			1	0	0	1
D0_003162	chr5	134584817	134590691	+	35	27	unresolved			1	0	0	1
D0_003163	chr5	157730443	157731419	-	35	33	other_v49_added_gene		ENSG00000309117	1	1	0	2
D0_003164	chr5	172976597	172977003	+	35	35	unresolved			1	0	0	1
D0_003165	chr5	180455460	180455568	-	35	33	unresolved			1	0	0	1
D0_003166	chr6	7612012	7615431	+	35	27	unresolved			1	1	0	2
D0_003167	chr6	27140125	27144348	+	35	32	preexisting_v49_gene_span			1	1	0	2
D0_003168	chr6	32755681	32756042	-	35	34	unresolved			1	1	0	2
D0_003169	chr6	34570397	34572493	-	35	28	unresolved			1	0	0	1
D0_003170	chr6	111638796	111642427	-	35	29	unresolved			1	1	0	2
D0_003171	chr6	170472475	170474165	+	35	29	other_v49_added_gene		ENSG00000288970	1	0	0	1
D0_003172	chr7	38271378	38274688	-	35	24	other_v49_added_gene		ENSG00000289746	1	0	0	1
D0_003173	chr7	45093590	45099581	-	35	30	preexisting_v49_gene_span			1	1	0	2
D0_003174	chr7	76947053	76947935	-	35	33	unresolved			1	0	0	1
D0_003175	chr7	102690517	102691562	+	35	32	unresolved			1	1	0	2
D0_003176	chr7	155784895	155786964	+	35	32	unresolved			1	1	0	2
D0_003177	chr8	21906645	21908031	-	35	31	unresolved			1	0	0	1
D0_003178	chr8	23264101	23264530	-	35	31	unresolved			1	0	0	1
D0_003179	chr8	30057103	30062995	-	35	31	unresolved			1	1	0	2
D0_003180	chr8	89380821	89380966	+	35	31	unresolved			0	0	0	0
D0_003181	chr8	90056722	90058278	+	35	32	unresolved			1	1	0	2
D0_003182	chr8	141197892	141201016	+	35	28	unresolved			1	0	0	1
D0_003183	chr9	78234841	78235964	-	35	29	other_v49_added_gene		ENSG00000289440	1	1	0	2
D0_003184	chr9	112376325	112379262	-	35	33	other_v49_added_gene		ENSG00000297814	1	1	0	2
D0_003185	chr9	131276511	131278075	-	35	31	preexisting_v49_gene_span			1	1	0	2
D0_003186	chr10	8330796	8339305	-	35	27	other_v49_added_gene		ENSG00000303971	1	1	0	2
D0_003187	chr10	17135177	17136087	+	35	29	unresolved			1	0	0	1
D0_003188	chr10	17205712	17208865	+	35	28	unresolved			1	0	0	1
D0_003189	chr10	28334525	28337368	-	35	34	preexisting_v49_gene_span			1	1	0	2
D0_003190	chr10	46660993	46667862	-	35	35	other_v49_added_gene		ENSG00000294587	1	0	0	1
D0_003191	chr10	69063539	69065750	-	35	22	other_v49_added_gene		ENSG00000297291	1	0	0	1
D0_003192	chr11	29143138	29154460	-	35	35	unresolved			1	0	0	1
D0_003193	chr11	128820187	128821378	+	35	32	unresolved			1	0	0	1
D0_003194	chr12	51229586	51238148	-	35	31	unresolved			1	1	0	2
D0_003195	chr12	124713561	124715143	+	35	27	unresolved			1	0	0	1
D0_003196	chr13	36838153	36840777	+	35	30	unresolved			1	1	1	3
D0_003197	chr13	48154051	48156433	-	35	27	other_v49_added_gene		ENSG00000309815	1	0	0	1
D0_003198	chr14	22488731	22490072	+	35	28	preexisting_v49_gene_span			1	0	0	1
D0_003199	chr14	22504686	22508178	-	35	26	unresolved			1	0	0	1
D0_003200	chr14	52424181	52429656	-	35	28	preexisting_v49_gene_span			1	1	0	2
D0_003201	chr14	81469122	81470761	-	35	30	unresolved			1	1	0	2
D0_003202	chr14	92698946	92700280	-	35	33	unresolved			1	0	0	1
D0_003203	chr14	105932738	105935899	+	35	30	unresolved			1	1	0	2
D0_003204	chr15	78899167	78902658	-	35	28	unresolved			1	1	0	2
D0_003205	chr16	2645624	2650368	+	35	30	unresolved			1	1	0	2
D0_003206	chr16	21658537	21659239	-	35	26	unresolved			1	0	0	1
D0_003207	chr16	22536671	22538265	-	35	29	preexisting_v49_gene_span			1	0	0	1
D0_003208	chr16	69086238	69091025	+	35	32	preexisting_v49_gene_span			1	1	0	2
D0_003209	chr16	89262694	89266308	-	35	34	unresolved			1	0	0	1
D0_003210	chr17	41706855	41710529	-	35	21	unresolved			1	1	0	2
D0_003211	chr17	43763196	43764555	-	35	30	unresolved			1	1	0	2
D0_003212	chr17	44031249	44034603	-	35	29	preexisting_v49_gene_span			1	1	0	2
D0_003213	chr17	75708973	75711148	+	35	28	unresolved			1	1	0	2
D0_003214	chr18	45846146	45846497	+	35	32	unresolved			1	0	0	1
D0_003215	chr19	4879107	4881268	-	35	28	unresolved			1	1	0	2
D0_003216	chr19	18282416	18284383	-	35	32	unresolved			1	0	0	1
D0_003217	chr19	35883135	35887651	+	35	33	unresolved			1	1	0	2
D0_003218	chr19	45704068	45710612	+	35	32	unresolved			1	1	0	2
D0_003219	chr20	7718435	7718532	+	35	33	unresolved			1	0	0	1
D0_003220	chr20	35165590	35171308	-	35	27	unresolved			1	1	0	2
D0_003221	chr20	50887013	50888865	-	35	34	unresolved			1	1	0	2
D0_003222	chr21	42913482	42915143	+	35	32	unresolved			1	1	0	2
D0_003223	chr22	21624902	21626731	-	35	32	unresolved			1	0	0	1
D0_003224	chr22	21867841	21870749	+	35	30	other_v49_added_gene		ENSG00000294146	1	1	0	2
D0_003225	chr22	24688966	24689109	+	35	33	unresolved			1	0	0	1
D0_003226	chr22	29321729	29324918	+	35	30	unresolved			1	0	0	1
D0_003227	chr22	40336779	40342032	-	35	32	unresolved			1	1	0	2
D0_003228	chr22	41420769	41427982	-	35	28	unresolved			1	1	1	3
D0_003229	chr22	50245053	50245180	+	35	34	other_v49_added_gene		ENSG00000288871	1	1	0	2
D0_003230	chrX	71051877	71056085	-	35	31	other_v49_added_gene		ENSG00000297775	1	1	0	2
D0_003231	chr1	25240269	25242046	-	34	33	unresolved			1	1	0	2
D0_003232	chr1	66993460	66995401	+	34	30	unresolved			1	1	0	2
D0_003233	chr1	108083045	108086935	+	34	30	unresolved			1	0	0	1
D0_003234	chr1	143799988	143801905	+	34	24	unresolved			1	0	0	1
D0_003235	chr1	156462372	156463232	-	34	33	unresolved			1	0	0	1
D0_003236	chr1	183607935	183610085	-	34	28	other_v49_added_gene		ENSG00000306750	1	0	0	1
D0_003237	chr1	198323865	198327254	+	34	26	unresolved			1	1	0	2
D0_003238	chr2	43148144	43160373	-	34	30	preexisting_v49_gene_span			1	1	0	2
D0_003239	chr2	112667304	112669867	-	34	26	unresolved			1	0	0	1
D0_003240	chr2	144660229	144664130	+	34	28	other_v49_added_gene		ENSG00000308235	1	0	0	1
D0_003241	chr2	185945770	185946350	+	34	32	unresolved			1	0	0	1
D0_003242	chr2	190403553	190408289	-	34	29	unresolved			1	0	0	1
D0_003243	chr2	200908315	200908974	-	34	33	other_v49_added_gene		ENSG00000308129	1	1	0	2
D0_003244	chr2	206162964	206166905	+	34	28	unresolved			1	1	0	2
D0_003245	chr2	240473294	240476324	-	34	30	unresolved			1	1	0	2
D0_003246	chr3	9479349	9482557	+	34	30	unresolved			1	0	0	1
D0_003247	chr3	30709754	30713803	+	34	30	unresolved			1	1	0	2
D0_003248	chr3	32169976	32173822	+	34	26	unresolved			1	1	0	2
D0_003249	chr3	32956729	32957875	+	34	26	preexisting_v49_gene_span			1	1	0	2
D0_003250	chr3	47350735	47353712	+	34	30	other_v49_added_gene		ENSG00000289507	1	1	0	2
D0_003251	chr3	167669405	167675214	-	34	29	unresolved			1	1	0	2
D0_003252	chr3	185844944	185897369	-	34	25	unresolved			1	1	0	2
D0_003253	chr4	102782807	102788847	-	34	33	unresolved			1	1	0	2
D0_003254	chr4	108630446	108634953	+	34	33	preexisting_v49_gene_span			1	1	0	2
D0_003255	chr4	187774829	187774956	-	34	33	unresolved			1	0	0	1
D0_003256	chr5	50353355	50355070	-	34	29	unresolved			1	0	0	1
D0_003257	chr5	70815347	70815735	+	34	32	other_v49_added_gene		ENSG00000297805	1	0	0	1
D0_003258	chr5	70963318	70964311	-	34	33	unresolved			1	0	0	1
D0_003259	chr5	132406641	132407018	+	34	31	unresolved			1	1	0	2
D0_003260	chr5	155694908	155796814	+	34	17	other_v49_added_gene		ENSG00000298352	1	1	0	2
D0_003261	chr5	173773619	173773798	+	34	34	preexisting_v49_gene_span			1	0	0	1
D0_003262	chr5	180983089	180983198	+	34	33	unresolved			1	0	0	1
D0_003263	chr6	10267691	10360585	+	34	33	other_v49_added_gene		ENSG00000307877	1	1	0	2
D0_003264	chr6	16295549	16298874	-	34	28	unresolved			1	1	0	2
D0_003265	chr6	18472456	18475012	+	34	28	unresolved			1	0	0	1
D0_003266	chr6	37503121	37505262	+	34	28	unresolved			1	1	0	2
D0_003267	chr6	155314934	155315419	+	34	27	unresolved			1	0	0	1
D0_003268	chr6	170436247	170444043	-	34	19	other_v49_added_gene		ENSG00000294329	0	1	1	2
D0_003269	chr7	36737053	36739257	+	34	27	other_v49_added_gene		ENSG00000290087	1	0	0	1
D0_003270	chr7	44575236	44577818	+	34	30	other_v49_added_gene		ENSG00000300114	1	1	0	2
D0_003271	chr7	76952710	76953103	-	34	32	unresolved			1	1	0	2
D0_003272	chr7	100292393	100296947	+	34	31	other_v49_added_gene		ENSG00000309828	1	0	0	1
D0_003273	chr7	149911963	149920596	-	34	29	other_v49_added_gene		ENSG00000303938	1	0	0	1
D0_003274	chr7	157417604	157418127	+	34	32	unresolved			1	0	0	1
D0_003275	chr7	158725691	158728849	-	34	30	unresolved			1	1	0	2
D0_003276	chr8	23117858	23119712	+	34	27	preexisting_v49_gene_span			1	1	0	2
D0_003277	chr8	69131111	69132032	+	34	34	other_v49_added_gene		ENSG00000308759	1	0	0	1
D0_003278	chr9	63898106	63899051	+	34	31	other_v49_added_gene		ENSG00000306078	1	1	0	2
D0_003279	chr9	80245300	80246430	-	34	25	unresolved			1	0	0	1
D0_003280	chr9	127917164	127920020	+	34	24	preexisting_v49_gene_span			1	0	0	1
D0_003281	chr10	6261587	6262595	+	34	33	unresolved			1	0	0	1
D0_003282	chr10	13143029	13145927	+	34	26	unresolved			1	1	0	2
D0_003283	chr10	27242211	27243057	+	34	29	preexisting_v49_gene_span			1	1	0	2
D0_003284	chr10	43413709	43417850	+	34	30	preexisting_v49_gene_span			1	0	0	1
D0_003285	chr11	20385193	20387422	-	34	32	unresolved			1	1	0	2
D0_003286	chr11	47453233	47458222	+	34	31	unresolved			1	0	0	1
D0_003287	chr11	66606244	66609192	+	34	28	unresolved			1	1	0	2
D0_003288	chr11	88225089	88230092	-	34	26	unresolved			1	0	0	1
D0_003289	chr11	118989909	118994177	-	34	29	unresolved			1	1	0	2
D0_003290	chr12	1939636	1941604	-	34	30	unresolved			1	1	0	2
D0_003291	chr12	7939220	7951569	+	34	32	unresolved			1	0	0	1
D0_003292	chr12	9709462	9711471	+	34	31	unresolved			1	1	0	2
D0_003293	chr12	12562892	12564880	+	34	32	unresolved			1	0	0	1
D0_003294	chr12	104762679	104764241	-	34	31	unresolved			1	0	0	1
D0_003295	chr12	111902336	111904361	+	34	31	unresolved			1	0	0	1
D0_003296	chr13	19955656	19958488	-	34	30	unresolved			1	1	0	2
D0_003297	chr13	21483638	21487614	-	34	26	preexisting_v49_gene_span			1	1	0	2
D0_003298	chr13	29655101	29655478	+	34	28	other_v49_added_gene		ENSG00000295213	0	1	0	1
D0_003299	chr13	54844143	54844235	-	34	33	unresolved			0	0	0	0
D0_003300	chr14	21860807	21863542	+	34	28	other_v49_added_gene		ENSG00000289723	1	1	0	2
D0_003301	chr14	35392562	35394345	-	34	21	other_v49_added_gene		ENSG00000295095	1	1	0	2
D0_003302	chr14	95478858	95480517	+	34	31	unresolved			1	0	0	1
D0_003303	chr15	30469003	30470600	-	34	33	other_v49_added_gene		ENSG00000289397	1	0	0	1
D0_003304	chr15	45215126	45216789	+	34	33	preexisting_v49_gene_span			1	0	0	1
D0_003305	chr15	79993106	80003808	+	34	31	unresolved			1	0	0	1
D0_003306	chr16	805451	807821	-	34	32	other_v49_added_gene		ENSG00000303116	1	1	1	3
D0_003307	chr16	87588453	87588720	+	34	34	unresolved			1	0	0	1
D0_003308	chr17	59852752	59858044	-	34	29	unresolved			1	1	0	2
D0_003309	chr17	64468710	64470147	+	34	31	preexisting_v49_gene_span			1	1	0	2
D0_003310	chr17	74638804	74639781	-	34	28	other_v49_added_gene		ENSG00000309557	1	1	0	2
D0_003311	chr19	519944	521168	+	34	31	unresolved			1	1	0	2
D0_003312	chr19	4872895	4877489	+	34	32	unresolved			1	0	0	1
D0_003313	chr19	7472771	7476549	-	34	32	unresolved			1	1	1	3
D0_003314	chr19	11788301	11791302	+	34	26	unresolved			1	1	0	2
D0_003315	chr19	40025651	40027462	-	34	33	unresolved			1	1	0	2
D0_003316	chr19	42255248	42257422	+	34	27	unresolved			1	0	0	1
D0_003317	chr19	46617902	46619738	-	34	31	preexisting_v49_gene_span			1	1	0	2
D0_003318	chr19	48709938	48712721	-	34	29	preexisting_v49_gene_span			1	0	0	1
D0_003319	chr19	53214545	53216096	+	34	32	primary_match	ENSG00000291131	ENSG00000291131	1	1	0	2
D0_003320	chr19	54891431	54901669	+	34	32	other_v49_added_gene		ENSG00000302074	1	1	0	2
D0_003321	chr19	57319884	57320360	-	34	28	unresolved			1	1	0	2
D0_003322	chr20	22638158	22666573	-	34	34	unresolved			1	1	0	2
D0_003323	chr21	29023601	29024238	-	34	26	unresolved			1	0	0	1
D0_003324	chr22	26516695	26518999	+	34	31	unresolved			1	0	0	1
D0_003325	chr22	42084284	42085339	+	34	32	preexisting_v49_gene_span			1	1	0	2
D0_003326	chrX	41237054	41244449	+	34	27	unresolved			1	1	0	2
D0_003327	chrX	53707880	53714662	-	34	30	unresolved			1	0	0	1
D0_003328	chrX	65275823	65277897	+	34	25	preexisting_v49_gene_span			1	0	0	1
D0_003329	chrX	71328839	71349784	-	34	31	unresolved			1	1	0	2
D0_003330	chrX	119471836	119472373	-	34	31	unresolved			1	0	0	1
D0_003331	chrX	120426034	120427531	-	34	34	preexisting_v49_gene_span			1	1	0	2
D0_003332	chrX	154339502	154343493	-	34	31	other_v49_added_gene		ENSG00000307867	1	0	0	1
D0_003333	chrY	24323069	24323443	+	34	31	unresolved			1	0	0	1
D0_003334	chr1	15830045	15834424	+	33	31	unresolved			1	1	0	2
D0_003335	chr1	21186399	21211142	-	33	29	unresolved			1	0	0	1
D0_003336	chr1	25956355	25958040	+	33	32	unresolved			1	0	0	1
D0_003337	chr1	35860127	35863461	+	33	29	unresolved			1	1	0	2
D0_003338	chr1	92962016	92962928	-	33	32	unresolved			1	0	0	1
D0_003339	chr1	145996770	145998127	+	33	28	unresolved			1	1	0	2
D0_003340	chr1	148074049	148074412	+	33	31	other_v49_added_gene		ENSG00000299329	1	0	0	1
D0_003341	chr1	150876916	150879373	+	33	27	unresolved			1	1	0	2
D0_003342	chr1	160532931	160534766	-	33	25	unresolved			1	0	0	1
D0_003343	chr1	161298591	161303822	-	33	25	unresolved			1	1	0	2
D0_003344	chr1	173413923	173416974	-	33	28	preexisting_v49_gene_span			1	1	0	2
D0_003345	chr1	203309896	203311225	-	33	27	preexisting_v49_gene_span			1	1	0	2
D0_003346	chr1	227782465	227785423	+	33	30	unresolved			1	1	0	2
D0_003347	chr1	230902939	230904999	-	33	31	preexisting_v49_gene_span			1	1	0	2
D0_003348	chr1	248866617	248867152	+	33	33	unresolved			1	0	0	1
D0_003349	chr2	10567387	10568813	-	33	30	preexisting_v49_gene_span			1	1	0	2
D0_003350	chr2	18946668	18951785	+	33	30	preexisting_v49_gene_span			1	1	0	2
D0_003351	chr2	86196054	86198080	+	33	32	preexisting_v49_gene_span			1	1	0	2
D0_003352	chr2	127886040	127888773	+	33	30	preexisting_v49_gene_span			1	1	0	2
D0_003353	chr2	171759237	171761627	-	33	28	unresolved			1	0	0	1
D0_003354	chr2	172622869	172629572	+	33	27	unresolved			1	1	1	3
D0_003355	chr2	202330184	202335326	+	33	28	preexisting_v49_gene_span			1	1	0	2
D0_003356	chr2	203305611	203306999	+	33	32	preexisting_v49_gene_span			1	1	0	2
D0_003357	chr2	222564500	222566501	-	33	30	unresolved			1	0	0	1
D0_003358	chr3	33870961	33873118	+	33	29	unresolved			1	1	0	2
D0_003359	chr3	53275523	53281996	+	33	27	other_v49_added_gene		ENSG00000302984	1	1	0	2
D0_003360	chr3	101863185	101865282	-	33	28	unresolved			1	0	0	1
D0_003361	chr4	15759285	15764223	+	33	30	preexisting_v49_gene_span			1	1	1	3
D0_003362	chr4	40167832	40170178	+	33	25	unresolved			1	1	0	2
D0_003363	chr4	82417370	82421099	+	33	27	unresolved			1	1	0	2
D0_003364	chr4	189324864	189331186	-	33	24	unresolved			0	0	0	0
D0_003365	chr5	5503292	5503657	+	33	33	unresolved			1	1	0	2
D0_003366	chr5	131410521	131414018	-	33	31	unresolved			1	0	0	1
D0_003367	chr5	139631887	139633949	+	33	32	unresolved			1	1	0	2
D0_003368	chr5	140626676	140629033	-	33	27	unresolved			1	0	0	1
D0_003369	chr5	148875834	148878626	+	33	31	other_v49_added_gene		ENSG00000303969	1	1	0	2
D0_003370	chr5	171414229	171416054	-	33	22	unresolved			1	1	0	2
D0_003371	chr6	16762659	16764016	+	33	31	preexisting_v49_gene_span			1	1	0	2
D0_003372	chr6	26103004	26107110	-	33	25	preexisting_v49_gene_span			1	1	0	2
D0_003373	chr6	26841795	26843978	-	33	31	other_v49_added_gene		ENSG00000290474	1	0	0	1
D0_003374	chr6	30502849	30503527	-	33	19	unresolved			1	0	0	1
D0_003375	chr6	37500359	37503168	-	33	28	unresolved			1	0	0	1
D0_003376	chr6	42194966	42195310	+	33	30	unresolved			1	0	0	1
D0_003377	chr6	70647922	70648045	+	33	33	unresolved			1	0	0	1
D0_003378	chr6	85426467	85427424	-	33	31	preexisting_v49_gene_span			1	1	0	2
D0_003379	chr6	116605309	116613823	+	33	24	unresolved			1	1	0	2
D0_003380	chr6	156686102	156687391	-	33	29	other_v49_added_gene		ENSG00000296922	1	0	0	1
D0_003381	chr6	166957220	166965718	+	33	31	unresolved			1	0	0	1
D0_003382	chr7	5854651	5860007	-	33	31	other_v49_added_gene		ENSG00000296179	1	0	0	1
D0_003383	chr7	77974352	77977080	+	33	28	unresolved			1	0	0	1
D0_003384	chr7	102518638	102520525	-	33	32	unresolved			1	0	0	1
D0_003385	chr7	150200135	150203909	-	33	30	unresolved			1	1	0	2
D0_003386	chr7	150221393	150225129	-	33	30	unresolved			1	1	0	2
D0_003387	chr8	24271569	24278720	-	33	24	preexisting_v49_gene_span			1	0	0	1
D0_003388	chr8	42137520	42141728	-	33	30	preexisting_v49_gene_span			1	1	0	2
D0_003389	chr8	52572288	52572432	-	33	32	unresolved			1	0	0	1
D0_003390	chr8	60968178	60969761	+	33	28	preexisting_v49_gene_span			1	0	0	1
D0_003391	chr8	125367137	125367517	+	33	32	preexisting_v49_gene_span			1	1	0	2
D0_003392	chr8	132680577	132682367	-	33	27	unresolved			1	0	0	1
D0_003393	chr9	14596132	14602925	+	33	30	unresolved			1	0	0	1
D0_003394	chr9	35046331	35047589	+	33	30	unresolved			1	0	0	1
D0_003395	chr9	101412274	101415958	+	33	28	unresolved			1	1	0	2
D0_003396	chr9	107638174	107639326	+	33	26	other_v49_added_gene		ENSG00000301055	1	1	0	2
D0_003397	chr10	8955618	8958407	-	33	20	unresolved			1	0	0	1
D0_003398	chr10	17722708	17724307	+	33	31	unresolved			1	1	0	2
D0_003399	chr10	31997071	32003943	-	33	26	unresolved			1	0	0	1
D0_003400	chr10	119091253	119093676	+	33	25	preexisting_v49_gene_span			1	0	0	1
D0_003401	chr11	6688264	6688780	+	33	30	other_v49_added_gene		ENSG00000294763	1	0	0	1
D0_003402	chr11	9537065	9564485	-	33	32	unresolved			1	0	0	1
D0_003403	chr11	44620525	44621786	+	33	26	preexisting_v49_gene_span			1	1	0	2
D0_003404	chr11	61969543	61972745	-	33	29	other_v49_added_gene		ENSG00000303760	1	0	0	1
D0_003405	chr11	65960448	65961603	-	33	31	unresolved			1	1	0	2
D0_003406	chr11	102379737	102384066	+	33	30	unresolved			1	1	0	2
D0_003407	chr12	9764087	9766601	+	33	28	unresolved			1	0	0	1
D0_003408	chr12	31873194	31875001	-	33	25	preexisting_v49_gene_span			1	1	0	2
D0_003409	chr12	51173440	51174512	+	33	29	other_v49_added_gene		ENSG00000296894	1	0	0	1
D0_003410	chr12	124906867	124910031	+	33	29	unresolved			1	0	0	1
D0_003411	chr13	21139068	21140214	-	33	30	other_v49_added_gene		ENSG00000302602	1	1	0	2
D0_003412	chr13	74041189	74042260	+	33	29	unresolved			1	0	0	1
D0_003413	chr13	74109215	74111150	+	33	29	unresolved			1	0	0	1
D0_003414	chr14	69772379	69772856	-	33	27	unresolved			1	1	0	2
D0_003415	chr14	71119507	71120812	-	33	31	preexisting_v49_gene_span			1	0	0	1
D0_003416	chr14	95485890	95490055	-	33	32	preexisting_v49_gene_span			1	0	0	1
D0_003417	chr15	20520993	20521389	-	33	22	unresolved			1	0	0	1
D0_003418	chr16	9131392	9134745	-	33	29	unresolved			1	0	0	1
D0_003419	chr16	25263721	25266713	-	33	27	unresolved			1	1	0	2
D0_003420	chr16	25274882	25279147	+	33	26	preexisting_v49_gene_span			1	1	0	2
D0_003421	chr16	69092268	69098294	+	33	30	unresolved			1	0	0	1
D0_003422	chr17	7119162	7121435	-	33	26	unresolved			1	0	0	1
D0_003423	chr17	8169914	8172330	+	33	28	other_v49_added_gene		ENSG00000299959	1	1	0	2
D0_003424	chr17	18214243	18217397	+	33	27	unresolved			1	0	0	1
D0_003425	chr17	18689760	18690107	+	33	32	unresolved			1	0	0	1
D0_003426	chr17	30187901	30191229	-	33	27	unresolved			1	1	0	2
D0_003427	chr17	43305425	43306884	+	33	30	unresolved			1	0	0	1
D0_003428	chr17	49855939	49859091	+	33	30	unresolved			1	1	0	2
D0_003429	chr17	77887360	77888857	+	33	27	unresolved			1	0	0	1
D0_003430	chr18	14037864	14038656	-	33	32	unresolved			1	0	0	1
D0_003431	chr19	913263	914545	+	33	30	unresolved			1	0	0	1
D0_003432	chr19	4067258	4070643	+	33	29	other_v49_added_gene		ENSG00000296810	1	1	0	2
D0_003433	chr19	15350930	15353270	+	33	31	unresolved			1	1	0	2
D0_003434	chr19	36680097	36682199	-	33	30	preexisting_v49_gene_span			1	1	0	2
D0_003435	chr19	39981923	39982940	-	33	30	unresolved			1	1	0	2
D0_003436	chr19	42674849	42675540	+	33	33	preexisting_v49_gene_span			1	0	0	1
D0_003437	chr19	51740319	51744124	-	33	30	unresolved			1	1	0	2
D0_003438	chr19	55259491	55261402	+	33	29	unresolved			1	1	0	2
D0_003439	chr21	36131429	36131766	+	33	33	unresolved			1	0	0	1
D0_003440	chr22	30908496	30922038	+	33	25	unresolved			1	1	0	2
D0_003441	chr22	49934123	49937049	-	33	31	preexisting_v49_gene_span			1	1	0	2
D0_003442	chrX	41264758	41275389	-	33	33	other_v49_added_gene		ENSG00000301689	1	1	0	2
D0_003443	chrX	56597314	56599178	+	33	28	unresolved			1	0	0	1
D0_003444	chrX	153997516	154010169	+	33	27	unresolved			1	1	0	2
D0_003445	GL000218.1	38807	40069	-	33	32	unresolved			1	0	1	2
D0_003446	chr1	26501146	26503594	+	32	29	unresolved			1	1	0	2
D0_003447	chr1	33129505	33138570	+	32	28	unresolved			1	0	0	1
D0_003448	chr1	39034726	39039751	+	32	29	unresolved			1	1	0	2
D0_003449	chr1	39576790	39577491	-	32	27	preexisting_v49_gene_span			1	1	0	2
D0_003450	chr1	110681195	110682567	+	32	26	other_v49_added_gene		ENSG00000300042,ENSG00000288803	1	0	0	1
D0_003451	chr1	143973377	143975067	+	32	24	other_v49_added_gene		ENSG00000289318	1	0	0	1
D0_003452	chr1	153671243	153672193	+	32	31	unresolved			1	1	0	2
D0_003453	chr1	154904571	154906629	-	32	29	unresolved			1	1	0	2
D0_003454	chr1	161311986	161313951	-	32	28	other_v49_added_gene		ENSG00000297068	1	1	0	2
D0_003455	chr1	178672052	178674041	+	32	25	unresolved			1	0	0	1
D0_003456	chr1	212620877	212624117	+	32	26	unresolved			1	1	0	2
D0_003457	chr1	214273641	214280982	-	32	25	other_v49_added_gene		ENSG00000294336,ENSG00000305313	1	1	0	2
D0_003458	chr1	247360450	247361533	+	32	21	other_v49_added_gene		ENSG00000289234	1	1	0	2
D0_003459	chr2	7150996	7155244	+	32	25	unresolved			1	0	0	1
D0_003460	chr2	46657598	46658035	-	32	29	unresolved			1	0	0	1
D0_003461	chr2	62165173	62168350	+	32	25	unresolved			1	0	0	1
D0_003462	chr2	86810940	86812985	-	32	22	unresolved			1	1	0	2
D0_003463	chr2	196123362	196133579	-	32	30	other_v49_added_gene		ENSG00000296720	1	0	0	1
D0_003464	chr2	202629915	202634960	-	32	28	unresolved			1	1	0	2
D0_003465	chr2	218758352	218761957	+	32	30	unresolved			1	1	0	2
D0_003466	chr2	229745258	229750545	-	32	24	unresolved			1	1	0	2
D0_003467	chr2	229754344	229755657	+	32	30	unresolved			1	0	0	1
D0_003468	chr3	9894842	9896083	-	32	29	unresolved			1	0	0	1
D0_003469	chr3	52250960	52253547	-	32	30	other_v49_added_gene		ENSG00000306261	1	1	0	2
D0_003470	chr3	53209586	53215763	-	32	30	unresolved			1	1	1	3
D0_003471	chr3	108029241	108032291	+	32	30	unresolved			1	0	0	1
D0_003472	chr3	155988329	155988975	-	32	30	unresolved			1	1	0	2
D0_003473	chr3	187083149	187086943	+	32	25	unresolved			1	1	0	2
D0_003474	chr4	690880	692649	+	32	29	unresolved			1	1	0	2
D0_003475	chr4	39796284	39800273	-	32	26	unresolved			1	0	0	1
D0_003476	chr4	146202869	146205658	+	32	30	preexisting_v49_gene_span			1	1	0	2
D0_003477	chr4	158290772	158290995	-	32	31	preexisting_v49_gene_span			1	1	0	2
D0_003478	chr5	69278274	69280169	-	32	25	unresolved			1	1	0	2
D0_003479	chr5	70219261	70219897	-	32	31	other_v49_added_gene		ENSG00000300022	1	0	0	1
D0_003480	chr5	70507371	70508822	-	32	30	other_v49_added_gene		ENSG00000300109	1	0	0	1
D0_003481	chr5	70512343	70512893	+	32	31	other_v49_added_gene		ENSG00000291221,ENSG00000293689	1	0	0	1
D0_003482	chr5	99829000	99862196	+	32	32	unresolved			1	1	0	2
D0_003483	chr5	100903354	100904087	+	32	27	other_v49_added_gene		ENSG00000289912	1	1	0	2
D0_003484	chr5	127034260	127040623	-	32	26	unresolved			1	1	0	2
D0_003485	chr5	177325026	177331114	-	32	28	preexisting_v49_gene_span			1	1	0	2
D0_003486	chr5	177597248	177599420	+	32	31	unresolved			1	1	0	2
D0_003487	chr5	179674128	179678558	-	32	30	other_v49_added_gene		ENSG00000304231	1	1	0	2
D0_003488	chr6	268731	273384	-	32	25	unresolved			1	0	0	1
D0_003489	chr6	53231149	53235223	-	32	27	other_v49_added_gene		ENSG00000296254	1	1	0	2
D0_003490	chr6	71167114	71167463	+	32	32	unresolved			1	1	0	2
D0_003491	chr6	111649144	111649296	+	32	31	unresolved			1	0	0	1
D0_003492	chr7	38708698	38713872	-	32	30	unresolved			1	1	0	2
D0_003493	chr7	67244451	67248148	+	32	29	unresolved			1	0	0	1
D0_003494	chr7	128096327	128100601	+	32	27	unresolved			1	1	0	2
D0_003495	chr7	135180381	135182637	+	32	32	unresolved			1	1	0	2
D0_003496	chr7	150205249	150207817	-	32	30	other_v49_added_gene		ENSG00000298231	1	1	0	2
D0_003497	chr8	28761900	28766714	-	32	28	unresolved			1	1	0	2
D0_003498	chr8	76977319	76978980	-	32	30	unresolved			1	1	0	2
D0_003499	chr8	91095925	91100808	+	32	30	unresolved			1	1	0	2
D0_003500	chr8	100914458	100916474	-	32	30	unresolved			1	1	0	2
D0_003501	chr8	118111988	118113141	+	32	28	unresolved			1	1	0	2
D0_003502	chr8	130041424	130042372	-	32	29	other_v49_added_gene		ENSG00000304801	1	0	0	1
D0_003503	chr8	142650462	142654108	-	32	31	unresolved			1	1	0	2
D0_003504	chr9	20094570	20094722	+	32	32	unresolved			1	1	0	2
D0_003505	chr9	78361692	78518842	+	32	30	other_v49_added_gene		ENSG00000308288,ENSG00000308267	1	1	0	2
D0_003506	chr9	131123443	131125428	-	32	27	unresolved			1	0	0	1
D0_003507	chr10	12290796	12325348	-	32	32	unresolved			1	1	0	2
D0_003508	chr10	17245340	17248974	+	32	11	unresolved			1	0	0	1
D0_003509	chr10	77701408	77701525	-	32	32	other_v49_added_gene		ENSG00000309311	1	0	0	1
D0_003510	chr10	112845752	112848043	+	32	30	unresolved			1	1	0	2
D0_003511	chr11	63546480	63549429	+	32	27	preexisting_v49_gene_span			1	1	0	2
D0_003512	chr12	7722029	7725678	-	32	10	preexisting_v49_gene_span			1	1	0	2
D0_003513	chr12	22009109	22009606	+	32	32	unresolved			1	1	0	2
D0_003514	chr12	32034707	32048590	-	32	31	unresolved			1	0	0	1
D0_003515	chr12	62600735	62601749	+	32	29	unresolved			1	0	0	1
D0_003516	chr12	71726220	71733955	+	32	26	unresolved			1	1	0	2
D0_003517	chr12	76945580	76983992	-	32	32	other_v49_added_gene		ENSG00000299479	1	1	0	2
D0_003518	chr12	78649433	78649578	-	32	32	unresolved			1	0	0	1
D0_003519	chr12	104363927	104370981	-	32	32	unresolved			1	1	0	2
D0_003520	chr13	28295521	28296785	+	32	30	unresolved			1	0	0	1
D0_003521	chr13	40678125	40697772	-	32	21	unresolved			1	1	0	2
D0_003522	chr13	45325967	45330401	+	32	28	preexisting_v49_gene_span			1	0	0	1
D0_003523	chr13	48180172	48186259	+	32	7	unresolved			1	0	0	1
D0_003524	chr13	52451776	52454419	-	32	26	unresolved			1	0	0	1
D0_003525	chr14	68810305	68815970	-	32	29	other_v49_added_gene		ENSG00000301622	1	1	0	2
D0_003526	chr15	30811611	30813837	-	32	32	unresolved			1	1	0	2
D0_003527	chr15	89204915	89209404	+	32	29	unresolved			1	1	0	2
D0_003528	chr15	101277780	101280965	-	32	29	unresolved			1	1	0	2
D0_003529	chr16	44034	46142	+	32	29	unresolved			1	0	0	1
D0_003530	chr16	8967029	9038343	+	32	25	other_v49_added_gene		ENSG00000309643,ENSG00000296307	1	1	0	2
D0_003531	chr16	29722455	29729136	-	32	17	unresolved			1	0	0	1
D0_003532	chr16	30523225	30523970	+	32	29	preexisting_v49_gene_span			1	1	0	2
D0_003533	chr16	30546762	30551218	-	32	30	other_v49_added_gene		ENSG00000295790	1	1	0	2
D0_003534	chr16	84784882	84789349	+	32	28	unresolved			1	1	0	2
D0_003535	chr16	89701793	89704213	+	32	30	unresolved			1	0	0	1
D0_003536	chr17	8128939	8133508	-	32	17	unresolved			1	0	0	1
D0_003537	chr17	41865983	41866834	-	32	29	unresolved			1	0	0	1
D0_003538	chr17	50793776	50796272	+	32	21	other_v49_added_gene		ENSG00000290053	1	0	0	1
D0_003539	chr17	60099286	60101133	-	32	31	unresolved			1	1	0	2
D0_003540	chr17	75314660	75317921	-	32	31	unresolved			1	0	0	1
D0_003541	chr17	78353431	78354867	+	32	25	other_v49_added_gene		ENSG00000303484	1	0	0	1
D0_003542	chr17	80973567	80976118	+	32	27	unresolved			1	1	0	2
D0_003543	chr17	83077298	83079470	-	32	27	unresolved			1	1	0	2
D0_003544	chr18	11942239	11954053	-	32	32	preexisting_v49_gene_span			1	1	0	2
D0_003545	chr18	20944409	20945003	-	32	29	preexisting_v49_gene_span			1	1	0	2
D0_003546	chr18	25969630	25969780	+	32	32	unresolved			0	0	0	0
D0_003547	chr19	1864344	1871391	+	32	30	other_v49_added_gene		ENSG00000302738	1	1	0	2
D0_003548	chr19	4727860	4757119	-	32	27	unresolved			1	1	0	2
D0_003549	chr19	10105088	10105649	+	32	25	unresolved			1	0	0	1
D0_003550	chr19	10470162	10482659	+	32	28	unresolved			1	1	0	2
D0_003551	chr19	18389180	18390112	-	32	27	unresolved			1	0	0	1
D0_003552	chr19	39981979	39983092	+	32	29	unresolved			1	1	0	2
D0_003553	chr19	40190243	40191376	-	32	24	other_v49_added_gene		ENSG00000296190	1	1	0	2
D0_003554	chr19	40306223	40309603	-	32	28	unresolved			1	1	0	2
D0_003555	chr19	47590994	47607475	-	32	20	other_v49_added_gene		ENSG00000301500	1	0	0	1
D0_003556	chr19	51610944	51611534	-	32	27	preexisting_v49_gene_span			1	1	0	2
D0_003557	chr20	5205244	5210856	+	32	31	unresolved			1	1	0	2
D0_003558	chr20	49965999	49971351	+	32	24	unresolved			1	1	0	2
D0_003559	chrX	3120129	3120260	-	32	31	unresolved			1	0	0	1
D0_003560	chrX	24392394	24392512	+	32	31	other_v49_added_gene		ENSG00000296219	1	0	0	1
D0_003561	chrX	53932204	53932565	-	32	26	unresolved			1	1	0	2
D0_003562	chrX	56574260	56575811	+	32	29	unresolved			1	1	0	2
D0_003563	chrX	75310387	75311713	-	32	28	unresolved			1	0	0	1
D0_003564	chrX	79218425	79218775	-	32	30	unresolved			1	0	0	1
D0_003565	chrY	303370	303891	-	32	31	other_v49_added_gene		ENSG00000292358	1	0	0	1
D0_003566	chrY	1392191	1394939	-	32	26	other_v49_added_gene		ENSG00000292334	1	0	0	1
D0_003567	chrY	1768985	1832523	+	32	28	unresolved			1	0	0	1
D0_003568	chrY	2591110	2594427	-	32	30	other_v49_added_gene		ENSG00000292360	1	0	0	1
D0_003569	chrY	2667369	2673946	-	32	29	unresolved			1	0	0	1
D0_003570	chr1	8919758	8932360	-	31	21	primary_match	ENSG00000310107	ENSG00000310107	1	1	0	2
D0_003571	chr1	15604094	15605402	+	31	31	preexisting_v49_gene_span			1	1	0	2
D0_003572	chr1	21365987	21366117	-	31	31	unresolved			1	0	0	1
D0_003573	chr1	27019496	27094089	-	31	29	other_v49_added_gene		ENSG00000299392	1	1	0	2
D0_003574	chr1	65067770	65070527	+	31	28	other_v49_added_gene		ENSG00000288804	1	1	0	2
D0_003575	chr1	114565545	114567343	-	31	27	unresolved			1	1	0	2
D0_003576	chr1	149591186	149592837	+	31	30	other_v49_added_gene		ENSG00000291158	1	0	0	1
D0_003577	chr1	171597669	171600419	+	31	26	unresolved			1	1	0	2
D0_003578	chr1	174022989	174025056	+	31	26	preexisting_v49_gene_span			1	1	0	2
D0_003579	chr1	185105676	185108513	+	31	26	unresolved			1	0	0	1
D0_003580	chr1	195362581	195362652	+	31	29	unresolved			1	0	0	1
D0_003581	chr1	229310062	229312638	-	31	30	unresolved			1	1	0	2
D0_003582	chr1	242537953	242625484	-	31	30	unresolved			1	1	0	2
D0_003583	chr2	42795163	42795720	-	31	28	unresolved			1	0	0	1
D0_003584	chr2	62149429	62155937	+	31	28	unresolved			1	1	0	2
D0_003585	chr2	105354211	105357404	+	31	27	unresolved			1	1	0	2
D0_003586	chr2	112671366	112686113	-	31	25	unresolved			1	0	0	1
D0_003587	chr2	191204896	191206947	-	31	23	unresolved			1	1	0	2
D0_003588	chr2	203961744	203964263	+	31	27	unresolved			1	0	0	1
D0_003589	chr2	218215350	218216913	-	31	31	other_v49_added_gene		ENSG00000305602	1	1	0	2
D0_003590	chr2	219185540	219188404	+	31	27	unresolved			1	1	1	3
D0_003591	chr3	9493175	9494379	-	31	24	unresolved			1	0	0	1
D0_003592	chr3	56721741	56724450	+	31	26	unresolved			1	0	0	1
D0_003593	chr3	121951421	121953813	+	31	28	unresolved			1	1	0	2
D0_003594	chr3	121958011	121962115	+	31	26	unresolved			1	0	0	1
D0_003595	chr3	128681107	128682739	+	31	25	unresolved			1	1	0	2
D0_003596	chr3	150633661	150636817	+	31	25	unresolved			1	1	0	2
D0_003597	chr3	197654166	197654605	-	31	29	preexisting_v49_gene_span			1	0	0	1
D0_003598	chr4	10062522	10062903	-	31	29	unresolved			1	1	0	2
D0_003599	chr4	11355024	11355231	-	31	29	unresolved			1	0	0	1
D0_003600	chr4	37870016	37874593	+	31	26	unresolved			1	1	0	2
D0_003601	chr4	70808745	70810713	+	31	26	unresolved			1	1	0	2
D0_003602	chr4	88453481	88456964	-	31	26	other_v49_added_gene		ENSG00000304354	1	0	0	1
D0_003603	chr4	143478783	143482383	+	31	28	unresolved			1	1	0	2
D0_003604	chr4	163490226	163494401	-	31	28	unresolved			1	0	0	1
D0_003605	chr5	33470066	33474165	+	31	27	unresolved			1	1	0	2
D0_003606	chr5	76399901	76403029	-	31	27	unresolved			1	1	0	2
D0_003607	chr5	81398301	81401201	-	31	26	unresolved			1	0	0	1
D0_003608	chr5	113491774	113492035	+	31	31	unresolved			1	0	0	1
D0_003609	chr5	140144709	140145330	-	31	28	unresolved			1	0	0	1
D0_003610	chr5	140146258	140148823	+	31	27	unresolved			1	0	0	1
D0_003611	chr5	142168425	142169280	+	31	29	unresolved			1	0	0	1
D0_003612	chr5	172800480	172801181	+	31	28	unresolved			1	0	0	1
D0_003613	chr6	26202787	26204452	-	31	26	unresolved			1	1	0	2
D0_003614	chr6	26860545	26863016	-	31	28	other_v49_added_gene		ENSG00000290474	1	0	0	1
D0_003615	chr6	28895629	28900699	+	31	26	preexisting_v49_gene_span			1	1	0	2
D0_003616	chr6	30597384	30600406	+	31	30	unresolved			1	1	0	2
D0_003617	chr6	43168019	43171056	-	31	27	other_v49_added_gene		ENSG00000307823	1	1	0	2
D0_003618	chr6	57866243	57869900	-	31	26	primary_match	ENSG00000290555	ENSG00000290555	1	1	0	2
D0_003619	chr6	108974793	108984200	-	31	25	unresolved			1	1	0	2
D0_003620	chr6	110820799	110824620	+	31	29	other_v49_added_gene		ENSG00000298831	1	0	0	1
D0_003621	chr6	111655901	111658331	-	31	29	unresolved			1	0	0	1
D0_003622	chr7	38333134	38334924	-	31	31	unresolved			1	1	0	2
D0_003623	chr7	44605508	44606569	-	31	28	other_v49_added_gene		ENSG00000307684	1	1	0	2
D0_003624	chr7	65251404	65252451	-	31	24	other_v49_added_gene		ENSG00000289108	1	0	0	1
D0_003625	chr7	73419264	73432558	-	31	31	unresolved			1	1	0	2
D0_003626	chr7	74914605	74918513	+	31	28	other_v49_added_gene		ENSG00000304176	1	0	0	1
D0_003627	chr7	99635153	99638119	-	31	29	unresolved			1	1	0	2
D0_003628	chr8	23231053	23236435	+	31	25	unresolved			1	1	0	2
D0_003629	chr8	144765209	144767565	-	31	29	other_v49_added_gene		ENSG00000310152	1	1	0	2
D0_003630	chr9	36487633	36491379	+	31	29	other_v49_added_gene		ENSG00000308542	1	0	0	1
D0_003631	chr9	63670791	63677179	-	31	28	unresolved			1	0	0	1
D0_003632	chr9	75153551	75155091	-	31	29	unresolved			1	0	0	1
D0_003633	chr9	80715170	80716481	+	31	23	unresolved			1	0	0	1
D0_003634	chr9	88016793	88016870	+	31	31	unresolved			1	1	0	2
D0_003635	chr9	114599047	114599911	-	31	30	unresolved			1	0	0	1
D0_003636	chr9	128000168	128036258	-	31	27	preexisting_v49_gene_span			1	1	0	2
D0_003637	chr9	129460504	129462255	+	31	26	other_v49_added_gene		ENSG00000300826	1	0	0	1
D0_003638	chr9	136927793	136933652	+	31	29	preexisting_v49_gene_span			1	1	0	2
D0_003639	chr10	3804024	3805351	-	31	25	unresolved			1	0	0	1
D0_003640	chr10	8999153	9004744	-	31	21	other_v49_added_gene		ENSG00000303941	1	1	0	2
D0_003641	chr10	36697355	36870069	+	31	31	other_v49_added_gene		ENSG00000303775	1	1	0	2
D0_003642	chr10	46333752	46336322	+	31	31	unresolved			1	0	0	1
D0_003643	chr10	121360944	121377160	-	31	31	unresolved			1	1	0	2
D0_003644	chr11	67448826	67450192	-	31	28	unresolved			1	0	0	1
D0_003645	chr11	88290272	88293568	-	31	29	preexisting_v49_gene_span			1	1	0	2
D0_003646	chr11	128290773	128295330	+	31	26	other_v49_added_gene		ENSG00000289398	1	0	0	1
D0_003647	chr12	9025660	9027496	-	31	30	unresolved			1	0	0	1
D0_003648	chr12	9043153	9045942	-	31	25	unresolved			1	0	0	1
D0_003649	chr12	48717165	48718589	+	31	26	unresolved			1	1	0	2
D0_003650	chr12	69291173	69296601	+	31	18	unresolved			1	0	0	1
D0_003651	chr12	96270263	96271978	+	31	27	unresolved			1	0	0	1
D0_003652	chr13	20526019	20561037	+	31	31	unresolved			1	1	0	2
D0_003653	chr13	30764454	30765065	+	31	29	preexisting_v49_gene_span			1	1	0	2
D0_003654	chr13	31710581	31714051	-	31	25	unresolved			1	0	0	1
D0_003655	chr13	93167858	93167988	-	31	29	unresolved			1	0	0	1
D0_003656	chr14	18312487	18313242	-	31	29	unresolved			1	0	0	1
D0_003657	chr14	19855863	19856004	+	31	30	unresolved			1	0	0	1
D0_003658	chr14	39190470	39196284	+	31	28	unresolved			1	1	0	2
D0_003659	chr14	49888498	49892765	-	31	26	unresolved			1	1	0	2
D0_003660	chr14	73134270	73136190	-	31	26	unresolved			1	0	0	1
D0_003661	chr14	90199561	90249298	-	31	30	unresolved			1	1	0	2
D0_003662	chr14	95694013	95694578	-	31	29	unresolved			1	1	0	2
D0_003663	chr15	70098185	70099554	-	31	28	other_v49_added_gene		ENSG00000305727	1	1	0	2
D0_003664	chr15	101268870	101270732	-	31	28	preexisting_v49_gene_span			1	1	0	2
D0_003665	chr16	9123799	9124937	+	31	30	unresolved			1	1	0	2
D0_003666	chr16	16145538	16148770	+	31	29	unresolved			1	0	0	1
D0_003667	chr16	18773386	18777367	-	31	26	unresolved			1	1	0	2
D0_003668	chr16	29379453	29381044	+	31	29	preexisting_v49_gene_span			1	0	0	1
D0_003669	chr17	5053431	5055430	+	31	27	unresolved			1	0	0	1
D0_003670	chr17	7266414	7270511	+	31	27	unresolved			1	1	0	2
D0_003671	chr17	38842656	38847798	-	31	28	unresolved			1	1	0	2
D0_003672	chr17	59615083	59618346	-	31	26	other_v49_added_gene		ENSG00000297347	1	1	0	2
D0_003673	chr17	81009521	81012430	+	31	28	unresolved			1	1	0	2
D0_003674	chr18	47102258	47104436	-	31	29	preexisting_v49_gene_span			1	0	0	1
D0_003675	chr19	3504162	3505868	-	31	29	unresolved			1	1	0	2
D0_003676	chr19	6768196	6771815	+	31	21	unresolved			1	0	0	1
D0_003677	chr19	9749634	9751762	-	31	25	unresolved			1	1	0	2
D0_003678	chr19	15332818	15338710	-	31	28	unresolved			1	0	0	1
D0_003679	chr19	21125292	21126739	+	31	30	unresolved			1	1	0	2
D0_003680	chr19	24131679	24134848	-	31	31	unresolved			1	0	0	1
D0_003681	chr19	47055997	47064138	-	31	23	unresolved			1	0	0	1
D0_003682	chr19	48331232	48332287	-	31	27	unresolved			1	0	0	1
D0_003683	chr19	49499726	49501711	-	31	27	preexisting_v49_gene_span			1	1	0	2
D0_003684	chr19	56980265	57049407	+	31	31	other_v49_added_gene		ENSG00000306919,ENSG00000303339	1	1	0	2
D0_003685	chr20	6215512	6215681	+	31	28	unresolved			1	1	0	2
D0_003686	chr20	30409565	30413321	+	31	26	preexisting_v49_gene_span			1	1	0	2
D0_003687	chr20	37978391	37982284	-	31	27	unresolved			1	1	0	2
D0_003688	chr21	8230821	8232498	+	31	28	unresolved			1	0	0	1
D0_003689	chr22	17173249	17178502	-	31	29	unresolved			1	1	0	2
D0_003690	chr22	29589421	29590519	+	31	22	unresolved			1	0	0	1
D0_003691	chr22	36481733	36484397	+	31	28	unresolved			1	0	0	1
D0_003692	chr22	37607661	37608439	-	31	24	other_v49_added_gene		ENSG00000298665	1	1	0	2
D0_003693	chr22	40344044	40346489	-	31	26	unresolved			1	1	0	2
D0_003694	chr22	41286434	41287874	+	31	27	other_v49_added_gene		ENSG00000304876	1	1	0	2
D0_003695	chrX	12968570	12972561	+	31	26	other_v49_added_gene		ENSG00000306484	1	0	0	1
D0_003696	chrX	18674819	18674989	-	31	31	unresolved			1	1	0	2
D0_003697	chrX	39186942	39189975	-	31	23	preexisting_v49_gene_span			1	0	0	1
D0_003698	chrX	47311365	47321254	-	31	31	unresolved			1	1	0	2
D0_003699	chrX	71021077	71034010	+	31	29	unresolved			1	0	0	1
D0_003700	chrX	74561369	74563417	+	31	27	unresolved			1	0	0	1
D0_003701	chrX	80569425	80569559	-	31	30	unresolved			1	1	0	2
D0_003702	chrX	81298553	81301549	+	31	30	unresolved			1	1	0	2
D0_003703	chrX	154346522	154348477	-	31	27	unresolved			1	1	0	2
D0_003704	chr1	2585275	2586447	-	30	30	unresolved			1	1	0	2
D0_003705	chr1	27207802	27208975	+	30	29	unresolved			1	1	0	2
D0_003706	chr1	52610278	52613664	-	30	27	unresolved			1	0	0	1
D0_003707	chr1	89941678	89943935	+	30	27	unresolved			1	1	0	2
D0_003708	chr1	101255613	101257800	+	30	27	preexisting_v49_gene_span			1	1	0	2
D0_003709	chr1	102504376	102644308	+	30	30	unresolved			1	1	0	2
D0_003710	chr1	108488346	108488626	-	30	29	unresolved			1	1	0	2
D0_003711	chr1	145137900	145139641	-	30	26	other_v49_added_gene		ENSG00000290867	1	0	0	1
D0_003712	chr1	149821226	149821951	+	30	24	other_v49_added_gene		ENSG00000301450	1	0	0	1
D0_003713	chr1	156587268	156587719	+	30	26	preexisting_v49_gene_span			1	1	0	2
D0_003714	chr1	158990464	158992832	-	30	28	unresolved			1	0	0	1
D0_003715	chr1	161614550	161615536	+	30	26	unresolved			1	1	0	2
D0_003716	chr1	204496197	204497236	-	30	10	unresolved			1	0	0	1
D0_003717	chr1	212282574	212285084	-	30	25	preexisting_v49_gene_span			1	1	0	2
D0_003718	chr2	19902601	19905907	+	30	23	preexisting_v49_gene_span			1	1	0	2
D0_003719	chr2	45648354	45651041	-	30	24	unresolved			1	1	0	2
D0_003720	chr2	47177017	47178841	+	30	28	preexisting_v49_gene_span			1	1	0	2
D0_003721	chr2	61538778	61540355	+	30	29	unresolved			1	1	0	2
D0_003722	chr2	74185068	74185953	+	30	14	unresolved			1	0	0	1
D0_003723	chr2	85393098	85394732	-	30	26	preexisting_v49_gene_span			1	1	0	2
D0_003724	chr2	94212352	94219084	+	30	29	other_v49_added_gene		ENSG00000296481	1	1	0	2
D0_003725	chr2	104569724	104569825	+	30	29	unresolved			0	0	0	0
D0_003726	chr2	174520999	174525019	-	30	25	unresolved			1	0	0	1
D0_003727	chr2	218597374	218601313	+	30	23	unresolved			1	0	0	1
D0_003728	chr2	219070234	219071602	-	30	29	preexisting_v49_gene_span			1	1	0	2
D0_003729	chr2	227561295	227563544	+	30	27	unresolved			1	1	0	2
D0_003730	chr2	229743881	229744026	+	30	30	unresolved			1	0	0	1
D0_003731	chr3	10245781	10248019	-	30	23	unresolved			1	1	0	2
D0_003732	chr3	31638081	31641865	+	30	28	preexisting_v49_gene_span			1	1	0	2
D0_003733	chr3	101705005	101710958	+	30	27	primary_match	ENSG00000293268	ENSG00000293268	1	1	0	2
D0_003734	chr3	112438039	112439443	+	30	24	other_v49_added_gene		ENSG00000303317	1	0	0	1
D0_003735	chr4	1160907	1164699	-	30	21	other_v49_added_gene		ENSG00000293496	1	1	0	2
D0_003736	chr4	25370812	25374304	+	30	26	preexisting_v49_gene_span			1	1	0	2
D0_003737	chr4	70868429	70897397	+	30	25	unresolved			1	1	0	2
D0_003738	chr4	141562937	141565306	+	30	26	unresolved			1	0	0	1
D0_003739	chr5	34127327	34127728	+	30	28	unresolved			1	0	0	1
D0_003740	chr5	42997672	42999650	-	30	27	preexisting_v49_gene_span			1	1	0	2
D0_003741	chr5	58378270	58378437	-	30	28	unresolved			1	1	0	2
D0_003742	chr5	69980730	69981220	-	30	30	other_v49_added_gene		ENSG00000295635	1	0	0	1
D0_003743	chr5	71279868	71281777	-	30	28	other_v49_added_gene		ENSG00000296329	1	0	0	1
D0_003744	chr5	91326504	91346785	-	30	30	unresolved			1	1	0	2
D0_003745	chr5	99531831	99532088	+	30	27	preexisting_v49_gene_span			1	0	0	1
D0_003746	chr5	172740931	172743402	+	30	27	other_v49_added_gene		ENSG00000306603	1	0	0	1
D0_003747	chr6	274864	282035	-	30	29	unresolved			1	1	0	2
D0_003748	chr6	7252209	7256405	+	30	26	preexisting_v49_gene_span			1	0	0	1
D0_003749	chr6	26194242	26195344	-	30	26	preexisting_v49_gene_span			1	1	0	2
D0_003750	chr6	30064945	30066697	-	30	29	other_v49_added_gene		ENSG00000293508	1	1	0	2
D0_003751	chr6	32608256	32612383	+	30	26	unresolved			1	0	0	1
D0_003752	chr6	35324417	35327007	-	30	28	unresolved			1	1	0	2
D0_003753	chr6	37045189	37045857	+	30	27	unresolved			1	1	0	2
D0_003754	chr6	41604605	41612588	+	30	22	unresolved			1	1	0	2
D0_003755	chr6	41933893	41934925	-	30	23	unresolved			1	1	0	2
D0_003756	chr6	54775446	54775552	+	30	30	unresolved			1	0	0	1
D0_003757	chr6	70213883	70215047	+	30	26	unresolved			1	1	0	2
D0_003758	chr6	109361631	109366498	-	30	27	unresolved			1	1	0	2
D0_003759	chr6	132433752	132437903	-	30	25	unresolved			1	1	0	2
D0_003760	chr6	144091634	144094764	-	30	25	unresolved			1	1	0	2
D0_003761	chr6	158867722	158869718	-	30	28	unresolved			1	1	0	2
D0_003762	chr6	170407378	170411463	+	30	24	unresolved			1	1	0	2
D0_003763	chr6	170553482	170554120	-	30	27	unresolved			1	0	0	1
D0_003764	chr7	6101671	6104357	+	30	29	unresolved			1	0	0	1
D0_003765	chr7	25103239	25107090	-	30	22	unresolved			1	1	0	2
D0_003766	chr7	35625991	35629457	-	30	25	unresolved			1	1	0	2
D0_003767	chr7	76630852	76633297	+	30	27	other_v49_added_gene		ENSG00000290873	1	0	0	1
D0_003768	chr7	100445532	100449826	-	30	20	unresolved			1	1	0	2
D0_003769	chr7	106082821	106088822	+	30	27	unresolved			1	1	0	2
D0_003770	chr7	106345643	106346668	-	30	27	unresolved			1	0	0	1
D0_003771	chr8	38883028	38883119	+	30	29	unresolved			1	0	0	1
D0_003772	chr8	100953394	100956364	+	30	25	unresolved			1	1	0	2
D0_003773	chr8	141202696	141204920	+	30	26	unresolved			1	1	0	2
D0_003774	chr9	22597430	22597690	-	30	30	unresolved			1	0	0	1
D0_003775	chr9	79494618	79496595	-	30	28	unresolved			1	0	0	1
D0_003776	chr9	83731490	83739288	-	30	24	unresolved			1	1	0	2
D0_003777	chr9	85742037	85746675	+	30	26	other_v49_added_gene		ENSG00000294204	1	0	0	1
D0_003778	chr9	85858789	85860800	-	30	24	unresolved			1	0	0	1
D0_003779	chr9	111670270	111674492	+	30	25	preexisting_v49_gene_span			1	1	0	2
D0_003780	chr9	111795649	111799499	+	30	26	other_v49_added_gene		ENSG00000293946	1	1	0	2
D0_003781	chr9	127906061	127907414	-	30	29	preexisting_v49_gene_span			1	1	0	2
D0_003782	chr10	8989162	8990969	-	30	19	other_v49_added_gene		ENSG00000303941	1	0	0	1
D0_003783	chr10	12123993	12126768	+	30	25	unresolved			1	1	0	2
D0_003784	chr10	17237842	17270642	-	30	15	unresolved			1	1	0	2
D0_003785	chr10	112834653	112835753	+	30	25	unresolved			1	1	0	2
D0_003786	chr11	18191030	18191256	+	30	30	unresolved			1	1	0	2
D0_003787	chr11	64173580	64178381	-	30	26	other_v49_added_gene		ENSG00000304841	1	1	0	2
D0_003788	chr11	65800057	65812823	+	30	27	unresolved			1	0	0	1
D0_003789	chr11	102387532	102388513	-	30	30	unresolved			1	0	0	1
D0_003790	chr11	121421750	121424180	-	30	26	preexisting_v49_gene_span			1	0	0	1
D0_003791	chr11	130004477	130008473	+	30	21	preexisting_v49_gene_span			1	1	0	2
D0_003792	chr12	8571270	8572216	-	30	20	unresolved			1	0	0	1
D0_003793	chr12	32666480	32677906	+	30	30	unresolved			1	0	0	1
D0_003794	chr12	51278322	51280859	-	30	24	unresolved			1	1	0	2
D0_003795	chr12	67324147	67326526	+	30	26	unresolved			1	1	0	2
D0_003796	chr12	93590467	93590827	+	30	30	unresolved			1	0	0	1
D0_003797	chr12	120119016	120121408	+	30	27	unresolved			1	0	0	1
D0_003798	chr12	122150586	122151715	+	30	25	unresolved			1	0	0	1
D0_003799	chr13	31162623	31164624	+	30	29	other_v49_added_gene		ENSG00000295391	1	1	0	2
D0_003800	chr13	40667223	40670019	+	30	25	unresolved			1	1	0	2
D0_003801	chr14	39136982	39140716	-	30	25	unresolved			1	1	0	2
D0_003802	chr14	52331033	52332641	+	30	28	unresolved			1	0	0	1
D0_003803	chr14	78017503	78028447	-	30	29	unresolved			1	0	0	1
D0_003804	chr14	102919224	102919765	-	30	26	unresolved			1	0	0	1
D0_003805	chr14	105048481	105049314	-	30	28	preexisting_v49_gene_span			1	1	0	2
D0_003806	chr15	20180023	20211262	-	30	30	unresolved			1	1	0	2
D0_003807	chr15	34115684	34130854	-	30	24	unresolved			1	1	0	2
D0_003808	chr15	34339039	34341707	-	30	26	preexisting_v49_gene_span			1	1	0	2
D0_003809	chr15	78917763	78920688	+	30	26	unresolved			1	0	0	1
D0_003810	chr15	90924910	90929430	+	30	27	unresolved			1	0	0	1
D0_003811	chr16	11802336	11812453	+	30	29	unresolved			1	1	0	2
D0_003812	chr16	21360383	21363352	+	30	26	unresolved			1	0	0	1
D0_003813	chr16	30788201	30790765	+	30	27	unresolved			1	1	0	2
D0_003814	chr16	31917414	31921014	+	30	27	unresolved			1	1	0	2
D0_003815	chr17	7084587	7087743	-	30	24	unresolved			1	1	0	2
D0_003816	chr17	16366804	16376533	+	30	26	unresolved			1	1	0	2
D0_003817	chr17	28874475	28879152	-	30	28	unresolved			1	0	0	1
D0_003818	chr17	67700860	67707170	+	30	24	unresolved			1	0	0	1
D0_003819	chr17	68193380	68195113	+	30	29	unresolved			1	1	0	2
D0_003820	chr17	76503883	76518794	-	30	28	unresolved			1	0	0	1
D0_003821	chr17	81013773	81017880	+	30	25	unresolved			1	1	0	2
D0_003822	chr18	23486723	23491204	+	30	19	unresolved			1	1	0	2
D0_003823	chr19	15339780	15346003	-	30	25	unresolved			1	1	0	2
D0_003824	chr19	30056130	30058170	-	30	28	other_v49_added_gene		ENSG00000301101	1	0	0	1
D0_003825	chr19	44178422	44180050	+	30	26	unresolved			1	0	0	1
D0_003826	chr19	54872001	54873270	+	30	29	unresolved			1	0	0	1
D0_003827	chr20	3040786	3042451	+	30	27	unresolved			1	1	0	2
D0_003828	chr20	3665433	3665877	-	30	14	unresolved			1	0	0	1
D0_003829	chr20	33450217	33484143	+	30	25	unresolved			1	0	0	1
D0_003830	chr20	37490386	37492253	-	30	26	unresolved			1	1	0	2
D0_003831	chr20	49097056	49098335	-	30	29	unresolved			1	1	0	2
D0_003832	chr20	61013198	61025990	+	30	30	unresolved			1	0	0	1
D0_003833	chr21	5062847	5063588	-	30	30	unresolved			1	0	0	1
D0_003834	chr22	20892061	20897659	+	30	27	unresolved			1	1	0	2
D0_003835	chr22	37776707	37778618	+	30	28	unresolved			1	1	0	2
D0_003836	chr22	39071730	39075065	+	30	26	unresolved			1	0	0	1
D0_003837	chr22	49766410	49772904	-	30	27	unresolved			1	0	0	1
D0_003838	chrX	28146584	28402048	+	30	28	other_v49_added_gene		ENSG00000308831	1	1	0	2
D0_003839	chrX	47250393	47254174	-	30	25	unresolved			1	1	0	2
D0_003840	chrX	65313863	65317205	+	30	24	preexisting_v49_gene_span			1	0	0	1
D0_003841	chrX	137324906	137324971	-	30	29	unresolved			0	0	0	0
D0_003842	chr1	8892812	8895734	+	29	26	preexisting_v49_gene_span			1	1	0	2
D0_003843	chr1	12153518	12154024	+	29	25	unresolved			1	0	0	1
D0_003844	chr1	13241975	13242103	-	29	29	unresolved			1	0	0	1
D0_003845	chr1	25218516	25222240	-	29	28	unresolved			1	1	0	2
D0_003846	chr1	33124354	33128377	-	29	28	unresolved			1	1	0	2
D0_003847	chr1	37484474	37485342	+	29	25	unresolved			1	0	0	1
D0_003848	chr1	37994312	37995664	-	29	26	preexisting_v49_gene_span			1	1	0	2
D0_003849	chr1	83242569	83242753	+	29	26	other_v49_added_gene		ENSG00000310120	1	0	0	1
D0_003850	chr1	91049604	91049734	+	29	28	unresolved			1	1	0	2
D0_003851	chr1	114387295	114392581	-	29	28	unresolved			1	1	0	2
D0_003852	chr1	121594724	121596928	-	29	26	unresolved			1	0	0	1
D0_003853	chr1	149363564	149363898	+	29	26	unresolved			1	1	0	2
D0_003854	chr1	156716407	156720841	+	29	26	unresolved			1	0	0	1
D0_003855	chr1	167714645	167714831	+	29	29	unresolved			1	1	0	2
D0_003856	chr1	173308323	173311074	-	29	24	preexisting_v49_gene_span			1	0	0	1
D0_003857	chr1	173786718	173790684	+	29	24	preexisting_v49_gene_span			1	1	0	2
D0_003858	chr1	173927636	173930422	-	29	24	unresolved			1	1	0	2
D0_003859	chr1	182769718	182770921	-	29	29	unresolved			0	0	0	0
D0_003860	chr1	183598371	183601309	-	29	25	unresolved			1	0	0	1
D0_003861	chr1	221742412	221745140	+	29	24	unresolved			1	1	0	2
D0_003862	chr1	235108579	235109195	-	29	29	unresolved			1	1	0	2
D0_003863	chr1	236324819	236339752	+	29	29	unresolved			1	0	0	1
D0_003864	chr1	244821017	244827931	-	29	25	unresolved			1	1	0	2
D0_003865	chr1	244870398	244943077	+	29	26	other_v49_added_gene		ENSG00000301467	1	1	0	2
D0_003866	chr2	20246836	20248172	+	29	26	unresolved			1	0	0	1
D0_003867	chr2	26150919	26155913	+	29	24	unresolved			1	0	0	1
D0_003868	chr2	42809346	42811129	-	29	26	other_v49_added_gene		ENSG00000307343	1	1	0	2
D0_003869	chr2	60809736	60811217	+	29	11	unresolved			1	0	0	1
D0_003870	chr2	85650968	85654142	-	29	22	unresolved			1	0	0	1
D0_003871	chr2	108785913	108786642	-	29	23	unresolved			1	1	0	2
D0_003872	chr2	138286194	138287463	-	29	27	preexisting_v49_gene_span			1	0	0	1
D0_003873	chr2	175054281	175057256	-	29	22	unresolved			1	0	0	1
D0_003874	chr2	201111354	201111809	+	29	28	unresolved			1	0	0	1
D0_003875	chr2	239872512	239873654	-	29	25	other_v49_added_gene		ENSG00000302293	1	1	0	2
D0_003876	chr3	32510630	32514077	-	29	25	unresolved			1	1	0	2
D0_003877	chr3	125525491	125528628	-	29	28	preexisting_v49_gene_span			1	1	0	2
D0_003878	chr3	192955914	192957709	-	29	23	unresolved			1	0	0	1
D0_003879	chr4	13286646	13296726	-	29	26	unresolved			1	1	0	2
D0_003880	chr4	17798360	17800095	-	29	26	preexisting_v49_gene_span			1	0	0	1
D0_003881	chr4	40420212	40422494	-	29	27	unresolved			1	0	0	1
D0_003882	chr4	42106334	42110261	-	29	21	unresolved			1	0	0	1
D0_003883	chr4	68306563	68310288	-	29	22	unresolved			1	0	0	1
D0_003884	chr4	96903113	96903207	+	29	29	unresolved			1	0	0	1
D0_003885	chr4	105123294	105123611	+	29	29	unresolved			1	0	0	1
D0_003886	chr4	128257525	128257735	+	29	29	unresolved			1	1	0	2
D0_003887	chr4	141543166	141548876	+	29	26	unresolved			1	0	0	1
D0_003888	chr4	143227789	143229982	+	29	24	unresolved			1	1	0	2
D0_003889	chr5	71195781	71196858	+	29	27	other_v49_added_gene		ENSG00000296364	1	0	0	1
D0_003890	chr5	77997424	77998195	+	29	27	unresolved			1	0	0	1
D0_003891	chr5	83042409	83045696	-	29	28	unresolved			1	0	0	1
D0_003892	chr5	134395595	134399486	+	29	24	unresolved			1	1	0	2
D0_003893	chr5	171413425	171415393	+	29	25	unresolved			1	1	0	2
D0_003894	chr6	3157657	3159351	+	29	27	other_v49_added_gene		ENSG00000309609,ENSG00000309627	1	1	0	2
D0_003895	chr6	6754416	6757643	-	29	25	preexisting_v49_gene_span			1	1	0	2
D0_003896	chr6	6798804	6811170	-	29	22	other_v49_added_gene		ENSG00000301189,ENSG00000301156	1	1	0	2
D0_003897	chr6	27828716	27831189	-	29	26	preexisting_v49_gene_span			1	1	0	2
D0_003898	chr6	28371739	28374338	+	29	25	unresolved			1	1	0	2
D0_003899	chr6	31191351	31193490	-	29	25	preexisting_v49_gene_span			1	1	0	2
D0_003900	chr6	35430470	35434796	+	29	23	unresolved			1	0	0	1
D0_003901	chr6	35731561	35733145	+	29	28	other_v49_added_gene		ENSG00000299402	1	1	0	2
D0_003902	chr6	42746357	42746940	-	29	27	unresolved			1	0	0	1
D0_003903	chr6	42870477	42873045	+	29	25	unresolved			1	0	0	1
D0_003904	chr6	42926232	42928225	-	29	26	preexisting_v49_gene_span			1	1	0	2
D0_003905	chr6	53248034	53249384	+	29	26	other_v49_added_gene		ENSG00000296274	1	0	0	1
D0_003906	chr6	63590935	63593023	+	29	21	unresolved			1	1	0	2
D0_003907	chr6	73579217	73580667	-	29	26	other_v49_added_gene		ENSG00000307148	1	1	0	2
D0_003908	chr6	98859992	98862337	-	29	28	unresolved			1	1	0	2
D0_003909	chr6	155877423	155878455	-	29	28	preexisting_v49_gene_span			1	0	0	1
D0_003910	chr7	1148235	1151390	-	29	27	unresolved			1	1	0	2
D0_003911	chr7	44555585	44558769	-	29	22	unresolved			1	1	0	2
D0_003912	chr7	44980053	44982842	-	29	25	unresolved			1	0	0	1
D0_003913	chr7	45112085	45113316	+	29	25	unresolved			1	1	0	2
D0_003914	chr7	55880592	55880751	+	29	29	unresolved			1	1	0	2
D0_003915	chr7	66626360	66628491	-	29	27	unresolved			1	1	0	2
D0_003916	chr7	75090803	75092511	+	29	28	preexisting_v49_gene_span			1	0	0	1
D0_003917	chr7	77959686	77960060	-	29	25	unresolved			1	0	0	1
D0_003918	chr7	99919726	99922413	+	29	26	preexisting_v49_gene_span			1	0	0	1
D0_003919	chr7	102679382	102679864	+	29	26	unresolved			1	0	0	1
D0_003920	chr7	107166293	107168731	-	29	26	other_v49_added_gene		ENSG00000307064	1	1	0	2
D0_003921	chr7	134070413	134073575	+	29	26	unresolved			1	1	0	2
D0_003922	chr7	143607015	143610503	+	29	27	other_v49_added_gene		ENSG00000290786,ENSG00000309174	1	1	0	2
D0_003923	chr7	149185574	149188164	-	29	24	unresolved			1	0	0	1
D0_003924	chr7	150672387	150676814	-	29	22	unresolved			1	0	0	1
D0_003925	chr7	150706950	150712108	+	29	24	unresolved			1	0	0	1
D0_003926	chr7	155265852	155266950	+	29	15	other_v49_added_gene		ENSG00000301038	1	0	0	1
D0_003927	chr8	37581565	37585107	+	29	21	other_v49_added_gene		ENSG00000302182	1	0	0	1
D0_003928	chr8	38217932	38218292	-	29	28	preexisting_v49_gene_span			1	0	0	1
D0_003929	chr8	131902494	131903417	-	29	28	other_v49_added_gene		ENSG00000299509	1	1	0	2
D0_003930	chr9	32533188	32540285	-	29	25	other_v49_added_gene		ENSG00000288684	1	1	0	2
D0_003931	chr9	63970248	63971379	-	29	29	unresolved			1	0	0	1
D0_003932	chr9	87943755	87943870	-	29	28	unresolved			1	1	0	2
D0_003933	chr9	94655194	94656347	-	29	28	unresolved			1	0	0	1
D0_003934	chr9	108055712	108060383	+	29	21	unresolved			1	0	0	1
D0_003935	chr9	127814330	127814807	+	29	26	preexisting_v49_gene_span			1	1	0	2
D0_003936	chr10	931988	932931	+	29	26	preexisting_v49_gene_span			1	1	0	2
D0_003937	chr10	28520382	28521480	-	29	26	preexisting_v49_gene_span			1	1	0	2
D0_003938	chr10	31530022	31535055	+	29	27	unresolved			1	1	0	2
D0_003939	chr10	46199376	46205354	-	29	26	other_v49_added_gene		ENSG00000299562	1	0	0	1
D0_003940	chr10	46358724	46361595	+	29	28	unresolved			1	1	0	2
D0_003941	chr10	68527647	68530571	+	29	24	unresolved			1	0	0	1
D0_003942	chr10	102662823	102666796	-	29	29	unresolved			1	1	0	2
D0_003943	chr11	265011	270308	+	29	22	unresolved			1	1	0	2
D0_003944	chr11	18276667	18277058	+	29	26	unresolved			1	0	0	1
D0_003945	chr11	60157200	60159493	-	29	27	unresolved			1	0	0	1
D0_003946	chr11	63569773	63571618	-	29	27	unresolved			1	1	0	2
D0_003947	chr11	65134578	65137169	+	29	28	other_v49_added_gene		ENSG00000304945	1	0	0	1
D0_003948	chr11	65519831	65522827	+	29	23	unresolved			1	0	0	1
D0_003949	chr11	76553394	76560461	+	29	28	unresolved			1	1	0	2
D0_003950	chr11	102247730	102248497	-	29	28	unresolved			1	0	0	1
D0_003951	chr11	129684377	129758244	+	29	25	other_v49_added_gene		ENSG00000304507	1	1	0	2
D0_003952	chr12	8485868	8488378	+	29	24	unresolved			1	0	0	1
D0_003953	chr12	9226786	9228461	+	29	24	preexisting_v49_gene_span			1	0	0	1
D0_003954	chr12	9663204	9664779	+	29	25	unresolved			1	1	0	2
D0_003955	chr12	45908885	45918655	+	29	24	unresolved			1	0	0	1
D0_003956	chr12	46378690	46383233	-	29	25	other_v49_added_gene		ENSG00000296000	1	1	0	2
D0_003957	chr12	47646535	47650124	-	29	27	unresolved			1	0	0	1
D0_003958	chr12	55973367	55973672	-	29	28	unresolved			1	1	0	2
D0_003959	chr12	98552604	98555043	+	29	29	unresolved			1	1	0	2
D0_003960	chr12	110713681	110717928	-	29	25	unresolved			1	1	0	2
D0_003961	chr12	121707281	121707419	-	29	26	unresolved			1	0	0	1
D0_003962	chr13	36839082	36839592	-	29	27	unresolved			1	0	0	1
D0_003963	chr14	21511428	21513276	+	29	25	unresolved			1	1	0	2
D0_003964	chr14	49867476	49871645	+	29	27	other_v49_added_gene		ENSG00000303690	1	1	0	2
D0_003965	chr14	64596878	64597621	-	29	29	unresolved			1	1	0	2
D0_003966	chr14	73849748	73849995	+	29	29	unresolved			1	0	0	1
D0_003967	chr14	105043651	105046547	-	29	24	unresolved			1	1	0	2
D0_003968	chr14	105700080	105703779	-	29	18	unresolved			1	1	0	2
D0_003969	chr15	40308040	40309122	+	29	26	unresolved			1	0	0	1
D0_003970	chr15	51624965	51629708	-	29	27	unresolved			1	0	0	1
D0_003971	chr15	74521606	74524958	+	29	26	unresolved			1	0	0	1
D0_003972	chr15	101748586	101750891	+	29	24	other_v49_added_gene		ENSG00000291225	1	0	0	1
D0_003973	chr16	21354975	21359119	+	29	27	unresolved			1	0	0	1
D0_003974	chr16	28080345	28085105	-	29	26	unresolved			1	0	0	1
D0_003975	chr16	28838399	28842362	-	29	24	unresolved			1	0	0	1
D0_003976	chr16	30776452	30776932	-	29	29	unresolved			1	1	0	2
D0_003977	chr16	30822368	30825327	-	29	20	unresolved			1	1	0	2
D0_003978	chr16	70093092	70093440	+	29	28	unresolved			1	0	0	1
D0_003979	chr17	82751	85823	-	29	28	unresolved			1	0	0	1
D0_003980	chr17	4935023	4935505	+	29	27	unresolved			1	1	0	2
D0_003981	chr17	29254609	29255596	-	29	26	unresolved			1	0	0	1
D0_003982	chr17	31000367	31004381	+	29	27	unresolved			1	0	0	1
D0_003983	chr17	32404770	32411072	-	29	28	unresolved			1	0	0	1
D0_003984	chr17	44325445	44327531	+	29	25	other_v49_added_gene		ENSG00000288961	1	1	0	2
D0_003985	chr17	76514560	76517383	+	29	26	unresolved			1	0	0	1
D0_003986	chr18	21111822	21115167	+	29	23	other_v49_added_gene		ENSG00000308413	1	1	0	2
D0_003987	chr18	46267067	46268341	-	29	29	unresolved			1	1	0	2
D0_003988	chr19	1244827	1248516	-	29	23	other_v49_added_gene		ENSG00000288704	1	1	0	2
D0_003989	chr19	3971771	3974351	-	29	22	unresolved			1	1	0	2
D0_003990	chr19	5581010	5585085	+	29	27	unresolved			1	0	0	1
D0_003991	chr19	10645676	10648904	+	29	23	unresolved			1	0	0	1
D0_003992	chr19	12640327	12642271	+	29	23	unresolved			1	1	0	2
D0_003993	chr19	13171149	13174104	-	29	25	unresolved			1	0	0	1
D0_003994	chr19	52924607	52926833	-	29	25	unresolved			1	1	0	2
D0_003995	chr19	54194883	54196405	+	29	25	unresolved			1	0	0	1
D0_003996	chr20	296518	297481	-	29	27	unresolved			1	1	0	2
D0_003997	chr20	1942699	1946711	-	29	27	unresolved			1	1	0	2
D0_003998	chr20	5529343	5531047	-	29	25	unresolved			1	1	0	2
D0_003999	chr20	12003529	12011563	-	29	27	unresolved			1	0	0	1
D0_004000	chr20	23337934	23338330	+	29	21	unresolved			1	0	0	1
D0_004001	chr20	44522226	44523885	+	29	29	unresolved			1	0	0	1
D0_004002	chr20	49215744	49219207	-	29	24	unresolved			1	1	0	2
D0_004003	chr20	50283992	50287463	+	29	21	preexisting_v49_gene_span			1	0	0	1
D0_004004	chr21	43091339	43092264	-	29	24	unresolved			1	0	0	1
D0_004005	chr21	43763248	43763903	+	29	28	unresolved			1	0	0	1
D0_004006	chr22	21875766	21879950	+	29	27	other_v49_added_gene		ENSG00000294146	1	0	0	1
D0_004007	chr22	24179162	24179582	-	29	24	unresolved			1	1	0	2
D0_004008	chr22	37267676	37268740	-	29	29	other_v49_added_gene		ENSG00000296310	1	0	0	1
D0_004009	chr22	38409496	38409735	-	29	29	preexisting_v49_gene_span			1	0	0	1
D0_004010	chrX	57178616	57184389	+	29	24	preexisting_v49_gene_span			1	0	0	1
D0_004011	chrX	57219907	57220276	-	29	28	unresolved			1	0	0	1
D0_004012	chrX	82178379	82491301	-	29	28	unresolved			1	1	0	2
D0_004013	chrY	2215607	2217985	-	29	24	unresolved			1	0	0	1
D0_004014	chrY	19691329	19691803	+	29	27	unresolved			1	1	0	2
D0_004015	chr1	33458111	33458207	-	28	28	unresolved			1	0	0	1
D0_004016	chr1	39052848	39067953	-	28	25	unresolved			1	0	0	1
D0_004017	chr1	148750102	148753466	+	28	27	preexisting_v49_gene_span			1	0	0	1
D0_004018	chr1	150591561	150595596	+	28	26	other_v49_added_gene		ENSG00000290074	1	0	0	1
D0_004019	chr1	159055181	159056565	-	28	27	preexisting_v49_gene_span			1	1	0	2
D0_004020	chr1	161141461	161147524	+	28	25	unresolved			1	1	0	2
D0_004021	chr1	173408212	173412220	-	28	26	preexisting_v49_gene_span			1	0	0	1
D0_004022	chr1	179078507	179081758	-	28	22	other_v49_added_gene		ENSG00000308086	1	1	0	2
D0_004023	chr1	224336565	224337530	+	28	27	unresolved			1	0	0	1
D0_004024	chr1	234598459	234603349	+	28	26	other_v49_added_gene		ENSG00000309433,ENSG00000300566,ENSG00000306466	1	1	0	2
D0_004025	chr2	36835756	36836664	-	28	27	unresolved			1	1	0	2
D0_004026	chr2	43206773	43208440	+	28	23	unresolved			1	0	0	1
D0_004027	chr2	74696254	74696577	-	28	27	unresolved			1	0	0	1
D0_004028	chr2	94496075	94496200	+	28	25	unresolved			1	0	0	1
D0_004029	chr2	130385874	130387793	+	28	25	unresolved			1	1	0	2
D0_004030	chr2	182553322	182705692	-	28	25	unresolved			1	1	0	2
D0_004031	chr2	203965704	203967978	+	28	23	unresolved			1	0	0	1
D0_004032	chr3	31649034	31651957	-	28	27	unresolved			1	0	0	1
D0_004033	chr3	38162591	38165042	-	28	23	other_v49_added_gene		ENSG00000308516	1	1	0	2
D0_004034	chr3	106110242	106110460	-	28	26	unresolved			1	0	0	1
D0_004035	chr3	157140014	157143847	-	28	21	unresolved			1	1	0	2
D0_004036	chr3	166232213	166232414	+	28	28	unresolved			1	0	0	1
D0_004037	chr3	169745324	169754433	-	28	27	unresolved			1	1	0	2
D0_004038	chr3	184396980	184397097	-	28	27	unresolved			1	0	0	1
D0_004039	chr4	13315263	13322420	-	28	23	unresolved			1	1	0	2
D0_004040	chr4	82350739	82352231	+	28	25	unresolved			1	1	0	2
D0_004041	chr4	141476898	141478011	+	28	22	unresolved			1	0	0	1
D0_004042	chr4	184384458	184386673	-	28	28	preexisting_v49_gene_span			1	1	0	2
D0_004043	chr5	25913085	25913299	+	28	28	unresolved			1	0	0	1
D0_004044	chr5	40409293	40411078	-	28	25	other_v49_added_gene		ENSG00000305258	1	0	0	1
D0_004045	chr5	54550168	54552814	+	28	24	unresolved			1	1	0	2
D0_004046	chr5	62776754	62776873	-	28	28	unresolved			1	1	0	2
D0_004047	chr5	69865038	69866929	+	28	27	other_v49_added_gene		ENSG00000295602	1	0	0	1
D0_004048	chr5	69934459	69935312	+	28	27	other_v49_added_gene		ENSG00000295602	1	0	0	1
D0_004049	chr5	79514185	79515844	+	28	23	other_v49_added_gene		ENSG00000298552	1	0	0	1
D0_004050	chr5	80106905	80109570	-	28	22	unresolved			1	1	0	2
D0_004051	chr5	81969695	81971956	-	28	21	unresolved			1	0	0	1
D0_004052	chr5	139628906	139630765	+	28	28	unresolved			1	0	0	1
D0_004053	chr6	28372741	28373087	-	28	25	unresolved			1	0	0	1
D0_004054	chr6	30563933	30568700	+	28	23	unresolved			1	1	0	2
D0_004055	chr6	41895933	41898635	+	28	25	other_v49_added_gene		ENSG00000298081	1	0	0	1
D0_004056	chr6	41933078	41934253	+	28	25	unresolved			1	1	1	3
D0_004057	chr6	43457401	43462774	-	28	27	unresolved			1	1	0	2
D0_004058	chr6	57061081	57063900	-	28	26	unresolved			1	0	0	1
D0_004059	chr6	89077099	89080160	-	28	28	unresolved			1	1	0	2
D0_004060	chr6	110599479	110599583	-	28	27	unresolved			1	0	0	1
D0_004061	chr6	137883384	137885868	-	28	23	preexisting_v49_gene_span			1	1	0	2
D0_004062	chr6	163406379	163409892	-	28	22	preexisting_v49_gene_span			1	1	0	2
D0_004063	chr7	1504970	1506206	-	28	26	unresolved			1	0	0	1
D0_004064	chr7	4384179	4510733	-	28	28	other_v49_added_gene		ENSG00000309840,ENSG00000299792,ENSG00000296704,ENSG00000296724	1	1	0	2
D0_004065	chr7	65081373	65082257	+	28	27	other_v49_added_gene		ENSG00000296823	1	0	0	1
D0_004066	chr7	76508271	76509726	+	28	26	unresolved			1	0	0	1
D0_004067	chr7	129820225	129822983	-	28	23	unresolved			1	0	0	1
D0_004068	chr7	140022281	140023564	+	28	26	unresolved			1	1	0	2
D0_004069	chr8	12436651	12440695	+	28	27	preexisting_v49_gene_span			1	0	0	1
D0_004070	chr8	30183982	30191337	+	28	26	unresolved			1	1	1	3
D0_004071	chr8	46469694	46469842	-	28	20	unresolved			1	0	0	1
D0_004072	chr8	55843629	55845901	+	28	25	other_v49_added_gene		ENSG00000297121	1	1	0	2
D0_004073	chr8	81651301	81655718	-	28	22	unresolved			1	1	0	2
D0_004074	chr8	83216147	83216250	+	28	28	unresolved			1	1	0	2
D0_004075	chr9	36322624	36324916	+	28	27	unresolved			1	0	0	1
D0_004076	chr9	36333488	36336083	+	28	27	unresolved			1	1	0	2
D0_004077	chr9	37359395	37361935	+	28	24	unresolved			1	1	0	2
D0_004078	chr9	42387043	42402623	-	28	28	unresolved			1	0	0	1
D0_004079	chr9	80533409	80537104	+	28	21	unresolved			1	0	0	1
D0_004080	chr9	93037113	93039105	-	28	25	unresolved			1	0	0	1
D0_004081	chr9	101563963	101568974	+	28	26	unresolved			1	1	0	2
D0_004082	chr9	120929482	120933576	+	28	25	unresolved			1	0	0	1
D0_004083	chr9	129157769	129170107	-	28	27	unresolved			1	0	0	1
D0_004084	chr9	130043494	130048234	+	28	24	preexisting_v49_gene_span			1	1	0	2
D0_004085	chr9	131255431	131255890	-	28	26	unresolved			1	0	0	1
D0_004086	chr10	8981747	8986724	-	28	19	other_v49_added_gene		ENSG00000303941	1	0	0	1
D0_004087	chr10	42782091	42782564	-	28	22	other_v49_added_gene		ENSG00000295245	1	0	0	1
D0_004088	chr10	43409195	43413102	-	28	28	preexisting_v49_gene_span			1	1	0	2
D0_004089	chr10	133259489	133262407	+	28	22	other_v49_added_gene		ENSG00000298240	1	1	0	2
D0_004090	chr10	133638083	133640263	+	28	21	other_v49_added_gene		ENSG00000297660	1	0	0	1
D0_004091	chr11	3841074	3842526	+	28	27	unresolved			1	1	0	2
D0_004092	chr11	57524437	57526375	-	28	24	unresolved			1	1	0	2
D0_004093	chr11	61028256	61033119	+	28	25	unresolved			1	0	0	1
D0_004094	chr11	61371759	61373394	+	28	25	preexisting_v49_gene_span			1	1	0	2
D0_004095	chr12	7727132	7728820	-	28	15	preexisting_v49_gene_span			1	1	0	2
D0_004096	chr12	9125293	9127303	+	28	23	other_v49_added_gene		ENSG00000309149	1	1	0	2
D0_004097	chr12	12609441	12611801	-	28	22	unresolved			1	1	0	2
D0_004098	chr12	14912324	14912832	-	28	26	unresolved			1	1	0	2
D0_004099	chr12	31855868	31865241	+	28	24	unresolved			1	0	0	1
D0_004100	chr12	52066892	52069022	+	28	23	unresolved			1	0	0	1
D0_004101	chr12	56655117	56663179	-	28	26	unresolved			1	1	0	2
D0_004102	chr12	110590270	110590904	-	28	24	unresolved			1	0	0	1
D0_004103	chr12	112155375	112158712	-	28	25	unresolved			1	1	0	2
D0_004104	chr12	117031225	117032499	+	28	22	preexisting_v49_gene_span			1	1	0	2
D0_004105	chr13	32778108	32778417	+	28	26	unresolved			1	1	0	2
D0_004106	chr13	45310540	45317027	+	28	19	preexisting_v49_gene_span			1	0	0	1
D0_004107	chr13	94547815	94549726	-	28	25	other_v49_added_gene		ENSG00000289878	1	1	0	2
D0_004108	chr14	56301532	56303406	+	28	25	unresolved			1	1	0	2
D0_004109	chr14	69470529	69472089	-	28	25	unresolved			1	0	0	1
D0_004110	chr14	100306643	100311794	+	28	24	preexisting_v49_gene_span			1	1	0	2
D0_004111	chr14	105521697	105526347	-	28	25	unresolved			1	0	0	1
D0_004112	chr15	64959515	64963001	-	28	28	unresolved			1	1	0	2
D0_004113	chr15	88660172	88662918	+	28	26	unresolved			1	0	0	1
D0_004114	chr15	100848298	100848853	+	28	28	other_v49_added_gene		ENSG00000294907	1	0	0	1
D0_004115	chr16	3152895	3154683	+	28	26	other_v49_added_gene		ENSG00000302384	1	1	0	2
D0_004116	chr16	31454155	31456707	-	28	27	unresolved			1	1	0	2
D0_004117	chr16	35802503	35802636	+	28	28	unresolved			1	0	0	1
D0_004118	chr16	68239246	68244248	-	28	27	other_v49_added_gene		ENSG00000307195	1	1	0	2
D0_004119	chr16	69704777	69706170	+	28	22	unresolved			1	0	0	1
D0_004120	chr16	75623631	75626418	-	28	27	unresolved			1	1	0	2
D0_004121	chr17	7128296	7130634	-	28	24	unresolved			1	0	0	1
D0_004122	chr17	19099808	19100113	+	28	24	unresolved			1	0	0	1
D0_004123	chr17	19214102	19214442	-	28	25	unresolved			1	0	0	1
D0_004124	chr17	41309358	41310686	+	28	19	unresolved			1	0	0	1
D0_004125	chr17	68120814	68125773	-	28	26	unresolved			1	1	0	2
D0_004126	chr17	68189407	68189777	-	28	26	unresolved			1	0	0	1
D0_004127	chr17	80130829	80132920	+	28	27	preexisting_v49_gene_span			1	0	0	1
D0_004128	chr17	82306852	82312576	+	28	27	unresolved			1	0	0	1
D0_004129	chr17	82311374	82314828	-	28	23	preexisting_v49_gene_span			1	1	0	2
D0_004130	chr19	2036047	2037255	+	28	25	unresolved			1	1	0	2
D0_004131	chr19	4724694	4727719	+	28	24	other_v49_added_gene		ENSG00000303840	1	0	1	2
D0_004132	chr19	8502862	8507162	-	28	26	unresolved			1	0	0	1
D0_004133	chr19	17386323	17390133	-	28	23	preexisting_v49_gene_span			1	1	0	2
D0_004134	chr19	17554418	17555563	+	28	28	unresolved			1	0	0	1
D0_004135	chr19	17930259	17930354	-	28	28	unresolved			1	0	0	1
D0_004136	chr19	21005159	21005328	+	28	27	unresolved			1	0	0	1
D0_004137	chr19	38332086	38334558	+	28	27	unresolved			1	1	0	2
D0_004138	chr19	58461052	58466284	+	28	24	unresolved			1	1	0	2
D0_004139	chr20	1628157	1629151	-	28	24	unresolved			1	1	0	2
D0_004140	chr20	5611123	5612241	-	28	25	unresolved			1	0	0	1
D0_004141	chr20	30377162	30377370	+	28	24	preexisting_v49_gene_span			1	0	0	1
D0_004142	chr20	36277029	36277118	+	28	28	other_v49_added_gene		ENSG00000298755	1	0	0	1
D0_004143	chr20	37972913	37975962	-	28	27	preexisting_v49_gene_span			1	0	0	1
D0_004144	chr20	38803402	38805422	-	28	25	unresolved			1	0	0	1
D0_004145	chr20	50384186	50384280	-	28	26	unresolved			0	0	0	0
D0_004146	chr20	63632162	63636536	-	28	27	other_v49_added_gene		ENSG00000299587	1	1	0	2
D0_004147	chr20	63891816	63893594	+	28	27	other_v49_added_gene		ENSG00000290226	1	0	0	1
D0_004148	chr21	28869036	28871524	-	28	26	unresolved			1	1	0	2
D0_004149	chr21	31732265	31735186	+	28	24	other_v49_added_gene		ENSG00000300283	1	1	0	2
D0_004150	chr21	32535292	32540713	-	28	26	preexisting_v49_gene_span			1	1	0	2
D0_004151	chr21	42931701	42936912	+	28	24	unresolved			1	1	0	2
D0_004152	chr21	43777079	43782102	-	28	23	unresolved			1	1	0	2
D0_004153	chr22	36136314	36137425	-	28	26	unresolved			1	0	0	1
D0_004154	chr22	37787222	37789354	+	28	26	unresolved			1	1	0	2
D0_004155	chr22	39440690	39442721	+	28	26	unresolved			1	1	0	2
D0_004156	chr22	46759482	46761893	-	28	24	preexisting_v49_gene_span			1	1	0	2
D0_004157	chrX	1234351	1239465	+	28	28	unresolved			1	0	0	1
D0_004158	chrX	40204237	40215444	+	28	28	unresolved			1	1	0	2
D0_004159	chrX	49107747	49113287	-	28	26	unresolved			1	1	0	2
D0_004160	chrX	49109043	49111441	+	28	25	unresolved			1	0	0	1
D0_004161	chrX	53371003	53373276	-	28	22	unresolved			1	1	0	2
D0_004162	chrX	57074806	57079264	-	28	25	unresolved			1	1	0	2
D0_004163	chrX	68537357	68539773	+	28	26	unresolved			1	1	0	2
D0_004164	chrX	118343793	118345158	-	28	26	unresolved			1	1	0	2
D0_004165	chrX	119454649	119459175	+	28	20	preexisting_v49_gene_span			1	1	0	2
D0_004166	chrX	119784456	119786321	-	28	25	unresolved			1	0	0	1
D0_004167	chrX	154339107	154344379	+	28	27	other_v49_added_gene		ENSG00000307846,ENSG00000308487	1	0	0	1
D0_004168	chrY	1399428	1401443	+	28	23	other_v49_added_gene		ENSG00000292341,ENSG00000292331	1	0	0	1
D0_004169	chrY	1701094	1701464	-	28	27	unresolved			1	0	0	1
D0_004170	chrY	2146997	2151123	-	28	25	unresolved			1	0	0	1
D0_004171	chrY	2188070	2190379	-	28	23	unresolved			1	0	0	1
D0_004172	chrY	21031232	21035737	+	28	22	unresolved			1	0	0	1
D0_004173	KI270719.1	35821	36573	-	28	27	unresolved			1	0	0	1
D0_004174	chr1	995321	995938	-	27	20	unresolved			1	0	0	1
D0_004175	chr1	9616279	9619875	+	27	22	unresolved			1	1	0	2
D0_004176	chr1	20737901	20741319	-	27	24	preexisting_v49_gene_span			1	1	0	2
D0_004177	chr1	27861415	27864435	-	27	23	other_v49_added_gene		ENSG00000309988	1	0	0	1
D0_004178	chr1	35641830	35643534	+	27	15	unresolved			1	1	0	2
D0_004179	chr1	39891446	39895308	-	27	25	unresolved			1	1	0	2
D0_004180	chr1	51350570	51354214	-	27	23	unresolved			1	0	0	1
D0_004181	chr1	89945611	89947491	+	27	22	unresolved			1	0	0	1
D0_004182	chr1	101244173	101247168	+	27	26	unresolved			1	1	0	2
D0_004183	chr1	102157826	102157935	-	27	26	unresolved			1	0	0	1
D0_004184	chr1	111111108	111115346	-	27	21	unresolved			1	1	0	2
D0_004185	chr1	145417246	145417594	+	27	26	unresolved			1	0	0	1
D0_004186	chr1	149596049	149603675	+	27	25	primary_match	ENSG00000291158	ENSG00000291158	1	0	0	1
D0_004187	chr1	156248453	156249169	-	27	23	unresolved			1	1	0	2
D0_004188	chr1	173398005	173398822	-	27	24	preexisting_v49_gene_span			1	0	0	1
D0_004189	chr1	173793229	173798079	+	27	23	unresolved			1	0	0	1
D0_004190	chr1	179878587	179881535	-	27	27	preexisting_v49_gene_span			1	0	0	1
D0_004191	chr1	194219300	194223049	+	27	23	unresolved			1	0	0	1
D0_004192	chr1	200861139	200862986	+	27	25	unresolved			1	1	0	2
D0_004193	chr1	204579456	204580810	-	27	25	other_v49_added_gene		ENSG00000298590	1	1	0	2
D0_004194	chr1	226359059	226360038	-	27	26	unresolved			1	1	0	2
D0_004195	chr1	226785039	226785178	+	27	27	unresolved			1	0	0	1
D0_004196	chr1	230902002	230902365	+	27	25	unresolved			1	0	0	1
D0_004197	chr1	235129022	235130303	+	27	26	unresolved			1	1	0	2
D0_004198	chr2	42097866	42102337	-	27	23	other_v49_added_gene		ENSG00000296975	1	0	0	1
D0_004199	chr2	43091036	43092261	-	27	22	preexisting_v49_gene_span			1	0	0	1
D0_004200	chr2	73758211	73762169	-	27	23	preexisting_v49_gene_span			1	1	0	2
D0_004201	chr2	84967039	84967847	+	27	27	preexisting_v49_gene_span			1	0	0	1
D0_004202	chr2	112202716	112207512	+	27	20	unresolved			1	1	0	2
D0_004203	chr2	126556403	126557244	+	27	27	unresolved			1	0	0	1
D0_004204	chr2	131093653	131097063	+	27	25	unresolved			1	1	0	2
D0_004205	chr2	183221131	183221577	-	27	25	unresolved			1	0	0	1
D0_004206	chr2	191151617	191153450	+	27	26	unresolved			1	0	0	1
D0_004207	chr2	196952466	196953607	+	27	26	unresolved			1	0	0	1
D0_004208	chr2	227570398	227572945	+	27	24	unresolved			1	1	0	2
D0_004209	chr3	88182588	88188150	+	27	21	unresolved			1	0	0	1
D0_004210	chr3	101679317	101680938	-	27	24	unresolved			1	1	0	2
D0_004211	chr3	143895530	143943440	+	27	27	unresolved			1	0	0	1
D0_004212	chr3	147910975	147911151	-	27	27	unresolved			1	0	0	1
D0_004213	chr3	152001065	152072241	-	27	25	other_v49_added_gene		ENSG00000297471	1	1	0	2
D0_004214	chr3	153170698	153174925	+	27	21	other_v49_added_gene		ENSG00000289885	1	1	0	2
D0_004215	chr3	169760374	169764422	-	27	26	unresolved			1	1	0	2
D0_004216	chr3	177229673	177287754	-	27	27	unresolved			1	1	0	2
D0_004217	chr3	193707013	193708254	-	27	26	unresolved			1	0	0	1
D0_004218	chr3	196459038	196468565	+	27	26	unresolved			1	1	0	2
D0_004219	chr3	196832788	196836999	-	27	24	unresolved			1	1	0	2
D0_004220	chr4	6630276	6631604	-	27	20	other_v49_added_gene		ENSG00000310372	1	1	0	2
D0_004221	chr4	33009238	33009505	-	27	27	other_v49_added_gene		ENSG00000307412	1	0	0	1
D0_004222	chr4	139013662	139015394	-	27	23	preexisting_v49_gene_span			1	0	0	1
D0_004223	chr4	141393132	141398611	+	27	25	other_v49_added_gene		ENSG00000306779	1	0	0	1
D0_004224	chr4	158723462	158724368	+	27	23	other_v49_added_gene		ENSG00000294185	1	1	0	2
D0_004225	chr5	27913096	27913215	-	27	27	unresolved			1	0	0	1
D0_004226	chr5	60870917	60872270	-	27	23	preexisting_v49_gene_span			1	1	0	2
D0_004227	chr5	68322655	68322830	+	27	26	unresolved			1	0	0	1
D0_004228	chr5	69988405	69994368	+	27	24	other_v49_added_gene		ENSG00000295602	1	1	0	2
D0_004229	chr5	149461790	149473928	-	27	20	unresolved			1	1	0	2
D0_004230	chr5	149476308	149478490	+	27	22	unresolved			1	0	0	1
D0_004231	chr5	180842299	180846315	-	27	27	preexisting_v49_gene_span			1	1	0	2
D0_004232	chr6	27688183	27688505	+	27	25	preexisting_v49_gene_span			1	1	0	2
D0_004233	chr6	29638316	29655004	-	27	25	other_v49_added_gene		ENSG00000301820	1	1	0	2
D0_004234	chr6	30526714	30530831	+	27	22	unresolved			1	1	0	2
D0_004235	chr6	32860249	32860660	-	27	24	unresolved			1	0	0	1
D0_004236	chr6	32870264	32874626	+	27	20	unresolved			1	1	0	2
D0_004237	chr6	33247134	33249087	-	27	23	preexisting_v49_gene_span			1	1	0	2
D0_004238	chr6	52780105	52780221	-	27	25	other_v49_added_gene		ENSG00000301341	1	1	0	2
D0_004239	chr6	96898004	96898676	+	27	25	other_v49_added_gene		ENSG00000299332	1	0	0	1
D0_004240	chr6	118451087	118452339	-	27	23	unresolved			1	0	0	1
D0_004241	chr6	131366752	131368793	+	27	25	unresolved			1	1	0	2
D0_004242	chr6	137811607	137812122	+	27	23	other_v49_added_gene		ENSG00000308524	1	1	0	2
D0_004243	chr6	149437026	149440611	-	27	22	unresolved			1	0	0	1
D0_004244	chr7	17780909	17781259	-	27	26	unresolved			1	0	0	1
D0_004245	chr7	32434264	32435417	-	27	27	unresolved			1	0	0	1
D0_004246	chr7	44714743	44727301	+	27	22	unresolved			1	1	0	2
D0_004247	chr7	63781263	63786796	+	27	26	unresolved			1	0	0	1
D0_004248	chr7	75076492	75081530	-	27	22	unresolved			1	0	0	1
D0_004249	chr7	100147224	100148732	-	27	21	other_v49_added_gene		ENSG00000288976	1	1	0	2
D0_004250	chr7	100272697	100276640	+	27	23	other_v49_added_gene		ENSG00000309828	1	0	0	1
D0_004251	chr7	100438526	100441699	-	27	21	unresolved			1	1	0	2
D0_004252	chr7	121316113	121319780	-	27	25	unresolved			1	0	0	1
D0_004253	chr7	151413376	151414860	+	27	25	preexisting_v49_gene_span			1	1	0	2
D0_004254	chr8	9785593	9791080	+	27	26	unresolved			1	1	0	2
D0_004255	chr8	17919806	17922584	-	27	25	unresolved			1	1	0	2
D0_004256	chr8	23121107	23122568	+	27	22	unresolved			1	1	0	2
D0_004257	chr8	69856364	69856488	+	27	26	unresolved			1	0	0	1
D0_004258	chr8	121401248	121587877	-	27	24	other_v49_added_gene		ENSG00000302180,ENSG00000302216	1	1	0	2
D0_004259	chr9	14606711	14607237	+	27	26	unresolved			1	0	0	1
D0_004260	chr9	35763871	35765006	-	27	24	unresolved			1	0	0	1
D0_004261	chr9	62822496	62827353	-	27	18	unresolved			1	0	0	1
D0_004262	chr9	66304174	66306474	+	27	26	other_v49_added_gene		ENSG00000294531	1	0	0	1
D0_004263	chr9	72403652	72427479	-	27	25	unresolved			1	1	0	2
D0_004264	chr9	112022705	112023146	-	27	26	unresolved			1	0	0	1
D0_004265	chr9	112039205	112040385	+	27	27	other_v49_added_gene		ENSG00000299696	1	0	0	1
D0_004266	chr9	123287900	123352167	-	27	23	other_v49_added_gene		ENSG00000298893	1	1	0	2
D0_004267	chr9	125367301	125369440	+	27	27	unresolved			1	0	0	1
D0_004268	chr9	126720840	126723395	-	27	23	unresolved			1	0	0	1
D0_004269	chr9	136938469	136939426	-	27	24	unresolved			1	1	0	2
D0_004270	chr10	13348451	13351227	+	27	24	other_v49_added_gene		ENSG00000289585	1	1	0	2
D0_004271	chr10	17203850	17208642	-	27	24	unresolved			1	0	0	1
D0_004272	chr10	32257723	32262244	-	27	17	unresolved			1	1	0	2
D0_004273	chr10	38008023	38010510	-	27	20	other_v49_added_gene		ENSG00000302904	1	1	0	2
D0_004274	chr10	68801939	68808613	+	27	25	unresolved			1	1	0	2
D0_004275	chr10	68952288	68956096	+	27	24	unresolved			1	1	0	2
D0_004276	chr10	69085586	69087734	+	27	24	other_v49_added_gene		ENSG00000297270	1	0	0	1
D0_004277	chr10	75191470	75195126	-	27	26	other_v49_added_gene		ENSG00000296693	1	1	0	2
D0_004278	chr10	79646447	79651269	-	27	25	unresolved			1	1	0	2
D0_004279	chr10	93206630	93206736	-	27	25	other_v49_added_gene		ENSG00000296225	1	1	0	2
D0_004280	chr10	102094171	102096298	-	27	22	unresolved			1	0	0	1
D0_004281	chr10	102182638	102217002	-	27	26	unresolved			1	1	0	2
D0_004282	chr10	112943474	112949770	-	27	24	unresolved			1	1	0	2
D0_004283	chr10	114419367	114423222	-	27	22	unresolved			1	0	0	1
D0_004284	chr10	128986725	129148909	-	27	24	other_v49_added_gene		ENSG00000289400,ENSG00000299318	1	1	0	2
D0_004285	chr11	9315008	9317392	+	27	23	unresolved			1	1	0	2
D0_004286	chr11	9547202	9553439	+	27	26	unresolved			1	1	0	2
D0_004287	chr11	58516837	58519171	-	27	25	preexisting_v49_gene_span			1	0	0	1
D0_004288	chr11	68221045	68239179	+	27	26	unresolved			1	1	0	2
D0_004289	chr11	68459058	68460250	-	27	27	other_v49_added_gene		ENSG00000295105	1	1	0	2
D0_004290	chr11	78628723	78632385	-	27	27	unresolved			1	0	0	1
D0_004291	chr12	14276781	14345509	+	27	22	unresolved			1	1	0	2
D0_004292	chr12	45728039	45729650	-	27	26	other_v49_added_gene		ENSG00000289229	1	1	0	2
D0_004293	chr12	55266869	55266982	-	27	26	unresolved			1	0	0	1
D0_004294	chr13	21488827	21491179	-	27	22	unresolved			1	1	0	2
D0_004295	chr14	21206943	21208627	-	27	24	preexisting_v49_gene_span			1	1	0	2
D0_004296	chr14	52303750	52306330	+	27	24	unresolved			1	0	0	1
D0_004297	chr14	70569505	70569914	+	27	26	unresolved			1	0	0	1
D0_004298	chr14	74880219	74881875	-	27	19	unresolved			1	1	0	2
D0_004299	chr14	105021580	105024753	+	27	22	unresolved			1	1	0	2
D0_004300	chr15	35052874	35053107	+	27	27	unresolved			1	0	0	1
D0_004301	chr15	74810222	74812387	+	27	22	unresolved			1	0	0	1
D0_004302	chr15	88656631	88678887	-	27	22	unresolved			1	1	0	2
D0_004303	chr15	90927504	90929961	-	27	27	unresolved			1	1	0	2
D0_004304	chr16	11246109	11248586	+	27	22	unresolved			1	0	0	1
D0_004305	chr16	50658457	50660188	+	27	22	unresolved			1	0	0	1
D0_004306	chr16	67272863	67277296	-	27	24	unresolved			1	1	0	2
D0_004307	chr16	77477689	77478181	-	27	27	unresolved			1	0	0	1
D0_004308	chr16	81390384	81390818	+	27	25	preexisting_v49_gene_span			1	1	0	2
D0_004309	chr17	4763462	4770484	-	27	22	unresolved			1	0	0	1
D0_004310	chr17	7044866	7046924	-	27	23	unresolved			1	1	0	2
D0_004311	chr17	30895997	30897296	-	27	26	unresolved			1	0	0	1
D0_004312	chr17	74462211	74464730	-	27	25	other_v49_added_gene		ENSG00000294024	1	0	0	1
D0_004313	chr17	75106212	75108914	+	27	25	unresolved			1	1	0	2
D0_004314	chr18	31964215	31965084	+	27	26	unresolved			1	1	0	2
D0_004315	chr18	79957007	79958383	-	27	25	unresolved			1	1	0	2
D0_004316	chr19	6605896	6653527	+	27	17	unresolved			1	1	0	2
D0_004317	chr19	21060118	21062378	+	27	26	unresolved			1	1	0	2
D0_004318	chr19	35267973	35268784	+	27	25	unresolved			1	0	0	1
D0_004319	chr19	41950667	41954103	-	27	24	unresolved			1	1	0	2
D0_004320	chr19	49640499	49641955	+	27	26	preexisting_v49_gene_span			1	0	0	1
D0_004321	chr19	51551087	51553567	+	27	20	unresolved			1	1	0	2
D0_004322	chr19	52385834	52388725	+	27	25	preexisting_v49_gene_span			1	1	0	2
D0_004323	chr19	54271311	54272237	+	27	26	other_v49_added_gene		ENSG00000299998	1	1	0	2
D0_004324	chr20	2650982	2652124	-	27	24	other_v49_added_gene		ENSG00000294501	1	1	0	2
D0_004325	chr20	3176748	3179327	+	27	22	other_v49_added_gene		ENSG00000289183	1	1	0	2
D0_004326	chr20	3184722	3188643	+	27	25	other_v49_added_gene		ENSG00000289183	1	0	0	1
D0_004327	chr20	12010627	12010746	+	27	27	unresolved			1	0	0	1
D0_004328	chr21	28993129	28997277	+	27	21	other_v49_added_gene		ENSG00000306081	1	1	0	2
D0_004329	chr21	43764950	43766679	+	27	24	unresolved			1	1	0	2
D0_004330	chr21	46665155	46666191	+	27	25	preexisting_v49_gene_span			1	1	0	2
D0_004331	chr22	36278638	36281004	+	27	26	unresolved			1	1	0	2
D0_004332	chr22	37215222	37221134	-	27	22	preexisting_v49_gene_span			1	1	0	2
D0_004333	chr22	41590173	41593084	+	27	26	unresolved			1	1	0	2
D0_004334	chrX	54573493	54578985	+	27	24	preexisting_v49_gene_span			1	1	0	2
D0_004335	chrX	56481640	56481942	-	27	25	unresolved			1	0	0	1
D0_004336	chrX	75044932	75049455	-	27	23	unresolved			1	1	0	2
D0_004337	chrX	99056129	99056376	-	27	24	unresolved			1	0	0	1
D0_004338	chrY	1392670	1396354	+	27	23	other_v49_added_gene		ENSG00000292341	1	0	0	1
D0_004339	chrY	1456348	1457628	-	27	25	unresolved			1	0	0	1
D0_004340	KI270719.1	61537	61729	-	27	26	unresolved			1	0	0	1
D0_004341	KI270725.1	32097	165491	+	27	26	unresolved			1	0	0	1
D0_004342	KI270745.1	24368	24582	+	27	25	unresolved			1	0	0	1
D0_004343	chr1	24844925	24850059	+	26	25	unresolved			1	1	0	2
D0_004344	chr1	25590408	25593917	+	26	25	preexisting_v49_gene_span			1	1	0	2
D0_004345	chr1	32364380	32364983	-	26	21	preexisting_v49_gene_span			1	1	0	2
D0_004346	chr1	36075599	36079967	+	26	22	unresolved			1	1	0	2
D0_004347	chr1	46365514	46368293	-	26	23	unresolved			1	0	0	1
D0_004348	chr1	52567246	52573022	-	26	23	unresolved			1	0	0	1
D0_004349	chr1	58779565	58780674	+	26	24	unresolved			1	1	0	2
D0_004350	chr1	58784288	58785020	-	26	22	other_v49_added_gene		ENSG00000290013	1	1	0	2
D0_004351	chr1	107994876	107997241	+	26	18	preexisting_v49_gene_span			1	1	0	2
D0_004352	chr1	120486990	120489217	-	26	25	other_v49_added_gene		ENSG00000296642	1	1	0	2
D0_004353	chr1	149339127	149339658	+	26	25	preexisting_v49_gene_span			1	0	0	1
D0_004354	chr1	151396973	151399096	-	26	26	other_v49_added_gene		ENSG00000307595	1	0	0	1
D0_004355	chr1	156500784	156502913	-	26	21	other_v49_added_gene		ENSG00000303589	1	1	0	2
D0_004356	chr1	157741129	157745471	-	26	23	unresolved			1	1	0	2
D0_004357	chr1	169910967	169913102	-	26	22	unresolved			1	0	0	1
D0_004358	chr1	185373715	185377094	-	26	21	unresolved			1	1	0	2
D0_004359	chr1	192989456	192991939	-	26	23	unresolved			1	1	0	2
D0_004360	chr1	193006565	193010696	-	26	22	unresolved			1	0	0	1
D0_004361	chr1	194240944	194244710	-	26	21	other_v49_added_gene		ENSG00000303114	1	1	0	2
D0_004362	chr1	203325737	203327916	-	26	26	other_v49_added_gene		ENSG00000298223	1	1	0	2
D0_004363	chr1	204570769	204571279	-	26	26	unresolved			1	0	0	1
D0_004364	chr1	204578474	204579565	+	26	23	other_v49_added_gene		ENSG00000298569	1	0	0	1
D0_004365	chr1	225977988	225982443	-	26	23	unresolved			1	1	1	3
D0_004366	chr1	228497267	228499854	+	26	23	preexisting_v49_gene_span			1	1	0	2
D0_004367	chr1	244865384	244868083	+	26	22	preexisting_v49_gene_span			1	0	0	1
D0_004368	chr2	9934453	9936356	+	26	24	unresolved			1	1	0	2
D0_004369	chr2	62239734	62247010	+	26	21	preexisting_v49_gene_span			1	0	0	1
D0_004370	chr2	85437749	85441336	+	26	24	unresolved			1	1	0	2
D0_004371	chr2	112577164	112579805	+	26	22	preexisting_v49_gene_span			1	1	0	2
D0_004372	chr2	138406972	138410897	-	26	21	preexisting_v49_gene_span			1	0	0	1
D0_004373	chr2	152114535	152116758	-	26	22	unresolved			1	0	0	1
D0_004374	chr2	159660966	159665009	-	26	24	preexisting_v49_gene_span			1	1	0	2
D0_004375	chr2	174430168	174431184	-	26	20	unresolved			1	0	0	1
D0_004376	chr2	201176988	201180376	+	26	25	unresolved			1	1	0	2
D0_004377	chr2	202567767	202568069	+	26	26	unresolved			1	1	0	2
D0_004378	chr2	221944682	221944821	+	26	26	other_v49_added_gene		ENSG00000298385	1	1	0	2
D0_004379	chr2	229330143	229331031	-	26	12	unresolved			1	0	0	1
D0_004380	chr3	46364079	46364951	-	26	21	preexisting_v49_gene_span			1	1	0	2
D0_004381	chr3	50328385	50329689	-	26	21	unresolved			1	0	0	1
D0_004382	chr3	101570554	101573939	-	26	24	unresolved			1	1	0	2
D0_004383	chr3	105118393	105296930	-	26	20	unresolved			1	1	0	2
D0_004384	chr3	183012098	183014529	-	26	26	unresolved			1	1	0	2
D0_004385	chr3	197646140	197648700	-	26	25	preexisting_v49_gene_span			1	1	0	2
D0_004386	chr4	26796387	26799284	+	26	20	unresolved			1	0	0	1
D0_004387	chr4	65150145	65151029	-	26	24	unresolved			0	0	0	0
D0_004388	chr4	83249499	83250001	-	26	22	unresolved			1	0	0	1
D0_004389	chr4	87151575	87157467	+	26	18	unresolved			1	0	0	1
D0_004390	chr4	135046914	135047155	+	26	26	unresolved			1	1	0	2
D0_004391	chr4	141537465	141541818	+	26	20	unresolved			1	0	0	1
D0_004392	chr4	141618367	141619676	+	26	23	unresolved			1	0	0	1
D0_004393	chr4	190038507	190040839	+	26	23	other_v49_added_gene		ENSG00000310323	1	0	0	1
D0_004394	chr5	50393488	50394519	+	26	23	unresolved			1	0	0	1
D0_004395	chr5	55621304	55625594	-	26	21	preexisting_v49_gene_span			1	1	0	2
D0_004396	chr5	70953993	70956368	+	26	24	unresolved			1	0	0	1
D0_004397	chr5	71265434	71268630	-	26	23	other_v49_added_gene		ENSG00000296329	1	0	0	1
D0_004398	chr5	99947231	99947322	-	26	25	unresolved			0	1	0	1
D0_004399	chr5	100905375	100906376	+	26	25	unresolved			1	1	0	2
D0_004400	chr5	115826011	115828027	-	26	22	unresolved			1	0	0	1
D0_004401	chr5	122836489	122839408	+	26	23	unresolved			1	1	0	2
D0_004402	chr5	123423598	123425108	+	26	21	unresolved			1	1	0	2
D0_004403	chr6	27811372	27814047	+	26	21	unresolved			1	1	0	2
D0_004404	chr6	29900634	29904281	+	26	21	other_v49_added_gene		ENSG00000310469	1	1	0	2
D0_004405	chr6	31855111	31857658	+	26	23	unresolved			1	0	0	1
D0_004406	chr6	35561852	35566852	-	26	25	other_v49_added_gene		ENSG00000289456	1	1	0	2
D0_004407	chr6	57076434	57084732	-	26	25	unresolved			1	0	0	1
D0_004408	chr6	83977502	83977827	-	26	23	unresolved			1	0	0	1
D0_004409	chr6	87266378	87270514	+	26	24	unresolved			1	1	0	2
D0_004410	chr6	108702099	108704177	+	26	23	unresolved			1	0	0	1
D0_004411	chr6	137883326	137885250	+	26	22	preexisting_v49_gene_span			1	1	0	2
D0_004412	chr6	159873013	159873140	+	26	26	unresolved			1	0	0	1
D0_004413	chr7	2506290	2507081	-	26	24	unresolved			1	0	0	1
D0_004414	chr7	30215461	30221760	+	26	19	unresolved			1	1	0	2
D0_004415	chr7	44552211	44562801	+	26	23	unresolved			1	1	0	2
D0_004416	chr7	55730860	55733039	+	26	25	preexisting_v49_gene_span			1	1	0	2
D0_004417	chr7	64663872	64665856	-	26	20	unresolved			1	1	0	2
D0_004418	chr7	72858806	72860524	+	26	24	unresolved			1	0	0	1
D0_004419	chr7	74406028	74414634	+	26	24	unresolved			1	1	0	2
D0_004420	chr7	76443184	76445526	+	26	25	unresolved			1	0	0	1
D0_004421	chr7	100272946	100276024	-	26	19	other_v49_added_gene		ENSG00000293698,ENSG00000291178	1	0	0	1
D0_004422	chr7	115396744	115439514	-	26	26	unresolved			1	1	0	2
D0_004423	chr7	135212003	135214320	+	26	24	unresolved			1	1	0	2
D0_004424	chr7	136016921	136023260	+	26	23	preexisting_v49_gene_span			1	1	0	2
D0_004425	chr7	139423972	139427019	+	26	25	preexisting_v49_gene_span			1	1	0	2
D0_004426	chr7	142814233	142814558	-	26	17	unresolved			1	0	0	1
D0_004427	chr7	149226403	149231679	+	26	22	unresolved			1	0	0	1
D0_004428	chr8	30576581	30578316	-	26	24	unresolved			1	0	0	1
D0_004429	chr8	58582869	58583460	-	26	25	unresolved			1	1	0	2
D0_004430	chr8	77006813	77008681	+	26	24	other_v49_added_gene		ENSG00000288756	1	1	0	2
D0_004431	chr8	77014986	77015532	-	26	24	unresolved			1	0	0	1
D0_004432	chr8	100905041	100906348	-	26	21	unresolved			1	1	0	2
D0_004433	chr8	117520326	117520547	-	26	26	other_v49_added_gene		ENSG00000297933	1	0	0	1
D0_004434	chr8	140503524	140504656	-	26	23	unresolved			1	0	0	1
D0_004435	chr9	35692567	35695209	-	26	25	unresolved			1	1	0	2
D0_004436	chr9	41223615	41225920	-	26	24	other_v49_added_gene		ENSG00000308900	1	0	0	1
D0_004437	chr9	80558567	80563244	+	26	19	unresolved			1	1	0	2
D0_004438	chr9	83655299	83659575	-	26	24	preexisting_v49_gene_span			1	1	0	2
D0_004439	chr9	88201009	88307791	+	26	26	unresolved			1	1	0	2
D0_004440	chr9	90155403	90155526	+	26	26	unresolved			0	1	0	1
D0_004441	chr9	93113357	93118772	+	26	24	unresolved			1	0	0	1
D0_004442	chr9	107345961	107347572	+	26	21	unresolved			1	1	0	2
D0_004443	chr9	114398677	114399522	+	26	18	unresolved			1	0	0	1
D0_004444	chr9	114648374	114652854	-	26	21	unresolved			1	1	0	2
D0_004445	chr9	138271019	138274457	+	26	23	other_v49_added_gene		ENSG00000290585	1	0	0	1
D0_004446	chr10	8831439	8839968	-	26	20	unresolved			1	0	0	1
D0_004447	chr10	14493223	14498560	-	26	24	other_v49_added_gene		ENSG00000293746	1	1	0	2
D0_004448	chr10	26972924	26976505	-	26	23	preexisting_v49_gene_span			1	0	0	1
D0_004449	chr10	27552644	27553623	-	26	22	unresolved			1	1	0	2
D0_004450	chr10	62133201	62142822	-	26	13	unresolved			1	1	0	2
D0_004451	chr10	75198152	75201206	+	26	20	unresolved			1	1	0	2
D0_004452	chr10	91866609	91870772	+	26	23	unresolved			1	1	0	2
D0_004453	chr10	91872052	91874745	+	26	19	unresolved			1	0	0	1
D0_004454	chr10	110305118	110308179	+	26	26	unresolved			1	1	0	2
D0_004455	chr10	112922209	112928291	+	26	23	preexisting_v49_gene_span			1	0	0	1
D0_004456	chr11	10750489	10751176	-	26	25	unresolved			1	1	0	2
D0_004457	chr11	18120355	18120555	-	26	26	unresolved			1	0	0	1
D0_004458	chr11	39903519	39903756	-	26	25	unresolved			1	0	0	1
D0_004459	chr11	102264256	102277837	+	26	25	other_v49_added_gene		ENSG00000304602	1	0	0	1
D0_004460	chr11	108467919	108469169	+	26	24	unresolved			1	0	0	1
D0_004461	chr11	111342911	111344792	-	26	22	unresolved			1	0	0	1
D0_004462	chr11	121428609	121433357	-	26	24	preexisting_v49_gene_span			1	0	0	1
D0_004463	chr11	121438190	121441851	-	26	24	preexisting_v49_gene_span			1	1	0	2
D0_004464	chr12	26833304	26834391	+	26	23	unresolved			1	0	0	1
D0_004465	chr12	56512708	56513241	+	26	25	unresolved			1	1	0	2
D0_004466	chr12	61339939	61340622	-	26	26	unresolved			1	0	0	1
D0_004467	chr12	104762118	104765711	+	26	20	other_v49_added_gene		ENSG00000309266	1	0	0	1
D0_004468	chr12	113791756	113792557	-	26	23	unresolved			1	0	0	1
D0_004469	chr12	120705384	120706973	+	26	21	unresolved			1	0	0	1
D0_004470	chr12	122451206	122470896	+	26	26	unresolved			1	1	0	2
D0_004471	chr13	19957610	19958642	+	26	25	other_v49_added_gene		ENSG00000289235	1	0	0	1
D0_004472	chr13	41300348	41306379	+	26	25	unresolved			1	0	0	1
D0_004473	chr13	44839950	44938972	-	26	24	other_v49_added_gene		ENSG00000304924,ENSG00000298544	1	1	0	2
D0_004474	chr13	48137188	48145129	+	26	21	unresolved			1	1	0	2
D0_004475	chr13	74010377	74011221	+	26	25	unresolved			1	0	0	1
D0_004476	chr13	82181184	82362546	+	26	25	unresolved			1	1	0	2
D0_004477	chr14	39183779	39186237	-	26	24	other_v49_added_gene		ENSG00000298237	1	0	0	1
D0_004478	chr14	49864565	49865613	+	26	24	preexisting_v49_gene_span			1	0	0	1
D0_004479	chr14	69370612	69374191	-	26	20	unresolved			1	1	0	2
D0_004480	chr14	99965733	99965828	+	26	26	unresolved			1	0	0	1
D0_004481	chr15	22159308	22160424	-	26	24	unresolved			1	0	0	1
D0_004482	chr15	22304272	22307922	+	26	22	unresolved			1	0	0	1
D0_004483	chr15	23450399	23462702	-	26	26	unresolved			1	0	0	1
D0_004484	chr15	40877144	40877242	+	26	25	unresolved			1	0	0	1
D0_004485	chr15	55198623	55202932	-	26	19	unresolved			1	0	0	1
D0_004486	chr15	56003831	56004629	-	26	24	unresolved			1	0	0	1
D0_004487	chr15	75632543	75634242	-	26	20	unresolved			1	0	0	1
D0_004488	chr16	28822033	28822299	-	26	26	preexisting_v49_gene_span			1	1	0	2
D0_004489	chr16	57594877	57599743	-	26	24	unresolved			1	1	0	2
D0_004490	chr16	89566830	89567374	+	26	23	other_v49_added_gene		ENSG00000304919	1	1	0	2
D0_004491	chr17	7040421	7041202	+	26	22	unresolved			1	1	0	2
D0_004492	chr17	29201545	29202576	-	26	26	unresolved			1	1	0	2
D0_004493	chr17	38922217	38924763	+	26	24	unresolved			1	0	0	1
D0_004494	chr17	40215854	40219215	-	26	20	unresolved			1	1	1	3
D0_004495	chr17	58295247	58299562	+	26	22	unresolved			1	0	0	1
D0_004496	chr17	81836610	81838561	+	26	23	unresolved			1	1	0	2
D0_004497	chr18	59837292	59889145	-	26	24	other_v49_added_gene		ENSG00000310295	1	1	0	2
D0_004498	chr19	893655	895675	+	26	20	unresolved			1	0	0	1
D0_004499	chr19	1435870	1437593	+	26	24	unresolved			1	0	0	1
D0_004500	chr19	2035559	2037410	-	26	25	unresolved			1	0	0	1
D0_004501	chr19	7945427	7952575	+	26	25	preexisting_v49_gene_span			1	1	0	2
D0_004502	chr19	7954034	7955158	-	26	23	unresolved			1	0	0	1
D0_004503	chr19	17394665	17397593	-	26	26	unresolved			1	0	0	1
D0_004504	chr19	36666913	36667986	+	26	22	other_v49_added_gene		ENSG00000301128	1	1	0	2
D0_004505	chr19	36785686	36797325	-	26	22	other_v49_added_gene		ENSG00000307475	1	1	0	2
D0_004506	chr19	48686731	48693084	-	26	20	unresolved			1	0	0	1
D0_004507	chr19	52386171	52388692	-	26	22	unresolved			1	0	0	1
D0_004508	chr19	54036305	54037152	-	26	26	unresolved			1	0	0	1
D0_004509	chr19	54195212	54200725	-	26	25	preexisting_v49_gene_span			1	1	0	2
D0_004510	chr20	5113666	5114671	-	26	22	preexisting_v49_gene_span			1	1	0	2
D0_004511	chr20	31597667	31602271	+	26	21	preexisting_v49_gene_span			1	1	0	2
D0_004512	chr20	33357274	33358466	-	26	23	preexisting_v49_gene_span			1	0	0	1
D0_004513	chr20	35622717	35626008	-	26	25	unresolved			1	1	0	2
D0_004514	chr20	37241856	37242992	+	26	24	unresolved			1	1	0	2
D0_004515	chr20	37248992	37250780	+	26	25	unresolved			1	0	0	1
D0_004516	chr20	50483170	50496344	+	26	24	unresolved			1	1	0	2
D0_004517	chr20	58649180	58651161	-	26	21	unresolved			1	1	0	2
D0_004518	chr21	5066315	5066675	+	26	24	unresolved			1	0	0	1
D0_004519	chr21	7860137	7865735	-	26	21	unresolved			1	0	0	1
D0_004520	chr21	32410083	32411678	-	26	21	preexisting_v49_gene_span			1	0	0	1
D0_004521	chr21	46582667	46584292	+	26	25	unresolved			1	0	0	1
D0_004522	chr22	11944234	11946370	-	26	26	other_v49_added_gene		ENSG00000310416	1	0	0	1
D0_004523	chr22	18229529	18229684	-	26	25	unresolved			1	0	0	1
D0_004524	chr22	29498507	29500332	-	26	26	unresolved			1	1	0	2
D0_004525	chr22	39033742	39034322	+	26	22	unresolved			1	1	0	2
D0_004526	chr22	50754055	50754562	-	26	26	unresolved			1	0	0	1
D0_004527	chrX	15335582	15336167	-	26	25	unresolved			1	1	0	2
D0_004528	chrX	20120325	20124350	-	26	22	unresolved			1	1	0	2
D0_004529	chrX	21994864	21996931	-	26	25	unresolved			1	1	0	2
D0_004530	chrX	53370841	53372621	+	26	24	unresolved			1	0	0	1
D0_004531	chrX	75738949	75739323	-	26	25	other_v49_added_gene		ENSG00000294822	1	1	0	2
D0_004532	chrX	83747443	83748636	-	26	25	unresolved			1	1	0	2
D0_004533	chrX	89419521	89423713	+	26	22	unresolved			1	0	0	1
D0_004534	chrX	95971921	95972790	-	26	25	unresolved			1	0	0	1
D0_004535	chrX	101638022	101639745	+	26	24	unresolved			1	1	0	2
D0_004536	chrX	103668660	103670927	-	26	22	other_v49_added_gene		ENSG00000297314	1	1	0	2
D0_004537	chrY	1331152	1335100	+	26	26	other_v49_added_gene		ENSG00000292332	1	0	0	1
D0_004538	chrY	1399494	1401672	-	26	24	unresolved			1	0	0	1
D0_004539	chrY	19695036	19702504	-	26	26	unresolved			1	1	0	2
D0_004540	chrY	21060436	21061439	+	26	17	unresolved			1	0	0	1
D0_004541	chr1	11914540	11918665	+	25	22	preexisting_v49_gene_span			1	0	0	1
D0_004542	chr1	23948826	23948907	-	25	25	unresolved			1	1	0	2
D0_004543	chr1	24893300	24895753	-	25	17	unresolved			1	0	0	1
D0_004544	chr1	26107304	26110956	-	25	23	unresolved			1	1	0	2
D0_004545	chr1	26805952	26808086	-	25	24	unresolved			1	0	0	1
D0_004546	chr1	28540481	28544441	+	25	20	unresolved			1	1	0	2
D0_004547	chr1	28719810	28723121	+	25	22	unresolved			1	1	0	2
D0_004548	chr1	40037123	40040226	-	25	23	other_v49_added_gene		ENSG00000307734	1	1	0	2
D0_004549	chr1	40297817	40298172	+	25	24	unresolved			1	0	0	1
D0_004550	chr1	52576859	52581117	-	25	23	unresolved			1	0	0	1
D0_004551	chr1	100988455	100989609	+	25	23	preexisting_v49_gene_span			1	1	0	2
D0_004552	chr1	109096946	109099873	+	25	22	unresolved			1	1	0	2
D0_004553	chr1	148076702	148077995	-	25	20	unresolved			1	0	0	1
D0_004554	chr1	150792301	150795461	-	25	23	preexisting_v49_gene_span			1	0	0	1
D0_004555	chr1	150808884	150809615	+	25	23	unresolved			1	0	0	1
D0_004556	chr1	156456850	156459157	-	25	24	preexisting_v49_gene_span			1	1	0	2
D0_004557	chr1	160647517	160659806	+	25	22	other_v49_added_gene		ENSG00000309419	1	1	1	3
D0_004558	chr1	165720170	165723152	-	25	23	unresolved			1	1	0	2
D0_004559	chr1	173393828	173394149	+	25	23	unresolved			1	0	0	1
D0_004560	chr1	178565313	178570159	+	25	19	unresolved			1	0	0	1
D0_004561	chr1	186421410	186423234	+	25	23	unresolved			1	0	0	1
D0_004562	chr1	192972756	192973964	-	25	23	preexisting_v49_gene_span			1	1	0	2
D0_004563	chr1	194217765	194219200	-	25	22	other_v49_added_gene		ENSG00000303114	1	1	0	2
D0_004564	chr1	198154394	198156965	-	25	17	unresolved			1	1	0	2
D0_004565	chr1	224025575	224030178	+	25	22	other_v49_added_gene		ENSG00000290989	1	1	0	2
D0_004566	chr1	224197128	224201887	+	25	21	unresolved			1	1	0	2
D0_004567	chr1	225999638	226001902	-	25	23	unresolved			1	1	0	2
D0_004568	chr1	231355690	231360611	-	25	21	unresolved			1	1	0	2
D0_004569	chr1	235505131	235507673	+	25	23	unresolved			1	1	0	2
D0_004570	chr2	24772750	24776496	+	25	19	unresolved			1	0	0	1
D0_004571	chr2	25360594	25363675	-	25	19	unresolved			1	0	0	1
D0_004572	chr2	30160949	30163932	-	25	23	unresolved			1	1	0	2
D0_004573	chr2	45383698	45388425	-	25	22	unresolved			1	1	0	2
D0_004574	chr2	55625157	55628195	+	25	25	preexisting_v49_gene_span			1	1	0	2
D0_004575	chr2	85593808	85595567	-	25	23	other_v49_added_gene		ENSG00000288858	1	1	0	2
D0_004576	chr2	136136422	136139500	+	25	20	other_v49_added_gene		ENSG00000304642,ENSG00000304730	1	0	0	1
D0_004577	chr2	142856251	142863208	-	25	19	other_v49_added_gene		ENSG00000303809	1	0	0	1
D0_004578	chr2	174538557	174542280	+	25	21	unresolved			1	0	0	1
D0_004579	chr2	197483603	197485441	+	25	22	unresolved			1	0	0	1
D0_004580	chr3	27714043	27715135	+	25	19	preexisting_v49_gene_span			1	1	0	2
D0_004581	chr3	37368520	37369590	-	25	25	unresolved			1	0	0	1
D0_004582	chr3	40622281	40653039	-	25	23	other_v49_added_gene		ENSG00000294106	1	1	0	2
D0_004583	chr3	40632448	40635667	+	25	20	other_v49_added_gene		ENSG00000289169	1	0	0	1
D0_004584	chr3	41962561	41964318	+	25	19	unresolved			1	1	0	2
D0_004585	chr3	44481935	44487402	-	25	19	unresolved			1	1	0	2
D0_004586	chr3	47488457	47494878	+	25	25	unresolved			1	1	0	2
D0_004587	chr3	58434077	58436072	+	25	25	other_v49_added_gene		ENSG00000295019	1	1	0	2
D0_004588	chr3	87079276	87079378	+	25	25	preexisting_v49_gene_span			1	0	0	1
D0_004589	chr3	187095233	187097964	+	25	19	unresolved			1	0	0	1
D0_004590	chr4	13628056	13631424	+	25	20	unresolved			1	1	0	2
D0_004591	chr4	15601629	15603105	-	25	22	unresolved			1	1	0	2
D0_004592	chr4	39496520	39497722	-	25	25	unresolved			1	1	0	2
D0_004593	chr4	52872002	52872956	-	25	20	unresolved			1	1	0	2
D0_004594	chr4	99063043	99063456	+	25	24	preexisting_v49_gene_span			1	0	0	1
D0_004595	chr4	108039401	108043531	-	25	20	unresolved			1	0	0	1
D0_004596	chr4	156104853	156105288	+	25	21	unresolved			1	0	0	1
D0_004597	chr4	188207742	188343246	+	25	24	other_v49_added_gene		ENSG00000304734,ENSG00000301287	1	1	0	2
D0_004598	chr5	35883441	35886991	+	25	25	unresolved			1	1	0	2
D0_004599	chr5	70452611	70453449	-	25	24	other_v49_added_gene		ENSG00000300109	1	0	0	1
D0_004600	chr5	70855641	70856335	-	25	24	unresolved			1	0	0	1
D0_004601	chr5	71178531	71181309	-	25	24	other_v49_added_gene		ENSG00000296329	1	0	0	1
D0_004602	chr5	76935919	76938083	+	25	20	unresolved			1	0	0	1
D0_004603	chr5	80256256	80259368	+	25	22	other_v49_added_gene		ENSG00000288741	1	1	0	2
D0_004604	chr5	131242776	131245356	+	25	22	unresolved			1	0	0	1
D0_004605	chr5	134054558	134058693	-	25	20	unresolved			1	0	0	1
D0_004606	chr5	140138469	140139913	-	25	21	unresolved			1	0	0	1
D0_004607	chr6	26139135	26140753	+	25	22	other_v49_added_gene		ENSG00000291336	1	0	0	1
D0_004608	chr6	26253783	26256177	+	25	19	other_v49_added_gene		ENSG00000291336,ENSG00000291338	1	1	0	2
D0_004609	chr6	26382142	26382927	+	25	23	other_v49_added_gene		ENSG00000291336,ENSG00000291338	1	1	0	2
D0_004610	chr6	30487517	30489288	-	25	16	unresolved			1	1	0	2
D0_004611	chr6	32437774	32438936	+	25	21	unresolved			1	0	0	1
D0_004612	chr6	32861750	32862977	-	25	24	unresolved			1	0	0	1
D0_004613	chr6	41189038	41189463	-	25	23	unresolved			1	1	0	2
D0_004614	chr6	42878752	42879592	-	25	24	unresolved			1	1	0	2
D0_004615	chr6	53260180	53262536	-	25	23	preexisting_v49_gene_span			1	1	0	2
D0_004616	chr6	91872235	91872370	+	25	25	unresolved			1	1	0	2
D0_004617	chr6	111655596	111657971	+	25	23	unresolved			1	0	0	1
D0_004618	chr6	143512160	143512530	+	25	22	unresolved			1	1	0	2
D0_004619	chr6	149442370	149443005	-	25	19	unresolved			1	0	0	1
D0_004620	chr6	149485117	149488418	+	25	19	unresolved			1	0	0	1
D0_004621	chr6	149497714	149499313	-	25	25	other_v49_added_gene		ENSG00000289045	1	1	0	2
D0_004622	chr6	161120372	161124611	-	25	21	unresolved			1	0	0	1
D0_004623	chr6	170553363	170554138	+	25	20	unresolved			1	0	0	1
D0_004624	chr7	2904839	2905357	-	25	21	unresolved			1	0	0	1
D0_004625	chr7	4533305	4640272	-	25	24	other_v49_added_gene		ENSG00000293573	1	1	0	2
D0_004626	chr7	5091501	5091753	+	25	25	unresolved			1	0	0	1
D0_004627	chr7	44042567	44044622	-	25	23	other_v49_added_gene		ENSG00000288746	1	1	0	2
D0_004628	chr7	72872242	72875141	+	25	24	unresolved			1	0	0	1
D0_004629	chr7	73208636	73210375	-	25	6	unresolved			1	0	0	1
D0_004630	chr7	73301253	73302396	+	25	25	unresolved			1	0	0	1
D0_004631	chr7	75074288	75074780	+	25	22	unresolved			1	0	0	1
D0_004632	chr7	75504353	75506296	+	25	22	unresolved			1	0	0	1
D0_004633	chr7	76324689	76326731	-	25	22	unresolved			1	0	0	1
D0_004634	chr7	127341225	127344099	-	25	23	unresolved			1	1	0	2
D0_004635	chr7	128531557	128533529	+	25	21	preexisting_v49_gene_span			1	0	0	1
D0_004636	chr7	142806651	142809776	-	25	22	other_v49_added_gene		ENSG00000299979	1	0	0	1
D0_004637	chr7	152124732	152128666	+	25	20	unresolved			1	1	0	2
D0_004638	chr8	5962098	5986157	+	25	25	unresolved			1	0	0	1
D0_004639	chr9	35080051	35081014	+	25	21	unresolved			1	1	0	2
D0_004640	chr9	63681012	63681458	-	25	24	unresolved			1	0	0	1
D0_004641	chr9	70414669	70417641	+	25	24	other_v49_added_gene		ENSG00000308298	1	0	0	1
D0_004642	chr9	80774170	80777661	+	25	22	other_v49_added_gene		ENSG00000302378	1	0	0	1
D0_004643	chr9	81808236	81867710	-	25	25	unresolved			1	1	0	2
D0_004644	chr9	92765028	92766305	+	25	21	unresolved			1	0	0	1
D0_004645	chr9	93041580	93044594	-	25	23	unresolved			1	0	0	1
D0_004646	chr9	95617495	95617641	-	25	25	unresolved			1	0	0	1
D0_004647	chr9	99203956	99208169	-	25	21	unresolved			1	1	0	2
D0_004648	chr9	127423525	127424322	-	25	21	unresolved			1	1	0	2
D0_004649	chr9	130046783	130053333	-	25	25	unresolved			1	1	0	2
D0_004650	chr9	131236877	131238122	-	25	21	unresolved			1	0	0	1
D0_004651	chr9	131252780	131255471	+	25	24	unresolved			1	0	0	1
D0_004652	chr10	32886152	32887097	+	25	22	unresolved			1	1	0	2
D0_004653	chr10	45612526	45614809	-	25	22	preexisting_v49_gene_span			1	1	0	2
D0_004654	chr10	45822496	45824993	-	25	23	unresolved			1	0	0	1
D0_004655	chr10	94398983	94402518	-	25	21	unresolved			1	1	0	2
D0_004656	chr10	112828558	112830575	+	25	22	unresolved			1	0	0	1
D0_004657	chr10	124910914	124917126	-	25	23	other_v49_added_gene		ENSG00000289280	1	1	0	2
D0_004658	chr11	4283661	4283885	+	25	25	unresolved			1	0	0	1
D0_004659	chr11	58521288	58522991	-	25	22	preexisting_v49_gene_span			1	0	0	1
D0_004660	chr11	60952543	60957591	+	25	21	unresolved			1	0	0	1
D0_004661	chr11	62153433	62155466	+	25	24	preexisting_v49_gene_span			1	1	0	2
D0_004662	chr11	63827922	63829446	-	25	21	unresolved			1	1	0	2
D0_004663	chr11	63838066	63838926	-	25	21	other_v49_added_gene		ENSG00000300809	1	1	0	2
D0_004664	chr11	70268212	70270078	-	25	23	other_v49_added_gene		ENSG00000289074	1	1	0	2
D0_004665	chr11	85642793	85647890	-	25	21	unresolved			1	1	0	2
D0_004666	chr11	121291534	121292323	-	25	21	unresolved			1	1	0	2
D0_004667	chr11	125625215	125625606	-	25	23	other_v49_added_gene		ENSG00000288907	1	1	0	2
D0_004668	chr12	4092050	4097058	+	25	21	unresolved			1	0	0	1
D0_004669	chr12	26966657	26970040	-	25	22	unresolved			1	1	0	2
D0_004670	chr12	66187641	66188805	-	25	22	unresolved			1	0	0	1
D0_004671	chr12	76559858	76562200	+	25	21	preexisting_v49_gene_span			1	0	0	1
D0_004672	chr12	94520936	94521030	-	25	24	unresolved			1	1	0	2
D0_004673	chr12	94750710	94752719	-	25	20	unresolved			1	0	0	1
D0_004674	chr12	96269870	96273975	-	25	20	unresolved			1	1	0	2
D0_004675	chr12	110364097	110368511	+	25	24	unresolved			1	1	0	2
D0_004676	chr12	110450430	110450809	+	25	23	other_v49_added_gene		ENSG00000300534	1	0	0	1
D0_004677	chr12	111002272	111002477	-	25	22	preexisting_v49_gene_span			1	0	0	1
D0_004678	chr12	113799269	113800913	-	25	23	unresolved			1	0	0	1
D0_004679	chr12	122156162	122160605	+	25	18	unresolved			1	0	0	1
D0_004680	chr13	27057683	27058991	-	25	22	unresolved			1	1	0	2
D0_004681	chr13	27424006	27424420	-	25	24	unresolved			1	0	0	1
D0_004682	chr13	74081791	74083379	+	25	25	unresolved			1	0	0	1
D0_004683	chr14	31208210	31208750	+	25	23	unresolved			1	0	0	1
D0_004684	chr14	51122483	51240002	-	25	22	other_v49_added_gene		ENSG00000304191	1	1	0	2
D0_004685	chr14	54563989	54566507	-	25	20	unresolved			1	1	0	2
D0_004686	chr14	69715145	69715763	+	25	23	unresolved			1	0	0	1
D0_004687	chr14	74747309	74757278	+	25	21	unresolved			1	1	0	2
D0_004688	chr14	75179575	75184288	-	25	11	unresolved			1	0	0	1
D0_004689	chr14	105865853	105866284	-	25	7	other_v49_added_gene		ENSG00000289536	1	0	0	1
D0_004690	chr15	37126461	37127391	-	25	25	unresolved			1	0	0	1
D0_004691	chr15	59689659	59692674	-	25	21	unresolved			1	0	0	1
D0_004692	chr15	80998663	81000866	-	25	22	preexisting_v49_gene_span			1	1	0	2
D0_004693	chr16	31922566	31923759	+	25	23	unresolved			1	1	0	2
D0_004694	chr16	88640588	88642452	-	25	25	unresolved			1	0	0	1
D0_004695	chr17	7170522	7173001	-	25	21	preexisting_v49_gene_span			1	1	0	2
D0_004696	chr17	7302796	7306966	-	25	23	unresolved			1	1	0	2
D0_004697	chr17	21045579	21059323	+	25	24	unresolved			1	1	0	2
D0_004698	chr17	32057457	32079073	+	25	24	preexisting_v49_gene_span			1	0	0	1
D0_004699	chr17	36342428	36344649	+	25	25	other_v49_added_gene		ENSG00000308789	1	0	0	1
D0_004700	chr17	74640155	74640794	+	25	22	unresolved			1	0	0	1
D0_004701	chr17	75310593	75313628	+	25	22	unresolved			1	0	0	1
D0_004702	chr17	78841598	78844574	-	25	24	unresolved			1	0	0	1
D0_004703	chr17	82066527	82070061	+	25	25	unresolved			1	1	0	2
D0_004704	chr18	9286001	9289008	+	25	24	unresolved			1	0	0	1
D0_004705	chr19	6857369	6859741	-	25	24	unresolved			1	1	0	2
D0_004706	chr19	12919388	12921783	+	25	23	preexisting_v49_gene_span			1	0	0	1
D0_004707	chr19	14945537	14945730	-	25	25	unresolved			1	0	0	1
D0_004708	chr19	41590565	41593936	+	25	22	unresolved			1	0	0	1
D0_004709	chr19	45502541	45506168	-	25	23	other_v49_added_gene		ENSG00000298585	1	1	0	2
D0_004710	chr19	50915820	50925530	+	25	24	unresolved			1	0	0	1
D0_004711	chr20	3831901	3835069	+	25	24	unresolved			1	1	0	2
D0_004712	chr20	35613292	35615803	-	25	25	unresolved			1	0	0	1
D0_004713	chr20	49958243	49964481	-	25	21	unresolved			1	0	0	1
D0_004714	chr21	33379422	33383002	-	25	20	unresolved			1	0	0	1
D0_004715	chr21	36294323	36295037	+	25	24	unresolved			1	0	0	1
D0_004716	chr21	44241041	44244539	+	25	20	preexisting_v49_gene_span			1	0	0	1
D0_004717	chr22	19866240	19868623	-	25	24	unresolved			1	0	0	1
D0_004718	chr22	20152899	20153618	+	25	21	unresolved			1	1	0	2
D0_004719	chr22	23430685	23431054	-	25	25	unresolved			1	0	0	1
D0_004720	chr22	24782219	24798123	+	25	24	unresolved			1	1	0	2
D0_004721	chr22	26852009	26855985	+	25	24	preexisting_v49_gene_span			1	1	1	3
D0_004722	chr22	35453014	35457578	+	25	23	unresolved			1	1	0	2
D0_004723	chr22	36127165	36129308	+	25	22	unresolved			1	1	0	2
D0_004724	chrX	57899044	57906426	-	25	25	preexisting_v49_gene_span			1	1	0	2
D0_004725	chrX	71707425	71711035	+	25	20	unresolved			1	0	0	1
D0_004726	chrX	73692511	73695525	+	25	23	unresolved			1	0	0	1
D0_004727	chrX	77820651	77823989	-	25	23	unresolved			1	1	0	2
D0_004728	chrX	79401300	79403348	+	25	24	unresolved			1	0	0	1
D0_004729	chrX	81350086	81351284	-	25	23	unresolved			1	0	0	1
D0_004730	chrX	107057913	107058313	+	25	23	unresolved			1	0	0	1
D0_004731	chrX	123945659	123957137	-	25	19	preexisting_v49_gene_span			1	1	0	2
D0_004732	chrY	2180446	2184411	-	25	22	unresolved			1	0	0	1
D0_004733	chrY	12927081	12929511	+	25	22	unresolved			1	0	0	1
D0_004734	chrY	15808898	15883036	+	25	24	unresolved			1	1	0	2
D0_004735	chrY	24277150	24277348	+	25	23	other_v49_added_gene		ENSG00000293927	1	0	0	1
D0_004736	KI270734.1	90002	90238	+	25	23	unresolved			1	0	0	1
D0_004737	KI270734.1	137190	137382	+	25	22	unresolved			1	0	0	1
D0_004738	chr1	1783328	1783625	-	24	23	unresolved			1	1	0	2
D0_004739	chr1	12512622	12514358	+	24	22	unresolved			1	0	0	1
D0_004740	chr1	39559812	39560320	-	24	20	unresolved			1	1	0	2
D0_004741	chr1	42703899	42707304	+	24	21	unresolved			1	0	0	1
D0_004742	chr1	43457099	43461494	+	24	20	unresolved			1	0	0	1
D0_004743	chr1	54438615	54508623	-	24	23	unresolved			1	1	0	2
D0_004744	chr1	75795235	75795617	-	24	22	unresolved			1	1	0	2
D0_004745	chr1	101261238	101261751	-	24	22	other_v49_added_gene		ENSG00000306714	1	0	0	1
D0_004746	chr1	111470829	111473585	+	24	18	unresolved			1	0	0	1
D0_004747	chr1	120721108	120721420	-	24	23	other_v49_added_gene		ENSG00000295970	1	0	0	1
D0_004748	chr1	148770832	148772579	-	24	22	other_v49_added_gene		ENSG00000299543	1	1	0	2
D0_004749	chr1	155234325	155234450	+	24	23	other_v49_added_gene		ENSG00000302966	1	0	0	1
D0_004750	chr1	160536072	160536827	-	24	21	unresolved			1	1	0	2
D0_004751	chr1	161165734	161165988	-	24	22	other_v49_added_gene		ENSG00000290115	1	1	0	2
D0_004752	chr1	165721639	165722821	+	24	22	unresolved			1	0	0	1
D0_004753	chr1	182830385	182831249	+	24	22	preexisting_v49_gene_span			1	1	0	2
D0_004754	chr1	193000695	193002469	+	24	24	unresolved			1	0	0	1
D0_004755	chr1	193005936	193006288	+	24	23	unresolved			1	0	0	1
D0_004756	chr1	202145922	202146870	-	24	20	unresolved			1	0	0	1
D0_004757	chr1	219241776	219244904	+	24	21	unresolved			1	0	0	1
D0_004758	chr1	236792617	236795174	-	24	19	unresolved			1	1	0	2
D0_004759	chr2	27309004	27309322	+	24	23	preexisting_v49_gene_span			1	1	0	2
D0_004760	chr2	32040241	32040731	+	24	21	other_v49_added_gene		ENSG00000288937	1	1	0	2
D0_004761	chr2	43061155	43062916	-	24	22	preexisting_v49_gene_span			1	1	0	2
D0_004762	chr2	53120309	53126604	-	24	16	unresolved			0	0	0	0
D0_004763	chr2	74684225	74686922	+	24	22	preexisting_v49_gene_span			1	0	0	1
D0_004764	chr2	78816971	78830857	-	24	22	unresolved			1	1	0	2
D0_004765	chr2	170093409	170095440	+	24	17	unresolved			1	0	0	1
D0_004766	chr2	201085994	201090935	-	24	22	unresolved			1	1	0	2
D0_004767	chr2	207677687	207679122	+	24	18	preexisting_v49_gene_span			1	1	0	2
D0_004768	chr2	218368106	218370257	-	24	21	other_v49_added_gene		ENSG00000306664	1	0	0	1
D0_004769	chr3	39414906	39415771	+	24	23	preexisting_v49_gene_span			1	1	0	2
D0_004770	chr3	87873712	87876961	+	24	13	preexisting_v49_gene_span			1	0	0	1
D0_004771	chr3	112452588	112453996	+	24	20	other_v49_added_gene		ENSG00000303317	1	0	0	1
D0_004772	chr3	172425609	172425777	-	24	24	unresolved			1	0	0	1
D0_004773	chr3	177360103	177362028	+	24	21	other_v49_added_gene		ENSG00000298370,ENSG00000298386	1	0	0	1
D0_004774	chr4	47881	48760	-	24	14	other_v49_added_gene		ENSG00000304187	1	1	0	2
D0_004775	chr4	42095447	42098325	-	24	20	unresolved			1	0	0	1
D0_004776	chr4	82237755	82238648	+	24	24	unresolved			1	0	0	1
D0_004777	chr4	84303679	84304741	+	24	24	unresolved			1	0	0	1
D0_004778	chr4	113446560	113447696	-	24	20	preexisting_v49_gene_span			1	1	0	2
D0_004779	chr4	141454102	141458252	+	24	20	unresolved			1	0	0	1
D0_004780	chr4	141581222	141583317	+	24	20	unresolved			1	0	0	1
D0_004781	chr4	141612099	141614584	+	24	20	unresolved			1	0	0	1
D0_004782	chr4	158280095	158281379	+	24	22	unresolved			1	1	0	2
D0_004783	chr5	32604232	32609446	+	24	22	preexisting_v49_gene_span			1	0	0	1
D0_004784	chr5	39103918	39105246	-	24	21	unresolved			1	0	0	1
D0_004785	chr5	68214002	68215607	-	24	23	unresolved			1	1	0	2
D0_004786	chr5	69707483	69707767	-	24	23	other_v49_added_gene		ENSG00000290560	1	0	0	1
D0_004787	chr5	70868385	70869470	+	24	22	other_v49_added_gene		ENSG00000297805	1	0	0	1
D0_004788	chr5	76921673	76927469	+	24	20	unresolved			1	0	0	1
D0_004789	chr5	127510552	127511359	-	24	24	unresolved			1	1	0	2
D0_004790	chr5	151493038	151497345	+	24	22	other_v49_added_gene		ENSG00000299955	1	1	0	2
D0_004791	chr6	260024	266527	-	24	18	unresolved			1	1	0	2
D0_004792	chr6	26625418	26625567	-	24	23	unresolved			1	0	0	1
D0_004793	chr6	26833656	26835838	-	24	23	other_v49_added_gene		ENSG00000290474	1	0	0	1
D0_004794	chr6	27865806	27866469	+	24	24	unresolved			1	1	0	2
D0_004795	chr6	32668617	32669951	+	24	21	other_v49_added_gene		ENSG00000303029	1	1	0	2
D0_004796	chr6	85499200	85502899	-	24	22	unresolved			1	1	0	2
D0_004797	chr6	85643936	85645158	+	24	22	unresolved			1	1	0	2
D0_004798	chr6	89090390	89092564	-	24	22	unresolved			1	0	0	1
D0_004799	chr6	89123175	89126612	+	24	20	other_v49_added_gene		ENSG00000309618	1	1	0	2
D0_004800	chr6	100357573	100358772	+	24	24	unresolved			1	0	0	1
D0_004801	chr6	111645767	111646677	+	24	21	unresolved			1	0	0	1
D0_004802	chr6	125779716	125781061	-	24	21	other_v49_added_gene		ENSG00000306008	1	1	0	2
D0_004803	chr6	131349556	131350256	+	24	23	unresolved			1	0	0	1
D0_004804	chr6	159666963	159668569	+	24	19	unresolved			1	0	0	1
D0_004805	chr7	17782741	17786361	-	24	21	unresolved			1	0	0	1
D0_004806	chr7	36801816	36806128	-	24	19	unresolved			1	0	0	1
D0_004807	chr7	44981808	44982436	+	24	21	unresolved			1	0	0	1
D0_004808	chr7	50406767	50409302	+	24	24	unresolved			1	0	0	1
D0_004809	chr7	66166614	66172111	-	24	22	unresolved			1	0	0	1
D0_004810	chr7	75149827	75152549	-	24	23	unresolved			1	0	0	1
D0_004811	chr7	75153857	75155927	-	24	24	unresolved			1	0	0	1
D0_004812	chr7	77645765	77648533	-	24	22	unresolved			1	0	0	1
D0_004813	chr7	139036330	139036932	+	24	12	other_v49_added_gene		ENSG00000304140	1	1	1	3
D0_004814	chr7	143731379	143734197	+	24	20	unresolved			1	1	0	2
D0_004815	chr7	149530296	149532274	-	24	20	unresolved			1	0	0	1
D0_004816	chr7	152877244	152878939	+	24	21	unresolved			1	0	0	1
D0_004817	chr8	30045948	30050243	-	24	18	unresolved			1	0	0	1
D0_004818	chr8	37856922	37857864	+	24	22	unresolved			1	1	0	2
D0_004819	chr8	42605442	42626903	-	24	24	unresolved			1	0	0	1
D0_004820	chr8	97164226	97164613	-	24	23	unresolved			1	0	0	1
D0_004821	chr8	100810124	100810802	+	24	18	other_v49_added_gene		ENSG00000306968	1	0	0	1
D0_004822	chr8	110601740	110601908	+	24	24	unresolved			1	0	0	1
D0_004823	chr8	144763939	144772550	+	24	23	unresolved			1	1	0	2
D0_004824	chr9	15511104	15514193	+	24	20	unresolved			1	1	0	2
D0_004825	chr9	41384229	41384415	-	24	23	unresolved			1	0	0	1
D0_004826	chr9	70377378	70378125	+	24	20	unresolved			1	0	0	1
D0_004827	chr9	75193716	75195318	+	24	23	unresolved			1	0	0	1
D0_004828	chr9	75275308	75275770	-	24	22	unresolved			1	0	0	1
D0_004829	chr9	85850669	85852900	-	24	23	unresolved			1	0	0	1
D0_004830	chr9	87062506	87062613	+	24	24	unresolved			1	0	0	1
D0_004831	chr9	99213037	99215598	-	24	20	unresolved			1	0	0	1
D0_004832	chr9	107964080	107983444	+	24	17	unresolved			1	1	0	2
D0_004833	chr9	122935112	122937512	+	24	20	preexisting_v49_gene_span			1	1	0	2
D0_004834	chr9	123273422	123273534	+	24	24	unresolved			1	0	0	1
D0_004835	chr9	127737637	127738112	-	24	22	unresolved			1	0	0	1
D0_004836	chr9	128698272	128702295	-	24	20	other_v49_added_gene		ENSG00000305868	1	0	0	1
D0_004837	chr9	129153584	129154413	+	24	22	preexisting_v49_gene_span			1	0	0	1
D0_004838	chr9	136866543	136868347	+	24	23	unresolved			1	0	0	1
D0_004839	chr10	14516287	14518245	-	24	21	unresolved			1	1	0	2
D0_004840	chr10	22530986	22533341	-	24	22	unresolved			1	1	0	2
D0_004841	chr10	46192205	46195548	-	24	21	other_v49_added_gene		ENSG00000299562	1	1	0	2
D0_004842	chr10	70594600	70595233	-	24	19	unresolved			1	0	0	1
D0_004843	chr10	72330187	72330869	+	24	23	unresolved			1	0	0	1
D0_004844	chr10	87450073	87450386	-	24	22	unresolved			1	0	0	1
D0_004845	chr10	91909629	91911100	-	24	23	unresolved			1	0	0	1
D0_004846	chr10	95112108	95121909	-	24	19	preexisting_v49_gene_span			1	1	0	2
D0_004847	chr10	102438765	102441385	+	24	21	preexisting_v49_gene_span			1	1	0	2
D0_004848	chr10	102641110	102642308	-	24	19	unresolved			1	0	0	1
D0_004849	chr10	107592811	107601131	+	24	23	unresolved			1	0	0	1
D0_004850	chr10	111033636	111040328	+	24	21	unresolved			1	1	0	2
D0_004851	chr10	112865784	112867729	+	24	23	unresolved			1	0	0	1
D0_004852	chr10	124093643	124096912	+	24	22	unresolved			1	1	0	2
D0_004853	chr11	573880	575560	-	24	24	other_v49_added_gene		ENSG00000299860	1	1	0	2
D0_004854	chr11	10294244	10295927	+	24	19	other_v49_added_gene		ENSG00000310136	1	1	0	2
D0_004855	chr11	61127886	61128987	-	24	22	unresolved			1	1	0	2
D0_004856	chr11	61990281	62010629	+	24	23	other_v49_added_gene		ENSG00000303745	1	1	0	2
D0_004857	chr11	62153771	62154130	-	24	22	unresolved			1	0	0	1
D0_004858	chr11	65984940	65987974	+	24	23	unresolved			1	1	0	2
D0_004859	chr11	66252432	66257001	-	24	24	preexisting_v49_gene_span			1	0	0	1
D0_004860	chr11	68884219	68888543	-	24	21	unresolved			1	1	0	2
D0_004861	chr11	71845714	71849496	-	24	19	other_v49_added_gene		ENSG00000289716	1	0	0	1
D0_004862	chr11	95087351	95089773	-	24	21	other_v49_added_gene		ENSG00000294168	1	1	0	2
D0_004863	chr11	125093476	125096435	-	24	24	preexisting_v49_gene_span			1	1	0	2
D0_004864	chr12	6614975	6616699	+	24	19	other_v49_added_gene		ENSG00000301109	1	0	0	1
D0_004865	chr12	9415020	9415638	-	24	20	unresolved			1	0	0	1
D0_004866	chr12	28970231	28970368	-	24	23	unresolved			1	0	0	1
D0_004867	chr12	31276922	31278087	+	24	20	unresolved			1	0	0	1
D0_004868	chr12	31870419	31871300	-	24	21	unresolved			1	0	0	1
D0_004869	chr12	47658969	47661032	-	24	23	unresolved			1	1	0	2
D0_004870	chr12	48870345	48881645	+	24	24	unresolved			1	1	0	2
D0_004871	chr12	49120563	49123575	+	24	24	unresolved			1	0	0	1
D0_004872	chr12	62421620	62449979	+	24	20	unresolved			1	0	0	1
D0_004873	chr12	64705486	64709108	+	24	22	unresolved			1	0	0	1
D0_004874	chr12	71604330	71609206	-	24	22	unresolved			1	1	0	2
D0_004875	chr12	94479600	94479701	+	24	24	unresolved			1	0	0	1
D0_004876	chr12	94730322	94757795	+	24	24	unresolved			1	1	0	2
D0_004877	chr12	96273569	96278006	+	24	20	unresolved			1	1	0	2
D0_004878	chr12	110707433	110711917	-	24	23	unresolved			1	1	0	2
D0_004879	chr13	22532975	22534154	-	24	22	unresolved			1	0	0	1
D0_004880	chr13	27041238	27044150	-	24	20	other_v49_added_gene		ENSG00000307690	1	1	0	2
D0_004881	chr13	41492203	41506873	+	24	23	other_v49_added_gene		ENSG00000288600	1	1	0	2
D0_004882	chr13	49655994	49658826	+	24	20	other_v49_added_gene		ENSG00000306766	1	0	0	1
D0_004883	chr13	108236717	108237897	-	24	21	unresolved			1	1	0	2
D0_004884	chr13	110728604	110730966	-	24	18	unresolved			1	0	0	1
D0_004885	chr13	113642290	113646691	+	24	14	unresolved			1	1	0	2
D0_004886	chr14	20625363	20625538	+	24	20	unresolved			1	1	0	2
D0_004887	chr14	22491214	22493035	+	24	22	preexisting_v49_gene_span			1	0	0	1
D0_004888	chr14	55071262	55074625	+	24	20	unresolved			1	1	0	2
D0_004889	chr14	65900806	65900907	-	24	24	unresolved			1	1	0	2
D0_004890	chr14	95510753	95513768	-	24	22	preexisting_v49_gene_span			1	0	0	1
D0_004891	chr14	105500441	105508671	-	24	21	unresolved			1	0	0	1
D0_004892	chr14	105826838	105829946	-	24	19	unresolved			1	0	0	1
D0_004893	chr15	59099628	59102104	+	24	23	unresolved			1	0	0	1
D0_004894	chr15	70044974	70047752	-	24	22	unresolved			1	0	0	1
D0_004895	chr15	90000517	90001177	+	24	24	other_v49_added_gene		ENSG00000306205	1	0	0	1
D0_004896	chr15	101255423	101255736	-	24	19	other_v49_added_gene		ENSG00000296262	1	1	1	3
D0_004897	chr16	2643334	2644013	+	24	22	unresolved			1	0	0	1
D0_004898	chr16	29735221	29739299	+	24	23	unresolved			1	1	0	2
D0_004899	chr16	70373681	70375946	+	24	23	preexisting_v49_gene_span			1	1	0	2
D0_004900	chr17	3037765	3039570	+	24	23	unresolved			1	0	0	1
D0_004901	chr17	7040335	7041257	-	24	24	unresolved			1	0	0	1
D0_004902	chr17	66301246	66302472	-	24	21	other_v49_added_gene		ENSG00000307784	1	1	0	2
D0_004903	chr17	78987457	78990430	-	24	23	unresolved			1	1	0	2
D0_004904	chr17	82308560	82310339	-	24	18	unresolved			1	1	0	2
D0_004905	chr18	46291735	46292910	-	24	20	unresolved			1	1	0	2
D0_004906	chr18	47796383	47796954	+	24	23	unresolved			1	0	0	1
D0_004907	chr18	75209169	75210529	-	24	20	unresolved			1	0	0	1
D0_004908	chr19	1498701	1498816	-	24	22	unresolved			1	1	0	2
D0_004909	chr19	3951536	3955468	-	24	21	unresolved			1	0	0	1
D0_004910	chr19	6334091	6339912	-	24	22	unresolved			1	0	0	1
D0_004911	chr19	19382530	19385789	-	24	20	other_v49_added_gene		ENSG00000294647	1	1	0	2
D0_004912	chr19	47324824	47327453	+	24	19	unresolved			1	0	0	1
D0_004913	chr19	53876436	53877672	-	24	21	unresolved			1	1	0	2
D0_004914	chr19	55624750	55627796	+	24	22	unresolved			1	1	0	2
D0_004915	chr19	57264618	57267144	-	24	14	preexisting_v49_gene_span			1	1	0	2
D0_004916	chr20	30827116	30828205	+	24	23	unresolved			1	1	0	2
D0_004917	chr20	35767354	35768225	-	24	23	unresolved			1	0	0	1
D0_004918	chr20	47439194	47440080	+	24	18	unresolved			1	0	0	1
D0_004919	chr20	53874168	53874911	-	24	21	unresolved			1	1	0	2
D0_004920	chr21	15883632	15884830	-	24	24	unresolved			1	0	0	1
D0_004921	chr21	31572626	31612577	+	24	23	other_v49_added_gene		ENSG00000298042	1	1	0	2
D0_004922	chr21	43034103	43036058	+	24	20	preexisting_v49_gene_span			1	1	0	2
D0_004923	chr22	18602546	18604031	-	24	22	unresolved			1	0	0	1
D0_004924	chr22	20073093	20074930	-	24	22	unresolved			1	0	0	1
D0_004925	chr22	30280216	30281932	-	24	19	other_v49_added_gene		ENSG00000307561	1	0	0	1
D0_004926	chr22	41020112	41022896	-	24	21	other_v49_added_gene		ENSG00000304944	1	0	0	1
D0_004927	chr22	42157765	42159293	-	24	23	unresolved			1	0	0	1
D0_004928	chr22	46250978	46253980	+	24	20	other_v49_added_gene		ENSG00000310243,ENSG00000289858	1	1	0	2
D0_004929	chr22	50495514	50502474	-	24	19	unresolved			1	1	0	2
D0_004930	chrX	12924764	12925714	+	24	23	unresolved			1	1	0	2
D0_004931	chrX	38867373	38868965	-	24	13	preexisting_v49_gene_span			1	0	0	1
D0_004932	chrX	47249576	47258304	+	24	21	unresolved			1	1	0	2
D0_004933	chrX	48847927	48890127	+	24	24	other_v49_added_gene		ENSG00000299133	1	1	0	2
D0_004934	chrX	77898186	77899155	-	24	18	preexisting_v49_gene_span			1	0	0	1
D0_004935	chrX	89460750	89462034	+	24	22	unresolved			1	0	0	1
D0_004936	chrX	96450907	96581249	+	24	24	unresolved			1	1	0	2
D0_004937	chrX	119476887	119480713	+	24	20	preexisting_v49_gene_span			1	1	0	2
D0_004938	chrX	142813661	142853007	-	24	24	unresolved			1	0	0	1
D0_004939	chrY	260370	264815	+	24	19	unresolved			1	0	0	1
D0_004940	chrY	2592127	2593844	+	24	20	other_v49_added_gene		ENSG00000310557	1	0	0	1
D0_004941	chrY	13615970	13703526	+	24	24	other_v49_added_gene		ENSG00000297994	1	1	0	2
D0_004942	GL000194.1	97705	99148	+	24	23	unresolved			1	0	0	1
D0_004943	KI270731.1	86665	86774	+	24	22	unresolved			1	0	0	1
D0_004944	chr1	11755869	11758814	+	23	19	unresolved			1	1	0	2
D0_004945	chr1	25787996	25789208	-	23	22	unresolved			1	0	0	1
D0_004946	chr1	29138057	29142798	-	23	18	unresolved			1	1	0	2
D0_004947	chr1	36221187	36223996	-	23	20	unresolved			1	1	0	2
D0_004948	chr1	36454004	36455679	-	23	19	unresolved			1	1	0	2
D0_004949	chr1	64431434	64452372	-	23	23	unresolved			1	1	0	2
D0_004950	chr1	85260645	85265673	-	23	22	unresolved			1	1	0	2
D0_004951	chr1	99837300	99838436	+	23	22	unresolved			1	0	0	1
D0_004952	chr1	111469055	111471230	-	23	19	unresolved			1	0	0	1
D0_004953	chr1	115097430	115099291	-	23	19	other_v49_added_gene		ENSG00000297416	1	0	0	1
D0_004954	chr1	117855507	117856026	+	23	19	other_v49_added_gene		ENSG00000309803	1	0	0	1
D0_004955	chr1	149873496	149876654	+	23	20	unresolved			1	0	0	1
D0_004956	chr1	149877772	149879344	+	23	21	unresolved			1	0	0	1
D0_004957	chr1	150308995	150310792	+	23	21	unresolved			1	1	0	2
D0_004958	chr1	154271518	154272287	+	23	19	preexisting_v49_gene_span			1	1	0	2
D0_004959	chr1	161386880	161390501	-	23	22	other_v49_added_gene		ENSG00000289141	1	1	0	2
D0_004960	chr1	162610534	162612601	+	23	17	unresolved			1	0	0	1
D0_004961	chr1	178563631	178564029	+	23	21	unresolved			1	0	0	1
D0_004962	chr1	203903586	203903687	-	23	23	unresolved			1	1	0	2
D0_004963	chr1	211601019	211607068	-	23	22	other_v49_added_gene		ENSG00000288738	1	1	0	2
D0_004964	chr1	242049003	242050557	-	23	23	unresolved			1	0	0	1
D0_004965	chr2	7156754	7159541	+	23	23	unresolved			1	1	0	2
D0_004966	chr2	18657985	18661864	+	23	18	other_v49_added_gene		ENSG00000304698	1	0	0	1
D0_004967	chr2	32157680	32161309	+	23	18	unresolved			1	1	0	2
D0_004968	chr2	33569194	33572627	+	23	18	preexisting_v49_gene_span			1	0	0	1
D0_004969	chr2	38559662	38559976	+	23	22	other_v49_added_gene		ENSG00000296297	1	0	0	1
D0_004970	chr2	46638016	46642209	-	23	23	unresolved			1	0	0	1
D0_004971	chr2	81548683	81570547	+	23	18	other_v49_added_gene		ENSG00000306384	1	1	0	2
D0_004972	chr2	112119413	112120382	+	23	21	unresolved			1	1	0	2
D0_004973	chr2	128089565	128091033	-	23	22	other_v49_added_gene		ENSG00000289982	1	1	0	2
D0_004974	chr2	151244844	151247929	-	23	22	unresolved			1	1	0	2
D0_004975	chr2	175593342	175703725	-	23	23	other_v49_added_gene		ENSG00000309421	1	1	0	2
D0_004976	chr2	203748954	203754245	+	23	23	unresolved			1	0	0	1
D0_004977	chr2	203776549	203779624	+	23	20	unresolved			1	0	0	1
D0_004978	chr2	231726472	231727985	+	23	17	unresolved			1	0	0	1
D0_004979	chr3	11784854	11788040	-	23	21	unresolved			1	1	0	2
D0_004980	chr3	17101221	17103884	+	23	20	unresolved			1	0	0	1
D0_004981	chr3	23602115	23605214	+	23	19	unresolved			1	0	0	1
D0_004982	chr3	42013127	42013746	+	23	22	preexisting_v49_gene_span			1	0	0	1
D0_004983	chr3	49786965	49790606	+	23	22	unresolved			1	1	0	2
D0_004984	chr3	56556541	56557041	-	23	19	unresolved			1	0	0	1
D0_004985	chr3	101596017	101598580	+	23	22	other_v49_added_gene		ENSG00000289629	1	1	0	2
D0_004986	chr3	108003036	108015412	-	23	19	unresolved			1	0	0	1
D0_004987	chr3	132378436	132379113	+	23	21	other_v49_added_gene		ENSG00000296430	1	1	0	2
D0_004988	chr3	195639718	195643769	+	23	23	other_v49_added_gene		ENSG00000289929	1	1	0	2
D0_004989	chr4	2841478	2843103	-	23	21	other_v49_added_gene		ENSG00000296107	1	1	0	2
D0_004990	chr4	17799712	17800150	+	23	20	unresolved			1	0	0	1
D0_004991	chr4	48455091	48459529	+	23	15	unresolved			1	1	0	2
D0_004992	chr4	55728467	55782958	-	23	22	other_v49_added_gene		ENSG00000299956	1	1	0	2
D0_004993	chr4	98741254	98854836	+	23	17	other_v49_added_gene		ENSG00000302659	1	1	0	2
D0_004994	chr4	102761200	102762474	+	23	16	unresolved			1	0	0	1
D0_004995	chr4	118400367	118400477	-	23	23	unresolved			1	1	0	2
D0_004996	chr4	139177243	139177905	-	23	21	other_v49_added_gene		ENSG00000296588	1	0	0	1
D0_004997	chr4	141412594	141419822	+	23	20	other_v49_added_gene		ENSG00000306779	1	0	0	1
D0_004998	chr4	180791182	180934162	+	23	22	other_v49_added_gene		ENSG00000298435	1	1	0	2
D0_004999	chr4	185973486	185973614	-	23	23	unresolved			1	1	0	2
D0_005000	chr5	10213753	10215725	+	23	21	unresolved			1	1	0	2
D0_005001	chr5	26333545	26333682	+	23	23	unresolved			1	0	0	1
D0_005002	chr5	61329518	61332023	-	23	20	other_v49_added_gene		ENSG00000288936	1	1	0	2
D0_005003	chr5	76789012	76798268	-	23	23	unresolved			1	0	0	1
D0_005004	chr5	80890230	80890569	-	23	18	unresolved			1	0	0	1
D0_005005	chr5	115184772	115188126	-	23	20	unresolved			1	1	0	2
D0_005006	chr5	131238195	131239636	+	23	19	unresolved			1	0	0	1
D0_005007	chr5	134081039	134083537	-	23	20	other_v49_added_gene		ENSG00000309104	1	1	0	2
D0_005008	chr5	137790537	137795107	-	23	21	preexisting_v49_gene_span			1	0	0	1
D0_005009	chr5	138499375	138504780	-	23	20	unresolved			1	0	0	1
D0_005010	chr5	148838577	148839735	-	23	21	unresolved			1	1	0	2
D0_005011	chr5	180578636	180580354	+	23	20	unresolved			1	1	0	2
D0_005012	chr6	374434	376230	+	23	19	unresolved			1	0	0	1
D0_005013	chr6	1546193	1549597	-	23	20	preexisting_v49_gene_span			1	0	0	1
D0_005014	chr6	7480429	7480566	-	23	23	unresolved			1	0	0	1
D0_005015	chr6	17747903	17757960	-	23	22	unresolved			1	1	0	2
D0_005016	chr6	18330704	18335743	-	23	23	unresolved			1	0	0	1
D0_005017	chr6	30065383	30066298	+	23	21	unresolved			1	1	0	2
D0_005018	chr6	31673954	31675249	+	23	21	unresolved			1	0	0	1
D0_005019	chr6	33409929	33410206	-	23	22	unresolved			1	1	0	2
D0_005020	chr6	65982614	65982743	-	23	23	unresolved			1	0	0	1
D0_005021	chr6	108039020	108041375	-	23	20	preexisting_v49_gene_span			1	1	0	2
D0_005022	chr6	132734793	132739834	-	23	19	primary_match	ENSG00000293493	ENSG00000293493	1	0	0	1
D0_005023	chr6	149718900	149719268	+	23	21	unresolved			1	1	0	2
D0_005024	chr6	151404228	151404653	-	23	22	preexisting_v49_gene_span			1	0	0	1
D0_005025	chr7	6634816	6637209	-	23	21	unresolved			1	1	0	2
D0_005026	chr7	20502555	20505279	-	23	16	unresolved			1	0	0	1
D0_005027	chr7	28848790	28864951	-	23	21	unresolved			1	1	0	2
D0_005028	chr7	64714579	64715049	-	23	21	unresolved			1	0	0	1
D0_005029	chr7	73111792	73112128	-	23	23	preexisting_v49_gene_span			1	0	0	1
D0_005030	chr7	77535016	77536640	-	23	21	other_v49_added_gene		ENSG00000305656	1	1	0	2
D0_005031	chr7	87501242	87503623	-	23	20	preexisting_v49_gene_span			1	1	0	2
D0_005032	chr7	135978658	135980799	-	23	20	unresolved			1	0	0	1
D0_005033	chr7	136004568	136006017	+	23	20	preexisting_v49_gene_span			1	0	0	1
D0_005034	chr7	149090879	149098839	+	23	20	unresolved			1	0	0	1
D0_005035	chr7	152126422	152126838	-	23	23	other_v49_added_gene		ENSG00000310074	1	0	0	1
D0_005036	chr7	158725364	158728870	+	23	22	unresolved			1	1	0	2
D0_005037	chr8	10457949	10463519	+	23	20	unresolved			1	1	0	2
D0_005038	chr8	30674614	30677995	-	23	21	unresolved			1	1	0	2
D0_005039	chr8	60991798	60992682	-	23	21	unresolved			1	0	0	1
D0_005040	chr8	96349186	96351328	+	23	20	unresolved			1	0	0	1
D0_005041	chr8	100909191	100912912	-	23	21	unresolved			1	1	0	2
D0_005042	chr9	2202779	2206429	+	23	19	unresolved			1	1	0	2
D0_005043	chr9	33454627	33461177	-	23	22	unresolved			1	1	0	2
D0_005044	chr9	35034144	35035395	+	23	21	unresolved			1	0	0	1
D0_005045	chr9	63686932	63688582	-	23	21	unresolved			1	0	0	1
D0_005046	chr9	80690742	80691175	-	23	18	unresolved			1	0	0	1
D0_005047	chr9	89316803	89318423	-	23	22	other_v49_added_gene		ENSG00000309658	1	1	0	2
D0_005048	chr9	92699912	92700618	+	23	20	unresolved			1	0	0	1
D0_005049	chr9	93569470	93572558	+	23	20	unresolved			1	1	0	2
D0_005050	chr9	96876443	96876895	+	23	21	unresolved			1	0	0	1
D0_005051	chr9	99977845	99979164	-	23	22	unresolved			1	1	0	2
D0_005052	chr9	100696520	100696685	+	23	21	unresolved			1	1	0	2
D0_005053	chr9	108061455	108067009	+	23	19	unresolved			0	0	0	0
D0_005054	chr9	126509837	126513056	+	23	17	unresolved			1	0	0	1
D0_005055	chr9	128772497	128785022	+	23	18	other_v49_added_gene		ENSG00000306759	1	1	0	2
D0_005056	chr10	3769082	3771328	+	23	19	preexisting_v49_gene_span			1	0	0	1
D0_005057	chr10	3947009	3950533	+	23	13	preexisting_v49_gene_span			1	0	0	1
D0_005058	chr10	47257120	47258607	+	23	12	unresolved			1	0	0	1
D0_005059	chr10	68718830	68720824	-	23	23	unresolved			1	0	0	1
D0_005060	chr10	72089137	72090774	+	23	22	unresolved			1	0	0	1
D0_005061	chr10	75184825	75187187	+	23	22	unresolved			1	1	0	2
D0_005062	chr10	87045734	87049927	+	23	22	unresolved			1	1	0	2
D0_005063	chr10	87454564	87455542	-	23	22	unresolved			1	0	0	1
D0_005064	chr10	92679894	92680326	+	23	22	unresolved			1	0	0	1
D0_005065	chr10	95582001	95584439	-	23	22	unresolved			1	1	0	2
D0_005066	chr10	104531275	104532426	-	23	22	unresolved			1	0	0	1
D0_005067	chr10	118002744	118003095	+	23	23	unresolved			1	0	0	1
D0_005068	chr11	2324049	2324454	-	23	22	unresolved			1	0	0	1
D0_005069	chr11	12359158	12360088	+	23	23	preexisting_v49_gene_span			1	1	0	2
D0_005070	chr11	35029448	35030861	-	23	20	other_v49_added_gene		ENSG00000289526	1	0	0	1
D0_005071	chr11	39349916	39596450	+	23	23	other_v49_added_gene		ENSG00000296018,ENSG00000306978	1	1	0	2
D0_005072	chr11	57478478	57478816	+	23	21	unresolved			1	0	0	1
D0_005073	chr11	60953201	60955091	-	23	19	unresolved			1	0	0	1
D0_005074	chr11	65326613	65329272	+	23	18	unresolved			1	1	0	2
D0_005075	chr11	65515809	65518490	+	23	19	unresolved			1	0	0	1
D0_005076	chr11	65921569	65923876	+	23	20	unresolved			1	1	0	2
D0_005077	chr11	74979039	74980526	+	23	21	unresolved			1	0	0	1
D0_005078	chr11	93197996	93200084	+	23	22	unresolved			1	1	0	2
D0_005079	chr11	107275633	107278462	-	23	18	unresolved			1	1	0	2
D0_005080	chr12	10613637	10615420	+	23	23	other_v49_added_gene		ENSG00000302947	1	1	0	2
D0_005081	chr12	15903500	15904964	+	23	23	unresolved			1	1	0	2
D0_005082	chr12	17022417	17024226	+	23	23	unresolved			1	0	0	1
D0_005083	chr12	32018504	32024644	+	23	19	unresolved			1	0	0	1
D0_005084	chr12	32021904	32023622	-	23	22	unresolved			1	0	0	1
D0_005085	chr12	44505007	44507662	-	23	20	unresolved			1	1	0	2
D0_005086	chr12	51226315	51228176	-	23	22	unresolved			1	0	0	1
D0_005087	chr12	56646266	56648361	+	23	20	unresolved			1	0	0	1
D0_005088	chr12	62418136	62419437	+	23	20	unresolved			1	0	0	1
D0_005089	chr12	65251902	65252434	-	23	20	unresolved			1	0	0	1
D0_005090	chr12	68979269	69211768	-	23	23	other_v49_added_gene		ENSG00000308169	1	1	0	2
D0_005091	chr12	75514176	75516330	+	23	19	unresolved			1	0	0	1
D0_005092	chr12	76855531	76857504	+	23	23	unresolved			1	0	0	1
D0_005093	chr12	108857768	108858755	+	23	21	unresolved			1	0	0	1
D0_005094	chr12	111923125	111926774	-	23	20	unresolved			1	1	0	2
D0_005095	chr12	121234532	121237527	+	23	19	unresolved			1	1	0	2
D0_005096	chr12	121675484	121678197	-	23	22	unresolved			1	0	0	1
D0_005097	chr13	21182397	21193913	+	23	19	unresolved			1	1	0	2
D0_005098	chr13	47115355	47115552	+	23	23	unresolved			1	0	0	1
D0_005099	chr13	48047663	48050983	-	23	18	unresolved			1	1	0	2
D0_005100	chr13	90021642	90021801	+	23	23	unresolved			1	0	0	1
D0_005101	chr13	102594008	102596779	-	23	22	preexisting_v49_gene_span			1	1	0	2
D0_005102	chr14	20785316	20786342	-	23	21	other_v49_added_gene		ENSG00000303727	1	0	0	1
D0_005103	chr14	22561588	22563731	-	23	21	preexisting_v49_gene_span			1	0	0	1
D0_005104	chr14	22869253	22871739	-	23	23	other_v49_added_gene		ENSG00000303741	1	1	0	2
D0_005105	chr14	24142141	24142667	+	23	19	unresolved			1	1	0	2
D0_005106	chr14	49764701	49767834	-	23	21	unresolved			1	1	0	2
D0_005107	chr14	49855961	49861156	-	23	21	preexisting_v49_gene_span			1	1	0	2
D0_005108	chr14	50105133	50108076	-	23	23	unresolved			1	0	0	1
D0_005109	chr14	52999550	52999830	+	23	22	unresolved			1	1	0	2
D0_005110	chr14	81663184	81663616	+	23	22	unresolved			1	0	0	1
D0_005111	chr14	83220964	83221077	-	23	23	unresolved			1	1	0	2
D0_005112	chr14	91227177	91228102	-	23	19	unresolved			1	0	0	1
D0_005113	chr14	92041182	92042940	+	23	19	other_v49_added_gene		ENSG00000303901	1	1	0	2
D0_005114	chr14	93116448	93118242	+	23	21	unresolved			1	0	0	1
D0_005115	chr14	103515424	103516870	+	23	21	unresolved			1	0	0	1
D0_005116	chr14	105905113	105905926	+	23	17	preexisting_v49_gene_span			1	1	0	2
D0_005117	chr14	106003751	106005078	-	23	10	unresolved			1	1	0	2
D0_005118	chr15	22262861	22278916	+	23	18	other_v49_added_gene		ENSG00000308356	1	0	1	2
D0_005119	chr15	32468148	32469321	+	23	21	other_v49_added_gene		ENSG00000307111	1	0	0	1
D0_005120	chr15	36471517	36471759	+	23	23	other_v49_added_gene		ENSG00000296959	1	0	0	1
D0_005121	chr15	40394670	40397690	-	23	22	unresolved			1	1	0	2
D0_005122	chr15	55007052	55007251	+	23	21	unresolved			1	0	0	1
D0_005123	chr15	63268467	63269295	-	23	22	unresolved			1	0	0	1
D0_005124	chr15	70098180	70100066	+	23	21	other_v49_added_gene		ENSG00000303328,ENSG00000304638	1	0	0	1
D0_005125	chr15	74532120	74535180	+	23	18	unresolved			1	0	0	1
D0_005126	chr16	16143602	16143914	-	23	23	unresolved			1	0	0	1
D0_005127	chr16	18802340	18802731	-	23	20	unresolved			1	0	0	1
D0_005128	chr16	30632578	30633821	-	23	21	unresolved			1	0	0	1
D0_005129	chr16	30808464	30813445	+	23	22	unresolved			1	1	0	2
D0_005130	chr17	1340986	1343679	-	23	20	unresolved			1	0	0	1
D0_005131	chr17	1401254	1403052	-	23	20	unresolved			1	1	0	2
D0_005132	chr17	1412935	1418218	-	23	22	unresolved			1	1	0	2
D0_005133	chr17	2712841	2714264	+	23	17	preexisting_v49_gene_span			1	1	0	2
D0_005134	chr17	8224168	8224637	+	23	23	other_v49_added_gene		ENSG00000305852	1	1	0	2
D0_005135	chr17	16536080	16536563	+	23	20	unresolved			1	0	0	1
D0_005136	chr17	40172369	40175308	+	23	21	preexisting_v49_gene_span			1	0	0	1
D0_005137	chr17	42457069	42458187	+	23	16	other_v49_added_gene		ENSG00000294400	1	1	0	2
D0_005138	chr17	51173382	51176984	+	23	20	unresolved			1	1	0	2
D0_005139	chr17	67069726	67070414	-	23	23	unresolved			1	1	0	2
D0_005140	chr17	74553181	74555942	-	23	20	unresolved			1	0	0	1
D0_005141	chr17	74595486	74598817	-	23	20	unresolved			1	0	0	1
D0_005142	chr17	76620556	76624599	-	23	20	unresolved			1	1	0	2
D0_005143	chr17	80973320	80974273	-	23	22	unresolved			1	0	0	1
D0_005144	chr17	81675908	81681116	-	23	22	unresolved			1	0	0	1
D0_005145	chr18	28550414	28550621	-	23	23	unresolved			1	0	0	1
D0_005146	chr18	54108505	54115516	-	23	19	unresolved			1	1	0	2
D0_005147	chr18	54142615	54145549	-	23	18	unresolved			1	1	0	2
D0_005148	chr19	1099226	1103059	+	23	22	unresolved			1	0	0	1
D0_005149	chr19	6370744	6372163	+	23	19	unresolved			1	1	0	2
D0_005150	chr19	10389566	10390965	-	23	18	unresolved			1	1	0	2
D0_005151	chr19	13658732	13665046	-	23	2	unresolved			1	0	0	1
D0_005152	chr19	16343598	16348820	-	23	19	unresolved			1	1	0	2
D0_005153	chr19	18052385	18056367	+	23	21	unresolved			1	0	0	1
D0_005154	chr19	19362929	19366005	+	23	19	unresolved			1	0	0	1
D0_005155	chr19	23714756	23726156	-	23	23	unresolved			1	1	0	2
D0_005156	chr19	38852352	38854003	+	23	20	unresolved			1	1	0	2
D0_005157	chr19	58342874	58345053	+	23	17	unresolved			1	1	0	2
D0_005158	chr20	35769958	35771666	-	23	22	unresolved			1	1	0	2
D0_005159	chr20	49811079	49812594	-	23	22	unresolved			1	1	0	2
D0_005160	chr21	17165906	17166150	+	23	22	unresolved			1	0	0	1
D0_005161	chr21	32543343	32545151	+	23	23	other_v49_added_gene		ENSG00000297779	1	1	0	2
D0_005162	chr22	18644471	18644587	+	23	23	unresolved			1	0	0	1
D0_005163	chr22	37674075	37675511	-	23	23	unresolved			1	0	0	1
D0_005164	chr22	38279482	38283241	-	23	18	preexisting_v49_gene_span			1	1	0	2
D0_005165	chr22	40947215	40950320	+	23	23	unresolved			1	1	0	2
D0_005166	chr22	41447229	41448563	-	23	22	other_v49_added_gene		ENSG00000301767	1	1	0	2
D0_005167	chr22	49762719	49764825	+	23	20	unresolved			1	0	0	1
D0_005168	chr22	50327588	50330414	+	23	19	unresolved			1	1	0	2
D0_005169	chrX	19529869	19533620	+	23	20	unresolved			1	0	0	1
D0_005170	chrX	43491613	43646219	-	23	23	unresolved			1	1	0	2
D0_005171	chrX	47559686	47560949	-	23	23	other_v49_added_gene		ENSG00000289890	1	1	0	2
D0_005172	chrX	65205606	65207476	+	23	20	preexisting_v49_gene_span			1	0	0	1
D0_005173	chrX	71142648	71143256	-	23	22	preexisting_v49_gene_span			1	0	0	1
D0_005174	chrX	116887189	116941560	-	23	22	unresolved			1	1	0	2
D0_005175	chrX	119527446	119534406	-	23	21	unresolved			1	1	0	2
D0_005176	chrY	2207460	2209839	-	23	22	unresolved			1	0	0	1
D0_005177	chrY	12920741	12923362	+	23	21	unresolved			1	0	0	1
D0_005178	chrY	13221992	13224775	+	23	20	unresolved			1	0	0	1
D0_005179	chrY	19686385	19689578	-	23	21	unresolved			1	0	0	1
D0_005180	chrY	25558990	25559944	-	23	23	unresolved			1	0	0	1
D0_005181	chrY	26395576	26395672	-	23	19	unresolved			1	0	0	1
D0_005182	chr1	2570197	2573854	+	22	18	unresolved			1	1	0	2
D0_005183	chr1	15430861	15435955	-	22	17	unresolved			1	0	0	1
D0_005184	chr1	24856618	24870687	-	22	20	unresolved			1	1	0	2
D0_005185	chr1	35422219	35424100	+	22	19	unresolved			1	1	0	2
D0_005186	chr1	37081851	37082054	+	22	21	unresolved			1	0	0	1
D0_005187	chr1	37991076	37993044	-	22	19	unresolved			1	1	0	2
D0_005188	chr1	39834017	39835888	-	22	19	unresolved			1	0	0	1
D0_005189	chr1	52701235	52702994	-	22	17	unresolved			1	0	0	1
D0_005190	chr1	60405088	60405264	-	22	21	other_v49_added_gene		ENSG00000303463	1	0	0	1
D0_005191	chr1	96243779	96243919	-	22	21	unresolved			1	0	0	1
D0_005192	chr1	109633507	109635592	+	22	17	unresolved			1	1	0	2
D0_005193	chr1	145979570	145981558	+	22	18	other_v49_added_gene		ENSG00000295659	1	1	0	2
D0_005194	chr1	146002850	146013986	-	22	18	unresolved			1	0	0	1
D0_005195	chr1	153992163	153992668	+	22	18	preexisting_v49_gene_span			1	1	0	2
D0_005196	chr1	155894486	155896981	-	22	21	unresolved			1	0	0	1
D0_005197	chr1	157668623	157674038	-	22	15	unresolved			1	1	0	2
D0_005198	chr1	157782980	157784367	-	22	19	unresolved			1	0	0	1
D0_005199	chr1	178675090	178678072	+	22	15	preexisting_v49_gene_span			1	0	0	1
D0_005200	chr1	198621592	198622037	+	22	18	unresolved			1	0	0	1
D0_005201	chr1	206891593	206897264	-	22	21	other_v49_added_gene		ENSG00000307982	1	1	0	2
D0_005202	chr1	219607902	219608009	-	22	22	unresolved			1	0	0	1
D0_005203	chr1	228080293	228082395	-	22	20	other_v49_added_gene		ENSG00000307566	1	1	0	2
D0_005204	chr1	231361847	231363591	-	22	20	unresolved			1	1	0	2
D0_005205	chr2	32345406	32351260	+	22	21	unresolved			1	0	0	1
D0_005206	chr2	43141619	43142836	-	22	18	preexisting_v49_gene_span			1	1	0	2
D0_005207	chr2	75007502	75010801	+	22	19	unresolved			1	1	0	2
D0_005208	chr2	75263822	75265922	-	22	20	unresolved			1	0	0	1
D0_005209	chr2	87974040	87976602	-	22	21	unresolved			1	0	0	1
D0_005210	chr2	98731284	98739919	+	22	16	unresolved			1	0	1	2
D0_005211	chr2	112582177	112584212	-	22	19	other_v49_added_gene		ENSG00000309434	1	1	0	2
D0_005212	chr2	135051227	135051743	+	22	21	unresolved			1	0	0	1
D0_005213	chr2	185999963	186000326	+	22	20	unresolved			1	0	0	1
D0_005214	chr2	186003178	186007607	-	22	20	unresolved			1	1	0	2
D0_005215	chr2	196962379	196966916	-	22	21	unresolved			1	1	0	2
D0_005216	chr2	200864787	200866725	+	22	22	unresolved			1	1	0	2
D0_005217	chr2	201115067	201115994	+	22	21	unresolved			1	0	0	1
D0_005218	chr2	202318318	202321066	-	22	19	unresolved			1	1	0	2
D0_005219	chr2	202340961	202343709	+	22	20	unresolved			1	0	0	1
D0_005220	chr2	202346663	202351170	+	22	19	unresolved			1	0	0	1
D0_005221	chr2	202375622	202375975	-	22	21	preexisting_v49_gene_span			1	0	0	1
D0_005222	chr2	202769764	202773057	+	22	20	unresolved			1	0	0	1
D0_005223	chr2	231670649	231672525	-	22	20	other_v49_added_gene		ENSG00000301004	1	1	0	2
D0_005224	chr3	23597123	23599016	+	22	18	unresolved			1	0	0	1
D0_005225	chr3	56683287	56687224	+	22	20	unresolved			1	1	0	2
D0_005226	chr3	57601218	57602269	-	22	19	unresolved			1	0	0	1
D0_005227	chr3	57604493	57609351	+	22	15	preexisting_v49_gene_span			1	1	0	2
D0_005228	chr3	61401295	61539074	-	22	22	other_v49_added_gene		ENSG00000308777,ENSG00000295357	1	1	0	2
D0_005229	chr3	112421236	112424729	-	22	19	preexisting_v49_gene_span			1	1	0	2
D0_005230	chr3	112448100	112448971	-	22	20	unresolved			1	0	0	1
D0_005231	chr3	112451814	112452158	-	22	19	unresolved			1	0	0	1
D0_005232	chr3	119494856	119496646	+	22	15	unresolved			1	1	0	2
D0_005233	chr3	129307755	129309637	-	22	19	unresolved			1	0	0	1
D0_005234	chr3	170197746	170210188	+	22	22	unresolved			1	1	0	2
D0_005235	chr4	2785827	2786901	+	22	22	unresolved			1	1	0	2
D0_005236	chr4	11100356	11100642	+	22	10	other_v49_added_gene		ENSG00000298262	1	0	0	1
D0_005237	chr4	13246132	13248677	-	22	16	unresolved			1	1	0	2
D0_005238	chr4	27028987	27029347	-	22	20	unresolved			1	0	0	1
D0_005239	chr4	40158409	40162592	+	22	17	unresolved			1	0	0	1
D0_005240	chr4	40270785	40305379	-	22	20	unresolved			1	0	0	1
D0_005241	chr4	74395772	74398656	-	22	19	unresolved			1	0	0	1
D0_005242	chr4	118459929	118460673	-	22	22	preexisting_v49_gene_span			1	1	0	2
D0_005243	chr4	141371766	141372370	-	22	21	unresolved			1	0	0	1
D0_005244	chr5	32604548	32607690	-	22	21	unresolved			1	0	0	1
D0_005245	chr5	40410000	40412350	+	22	18	preexisting_v49_gene_span			1	0	0	1
D0_005246	chr5	50347689	50351468	-	22	18	unresolved			1	0	0	1
D0_005247	chr5	69702261	69703520	-	22	21	other_v49_added_gene		ENSG00000290560	1	0	0	1
D0_005248	chr5	70959034	70959929	+	22	18	unresolved			1	1	0	2
D0_005249	chr5	77982895	77986365	-	22	18	unresolved			1	1	0	2
D0_005250	chr5	79332244	79368305	-	22	20	other_v49_added_gene		ENSG00000297787	1	1	0	2
D0_005251	chr5	134392393	134393957	+	22	21	preexisting_v49_gene_span			1	1	0	2
D0_005252	chr5	140618464	140621698	-	22	20	unresolved			1	1	0	2
D0_005253	chr5	142106862	142108589	-	22	19	other_v49_added_gene		ENSG00000300089	1	0	0	1
D0_005254	chr5	178154341	178165267	-	22	21	unresolved			1	0	0	1
D0_005255	chr6	2849618	2851070	-	22	18	unresolved			1	0	0	1
D0_005256	chr6	11710209	11711928	-	22	20	other_v49_added_gene		ENSG00000300580	1	1	0	2
D0_005257	chr6	12514725	12514807	+	22	21	unresolved			1	1	0	2
D0_005258	chr6	29950529	29952841	-	22	21	primary_match	ENSG00000293508	ENSG00000293508	1	1	0	2
D0_005259	chr6	30213776	30215991	+	22	18	unresolved			1	0	0	1
D0_005260	chr6	31817994	31824460	+	22	19	preexisting_v49_gene_span			1	1	0	2
D0_005261	chr6	36491167	36493798	+	22	20	unresolved			1	1	0	2
D0_005262	chr6	104361361	104361564	+	22	22	unresolved			1	0	0	1
D0_005263	chr6	107137809	107142140	-	22	20	unresolved			1	0	0	1
D0_005264	chr6	111659706	111660004	-	22	20	unresolved			1	0	0	1
D0_005265	chr6	121334775	121335622	+	22	20	unresolved			1	1	0	2
D0_005266	chr6	136252682	136256521	-	22	19	unresolved			1	1	0	2
D0_005267	chr7	5575608	5577030	+	22	22	unresolved			1	0	0	1
D0_005268	chr7	33007711	33009803	-	22	17	unresolved			1	1	0	2
D0_005269	chr7	45189782	45192598	-	22	7	other_v49_added_gene		ENSG00000289251	1	0	0	1
D0_005270	chr7	66964852	66978878	+	22	20	unresolved			1	0	0	1
D0_005271	chr7	73362602	73380993	+	22	22	unresolved			1	1	0	2
D0_005272	chr7	76642806	76647148	+	22	21	primary_match	ENSG00000290873	ENSG00000290873	1	0	0	1
D0_005273	chr7	77640364	77643817	-	22	22	unresolved			1	1	0	2
D0_005274	chr7	92595941	92601901	-	22	15	unresolved			1	1	0	2
D0_005275	chr7	100041766	100046249	+	22	20	unresolved			1	1	0	2
D0_005276	chr7	143618899	143620151	-	22	20	other_v49_added_gene		ENSG00000309154	1	0	0	1
D0_005277	chr7	145506926	145507146	+	22	22	unresolved			1	0	0	1
D0_005278	chr7	148965998	148969972	-	22	15	unresolved			1	0	0	1
D0_005279	chr7	149535053	149537402	-	22	20	unresolved			1	1	0	2
D0_005280	chr7	150085858	150087149	+	22	20	unresolved			1	0	0	1
D0_005281	chr7	152691070	152700992	+	22	22	unresolved			1	0	0	1
D0_005282	chr7	156975285	156980098	+	22	20	unresolved			1	1	0	2
D0_005283	chr8	8922582	8927354	+	22	19	other_v49_added_gene		ENSG00000293372	1	1	1	3
D0_005284	chr8	42800671	42826387	+	22	22	unresolved			0	0	0	0
D0_005285	chr8	47767428	47770040	+	22	22	unresolved			1	0	0	1
D0_005286	chr8	53843813	53844365	+	22	20	unresolved			1	1	0	2
D0_005287	chr8	89868891	89875075	-	22	20	preexisting_v49_gene_span			1	1	0	2
D0_005288	chr8	91091631	91094054	+	22	19	unresolved			1	1	0	2
D0_005289	chr8	134812456	134816587	-	22	18	other_v49_added_gene		ENSG00000289405	1	0	0	1
D0_005290	chr9	28684159	28684745	-	22	22	preexisting_v49_gene_span			1	0	0	1
D0_005291	chr9	66337941	66351403	+	22	22	other_v49_added_gene		ENSG00000294531,ENSG00000294571	1	0	0	1
D0_005292	chr9	75151448	75151734	-	22	20	unresolved			1	0	0	1
D0_005293	chr9	76382366	76385365	-	22	15	unresolved			1	1	0	2
D0_005294	chr9	80314275	80315779	+	22	17	unresolved			1	0	0	1
D0_005295	chr9	80737252	80741401	+	22	17	unresolved			1	0	0	1
D0_005296	chr9	97884646	97888485	-	22	20	unresolved			1	1	0	2
D0_005297	chr9	97885678	97886176	+	22	20	unresolved			1	0	0	1
D0_005298	chr9	98044840	98052412	+	22	18	other_v49_added_gene		ENSG00000298058	1	1	0	2
D0_005299	chr9	110865176	110869715	-	22	16	unresolved			1	1	0	2
D0_005300	chr9	112211391	112215118	+	22	21	unresolved			1	0	0	1
D0_005301	chr9	112359888	112366419	-	22	16	unresolved			1	1	0	2
D0_005302	chr9	114586407	114587556	-	22	21	unresolved			1	0	0	1
D0_005303	chr9	125367453	125372085	-	22	20	unresolved			1	0	0	1
D0_005304	chr9	131257130	131257491	-	22	21	unresolved			1	0	0	1
D0_005305	chr10	13302467	13303611	-	22	22	unresolved			1	0	0	1
D0_005306	chr10	24747610	24757131	-	22	21	unresolved			1	0	0	1
D0_005307	chr10	68985123	68987186	+	22	19	unresolved			1	1	0	2
D0_005308	chr10	69060937	69062364	-	22	21	unresolved			1	0	0	1
D0_005309	chr10	72051677	72052750	-	22	15	unresolved			1	0	0	1
D0_005310	chr10	73737457	73742882	-	22	20	preexisting_v49_gene_span			1	1	0	2
D0_005311	chr10	87196788	87200149	-	22	21	preexisting_v49_gene_span			1	0	0	1
D0_005312	chr10	87475531	87477078	-	22	21	unresolved			1	0	0	1
D0_005313	chr10	88778437	88782103	+	22	21	preexisting_v49_gene_span			1	1	0	2
D0_005314	chr10	100563211	100564876	+	22	20	unresolved			1	0	0	1
D0_005315	chr10	123210519	123212952	+	22	20	unresolved			1	1	0	2
D0_005316	chr10	123211771	123212112	-	22	20	unresolved			1	0	0	1
D0_005317	chr10	130111622	130115847	+	22	19	other_v49_added_gene		ENSG00000300585	1	1	0	2
D0_005318	chr11	630659	635526	+	22	20	unresolved			1	1	0	2
D0_005319	chr11	1272454	1273635	+	22	21	unresolved			1	0	0	1
D0_005320	chr11	9449684	9451447	+	22	21	unresolved			1	1	0	2
D0_005321	chr11	27888149	27888715	-	22	22	unresolved			1	0	0	1
D0_005322	chr11	47457211	47459286	-	22	20	unresolved			1	0	0	1
D0_005323	chr11	61166551	61168250	+	22	14	unresolved			1	0	0	1
D0_005324	chr11	65980289	65982747	+	22	19	unresolved			1	1	0	2
D0_005325	chr11	65989549	65992294	-	22	19	unresolved			1	1	0	2
D0_005326	chr11	67118411	67119247	+	22	19	unresolved			1	0	0	1
D0_005327	chr11	72677670	72678633	-	22	20	unresolved			1	0	0	1
D0_005328	chr11	74987511	74988268	-	22	16	unresolved			1	1	0	2
D0_005329	chr11	80491969	80492083	+	22	22	unresolved			1	0	0	1
D0_005330	chr11	83110309	83117278	-	22	19	other_v49_added_gene		ENSG00000298055	1	1	1	3
D0_005331	chr11	86290486	86293863	+	22	22	unresolved			1	1	0	2
D0_005332	chr11	88284304	88285585	-	22	21	preexisting_v49_gene_span			1	1	0	2
D0_005333	chr11	91481917	91482058	-	22	15	unresolved			1	0	0	1
D0_005334	chr11	95065049	95067143	-	22	21	unresolved			1	1	0	2
D0_005335	chr12	4163223	4164892	-	22	17	unresolved			1	0	0	1
D0_005336	chr12	6690120	6691495	+	22	19	other_v49_added_gene		ENSG00000289303	1	1	0	2
D0_005337	chr12	10153812	10155754	+	22	18	unresolved			1	0	0	1
D0_005338	chr12	32649675	32659934	+	22	20	unresolved			1	1	0	2
D0_005339	chr12	45728098	45729669	+	22	22	preexisting_v49_gene_span			1	0	0	1
D0_005340	chr12	52987276	53003856	+	22	21	unresolved			1	1	0	2
D0_005341	chr12	53142858	53143320	+	22	22	other_v49_added_gene		ENSG00000307367	1	1	0	2
D0_005342	chr12	55873663	55890873	+	22	21	unresolved			1	0	0	1
D0_005343	chr12	58815659	58815904	+	22	21	unresolved			1	0	0	1
D0_005344	chr12	89353274	89353725	-	22	20	other_v49_added_gene		ENSG00000308072	1	1	0	2
D0_005345	chr12	89548275	89549572	+	22	21	preexisting_v49_gene_span			1	0	0	1
D0_005346	chr12	92947572	92950589	+	22	21	preexisting_v49_gene_span			1	1	0	2
D0_005347	chr12	92954158	92957073	+	22	18	preexisting_v49_gene_span			1	0	0	1
D0_005348	chr12	94816460	94817034	+	22	18	unresolved			1	0	0	1
D0_005349	chr12	108602013	108603096	-	22	18	unresolved			1	0	0	1
D0_005350	chr12	111600478	111603760	+	22	17	preexisting_v49_gene_span			1	1	0	2
D0_005351	chr12	131240623	131240801	+	22	22	unresolved			1	0	0	1
D0_005352	chr13	49793672	49806547	+	22	13	unresolved			1	1	0	2
D0_005353	chr13	73016718	73021182	+	22	17	preexisting_v49_gene_span			1	1	0	2
D0_005354	chr13	110723716	110730094	+	22	17	unresolved			1	1	0	2
D0_005355	chr14	33865426	33870165	+	22	22	unresolved			1	0	0	1
D0_005356	chr14	73839924	73840931	-	22	22	preexisting_v49_gene_span			1	1	0	2
D0_005357	chr14	77655865	77672192	-	22	20	unresolved			1	1	0	2
D0_005358	chr14	77655944	77672242	+	22	21	other_v49_added_gene		ENSG00000306447,ENSG00000304578	1	1	0	2
D0_005359	chr14	97708182	97712415	+	22	14	other_v49_added_gene		ENSG00000301019	1	0	0	1
D0_005360	chr14	105031974	105041299	+	22	22	preexisting_v49_gene_span			1	1	0	2
D0_005361	chr14	105831796	105833353	-	22	18	unresolved			1	1	0	2
D0_005362	chr15	40973374	40975646	-	22	20	unresolved			1	1	0	2
D0_005363	chr15	72603045	72603420	+	22	19	unresolved			1	0	0	1
D0_005364	chr15	72743198	72745133	-	22	20	unresolved			1	0	0	1
D0_005365	chr15	75128280	75132478	-	22	17	other_v49_added_gene		ENSG00000288901	1	0	0	1
D0_005366	chr15	79556540	79556961	-	22	22	unresolved			1	1	0	2
D0_005367	chr15	84716532	84717463	+	22	22	other_v49_added_gene		ENSG00000305244	1	1	0	2
D0_005368	chr15	88634759	88636136	+	22	19	preexisting_v49_gene_span			1	1	0	2
D0_005369	chr16	188509	188890	-	22	21	unresolved			1	0	0	1
D0_005370	chr16	2154268	2154584	+	22	21	unresolved			1	0	0	1
D0_005371	chr16	3333211	3350346	-	22	17	unresolved			1	1	0	2
D0_005372	chr16	4273077	4274569	+	22	20	unresolved			1	0	0	1
D0_005373	chr16	21345193	21345778	+	22	19	unresolved			1	0	0	1
D0_005374	chr16	28741576	28744520	+	22	20	unresolved			1	0	0	1
D0_005375	chr16	30189147	30192895	-	22	20	unresolved			1	0	0	1
D0_005376	chr16	57597787	57598152	+	22	20	unresolved			1	1	0	2
D0_005377	chr16	60832757	60832855	+	22	22	unresolved			1	0	0	1
D0_005378	chr16	63771566	63771639	+	22	21	unresolved			1	0	0	1
D0_005379	chr16	69096771	69100135	-	22	21	unresolved			1	0	0	1
D0_005380	chr16	71809500	71811505	+	22	19	preexisting_v49_gene_span			1	0	0	1
D0_005381	chr16	81383944	81384276	+	22	21	preexisting_v49_gene_span			1	0	0	1
D0_005382	chr16	81971556	81976651	+	22	17	unresolved			1	0	0	1
D0_005383	chr16	85011712	85012851	+	22	21	unresolved			1	0	0	1
D0_005384	chr17	12162440	12162548	-	22	22	unresolved			0	0	0	0
D0_005385	chr17	30527967	30528316	+	22	19	unresolved			1	1	0	2
D0_005386	chr17	39168238	39171967	-	22	14	unresolved			1	0	0	1
D0_005387	chr17	39583236	39585933	+	22	20	unresolved			1	0	0	1
D0_005388	chr17	41702396	41705224	+	22	19	unresolved			1	1	0	2
D0_005389	chr17	56928024	56928248	+	22	22	unresolved			0	0	0	0
D0_005390	chr17	76782203	76784175	-	22	20	unresolved			1	0	0	1
D0_005391	chr17	82319650	82320801	+	22	19	unresolved			1	0	0	1
D0_005392	chr17	83052143	83053237	+	22	19	unresolved			1	1	0	2
D0_005393	chr18	9913090	9913946	-	22	17	other_v49_added_gene		ENSG00000296998	1	1	0	2
D0_005394	chr18	59073409	59073557	+	22	21	unresolved			0	0	0	0
D0_005395	chr19	8271625	8301303	+	22	20	unresolved			1	1	0	2
D0_005396	chr19	10121149	10125094	-	22	21	unresolved			1	1	0	2
D0_005397	chr19	13155115	13157825	-	22	22	unresolved			1	1	0	2
D0_005398	chr19	16194563	16196938	+	22	17	unresolved			1	1	0	2
D0_005399	chr19	18014526	18017975	+	22	20	unresolved			1	1	0	2
D0_005400	chr19	18053921	18057601	-	22	19	unresolved			1	1	0	2
D0_005401	chr19	18522672	18524638	+	22	19	preexisting_v49_gene_span			1	0	0	1
D0_005402	chr19	19702053	19704692	-	22	21	unresolved			1	1	0	2
D0_005403	chr19	39286012	39293114	-	22	21	unresolved			1	1	0	2
D0_005404	chr19	39301697	39304753	-	22	21	unresolved			1	0	0	1
D0_005405	chr19	40312362	40315657	-	22	20	unresolved			1	1	0	2
D0_005406	chr19	41616102	41617749	-	22	19	unresolved			1	0	0	1
D0_005407	chr19	41873887	41876218	+	22	20	unresolved			1	1	0	2
D0_005408	chr19	43642771	43646074	-	22	17	unresolved			1	1	0	2
D0_005409	chr19	46613029	46616691	-	22	19	unresolved			1	0	0	1
D0_005410	chr19	51091270	51097331	-	22	19	unresolved			1	1	0	2
D0_005411	chr19	53831040	53840033	+	22	22	other_v49_added_gene		ENSG00000305907	1	1	0	2
D0_005412	chr20	17212850	17212948	-	22	21	unresolved			1	0	0	1
D0_005413	chr20	32335068	32338713	+	22	19	unresolved			1	1	0	2
D0_005414	chr21	28685300	28686847	-	22	17	preexisting_v49_gene_span			1	0	0	1
D0_005415	chr21	32553384	32554463	+	22	21	unresolved			1	0	0	1
D0_005416	chr22	17731126	17732196	-	22	21	unresolved			1	1	0	2
D0_005417	chr22	19855230	19857351	+	22	22	other_v49_added_gene		ENSG00000289960	1	1	0	2
D0_005418	chr22	27849354	27849747	-	22	21	unresolved			1	0	0	1
D0_005419	chr22	37783039	37784683	+	22	21	unresolved			1	1	0	2
D0_005420	chr22	41291374	41293609	+	22	22	unresolved			1	0	0	1
D0_005421	chr22	41915697	41917285	-	22	19	unresolved			1	1	0	2
D0_005422	chr22	42778100	42783144	-	22	17	unresolved			1	0	0	1
D0_005423	chrX	44079722	44080846	-	22	22	unresolved			1	0	0	1
D0_005424	chrX	44499997	44506064	-	22	22	unresolved			1	1	0	2
D0_005425	chrX	56567908	56571157	+	22	19	unresolved			1	1	0	2
D0_005426	chrX	57210030	57212457	+	22	20	preexisting_v49_gene_span			1	0	0	1
D0_005427	chrX	65037265	65040423	+	22	18	preexisting_v49_gene_span			1	1	0	2
D0_005428	chrX	71307747	71314303	+	22	18	unresolved			1	1	0	2
D0_005429	chrX	74614885	74616001	+	22	20	unresolved			1	0	0	1
D0_005430	chrX	126674559	126674911	+	22	21	unresolved			1	0	0	1
D0_005431	chrX	136660490	136664047	-	22	19	unresolved			1	1	0	2
D0_005432	chrX	137441034	137441125	-	22	19	preexisting_v49_gene_span			1	1	0	2
D0_005433	chrY	405613	406826	-	22	20	unresolved			1	0	0	1
D0_005434	chrY	1382802	1384595	+	22	21	unresolved			1	0	0	1
D0_005435	chrY	2177170	2179376	-	22	17	unresolved			1	0	0	1
D0_005436	chrY	2601661	2606233	+	22	22	other_v49_added_gene		ENSG00000310557	1	0	0	1
D0_005437	chrY	11753970	11755246	-	22	22	unresolved			1	0	0	1
D0_005438	chrY	21271901	21274378	-	22	16	unresolved			1	0	0	1
D0_005439	KI270726.1	16604	30300	+	22	22	unresolved			1	0	0	1
D0_005440	chr1	16674428	16675440	+	21	21	unresolved			1	0	0	1
D0_005441	chr1	19293001	19294322	-	21	20	unresolved			1	1	0	2
D0_005442	chr1	25792388	25793521	-	21	17	unresolved			1	0	0	1
D0_005443	chr1	27651634	27655308	-	21	16	unresolved			1	1	0	2
D0_005444	chr1	31945308	31958524	-	21	19	other_v49_added_gene		ENSG00000300504	1	1	0	2
D0_005445	chr1	35117828	35120214	+	21	19	preexisting_v49_gene_span			1	1	0	2
D0_005446	chr1	40098254	40111111	+	21	20	unresolved			1	0	0	1
D0_005447	chr1	40687855	40690309	-	21	18	preexisting_v49_gene_span			1	1	0	2
D0_005448	chr1	54439264	54483504	+	21	21	unresolved			1	0	0	1
D0_005449	chr1	70255060	70258487	-	21	20	unresolved			1	1	0	2
D0_005450	chr1	83358523	83361283	-	21	18	preexisting_v49_gene_span			1	0	0	1
D0_005451	chr1	114511766	114512769	-	21	19	unresolved			1	0	0	1
D0_005452	chr1	144545994	144548249	+	21	21	unresolved			1	0	0	1
D0_005453	chr1	146238244	146239973	-	21	20	unresolved			1	0	0	1
D0_005454	chr1	149562736	149563274	-	21	20	unresolved			1	0	0	1
D0_005455	chr1	150539130	150542335	+	21	17	unresolved			1	0	0	1
D0_005456	chr1	156178470	156179139	+	21	19	preexisting_v49_gene_span			1	0	0	1
D0_005457	chr1	173499322	173500274	+	21	18	other_v49_added_gene		ENSG00000301478	1	1	0	2
D0_005458	chr1	193002409	193004332	-	21	21	unresolved			1	1	0	2
D0_005459	chr1	194204481	194207331	-	21	17	other_v49_added_gene		ENSG00000303114	1	0	0	1
D0_005460	chr1	199942308	199989469	+	21	17	other_v49_added_gene		ENSG00000290125	1	1	0	2
D0_005461	chr1	203915501	203924503	-	21	20	unresolved			1	0	0	1
D0_005462	chr1	205711965	205712545	+	21	19	unresolved			1	0	0	1
D0_005463	chr1	212361955	212363666	+	21	19	unresolved			1	1	0	2
D0_005464	chr1	223105467	223106494	-	21	19	unresolved			1	0	0	1
D0_005465	chr1	224193981	224195290	+	21	20	unresolved			1	0	0	1
D0_005466	chr1	225428932	225430303	+	21	16	unresolved			1	0	0	1
D0_005467	chr1	226033627	226034791	-	21	16	unresolved			1	0	0	1
D0_005468	chr1	226137297	226140412	+	21	19	preexisting_v49_gene_span			1	0	0	1
D0_005469	chr1	231328740	231329961	-	21	20	unresolved			1	1	0	2
D0_005470	chr1	231332027	231332346	+	21	16	unresolved			1	0	0	1
D0_005471	chr1	247993533	247994758	+	21	21	unresolved			1	0	0	1
D0_005472	chr2	15849091	15849189	-	21	20	unresolved			1	0	0	1
D0_005473	chr2	43596196	43598723	+	21	20	other_v49_added_gene		ENSG00000308631	1	1	0	2
D0_005474	chr2	57851174	57855574	-	21	15	other_v49_added_gene		ENSG00000293611	1	0	0	1
D0_005475	chr2	64257256	64257610	+	21	20	other_v49_added_gene		ENSG00000288932	1	1	0	2
D0_005476	chr2	65184814	65190205	-	21	17	other_v49_added_gene		ENSG00000293332	1	1	0	2
D0_005477	chr2	85681441	85684025	+	21	14	other_v49_added_gene		ENSG00000310481	1	1	1	3
D0_005478	chr2	99534182	99534599	+	21	20	unresolved			1	0	0	1
D0_005479	chr2	106080151	106083095	-	21	16	unresolved			1	0	0	1
D0_005480	chr2	112274079	112275566	-	21	14	other_v49_added_gene		ENSG00000304977	1	1	0	2
D0_005481	chr2	120228477	120232181	-	21	20	other_v49_added_gene		ENSG00000296271	1	1	0	2
D0_005482	chr2	138413634	138414733	-	21	18	preexisting_v49_gene_span			1	0	0	1
D0_005483	chr2	138579090	138579558	-	21	19	preexisting_v49_gene_span			1	1	0	2
D0_005484	chr2	185914955	185920798	-	21	16	unresolved			1	1	0	2
D0_005485	chr2	190871897	190872703	-	21	18	preexisting_v49_gene_span			1	1	0	2
D0_005486	chr2	197483541	197486444	-	21	17	unresolved			1	1	0	2
D0_005487	chr2	201484515	201484685	+	21	21	unresolved			1	0	0	1
D0_005488	chr2	202569761	202573222	+	21	11	unresolved			1	0	0	1
D0_005489	chr2	203704895	203706410	-	21	13	unresolved			1	0	0	1
D0_005490	chr2	217760097	217764676	-	21	19	preexisting_v49_gene_span			1	0	0	1
D0_005491	chr2	219287040	219288843	+	21	18	unresolved			1	1	0	2
D0_005492	chr2	232344378	232344727	+	21	20	unresolved			1	1	0	2
D0_005493	chr3	5761707	5821517	+	21	21	preexisting_v49_gene_span			1	1	0	2
D0_005494	chr3	20038465	20040033	-	21	18	unresolved			1	1	0	2
D0_005495	chr3	26389572	26389691	-	21	21	unresolved			1	0	0	1
D0_005496	chr3	36974496	36976264	-	21	16	unresolved			1	0	0	1
D0_005497	chr3	36978082	36980431	+	21	20	unresolved			1	0	0	1
D0_005498	chr3	46097220	46100804	-	21	18	other_v49_added_gene		ENSG00000304968	1	1	0	2
D0_005499	chr3	52899940	52900260	+	21	20	other_v49_added_gene		ENSG00000310446	1	0	0	1
D0_005500	chr3	53192829	53193203	+	21	18	unresolved			1	0	0	1
D0_005501	chr3	112418447	112419240	-	21	17	preexisting_v49_gene_span			1	1	0	2
D0_005502	chr3	113515253	113515968	+	21	18	unresolved			1	0	0	1
D0_005503	chr3	119560965	119563358	-	21	17	preexisting_v49_gene_span			1	1	0	2
D0_005504	chr3	128588742	128592088	-	21	18	other_v49_added_gene		ENSG00000306450	1	0	0	1
D0_005505	chr3	128608852	128609997	-	21	21	other_v49_added_gene		ENSG00000306450	1	0	0	1
D0_005506	chr3	174300958	174301173	+	21	21	unresolved			1	0	0	1
D0_005507	chr3	195954746	195955088	+	21	19	unresolved			1	0	0	1
D0_005508	chr4	4025293	4040092	-	21	20	other_v49_added_gene		ENSG00000290888	1	1	0	2
D0_005509	chr4	7057981	7058737	-	21	20	preexisting_v49_gene_span			1	1	0	2
D0_005510	chr4	8360202	8361455	+	21	19	unresolved			1	0	0	1
D0_005511	chr4	26759137	26763086	+	21	19	unresolved			1	1	0	2
D0_005512	chr4	26792695	26794776	+	21	16	unresolved			1	0	0	1
D0_005513	chr4	40177268	40181078	+	21	17	unresolved			1	0	0	1
D0_005514	chr4	77708256	77709552	-	21	17	unresolved			1	0	0	1
D0_005515	chr4	77852625	77854709	+	21	18	unresolved			1	0	0	1
D0_005516	chr4	79892843	79897123	-	21	17	unresolved			1	1	0	2
D0_005517	chr4	82342153	82344542	-	21	20	unresolved			1	1	0	2
D0_005518	chr4	82461193	82464857	+	21	17	unresolved			1	1	0	2
D0_005519	chr4	105142602	105145873	-	21	20	preexisting_v49_gene_span			1	1	0	2
D0_005520	chr4	139490223	139495633	-	21	17	preexisting_v49_gene_span			1	1	0	2
D0_005521	chr4	143224826	143226747	+	21	19	preexisting_v49_gene_span			1	1	0	2
D0_005522	chr4	152316077	152316419	+	21	19	unresolved			1	0	0	1
D0_005523	chr4	185150533	185159628	-	21	20	other_v49_added_gene		ENSG00000297599	1	1	0	2
D0_005524	chr5	32348970	32350943	+	21	18	unresolved			1	0	0	1
D0_005525	chr5	39074465	39076554	+	21	15	other_v49_added_gene		ENSG00000289196	1	1	0	2
D0_005526	chr5	43012117	43013054	-	21	19	preexisting_v49_gene_span			1	1	0	2
D0_005527	chr5	65923914	65926174	-	21	19	preexisting_v49_gene_span			1	1	0	2
D0_005528	chr5	65925775	65926474	+	21	20	preexisting_v49_gene_span			1	0	0	1
D0_005529	chr5	70808747	70810689	+	21	20	other_v49_added_gene		ENSG00000297805	1	0	0	1
D0_005530	chr5	71147197	71150027	-	21	19	other_v49_added_gene		ENSG00000296329	1	0	0	1
D0_005531	chr5	76983869	76984136	-	21	21	unresolved			1	0	0	1
D0_005532	chr5	91360355	91362049	-	21	16	unresolved			1	1	0	2
D0_005533	chr5	115577081	115578629	-	21	19	preexisting_v49_gene_span			1	1	0	2
D0_005534	chr5	116434990	116435357	-	21	19	unresolved			1	0	0	1
D0_005535	chr5	126858866	126864715	+	21	18	unresolved			1	0	0	1
D0_005536	chr5	131208729	131212670	-	21	17	other_v49_added_gene		ENSG00000303023	1	1	0	2
D0_005537	chr5	138497464	138501160	+	21	20	other_v49_added_gene		ENSG00000308689	1	0	0	1
D0_005538	chr5	140633884	140634326	+	21	16	unresolved			1	0	0	1
D0_005539	chr5	141921731	141923650	-	21	16	other_v49_added_gene		ENSG00000306969	1	1	0	2
D0_005540	chr5	174700577	174705051	-	21	20	unresolved			1	0	0	1
D0_005541	chr6	3989851	3990466	+	21	20	unresolved			1	0	0	1
D0_005542	chr6	5889343	5892291	-	21	19	unresolved			1	1	0	2
D0_005543	chr6	6791833	6794788	-	21	21	other_v49_added_gene		ENSG00000301189	1	1	0	2
D0_005544	chr6	11404299	11404826	+	21	13	unresolved			1	0	0	1
D0_005545	chr6	15125304	15179765	+	21	19	unresolved			1	1	0	2
D0_005546	chr6	26044457	26046953	+	21	18	other_v49_added_gene		ENSG00000299128	1	1	0	2
D0_005547	chr6	26148391	26149356	-	21	21	unresolved			1	0	0	1
D0_005548	chr6	26206079	26207271	+	21	20	other_v49_added_gene		ENSG00000291336,ENSG00000291338	1	0	0	1
D0_005549	chr6	27713392	27716027	+	21	17	preexisting_v49_gene_span			1	1	0	2
D0_005550	chr6	30691792	30693702	+	21	19	unresolved			1	1	0	2
D0_005551	chr6	32142660	32143636	+	21	21	unresolved			1	0	0	1
D0_005552	chr6	38654792	38656216	+	21	20	other_v49_added_gene		ENSG00000298390	1	0	0	1
D0_005553	chr6	41257275	41257646	-	21	21	other_v49_added_gene		ENSG00000290563	1	0	0	1
D0_005554	chr6	47641473	47643308	+	21	17	unresolved			1	0	0	1
D0_005555	chr6	57784547	57787049	-	21	21	unresolved			1	0	0	1
D0_005556	chr6	73460675	73461428	-	21	20	preexisting_v49_gene_span			1	0	0	1
D0_005557	chr6	88074276	88139043	+	21	21	other_v49_added_gene		ENSG00000298549	1	1	0	2
D0_005558	chr6	118789610	118795480	-	21	19	other_v49_added_gene		ENSG00000299987	1	1	1	3
D0_005559	chr6	128668680	128668922	+	21	21	other_v49_added_gene		ENSG00000302848	1	0	0	1
D0_005560	chr6	163411601	163412871	+	21	21	other_v49_added_gene		ENSG00000306306	1	1	0	2
D0_005561	chr6	170534633	170534940	+	21	20	unresolved			1	1	0	2
D0_005562	chr7	1150682	1151711	+	21	19	unresolved			1	0	0	1
D0_005563	chr7	17787841	17790518	-	21	19	unresolved			1	0	0	1
D0_005564	chr7	38236400	38236955	-	21	18	unresolved			1	0	0	1
D0_005565	chr7	41231472	41642806	-	21	21	other_v49_added_gene		ENSG00000302900,ENSG00000305895,ENSG00000309316	1	1	0	2
D0_005566	chr7	42902696	42905515	-	21	19	unresolved			1	0	0	1
D0_005567	chr7	43579891	43582672	-	21	15	unresolved			1	0	0	1
D0_005568	chr7	44913739	44915101	-	21	21	unresolved			1	0	0	1
D0_005569	chr7	72555642	72557926	-	21	17	unresolved			1	0	0	1
D0_005570	chr7	73113857	73120855	-	21	21	preexisting_v49_gene_span			1	0	0	1
D0_005571	chr7	75082318	75083863	+	21	20	unresolved			1	0	0	1
D0_005572	chr7	75889746	75896319	+	21	20	unresolved			1	1	0	2
D0_005573	chr7	82463065	82550308	+	21	21	other_v49_added_gene		ENSG00000300590	1	1	0	2
D0_005574	chr7	89418146	89418217	-	21	21	unresolved			1	0	0	1
D0_005575	chr7	112570648	112570711	-	21	8	unresolved			1	0	0	1
D0_005576	chr7	118703757	118704102	-	21	21	unresolved			1	0	0	1
D0_005577	chr7	123557985	123560260	+	21	16	unresolved			1	0	0	1
D0_005578	chr7	130163039	130163928	+	21	20	unresolved			1	1	0	2
D0_005579	chr7	135989363	135994269	+	21	18	preexisting_v49_gene_span			1	0	0	1
D0_005580	chr7	156908218	156908358	-	21	20	unresolved			1	0	0	1
D0_005581	chr7	158717224	158719615	-	21	21	unresolved			1	0	0	1
D0_005582	chr7	159201079	159201303	-	21	21	unresolved			1	0	0	1
D0_005583	chr8	8227254	8228379	-	21	19	preexisting_v49_gene_span			1	0	0	1
D0_005584	chr8	29064784	29065447	+	21	21	unresolved			1	1	0	2
D0_005585	chr8	30053133	30055298	-	21	18	unresolved			1	0	0	1
D0_005586	chr8	51809835	51811414	-	21	19	preexisting_v49_gene_span			1	1	0	2
D0_005587	chr8	58659903	58661853	+	21	17	unresolved			1	1	0	2
D0_005588	chr8	113911177	113911292	-	21	21	unresolved			1	0	0	1
D0_005589	chr8	124289412	124291875	+	21	19	unresolved			1	0	0	1
D0_005590	chr8	142641681	142645597	-	21	20	unresolved			1	1	0	2
D0_005591	chr8	144902197	144904353	+	21	17	unresolved			1	0	0	1
D0_005592	chr9	14591182	14592672	-	21	21	preexisting_v49_gene_span			1	0	0	1
D0_005593	chr9	30951308	30957575	+	21	21	unresolved			1	0	0	1
D0_005594	chr9	33094937	33098390	-	21	18	unresolved			1	0	0	1
D0_005595	chr9	35037188	35038333	-	21	19	unresolved			1	1	0	2
D0_005596	chr9	41253662	41254223	-	21	20	other_v49_added_gene		ENSG00000308900	1	1	0	2
D0_005597	chr9	63682965	63685328	-	21	20	unresolved			1	0	0	1
D0_005598	chr9	120597847	120600195	-	21	18	unresolved			1	1	0	2
D0_005599	chr9	129885780	129887170	-	21	14	other_v49_added_gene		ENSG00000288956	1	1	0	2
D0_005600	chr9	131241734	131244043	+	21	20	unresolved			1	0	0	1
D0_005601	chr9	134160619	134165320	-	21	19	other_v49_added_gene		ENSG00000295288	1	1	0	2
D0_005602	chr9	135922647	135925064	-	21	18	unresolved			1	1	0	2
D0_005603	chr10	6616935	6617921	-	21	20	unresolved			1	0	0	1
D0_005604	chr10	11341927	11343201	+	21	18	unresolved			1	0	0	1
D0_005605	chr10	27187101	27190219	+	21	19	preexisting_v49_gene_span			1	1	0	2
D0_005606	chr10	30306933	30309242	-	21	17	unresolved			1	0	0	1
D0_005607	chr10	44738524	44738644	+	21	20	unresolved			1	0	0	1
D0_005608	chr10	86538079	86620819	-	21	21	other_v49_added_gene		ENSG00000304778	1	1	0	2
D0_005609	chr10	97317554	97318956	+	21	17	unresolved			1	0	0	1
D0_005610	chr10	100369985	100372480	-	21	15	other_v49_added_gene		ENSG00000289301	1	1	0	2
D0_005611	chr10	102069998	102073034	-	21	19	unresolved			1	0	0	1
D0_005612	chr10	109812362	109812723	-	21	21	unresolved			1	0	0	1
D0_005613	chr10	117238782	117239148	-	21	18	preexisting_v49_gene_span			1	1	0	2
D0_005614	chr11	1844790	1845826	+	21	20	other_v49_added_gene		ENSG00000299209	1	0	0	1
D0_005615	chr11	3841049	3842828	-	21	18	unresolved			1	0	0	1
D0_005616	chr11	35238795	35240928	+	21	20	preexisting_v49_gene_span			1	0	0	1
D0_005617	chr11	47767549	47769343	+	21	20	other_v49_added_gene		ENSG00000303744,ENSG00000303755	1	0	0	1
D0_005618	chr11	47918800	47965247	+	21	21	unresolved			1	1	0	2
D0_005619	chr11	59285190	59285855	-	21	21	unresolved			1	1	0	2
D0_005620	chr11	62889229	62891900	+	21	20	unresolved			1	0	0	1
D0_005621	chr11	64845268	64847315	-	21	19	unresolved			1	1	0	2
D0_005622	chr11	65013459	65014062	-	21	16	unresolved			1	0	0	1
D0_005623	chr11	65597052	65597723	-	21	20	unresolved			1	1	0	2
D0_005624	chr11	73666923	73670992	-	21	20	unresolved			1	0	0	1
D0_005625	chr11	107279530	107286118	-	21	19	unresolved			1	0	0	1
D0_005626	chr11	119136151	119139552	+	21	16	unresolved			1	0	0	1
D0_005627	chr12	266508	269296	-	21	17	unresolved			1	0	0	1
D0_005628	chr12	11210156	11211826	+	21	20	unresolved			1	1	0	2
D0_005629	chr12	12709451	12714310	-	21	20	unresolved			1	1	1	3
D0_005630	chr12	25375276	25376310	-	21	17	unresolved			1	1	0	2
D0_005631	chr12	31260971	31263558	+	21	16	unresolved			1	0	0	1
D0_005632	chr12	32026121	32027244	-	21	18	unresolved			1	0	0	1
D0_005633	chr12	55096339	55096528	-	21	21	unresolved			1	1	0	2
D0_005634	chr12	57847220	57848719	+	21	11	other_v49_added_gene		ENSG00000294563	1	1	0	2
D0_005635	chr12	74536484	74537833	-	21	20	unresolved			1	1	0	2
D0_005636	chr12	76858231	76858665	-	21	19	unresolved			1	0	0	1
D0_005637	chr12	86880048	86880247	-	21	21	unresolved			1	0	0	1
D0_005638	chr12	110583368	110584399	+	21	19	unresolved			1	1	0	2
D0_005639	chr12	111637243	111642111	-	21	19	unresolved			1	1	0	2
D0_005640	chr12	124900712	124905290	+	21	17	preexisting_v49_gene_span			1	1	0	2
D0_005641	chr13	22992144	23122334	-	21	21	other_v49_added_gene		ENSG00000301895,ENSG00000296879,ENSG00000289861	1	1	0	2
D0_005642	chr13	30453926	30454365	+	21	18	preexisting_v49_gene_span			1	0	0	1
D0_005643	chr13	37619644	37619762	+	21	19	other_v49_added_gene		ENSG00000297050	1	0	0	1
D0_005644	chr13	49953549	49956382	-	21	17	unresolved			1	1	0	2
D0_005645	chr13	68037548	68037709	+	21	20	unresolved			0	0	0	0
D0_005646	chr14	39388942	39389945	+	21	18	unresolved			1	0	0	1
D0_005647	chr14	54903043	54906013	+	21	20	unresolved			1	1	0	2
D0_005648	chr14	73223965	73227859	+	21	20	unresolved			1	1	0	2
D0_005649	chr14	99016666	99020123	-	21	18	primary_match	ENSG00000294598	ENSG00000294598	1	0	0	1
D0_005650	chr14	99060241	99062505	-	21	18	other_v49_added_gene		ENSG00000294598	1	1	0	2
D0_005651	chr14	103539877	103540567	-	21	21	unresolved			1	1	0	2
D0_005652	chr15	34135787	34138828	-	21	20	unresolved			1	1	0	2
D0_005653	chr15	35069592	35074186	-	21	8	unresolved			1	1	0	2
D0_005654	chr15	80990068	80990654	+	21	21	other_v49_added_gene		ENSG00000299225	1	1	0	2
D0_005655	chr15	84747167	84748413	-	21	21	preexisting_v49_gene_span			1	0	0	1
D0_005656	chr15	89202946	89203300	+	21	21	unresolved			1	0	0	1
D0_005657	chr16	394658	396467	+	21	21	unresolved			1	1	0	2
D0_005658	chr16	2720562	2721179	-	21	16	preexisting_v49_gene_span			1	1	0	2
D0_005659	chr16	3718061	3719789	+	21	18	unresolved			1	1	0	2
D0_005660	chr16	4456800	4461490	-	21	21	unresolved			1	1	0	2
D0_005661	chr16	4605761	4606590	-	21	21	unresolved			1	1	0	2
D0_005662	chr16	11183819	11185383	-	21	20	unresolved			1	0	0	1
D0_005663	chr16	21821016	21821960	+	21	19	other_v49_added_gene		ENSG00000302351	1	0	0	1
D0_005664	chr16	25187083	25203051	+	21	17	other_v49_added_gene		ENSG00000297552	1	0	0	1
D0_005665	chr16	29470183	29473486	+	21	20	other_v49_added_gene		ENSG00000309168	1	0	0	1
D0_005666	chr16	29474631	29476518	+	21	20	other_v49_added_gene		ENSG00000309168	1	1	0	2
D0_005667	chr16	30343341	30347135	+	21	19	other_v49_added_gene		ENSG00000299933	1	1	0	2
D0_005668	chr16	67010122	67010888	-	21	20	unresolved			1	0	0	1
D0_005669	chr16	68240927	68244173	+	21	18	unresolved			1	1	0	2
D0_005670	chr16	81383310	81384564	-	21	18	unresolved			1	0	0	1
D0_005671	chr16	88103801	88105543	+	21	20	preexisting_v49_gene_span			1	0	0	1
D0_005672	chr16	88117023	88118847	+	21	18	preexisting_v49_gene_span			1	0	0	1
D0_005673	chr16	88139150	88140826	+	21	16	preexisting_v49_gene_span			1	0	0	1
D0_005674	chr16	88160813	88162512	+	21	20	preexisting_v49_gene_span			1	0	0	1
D0_005675	chr17	5028551	5032596	+	21	16	other_v49_added_gene		ENSG00000305306	1	1	0	2
D0_005676	chr17	43305661	43307075	-	21	21	unresolved			1	0	0	1
D0_005677	chr17	44224417	44228348	-	21	20	unresolved			1	1	0	2
D0_005678	chr17	44839334	44839861	-	21	18	unresolved			1	0	0	1
D0_005679	chr17	57850462	57851221	+	21	19	other_v49_added_gene		ENSG00000309833	1	1	0	2
D0_005680	chr17	62616775	62624646	-	21	19	unresolved			1	0	0	1
D0_005681	chr17	68034489	68035654	-	21	21	unresolved			1	1	0	2
D0_005682	chr17	74486457	74490037	+	21	19	unresolved			1	0	0	1
D0_005683	chr17	76712042	76712827	-	21	20	unresolved			1	0	0	1
D0_005684	chr17	81679355	81680806	+	21	18	unresolved			1	1	0	2
D0_005685	chr18	11967624	11979869	-	21	20	unresolved			1	1	0	2
D0_005686	chr18	23051420	23133500	-	21	21	unresolved			1	1	0	2
D0_005687	chr18	57595382	57596482	+	21	19	unresolved			1	0	0	1
D0_005688	chr18	79385416	79387192	+	21	19	unresolved			1	1	0	2
D0_005689	chr19	1096932	1097727	-	21	20	unresolved			1	0	0	1
D0_005690	chr19	1981760	1983425	+	21	19	unresolved			1	0	0	1
D0_005691	chr19	3181291	3185019	-	21	19	other_v49_added_gene		ENSG00000299541	1	1	0	2
D0_005692	chr19	3932661	3932817	-	21	20	other_v49_added_gene		ENSG00000289254	1	0	0	1
D0_005693	chr19	3992622	4002193	+	21	21	unresolved			1	1	0	2
D0_005694	chr19	4808520	4811284	+	21	17	unresolved			1	0	0	1
D0_005695	chr19	4879030	4880940	+	21	19	unresolved			1	0	0	1
D0_005696	chr19	5342386	5450406	+	21	20	unresolved			1	1	0	2
D0_005697	chr19	7346812	7348930	+	21	17	unresolved			1	0	0	1
D0_005698	chr19	7956085	7957064	+	21	20	unresolved			1	0	0	1
D0_005699	chr19	8502903	8505404	+	21	19	unresolved			1	0	0	1
D0_005700	chr19	12190453	12194891	+	21	18	unresolved			1	1	0	2
D0_005701	chr19	13793058	13794962	-	21	16	unresolved			1	0	0	1
D0_005702	chr19	17742250	17747252	-	21	18	unresolved			1	1	0	2
D0_005703	chr19	19510486	19512379	-	21	20	unresolved			1	0	0	1
D0_005704	chr19	35771030	35774289	+	21	19	preexisting_v49_gene_span			1	1	0	2
D0_005705	chr19	51403937	51407281	+	21	20	preexisting_v49_gene_span			1	0	0	1
D0_005706	chr19	54350140	54351154	-	21	20	unresolved			1	1	0	2
D0_005707	chr20	5204433	5204788	-	21	20	unresolved			1	0	0	1
D0_005708	chr20	31579239	31581518	-	21	20	unresolved			1	0	0	1
D0_005709	chr20	44234408	44238343	-	21	18	unresolved			1	0	0	1
D0_005710	chr20	50065902	50080536	-	21	21	unresolved			1	1	0	2
D0_005711	chr21	19328224	19328460	+	21	20	unresolved			1	0	0	1
D0_005712	chr21	33978027	33978868	+	21	19	preexisting_v49_gene_span			1	1	0	2
D0_005713	chr21	37565543	37565870	-	21	14	unresolved			1	1	0	2
D0_005714	chr21	43197242	43200398	+	21	17	other_v49_added_gene		ENSG00000308454	1	1	0	2
D0_005715	chr21	43862735	43865151	-	21	17	unresolved			1	1	0	2
D0_005716	chr22	17081832	17083791	+	21	19	unresolved			1	1	0	2
D0_005717	chr22	21913440	21915437	+	21	19	unresolved			1	0	0	1
D0_005718	chr22	40730432	40758125	-	21	18	unresolved			1	1	0	2
D0_005719	chr22	43024080	43032524	-	21	20	unresolved			1	0	0	1
D0_005720	chr22	44498637	44499953	+	21	16	unresolved			1	1	0	2
D0_005721	chr22	50532608	50535813	-	21	21	unresolved			1	0	0	1
D0_005722	chrX	24053699	24054416	+	21	17	unresolved			1	1	0	2
D0_005723	chrX	30531848	30533060	-	21	20	unresolved			1	0	0	1
D0_005724	chrX	39093100	39093315	+	21	21	other_v49_added_gene		ENSG00000300315	1	0	0	1
D0_005725	chrX	44031575	44031826	+	21	20	unresolved			1	0	0	1
D0_005726	chrX	44565565	44624847	-	21	21	unresolved			1	1	0	2
D0_005727	chrX	47484839	47487763	+	21	20	unresolved			1	1	0	2
D0_005728	chrX	56626387	56629092	+	21	18	unresolved			1	1	0	2
D0_005729	chrX	73700092	73704594	+	21	17	unresolved			1	0	0	1
D0_005730	chrX	75325197	75325562	-	21	21	unresolved			1	0	0	1
D0_005731	chrX	79194177	79200481	-	21	21	unresolved			1	1	0	2
D0_005732	chrX	80591955	80592133	+	21	21	unresolved			1	0	0	1
D0_005733	chrX	118804665	118805226	+	21	20	unresolved			1	1	0	2
D0_005734	chrX	119021081	119023320	+	21	17	preexisting_v49_gene_span			1	1	0	2
D0_005735	chrX	154518730	154523803	-	21	20	preexisting_v49_gene_span			1	1	0	2
D0_005736	chrX	154777891	154778578	+	21	17	unresolved			1	1	0	2
D0_005737	chrY	2578818	2580988	-	21	16	other_v49_added_gene		ENSG00000292360	1	0	0	1
D0_005738	chrY	13209522	13214960	-	21	20	unresolved			1	0	0	1
D0_005739	chrY	16535700	16535773	-	21	21	unresolved			1	1	0	2
D0_005740	GL000008.2	158537	159339	+	21	21	unresolved			1	0	0	1
D0_005741	chr1	1782942	1785191	+	20	19	other_v49_added_gene		ENSG00000302550	1	1	0	2
D0_005742	chr1	12155783	12160289	+	20	18	unresolved			1	0	0	1
D0_005743	chr1	27400976	27402472	-	20	20	unresolved			1	1	0	2
D0_005744	chr1	27635483	27636666	+	20	17	unresolved			1	0	0	1
D0_005745	chr1	28142938	28145353	-	20	15	unresolved			1	1	0	2
D0_005746	chr1	35193940	35197906	-	20	19	unresolved			1	0	0	1
D0_005747	chr1	52617988	52620263	-	20	16	unresolved			1	0	0	1
D0_005748	chr1	70408956	70410869	-	20	18	other_v49_added_gene		ENSG00000304098	1	0	0	1
D0_005749	chr1	83433958	83437732	-	20	15	preexisting_v49_gene_span			1	0	0	1
D0_005750	chr1	88836973	88840403	+	20	20	unresolved			1	1	0	2
D0_005751	chr1	93370352	93372156	+	20	18	unresolved			1	0	0	1
D0_005752	chr1	120469462	120470326	+	20	17	preexisting_v49_gene_span			1	0	0	1
D0_005753	chr1	143778806	143778938	+	20	20	other_v49_added_gene		ENSG00000307187	1	0	0	1
D0_005754	chr1	144556749	144560465	-	20	17	unresolved			1	0	0	1
D0_005755	chr1	149384903	149388965	+	20	17	unresolved			1	0	0	1
D0_005756	chr1	149882731	149883280	+	20	18	unresolved			1	0	0	1
D0_005757	chr1	161136322	161139578	+	20	15	unresolved			1	1	0	2
D0_005758	chr1	173405999	173407520	+	20	19	unresolved			1	0	0	1
D0_005759	chr1	178549241	178551671	+	20	18	unresolved			1	1	0	2
D0_005760	chr1	179076617	179079703	+	20	18	unresolved			1	1	0	2
D0_005761	chr1	205702263	205704869	-	20	20	other_v49_added_gene		ENSG00000300008	1	1	0	2
D0_005762	chr1	225883093	225883687	+	20	18	unresolved			1	0	0	1
D0_005763	chr1	228100227	228100584	+	20	15	unresolved			1	0	0	1
D0_005764	chr1	228198309	228199562	-	20	17	unresolved			1	1	0	2
D0_005765	chr1	229306680	229307587	+	20	17	unresolved			1	1	0	2
D0_005766	chr1	230900460	230901810	-	20	18	unresolved			1	1	0	2
D0_005767	chr2	7084088	7084681	+	20	20	unresolved			1	0	0	1
D0_005768	chr2	16454521	16460155	-	20	2	other_v49_added_gene		ENSG00000289364	1	1	0	2
D0_005769	chr2	20449457	20450758	+	20	19	unresolved			1	1	0	2
D0_005770	chr2	26291151	26295016	+	20	19	unresolved			1	0	0	1
D0_005771	chr2	43159238	43159629	+	20	19	unresolved			1	0	0	1
D0_005772	chr2	57584251	57587606	-	20	18	preexisting_v49_gene_span			1	0	0	1
D0_005773	chr2	57623929	57626871	-	20	13	preexisting_v49_gene_span			1	0	0	1
D0_005774	chr2	57647330	57651043	-	20	16	preexisting_v49_gene_span			1	0	0	1
D0_005775	chr2	57877052	57878991	-	20	18	other_v49_added_gene		ENSG00000293611	1	0	0	1
D0_005776	chr2	57897028	57900485	-	20	19	other_v49_added_gene		ENSG00000293612	1	0	0	1
D0_005777	chr2	64829952	64832585	-	20	18	preexisting_v49_gene_span			1	0	0	1
D0_005778	chr2	87024861	87026422	-	20	17	unresolved			1	0	0	1
D0_005779	chr2	90254418	90255407	+	20	19	unresolved			1	0	0	1
D0_005780	chr2	142866221	142867725	+	20	16	unresolved			1	0	0	1
D0_005781	chr2	157395390	157397668	+	20	18	unresolved			1	0	0	1
D0_005782	chr2	159632552	159634160	-	20	15	unresolved			1	0	0	1
D0_005783	chr2	170983226	170984966	-	20	19	unresolved			1	1	0	2
D0_005784	chr2	171490944	171492425	+	20	17	preexisting_v49_gene_span			1	1	0	2
D0_005785	chr2	171781407	171782552	-	20	19	preexisting_v49_gene_span			1	1	0	2
D0_005786	chr2	178516488	178518041	+	20	17	unresolved			1	1	0	2
D0_005787	chr2	190830606	190842825	-	20	18	preexisting_v49_gene_span			1	1	0	2
D0_005788	chr2	195131755	195132933	-	20	20	unresolved			1	0	0	1
D0_005789	chr2	203987001	203987288	-	20	14	unresolved			1	0	0	1
D0_005790	chr2	215148234	215148325	+	20	18	unresolved			0	0	0	0
D0_005791	chr2	218263862	218264120	+	20	20	unresolved			1	1	0	2
D0_005792	chr2	230709435	230712573	-	20	17	other_v49_added_gene		ENSG00000297784	1	1	0	2
D0_005793	chr2	240471264	240471675	-	20	18	other_v49_added_gene		ENSG00000300245	1	0	0	1
D0_005794	chr2	242161212	242164319	+	20	19	primary_match	ENSG00000291147	ENSG00000291147	1	0	0	1
D0_005795	chr3	3667981	3669948	-	20	19	unresolved			1	0	0	1
D0_005796	chr3	25665061	25667955	+	20	19	unresolved			1	0	0	1
D0_005797	chr3	33441382	33442507	+	20	18	unresolved			1	1	0	2
D0_005798	chr3	40698247	40698485	-	20	19	unresolved			1	0	0	1
D0_005799	chr3	51863906	51864825	-	20	20	unresolved			1	0	0	1
D0_005800	chr3	52899250	52900314	-	20	19	other_v49_added_gene		ENSG00000289519	1	1	0	2
D0_005801	chr3	58297184	58299168	+	20	18	unresolved			1	1	0	2
D0_005802	chr3	101644531	101646530	-	20	15	unresolved			1	1	0	2
D0_005803	chr3	143085689	143085860	-	20	20	unresolved			1	0	0	1
D0_005804	chr3	149028802	149029139	-	20	20	unresolved			1	1	0	2
D0_005805	chr3	152174843	152194267	+	20	19	unresolved			1	1	0	2
D0_005806	chr3	177278326	177290967	+	20	19	unresolved			1	0	0	1
D0_005807	chr3	179341993	179343097	+	20	19	unresolved			1	1	0	2
D0_005808	chr3	179344601	179347627	-	20	18	unresolved			1	1	0	2
D0_005809	chr3	187544801	187544912	+	20	19	other_v49_added_gene		ENSG00000308202	1	0	0	1
D0_005810	chr4	15738322	15740339	+	20	17	preexisting_v49_gene_span			1	1	0	2
D0_005811	chr4	16359240	16360528	-	20	20	unresolved			1	0	0	1
D0_005812	chr4	69271752	69272164	+	20	13	other_v49_added_gene		ENSG00000296337	1	1	0	2
D0_005813	chr4	70624777	70625942	-	20	14	unresolved			1	0	0	1
D0_005814	chr4	81420857	81423364	-	20	16	unresolved			1	0	0	1
D0_005815	chr4	82349014	82349348	+	20	20	unresolved			1	0	0	1
D0_005816	chr4	102777523	102779050	-	20	14	unresolved			1	1	0	2
D0_005817	chr4	105292779	105296534	+	20	14	preexisting_v49_gene_span			1	0	0	1
D0_005818	chr4	111138156	111138294	+	20	20	other_v49_added_gene		ENSG00000288692	1	0	0	1
D0_005819	chr4	143333951	143336486	-	20	19	unresolved			1	0	0	1
D0_005820	chr4	160608416	160791549	-	20	20	unresolved			1	1	0	2
D0_005821	chr4	176341143	176341730	-	20	19	unresolved			1	0	0	1
D0_005822	chr5	10207764	10209436	-	20	19	unresolved			1	1	0	2
D0_005823	chr5	40406435	40407673	+	20	16	other_v49_added_gene		ENSG00000304179	1	0	0	1
D0_005824	chr5	60867092	60868107	-	20	19	preexisting_v49_gene_span			1	0	0	1
D0_005825	chr5	69785187	69785662	-	20	20	unresolved			1	0	0	1
D0_005826	chr5	70453127	70456202	+	20	19	primary_match	ENSG00000291220	ENSG00000291220	1	0	0	1
D0_005827	chr5	70644461	70644675	+	20	19	unresolved			1	0	0	1
D0_005828	chr5	70872535	70874780	+	20	20	other_v49_added_gene		ENSG00000297805	1	1	0	2
D0_005829	chr5	71576470	71578288	+	20	18	other_v49_added_gene		ENSG00000303946	1	1	0	2
D0_005830	chr5	71811120	72068719	-	20	19	other_v49_added_gene		ENSG00000308660,ENSG00000301852	1	1	0	2
D0_005831	chr5	90445674	90450871	-	20	15	unresolved			1	0	0	1
D0_005832	chr5	97705295	97709421	+	20	17	preexisting_v49_gene_span			1	0	0	1
D0_005833	chr5	116617827	116701304	+	20	18	unresolved			1	1	0	2
D0_005834	chr5	134085161	134086932	-	20	16	other_v49_added_gene		ENSG00000309104,ENSG00000309115	1	0	0	1
D0_005835	chr5	138935437	138937041	+	20	20	unresolved			1	0	0	1
D0_005836	chr5	148853373	148854116	+	20	17	other_v49_added_gene		ENSG00000303969,ENSG00000303982	1	0	0	1
D0_005837	chr5	159149580	159157342	-	20	15	unresolved			1	1	0	2
D0_005838	chr5	160119453	160122156	+	20	17	unresolved			1	1	0	2
D0_005839	chr5	160146347	160155886	+	20	20	unresolved			0	0	0	0
D0_005840	chr5	161816332	161830824	-	20	20	other_v49_added_gene		ENSG00000294143	1	0	0	1
D0_005841	chr5	174612275	174612405	-	20	18	other_v49_added_gene		ENSG00000301900	1	0	0	1
D0_005842	chr5	177313259	177314396	-	20	20	unresolved			1	1	0	2
D0_005843	chr6	4005324	4005562	+	20	20	unresolved			1	0	0	1
D0_005844	chr6	6775785	6779747	-	20	19	preexisting_v49_gene_span			1	0	0	1
D0_005845	chr6	7618767	7620002	+	20	15	other_v49_added_gene		ENSG00000300668	1	1	0	2
D0_005846	chr6	17613348	17614863	-	20	19	preexisting_v49_gene_span			1	1	0	2
D0_005847	chr6	27175692	27190910	-	20	18	other_v49_added_gene		ENSG00000301163	1	1	0	2
D0_005848	chr6	27895016	27898156	+	20	20	unresolved			1	1	0	2
D0_005849	chr6	32473927	32483754	+	20	19	other_v49_added_gene		ENSG00000307923	1	0	0	1
D0_005850	chr6	34888161	34889223	+	20	18	unresolved			1	1	0	2
D0_005851	chr6	35336043	35336819	-	20	16	unresolved			1	0	0	1
D0_005852	chr6	79199431	79201241	-	20	19	preexisting_v49_gene_span			1	1	0	2
D0_005853	chr6	84364697	84364874	-	20	19	unresolved			1	0	0	1
D0_005854	chr6	89086069	89089325	-	20	18	unresolved			1	0	0	1
D0_005855	chr6	111633356	111635108	-	20	17	unresolved			1	0	0	1
D0_005856	chr6	127656911	127659405	-	20	18	unresolved			1	0	0	1
D0_005857	chr6	137219669	137224750	+	20	20	unresolved			1	1	0	2
D0_005858	chr7	6484356	6486060	+	20	12	unresolved			1	1	0	2
D0_005859	chr7	9826804	9827084	+	20	20	unresolved			1	0	0	1
D0_005860	chr7	23496121	23497520	-	20	17	unresolved			1	0	0	1
D0_005861	chr7	38302741	38306758	-	20	20	other_v49_added_gene		ENSG00000290084	1	1	1	3
D0_005862	chr7	38314663	38316929	-	20	18	unresolved			1	1	0	2
D0_005863	chr7	47959997	47962626	+	20	17	unresolved			1	0	0	1
D0_005864	chr7	76950605	76953969	+	20	18	unresolved			1	0	0	1
D0_005865	chr7	102343330	102345569	-	20	19	unresolved			1	0	0	1
D0_005866	chr7	106246601	106247890	-	20	18	unresolved			1	0	0	1
D0_005867	chr7	131498256	131499227	+	20	18	unresolved			1	1	0	2
D0_005868	chr7	139428435	139433136	+	20	18	unresolved			1	1	0	2
D0_005869	chr7	142806855	142811334	+	20	18	other_v49_added_gene		ENSG00000305298	1	1	0	2
D0_005870	chr7	143750435	143750983	+	20	18	unresolved			1	0	0	1
D0_005871	chr7	150574115	150575446	+	20	19	unresolved			1	1	0	2
D0_005872	chr7	152134175	152134515	+	20	18	unresolved			1	1	0	2
D0_005873	chr7	153613459	153614620	+	20	20	unresolved			1	0	0	1
D0_005874	chr8	139724039	139725091	+	20	19	unresolved			1	0	0	1
D0_005875	chr9	1704914	1834303	+	20	20	other_v49_added_gene		ENSG00000298176	1	1	0	2
D0_005876	chr9	6525153	6527527	+	20	17	unresolved			1	0	0	1
D0_005877	chr9	33457956	33461006	+	20	19	unresolved			1	1	0	2
D0_005878	chr9	41248816	41249149	+	20	19	unresolved			1	0	0	1
D0_005879	chr9	42366011	42366835	+	20	18	unresolved			1	0	0	1
D0_005880	chr9	80198977	80199112	-	20	20	unresolved			1	0	0	1
D0_005881	chr9	86145325	86145420	-	20	19	unresolved			1	0	0	1
D0_005882	chr9	107512353	107514926	+	20	16	other_v49_added_gene		ENSG00000308445	1	1	0	2
D0_005883	chr9	114394415	114396669	-	20	20	unresolved			1	0	0	1
D0_005884	chr10	23435177	23439146	-	20	20	unresolved			1	1	0	2
D0_005885	chr10	46685122	46686860	-	20	18	unresolved			1	0	0	1
D0_005886	chr10	47748843	47750709	+	20	17	other_v49_added_gene		ENSG00000309880	1	0	0	1
D0_005887	chr10	50011932	50013599	+	20	20	unresolved			1	0	0	1
D0_005888	chr10	71886597	71913856	-	20	19	other_v49_added_gene		ENSG00000289592	1	0	0	1
D0_005889	chr10	73415471	73418111	+	20	18	unresolved			1	0	0	1
D0_005890	chr10	75205346	75207055	+	20	17	unresolved			1	1	0	2
D0_005891	chr10	85227375	85361640	+	20	20	unresolved			1	1	0	2
D0_005892	chr10	90229721	90232273	+	20	9	unresolved			1	0	0	1
D0_005893	chr10	97778120	97821345	-	20	19	preexisting_v49_gene_span			1	1	0	2
D0_005894	chr10	102120558	102122980	+	20	18	other_v49_added_gene		ENSG00000308204	1	1	0	2
D0_005895	chr10	103873020	103877131	-	20	18	other_v49_added_gene		ENSG00000289744	1	1	0	2
D0_005896	chr10	110138660	110139206	+	20	20	unresolved			1	0	0	1
D0_005897	chr10	123984052	123984405	+	20	18	other_v49_added_gene		ENSG00000308000	1	0	0	1
D0_005898	chr10	127524539	127524881	+	20	20	unresolved			1	1	0	2
D0_005899	chr10	128093464	128095094	-	20	15	other_v49_added_gene		ENSG00000308998	1	1	0	2
D0_005900	chr11	784362	785985	+	20	19	preexisting_v49_gene_span			1	1	0	2
D0_005901	chr11	8609491	8611818	-	20	19	unresolved			1	1	0	2
D0_005902	chr11	9456683	9459425	-	20	20	unresolved			1	1	0	2
D0_005903	chr11	12361128	12362140	+	20	19	preexisting_v49_gene_span			1	1	0	2
D0_005904	chr11	14872870	14876355	+	20	17	preexisting_v49_gene_span			1	1	0	2
D0_005905	chr11	58525542	58526648	+	20	17	unresolved			1	1	0	2
D0_005906	chr11	66246373	66249266	-	20	19	preexisting_v49_gene_span			1	0	0	1
D0_005907	chr11	94406263	94408687	-	20	16	unresolved			1	1	0	2
D0_005908	chr12	9051421	9055513	+	20	17	unresolved			1	1	0	2
D0_005909	chr12	11897049	11897456	-	20	18	unresolved			1	0	0	1
D0_005910	chr12	51228507	51237941	+	20	16	unresolved			1	1	0	2
D0_005911	chr12	57819189	57819575	+	20	17	unresolved			1	1	0	2
D0_005912	chr12	95310305	95310650	+	20	18	unresolved			1	1	0	2
D0_005913	chr12	112401170	112403660	+	20	19	unresolved			1	0	0	1
D0_005914	chr12	115942947	115943299	-	20	20	unresolved			1	0	0	1
D0_005915	chr12	117035796	117036791	-	20	17	unresolved			1	0	0	1
D0_005916	chr12	118146381	118148980	-	20	20	unresolved			1	0	1	2
D0_005917	chr12	120295450	120300021	+	20	14	preexisting_v49_gene_span			1	0	0	1
D0_005918	chr12	120931877	120932993	+	20	4	unresolved			0	0	0	0
D0_005919	chr12	123381636	123383682	-	20	20	unresolved			1	1	0	2
D0_005920	chr12	123436783	123438394	+	20	16	other_v49_added_gene		ENSG00000296923	1	1	0	2
D0_005921	chr13	19807697	19811690	-	20	18	unresolved			1	1	0	2
D0_005922	chr13	19878238	19945529	-	20	20	other_v49_added_gene		ENSG00000307494	1	1	0	2
D0_005923	chr13	40925638	40928128	+	20	20	unresolved			1	0	0	1
D0_005924	chr13	42332244	42333315	+	20	19	unresolved			1	0	0	1
D0_005925	chr14	22559069	22560073	+	20	19	preexisting_v49_gene_span			1	1	0	2
D0_005926	chr14	48598694	48599104	+	20	19	unresolved			1	0	0	1
D0_005927	chr14	57534816	57552945	-	20	20	unresolved			1	0	0	1
D0_005928	chr14	68870023	68871180	-	20	19	unresolved			1	0	0	1
D0_005929	chr14	77032331	77036375	-	20	18	other_v49_added_gene		ENSG00000289347	1	1	0	2
D0_005930	chr14	105032534	105038017	-	20	17	unresolved			1	1	0	2
D0_005931	chr14	105068528	105069884	-	20	15	unresolved			1	0	0	1
D0_005932	chr14	105480446	105482003	-	20	19	other_v49_added_gene		ENSG00000302020	1	1	0	2
D0_005933	chr15	34846122	34847412	+	20	16	unresolved			1	0	0	1
D0_005934	chr15	63478896	63480396	-	20	20	preexisting_v49_gene_span			1	0	0	1
D0_005935	chr15	74520391	74540968	-	20	20	other_v49_added_gene		ENSG00000299272	1	1	0	2
D0_005936	chr15	74803200	74807200	+	20	20	unresolved			1	1	0	2
D0_005937	chr15	90964506	90965845	+	20	16	preexisting_v49_gene_span			1	1	0	2
D0_005938	chr15	101652763	101653535	+	20	19	other_v49_added_gene		ENSG00000289028	1	1	0	2
D0_005939	chr16	21364454	21365520	+	20	19	unresolved			1	0	0	1
D0_005940	chr16	29849900	29853495	-	20	18	unresolved			1	1	0	2
D0_005941	chr16	29855079	29858062	-	20	18	unresolved			1	1	0	2
D0_005942	chr16	30548988	30553081	+	20	17	preexisting_v49_gene_span			1	1	0	2
D0_005943	chr16	31345577	31352039	-	20	20	other_v49_added_gene		ENSG00000289930	1	0	0	1
D0_005944	chr16	57087458	57088650	+	20	18	unresolved			1	0	0	1
D0_005945	chr16	88548789	88549193	-	20	19	other_v49_added_gene		ENSG00000295033	1	1	0	2
D0_005946	chr16	89254426	89256289	-	20	18	other_v49_added_gene		ENSG00000295624	1	1	0	2
D0_005947	chr17	1777740	1779341	+	20	17	other_v49_added_gene		ENSG00000295186	1	0	0	1
D0_005948	chr17	2045552	2048423	+	20	17	unresolved			1	1	0	2
D0_005949	chr17	19110753	19111875	+	20	18	unresolved			1	0	0	1
D0_005950	chr17	21046717	21059316	-	20	16	unresolved			1	0	0	1
D0_005951	chr17	40137033	40139120	+	20	20	unresolved			1	1	0	2
D0_005952	chr17	40612401	40612974	-	20	16	unresolved			1	0	0	1
D0_005953	chr17	42388814	42391150	+	20	18	other_v49_added_gene		ENSG00000303583	1	1	0	2
D0_005954	chr17	42578870	42579248	+	20	18	unresolved			1	0	0	1
D0_005955	chr17	43389203	43391697	+	20	18	other_v49_added_gene		ENSG00000288909	1	1	0	2
D0_005956	chr17	44167761	44170398	-	20	16	preexisting_v49_gene_span			1	0	0	1
D0_005957	chr17	44754268	44757266	+	20	18	unresolved			1	0	0	1
D0_005958	chr17	50756369	50758316	+	20	18	unresolved			1	0	0	1
D0_005959	chr17	60040739	60042540	-	20	20	preexisting_v49_gene_span			1	1	0	2
D0_005960	chr17	75289723	75290407	+	20	16	unresolved			1	1	0	2
D0_005961	chr17	76984175	77013477	+	20	20	unresolved			1	1	0	2
D0_005962	chr17	81871644	81875934	+	20	19	unresolved			1	1	0	2
D0_005963	chr18	23452360	23453184	-	20	17	unresolved			1	1	0	2
D0_005964	chr18	74526990	74528484	+	20	16	unresolved			1	0	0	1
D0_005965	chr19	1901763	1904799	+	20	15	unresolved			1	0	0	1
D0_005966	chr19	1931913	1936829	+	20	16	unresolved			1	0	0	1
D0_005967	chr19	3069486	3083754	+	20	19	unresolved			1	1	0	2
D0_005968	chr19	3166129	3170862	+	20	20	unresolved			1	1	0	2
D0_005969	chr19	3975195	3975616	+	20	17	unresolved			1	1	0	2
D0_005970	chr19	4562483	4604623	+	20	19	other_v49_added_gene		ENSG00000302622	1	1	0	2
D0_005971	chr19	5828330	5829449	+	20	15	other_v49_added_gene		ENSG00000289543	1	0	0	1
D0_005972	chr19	16158801	16159662	+	20	18	unresolved			1	0	0	1
D0_005973	chr19	17864315	17868499	+	20	17	unresolved			1	1	0	2
D0_005974	chr19	17945399	17948758	+	20	17	preexisting_v49_gene_span			1	1	0	2
D0_005975	chr19	18950218	18954121	+	20	18	unresolved			1	0	0	1
D0_005976	chr19	23274978	23275095	-	20	20	unresolved			1	0	0	1
D0_005977	chr19	30047058	30050747	+	20	18	unresolved			1	0	0	1
D0_005978	chr19	36674807	36678892	-	20	18	unresolved			1	1	0	2
D0_005979	chr19	39823100	39823451	+	20	15	unresolved			1	0	0	1
D0_005980	chr19	51369289	51371567	-	20	16	unresolved			1	0	0	1
D0_005981	chr19	52239478	52241681	+	20	18	other_v49_added_gene		ENSG00000302940	1	0	0	1
D0_005982	chr19	53059328	53063195	-	20	16	unresolved			1	1	0	2
D0_005983	chr19	54916317	54919065	-	20	18	unresolved			1	0	0	1
D0_005984	chr20	1435596	1437305	+	20	17	unresolved			1	0	0	1
D0_005985	chr20	3089499	3089648	-	20	20	unresolved			1	0	0	1
D0_005986	chr20	3104430	3105658	-	20	18	unresolved			1	1	0	2
D0_005987	chr20	3806269	3806655	+	20	19	preexisting_v49_gene_span			1	0	0	1
D0_005988	chr20	5198725	5203059	+	20	20	unresolved			1	1	0	2
D0_005989	chr20	18505777	18507399	-	20	20	unresolved			1	1	0	2
D0_005990	chr20	23358939	23361739	-	20	20	unresolved			1	1	0	2
D0_005991	chr20	31603042	31605139	-	20	17	other_v49_added_gene		ENSG00000289875	1	0	0	1
D0_005992	chr20	33651659	33653076	+	20	17	unresolved			1	0	0	1
D0_005993	chr20	37332786	37334775	-	20	17	unresolved			1	0	0	1
D0_005994	chr20	37482614	37484567	-	20	16	unresolved			1	0	0	1
D0_005995	chr20	63854530	63858483	-	20	20	unresolved			1	0	0	1
D0_005996	chr21	28723316	28726911	-	20	17	preexisting_v49_gene_span			1	0	0	1
D0_005997	chr21	28927585	28927958	-	20	18	unresolved			1	1	0	2
D0_005998	chr21	31739989	31741634	-	20	18	unresolved			1	0	0	1
D0_005999	chr21	44445147	44449133	+	20	16	preexisting_v49_gene_span			1	1	0	2
D0_006000	chr22	16531601	16533193	+	20	18	unresolved			1	0	0	1
D0_006001	chr22	23719142	23719766	-	20	19	unresolved			1	0	0	1
D0_006002	chr22	41241738	41245140	-	20	19	preexisting_v49_gene_span			1	1	0	2
D0_006003	chr22	41427400	41429160	+	20	18	unresolved			1	1	0	2
D0_006004	chr22	42540974	42544505	-	20	19	unresolved			1	0	0	1
D0_006005	chrX	4045461	4045586	-	20	19	unresolved			1	0	0	1
D0_006006	chrX	12927371	12932224	+	20	20	unresolved			1	0	0	1
D0_006007	chrX	44864522	44868589	-	20	17	other_v49_added_gene		ENSG00000297847	1	0	0	1
D0_006008	chrX	47125719	47130694	-	20	17	other_v49_added_gene		ENSG00000307069	1	1	1	3
D0_006009	chrX	47630383	47632443	+	20	19	other_v49_added_gene		ENSG00000306065	1	0	0	1
D0_006010	chrX	64266214	64267561	+	20	17	preexisting_v49_gene_span			1	0	0	1
D0_006011	chrX	65743004	65746529	+	20	19	unresolved			1	1	0	2
D0_006012	chrX	111764589	111767370	+	20	18	unresolved			1	1	0	2
D0_006013	chrX	118710511	118713278	-	20	12	unresolved			1	0	0	1
D0_006014	chrX	119018451	119019112	+	20	17	preexisting_v49_gene_span			1	0	0	1
D0_006015	chrX	135052500	135053955	+	20	19	unresolved			1	1	0	2
D0_006016	chrX	154421983	154424154	+	20	20	unresolved			1	0	0	1
D0_006017	chrX	154672203	154674425	-	20	18	unresolved			1	0	0	1
D0_006018	chrY	1216368	1221292	+	20	14	unresolved			1	0	0	1
D0_006019	chrY	1537284	1540531	+	20	19	unresolved			1	0	0	1
D0_006020	GL000205.2	53721	55801	-	20	20	unresolved			1	1	0	2
D0_006021	KI270744.1	145296	146876	+	20	15	unresolved			1	0	0	1
D0_006022	KI270744.1	153259	157134	+	20	12	unresolved			1	0	0	1
D0_006023	chr1	12515367	12516968	-	19	18	unresolved			1	0	0	1
D0_006024	chr1	13372630	13373935	+	19	19	unresolved			1	0	0	1
D0_006025	chr1	24478832	24482607	+	19	12	unresolved			1	0	0	1
D0_006026	chr1	24887560	24887904	+	19	19	unresolved			1	0	0	1
D0_006027	chr1	27001241	27003345	+	19	18	preexisting_v49_gene_span			1	1	0	2
D0_006028	chr1	27200022	27200236	-	19	19	unresolved			1	1	0	2
D0_006029	chr1	31944908	31945692	+	19	16	unresolved			1	0	0	1
D0_006030	chr1	36464479	36465843	+	19	17	other_v49_added_gene		ENSG00000297367	1	1	0	2
D0_006031	chr1	37990169	37992365	+	19	18	preexisting_v49_gene_span			1	1	0	2
D0_006032	chr1	66379981	66381525	+	19	17	unresolved			1	0	0	1
D0_006033	chr1	79938494	79938615	-	19	19	unresolved			1	0	0	1
D0_006034	chr1	88931540	88931783	+	19	19	other_v49_added_gene		ENSG00000307240	1	0	0	1
D0_006035	chr1	116487136	116491217	-	19	16	unresolved			1	1	0	2
D0_006036	chr1	155938908	155941067	+	19	18	unresolved			1	0	0	1
D0_006037	chr1	156501031	156504318	+	19	18	other_v49_added_gene		ENSG00000303634,ENSG00000288835	1	1	0	2
D0_006038	chr1	160526158	160529354	-	19	17	unresolved			1	0	0	1
D0_006039	chr1	205708076	205711280	-	19	17	unresolved			1	1	0	2
D0_006040	chr1	205756152	205757976	-	19	16	unresolved			1	0	0	1
D0_006041	chr1	206744248	206745945	-	19	14	unresolved			1	0	0	1
D0_006042	chr1	223777253	223779845	-	19	17	unresolved			1	1	0	2
D0_006043	chr1	224035065	224035361	-	19	18	unresolved			1	0	0	1
D0_006044	chr1	225795621	225795911	-	19	16	unresolved			1	0	0	1
D0_006045	chr1	236974895	236978419	+	19	18	other_v49_added_gene		ENSG00000302268	1	0	0	1
D0_006046	chr1	248467154	248469640	-	19	18	unresolved			1	0	0	1
D0_006047	chr2	7115944	7120106	+	19	17	unresolved			1	0	0	1
D0_006048	chr2	9556778	9560198	+	19	16	preexisting_v49_gene_span			1	1	0	2
D0_006049	chr2	27190857	27192511	+	19	19	unresolved			1	0	0	1
D0_006050	chr2	30177009	30183461	-	19	17	other_v49_added_gene		ENSG00000294799	1	1	0	2
D0_006051	chr2	32621353	32625558	+	19	16	unresolved			1	1	0	2
D0_006052	chr2	55470188	55470297	+	19	17	unresolved			1	0	0	1
D0_006053	chr2	60554551	60558545	+	19	13	other_v49_added_gene		ENSG00000301945	1	1	0	2
D0_006054	chr2	62174086	62176007	+	19	16	unresolved			1	0	0	1
D0_006055	chr2	70134850	70137209	-	19	19	preexisting_v49_gene_span			1	1	0	2
D0_006056	chr2	85654073	85655534	+	19	13	preexisting_v49_gene_span			1	0	0	1
D0_006057	chr2	96578258	96579808	-	19	16	unresolved			1	0	0	1
D0_006058	chr2	96748660	96750616	+	19	18	other_v49_added_gene		ENSG00000305927	1	1	0	2
D0_006059	chr2	100751372	100752293	-	19	7	unresolved			1	0	0	1
D0_006060	chr2	112668546	112670319	+	19	16	unresolved			1	0	0	1
D0_006061	chr2	113964672	113970534	+	19	16	unresolved			1	0	0	1
D0_006062	chr2	128204575	128206639	+	19	15	unresolved			1	0	0	1
D0_006063	chr2	152109571	152111181	-	19	16	unresolved			1	1	0	2
D0_006064	chr2	159666418	159670582	-	19	11	preexisting_v49_gene_span			1	0	0	1
D0_006065	chr2	167951247	167951545	+	19	19	unresolved			1	0	0	1
D0_006066	chr2	189670831	189671321	+	19	17	unresolved			1	1	0	2
D0_006067	chr2	218397047	218398099	+	19	18	preexisting_v49_gene_span			1	0	0	1
D0_006068	chr2	218407662	218408007	-	19	18	unresolved			1	0	0	1
D0_006069	chr2	218764743	218766877	-	19	17	unresolved			1	0	0	1
D0_006070	chr3	31530252	31532066	-	19	18	other_v49_added_gene		ENSG00000288926	1	1	0	2
D0_006071	chr3	32516534	32518870	-	19	18	unresolved			1	0	0	1
D0_006072	chr3	33718373	33720364	+	19	19	unresolved			1	0	0	1
D0_006073	chr3	39139844	39140669	-	19	18	unresolved			1	1	0	2
D0_006074	chr3	47013731	47015028	+	19	18	unresolved			1	0	0	1
D0_006075	chr3	49936409	49939727	-	19	15	unresolved			1	0	0	1
D0_006076	chr3	90268117	90545378	+	19	18	unresolved			1	1	0	2
D0_006077	chr3	101936328	101940854	+	19	13	preexisting_v49_gene_span			1	0	0	1
D0_006078	chr3	108257547	108264775	+	19	18	unresolved			1	0	0	1
D0_006079	chr3	109370391	109396365	-	19	18	unresolved			1	1	0	2
D0_006080	chr3	112426907	112427809	-	19	19	unresolved			1	0	0	1
D0_006081	chr3	122794048	122794994	-	19	17	unresolved			1	1	0	2
D0_006082	chr3	128828922	128829341	-	19	17	unresolved			1	0	0	1
D0_006083	chr3	133590294	133591568	+	19	17	unresolved			1	1	0	2
D0_006084	chr3	137094021	137094191	-	19	19	unresolved			1	0	0	1
D0_006085	chr3	186505814	186505967	+	19	19	unresolved			1	0	0	1
D0_006086	chr3	194392707	194394657	-	19	17	unresolved			1	0	0	1
D0_006087	chr3	197654919	197655605	+	19	17	preexisting_v49_gene_span			1	0	0	1
D0_006088	chr4	34539	41505	-	19	13	other_v49_added_gene		ENSG00000304187	1	0	0	1
D0_006089	chr4	2055076	2056156	+	19	19	unresolved			1	1	0	2
D0_006090	chr4	6644247	6644568	-	19	14	unresolved			1	0	0	1
D0_006091	chr4	38160139	38161080	-	19	13	unresolved			1	0	0	1
D0_006092	chr4	40173952	40176033	+	19	17	unresolved			1	0	0	1
D0_006093	chr4	40184187	40186969	+	19	17	unresolved			1	1	0	2
D0_006094	chr4	40277130	40304006	+	19	18	other_v49_added_gene		ENSG00000301534,ENSG00000305886	1	1	0	2
D0_006095	chr4	64454483	64454668	-	19	18	unresolved			1	0	0	1
D0_006096	chr4	78743455	78746107	+	19	17	preexisting_v49_gene_span			1	1	0	2
D0_006097	chr4	108266329	108268791	+	19	19	preexisting_v49_gene_span			1	1	0	2
D0_006098	chr4	108294779	108298530	+	19	13	preexisting_v49_gene_span			1	0	0	1
D0_006099	chr4	118375202	118375448	-	19	19	unresolved			1	0	0	1
D0_006100	chr4	128289085	128291824	+	19	16	preexisting_v49_gene_span			1	1	0	2
D0_006101	chr4	141534461	141536244	+	19	16	unresolved			1	0	0	1
D0_006102	chr4	152311895	152316073	-	19	17	unresolved			1	1	0	2
D0_006103	chr4	152616078	152618127	-	19	16	unresolved			1	1	0	2
D0_006104	chr4	173473836	173478291	+	19	16	unresolved			1	0	0	1
D0_006105	chr4	189298790	189299716	-	19	15	unresolved			0	0	0	0
D0_006106	chr4	190196257	190196488	+	19	19	unresolved			1	0	0	1
D0_006107	chr5	18695627	18698132	-	19	17	other_v49_added_gene		ENSG00000299222	1	0	0	1
D0_006108	chr5	35235917	35304204	-	19	18	unresolved			1	1	0	2
D0_006109	chr5	35497250	35497353	+	19	18	unresolved			1	0	0	1
D0_006110	chr5	40823053	40823443	+	19	15	unresolved			1	0	0	1
D0_006111	chr5	56813548	56815474	-	19	19	other_v49_added_gene		ENSG00000297204	1	0	0	1
D0_006112	chr5	70288920	70401963	+	19	18	other_v49_added_gene		ENSG00000300146,ENSG00000300419,ENSG00000291220	1	0	0	1
D0_006113	chr5	72213675	72217721	-	19	13	preexisting_v49_gene_span			1	1	0	2
D0_006114	chr5	83027724	83028426	-	19	19	unresolved			1	0	0	1
D0_006115	chr5	100395473	100396473	-	19	19	preexisting_v49_gene_span			1	0	0	1
D0_006116	chr5	118805257	118807122	-	19	16	unresolved			1	0	0	1
D0_006117	chr5	123509973	123511730	-	19	16	other_v49_added_gene		ENSG00000288766	1	1	0	2
D0_006118	chr5	134901701	134904210	+	19	19	unresolved			1	1	0	2
D0_006119	chr5	142168693	142220315	-	19	18	other_v49_added_gene		ENSG00000300546	1	1	0	2
D0_006120	chr5	143252371	143255762	+	19	19	unresolved			1	0	0	1
D0_006121	chr5	149958764	149960599	-	19	17	other_v49_added_gene		ENSG00000301078	1	1	0	2
D0_006122	chr5	157024361	157029352	-	19	17	preexisting_v49_gene_span			1	1	0	2
D0_006123	chr5	157717792	157720319	-	19	15	other_v49_added_gene		ENSG00000309117	1	0	0	1
D0_006124	chr5	158206660	158206956	-	19	19	unresolved			1	1	0	2
D0_006125	chr5	181303423	181303845	+	19	18	unresolved			1	0	0	1
D0_006126	chr5	181413335	181413538	+	19	18	unresolved			1	0	0	1
D0_006127	chr6	1531063	1534000	-	19	15	preexisting_v49_gene_span			1	1	0	2
D0_006128	chr6	7083459	7094943	-	19	17	unresolved			1	0	0	1
D0_006129	chr6	7643855	7643991	-	19	18	unresolved			1	0	0	1
D0_006130	chr6	21598789	21601032	+	19	16	unresolved			1	1	0	2
D0_006131	chr6	26189559	26193080	+	19	16	other_v49_added_gene		ENSG00000291336,ENSG00000291338	1	0	0	1
D0_006132	chr6	27822493	27826955	-	19	17	other_v49_added_gene		ENSG00000296368	1	1	0	2
D0_006133	chr6	29648587	29649406	+	19	18	unresolved			1	0	0	1
D0_006134	chr6	30718385	30719032	+	19	18	preexisting_v49_gene_span			1	0	0	1
D0_006135	chr6	32607177	32610364	-	19	18	unresolved			1	0	0	1
D0_006136	chr6	32618274	32623123	-	19	17	other_v49_added_gene		ENSG00000309733	1	1	0	2
D0_006137	chr6	32656851	32659394	-	19	16	unresolved			1	0	0	1
D0_006138	chr6	32880148	32882808	+	19	16	unresolved			1	1	0	2
D0_006139	chr6	34573059	34573388	+	19	17	unresolved			1	0	0	1
D0_006140	chr6	34582185	34582982	-	19	18	unresolved			1	0	0	1
D0_006141	chr6	34756621	34757204	-	19	15	other_v49_added_gene		ENSG00000300321	1	1	0	2
D0_006142	chr6	39159452	39159728	+	19	17	unresolved			1	0	0	1
D0_006143	chr6	41174299	41175168	-	19	17	unresolved			1	1	0	2
D0_006144	chr6	42094559	42097528	+	19	17	unresolved			1	1	0	2
D0_006145	chr6	53360621	53361504	-	19	15	unresolved			1	1	0	2
D0_006146	chr6	87130039	87130119	-	19	19	unresolved			0	0	0	0
D0_006147	chr6	87279878	87281132	+	19	19	unresolved			1	0	0	1
D0_006148	chr6	96655283	96655392	-	19	19	unresolved			1	0	0	1
D0_006149	chr6	108689207	108692701	+	19	16	unresolved			1	1	0	2
D0_006150	chr6	108696042	108697077	+	19	17	unresolved			1	0	0	1
D0_006151	chr6	110852224	110853359	-	19	16	unresolved			1	0	0	1
D0_006152	chr6	114566673	114760526	-	19	18	preexisting_v49_gene_span			1	1	0	2
D0_006153	chr6	118712524	118712662	-	19	19	unresolved			1	0	0	1
D0_006154	chr6	127685169	127685704	-	19	16	unresolved			1	0	0	1
D0_006155	chr6	131298655	131302777	-	19	18	other_v49_added_gene		ENSG00000290067	1	0	0	1
D0_006156	chr6	132740887	132743827	-	19	16	unresolved			1	1	0	2
D0_006157	chr6	148744567	148747023	-	19	18	other_v49_added_gene		ENSG00000309666	1	1	0	2
D0_006158	chr6	158965635	158969014	-	19	17	unresolved			1	0	0	1
D0_006159	chr6	170468883	170469163	-	19	18	other_v49_added_gene		ENSG00000294293	1	0	0	1
D0_006160	chr7	12690965	12692554	+	19	18	unresolved			1	1	0	2
D0_006161	chr7	25116318	25120063	+	19	18	other_v49_added_gene		ENSG00000296268	1	0	0	1
D0_006162	chr7	32904544	32907041	+	19	16	unresolved			1	1	0	2
D0_006163	chr7	44770706	44775147	-	19	15	unresolved			1	0	0	1
D0_006164	chr7	44856805	44858726	-	19	11	unresolved			1	0	0	1
D0_006165	chr7	47258315	47260225	-	19	17	unresolved			1	0	0	1
D0_006166	chr7	61654178	61654440	-	19	19	unresolved			1	0	0	1
D0_006167	chr7	64718411	64722178	+	19	18	unresolved			1	1	0	2
D0_006168	chr7	65034834	65037746	-	19	15	unresolved			1	1	0	2
D0_006169	chr7	68815935	68990338	+	19	19	unresolved			1	1	0	2
D0_006170	chr7	73402015	73402235	-	19	17	unresolved			1	0	0	1
D0_006171	chr7	76166948	76168264	+	19	18	other_v49_added_gene		ENSG00000290730	1	0	0	1
D0_006172	chr7	76453290	76454504	+	19	19	unresolved			1	0	0	1
D0_006173	chr7	76542010	76544343	+	19	18	unresolved			1	0	0	1
D0_006174	chr7	99535632	99539951	+	19	14	unresolved			1	1	0	2
D0_006175	chr7	123664290	123664851	-	19	18	unresolved			1	0	0	1
D0_006176	chr7	129174000	129177381	+	19	17	unresolved			1	1	0	2
D0_006177	chr7	140020363	140020988	+	19	18	unresolved			1	0	0	1
D0_006178	chr7	142797760	142800247	-	19	17	other_v49_added_gene		ENSG00000290099	1	0	0	1
D0_006179	chr7	155205270	155206381	-	19	14	unresolved			1	1	0	2
D0_006180	chr8	21903412	21903796	+	19	17	unresolved			1	0	0	1
D0_006181	chr8	30085969	30087375	-	19	17	unresolved			1	0	0	1
D0_006182	chr8	42172036	42174667	-	19	17	unresolved			1	0	0	1
D0_006183	chr8	56995938	56997245	+	19	18	unresolved			1	0	0	1
D0_006184	chr8	76963885	76966318	-	19	18	unresolved			1	0	0	1
D0_006185	chr8	90990500	90993437	-	19	17	preexisting_v49_gene_span			1	1	0	2
D0_006186	chr8	97730855	97736196	-	19	16	unresolved			1	1	0	2
D0_006187	chr8	127487518	127489251	-	19	16	unresolved			1	1	0	2
D0_006188	chr8	143300409	143302048	+	19	16	unresolved			1	1	0	2
D0_006189	chr9	27598884	27600511	+	19	17	unresolved			1	0	0	1
D0_006190	chr9	33448792	33452189	+	19	14	preexisting_v49_gene_span			1	0	0	1
D0_006191	chr9	34911244	34911425	-	19	19	other_v49_added_gene		ENSG00000309069	1	0	0	1
D0_006192	chr9	37042683	37044618	-	19	14	unresolved			1	0	0	1
D0_006193	chr9	40945402	40945746	-	19	19	other_v49_added_gene		ENSG00000290923	1	0	0	1
D0_006194	chr9	40946777	40948186	-	19	19	other_v49_added_gene		ENSG00000290923	1	0	0	1
D0_006195	chr9	41480548	41481994	+	19	17	other_v49_added_gene		ENSG00000288891	1	1	0	2
D0_006196	chr9	63696042	63696211	+	19	18	unresolved			1	0	0	1
D0_006197	chr9	66319281	66322103	+	19	18	other_v49_added_gene		ENSG00000294531	1	0	0	1
D0_006198	chr9	71838922	71841915	-	19	18	unresolved			1	0	0	1
D0_006199	chr9	73171030	73174158	-	19	15	other_v49_added_gene		ENSG00000293607	1	0	0	1
D0_006200	chr9	74158179	74158321	-	19	19	preexisting_v49_gene_span			1	0	0	1
D0_006201	chr9	80499765	80500112	-	19	17	unresolved			1	0	0	1
D0_006202	chr9	83648101	83650227	-	19	18	unresolved			1	1	0	2
D0_006203	chr9	88244077	88244360	-	19	17	unresolved			1	0	0	1
D0_006204	chr9	95427252	95427354	+	19	17	unresolved			1	0	0	1
D0_006205	chr9	96147878	96147975	+	19	18	unresolved			1	0	0	1
D0_006206	chr9	96418520	96419715	+	19	15	other_v49_added_gene		ENSG00000300691	1	1	0	2
D0_006207	chr9	96778384	96781128	+	19	18	unresolved			1	0	0	1
D0_006208	chr9	99209310	99211474	-	19	18	unresolved			1	0	0	1
D0_006209	chr9	108020906	108023664	+	19	18	other_v49_added_gene		ENSG00000303967	1	0	0	1
D0_006210	chr9	131253169	131254253	-	19	18	unresolved			1	0	0	1
D0_006211	chr10	3643005	3677989	+	19	19	unresolved			1	1	0	2
D0_006212	chr10	6424638	6427059	-	19	16	unresolved			1	1	0	2
D0_006213	chr10	8992046	8995252	-	19	16	other_v49_added_gene		ENSG00000303941	1	0	0	1
D0_006214	chr10	32233041	32233148	-	19	18	unresolved			1	0	0	1
D0_006215	chr10	33138812	33142988	+	19	16	unresolved			1	0	0	1
D0_006216	chr10	43367290	43368478	-	19	18	unresolved			1	0	0	1
D0_006217	chr10	46812174	46815715	+	19	18	primary_match	ENSG00000291069	ENSG00000291069	1	1	0	2
D0_006218	chr10	58383526	58385004	-	19	16	unresolved			1	1	0	2
D0_006219	chr10	63155729	63160248	+	19	18	unresolved			1	1	0	2
D0_006220	chr10	70577439	70582796	-	19	15	unresolved			1	1	0	2
D0_006221	chr10	97345146	97349235	-	19	18	unresolved			1	1	0	2
D0_006222	chr10	102387336	102389793	+	19	15	unresolved			1	0	0	1
D0_006223	chr11	6683826	6686780	-	19	17	preexisting_v49_gene_span			1	0	0	1
D0_006224	chr11	6697909	6700257	+	19	19	other_v49_added_gene		ENSG00000294763	1	0	0	1
D0_006225	chr11	14274202	14276268	-	19	19	unresolved			1	1	0	2
D0_006226	chr11	61040481	61042817	-	19	15	other_v49_added_gene		ENSG00000303405	1	0	0	1
D0_006227	chr11	65447227	65448580	-	19	17	unresolved			1	0	0	1
D0_006228	chr11	65494763	65497419	-	19	17	other_v49_added_gene		ENSG00000301979	1	1	0	2
D0_006229	chr11	65815776	65818057	-	19	16	other_v49_added_gene		ENSG00000302979	1	1	0	2
D0_006230	chr11	65995290	65996351	+	19	19	unresolved			1	0	0	1
D0_006231	chr11	88286967	88289261	-	19	16	preexisting_v49_gene_span			1	1	0	2
D0_006232	chr11	117980885	117982408	+	19	18	unresolved			1	0	0	1
D0_006233	chr11	128047336	128051218	+	19	15	unresolved			1	0	0	1
D0_006234	chr11	129741586	129742954	-	19	14	preexisting_v49_gene_span			1	0	0	1
D0_006235	chr12	10210851	10212410	-	19	18	other_v49_added_gene		ENSG00000304188	1	0	0	1
D0_006236	chr12	10723325	10725888	+	19	18	other_v49_added_gene		ENSG00000295726	1	1	0	2
D0_006237	chr12	46350279	46353201	-	19	16	unresolved			1	0	0	1
D0_006238	chr12	49112417	49119320	+	19	15	unresolved			1	1	0	2
D0_006239	chr12	52067877	52068962	-	19	17	unresolved			1	0	0	1
D0_006240	chr12	55873636	55889057	-	19	19	unresolved			1	1	0	2
D0_006241	chr12	66170314	66172394	+	19	17	unresolved			1	0	0	1
D0_006242	chr12	66188316	66188810	+	19	14	unresolved			1	0	0	1
D0_006243	chr12	72821847	72821957	-	19	12	preexisting_v49_gene_span			1	0	0	1
D0_006244	chr12	101392454	101392852	+	19	17	unresolved			1	1	0	2
D0_006245	chr12	108642512	108645104	+	19	18	preexisting_v49_gene_span			1	1	0	2
D0_006246	chr12	128125889	128152851	+	19	19	unresolved			1	1	0	2
D0_006247	chr13	19816158	19817753	-	19	19	unresolved			1	1	0	2
D0_006248	chr13	30446182	30449947	+	19	15	preexisting_v49_gene_span			1	1	0	2
D0_006249	chr13	48191754	48192144	+	19	18	unresolved			1	0	0	1
D0_006250	chr14	34876482	34880208	+	19	18	unresolved			1	1	0	2
D0_006251	chr14	35405732	35408843	+	19	16	other_v49_added_gene		ENSG00000310246,ENSG00000310289	1	1	0	2
D0_006252	chr14	39173127	39174732	-	19	16	unresolved			1	1	0	2
D0_006253	chr14	39216662	39217173	+	19	19	unresolved			1	1	0	2
D0_006254	chr14	49899469	49905127	-	19	19	preexisting_v49_gene_span			1	0	0	1
D0_006255	chr14	53024527	53026955	-	19	18	unresolved			1	0	0	1
D0_006256	chr14	53029619	53032685	-	19	19	unresolved			1	1	0	2
D0_006257	chr14	73811719	73818059	+	19	12	unresolved			1	1	0	2
D0_006258	chr14	90829096	90829496	+	19	19	unresolved			1	0	0	1
D0_006259	chr14	91268619	91271288	+	19	17	unresolved			1	1	0	2
D0_006260	chr14	91453936	91455139	+	19	17	other_v49_added_gene		ENSG00000304283	1	1	0	2
D0_006261	chr14	92766886	92770197	-	19	11	unresolved			1	0	0	1
D0_006262	chr14	94658506	94658877	+	19	18	unresolved			1	0	0	1
D0_006263	chr14	99301780	99301937	+	19	19	unresolved			1	0	0	1
D0_006264	chr14	100185950	100202635	-	19	17	unresolved			1	1	0	2
D0_006265	chr14	105508945	105511575	+	19	11	unresolved			1	0	0	1
D0_006266	chr15	30845168	30847940	+	19	10	other_v49_added_gene		ENSG00000307324	1	0	0	1
D0_006267	chr15	45699718	45701850	+	19	16	unresolved			1	0	0	1
D0_006268	chr15	63503248	63504391	-	19	18	unresolved			1	1	0	2
D0_006269	chr15	73385104	73398463	+	19	19	other_v49_added_gene		ENSG00000297300	1	0	0	1
D0_006270	chr15	84661034	84661817	+	19	17	unresolved			1	0	0	1
D0_006271	chr15	84716737	84717053	-	19	6	preexisting_v49_gene_span			1	0	0	1
D0_006272	chr16	1935711	1936391	-	19	16	unresolved			1	1	0	2
D0_006273	chr16	9136565	9141547	-	19	19	unresolved			1	0	0	1
D0_006274	chr16	9141774	9145313	+	19	14	unresolved			1	1	1	3
D0_006275	chr16	21660440	21662347	-	19	15	unresolved			1	0	0	1
D0_006276	chr16	30189355	30192921	+	19	17	unresolved			1	0	0	1
D0_006277	chr16	30454733	30456669	-	19	18	unresolved			1	0	0	1
D0_006278	chr16	30558578	30560923	+	19	14	unresolved			1	0	0	1
D0_006279	chr16	30636826	30639685	+	19	18	unresolved			1	1	0	2
D0_006280	chr16	30916071	30919281	-	19	18	unresolved			1	1	0	2
D0_006281	chr16	56661206	56663295	-	19	17	other_v49_added_gene		ENSG00000310278	1	0	1	2
D0_006282	chr16	58659559	58661034	-	19	18	unresolved			1	1	0	2
D0_006283	chr16	88632896	88635308	-	19	19	unresolved			1	0	0	1
D0_006284	chr17	80889	81115	-	19	18	unresolved			1	0	0	1
D0_006285	chr17	447042	447714	+	19	17	unresolved			1	0	0	1
D0_006286	chr17	3964523	3966705	-	19	18	other_v49_added_gene		ENSG00000304769	1	1	0	2
D0_006287	chr17	4759345	4760532	-	19	15	unresolved			1	0	0	1
D0_006288	chr17	8168307	8172304	-	19	17	unresolved			1	1	0	2
D0_006289	chr17	8278795	8284391	+	19	16	unresolved			1	1	0	2
D0_006290	chr17	14820815	14820917	+	19	19	unresolved			1	0	0	1
D0_006291	chr17	15693688	15695337	-	19	19	unresolved			1	0	0	1
D0_006292	chr17	17285293	17299485	-	19	19	unresolved			1	1	0	2
D0_006293	chr17	19096853	19098138	-	19	19	preexisting_v49_gene_span			1	0	0	1
D0_006294	chr17	21772787	21773211	-	19	18	unresolved			1	0	0	1
D0_006295	chr17	28418684	28419161	-	19	19	unresolved			1	0	0	1
D0_006296	chr17	30965989	30968217	+	19	19	unresolved			1	1	0	2
D0_006297	chr17	64837455	64841586	+	19	18	preexisting_v49_gene_span			1	0	0	1
D0_006298	chr17	64961775	64966485	-	19	16	primary_match	ENSG00000291140	ENSG00000303765,ENSG00000291140	1	1	0	2
D0_006299	chr17	67699138	67699764	+	19	18	unresolved			1	0	0	1
D0_006300	chr17	67791404	67805686	-	19	19	other_v49_added_gene		ENSG00000306726	1	1	0	2
D0_006301	chr17	70594849	70594956	+	19	19	unresolved			1	0	0	1
D0_006302	chr18	45978676	45979945	-	19	15	unresolved			1	0	1	2
D0_006303	chr18	63385151	63388249	-	19	19	unresolved			1	0	0	1
D0_006304	chr18	79067513	79068905	-	19	18	unresolved			1	1	0	2
D0_006305	chr19	552243	555883	-	19	19	unresolved			1	0	0	1
D0_006306	chr19	5528093	5542539	+	19	18	unresolved			1	1	0	2
D0_006307	chr19	6870496	6873159	+	19	16	unresolved			1	0	0	1
D0_006308	chr19	9290504	9291133	-	19	17	unresolved			1	1	0	2
D0_006309	chr19	9744111	9748629	-	19	18	unresolved			1	1	0	2
D0_006310	chr19	19628938	19629260	-	19	19	unresolved			1	1	0	2
D0_006311	chr19	19698002	19700480	-	19	19	preexisting_v49_gene_span			1	0	0	1
D0_006312	chr19	22100513	22118785	+	19	16	unresolved			1	0	0	1
D0_006313	chr20	3437756	3449143	-	19	18	other_v49_added_gene		ENSG00000300666	1	1	0	2
D0_006314	chr20	28627678	28628744	+	19	19	unresolved			1	0	0	1
D0_006315	chr20	43456439	43457272	-	19	11	unresolved			1	0	0	1
D0_006316	chr20	45360336	45361833	-	19	18	unresolved			1	0	0	1
D0_006317	chr20	53834615	53835554	-	19	14	unresolved			1	0	0	1
D0_006318	chr20	56082055	56082342	-	19	19	unresolved			1	0	0	1
D0_006319	chr20	63936145	63937741	+	19	19	unresolved			1	1	0	2
D0_006320	chr21	28693638	28695944	-	19	16	preexisting_v49_gene_span			1	0	0	1
D0_006321	chr21	28694018	28697741	+	19	17	unresolved			1	0	0	1
D0_006322	chr21	28764131	28767602	-	19	16	preexisting_v49_gene_span			1	0	0	1
D0_006323	chr21	28795737	28802366	-	19	17	preexisting_v49_gene_span			1	1	0	2
D0_006324	chr21	32626898	32628722	-	19	15	unresolved			1	1	0	2
D0_006325	chr21	41412211	41417308	+	19	15	unresolved			1	0	0	1
D0_006326	chr22	18040746	18047445	-	19	18	unresolved			1	1	0	2
D0_006327	chr22	22261403	22264011	-	19	16	unresolved			1	0	0	1
D0_006328	chr22	23751671	23752061	+	19	16	unresolved			1	0	0	1
D0_006329	chr22	24535017	24539499	-	19	18	unresolved			1	0	0	1
D0_006330	chr22	28861236	28867050	+	19	17	unresolved			1	0	0	1
D0_006331	chr22	39116092	39120153	-	19	15	unresolved			1	1	0	2
D0_006332	chr22	39162860	39166921	-	19	16	other_v49_added_gene		ENSG00000297155	1	0	0	1
D0_006333	chr22	40975051	41017886	-	19	17	other_v49_added_gene		ENSG00000304944	1	1	0	2
D0_006334	chr22	42520088	42521276	+	19	12	other_v49_added_gene		ENSG00000295412	1	0	0	1
D0_006335	chr22	46294050	46295080	+	19	17	preexisting_v49_gene_span			1	1	0	2
D0_006336	chr22	47191260	47191927	+	19	18	unresolved			1	1	0	2
D0_006337	chr22	47206413	47206728	+	19	17	unresolved			1	1	0	2
D0_006338	chr22	49964122	49966607	+	19	17	unresolved			1	0	0	1
D0_006339	chrX	3814024	3816599	+	19	18	preexisting_v49_gene_span			1	1	0	2
D0_006340	chrX	12890997	12893209	+	19	15	unresolved			1	1	0	2
D0_006341	chrX	12983732	12984953	+	19	15	unresolved			1	0	0	1
D0_006342	chrX	14006173	14008179	-	19	18	preexisting_v49_gene_span			1	1	0	2
D0_006343	chrX	21889873	21892610	+	19	18	unresolved			1	1	0	2
D0_006344	chrX	23949530	23953235	-	19	15	unresolved			1	0	0	1
D0_006345	chrX	41381073	41438927	-	19	19	other_v49_added_gene		ENSG00000295508	1	1	0	2
D0_006346	chrX	68600776	68605350	+	19	18	unresolved			1	1	0	2
D0_006347	chrX	81313100	81313800	-	19	18	unresolved			1	0	0	1
D0_006348	chrY	409896	413127	+	19	17	other_v49_added_gene		ENSG00000292349	1	0	0	1
D0_006349	chrY	449610	524598	-	19	19	other_v49_added_gene		ENSG00000292352	1	0	0	1
D0_006350	chrY	20418123	20419392	-	19	13	unresolved			1	0	0	1
D0_006351	chrY	21105264	21105513	-	19	19	unresolved			1	0	0	1
D0_006352	GL000219.1	62725	66569	-	19	17	unresolved			1	1	0	2
D0_006353	KI270734.1	131849	133344	+	19	19	unresolved			1	0	0	1
D0_006354	chr1	1630644	1631174	+	18	16	unresolved			1	0	0	1
D0_006355	chr1	2424112	2425972	+	18	18	unresolved			1	1	0	2
D0_006356	chr1	4607906	4620193	+	18	12	other_v49_added_gene		ENSG00000300565	1	1	1	3
D0_006357	chr1	9986610	9992737	+	18	18	unresolved			1	1	0	2
D0_006358	chr1	10452581	10456398	+	18	18	unresolved			1	1	0	2
D0_006359	chr1	24676125	24677792	-	18	17	other_v49_added_gene		ENSG00000307307	1	0	0	1
D0_006360	chr1	27318686	27321664	+	18	17	unresolved			1	0	0	1
D0_006361	chr1	36386117	36388546	+	18	15	other_v49_added_gene		ENSG00000300693	1	1	0	2
D0_006362	chr1	42715733	42717015	+	18	17	unresolved			1	0	0	1
D0_006363	chr1	44778792	44780252	+	18	17	unresolved			1	1	0	2
D0_006364	chr1	45312731	45323564	-	18	15	unresolved			1	1	0	2
D0_006365	chr1	83197292	83202868	-	18	15	preexisting_v49_gene_span			1	0	0	1
D0_006366	chr1	100292784	100296747	+	18	16	unresolved			1	1	0	2
D0_006367	chr1	107998865	108003418	+	18	16	preexisting_v49_gene_span			1	0	0	1
D0_006368	chr1	111463302	111464956	+	18	14	preexisting_v49_gene_span			1	1	0	2
D0_006369	chr1	116492534	116493000	-	18	16	unresolved			1	1	0	2
D0_006370	chr1	117639363	117639782	-	18	17	unresolved			1	0	0	1
D0_006371	chr1	120708982	120711320	+	18	17	unresolved			1	0	0	1
D0_006372	chr1	120717497	120718528	+	18	17	other_v49_added_gene		ENSG00000296051	1	0	0	1
D0_006373	chr1	144558656	144560316	+	18	18	other_v49_added_gene		ENSG00000303695	1	0	0	1
D0_006374	chr1	148098809	148100534	-	18	17	unresolved			1	1	0	2
D0_006375	chr1	149830231	149832461	-	18	17	unresolved			1	0	0	1
D0_006376	chr1	149921452	149922829	-	18	14	unresolved			1	1	0	2
D0_006377	chr1	155138899	155139541	+	18	16	unresolved			1	1	0	2
D0_006378	chr1	160896262	160896496	+	18	18	unresolved			1	1	0	2
D0_006379	chr1	160986856	160991912	-	18	16	unresolved			1	1	0	2
D0_006380	chr1	161390294	161392181	+	18	16	other_v49_added_gene		ENSG00000297047	1	1	0	2
D0_006381	chr1	175941844	175943773	+	18	17	unresolved			1	0	0	1
D0_006382	chr1	178615143	178619326	-	18	14	unresolved			1	0	0	1
D0_006383	chr1	199909861	199910007	+	18	18	unresolved			1	0	0	1
D0_006384	chr1	203004930	203007241	-	18	16	unresolved			1	1	0	2
D0_006385	chr1	205632441	205635484	+	18	16	other_v49_added_gene		ENSG00000304244	1	1	0	2
D0_006386	chr1	206502788	206503651	+	18	17	unresolved			1	1	0	2
D0_006387	chr1	227781928	227784183	-	18	15	unresolved			1	0	0	1
D0_006388	chr1	228182970	228184431	+	18	18	unresolved			1	1	0	2
D0_006389	chr1	228930191	228949680	-	18	16	other_v49_added_gene		ENSG00000310285	1	1	1	3
D0_006390	chr1	232049531	232050385	+	18	14	unresolved			1	0	0	1
D0_006391	chr1	234592565	234592895	+	18	15	unresolved			1	1	0	2
D0_006392	chr1	235658493	235660733	+	18	17	unresolved			1	1	0	2
D0_006393	chr2	9576194	9577157	-	18	16	unresolved			1	0	0	1
D0_006394	chr2	9841819	9843189	-	18	16	other_v49_added_gene		ENSG00000301100	1	1	0	2
D0_006395	chr2	18806801	18808883	+	18	14	unresolved			1	0	0	1
D0_006396	chr2	35632806	35632985	-	18	17	unresolved			1	0	0	1
D0_006397	chr2	41157741	41157864	+	18	18	unresolved			1	1	0	2
D0_006398	chr2	43176157	43178759	-	18	14	preexisting_v49_gene_span			1	1	0	2
D0_006399	chr2	57652459	57654317	-	18	16	preexisting_v49_gene_span			1	0	0	1
D0_006400	chr2	57790426	57792750	-	18	15	other_v49_added_gene		ENSG00000293611	1	0	0	1
D0_006401	chr2	62147259	62148319	+	18	15	preexisting_v49_gene_span			1	1	0	2
D0_006402	chr2	65283450	65286648	+	18	15	unresolved			1	0	0	1
D0_006403	chr2	70129483	70129582	+	18	18	unresolved			1	0	0	1
D0_006404	chr2	74688067	74690565	+	18	16	preexisting_v49_gene_span			1	1	0	2
D0_006405	chr2	97649010	97650705	-	18	17	unresolved			1	0	0	1
D0_006406	chr2	108887264	108891255	-	18	11	unresolved			1	0	0	1
D0_006407	chr2	149564591	149569598	-	18	16	unresolved			1	1	0	2
D0_006408	chr2	173074714	173075264	-	18	13	unresolved			1	0	0	1
D0_006409	chr2	174490945	174493038	-	18	17	unresolved			1	1	0	2
D0_006410	chr2	181409924	181410329	-	18	17	other_v49_added_gene		ENSG00000305978	1	0	0	1
D0_006411	chr2	191705842	191707372	+	18	18	preexisting_v49_gene_span			1	0	0	1
D0_006412	chr2	196949818	196951391	-	18	14	unresolved			1	0	0	1
D0_006413	chr2	202303778	202304771	+	18	17	unresolved			1	1	0	2
D0_006414	chr2	203309336	203311184	+	18	16	unresolved			1	1	0	2
D0_006415	chr2	203312280	203315112	+	18	17	unresolved			1	0	0	1
D0_006416	chr2	209133428	209134359	+	18	18	unresolved			1	1	0	2
D0_006417	chr2	209419404	209419545	+	18	16	unresolved			1	0	0	1
D0_006418	chr2	218254513	218255304	+	18	17	unresolved			1	1	0	2
D0_006419	chr2	227936845	227937018	-	18	18	unresolved			1	0	0	1
D0_006420	chr2	231725426	231726033	-	18	17	unresolved			1	0	0	1
D0_006421	chr2	234497157	234498799	+	18	16	other_v49_added_gene		ENSG00000294638	1	0	0	1
D0_006422	chr2	241842634	241848732	+	18	15	other_v49_added_gene		ENSG00000297165	1	1	0	2
D0_006423	chr3	15066655	15068835	-	18	16	other_v49_added_gene		ENSG00000289750	1	1	0	2
D0_006424	chr3	15559291	15560410	-	18	14	unresolved			1	1	0	2
D0_006425	chr3	23983026	23984860	-	18	14	unresolved			1	1	0	2
D0_006426	chr3	57939732	57940005	-	18	16	unresolved			1	1	0	2
D0_006427	chr3	87870267	87872370	+	18	10	preexisting_v49_gene_span			1	0	0	1
D0_006428	chr3	101870845	101873322	-	18	16	unresolved			1	0	0	1
D0_006429	chr3	108040127	108042242	-	18	16	unresolved			1	0	0	1
D0_006430	chr3	112908081	112910606	-	18	15	unresolved			1	0	0	1
D0_006431	chr3	128604931	128606605	-	18	15	other_v49_added_gene		ENSG00000306450	1	1	0	2
D0_006432	chr3	128611403	128612825	-	18	17	other_v49_added_gene		ENSG00000306450	1	0	0	1
D0_006433	chr3	129627306	129631172	+	18	15	unresolved			1	1	0	2
D0_006434	chr3	132390390	132392684	+	18	14	other_v49_added_gene		ENSG00000296430	1	1	0	2
D0_006435	chr3	144827312	144827422	+	18	17	unresolved			1	0	0	1
D0_006436	chr3	150647541	150647652	-	18	18	unresolved			1	0	0	1
D0_006437	chr3	158694411	158696529	+	18	17	preexisting_v49_gene_span			1	1	0	2
D0_006438	chr3	170356432	170357634	+	18	12	preexisting_v49_gene_span			1	0	0	1
D0_006439	chr3	177016151	177017630	+	18	18	unresolved			1	0	0	1
D0_006440	chr3	196183167	196193299	+	18	18	preexisting_v49_gene_span			1	1	0	2
D0_006441	chr4	2262527	2264102	+	18	16	other_v49_added_gene		ENSG00000302826	1	1	0	2
D0_006442	chr4	3955681	3957112	+	18	16	other_v49_added_gene		ENSG00000295948	1	0	0	1
D0_006443	chr4	6699254	6703488	-	18	14	unresolved			1	0	0	1
D0_006444	chr4	8243473	8244627	+	18	18	unresolved			1	0	0	1
D0_006445	chr4	23372225	23372423	+	18	18	unresolved			0	0	0	0
D0_006446	chr4	24803517	24804876	-	18	16	preexisting_v49_gene_span			1	1	0	2
D0_006447	chr4	25736928	25741012	+	18	18	unresolved			1	0	0	1
D0_006448	chr4	39674915	39692450	+	18	18	unresolved			1	0	0	1
D0_006449	chr4	105282842	105283160	+	18	16	unresolved			1	0	0	1
D0_006450	chr4	141493498	141495160	+	18	15	unresolved			1	0	0	1
D0_006451	chr4	146250293	146252647	-	18	15	unresolved			1	0	0	1
D0_006452	chr4	176332245	176334607	+	18	15	unresolved			1	1	0	2
D0_006453	chr4	182918009	182921570	+	18	14	unresolved			1	0	0	1
D0_006454	chr5	1534451	1537106	-	18	11	unresolved			1	1	0	2
D0_006455	chr5	1536467	1536935	+	18	18	unresolved			1	0	0	1
D0_006456	chr5	1722303	1723801	-	18	17	other_v49_added_gene		ENSG00000303091	1	0	0	1
D0_006457	chr5	10209124	10209450	+	18	18	unresolved			1	0	0	1
D0_006458	chr5	16465939	16466922	+	18	17	other_v49_added_gene		ENSG00000289112	1	1	0	2
D0_006459	chr5	32175592	32197074	-	18	18	unresolved			1	1	0	2
D0_006460	chr5	34136761	34137162	+	18	17	unresolved			1	0	0	1
D0_006461	chr5	70044625	70049599	-	18	18	unresolved			1	0	0	1
D0_006462	chr5	70830415	70830813	-	18	18	unresolved			1	0	0	1
D0_006463	chr5	77980461	77980781	+	18	18	unresolved			1	0	0	1
D0_006464	chr5	79579747	79594461	-	18	18	unresolved			1	1	0	2
D0_006465	chr5	83046865	83047194	-	18	15	unresolved			1	0	0	1
D0_006466	chr5	83048299	83048899	-	18	17	unresolved			1	1	0	2
D0_006467	chr5	97450669	97452313	+	18	16	unresolved			1	1	0	2
D0_006468	chr5	122834821	122835197	+	18	17	unresolved			1	0	0	1
D0_006469	chr5	123619581	123619919	-	18	17	unresolved			1	0	0	1
D0_006470	chr5	134006243	134007172	+	18	17	unresolved			1	1	0	2
D0_006471	chr5	139482942	139484669	+	18	10	unresolved			1	0	0	1
D0_006472	chr5	142170989	142174604	+	18	17	unresolved			1	1	0	2
D0_006473	chr5	148860019	148860315	+	18	16	other_v49_added_gene		ENSG00000303969,ENSG00000303982,ENSG00000289430	1	0	0	1
D0_006474	chr5	150429930	150430918	+	18	16	unresolved			1	0	0	1
D0_006475	chr5	151167727	151168137	+	18	17	unresolved			1	0	0	1
D0_006476	chr5	171827418	171828339	+	18	16	unresolved			1	0	0	1
D0_006477	chr5	178200956	178204186	-	18	18	other_v49_added_gene		ENSG00000289390	1	1	0	2
D0_006478	chr5	181159541	181160646	-	18	18	unresolved			1	0	0	1
D0_006479	chr6	2827907	2832201	-	18	17	unresolved			1	1	0	2
D0_006480	chr6	18476423	18478131	+	18	16	unresolved			1	1	0	2
D0_006481	chr6	26020064	26021566	-	18	18	unresolved			1	1	0	2
D0_006482	chr6	26866503	26871332	-	18	16	other_v49_added_gene		ENSG00000290474	1	1	0	2
D0_006483	chr6	29750040	29752543	-	18	16	preexisting_v49_gene_span			1	1	0	2
D0_006484	chr6	29798140	29800292	+	18	17	primary_match	ENSG00000290710	ENSG00000290710	1	1	0	2
D0_006485	chr6	31561390	31562809	+	18	16	unresolved			1	0	0	1
D0_006486	chr6	31567497	31571879	-	18	18	other_v49_added_gene		ENSG00000289406	1	0	0	1
D0_006487	chr6	33206949	33208323	-	18	17	other_v49_added_gene		ENSG00000288751	1	0	0	1
D0_006488	chr6	33342802	33344491	-	18	16	unresolved			1	0	0	1
D0_006489	chr6	34448816	34465153	-	18	18	unresolved			1	1	0	2
D0_006490	chr6	37420797	37432601	-	18	18	other_v49_added_gene		ENSG00000304688	1	1	0	2
D0_006491	chr6	40826049	40930489	-	18	18	other_v49_added_gene		ENSG00000293636	1	1	0	2
D0_006492	chr6	42202957	42206449	+	18	15	unresolved			1	0	0	1
D0_006493	chr6	42741277	42744461	-	18	18	unresolved			1	1	0	2
D0_006494	chr6	53208979	53210924	-	18	13	unresolved			1	1	0	2
D0_006495	chr6	57886739	57886939	+	18	17	unresolved			1	0	0	1
D0_006496	chr6	89819880	89825143	+	18	17	unresolved			1	0	0	1
D0_006497	chr6	108033301	108036805	-	18	17	preexisting_v49_gene_span			1	1	0	2
D0_006498	chr6	110969655	110974201	+	18	15	unresolved			1	1	0	2
D0_006499	chr6	113716035	113776241	+	18	18	other_v49_added_gene		ENSG00000304785,ENSG00000296953	1	1	0	2
D0_006500	chr6	116569501	116571052	-	18	14	other_v49_added_gene		ENSG00000289304	1	1	0	2
D0_006501	chr6	117789855	117789984	-	18	18	other_v49_added_gene		ENSG00000300164	1	0	0	1
D0_006502	chr6	134956637	134957312	-	18	17	unresolved			1	1	0	2
D0_006503	chr6	151475029	151475417	-	18	17	unresolved			1	0	0	1
D0_006504	chr6	157211707	157212710	+	18	16	unresolved			1	0	0	1
D0_006505	chr7	2453095	2454666	+	18	18	unresolved			1	1	0	2
D0_006506	chr7	4672721	4672822	+	18	17	preexisting_v49_gene_span			1	0	0	1
D0_006507	chr7	5259703	5259870	+	18	18	unresolved			1	0	0	1
D0_006508	chr7	5822086	5823010	-	18	16	unresolved			1	0	0	1
D0_006509	chr7	26214600	26218645	+	18	16	unresolved			1	0	0	1
D0_006510	chr7	38266132	38270028	-	18	15	other_v49_added_gene		ENSG00000289746	1	0	0	1
D0_006511	chr7	44951541	44951890	-	18	15	unresolved			1	0	0	1
D0_006512	chr7	53864306	53864482	+	18	17	unresolved			1	1	0	2
D0_006513	chr7	64511798	64512481	+	18	17	unresolved			1	0	0	1
D0_006514	chr7	64833913	64834951	+	18	15	unresolved			1	1	0	2
D0_006515	chr7	64842129	64843327	+	18	17	unresolved			1	1	0	2
D0_006516	chr7	66509018	66511033	+	18	17	unresolved			1	0	0	1
D0_006517	chr7	72837747	72841040	-	18	18	unresolved			1	0	0	1
D0_006518	chr7	72846628	72850101	+	18	17	unresolved			1	1	0	2
D0_006519	chr7	74415896	74451072	+	18	18	unresolved			1	0	0	1
D0_006520	chr7	76449254	76449481	-	18	18	unresolved			1	0	0	1
D0_006521	chr7	106919718	106922998	+	18	16	unresolved			1	0	0	1
D0_006522	chr7	128506608	128508827	+	18	16	unresolved			1	1	0	2
D0_006523	chr7	129217024	129217207	+	18	17	unresolved			1	0	0	1
D0_006524	chr7	129818959	129823997	+	18	16	unresolved			1	0	0	1
D0_006525	chr7	142458021	142458378	+	18	16	unresolved			1	1	0	2
D0_006526	chr7	150091458	150091888	+	18	18	unresolved			1	0	0	1
D0_006527	chr7	150769117	150771709	+	18	14	unresolved			1	0	0	1
D0_006528	chr7	152452485	152455815	-	18	14	unresolved			1	0	0	1
D0_006529	chr8	63785	65354	-	18	17	other_v49_added_gene		ENSG00000292979	1	0	0	1
D0_006530	chr8	10445000	10445293	-	18	15	preexisting_v49_gene_span			1	0	0	1
D0_006531	chr8	27545753	27546122	+	18	18	preexisting_v49_gene_span			1	1	0	2
D0_006532	chr8	55836831	55842290	+	18	17	unresolved			1	1	0	2
D0_006533	chr8	60974397	60975526	+	18	13	preexisting_v49_gene_span			1	0	0	1
D0_006534	chr8	100683139	100685400	+	18	15	other_v49_added_gene		ENSG00000310385	1	0	0	1
D0_006535	chr8	102820935	102825878	-	18	18	unresolved			1	1	0	2
D0_006536	chr8	108492072	108493589	+	18	14	unresolved			1	1	0	2
D0_006537	chr8	109214294	109217075	-	18	14	unresolved			1	0	0	1
D0_006538	chr8	133454435	133454812	-	18	17	unresolved			1	0	0	1
D0_006539	chr8	134713222	134714041	+	18	18	unresolved			1	0	0	1
D0_006540	chr9	2678995	2695072	-	18	15	preexisting_v49_gene_span			1	1	0	2
D0_006541	chr9	35052486	35055944	+	18	17	unresolved			1	1	0	2
D0_006542	chr9	41622883	41623024	+	18	17	preexisting_v49_gene_span			1	0	0	1
D0_006543	chr9	41723724	41738901	+	18	16	preexisting_v49_gene_span			1	0	0	1
D0_006544	chr9	62903221	62903925	+	18	16	preexisting_v49_gene_span			1	0	0	1
D0_006545	chr9	71679050	71681743	-	18	16	unresolved			1	1	0	2
D0_006546	chr9	72020965	72048283	-	18	15	unresolved			1	1	0	2
D0_006547	chr9	72107516	72108809	-	18	17	preexisting_v49_gene_span			1	0	0	1
D0_006548	chr9	75176883	75178346	-	18	17	unresolved			1	0	0	1
D0_006549	chr9	76394563	76396404	+	18	16	other_v49_added_gene		ENSG00000310253	1	1	0	2
D0_006550	chr9	77708450	77712700	-	18	16	unresolved			1	1	0	2
D0_006551	chr9	80648348	80650779	+	18	14	unresolved			1	0	0	1
D0_006552	chr9	93573662	93574887	+	18	18	unresolved			1	0	0	1
D0_006553	chr9	104741545	104744720	-	18	16	other_v49_added_gene		ENSG00000297079	1	0	0	1
D0_006554	chr9	114663073	114665265	+	18	12	other_v49_added_gene		ENSG00000304356	1	1	0	2
D0_006555	chr9	120749131	120751922	-	18	16	unresolved			1	1	0	2
D0_006556	chr9	120800194	120803851	+	18	17	preexisting_v49_gene_span			1	1	0	2
D0_006557	chr9	127445957	127447672	+	18	16	preexisting_v49_gene_span			1	1	0	2
D0_006558	chr9	128918505	128918890	-	18	17	other_v49_added_gene		ENSG00000310259	1	0	0	1
D0_006559	chr9	135995246	135995830	-	18	17	unresolved			1	0	0	1
D0_006560	chr10	3850897	3853464	+	18	15	other_v49_added_gene		ENSG00000300219	1	0	0	1
D0_006561	chr10	3874073	3876425	+	18	17	unresolved			1	0	0	1
D0_006562	chr10	4925487	4927554	+	18	14	other_v49_added_gene		ENSG00000304813	1	0	0	1
D0_006563	chr10	8879530	8883055	-	18	13	unresolved			1	0	0	1
D0_006564	chr10	15736097	15762634	-	18	13	unresolved			1	1	0	2
D0_006565	chr10	26628350	26628670	+	18	16	other_v49_added_gene		ENSG00000290423	1	0	0	1
D0_006566	chr10	31788079	31792398	-	18	14	unresolved			1	1	0	2
D0_006567	chr10	46131481	46133416	+	18	18	other_v49_added_gene		ENSG00000299595	1	1	0	2
D0_006568	chr10	47553744	47554891	+	18	12	other_v49_added_gene		ENSG00000298889	1	1	0	2
D0_006569	chr10	58384279	58385297	+	18	18	unresolved			1	0	0	1
D0_006570	chr10	69402163	69403506	+	18	14	preexisting_v49_gene_span			1	0	0	1
D0_006571	chr10	72319311	72320841	+	18	17	other_v49_added_gene		ENSG00000297806	1	0	0	1
D0_006572	chr10	72987864	72989824	-	18	17	unresolved			1	0	0	1
D0_006573	chr10	74715405	74715786	-	18	17	unresolved			1	0	0	1
D0_006574	chr10	79359670	79362554	+	18	16	unresolved			1	1	0	2
D0_006575	chr10	81579868	81580038	+	18	18	unresolved			1	0	0	1
D0_006576	chr10	92445103	92449417	-	18	15	unresolved			1	0	0	1
D0_006577	chr10	102123911	102125544	-	18	16	unresolved			1	0	0	1
D0_006578	chr10	102164291	102166279	+	18	17	unresolved			1	1	0	2
D0_006579	chr10	103862255	103867417	-	18	17	other_v49_added_gene		ENSG00000289744	1	1	0	2
D0_006580	chr10	110324444	110324511	-	18	17	unresolved			0	0	0	0
D0_006581	chr10	110605272	110607235	+	18	17	preexisting_v49_gene_span			1	1	0	2
D0_006582	chr11	285663	286907	+	18	16	unresolved			1	1	0	2
D0_006583	chr11	1849143	1850942	-	18	17	unresolved			1	0	0	1
D0_006584	chr11	4480011	4481977	+	18	17	primary_match	ENSG00000291144	ENSG00000291144	1	0	0	1
D0_006585	chr11	10300144	10302576	-	18	17	preexisting_v49_gene_span			1	1	0	2
D0_006586	chr11	44633676	44634029	+	18	16	unresolved			1	1	0	2
D0_006587	chr11	45843600	45845897	+	18	15	unresolved			1	1	0	2
D0_006588	chr11	58578239	58579034	-	18	17	primary_match	ENSG00000309351	ENSG00000309351	1	0	0	1
D0_006589	chr11	62740353	62742693	+	18	16	unresolved			1	1	0	2
D0_006590	chr11	64333539	64336049	-	18	18	preexisting_v49_gene_span			1	1	0	2
D0_006591	chr11	66609568	66612046	-	18	17	unresolved			1	1	0	2
D0_006592	chr11	67805598	67809146	+	18	18	other_v49_added_gene		ENSG00000299513	1	0	0	1
D0_006593	chr11	70208537	70211244	+	18	18	unresolved			1	1	0	2
D0_006594	chr11	85638325	85642967	+	18	16	unresolved			1	1	0	2
D0_006595	chr11	93299185	93300074	-	18	17	unresolved			1	1	0	2
D0_006596	chr11	106450860	106451019	-	18	18	unresolved			1	0	0	1
D0_006597	chr11	108155809	108156424	+	18	17	unresolved			1	0	0	1
D0_006598	chr11	118853033	118859886	-	18	14	other_v49_added_gene		ENSG00000306274	1	0	0	1
D0_006599	chr11	121408593	121410647	-	18	16	unresolved			1	0	0	1
D0_006600	chr11	123040629	123041112	-	18	14	unresolved			1	0	0	1
D0_006601	chr12	6488612	6491718	-	18	16	unresolved			1	1	0	2
D0_006602	chr12	9710212	9713356	-	18	17	primary_match	ENSG00000293488	ENSG00000293488	1	1	0	2
D0_006603	chr12	11282646	11283025	-	18	18	unresolved			1	0	0	1
D0_006604	chr12	14961842	14963040	+	18	17	other_v49_added_gene		ENSG00000307614,ENSG00000307627	1	0	0	1
D0_006605	chr12	25375150	25376606	+	18	15	unresolved			1	1	0	2
D0_006606	chr12	49765111	49768533	+	18	18	unresolved			1	1	0	2
D0_006607	chr12	67679453	67679766	-	18	18	unresolved			1	0	0	1
D0_006608	chr12	94736512	94737998	-	18	13	unresolved			1	0	0	1
D0_006609	chr12	94742371	94743130	-	18	18	unresolved			1	0	0	1
D0_006610	chr12	104350429	104355423	+	18	18	unresolved			1	1	0	2
D0_006611	chr12	121063436	121078698	+	18	18	unresolved			1	0	0	1
D0_006612	chr12	121603933	121604858	+	18	17	unresolved			1	1	0	2
D0_006613	chr12	122267325	122270745	-	18	16	unresolved			1	1	0	2
D0_006614	chr12	122501767	122503365	-	18	17	unresolved			1	1	0	2
D0_006615	chr12	128824305	128825651	+	18	16	unresolved			1	0	0	1
D0_006616	chr12	131815692	131818396	+	18	18	other_v49_added_gene		ENSG00000295927	1	0	0	1
D0_006617	chr13	18738099	18739059	-	18	15	other_v49_added_gene		ENSG00000294216	1	0	0	1
D0_006618	chr13	21369905	21372073	+	18	17	other_v49_added_gene		ENSG00000291046	1	0	0	1
D0_006619	chr13	31728750	31733300	-	18	15	unresolved			1	1	0	2
D0_006620	chr13	45293589	45296394	-	18	16	unresolved			1	0	0	1
D0_006621	chr13	49937211	49937523	+	18	16	other_v49_added_gene		ENSG00000295839	1	0	0	1
D0_006622	chr13	56673852	56683257	-	18	18	other_v49_added_gene		ENSG00000308976	0	1	0	1
D0_006623	chr13	57746993	57773193	+	18	18	unresolved			1	1	0	2
D0_006624	chr13	74079997	74080536	+	18	16	unresolved			1	0	0	1
D0_006625	chr14	20441356	20443822	+	18	10	other_v49_added_gene		ENSG00000291038	1	0	1	2
D0_006626	chr14	21737002	21739400	+	18	16	unresolved			1	0	0	1
D0_006627	chr14	22168350	22170723	+	18	13	preexisting_v49_gene_span			1	1	0	2
D0_006628	chr14	34915856	34920857	-	18	15	primary_match	ENSG00000293497	ENSG00000293497	1	0	0	1
D0_006629	chr14	35809557	35812321	+	18	16	unresolved			1	0	0	1
D0_006630	chr14	50715542	50719377	-	18	17	unresolved			1	1	0	2
D0_006631	chr14	61097674	61098910	-	18	17	unresolved			1	0	0	1
D0_006632	chr14	68777016	68779212	-	18	8	other_v49_added_gene		ENSG00000289583	1	0	0	1
D0_006633	chr14	74367270	74371837	-	18	18	unresolved			1	1	0	2
D0_006634	chr14	87089560	87089719	+	18	18	unresolved			1	0	0	1
D0_006635	chr14	95480459	95481727	-	18	15	preexisting_v49_gene_span			1	0	0	1
D0_006636	chr14	101760584	101761797	+	18	18	preexisting_v49_gene_span			1	0	0	1
D0_006637	chr14	105080652	105082390	-	18	15	other_v49_added_gene		ENSG00000307120	1	0	0	1
D0_006638	chr15	19939255	19939357	+	18	18	unresolved			1	0	0	1
D0_006639	chr15	34340199	34341188	+	18	16	other_v49_added_gene		ENSG00000299794	1	0	0	1
D0_006640	chr15	75462077	75463010	-	18	16	unresolved			1	1	0	2
D0_006641	chr16	2655490	2657075	+	18	18	unresolved			1	0	0	1
D0_006642	chr16	12649886	12651251	+	18	16	unresolved			1	1	0	2
D0_006643	chr16	17026200	17026634	+	18	15	preexisting_v49_gene_span			1	0	0	1
D0_006644	chr16	28993381	28995743	+	18	17	unresolved			1	0	0	1
D0_006645	chr16	32459604	32460068	-	18	18	unresolved			1	1	0	2
D0_006646	chr16	46650023	46650391	-	18	17	unresolved			1	1	0	2
D0_006647	chr16	58513630	58514712	+	18	17	unresolved			1	0	0	1
D0_006648	chr16	58641688	58650943	+	18	18	unresolved			1	1	0	2
D0_006649	chr16	68602297	68616241	+	18	14	unresolved			1	0	0	1
D0_006650	chr16	81432315	81438917	+	18	14	unresolved			1	0	0	1
D0_006651	chr16	82194924	82196066	-	18	16	unresolved			1	0	0	1
D0_006652	chr16	88687303	88688941	+	18	15	unresolved			1	0	0	1
D0_006653	chr17	2401153	2402709	+	18	17	other_v49_added_gene		ENSG00000308797	1	0	0	1
D0_006654	chr17	18823913	18830083	-	18	18	unresolved			1	0	0	1
D0_006655	chr17	28408677	28409790	+	18	18	unresolved			1	0	0	1
D0_006656	chr17	30190835	30193733	+	18	17	unresolved			1	1	0	2
D0_006657	chr17	30960054	30961220	-	18	17	unresolved			1	0	0	1
D0_006658	chr17	36090989	36094331	+	18	16	unresolved			1	0	0	1
D0_006659	chr17	44162615	44165414	-	18	18	preexisting_v49_gene_span			1	1	0	2
D0_006660	chr17	47753911	47783178	-	18	16	unresolved			1	1	0	2
D0_006661	chr17	49370061	49370543	+	18	16	preexisting_v49_gene_span			1	1	0	2
D0_006662	chr17	62450835	62452081	+	18	17	preexisting_v49_gene_span			1	1	0	2
D0_006663	chr17	64145901	64147210	+	18	15	preexisting_v49_gene_span			1	1	1	3
D0_006664	chr17	75183634	75193027	-	18	17	unresolved			1	1	0	2
D0_006665	chr17	78848252	78852095	+	18	15	unresolved			1	0	0	1
D0_006666	chr17	81302127	81303217	-	18	18	unresolved			1	1	0	2
D0_006667	chr17	82292949	82293585	+	18	17	other_v49_added_gene		ENSG00000299653	1	1	0	2
D0_006668	chr17	82497562	82509285	+	18	13	unresolved			1	0	0	1
D0_006669	chr17	82517785	82519385	-	18	15	unresolved			1	1	0	2
D0_006670	chr18	2646236	2651911	-	18	17	preexisting_v49_gene_span			1	1	0	2
D0_006671	chr18	5385590	5387689	-	18	16	unresolved			1	0	0	1
D0_006672	chr18	5389593	5389978	+	18	16	unresolved			1	1	0	2
D0_006673	chr18	40729588	40938147	+	18	18	unresolved			1	1	0	2
D0_006674	chr18	62520301	62522828	-	18	16	unresolved			1	1	0	2
D0_006675	chr18	69998310	70002298	-	18	14	unresolved			1	0	0	1
D0_006676	chr18	76354981	76355367	-	18	16	unresolved			1	0	0	1
D0_006677	chr19	522183	525135	+	18	18	unresolved			1	1	0	2
D0_006678	chr19	770684	776344	-	18	17	preexisting_v49_gene_span			1	0	0	1
D0_006679	chr19	7878529	7878964	-	18	18	unresolved			1	0	0	1
D0_006680	chr19	9830837	9834025	-	18	17	preexisting_v49_gene_span			1	1	0	2
D0_006681	chr19	9851689	9853542	+	18	17	unresolved			1	1	0	2
D0_006682	chr19	10120040	10122543	+	18	16	unresolved			1	1	0	2
D0_006683	chr19	10347791	10350066	-	18	17	unresolved			1	1	0	2
D0_006684	chr19	12760081	12762341	-	18	16	unresolved			1	1	0	2
D0_006685	chr19	14378384	14379798	+	18	15	unresolved			1	0	0	1
D0_006686	chr19	18570295	18571635	-	18	15	unresolved			1	1	0	2
D0_006687	chr19	19619416	19621715	-	18	18	unresolved			1	1	0	2
D0_006688	chr19	21379723	21379851	-	18	16	unresolved			1	1	0	2
D0_006689	chr19	22095633	22098260	+	18	15	unresolved			1	1	0	2
D0_006690	chr19	34229808	34230520	+	18	17	unresolved			1	1	0	2
D0_006691	chr19	39118720	39121876	-	18	18	unresolved			1	1	0	2
D0_006692	chr19	45880875	45883107	-	18	14	unresolved			1	0	0	1
D0_006693	chr19	48764875	48764980	-	18	18	unresolved			1	0	0	1
D0_006694	chr19	49499758	49502352	+	18	18	unresolved			1	1	0	2
D0_006695	chr19	53771473	53772476	-	18	16	unresolved			1	0	0	1
D0_006696	chr19	55337455	55338213	+	18	17	unresolved			1	0	0	1
D0_006697	chr19	56162709	56166457	+	18	11	unresolved			1	0	0	1
D0_006698	chr19	57303252	57304294	+	18	18	unresolved			1	1	0	2
D0_006699	chr20	2826737	2828782	-	18	18	unresolved			1	1	0	2
D0_006700	chr20	3416929	3430860	-	18	17	other_v49_added_gene		ENSG00000300666	1	0	1	2
D0_006701	chr20	4830423	4831694	+	18	16	unresolved			1	0	0	1
D0_006702	chr20	5059171	5060681	-	18	15	unresolved			1	1	0	2
D0_006703	chr20	13386517	13389221	-	18	15	preexisting_v49_gene_span			1	0	0	1
D0_006704	chr20	23343212	23344505	-	18	15	preexisting_v49_gene_span			1	1	0	2
D0_006705	chr20	49958486	49959610	+	18	17	unresolved			1	0	0	1
D0_006706	chr20	49992377	49997020	-	18	18	unresolved			1	0	0	1
D0_006707	chr20	56527767	56529766	+	18	16	unresolved			1	0	0	1
D0_006708	chr20	56530695	56532854	-	18	17	unresolved			1	1	0	2
D0_006709	chr21	6109047	6110750	-	18	18	unresolved			1	0	0	1
D0_006710	chr21	28759812	28762026	-	18	17	preexisting_v49_gene_span			1	1	0	2
D0_006711	chr21	28808121	28808321	+	18	18	unresolved			1	0	0	1
D0_006712	chr21	33226571	33226777	+	18	18	preexisting_v49_gene_span			1	0	0	1
D0_006713	chr21	41409755	41410368	+	18	17	unresolved			1	1	0	2
D0_006714	chr21	42966306	42970914	-	18	17	unresolved			1	1	0	2
D0_006715	chr21	43428121	43429770	+	18	16	unresolved			1	0	0	1
D0_006716	chr21	43696367	43699670	+	18	15	unresolved			1	1	0	2
D0_006717	chr21	44298652	44299601	-	18	17	unresolved			1	1	0	2
D0_006718	chr22	11947860	11948011	+	18	17	other_v49_added_gene		ENSG00000290397	1	0	0	1
D0_006719	chr22	22906813	22907074	+	18	14	unresolved			1	1	0	2
D0_006720	chr22	23734631	23737459	+	18	15	unresolved			1	0	0	1
D0_006721	chr22	25340102	25343927	-	18	17	unresolved			1	1	0	2
D0_006722	chr22	26785125	26788473	-	18	14	unresolved			1	1	0	2
D0_006723	chr22	26834333	26834439	-	18	18	unresolved			1	0	0	1
D0_006724	chr22	36132934	36133846	-	18	14	other_v49_added_gene		ENSG00000304491	1	0	0	1
D0_006725	chr22	49827910	49832208	+	18	18	unresolved			1	0	0	1
D0_006726	chrX	40223690	40237294	-	18	18	unresolved			1	1	0	2
D0_006727	chrX	41364939	41365500	-	18	14	unresolved			1	0	0	1
D0_006728	chrX	41399140	41445128	+	18	18	unresolved			1	1	0	2
D0_006729	chrX	47806953	47807173	+	18	18	unresolved			1	0	0	1
D0_006730	chrX	49104937	49106545	-	18	17	unresolved			1	1	0	2
D0_006731	chrX	53528388	53531805	-	18	16	unresolved			1	0	0	1
D0_006732	chrX	53919848	53920677	-	18	14	unresolved			1	0	0	1
D0_006733	chrX	57087995	57090060	-	18	17	unresolved			1	0	0	1
D0_006734	chrX	57140042	57140437	+	18	17	preexisting_v49_gene_span			1	0	0	1
D0_006735	chrX	65306512	65312428	+	18	17	preexisting_v49_gene_span			1	0	0	1
D0_006736	chrX	68570875	68584959	+	18	15	unresolved			1	1	0	2
D0_006737	chrX	71048297	71050771	-	18	16	other_v49_added_gene		ENSG00000297775	1	1	0	2
D0_006738	chrX	74573402	74578695	+	18	16	unresolved			1	0	0	1
D0_006739	chrX	76178314	76178552	+	18	17	preexisting_v49_gene_span			1	0	0	1
D0_006740	chrX	77309440	77324094	+	18	17	unresolved			1	0	0	1
D0_006741	chrX	79343256	79346190	+	18	15	unresolved			1	0	0	1
D0_006742	chrX	100943467	100951191	+	18	15	unresolved			1	0	0	1
D0_006743	chrX	120639860	120645184	+	18	17	unresolved			1	1	0	2
D0_006744	chrX	136839331	136840776	-	18	14	unresolved			1	1	0	2
D0_006745	chrY	1313248	1315789	-	18	17	unresolved			1	0	0	1
D0_006746	chrY	1319742	1323342	-	18	16	unresolved			1	0	0	1
D0_006747	chrY	2203242	2205726	-	18	14	unresolved			1	0	0	1
D0_006748	chrY	2566042	2566764	-	18	15	other_v49_added_gene		ENSG00000292360	1	0	0	1
D0_006749	chrY	2586793	2589518	-	18	18	other_v49_added_gene		ENSG00000292360	1	0	0	1
D0_006750	chrY	8856641	8856874	-	18	18	unresolved			1	0	0	1
D0_006751	chrY	13240660	13244350	+	18	16	unresolved			1	0	0	1
D0_006752	chrY	15091605	15091745	-	18	17	unresolved			1	0	0	1
D0_006753	chrY	20458213	20462486	-	18	13	unresolved			1	1	0	2
D0_006754	chrY	20901038	20904149	+	18	16	unresolved			1	0	0	1
D0_006755	KI270729.1	49234	219701	+	18	18	unresolved			1	1	0	2
D0_006756	chr1	10023225	10032154	-	17	17	unresolved			1	1	0	2
D0_006757	chr1	11915811	11916534	-	17	16	unresolved			1	0	0	1
D0_006758	chr1	24863387	24866164	+	17	11	other_v49_added_gene		ENSG00000293733	1	0	1	2
D0_006759	chr1	25569298	25571689	+	17	17	preexisting_v49_gene_span			1	1	0	2
D0_006760	chr1	25577872	25580338	+	17	13	preexisting_v49_gene_span			1	0	0	1
D0_006761	chr1	25792086	25795825	+	17	16	unresolved			1	0	0	1
D0_006762	chr1	27022494	27090549	+	17	17	other_v49_added_gene		ENSG00000299378	1	1	0	2
D0_006763	chr1	27863959	27866848	+	17	17	unresolved			1	0	0	1
D0_006764	chr1	44781854	44783520	+	17	16	unresolved			1	1	0	2
D0_006765	chr1	45543075	45543828	-	17	15	unresolved			1	1	0	2
D0_006766	chr1	52563140	52564654	+	17	17	preexisting_v49_gene_span			1	0	0	1
D0_006767	chr1	66416525	66439653	+	17	16	other_v49_added_gene		ENSG00000295544	1	1	0	2
D0_006768	chr1	70257184	70258324	+	17	16	unresolved			1	0	0	1
D0_006769	chr1	83224203	83227704	-	17	12	preexisting_v49_gene_span			1	0	0	1
D0_006770	chr1	99960708	99960925	-	17	17	primary_match	ENSG00000288826	ENSG00000288826	1	0	0	1
D0_006771	chr1	108078291	108078581	+	17	16	unresolved			1	1	0	2
D0_006772	chr1	110668826	110672454	+	17	15	other_v49_added_gene		ENSG00000300042	1	0	0	1
D0_006773	chr1	110675206	110676086	+	17	14	other_v49_added_gene		ENSG00000300042	1	0	0	1
D0_006774	chr1	116773005	116775095	-	17	17	other_v49_added_gene		ENSG00000294675	1	1	0	2
D0_006775	chr1	117108222	117110653	+	17	15	unresolved			1	0	0	1
D0_006776	chr1	144550438	144551430	-	17	14	unresolved			1	0	0	1
D0_006777	chr1	149604373	149606121	-	17	16	unresolved			1	1	0	2
D0_006778	chr1	150171290	150172881	+	17	16	preexisting_v49_gene_span			1	0	0	1
D0_006779	chr1	155744515	155745434	-	17	17	other_v49_added_gene		ENSG00000297268	1	1	0	2
D0_006780	chr1	158174362	158175558	-	17	13	unresolved			1	1	0	2
D0_006781	chr1	159925774	159927005	+	17	16	unresolved			1	0	0	1
D0_006782	chr1	161214603	161214999	+	17	17	preexisting_v49_gene_span			1	0	0	1
D0_006783	chr1	161221098	161222090	-	17	13	unresolved			1	0	0	1
D0_006784	chr1	166370925	166371057	+	17	17	unresolved			1	0	0	1
D0_006785	chr1	173313298	173314797	-	17	12	preexisting_v49_gene_span			1	0	0	1
D0_006786	chr1	173788517	173789334	-	17	16	unresolved			1	0	0	1
D0_006787	chr1	178563879	178566442	-	17	16	other_v49_added_gene		ENSG00000297676	1	0	0	1
D0_006788	chr1	178569111	178571268	-	17	15	other_v49_added_gene		ENSG00000297676	1	0	0	1
D0_006789	chr1	178635172	178636134	+	17	16	unresolved			1	0	0	1
D0_006790	chr1	185292108	185292381	-	17	17	unresolved			1	1	0	2
D0_006791	chr1	186989531	186991007	+	17	15	unresolved			1	1	0	2
D0_006792	chr1	192106277	192150928	+	17	15	other_v49_added_gene		ENSG00000306983	1	1	1	3
D0_006793	chr1	193275448	193278988	+	17	17	unresolved			1	1	0	2
D0_006794	chr1	194279196	194280300	+	17	14	unresolved			1	0	0	1
D0_006795	chr1	198612138	198613656	-	17	12	unresolved			1	0	0	1
D0_006796	chr1	203779313	203783083	+	17	12	unresolved			1	0	0	1
D0_006797	chr1	203794755	203795534	-	17	16	other_v49_added_gene		ENSG00000294708	1	1	0	2
D0_006798	chr1	204506963	204508559	-	17	16	unresolved			1	1	0	2
D0_006799	chr1	219231623	219234212	+	17	15	unresolved			1	1	0	2
D0_006800	chr1	220052317	220055865	-	17	15	unresolved			1	0	0	1
D0_006801	chr1	225399904	225400312	+	17	15	unresolved			1	0	0	1
D0_006802	chr1	227526574	227531712	-	17	11	unresolved			1	1	0	2
D0_006803	chr1	227677651	227682056	+	17	15	unresolved			1	1	0	2
D0_006804	chr2	24005159	24007563	+	17	13	unresolved			1	1	0	2
D0_006805	chr2	26396492	26398427	-	17	15	unresolved			1	0	0	1
D0_006806	chr2	31826641	31828201	-	17	16	unresolved			1	0	0	1
D0_006807	chr2	43135394	43139582	-	17	15	other_v49_added_gene		ENSG00000307991	1	0	0	1
D0_006808	chr2	53207834	53209452	-	17	14	unresolved			0	0	0	0
D0_006809	chr2	57541536	57543802	-	17	12	preexisting_v49_gene_span			1	0	0	1
D0_006810	chr2	69315284	69319489	-	17	16	unresolved			1	1	0	2
D0_006811	chr2	75331233	75333298	+	17	17	other_v49_added_gene		ENSG00000306811	1	0	0	1
D0_006812	chr2	81707678	81929507	+	17	17	other_v49_added_gene		ENSG00000304018	1	1	0	2
D0_006813	chr2	97648473	97650410	+	17	16	unresolved			1	1	0	2
D0_006814	chr2	102240465	102240732	-	17	15	unresolved			1	1	0	2
D0_006815	chr2	120304166	120307701	+	17	17	preexisting_v49_gene_span			1	1	0	2
D0_006816	chr2	159647228	159651363	-	17	14	preexisting_v49_gene_span			1	0	0	1
D0_006817	chr2	171314335	171315865	-	17	15	preexisting_v49_gene_span			1	1	0	2
D0_006818	chr2	171748629	171751479	+	17	15	preexisting_v49_gene_span			1	1	0	2
D0_006819	chr2	174540959	174542542	-	17	14	unresolved			1	0	0	1
D0_006820	chr2	190407658	190408315	+	17	14	unresolved			1	0	0	1
D0_006821	chr2	192306112	192405215	+	17	17	unresolved			1	1	0	2
D0_006822	chr2	195429208	195429337	+	17	17	unresolved			1	0	0	1
D0_006823	chr2	200837314	200841875	-	17	14	unresolved			1	0	0	1
D0_006824	chr2	201358125	201360851	-	17	15	unresolved			1	0	0	1
D0_006825	chr2	203322510	203324818	+	17	14	unresolved			1	0	0	1
D0_006826	chr2	223527374	223527473	-	17	17	other_v49_added_gene		ENSG00000303770	1	0	0	1
D0_006827	chr2	229748144	229750423	+	17	14	unresolved			1	0	0	1
D0_006828	chr2	231729842	231732418	+	17	14	unresolved			1	0	0	1
D0_006829	chr2	233302916	233305139	-	17	16	unresolved			1	0	0	1
D0_006830	chr2	239878064	239879981	-	17	16	unresolved			1	1	0	2
D0_006831	chr3	9730188	9731444	-	17	13	preexisting_v49_gene_span			1	1	0	2
D0_006832	chr3	11774960	11776664	-	17	15	unresolved			1	0	0	1
D0_006833	chr3	50650994	50651770	-	17	17	unresolved			1	0	0	1
D0_006834	chr3	51989990	51990468	-	17	15	unresolved			1	0	0	1
D0_006835	chr3	53212541	53215015	+	17	16	preexisting_v49_gene_span			1	1	0	2
D0_006836	chr3	57612010	57613741	+	17	16	preexisting_v49_gene_span			1	1	0	2
D0_006837	chr3	58462220	58477981	-	17	16	unresolved			1	1	0	2
D0_006838	chr3	93791183	93807234	+	17	17	unresolved			1	0	0	1
D0_006839	chr3	112429214	112430217	-	17	14	unresolved			1	1	0	2
D0_006840	chr3	119209499	119211105	+	17	16	unresolved			1	0	0	1
D0_006841	chr3	120684491	120686322	-	17	16	preexisting_v49_gene_span			1	1	0	2
D0_006842	chr3	133565499	133569307	-	17	15	preexisting_v49_gene_span			1	0	0	1
D0_006843	chr3	133591760	133594247	-	17	16	unresolved			1	0	0	1
D0_006844	chr3	150526078	150526445	+	17	17	unresolved			1	0	0	1
D0_006845	chr3	153221009	153221997	-	17	14	other_v49_added_gene		ENSG00000290079	1	1	0	2
D0_006846	chr3	155953810	155955942	-	17	14	unresolved			1	0	0	1
D0_006847	chr3	185904246	185907890	+	17	13	unresolved			1	0	0	1
D0_006848	chr3	188934668	188936979	-	17	15	unresolved			1	1	0	2
D0_006849	chr3	195957679	195959497	-	17	16	primary_match	ENSG00000290763	ENSG00000290763	1	1	0	2
D0_006850	chr3	198222613	198223351	+	17	16	unresolved			1	0	0	1
D0_006851	chr4	27032104	27032628	-	17	15	unresolved			1	0	0	1
D0_006852	chr4	40166303	40166662	+	17	14	unresolved			1	0	0	1
D0_006853	chr4	40249645	40251579	-	17	17	unresolved			1	0	0	1
D0_006854	chr4	49189579	49189936	+	17	16	other_v49_added_gene		ENSG00000309878	1	0	0	1
D0_006855	chr4	83204866	83207158	-	17	15	unresolved			1	0	0	1
D0_006856	chr4	83231045	83232088	-	17	14	unresolved			1	0	0	1
D0_006857	chr4	85284330	85437130	-	17	17	unresolved			1	1	0	2
D0_006858	chr4	87142702	87143684	-	17	15	unresolved			1	0	0	1
D0_006859	chr4	102107247	102240201	-	17	9	unresolved			1	1	0	2
D0_006860	chr4	169067713	169078749	+	17	17	unresolved			1	0	0	1
D0_006861	chr5	14532141	14534155	-	17	15	unresolved			1	0	0	1
D0_006862	chr5	27207083	27207298	+	17	17	unresolved			1	0	0	1
D0_006863	chr5	42939245	42942018	-	17	14	preexisting_v49_gene_span			1	0	0	1
D0_006864	chr5	50460864	50472334	+	17	16	other_v49_added_gene		ENSG00000298748	1	0	0	1
D0_006865	chr5	80546674	80548006	+	17	15	unresolved			1	1	0	2
D0_006866	chr5	83031950	83032783	-	17	14	unresolved			1	1	0	2
D0_006867	chr5	83050987	83052765	-	17	15	unresolved			1	1	0	2
D0_006868	chr5	95835054	95835693	+	17	16	preexisting_v49_gene_span			1	1	0	2
D0_006869	chr5	100803084	100806305	-	17	16	unresolved			1	0	0	1
D0_006870	chr5	103726721	103776971	+	17	17	other_v49_added_gene		ENSG00000297797	1	1	0	2
D0_006871	chr5	115518876	115520794	-	17	17	unresolved			1	1	0	2
D0_006872	chr5	123236820	123241646	-	17	16	other_v49_added_gene		ENSG00000297075	1	0	0	1
D0_006873	chr5	134594088	134594715	-	17	14	unresolved			1	0	0	1
D0_006874	chr5	138939397	138941612	+	17	16	unresolved			1	1	0	2
D0_006875	chr5	140609406	140610151	+	17	13	other_v49_added_gene		ENSG00000306175	1	0	0	1
D0_006876	chr5	148872525	148873464	+	17	15	other_v49_added_gene		ENSG00000303969	1	0	0	1
D0_006877	chr5	149482308	149484045	+	17	16	unresolved			1	0	0	1
D0_006878	chr5	150687521	150688134	+	17	14	unresolved			1	0	0	1
D0_006879	chr5	154702224	154705010	+	17	16	preexisting_v49_gene_span			1	0	0	1
D0_006880	chr5	157079594	157081789	+	17	15	unresolved			1	0	0	1
D0_006881	chr5	157258185	157259490	+	17	17	unresolved			1	0	0	1
D0_006882	chr5	173602899	173604835	-	17	14	unresolved			1	1	0	2
D0_006883	chr5	180492060	180493905	-	17	13	unresolved			1	1	0	2
D0_006884	chr6	21602743	21603527	+	17	15	unresolved			1	1	0	2
D0_006885	chr6	26033678	26035774	+	17	14	preexisting_v49_gene_span			1	1	0	2
D0_006886	chr6	27147836	27148244	-	17	16	unresolved			1	0	0	1
D0_006887	chr6	29894196	29895682	-	17	16	other_v49_added_gene		ENSG00000293508	1	0	0	1
D0_006888	chr6	30927852	30928598	+	17	15	unresolved			1	1	0	2
D0_006889	chr6	31194699	31195045	-	17	16	preexisting_v49_gene_span			1	1	0	2
D0_006890	chr6	32513722	32514500	-	17	17	unresolved			1	1	0	2
D0_006891	chr6	32688956	32689789	-	17	14	other_v49_added_gene		ENSG00000302994	1	0	0	1
D0_006892	chr6	53266394	53267315	-	17	16	preexisting_v49_gene_span			1	1	0	2
D0_006893	chr6	73580717	73582065	+	17	16	unresolved			1	0	0	1
D0_006894	chr6	81753804	81755988	+	17	16	other_v49_added_gene		ENSG00000305295	1	1	0	2
D0_006895	chr6	87272093	87273716	+	17	14	unresolved			1	1	0	2
D0_006896	chr6	107695416	107696764	-	17	17	unresolved			1	1	0	2
D0_006897	chr6	108037518	108039510	+	17	16	unresolved			1	0	0	1
D0_006898	chr6	108293459	108294808	-	17	13	unresolved			1	0	0	1
D0_006899	chr6	146557895	146560172	+	17	15	unresolved			1	1	0	2
D0_006900	chr6	149489786	149494706	-	17	15	preexisting_v49_gene_span			1	1	0	2
D0_006901	chr6	151391781	151394928	-	17	15	other_v49_added_gene		ENSG00000297539	1	0	0	1
D0_006902	chr6	164392439	164664320	-	17	17	unresolved			1	1	0	2
D0_006903	chr6	169955904	169956647	+	17	16	other_v49_added_gene		ENSG00000301731	1	0	1	2
D0_006904	chr7	2448862	2451017	+	17	17	unresolved			1	0	0	1
D0_006905	chr7	44849667	44852954	+	17	16	preexisting_v49_gene_span			1	0	0	1
D0_006906	chr7	56106657	56108899	+	17	16	other_v49_added_gene		ENSG00000308845	1	0	0	1
D0_006907	chr7	73111358	73114487	+	17	15	unresolved			1	0	0	1
D0_006908	chr7	77510359	77510492	+	17	16	unresolved			1	0	0	1
D0_006909	chr7	77532908	77533310	-	17	17	other_v49_added_gene		ENSG00000305656	1	1	0	2
D0_006910	chr7	98010400	98026281	+	17	16	unresolved			1	1	0	2
D0_006911	chr7	105013168	105013394	+	17	16	primary_match	ENSG00000302574	ENSG00000302574	1	1	0	2
D0_006912	chr7	108580657	108582744	+	17	15	unresolved			1	0	0	1
D0_006913	chr7	128627828	128629743	-	17	16	unresolved			1	0	0	1
D0_006914	chr7	135986409	135988154	+	17	16	preexisting_v49_gene_span			1	0	0	1
D0_006915	chr7	136010187	136010490	-	17	17	unresolved			1	0	0	1
D0_006916	chr7	138591012	138591591	+	17	17	unresolved			1	0	0	1
D0_006917	chr7	140063728	140068191	+	17	15	other_v49_added_gene		ENSG00000302736	1	1	0	2
D0_006918	chr7	142674561	142678462	-	17	12	unresolved			1	1	0	2
D0_006919	chr7	142842103	142855000	-	17	14	other_v49_added_gene		ENSG00000308045	1	1	1	3
D0_006920	chr7	143527775	143528492	+	17	16	unresolved			1	0	0	1
D0_006921	chr7	153713505	153714196	+	17	17	unresolved			1	0	0	1
D0_006922	chr7	153770594	153773608	+	17	16	preexisting_v49_gene_span			1	0	0	1
D0_006923	chr8	8945913	8948209	-	17	17	unresolved			1	0	0	1
D0_006924	chr8	24260370	24263754	-	17	14	preexisting_v49_gene_span			1	0	0	1
D0_006925	chr8	42052011	42054941	+	17	15	unresolved			1	0	0	1
D0_006926	chr8	42751428	42751906	+	17	16	unresolved			1	0	0	1
D0_006927	chr8	66616302	66628064	+	17	15	unresolved			1	1	0	2
D0_006928	chr8	77854884	78102111	-	17	17	other_v49_added_gene		ENSG00000295568	1	1	0	2
D0_006929	chr8	85077888	85086552	+	17	17	unresolved			1	0	0	1
D0_006930	chr8	90056649	90058210	-	17	16	unresolved			1	0	0	1
D0_006931	chr8	97179753	97180685	+	17	17	unresolved			1	0	0	1
D0_006932	chr8	101173720	101175701	-	17	16	unresolved			1	1	0	2
D0_006933	chr8	130035697	130036750	-	17	13	unresolved			1	0	0	1
D0_006934	chr8	133574059	133576540	+	17	15	unresolved			1	1	0	2
D0_006935	chr8	143914103	143914447	+	17	17	unresolved			1	0	0	1
D0_006936	chr9	6512937	6514474	-	17	16	unresolved			1	0	0	1
D0_006937	chr9	15407359	15407533	+	17	17	unresolved			1	0	0	1
D0_006938	chr9	35082771	35084930	+	17	15	unresolved			1	0	0	1
D0_006939	chr9	35768094	35771610	+	17	17	unresolved			1	1	0	2
D0_006940	chr9	41483393	41486263	+	17	15	other_v49_added_gene		ENSG00000288891	1	0	0	1
D0_006941	chr9	70372631	70375330	-	17	13	unresolved			1	1	0	2
D0_006942	chr9	75189864	75191129	+	17	15	unresolved			1	0	0	1
D0_006943	chr9	80543836	80544266	-	17	14	unresolved			1	0	0	1
D0_006944	chr9	80684717	80686723	+	17	15	unresolved			1	0	0	1
D0_006945	chr9	80820473	80822944	+	17	14	other_v49_added_gene		ENSG00000302378	1	0	0	1
D0_006946	chr9	91423840	91424507	-	17	13	preexisting_v49_gene_span			1	0	0	1
D0_006947	chr9	107574896	107595731	-	17	17	unresolved			1	1	0	2
D0_006948	chr9	108790089	108790438	+	17	15	unresolved			1	0	0	1
D0_006949	chr9	114653413	114655394	+	17	16	unresolved			1	1	0	2
D0_006950	chr9	131245270	131250298	+	17	14	unresolved			1	0	0	1
D0_006951	chr9	132373119	132375001	-	17	14	unresolved			1	0	0	1
D0_006952	chr9	136424121	136428371	-	17	14	unresolved			1	1	0	2
D0_006953	chr9	137287299	137289642	+	17	16	unresolved			1	0	0	1
D0_006954	chr10	7749700	7750939	-	17	17	unresolved			1	1	0	2
D0_006955	chr10	8076931	8077549	-	17	12	unresolved			1	0	0	1
D0_006956	chr10	8082889	8086556	+	17	16	other_v49_added_gene		ENSG00000307416	1	1	0	2
D0_006957	chr10	17209658	17212660	-	17	15	unresolved			1	1	0	2
D0_006958	chr10	24568962	24569066	+	17	15	unresolved			1	0	0	1
D0_006959	chr10	42314314	42320547	-	17	12	other_v49_added_gene		ENSG00000291065	1	1	0	2
D0_006960	chr10	58400077	58401656	+	17	15	unresolved			1	1	0	2
D0_006961	chr10	71889112	71889991	+	17	16	preexisting_v49_gene_span			1	0	0	1
D0_006962	chr10	72288209	72290824	-	17	16	other_v49_added_gene		ENSG00000289506	1	0	0	1
D0_006963	chr10	86401523	86402064	+	17	15	unresolved			1	0	0	1
D0_006964	chr10	91902420	91905338	-	17	12	unresolved			1	1	0	2
D0_006965	chr10	97299143	97303901	+	17	17	unresolved			1	1	0	2
D0_006966	chr10	102671543	102673476	-	17	15	unresolved			1	0	0	1
D0_006967	chr10	103366323	103367883	-	17	17	unresolved			1	1	0	2
D0_006968	chr10	119205570	119207269	-	17	15	unresolved			1	1	0	2
D0_006969	chr11	273908	277231	-	17	15	other_v49_added_gene		ENSG00000293500	1	0	0	1
D0_006970	chr11	344554	352014	+	17	16	unresolved			1	0	0	1
D0_006971	chr11	2934088	2936077	+	17	17	other_v49_added_gene		ENSG00000305647	1	0	0	1
D0_006972	chr11	6064794	6065107	+	17	14	other_v49_added_gene		ENSG00000289150	1	0	1	2
D0_006973	chr11	6683833	6684508	+	17	16	unresolved			1	0	0	1
D0_006974	chr11	13623051	13623135	-	17	17	unresolved			1	1	0	2
D0_006975	chr11	30345878	30347937	+	17	13	unresolved			1	1	0	2
D0_006976	chr11	45832359	45832539	-	17	16	unresolved			0	0	0	0
D0_006977	chr11	60072518	60072760	-	17	17	unresolved			1	1	0	2
D0_006978	chr11	66004446	66006425	+	17	15	unresolved			1	1	0	2
D0_006979	chr11	66612165	66615964	+	17	15	unresolved			1	1	0	2
D0_006980	chr11	66683180	66683580	-	17	17	preexisting_v49_gene_span			1	1	0	2
D0_006981	chr11	67286795	67288138	+	17	15	unresolved			1	0	0	1
D0_006982	chr11	67873692	67873970	+	17	17	preexisting_v49_gene_span			1	0	0	1
D0_006983	chr11	82819241	82822842	-	17	13	unresolved			1	1	0	2
D0_006984	chr11	103540168	103540349	-	17	17	unresolved			1	0	0	1
D0_006985	chr11	112378481	112381993	+	17	16	unresolved			1	1	0	2
D0_006986	chr11	118191876	118193637	-	17	16	unresolved			1	1	0	2
D0_006987	chr11	129862108	129863327	-	17	17	unresolved			1	1	0	2
D0_006988	chr12	6184759	6185522	+	17	17	other_v49_added_gene		ENSG00000305431	1	1	0	2
D0_006989	chr12	6718791	6722587	+	17	17	other_v49_added_gene		ENSG00000300918	1	1	0	2
D0_006990	chr12	8540910	8542231	-	17	13	unresolved			1	0	0	1
D0_006991	chr12	12646438	12647212	+	17	16	unresolved			1	0	0	1
D0_006992	chr12	14772288	14774114	-	17	17	other_v49_added_gene		ENSG00000289909	1	1	0	2
D0_006993	chr12	14938726	14942024	-	17	15	preexisting_v49_gene_span			1	0	0	1
D0_006994	chr12	32006251	32010578	-	17	16	unresolved			1	1	0	2
D0_006995	chr12	39508013	39509031	+	17	15	unresolved			1	0	0	1
D0_006996	chr12	52005789	52006935	-	17	15	other_v49_added_gene		ENSG00000297800	1	1	0	2
D0_006997	chr12	52016450	52018510	-	17	15	unresolved			1	0	0	1
D0_006998	chr12	52981781	53002697	-	17	16	other_v49_added_gene		ENSG00000293933	1	1	0	2
D0_006999	chr12	56264101	56266422	-	17	14	unresolved			1	1	0	2
D0_007000	chr12	68805948	68807641	-	17	12	unresolved			1	1	0	2
D0_007001	chr12	92943381	92946539	+	17	13	preexisting_v49_gene_span			1	0	0	1
D0_007002	chr12	95003777	95004353	+	17	17	unresolved			1	0	0	1
D0_007003	chr12	98606774	98608753	+	17	15	other_v49_added_gene		ENSG00000310254	1	1	0	2
D0_007004	chr12	118373164	118374798	+	17	14	other_v49_added_gene		ENSG00000293801	1	0	0	1
D0_007005	chr12	122424120	122429058	-	17	17	unresolved			1	1	0	2
D0_007006	chr12	123440162	123443978	+	17	15	unresolved			1	1	0	2
D0_007007	chr12	124892085	124893917	-	17	12	other_v49_added_gene		ENSG00000294609	1	1	0	2
D0_007008	chr12	124917509	124920402	+	17	17	other_v49_added_gene		ENSG00000301546	1	1	0	2
D0_007009	chr12	128046444	128046557	+	17	16	unresolved			1	0	0	1
D0_007010	chr12	132182479	132186521	-	17	15	unresolved			1	0	0	1
D0_007011	chr12	132762236	132763611	+	17	16	other_v49_added_gene		ENSG00000294498	1	0	0	1
D0_007012	chr13	22385043	22437121	-	17	17	unresolved			1	1	0	2
D0_007013	chr13	22854043	22854147	+	17	17	unresolved			1	0	0	1
D0_007014	chr13	23056691	23084388	+	17	17	unresolved			1	1	0	2
D0_007015	chr13	39050592	39050920	-	17	15	unresolved			1	0	0	1
D0_007016	chr13	40929634	40931760	+	17	16	unresolved			1	1	0	2
D0_007017	chr13	45300492	45304388	+	17	15	unresolved			1	0	0	1
D0_007018	chr13	72614716	72614844	-	17	17	unresolved			1	0	0	1
D0_007019	chr13	73023316	73027255	+	17	16	unresolved			1	0	0	1
D0_007020	chr13	104569993	104570127	+	17	7	unresolved			1	1	0	2
D0_007021	chr14	49559790	49563102	-	17	17	unresolved			1	0	0	1
D0_007022	chr14	50417163	50418480	-	17	16	preexisting_v49_gene_span			1	0	0	1
D0_007023	chr14	52284156	52286765	+	17	16	unresolved			1	1	0	2
D0_007024	chr14	65375740	65379455	+	17	15	other_v49_added_gene		ENSG00000302621	1	1	0	2
D0_007025	chr14	67617434	67619906	-	17	16	unresolved			1	0	0	1
D0_007026	chr14	73225908	73226486	-	17	17	unresolved			1	0	0	1
D0_007027	chr14	77500981	77504269	-	17	9	unresolved			1	0	0	1
D0_007028	chr14	77781463	77788867	+	17	16	unresolved			1	1	0	2
D0_007029	chr14	86875029	86877250	-	17	16	other_v49_added_gene		ENSG00000306848	1	0	0	1
D0_007030	chr14	90050284	90050590	-	17	16	unresolved			1	0	0	1
D0_007031	chr14	99096462	99107611	+	17	16	unresolved			1	0	0	1
D0_007032	chr14	102305307	102307429	+	17	16	unresolved			1	0	0	1
D0_007033	chr14	102748437	102759179	-	17	15	unresolved			1	1	0	2
D0_007034	chr14	106834503	106837169	-	17	14	unresolved			1	0	0	1
D0_007035	chr15	22479151	22479985	-	17	13	unresolved			1	0	0	1
D0_007036	chr15	23056679	23056973	+	17	17	unresolved			1	0	0	1
D0_007037	chr15	34068298	34071758	-	17	15	preexisting_v49_gene_span			1	1	0	2
D0_007038	chr15	34115640	34128600	+	17	14	unresolved			1	0	0	1
D0_007039	chr15	45201196	45202299	+	17	16	unresolved			1	1	0	2
D0_007040	chr15	51627822	51631001	+	17	14	unresolved			1	0	0	1
D0_007041	chr15	60412580	60416440	-	17	14	unresolved			1	1	0	2
D0_007042	chr15	65134167	65136856	+	17	12	other_v49_added_gene		ENSG00000299597	1	1	0	2
D0_007043	chr15	65894805	65895075	-	17	16	unresolved			1	1	0	2
D0_007044	chr15	72231880	72233441	+	17	15	unresolved			1	1	0	2
D0_007045	chr16	1492136	1492828	-	17	16	unresolved			1	1	0	2
D0_007046	chr16	2215780	2215928	-	17	16	unresolved			1	1	0	2
D0_007047	chr16	22343052	22345786	+	17	14	unresolved			1	1	0	2
D0_007048	chr16	30070973	30073129	-	17	11	unresolved			1	0	0	1
D0_007049	chr16	30209156	30212624	+	17	17	other_v49_added_gene		ENSG00000302389	1	0	0	1
D0_007050	chr16	30792416	30792515	-	17	17	unresolved			1	0	0	1
D0_007051	chr16	31203502	31205517	+	17	16	unresolved			1	1	0	2
D0_007052	chr16	68598929	68601192	+	17	14	unresolved			1	1	0	2
D0_007053	chr16	69755409	69756479	-	17	17	unresolved			1	1	0	2
D0_007054	chr16	75283981	75287106	-	17	15	preexisting_v49_gene_span			1	1	0	2
D0_007055	chr16	85985389	85985633	+	17	15	unresolved			1	0	0	1
D0_007056	chr16	88689507	88690270	-	17	11	unresolved			1	0	0	1
D0_007057	chr17	1756909	1760178	+	17	15	unresolved			1	1	0	2
D0_007058	chr17	17244235	17246071	-	17	14	unresolved			1	1	0	2
D0_007059	chr17	38868543	38869776	-	17	17	preexisting_v49_gene_span			1	1	0	2
D0_007060	chr17	40107435	40109403	+	17	11	unresolved			1	0	0	1
D0_007061	chr17	42312993	42313307	+	17	15	unresolved			1	1	0	2
D0_007062	chr17	44168013	44169829	+	17	17	unresolved			1	1	0	2
D0_007063	chr17	45180213	45188273	-	17	17	unresolved			1	1	0	2
D0_007064	chr17	47447399	47449201	+	17	13	unresolved			1	0	0	1
D0_007065	chr17	49191391	49193745	-	17	13	unresolved			1	1	0	2
D0_007066	chr17	75309894	75312922	-	17	17	unresolved			1	0	0	1
D0_007067	chr17	81663448	81664398	-	17	15	unresolved			1	0	0	1
D0_007068	chr18	517904	521844	-	17	17	preexisting_v49_gene_span			1	0	0	1
D0_007069	chr18	23586572	23588460	+	17	15	unresolved			1	1	0	2
D0_007070	chr18	24135835	24138860	+	17	15	preexisting_v49_gene_span			1	1	0	2
D0_007071	chr18	45981434	45982867	-	17	13	unresolved			1	1	0	2
D0_007072	chr18	54988917	54989967	-	17	17	unresolved			0	0	0	0
D0_007073	chr18	70685134	70747286	-	17	16	unresolved			1	1	0	2
D0_007074	chr18	79839763	79844537	+	17	8	other_v49_added_gene		ENSG00000298279	1	0	0	1
D0_007075	chr19	767728	776286	+	17	15	unresolved			1	1	0	2
D0_007076	chr19	1938263	1938748	+	17	15	unresolved			1	0	0	1
D0_007077	chr19	7562669	7569944	+	17	17	unresolved			1	1	0	2
D0_007078	chr19	8408913	8411206	+	17	15	unresolved			1	1	0	2
D0_007079	chr19	15225005	15225315	+	17	17	unresolved			1	0	0	1
D0_007080	chr19	22100222	22119400	-	17	16	other_v49_added_gene		ENSG00000308832	1	1	0	2
D0_007081	chr19	39800766	39800873	-	17	17	other_v49_added_gene		ENSG00000295466	1	0	0	1
D0_007082	chr19	43401035	43401232	-	17	17	unresolved			1	0	0	1
D0_007083	chr19	43673383	43677268	+	17	15	other_v49_added_gene		ENSG00000308028	1	1	0	2
D0_007084	chr19	47216104	47218311	-	17	15	unresolved			1	0	0	1
D0_007085	chr19	47254589	47255337	-	17	17	unresolved			1	1	0	2
D0_007086	chr19	47769077	47772540	+	17	15	unresolved			1	0	0	1
D0_007087	chr19	48768975	48787346	-	17	17	unresolved			1	1	0	2
D0_007088	chr19	51536523	51536810	-	17	16	unresolved			1	1	0	2
D0_007089	chr20	3091066	3093356	-	17	15	unresolved			1	0	0	1
D0_007090	chr20	7968889	7971067	-	17	13	unresolved			1	1	0	2
D0_007091	chr20	21558441	21563814	+	17	17	preexisting_v49_gene_span			1	1	0	2
D0_007092	chr20	32180438	32181308	-	17	13	unresolved			1	0	0	1
D0_007093	chr20	36972975	36976053	-	17	15	unresolved			1	1	0	2
D0_007094	chr20	37475393	37481262	-	17	15	unresolved			1	0	0	1
D0_007095	chr20	37487311	37489223	-	17	14	unresolved			1	0	0	1
D0_007096	chr20	37955241	37958244	-	17	16	unresolved			1	1	0	2
D0_007097	chr20	39435388	39435688	-	17	16	unresolved			1	0	0	1
D0_007098	chr20	39479303	39586210	-	17	17	other_v49_added_gene		ENSG00000309571	1	1	1	3
D0_007099	chr21	22783911	22784083	-	17	17	unresolved			1	0	0	1
D0_007100	chr21	28707332	28708843	-	17	15	preexisting_v49_gene_span			1	0	0	1
D0_007101	chr21	43805392	43805722	-	17	15	unresolved			1	0	0	1
D0_007102	chr22	23929965	23931528	-	17	16	other_v49_added_gene		ENSG00000290199	1	1	0	2
D0_007103	chr22	25529499	25532414	+	17	14	primary_match	ENSG00000291087	ENSG00000291087	1	0	0	1
D0_007104	chr22	30919667	30922269	-	17	16	other_v49_added_gene		ENSG00000294008	1	0	0	1
D0_007105	chr22	38076590	38076983	+	17	15	unresolved			1	1	0	2
D0_007106	chr22	39089426	39090584	-	17	14	unresolved			1	0	0	1
D0_007107	chr22	46137751	46138902	+	17	15	other_v49_added_gene		ENSG00000310052	1	1	0	2
D0_007108	chr22	47219332	47220123	-	17	15	unresolved			1	0	0	1
D0_007109	chrX	12986480	12990602	+	17	13	unresolved			1	0	0	1
D0_007110	chrX	30316129	30544382	+	17	17	unresolved			1	1	0	2
D0_007111	chrX	39176825	39183665	-	17	13	preexisting_v49_gene_span			1	1	0	2
D0_007112	chrX	41494448	41510736	-	17	16	unresolved			1	0	0	1
D0_007113	chrX	47816989	47817090	-	17	16	unresolved			1	0	0	1
D0_007114	chrX	50905895	50906334	+	17	16	unresolved			1	0	0	1
D0_007115	chrX	53171659	53177236	+	17	12	unresolved			1	1	0	2
D0_007116	chrX	53186402	53188727	-	17	17	preexisting_v49_gene_span			1	0	0	1
D0_007117	chrX	57615757	57619732	+	17	13	unresolved			1	1	0	2
D0_007118	chrX	71016206	71018246	-	17	16	preexisting_v49_gene_span			1	1	0	2
D0_007119	chrX	71319641	71321595	-	17	17	unresolved			1	0	0	1
D0_007120	chrX	71365127	71365929	-	17	16	unresolved			1	0	0	1
D0_007121	chrX	79376670	79378421	+	17	17	other_v49_added_gene		ENSG00000294454	1	0	0	1
D0_007122	chrX	101343266	101345651	-	17	16	unresolved			1	1	0	2
D0_007123	chrX	104454647	104454787	+	17	17	unresolved			1	0	0	1
D0_007124	chrX	114065337	114268704	+	17	17	unresolved			1	1	0	2
D0_007125	chrX	141825506	141825631	-	17	16	unresolved			1	0	0	1
D0_007126	chrX	155749456	155753136	+	17	16	preexisting_v49_gene_span			1	0	0	1
D0_007127	chrY	7153341	7154409	-	17	17	other_v49_added_gene		ENSG00000309393	1	0	0	1
D0_007128	chrY	12985996	12986708	-	17	17	unresolved			1	0	0	1
D0_007129	chrY	17756257	17756539	-	17	17	unresolved			1	0	0	1
D0_007130	chrY	20922824	20923385	-	17	17	unresolved			1	0	0	1
D0_007131	chrY	21264616	21266048	+	17	13	unresolved			1	0	0	1
D0_007132	GL000195.1	141012	142505	+	17	14	unresolved			1	1	0	2
D0_007133	KI270711.1	17253	17638	+	17	16	unresolved			1	0	0	1
D0_007134	KI270719.1	91986	93273	+	17	16	unresolved			1	0	0	1
D0_007135	chr1	8151905	8184001	-	16	15	unresolved			1	0	0	1
D0_007136	chr1	19278701	19281801	-	16	15	unresolved			1	1	0	2
D0_007137	chr1	19329939	19331499	-	16	15	unresolved			1	0	0	1
D0_007138	chr1	26493390	26510441	-	16	16	other_v49_added_gene		ENSG00000294798	1	1	0	2
D0_007139	chr1	30780184	30781746	-	16	10	other_v49_added_gene		ENSG00000306105	1	0	0	1
D0_007140	chr1	31171737	31171862	+	16	16	unresolved			1	0	0	1
D0_007141	chr1	32726107	32732754	-	16	16	unresolved			1	0	0	1
D0_007142	chr1	37487991	37490295	-	16	14	preexisting_v49_gene_span			1	1	0	2
D0_007143	chr1	44843596	44844787	-	16	12	preexisting_v49_gene_span			1	1	0	2
D0_007144	chr1	45753579	45753734	+	16	16	unresolved			1	0	0	1
D0_007145	chr1	51278441	51282675	+	16	14	unresolved			1	0	0	1
D0_007146	chr1	52614786	52616305	-	16	15	unresolved			1	0	0	1
D0_007147	chr1	53224702	53226604	-	16	15	unresolved			1	0	0	1
D0_007148	chr1	66988631	66994296	-	16	16	unresolved			1	1	0	2
D0_007149	chr1	72282666	72282976	-	16	13	unresolved			1	1	0	2
D0_007150	chr1	77221162	77226033	+	16	16	other_v49_added_gene		ENSG00000289212	1	1	0	2
D0_007151	chr1	89045100	89047841	-	16	13	unresolved			1	1	0	2
D0_007152	chr1	102462417	102651153	-	16	16	preexisting_v49_gene_span			1	1	0	2
D0_007153	chr1	108015212	108017047	+	16	12	preexisting_v49_gene_span			1	0	0	1
D0_007154	chr1	119030179	119030728	-	16	15	preexisting_v49_gene_span			1	1	0	2
D0_007155	chr1	120149087	120150884	-	16	14	unresolved			1	0	0	1
D0_007156	chr1	120480181	120480496	+	16	14	unresolved			1	0	0	1
D0_007157	chr1	144383667	144384993	-	16	13	unresolved			1	0	0	1
D0_007158	chr1	146062259	146064089	-	16	15	unresolved			1	1	0	2
D0_007159	chr1	149583324	149583614	+	16	14	other_v49_added_gene		ENSG00000291158	1	0	0	1
D0_007160	chr1	150596729	150599487	+	16	15	other_v49_added_gene		ENSG00000290074	1	0	1	2
D0_007161	chr1	150641039	150645617	-	16	12	unresolved			1	1	0	2
D0_007162	chr1	153646414	153649071	+	16	15	unresolved			1	1	0	2
D0_007163	chr1	156140698	156142124	+	16	8	unresolved			1	1	0	2
D0_007164	chr1	156190023	156193830	-	16	14	preexisting_v49_gene_span			1	1	0	2
D0_007165	chr1	161967090	161970277	+	16	15	preexisting_v49_gene_span			1	1	0	2
D0_007166	chr1	162487041	162487202	-	16	16	other_v49_added_gene		ENSG00000308263	1	0	0	1
D0_007167	chr1	170553486	170553831	+	16	15	preexisting_v49_gene_span			1	1	0	2
D0_007168	chr1	171593566	171595268	+	16	16	unresolved			1	0	0	1
D0_007169	chr1	173282491	173282983	-	16	15	preexisting_v49_gene_span			1	1	0	2
D0_007170	chr1	180893240	180893596	-	16	14	other_v49_added_gene		ENSG00000294697,ENSG00000294716	1	0	0	1
D0_007171	chr1	184772221	184774152	-	16	10	unresolved			1	0	0	1
D0_007172	chr1	193294621	193295530	+	16	13	unresolved			1	0	0	1
D0_007173	chr1	198322421	198322678	+	16	14	preexisting_v49_gene_span			1	1	0	2
D0_007174	chr1	206750843	206751241	+	16	12	unresolved			1	0	0	1
D0_007175	chr1	219258725	219261020	+	16	13	unresolved			1	0	0	1
D0_007176	chr1	223172552	223173468	+	16	15	unresolved			1	0	0	1
D0_007177	chr1	224203676	224204512	+	16	14	unresolved			1	1	0	2
D0_007178	chr1	226186952	226187323	+	16	13	other_v49_added_gene		ENSG00000299722	1	1	0	2
D0_007179	chr2	7092321	7093966	+	16	15	unresolved			1	1	0	2
D0_007180	chr2	9580655	9583223	+	16	16	unresolved			1	0	0	1
D0_007181	chr2	53052770	53056070	-	16	13	unresolved			0	0	0	0
D0_007182	chr2	61612455	61697281	+	16	16	unresolved			1	1	0	2
D0_007183	chr2	62151784	62156068	-	16	15	preexisting_v49_gene_span			1	0	0	1
D0_007184	chr2	62158106	62163761	+	16	13	unresolved			1	1	0	2
D0_007185	chr2	64767442	64769870	+	16	14	other_v49_added_gene		ENSG00000300542	1	0	0	1
D0_007186	chr2	68274727	68279745	+	16	13	other_v49_added_gene		ENSG00000289156	1	1	0	2
D0_007187	chr2	69438336	69439300	-	16	16	unresolved			1	1	0	2
D0_007188	chr2	75012290	75016399	+	16	13	unresolved			1	0	0	1
D0_007189	chr2	86496359	86498746	+	16	15	unresolved			1	1	0	2
D0_007190	chr2	95206348	95207361	-	16	14	other_v49_added_gene		ENSG00000289370	1	1	0	2
D0_007191	chr2	97753471	97755252	+	16	14	unresolved			1	1	0	2
D0_007192	chr2	98741336	98744944	+	16	14	unresolved			1	0	0	1
D0_007193	chr2	108696797	108699911	-	16	15	unresolved			1	0	0	1
D0_007194	chr2	112579318	112580921	-	16	14	preexisting_v49_gene_span			1	1	0	2
D0_007195	chr2	117054414	117139428	-	16	16	other_v49_added_gene		ENSG00000310388	1	1	0	2
D0_007196	chr2	119297591	119301516	-	16	12	preexisting_v49_gene_span			1	1	0	2
D0_007197	chr2	160718513	160829608	+	16	14	other_v49_added_gene		ENSG00000307318	1	1	0	2
D0_007198	chr2	161988214	161991263	-	16	14	unresolved			1	0	0	1
D0_007199	chr2	175168527	175172165	+	16	16	other_v49_added_gene		ENSG00000293891	1	1	0	2
D0_007200	chr2	186452190	186452568	+	16	14	unresolved			1	0	0	1
D0_007201	chr2	190846161	190849338	-	16	16	preexisting_v49_gene_span			1	1	0	2
D0_007202	chr2	190879158	190879562	+	16	15	unresolved			1	0	0	1
D0_007203	chr2	191205261	191205684	+	16	12	unresolved			1	1	0	2
D0_007204	chr2	202361891	202364691	-	16	16	unresolved			1	1	0	2
D0_007205	chr2	203611267	203625261	+	16	16	unresolved			1	0	0	1
D0_007206	chr2	216208770	216209089	+	16	15	unresolved			1	0	0	1
D0_007207	chr2	219190496	219194453	+	16	14	unresolved			1	1	0	2
D0_007208	chr2	219278679	219279091	-	16	15	unresolved			1	0	0	1
D0_007209	chr2	224445551	224454388	-	16	10	unresolved			1	0	0	1
D0_007210	chr2	231558288	231563158	+	16	13	other_v49_added_gene		ENSG00000301477	1	1	0	2
D0_007211	chr3	11771508	11772616	-	16	15	unresolved			1	0	0	1
D0_007212	chr3	11778219	11779888	-	16	12	unresolved			1	1	0	2
D0_007213	chr3	23984417	23987727	+	16	16	unresolved			1	0	0	1
D0_007214	chr3	32571254	32572514	+	16	15	other_v49_added_gene		ENSG00000304056	1	1	0	2
D0_007215	chr3	44873723	44874046	+	16	16	unresolved			1	1	0	2
D0_007216	chr3	48121661	48134668	-	16	16	unresolved			1	1	0	2
D0_007217	chr3	49437249	49441653	-	16	14	unresolved			1	0	0	1
D0_007218	chr3	49449982	49453578	+	16	14	unresolved			1	0	0	1
D0_007219	chr3	57603379	57605107	-	16	15	unresolved			1	0	0	1
D0_007220	chr3	57619153	57619263	+	16	15	preexisting_v49_gene_span			1	0	0	1
D0_007221	chr3	58426727	58427547	-	16	15	unresolved			1	1	0	2
D0_007222	chr3	67012834	67013200	-	16	15	unresolved			1	0	0	1
D0_007223	chr3	72723565	72734534	-	16	14	unresolved			1	1	0	2
D0_007224	chr3	101599802	101600570	-	16	16	unresolved			1	0	0	1
D0_007225	chr3	108091964	108094060	+	16	15	unresolved			1	1	0	2
D0_007226	chr3	121948480	121948823	-	16	16	unresolved			1	0	0	1
D0_007227	chr3	143968345	143971539	-	16	16	unresolved			1	1	0	2
D0_007228	chr3	149122213	149125115	-	16	15	unresolved			1	0	0	1
D0_007229	chr3	153068005	153068383	+	16	15	unresolved			1	1	0	2
D0_007230	chr3	170037290	170037718	-	16	13	unresolved			1	1	0	2
D0_007231	chr3	179394977	179395958	+	16	15	unresolved			1	0	0	1
D0_007232	chr3	183445982	183447516	-	16	14	unresolved			1	1	0	2
D0_007233	chr3	184184539	184185422	+	16	14	unresolved			1	1	0	2
D0_007234	chr3	193705236	193706959	+	16	11	unresolved			1	1	0	2
D0_007235	chr3	194581598	194583908	-	16	14	other_v49_added_gene		ENSG00000288979,ENSG00000296258	1	1	0	2
D0_007236	chr3	195271721	195274550	-	16	15	unresolved			1	1	0	2
D0_007237	chr3	195508147	195510573	-	16	13	unresolved			1	1	0	2
D0_007238	chr4	1342627	1344499	-	16	12	unresolved			1	1	0	2
D0_007239	chr4	6242051	6242164	-	16	16	unresolved			1	0	0	1
D0_007240	chr4	6623422	6628718	-	16	16	other_v49_added_gene		ENSG00000310372	1	1	0	2
D0_007241	chr4	25721280	25723029	-	16	14	unresolved			1	1	0	2
D0_007242	chr4	39043384	39044888	-	16	12	unresolved			1	0	0	1
D0_007243	chr4	40308390	40313241	+	16	14	preexisting_v49_gene_span			1	0	0	1
D0_007244	chr4	56466045	56466449	+	16	16	unresolved			1	0	0	1
D0_007245	chr4	70694431	70696455	+	16	14	unresolved			1	0	0	1
D0_007246	chr4	79899127	79900089	-	16	13	unresolved			1	0	0	1
D0_007247	chr4	82209969	82210076	-	16	16	unresolved			1	0	0	1
D0_007248	chr4	108281175	108284886	+	16	14	preexisting_v49_gene_span			1	1	0	2
D0_007249	chr4	108668090	108669728	+	16	12	unresolved			1	1	0	2
D0_007250	chr4	132771825	132771933	-	16	15	other_v49_added_gene		ENSG00000300768	1	0	0	1
D0_007251	chr4	134952137	134952258	-	16	16	preexisting_v49_gene_span			1	1	0	2
D0_007252	chr4	139213627	139214153	-	16	13	unresolved			1	0	0	1
D0_007253	chr4	163493620	163494035	+	16	15	unresolved			1	0	0	1
D0_007254	chr4	173329796	173330190	-	16	15	preexisting_v49_gene_span			1	1	0	2
D0_007255	chr4	174230010	174232891	-	16	15	other_v49_added_gene		ENSG00000289210	1	1	0	2
D0_007256	chr4	174232943	174233296	+	16	15	unresolved			1	0	0	1
D0_007257	chr4	184481443	184482778	-	16	15	unresolved			1	0	0	1
D0_007258	chr4	188068396	188068565	+	16	16	unresolved			1	0	0	1
D0_007259	chr4	188739496	188740206	-	16	15	other_v49_added_gene		ENSG00000297156	1	1	0	2
D0_007260	chr5	5795560	5796356	+	16	7	unresolved			1	0	0	1
D0_007261	chr5	21051514	21090259	+	16	14	unresolved			1	1	0	2
D0_007262	chr5	36455486	36455587	+	16	16	unresolved			1	0	0	1
D0_007263	chr5	42959270	42959719	-	16	6	preexisting_v49_gene_span			1	0	0	1
D0_007264	chr5	43811160	43811292	-	16	16	unresolved			1	0	0	1
D0_007265	chr5	66094212	66097547	-	16	16	unresolved			1	0	0	1
D0_007266	chr5	71144002	71144378	-	16	16	other_v49_added_gene		ENSG00000296329	1	0	0	1
D0_007267	chr5	80543206	80545354	+	16	11	unresolved			1	0	0	1
D0_007268	chr5	82429538	82429673	-	16	15	unresolved			1	0	0	1
D0_007269	chr5	83009122	83011757	-	16	13	preexisting_v49_gene_span			1	1	0	2
D0_007270	chr5	97442071	97442395	+	16	14	unresolved			0	0	0	0
D0_007271	chr5	99249713	99249807	+	16	15	unresolved			1	0	0	1
D0_007272	chr5	100958025	100961116	+	16	11	unresolved			1	1	0	2
D0_007273	chr5	112922315	112924560	+	16	14	other_v49_added_gene		ENSG00000302916	1	1	0	2
D0_007274	chr5	126679506	126737248	+	16	16	unresolved			1	1	0	2
D0_007275	chr5	138461506	138465175	+	16	16	unresolved			1	0	0	1
D0_007276	chr5	143252035	143257210	-	16	14	unresolved			1	1	0	2
D0_007277	chr5	166723877	166724013	-	16	15	unresolved			1	0	0	1
D0_007278	chr5	170084989	170086696	+	16	13	unresolved			1	0	0	1
D0_007279	chr5	170090114	170090480	+	16	15	unresolved			1	0	0	1
D0_007280	chr5	171840503	171840911	-	16	14	unresolved			1	0	0	1
D0_007281	chr5	176522054	176524001	-	16	13	unresolved			1	0	0	1
D0_007282	chr5	178154352	178165274	+	16	16	other_v49_added_gene		ENSG00000289726	1	1	0	2
D0_007283	chr5	180582071	180584570	+	16	14	unresolved			1	1	0	2
D0_007284	chr6	4007236	4007824	+	16	16	unresolved			1	0	0	1
D0_007285	chr6	14244897	14249458	+	16	13	unresolved			1	0	0	1
D0_007286	chr6	26209950	26212790	+	16	12	other_v49_added_gene		ENSG00000291336,ENSG00000291338	1	0	0	1
D0_007287	chr6	27443286	27444922	-	16	12	unresolved			1	0	0	1
D0_007288	chr6	27901060	27902440	+	16	14	unresolved			1	1	0	2
D0_007289	chr6	31205881	31208262	+	16	15	preexisting_v49_gene_span			1	1	0	2
D0_007290	chr6	31397688	31399481	-	16	15	preexisting_v49_gene_span			1	1	0	2
D0_007291	chr6	31565022	31567121	+	16	13	unresolved			1	0	0	1
D0_007292	chr6	31840355	31844014	-	16	14	unresolved			1	0	0	1
D0_007293	chr6	33594252	33612404	-	16	15	other_v49_added_gene		ENSG00000309063	1	1	0	2
D0_007294	chr6	41287028	41288211	+	16	13	unresolved			1	0	0	1
D0_007295	chr6	53219931	53220623	-	16	15	unresolved			1	0	0	1
D0_007296	chr6	53233617	53235326	+	16	14	unresolved			1	0	0	1
D0_007297	chr6	80352050	80355400	+	16	15	unresolved			1	1	0	2
D0_007298	chr6	80416307	80416728	-	16	16	unresolved			1	0	0	1
D0_007299	chr6	84559078	84559252	-	16	16	preexisting_v49_gene_span			1	0	0	1
D0_007300	chr6	89638813	89641006	+	16	16	preexisting_v49_gene_span			1	1	0	2
D0_007301	chr6	105947494	105970484	-	16	16	unresolved			1	1	0	2
D0_007302	chr6	107688256	107689204	-	16	14	unresolved			1	0	0	1
D0_007303	chr6	110816179	110818033	+	16	12	other_v49_added_gene		ENSG00000298831	1	1	0	2
D0_007304	chr6	110872795	110874671	-	16	14	other_v49_added_gene		ENSG00000298878	1	1	0	2
D0_007305	chr6	110981224	110981977	-	16	16	other_v49_added_gene		ENSG00000298854	1	1	0	2
D0_007306	chr6	118455092	118456694	-	16	14	unresolved			1	0	0	1
D0_007307	chr6	134167056	134168426	-	16	14	unresolved			1	1	0	2
D0_007308	chr6	134167431	134168702	+	16	12	unresolved			1	0	0	1
D0_007309	chr6	134783454	134783628	+	16	16	unresolved			1	0	0	1
D0_007310	chr6	149416283	149416624	+	16	12	unresolved			1	0	0	1
D0_007311	chr6	160120079	160121394	+	16	14	unresolved			1	0	0	1
D0_007312	chr7	5095489	5100572	-	16	11	unresolved			1	1	0	2
D0_007313	chr7	6295545	6311055	+	16	16	unresolved			1	0	0	1
D0_007314	chr7	7635122	7636425	-	16	16	preexisting_v49_gene_span			1	1	0	2
D0_007315	chr7	23019656	23086376	+	16	16	unresolved			1	1	0	2
D0_007316	chr7	66918472	66921092	-	16	14	other_v49_added_gene		ENSG00000301789	1	1	1	3
D0_007317	chr7	67239578	67242918	+	16	15	unresolved			1	0	0	1
D0_007318	chr7	73744100	73753947	-	16	16	unresolved			1	0	0	1
D0_007319	chr7	76452434	76455451	-	16	15	unresolved			1	0	0	1
D0_007320	chr7	76635498	76638144	+	16	16	other_v49_added_gene		ENSG00000290873	1	0	0	1
D0_007321	chr7	89389204	89389308	-	16	16	unresolved			1	0	0	1
D0_007322	chr7	103153650	103155401	+	16	11	other_v49_added_gene		ENSG00000289956	1	1	0	2
D0_007323	chr7	106286382	106287756	+	16	13	unresolved			1	0	0	1
D0_007324	chr7	108465160	108470330	-	16	16	unresolved			1	1	0	2
D0_007325	chr7	121341629	121342240	-	16	14	other_v49_added_gene		ENSG00000308687	1	0	0	1
D0_007326	chr7	128666535	128666994	-	16	16	unresolved			1	0	0	1
D0_007327	chr7	129600198	129604258	-	16	14	preexisting_v49_gene_span			1	1	0	2
D0_007328	chr7	130150084	130151463	+	16	16	unresolved			1	1	0	2
D0_007329	chr7	133167991	133168842	-	16	16	unresolved			1	1	0	2
D0_007330	chr7	139021498	139023667	-	16	16	unresolved			1	1	0	2
D0_007331	chr7	142324889	142328274	-	16	11	unresolved			1	0	0	1
D0_007332	chr7	142788334	142790097	-	16	13	unresolved			1	1	0	2
D0_007333	chr7	143565907	143566333	+	16	15	other_v49_added_gene		ENSG00000290786	1	0	0	1
D0_007334	chr7	143742600	143745693	-	16	15	primary_match	ENSG00000291149	ENSG00000291149	1	0	0	1
D0_007335	chr7	144445512	144447312	+	16	16	unresolved			1	0	0	1
D0_007336	chr7	148964771	148965055	+	16	4	unresolved			1	0	0	1
D0_007337	chr7	151027680	151028283	-	16	15	other_v49_added_gene		ENSG00000299783	1	0	0	1
D0_007338	chr7	151520147	151522714	+	16	11	unresolved			1	1	0	2
D0_007339	chr7	152892224	152895358	+	16	10	unresolved			1	0	0	1
D0_007340	chr7	158707704	158712874	-	16	15	unresolved			1	0	0	1
D0_007341	chr8	66707	68359	-	16	16	other_v49_added_gene		ENSG00000292979	1	0	0	1
D0_007342	chr8	6344869	6381371	+	16	15	unresolved			1	1	0	2
D0_007343	chr8	38100433	38104854	-	16	13	other_v49_added_gene		ENSG00000307990	1	1	0	2
D0_007344	chr8	41926223	41927797	+	16	16	unresolved			1	0	0	1
D0_007345	chr8	43137512	43139982	-	16	16	unresolved			1	1	0	2
D0_007346	chr8	47757124	47758831	-	16	16	unresolved			1	0	0	1
D0_007347	chr8	48068414	48069558	+	16	11	unresolved			1	0	0	1
D0_007348	chr8	55826531	55828344	+	16	12	unresolved			1	1	0	2
D0_007349	chr8	66614436	66615297	+	16	16	other_v49_added_gene		ENSG00000304359	1	1	0	2
D0_007350	chr8	70107910	70109780	-	16	15	preexisting_v49_gene_span			1	1	0	2
D0_007351	chr8	77024233	77027801	+	16	13	unresolved			1	0	0	1
D0_007352	chr8	80527254	80527538	-	16	16	unresolved			1	0	0	1
D0_007353	chr8	89836095	89840891	-	16	13	preexisting_v49_gene_span			1	1	0	2
D0_007354	chr8	93989397	93991357	-	16	12	unresolved			1	0	0	1
D0_007355	chr8	108507816	108510106	+	16	13	unresolved			1	0	0	1
D0_007356	chr8	114370358	114567846	-	16	16	other_v49_added_gene		ENSG00000301177	1	1	0	2
D0_007357	chr9	19895525	19895708	-	16	16	other_v49_added_gene		ENSG00000297880	1	0	0	1
D0_007358	chr9	27690742	27694759	+	16	16	unresolved			1	0	0	1
D0_007359	chr9	35025907	35028587	-	16	16	preexisting_v49_gene_span			1	1	0	2
D0_007360	chr9	36128511	36132923	-	16	13	other_v49_added_gene		ENSG00000298190	1	1	0	2
D0_007361	chr9	36565050	36565162	+	16	15	unresolved			1	0	0	1
D0_007362	chr9	37465967	37469228	+	16	16	unresolved			1	1	0	2
D0_007363	chr9	41496027	41496463	+	16	14	other_v49_added_gene		ENSG00000288891	1	0	0	1
D0_007364	chr9	42666524	42667261	-	16	16	other_v49_added_gene		ENSG00000302324	1	0	0	1
D0_007365	chr9	63814558	63817528	-	16	15	preexisting_v49_gene_span			1	1	0	2
D0_007366	chr9	69760423	69762207	+	16	15	other_v49_added_gene		ENSG00000302600	1	1	0	2
D0_007367	chr9	80671771	80672099	-	16	14	unresolved			1	0	0	1
D0_007368	chr9	83551490	83554236	-	16	11	unresolved			1	0	0	1
D0_007369	chr9	92674039	92676266	-	16	16	unresolved			1	0	0	1
D0_007370	chr9	92686791	92687143	-	16	16	unresolved			1	1	0	2
D0_007371	chr9	92941421	92941537	+	16	15	unresolved			0	0	0	0
D0_007372	chr9	96884496	96886741	-	16	14	primary_match	ENSG00000290770	ENSG00000290770	1	0	0	1
D0_007373	chr9	104705338	104705728	+	16	14	unresolved			1	0	0	1
D0_007374	chr9	112208783	112209920	+	16	15	unresolved			1	0	0	1
D0_007375	chr9	114604217	114606842	+	16	14	unresolved			1	1	0	2
D0_007376	chr9	120930031	120931648	-	16	13	preexisting_v49_gene_span			1	0	0	1
D0_007377	chr9	128696619	128699921	+	16	16	unresolved			1	1	0	2
D0_007378	chr9	129775841	129776512	-	16	15	other_v49_added_gene		ENSG00000295529	1	0	0	1
D0_007379	chr9	129882760	129883659	+	16	16	unresolved			1	0	0	1
D0_007380	chr9	131247343	131248948	-	16	16	unresolved			1	1	0	2
D0_007381	chr9	131541830	131544179	-	16	15	unresolved			1	0	0	1
D0_007382	chr10	3893173	3894810	+	16	14	unresolved			1	1	0	2
D0_007383	chr10	6259971	6260385	+	16	13	unresolved			1	1	0	2
D0_007384	chr10	7149141	7149254	+	16	16	unresolved			1	0	0	1
D0_007385	chr10	8351040	8351157	+	16	15	preexisting_v49_gene_span			0	0	0	0
D0_007386	chr10	22003817	22006513	+	16	12	unresolved			1	0	0	1
D0_007387	chr10	38380969	38382601	-	16	15	unresolved			1	0	0	1
D0_007388	chr10	53468919	53472034	-	16	16	unresolved			1	0	0	1
D0_007389	chr10	68796119	68807293	-	16	16	unresolved			1	0	1	2
D0_007390	chr10	69058361	69059393	+	16	14	other_v49_added_gene		ENSG00000297252	1	1	0	2
D0_007391	chr10	74751722	74819040	-	16	16	unresolved			1	1	0	2
D0_007392	chr10	74800938	74809900	+	16	16	unresolved			1	0	0	1
D0_007393	chr10	79658140	79660854	-	16	16	unresolved			1	1	0	2
D0_007394	chr10	99773665	99775791	-	16	16	unresolved			1	0	0	1
D0_007395	chr10	102086704	102087611	-	16	15	unresolved			1	0	0	1
D0_007396	chr10	102106538	102106842	-	16	16	preexisting_v49_gene_span			1	1	0	2
D0_007397	chr10	112941790	112947917	+	16	14	preexisting_v49_gene_span			1	1	0	2
D0_007398	chr10	118755338	118756555	+	16	13	other_v49_added_gene		ENSG00000303302	1	1	0	2
D0_007399	chr10	123179518	123183124	+	16	15	unresolved			1	1	0	2
D0_007400	chr10	124792351	124795256	+	16	14	unresolved			1	1	0	2
D0_007401	chr10	131963827	131965085	-	16	14	unresolved			1	1	0	2
D0_007402	chr10	133277331	133278628	-	16	12	unresolved			1	0	0	1
D0_007403	chr11	1518787	1520478	-	16	15	unresolved			1	0	0	1
D0_007404	chr11	30338225	30339743	+	16	14	preexisting_v49_gene_span			1	1	0	2
D0_007405	chr11	61296807	61298079	-	16	16	unresolved			1	1	0	2
D0_007406	chr11	61399451	61402179	-	16	11	unresolved			1	0	0	1
D0_007407	chr11	62556344	62559070	+	16	12	unresolved			1	1	0	2
D0_007408	chr11	62591836	62593204	+	16	16	other_v49_added_gene		ENSG00000308510	1	1	0	2
D0_007409	chr11	64329945	64331268	-	16	15	preexisting_v49_gene_span			1	0	0	1
D0_007410	chr11	65260190	65260730	-	16	13	unresolved			1	0	0	1
D0_007411	chr11	65466913	65468743	+	16	12	other_v49_added_gene		ENSG00000291174	1	1	0	2
D0_007412	chr11	86196693	86196802	+	16	16	unresolved			1	0	0	1
D0_007413	chr11	104236392	104236519	-	16	15	unresolved			1	0	0	1
D0_007414	chr11	121648451	121650807	+	16	15	unresolved			1	0	0	1
D0_007415	chr11	123019291	123019622	+	16	16	unresolved			1	0	0	1
D0_007416	chr11	123037584	123039557	+	16	13	unresolved			1	0	0	1
D0_007417	chr12	684739	686343	-	16	16	preexisting_v49_gene_span			1	0	0	1
D0_007418	chr12	9129512	9130991	-	16	11	unresolved			1	0	0	1
D0_007419	chr12	10600219	10600846	-	16	14	unresolved			1	1	0	2
D0_007420	chr12	11342868	11343994	+	16	13	unresolved			1	0	0	1
D0_007421	chr12	11648252	11649734	-	16	16	unresolved			1	1	0	2
D0_007422	chr12	11898220	11900227	+	16	14	unresolved			1	0	0	1
D0_007423	chr12	31873910	31876620	+	16	15	unresolved			1	0	0	1
D0_007424	chr12	32667943	32678762	-	16	10	unresolved			1	0	0	1
D0_007425	chr12	45914627	45919113	-	16	15	unresolved			1	1	0	2
D0_007426	chr12	51089499	51092688	-	16	15	unresolved			1	1	0	2
D0_007427	chr12	61342760	61342885	+	16	16	unresolved			1	0	0	1
D0_007428	chr12	67685411	67686140	-	16	16	unresolved			1	0	0	1
D0_007429	chr12	68475212	68475299	+	16	16	unresolved			1	1	0	2
D0_007430	chr12	73354794	73506162	+	16	16	other_v49_added_gene		ENSG00000294955	1	1	0	2
D0_007431	chr12	91875810	91876891	-	16	15	other_v49_added_gene		ENSG00000304322	1	0	0	1
D0_007432	chr12	98508372	98511445	-	16	11	unresolved			1	1	0	2
D0_007433	chr12	98591966	98593478	-	16	13	unresolved			1	0	0	1
D0_007434	chr12	100017030	100019688	-	16	13	unresolved			1	1	0	2
D0_007435	chr12	113192456	113194325	+	16	15	preexisting_v49_gene_span			1	1	0	2
D0_007436	chr12	116277863	116279773	+	16	13	other_v49_added_gene		ENSG00000299468	1	1	0	2
D0_007437	chr12	121594019	121597706	-	16	15	other_v49_added_gene		ENSG00000302371	1	0	0	1
D0_007438	chr12	132481136	132484409	-	16	14	unresolved			1	0	0	1
D0_007439	chr12	132594570	132595073	+	16	16	unresolved			1	0	0	1
D0_007440	chr12	132961131	132971847	-	16	13	unresolved			1	0	0	1
D0_007441	chr13	45118666	45120365	-	16	14	preexisting_v49_gene_span			1	1	0	2
D0_007442	chr13	45318037	45320796	+	16	14	preexisting_v49_gene_span			1	0	0	1
D0_007443	chr13	109469296	109471563	-	16	12	unresolved			1	0	0	1
D0_007444	chr14	22589607	22592195	+	16	16	other_v49_added_gene		ENSG00000305009	1	0	0	1
D0_007445	chr14	30369280	30369439	+	16	16	other_v49_added_gene		ENSG00000306743	1	1	0	2
D0_007446	chr14	30620647	30622186	+	16	16	unresolved			1	0	0	1
D0_007447	chr14	30829039	30829380	+	16	14	unresolved			1	0	0	1
D0_007448	chr14	35043709	35044822	-	16	15	unresolved			1	1	0	2
D0_007449	chr14	50842013	50842914	+	16	16	unresolved			1	0	0	1
D0_007450	chr14	51265757	51269421	+	16	14	unresolved			1	1	0	2
D0_007451	chr14	61797115	61797543	-	16	14	unresolved			1	0	0	1
D0_007452	chr14	65368155	65370527	-	16	16	unresolved			1	0	0	1
D0_007453	chr14	69040713	69043729	-	16	15	unresolved			1	1	0	2
D0_007454	chr14	76892393	76912864	+	16	16	unresolved			1	0	0	1
D0_007455	chr14	95475903	95477817	-	16	16	preexisting_v49_gene_span			1	1	0	2
D0_007456	chr14	103514603	103514921	-	16	16	unresolved			1	0	0	1
D0_007457	chr15	40732482	40735610	-	16	16	preexisting_v49_gene_span			1	1	0	2
D0_007458	chr15	41514571	41516177	+	16	12	unresolved			1	0	0	1
D0_007459	chr15	49820783	49823423	-	16	12	unresolved			1	0	0	1
D0_007460	chr15	55176888	55180359	-	16	16	unresolved			1	0	0	1
D0_007461	chr15	63309983	63313565	+	16	12	unresolved			1	0	0	1
D0_007462	chr15	65035560	65035781	-	16	15	unresolved			1	0	0	1
D0_007463	chr15	74913870	74916893	-	16	16	unresolved			1	1	0	2
D0_007464	chr15	74915723	74918000	+	16	14	unresolved			1	1	0	2
D0_007465	chr15	78538952	78540128	-	16	13	other_v49_added_gene		ENSG00000297264	1	0	0	1
D0_007466	chr15	82806617	82809581	-	16	14	unresolved			1	1	0	2
D0_007467	chr15	84658690	84659123	-	16	16	unresolved			1	0	0	1
D0_007468	chr15	89821656	89821962	+	16	14	other_v49_added_gene		ENSG00000295020	1	0	0	1
D0_007469	chr15	96842855	96842960	+	16	16	unresolved			1	0	0	1
D0_007470	chr16	712907	713598	+	16	16	unresolved			1	1	0	2
D0_007471	chr16	4460229	4460819	+	16	15	unresolved			1	1	0	2
D0_007472	chr16	15227623	15265131	+	16	15	unresolved			1	0	0	1
D0_007473	chr16	17046562	17047379	+	16	15	preexisting_v49_gene_span			1	1	0	2
D0_007474	chr16	21374501	21376282	-	16	11	unresolved			1	0	0	1
D0_007475	chr16	25453955	25454061	-	16	16	unresolved			1	0	0	1
D0_007476	chr16	26484195	26484325	-	16	16	unresolved			1	0	0	1
D0_007477	chr16	30627200	30628610	+	16	16	unresolved			1	0	0	1
D0_007478	chr16	31596895	31598012	-	16	15	unresolved			1	1	0	2
D0_007479	chr16	31712251	31712656	+	16	16	unresolved			1	0	0	1
D0_007480	chr16	50663210	50663918	-	16	14	unresolved			1	0	0	1
D0_007481	chr16	69092553	69094013	-	16	15	unresolved			1	0	0	1
D0_007482	chr16	71809562	71812915	-	16	16	unresolved			1	1	0	2
D0_007483	chr16	77189661	77190289	-	16	15	unresolved			1	1	0	2
D0_007484	chr16	81387564	81388824	+	16	15	preexisting_v49_gene_span			1	1	0	2
D0_007485	chr16	81443531	81444714	-	16	12	other_v49_added_gene		ENSG00000307346	1	1	0	2
D0_007486	chr16	88118100	88118864	-	16	16	unresolved			1	0	0	1
D0_007487	chr17	1418223	1419222	+	16	13	unresolved			1	0	0	1
D0_007488	chr17	2403984	2405523	-	16	16	unresolved			1	1	0	2
D0_007489	chr17	8271480	8272822	+	16	15	unresolved			1	1	0	2
D0_007490	chr17	9248497	9250456	-	16	16	unresolved			1	0	0	1
D0_007491	chr17	16502732	16513427	-	16	16	unresolved			1	0	0	1
D0_007492	chr17	18814797	18815969	+	16	16	unresolved			1	0	0	1
D0_007493	chr17	20595755	20603009	+	16	16	unresolved			0	1	0	1
D0_007494	chr17	27320346	27323176	+	16	14	unresolved			1	0	0	1
D0_007495	chr17	28199356	28201522	+	16	12	unresolved			1	0	0	1
D0_007496	chr17	39250826	39252488	-	16	11	unresolved			1	1	0	2
D0_007497	chr17	41797242	41798094	-	16	16	unresolved			1	0	0	1
D0_007498	chr17	42186117	42188711	-	16	13	unresolved			1	1	0	2
D0_007499	chr17	42276709	42281791	+	16	15	unresolved			1	0	0	1
D0_007500	chr17	44223819	44228161	+	16	16	preexisting_v49_gene_span			1	1	0	2
D0_007501	chr17	45180280	45190863	+	16	15	unresolved			1	0	0	1
D0_007502	chr17	45589292	45594538	+	16	16	preexisting_v49_gene_span			1	1	0	2
D0_007503	chr17	48872150	48874598	+	16	16	unresolved			1	1	0	2
D0_007504	chr17	59540315	59551315	-	16	16	unresolved			1	1	0	2
D0_007505	chr17	63446428	63449261	+	16	11	unresolved			1	0	0	1
D0_007506	chr17	67986066	67987152	+	16	14	unresolved			1	1	0	2
D0_007507	chr17	74491138	74492866	+	16	14	unresolved			1	0	0	1
D0_007508	chr17	74980530	74981653	-	16	16	other_v49_added_gene		ENSG00000306291	1	1	0	2
D0_007509	chr17	75183104	75192576	+	16	15	unresolved			1	1	0	2
D0_007510	chr17	76256220	76256774	-	16	8	other_v49_added_gene		ENSG00000308644	1	0	0	1
D0_007511	chr17	80455096	80455632	+	16	16	other_v49_added_gene		ENSG00000296743	1	1	1	3
D0_007512	chr18	13792269	13819359	+	16	16	unresolved			1	1	0	2
D0_007513	chr18	15286318	15286455	+	16	16	unresolved			1	0	0	1
D0_007514	chr18	35146747	35147089	-	16	16	unresolved			1	0	0	1
D0_007515	chr18	45967845	45971594	+	16	15	unresolved			1	1	0	2
D0_007516	chr18	49475352	49476660	-	16	12	unresolved			1	0	0	1
D0_007517	chr18	54146835	54147783	-	16	16	unresolved			1	0	0	1
D0_007518	chr19	2504522	2510583	+	16	14	unresolved			1	1	0	2
D0_007519	chr19	3956437	3957893	+	16	16	other_v49_added_gene		ENSG00000294388	1	0	0	1
D0_007520	chr19	4082374	4082861	+	16	15	unresolved			1	0	0	1
D0_007521	chr19	9520115	9520875	+	16	16	unresolved			1	0	0	1
D0_007522	chr19	10346154	10346681	-	16	16	unresolved			1	0	0	1
D0_007523	chr19	11271586	11287852	-	16	16	unresolved			1	1	0	2
D0_007524	chr19	11986199	11987611	-	16	13	unresolved			1	0	0	1
D0_007525	chr19	12682062	12682665	-	16	12	unresolved			1	0	0	1
D0_007526	chr19	13103347	13104889	+	16	16	other_v49_added_gene		ENSG00000304024	1	1	0	2
D0_007527	chr19	14420575	14422338	+	16	13	unresolved			1	0	0	1
D0_007528	chr19	15348490	15349083	+	16	14	unresolved			1	0	0	1
D0_007529	chr19	17399581	17402787	-	16	15	unresolved			1	1	0	2
D0_007530	chr19	17866774	17868481	-	16	14	unresolved			1	1	0	2
D0_007531	chr19	18255613	18256776	+	16	15	unresolved			1	0	0	1
D0_007532	chr19	34473235	34475005	+	16	16	unresolved			1	1	0	2
D0_007533	chr19	37733745	37735498	-	16	12	unresolved			1	1	0	2
D0_007534	chr19	41445301	41448533	+	16	13	unresolved			1	1	0	2
D0_007535	chr19	44998682	45000353	+	16	15	unresolved			1	0	0	1
D0_007536	chr19	46285962	46286135	+	16	16	unresolved			1	0	0	1
D0_007537	chr19	47277414	47280807	+	16	13	preexisting_v49_gene_span			1	1	0	2
D0_007538	chr19	48111164	48112973	-	16	14	unresolved			1	0	0	1
D0_007539	chr19	49548520	49553571	+	16	13	unresolved			1	1	0	2
D0_007540	chr19	51405134	51409612	-	16	15	unresolved			1	0	1	2
D0_007541	chr19	51516917	51517746	-	16	12	unresolved			1	1	0	2
D0_007542	chr19	53844304	53845785	-	16	14	unresolved			1	0	0	1
D0_007543	chr19	54921361	54923479	+	16	15	unresolved			1	1	0	2
D0_007544	chr20	2830092	2832560	-	16	15	unresolved			1	1	0	2
D0_007545	chr20	4685274	4686307	-	16	14	unresolved			1	1	0	2
D0_007546	chr20	23345655	23346002	-	16	13	preexisting_v49_gene_span			1	0	0	1
D0_007547	chr20	31588419	31593341	+	16	16	preexisting_v49_gene_span			1	0	0	1
D0_007548	chr20	38800641	38801840	-	16	16	unresolved			1	1	0	2
D0_007549	chr20	40681162	40685797	-	16	14	unresolved			1	0	0	1
D0_007550	chr20	41693660	41694313	+	16	12	unresolved			1	1	0	2
D0_007551	chr20	44286348	44287378	-	16	16	unresolved			1	0	0	1
D0_007552	chr20	49194255	49199057	+	16	14	unresolved			1	0	0	1
D0_007553	chr20	53672431	53702448	-	16	13	unresolved			1	1	0	2
D0_007554	chr20	62120898	62121762	-	16	14	other_v49_added_gene		ENSG00000289236	1	0	0	1
D0_007555	chr20	62794625	62796298	-	16	13	other_v49_added_gene		ENSG00000304909	1	1	0	2
D0_007556	chr21	15886375	15887640	-	16	15	unresolved			1	0	0	1
D0_007557	chr21	28780236	28781338	-	16	14	preexisting_v49_gene_span			1	1	0	2
D0_007558	chr21	28994536	28997243	-	16	14	other_v49_added_gene		ENSG00000308554	1	1	0	2
D0_007559	chr21	31640357	31641442	-	16	16	preexisting_v49_gene_span			1	0	0	1
D0_007560	chr21	32222689	32231798	+	16	16	unresolved			1	1	0	2
D0_007561	chr21	43714159	43715903	-	16	14	unresolved			1	0	0	1
D0_007562	chr21	44132145	44133015	+	16	16	unresolved			1	0	0	1
D0_007563	chr22	12115932	12181093	+	16	15	other_v49_added_gene		ENSG00000298316	1	0	0	1
D0_007564	chr22	17077679	17079618	+	16	15	unresolved			1	1	0	2
D0_007565	chr22	17782278	17784721	+	16	14	unresolved			1	0	0	1
D0_007566	chr22	18588332	18589691	-	16	16	unresolved			1	0	0	1
D0_007567	chr22	19858916	19859500	-	16	15	unresolved			1	0	0	1
D0_007568	chr22	20076251	20077597	-	16	16	unresolved			1	0	0	1
D0_007569	chr22	26792133	26792539	-	16	16	unresolved			1	0	0	1
D0_007570	chr22	31349119	31354490	+	16	16	unresolved			1	1	0	2
D0_007571	chr22	35360249	35366909	-	16	16	unresolved			1	0	0	1
D0_007572	chr22	39346111	39346973	+	16	15	unresolved			0	0	0	0
D0_007573	chr22	40940256	40943579	+	16	14	unresolved			1	1	0	2
D0_007574	chr22	42071503	42073016	+	16	14	unresolved			1	1	0	2
D0_007575	chr22	47431306	47433711	-	16	13	preexisting_v49_gene_span			1	0	0	1
D0_007576	chr22	49839144	49840961	+	16	11	unresolved			1	0	0	1
D0_007577	chr22	50543221	50544482	-	16	15	preexisting_v49_gene_span			1	0	0	1
D0_007578	chrX	13686826	13689025	-	16	9	unresolved			1	1	0	2
D0_007579	chrX	21995096	21997981	+	16	14	unresolved			1	1	0	2
D0_007580	chrX	35021119	35021248	-	16	16	unresolved			1	0	0	1
D0_007581	chrX	48608991	48609544	+	16	15	unresolved			1	0	0	1
D0_007582	chrX	53927488	53929705	+	16	16	unresolved			1	0	0	1
D0_007583	chrX	57176309	57177574	+	16	16	preexisting_v49_gene_span			1	0	0	1
D0_007584	chrX	65094271	65094686	-	16	14	unresolved			1	0	0	1
D0_007585	chrX	76193088	76194601	+	16	14	unresolved			1	1	0	2
D0_007586	chrX	77503925	77504466	-	16	14	unresolved			1	1	0	2
D0_007587	chrX	78765575	78765913	+	16	16	unresolved			1	0	0	1
D0_007588	chrX	100960713	100963449	+	16	14	unresolved			1	0	0	1
D0_007589	chrX	103672030	103675124	-	16	12	other_v49_added_gene		ENSG00000297314	1	1	0	2
D0_007590	chrX	107465165	107466865	+	16	13	preexisting_v49_gene_span			1	0	0	1
D0_007591	chrX	108991381	108991545	+	16	14	unresolved			1	0	0	1
D0_007592	chrX	117143657	117274141	-	16	16	unresolved			1	1	0	2
D0_007593	chrX	119221742	119221890	+	16	14	unresolved			1	0	0	1
D0_007594	chrX	119774687	119782143	+	16	14	unresolved			1	1	0	2
D0_007595	chrX	121685651	121863546	-	16	16	unresolved			1	1	0	2
D0_007596	chrX	125399644	125399729	+	16	12	unresolved			1	0	0	1
D0_007597	chrX	145436854	145438523	+	16	16	unresolved			1	1	0	2
D0_007598	chrX	146042543	146062082	+	16	15	unresolved			1	0	0	1
D0_007599	chrY	1644331	1659022	-	16	16	unresolved			1	0	0	1
D0_007600	chrY	1771015	1771406	-	16	13	unresolved			1	0	0	1
D0_007601	chrY	7381994	7382373	+	16	15	unresolved			1	0	0	1
D0_007602	chrY	13029084	13029790	-	16	16	unresolved			1	0	0	1
D0_007603	chrY	13571460	13571664	+	16	15	other_v49_added_gene		ENSG00000297994	1	0	0	1
D0_007604	chrY	19609479	19610795	+	16	16	unresolved			1	1	0	2
D0_007605	chrY	19684270	19685293	-	16	15	unresolved			1	0	0	1
D0_007606	chrY	21136491	21149870	-	16	13	other_v49_added_gene		ENSG00000297760	1	1	0	2
D0_007607	chrY	21188841	21191340	-	16	9	unresolved			1	0	0	1
D0_007608	chrY	24318695	24319059	+	16	16	unresolved			1	0	0	1
D0_007609	GL000219.1	68325	70539	-	16	15	unresolved			1	1	0	2
D0_007610	KI270718.1	34399	36824	-	16	15	unresolved			1	0	0	1
D0_007611	KI270744.1	39479	39784	-	16	14	unresolved			1	0	0	1
D0_007612	chr1	8912240	8914146	+	15	14	unresolved			1	1	0	2
D0_007613	chr1	9649052	9651428	-	15	13	unresolved			1	0	0	1
D0_007614	chr1	12017076	12019158	-	15	14	preexisting_v49_gene_span			1	1	0	2
D0_007615	chr1	25430331	25430840	+	15	15	unresolved			1	0	0	1
D0_007616	chr1	36632260	36633480	+	15	15	other_v49_added_gene		ENSG00000294271	1	0	0	1
D0_007617	chr1	38322725	38329299	-	15	15	other_v49_added_gene		ENSG00000301425	1	0	0	1
D0_007618	chr1	52588119	52594027	-	15	15	unresolved			1	1	0	2
D0_007619	chr1	54524983	54525105	+	15	15	unresolved			1	1	0	2
D0_007620	chr1	55216637	55217454	+	15	12	unresolved			1	1	0	2
D0_007621	chr1	62782225	62783959	-	15	13	unresolved			1	1	0	2
D0_007622	chr1	83170485	83170600	+	15	13	unresolved			1	0	0	1
D0_007623	chr1	83338736	83340189	-	15	12	preexisting_v49_gene_span			1	0	0	1
D0_007624	chr1	83353344	83355897	-	15	12	preexisting_v49_gene_span			1	0	0	1
D0_007625	chr1	85201451	85203338	+	15	14	other_v49_added_gene		ENSG00000296416,ENSG00000296439	1	1	0	2
D0_007626	chr1	87328581	87328876	+	15	13	preexisting_v49_gene_span			1	1	0	2
D0_007627	chr1	90898368	90903298	+	15	14	unresolved			1	0	0	1
D0_007628	chr1	100986219	100989504	-	15	13	unresolved			1	1	0	2
D0_007629	chr1	105707755	105890291	-	15	15	unresolved			1	1	0	2
D0_007630	chr1	108558855	108559995	-	15	11	unresolved			1	1	0	2
D0_007631	chr1	108703066	108705135	+	15	12	unresolved			1	1	0	2
D0_007632	chr1	110640405	110641079	+	15	13	other_v49_added_gene		ENSG00000300042	1	0	0	1
D0_007633	chr1	111185105	111185776	-	15	15	unresolved			1	1	0	2
D0_007634	chr1	114383971	114386044	-	15	12	unresolved			1	0	0	1
D0_007635	chr1	148680658	148681008	-	15	15	unresolved			1	0	0	1
D0_007636	chr1	148767645	148769470	-	15	15	other_v49_added_gene		ENSG00000293797	1	1	0	2
D0_007637	chr1	148789718	148791024	-	15	14	unresolved			1	0	0	1
D0_007638	chr1	149578423	149579283	+	15	12	other_v49_added_gene		ENSG00000291158	1	0	0	1
D0_007639	chr1	150768558	150771490	-	15	11	unresolved			1	0	0	1
D0_007640	chr1	150924497	150926113	-	15	14	other_v49_added_gene		ENSG00000295148,ENSG00000295171	1	0	0	1
D0_007641	chr1	151337658	151340383	+	15	15	preexisting_v49_gene_span			1	1	0	2
D0_007642	chr1	153700911	153701648	+	15	15	unresolved			1	0	0	1
D0_007643	chr1	155000565	155002112	-	15	13	other_v49_added_gene		ENSG00000289103	1	0	0	1
D0_007644	chr1	157138535	157141980	+	15	13	unresolved			1	0	0	1
D0_007645	chr1	157736048	157738782	-	15	13	unresolved			1	0	0	1
D0_007646	chr1	160359244	160359662	-	15	15	unresolved			1	1	0	2
D0_007647	chr1	160666652	160668617	-	15	13	unresolved			1	0	0	1
D0_007648	chr1	162616267	162618120	-	15	13	unresolved			1	1	0	2
D0_007649	chr1	167218174	167219814	-	15	14	preexisting_v49_gene_span			1	1	0	2
D0_007650	chr1	167709344	167709995	+	15	13	unresolved			1	0	0	1
D0_007651	chr1	171742522	171743754	+	15	15	other_v49_added_gene		ENSG00000309242	1	0	0	1
D0_007652	chr1	173411446	173412037	+	15	15	unresolved			1	0	0	1
D0_007653	chr1	178579055	178579510	-	15	11	other_v49_added_gene		ENSG00000297676	1	0	0	1
D0_007654	chr1	180897771	180898191	-	15	13	other_v49_added_gene		ENSG00000294697,ENSG00000294716	1	0	0	1
D0_007655	chr1	182834881	182837162	+	15	13	unresolved			1	1	0	2
D0_007656	chr1	192963661	192966158	-	15	14	preexisting_v49_gene_span			1	0	0	1
D0_007657	chr1	194257051	194257557	-	15	15	other_v49_added_gene		ENSG00000303114	1	0	0	1
D0_007658	chr1	197212577	197214828	+	15	13	other_v49_added_gene		ENSG00000290127	1	0	0	1
D0_007659	chr1	198941018	198941123	-	15	15	unresolved			1	0	0	1
D0_007660	chr1	214338215	214338787	+	15	12	unresolved			1	1	0	2
D0_007661	chr1	217157527	217255029	-	15	15	other_v49_added_gene		ENSG00000300217	0	1	0	1
D0_007662	chr1	222554753	222555193	-	15	14	unresolved			1	1	0	2
D0_007663	chr1	224023457	224023989	+	15	13	other_v49_added_gene		ENSG00000290989	1	0	0	1
D0_007664	chr1	224194041	224194369	-	15	14	unresolved			1	0	0	1
D0_007665	chr1	228508706	228510132	+	15	14	other_v49_added_gene		ENSG00000296453	1	1	1	3
D0_007666	chr1	234934057	234934703	-	15	13	unresolved			1	1	0	2
D0_007667	chr1	247185728	247186917	-	15	13	unresolved			1	1	0	2
D0_007668	chr2	16468055	16478620	-	15	1	other_v49_added_gene		ENSG00000289364	1	1	1	3
D0_007669	chr2	23728751	23731051	-	15	15	unresolved			1	1	0	2
D0_007670	chr2	27426619	27427707	-	15	14	unresolved			1	1	0	2
D0_007671	chr2	32316898	32319343	-	15	14	unresolved			1	0	1	2
D0_007672	chr2	42836548	42871973	+	15	12	other_v49_added_gene		ENSG00000307331,ENSG00000307381	1	1	0	2
D0_007673	chr2	57463493	57467957	-	15	9	preexisting_v49_gene_span			1	0	0	1
D0_007674	chr2	57518852	57522545	-	15	13	preexisting_v49_gene_span			1	0	0	1
D0_007675	chr2	61056867	61059063	+	15	15	unresolved			1	1	0	2
D0_007676	chr2	83062000	83140731	+	15	15	other_v49_added_gene		ENSG00000302175,ENSG00000303504	1	1	0	2
D0_007677	chr2	86814089	86815044	+	15	12	other_v49_added_gene		ENSG00000291013	1	0	0	1
D0_007678	chr2	97590071	97591679	+	15	13	unresolved			1	1	0	2
D0_007679	chr2	97743415	97745834	-	15	14	unresolved			1	1	0	2
D0_007680	chr2	113756762	113757917	+	15	13	unresolved			1	1	0	2
D0_007681	chr2	117813949	117814661	-	15	12	unresolved			1	1	0	2
D0_007682	chr2	121776092	121776219	-	15	15	unresolved			1	0	0	1
D0_007683	chr2	127410486	127413202	-	15	15	preexisting_v49_gene_span			1	1	0	2
D0_007684	chr2	130349874	130351411	-	15	13	unresolved			1	1	0	2
D0_007685	chr2	130394924	130396942	+	15	11	unresolved			1	1	0	2
D0_007686	chr2	130398320	130400810	+	15	14	unresolved			1	0	0	1
D0_007687	chr2	144658385	144660931	-	15	14	unresolved			1	0	0	1
D0_007688	chr2	152113817	152115131	+	15	14	unresolved			1	0	0	1
D0_007689	chr2	157334944	157338586	-	15	14	unresolved			1	0	0	1
D0_007690	chr2	157410576	157413981	+	15	15	unresolved			1	0	0	1
D0_007691	chr2	169582400	169584230	-	15	15	other_v49_added_gene		ENSG00000307322	1	1	0	2
D0_007692	chr2	174064025	174066363	-	15	12	unresolved			1	0	0	1
D0_007693	chr2	186029272	186032627	-	15	14	preexisting_v49_gene_span			1	0	0	1
D0_007694	chr2	189315035	189346243	-	15	15	other_v49_added_gene		ENSG00000288866	1	1	0	2
D0_007695	chr2	189766007	189767587	+	15	14	unresolved			1	1	0	2
D0_007696	chr2	196947671	196948754	-	15	15	unresolved			1	0	0	1
D0_007697	chr2	197477404	197480378	+	15	14	unresolved			1	0	0	1
D0_007698	chr2	200838776	200839140	+	15	11	unresolved			1	0	0	1
D0_007699	chr2	200866185	200869350	-	15	13	unresolved			1	0	0	1
D0_007700	chr2	230316151	230317093	+	15	15	preexisting_v49_gene_span			1	1	0	2
D0_007701	chr2	231690013	231692979	-	15	13	unresolved			1	1	0	2
D0_007702	chr2	239402384	239404892	+	15	15	preexisting_v49_gene_span			1	1	0	2
D0_007703	chr3	23693372	23693474	-	15	15	unresolved			1	0	0	1
D0_007704	chr3	30603522	30604727	-	15	13	unresolved			1	1	0	2
D0_007705	chr3	32520143	32522089	-	15	14	unresolved			1	0	0	1
D0_007706	chr3	33106402	33109258	-	15	14	unresolved			1	0	0	1
D0_007707	chr3	33457752	33462386	-	15	14	unresolved			1	0	0	1
D0_007708	chr3	40644775	40645445	+	15	13	other_v49_added_gene		ENSG00000289169	1	1	0	2
D0_007709	chr3	48905628	48913453	+	15	14	unresolved			1	0	0	1
D0_007710	chr3	52810711	52812709	-	15	15	unresolved			1	1	0	2
D0_007711	chr3	53220965	53222480	-	15	15	unresolved			1	0	0	1
D0_007712	chr3	70945898	70948604	-	15	14	unresolved			1	0	0	1
D0_007713	chr3	121750494	121751313	+	15	15	other_v49_added_gene		ENSG00000288868	1	1	0	2
D0_007714	chr3	121954603	121956425	-	15	12	unresolved			1	1	0	2
D0_007715	chr3	122794084	122794761	+	15	12	other_v49_added_gene		ENSG00000303409	1	1	0	2
D0_007716	chr3	129233476	129236596	+	15	15	other_v49_added_gene		ENSG00000289351	1	1	1	3
D0_007717	chr3	131443953	131444294	-	15	13	unresolved			1	0	0	1
D0_007718	chr3	137904693	137904849	+	15	15	unresolved			1	0	0	1
D0_007719	chr3	141926562	141927485	+	15	12	unresolved			1	1	0	2
D0_007720	chr3	142276161	142277464	+	15	9	unresolved			1	0	0	1
D0_007721	chr3	143074137	143076725	+	15	12	unresolved			1	0	0	1
D0_007722	chr3	144485606	144486016	-	15	14	unresolved			1	0	0	1
D0_007723	chr3	152156933	152160413	-	15	12	preexisting_v49_gene_span			1	1	0	2
D0_007724	chr3	156724595	156726004	+	15	15	other_v49_added_gene		ENSG00000294200	1	1	0	2
D0_007725	chr3	160486104	160487548	-	15	12	unresolved			1	1	0	2
D0_007726	chr3	170085783	170086682	-	15	14	unresolved			1	1	0	2
D0_007727	chr3	171518908	171519031	+	15	15	unresolved			1	0	0	1
D0_007728	chr3	172747675	172750043	-	15	12	unresolved			1	0	0	1
D0_007729	chr3	182923643	182927868	-	15	14	unresolved			1	1	0	2
D0_007730	chr3	183486632	183487423	+	15	15	unresolved			1	1	0	2
D0_007731	chr3	196432999	196433338	+	15	12	preexisting_v49_gene_span			1	1	0	2
D0_007732	chr4	839137	843626	-	15	13	unresolved			1	1	0	2
D0_007733	chr4	1857279	1860009	+	15	14	other_v49_added_gene		ENSG00000308909	1	1	0	2
D0_007734	chr4	15465515	15466725	-	15	13	unresolved			1	0	0	1
D0_007735	chr4	24584762	24585252	+	15	13	unresolved			1	0	0	1
D0_007736	chr4	41962773	41965193	-	15	15	unresolved			1	0	0	1
D0_007737	chr4	45917170	45917445	+	15	15	unresolved			1	0	0	1
D0_007738	chr4	71047934	71050845	+	15	15	unresolved			1	0	0	1
D0_007739	chr4	77040621	77043629	-	15	15	other_v49_added_gene		ENSG00000294184	1	1	0	2
D0_007740	chr4	77983309	77984503	-	15	15	other_v49_added_gene		ENSG00000298324	0	0	0	0
D0_007741	chr4	82464804	82466938	-	15	14	unresolved			1	0	0	1
D0_007742	chr4	101017119	101018783	-	15	13	unresolved			1	0	0	1
D0_007743	chr4	112443133	112445562	+	15	15	unresolved			1	1	0	2
D0_007744	chr4	143511956	143513364	-	15	15	preexisting_v49_gene_span			1	1	0	2
D0_007745	chr4	151405398	151407473	-	15	10	preexisting_v49_gene_span			1	1	0	2
D0_007746	chr4	169091449	169092890	-	15	15	unresolved			1	1	0	2
D0_007747	chr4	174586219	174586509	-	15	15	unresolved			1	0	0	1
D0_007748	chr5	1453588	1456121	-	15	9	unresolved			1	1	0	2
D0_007749	chr5	1634075	1634766	+	15	13	unresolved			1	0	0	1
D0_007750	chr5	16336241	16338375	+	15	15	unresolved			1	0	0	1
D0_007751	chr5	18686248	18687679	-	15	14	other_v49_added_gene		ENSG00000299222	1	0	0	1
D0_007752	chr5	37074564	37076145	+	15	13	other_v49_added_gene		ENSG00000309369	1	0	0	1
D0_007753	chr5	41901355	41903981	-	15	15	unresolved			1	0	0	1
D0_007754	chr5	50486987	50597994	-	15	12	unresolved			0	1	0	1
D0_007755	chr5	53876692	53878577	-	15	13	unresolved			1	0	0	1
D0_007756	chr5	54554396	54555788	+	15	15	unresolved			1	1	0	2
D0_007757	chr5	58505873	58506424	+	15	11	other_v49_added_gene		ENSG00000297661	1	0	0	1
D0_007758	chr5	68303073	68303571	+	15	14	unresolved			1	0	0	1
D0_007759	chr5	69598703	69598953	+	15	15	unresolved			1	0	0	1
D0_007760	chr5	70046267	70049352	+	15	14	unresolved			1	0	0	1
D0_007761	chr5	70078564	70080693	+	15	13	unresolved			1	0	0	1
D0_007762	chr5	71135009	71135936	+	15	15	other_v49_added_gene		ENSG00000296364	1	0	0	1
D0_007763	chr5	71186244	71187901	+	15	13	other_v49_added_gene		ENSG00000296364	1	0	0	1
D0_007764	chr5	80087357	80089194	-	15	13	unresolved			1	0	0	1
D0_007765	chr5	80258269	80259437	-	15	13	unresolved			1	0	0	1
D0_007766	chr5	97080652	97081149	+	15	15	other_v49_added_gene		ENSG00000302623	1	1	0	2
D0_007767	chr5	98340080	98340444	+	15	15	unresolved			1	0	0	1
D0_007768	chr5	115561623	115563628	-	15	13	unresolved			1	1	0	2
D0_007769	chr5	131153093	131155087	+	15	12	unresolved			1	0	0	1
D0_007770	chr5	138108296	138108693	-	15	14	unresolved			1	0	0	1
D0_007771	chr5	142154743	142156644	+	15	13	unresolved			1	1	0	2
D0_007772	chr5	150439617	150440820	-	15	13	unresolved			1	1	0	2
D0_007773	chr5	151163545	151164472	-	15	15	other_v49_added_gene		ENSG00000298634	1	0	0	1
D0_007774	chr5	151356122	151358856	+	15	15	other_v49_added_gene		ENSG00000297368	1	0	0	1
D0_007775	chr5	176539302	176539696	+	15	14	unresolved			1	1	0	2
D0_007776	chr5	178127765	178130729	-	15	13	unresolved			1	0	0	1
D0_007777	chr5	180365361	180396533	+	15	15	unresolved			1	1	0	2
D0_007778	chr6	2940377	2942329	+	15	15	preexisting_v49_gene_span			1	1	0	2
D0_007779	chr6	11091571	11093210	-	15	14	unresolved			1	1	0	2
D0_007780	chr6	20087301	20090280	-	15	14	unresolved			1	1	0	2
D0_007781	chr6	26113193	26114652	+	15	14	unresolved			1	0	0	1
D0_007782	chr6	27808727	27809890	+	15	13	unresolved			1	1	0	2
D0_007783	chr6	27889336	27890059	-	15	12	other_v49_added_gene		ENSG00000305786	1	0	0	1
D0_007784	chr6	27894135	27896402	-	15	12	other_v49_added_gene		ENSG00000305786	1	0	0	1
D0_007785	chr6	29964068	29967939	+	15	13	other_v49_added_gene		ENSG00000310474	1	1	0	2
D0_007786	chr6	30521502	30525225	+	15	12	unresolved			1	0	0	1
D0_007787	chr6	31209664	31213538	+	15	14	preexisting_v49_gene_span			1	0	0	1
D0_007788	chr6	32485105	32485279	-	15	11	unresolved			1	0	0	1
D0_007789	chr6	33343130	33345868	+	15	14	other_v49_added_gene		ENSG00000310006	1	0	0	1
D0_007790	chr6	34584368	34585899	-	15	13	unresolved			1	0	0	1
D0_007791	chr6	36114452	36116591	-	15	13	preexisting_v49_gene_span			1	0	0	1
D0_007792	chr6	36628194	36628915	+	15	11	unresolved			1	0	0	1
D0_007793	chr6	37118092	37147941	+	15	15	other_v49_added_gene		ENSG00000296517,ENSG00000296595	1	1	0	2
D0_007794	chr6	42087729	42088140	+	15	11	unresolved			1	0	0	1
D0_007795	chr6	42090143	42091577	+	15	13	unresolved			1	0	0	1
D0_007796	chr6	42694236	42696143	+	15	11	other_v49_added_gene		ENSG00000308061	1	0	0	1
D0_007797	chr6	43036519	43037209	-	15	14	unresolved			1	0	0	1
D0_007798	chr6	44111567	44113097	-	15	14	preexisting_v49_gene_span			1	0	0	1
D0_007799	chr6	53237469	53239106	-	15	13	other_v49_added_gene		ENSG00000296254	1	0	0	1
D0_007800	chr6	53248831	53250245	-	15	15	other_v49_added_gene		ENSG00000296254	1	0	0	1
D0_007801	chr6	63594224	63603572	+	15	12	unresolved			1	1	0	2
D0_007802	chr6	70607973	70608161	-	15	15	unresolved			1	0	0	1
D0_007803	chr6	71829821	71829937	-	15	15	unresolved			1	0	0	1
D0_007804	chr6	87667738	87670899	-	15	13	unresolved			1	1	0	2
D0_007805	chr6	87781206	87821255	-	15	14	unresolved			1	1	0	2
D0_007806	chr6	108558401	108559798	+	15	13	other_v49_added_gene		ENSG00000302140	1	1	0	2
D0_007807	chr6	121414906	121415078	-	15	15	unresolved			1	0	0	1
D0_007808	chr6	122434701	122436635	+	15	14	unresolved			1	1	0	2
D0_007809	chr6	130513132	130513569	-	15	9	unresolved			1	0	0	1
D0_007810	chr6	131289174	131292445	-	15	15	other_v49_added_gene		ENSG00000290067	1	0	0	1
D0_007811	chr6	139064061	139071732	+	15	15	unresolved			1	0	0	1
D0_007812	chr6	149177676	149178388	-	15	14	unresolved			1	0	0	1
D0_007813	chr6	155900440	155903325	-	15	12	preexisting_v49_gene_span			1	1	0	2
D0_007814	chr6	158228928	158231756	-	15	13	unresolved			1	1	0	2
D0_007815	chr7	1327194	1327489	+	15	15	unresolved			1	0	0	1
D0_007816	chr7	2483800	2489710	+	15	13	other_v49_added_gene		ENSG00000306890	1	1	0	2
D0_007817	chr7	2866349	2869978	-	15	12	preexisting_v49_gene_span			1	0	0	1
D0_007818	chr7	2893321	2896130	-	15	15	unresolved			1	1	0	2
D0_007819	chr7	6659795	6662146	+	15	13	unresolved			1	1	0	2
D0_007820	chr7	17773698	17774042	-	15	14	unresolved			1	0	0	1
D0_007821	chr7	26657666	26664745	-	15	14	preexisting_v49_gene_span			1	1	0	2
D0_007822	chr7	28949049	28949569	+	15	14	unresolved			1	0	0	1
D0_007823	chr7	38254993	38257351	-	15	14	preexisting_v49_gene_span			1	0	0	1
D0_007824	chr7	38719452	38722962	-	15	15	unresolved			1	1	0	2
D0_007825	chr7	39916273	39916429	-	15	15	unresolved			1	0	0	1
D0_007826	chr7	42888891	42891282	+	15	10	other_v49_added_gene		ENSG00000290065	1	1	0	2
D0_007827	chr7	47667199	47668059	+	15	14	unresolved			1	0	0	1
D0_007828	chr7	63566372	63566543	-	15	14	unresolved			1	1	0	2
D0_007829	chr7	64509699	64509963	+	15	15	unresolved			1	1	0	2
D0_007830	chr7	64716080	64717181	+	15	14	unresolved			1	0	0	1
D0_007831	chr7	67249624	67252805	+	15	15	unresolved			1	0	0	1
D0_007832	chr7	73413796	73415616	-	15	15	unresolved			1	0	0	1
D0_007833	chr7	73523445	73530728	-	15	11	unresolved			1	1	0	2
D0_007834	chr7	73672993	73676839	+	15	13	unresolved			1	0	0	1
D0_007835	chr7	75150355	75155925	+	15	15	unresolved			1	0	0	1
D0_007836	chr7	75181386	75181519	-	15	15	unresolved			1	0	0	1
D0_007837	chr7	76456908	76457254	+	15	13	unresolved			1	0	0	1
D0_007838	chr7	77972924	77975543	-	15	14	unresolved			1	1	0	2
D0_007839	chr7	93087582	93091748	-	15	8	unresolved			1	1	0	2
D0_007840	chr7	93096705	93099112	-	15	10	unresolved			1	1	0	2
D0_007841	chr7	106909054	106913881	+	15	12	unresolved			1	0	0	1
D0_007842	chr7	128289728	128291495	-	15	12	unresolved			1	1	0	2
D0_007843	chr7	134644523	134646574	-	15	13	other_v49_added_gene		ENSG00000299028	1	1	0	2
D0_007844	chr7	140221860	140222506	+	15	13	unresolved			1	0	0	1
D0_007845	chr7	140228219	140230654	-	15	13	unresolved			1	0	0	1
D0_007846	chr7	142517599	142518792	-	15	14	unresolved			1	0	0	1
D0_007847	chr7	143378634	143379465	-	15	14	preexisting_v49_gene_span			1	1	0	2
D0_007848	chr7	149230575	149232809	-	15	15	unresolved			1	0	0	1
D0_007849	chr7	149524481	149529095	-	15	13	unresolved			1	1	0	2
D0_007850	chr7	150485685	150488291	-	15	11	other_v49_added_gene		ENSG00000302520	1	0	0	1
D0_007851	chr8	2199204	2199491	+	15	9	other_v49_added_gene		ENSG00000288782	0	0	0	0
D0_007852	chr8	22243985	22244924	-	15	12	other_v49_added_gene		ENSG00000309144	1	1	0	2
D0_007853	chr8	30061523	30062457	+	15	14	unresolved			1	0	0	1
D0_007854	chr8	48071411	48093110	-	15	14	unresolved			1	1	0	2
D0_007855	chr8	56057105	56057268	+	15	15	unresolved			1	0	0	1
D0_007856	chr8	56062867	56065327	-	15	12	unresolved			1	1	0	2
D0_007857	chr8	60985311	60985751	+	15	15	preexisting_v49_gene_span			1	1	0	2
D0_007858	chr8	63166887	63167724	-	15	10	preexisting_v49_gene_span			1	0	0	1
D0_007859	chr8	70542664	70545400	+	15	14	other_v49_added_gene		ENSG00000298363	1	1	0	2
D0_007860	chr8	77020333	77022414	+	15	13	unresolved			1	0	0	1
D0_007861	chr8	87900609	87901088	-	15	15	unresolved			1	0	0	1
D0_007862	chr8	89887202	89891503	-	15	14	preexisting_v49_gene_span			1	1	0	2
D0_007863	chr8	91095355	91095750	-	15	14	unresolved			1	0	0	1
D0_007864	chr8	97249293	97249511	+	15	15	unresolved			1	0	0	1
D0_007865	chr8	106756233	106757356	-	15	15	other_v49_added_gene		ENSG00000295337	1	0	0	1
D0_007866	chr8	109151003	109162975	+	15	15	unresolved			1	1	0	2
D0_007867	chr8	124280244	124283729	-	15	14	unresolved			1	0	0	1
D0_007868	chr8	140635755	140636190	+	15	14	unresolved			1	0	0	1
D0_007869	chr9	5880791	5881418	-	15	13	unresolved			1	1	0	2
D0_007870	chr9	6517738	6518661	+	15	14	unresolved			1	0	0	1
D0_007871	chr9	7667092	7667348	-	15	15	unresolved			1	0	0	1
D0_007872	chr9	33284545	33287034	-	15	14	unresolved			1	0	0	1
D0_007873	chr9	35564357	35592784	-	15	13	other_v49_added_gene		ENSG00000288586	1	1	0	2
D0_007874	chr9	36305859	36308473	+	15	13	unresolved			1	1	0	2
D0_007875	chr9	37034284	37034530	-	15	12	unresolved			1	1	0	2
D0_007876	chr9	41447028	41448359	+	15	14	other_v49_added_gene		ENSG00000288891	1	0	0	1
D0_007877	chr9	70419178	70420993	+	15	14	other_v49_added_gene		ENSG00000308298,ENSG00000308345	1	1	0	2
D0_007878	chr9	75149137	75149681	-	15	14	other_v49_added_gene		ENSG00000308426	1	0	0	1
D0_007879	chr9	80351186	80353095	+	15	15	unresolved			1	0	0	1
D0_007880	chr9	80693721	80694635	+	15	11	unresolved			1	0	0	1
D0_007881	chr9	86260068	86261604	-	15	15	unresolved			1	0	0	1
D0_007882	chr9	104718872	104720256	+	15	13	unresolved			1	0	0	1
D0_007883	chr9	108038237	108038517	-	15	12	other_v49_added_gene		ENSG00000303954	1	0	0	1
D0_007884	chr9	110172596	110173091	+	15	15	unresolved			1	0	0	1
D0_007885	chr9	111894736	111895739	-	15	13	unresolved			1	0	0	1
D0_007886	chr9	114394762	114396592	+	15	13	other_v49_added_gene		ENSG00000298561	1	0	0	1
D0_007887	chr9	124055419	124095032	-	15	15	other_v49_added_gene		ENSG00000308400	1	0	0	1
D0_007888	chr9	126509416	126510608	-	15	14	other_v49_added_gene		ENSG00000295036	1	0	0	1
D0_007889	chr9	126552481	126555741	+	15	15	unresolved			1	0	0	1
D0_007890	chr9	128367976	128371032	-	15	15	unresolved			1	1	0	2
D0_007891	chr9	129380957	129383463	-	15	13	other_v49_added_gene		ENSG00000295136	1	1	0	2
D0_007892	chr9	132355335	132356339	+	15	12	other_v49_added_gene		ENSG00000303195	1	1	0	2
D0_007893	chr10	6402018	6402318	+	15	14	other_v49_added_gene		ENSG00000302067	1	0	0	1
D0_007894	chr10	8849013	8851885	-	15	8	unresolved			1	0	0	1
D0_007895	chr10	14816061	14819225	-	15	15	preexisting_v49_gene_span			1	1	0	2
D0_007896	chr10	43550503	43552335	-	15	14	unresolved			1	1	0	2
D0_007897	chr10	47210940	47224936	+	15	15	other_v49_added_gene		ENSG00000289299	1	1	1	3
D0_007898	chr10	49809269	49812235	-	15	14	unresolved			1	0	0	1
D0_007899	chr10	69086622	69087955	-	15	15	other_v49_added_gene		ENSG00000297306	1	0	0	1
D0_007900	chr10	74713660	74717468	+	15	15	unresolved			1	1	0	2
D0_007901	chr10	80092576	80094081	+	15	14	unresolved			1	1	0	2
D0_007902	chr10	87199636	87201509	+	15	11	unresolved			1	0	0	1
D0_007903	chr10	100186140	100186901	+	15	13	other_v49_added_gene		ENSG00000305493	1	1	0	2
D0_007904	chr10	104120317	104121689	-	15	12	other_v49_added_gene		ENSG00000294070	1	1	0	2
D0_007905	chr10	107505887	107505996	+	15	15	unresolved			1	0	0	1
D0_007906	chr10	110287556	110287981	+	15	13	unresolved			1	1	0	2
D0_007907	chr10	112916650	112918091	+	15	11	preexisting_v49_gene_span			1	0	0	1
D0_007908	chr10	123225988	123227019	+	15	15	unresolved			1	0	0	1
D0_007909	chr11	628982	629778	-	15	7	unresolved			1	1	0	2
D0_007910	chr11	2291673	2294206	-	15	13	unresolved			1	0	0	1
D0_007911	chr11	6040247	6040720	+	15	14	other_v49_added_gene		ENSG00000289150	1	0	0	1
D0_007912	chr11	9274034	9276216	-	15	15	unresolved			1	0	0	1
D0_007913	chr11	15478939	15479041	+	15	15	other_v49_added_gene		ENSG00000298800	0	0	0	0
D0_007914	chr11	40085016	40087525	-	15	12	unresolved			1	0	0	1
D0_007915	chr11	40097403	40099223	-	15	12	unresolved			1	0	0	1
D0_007916	chr11	46601309	46602852	-	15	14	preexisting_v49_gene_span			1	1	0	2
D0_007917	chr11	46740040	46742956	-	15	15	unresolved			1	1	0	2
D0_007918	chr11	61385881	61388188	+	15	12	unresolved			1	0	0	1
D0_007919	chr11	63958775	63959800	+	15	14	unresolved			1	0	0	1
D0_007920	chr11	67426108	67427522	-	15	10	unresolved			1	1	0	2
D0_007921	chr11	69971471	69972424	-	15	9	unresolved			1	0	0	1
D0_007922	chr11	73668126	73670823	+	15	14	unresolved			1	0	0	1
D0_007923	chr11	73970535	73972037	+	15	15	unresolved			1	0	0	1
D0_007924	chr11	93281218	93285038	-	15	12	unresolved			1	1	0	2
D0_007925	chr11	98194698	98431801	-	15	15	unresolved			1	1	0	2
D0_007926	chr11	118882109	118883695	+	15	14	unresolved			1	0	0	1
D0_007927	chr12	270313	272303	-	15	14	unresolved			1	0	0	1
D0_007928	chr12	9810950	9812340	+	15	14	unresolved			1	0	0	1
D0_007929	chr12	14909235	14911301	-	15	12	unresolved			1	0	0	1
D0_007930	chr12	25333435	25335600	+	15	12	other_v49_added_gene		ENSG00000308495	1	0	0	1
D0_007931	chr12	31844825	31846199	-	15	14	unresolved			1	0	0	1
D0_007932	chr12	39452568	39454211	-	15	11	unresolved			1	0	0	1
D0_007933	chr12	39529012	39529991	-	15	11	unresolved			1	0	0	1
D0_007934	chr12	48289473	48292488	+	15	15	other_v49_added_gene		ENSG00000293682	1	1	0	2
D0_007935	chr12	48853406	48853774	+	15	11	unresolved			1	0	0	1
D0_007936	chr12	50940038	50944180	-	15	13	unresolved			1	0	0	1
D0_007937	chr12	52019485	52020095	+	15	15	unresolved			1	0	0	1
D0_007938	chr12	71722523	71724768	+	15	12	unresolved			1	1	0	2
D0_007939	chr12	84072442	84072620	-	15	15	other_v49_added_gene		ENSG00000289309	1	0	0	1
D0_007940	chr12	94674423	94676425	-	15	13	unresolved			1	0	0	1
D0_007941	chr12	94698391	94700938	-	15	10	unresolved			1	0	0	1
D0_007942	chr12	94718495	94721104	-	15	12	unresolved			1	0	0	1
D0_007943	chr12	96400497	96401998	+	15	14	unresolved			1	1	0	2
D0_007944	chr12	98457145	98458800	+	15	11	unresolved			1	0	0	1
D0_007945	chr12	105169537	105172796	+	15	14	unresolved			1	1	0	2
D0_007946	chr12	106226463	106227490	-	15	13	unresolved			1	0	0	1
D0_007947	chr12	120379602	120380047	-	15	14	unresolved			1	0	0	1
D0_007948	chr12	120685779	120686949	-	15	15	other_v49_added_gene		ENSG00000299604	1	0	0	1
D0_007949	chr12	128985411	129004444	-	15	12	unresolved			0	1	0	1
D0_007950	chr12	131817034	131817640	-	15	13	other_v49_added_gene		ENSG00000295910	1	1	0	2
D0_007951	chr12	132442956	132446183	-	15	13	unresolved			1	1	0	2
D0_007952	chr12	132471419	132472838	-	15	12	unresolved			1	1	0	2
D0_007953	chr13	19795143	19807937	+	15	15	unresolved			1	0	0	1
D0_007954	chr13	19802076	19805858	-	15	14	unresolved			1	0	0	1
D0_007955	chr13	19870716	19871775	+	15	11	unresolved			1	0	0	1
D0_007956	chr13	20776483	20776997	-	15	14	unresolved			1	0	0	1
D0_007957	chr13	30333985	30336155	-	15	12	preexisting_v49_gene_span			1	1	0	2
D0_007958	chr13	31699643	31701246	-	15	13	unresolved			1	0	0	1
D0_007959	chr13	32788287	32790531	+	15	12	unresolved			1	0	0	1
D0_007960	chr13	41456447	41457317	-	15	13	other_v49_added_gene		ENSG00000294583	1	1	0	2
D0_007961	chr13	45331774	45332201	+	15	15	preexisting_v49_gene_span			1	0	0	1
D0_007962	chr13	65327279	65584801	+	15	15	unresolved			1	1	0	2
D0_007963	chr13	79306324	79310926	-	15	14	unresolved			1	0	0	1
D0_007964	chr13	100011827	100025718	-	15	15	unresolved			1	1	0	2
D0_007965	chr13	105676246	105676462	-	15	15	other_v49_added_gene		ENSG00000308108	1	0	0	1
D0_007966	chr14	20483601	20484612	+	15	11	unresolved			1	0	0	1
D0_007967	chr14	21549155	21558681	-	15	15	unresolved			1	0	0	1
D0_007968	chr14	21698283	21698514	+	15	13	unresolved			1	0	0	1
D0_007969	chr14	21979403	21980376	+	15	10	unresolved			1	1	0	2
D0_007970	chr14	21990939	21991215	+	15	9	unresolved			1	0	0	1
D0_007971	chr14	32161760	32163808	+	15	14	unresolved			1	0	0	1
D0_007972	chr14	49569898	49570231	+	15	11	other_v49_added_gene		ENSG00000303153	1	0	0	1
D0_007973	chr14	49855050	49855399	+	15	13	unresolved			1	0	0	1
D0_007974	chr14	54836074	54840012	-	15	15	unresolved			1	0	0	1
D0_007975	chr14	54932305	54932608	+	15	15	unresolved			1	0	0	1
D0_007976	chr14	74450147	74470138	-	15	14	unresolved			1	1	0	2
D0_007977	chr14	92506639	92507962	+	15	13	unresolved			1	0	0	1
D0_007978	chr14	96972422	96972821	-	15	14	unresolved			1	0	0	1
D0_007979	chr14	98465118	98465294	-	15	15	unresolved			1	0	0	1
D0_007980	chr14	99071803	99072806	-	15	14	other_v49_added_gene		ENSG00000294598	1	0	0	1
D0_007981	chr14	99161774	99164746	+	15	13	unresolved			1	0	0	1
D0_007982	chr14	102569818	102582499	-	15	15	unresolved			1	1	0	2
D0_007983	chr14	105693196	105695389	+	15	13	unresolved			1	1	0	2
D0_007984	chr15	21734731	21735237	-	15	15	unresolved			1	0	0	1
D0_007985	chr15	22267039	22267445	-	15	11	unresolved			1	0	0	1
D0_007986	chr15	28777921	28778243	+	15	15	unresolved			1	0	0	1
D0_007987	chr15	28865407	28879090	-	15	15	unresolved			1	1	0	2
D0_007988	chr15	32456343	32459076	-	15	14	unresolved			1	1	0	2
D0_007989	chr15	45425838	45426558	+	15	15	unresolved			1	0	0	1
D0_007990	chr15	51623072	51624223	+	15	14	unresolved			1	0	0	1
D0_007991	chr15	53468140	53469376	-	15	14	unresolved			1	0	0	1
D0_007992	chr15	63503725	63504444	+	15	12	other_v49_added_gene		ENSG00000294840	1	0	0	1
D0_007993	chr15	63607139	63607958	-	15	14	unresolved			1	0	0	1
D0_007994	chr15	64686088	64686931	+	15	15	unresolved			1	1	0	2
D0_007995	chr15	67810374	67810699	-	15	10	unresolved			1	0	0	1
D0_007996	chr15	72898589	72899350	-	15	15	unresolved			1	1	0	2
D0_007997	chr15	78754477	78756452	+	15	15	unresolved			1	1	0	2
D0_007998	chr16	1994641	1996513	-	15	14	unresolved			1	0	0	1
D0_007999	chr16	4302742	4303618	+	15	14	unresolved			1	0	0	1
D0_008000	chr16	11638662	11641171	+	15	13	other_v49_added_gene		ENSG00000296138	1	1	0	2
D0_008001	chr16	25270851	25273878	+	15	13	preexisting_v49_gene_span			1	0	0	1
D0_008002	chr16	29482747	29483613	+	15	15	other_v49_added_gene		ENSG00000309168	1	0	0	1
D0_008003	chr16	31203948	31206903	-	15	13	unresolved			1	0	0	1
D0_008004	chr16	31917447	31917770	-	15	14	unresolved			1	0	0	1
D0_008005	chr16	34137329	34137438	+	15	15	unresolved			1	0	0	1
D0_008006	chr16	46864836	46878014	+	15	14	unresolved			1	0	0	1
D0_008007	chr16	48952451	48952662	+	15	15	unresolved			1	0	0	1
D0_008008	chr16	61323357	61353434	+	15	15	unresolved			1	1	0	2
D0_008009	chr16	79600851	79602146	+	15	13	preexisting_v49_gene_span			1	0	0	1
D0_008010	chr16	88634514	88638221	+	15	14	unresolved			1	1	0	2
D0_008011	chr17	209531	212355	-	15	14	unresolved			1	1	0	2
D0_008012	chr17	1630526	1632591	-	15	15	unresolved			1	1	0	2
D0_008013	chr17	4705815	4708161	-	15	10	unresolved			1	1	0	2
D0_008014	chr17	5737635	5737792	-	15	15	preexisting_v49_gene_span			1	0	0	1
D0_008015	chr17	7032935	7035633	-	15	15	unresolved			1	0	0	1
D0_008016	chr17	7155482	7158531	+	15	14	other_v49_added_gene		ENSG00000289977	1	1	0	2
D0_008017	chr17	10659242	10663621	-	15	15	unresolved			1	0	0	1
D0_008018	chr17	17494081	17494369	+	15	13	unresolved			1	1	0	2
D0_008019	chr17	18269109	18270304	-	15	15	unresolved			1	1	0	2
D0_008020	chr17	21281167	21282312	-	15	14	unresolved			1	1	0	2
D0_008021	chr17	29058650	29060363	+	15	13	unresolved			1	0	0	1
D0_008022	chr17	31007404	31008031	+	15	15	unresolved			1	0	0	1
D0_008023	chr17	32054017	32074640	-	15	15	other_v49_added_gene		ENSG00000308099	1	0	0	1
D0_008024	chr17	36543609	36544834	-	15	14	preexisting_v49_gene_span			1	1	0	2
D0_008025	chr17	38699980	38702164	-	15	11	preexisting_v49_gene_span			1	0	0	1
D0_008026	chr17	47688477	47690869	+	15	14	unresolved			1	0	0	1
D0_008027	chr17	48062705	48064477	+	15	15	unresolved			1	1	0	2
D0_008028	chr17	60175240	60177325	-	15	15	unresolved			1	1	0	2
D0_008029	chr17	60676306	60677228	-	15	13	unresolved			1	0	0	1
D0_008030	chr17	62988619	62991904	+	15	11	preexisting_v49_gene_span			1	0	0	1
D0_008031	chr17	63594304	63596454	+	15	14	other_v49_added_gene		ENSG00000288894	1	1	0	2
D0_008032	chr17	67984707	67988322	-	15	14	unresolved			1	0	0	1
D0_008033	chr17	68170795	68172975	+	15	12	unresolved			1	0	0	1
D0_008034	chr17	69556390	69559460	+	15	15	unresolved			1	1	0	2
D0_008035	chr17	75133249	75134509	+	15	13	other_v49_added_gene		ENSG00000298000	1	1	0	2
D0_008036	chr17	77505362	77506012	+	15	14	unresolved			1	0	0	1
D0_008037	chr17	78782955	78783840	-	15	13	unresolved			1	1	0	2
D0_008038	chr17	78982951	78986367	-	15	15	unresolved			1	1	0	2
D0_008039	chr17	81554631	81555913	-	15	14	unresolved			1	0	0	1
D0_008040	chr17	82296584	82298042	-	15	14	unresolved			1	1	0	2
D0_008041	chr18	12032397	12033905	+	15	15	unresolved			1	1	0	2
D0_008042	chr18	21600910	21601940	+	15	15	unresolved			1	0	0	1
D0_008043	chr18	48952142	48952991	-	15	14	unresolved			1	0	0	1
D0_008044	chr18	58658485	58659406	+	15	13	preexisting_v49_gene_span			1	1	0	2
D0_008045	chr18	58758030	58760912	+	15	14	unresolved			1	0	0	1
D0_008046	chr18	62983373	63115572	+	15	15	other_v49_added_gene		ENSG00000299452	1	1	1	3
D0_008047	chr18	70282373	70282535	+	15	15	unresolved			1	0	0	1
D0_008048	chr19	1174586	1174993	+	15	13	other_v49_added_gene		ENSG00000306100	1	1	0	2
D0_008049	chr19	3473130	3473780	+	15	13	unresolved			1	0	0	1
D0_008050	chr19	4242614	4243594	-	15	14	unresolved			1	0	0	1
D0_008051	chr19	4812334	4814363	-	15	13	other_v49_added_gene		ENSG00000290068	1	0	0	1
D0_008052	chr19	4867963	4870891	+	15	13	unresolved			1	0	0	1
D0_008053	chr19	5791585	5792638	+	15	14	unresolved			1	1	0	2
D0_008054	chr19	5816188	5820772	+	15	15	preexisting_v49_gene_span			1	1	0	2
D0_008055	chr19	6656177	6659667	-	15	13	preexisting_v49_gene_span			1	1	0	2
D0_008056	chr19	11533359	11535464	-	15	15	unresolved			1	0	0	1
D0_008057	chr19	12310299	12314052	-	15	15	unresolved			1	1	0	2
D0_008058	chr19	12944831	12945419	+	15	15	unresolved			1	1	0	2
D0_008059	chr19	13170404	13171837	+	15	12	other_v49_added_gene		ENSG00000300728	1	1	0	2
D0_008060	chr19	14078903	14079880	-	15	15	unresolved			1	0	0	1
D0_008061	chr19	17735282	17739291	-	15	14	unresolved			1	0	0	1
D0_008062	chr19	17824128	17824754	-	15	14	unresolved			1	0	0	1
D0_008063	chr19	19896497	19899006	+	15	15	unresolved			1	1	0	2
D0_008064	chr19	21387307	21388581	+	15	15	preexisting_v49_gene_span			1	1	0	2
D0_008065	chr19	29898000	29898574	-	15	15	unresolved			1	0	0	1
D0_008066	chr19	35638398	35640903	+	15	11	preexisting_v49_gene_span			1	0	0	1
D0_008067	chr19	39523816	39530053	+	15	14	unresolved			1	1	0	2
D0_008068	chr19	39945604	39947830	-	15	14	unresolved			1	0	0	1
D0_008069	chr19	43328521	43329288	-	15	14	preexisting_v49_gene_span			1	0	0	1
D0_008070	chr19	46464465	46464581	-	15	15	unresolved			1	0	0	1
D0_008071	chr19	48258368	48259770	-	15	13	unresolved			1	1	0	2
D0_008072	chr19	49628329	49630417	-	15	14	unresolved			1	0	0	1
D0_008073	chr19	55751298	55751393	-	15	14	unresolved			1	0	0	1
D0_008074	chr19	57331000	57331696	-	15	11	unresolved			1	0	0	1
D0_008075	chr20	2450848	2453435	-	15	10	preexisting_v49_gene_span			1	1	0	2
D0_008076	chr20	3830278	3833178	-	15	15	unresolved			1	0	0	1
D0_008077	chr20	25001241	25002370	-	15	14	unresolved			1	0	0	1
D0_008078	chr20	35099678	35100357	-	15	14	unresolved			1	0	0	1
D0_008079	chr20	35112022	35112341	+	15	13	unresolved			1	0	0	1
D0_008080	chr20	35611843	35615299	+	15	12	unresolved			1	0	0	1
D0_008081	chr20	36959573	36963144	-	15	11	unresolved			1	0	0	1
D0_008082	chr20	44855707	44855826	+	15	15	unresolved			1	0	0	1
D0_008083	chr20	49199414	49208910	-	15	13	unresolved			1	0	0	1
D0_008084	chr20	49210584	49213473	-	15	11	unresolved			1	1	0	2
D0_008085	chr20	53834763	53836839	+	15	11	unresolved			1	0	0	1
D0_008086	chr20	59337607	59337675	-	15	15	unresolved			0	0	0	0
D0_008087	chr20	59951612	59954137	+	15	13	unresolved			1	1	0	2
D0_008088	chr21	20031045	20119421	-	15	14	unresolved			1	1	0	2
D0_008089	chr21	28689436	28691601	-	15	14	preexisting_v49_gene_span			1	0	0	1
D0_008090	chr21	28704199	28704499	+	15	15	unresolved			1	0	0	1
D0_008091	chr21	28750334	28751212	+	15	14	unresolved			1	0	0	1
D0_008092	chr21	31009123	31009716	-	15	14	unresolved			1	0	0	1
D0_008093	chr21	42300250	42300729	+	15	14	preexisting_v49_gene_span			1	1	0	2
D0_008094	chr21	42399005	42400293	+	15	15	unresolved			1	0	0	1
D0_008095	chr21	44876195	44877471	-	15	14	unresolved			1	0	0	1
D0_008096	chr21	46633493	46635551	-	15	14	unresolved			1	1	0	2
D0_008097	chr22	23760531	23762295	+	15	15	unresolved			1	0	0	1
D0_008098	chr22	24010163	24011040	-	15	13	unresolved			1	1	0	2
D0_008099	chr22	32386891	32387161	+	15	15	unresolved			1	0	0	1
D0_008100	chr22	36485341	36486262	-	15	14	unresolved			1	1	0	2
D0_008101	chr22	37666960	37669937	+	15	12	unresolved			1	0	0	1
D0_008102	chr22	38876945	38877053	-	15	13	unresolved			1	0	0	1
D0_008103	chr22	40715411	40762527	+	15	13	other_v49_added_gene		ENSG00000302971	1	1	0	2
D0_008104	chr22	44483835	44484712	-	15	15	unresolved			1	1	0	2
D0_008105	chr22	45870285	45872266	+	15	12	unresolved			1	0	0	1
D0_008106	chr22	47414040	47415254	+	15	12	unresolved			1	0	0	1
D0_008107	chrX	15789505	15789766	+	15	13	unresolved			1	1	0	2
D0_008108	chrX	20122066	20123928	+	15	15	unresolved			1	0	0	1
D0_008109	chrX	20142274	20145933	+	15	14	unresolved			1	1	0	2
D0_008110	chrX	24053600	24054135	-	15	12	unresolved			1	0	0	1
D0_008111	chrX	41331139	41332909	-	15	14	other_v49_added_gene		ENSG00000301689,ENSG00000301726	1	1	0	2
D0_008112	chrX	47109183	47116291	+	15	11	unresolved			1	1	0	2
D0_008113	chrX	48885024	48885228	-	15	15	unresolved			1	0	0	1
D0_008114	chrX	54639475	54640905	+	15	14	other_v49_added_gene		ENSG00000305839	1	0	0	1
D0_008115	chrX	56571658	56574031	-	15	15	unresolved			1	0	0	1
D0_008116	chrX	65273070	65273734	+	15	13	preexisting_v49_gene_span			1	0	0	1
D0_008117	chrX	71117337	71118434	-	15	15	unresolved			1	1	0	2
D0_008118	chrX	79399874	79400296	+	15	13	unresolved			1	0	0	1
D0_008119	chrX	81328241	81328856	-	15	13	unresolved			1	0	0	1
D0_008120	chrX	89406780	89407186	-	15	15	unresolved			1	0	0	1
D0_008121	chrX	89476203	89479264	+	15	14	unresolved			1	0	0	1
D0_008122	chrX	103326674	103326747	+	15	1	unresolved			0	0	0	0
D0_008123	chrX	104157292	104157874	+	15	8	unresolved			1	0	0	1
D0_008124	chrX	107615061	107616613	+	15	15	unresolved			1	0	0	1
D0_008125	chrX	107651322	107655445	+	15	15	preexisting_v49_gene_span			1	1	0	2
D0_008126	chrX	118692402	118694597	-	15	14	unresolved			1	0	0	1
D0_008127	chrX	118794562	118796014	+	15	12	unresolved			1	1	0	2
D0_008128	chrX	129778625	129779214	-	15	14	other_v49_added_gene		ENSG00000297976	1	1	0	2
D0_008129	chrX	130167324	130169633	+	15	13	preexisting_v49_gene_span			1	0	0	1
D0_008130	chrX	135034338	135034583	-	15	13	unresolved			1	0	0	1
D0_008131	chrX	138021443	138264107	-	15	14	unresolved			1	1	0	2
D0_008132	chrX	154490736	154493025	+	15	15	unresolved			1	0	0	1
D0_008133	chrY	1055934	1072527	-	15	15	unresolved			1	0	0	1
D0_008134	chrY	1665930	1666251	-	15	15	unresolved			1	0	0	1
D0_008135	chrY	1921307	1924090	-	15	13	unresolved			1	0	0	1
D0_008136	chrY	2163113	2164779	-	15	13	unresolved			1	0	0	1
D0_008137	chrY	19636435	19678311	-	15	15	unresolved			1	1	0	2
D0_008138	chrY	21172591	21172980	+	15	11	other_v49_added_gene		ENSG00000289707	1	1	0	2
D0_008139	GL000220.1	100317	101652	-	15	13	unresolved			1	0	0	1
D0_008140	KI270719.1	76140	76247	+	15	15	unresolved			1	0	0	1
D0_008141	KI270734.1	129623	131056	-	15	14	unresolved			1	0	0	1
D0_008142	KI270742.1	23295	24293	-	15	14	unresolved			1	1	0	2
D0_008143	chr1	1407423	1409019	+	14	13	other_v49_added_gene		ENSG00000301639	1	1	0	2
D0_008144	chr1	1606454	1609726	+	14	12	preexisting_v49_gene_span			1	0	0	1
D0_008145	chr1	1909316	1909874	+	14	13	other_v49_added_gene		ENSG00000306476	1	0	0	1
D0_008146	chr1	2565396	2565864	+	14	14	unresolved			1	1	0	2
D0_008147	chr1	2575949	2579646	-	14	14	other_v49_added_gene		ENSG00000307958	1	1	0	2
D0_008148	chr1	7770271	7770722	-	14	11	other_v49_added_gene		ENSG00000300603	1	0	0	1
D0_008149	chr1	9645733	9648017	-	14	10	unresolved			1	0	0	1
D0_008150	chr1	17449055	17487937	-	14	14	unresolved			1	0	0	1
D0_008151	chr1	17449437	17450953	+	14	13	unresolved			1	1	0	2
D0_008152	chr1	19296278	19296602	-	14	13	unresolved			1	1	0	2
D0_008153	chr1	23196186	23232479	+	14	14	other_v49_added_gene		ENSG00000304077	1	1	0	2
D0_008154	chr1	25504155	25504473	+	14	14	unresolved			1	1	0	2
D0_008155	chr1	25506272	25510884	+	14	13	unresolved			1	0	0	1
D0_008156	chr1	27927629	27928845	+	14	13	unresolved			1	0	0	1
D0_008157	chr1	28113646	28117279	-	14	14	other_v49_added_gene		ENSG00000289576	1	0	0	1
D0_008158	chr1	28770260	28779486	+	14	13	unresolved			1	1	0	2
D0_008159	chr1	32242043	32244601	+	14	13	other_v49_added_gene		ENSG00000290045	1	1	0	2
D0_008160	chr1	34968475	34968739	-	14	14	unresolved			1	0	0	1
D0_008161	chr1	35857951	35861500	-	14	12	unresolved			1	1	0	2
D0_008162	chr1	39047974	39050319	-	14	12	unresolved			1	0	0	1
D0_008163	chr1	40841940	40861053	-	14	12	other_v49_added_gene		ENSG00000295492	1	1	0	2
D0_008164	chr1	43648844	43649884	-	14	12	unresolved			1	0	0	1
D0_008165	chr1	47197295	47197878	-	14	10	other_v49_added_gene		ENSG00000309388	1	0	0	1
D0_008166	chr1	52590931	52591732	+	14	13	preexisting_v49_gene_span			1	0	0	1
D0_008167	chr1	60467057	60467198	+	14	14	unresolved			1	0	0	1
D0_008168	chr1	62360241	62411847	+	14	14	unresolved			1	1	0	2
D0_008169	chr1	64416712	64461723	+	14	13	unresolved			1	1	0	2
D0_008170	chr1	68295376	68300029	-	14	14	unresolved			1	1	0	2
D0_008171	chr1	83269057	83269509	+	14	13	unresolved			1	0	0	1
D0_008172	chr1	88845489	88851099	+	14	13	unresolved			1	0	0	1
D0_008173	chr1	90907119	90907836	+	14	12	unresolved			1	0	0	1
D0_008174	chr1	92402094	92406456	+	14	11	unresolved			1	1	0	2
D0_008175	chr1	100184237	100186598	-	14	11	preexisting_v49_gene_span			1	0	0	1
D0_008176	chr1	105216092	105216321	+	14	14	unresolved			1	0	0	1
D0_008177	chr1	108000849	108001225	-	14	12	unresolved			1	0	0	1
D0_008178	chr1	108005937	108007212	+	14	11	other_v49_added_gene		ENSG00000306691	1	0	0	1
D0_008179	chr1	108535615	108535764	-	14	13	unresolved			1	1	0	2
D0_008180	chr1	109426886	109430995	+	14	13	unresolved			1	1	0	2
D0_008181	chr1	120722693	120722955	+	14	13	unresolved			1	0	0	1
D0_008182	chr1	144566669	144568933	+	14	14	other_v49_added_gene		ENSG00000303695	1	0	0	1
D0_008183	chr1	145463351	145465585	-	14	14	other_v49_added_gene		ENSG00000305862	1	1	0	2
D0_008184	chr1	145999150	146001774	+	14	14	unresolved			1	0	0	1
D0_008185	chr1	147016816	147017113	-	14	14	unresolved			1	0	0	1
D0_008186	chr1	149173303	149174090	-	14	14	primary_match	ENSG00000291233	ENSG00000291233	1	0	0	1
D0_008187	chr1	149825324	149825709	+	14	14	other_v49_added_gene		ENSG00000301450	1	0	0	1
D0_008188	chr1	151973496	151978093	-	14	14	unresolved			1	1	0	2
D0_008189	chr1	152471412	152471776	-	14	14	unresolved			0	1	0	1
D0_008190	chr1	153650149	153651671	+	14	14	unresolved			1	0	0	1
D0_008191	chr1	154938392	154940244	-	14	13	unresolved			1	1	0	2
D0_008192	chr1	155935066	155937352	+	14	14	unresolved			1	1	0	2
D0_008193	chr1	160828332	160829618	-	14	14	unresolved			1	1	0	2
D0_008194	chr1	168271721	168273145	+	14	14	unresolved			1	1	0	2
D0_008195	chr1	178646010	178646555	+	14	11	preexisting_v49_gene_span			1	0	0	1
D0_008196	chr1	226122176	226124636	+	14	13	other_v49_added_gene		ENSG00000299046	1	1	0	2
D0_008197	chr1	226617451	226618124	+	14	13	unresolved			1	0	0	1
D0_008198	chr1	228430971	228432383	+	14	12	preexisting_v49_gene_span			1	0	0	1
D0_008199	chr1	229343485	229344029	+	14	9	unresolved			1	0	0	1
D0_008200	chr1	232051427	232054014	+	14	13	other_v49_added_gene		ENSG00000308323	1	1	0	2
D0_008201	chr1	232564131	232564591	-	14	12	preexisting_v49_gene_span			1	1	0	2
D0_008202	chr1	234349920	234353926	+	14	8	unresolved			1	0	0	1
D0_008203	chr1	235652039	235653758	-	14	12	unresolved			1	1	0	2
D0_008204	chr1	244804563	244818607	-	14	14	unresolved			1	1	0	2
D0_008205	chr1	248826589	248828166	+	14	12	other_v49_added_gene		ENSG00000309922	1	0	0	1
D0_008206	chr2	7139533	7140076	+	14	14	unresolved			1	0	0	1
D0_008207	chr2	7175165	7178273	+	14	13	unresolved			1	1	0	2
D0_008208	chr2	10029620	10038603	+	14	11	other_v49_added_gene		ENSG00000309032	1	1	0	2
D0_008209	chr2	10698660	10698770	-	14	13	unresolved			1	0	0	1
D0_008210	chr2	18645884	18647439	+	14	13	other_v49_added_gene		ENSG00000304698	1	0	0	1
D0_008211	chr2	20971666	20971823	+	14	14	other_v49_added_gene		ENSG00000299535	1	0	0	1
D0_008212	chr2	25367177	25369043	-	14	11	unresolved			1	1	0	2
D0_008213	chr2	27244792	27248864	+	14	12	unresolved			1	1	0	2
D0_008214	chr2	28870417	28871319	+	14	13	unresolved			1	0	0	1
D0_008215	chr2	30174067	30174400	-	14	11	unresolved			1	0	0	1
D0_008216	chr2	36830791	36834674	-	14	14	unresolved			1	1	0	2
D0_008217	chr2	43086277	43086613	-	14	10	preexisting_v49_gene_span			1	0	0	1
D0_008218	chr2	43165873	43167963	+	14	13	unresolved			1	0	0	1
D0_008219	chr2	53155189	53157393	-	14	11	unresolved			0	0	0	0
D0_008220	chr2	57771004	57772095	-	14	12	other_v49_added_gene		ENSG00000293611	1	0	0	1
D0_008221	chr2	60447201	60448863	+	14	12	unresolved			1	0	0	1
D0_008222	chr2	61168693	61168787	+	14	14	unresolved			1	0	0	1
D0_008223	chr2	62314507	62323664	+	14	11	preexisting_v49_gene_span			1	1	0	2
D0_008224	chr2	71440956	71441511	-	14	13	unresolved			1	0	0	1
D0_008225	chr2	73753891	73756977	-	14	14	unresolved			1	1	0	2
D0_008226	chr2	74994707	74995099	-	14	14	unresolved			1	0	0	1
D0_008227	chr2	85911691	85913785	-	14	13	unresolved			1	0	0	1
D0_008228	chr2	87196676	87196859	+	14	14	unresolved			1	1	0	2
D0_008229	chr2	88021475	88022796	+	14	14	unresolved			1	1	0	2
D0_008230	chr2	96009155	96010248	-	14	12	unresolved			1	0	0	1
D0_008231	chr2	96165145	96166140	+	14	12	unresolved			1	0	0	1
D0_008232	chr2	96581824	96584749	-	14	14	unresolved			1	1	0	2
D0_008233	chr2	108693496	108694280	+	14	14	unresolved			1	0	0	1
D0_008234	chr2	127408316	127409266	+	14	12	unresolved			1	1	0	2
D0_008235	chr2	146688494	146688615	+	14	13	preexisting_v49_gene_span			1	0	0	1
D0_008236	chr2	147603094	147603325	-	14	14	other_v49_added_gene		ENSG00000308424	1	0	0	1
D0_008237	chr2	151774265	151776657	-	14	13	unresolved			1	1	0	2
D0_008238	chr2	159641918	159643477	-	14	12	preexisting_v49_gene_span			1	0	0	1
D0_008239	chr2	169642627	169644830	+	14	14	unresolved			1	1	0	2
D0_008240	chr2	170987714	170989755	+	14	14	unresolved			1	0	0	1
D0_008241	chr2	171494811	171497148	+	14	13	unresolved			1	1	0	2
D0_008242	chr2	181433955	181434336	-	14	14	unresolved			1	0	0	1
D0_008243	chr2	183222937	183224326	+	14	12	unresolved			1	0	0	1
D0_008244	chr2	185953184	185956578	-	14	12	unresolved			1	0	0	1
D0_008245	chr2	188972716	188972873	+	14	14	unresolved			0	0	0	0
D0_008246	chr2	195417349	195420877	-	14	8	unresolved			1	1	0	2
D0_008247	chr2	196959935	196960987	+	14	12	unresolved			1	0	0	1
D0_008248	chr2	206099558	206103504	-	14	10	unresolved			1	1	0	2
D0_008249	chr2	207803566	207804101	-	14	13	unresolved			1	0	0	1
D0_008250	chr2	224756950	224757330	-	14	12	unresolved			1	0	0	1
D0_008251	chr2	229295604	229297359	-	14	12	other_v49_added_gene		ENSG00000297905	1	0	0	1
D0_008252	chr2	229301104	229302308	+	14	13	other_v49_added_gene		ENSG00000296367	0	0	0	0
D0_008253	chr2	230079011	230079267	+	14	14	unresolved			1	0	0	1
D0_008254	chr2	231447691	231451111	+	14	14	preexisting_v49_gene_span			1	0	0	1
D0_008255	chr2	231702489	231703545	-	14	14	other_v49_added_gene		ENSG00000289018	1	1	0	2
D0_008256	chr2	234292005	234295441	-	14	12	unresolved			1	0	0	1
D0_008257	chr2	234424860	234427952	-	14	11	other_v49_added_gene		ENSG00000296359	1	0	0	1
D0_008258	chr2	237272836	237272971	-	14	14	unresolved			0	0	0	0
D0_008259	chr3	23997428	23999384	+	14	11	unresolved			1	1	0	2
D0_008260	chr3	31227723	31230205	+	14	13	preexisting_v49_gene_span			1	1	0	2
D0_008261	chr3	37051176	37052507	+	14	11	unresolved			1	1	0	2
D0_008262	chr3	38433685	38437971	+	14	13	unresolved			1	0	0	1
D0_008263	chr3	41994197	42005314	-	14	12	unresolved			1	1	0	2
D0_008264	chr3	45995867	46001259	+	14	10	other_v49_added_gene		ENSG00000288717	1	1	1	3
D0_008265	chr3	46099440	46101762	+	14	11	other_v49_added_gene		ENSG00000288703	1	0	0	1
D0_008266	chr3	47514216	47557986	-	14	14	other_v49_added_gene		ENSG00000308982,ENSG00000304508	1	1	0	2
D0_008267	chr3	48510193	48513264	-	14	12	unresolved			1	1	0	2
D0_008268	chr3	108026467	108028048	+	14	13	unresolved			1	0	0	1
D0_008269	chr3	114240082	114240984	+	14	12	unresolved			1	1	0	2
D0_008270	chr3	122127671	122132332	+	14	11	unresolved			1	0	0	1
D0_008271	chr3	124954754	124958241	-	14	9	unresolved			1	0	0	1
D0_008272	chr3	128836196	128839092	+	14	12	unresolved			1	0	0	1
D0_008273	chr3	132370154	132372121	-	14	13	unresolved			1	0	0	1
D0_008274	chr3	133593158	133594791	+	14	11	unresolved			1	0	0	1
D0_008275	chr3	138488938	138490613	-	14	11	unresolved			1	0	0	1
D0_008276	chr3	150491785	150494299	-	14	13	unresolved			1	0	0	1
D0_008277	chr3	155209675	155210035	-	14	13	other_v49_added_gene		ENSG00000296269	1	0	0	1
D0_008278	chr3	177000058	177001734	-	14	13	unresolved			1	1	0	2
D0_008279	chr3	184309648	184314315	-	14	14	unresolved			1	1	0	2
D0_008280	chr3	190424646	190424950	+	14	4	unresolved			1	1	0	2
D0_008281	chr4	15460103	15461390	-	14	12	unresolved			1	0	0	1
D0_008282	chr4	25725410	25727664	-	14	10	unresolved			1	1	0	2
D0_008283	chr4	38716083	38730681	-	14	12	other_v49_added_gene		ENSG00000304147	1	1	0	2
D0_008284	chr4	40259032	40260341	+	14	12	unresolved			1	0	0	1
D0_008285	chr4	40262540	40264292	-	14	13	unresolved			1	0	0	1
D0_008286	chr4	71042846	71044575	+	14	13	unresolved			1	0	0	1
D0_008287	chr4	82276976	82277082	+	14	13	unresolved			1	0	0	1
D0_008288	chr4	82806759	82807907	+	14	13	unresolved			1	0	0	1
D0_008289	chr4	83172241	83172910	-	14	11	unresolved			1	0	0	1
D0_008290	chr4	83226570	83227782	-	14	13	unresolved			1	0	0	1
D0_008291	chr4	87421591	87422361	-	14	13	unresolved			1	0	0	1
D0_008292	chr4	105145344	105145868	+	14	14	unresolved			1	0	0	1
D0_008293	chr4	109557655	109559816	-	14	13	unresolved			1	1	0	2
D0_008294	chr4	137502094	137502226	+	14	14	unresolved			1	1	0	2
D0_008295	chr4	139206324	139208219	-	14	14	unresolved			1	0	0	1
D0_008296	chr4	139482555	139487188	-	14	11	unresolved			1	0	0	1
D0_008297	chr4	146212777	146214499	+	14	10	unresolved			1	0	0	1
D0_008298	chr4	153428301	153439536	-	14	14	unresolved			1	1	0	2
D0_008299	chr4	158259250	158259585	+	14	12	unresolved			1	0	0	1
D0_008300	chr4	174337270	174338868	-	14	11	unresolved			1	0	0	1
D0_008301	chr4	180895753	180934150	-	14	14	unresolved			1	1	0	2
D0_008302	chr4	187463968	187469001	-	14	13	preexisting_v49_gene_span			1	0	0	1
D0_008303	chr4	187472516	187473444	-	14	14	preexisting_v49_gene_span			1	0	0	1
D0_008304	chr4	187474728	187475723	-	14	10	preexisting_v49_gene_span			1	1	0	2
D0_008305	chr4	187481667	187483950	-	14	12	preexisting_v49_gene_span			1	1	0	2
D0_008306	chr4	189302433	189303558	-	14	14	unresolved			0	0	0	0
D0_008307	chr5	785820	786170	+	14	14	other_v49_added_gene		ENSG00000288930	1	0	0	1
D0_008308	chr5	14565360	14568908	-	14	13	other_v49_added_gene		ENSG00000307738	1	0	0	1
D0_008309	chr5	17389747	17390403	+	14	14	unresolved			1	0	0	1
D0_008310	chr5	35888408	35888848	-	14	12	unresolved			1	0	0	1
D0_008311	chr5	42964679	42967674	+	14	11	unresolved			1	1	0	2
D0_008312	chr5	46164057	46164207	+	14	14	unresolved			1	0	0	1
D0_008313	chr5	46315239	46315414	+	14	14	unresolved			1	0	0	1
D0_008314	chr5	50382341	50383197	-	14	14	unresolved			1	1	0	2
D0_008315	chr5	54939358	54939474	-	14	14	other_v49_added_gene		ENSG00000296132	1	0	0	1
D0_008316	chr5	55611082	55612550	-	14	13	unresolved			1	1	0	2
D0_008317	chr5	55619042	55620125	-	14	13	unresolved			1	1	0	2
D0_008318	chr5	62645501	62645844	-	14	13	unresolved			1	0	0	1
D0_008319	chr5	70858042	70858395	-	14	14	unresolved			1	0	0	1
D0_008320	chr5	75262733	75262868	-	14	13	unresolved			1	0	0	1
D0_008321	chr5	75317324	75319741	-	14	12	unresolved			1	0	0	1
D0_008322	chr5	78481518	78482914	+	14	13	unresolved			1	1	0	2
D0_008323	chr5	81394944	81396769	+	14	12	other_v49_added_gene		ENSG00000300735	1	1	0	2
D0_008324	chr5	93615140	93616597	-	14	14	preexisting_v49_gene_span			1	1	0	2
D0_008325	chr5	97040675	97041626	+	14	11	unresolved			1	1	0	2
D0_008326	chr5	97074050	97074538	-	14	12	unresolved			1	0	0	1
D0_008327	chr5	100381621	100383875	-	14	14	preexisting_v49_gene_span			1	0	0	1
D0_008328	chr5	112530040	112530412	+	14	8	other_v49_added_gene		ENSG00000290027	1	1	0	2
D0_008329	chr5	131154558	131157253	-	14	12	preexisting_v49_gene_span			1	1	0	2
D0_008330	chr5	134864070	134868152	+	14	13	unresolved			1	0	0	1
D0_008331	chr5	138575807	138577033	+	14	13	other_v49_added_gene		ENSG00000299264	1	1	0	2
D0_008332	chr5	139340486	139340955	+	14	14	unresolved			1	0	0	1
D0_008333	chr5	148894282	148897559	+	14	11	unresolved			1	1	0	2
D0_008334	chr5	150565044	150566070	+	14	12	unresolved			1	0	0	1
D0_008335	chr5	168520229	168521823	+	14	12	unresolved			1	1	0	2
D0_008336	chr5	171853813	171854112	+	14	14	unresolved			1	0	0	1
D0_008337	chr5	172026450	172029489	-	14	9	unresolved			1	0	0	1
D0_008338	chr5	176525583	176526686	-	14	12	unresolved			1	1	0	2
D0_008339	chr5	178890606	178891582	+	14	13	unresolved			1	0	0	1
D0_008340	chr5	179463607	179480258	+	14	13	unresolved			1	1	0	2
D0_008341	chr5	179529375	179529995	-	14	13	other_v49_added_gene		ENSG00000290043	1	1	0	2
D0_008342	chr5	180365753	180396569	-	14	14	other_v49_added_gene		ENSG00000309762	1	1	0	2
D0_008343	chr5	181178300	181178436	-	14	14	unresolved			1	0	0	1
D0_008344	chr6	6772680	6774007	-	14	13	preexisting_v49_gene_span			1	0	0	1
D0_008345	chr6	12197223	12203930	+	14	14	unresolved			1	0	0	1
D0_008346	chr6	16162427	16163879	+	14	12	unresolved			1	1	0	2
D0_008347	chr6	18311516	18340292	+	14	12	other_v49_added_gene		ENSG00000289097,ENSG00000302949	1	0	0	1
D0_008348	chr6	26221395	26223893	-	14	12	other_v49_added_gene		ENSG00000307186	1	1	0	2
D0_008349	chr6	27529450	27529663	-	14	14	unresolved			1	0	0	1
D0_008350	chr6	27693478	27693843	-	14	7	unresolved			1	0	0	1
D0_008351	chr6	28936084	28936716	-	14	5	unresolved			1	0	0	1
D0_008352	chr6	28951022	28951099	+	14	14	unresolved			1	1	0	2
D0_008353	chr6	29824615	29824931	+	14	12	unresolved			0	0	0	0
D0_008354	chr6	30796813	30798629	-	14	14	preexisting_v49_gene_span			1	1	0	2
D0_008355	chr6	31381902	31382980	-	14	14	preexisting_v49_gene_span			1	1	0	2
D0_008356	chr6	34230212	34233364	-	14	12	unresolved			1	0	0	1
D0_008357	chr6	35328140	35330032	-	14	14	unresolved			1	0	0	1
D0_008358	chr6	35730526	35731884	-	14	12	other_v49_added_gene		ENSG00000299371	1	0	0	1
D0_008359	chr6	38668654	38670344	+	14	12	other_v49_added_gene		ENSG00000298390	1	1	0	2
D0_008360	chr6	41681302	41683575	-	14	12	unresolved			1	0	0	1
D0_008361	chr6	42872410	42876157	-	14	12	unresolved			1	0	0	1
D0_008362	chr6	42982048	42984147	-	14	11	other_v49_added_gene		ENSG00000290049	1	1	0	2
D0_008363	chr6	44102230	44104241	-	14	13	unresolved			1	1	0	2
D0_008364	chr6	57917829	57918944	+	14	14	unresolved			1	0	0	1
D0_008365	chr6	70631978	70632096	+	14	13	unresolved			1	0	0	1
D0_008366	chr6	75599916	75601399	-	14	14	other_v49_added_gene		ENSG00000297132	1	1	0	2
D0_008367	chr6	76745168	76745240	+	14	14	unresolved			1	0	0	1
D0_008368	chr6	80349307	80350216	+	14	14	preexisting_v49_gene_span			1	1	0	2
D0_008369	chr6	80368465	80370084	+	14	14	unresolved			1	0	0	1
D0_008370	chr6	103638257	103638358	-	14	14	unresolved			1	0	0	1
D0_008371	chr6	118447258	118449866	-	14	13	unresolved			1	1	0	2
D0_008372	chr6	122434179	122436517	-	14	13	unresolved			1	1	0	2
D0_008373	chr6	126204851	126205738	+	14	9	unresolved			1	0	0	1
D0_008374	chr6	137822434	137823631	-	14	12	preexisting_v49_gene_span			1	1	0	2
D0_008375	chr6	139026877	139028548	-	14	13	unresolved			1	1	0	2
D0_008376	chr6	141484336	141485579	-	14	13	unresolved			1	0	0	1
D0_008377	chr6	143515322	143517216	+	14	13	other_v49_added_gene		ENSG00000294211	1	1	0	2
D0_008378	chr6	150846851	150848600	+	14	13	unresolved			1	1	0	2
D0_008379	chr6	158644756	158645665	+	14	13	preexisting_v49_gene_span			1	0	0	1
D0_008380	chr6	164735109	164735851	-	14	14	unresolved			1	0	0	1
D0_008381	chr7	896448	896762	-	14	13	unresolved			1	1	0	2
D0_008382	chr7	2471436	2473089	+	14	14	unresolved			1	0	0	1
D0_008383	chr7	2862339	2863474	-	14	11	preexisting_v49_gene_span			1	0	0	1
D0_008384	chr7	6326943	6329040	+	14	14	unresolved			1	0	0	1
D0_008385	chr7	15701353	15701429	-	14	14	unresolved			1	0	0	1
D0_008386	chr7	27508800	27512711	-	14	12	unresolved			1	1	0	2
D0_008387	chr7	30163073	30164526	+	14	10	unresolved			1	1	0	2
D0_008388	chr7	32473542	32473649	-	14	14	unresolved			1	0	0	1
D0_008389	chr7	32903228	32905887	-	14	13	unresolved			1	0	0	1
D0_008390	chr7	63197439	63197542	+	14	14	unresolved			0	0	0	0
D0_008391	chr7	66011273	66015039	+	14	14	unresolved			1	0	0	1
D0_008392	chr7	66894220	66897943	+	14	12	primary_match	ENSG00000289177	ENSG00000289177	1	1	0	2
D0_008393	chr7	73091146	73091490	+	14	13	unresolved			1	0	0	1
D0_008394	chr7	73292824	73293337	+	14	13	unresolved			1	0	0	1
D0_008395	chr7	73388927	73389031	-	14	14	unresolved			1	0	0	1
D0_008396	chr7	73772750	73774778	+	14	12	unresolved			1	0	0	1
D0_008397	chr7	77783322	77784346	+	14	14	unresolved			1	0	0	1
D0_008398	chr7	86228118	86230350	-	14	14	other_v49_added_gene		ENSG00000298738	1	0	0	1
D0_008399	chr7	92558874	92560383	+	14	14	unresolved			1	1	0	2
D0_008400	chr7	93070471	93071548	-	14	14	unresolved			1	0	0	1
D0_008401	chr7	94204104	94204441	-	14	14	preexisting_v49_gene_span			1	0	0	1
D0_008402	chr7	99167613	99167748	-	14	14	unresolved			1	1	0	2
D0_008403	chr7	109908447	109908576	+	14	14	unresolved			1	0	0	1
D0_008404	chr7	123652579	123655836	-	14	11	unresolved			1	0	0	1
D0_008405	chr7	127573066	127574690	-	14	12	other_v49_added_gene		ENSG00000295686	1	0	0	1
D0_008406	chr7	128108620	128111382	+	14	13	unresolved			1	0	0	1
D0_008407	chr7	139042287	139043133	-	14	13	unresolved			1	0	0	1
D0_008408	chr7	142684606	142684974	+	14	12	unresolved			1	1	0	2
D0_008409	chr7	143312517	143312646	-	14	14	unresolved			1	0	0	1
D0_008410	chr7	152129955	152131362	-	14	10	other_v49_added_gene		ENSG00000310074	1	0	0	1
D0_008411	chr7	153761367	153763421	+	14	14	preexisting_v49_gene_span			1	0	0	1
D0_008412	chr7	158711003	158711920	+	14	14	unresolved			1	0	0	1
D0_008413	chr8	8939846	8941415	+	14	13	other_v49_added_gene		ENSG00000293372	1	0	0	1
D0_008414	chr8	9484664	9484788	+	14	14	unresolved			0	0	0	0
D0_008415	chr8	22104928	22106367	+	14	14	unresolved			1	0	0	1
D0_008416	chr8	22439125	22440554	-	14	12	unresolved			1	0	0	1
D0_008417	chr8	23266214	23268498	-	14	14	unresolved			1	0	0	1
D0_008418	chr8	30772769	30774398	-	14	12	preexisting_v49_gene_span			1	1	0	2
D0_008419	chr8	38068043	38069486	-	14	13	unresolved			1	0	0	1
D0_008420	chr8	42174025	42174343	+	14	13	unresolved			1	0	0	1
D0_008421	chr8	47771512	47773100	-	14	13	unresolved			1	1	0	2
D0_008422	chr8	52619131	52620211	-	14	14	unresolved			1	0	0	1
D0_008423	chr8	53714193	53714478	+	14	12	unresolved			1	0	0	1
D0_008424	chr8	55856210	55857547	-	14	13	unresolved			1	0	0	1
D0_008425	chr8	56057624	56059824	-	14	12	unresolved			1	1	0	2
D0_008426	chr8	58396986	58398096	+	14	14	other_v49_added_gene		ENSG00000305904	1	0	0	1
D0_008427	chr8	66937459	66938579	+	14	14	unresolved			1	0	0	1
D0_008428	chr8	70405035	70407647	+	14	14	other_v49_added_gene		ENSG00000288966	1	1	0	2
D0_008429	chr8	70561811	70564776	-	14	14	unresolved			1	0	0	1
D0_008430	chr8	74229012	74230611	+	14	14	unresolved			1	0	0	1
D0_008431	chr8	97171522	97174410	+	14	14	unresolved			1	0	0	1
D0_008432	chr8	100503814	100507706	-	14	12	unresolved			1	1	0	2
D0_008433	chr8	100679967	100680372	+	14	10	other_v49_added_gene		ENSG00000310385	1	0	0	1
D0_008434	chr8	109238738	109240868	-	14	14	unresolved			1	1	0	2
D0_008435	chr8	140517517	140519784	-	14	12	unresolved			1	1	0	2
D0_008436	chr8	141374213	141383303	+	14	13	other_v49_added_gene		ENSG00000289263	1	0	1	2
D0_008437	chr8	144971834	144973094	-	14	12	unresolved			1	0	0	1
D0_008438	chr9	2198045	2199075	+	14	11	unresolved			1	0	0	1
D0_008439	chr9	2271928	2369562	-	14	14	preexisting_v49_gene_span			1	1	0	2
D0_008440	chr9	3526055	3526719	+	14	14	preexisting_v49_gene_span			1	0	0	1
D0_008441	chr9	3707603	3710904	+	14	8	unresolved			1	1	0	2
D0_008442	chr9	6511709	6513796	+	14	14	unresolved			1	1	0	2
D0_008443	chr9	12205738	12205886	+	14	14	unresolved			1	0	0	1
D0_008444	chr9	14598838	14599839	-	14	13	preexisting_v49_gene_span			1	0	0	1
D0_008445	chr9	19162218	19164589	+	14	8	unresolved			1	0	0	1
D0_008446	chr9	26185359	26362190	-	14	14	other_v49_added_gene		ENSG00000309811	1	1	0	2
D0_008447	chr9	27317680	27322498	-	14	10	unresolved			1	0	0	1
D0_008448	chr9	35767341	35768428	-	14	11	unresolved			1	1	0	2
D0_008449	chr9	40931307	40932652	-	14	13	other_v49_added_gene		ENSG00000290923	1	0	0	1
D0_008450	chr9	41413241	41417199	+	14	13	other_v49_added_gene		ENSG00000288891	1	0	0	1
D0_008451	chr9	61312395	61312528	-	14	12	unresolved			0	0	0	0
D0_008452	chr9	63797328	63798022	+	14	13	unresolved			1	0	0	1
D0_008453	chr9	66379164	66379648	+	14	14	other_v49_added_gene		ENSG00000294531	1	0	0	1
D0_008454	chr9	67506011	67506137	+	14	14	unresolved			0	0	0	0
D0_008455	chr9	75158462	75160734	-	14	13	unresolved			1	0	0	1
D0_008456	chr9	80317979	80320384	+	14	14	unresolved			1	0	0	1
D0_008457	chr9	87974833	87977079	+	14	14	other_v49_added_gene		ENSG00000303962	1	0	0	1
D0_008458	chr9	90901066	90902237	+	14	14	unresolved			1	0	0	1
D0_008459	chr9	93134289	93135387	+	14	11	unresolved			1	0	0	1
D0_008460	chr9	105843779	105848733	+	14	8	unresolved			1	0	0	1
D0_008461	chr9	112367499	112368460	-	14	13	unresolved			1	0	0	1
D0_008462	chr9	122765127	122786896	+	14	13	unresolved			1	0	0	1
D0_008463	chr9	127412915	127414408	-	14	11	unresolved			1	0	0	1
D0_008464	chr9	127778721	127783880	-	14	12	preexisting_v49_gene_span			1	1	0	2
D0_008465	chr9	128396860	128398566	+	14	14	unresolved			1	0	0	1
D0_008466	chr9	129771989	129774231	-	14	12	other_v49_added_gene		ENSG00000295529	1	0	0	1
D0_008467	chr9	131372729	131373441	-	14	12	other_v49_added_gene		ENSG00000289000	1	1	0	2
D0_008468	chr9	133756851	133758853	-	14	14	unresolved			1	0	0	1
D0_008469	chr9	133761145	133761625	-	14	12	unresolved			1	0	0	1
D0_008470	chr9	137239253	137239935	+	14	14	unresolved			1	0	0	1
D0_008471	chr10	6412788	6415987	+	14	12	other_v49_added_gene		ENSG00000302067	1	0	0	1
D0_008472	chr10	15484862	15484961	-	14	13	unresolved			1	0	0	1
D0_008473	chr10	22524407	22525722	-	14	12	unresolved			1	0	0	1
D0_008474	chr10	23431456	23433618	-	14	13	unresolved			1	0	0	1
D0_008475	chr10	30431352	30433876	-	14	14	other_v49_added_gene		ENSG00000289874	1	0	0	1
D0_008476	chr10	30739096	30739259	+	14	14	unresolved			1	0	0	1
D0_008477	chr10	31801241	31802182	-	14	11	unresolved			1	0	0	1
D0_008478	chr10	36438072	36438237	-	14	13	unresolved			1	0	0	1
D0_008479	chr10	42746346	42746478	-	14	14	unresolved			1	0	0	1
D0_008480	chr10	48044754	48045786	-	14	13	other_v49_added_gene		ENSG00000289143,ENSG00000289444	1	0	0	1
D0_008481	chr10	50015037	50015343	-	14	13	other_v49_added_gene		ENSG00000290956	1	0	0	1
D0_008482	chr10	50646843	50648588	+	14	11	preexisting_v49_gene_span			1	0	0	1
D0_008483	chr10	67881713	67884342	-	14	14	unresolved			1	0	0	1
D0_008484	chr10	69178292	69179925	-	14	12	unresolved			1	1	0	2
D0_008485	chr10	73812187	73812494	-	14	13	unresolved			1	0	0	1
D0_008486	chr10	80146859	80147431	+	14	13	unresolved			1	1	0	2
D0_008487	chr10	86536032	86536364	-	14	14	unresolved			1	0	0	1
D0_008488	chr10	92032025	92032337	-	14	12	unresolved			1	0	0	1
D0_008489	chr10	92590908	92592628	+	14	11	preexisting_v49_gene_span			1	1	0	2
D0_008490	chr10	92676218	92678989	-	14	13	unresolved			1	1	0	2
D0_008491	chr10	92711380	92804125	-	14	12	unresolved			1	1	0	2
D0_008492	chr10	99499739	99508047	+	14	14	preexisting_v49_gene_span			1	1	0	2
D0_008493	chr10	99621932	99622952	+	14	12	preexisting_v49_gene_span			1	1	0	2
D0_008494	chr10	109755188	109757319	-	14	14	unresolved			1	0	0	1
D0_008495	chr10	114820524	114821089	-	14	13	other_v49_added_gene		ENSG00000295359	1	0	0	1
D0_008496	chr10	119678468	119680224	-	14	13	other_v49_added_gene		ENSG00000295480	1	0	0	1
D0_008497	chr10	123181160	123183323	-	14	13	unresolved			1	0	0	1
D0_008498	chr10	123333644	123335902	+	14	14	unresolved			1	1	0	2
D0_008499	chr10	129782092	129784662	+	14	12	unresolved			1	1	0	2
D0_008500	chr11	297191	297922	+	14	12	unresolved			1	1	0	2
D0_008501	chr11	6666178	6669777	-	14	11	unresolved			1	0	0	1
D0_008502	chr11	18273943	18275835	-	14	13	unresolved			1	0	0	1
D0_008503	chr11	18527173	18528060	+	14	13	other_v49_added_gene		ENSG00000289499	1	1	0	2
D0_008504	chr11	33204240	33221614	+	14	13	preexisting_v49_gene_span			1	1	0	2
D0_008505	chr11	33239341	33247696	+	14	13	preexisting_v49_gene_span			1	1	0	2
D0_008506	chr11	35044264	35045181	-	14	10	other_v49_added_gene		ENSG00000289526	1	0	0	1
D0_008507	chr11	35081750	35083417	-	14	13	other_v49_added_gene		ENSG00000289526	1	0	0	1
D0_008508	chr11	57540004	57542148	-	14	13	unresolved			1	0	0	1
D0_008509	chr11	59244466	59255057	-	14	10	unresolved			1	1	0	2
D0_008510	chr11	62890508	62892237	-	14	14	unresolved			1	0	0	1
D0_008511	chr11	64985310	64985408	-	14	14	unresolved			1	0	0	1
D0_008512	chr11	65873721	65876376	+	14	11	unresolved			1	0	0	1
D0_008513	chr11	66010202	66011864	-	14	14	other_v49_added_gene		ENSG00000298934	1	1	0	2
D0_008514	chr11	67480785	67482948	-	14	12	unresolved			1	1	0	2
D0_008515	chr11	79901650	79901773	-	14	13	unresolved			1	0	0	1
D0_008516	chr11	86201505	86202646	-	14	11	unresolved			1	0	0	1
D0_008517	chr11	112375411	112377385	+	14	12	preexisting_v49_gene_span			1	1	0	2
D0_008518	chr11	114653692	114653814	-	14	13	unresolved			1	0	0	1
D0_008519	chr11	123255120	123255271	-	14	14	unresolved			1	0	0	1
D0_008520	chr12	6731963	6733302	+	14	12	unresolved			1	0	0	1
D0_008521	chr12	7997511	7998353	-	14	14	preexisting_v49_gene_span			1	0	0	1
D0_008522	chr12	8070898	8071163	+	14	4	unresolved			1	0	0	1
D0_008523	chr12	11176068	11178051	+	14	13	unresolved			1	1	0	2
D0_008524	chr12	11183465	11185851	+	14	12	unresolved			1	1	0	2
D0_008525	chr12	11251390	11254293	+	14	12	unresolved			1	0	0	1
D0_008526	chr12	11896149	11896705	+	14	11	unresolved			1	1	0	2
D0_008527	chr12	11977713	11990303	+	14	14	unresolved			1	0	0	1
D0_008528	chr12	12854099	12869871	-	14	14	unresolved			1	0	0	1
D0_008529	chr12	31746061	31747526	+	14	13	unresolved			1	0	0	1
D0_008530	chr12	31769616	31778386	-	14	14	unresolved			1	1	0	2
D0_008531	chr12	39478617	39480361	-	14	13	unresolved			1	0	0	1
D0_008532	chr12	47617941	47618566	-	14	14	unresolved			1	0	0	1
D0_008533	chr12	47653980	47657592	-	14	11	unresolved			1	0	0	1
D0_008534	chr12	50970995	50972426	-	14	13	unresolved			1	1	0	2
D0_008535	chr12	51217833	51219707	+	14	13	unresolved			1	1	0	2
D0_008536	chr12	59594710	59595985	-	14	14	unresolved			1	0	0	1
D0_008537	chr12	66170234	66170570	-	14	13	unresolved			1	1	0	2
D0_008538	chr12	67677698	67678674	+	14	13	unresolved			1	0	0	1
D0_008539	chr12	92505569	92509040	+	14	13	unresolved			1	1	0	2
D0_008540	chr12	94687174	94691498	-	14	12	unresolved			1	0	0	1
D0_008541	chr12	94804679	94806726	-	14	14	other_v49_added_gene		ENSG00000303924	1	0	0	1
D0_008542	chr12	96956492	96957671	+	14	12	unresolved			1	1	0	2
D0_008543	chr12	101433654	101445248	-	14	14	unresolved			0	0	0	0
D0_008544	chr12	102012257	102012806	-	14	13	preexisting_v49_gene_span			1	1	0	2
D0_008545	chr12	111906395	111908283	-	14	13	unresolved			1	1	0	2
D0_008546	chr12	116332748	116341636	-	14	13	unresolved			1	0	0	1
D0_008547	chr12	116593866	116594323	-	14	12	unresolved			1	0	0	1
D0_008548	chr12	118145584	118148108	+	14	12	unresolved			1	1	0	2
D0_008549	chr12	121606580	121610707	+	14	14	unresolved			1	1	0	2
D0_008550	chr12	121834762	121839422	-	14	12	preexisting_v49_gene_span			1	1	0	2
D0_008551	chr12	121863728	121865129	+	14	13	preexisting_v49_gene_span			1	0	0	1
D0_008552	chr12	124917820	124919180	-	14	14	unresolved			1	0	0	1
D0_008553	chr12	124941451	124943031	-	14	12	unresolved			1	0	0	1
D0_008554	chr12	124944089	124945647	-	14	12	unresolved			1	1	0	2
D0_008555	chr12	132487032	132489504	+	14	11	unresolved			1	0	0	1
D0_008556	chr13	19954311	19954412	-	14	14	unresolved			1	0	0	1
D0_008557	chr13	29595754	29597661	+	14	11	other_v49_added_gene		ENSG00000306247	1	1	0	2
D0_008558	chr13	42778211	42778360	-	14	14	other_v49_added_gene		ENSG00000304100	1	0	0	1
D0_008559	chr13	49246054	49247832	-	14	14	other_v49_added_gene		ENSG00000288743	1	0	0	1
D0_008560	chr13	74068036	74071596	+	14	14	unresolved			1	0	0	1
D0_008561	chr13	86757914	86765357	+	14	11	unresolved			1	0	1	2
D0_008562	chr13	86773637	86775579	+	14	12	unresolved			1	0	0	1
D0_008563	chr13	90263157	90309294	-	14	14	other_v49_added_gene		ENSG00000302433	1	1	0	2
D0_008564	chr13	98126492	98128021	-	14	14	other_v49_added_gene		ENSG00000293659	1	0	0	1
D0_008565	chr13	98616025	98616194	-	14	14	unresolved			1	0	0	1
D0_008566	chr14	24245785	24248688	+	14	11	unresolved			1	1	0	2
D0_008567	chr14	48330241	48332365	+	14	14	unresolved			1	0	0	1
D0_008568	chr14	49910831	49913159	+	14	14	unresolved			1	0	0	1
D0_008569	chr14	52704488	52707052	-	14	12	unresolved			1	0	0	1
D0_008570	chr14	55240438	55240532	-	14	14	other_v49_added_gene		ENSG00000299791	1	1	0	2
D0_008571	chr14	61085415	61087104	+	14	13	preexisting_v49_gene_span			1	0	0	1
D0_008572	chr14	65404003	65407006	-	14	11	other_v49_added_gene		ENSG00000300981	1	1	0	2
D0_008573	chr14	65878264	65878355	-	14	14	unresolved			1	0	0	1
D0_008574	chr14	69719946	69722211	+	14	12	unresolved			1	0	0	1
D0_008575	chr14	73055806	73057663	-	14	14	preexisting_v49_gene_span			1	0	0	1
D0_008576	chr14	75309130	75309235	-	14	14	unresolved			1	0	0	1
D0_008577	chr14	91447573	91449640	+	14	13	other_v49_added_gene		ENSG00000304283	1	0	0	1
D0_008578	chr14	92694415	92697299	-	14	14	unresolved			1	0	0	1
D0_008579	chr14	96572498	96572872	-	14	11	unresolved			1	0	0	1
D0_008580	chr14	99167818	99169154	-	14	14	unresolved			1	0	0	1
D0_008581	chr14	101951499	101952111	-	14	13	unresolved			1	0	0	1
D0_008582	chr14	101962585	101964545	-	14	12	other_v49_added_gene		ENSG00000300533	1	1	0	2
D0_008583	chr15	23302780	23309528	+	14	12	primary_match	ENSG00000290912	ENSG00000290912	1	1	0	2
D0_008584	chr15	40583907	40584071	-	14	14	unresolved			1	0	0	1
D0_008585	chr15	44663973	44665710	-	14	14	unresolved			1	0	0	1
D0_008586	chr15	75632806	75634968	+	14	14	unresolved			1	0	0	1
D0_008587	chr15	90922686	90923878	-	14	14	unresolved			1	0	0	1
D0_008588	chr15	94229902	94231438	-	14	11	unresolved			1	0	0	1
D0_008589	chr16	585672	589104	+	14	12	preexisting_v49_gene_span			1	1	0	2
D0_008590	chr16	1417243	1417349	-	14	13	unresolved			1	0	0	1
D0_008591	chr16	3723704	3724954	-	14	11	unresolved			1	0	0	1
D0_008592	chr16	8662747	8663147	+	14	13	unresolved			1	0	0	1
D0_008593	chr16	9163985	9164943	+	14	13	unresolved			1	0	0	1
D0_008594	chr16	11638969	11640344	-	14	11	unresolved			1	0	0	1
D0_008595	chr16	14669291	14672104	+	14	13	unresolved			1	1	0	2
D0_008596	chr16	14971239	14974252	-	14	14	other_v49_added_gene		ENSG00000296325	1	1	0	2
D0_008597	chr16	15390677	15390832	+	14	14	unresolved			1	0	0	1
D0_008598	chr16	18641201	18767023	+	14	14	unresolved			1	1	0	2
D0_008599	chr16	21363384	21365150	-	14	14	unresolved			1	0	0	1
D0_008600	chr16	21400539	21401808	-	14	12	unresolved			1	0	0	1
D0_008601	chr16	21933549	21934673	+	14	13	unresolved			1	0	0	1
D0_008602	chr16	22191833	22193124	+	14	13	preexisting_v49_gene_span			1	0	0	1
D0_008603	chr16	46952336	46954799	-	14	13	unresolved			1	0	0	1
D0_008604	chr16	69469025	69472413	+	14	14	unresolved			1	0	0	1
D0_008605	chr16	71844598	71845881	-	14	13	other_v49_added_gene		ENSG00000298025	1	1	0	2
D0_008606	chr16	72040152	72041870	-	14	14	other_v49_added_gene		ENSG00000289937,ENSG00000310525	1	0	0	1
D0_008607	chr16	77179392	77189788	+	14	11	unresolved			1	1	0	2
D0_008608	chr16	84801746	84806049	+	14	12	unresolved			1	0	0	1
D0_008609	chr16	85027075	85027560	-	14	14	other_v49_added_gene		ENSG00000289551	1	0	0	1
D0_008610	chr16	87877297	87877418	-	14	13	unresolved			1	0	0	1
D0_008611	chr17	3661860	3662879	+	14	12	preexisting_v49_gene_span			1	1	0	2
D0_008612	chr17	4721990	4724624	+	14	12	unresolved			1	0	0	1
D0_008613	chr17	4769936	4770659	+	14	14	unresolved			1	0	0	1
D0_008614	chr17	8977319	8980482	+	14	13	unresolved			1	0	0	1
D0_008615	chr17	10660134	10665161	+	14	14	preexisting_v49_gene_span			1	0	0	1
D0_008616	chr17	12263422	12264584	+	14	14	unresolved			1	0	0	1
D0_008617	chr17	13401322	13401451	+	14	14	unresolved			1	0	0	1
D0_008618	chr17	15433987	15435685	-	14	13	unresolved			1	1	0	2
D0_008619	chr17	19097082	19097835	+	14	14	unresolved			1	0	0	1
D0_008620	chr17	19872523	19895106	+	14	12	unresolved			1	1	0	2
D0_008621	chr17	35373781	35374234	-	14	12	unresolved			1	1	0	2
D0_008622	chr17	37808687	37817652	-	14	14	preexisting_v49_gene_span			1	1	0	2
D0_008623	chr17	39998358	40003266	+	14	9	unresolved			1	1	0	2
D0_008624	chr17	40101164	40102867	+	14	12	unresolved			1	1	0	2
D0_008625	chr17	41679461	41679852	+	14	10	unresolved			1	0	0	1
D0_008626	chr17	41687117	41688809	-	14	13	other_v49_added_gene		ENSG00000309800	1	0	0	1
D0_008627	chr17	44391423	44394153	+	14	12	unresolved			1	0	0	1
D0_008628	chr17	45490866	45493566	+	14	14	preexisting_v49_gene_span			1	0	0	1
D0_008629	chr17	50162141	50163347	+	14	13	unresolved			1	0	0	1
D0_008630	chr17	50718753	50719143	-	14	11	unresolved			1	1	0	2
D0_008631	chr17	50918661	50919782	-	14	13	unresolved			1	0	0	1
D0_008632	chr17	54787876	54788153	+	14	14	unresolved			0	0	0	0
D0_008633	chr17	57061836	57061956	+	14	14	unresolved			1	0	0	1
D0_008634	chr17	62073358	62073629	+	14	14	unresolved			1	0	0	1
D0_008635	chr17	63619503	63621749	-	14	12	unresolved			1	1	0	2
D0_008636	chr17	64130902	64133259	+	14	13	other_v49_added_gene		ENSG00000289957	1	0	0	1
D0_008637	chr17	65003113	65005077	+	14	12	unresolved			1	0	0	1
D0_008638	chr17	66192781	66194867	+	14	12	unresolved			1	0	0	1
D0_008639	chr17	74500841	74502427	-	14	12	unresolved			1	0	0	1
D0_008640	chr17	79716958	79718643	-	14	14	other_v49_added_gene		ENSG00000306583	1	1	0	2
D0_008641	chr17	81501284	81504395	-	14	12	unresolved			1	0	0	1
D0_008642	chr18	7327300	7392134	-	14	13	unresolved			1	1	0	2
D0_008643	chr18	7408063	7435783	-	14	14	unresolved			1	1	0	2
D0_008644	chr18	9023936	9024011	-	14	14	other_v49_added_gene		ENSG00000288939	1	0	0	1
D0_008645	chr18	9294345	9296003	+	14	11	unresolved			1	1	0	2
D0_008646	chr18	9864437	9880075	-	14	14	unresolved			1	1	0	2
D0_008647	chr18	12066705	12067160	-	14	14	other_v49_added_gene		ENSG00000293189	1	1	0	2
D0_008648	chr18	21640740	21644352	-	14	13	unresolved			1	0	0	1
D0_008649	chr18	25975361	25996388	+	14	12	unresolved			1	0	0	1
D0_008650	chr18	35144830	35146148	+	14	14	preexisting_v49_gene_span			1	1	0	2
D0_008651	chr18	35152163	35154815	+	14	11	unresolved			1	0	0	1
D0_008652	chr18	35970706	35971707	-	14	14	preexisting_v49_gene_span			1	0	0	1
D0_008653	chr18	62521629	62521929	+	14	13	unresolved			1	0	0	1
D0_008654	chr18	69993643	69995710	-	14	11	unresolved			1	0	0	1
D0_008655	chr18	76972228	76972857	+	14	12	preexisting_v49_gene_span			1	1	0	2
D0_008656	chr18	79393410	79395829	+	14	13	other_v49_added_gene		ENSG00000299053	1	1	0	2
D0_008657	chr19	278778	278877	+	14	14	unresolved			1	0	0	1
D0_008658	chr19	2945957	2948867	-	14	13	unresolved			1	1	0	2
D0_008659	chr19	4086589	4088994	+	14	13	unresolved			1	0	0	1
D0_008660	chr19	9036249	9040769	+	14	14	unresolved			1	0	0	1
D0_008661	chr19	11753876	11754044	-	14	14	unresolved			1	0	0	1
D0_008662	chr19	13779191	13781610	+	14	13	unresolved			1	1	0	2
D0_008663	chr19	15150894	15151019	+	14	14	unresolved			1	0	0	1
D0_008664	chr19	19708183	19708535	-	14	14	unresolved			1	1	0	2
D0_008665	chr19	20069640	20072087	+	14	14	unresolved			1	0	0	1
D0_008666	chr19	20919704	20923121	-	14	12	other_v49_added_gene		ENSG00000298806	1	1	1	3
D0_008667	chr19	29715791	29716206	+	14	13	other_v49_added_gene		ENSG00000289030	1	1	0	2
D0_008668	chr19	30038182	30038412	+	14	14	unresolved			1	1	0	2
D0_008669	chr19	33371330	33373513	-	14	14	unresolved			1	0	0	1
D0_008670	chr19	36161624	36164334	-	14	12	other_v49_added_gene		ENSG00000294128	1	0	0	1
D0_008671	chr19	41429364	41430682	+	14	11	unresolved			1	0	0	1
D0_008672	chr19	43536159	43538060	+	14	11	preexisting_v49_gene_span			1	0	0	1
D0_008673	chr19	43537800	43539795	-	14	13	unresolved			1	1	0	2
D0_008674	chr19	49327886	49331261	+	14	14	unresolved			1	0	0	1
D0_008675	chr19	53776368	53779512	-	14	14	unresolved			1	0	0	1
D0_008676	chr19	54273235	54273807	-	14	13	unresolved			1	1	0	2
D0_008677	chr19	54464081	54464797	-	14	14	unresolved			1	1	0	2
D0_008678	chr19	55088983	55090751	-	14	12	unresolved			1	1	0	2
D0_008679	chr19	57916738	57917038	+	14	11	unresolved			1	1	0	2
D0_008680	chr20	3225344	3225868	+	14	14	unresolved			1	0	0	1
D0_008681	chr20	5206518	5207880	-	14	14	unresolved			1	0	0	1
D0_008682	chr20	17805665	17805825	-	14	13	unresolved			1	0	0	1
D0_008683	chr20	24960537	24962441	+	14	13	unresolved			1	1	0	2
D0_008684	chr20	32033955	32034654	-	14	12	other_v49_added_gene		ENSG00000299750	1	0	0	1
D0_008685	chr20	32171427	32175198	-	14	10	unresolved			1	0	0	1
D0_008686	chr20	32350887	32354746	+	14	14	unresolved			1	1	0	2
D0_008687	chr20	32756783	32760467	+	14	14	unresolved			1	0	0	1
D0_008688	chr20	36985482	36986289	-	14	12	unresolved			1	0	0	1
D0_008689	chr20	39344454	39346885	+	14	10	other_v49_added_gene		ENSG00000300599	1	0	0	1
D0_008690	chr20	40193008	40379239	-	14	11	other_v49_added_gene		ENSG00000305005,ENSG00000305157	1	1	0	2
D0_008691	chr20	45087140	45089458	+	14	13	unresolved			1	1	0	2
D0_008692	chr20	49111494	49113232	-	14	13	unresolved			1	1	0	2
D0_008693	chr20	53758448	53759732	-	14	12	unresolved			1	0	0	1
D0_008694	chr20	56644623	56644777	+	14	14	unresolved			1	0	0	1
D0_008695	chr20	59261392	59261690	-	14	13	unresolved			1	0	0	1
D0_008696	chr21	22736222	22736407	-	14	13	unresolved			1	0	0	1
D0_008697	chr21	25876882	25877432	+	14	12	unresolved			1	0	0	1
D0_008698	chr21	31090820	31093582	-	14	9	unresolved			1	0	0	1
D0_008699	chr21	33228183	33229847	-	14	10	other_v49_added_gene		ENSG00000300126	1	0	0	1
D0_008700	chr21	46584143	46585869	-	14	14	unresolved			1	1	0	2
D0_008701	chr22	30627299	30630713	+	14	12	preexisting_v49_gene_span			1	1	0	2
D0_008702	chr22	37446027	37447301	-	14	11	unresolved			1	0	0	1
D0_008703	chr22	37458669	37461663	-	14	13	unresolved			1	0	0	1
D0_008704	chr22	39166287	39168425	+	14	11	other_v49_added_gene		ENSG00000297177	1	0	0	1
D0_008705	chr22	40650695	40650846	-	14	14	unresolved			1	0	0	1
D0_008706	chr22	42470093	42470211	+	14	13	unresolved			1	0	0	1
D0_008707	chr22	42582407	42583683	+	14	14	other_v49_added_gene		ENSG00000295452	1	1	0	2
D0_008708	chr22	42582541	42583199	-	14	14	unresolved			1	0	0	1
D0_008709	chr22	49930708	49933068	-	14	12	unresolved			1	1	0	2
D0_008710	chrX	13710591	13710881	+	14	13	unresolved			1	0	0	1
D0_008711	chrX	30584961	30586176	-	14	12	unresolved			1	0	0	1
D0_008712	chrX	41264190	41275370	+	14	12	unresolved			1	1	0	2
D0_008713	chrX	41512270	41513611	-	14	10	unresolved			1	1	0	2
D0_008714	chrX	49124488	49132007	+	14	12	unresolved			1	1	0	2
D0_008715	chrX	52919779	52923107	+	14	11	preexisting_v49_gene_span			1	0	0	1
D0_008716	chrX	54587708	54592125	-	14	13	unresolved			1	1	0	2
D0_008717	chrX	56559707	56563506	-	14	14	other_v49_added_gene		ENSG00000298134	1	1	0	2
D0_008718	chrX	56559968	56560531	+	14	14	unresolved			1	0	0	1
D0_008719	chrX	56603677	56606523	+	14	13	unresolved			1	0	0	1
D0_008720	chrX	57110660	57117911	-	14	13	unresolved			1	1	1	3
D0_008721	chrX	57630032	57631365	+	14	14	unresolved			1	0	0	1
D0_008722	chrX	65836408	65836549	+	14	14	other_v49_added_gene		ENSG00000299699	1	0	0	1
D0_008723	chrX	68497397	68498485	-	14	14	other_v49_added_gene		ENSG00000289038	1	1	0	2
D0_008724	chrX	73291842	73292090	+	14	14	unresolved			1	0	0	1
D0_008725	chrX	75323188	75325049	+	14	13	unresolved			1	1	0	2
D0_008726	chrX	79254607	79257708	-	14	14	unresolved			1	0	0	1
D0_008727	chrX	79377033	79378667	-	14	10	unresolved			1	1	0	2
D0_008728	chrX	79455324	79455855	-	14	14	unresolved			1	0	0	1
D0_008729	chrX	80660264	80664347	-	14	13	unresolved			1	1	0	2
D0_008730	chrX	96614676	96614797	+	14	13	unresolved			1	0	0	1
D0_008731	chrX	106329259	106329593	+	14	14	unresolved			1	1	0	2
D0_008732	chrX	119571636	119574402	-	14	12	unresolved			1	0	0	1
D0_008733	chrX	119877211	119880701	+	14	14	unresolved			1	1	0	2
D0_008734	chrX	120621234	120624974	-	14	13	unresolved			1	1	0	2
D0_008735	chrX	129773222	129773639	+	14	13	unresolved			1	0	0	1
D0_008736	chrX	136883699	136884873	-	14	14	unresolved			1	1	0	2
D0_008737	chrX	154347487	154348436	+	14	14	unresolved			1	1	0	2
D0_008738	chrX	154377142	154378643	-	14	14	unresolved			1	0	0	1
D0_008739	chrX	154568160	154568583	+	14	13	unresolved			1	0	0	1
D0_008740	chrY	1091774	1122939	-	14	14	unresolved			1	0	0	1
D0_008741	chrY	1611349	1613550	+	14	11	unresolved			1	0	0	1
D0_008742	chrY	2657280	2658950	+	14	14	other_v49_added_gene		ENSG00000292362	1	0	0	1
D0_008743	chrY	2675099	2676625	-	14	13	unresolved			1	0	0	1
D0_008744	chrY	21239312	21240565	-	14	11	unresolved			1	1	0	2
D0_008745	chrY	21275907	21278386	-	14	10	unresolved			1	1	0	2
D0_008746	GL000194.1	67223	68043	+	14	14	unresolved			1	0	0	1
D0_008747	KI270721.1	33247	33856	+	14	13	unresolved			1	0	0	1
D0_008748	KI270742.1	19504	20916	-	14	12	unresolved			1	0	0	1
D0_008749	KI270744.1	142567	144193	+	14	9	unresolved			1	0	0	1
D0_008750	KI270744.1	158346	159958	+	14	11	unresolved			1	0	0	1
D0_008751	chr1	87348	88877	-	13	12	unresolved			1	1	0	2
D0_008752	chr1	1367544	1370752	-	13	11	unresolved			1	0	0	1
D0_008753	chr1	1470540	1471605	-	13	12	unresolved			1	1	0	2
D0_008754	chr1	1905781	1908571	-	13	12	other_v49_added_gene		ENSG00000294910	1	1	0	2
D0_008755	chr1	9410205	9419470	-	13	10	other_v49_added_gene		ENSG00000307568	1	0	1	2
D0_008756	chr1	9464378	9493895	+	13	13	unresolved			1	0	0	1
D0_008757	chr1	10452426	10453318	-	13	12	unresolved			1	1	0	2
D0_008758	chr1	16614343	16618151	-	13	11	unresolved			1	1	0	2
D0_008759	chr1	21423152	21423895	-	13	13	unresolved			1	1	0	2
D0_008760	chr1	22101963	22103564	+	13	11	unresolved			1	0	0	1
D0_008761	chr1	23293819	23294765	-	13	13	unresolved			1	0	0	1
D0_008762	chr1	23640721	23643408	+	13	12	unresolved			1	0	0	1
D0_008763	chr1	23868956	23869674	+	13	11	unresolved			1	0	0	1
D0_008764	chr1	25220312	25222202	+	13	8	unresolved			1	0	0	1
D0_008765	chr1	25575321	25576527	-	13	12	unresolved			1	0	0	1
D0_008766	chr1	28109329	28110944	-	13	12	other_v49_added_gene		ENSG00000289576	1	0	0	1
D0_008767	chr1	28146409	28146960	-	13	12	unresolved			1	1	0	2
D0_008768	chr1	31252932	31257169	-	13	13	unresolved			1	0	0	1
D0_008769	chr1	37487515	37489271	+	13	11	unresolved			1	0	0	1
D0_008770	chr1	37530699	37533324	+	13	13	other_v49_added_gene		ENSG00000307694	1	0	0	1
D0_008771	chr1	37801189	37802396	+	13	13	preexisting_v49_gene_span			1	1	0	2
D0_008772	chr1	39973098	39973303	-	13	13	unresolved			1	0	0	1
D0_008773	chr1	40530661	40531364	-	13	11	preexisting_v49_gene_span			1	0	0	1
D0_008774	chr1	43353551	43353833	-	13	9	preexisting_v49_gene_span			1	0	0	1
D0_008775	chr1	44788986	44789662	+	13	12	unresolved			1	0	0	1
D0_008776	chr1	46336062	46338564	+	13	13	unresolved			1	1	0	2
D0_008777	chr1	46416726	46422566	-	13	12	unresolved			1	0	0	1
D0_008778	chr1	51347943	51348535	-	13	13	unresolved			1	0	0	1
D0_008779	chr1	53914434	53916571	-	13	10	unresolved			1	1	0	2
D0_008780	chr1	61598863	61598988	+	13	13	unresolved			0	0	0	0
D0_008781	chr1	61662820	61664091	-	13	13	unresolved			1	0	0	1
D0_008782	chr1	67275915	67278051	+	13	10	unresolved			1	0	0	1
D0_008783	chr1	67295116	67296772	+	13	10	unresolved			1	0	0	1
D0_008784	chr1	85648491	85649362	-	13	13	unresolved			1	1	0	2
D0_008785	chr1	86342254	86345413	-	13	13	unresolved			1	1	0	2
D0_008786	chr1	89044247	89047612	+	13	10	other_v49_added_gene		ENSG00000307222	1	1	1	3
D0_008787	chr1	89984559	89986744	+	13	9	other_v49_added_gene		ENSG00000303043	1	1	0	2
D0_008788	chr1	90867376	90870058	-	13	13	unresolved			1	0	0	1
D0_008789	chr1	90912087	90914608	+	13	13	unresolved			1	0	0	1
D0_008790	chr1	92506000	92507084	-	13	9	unresolved			1	0	0	1
D0_008791	chr1	93373176	93373546	+	13	13	unresolved			1	1	0	2
D0_008792	chr1	94560984	94561092	-	13	12	unresolved			1	0	0	1
D0_008793	chr1	96691460	96691638	-	13	13	unresolved			1	0	0	1
D0_008794	chr1	103383088	103383242	+	13	12	unresolved			0	1	0	1
D0_008795	chr1	104634724	104634818	+	13	13	unresolved			1	0	0	1
D0_008796	chr1	109100888	109103123	+	13	13	preexisting_v49_gene_span			1	1	0	2
D0_008797	chr1	110934675	110936186	+	13	13	unresolved			1	0	0	1
D0_008798	chr1	112742888	112743113	-	13	12	unresolved			1	0	0	1
D0_008799	chr1	116802612	116805220	+	13	12	unresolved			1	0	0	1
D0_008800	chr1	120891930	120893113	+	13	13	unresolved			1	0	0	1
D0_008801	chr1	144413331	144413595	-	13	12	preexisting_v49_gene_span			1	0	0	1
D0_008802	chr1	146241377	146242495	-	13	13	unresolved			1	0	0	1
D0_008803	chr1	149584668	149587276	+	13	12	other_v49_added_gene		ENSG00000291158	1	1	0	2
D0_008804	chr1	150546008	150548260	+	13	12	unresolved			1	1	0	2
D0_008805	chr1	150729700	150730186	-	13	11	preexisting_v49_gene_span			1	0	0	1
D0_008806	chr1	153523762	153525093	+	13	13	unresolved			1	0	0	1
D0_008807	chr1	156191011	156191647	+	13	12	unresolved			1	1	0	2
D0_008808	chr1	156604368	156607390	+	13	10	preexisting_v49_gene_span			1	1	0	2
D0_008809	chr1	157726654	157727663	-	13	7	unresolved			1	1	0	2
D0_008810	chr1	159816395	159817347	-	13	11	unresolved			1	0	0	1
D0_008811	chr1	160287572	160288463	-	13	13	unresolved			1	1	0	2
D0_008812	chr1	160484251	160485029	-	13	13	unresolved			1	1	0	2
D0_008813	chr1	160712149	160712859	-	13	13	unresolved			1	0	0	1
D0_008814	chr1	161181197	161182585	-	13	11	unresolved			1	0	0	1
D0_008815	chr1	161223733	161225894	+	13	10	unresolved			1	0	0	1
D0_008816	chr1	162531387	162534228	+	13	13	unresolved			1	1	0	2
D0_008817	chr1	169641645	169643315	-	13	13	unresolved			1	0	0	1
D0_008818	chr1	173282412	173283845	+	13	11	unresolved			1	0	0	1
D0_008819	chr1	173926001	173928344	+	13	11	unresolved			1	0	0	1
D0_008820	chr1	175023911	175025224	+	13	12	other_v49_added_gene		ENSG00000297983	1	1	0	2
D0_008821	chr1	178596177	178598573	+	13	13	unresolved			1	0	0	1
D0_008822	chr1	178630823	178632402	+	13	11	unresolved			1	0	0	1
D0_008823	chr1	191506810	191660244	+	13	13	unresolved			1	1	0	2
D0_008824	chr1	191518855	191720862	-	13	13	other_v49_added_gene		ENSG00000308100	1	1	0	2
D0_008825	chr1	193009929	193010285	+	13	13	unresolved			1	0	0	1
D0_008826	chr1	193282354	193282734	-	13	12	unresolved			1	0	0	1
D0_008827	chr1	203325619	203327510	+	13	10	other_v49_added_gene		ENSG00000310209	1	0	0	1
D0_008828	chr1	205299622	205301271	-	13	12	unresolved			1	0	0	1
D0_008829	chr1	205757719	205763018	+	13	13	unresolved			1	0	0	1
D0_008830	chr1	211255498	211258173	-	13	11	other_v49_added_gene		ENSG00000297328	1	1	0	2
D0_008831	chr1	212556526	212557826	-	13	10	preexisting_v49_gene_span			1	1	0	2
D0_008832	chr1	212722983	212724777	-	13	12	unresolved			1	1	0	2
D0_008833	chr1	223779078	223779328	+	13	12	unresolved			1	1	0	2
D0_008834	chr1	229313756	229316238	+	13	12	unresolved			1	1	0	2
D0_008835	chr1	229438535	229440007	-	13	13	unresolved			1	1	0	2
D0_008836	chr1	234522008	234524388	+	13	10	unresolved			1	0	0	1
D0_008837	chr1	243851500	243853502	+	13	12	other_v49_added_gene		ENSG00000305096	1	1	0	2
D0_008838	chr1	244967868	244969345	-	13	13	preexisting_v49_gene_span			1	1	0	2
D0_008839	chr1	247181609	247182934	-	13	11	unresolved			1	0	0	1
D0_008840	chr1	247333684	247335474	+	13	11	other_v49_added_gene		ENSG00000289234	1	1	0	2
D0_008841	chr1	248530813	248530925	+	13	12	unresolved			1	0	0	1
D0_008842	chr1	248873198	248875196	+	13	12	unresolved			1	1	0	2
D0_008843	chr1	248925984	248929065	+	13	11	unresolved			1	1	0	2
D0_008844	chr2	10566251	10568246	+	13	12	unresolved			1	0	0	1
D0_008845	chr2	18779016	18781485	+	13	12	unresolved			1	0	0	1
D0_008846	chr2	18873135	18874279	+	13	10	unresolved			1	0	0	1
D0_008847	chr2	20437355	20439533	-	13	11	unresolved			1	1	0	2
D0_008848	chr2	25216231	25217552	+	13	11	unresolved			1	0	0	1
D0_008849	chr2	26158260	26159853	+	13	10	unresolved			1	0	0	1
D0_008850	chr2	30227645	30230666	-	13	10	unresolved			1	1	0	2
D0_008851	chr2	42142434	42142765	-	13	11	preexisting_v49_gene_span			1	1	0	2
D0_008852	chr2	42765313	42766679	+	13	11	unresolved			1	1	0	2
D0_008853	chr2	42799138	42799681	+	13	12	unresolved			1	1	0	2
D0_008854	chr2	53025180	53025555	+	13	12	unresolved			0	0	0	0
D0_008855	chr2	57632455	57635705	-	13	12	preexisting_v49_gene_span			1	0	0	1
D0_008856	chr2	57887263	57889798	-	13	11	unresolved			1	0	0	1
D0_008857	chr2	61052046	61053723	+	13	13	unresolved			1	1	0	2
D0_008858	chr2	62229366	62232242	+	13	12	other_v49_added_gene		ENSG00000310261	1	1	0	2
D0_008859	chr2	62415254	62419050	+	13	8	preexisting_v49_gene_span			1	1	0	2
D0_008860	chr2	68265467	68268578	+	13	13	other_v49_added_gene		ENSG00000289156	1	0	0	1
D0_008861	chr2	95054551	95054913	+	13	12	preexisting_v49_gene_span			1	1	0	2
D0_008862	chr2	95801160	95805297	-	13	12	unresolved			1	0	0	1
D0_008863	chr2	96567234	96568654	-	13	12	unresolved			1	0	0	1
D0_008864	chr2	97078783	97080963	-	13	11	unresolved			1	0	0	1
D0_008865	chr2	108697307	108699719	+	13	12	unresolved			1	0	0	1
D0_008866	chr2	112664042	112667063	+	13	13	unresolved			1	1	0	2
D0_008867	chr2	113583342	113586142	-	13	13	other_v49_added_gene		ENSG00000293106	1	1	0	2
D0_008868	chr2	119723215	119759816	-	13	10	other_v49_added_gene		ENSG00000297359	1	1	1	3
D0_008869	chr2	126554699	126556748	-	13	12	unresolved			1	1	0	2
D0_008870	chr2	127694219	127695614	-	13	10	other_v49_added_gene		ENSG00000293688	1	1	0	2
D0_008871	chr2	128943459	128943553	-	13	13	unresolved			0	0	0	0
D0_008872	chr2	130376173	130378551	+	13	10	unresolved			1	1	0	2
D0_008873	chr2	130381456	130384821	+	13	13	unresolved			1	0	0	1
D0_008874	chr2	130806815	130816967	-	13	12	other_v49_added_gene		ENSG00000294249	1	0	0	1
D0_008875	chr2	144521583	144523441	+	13	9	preexisting_v49_gene_span			1	0	0	1
D0_008876	chr2	165745139	165747536	-	13	12	unresolved			1	1	0	2
D0_008877	chr2	167943187	167943501	+	13	12	unresolved			1	0	0	1
D0_008878	chr2	170085024	170087906	+	13	11	unresolved			1	0	0	1
D0_008879	chr2	174530468	174534771	+	13	11	unresolved			1	0	0	1
D0_008880	chr2	181433232	181436007	+	13	10	unresolved			1	0	0	1
D0_008881	chr2	206086616	206088890	-	13	12	unresolved			1	1	0	2
D0_008882	chr2	219410889	219411476	+	13	13	unresolved			1	0	0	1
D0_008883	chr2	224761353	224761933	-	13	13	unresolved			1	0	0	1
D0_008884	chr2	230824821	230826047	+	13	11	unresolved			1	0	0	1
D0_008885	chr2	234488664	234491928	-	13	11	other_v49_added_gene		ENSG00000294656	1	0	0	1
D0_008886	chr2	238461964	238462297	-	13	12	unresolved			1	0	0	1
D0_008887	chr3	5113318	5114630	-	13	13	unresolved			1	0	0	1
D0_008888	chr3	5783578	5950990	-	13	13	unresolved			1	1	0	2
D0_008889	chr3	12887947	12891708	-	13	11	unresolved			1	0	0	1
D0_008890	chr3	13452228	13454972	+	13	9	unresolved			1	0	0	1
D0_008891	chr3	47785550	47794139	+	13	12	unresolved			1	0	0	1
D0_008892	chr3	50663623	50665056	-	13	13	unresolved			1	0	0	1
D0_008893	chr3	53892152	53894596	+	13	12	other_v49_added_gene		ENSG00000289063	1	1	0	2
D0_008894	chr3	54001312	54024431	-	13	13	other_v49_added_gene		ENSG00000294179	1	1	0	2
D0_008895	chr3	57549779	57553344	-	13	9	unresolved			1	1	0	2
D0_008896	chr3	57614786	57617671	+	13	11	preexisting_v49_gene_span			1	1	0	2
D0_008897	chr3	63734341	63734504	+	13	13	other_v49_added_gene		ENSG00000307865	1	0	0	1
D0_008898	chr3	69106094	69106560	+	13	12	unresolved			1	1	0	2
D0_008899	chr3	73271960	73341175	+	13	11	other_v49_added_gene		ENSG00000309320	1	1	0	2
D0_008900	chr3	101516809	101518325	-	13	9	unresolved			1	0	0	1
D0_008901	chr3	101925923	101926371	+	13	10	preexisting_v49_gene_span			1	0	0	1
D0_008902	chr3	108138713	108141509	+	13	11	unresolved			1	1	0	2
D0_008903	chr3	113634500	113636492	-	13	13	unresolved			1	0	0	1
D0_008904	chr3	114240875	114242621	-	13	12	unresolved			1	0	0	1
D0_008905	chr3	119423105	119424458	+	13	11	unresolved			1	1	0	2
D0_008906	chr3	120308525	120309736	-	13	13	unresolved			1	0	0	1
D0_008907	chr3	120557348	120559703	-	13	11	other_v49_added_gene		ENSG00000295741,ENSG00000295835	1	0	0	1
D0_008908	chr3	120593949	120595902	-	13	13	unresolved			1	1	0	2
D0_008909	chr3	121944293	121945381	+	13	10	unresolved			1	0	0	1
D0_008910	chr3	121980574	121983585	-	13	8	unresolved			1	0	0	1
D0_008911	chr3	122044397	122047005	-	13	11	unresolved			1	0	0	1
D0_008912	chr3	125595874	125597458	+	13	13	other_v49_added_gene		ENSG00000304694	1	1	0	2
D0_008913	chr3	129201028	129202737	+	13	12	other_v49_added_gene		ENSG00000289469	1	1	0	2
D0_008914	chr3	131389254	131390827	+	13	12	unresolved			1	1	0	2
D0_008915	chr3	134584138	134585382	-	13	12	other_v49_added_gene		ENSG00000307599	1	0	0	1
D0_008916	chr3	145255234	145255750	-	13	12	unresolved			0	0	0	0
D0_008917	chr3	150630757	150631261	+	13	13	unresolved			1	1	0	2
D0_008918	chr3	150636007	150638279	-	13	13	unresolved			1	0	0	1
D0_008919	chr3	153078736	153118312	+	13	13	unresolved			1	0	0	1
D0_008920	chr3	153184835	153186459	-	13	12	unresolved			1	0	0	1
D0_008921	chr3	154324584	154326691	+	13	12	unresolved			1	0	0	1
D0_008922	chr3	165880440	165880561	-	13	13	unresolved			1	0	0	1
D0_008923	chr3	179789811	179793775	+	13	12	preexisting_v49_gene_span			1	1	0	2
D0_008924	chr3	183475799	183477642	-	13	12	unresolved			1	0	0	1
D0_008925	chr3	184296236	184297800	+	13	13	unresolved			1	0	0	1
D0_008926	chr3	185855335	185855617	+	13	13	unresolved			1	0	0	1
D0_008927	chr3	193702560	193704041	+	13	13	unresolved			1	0	0	1
D0_008928	chr3	196444512	196449801	+	13	12	unresolved			1	0	0	1
D0_008929	chr4	1288599	1289690	-	13	10	other_v49_added_gene		ENSG00000305208	1	1	0	2
D0_008930	chr4	8159751	8161230	+	13	12	other_v49_added_gene		ENSG00000290015	1	1	0	2
D0_008931	chr4	11387933	11388109	+	13	13	other_v49_added_gene		ENSG00000308608	1	0	0	1
D0_008932	chr4	13121556	13124057	-	13	11	unresolved			1	0	0	1
D0_008933	chr4	15002114	15002578	-	13	12	preexisting_v49_gene_span			1	0	0	1
D0_008934	chr4	38705832	38706226	-	13	13	unresolved			1	0	0	1
D0_008935	chr4	40009590	40011640	-	13	13	unresolved			1	0	0	1
D0_008936	chr4	41296201	41296305	+	13	13	unresolved			1	0	0	1
D0_008937	chr4	46181990	46185487	+	13	13	unresolved			1	1	0	2
D0_008938	chr4	48880658	48881964	-	13	10	unresolved			1	1	0	2
D0_008939	chr4	71036400	71037853	+	13	11	unresolved			1	1	0	2
D0_008940	chr4	76113724	76114094	+	13	11	preexisting_v49_gene_span			1	0	0	1
D0_008941	chr4	82475083	82475482	+	13	11	unresolved			1	0	0	1
D0_008942	chr4	102618056	102618277	+	13	13	unresolved			1	0	0	1
D0_008943	chr4	121665650	121667835	-	13	12	preexisting_v49_gene_span			1	1	0	2
D0_008944	chr4	128059493	128061067	-	13	11	unresolved			1	1	0	2
D0_008945	chr4	146206733	146208171	+	13	11	unresolved			1	1	0	2
D0_008946	chr4	147730420	147731762	-	13	8	unresolved			1	1	0	2
D0_008947	chr4	152689290	152689397	-	13	13	unresolved			1	0	0	1
D0_008948	chr4	156041820	156359554	-	13	13	other_v49_added_gene		ENSG00000306151,ENSG00000301377,ENSG00000301421	1	1	0	2
D0_008949	chr4	165066394	165070394	-	13	12	unresolved			1	1	0	2
D0_008950	chr4	173378684	173380433	+	13	12	unresolved			1	1	0	2
D0_008951	chr4	173461500	173463682	+	13	9	unresolved			1	1	0	2
D0_008952	chr4	174039551	174039841	+	13	13	unresolved			1	0	0	1
D0_008953	chr4	177430119	177430693	-	13	9	unresolved			1	1	0	2
D0_008954	chr4	184480100	184482021	+	13	12	preexisting_v49_gene_span			1	1	0	2
D0_008955	chr4	189048533	189125920	-	13	13	other_v49_added_gene		ENSG00000301147	1	1	0	2
D0_008956	chr4	189239017	189244115	-	13	11	unresolved			0	0	0	0
D0_008957	chr5	6710988	6713277	-	13	10	unresolved			1	1	0	2
D0_008958	chr5	10561309	10563515	-	13	10	unresolved			1	1	0	2
D0_008959	chr5	16276368	16276464	-	13	13	other_v49_added_gene		ENSG00000301626	1	0	0	1
D0_008960	chr5	18703187	18704411	-	13	12	unresolved			1	1	0	2
D0_008961	chr5	34926208	34926778	+	13	12	preexisting_v49_gene_span			1	1	0	2
D0_008962	chr5	37068652	37069549	-	13	12	unresolved			1	0	0	1
D0_008963	chr5	40835529	40836265	+	13	10	unresolved			1	1	0	2
D0_008964	chr5	44820597	44821390	+	13	12	unresolved			1	1	0	2
D0_008965	chr5	50846892	50848965	+	13	13	unresolved			1	1	0	2
D0_008966	chr5	57265350	57266420	+	13	13	preexisting_v49_gene_span			1	1	0	2
D0_008967	chr5	62628647	62633312	+	13	9	preexisting_v49_gene_span			1	1	0	2
D0_008968	chr5	67942801	68082050	+	13	13	other_v49_added_gene		ENSG00000302364,ENSG00000302403	1	1	0	2
D0_008969	chr5	69638088	69638371	+	13	13	other_v49_added_gene		ENSG00000290556	1	0	0	1
D0_008970	chr5	70494481	70495068	-	13	11	other_v49_added_gene		ENSG00000300109	1	0	0	1
D0_008971	chr5	71158546	71158983	+	13	13	other_v49_added_gene		ENSG00000296364	1	0	0	1
D0_008972	chr5	71216469	71217380	-	13	13	other_v49_added_gene		ENSG00000296329	1	0	0	1
D0_008973	chr5	71271308	71274670	-	13	13	other_v49_added_gene		ENSG00000296329	1	0	0	1
D0_008974	chr5	93268599	93268700	+	13	13	other_v49_added_gene		ENSG00000299401,ENSG00000299425	1	1	0	2
D0_008975	chr5	98577591	98578462	+	13	13	unresolved			1	1	0	2
D0_008976	chr5	98840777	98841050	-	13	12	preexisting_v49_gene_span			1	0	0	1
D0_008977	chr5	112532237	112532868	+	13	12	unresolved			1	1	0	2
D0_008978	chr5	118830242	118831312	-	13	13	unresolved			1	0	0	1
D0_008979	chr5	123617187	123620494	+	13	11	other_v49_added_gene		ENSG00000288890	1	1	0	2
D0_008980	chr5	126852542	126854116	-	13	12	unresolved			1	0	0	1
D0_008981	chr5	143972319	143974252	+	13	13	unresolved			0	0	0	0
D0_008982	chr5	148859676	148859987	-	13	12	unresolved			1	0	0	1
D0_008983	chr5	149460262	149474828	+	13	12	unresolved			1	0	0	1
D0_008984	chr5	150418241	150421137	+	13	11	unresolved			1	0	0	1
D0_008985	chr5	150686164	150687938	-	13	9	unresolved			1	1	0	2
D0_008986	chr5	150701300	150705991	+	13	12	unresolved			1	1	0	2
D0_008987	chr5	154645451	154672458	+	13	13	unresolved			1	1	0	2
D0_008988	chr5	157070350	157071157	-	13	12	unresolved			1	0	0	1
D0_008989	chr5	163501465	163501896	+	13	13	unresolved			1	0	0	1
D0_008990	chr5	166664323	166680507	-	13	13	unresolved			1	1	0	2
D0_008991	chr5	168524555	168525437	-	13	12	unresolved			1	1	0	2
D0_008992	chr5	172188323	172191179	+	13	12	unresolved			1	1	0	2
D0_008993	chr5	174602594	174603411	-	13	13	unresolved			1	0	0	1
D0_008994	chr5	175030684	175258580	-	13	13	preexisting_v49_gene_span			1	1	0	2
D0_008995	chr5	175898512	175899277	-	13	12	unresolved			1	1	0	2
D0_008996	chr5	176538296	176542330	-	13	13	unresolved			1	1	0	2
D0_008997	chr5	178092205	178094085	+	13	13	unresolved			1	0	0	1
D0_008998	chr5	179035579	179038209	+	13	13	unresolved			1	1	0	2
D0_008999	chr5	181410670	181411183	+	13	13	unresolved			1	0	0	1
D0_009000	chr6	9306698	9524344	+	13	13	other_v49_added_gene		ENSG00000307800	1	1	0	2
D0_009001	chr6	12211127	12215972	+	13	13	unresolved			1	0	0	1
D0_009002	chr6	13814689	13815567	+	13	12	preexisting_v49_gene_span			1	1	0	2
D0_009003	chr6	14092779	14095213	-	13	11	unresolved			1	0	0	1
D0_009004	chr6	14110427	14113384	+	13	10	other_v49_added_gene		ENSG00000294643	1	0	0	1
D0_009005	chr6	16148447	16148820	-	13	13	unresolved			1	1	0	2
D0_009006	chr6	16833939	16834006	+	13	13	unresolved			0	0	0	0
D0_009007	chr6	17306245	17317587	-	13	13	unresolved			1	1	0	2
D0_009008	chr6	17388822	17389102	+	13	12	unresolved			1	0	0	1
D0_009009	chr6	21605606	21606396	+	13	7	unresolved			1	0	0	1
D0_009010	chr6	26398924	26400985	+	13	10	other_v49_added_gene		ENSG00000291336,ENSG00000291338	1	0	0	1
D0_009011	chr6	26846615	26849771	-	13	13	other_v49_added_gene		ENSG00000290474	1	0	0	1
D0_009012	chr6	27150129	27153203	+	13	10	unresolved			1	1	0	2
D0_009013	chr6	27433470	27436526	-	13	11	unresolved			1	0	0	1
D0_009014	chr6	29634028	29636780	+	13	13	unresolved			1	0	0	1
D0_009015	chr6	29650860	29651125	+	13	12	unresolved			1	0	0	1
D0_009016	chr6	29886156	29887255	-	13	11	other_v49_added_gene		ENSG00000293508	1	1	0	2
D0_009017	chr6	31188089	31190219	-	13	11	preexisting_v49_gene_span			1	0	0	1
D0_009018	chr6	33511391	33519784	+	13	12	unresolved			1	0	0	1
D0_009019	chr6	37540891	37542745	+	13	8	preexisting_v49_gene_span			1	1	0	2
D0_009020	chr6	53212104	53213507	-	13	12	unresolved			1	0	0	1
D0_009021	chr6	53245243	53245688	-	13	12	other_v49_added_gene		ENSG00000296254	1	0	0	1
D0_009022	chr6	57901878	57902305	+	13	13	unresolved			1	0	0	1
D0_009023	chr6	66096235	66096445	-	13	13	unresolved			1	0	0	1
D0_009024	chr6	73452900	73455839	-	13	12	preexisting_v49_gene_span			1	0	0	1
D0_009025	chr6	73658908	73662554	-	13	13	unresolved			1	1	0	2
D0_009026	chr6	94742687	94968303	+	13	13	unresolved			1	1	0	2
D0_009027	chr6	107143414	107146496	-	13	12	unresolved			1	0	0	1
D0_009028	chr6	110869165	110870997	-	13	13	unresolved			1	0	0	1
D0_009029	chr6	127625961	127629024	-	13	9	unresolved			1	1	0	2
D0_009030	chr6	134158905	134159554	-	13	12	unresolved			1	0	0	1
D0_009031	chr6	134952324	134952698	-	13	10	unresolved			1	0	0	1
D0_009032	chr6	135261149	135265142	+	13	13	preexisting_v49_gene_span			1	0	0	1
D0_009033	chr6	137225818	137419542	-	13	13	other_v49_added_gene		ENSG00000308723,ENSG00000293815	0	1	0	1
D0_009034	chr6	149077267	149078240	+	13	10	unresolved			1	1	0	2
D0_009035	chr6	149412498	149415116	+	13	12	unresolved			1	1	0	2
D0_009036	chr6	158962580	158963954	-	13	13	unresolved			1	1	0	2
D0_009037	chr6	163593829	163595351	+	13	13	unresolved			1	0	0	1
D0_009038	chr6	170610215	170612362	-	13	13	other_v49_added_gene		ENSG00000308355	1	0	0	1
D0_009039	chr7	349439	352121	-	13	13	other_v49_added_gene		ENSG00000298696	1	0	0	1
D0_009040	chr7	804189	806335	+	13	7	unresolved			1	0	0	1
D0_009041	chr7	994158	994675	-	13	10	unresolved			1	1	0	2
D0_009042	chr7	2251187	2251700	-	13	10	unresolved			1	0	0	1
D0_009043	chr7	2469384	2469768	+	13	12	unresolved			1	0	0	1
D0_009044	chr7	3079209	3081701	+	13	8	unresolved			1	0	0	1
D0_009045	chr7	5236967	5244996	+	13	13	unresolved			1	0	0	1
D0_009046	chr7	5895956	5898475	-	13	13	unresolved			1	0	0	1
D0_009047	chr7	19686358	19688290	-	13	12	unresolved			1	0	0	1
D0_009048	chr7	23484730	23487599	-	13	12	unresolved			1	1	0	2
D0_009049	chr7	25355192	25355535	-	13	13	preexisting_v49_gene_span			0	0	0	0
D0_009050	chr7	26117499	26118968	+	13	11	other_v49_added_gene		ENSG00000289053	1	0	0	1
D0_009051	chr7	32445556	32455865	+	13	12	unresolved			1	0	0	1
D0_009052	chr7	35630771	35631658	-	13	12	unresolved			1	1	0	2
D0_009053	chr7	38300337	38300630	+	13	12	other_v49_added_gene		ENSG00000289366	1	1	0	2
D0_009054	chr7	44916163	44917108	-	13	13	unresolved			1	0	0	1
D0_009055	chr7	45115554	45115652	+	13	12	unresolved			1	0	0	1
D0_009056	chr7	63932207	63932345	+	13	13	preexisting_v49_gene_span			1	1	0	2
D0_009057	chr7	65241117	65243353	-	13	10	other_v49_added_gene		ENSG00000289108	1	0	0	1
D0_009058	chr7	65493976	65494347	-	13	12	unresolved			1	0	0	1
D0_009059	chr7	73522398	73525312	+	13	12	unresolved			1	1	0	2
D0_009060	chr7	74613212	74621661	-	13	12	preexisting_v49_gene_span			1	1	0	2
D0_009061	chr7	77789326	77791256	-	13	11	unresolved			1	0	0	1
D0_009062	chr7	102535772	102536183	-	13	12	unresolved			1	0	0	1
D0_009063	chr7	105422733	105425072	-	13	13	unresolved			0	0	0	0
D0_009064	chr7	113523947	113539512	+	13	13	unresolved			1	0	0	1
D0_009065	chr7	129518716	129538571	+	13	13	other_v49_added_gene		ENSG00000302304,ENSG00000308599	1	0	0	1
D0_009066	chr7	137852977	137854985	-	13	13	unresolved			1	1	0	2
D0_009067	chr7	139315147	139332007	+	13	13	unresolved			1	1	0	2
D0_009068	chr7	140020853	140023535	-	13	13	unresolved			1	1	0	2
D0_009069	chr7	140479596	140480778	+	13	13	unresolved			1	1	0	2
D0_009070	chr7	143541370	143543986	+	13	13	unresolved			1	0	0	1
D0_009071	chr7	143583646	143585260	+	13	11	other_v49_added_gene		ENSG00000290786	1	0	0	1
D0_009072	chr7	148972819	148978767	-	13	12	unresolved			1	0	0	1
D0_009073	chr7	149064922	149068227	-	13	10	unresolved			1	1	0	2
D0_009074	chr7	150169034	150169345	+	13	11	unresolved			1	0	0	1
D0_009075	chr7	150652272	150654457	-	13	11	unresolved			1	0	0	1
D0_009076	chr7	151925037	151925894	-	13	10	unresolved			1	0	0	1
D0_009077	chr7	152129809	152130564	+	13	12	unresolved			1	0	0	1
D0_009078	chr7	157030116	157030211	+	13	13	other_v49_added_gene		ENSG00000306443	1	0	0	1
D0_009079	chr8	8913688	8918434	+	13	12	other_v49_added_gene		ENSG00000293372	1	0	0	1
D0_009080	chr8	24924594	24943112	-	13	13	other_v49_added_gene		ENSG00000301773	1	1	1	3
D0_009081	chr8	30045440	30046407	+	13	13	unresolved			1	0	0	1
D0_009082	chr8	38858043	38859488	+	13	12	unresolved			1	0	0	1
D0_009083	chr8	43123441	43125722	+	13	12	preexisting_v49_gene_span			1	1	0	2
D0_009084	chr8	61002401	61002840	-	13	13	unresolved			1	0	0	1
D0_009085	chr8	78956544	78958989	+	13	11	unresolved			1	0	0	1
D0_009086	chr8	93926778	93930169	+	13	12	unresolved			1	0	0	1
D0_009087	chr8	94619156	94619291	-	13	13	unresolved			1	0	0	1
D0_009088	chr8	98344611	98352000	+	13	13	unresolved			1	0	0	1
D0_009089	chr8	119725199	119728751	-	13	13	unresolved			1	0	0	1
D0_009090	chr8	122165833	122165964	+	13	12	unresolved			1	0	0	1
D0_009091	chr8	123476623	123478016	-	13	12	unresolved			1	0	0	1
D0_009092	chr8	123496928	123497596	-	13	12	unresolved			1	1	0	2
D0_009093	chr8	125376084	125378751	-	13	12	preexisting_v49_gene_span			1	0	0	1
D0_009094	chr8	125438419	125440031	+	13	10	unresolved			1	1	0	2
D0_009095	chr8	143563985	143564728	-	13	11	unresolved			1	0	0	1
D0_009096	chr9	2245300	2328531	+	13	13	other_v49_added_gene		ENSG00000306202,ENSG00000305801	1	1	0	2
D0_009097	chr9	5860699	5862788	-	13	11	preexisting_v49_gene_span			1	1	0	2
D0_009098	chr9	6008696	6010606	+	13	12	unresolved			1	1	0	2
D0_009099	chr9	6521330	6521933	-	13	11	unresolved			1	0	0	1
D0_009100	chr9	16881278	16916303	-	13	13	other_v49_added_gene		ENSG00000301859	1	1	0	2
D0_009101	chr9	21044688	21044931	-	13	13	unresolved			1	0	0	1
D0_009102	chr9	26892967	26894816	+	13	11	other_v49_added_gene		ENSG00000295750	1	1	0	2
D0_009103	chr9	27738843	27739137	-	13	13	unresolved			1	0	0	1
D0_009104	chr9	33289511	33289977	+	13	11	unresolved			1	1	0	2
D0_009105	chr9	35048693	35050637	+	13	12	preexisting_v49_gene_span			1	0	0	1
D0_009106	chr9	36189124	36190736	-	13	12	other_v49_added_gene		ENSG00000294585	1	1	0	2
D0_009107	chr9	37036651	37037391	+	13	11	preexisting_v49_gene_span			1	0	0	1
D0_009108	chr9	42600081	42602451	+	13	11	other_v49_added_gene		ENSG00000304729	1	0	0	1
D0_009109	chr9	63623301	63625274	-	13	13	unresolved			1	0	0	1
D0_009110	chr9	65205275	65206739	+	13	10	other_v49_added_gene		ENSG00000290579	1	0	0	1
D0_009111	chr9	66275508	66276900	+	13	11	other_v49_added_gene		ENSG00000294531	1	0	0	1
D0_009112	chr9	66352573	66354514	+	13	11	other_v49_added_gene		ENSG00000294531	1	0	0	1
D0_009113	chr9	66743795	66743950	+	13	12	unresolved			1	0	0	1
D0_009114	chr9	70423930	70424825	-	13	10	unresolved			1	0	0	1
D0_009115	chr9	72304282	72305125	-	13	9	other_v49_added_gene		ENSG00000295856	0	0	0	0
D0_009116	chr9	74124051	74129880	+	13	13	unresolved			1	1	0	2
D0_009117	chr9	78032047	78033867	+	13	11	unresolved			1	0	0	1
D0_009118	chr9	80386047	80386416	-	13	10	unresolved			1	0	0	1
D0_009119	chr9	84118816	84223978	-	13	13	unresolved			1	1	0	2
D0_009120	chr9	108004015	108005943	+	13	12	unresolved			1	1	0	2
D0_009121	chr9	108015402	108016561	-	13	12	other_v49_added_gene		ENSG00000303954	1	1	0	2
D0_009122	chr9	110239320	110243299	-	13	11	unresolved			1	0	0	1
D0_009123	chr9	111317720	111317953	-	13	13	unresolved			1	0	0	1
D0_009124	chr9	119594799	119622012	-	13	12	other_v49_added_gene		ENSG00000297691	1	1	0	2
D0_009125	chr9	120364514	120367441	+	13	13	unresolved			1	1	0	2
D0_009126	chr9	122351566	122353607	-	13	13	unresolved			1	0	0	1
D0_009127	chr9	126722935	126725089	+	13	11	unresolved			1	0	0	1
D0_009128	chr9	127790921	127792584	-	13	13	unresolved			1	0	0	1
D0_009129	chr9	128919602	128920287	+	13	11	unresolved			1	0	0	1
D0_009130	chr9	131746881	131747898	+	13	12	unresolved			1	0	0	1
D0_009131	chr9	132248878	132248991	+	13	13	unresolved			1	0	0	1
D0_009132	chr9	132361314	132371128	-	13	13	unresolved			1	0	0	1
D0_009133	chr9	133747863	133750520	-	13	11	unresolved			1	1	0	2
D0_009134	chr9	137442446	137444028	-	13	11	unresolved			1	1	0	2
D0_009135	chr9	137445426	137447215	-	13	11	unresolved			1	1	0	2
D0_009136	chr10	6363570	6365723	+	13	11	preexisting_v49_gene_span			1	0	0	1
D0_009137	chr10	6386525	6387692	+	13	13	other_v49_added_gene		ENSG00000302067	1	0	0	1
D0_009138	chr10	6422160	6422685	-	13	13	unresolved			1	0	0	1
D0_009139	chr10	8843417	8845035	-	13	10	unresolved			1	0	0	1
D0_009140	chr10	9009068	9011377	+	13	10	unresolved			1	0	0	1
D0_009141	chr10	11676192	11679531	+	13	10	preexisting_v49_gene_span			1	0	0	1
D0_009142	chr10	15775178	15777379	-	13	12	unresolved			1	0	0	1
D0_009143	chr10	27103724	27104697	+	13	13	unresolved			1	0	0	1
D0_009144	chr10	27555114	27556403	-	13	10	unresolved			1	1	0	2
D0_009145	chr10	43484306	43487950	+	13	11	unresolved			1	1	0	2
D0_009146	chr10	43618063	43622475	+	13	11	unresolved			1	1	0	2
D0_009147	chr10	46003961	46004670	-	13	12	unresolved			1	1	0	2
D0_009148	chr10	46681815	46682889	-	13	12	unresolved			1	0	0	1
D0_009149	chr10	50304085	50305427	-	13	12	unresolved			1	0	0	1
D0_009150	chr10	62103658	62109232	+	13	11	unresolved			1	0	0	1
D0_009151	chr10	72094854	72095890	+	13	13	unresolved			1	0	0	1
D0_009152	chr10	72276501	72278042	+	13	13	unresolved			1	1	0	2
D0_009153	chr10	73433751	73435738	-	13	13	unresolved			1	1	0	2
D0_009154	chr10	73780397	73781979	-	13	11	other_v49_added_gene		ENSG00000288823	1	1	0	2
D0_009155	chr10	74719074	74742848	-	13	12	unresolved			1	0	0	1
D0_009156	chr10	84326700	84328283	-	13	12	unresolved			1	0	0	1
D0_009157	chr10	87453684	87457364	+	13	13	other_v49_added_gene		ENSG00000305816	1	0	0	1
D0_009158	chr10	90244651	90248354	+	13	4	unresolved			1	0	0	1
D0_009159	chr10	92433540	92441127	-	13	12	unresolved			1	0	0	1
D0_009160	chr10	100690587	100727407	-	13	12	unresolved			1	1	0	2
D0_009161	chr10	103870467	103871882	-	13	10	other_v49_added_gene		ENSG00000289744	1	0	0	1
D0_009162	chr10	112949004	112949382	+	13	12	preexisting_v49_gene_span			1	0	0	1
D0_009163	chr10	113202882	113205233	+	13	10	other_v49_added_gene		ENSG00000310382	1	0	0	1
D0_009164	chr10	119488136	119488815	+	13	12	unresolved			1	0	0	1
D0_009165	chr10	127489434	127489698	+	13	13	unresolved			1	0	0	1
D0_009166	chr10	130851186	130852586	-	13	12	unresolved			1	0	0	1
D0_009167	chr10	133235621	133237091	+	13	11	preexisting_v49_gene_span			1	0	0	1
D0_009168	chr11	9528595	9529199	+	13	11	preexisting_v49_gene_span			1	1	0	2
D0_009169	chr11	35047300	35048703	+	13	9	unresolved			1	0	0	1
D0_009170	chr11	35819411	35822728	+	13	11	unresolved			1	0	0	1
D0_009171	chr11	39927878	39959043	+	13	11	other_v49_added_gene		ENSG00000302599	1	1	0	2
D0_009172	chr11	39991417	40029652	+	13	11	unresolved			1	1	0	2
D0_009173	chr11	44635853	44638342	+	13	12	unresolved			1	0	0	1
D0_009174	chr11	44639646	44640548	+	13	12	unresolved			1	0	0	1
D0_009175	chr11	50548778	50713811	+	13	13	unresolved			1	1	0	2
D0_009176	chr11	61127896	61129915	+	13	12	unresolved			1	1	0	2
D0_009177	chr11	63566401	63568292	-	13	12	unresolved			1	1	0	2
D0_009178	chr11	63567527	63569231	+	13	13	unresolved			1	0	0	1
D0_009179	chr11	64184311	64184699	+	13	12	unresolved			1	0	0	1
D0_009180	chr11	66678992	66681229	-	13	8	unresolved			1	1	0	2
D0_009181	chr11	67460523	67461284	+	13	12	preexisting_v49_gene_span			1	1	0	2
D0_009182	chr11	67922883	67923328	+	13	13	unresolved			1	0	0	1
D0_009183	chr11	67988105	67990753	-	13	10	unresolved			1	0	0	1
D0_009184	chr11	68618556	68620243	+	13	12	unresolved			1	0	0	1
D0_009185	chr11	72681071	72683429	-	13	12	preexisting_v49_gene_span			1	1	0	2
D0_009186	chr11	73298697	73300341	+	13	11	preexisting_v49_gene_span			1	0	0	1
D0_009187	chr11	88195671	88198795	-	13	12	unresolved			1	0	0	1
D0_009188	chr11	88373666	88374752	+	13	11	preexisting_v49_gene_span			1	0	0	1
D0_009189	chr11	90199420	90199684	+	13	13	unresolved			1	0	0	1
D0_009190	chr11	93315206	93318634	-	13	9	unresolved			1	0	0	1
D0_009191	chr11	94410241	94413903	-	13	9	unresolved			1	1	0	2
D0_009192	chr11	94961070	94962229	-	13	10	unresolved			1	1	0	2
D0_009193	chr11	102343500	102346974	+	13	10	unresolved			1	0	0	1
D0_009194	chr11	105035327	105035882	+	13	13	other_v49_added_gene		ENSG00000303891	1	0	0	1
D0_009195	chr11	118823211	118829892	+	13	8	unresolved			1	0	0	1
D0_009196	chr11	121434022	121434365	+	13	13	unresolved			1	0	0	1
D0_009197	chr11	121446315	121447329	+	13	12	unresolved			1	0	0	1
D0_009198	chr11	127776786	127776915	-	13	13	unresolved			1	0	0	1
D0_009199	chr12	4008050	4011418	-	13	13	unresolved			1	1	0	2
D0_009200	chr12	6426511	6428157	+	13	9	unresolved			1	1	0	2
D0_009201	chr12	6614772	6615137	-	13	11	preexisting_v49_gene_span			1	1	0	2
D0_009202	chr12	8478993	8480865	+	13	13	unresolved			1	1	0	2
D0_009203	chr12	10362540	10362930	+	13	12	unresolved			1	0	0	1
D0_009204	chr12	14771222	14772661	+	13	12	preexisting_v49_gene_span			1	0	0	1
D0_009205	chr12	26899301	26899574	+	13	13	unresolved			1	0	0	1
D0_009206	chr12	46026332	46065093	-	13	13	unresolved			1	1	0	2
D0_009207	chr12	46179886	46182654	-	13	12	unresolved			1	1	0	2
D0_009208	chr12	47608974	47610671	-	13	11	unresolved			1	0	0	1
D0_009209	chr12	48687112	48688136	-	13	10	unresolved			1	1	0	2
D0_009210	chr12	63173819	63246527	+	13	12	unresolved			1	0	0	1
D0_009211	chr12	68609199	68610719	-	13	12	other_v49_added_gene		ENSG00000289173	1	1	0	2
D0_009212	chr12	74535009	74535993	+	13	11	unresolved			1	0	0	1
D0_009213	chr12	86839709	86839938	-	13	12	unresolved			1	0	0	1
D0_009214	chr12	92402683	92403687	-	13	11	other_v49_added_gene		ENSG00000305173	1	0	0	1
D0_009215	chr12	92962350	92964151	+	13	13	preexisting_v49_gene_span			1	1	0	2
D0_009216	chr12	104358238	104358479	-	13	12	unresolved			1	0	0	1
D0_009217	chr12	107723289	107729005	+	13	11	unresolved			1	1	0	2
D0_009218	chr12	108607216	108611901	-	13	9	unresolved			1	0	0	1
D0_009219	chr12	121195264	121198488	-	13	12	other_v49_added_gene		ENSG00000295862	1	0	0	1
D0_009220	chr12	121610657	121611313	-	13	9	other_v49_added_gene		ENSG00000302371	1	1	0	2
D0_009221	chr12	121618131	121619749	-	13	11	other_v49_added_gene		ENSG00000302371	1	1	0	2
D0_009222	chr12	122266529	122268925	+	13	12	unresolved			1	1	0	2
D0_009223	chr12	124931247	124935440	-	13	11	unresolved			1	1	0	2
D0_009224	chr13	20341408	20341550	-	13	13	unresolved			1	0	0	1
D0_009225	chr13	25288309	25288785	+	13	10	unresolved			1	1	0	2
D0_009226	chr13	25355485	25356416	+	13	13	preexisting_v49_gene_span			1	1	0	2
D0_009227	chr13	28501265	28501363	-	13	13	unresolved			1	0	0	1
D0_009228	chr13	30189149	30190469	-	13	13	unresolved			1	1	0	2
D0_009229	chr13	31198533	31199968	-	13	12	unresolved			1	1	0	2
D0_009230	chr13	31681813	31682160	-	13	8	unresolved			1	0	0	1
D0_009231	chr13	31688399	31688702	-	13	12	unresolved			1	0	0	1
D0_009232	chr13	36944366	36948825	-	13	11	unresolved			1	1	0	2
D0_009233	chr13	40921980	40922410	+	13	12	unresolved			1	0	0	1
D0_009234	chr13	41121489	41121587	-	13	13	unresolved			1	0	0	1
D0_009235	chr13	41273077	41282012	+	13	12	unresolved			1	0	0	1
D0_009236	chr13	42270340	42271612	-	13	12	unresolved			1	0	0	1
D0_009237	chr13	48207788	48208137	+	13	12	unresolved			1	0	0	1
D0_009238	chr13	54809991	54810054	+	13	4	preexisting_v49_gene_span			1	0	0	1
D0_009239	chr13	54990990	54991186	+	13	13	unresolved			1	0	0	1
D0_009240	chr13	57039842	57040295	-	13	13	other_v49_added_gene		ENSG00000289475	1	0	0	1
D0_009241	chr13	73124319	73124452	+	13	13	unresolved			1	0	0	1
D0_009242	chr13	104260053	104260324	+	13	13	unresolved			1	0	0	1
D0_009243	chr13	113931843	113933825	-	13	10	unresolved			1	0	0	1
D0_009244	chr14	20613182	20613869	-	13	13	unresolved			1	1	0	2
D0_009245	chr14	22887733	22889320	+	13	13	unresolved			1	0	0	1
D0_009246	chr14	34486595	34507070	-	13	12	unresolved			1	1	0	2
D0_009247	chr14	34901128	34901582	+	13	13	unresolved			1	0	0	1
D0_009248	chr14	66026452	66062674	-	13	11	preexisting_v49_gene_span			1	1	0	2
D0_009249	chr14	69153338	69154016	+	13	12	unresolved			1	0	0	1
D0_009250	chr14	75179959	75181426	+	13	11	unresolved			1	0	0	1
D0_009251	chr14	82989849	82990010	-	13	13	unresolved			1	0	0	1
D0_009252	chr14	92689986	92691803	+	13	13	unresolved			1	1	0	2
D0_009253	chr14	97727304	97729350	-	13	10	unresolved			1	0	0	1
D0_009254	chr14	98298512	98348789	+	13	12	other_v49_added_gene		ENSG00000297837	1	1	0	2
D0_009255	chr14	101939408	101940229	-	13	12	unresolved			1	0	0	1
D0_009256	chr14	102739933	102741602	+	13	12	unresolved			1	0	0	1
D0_009257	chr14	102761182	102765917	+	13	11	unresolved			1	1	0	2
D0_009258	chr14	104063563	104065475	+	13	10	unresolved			1	1	0	2
D0_009259	chr14	104814034	104815985	-	13	12	preexisting_v49_gene_span			1	1	0	2
D0_009260	chr14	105046226	105046512	+	13	11	preexisting_v49_gene_span			1	0	0	1
D0_009261	chr14	105518575	105519855	+	13	12	unresolved			1	0	0	1
D0_009262	chr14	106119400	106119758	-	13	2	unresolved			0	0	0	0
D0_009263	chr15	20368050	20371413	-	13	12	primary_match	ENSG00000290376	ENSG00000290376	1	1	0	2
D0_009264	chr15	30332126	30339631	-	13	13	unresolved			1	0	0	1
D0_009265	chr15	30436520	30439024	-	13	12	other_v49_added_gene		ENSG00000289397	1	0	0	1
D0_009266	chr15	31440009	31440680	-	13	12	unresolved			1	0	0	1
D0_009267	chr15	40970103	40972226	-	13	10	unresolved			1	0	0	1
D0_009268	chr15	41402764	41403540	-	13	6	preexisting_v49_gene_span			1	1	0	2
D0_009269	chr15	42940564	42942466	-	13	10	unresolved			1	1	0	2
D0_009270	chr15	43824803	43825107	+	13	13	preexisting_v49_gene_span			1	0	0	1
D0_009271	chr15	48352058	48352211	-	13	13	unresolved			0	0	0	0
D0_009272	chr15	48708254	48712419	-	13	12	unresolved			1	1	0	2
D0_009273	chr15	52304450	52306451	-	13	13	unresolved			1	1	0	2
D0_009274	chr15	59098901	59099951	-	13	12	unresolved			1	0	0	1
D0_009275	chr15	63842276	63843606	+	13	12	unresolved			1	0	0	1
D0_009276	chr15	64961477	64962623	+	13	10	unresolved			1	0	0	1
D0_009277	chr15	75841754	75843213	-	13	12	unresolved			1	1	0	2
D0_009278	chr15	75901675	75903670	+	13	11	unresolved			1	0	0	1
D0_009279	chr15	76331713	76332345	-	13	13	other_v49_added_gene		ENSG00000298977	1	0	0	1
D0_009280	chr15	77040141	77041366	-	13	13	unresolved			1	1	0	2
D0_009281	chr15	84746840	84748167	+	13	12	unresolved			1	0	0	1
D0_009282	chr15	85139650	85141298	+	13	9	unresolved			1	0	0	1
D0_009283	chr15	90505261	90509893	-	13	9	unresolved			1	1	0	2
D0_009284	chr16	3100466	3102250	-	13	11	preexisting_v49_gene_span			1	0	0	1
D0_009285	chr16	8870042	8872568	+	13	10	preexisting_v49_gene_span			1	0	0	1
D0_009286	chr16	9091026	9091580	-	13	11	unresolved			1	1	0	2
D0_009287	chr16	11187206	11190334	-	13	12	unresolved			1	0	0	1
D0_009288	chr16	17013295	17014549	-	13	9	other_v49_added_gene		ENSG00000297089	1	0	0	1
D0_009289	chr16	17095219	17096086	-	13	10	unresolved			1	1	0	2
D0_009290	chr16	21520454	21522835	+	13	11	other_v49_added_gene		ENSG00000305577	1	0	0	1
D0_009291	chr16	23575413	23580844	+	13	10	unresolved			1	1	0	2
D0_009292	chr16	28086360	28089032	-	13	10	unresolved			1	0	0	1
D0_009293	chr16	28325148	28329816	-	13	12	unresolved			1	0	0	1
D0_009294	chr16	28513026	28516920	+	13	10	unresolved			1	0	0	1
D0_009295	chr16	29524812	29526077	+	13	13	other_v49_added_gene		ENSG00000309168	1	0	0	1
D0_009296	chr16	30671229	30672020	+	13	13	unresolved			1	0	0	1
D0_009297	chr16	30806867	30810786	-	13	12	unresolved			1	0	0	1
D0_009298	chr16	30812416	30813669	-	13	11	unresolved			1	0	0	1
D0_009299	chr16	47072815	47072907	+	13	13	unresolved			1	1	0	2
D0_009300	chr16	50652985	50653940	-	13	12	unresolved			1	1	0	2
D0_009301	chr16	57090114	57090877	-	13	11	unresolved			1	0	0	1
D0_009302	chr16	62297037	62297200	-	13	13	unresolved			1	0	0	1
D0_009303	chr16	66598038	66600507	-	13	11	unresolved			1	0	0	1
D0_009304	chr16	70066158	70068224	+	13	10	other_v49_added_gene		ENSG00000305477	1	0	0	1
D0_009305	chr16	84474303	84474692	+	13	12	unresolved			1	0	0	1
D0_009306	chr16	84556575	84556869	+	13	12	unresolved			1	0	0	1
D0_009307	chr16	84797775	84800255	+	13	9	unresolved			1	0	0	1
D0_009308	chr16	89704286	89706089	-	13	12	unresolved			1	0	0	1
D0_009309	chr17	2403755	2404746	+	13	13	other_v49_added_gene		ENSG00000308797	1	0	0	1
D0_009310	chr17	7522623	7523919	+	13	12	unresolved			1	0	0	1
D0_009311	chr17	9907407	9907954	-	13	12	unresolved			1	1	0	2
D0_009312	chr17	10671121	10672227	-	13	10	unresolved			1	0	0	1
D0_009313	chr17	11997902	11998331	+	13	13	other_v49_added_gene		ENSG00000289910	1	0	0	1
D0_009314	chr17	16354989	16356513	+	13	10	other_v49_added_gene		ENSG00000307963	1	0	0	1
D0_009315	chr17	17619885	17621320	+	13	4	preexisting_v49_gene_span			1	0	0	1
D0_009316	chr17	17631792	17640673	+	13	13	preexisting_v49_gene_span			0	1	0	1
D0_009317	chr17	17838307	17839930	-	13	11	unresolved			1	0	0	1
D0_009318	chr17	27754968	27755149	+	13	13	unresolved			1	0	0	1
D0_009319	chr17	35399567	35400868	-	13	11	unresolved			1	0	0	1
D0_009320	chr17	35961427	35962964	+	13	11	preexisting_v49_gene_span			1	0	0	1
D0_009321	chr17	38853879	38854877	+	13	11	unresolved			1	1	0	2
D0_009322	chr17	39588273	39589815	+	13	12	unresolved			1	0	0	1
D0_009323	chr17	39752824	39753926	-	13	10	unresolved			1	0	0	1
D0_009324	chr17	43331424	43333649	+	13	12	unresolved			1	0	0	1
D0_009325	chr17	44124091	44125359	+	13	9	other_v49_added_gene		ENSG00000300394	1	1	0	2
D0_009326	chr17	46509759	46511274	-	13	13	preexisting_v49_gene_span			1	0	0	1
D0_009327	chr17	48440768	48441850	+	13	6	unresolved			1	0	0	1
D0_009328	chr17	48869450	48870930	+	13	12	unresolved			1	1	0	2
D0_009329	chr17	48945137	48947924	+	13	11	other_v49_added_gene		ENSG00000289021	1	0	0	1
D0_009330	chr17	49593181	49595754	+	13	12	unresolved			1	0	0	1
D0_009331	chr17	54825203	54874182	+	13	13	unresolved			1	0	0	1
D0_009332	chr17	56914536	56916420	+	13	13	preexisting_v49_gene_span			1	1	0	2
D0_009333	chr17	64746580	64749069	-	13	10	preexisting_v49_gene_span			1	1	0	2
D0_009334	chr17	68019221	68019974	-	13	13	unresolved			1	1	0	2
D0_009335	chr17	75775492	75776132	+	13	13	unresolved			1	1	0	2
D0_009336	chr17	77219263	77222358	+	13	10	unresolved			1	0	0	1
D0_009337	chr17	77513689	77515889	+	13	11	unresolved			1	1	0	2
D0_009338	chr17	82220376	82223554	+	13	12	preexisting_v49_gene_span			1	1	0	2
D0_009339	chr17	82225933	82228343	-	13	13	unresolved			1	0	0	1
D0_009340	chr18	712719	713696	+	13	13	unresolved			1	0	0	1
D0_009341	chr18	3059602	3061569	-	13	12	unresolved			1	1	0	2
D0_009342	chr18	12305634	12307481	-	13	12	unresolved			1	1	0	2
D0_009343	chr18	26012848	26014605	-	13	12	unresolved			1	1	0	2
D0_009344	chr18	26091293	26091955	+	13	13	unresolved			1	1	0	2
D0_009345	chr18	46074839	46076075	-	13	13	unresolved			1	1	0	2
D0_009346	chr18	46170626	46171344	-	13	13	unresolved			1	0	0	1
D0_009347	chr18	50877435	50878821	-	13	12	other_v49_added_gene		ENSG00000305450	1	1	0	2
D0_009348	chr18	57600074	57600595	-	13	12	preexisting_v49_gene_span			1	1	0	2
D0_009349	chr18	62314398	62316635	-	13	12	preexisting_v49_gene_span			1	0	0	1
D0_009350	chr18	77133934	77136680	+	13	13	unresolved			1	1	0	2
D0_009351	chr19	196937	197097	-	13	13	preexisting_v49_gene_span			1	1	0	2
D0_009352	chr19	561905	563818	-	13	13	preexisting_v49_gene_span			1	1	0	2
D0_009353	chr19	1536876	1552955	-	13	13	unresolved			1	1	0	2
D0_009354	chr19	2951381	2951656	-	13	13	unresolved			1	0	0	1
D0_009355	chr19	3052231	3052871	-	13	12	unresolved			1	0	0	1
D0_009356	chr19	3064226	3067507	+	13	9	other_v49_added_gene		ENSG00000298869	1	1	0	2
D0_009357	chr19	4540991	4542524	-	13	9	unresolved			1	0	0	1
D0_009358	chr19	6537700	6541834	+	13	8	unresolved			1	1	0	2
D0_009359	chr19	6629809	6643407	-	13	12	unresolved			1	1	0	2
D0_009360	chr19	6950787	6952398	-	13	13	unresolved			1	1	0	2
D0_009361	chr19	10713437	10717355	+	13	12	unresolved			1	1	0	2
D0_009362	chr19	11158221	11159506	+	13	13	unresolved			1	0	0	1
D0_009363	chr19	12727354	12728127	-	13	11	unresolved			1	0	0	1
D0_009364	chr19	14025395	14026187	+	13	13	unresolved			1	0	0	1
D0_009365	chr19	17742667	17747082	+	13	11	unresolved			1	0	0	1
D0_009366	chr19	18555118	18557650	-	13	12	unresolved			1	0	0	1
D0_009367	chr19	19359145	19362128	-	13	13	other_v49_added_gene		ENSG00000294647	1	1	0	2
D0_009368	chr19	19509039	19509587	+	13	12	unresolved			1	0	0	1
D0_009369	chr19	20810210	20811497	+	13	11	preexisting_v49_gene_span			1	0	0	1
D0_009370	chr19	33821543	33824941	+	13	10	unresolved			1	1	0	2
D0_009371	chr19	36129170	36139931	-	13	12	other_v49_added_gene		ENSG00000307989	1	0	0	1
D0_009372	chr19	38864098	38865228	-	13	9	unresolved			1	0	0	1
D0_009373	chr19	42197733	42198187	+	13	12	unresolved			1	0	0	1
D0_009374	chr19	42257698	42261857	-	13	11	unresolved			1	0	0	1
D0_009375	chr19	43670600	43671695	+	13	13	other_v49_added_gene		ENSG00000308028	1	0	0	1
D0_009376	chr19	43674886	43675487	-	13	11	unresolved			1	0	0	1
D0_009377	chr19	44843741	44845826	-	13	11	unresolved			1	0	0	1
D0_009378	chr19	47286008	47287654	+	13	10	unresolved			1	0	0	1
D0_009379	chr19	47347723	47349264	+	13	13	unresolved			0	1	0	1
D0_009380	chr19	50502625	50505061	-	13	11	unresolved			1	0	0	1
D0_009381	chr19	50514974	50516814	+	13	13	unresolved			1	1	0	2
D0_009382	chr19	51393262	51394001	-	13	12	unresolved			1	1	0	2
D0_009383	chr19	51550478	51551298	-	13	12	unresolved			1	0	0	1
D0_009384	chr19	55336647	55338914	-	13	11	preexisting_v49_gene_span			1	1	0	2
D0_009385	chr19	55411846	55426990	+	13	10	other_v49_added_gene		ENSG00000306861	1	1	0	2
D0_009386	chr19	56081131	56084211	-	13	13	unresolved			1	0	0	1
D0_009387	chr19	58181733	58182888	-	13	13	other_v49_added_gene		ENSG00000298382	1	0	0	1
D0_009388	chr20	2457499	2458456	+	13	10	unresolved			1	0	0	1
D0_009389	chr20	4015636	4016385	+	13	11	unresolved			1	0	0	1
D0_009390	chr20	4848543	4848943	+	13	11	unresolved			1	0	0	1
D0_009391	chr20	18561445	18564956	+	13	12	unresolved			1	0	0	1
D0_009392	chr20	20033655	20034055	+	13	13	unresolved			1	1	0	2
D0_009393	chr20	21038043	21038306	+	13	13	unresolved			1	0	0	1
D0_009394	chr20	32343984	32344529	+	13	12	unresolved			1	0	0	1
D0_009395	chr20	35412249	35420871	+	13	12	unresolved			1	0	0	1
D0_009396	chr20	35622674	35625160	+	13	13	unresolved			1	1	0	2
D0_009397	chr20	35950382	35951268	+	13	12	preexisting_v49_gene_span			1	0	0	1
D0_009398	chr20	37333024	37335110	+	13	11	unresolved			1	0	0	1
D0_009399	chr20	38923833	38925192	+	13	11	unresolved			1	1	0	2
D0_009400	chr20	39294896	39297183	+	13	11	other_v49_added_gene		ENSG00000300599	1	0	0	1
D0_009401	chr20	41400817	41401943	-	13	13	unresolved			1	0	0	1
D0_009402	chr20	48216800	48216924	+	13	13	unresolved			1	0	0	1
D0_009403	chr20	49767745	49768283	+	13	12	unresolved			0	0	0	0
D0_009404	chr20	49794347	49795726	+	13	12	preexisting_v49_gene_span			1	0	0	1
D0_009405	chr20	51384150	51386076	-	13	13	unresolved			1	0	0	1
D0_009406	chr20	51863684	51880200	-	13	13	unresolved			1	1	0	2
D0_009407	chr20	53525427	53529108	-	13	11	unresolved			1	1	0	2
D0_009408	chr20	53544815	53547263	-	13	12	unresolved			1	0	0	1
D0_009409	chr20	57628255	57629947	-	13	11	other_v49_added_gene		ENSG00000303009	1	0	1	2
D0_009410	chr21	5040816	5041901	+	13	11	unresolved			1	0	0	1
D0_009411	chr21	9593237	9593470	-	13	12	unresolved			1	0	0	1
D0_009412	chr21	25875062	25875398	+	13	11	unresolved			1	0	0	1
D0_009413	chr21	28703787	28705904	-	13	13	preexisting_v49_gene_span			1	0	0	1
D0_009414	chr21	28726497	28726817	+	13	12	unresolved			1	0	0	1
D0_009415	chr21	28732419	28734702	-	13	9	preexisting_v49_gene_span			1	0	0	1
D0_009416	chr21	31857578	31862667	-	13	12	unresolved			1	0	0	1
D0_009417	chr21	32528211	32530385	+	13	12	unresolved			1	1	0	2
D0_009418	chr21	33979996	33981845	+	13	13	preexisting_v49_gene_span			1	1	0	2
D0_009419	chr21	36301566	36302711	+	13	13	unresolved			1	0	0	1
D0_009420	chr21	39337197	39338604	-	13	12	unresolved			1	0	0	1
D0_009421	chr21	43042781	43044176	+	13	13	unresolved			1	1	0	2
D0_009422	chr21	44847686	44849094	-	13	11	unresolved			1	0	0	1
D0_009423	chr22	11969565	11972102	-	13	13	other_v49_added_gene		ENSG00000310416	1	0	0	1
D0_009424	chr22	12296258	12567974	+	13	13	unresolved			1	1	0	2
D0_009425	chr22	16025910	16026977	+	13	12	unresolved			1	0	0	1
D0_009426	chr22	19329178	19330431	-	13	13	unresolved			1	1	0	2
D0_009427	chr22	20912336	20913408	-	13	13	unresolved			1	0	0	1
D0_009428	chr22	21749047	21751803	+	13	10	unresolved			1	0	0	1
D0_009429	chr22	22257902	22258207	+	13	13	unresolved			1	0	0	1
D0_009430	chr22	23323503	23325293	+	13	11	unresolved			1	1	0	2
D0_009431	chr22	23728639	23732705	+	13	9	unresolved			1	0	0	1
D0_009432	chr22	26794145	26794599	-	13	12	unresolved			1	0	0	1
D0_009433	chr22	31280600	31281552	-	13	11	unresolved			1	0	0	1
D0_009434	chr22	35394459	35398824	-	13	9	unresolved			1	1	0	2
D0_009435	chr22	36139852	36140327	-	13	11	preexisting_v49_gene_span			1	1	0	2
D0_009436	chr22	36531016	36532329	-	13	11	unresolved			1	0	0	1
D0_009437	chr22	38856838	38858913	-	13	13	unresolved			1	1	0	2
D0_009438	chr22	41921391	41921904	+	13	12	unresolved			1	1	0	2
D0_009439	chr22	47177902	47179745	-	13	11	unresolved			1	0	0	1
D0_009440	chr22	50629503	50640663	+	13	11	other_v49_added_gene		ENSG00000289244	1	1	0	2
D0_009441	chrX	16087957	16117280	+	13	9	unresolved			1	0	0	1
D0_009442	chrX	30617952	30618178	+	13	11	unresolved			1	1	0	2
D0_009443	chrX	40177413	40180693	+	13	12	unresolved			1	1	0	2
D0_009444	chrX	44343767	44344515	-	13	12	preexisting_v49_gene_span			1	0	0	1
D0_009445	chrX	44635984	44636081	+	13	12	unresolved			1	0	0	1
D0_009446	chrX	44661982	44691991	-	13	13	other_v49_added_gene		ENSG00000308264	1	1	0	2
D0_009447	chrX	44781348	44790462	+	13	13	unresolved			1	0	0	1
D0_009448	chrX	48674642	48676517	-	13	11	other_v49_added_gene		ENSG00000297343	1	1	0	2
D0_009449	chrX	48889617	48890172	-	13	12	unresolved			1	0	0	1
D0_009450	chrX	48919559	48921177	+	13	11	other_v49_added_gene		ENSG00000303123	1	0	0	1
D0_009451	chrX	49004100	49021280	+	13	13	unresolved			1	0	0	1
D0_009452	chrX	52919278	52920900	-	13	12	unresolved			1	0	0	1
D0_009453	chrX	54377458	54401132	+	13	13	unresolved			1	1	0	2
D0_009454	chrX	54600209	54600533	-	13	13	unresolved			1	0	0	1
D0_009455	chrX	54614749	54616382	+	13	12	preexisting_v49_gene_span			1	0	0	1
D0_009456	chrX	56486687	56490112	+	13	10	unresolved			1	0	0	1
D0_009457	chrX	56568170	56568494	-	13	12	unresolved			1	0	0	1
D0_009458	chrX	56615589	56618087	+	13	13	unresolved			1	0	0	1
D0_009459	chrX	57163621	57166259	+	13	13	preexisting_v49_gene_span			1	1	0	2
D0_009460	chrX	64546752	64575085	-	13	13	unresolved			1	0	0	1
D0_009461	chrX	64898791	64902860	-	13	11	unresolved			1	1	0	2
D0_009462	chrX	65357736	65360284	+	13	12	preexisting_v49_gene_span			1	0	0	1
D0_009463	chrX	68546315	68548101	+	13	12	unresolved			1	1	0	2
D0_009464	chrX	68589540	68592246	+	13	12	unresolved			1	0	0	1
D0_009465	chrX	69344011	69414882	-	13	13	unresolved			1	0	0	1
D0_009466	chrX	71142761	71144103	+	13	11	preexisting_v49_gene_span			1	1	0	2
D0_009467	chrX	71327686	71332391	+	13	12	unresolved			1	1	0	2
D0_009468	chrX	71889044	71889144	+	13	12	unresolved			0	0	0	0
D0_009469	chrX	78854133	78854291	-	13	13	unresolved			1	0	0	1
D0_009470	chrX	89484214	89485655	+	13	13	unresolved			1	0	0	1
D0_009471	chrX	94699068	94704571	+	13	13	other_v49_added_gene		ENSG00000304403	1	0	0	1
D0_009472	chrX	101971955	101972128	-	13	13	unresolved			1	0	0	1
D0_009473	chrX	107051455	107052488	-	13	12	preexisting_v49_gene_span			1	1	0	2
D0_009474	chrX	113529187	113555750	-	13	13	unresolved			1	1	0	2
D0_009475	chrX	119475662	119476008	-	13	13	unresolved			1	1	0	2
D0_009476	chrX	119606599	119607597	+	13	11	other_v49_added_gene		ENSG00000289864	1	1	0	2
D0_009477	chrX	136661090	136663870	+	13	13	unresolved			1	0	0	1
D0_009478	chrX	154381587	154384638	+	13	12	unresolved			1	1	0	2
D0_009479	chrX	154520875	154526122	+	13	11	unresolved			1	1	0	2
D0_009480	chrX	154668035	154670375	-	13	11	unresolved			1	0	0	1
D0_009481	chrY	1018383	1046772	-	13	12	unresolved			1	0	0	1
D0_009482	chrY	2674807	2676625	+	13	13	unresolved			1	0	0	1
D0_009483	chrY	4767771	4768007	+	13	13	unresolved			1	0	0	1
D0_009484	chrY	9141892	9141961	+	13	13	unresolved			1	1	0	2
D0_009485	chrY	13480931	13481361	+	13	9	unresolved			1	0	0	1
D0_009486	chrY	21107120	21109795	+	13	10	unresolved			1	1	0	2
D0_009487	chrY	21156021	21170530	+	13	9	other_v49_added_gene		ENSG00000289707	1	1	0	2
D0_009488	chrY	21223807	21226229	-	13	7	unresolved			1	0	0	1
D0_009489	chrY	21257854	21259963	-	13	8	unresolved			1	1	0	2
D0_009490	GL000008.2	199682	201520	+	13	13	unresolved			1	1	0	2
D0_009491	GL000194.1	90170	93322	+	13	13	unresolved			1	0	0	1
D0_009492	KI270706.1	81506	84328	+	13	13	unresolved			1	1	0	2
D0_009493	KI270734.1	78324	78485	-	13	12	unresolved			1	0	0	1
D0_009494	chr1	2225551	2228185	-	12	11	unresolved			1	0	0	1
D0_009495	chr1	2585771	2586443	+	12	12	other_v49_added_gene		ENSG00000289610	1	1	0	2
D0_009496	chr1	9233603	9233968	+	12	10	unresolved			1	0	0	1
D0_009497	chr1	9630827	9632947	-	12	11	unresolved			1	0	0	1
D0_009498	chr1	9642224	9643239	-	12	12	unresolved			1	0	0	1
D0_009499	chr1	9838792	9839757	-	12	12	unresolved			1	0	0	1
D0_009500	chr1	10821993	10884883	-	12	12	other_v49_added_gene		ENSG00000308013,ENSG00000307999	1	1	0	2
D0_009501	chr1	11850863	11852699	+	12	10	unresolved			1	0	0	1
D0_009502	chr1	23345547	23355435	-	12	12	unresolved			1	0	0	1
D0_009503	chr1	25030318	25033165	-	12	12	unresolved			1	0	0	1
D0_009504	chr1	26800337	26802244	+	12	12	preexisting_v49_gene_span			1	1	0	2
D0_009505	chr1	31610471	31612450	-	12	4	unresolved			1	0	0	1
D0_009506	chr1	32739386	32739501	+	12	12	unresolved			1	0	0	1
D0_009507	chr1	33136288	33137773	-	12	11	unresolved			1	0	0	1
D0_009508	chr1	34566179	34566335	-	12	12	unresolved			1	0	0	1
D0_009509	chr1	35156781	35169656	+	12	12	unresolved			1	1	0	2
D0_009510	chr1	36451280	36452825	-	12	11	unresolved			1	0	0	1
D0_009511	chr1	38329140	38329302	+	12	12	unresolved			1	0	0	1
D0_009512	chr1	38823906	38836358	+	12	12	unresolved			1	0	0	1
D0_009513	chr1	39678164	39678490	-	12	11	unresolved			1	1	0	2
D0_009514	chr1	40467051	40469600	+	12	10	unresolved			1	1	0	2
D0_009515	chr1	40517287	40518370	+	12	10	preexisting_v49_gene_span			1	1	0	2
D0_009516	chr1	40775327	40776005	+	12	12	unresolved			1	0	0	1
D0_009517	chr1	44730225	44731798	+	12	12	unresolved			1	1	0	2
D0_009518	chr1	45581072	45583107	-	12	9	unresolved			1	1	0	2
D0_009519	chr1	46336492	46340167	-	12	12	unresolved			1	1	0	2
D0_009520	chr1	83324923	83326820	-	12	11	preexisting_v49_gene_span			1	0	0	1
D0_009521	chr1	89990526	89993127	+	12	10	unresolved			1	1	0	2
D0_009522	chr1	101261424	101262588	+	12	11	unresolved			1	0	0	1
D0_009523	chr1	110026409	110029150	+	12	9	unresolved			1	1	0	2
D0_009524	chr1	111116481	111117324	-	12	11	preexisting_v49_gene_span			1	1	0	2
D0_009525	chr1	116078376	116079482	+	12	11	unresolved			1	1	0	2
D0_009526	chr1	119609618	119610279	-	12	12	unresolved			1	1	0	2
D0_009527	chr1	119904989	119906228	-	12	10	unresolved			1	1	0	2
D0_009528	chr1	121817595	122229948	-	12	12	unresolved			1	0	0	1
D0_009529	chr1	144571830	144572251	-	12	12	unresolved			1	0	0	1
D0_009530	chr1	145283648	145286338	-	12	12	preexisting_v49_gene_span			1	0	0	1
D0_009531	chr1	146230191	146231044	-	12	11	unresolved			1	0	0	1
D0_009532	chr1	148072093	148072962	-	12	12	unresolved			1	0	0	1
D0_009533	chr1	150361127	150362600	+	12	11	unresolved			1	0	0	1
D0_009534	chr1	156802703	156803057	+	12	12	unresolved			1	0	0	1
D0_009535	chr1	157049073	157057161	-	12	12	other_v49_added_gene		ENSG00000306796	0	1	0	1
D0_009536	chr1	158984096	158984385	-	12	11	unresolved			1	0	0	1
D0_009537	chr1	160786006	160787111	+	12	12	unresolved			1	0	0	1
D0_009538	chr1	162536310	162540095	+	12	9	unresolved			1	0	0	1
D0_009539	chr1	167716450	167717021	-	12	11	unresolved			1	1	0	2
D0_009540	chr1	173359093	173359526	+	12	10	unresolved			1	0	0	1
D0_009541	chr1	181085873	181088183	-	12	8	other_v49_added_gene		ENSG00000289589	1	1	0	2
D0_009542	chr1	182378191	182381554	-	12	12	preexisting_v49_gene_span			1	1	0	2
D0_009543	chr1	194281404	194283288	-	12	10	other_v49_added_gene		ENSG00000303114	1	0	0	1
D0_009544	chr1	200517139	200517240	-	12	12	unresolved			1	0	0	1
D0_009545	chr1	200876740	200888435	-	12	10	other_v49_added_gene		ENSG00000304314	1	1	1	3
D0_009546	chr1	203025011	203026199	+	12	12	unresolved			1	1	0	2
D0_009547	chr1	203861048	203861200	+	12	11	unresolved			1	0	0	1
D0_009548	chr1	204561478	204561863	-	12	10	unresolved			1	0	0	1
D0_009549	chr1	207796880	207798204	-	12	11	preexisting_v49_gene_span			1	0	0	1
D0_009550	chr1	209657920	209660644	+	12	11	other_v49_added_gene		ENSG00000301117	1	1	0	2
D0_009551	chr1	211443131	211451102	+	12	11	unresolved			1	0	0	1
D0_009552	chr1	220053926	220055529	+	12	12	unresolved			1	0	0	1
D0_009553	chr1	222605846	222605953	-	12	11	unresolved			1	0	0	1
D0_009554	chr1	223107807	223108558	-	12	10	unresolved			1	1	0	2
D0_009555	chr1	224195625	224196812	-	12	9	unresolved			1	0	0	1
D0_009556	chr1	225973670	225975448	-	12	10	unresolved			1	1	0	2
D0_009557	chr1	226896306	226897476	+	12	9	other_v49_added_gene		ENSG00000288674	1	1	0	2
D0_009558	chr1	229316963	229319304	-	12	12	unresolved			1	0	0	1
D0_009559	chr1	231279361	231280927	+	12	11	unresolved			1	0	0	1
D0_009560	chr1	231331142	231332721	-	12	12	unresolved			1	1	0	2
D0_009561	chr1	234336606	234340173	+	12	7	unresolved			1	1	0	2
D0_009562	chr1	235105429	235107205	-	12	10	preexisting_v49_gene_span			1	0	0	1
D0_009563	chr1	243853211	243866009	-	12	11	unresolved			1	1	0	2
D0_009564	chr1	245127300	245128793	+	12	9	unresolved			1	1	0	2
D0_009565	chr2	7179601	7180541	+	12	11	unresolved			1	0	0	1
D0_009566	chr2	7207914	7208847	+	12	11	unresolved			1	0	0	1
D0_009567	chr2	9579512	9580336	-	12	9	unresolved			1	0	0	1
D0_009568	chr2	9781783	9782241	-	12	9	unresolved			1	0	0	1
D0_009569	chr2	20414032	20415457	-	12	12	other_v49_added_gene		ENSG00000303360	1	0	0	1
D0_009570	chr2	20424957	20425257	+	12	10	unresolved			1	0	0	1
D0_009571	chr2	28341877	28342005	-	12	12	unresolved			1	0	0	1
D0_009572	chr2	30697984	30698085	+	12	12	unresolved			1	0	0	1
D0_009573	chr2	42830271	42831948	+	12	11	other_v49_added_gene		ENSG00000307331	1	1	0	2
D0_009574	chr2	42972531	42976373	-	12	9	preexisting_v49_gene_span			1	1	1	3
D0_009575	chr2	43072776	43073143	+	12	11	unresolved			1	0	0	1
D0_009576	chr2	47907831	47908167	+	12	10	preexisting_v49_gene_span			1	1	0	2
D0_009577	chr2	54421373	54422340	-	12	10	other_v49_added_gene		ENSG00000304706	1	0	0	1
D0_009578	chr2	57772892	57773173	+	12	12	unresolved			1	0	0	1
D0_009579	chr2	60329411	60329666	-	12	7	preexisting_v49_gene_span			1	0	0	1
D0_009580	chr2	60938715	60940003	+	12	12	unresolved			1	1	0	2
D0_009581	chr2	61061320	61062491	+	12	9	unresolved			1	1	0	2
D0_009582	chr2	62194101	62195859	-	12	11	preexisting_v49_gene_span			1	1	0	2
D0_009583	chr2	62225082	62227117	+	12	11	unresolved			1	1	0	2
D0_009584	chr2	70125382	70128011	+	12	11	unresolved			1	0	0	1
D0_009585	chr2	73983428	73985024	-	12	12	preexisting_v49_gene_span			1	1	0	2
D0_009586	chr2	75258918	75259753	-	12	10	unresolved			1	0	0	1
D0_009587	chr2	85911883	85912959	+	12	12	unresolved			1	0	0	1
D0_009588	chr2	86501682	86502745	+	12	11	unresolved			1	0	0	1
D0_009589	chr2	94700209	94700322	-	12	12	unresolved			1	0	0	1
D0_009590	chr2	96148039	96151989	+	12	11	unresolved			1	0	0	1
D0_009591	chr2	96588664	96591889	-	12	11	unresolved			1	1	0	2
D0_009592	chr2	109627880	109644086	+	12	10	unresolved			1	0	0	1
D0_009593	chr2	109764310	109764555	+	12	11	unresolved			1	0	0	1
D0_009594	chr2	112196435	112196727	-	12	10	unresolved			1	0	0	1
D0_009595	chr2	112614538	112615364	+	12	9	unresolved			1	1	0	2
D0_009596	chr2	121108822	121109377	+	12	12	unresolved			1	0	0	1
D0_009597	chr2	136155508	136159432	+	12	8	other_v49_added_gene		ENSG00000304642	1	0	0	1
D0_009598	chr2	138417627	138418170	-	12	10	preexisting_v49_gene_span			1	0	0	1
D0_009599	chr2	142677042	142677313	-	12	12	unresolved			1	0	0	1
D0_009600	chr2	164624918	164630321	-	12	5	unresolved			0	0	0	0
D0_009601	chr2	171775717	171778254	-	12	11	unresolved			1	0	0	1
D0_009602	chr2	175058939	175060804	-	12	12	unresolved			1	1	0	2
D0_009603	chr2	175173702	175174660	+	12	11	other_v49_added_gene		ENSG00000293891	1	0	0	1
D0_009604	chr2	176195781	176195879	+	12	12	unresolved			1	0	0	1
D0_009605	chr2	181418577	181419338	-	12	11	unresolved			1	0	0	1
D0_009606	chr2	185028921	185053742	-	12	12	other_v49_added_gene		ENSG00000310088	1	1	0	2
D0_009607	chr2	185901187	185904805	-	12	11	unresolved			1	1	0	2
D0_009608	chr2	185996683	185997547	-	12	11	unresolved			1	1	0	2
D0_009609	chr2	193437255	193437349	-	12	12	unresolved			1	0	0	1
D0_009610	chr2	197560612	197562246	-	12	11	unresolved			1	0	0	1
D0_009611	chr2	200905871	200907446	+	12	12	unresolved			1	0	0	1
D0_009612	chr2	202262504	202265429	-	12	12	unresolved			1	0	0	1
D0_009613	chr2	202362495	202366701	+	12	10	unresolved			1	1	0	2
D0_009614	chr2	203317215	203319891	+	12	10	unresolved			1	0	0	1
D0_009615	chr2	206419053	206419222	-	12	12	unresolved			1	0	0	1
D0_009616	chr2	208991227	208991321	-	12	12	other_v49_added_gene		ENSG00000294474	0	0	0	0
D0_009617	chr2	220892662	221122527	-	12	12	preexisting_v49_gene_span			0	1	0	1
D0_009618	chr2	230023926	230025987	-	12	11	unresolved			1	0	0	1
D0_009619	chr2	231515022	231516716	+	12	10	other_v49_added_gene		ENSG00000297785	1	1	0	2
D0_009620	chr2	231606256	231607117	-	12	12	preexisting_v49_gene_span			1	0	0	1
D0_009621	chr2	238426142	238426731	-	12	10	other_v49_added_gene		ENSG00000305185,ENSG00000305200	1	1	0	2
D0_009622	chr2	241674530	241675393	+	12	11	unresolved			1	1	0	2
D0_009623	chr3	3632162	3633755	-	12	10	unresolved			1	0	0	1
D0_009624	chr3	5402494	5403953	+	12	8	unresolved			1	0	0	1
D0_009625	chr3	11271338	11271724	-	12	11	unresolved			1	0	0	1
D0_009626	chr3	11783918	11785358	+	12	11	unresolved			1	0	0	1
D0_009627	chr3	12677235	12714943	-	12	12	unresolved			1	0	0	1
D0_009628	chr3	13310032	13313586	+	12	12	unresolved			1	0	0	1
D0_009629	chr3	13908043	13908296	-	12	10	unresolved			1	0	0	1
D0_009630	chr3	23738225	23738589	+	12	11	unresolved			1	0	0	1
D0_009631	chr3	31639358	31640512	-	12	12	unresolved			1	1	0	2
D0_009632	chr3	33110688	33113926	-	12	9	unresolved			1	1	0	2
D0_009633	chr3	38137421	38138309	-	12	11	other_v49_added_gene		ENSG00000299092	1	1	0	2
D0_009634	chr3	40312766	40313644	+	12	12	unresolved			1	0	0	1
D0_009635	chr3	70950005	70951414	-	12	11	unresolved			1	0	0	1
D0_009636	chr3	71770797	71771598	-	12	11	unresolved			1	1	0	2
D0_009637	chr3	87457024	87567904	+	12	12	other_v49_added_gene		ENSG00000303500	1	1	0	2
D0_009638	chr3	88169361	88170588	+	12	10	unresolved			1	0	0	1
D0_009639	chr3	101559344	101559838	+	12	12	unresolved			1	0	0	1
D0_009640	chr3	101679319	101680992	+	12	12	preexisting_v49_gene_span			1	1	0	2
D0_009641	chr3	101935084	101936858	-	12	11	unresolved			1	1	0	2
D0_009642	chr3	103221374	103221649	+	12	12	unresolved			1	0	0	1
D0_009643	chr3	112433208	112437908	-	12	11	unresolved			1	0	0	1
D0_009644	chr3	120304597	120305890	+	12	12	unresolved			1	0	0	1
D0_009645	chr3	122165497	122165777	+	12	12	unresolved			1	0	0	1
D0_009646	chr3	125375406	125377179	+	12	10	other_v49_added_gene		ENSG00000289324,ENSG00000302071	1	1	0	2
D0_009647	chr3	127681949	127684500	-	12	11	other_v49_added_gene		ENSG00000297071	1	1	0	2
D0_009648	chr3	128422947	128425391	+	12	11	other_v49_added_gene		ENSG00000298850	1	1	0	2
D0_009649	chr3	128688864	128694057	+	12	10	preexisting_v49_gene_span			1	1	0	2
D0_009650	chr3	129161681	129162847	+	12	12	other_v49_added_gene		ENSG00000288996	1	1	0	2
D0_009651	chr3	131445896	131451299	-	12	9	unresolved			1	1	0	2
D0_009652	chr3	133570485	133572427	+	12	11	unresolved			1	0	0	1
D0_009653	chr3	138156585	138158763	-	12	8	unresolved			1	0	0	1
D0_009654	chr3	138594766	138596390	+	12	12	unresolved			1	1	0	2
D0_009655	chr3	141874035	141875379	+	12	10	unresolved			1	0	0	1
D0_009656	chr3	152243627	152243814	+	12	11	unresolved			1	0	0	1
D0_009657	chr3	153211079	153213273	+	12	10	other_v49_added_gene		ENSG00000289885	1	1	0	2
D0_009658	chr3	156733242	156734908	+	12	11	other_v49_added_gene		ENSG00000294200	1	0	0	1
D0_009659	chr3	156742369	156744151	-	12	9	preexisting_v49_gene_span			1	1	0	2
D0_009660	chr3	170354684	170357621	-	12	11	other_v49_added_gene		ENSG00000295042	1	1	0	2
D0_009661	chr3	181876186	181891846	-	12	12	unresolved			1	1	0	2
D0_009662	chr3	187094091	187094838	-	12	12	unresolved			1	0	0	1
D0_009663	chr3	196455219	196457150	+	12	12	unresolved			1	0	0	1
D0_009664	chr3	197039999	197041440	+	12	12	unresolved			1	0	0	1
D0_009665	chr4	207317	210108	+	12	11	unresolved			1	0	0	1
D0_009666	chr4	10715611	10736094	-	12	11	unresolved			0	1	0	1
D0_009667	chr4	24515215	24516619	+	12	12	unresolved			1	0	0	1
D0_009668	chr4	26801556	26805891	+	12	12	unresolved			1	0	0	1
D0_009669	chr4	40021870	40022437	+	12	12	unresolved			1	0	0	1
D0_009670	chr4	40263166	40264326	+	12	11	unresolved			1	0	0	1
D0_009671	chr4	40649859	40671620	-	12	12	other_v49_added_gene		ENSG00000305129	1	1	0	2
D0_009672	chr4	46611138	46611623	+	12	12	unresolved			1	0	0	1
D0_009673	chr4	57221278	57221442	-	12	11	unresolved			1	0	0	1
D0_009674	chr4	65997139	65998625	-	12	12	unresolved			0	0	0	0
D0_009675	chr4	66650866	66657213	+	12	12	unresolved			1	0	0	1
D0_009676	chr4	74363101	74363964	-	12	11	other_v49_added_gene		ENSG00000304732	1	0	0	1
D0_009677	chr4	78717351	78719848	+	12	12	preexisting_v49_gene_span			1	1	0	2
D0_009678	chr4	82349049	82352482	-	12	12	other_v49_added_gene		ENSG00000289480	1	1	0	2
D0_009679	chr4	83178562	83179145	-	12	11	unresolved			1	0	0	1
D0_009680	chr4	84667810	84669602	-	12	12	preexisting_v49_gene_span			1	1	0	2
D0_009681	chr4	107823525	107824561	-	12	10	unresolved			1	1	0	2
D0_009682	chr4	108678903	108682856	+	12	11	preexisting_v49_gene_span			1	1	0	2
D0_009683	chr4	112665449	112670443	+	12	12	unresolved			1	1	0	2
D0_009684	chr4	113784095	113784230	+	12	12	unresolved			1	0	0	1
D0_009685	chr4	114168087	114397535	-	12	12	other_v49_added_gene		ENSG00000288781	1	1	0	2
D0_009686	chr4	118276024	118278547	-	12	11	unresolved			1	1	0	2
D0_009687	chr4	141397461	141397768	-	12	12	unresolved			1	0	0	1
D0_009688	chr4	141550129	141552512	+	12	11	unresolved			1	0	0	1
D0_009689	chr4	152923894	152926438	+	12	10	unresolved			1	0	0	1
D0_009690	chr4	163522587	163523757	+	12	12	unresolved			1	1	0	2
D0_009691	chr4	173420161	173420664	+	12	12	unresolved			1	0	0	1
D0_009692	chr4	178580801	178581044	-	12	12	unresolved			1	1	0	2
D0_009693	chr4	179505289	179727946	+	12	12	other_v49_added_gene		ENSG00000296788	1	1	0	2
D0_009694	chr4	180246325	180246442	+	12	12	unresolved			1	0	0	1
D0_009695	chr4	183449508	183452430	+	12	12	unresolved			1	1	0	2
D0_009696	chr4	183453548	183454616	-	12	10	unresolved			1	0	0	1
D0_009697	chr4	183487130	183488231	+	12	11	unresolved			1	0	0	1
D0_009698	chr4	183518673	183519502	-	12	10	unresolved			1	0	0	1
D0_009699	chr4	184478289	184478664	+	12	12	preexisting_v49_gene_span			1	1	0	2
D0_009700	chr4	184855795	184857479	+	12	12	unresolved			1	1	0	2
D0_009701	chr4	187213756	187258177	-	12	9	preexisting_v49_gene_span			1	1	0	2
D0_009702	chr4	189268819	189270697	-	12	9	unresolved			0	0	0	0
D0_009703	chr5	702000	704932	-	12	10	unresolved			1	1	0	2
D0_009704	chr5	6356722	6358189	-	12	12	unresolved			1	1	0	2
D0_009705	chr5	10343204	10352592	-	12	11	preexisting_v49_gene_span			1	1	0	2
D0_009706	chr5	14085985	14086107	+	12	11	unresolved			1	0	0	1
D0_009707	chr5	14872015	14873485	+	12	11	other_v49_added_gene		ENSG00000295481	1	1	0	2
D0_009708	chr5	34157902	34158120	+	12	12	unresolved			1	0	0	1
D0_009709	chr5	37067031	37069413	+	12	11	unresolved			1	0	0	1
D0_009710	chr5	39667076	39667352	+	12	12	other_v49_added_gene		ENSG00000304950	0	0	0	0
D0_009711	chr5	40816861	40817954	+	12	10	unresolved			1	0	0	1
D0_009712	chr5	58450658	58452970	-	12	10	unresolved			1	0	0	1
D0_009713	chr5	61153135	61155200	-	12	12	unresolved			1	1	0	2
D0_009714	chr5	67169836	67170782	+	12	9	unresolved			1	0	0	1
D0_009715	chr5	69967801	69968130	-	12	11	other_v49_added_gene		ENSG00000295635	1	0	0	1
D0_009716	chr5	70005963	70006267	-	12	11	unresolved			1	0	0	1
D0_009717	chr5	70148049	70148360	+	12	12	unresolved			1	0	0	1
D0_009718	chr5	70954884	70956421	-	12	12	unresolved			1	1	0	2
D0_009719	chr5	70962985	70964863	+	12	11	unresolved			1	0	0	1
D0_009720	chr5	70966159	70968123	+	12	11	other_v49_added_gene		ENSG00000297885	1	0	0	1
D0_009721	chr5	71150421	71151245	+	12	9	other_v49_added_gene		ENSG00000296364	1	0	0	1
D0_009722	chr5	80896737	80898107	+	12	11	unresolved			1	0	0	1
D0_009723	chr5	95609921	95610572	+	12	12	unresolved			1	0	0	1
D0_009724	chr5	106175359	106401182	+	12	12	other_v49_added_gene		ENSG00000306585	0	1	0	1
D0_009725	chr5	109871484	109871791	+	12	10	unresolved			1	1	0	2
D0_009726	chr5	110143411	110143804	-	12	11	unresolved			0	1	0	1
D0_009727	chr5	118797190	118797691	+	12	11	unresolved			1	0	0	1
D0_009728	chr5	131220374	131224401	-	12	9	other_v49_added_gene		ENSG00000303023	1	0	0	1
D0_009729	chr5	131234278	131236750	+	12	11	unresolved			1	0	0	1
D0_009730	chr5	132818342	132821095	-	12	12	unresolved			1	1	0	2
D0_009731	chr5	132964190	132965554	+	12	10	preexisting_v49_gene_span			1	1	0	2
D0_009732	chr5	134106315	134107788	-	12	10	other_v49_added_gene		ENSG00000309115	1	1	0	2
D0_009733	chr5	134737221	134738353	-	12	11	other_v49_added_gene		ENSG00000305397	1	0	0	1
D0_009734	chr5	137779746	137782211	-	12	12	preexisting_v49_gene_span			1	0	0	1
D0_009735	chr5	138496092	138498027	-	12	12	unresolved			1	0	0	1
D0_009736	chr5	140595972	140597684	+	12	10	unresolved			1	1	0	2
D0_009737	chr5	140612876	140629841	+	12	12	other_v49_added_gene		ENSG00000306175	1	1	0	2
D0_009738	chr5	143232676	143233587	-	12	10	unresolved			1	0	0	1
D0_009739	chr5	148852822	148853138	-	12	9	unresolved			1	0	0	1
D0_009740	chr5	151273644	151274519	-	12	12	unresolved			1	0	0	1
D0_009741	chr5	157066673	157068969	-	12	10	preexisting_v49_gene_span			1	0	0	1
D0_009742	chr5	160431695	160432193	-	12	12	unresolved			1	1	0	2
D0_009743	chr5	163519913	163522182	-	12	12	unresolved			1	0	0	1
D0_009744	chr5	168545935	168546844	-	12	10	unresolved			1	1	0	2
D0_009745	chr5	171844144	171845437	-	12	8	unresolved			1	1	0	2
D0_009746	chr5	172016774	172018748	+	12	12	unresolved			1	1	0	2
D0_009747	chr5	177325163	177327297	+	12	10	unresolved			1	0	0	1
D0_009748	chr5	177482909	177483267	-	12	11	unresolved			1	0	0	1
D0_009749	chr5	177598429	177599699	-	12	11	unresolved			1	0	0	1
D0_009750	chr5	177990259	177992173	+	12	10	unresolved			1	0	0	1
D0_009751	chr5	181206857	181207373	+	12	10	unresolved			1	1	0	2
D0_009752	chr6	368742	369878	+	12	11	unresolved			1	1	0	2
D0_009753	chr6	2764091	2765316	-	12	12	preexisting_v49_gene_span			1	1	0	2
D0_009754	chr6	6796431	6796944	-	12	3	other_v49_added_gene		ENSG00000301189	1	1	0	2
D0_009755	chr6	7059048	7060736	+	12	12	other_v49_added_gene		ENSG00000309350	1	0	0	1
D0_009756	chr6	7689568	7700434	+	12	8	other_v49_added_gene		ENSG00000300630	1	1	0	2
D0_009757	chr6	10629402	10630896	+	12	10	unresolved			1	1	0	2
D0_009758	chr6	11156247	11158880	+	12	10	unresolved			1	1	0	2
D0_009759	chr6	14231652	14233724	+	12	9	unresolved			1	0	0	1
D0_009760	chr6	15201013	15222673	+	12	11	other_v49_added_gene		ENSG00000307299	1	1	0	2
D0_009761	chr6	20071637	20074097	-	12	11	unresolved			1	1	0	2
D0_009762	chr6	24389119	24399293	+	12	12	unresolved			1	0	0	1
D0_009763	chr6	26032149	26033159	-	12	9	preexisting_v49_gene_span			1	1	0	2
D0_009764	chr6	26239970	26241948	-	12	10	unresolved			1	0	0	1
D0_009765	chr6	26553496	26555326	+	12	11	other_v49_added_gene		ENSG00000291336	1	1	0	2
D0_009766	chr6	27752193	27753058	-	12	11	other_v49_added_gene		ENSG00000302043	1	0	0	1
D0_009767	chr6	27873875	27876923	+	12	12	other_v49_added_gene		ENSG00000305770	1	1	0	2
D0_009768	chr6	32013826	32014124	+	12	10	other_v49_added_gene		ENSG00000308228	1	0	0	1
D0_009769	chr6	32590195	32591786	-	12	12	unresolved			1	0	0	1
D0_009770	chr6	32622915	32625777	+	12	12	unresolved			1	1	0	2
D0_009771	chr6	36239550	36242970	-	12	9	other_v49_added_gene		ENSG00000303658	1	0	0	1
D0_009772	chr6	36986858	36988681	+	12	11	unresolved			1	1	0	2
D0_009773	chr6	38161341	38161698	+	12	9	unresolved			1	0	0	1
D0_009774	chr6	41176887	41177804	+	12	10	other_v49_added_gene		ENSG00000290034	1	1	0	2
D0_009775	chr6	42954991	42956006	-	12	12	unresolved			1	1	0	2
D0_009776	chr6	43462876	43465135	+	12	12	unresolved			1	1	0	2
D0_009777	chr6	57749478	57749918	-	12	12	unresolved			1	0	0	1
D0_009778	chr6	57857549	57860080	-	12	12	other_v49_added_gene		ENSG00000290555	1	0	0	1
D0_009779	chr6	57891037	57891402	-	12	10	other_v49_added_gene		ENSG00000290555	1	0	0	1
D0_009780	chr6	66525456	66525732	+	12	12	unresolved			1	0	0	1
D0_009781	chr6	77126964	77127058	+	12	12	unresolved			1	0	0	1
D0_009782	chr6	80397914	80401427	+	12	11	preexisting_v49_gene_span			1	1	0	2
D0_009783	chr6	80916719	80917744	-	12	12	unresolved			1	1	0	2
D0_009784	chr6	94141061	94141237	-	12	12	unresolved			1	0	0	1
D0_009785	chr6	106326102	106327661	+	12	12	unresolved			1	0	0	1
D0_009786	chr6	108693276	108694602	-	12	11	unresolved			1	1	0	2
D0_009787	chr6	110867828	110873842	+	12	12	unresolved			1	1	0	2
D0_009788	chr6	111641347	111643811	+	12	11	unresolved			1	0	0	1
D0_009789	chr6	112666570	112666681	+	12	10	unresolved			1	0	0	1
D0_009790	chr6	126240955	126244083	+	12	11	unresolved			1	1	0	2
D0_009791	chr6	131356436	131357408	+	12	12	unresolved			1	0	0	1
D0_009792	chr6	137195862	137197118	-	12	11	unresolved			1	1	0	2
D0_009793	chr6	143526427	143529602	+	12	12	other_v49_added_gene		ENSG00000294211	1	1	0	2
D0_009794	chr6	144216582	144220942	+	12	11	unresolved			1	1	0	2
D0_009795	chr6	149564842	149566259	-	12	10	unresolved			1	0	0	1
D0_009796	chr6	150843714	150845759	+	12	10	unresolved			1	1	0	2
D0_009797	chr7	262820	264924	+	12	10	unresolved			1	1	0	2
D0_009798	chr7	4414469	4459861	+	12	11	other_v49_added_gene		ENSG00000296681	1	0	0	1
D0_009799	chr7	6826786	6827132	+	12	11	unresolved			1	0	0	1
D0_009800	chr7	12208945	12210968	-	12	12	other_v49_added_gene		ENSG00000298754	1	0	0	1
D0_009801	chr7	17755358	17757863	-	12	11	unresolved			1	1	0	2
D0_009802	chr7	17764639	17765723	+	12	11	unresolved			1	0	0	1
D0_009803	chr7	23538149	23539037	-	12	12	unresolved			1	0	0	1
D0_009804	chr7	26012943	26150120	-	12	11	other_v49_added_gene		ENSG00000293754	1	1	0	2
D0_009805	chr7	26108750	26111128	+	12	11	other_v49_added_gene		ENSG00000289053	1	0	0	1
D0_009806	chr7	30190535	30190876	+	12	11	unresolved			1	0	0	1
D0_009807	chr7	33007554	33008976	+	12	11	unresolved			1	1	0	2
D0_009808	chr7	33011108	33013489	-	12	12	unresolved			1	1	0	2
D0_009809	chr7	36510695	36511349	+	12	12	unresolved			1	0	0	1
D0_009810	chr7	50435847	50438205	-	12	12	unresolved			1	1	0	2
D0_009811	chr7	56176425	56176515	+	12	12	unresolved			1	0	0	1
D0_009812	chr7	56382858	56386027	-	12	11	unresolved			1	0	0	1
D0_009813	chr7	64771912	64772119	-	12	12	unresolved			1	0	0	1
D0_009814	chr7	66044757	66067958	-	12	12	unresolved			1	0	0	1
D0_009815	chr7	66592400	66593127	+	12	12	unresolved			1	1	0	2
D0_009816	chr7	69441445	69441556	+	12	12	unresolved			1	0	0	1
D0_009817	chr7	70988706	71086574	+	12	12	other_v49_added_gene		ENSG00000302239	1	1	0	2
D0_009818	chr7	73578826	73581553	+	12	12	unresolved			1	1	0	2
D0_009819	chr7	76134751	76159709	+	12	11	unresolved			1	0	0	1
D0_009820	chr7	93231237	93231984	-	12	12	unresolved			1	1	0	2
D0_009821	chr7	97562612	97562718	+	12	12	unresolved			1	0	0	1
D0_009822	chr7	98035973	98048516	-	12	12	other_v49_added_gene		ENSG00000309622	1	1	0	2
D0_009823	chr7	98058657	98095395	+	12	12	unresolved			1	1	0	2
D0_009824	chr7	98874975	98877781	-	12	9	unresolved			1	1	0	2
D0_009825	chr7	100048974	100049268	+	12	12	unresolved			1	1	0	2
D0_009826	chr7	100873569	100874957	-	12	11	unresolved			1	1	0	2
D0_009827	chr7	118637685	118639736	-	12	12	unresolved			1	1	0	2
D0_009828	chr7	130138037	130139450	+	12	12	unresolved			1	0	0	1
D0_009829	chr7	132781138	132782132	-	12	10	unresolved			1	0	0	1
D0_009830	chr7	136001376	136002207	+	12	11	preexisting_v49_gene_span			1	0	0	1
D0_009831	chr7	142583963	142584367	+	12	10	unresolved			1	0	0	1
D0_009832	chr7	143753369	143754498	-	12	12	other_v49_added_gene		ENSG00000291149	1	1	0	2
D0_009833	chr7	143758454	143760104	-	12	10	other_v49_added_gene		ENSG00000291149	1	0	0	1
D0_009834	chr7	149233143	149236992	+	12	10	unresolved			1	1	0	2
D0_009835	chr7	150082877	150083963	-	12	11	unresolved			1	0	1	2
D0_009836	chr7	150175368	150175807	+	12	12	unresolved			1	0	0	1
D0_009837	chr7	150579552	150583998	+	12	12	unresolved			1	1	0	2
D0_009838	chr7	150616783	150621593	-	12	9	unresolved			1	0	0	1
D0_009839	chr7	152692094	152700987	-	12	11	unresolved			1	1	0	2
D0_009840	chr7	155283319	155285441	-	12	12	other_v49_added_gene		ENSG00000306334	1	0	0	1
D0_009841	chr7	156942185	156942375	+	12	12	unresolved			1	0	0	1
D0_009842	chr8	8313867	8316220	-	12	10	unresolved			1	1	0	2
D0_009843	chr8	12196968	12197841	+	12	11	preexisting_v49_gene_span			1	0	0	1
D0_009844	chr8	12441718	12441986	+	12	11	preexisting_v49_gene_span			1	0	0	1
D0_009845	chr8	37758467	37760183	+	12	11	unresolved			1	1	0	2
D0_009846	chr8	48102661	48159634	-	12	11	unresolved			1	1	0	2
D0_009847	chr8	56023027	56027311	+	12	11	unresolved			1	0	0	1
D0_009848	chr8	66626480	66627904	-	12	9	unresolved			1	1	0	2
D0_009849	chr8	80529793	80530115	-	12	10	unresolved			1	0	0	1
D0_009850	chr8	81131494	81132871	-	12	9	other_v49_added_gene		ENSG00000295377	1	1	0	2
D0_009851	chr8	81643923	81646436	-	12	11	unresolved			1	0	0	1
D0_009852	chr8	81647572	81649264	-	12	12	unresolved			1	0	0	1
D0_009853	chr8	91460442	91529690	-	12	12	other_v49_added_gene		ENSG00000297323	1	1	0	2
D0_009854	chr8	100891613	100891830	-	12	12	unresolved			1	0	0	1
D0_009855	chr8	109226041	109227840	-	12	10	unresolved			1	1	0	2
D0_009856	chr8	117769453	117771974	-	12	10	unresolved			1	0	0	1
D0_009857	chr8	130019448	130019842	+	12	10	unresolved			1	0	0	1
D0_009858	chr8	131820759	131823219	-	12	9	unresolved			1	0	0	1
D0_009859	chr8	131845841	131846111	+	12	12	unresolved			1	0	0	1
D0_009860	chr8	132675951	132678828	-	12	12	unresolved			1	0	0	1
D0_009861	chr8	133750447	133750727	-	12	11	unresolved			1	0	0	1
D0_009862	chr8	137805436	137805643	-	12	12	unresolved			1	0	0	1
D0_009863	chr8	141090147	141091331	+	12	11	other_v49_added_gene		ENSG00000307178	1	0	0	1
D0_009864	chr8	144120703	144135597	+	12	9	unresolved			1	0	0	1
D0_009865	chr8	144145430	144146613	+	12	12	unresolved			1	1	0	2
D0_009866	chr8	144418726	144421642	+	12	9	unresolved			1	1	0	2
D0_009867	chr8	144824356	144826905	-	12	9	unresolved			1	0	0	1
D0_009868	chr9	184964	188871	-	12	9	preexisting_v49_gene_span			1	0	1	2
D0_009869	chr9	803801	826231	-	12	12	other_v49_added_gene		ENSG00000294371	1	1	0	2
D0_009870	chr9	1018770	1018871	+	12	12	unresolved			1	0	0	1
D0_009871	chr9	6528700	6532417	+	12	10	unresolved			1	0	0	1
D0_009872	chr9	26446555	26446663	+	12	12	unresolved			1	0	0	1
D0_009873	chr9	33424121	33424490	+	12	12	unresolved			1	0	0	1
D0_009874	chr9	34612237	34613051	+	12	9	other_v49_added_gene		ENSG00000308714	1	0	0	1
D0_009875	chr9	37066363	37069711	+	12	9	preexisting_v49_gene_span			0	0	0	0
D0_009876	chr9	40573189	40574383	-	12	11	other_v49_added_gene		ENSG00000289843	1	0	0	1
D0_009877	chr9	40976567	40978028	-	12	11	other_v49_added_gene		ENSG00000290923	1	0	0	1
D0_009878	chr9	40985260	40986455	-	12	11	other_v49_added_gene		ENSG00000290923	1	0	0	1
D0_009879	chr9	62267610	62267713	+	12	12	other_v49_added_gene		ENSG00000293628	1	1	0	2
D0_009880	chr9	63041980	63044183	-	12	11	unresolved			1	0	0	1
D0_009881	chr9	66312143	66313717	+	12	11	other_v49_added_gene		ENSG00000294531	1	0	0	1
D0_009882	chr9	68224086	68226006	+	12	11	preexisting_v49_gene_span			1	0	0	1
D0_009883	chr9	73180213	73182374	+	12	8	unresolved			1	0	0	1
D0_009884	chr9	73834552	73836138	+	12	12	unresolved			1	0	0	1
D0_009885	chr9	75171435	75173987	-	12	12	unresolved			1	1	0	2
D0_009886	chr9	79732543	79735052	+	12	10	unresolved			1	0	0	1
D0_009887	chr9	80546231	80548397	+	12	11	unresolved			1	0	0	1
D0_009888	chr9	80732508	80736140	+	12	10	unresolved			1	0	0	1
D0_009889	chr9	80816456	80819396	+	12	11	other_v49_added_gene		ENSG00000302378	1	0	0	1
D0_009890	chr9	83617217	83618526	-	12	10	unresolved			1	0	0	1
D0_009891	chr9	85870302	85870659	-	12	10	unresolved			1	0	0	1
D0_009892	chr9	88922646	88923679	-	12	11	unresolved			1	0	0	1
D0_009893	chr9	92296731	92297229	-	12	9	unresolved			1	1	0	2
D0_009894	chr9	93090299	93091213	-	12	10	unresolved			1	0	0	1
D0_009895	chr9	93567343	93569411	-	12	12	unresolved			1	0	0	1
D0_009896	chr9	96418429	96419145	-	12	12	other_v49_added_gene		ENSG00000300673	1	0	0	1
D0_009897	chr9	96793973	96795790	+	12	11	unresolved			1	0	0	1
D0_009898	chr9	97013895	97014356	+	12	9	unresolved			1	1	0	2
D0_009899	chr9	104709680	104711215	-	12	10	other_v49_added_gene		ENSG00000297079	1	0	0	1
D0_009900	chr9	107915696	107915799	-	12	12	unresolved			1	0	0	1
D0_009901	chr9	108394002	108394285	+	12	12	unresolved			1	0	0	1
D0_009902	chr9	110861062	110861654	-	12	12	unresolved			1	0	0	1
D0_009903	chr9	114523533	114558707	-	12	10	unresolved			0	1	0	1
D0_009904	chr9	120042312	120042414	+	12	12	unresolved			1	0	0	1
D0_009905	chr9	121072132	121072771	+	12	11	unresolved			1	0	0	1
D0_009906	chr9	121519365	121519658	-	12	12	unresolved			1	1	0	2
D0_009907	chr9	121522394	121534410	-	12	11	other_v49_added_gene		ENSG00000293886	1	1	0	2
D0_009908	chr9	127735614	127737829	+	12	12	other_v49_added_gene		ENSG00000299648	1	0	0	1
D0_009909	chr9	129363288	129365830	+	12	11	other_v49_added_gene		ENSG00000296315	1	0	0	1
D0_009910	chr9	138265446	138267104	+	12	11	other_v49_added_gene		ENSG00000290585	1	0	0	1
D0_009911	chr10	5290140	5290961	-	12	11	other_v49_added_gene		ENSG00000291045	1	0	0	1
D0_009912	chr10	8792675	8794788	-	12	9	unresolved			1	0	0	1
D0_009913	chr10	8853104	8853675	-	12	9	unresolved			1	0	0	1
D0_009914	chr10	8873434	8874324	-	12	6	unresolved			1	0	0	1
D0_009915	chr10	8919173	8921296	-	12	9	unresolved			1	0	0	1
D0_009916	chr10	8975843	8976225	+	12	11	unresolved			1	0	0	1
D0_009917	chr10	11684432	11686813	+	12	12	unresolved			0	0	0	0
D0_009918	chr10	13307537	13309036	+	12	11	unresolved			1	0	0	1
D0_009919	chr10	14511829	14512182	+	12	12	unresolved			1	0	0	1
D0_009920	chr10	14516663	14516945	+	12	10	unresolved			1	0	0	1
D0_009921	chr10	20751777	20751987	-	12	12	unresolved			1	0	0	1
D0_009922	chr10	22155324	22155420	-	12	11	unresolved			1	0	0	1
D0_009923	chr10	23442438	23443021	+	12	12	preexisting_v49_gene_span			0	0	0	0
D0_009924	chr10	31758897	31761696	+	12	12	other_v49_added_gene		ENSG00000309279	1	0	0	1
D0_009925	chr10	32378998	32380189	+	12	10	unresolved			1	0	0	1
D0_009926	chr10	33135807	33136077	-	12	9	other_v49_added_gene		ENSG00000306881	1	0	0	1
D0_009927	chr10	46167143	46172302	+	12	11	unresolved			1	1	0	2
D0_009928	chr10	47654731	47659933	+	12	11	unresolved			1	0	0	1
D0_009929	chr10	47730867	47731218	+	12	10	other_v49_added_gene		ENSG00000303991	1	0	0	1
D0_009930	chr10	48036036	48036417	+	12	12	other_v49_added_gene		ENSG00000308349	1	0	0	1
D0_009931	chr10	68472534	68473402	-	12	11	preexisting_v49_gene_span			1	1	0	2
D0_009932	chr10	72055997	72057255	-	12	12	unresolved			1	0	0	1
D0_009933	chr10	72092203	72094131	-	12	10	unresolved			1	1	0	2
D0_009934	chr10	72991491	72991853	+	12	12	unresolved			1	0	0	1
D0_009935	chr10	73006734	73007023	-	12	11	preexisting_v49_gene_span			1	1	0	2
D0_009936	chr10	75187156	75188080	-	12	12	unresolved			1	0	0	1
D0_009937	chr10	77779807	77779904	-	12	10	unresolved			1	0	0	1
D0_009938	chr10	87485766	87488556	+	12	12	other_v49_added_gene		ENSG00000305816	1	0	0	1
D0_009939	chr10	91917962	91920818	-	12	10	unresolved			1	0	0	1
D0_009940	chr10	95075840	95079502	-	12	8	unresolved			1	0	0	1
D0_009941	chr10	96721325	96722057	+	12	11	unresolved			1	0	0	1
D0_009942	chr10	97676440	97676730	+	12	10	preexisting_v49_gene_span			1	1	0	2
D0_009943	chr10	102094991	102099748	+	12	12	unresolved			1	0	0	1
D0_009944	chr10	104267488	104268164	+	12	11	unresolved			1	1	0	2
D0_009945	chr10	109015677	109015775	+	12	12	other_v49_added_gene		ENSG00000303158	0	0	0	0
D0_009946	chr10	109383961	109384070	-	12	11	unresolved			1	0	0	1
D0_009947	chr10	112849990	112850317	+	12	11	other_v49_added_gene		ENSG00000301691	1	1	0	2
D0_009948	chr10	119495060	119497202	-	12	11	unresolved			1	1	0	2
D0_009949	chr10	121729236	121729894	-	12	12	preexisting_v49_gene_span			1	0	0	1
D0_009950	chr10	123975802	123979769	-	12	11	other_v49_added_gene		ENSG00000307961	1	0	0	1
D0_009951	chr10	124868684	124900028	+	12	12	other_v49_added_gene		ENSG00000294142	1	1	0	2
D0_009952	chr10	129775271	129777231	+	12	9	unresolved			1	1	0	2
D0_009953	chr11	276854	277387	+	12	10	unresolved			1	0	0	1
D0_009954	chr11	492061	493734	-	12	12	unresolved			1	0	0	1
D0_009955	chr11	1521465	1522414	+	12	10	other_v49_added_gene		ENSG00000298216	1	0	0	1
D0_009956	chr11	1892404	1893967	+	12	11	other_v49_added_gene		ENSG00000304754	1	0	0	1
D0_009957	chr11	6675675	6676993	-	12	10	unresolved			1	1	0	2
D0_009958	chr11	19085427	19085555	-	12	12	unresolved			1	0	0	1
D0_009959	chr11	30343470	30343907	-	12	11	unresolved			1	0	0	1
D0_009960	chr11	32469045	32570102	+	12	12	preexisting_v49_gene_span			1	1	0	2
D0_009961	chr11	35077922	35078995	+	12	11	other_v49_added_gene		ENSG00000297460	1	0	0	1
D0_009962	chr11	36468317	36471068	+	12	12	unresolved			1	1	0	2
D0_009963	chr11	58626480	58626897	+	12	12	unresolved			1	1	0	2
D0_009964	chr11	61075210	61079443	+	12	11	other_v49_added_gene		ENSG00000303449	1	1	1	3
D0_009965	chr11	61373600	61376650	-	12	12	unresolved			1	0	0	1
D0_009966	chr11	62893872	62895034	+	12	9	other_v49_added_gene		ENSG00000310115	1	0	0	1
D0_009967	chr11	63835686	63836489	-	12	10	unresolved			1	0	0	1
D0_009968	chr11	64166579	64170678	+	12	12	other_v49_added_gene		ENSG00000298107	1	1	0	2
D0_009969	chr11	65452485	65454901	-	12	12	unresolved			1	0	0	1
D0_009970	chr11	67114376	67119196	-	12	10	unresolved			1	0	0	1
D0_009971	chr11	67917737	67918512	-	12	11	other_v49_added_gene		ENSG00000290995,ENSG00000299463	1	0	0	1
D0_009972	chr11	71672676	71672927	-	12	12	unresolved			1	0	0	1
D0_009973	chr11	73779850	73780702	+	12	11	other_v49_added_gene		ENSG00000293710	1	0	0	1
D0_009974	chr11	74011606	74012691	-	12	11	unresolved			1	0	0	1
D0_009975	chr11	74985079	74987816	+	12	11	preexisting_v49_gene_span			1	1	0	2
D0_009976	chr11	77321548	77321704	-	12	12	preexisting_v49_gene_span			1	0	0	1
D0_009977	chr11	85656576	85659075	+	12	12	unresolved			1	1	0	2
D0_009978	chr11	86296972	86297282	-	12	10	unresolved			1	0	0	1
D0_009979	chr11	88337827	88338245	-	12	11	preexisting_v49_gene_span			1	1	0	2
D0_009980	chr11	94341252	94341375	+	12	12	unresolved			1	0	0	1
D0_009981	chr11	102339565	102340679	+	12	10	unresolved			1	0	0	1
D0_009982	chr11	118801258	118805241	-	12	12	unresolved			1	0	0	1
D0_009983	chr11	125795579	125796501	-	12	10	other_v49_added_gene		ENSG00000297941	1	1	0	2
D0_009984	chr12	3765134	3771433	+	12	12	unresolved			1	0	0	1
D0_009985	chr12	3916344	3918111	+	12	10	preexisting_v49_gene_span			1	0	0	1
D0_009986	chr12	8522368	8523365	+	12	11	unresolved			1	1	0	2
D0_009987	chr12	9038737	9039196	-	12	11	unresolved			1	0	0	1
D0_009988	chr12	9143656	9144830	-	12	12	unresolved			1	0	0	1
D0_009989	chr12	9316493	9317418	-	12	10	unresolved			1	0	0	1
D0_009990	chr12	10361598	10361928	-	12	11	unresolved			1	1	0	2
D0_009991	chr12	10410260	10412196	-	12	10	unresolved			1	1	0	2
D0_009992	chr12	10584074	10584423	-	12	9	unresolved			1	0	0	1
D0_009993	chr12	11194943	11195290	+	12	11	unresolved			1	0	0	1
D0_009994	chr12	43568527	43568633	-	12	11	unresolved			1	0	0	1
D0_009995	chr12	45992981	45995267	+	12	11	other_v49_added_gene		ENSG00000289046	1	1	0	2
D0_009996	chr12	46274144	46276412	+	12	12	other_v49_added_gene		ENSG00000304381	1	1	0	2
D0_009997	chr12	48284265	48284618	+	12	11	other_v49_added_gene		ENSG00000293682	1	1	0	2
D0_009998	chr12	50083710	50085197	-	12	12	unresolved			1	1	0	2
D0_009999	chr12	50172621	50174989	-	12	12	unresolved			1	0	0	1
D0_010000	chr12	52016129	52017868	+	12	12	unresolved			1	1	0	2
D0_010001	chr12	53325059	53326526	+	12	10	unresolved			1	1	0	2
D0_010002	chr12	67691237	67692216	+	12	11	unresolved			1	1	0	2
D0_010003	chr12	92579985	92651501	-	12	11	other_v49_added_gene		ENSG00000308842	1	1	0	2
D0_010004	chr12	94712536	94712639	-	12	12	unresolved			1	0	0	1
D0_010005	chr12	95018878	95019647	-	12	11	unresolved			1	0	0	1
D0_010006	chr12	98460865	98463633	+	12	12	unresolved			1	0	0	1
D0_010007	chr12	100025716	100026151	-	12	10	unresolved			1	0	0	1
D0_010008	chr12	104109638	104111571	+	12	10	unresolved			1	1	0	2
D0_010009	chr12	108733677	108735235	-	12	11	unresolved			1	0	0	1
D0_010010	chr12	110598856	110607762	+	12	11	unresolved			1	0	0	1
D0_010011	chr12	111628256	111631195	+	12	9	preexisting_v49_gene_span			1	0	0	1
D0_010012	chr12	115938551	115939896	-	12	11	unresolved			1	1	0	2
D0_010013	chr12	116455905	116457274	+	12	10	other_v49_added_gene		ENSG00000296503,ENSG00000296587	1	0	0	1
D0_010014	chr12	118427300	118427606	-	12	9	unresolved			1	0	0	1
D0_010015	chr12	118953733	118953830	-	12	12	unresolved			1	0	0	1
D0_010016	chr12	130942789	130942882	-	12	12	unresolved			1	0	0	1
D0_010017	chr13	19783255	19786889	+	12	12	unresolved			1	0	0	1
D0_010018	chr13	19811955	19815804	+	12	10	unresolved			1	0	0	1
D0_010019	chr13	20110018	20136025	-	12	10	other_v49_added_gene		ENSG00000309684,ENSG00000303261	1	1	0	2
D0_010020	chr13	25232630	25236394	-	12	10	preexisting_v49_gene_span			1	0	0	1
D0_010021	chr13	28124388	28127721	+	12	12	unresolved			1	1	0	2
D0_010022	chr13	30329092	30330973	-	12	11	preexisting_v49_gene_span			1	0	0	1
D0_010023	chr13	31803438	31805943	-	12	10	other_v49_added_gene		ENSG00000289381	1	0	0	1
D0_010024	chr13	42332048	42332324	-	12	11	unresolved			1	0	0	1
D0_010025	chr13	42878124	42880791	-	12	10	unresolved			1	0	0	1
D0_010026	chr13	47374547	47374655	-	12	12	other_v49_added_gene		ENSG00000297874	1	0	0	1
D0_010027	chr13	48173717	48175530	-	12	10	other_v49_added_gene		ENSG00000309815	1	0	0	1
D0_010028	chr13	52647506	52651204	-	12	11	unresolved			1	1	0	2
D0_010029	chr13	54740981	54741090	-	12	12	unresolved			1	0	0	1
D0_010030	chr13	60190357	60212477	-	12	12	preexisting_v49_gene_span			0	0	1	1
D0_010031	chr13	74033207	74035236	+	12	11	unresolved			1	0	0	1
D0_010032	chr13	86950840	87147631	-	12	12	unresolved			1	1	0	2
D0_010033	chr13	96923029	96923128	+	12	12	other_v49_added_gene		ENSG00000309124	1	0	0	1
D0_010034	chr13	98135534	98135788	-	12	11	other_v49_added_gene		ENSG00000293659	1	0	0	1
D0_010035	chr13	99086689	99087568	-	12	10	unresolved			1	0	0	1
D0_010036	chr13	108309574	108311007	+	12	12	unresolved			1	0	0	1
D0_010037	chr14	21456550	21458486	+	12	11	other_v49_added_gene		ENSG00000305385	1	0	0	1
D0_010038	chr14	22534628	22534985	-	12	12	unresolved			1	0	0	1
D0_010039	chr14	28082044	28082126	-	12	12	other_v49_added_gene		ENSG00000304121	1	0	0	1
D0_010040	chr14	32164188	32164554	-	12	11	unresolved			1	0	0	1
D0_010041	chr14	49766210	49767746	+	12	12	preexisting_v49_gene_span			1	1	0	2
D0_010042	chr14	54829599	54833234	-	12	10	unresolved			1	1	0	2
D0_010043	chr14	65401493	65402535	+	12	9	unresolved			1	0	0	1
D0_010044	chr14	68857567	68859921	-	12	9	unresolved			1	1	0	2
D0_010045	chr14	73126390	73127317	-	12	9	unresolved			1	0	0	1
D0_010046	chr14	87026204	87026308	+	12	11	unresolved			1	0	0	1
D0_010047	chr14	92173489	92173840	-	12	9	unresolved			1	0	0	1
D0_010048	chr14	94917801	94918236	-	12	12	unresolved			1	0	0	1
D0_010049	chr14	95698150	95698956	+	12	12	unresolved			1	1	0	2
D0_010050	chr14	95822798	95825794	+	12	6	unresolved			1	0	0	1
D0_010051	chr14	97715015	97715349	+	12	9	other_v49_added_gene		ENSG00000301019	1	0	0	1
D0_010052	chr14	99089981	99090369	+	12	11	unresolved			1	0	0	1
D0_010053	chr14	101759752	101761314	-	12	11	other_v49_added_gene		ENSG00000289049	1	0	0	1
D0_010054	chr14	102741267	102742919	-	12	11	unresolved			1	0	0	1
D0_010055	chr14	102912963	102916671	-	12	12	unresolved			1	0	0	1
D0_010056	chr14	103547992	103548223	-	12	9	unresolved			1	0	0	1
D0_010057	chr14	105026054	105029944	+	12	12	unresolved			1	0	0	1
D0_010058	chr14	106398133	106398848	-	12	12	unresolved			1	0	0	1
D0_010059	chr15	22595041	22596368	-	12	12	other_v49_added_gene		ENSG00000291261	1	0	0	1
D0_010060	chr15	30420637	30422402	-	12	12	other_v49_added_gene		ENSG00000289397	1	0	0	1
D0_010061	chr15	31198729	31199956	-	12	11	unresolved			0	0	0	0
D0_010062	chr15	34369096	34370166	-	12	10	unresolved			1	0	0	1
D0_010063	chr15	40123641	40123737	-	12	12	unresolved			1	0	0	1
D0_010064	chr15	40394367	40397367	+	12	10	unresolved			1	1	0	2
D0_010065	chr15	60410200	60411342	-	12	12	unresolved			1	1	0	2
D0_010066	chr15	64147692	64149401	+	12	11	unresolved			1	0	0	1
D0_010067	chr15	64455559	64459703	+	12	12	unresolved			1	1	0	2
D0_010068	chr15	68755168	68755615	+	12	10	other_v49_added_gene		ENSG00000289998	1	0	0	1
D0_010069	chr15	74727440	74739356	+	12	12	unresolved			1	0	0	1
D0_010070	chr15	75123447	75126046	-	12	11	unresolved			1	0	0	1
D0_010071	chr15	79955352	79957443	-	12	10	other_v49_added_gene		ENSG00000293712	1	1	0	2
D0_010072	chr15	80015965	80017059	-	12	10	unresolved			1	0	0	1
D0_010073	chr15	80057045	80058978	-	12	11	other_v49_added_gene		ENSG00000296079	1	1	0	2
D0_010074	chr15	82106522	82108361	-	12	12	unresolved			1	0	0	1
D0_010075	chr15	82743502	82744007	-	12	11	other_v49_added_gene		ENSG00000293222	1	0	0	1
D0_010076	chr15	85372479	85372575	-	12	12	other_v49_added_gene		ENSG00000291212	0	0	0	0
D0_010077	chr15	88546788	88548292	+	12	10	other_v49_added_gene		ENSG00000305611	1	1	0	2
D0_010078	chr15	92810010	92810307	-	12	10	unresolved			1	0	0	1
D0_010079	chr16	183496	185479	-	12	9	unresolved			1	0	0	1
D0_010080	chr16	365495	366241	-	12	10	preexisting_v49_gene_span			1	1	0	2
D0_010081	chr16	712073	714846	-	12	12	unresolved			1	1	0	2
D0_010082	chr16	1702488	1705512	+	12	9	preexisting_v49_gene_span			1	1	0	2
D0_010083	chr16	2218656	2220713	-	12	8	unresolved			1	1	0	2
D0_010084	chr16	2903688	2905126	-	12	10	other_v49_added_gene		ENSG00000289222	1	1	0	2
D0_010085	chr16	9147206	9149372	+	12	10	unresolved			1	0	0	1
D0_010086	chr16	10229451	10271220	+	12	11	unresolved			1	1	0	2
D0_010087	chr16	11189375	11194476	+	12	11	unresolved			1	1	0	2
D0_010088	chr16	11800956	11801285	+	12	11	unresolved			1	1	0	2
D0_010089	chr16	27366569	27368126	-	12	10	unresolved			1	0	0	1
D0_010090	chr16	27456614	27458484	+	12	11	unresolved			1	0	0	1
D0_010091	chr16	28074079	28079273	+	12	9	unresolved			1	0	0	1
D0_010092	chr16	28326111	28327949	+	12	11	unresolved			1	0	0	1
D0_010093	chr16	28746673	28747006	-	12	10	unresolved			1	0	0	1
D0_010094	chr16	29374209	29375778	-	12	11	unresolved			1	0	0	1
D0_010095	chr16	30123641	30124053	+	12	6	unresolved			1	0	0	1
D0_010096	chr16	30648987	30650229	-	12	10	unresolved			1	0	0	1
D0_010097	chr16	31332907	31334292	+	12	12	unresolved			1	0	0	1
D0_010098	chr16	31352351	31354854	+	12	11	other_v49_added_gene		ENSG00000301315	1	0	0	1
D0_010099	chr16	46942008	46947935	-	12	12	unresolved			1	1	0	2
D0_010100	chr16	56930341	56931932	-	12	12	other_v49_added_gene		ENSG00000307937	1	0	0	1
D0_010101	chr16	58630154	58631435	+	12	10	unresolved			1	0	0	1
D0_010102	chr16	64626231	64626392	-	12	12	unresolved			1	0	0	1
D0_010103	chr16	65658071	65658166	-	12	11	unresolved			1	0	0	1
D0_010104	chr16	69103526	69105361	-	12	10	unresolved			1	0	0	1
D0_010105	chr16	81978486	81978611	+	12	12	unresolved			1	0	0	1
D0_010106	chr16	84558782	84560875	-	12	12	preexisting_v49_gene_span			1	0	0	1
D0_010107	chr16	89258161	89259499	-	12	11	unresolved			1	1	0	2
D0_010108	chr17	60939	61159	-	12	12	unresolved			1	0	0	1
D0_010109	chr17	205696	206429	-	12	10	unresolved			1	1	0	2
D0_010110	chr17	2512020	2513532	+	12	10	other_v49_added_gene		ENSG00000299795	1	0	0	1
D0_010111	chr17	2685730	2686478	-	12	11	unresolved			1	0	0	1
D0_010112	chr17	3275833	3275947	+	12	12	unresolved			1	1	0	2
D0_010113	chr17	3859417	3859555	+	12	2	unresolved			0	0	0	0
D0_010114	chr17	7148232	7151251	-	12	11	unresolved			1	0	0	1
D0_010115	chr17	7149875	7154028	+	12	11	other_v49_added_gene		ENSG00000289977	1	0	0	1
D0_010116	chr17	8214808	8220378	+	12	10	unresolved			1	1	0	2
D0_010117	chr17	19089229	19092539	-	12	10	preexisting_v49_gene_span			1	0	0	1
D0_010118	chr17	19163842	19164161	+	12	12	unresolved			1	0	0	1
D0_010119	chr17	27316407	27318221	+	12	11	unresolved			1	1	0	2
D0_010120	chr17	37514042	37514419	+	12	10	unresolved			1	0	0	1
D0_010121	chr17	38323660	38324477	+	12	9	unresolved			1	1	0	2
D0_010122	chr17	39205653	39206919	-	12	12	other_v49_added_gene		ENSG00000299210	1	0	0	1
D0_010123	chr17	40358115	40358420	+	12	10	unresolved			1	0	0	1
D0_010124	chr17	40602107	40604014	+	12	8	unresolved			1	0	0	1
D0_010125	chr17	44239351	44240557	+	12	11	unresolved			1	1	0	2
D0_010126	chr17	46225545	46227337	+	12	11	unresolved			1	0	0	1
D0_010127	chr17	49851157	49852484	+	12	11	other_v49_added_gene		ENSG00000305717	1	0	0	1
D0_010128	chr17	50855186	50859458	-	12	7	other_v49_added_gene		ENSG00000309771	1	0	0	1
D0_010129	chr17	51121166	51121826	-	12	9	other_v49_added_gene		ENSG00000308127	1	1	0	2
D0_010130	chr17	51133937	51136944	+	12	12	unresolved			1	0	0	1
D0_010131	chr17	58518465	58519490	+	12	12	preexisting_v49_gene_span			1	1	0	2
D0_010132	chr17	64848491	64850668	-	12	12	unresolved			1	0	0	1
D0_010133	chr17	67794855	67811607	+	12	12	other_v49_added_gene		ENSG00000306706	1	0	0	1
D0_010134	chr17	68177324	68177686	-	12	11	unresolved			1	1	0	2
D0_010135	chr17	74517945	74520503	+	12	11	unresolved			1	0	0	1
D0_010136	chr17	78784997	78785957	-	12	10	unresolved			1	1	0	2
D0_010137	chr17	82223126	82224404	-	12	11	unresolved			1	0	0	1
D0_010138	chr18	270950	272299	+	12	11	preexisting_v49_gene_span			1	0	0	1
D0_010139	chr18	2535723	2536089	+	12	12	unresolved			1	0	0	1
D0_010140	chr18	8673886	8674766	+	12	6	unresolved			1	0	0	1
D0_010141	chr18	9406143	9421078	+	12	10	other_v49_added_gene		ENSG00000298966	1	1	0	2
D0_010142	chr18	21525964	21526290	+	12	11	preexisting_v49_gene_span			1	0	0	1
D0_010143	chr18	57819244	57828578	+	12	11	other_v49_added_gene		ENSG00000303117	1	1	0	2
D0_010144	chr18	62517330	62518433	-	12	11	unresolved			1	1	0	2
D0_010145	chr18	62653078	62703848	-	12	11	unresolved			1	1	0	2
D0_010146	chr18	63422538	63424385	+	12	9	other_v49_added_gene		ENSG00000307035	1	0	0	1
D0_010147	chr18	70814481	70817081	+	12	10	unresolved			1	1	0	2
D0_010148	chr18	78655574	78655812	+	12	11	unresolved			0	0	0	0
D0_010149	chr19	1872320	1874679	-	12	11	preexisting_v49_gene_span			1	1	0	2
D0_010150	chr19	2783604	2784890	+	12	9	unresolved			1	0	0	1
D0_010151	chr19	4731274	4735978	+	12	7	unresolved			1	0	0	1
D0_010152	chr19	6875283	6878591	+	12	12	unresolved			1	0	0	1
D0_010153	chr19	8192983	8194673	-	12	9	unresolved			1	1	0	2
D0_010154	chr19	8699305	8710949	+	12	11	unresolved			1	1	0	2
D0_010155	chr19	10235638	10237353	-	12	12	unresolved			1	0	0	1
D0_010156	chr19	10347037	10347729	+	12	11	unresolved			1	0	0	1
D0_010157	chr19	10384977	10386192	-	12	8	unresolved			1	0	0	1
D0_010158	chr19	13858920	13861284	+	12	11	unresolved			1	0	0	1
D0_010159	chr19	14942965	14943639	-	12	10	unresolved			1	0	0	1
D0_010160	chr19	15208561	15220372	-	12	9	unresolved			1	0	0	1
D0_010161	chr19	15233778	15235481	-	12	10	unresolved			1	1	0	2
D0_010162	chr19	17903539	17912964	-	12	12	unresolved			1	0	0	1
D0_010163	chr19	20826128	20828499	+	12	8	unresolved			1	0	0	1
D0_010164	chr19	20833087	20833842	+	12	11	unresolved			1	0	0	1
D0_010165	chr19	23220573	23220837	+	12	11	unresolved			1	0	0	1
D0_010166	chr19	23731324	23734596	-	12	9	unresolved			1	0	0	1
D0_010167	chr19	33372260	33372763	+	12	10	unresolved			1	0	0	1
D0_010168	chr19	34241246	34242226	+	12	11	unresolved			1	0	0	1
D0_010169	chr19	39235424	39235789	-	12	11	unresolved			1	1	0	2
D0_010170	chr19	39821057	39821735	-	12	10	other_v49_added_gene		ENSG00000295466	1	1	0	2
D0_010171	chr19	39938993	39941181	-	12	10	unresolved			1	0	0	1
D0_010172	chr19	40215673	40216019	-	12	10	unresolved			1	0	0	1
D0_010173	chr19	40419875	40420668	+	12	11	unresolved			1	0	0	1
D0_010174	chr19	40436573	40440780	+	12	9	unresolved			1	0	0	1
D0_010175	chr19	41537234	41540894	+	12	11	preexisting_v49_gene_span			1	1	0	2
D0_010176	chr19	41830959	41832236	+	12	12	unresolved			1	1	0	2
D0_010177	chr19	41859502	41859987	-	12	8	other_v49_added_gene		ENSG00000306611	1	0	0	1
D0_010178	chr19	42082113	42083083	+	12	11	unresolved			1	1	0	2
D0_010179	chr19	42396151	42396728	-	12	11	unresolved			1	0	0	1
D0_010180	chr19	44315469	44317066	-	12	5	unresolved			0	1	0	1
D0_010181	chr19	45502870	45504481	+	12	11	preexisting_v49_gene_span			1	1	0	2
D0_010182	chr19	47322299	47323703	-	12	9	unresolved			1	1	0	2
D0_010183	chr19	49717918	49719267	+	12	10	other_v49_added_gene		ENSG00000295494	1	1	0	2
D0_010184	chr19	52243130	52246135	+	12	11	other_v49_added_gene		ENSG00000302940	1	0	0	1
D0_010185	chr19	53227260	53227367	+	12	12	other_v49_added_gene		ENSG00000291131	1	1	0	2
D0_010186	chr19	53847999	53849902	-	12	10	preexisting_v49_gene_span			1	0	0	1
D0_010187	chr19	57627827	57628215	-	12	12	unresolved			1	0	0	1
D0_010188	chr19	57938480	57940204	+	12	10	unresolved			1	0	0	1
D0_010189	chr19	58381410	58386059	+	12	12	preexisting_v49_gene_span			1	1	0	2
D0_010190	chr19	58427197	58428184	-	12	12	unresolved			1	1	0	2
D0_010191	chr20	1435304	1436393	-	12	11	unresolved			1	1	0	2
D0_010192	chr20	2095770	2096765	-	12	12	unresolved			1	0	0	1
D0_010193	chr20	4823694	4824584	+	12	11	unresolved			1	1	0	2
D0_010194	chr20	5054306	5057178	+	12	12	unresolved			1	0	0	1
D0_010195	chr20	12019454	12019550	+	12	12	unresolved			0	0	0	0
D0_010196	chr20	12476482	12476661	-	12	11	unresolved			1	1	0	2
D0_010197	chr20	23086441	23088014	+	12	10	other_v49_added_gene		ENSG00000303426	1	0	0	1
D0_010198	chr20	30375072	30376921	-	12	11	unresolved			1	1	0	2
D0_010199	chr20	31586885	31587204	-	12	10	unresolved			1	0	0	1
D0_010200	chr20	32342965	32344630	-	12	12	unresolved			1	1	0	2
D0_010201	chr20	36280899	36281062	+	12	12	other_v49_added_gene		ENSG00000298755	1	0	0	1
D0_010202	chr20	36986824	36987229	+	12	11	unresolved			1	0	0	1
D0_010203	chr20	43655442	43657375	-	12	10	other_v49_added_gene		ENSG00000300296	1	1	0	2
D0_010204	chr20	45885630	45886143	+	12	10	unresolved			1	0	0	1
D0_010205	chr20	50154525	50154996	+	12	12	unresolved			1	0	0	1
D0_010206	chr20	50694167	50706871	+	12	11	unresolved			1	1	0	2
D0_010207	chr20	56679558	56679755	-	12	12	other_v49_added_gene		ENSG00000307191	1	0	0	1
D0_010208	chr21	6544965	6545278	-	12	4	unresolved			1	0	0	1
D0_010209	chr21	13889926	13893465	-	12	10	other_v49_added_gene		ENSG00000290541	1	0	0	1
D0_010210	chr21	28751657	28755097	-	12	11	preexisting_v49_gene_span			1	0	0	1
D0_010211	chr21	28812306	28813438	-	12	12	preexisting_v49_gene_span			1	0	0	1
D0_010212	chr21	28813764	28815251	+	12	10	unresolved			1	0	0	1
D0_010213	chr21	28838518	28838892	+	12	12	unresolved			1	0	0	1
D0_010214	chr21	32551750	32552111	+	12	11	unresolved			1	0	0	1
D0_010215	chr21	33204639	33207025	-	12	11	other_v49_added_gene		ENSG00000300126	1	1	0	2
D0_010216	chr21	39532505	39533395	-	12	12	preexisting_v49_gene_span			1	0	0	1
D0_010217	chr21	42915725	42916380	-	12	11	unresolved			1	0	0	1
D0_010218	chr21	44264924	44271387	-	12	12	unresolved			1	1	0	2
D0_010219	chr22	10775586	10775700	+	12	12	unresolved			1	0	0	1
D0_010220	chr22	20079158	20079926	-	12	12	unresolved			1	1	0	2
D0_010221	chr22	20151281	20153705	-	12	12	other_v49_added_gene		ENSG00000299199	1	1	0	2
D0_010222	chr22	20593846	20595553	+	12	10	unresolved			1	0	0	1
D0_010223	chr22	21269423	21270111	+	12	12	unresolved			1	0	0	1
D0_010224	chr22	21455996	21457629	+	12	11	unresolved			1	0	0	1
D0_010225	chr22	21873640	21876408	-	12	12	unresolved			1	0	0	1
D0_010226	chr22	21881868	21883213	-	12	9	unresolved			1	1	0	2
D0_010227	chr22	27826590	27826908	+	12	12	unresolved			1	0	0	1
D0_010228	chr22	27847563	27847864	-	12	9	unresolved			1	0	0	1
D0_010229	chr22	32499068	32501593	-	12	10	unresolved			0	1	0	1
D0_010230	chr22	35352004	35352310	-	12	10	unresolved			1	0	0	1
D0_010231	chr22	39035388	39037845	+	12	12	unresolved			1	0	0	1
D0_010232	chr22	39309655	39310330	-	12	9	other_v49_added_gene		ENSG00000295778	1	0	0	1
D0_010233	chr22	39976777	39979701	-	12	12	unresolved			1	0	0	1
D0_010234	chr22	41459064	41459667	-	12	12	unresolved			1	1	0	2
D0_010235	chr22	41930033	41931521	+	12	12	unresolved			1	0	0	1
D0_010236	chr22	42616042	42617336	-	12	11	other_v49_added_gene		ENSG00000289517	1	1	0	2
D0_010237	chr22	43130432	43130863	-	12	10	unresolved			1	1	0	2
D0_010238	chr22	45013892	45014000	+	12	12	unresolved			0	0	0	0
D0_010239	chr22	47183099	47184496	-	12	12	unresolved			1	0	0	1
D0_010240	chrX	13085998	13086323	+	12	12	other_v49_added_gene		ENSG00000289596	1	0	0	1
D0_010241	chrX	19521176	19524639	-	12	9	unresolved			1	0	0	1
D0_010242	chrX	28483683	28484709	+	12	12	unresolved			1	0	0	1
D0_010243	chrX	30620890	30622896	+	12	11	unresolved			1	0	0	1
D0_010244	chrX	39781560	39782410	-	12	10	preexisting_v49_gene_span			1	0	0	1
D0_010245	chrX	39794613	39796408	+	12	10	other_v49_added_gene		ENSG00000297686	1	0	0	1
D0_010246	chrX	41476429	41489889	+	12	12	unresolved			1	1	0	2
D0_010247	chrX	45839602	45842660	-	12	11	preexisting_v49_gene_span			1	0	0	1
D0_010248	chrX	48672987	48673104	+	12	12	unresolved			1	0	0	1
D0_010249	chrX	48798219	48801229	-	12	12	preexisting_v49_gene_span			1	1	0	2
D0_010250	chrX	49631823	49631977	-	12	12	unresolved			1	1	0	2
D0_010251	chrX	53360473	53361280	+	12	12	unresolved			1	0	0	1
D0_010252	chrX	53934252	53934641	-	12	12	unresolved			1	1	0	2
D0_010253	chrX	54603504	54605472	+	12	10	preexisting_v49_gene_span			1	1	0	2
D0_010254	chrX	56445100	56448135	-	12	12	unresolved			1	0	0	1
D0_010255	chrX	56469223	56470390	-	12	9	unresolved			1	0	0	1
D0_010256	chrX	57243898	57245721	+	12	11	unresolved			1	0	0	1
D0_010257	chrX	65750305	65752248	+	12	11	unresolved			1	0	0	1
D0_010258	chrX	70132930	70133284	-	12	10	unresolved			1	1	0	2
D0_010259	chrX	71077184	71087386	+	12	11	unresolved			1	0	0	1
D0_010260	chrX	71176253	71177438	-	12	12	preexisting_v49_gene_span			1	1	0	2
D0_010261	chrX	75330609	75330880	-	12	10	unresolved			1	0	0	1
D0_010262	chrX	76144230	76146772	-	12	9	other_v49_added_gene		ENSG00000309870	1	0	0	1
D0_010263	chrX	78270041	78270786	-	12	11	unresolved			1	1	0	2
D0_010264	chrX	79404965	79405892	+	12	11	unresolved			1	0	0	1
D0_010265	chrX	80668603	80669331	-	12	10	unresolved			1	1	0	2
D0_010266	chrX	91668446	91668689	+	12	9	unresolved			1	0	0	1
D0_010267	chrX	100936166	100937142	+	12	11	unresolved			1	0	0	1
D0_010268	chrX	100997751	100998472	+	12	9	unresolved			1	0	0	1
D0_010269	chrX	101096519	101097187	-	12	10	unresolved			1	0	0	1
D0_010270	chrX	109932267	109932444	-	12	12	unresolved			1	0	0	1
D0_010271	chrX	112873868	112873991	-	12	12	other_v49_added_gene		ENSG00000296408	1	0	0	1
D0_010272	chrX	118703670	118707609	-	12	11	unresolved			1	0	0	1
D0_010273	chrX	118715340	118716592	-	12	5	other_v49_added_gene		ENSG00000303890	1	1	0	2
D0_010274	chrX	119768242	119769486	-	12	9	unresolved			1	0	0	1
D0_010275	chrX	120497772	120498078	-	12	9	unresolved			1	0	0	1
D0_010276	chrX	120621233	120625207	+	12	12	unresolved			1	0	0	1
D0_010277	chrX	123841507	123852463	+	12	12	unresolved			1	1	0	2
D0_010278	chrX	129442529	129442665	+	12	12	unresolved			1	0	0	1
D0_010279	chrX	129844818	129845100	+	12	12	unresolved			1	0	0	1
D0_010280	chrX	130621712	130622773	-	12	12	preexisting_v49_gene_span			1	1	0	2
D0_010281	chrX	136638832	136639190	+	12	8	unresolved			1	0	0	1
D0_010282	chrX	136810954	136813586	-	12	8	other_v49_added_gene		ENSG00000299000	1	1	0	2
D0_010283	chrX	155737232	155738297	+	12	10	preexisting_v49_gene_span			1	0	0	1
D0_010284	chrY	1454760	1455233	-	12	12	unresolved			1	0	0	1
D0_010285	chrY	2659102	2662303	-	12	12	unresolved			1	0	0	1
D0_010286	chrY	2776015	2781686	+	12	8	other_v49_added_gene		ENSG00000290840	1	0	0	1
D0_010287	chrY	4895130	4895333	+	12	11	unresolved			1	0	0	1
D0_010288	chrY	17013632	17013776	+	12	12	unresolved			1	0	0	1
D0_010289	chrY	21092267	21094088	+	12	9	unresolved			1	0	0	1
D0_010290	chrY	21262388	21263908	-	12	9	unresolved			1	0	0	1
D0_010291	GL000008.2	202749	204300	+	12	11	unresolved			1	0	0	1
D0_010292	GL000194.1	94909	95496	+	12	10	unresolved			1	0	0	1
D0_010293	KI270719.1	53105	53280	-	12	12	unresolved			1	0	0	1
D0_010294	KI270733.1	117357	118035	+	12	12	unresolved			1	0	0	1
D0_010295	KI270742.1	49821	51831	+	12	9	unresolved			1	0	0	1
D0_010296	chr1	533141	533400	+	11	11	unresolved			1	0	0	1
D0_010297	chr1	12144243	12144726	+	11	9	unresolved			1	0	0	1
D0_010298	chr1	12528584	12529004	+	11	11	preexisting_v49_gene_span			1	1	0	2
D0_010299	chr1	13831691	13876998	-	11	11	unresolved			1	1	0	2
D0_010300	chr1	17497947	17529968	-	11	11	unresolved			1	0	0	1
D0_010301	chr1	23269520	23276202	-	11	10	unresolved			1	1	0	2
D0_010302	chr1	23697799	23698884	+	11	9	unresolved			1	1	0	2
D0_010303	chr1	24679511	24679838	-	11	10	other_v49_added_gene		ENSG00000307307	1	0	0	1
D0_010304	chr1	24875810	24877334	-	11	9	unresolved			1	0	0	1
D0_010305	chr1	25597036	25600573	+	11	10	unresolved			1	1	0	2
D0_010306	chr1	26172454	26173358	+	11	11	unresolved			1	1	0	2
D0_010307	chr1	26808296	26811307	+	11	10	unresolved			1	0	0	1
D0_010308	chr1	28088810	28090029	+	11	10	unresolved			1	0	0	1
D0_010309	chr1	28784611	28808627	+	11	11	other_v49_added_gene		ENSG00000305996	1	1	0	2
D0_010310	chr1	31989028	32004700	-	11	10	unresolved			1	1	0	2
D0_010311	chr1	32286609	32289223	+	11	11	unresolved			1	0	0	1
D0_010312	chr1	32394965	32396847	+	11	10	unresolved			1	0	0	1
D0_010313	chr1	34957575	34958175	+	11	11	unresolved			1	0	0	1
D0_010314	chr1	35266071	35266148	+	11	11	unresolved			1	0	0	1
D0_010315	chr1	37491430	37492520	-	11	9	preexisting_v49_gene_span			1	1	0	2
D0_010316	chr1	37994603	37995682	+	11	8	unresolved			1	1	0	2
D0_010317	chr1	39051433	39051778	-	11	11	unresolved			1	0	0	1
D0_010318	chr1	39614879	39615860	-	11	11	unresolved			1	0	0	1
D0_010319	chr1	42709881	42710344	+	11	10	unresolved			1	0	0	1
D0_010320	chr1	52577966	52578356	+	11	9	preexisting_v49_gene_span			1	0	0	1
D0_010321	chr1	53366194	53366490	-	11	9	unresolved			1	0	0	1
D0_010322	chr1	53846807	53849844	-	11	10	preexisting_v49_gene_span			1	0	0	1
D0_010323	chr1	61665458	61665839	-	11	11	unresolved			1	0	0	1
D0_010324	chr1	62216660	62218621	-	11	8	unresolved			1	0	0	1
D0_010325	chr1	65719644	65720664	+	11	5	preexisting_v49_gene_span			1	0	0	1
D0_010326	chr1	67402887	67404727	-	11	10	unresolved			1	1	0	2
D0_010327	chr1	68288731	68288923	+	11	10	unresolved			1	0	0	1
D0_010328	chr1	79623943	79780965	-	11	11	unresolved			1	1	0	2
D0_010329	chr1	83305851	83306269	-	11	7	preexisting_v49_gene_span			1	0	0	1
D0_010330	chr1	85628338	85628608	-	11	10	other_v49_added_gene		ENSG00000310307	1	0	0	1
D0_010331	chr1	85639740	85640178	-	11	10	unresolved			1	1	0	2
D0_010332	chr1	88841617	88842804	+	11	9	unresolved			1	0	0	1
D0_010333	chr1	88892059	88893338	-	11	10	unresolved			0	1	0	1
D0_010334	chr1	88934888	88935514	-	11	11	unresolved			1	0	0	1
D0_010335	chr1	89023251	89028162	+	11	10	other_v49_added_gene		ENSG00000307222	1	0	0	1
D0_010336	chr1	93880598	93881311	+	11	11	other_v49_added_gene		ENSG00000310419	1	0	0	1
D0_010337	chr1	100520891	100521707	-	11	9	preexisting_v49_gene_span			1	0	0	1
D0_010338	chr1	101228991	101235372	-	11	8	preexisting_v49_gene_span			1	1	0	2
D0_010339	chr1	109053876	109055359	-	11	11	unresolved			1	0	0	1
D0_010340	chr1	109061842	109062457	-	11	10	unresolved			1	0	0	1
D0_010341	chr1	109104803	109105879	+	11	11	unresolved			1	1	0	2
D0_010342	chr1	111468231	111469398	+	11	10	unresolved			1	1	0	2
D0_010343	chr1	112671642	112672737	+	11	11	unresolved			1	1	0	2
D0_010344	chr1	116769252	116770175	+	11	11	unresolved			1	0	0	1
D0_010345	chr1	117847255	117848155	+	11	11	other_v49_added_gene		ENSG00000309803	1	0	0	1
D0_010346	chr1	120414651	120417905	-	11	11	unresolved			1	0	0	1
D0_010347	chr1	143409535	143413254	-	11	10	other_v49_added_gene		ENSG00000294133	1	0	0	1
D0_010348	chr1	143414779	143415753	-	11	10	other_v49_added_gene		ENSG00000294133	1	0	0	1
D0_010349	chr1	146444434	146445379	+	11	9	unresolved			1	1	0	2
D0_010350	chr1	149560231	149561599	-	11	11	unresolved			1	0	0	1
D0_010351	chr1	149868316	149869558	+	11	8	unresolved			1	0	0	1
D0_010352	chr1	150291624	150293716	-	11	10	other_v49_added_gene		ENSG00000306355	1	1	0	2
D0_010353	chr1	151249955	151251119	+	11	9	unresolved			1	0	0	1
D0_010354	chr1	151393794	151394202	+	11	9	unresolved			1	0	0	1
D0_010355	chr1	151459503	151463040	+	11	10	unresolved			1	1	0	2
D0_010356	chr1	151488981	151497668	+	11	11	unresolved			1	0	0	1
D0_010357	chr1	151981633	151982181	+	11	11	unresolved			1	0	0	1
D0_010358	chr1	152897846	152898183	-	11	8	other_v49_added_gene		ENSG00000289062	1	1	0	2
D0_010359	chr1	153388650	153389918	-	11	9	unresolved			1	0	0	1
D0_010360	chr1	155885758	155889774	-	11	7	unresolved			1	1	0	2
D0_010361	chr1	155894538	155897399	+	11	10	unresolved			1	1	0	2
D0_010362	chr1	160663650	160664015	+	11	10	preexisting_v49_gene_span			1	0	0	1
D0_010363	chr1	161178743	161179755	-	11	9	unresolved			1	0	0	1
D0_010364	chr1	161678986	161681203	+	11	8	preexisting_v49_gene_span			1	0	0	1
D0_010365	chr1	172530927	172532230	-	11	11	other_v49_added_gene		ENSG00000300365	1	1	0	2
D0_010366	chr1	173216843	173219433	-	11	9	preexisting_v49_gene_span			1	1	0	2
D0_010367	chr1	173245389	173248139	-	11	11	preexisting_v49_gene_span			1	0	0	1
D0_010368	chr1	178584618	178586637	+	11	10	unresolved			1	0	0	1
D0_010369	chr1	178624102	178625527	-	11	10	unresolved			1	0	0	1
D0_010370	chr1	178647108	178649072	-	11	10	other_v49_added_gene		ENSG00000297692	1	0	0	1
D0_010371	chr1	198580262	198580891	-	11	11	unresolved			1	0	0	1
D0_010372	chr1	202814484	202817981	-	11	11	unresolved			0	0	0	0
D0_010373	chr1	202875576	202877783	-	11	11	unresolved			1	1	0	2
D0_010374	chr1	203894941	203898420	+	11	8	other_v49_added_gene		ENSG00000299390	1	0	0	1
D0_010375	chr1	205702228	205703174	+	11	10	unresolved			1	0	0	1
D0_010376	chr1	206684437	206684890	-	11	11	unresolved			1	1	0	2
D0_010377	chr1	206744192	206745650	+	11	7	unresolved			1	0	0	1
D0_010378	chr1	211317553	211320657	+	11	10	unresolved			1	1	0	2
D0_010379	chr1	220679613	220680147	-	11	11	unresolved			1	0	0	1
D0_010380	chr1	221860941	221861059	+	11	10	other_v49_added_gene		ENSG00000307440	1	0	0	1
D0_010381	chr1	228198823	228202631	+	11	11	unresolved			1	1	0	2
D0_010382	chr1	228910304	228911064	-	11	10	other_v49_added_gene		ENSG00000310285	1	0	0	1
D0_010383	chr1	231285271	231287593	+	11	9	unresolved			1	0	0	1
D0_010384	chr1	232306905	232364305	+	11	10	unresolved			1	1	0	2
D0_010385	chr1	233699442	233699545	+	11	11	unresolved			1	0	0	1
D0_010386	chr1	243120750	243121644	-	11	11	unresolved			1	1	0	2
D0_010387	chr1	244870405	244914663	-	11	11	unresolved			1	1	0	2
D0_010388	chr1	247290303	247290656	-	11	11	unresolved			1	0	0	1
D0_010389	chr1	248871369	248874119	-	11	10	unresolved			1	0	0	1
D0_010390	chr1	248876073	248876308	-	11	7	unresolved			1	0	0	1
D0_010391	chr2	7110897	7111372	-	11	11	unresolved			1	0	0	1
D0_010392	chr2	18736915	18737327	+	11	11	unresolved			1	0	0	1
D0_010393	chr2	24360856	24362381	+	11	10	unresolved			1	0	0	1
D0_010394	chr2	25878820	25879889	+	11	11	unresolved			1	0	0	1
D0_010395	chr2	27190842	27192502	-	11	11	unresolved			1	0	0	1
D0_010396	chr2	28418351	28419087	-	11	11	unresolved			1	0	0	1
D0_010397	chr2	38645150	38645303	+	11	11	unresolved			1	0	0	1
D0_010398	chr2	42805966	42806629	-	11	10	other_v49_added_gene		ENSG00000307343	1	1	0	2
D0_010399	chr2	43066937	43067316	-	11	11	preexisting_v49_gene_span			1	0	0	1
D0_010400	chr2	43884577	43885878	-	11	10	unresolved			1	1	0	2
D0_010401	chr2	46634425	46636673	-	11	11	unresolved			1	0	0	1
D0_010402	chr2	49729620	49729746	+	11	11	preexisting_v49_gene_span			1	1	0	2
D0_010403	chr2	52631098	52632543	-	11	11	unresolved			1	0	0	1
D0_010404	chr2	53151479	53153229	-	11	10	unresolved			0	0	0	0
D0_010405	chr2	55506640	55510178	-	11	8	unresolved			1	0	0	1
D0_010406	chr2	57779732	57782293	-	11	10	other_v49_added_gene		ENSG00000293611	1	0	0	1
D0_010407	chr2	57900483	57900747	+	11	11	unresolved			1	0	0	1
D0_010408	chr2	62191592	62193070	-	11	10	preexisting_v49_gene_span			1	0	0	1
D0_010409	chr2	64060659	64071657	+	11	10	unresolved			1	0	0	1
D0_010410	chr2	64885682	64887738	-	11	9	preexisting_v49_gene_span			1	1	0	2
D0_010411	chr2	73284489	73286152	+	11	10	other_v49_added_gene		ENSG00000310032,ENSG00000310068	1	1	1	3
D0_010412	chr2	73924678	73926797	-	11	11	unresolved			1	1	0	2
D0_010413	chr2	74709340	74711141	+	11	11	unresolved			1	1	0	2
D0_010414	chr2	75021913	75023510	+	11	10	unresolved			1	0	0	1
D0_010415	chr2	75248271	75252887	-	11	10	unresolved			1	0	0	1
D0_010416	chr2	85099448	85099981	+	11	11	unresolved			1	0	0	1
D0_010417	chr2	85316961	85317954	+	11	11	unresolved			1	1	0	2
D0_010418	chr2	89233003	89233692	-	11	6	unresolved			1	0	0	1
D0_010419	chr2	100519436	100519527	-	11	11	unresolved			1	0	0	1
D0_010420	chr2	107896349	107896878	-	11	11	unresolved			1	0	0	1
D0_010421	chr2	110590776	110591395	-	11	10	preexisting_v49_gene_span			1	0	0	1
D0_010422	chr2	113497397	113498213	+	11	11	unresolved			1	0	0	1
D0_010423	chr2	116506203	116668962	+	11	11	other_v49_added_gene		ENSG00000297920	1	1	0	2
D0_010424	chr2	119987776	119988816	-	11	10	unresolved			1	0	0	1
D0_010425	chr2	120300794	120302562	+	11	10	preexisting_v49_gene_span			1	0	0	1
D0_010426	chr2	127042171	127043502	-	11	10	unresolved			1	0	0	1
D0_010427	chr2	128326593	128329058	+	11	10	other_v49_added_gene		ENSG00000301826	1	0	0	1
D0_010428	chr2	130796768	130797468	-	11	9	other_v49_added_gene		ENSG00000297211	1	0	0	1
D0_010429	chr2	132298306	132298435	+	11	11	other_v49_added_gene		ENSG00000290902	1	0	0	1
D0_010430	chr2	138277745	138278546	-	11	11	preexisting_v49_gene_span			1	1	0	2
D0_010431	chr2	138385315	138388126	-	11	9	preexisting_v49_gene_span			1	0	0	1
D0_010432	chr2	147843193	147844147	-	11	8	unresolved			1	1	0	2
D0_010433	chr2	151741368	151743264	-	11	10	unresolved			1	0	0	1
D0_010434	chr2	151777924	151780545	+	11	10	unresolved			1	0	0	1
D0_010435	chr2	157392665	157393713	+	11	11	unresolved			1	0	0	1
D0_010436	chr2	157719960	157722868	-	11	10	unresolved			1	0	0	1
D0_010437	chr2	174429717	174430071	+	11	11	preexisting_v49_gene_span			1	1	0	2
D0_010438	chr2	174517557	174518945	-	11	10	unresolved			1	1	0	2
D0_010439	chr2	179093718	179096079	-	11	7	unresolved			1	0	0	1
D0_010440	chr2	183607232	183607362	-	11	10	unresolved			1	1	0	2
D0_010441	chr2	190573353	190575783	+	11	9	preexisting_v49_gene_span			1	1	1	3
D0_010442	chr2	190874249	190874921	+	11	8	unresolved			1	1	0	2
D0_010443	chr2	196952416	196954805	-	11	11	unresolved			1	0	0	1
D0_010444	chr2	202239124	202241007	+	11	11	unresolved			1	1	0	2
D0_010445	chr2	202324697	202329075	-	11	10	unresolved			1	0	0	1
D0_010446	chr2	203232845	203234566	-	11	11	unresolved			1	0	0	1
D0_010447	chr2	206107372	206110526	-	11	11	unresolved			1	1	0	2
D0_010448	chr2	207668014	207669181	-	11	4	unresolved			1	0	0	1
D0_010449	chr2	207693357	207708353	-	11	9	unresolved			1	0	0	1
D0_010450	chr2	218397167	218398236	-	11	11	unresolved			1	0	0	1
D0_010451	chr2	218763260	218767119	+	11	11	unresolved			1	1	0	2
D0_010452	chr2	222714132	222715227	-	11	6	unresolved			0	0	0	0
D0_010453	chr2	227410850	227437537	-	11	11	other_v49_added_gene		ENSG00000301805	1	0	0	1
D0_010454	chr2	230016420	230017747	+	11	7	unresolved			1	0	0	1
D0_010455	chr2	230825140	230826075	-	11	9	unresolved			1	1	0	2
D0_010456	chr2	231727231	231728793	-	11	11	unresolved			1	0	0	1
D0_010457	chr2	234307279	234308694	-	11	10	other_v49_added_gene		ENSG00000302899	1	1	0	2
D0_010458	chr2	238463558	238463831	+	11	10	unresolved			1	0	0	1
D0_010459	chr2	242165892	242167349	+	11	11	other_v49_added_gene		ENSG00000291147	1	1	0	2
D0_010460	chr3	5237331	5237744	-	11	11	unresolved			1	0	0	1
D0_010461	chr3	9956825	9958593	-	11	11	unresolved			1	1	0	2
D0_010462	chr3	13435218	13438248	+	11	9	unresolved			1	1	0	2
D0_010463	chr3	13911500	13913362	+	11	9	other_v49_added_gene		ENSG00000298052	1	1	0	2
D0_010464	chr3	15140339	15140450	-	11	11	other_v49_added_gene		ENSG00000290932	1	0	0	1
D0_010465	chr3	22375912	22376042	-	11	11	unresolved			1	0	0	1
D0_010466	chr3	27767954	27780685	-	11	11	unresolved			1	1	0	2
D0_010467	chr3	31462492	31470256	+	11	10	unresolved			1	0	1	2
D0_010468	chr3	32508815	32511288	+	11	10	unresolved			1	0	0	1
D0_010469	chr3	47492798	47495329	-	11	11	unresolved			1	1	0	2
D0_010470	chr3	47514261	47553424	+	11	10	unresolved			1	1	0	2
D0_010471	chr3	47801356	47802423	-	11	7	unresolved			1	0	0	1
D0_010472	chr3	48669177	48671001	-	11	11	unresolved			1	1	0	2
D0_010473	chr3	49351026	49352253	+	11	10	unresolved			1	0	0	1
D0_010474	chr3	50313169	50314206	-	11	10	unresolved			1	1	0	2
D0_010475	chr3	52241275	52243395	-	11	10	other_v49_added_gene		ENSG00000306261	1	1	0	2
D0_010476	chr3	56704060	56704815	-	11	10	unresolved			1	0	0	1
D0_010477	chr3	58503671	58504877	-	11	10	preexisting_v49_gene_span			1	1	0	2
D0_010478	chr3	72741049	72742104	+	11	8	preexisting_v49_gene_span			1	0	0	1
D0_010479	chr3	77675969	77676137	-	11	11	unresolved			1	0	0	1
D0_010480	chr3	78581351	78581962	-	11	11	unresolved			1	1	0	2
D0_010481	chr3	87492472	87492639	-	11	9	unresolved			1	0	0	1
D0_010482	chr3	87845878	87847299	+	11	8	preexisting_v49_gene_span			1	0	0	1
D0_010483	chr3	89750478	89750598	+	11	11	unresolved			1	0	0	1
D0_010484	chr3	101933099	101934516	+	11	10	preexisting_v49_gene_span			1	0	0	1
D0_010485	chr3	103014094	103105761	+	11	10	unresolved			1	1	0	2
D0_010486	chr3	106442199	106442294	+	11	11	other_v49_added_gene		ENSG00000308902	1	0	0	1
D0_010487	chr3	107813848	107814199	+	11	10	unresolved			1	0	0	1
D0_010488	chr3	108870164	108881227	-	11	11	unresolved			1	0	0	1
D0_010489	chr3	112442861	112446899	-	11	11	unresolved			1	0	0	1
D0_010490	chr3	113644580	113646259	+	11	11	unresolved			1	0	0	1
D0_010491	chr3	115783443	115784464	-	11	9	other_v49_added_gene		ENSG00000289153	1	1	0	2
D0_010492	chr3	119293238	119294366	-	11	10	unresolved			1	1	0	2
D0_010493	chr3	120321285	120323837	-	11	10	unresolved			1	0	0	1
D0_010494	chr3	121630724	121631149	-	11	10	unresolved			1	0	0	1
D0_010495	chr3	121965711	121968985	+	11	9	unresolved			1	1	0	2
D0_010496	chr3	122048876	122051580	-	11	8	unresolved			1	1	0	2
D0_010497	chr3	122639685	122641209	+	11	9	unresolved			1	0	0	1
D0_010498	chr3	122893405	122896503	+	11	10	unresolved			1	1	0	2
D0_010499	chr3	124961336	124962231	+	11	11	unresolved			1	0	0	1
D0_010500	chr3	125994019	125995181	-	11	8	unresolved			1	0	0	1
D0_010501	chr3	128592160	128592470	+	11	8	unresolved			1	0	0	1
D0_010502	chr3	129233041	129234630	-	11	11	other_v49_added_gene		ENSG00000298983	1	0	0	1
D0_010503	chr3	132541133	132543880	+	11	10	unresolved			1	1	0	2
D0_010504	chr3	132548046	132549578	-	11	10	unresolved			1	1	0	2
D0_010505	chr3	133562459	133563627	-	11	9	preexisting_v49_gene_span			1	0	0	1
D0_010506	chr3	138607467	138608521	-	11	11	unresolved			1	1	0	2
D0_010507	chr3	141941574	141943147	-	11	11	unresolved			1	0	0	1
D0_010508	chr3	142280649	142283769	-	11	8	unresolved			1	0	0	1
D0_010509	chr3	144054262	144054645	+	11	10	unresolved			1	0	0	1
D0_010510	chr3	152104407	152104816	+	11	11	unresolved			0	0	0	0
D0_010511	chr3	152797321	152797572	+	11	11	unresolved			1	0	0	1
D0_010512	chr3	153318502	153319454	+	11	10	unresolved			1	1	0	2
D0_010513	chr3	155947883	155948975	+	11	7	unresolved			1	0	0	1
D0_010514	chr3	156588169	156588271	+	11	11	unresolved			1	0	0	1
D0_010515	chr3	176186595	176186794	-	11	11	other_v49_added_gene		ENSG00000305709	1	0	0	1
D0_010516	chr3	179321997	179322702	-	11	11	unresolved			1	1	0	2
D0_010517	chr3	183632959	183633464	+	11	10	other_v49_added_gene		ENSG00000302739	1	0	0	1
D0_010518	chr3	187098975	187100896	+	11	8	unresolved			1	0	0	1
D0_010519	chr3	187758954	187766782	-	11	7	unresolved			1	0	0	1
D0_010520	chr3	195550810	195551290	+	11	9	unresolved			1	0	0	1
D0_010521	chr3	195860844	195862671	+	11	11	unresolved			1	0	0	1
D0_010522	chr3	196183168	196191820	-	11	10	other_v49_added_gene		ENSG00000297061	1	0	0	1
D0_010523	chr3	196451037	196451633	+	11	10	unresolved			1	0	0	1
D0_010524	chr3	196504042	196505818	+	11	8	unresolved			1	1	0	2
D0_010525	chr3	196632861	196634107	+	11	10	unresolved			1	1	0	2
D0_010526	chr4	1006025	1008592	-	11	11	unresolved			1	1	0	2
D0_010527	chr4	6677343	6679199	+	11	10	unresolved			1	1	0	2
D0_010528	chr4	12858796	12858994	-	11	10	other_v49_added_gene		ENSG00000302819	1	0	0	1
D0_010529	chr4	12972025	12972431	-	11	10	other_v49_added_gene		ENSG00000302819	1	0	0	1
D0_010530	chr4	13280786	13285622	-	11	11	unresolved			1	1	0	2
D0_010531	chr4	13341577	13341873	-	11	8	unresolved			1	0	0	1
D0_010532	chr4	13484958	13487338	+	11	11	other_v49_added_gene		ENSG00000293755	1	0	0	1
D0_010533	chr4	37688333	37688919	+	11	9	unresolved			1	0	0	1
D0_010534	chr4	37824238	37826371	-	11	10	other_v49_added_gene		ENSG00000309602	1	1	0	2
D0_010535	chr4	40332028	40332538	+	11	11	unresolved			1	0	0	1
D0_010536	chr4	42090657	42091943	+	11	10	unresolved			1	0	0	1
D0_010537	chr4	48055007	48056987	-	11	11	unresolved			1	0	0	1
D0_010538	chr4	48292988	48293924	+	11	11	other_v49_added_gene		ENSG00000296294	1	1	0	2
D0_010539	chr4	53366104	53367411	+	11	11	unresolved			1	1	0	2
D0_010540	chr4	59510557	59510665	-	11	11	unresolved			1	0	0	1
D0_010541	chr4	73049606	73050155	-	11	11	unresolved			1	0	0	1
D0_010542	chr4	74042250	74042572	+	11	7	preexisting_v49_gene_span			1	1	0	2
D0_010543	chr4	74390857	74391564	+	11	8	unresolved			1	0	0	1
D0_010544	chr4	75476376	75476791	-	11	10	unresolved			1	0	0	1
D0_010545	chr4	75635084	75639869	-	11	11	unresolved			1	1	0	2
D0_010546	chr4	82406624	82407305	+	11	11	preexisting_v49_gene_span			1	0	0	1
D0_010547	chr4	82474504	82474739	-	11	11	unresolved			1	0	0	1
D0_010548	chr4	83258621	83260244	+	11	11	unresolved			1	0	0	1
D0_010549	chr4	99873825	99875850	-	11	10	unresolved			1	1	0	2
D0_010550	chr4	102075632	102077187	+	11	9	unresolved			1	1	0	2
D0_010551	chr4	109705411	109705903	+	11	10	unresolved			1	0	0	1
D0_010552	chr4	111059348	111059559	-	11	11	unresolved			1	0	0	1
D0_010553	chr4	114681853	114685456	+	11	8	other_v49_added_gene		ENSG00000297126	1	1	0	2
D0_010554	chr4	118418745	118419111	+	11	11	unresolved			1	0	0	1
D0_010555	chr4	139478492	139481307	-	11	7	unresolved			1	0	0	1
D0_010556	chr4	141357283	141360708	+	11	11	other_v49_added_gene		ENSG00000306779	1	0	0	1
D0_010557	chr4	141554042	141555847	+	11	10	unresolved			1	0	0	1
D0_010558	chr4	150263730	150264273	-	11	10	unresolved			1	0	0	1
D0_010559	chr4	151029464	151037206	+	11	10	unresolved			1	0	0	1
D0_010560	chr4	151399045	151403475	+	11	11	unresolved			1	0	0	1
D0_010561	chr4	151877145	151877339	+	11	11	preexisting_v49_gene_span			1	0	0	1
D0_010562	chr4	152575526	152580657	-	11	9	unresolved			1	0	0	1
D0_010563	chr4	152596174	152598823	-	11	10	unresolved			1	0	0	1
D0_010564	chr4	152599320	152599625	+	11	9	unresolved			1	0	0	1
D0_010565	chr4	153423954	153425930	+	11	10	unresolved			1	0	0	1
D0_010566	chr4	160230056	160331709	+	11	11	unresolved			1	1	0	2
D0_010567	chr4	169081148	169082058	-	11	9	unresolved			1	1	0	2
D0_010568	chr4	176361682	176362228	-	11	10	unresolved			1	0	0	1
D0_010569	chr4	179812100	179812363	-	11	11	unresolved			1	0	0	1
D0_010570	chr4	183043009	183065125	+	11	11	unresolved			1	1	0	2
D0_010571	chr4	184483325	184483711	+	11	10	preexisting_v49_gene_span			1	0	0	1
D0_010572	chr4	188243032	188305386	-	11	10	unresolved			1	1	0	2
D0_010573	chr4	188343858	188343955	-	11	11	unresolved			1	0	0	1
D0_010574	chr5	6368020	6368318	+	11	9	unresolved			1	0	0	1
D0_010575	chr5	17003901	17054377	+	11	11	unresolved			1	1	0	2
D0_010576	chr5	31606361	31606474	+	11	11	unresolved			1	0	0	1
D0_010577	chr5	35829988	35830174	-	11	11	preexisting_v49_gene_span			1	0	0	1
D0_010578	chr5	40798727	40799222	+	11	9	other_v49_added_gene		ENSG00000288911	1	1	0	2
D0_010579	chr5	42031318	42031471	+	11	11	unresolved			1	0	0	1
D0_010580	chr5	42947047	42948844	+	11	11	unresolved			1	0	0	1
D0_010581	chr5	42981220	42982440	+	11	9	unresolved			1	0	0	1
D0_010582	chr5	43708170	43709464	+	11	10	unresolved			1	1	0	2
D0_010583	chr5	50356206	50358896	-	11	10	unresolved			1	1	0	2
D0_010584	chr5	54575391	54575761	-	11	10	unresolved			1	0	0	1
D0_010585	chr5	55307750	55307982	+	11	11	preexisting_v49_gene_span			1	1	0	2
D0_010586	chr5	70272340	70273611	-	11	10	other_v49_added_gene		ENSG00000300022	1	0	0	1
D0_010587	chr5	70454977	70456743	-	11	10	other_v49_added_gene		ENSG00000300109	1	0	0	1
D0_010588	chr5	70512522	70512774	-	11	11	other_v49_added_gene		ENSG00000300109	1	0	0	1
D0_010589	chr5	70863373	70864646	-	11	11	unresolved			1	0	0	1
D0_010590	chr5	70959717	70960111	-	11	10	unresolved			1	0	0	1
D0_010591	chr5	71025394	71025684	-	11	6	unresolved			1	0	0	1
D0_010592	chr5	71164942	71165238	-	11	10	other_v49_added_gene		ENSG00000296329	1	0	0	1
D0_010593	chr5	71218864	71219581	+	11	11	unresolved			1	0	0	1
D0_010594	chr5	71286774	71287024	-	11	11	other_v49_added_gene		ENSG00000296329	1	0	0	1
D0_010595	chr5	71290221	71290430	+	11	10	other_v49_added_gene		ENSG00000290836	1	0	0	1
D0_010596	chr5	95617826	95620070	-	11	10	unresolved			1	1	0	2
D0_010597	chr5	98846922	98847261	-	11	11	unresolved			1	0	0	1
D0_010598	chr5	100914454	100915592	+	11	7	unresolved			1	0	0	1
D0_010599	chr5	106622952	106623110	-	11	11	unresolved			1	0	0	1
D0_010600	chr5	108746972	108747839	-	11	9	other_v49_added_gene		ENSG00000295516	1	1	0	2
D0_010601	chr5	115824016	115824789	-	11	9	unresolved			1	0	0	1
D0_010602	chr5	126702169	126704908	-	11	10	unresolved			1	0	0	1
D0_010603	chr5	126866082	126866878	+	11	11	unresolved			1	0	0	1
D0_010604	chr5	134073565	134076350	-	11	10	other_v49_added_gene		ENSG00000309104	1	0	0	1
D0_010605	chr5	134752359	134752616	+	11	11	preexisting_v49_gene_span			1	0	0	1
D0_010606	chr5	136069184	136069591	+	11	11	unresolved			1	0	0	1
D0_010607	chr5	140129920	140131207	+	11	11	unresolved			1	0	0	1
D0_010608	chr5	142096054	142098396	+	11	10	unresolved			1	0	0	1
D0_010609	chr5	146186538	146186732	+	11	11	unresolved			1	0	0	1
D0_010610	chr5	149484780	149486200	-	11	10	unresolved			1	0	0	1
D0_010611	chr5	149668758	149669437	+	11	11	unresolved			1	0	0	1
D0_010612	chr5	151096267	151097684	+	11	10	unresolved			1	0	0	1
D0_010613	chr5	157711267	157713842	-	11	8	unresolved			1	0	0	1
D0_010614	chr5	159099916	159100348	-	11	11	preexisting_v49_gene_span			1	1	0	2
D0_010615	chr5	160958578	160978438	+	11	11	unresolved			1	1	0	2
D0_010616	chr5	175534350	175535708	+	11	10	unresolved			1	0	0	1
D0_010617	chr5	176517057	176518429	-	11	10	unresolved			1	0	0	1
D0_010618	chr5	178126506	178127034	+	11	9	preexisting_v49_gene_span			1	1	0	2
D0_010619	chr5	178888170	178889365	+	11	9	unresolved			1	1	0	2
D0_010620	chr5	179677433	179677960	+	11	11	preexisting_v49_gene_span			1	0	0	1
D0_010621	chr5	180296135	180298598	+	11	10	unresolved			1	0	0	1
D0_010622	chr5	181273298	181274394	-	11	8	unresolved			1	0	0	1
D0_010623	chr6	3159148	3163575	-	11	10	unresolved			1	1	0	2
D0_010624	chr6	6770980	6771271	-	11	10	preexisting_v49_gene_span			1	1	0	2
D0_010625	chr6	14238237	14238530	-	11	11	unresolved			1	0	0	1
D0_010626	chr6	16770031	16770371	-	11	11	other_v49_added_gene		ENSG00000289863	1	0	0	1
D0_010627	chr6	19940888	19941171	+	11	11	unresolved			1	0	0	1
D0_010628	chr6	26098430	26101247	-	11	9	preexisting_v49_gene_span			1	0	0	1
D0_010629	chr6	27123228	27125310	-	11	8	preexisting_v49_gene_span			1	0	0	1
D0_010630	chr6	31560248	31560591	-	11	11	other_v49_added_gene		ENSG00000289406	1	1	0	2
D0_010631	chr6	32647535	32648135	+	11	11	unresolved			1	1	0	2
D0_010632	chr6	32894664	32895021	+	11	11	other_v49_added_gene		ENSG00000289047	1	0	0	1
D0_010633	chr6	32989019	32991358	-	11	11	unresolved			1	0	0	1
D0_010634	chr6	33002321	33003340	+	11	9	unresolved			1	0	0	1
D0_010635	chr6	34774035	34782983	+	11	9	unresolved			1	1	0	2
D0_010636	chr6	35093074	35095494	+	11	9	unresolved			1	0	0	1
D0_010637	chr6	35338477	35339372	-	11	10	unresolved			1	0	0	1
D0_010638	chr6	35922988	35925246	+	11	10	other_v49_added_gene		ENSG00000304790	1	0	0	1
D0_010639	chr6	42939544	42940234	+	11	9	preexisting_v49_gene_span			1	1	0	2
D0_010640	chr6	42948684	42953859	-	11	11	unresolved			1	0	0	1
D0_010641	chr6	42958090	42960251	-	11	10	preexisting_v49_gene_span			1	1	0	2
D0_010642	chr6	45666373	45667645	+	11	10	unresolved			1	1	0	2
D0_010643	chr6	53221864	53222835	-	11	11	unresolved			1	0	0	1
D0_010644	chr6	54823503	54823597	-	11	11	unresolved			1	0	0	1
D0_010645	chr6	57742098	57743053	-	11	11	unresolved			1	1	0	2
D0_010646	chr6	74796426	74796602	-	11	11	preexisting_v49_gene_span			1	0	0	1
D0_010647	chr6	76391718	76391822	+	11	10	unresolved			1	0	0	1
D0_010648	chr6	79353721	79353785	-	11	9	unresolved			1	1	0	2
D0_010649	chr6	84828971	84939584	-	11	9	other_v49_added_gene		ENSG00000304604	0	1	1	2
D0_010650	chr6	98856410	98857636	-	11	10	unresolved			1	1	0	2
D0_010651	chr6	104725070	104725798	-	11	11	unresolved			1	1	0	2
D0_010652	chr6	106822116	106934595	+	11	11	unresolved			1	1	0	2
D0_010653	chr6	108023888	108027304	-	11	10	unresolved			1	0	0	1
D0_010654	chr6	109385631	109387135	+	11	11	unresolved			1	0	0	1
D0_010655	chr6	110911315	110911432	-	11	11	other_v49_added_gene		ENSG00000298809	1	0	0	1
D0_010656	chr6	118382727	118386134	-	11	11	other_v49_added_gene		ENSG00000301363	1	0	0	1
D0_010657	chr6	125932165	125933835	+	11	9	unresolved			1	1	0	2
D0_010658	chr6	126247310	126249485	+	11	10	unresolved			1	1	0	2
D0_010659	chr6	132426001	132429182	-	11	9	unresolved			1	0	0	1
D0_010660	chr6	137193238	137194424	-	11	9	unresolved			1	0	0	1
D0_010661	chr6	151484391	151489012	+	11	10	unresolved			1	1	0	2
D0_010662	chr6	155910107	155910838	-	11	9	preexisting_v49_gene_span			1	0	0	1
D0_010663	chr6	157288445	157289381	-	11	10	preexisting_v49_gene_span			1	0	0	1
D0_010664	chr6	158102405	158106300	-	11	11	unresolved			1	1	0	2
D0_010665	chr6	159662864	159663234	-	11	10	unresolved			1	0	0	1
D0_010666	chr6	163353797	163355177	-	11	7	unresolved			1	0	0	1
D0_010667	chr7	1764420	1780500	+	11	11	unresolved			1	1	0	2
D0_010668	chr7	2449057	2451540	-	11	11	unresolved			1	0	0	1
D0_010669	chr7	5120248	5121145	-	11	11	other_v49_added_gene		ENSG00000291037	1	1	0	2
D0_010670	chr7	5615752	5619508	-	11	10	unresolved			1	1	0	2
D0_010671	chr7	5874020	5876960	-	11	10	unresolved			1	0	0	1
D0_010672	chr7	17767320	17767644	-	11	10	unresolved			1	0	0	1
D0_010673	chr7	20517242	20519780	-	11	6	unresolved			1	0	0	1
D0_010674	chr7	28916406	28917659	-	11	11	unresolved			1	0	0	1
D0_010675	chr7	35974501	35974648	+	11	11	unresolved			1	0	0	1
D0_010676	chr7	36844462	36845570	-	11	11	unresolved			1	0	0	1
D0_010677	chr7	37612135	37613247	-	11	11	other_v49_added_gene		ENSG00000299559	1	0	0	1
D0_010678	chr7	38319296	38322151	-	11	8	unresolved			1	0	0	1
D0_010679	chr7	38697898	38698361	-	11	10	unresolved			1	0	0	1
D0_010680	chr7	44895549	44897688	+	11	10	other_v49_added_gene		ENSG00000307228	1	0	0	1
D0_010681	chr7	44909387	44912606	+	11	10	unresolved			1	0	0	1
D0_010682	chr7	44979137	44980254	+	11	11	other_v49_added_gene		ENSG00000308366	1	0	0	1
D0_010683	chr7	51394988	51396627	-	11	10	unresolved			1	0	0	1
D0_010684	chr7	57945941	57946298	+	11	11	unresolved			1	0	0	1
D0_010685	chr7	64838565	64840607	+	11	9	unresolved			1	1	0	2
D0_010686	chr7	65111642	65113223	+	11	10	unresolved			1	1	0	2
D0_010687	chr7	66178017	66179941	+	11	11	unresolved			1	0	0	1
D0_010688	chr7	67266190	67267166	+	11	11	unresolved			1	0	0	1
D0_010689	chr7	68857384	68915985	-	11	11	unresolved			1	1	0	2
D0_010690	chr7	74198402	74198921	-	11	10	unresolved			1	0	0	1
D0_010691	chr7	74448709	74450713	-	11	2	unresolved			1	0	0	1
D0_010692	chr7	74761466	74762886	-	11	9	unresolved			1	0	0	1
D0_010693	chr7	75182942	75184453	+	11	10	unresolved			1	0	0	1
D0_010694	chr7	75275392	75278480	+	11	11	preexisting_v49_gene_span			1	1	0	2
D0_010695	chr7	77427589	77428828	-	11	10	other_v49_added_gene		ENSG00000302202	1	0	0	1
D0_010696	chr7	77962827	77965255	+	11	11	unresolved			1	0	0	1
D0_010697	chr7	78009273	78009941	+	11	10	unresolved			1	0	0	1
D0_010698	chr7	101226621	101231041	+	11	9	unresolved			1	0	0	1
D0_010699	chr7	102518865	102522233	+	11	10	unresolved			1	0	0	1
D0_010700	chr7	107578683	107579333	+	11	9	other_v49_added_gene		ENSG00000288558	1	1	0	2
D0_010701	chr7	129803195	129808433	-	11	11	unresolved			1	1	0	2
D0_010702	chr7	132776672	132779477	-	11	9	unresolved			1	0	0	1
D0_010703	chr7	132784121	132784398	+	11	10	unresolved			1	0	0	1
D0_010704	chr7	134681063	134681531	-	11	11	unresolved			1	0	0	1
D0_010705	chr7	139022870	139023160	+	11	10	unresolved			1	0	0	1
D0_010706	chr7	139315120	139315272	-	11	11	unresolved			1	0	0	1
D0_010707	chr7	142690169	142690472	+	11	10	unresolved			1	0	0	1
D0_010708	chr7	143560484	143561237	+	11	10	other_v49_added_gene		ENSG00000290786	1	0	0	1
D0_010709	chr7	143750250	143750563	-	11	11	other_v49_added_gene		ENSG00000291149	1	0	0	1
D0_010710	chr7	149539503	149540603	+	11	11	unresolved			1	0	0	1
D0_010711	chr7	149640152	149642579	+	11	11	unresolved			1	0	0	1
D0_010712	chr7	149736982	149738519	+	11	11	unresolved			1	1	0	2
D0_010713	chr7	149928959	149929386	+	11	10	unresolved			1	0	0	1
D0_010714	chr7	150124662	150125932	-	11	10	unresolved			1	0	0	1
D0_010715	chr7	150221050	150222092	+	11	11	unresolved			1	0	0	1
D0_010716	chr7	150783849	150787187	-	11	9	unresolved			1	0	0	1
D0_010717	chr7	152447432	152450618	-	11	10	unresolved			1	1	0	2
D0_010718	chr7	152460177	152462884	+	11	9	unresolved			1	0	0	1
D0_010719	chr7	158623613	158625063	-	11	11	unresolved			1	1	0	2
D0_010720	chr7	159242210	159243036	-	11	11	unresolved			1	0	0	1
D0_010721	chr8	6349634	6388714	-	11	11	preexisting_v49_gene_span			1	1	0	2
D0_010722	chr8	12076786	12076963	+	11	7	unresolved			1	0	0	1
D0_010723	chr8	12232574	12232963	+	11	11	unresolved			1	0	0	1
D0_010724	chr8	22686472	22687477	-	11	10	unresolved			1	0	0	1
D0_010725	chr8	33369841	33370087	+	11	11	unresolved			1	0	0	1
D0_010726	chr8	37899642	37900800	+	11	10	unresolved			1	0	0	1
D0_010727	chr8	49391754	49393424	+	11	11	unresolved			1	0	0	1
D0_010728	chr8	49401115	49401218	+	11	11	unresolved			1	0	0	1
D0_010729	chr8	60971121	60971487	-	11	10	unresolved			1	1	0	2
D0_010730	chr8	63266712	63266937	-	11	11	unresolved			1	0	0	1
D0_010731	chr8	65596492	65599225	-	11	10	unresolved			1	0	0	1
D0_010732	chr8	69956116	69966809	+	11	10	unresolved			1	1	0	2
D0_010733	chr8	69956118	69985020	-	11	11	unresolved			1	1	0	2
D0_010734	chr8	74035315	74037677	+	11	10	unresolved			1	0	0	1
D0_010735	chr8	90992967	90993271	+	11	10	unresolved			1	0	0	1
D0_010736	chr8	95156962	95158430	+	11	10	unresolved			1	1	0	2
D0_010737	chr8	101209082	101210018	+	11	10	unresolved			1	0	0	1
D0_010738	chr8	121419903	121421146	+	11	11	other_v49_added_gene		ENSG00000302156	1	0	0	1
D0_010739	chr8	124295931	124296207	+	11	9	unresolved			1	0	0	1
D0_010740	chr8	124302913	124306173	-	11	10	unresolved			1	1	0	2
D0_010741	chr8	130040220	130041276	+	11	10	unresolved			1	0	0	1
D0_010742	chr8	132849388	132852619	+	11	10	unresolved			1	1	0	2
D0_010743	chr8	133605399	133606080	-	11	11	unresolved			1	0	0	1
D0_010744	chr8	134090466	134090581	+	11	10	unresolved			1	0	0	1
D0_010745	chr8	140465036	140465837	+	11	9	other_v49_added_gene		ENSG00000307854	1	0	0	1
D0_010746	chr8	144873827	144874446	-	11	10	unresolved			1	1	0	2
D0_010747	chr9	2707940	2709633	-	11	10	preexisting_v49_gene_span			1	1	0	2
D0_010748	chr9	6679311	6681232	-	11	10	other_v49_added_gene		ENSG00000305910	1	0	0	1
D0_010749	chr9	31026318	31029126	-	11	11	other_v49_added_gene		ENSG00000297063	1	1	0	2
D0_010750	chr9	33076967	33080139	-	11	11	unresolved			1	1	0	2
D0_010751	chr9	33092341	33093836	-	11	10	unresolved			1	0	0	1
D0_010752	chr9	33099431	33101344	-	11	9	preexisting_v49_gene_span			1	1	0	2
D0_010753	chr9	34063939	34078687	-	11	11	unresolved			1	1	0	2
D0_010754	chr9	36311929	36313878	+	11	10	unresolved			1	1	0	2
D0_010755	chr9	37038649	37041368	+	11	10	preexisting_v49_gene_span			1	1	0	2
D0_010756	chr9	37401553	37404031	+	11	11	unresolved			1	1	0	2
D0_010757	chr9	40587588	40600282	+	11	10	other_v49_added_gene		ENSG00000290546	1	0	0	1
D0_010758	chr9	40874542	40876797	+	11	11	unresolved			1	0	0	1
D0_010759	chr9	40941603	40942835	-	11	11	other_v49_added_gene		ENSG00000290923	1	0	0	1
D0_010760	chr9	62275366	62276565	+	11	8	other_v49_added_gene		ENSG00000293628	1	0	0	1
D0_010761	chr9	63667912	63668089	+	11	11	unresolved			1	0	0	1
D0_010762	chr9	63826592	63826822	+	11	11	unresolved			1	0	0	1
D0_010763	chr9	65160535	65160806	+	11	11	other_v49_added_gene		ENSG00000290579	1	0	0	1
D0_010764	chr9	75161963	75162829	-	11	10	unresolved			1	0	0	1
D0_010765	chr9	75168883	75170174	-	11	11	unresolved			1	0	0	1
D0_010766	chr9	75218328	75219302	+	11	10	unresolved			1	0	0	1
D0_010767	chr9	75271117	75272110	+	11	9	unresolved			1	1	0	2
D0_010768	chr9	77700999	77702515	-	11	11	unresolved			1	0	0	1
D0_010769	chr9	78501247	78501343	-	11	11	unresolved			1	0	0	1
D0_010770	chr9	80617993	80639237	+	11	9	unresolved			1	1	1	3
D0_010771	chr9	80824415	80827684	+	11	8	other_v49_added_gene		ENSG00000302378	1	0	0	1
D0_010772	chr9	80844320	80844788	+	11	11	other_v49_added_gene		ENSG00000302378	1	0	0	1
D0_010773	chr9	81799719	81870928	+	11	11	preexisting_v49_gene_span			1	1	0	2
D0_010774	chr9	83573421	83575057	-	11	9	unresolved			1	1	0	2
D0_010775	chr9	85742245	85744245	-	11	10	unresolved			1	0	0	1
D0_010776	chr9	89280720	89310447	+	11	11	unresolved			1	1	0	2
D0_010777	chr9	92766825	92795037	-	11	11	unresolved			1	0	0	1
D0_010778	chr9	93050171	93051680	-	11	10	unresolved			1	0	0	1
D0_010779	chr9	96686451	96686865	-	11	9	unresolved			1	0	0	1
D0_010780	chr9	97698064	97698798	+	11	11	unresolved			1	0	0	1
D0_010781	chr9	97877552	97879816	+	11	10	unresolved			1	0	0	1
D0_010782	chr9	97981947	97983326	-	11	8	unresolved			1	0	0	1
D0_010783	chr9	98034422	98044625	-	11	11	unresolved			1	1	0	2
D0_010784	chr9	100414725	100416718	-	11	10	unresolved			1	0	0	1
D0_010785	chr9	101563755	101565213	-	11	9	unresolved			1	0	0	1
D0_010786	chr9	107256178	107279563	-	11	10	unresolved			1	1	0	2
D0_010787	chr9	111519321	111521410	-	11	7	unresolved			1	0	0	1
D0_010788	chr9	112175426	112176843	+	11	9	unresolved			1	0	0	1
D0_010789	chr9	121060660	121067206	-	11	8	preexisting_v49_gene_span			1	1	0	2
D0_010790	chr9	122756704	122758931	-	11	11	unresolved			1	0	0	1
D0_010791	chr9	125198579	125200450	-	11	10	other_v49_added_gene		ENSG00000300577	1	1	0	2
D0_010792	chr9	126719184	126719657	-	11	9	unresolved			1	0	0	1
D0_010793	chr9	126720141	126721749	+	11	9	other_v49_added_gene		ENSG00000293823	1	0	0	1
D0_010794	chr9	127984264	127995648	-	11	11	unresolved			1	1	0	2
D0_010795	chr9	129072297	129073627	+	11	11	unresolved			1	1	0	2
D0_010796	chr9	129777950	129779620	+	11	10	unresolved			1	1	0	2
D0_010797	chr9	131243851	131245974	-	11	9	unresolved			1	0	0	1
D0_010798	chr9	135931354	135932941	-	11	10	preexisting_v49_gene_span			1	1	0	2
D0_010799	chr9	136111924	136112278	+	11	10	unresolved			1	1	0	2
D0_010800	chr10	3785625	3787491	-	11	11	unresolved			1	0	0	1
D0_010801	chr10	8292689	8292946	-	11	10	preexisting_v49_gene_span			1	0	0	1
D0_010802	chr10	8778030	8780530	-	11	7	unresolved			1	0	0	1
D0_010803	chr10	8863382	8864610	-	11	11	unresolved			1	0	0	1
D0_010804	chr10	8868771	8869692	+	11	9	preexisting_v49_gene_span			1	0	0	1
D0_010805	chr10	8938896	8940679	-	11	11	unresolved			1	0	0	1
D0_010806	chr10	8948913	8951513	-	11	8	unresolved			1	0	0	1
D0_010807	chr10	10666692	10666894	+	11	11	unresolved			1	0	0	1
D0_010808	chr10	11682276	11685496	-	11	9	other_v49_added_gene		ENSG00000308311	1	0	0	1
D0_010809	chr10	11817025	11818198	+	11	11	unresolved			1	0	0	1
D0_010810	chr10	13147427	13150627	+	11	10	unresolved			1	0	0	1
D0_010811	chr10	14506681	14508523	-	11	11	other_v49_added_gene		ENSG00000293746	1	1	0	2
D0_010812	chr10	26949613	26952797	-	11	11	unresolved			1	0	0	1
D0_010813	chr10	28356784	28377697	-	11	11	unresolved			1	1	0	2
D0_010814	chr10	28960550	29193092	+	11	11	other_v49_added_gene		ENSG00000301925,ENSG00000299869,ENSG00000299883,ENSG00000299914	1	1	0	2
D0_010815	chr10	30128117	30128213	+	11	11	unresolved			1	0	0	1
D0_010816	chr10	32060987	32061101	+	11	11	unresolved			1	0	0	1
D0_010817	chr10	38378690	38379848	+	11	8	unresolved			1	1	0	2
D0_010818	chr10	43489492	43505484	-	11	11	unresolved			1	1	0	2
D0_010819	chr10	46085386	46087570	-	11	8	unresolved			1	1	0	2
D0_010820	chr10	46103124	46105348	-	11	11	unresolved			1	1	0	2
D0_010821	chr10	46107352	46108543	+	11	11	other_v49_added_gene		ENSG00000299595	1	0	0	1
D0_010822	chr10	46688609	46690646	-	11	11	unresolved			1	0	0	1
D0_010823	chr10	47746454	47747797	+	11	10	other_v49_added_gene		ENSG00000309880	1	0	0	1
D0_010824	chr10	47764760	47765010	+	11	10	unresolved			1	1	0	2
D0_010825	chr10	64799785	64799909	+	11	11	other_v49_added_gene		ENSG00000293732	1	0	0	1
D0_010826	chr10	68075689	68080070	+	11	11	other_v49_added_gene		ENSG00000307702	1	0	0	1
D0_010827	chr10	71883917	71884306	-	11	11	unresolved			1	0	0	1
D0_010828	chr10	72246842	72248716	-	11	8	other_v49_added_gene		ENSG00000296811	1	1	0	2
D0_010829	chr10	72892650	72892771	+	11	11	unresolved			1	0	0	1
D0_010830	chr10	87041947	87042224	+	11	10	unresolved			1	0	0	1
D0_010831	chr10	88627846	88630371	-	11	11	unresolved			1	0	0	1
D0_010832	chr10	90251589	90254732	+	11	7	unresolved			1	0	0	1
D0_010833	chr10	95179759	95182254	-	11	9	preexisting_v49_gene_span			1	1	0	2
D0_010834	chr10	103229644	103230375	-	11	11	preexisting_v49_gene_span			1	0	0	1
D0_010835	chr10	104350817	104351572	-	11	9	preexisting_v49_gene_span			1	1	0	2
D0_010836	chr10	112930028	112930946	+	11	10	preexisting_v49_gene_span			1	0	0	1
D0_010837	chr10	114794393	114796236	-	11	8	other_v49_added_gene		ENSG00000295359	1	0	0	1
D0_010838	chr10	114992756	114994138	+	11	8	unresolved			1	0	0	1
D0_010839	chr10	114999612	115000538	+	11	9	unresolved			1	1	0	2
D0_010840	chr10	119558731	119559074	-	11	11	unresolved			1	1	0	2
D0_010841	chr10	123290382	123293628	+	11	9	unresolved			1	0	0	1
D0_010842	chr10	131428584	131428679	-	11	11	unresolved			1	0	0	1
D0_010843	chr10	131962283	131966411	+	11	11	unresolved			1	1	0	2
D0_010844	chr10	132013466	132013745	+	11	9	unresolved			1	0	0	1
D0_010845	chr11	339239	339650	-	11	9	unresolved			1	0	0	1
D0_010846	chr11	923044	923135	+	11	11	unresolved			1	0	0	1
D0_010847	chr11	1367472	1380005	-	11	5	other_v49_added_gene		ENSG00000293743	1	0	0	1
D0_010848	chr11	2863465	2865816	+	11	10	unresolved			1	0	0	1
D0_010849	chr11	2936098	2940107	-	11	11	unresolved			1	0	0	1
D0_010850	chr11	2996836	3000233	-	11	10	unresolved			1	0	0	1
D0_010851	chr11	6384545	6390135	-	11	11	other_v49_added_gene		ENSG00000308330	1	1	1	3
D0_010852	chr11	9268665	9270656	-	11	7	unresolved			1	0	0	1
D0_010853	chr11	9453138	9454878	-	11	10	unresolved			1	0	0	1
D0_010854	chr11	9655494	9662026	+	11	11	preexisting_v49_gene_span			1	0	0	1
D0_010855	chr11	30341202	30341513	+	11	9	unresolved			1	0	0	1
D0_010856	chr11	46121578	46122795	+	11	11	unresolved			1	0	0	1
D0_010857	chr11	47462796	47465302	-	11	10	unresolved			1	1	0	2
D0_010858	chr11	47776765	47778020	-	11	11	unresolved			1	1	0	2
D0_010859	chr11	55610095	55610341	-	11	11	unresolved			1	0	0	1
D0_010860	chr11	57666634	57667300	+	11	8	other_v49_added_gene		ENSG00000298226	1	0	0	1
D0_010861	chr11	59227702	59231444	+	11	9	other_v49_added_gene		ENSG00000294126	1	0	0	1
D0_010862	chr11	61037680	61039273	-	11	10	other_v49_added_gene		ENSG00000303405	1	0	0	1
D0_010863	chr11	62674028	62675701	+	11	11	unresolved			1	1	0	2
D0_010864	chr11	62744042	62745932	+	11	10	unresolved			1	0	0	1
D0_010865	chr11	64182275	64183689	-	11	11	other_v49_added_gene		ENSG00000288852	1	1	0	2
D0_010866	chr11	64338018	64339281	-	11	10	preexisting_v49_gene_span			1	1	0	2
D0_010867	chr11	65413920	65414709	+	11	10	unresolved			1	1	0	2
D0_010868	chr11	65565251	65566344	-	11	10	preexisting_v49_gene_span			1	1	0	2
D0_010869	chr11	66381558	66381660	+	11	11	unresolved			1	0	0	1
D0_010870	chr11	67682690	67682771	-	11	11	unresolved			1	1	0	2
D0_010871	chr11	67913655	67915837	+	11	6	unresolved			1	0	0	1
D0_010872	chr11	69895755	69896052	+	11	11	unresolved			0	0	0	0
D0_010873	chr11	73993188	73994937	-	11	11	unresolved			1	0	0	1
D0_010874	chr11	75370441	75371551	-	11	11	unresolved			1	0	0	1
D0_010875	chr11	76564484	76566643	+	11	11	unresolved			1	0	0	1
D0_010876	chr11	77028246	77029189	+	11	11	unresolved			1	1	0	2
D0_010877	chr11	77995372	77996596	+	11	8	unresolved			1	0	0	1
D0_010878	chr11	88272113	88272449	+	11	11	unresolved			1	0	0	1
D0_010879	chr11	88361070	88362220	+	11	8	preexisting_v49_gene_span			1	0	0	1
D0_010880	chr11	93304331	93306685	-	11	9	unresolved			1	0	0	1
D0_010881	chr11	98436701	98447070	+	11	11	unresolved			1	1	0	2
D0_010882	chr11	102390078	102390865	-	11	11	unresolved			1	0	0	1
D0_010883	chr11	104991639	104993532	-	11	9	preexisting_v49_gene_span			1	1	0	2
D0_010884	chr11	110480426	110481418	+	11	10	other_v49_added_gene		ENSG00000305515	1	0	0	1
D0_010885	chr11	111348690	111350628	-	11	10	unresolved			1	1	0	2
D0_010886	chr11	113718396	113722271	-	11	9	unresolved			1	1	0	2
D0_010887	chr11	118187849	118189690	-	11	9	unresolved			1	0	0	1
D0_010888	chr11	118317322	118318631	+	11	9	unresolved			1	0	0	1
D0_010889	chr11	123250595	123250714	+	11	11	unresolved			1	0	0	1
D0_010890	chr11	129585188	129586096	-	11	10	unresolved			1	0	0	1
D0_010891	chr11	130224991	130226100	-	11	11	unresolved			1	0	0	1
D0_010892	chr11	130747301	130747508	-	11	11	unresolved			1	0	0	1
D0_010893	chr12	6168218	6168936	+	11	8	unresolved			1	0	0	1
D0_010894	chr12	6533518	6534175	-	11	6	preexisting_v49_gene_span			1	0	0	1
D0_010895	chr12	9029276	9030908	-	11	11	unresolved			1	0	0	1
D0_010896	chr12	9870348	9871241	+	11	11	unresolved			1	1	0	2
D0_010897	chr12	10353694	10357244	-	11	9	unresolved			1	1	0	2
D0_010898	chr12	11197021	11197459	-	11	10	unresolved			1	0	0	1
D0_010899	chr12	11522064	11522406	-	11	11	unresolved			1	0	0	1
D0_010900	chr12	11526810	11528062	-	11	10	unresolved			1	0	0	1
D0_010901	chr12	12830566	12834582	+	11	11	unresolved			1	1	0	2
D0_010902	chr12	25377975	25381167	-	11	11	unresolved			1	0	0	1
D0_010903	chr12	31327064	31328298	+	11	9	unresolved			1	0	0	1
D0_010904	chr12	32032440	32033150	+	11	11	unresolved			1	0	0	1
D0_010905	chr12	32040436	32041321	+	11	9	unresolved			1	0	0	1
D0_010906	chr12	42147917	42148209	+	11	9	other_v49_added_gene		ENSG00000304536	1	1	0	2
D0_010907	chr12	43718394	43718733	+	11	10	unresolved			1	0	0	1
D0_010908	chr12	44998676	44998865	+	11	11	unresolved			1	0	0	1
D0_010909	chr12	47307834	47308900	+	11	11	unresolved			1	0	0	1
D0_010910	chr12	50101256	50101635	-	11	11	other_v49_added_gene		ENSG00000295262	1	0	0	1
D0_010911	chr12	51219866	51223394	-	11	11	unresolved			1	1	0	2
D0_010912	chr12	62623552	62625046	-	11	11	unresolved			1	0	0	1
D0_010913	chr12	67780196	67781338	-	11	10	unresolved			1	0	0	1
D0_010914	chr12	73381159	73579112	-	11	11	unresolved			1	1	0	2
D0_010915	chr12	76763218	76763469	+	11	10	unresolved			1	1	0	2
D0_010916	chr12	93450536	93450665	-	11	10	unresolved			1	0	0	1
D0_010917	chr12	94808727	94818162	-	11	9	other_v49_added_gene		ENSG00000303924	1	0	0	1
D0_010918	chr12	96905801	96906893	-	11	10	unresolved			1	1	0	2
D0_010919	chr12	96960734	96962365	+	11	9	unresolved			1	0	0	1
D0_010920	chr12	98438501	98439948	-	11	11	other_v49_added_gene		ENSG00000302820	1	0	0	1
D0_010921	chr12	104357490	104359949	+	11	9	unresolved			1	1	0	2
D0_010922	chr12	110276943	110277771	-	11	10	other_v49_added_gene		ENSG00000289311	1	0	0	1
D0_010923	chr12	110279239	110280381	-	11	9	other_v49_added_gene		ENSG00000289311	1	1	0	2
D0_010924	chr12	121301651	121302824	+	11	11	unresolved			1	0	0	1
D0_010925	chr12	123283912	123285392	-	11	9	unresolved			1	0	0	1
D0_010926	chr12	124732941	124734142	-	11	9	unresolved			1	0	0	1
D0_010927	chr12	124939959	124940297	+	11	9	other_v49_added_gene		ENSG00000301157	1	1	0	2
D0_010928	chr12	128849266	128852239	-	11	9	other_v49_added_gene		ENSG00000295225	1	1	0	2
D0_010929	chr12	131818966	131823511	-	11	10	other_v49_added_gene		ENSG00000295910	1	0	0	1
D0_010930	chr12	132590522	132592085	+	11	10	unresolved			1	0	0	1
D0_010931	chr12	132968677	132971097	+	11	10	other_v49_added_gene		ENSG00000289516	1	0	0	1
D0_010932	chr13	20905232	20906659	+	11	10	unresolved			1	0	0	1
D0_010933	chr13	21150472	21151424	+	11	10	unresolved			1	0	0	1
D0_010934	chr13	22858479	22858805	-	11	11	unresolved			1	1	0	2
D0_010935	chr13	23509463	23509653	-	11	11	other_v49_added_gene		ENSG00000298148	1	1	0	2
D0_010936	chr13	24923018	24924568	+	11	11	other_v49_added_gene		ENSG00000299646	1	1	0	2
D0_010937	chr13	27540033	27540439	-	11	9	unresolved			1	0	0	1
D0_010938	chr13	30775815	30776118	-	11	11	unresolved			1	0	0	1
D0_010939	chr13	31193594	31196646	-	11	7	unresolved			1	1	0	2
D0_010940	chr13	36834461	36837140	+	11	11	unresolved			1	0	0	1
D0_010941	chr13	36843394	36843685	-	11	11	unresolved			1	0	0	1
D0_010942	chr13	40666918	40668217	-	11	9	preexisting_v49_gene_span			1	0	0	1
D0_010943	chr13	46338651	46339831	+	11	9	unresolved			1	0	0	1
D0_010944	chr13	55032447	55032549	+	11	11	unresolved			0	0	0	0
D0_010945	chr13	66254780	66259157	-	11	11	unresolved			1	0	0	1
D0_010946	chr13	81558914	81559152	-	11	10	unresolved			1	0	0	1
D0_010947	chr13	81576515	81576668	+	11	11	unresolved			1	0	0	1
D0_010948	chr13	86807031	86807861	+	11	7	other_v49_added_gene		ENSG00000294016	0	0	0	0
D0_010949	chr13	89088935	89089994	+	11	10	unresolved			1	0	0	1
D0_010950	chr13	98028829	98030193	+	11	8	unresolved			1	1	0	2
D0_010951	chr13	98789130	98792147	-	11	9	unresolved			1	0	0	1
D0_010952	chr13	99127657	99163632	+	11	11	unresolved			1	1	0	2
D0_010953	chr13	99568641	99570260	+	11	9	unresolved			1	0	0	1
D0_010954	chr13	108501971	108563467	+	11	11	other_v49_added_gene		ENSG00000298702	1	1	0	2
D0_010955	chr13	109393488	109395484	-	11	11	other_v49_added_gene		ENSG00000297783	1	0	0	1
D0_010956	chr13	109749090	109749444	-	11	10	unresolved			1	0	0	1
D0_010957	chr14	22071217	22071473	+	11	10	unresolved			1	1	0	2
D0_010958	chr14	22496425	22496740	-	11	11	unresolved			1	0	0	1
D0_010959	chr14	24518973	24559223	+	11	11	unresolved			0	0	0	0
D0_010960	chr14	34511183	34513388	-	11	8	unresolved			1	0	0	1
D0_010961	chr14	39139401	39140693	+	11	11	unresolved			1	0	0	1
D0_010962	chr14	49753350	49755099	+	11	11	preexisting_v49_gene_span			1	0	0	1
D0_010963	chr14	49910374	49911616	-	11	10	unresolved			1	0	0	1
D0_010964	chr14	50106097	50108161	+	11	11	unresolved			1	0	0	1
D0_010965	chr14	51276914	51279518	+	11	10	unresolved			1	1	0	2
D0_010966	chr14	53021582	53022234	-	11	8	unresolved			1	1	0	2
D0_010967	chr14	54453928	54454241	-	11	11	unresolved			1	0	0	1
D0_010968	chr14	55050454	55051546	-	11	11	other_v49_added_gene		ENSG00000307927	1	0	0	1
D0_010969	chr14	65350830	65363478	-	11	10	unresolved			1	0	0	1
D0_010970	chr14	65744206	65747887	+	11	10	unresolved			1	1	0	2
D0_010971	chr14	69462863	69466202	+	11	10	unresolved			1	1	0	2
D0_010972	chr14	73846469	73846600	-	11	11	unresolved			1	0	0	1
D0_010973	chr14	74278951	74280873	-	11	10	unresolved			1	0	0	1
D0_010974	chr14	85021424	85021580	-	11	11	unresolved			1	0	0	1
D0_010975	chr14	90048676	90052423	+	11	11	unresolved			1	1	0	2
D0_010976	chr14	95761822	95763398	+	11	6	unresolved			1	0	0	1
D0_010977	chr14	99152508	99153320	+	11	11	unresolved			1	0	0	1
D0_010978	chr14	99281364	99282094	-	11	9	other_v49_added_gene		ENSG00000289137	1	1	0	2
D0_010979	chr14	100186698	100202637	+	11	9	unresolved			1	0	0	1
D0_010980	chr14	105065837	105066649	+	11	10	other_v49_added_gene		ENSG00000307140	1	0	0	1
D0_010981	chr14	105078248	105079159	-	11	11	other_v49_added_gene		ENSG00000307120	1	0	0	1
D0_010982	chr14	105513655	105516962	-	11	10	unresolved			1	0	0	1
D0_010983	chr14	106578140	106578503	-	11	8	unresolved			1	1	0	2
D0_010984	chr15	30548167	30551369	+	11	10	unresolved			1	0	0	1
D0_010985	chr15	31315891	31318386	-	11	10	unresolved			1	1	0	2
D0_010986	chr15	47134150	47134324	+	11	11	other_v49_added_gene		ENSG00000307269	1	0	0	1
D0_010987	chr15	49852632	49854185	-	11	11	unresolved			1	0	0	1
D0_010988	chr15	50374781	50375966	+	11	11	unresolved			1	0	0	1
D0_010989	chr15	50687882	50690835	+	11	11	other_v49_added_gene		ENSG00000304636	1	1	0	2
D0_010990	chr15	51008067	51009963	-	11	9	unresolved			1	0	0	1
D0_010991	chr15	63859533	63859978	+	11	7	unresolved			1	0	0	1
D0_010992	chr15	65115875	65117084	-	11	9	unresolved			1	1	0	2
D0_010993	chr15	65141403	65143597	-	11	11	unresolved			1	0	0	1
D0_010994	chr15	67811520	67811843	+	11	10	unresolved			1	1	0	2
D0_010995	chr15	80006484	80010311	-	11	10	unresolved			1	0	0	1
D0_010996	chr15	84667014	84667704	-	11	11	unresolved			1	1	0	2
D0_010997	chr15	85841267	85842950	-	11	11	unresolved			1	0	0	1
D0_010998	chr15	90526479	90527193	-	11	11	unresolved			1	0	0	1
D0_010999	chr15	99496664	99497779	-	11	10	unresolved			1	0	0	1
D0_011000	chr15	101619958	101620273	-	11	10	unresolved			1	1	0	2
D0_011001	chr16	806494	807254	+	11	10	unresolved			1	0	0	1
D0_011002	chr16	1424735	1426120	-	11	10	other_v49_added_gene		ENSG00000303433	1	1	0	2
D0_011003	chr16	1703210	1705704	-	11	11	unresolved			1	1	0	2
D0_011004	chr16	2136340	2138540	+	11	11	unresolved			1	0	0	1
D0_011005	chr16	2647064	2647246	-	11	11	other_v49_added_gene		ENSG00000290728	1	0	0	1
D0_011006	chr16	3950863	3952667	-	11	10	unresolved			1	1	0	2
D0_011007	chr16	4457759	4458275	+	11	10	unresolved			1	0	0	1
D0_011008	chr16	9151524	9152526	-	11	11	unresolved			1	1	0	2
D0_011009	chr16	10863277	10864905	-	11	10	unresolved			1	0	0	1
D0_011010	chr16	14055155	14055259	+	11	11	unresolved			1	0	0	1
D0_011011	chr16	17038624	17039429	-	11	10	other_v49_added_gene		ENSG00000297089	1	0	0	1
D0_011012	chr16	22290766	22294349	+	11	9	unresolved			1	1	0	2
D0_011013	chr16	27311211	27313385	-	11	9	unresolved			1	0	0	1
D0_011014	chr16	28819470	28820566	-	11	11	preexisting_v49_gene_span			1	1	0	2
D0_011015	chr16	29468506	29470272	-	11	10	unresolved			1	0	0	1
D0_011016	chr16	30215562	30216103	+	11	10	other_v49_added_gene		ENSG00000302389	1	0	0	1
D0_011017	chr16	30566917	30569192	-	11	10	unresolved			1	1	0	2
D0_011018	chr16	31050122	31051424	+	11	11	unresolved			1	0	0	1
D0_011019	chr16	31210290	31211541	+	11	10	unresolved			1	0	0	1
D0_011020	chr16	47715185	47716448	+	11	11	unresolved			1	0	0	1
D0_011021	chr16	58513646	58515274	-	11	11	other_v49_added_gene		ENSG00000289004	1	1	0	2
D0_011022	chr16	65791909	65792008	+	11	11	unresolved			0	0	0	0
D0_011023	chr16	67506057	67506768	+	11	11	unresolved			1	1	0	2
D0_011024	chr16	67980920	67982045	-	11	11	unresolved			1	1	0	2
D0_011025	chr16	67984358	67986945	-	11	10	unresolved			1	0	0	1
D0_011026	chr16	69090648	69091198	-	11	10	unresolved			1	0	0	1
D0_011027	chr16	69467620	69480731	-	11	11	unresolved			1	1	0	2
D0_011028	chr16	71832034	71833188	+	11	10	preexisting_v49_gene_span			1	0	0	1
D0_011029	chr16	84049502	84049888	-	11	10	unresolved			1	0	0	1
D0_011030	chr16	84782569	84784749	-	11	9	unresolved			1	0	0	1
D0_011031	chr16	85816724	85818008	-	11	10	unresolved			1	0	0	1
D0_011032	chr16	85897365	85898664	-	11	10	unresolved			1	1	0	2
D0_011033	chr16	89251147	89253002	-	11	9	unresolved			1	0	0	1
D0_011034	chr16	89558289	89560534	-	11	9	unresolved			1	0	0	1
D0_011035	chr16	89568715	89569788	+	11	11	unresolved			1	0	0	1
D0_011036	chr17	501850	502966	-	11	10	other_v49_added_gene		ENSG00000297664	1	0	0	1
D0_011037	chr17	1404132	1404992	-	11	10	unresolved			1	0	0	1
D0_011038	chr17	2714661	2715217	-	11	11	unresolved			1	0	0	1
D0_011039	chr17	4935025	4936344	-	11	11	preexisting_v49_gene_span			1	1	0	2
D0_011040	chr17	5056856	5059655	+	11	10	unresolved			1	1	0	2
D0_011041	chr17	5248601	5250429	-	11	11	unresolved			1	0	0	1
D0_011042	chr17	5720949	5721045	-	11	11	preexisting_v49_gene_span			1	0	0	1
D0_011043	chr17	7091511	7094157	-	11	9	unresolved			1	0	0	1
D0_011044	chr17	7119570	7122346	+	11	11	unresolved			1	0	0	1
D0_011045	chr17	7142370	7145531	-	11	10	unresolved			1	1	0	2
D0_011046	chr17	7169030	7170037	+	11	10	other_v49_added_gene		ENSG00000305670	1	0	0	1
D0_011047	chr17	7517112	7518543	-	11	10	unresolved			1	0	0	1
D0_011048	chr17	8163578	8167726	+	11	11	other_v49_added_gene		ENSG00000299959	1	0	0	1
D0_011049	chr17	15435350	15435697	+	11	11	unresolved			1	0	0	1
D0_011050	chr17	18210540	18212331	-	11	11	unresolved			1	0	0	1
D0_011051	chr17	18259359	18259842	-	11	10	unresolved			1	0	0	1
D0_011052	chr17	21588811	21591195	+	11	11	unresolved			1	0	0	1
D0_011053	chr17	30471720	30474770	+	11	9	unresolved			1	0	0	1
D0_011054	chr17	36062721	36062890	+	11	11	unresolved			1	0	0	1
D0_011055	chr17	37993505	37995886	+	11	10	unresolved			1	0	0	1
D0_011056	chr17	38194991	38195386	-	11	10	other_v49_added_gene		ENSG00000291088	1	0	0	1
D0_011057	chr17	38639772	38648240	+	11	11	unresolved			1	0	0	1
D0_011058	chr17	40606181	40606535	-	11	6	unresolved			1	1	0	2
D0_011059	chr17	43307919	43309619	+	11	7	unresolved			1	0	0	1
D0_011060	chr17	43430497	43441522	-	11	10	unresolved			1	0	0	1
D0_011061	chr17	43779020	43779560	+	11	9	unresolved			1	1	0	2
D0_011062	chr17	44791199	44791980	-	11	11	preexisting_v49_gene_span			1	1	0	2
D0_011063	chr17	47115317	47116607	+	11	10	unresolved			1	1	0	2
D0_011064	chr17	47443175	47446113	+	11	11	unresolved			1	1	0	2
D0_011065	chr17	47750317	47750593	+	11	10	unresolved			1	0	0	1
D0_011066	chr17	49693979	49696203	-	11	10	unresolved			1	0	0	1
D0_011067	chr17	49849145	49849580	-	11	11	unresolved			1	0	0	1
D0_011068	chr17	50856903	50857864	+	11	9	unresolved			1	0	0	1
D0_011069	chr17	56923487	56925967	-	11	10	unresolved			1	0	0	1
D0_011070	chr17	58012328	58013422	+	11	11	other_v49_added_gene		ENSG00000302377	1	1	0	2
D0_011071	chr17	59405543	59405876	-	11	11	preexisting_v49_gene_span			1	0	0	1
D0_011072	chr17	61935109	61935891	-	11	9	unresolved			1	0	0	1
D0_011073	chr17	62969618	62971114	+	11	9	preexisting_v49_gene_span			1	1	0	2
D0_011074	chr17	63611624	63612014	+	11	8	unresolved			1	1	0	2
D0_011075	chr17	63615825	63618375	+	11	10	unresolved			1	0	0	1
D0_011076	chr17	67698534	67700022	-	11	10	preexisting_v49_gene_span			1	0	0	1
D0_011077	chr17	67715376	67717513	-	11	10	preexisting_v49_gene_span			1	0	0	1
D0_011078	chr17	74497058	74499043	+	11	11	unresolved			1	0	0	1
D0_011079	chr17	77886210	77888440	-	11	11	preexisting_v49_gene_span			1	1	0	2
D0_011080	chr17	78926430	78927893	+	11	10	unresolved			1	0	0	1
D0_011081	chr17	82044569	82046844	-	11	10	unresolved			1	1	0	2
D0_011082	chr18	7522033	7522766	+	11	11	unresolved			1	0	0	1
D0_011083	chr18	15300928	15301029	+	11	11	unresolved			1	0	0	1
D0_011084	chr18	21637353	21639717	-	11	11	unresolved			1	0	0	1
D0_011085	chr18	23067030	23098318	+	11	11	unresolved			1	0	0	1
D0_011086	chr18	27217221	27217339	+	11	11	unresolved			1	0	0	1
D0_011087	chr18	35981469	35982835	+	11	10	unresolved			1	1	0	2
D0_011088	chr18	42093959	42096812	+	11	9	unresolved			1	0	0	1
D0_011089	chr18	43452184	43452316	+	11	11	unresolved			1	0	0	1
D0_011090	chr18	46287702	46288150	+	11	10	unresolved			1	0	0	1
D0_011091	chr18	54065880	54066355	+	11	11	unresolved			0	0	0	0
D0_011092	chr18	57327637	57327987	-	11	11	other_v49_added_gene		ENSG00000293721	1	0	0	1
D0_011093	chr18	58019151	58022688	+	11	11	other_v49_added_gene		ENSG00000298214	1	1	0	2
D0_011094	chr18	61076932	61297426	+	11	11	unresolved			1	1	0	2
D0_011095	chr18	63321685	63322326	-	11	8	unresolved			1	1	0	2
D0_011096	chr18	68226753	68226905	-	11	11	unresolved			0	0	0	0
D0_011097	chr18	73054974	73140835	-	11	10	other_v49_added_gene		ENSG00000306127,ENSG00000309981	1	1	0	2
D0_011098	chr18	74494682	74495806	-	11	11	unresolved			1	1	0	2
D0_011099	chr18	76339880	76344100	-	11	8	other_v49_added_gene		ENSG00000304765	1	1	0	2
D0_011100	chr19	893658	894585	-	11	11	unresolved			1	0	0	1
D0_011101	chr19	1894664	1896599	-	11	10	unresolved			1	1	0	2
D0_011102	chr19	1896605	1900627	+	11	11	unresolved			1	0	0	1
D0_011103	chr19	2893371	2894794	+	11	11	unresolved			1	0	0	1
D0_011104	chr19	4135811	4136153	-	11	9	unresolved			1	0	0	1
D0_011105	chr19	4672741	4675023	-	11	9	preexisting_v49_gene_span			1	0	0	1
D0_011106	chr19	8489155	8489467	+	11	9	unresolved			1	0	0	1
D0_011107	chr19	10483424	10485683	-	11	9	unresolved			1	1	0	2
D0_011108	chr19	10946167	10948290	+	11	11	unresolved			1	0	0	1
D0_011109	chr19	10949331	10956178	+	11	10	unresolved			1	1	0	2
D0_011110	chr19	11079500	11081961	+	11	10	unresolved			1	1	0	2
D0_011111	chr19	11087773	11089338	-	11	10	other_v49_added_gene		ENSG00000307752	1	1	0	2
D0_011112	chr19	11742549	11744520	+	11	11	unresolved			1	0	0	1
D0_011113	chr19	15208549	15220356	+	11	11	unresolved			1	0	0	1
D0_011114	chr19	18044444	18046889	-	11	9	other_v49_added_gene		ENSG00000302080	1	1	0	2
D0_011115	chr19	18329214	18329988	+	11	10	other_v49_added_gene		ENSG00000295083	1	0	0	1
D0_011116	chr19	18677989	18680148	+	11	6	unresolved			1	0	0	1
D0_011117	chr19	21079363	21081707	+	11	10	preexisting_v49_gene_span			1	0	0	1
D0_011118	chr19	29698561	29698814	+	11	11	unresolved			1	0	0	1
D0_011119	chr19	33298540	33299907	-	11	8	unresolved			1	1	0	2
D0_011120	chr19	34101592	34106614	+	11	11	unresolved			1	0	0	1
D0_011121	chr19	34234580	34235515	-	11	11	unresolved			1	0	0	1
D0_011122	chr19	34237048	34240907	-	11	11	unresolved			1	0	0	1
D0_011123	chr19	34238706	34239386	+	11	11	unresolved			1	0	0	1
D0_011124	chr19	34947839	34948901	+	11	11	unresolved			1	0	0	1
D0_011125	chr19	36681595	36682249	+	11	10	other_v49_added_gene		ENSG00000301128	1	0	0	1
D0_011126	chr19	38208400	38209262	-	11	10	unresolved			1	1	0	2
D0_011127	chr19	38813425	38814516	+	11	11	unresolved			1	0	0	1
D0_011128	chr19	38814877	38815140	-	11	11	unresolved			1	0	0	1
D0_011129	chr19	40021471	40023303	-	11	11	unresolved			1	1	0	2
D0_011130	chr19	41140845	41167448	-	11	10	other_v49_added_gene		ENSG00000301056	1	1	0	2
D0_011131	chr19	43858112	43859689	+	11	8	unresolved			1	0	0	1
D0_011132	chr19	45329640	45330007	-	11	11	unresolved			1	0	0	1
D0_011133	chr19	46823451	46823686	-	11	11	unresolved			1	0	0	1
D0_011134	chr19	47217745	47218848	+	11	11	unresolved			1	0	0	1
D0_011135	chr19	47775040	47778377	-	11	10	preexisting_v49_gene_span			1	1	0	2
D0_011136	chr19	48694333	48695166	-	11	9	unresolved			1	0	0	1
D0_011137	chr19	48783168	48790497	+	11	11	unresolved			1	0	0	1
D0_011138	chr19	48791953	48792843	-	11	10	unresolved			0	0	0	0
D0_011139	chr19	51216134	51216806	+	11	10	other_v49_added_gene		ENSG00000290859	1	1	0	2
D0_011140	chr19	55221827	55222583	-	11	11	unresolved			1	1	0	2
D0_011141	chr19	55414319	55427001	-	11	11	unresolved			1	0	0	1
D0_011142	chr19	57180389	57189888	+	11	11	other_v49_added_gene		ENSG00000306458	1	1	0	2
D0_011143	chr20	2192310	2192498	-	11	11	unresolved			1	0	0	1
D0_011144	chr20	4037631	4037970	-	11	10	other_v49_added_gene		ENSG00000306206	1	0	0	1
D0_011145	chr20	13843042	13843253	-	11	11	unresolved			1	0	0	1
D0_011146	chr20	18768466	18768775	-	11	10	unresolved			1	0	0	1
D0_011147	chr20	35742933	35744277	-	11	11	unresolved			1	0	0	1
D0_011148	chr20	36648250	36649745	+	11	8	other_v49_added_gene		ENSG00000306099	1	0	0	1
D0_011149	chr20	36981256	36983642	-	11	8	unresolved			1	1	0	2
D0_011150	chr20	36982442	36983956	+	11	10	unresolved			1	0	0	1
D0_011151	chr20	39307117	39307393	-	11	9	unresolved			1	0	0	1
D0_011152	chr20	44193725	44195889	-	11	11	unresolved			1	0	0	1
D0_011153	chr20	46142548	46146833	+	11	8	unresolved			1	1	0	2
D0_011154	chr20	51893213	51899641	-	11	11	other_v49_added_gene		ENSG00000295844	1	1	0	2
D0_011155	chr20	51915738	51937542	-	11	11	other_v49_added_gene		ENSG00000295844	1	1	0	2
D0_011156	chr20	53533144	53535859	-	11	9	unresolved			1	1	0	2
D0_011157	chr20	54801993	54802174	-	11	11	unresolved			1	0	0	1
D0_011158	chr20	57490886	57491374	+	11	11	unresolved			1	0	0	1
D0_011159	chr20	62862181	62862501	+	11	10	other_v49_added_gene		ENSG00000302953	1	0	0	1
D0_011160	chr20	64289116	64289894	+	11	11	preexisting_v49_gene_span			1	0	0	1
D0_011161	chr21	5056374	5057857	+	11	10	unresolved			1	0	0	1
D0_011162	chr21	6130309	6130546	-	11	11	unresolved			1	0	0	1
D0_011163	chr21	6440826	6441697	-	11	11	unresolved			1	0	0	1
D0_011164	chr21	6516489	6517909	-	11	9	unresolved			1	0	0	1
D0_011165	chr21	17096165	17096281	-	11	11	other_v49_added_gene		ENSG00000303199	0	0	0	0
D0_011166	chr21	19331192	19331427	+	11	11	unresolved			1	0	0	1
D0_011167	chr21	25582136	25584787	+	11	9	unresolved			1	1	0	2
D0_011168	chr21	28782805	28783714	-	11	9	preexisting_v49_gene_span			1	0	0	1
D0_011169	chr21	29074041	29075192	+	11	10	unresolved			1	0	0	1
D0_011170	chr21	29181428	29181531	-	11	11	unresolved			1	0	0	1
D0_011171	chr21	30639185	30639331	-	11	11	unresolved			1	0	0	1
D0_011172	chr21	31572620	31585298	-	11	11	unresolved			1	0	0	1
D0_011173	chr21	31670301	31670996	+	11	11	unresolved			1	1	0	2
D0_011174	chr21	32515560	32516264	+	11	11	preexisting_v49_gene_span			1	1	0	2
D0_011175	chr21	32525842	32529430	-	11	11	preexisting_v49_gene_span			1	1	0	2
D0_011176	chr21	32557564	32557854	+	11	10	unresolved			1	0	0	1
D0_011177	chr21	33496773	33499077	+	11	9	unresolved			1	0	0	1
D0_011178	chr21	37035889	37036896	-	11	9	unresolved			1	1	0	2
D0_011179	chr21	39350265	39352257	+	11	7	other_v49_added_gene		ENSG00000298029	1	0	0	1
D0_011180	chr21	41797454	41797772	+	11	9	unresolved			1	0	0	1
D0_011181	chr21	44819001	44821330	+	11	8	unresolved			1	1	0	2
D0_011182	chr22	17065804	17067325	+	11	11	other_v49_added_gene		ENSG00000290931	1	1	0	2
D0_011183	chr22	17134646	17136615	+	11	11	unresolved			1	0	0	1
D0_011184	chr22	19866140	19867381	+	11	9	other_v49_added_gene		ENSG00000289960	1	1	0	2
D0_011185	chr22	23965617	23966301	-	11	11	other_v49_added_gene		ENSG00000290199	1	0	0	1
D0_011186	chr22	25275452	25277526	-	11	11	preexisting_v49_gene_span			0	1	0	1
D0_011187	chr22	26972653	26973373	+	11	10	preexisting_v49_gene_span			0	0	0	0
D0_011188	chr22	30330785	30331889	-	11	10	unresolved			1	0	0	1
D0_011189	chr22	30505990	30513001	+	11	11	other_v49_added_gene		ENSG00000304489	1	0	0	1
D0_011190	chr22	31672267	31674605	-	11	10	unresolved			1	1	0	2
D0_011191	chr22	35395864	35398646	+	11	7	unresolved			1	0	0	1
D0_011192	chr22	37223083	37223893	-	11	10	unresolved			1	0	0	1
D0_011193	chr22	38284087	38284443	+	11	10	unresolved			1	0	0	1
D0_011194	chr22	39033525	39035815	-	11	10	other_v49_added_gene		ENSG00000306709	1	0	0	1
D0_011195	chr22	40646623	40647519	+	11	11	unresolved			1	0	0	1
D0_011196	chr22	41827215	41830732	+	11	11	preexisting_v49_gene_span			1	1	0	2
D0_011197	chr22	42796102	42796461	-	11	11	unresolved			1	0	0	1
D0_011198	chr22	46036291	46037189	+	11	10	other_v49_added_gene		ENSG00000303445	1	0	0	1
D0_011199	chr22	47438753	47439922	-	11	11	preexisting_v49_gene_span			1	0	0	1
D0_011200	chr22	49850854	49851179	+	11	10	unresolved			1	0	0	1
D0_011201	chr22	49977352	49978438	-	11	9	unresolved			1	0	0	1
D0_011202	chr22	50564218	50567232	-	11	9	unresolved			1	0	0	1
D0_011203	chr22	50755767	50756573	-	11	5	unresolved			1	0	0	1
D0_011204	chrX	3596989	3598947	+	11	9	unresolved			1	0	0	1
D0_011205	chrX	3600258	3601545	-	11	10	unresolved			1	0	0	1
D0_011206	chrX	12951105	12951563	+	11	10	other_v49_added_gene		ENSG00000306507	1	0	0	1
D0_011207	chrX	15967449	15969897	+	11	11	unresolved			1	0	0	1
D0_011208	chrX	18400933	18401090	+	11	11	unresolved			1	0	0	1
D0_011209	chrX	20118191	20119683	+	11	10	unresolved			1	0	0	1
D0_011210	chrX	26432604	26432676	-	11	11	other_v49_added_gene		ENSG00000301494	0	0	0	0
D0_011211	chrX	30580186	30581700	-	11	9	unresolved			1	0	0	1
D0_011212	chrX	41238225	41254540	-	11	11	unresolved			1	1	0	2
D0_011213	chrX	47506817	47506917	+	11	11	unresolved			1	0	0	1
D0_011214	chrX	48614121	48614402	-	11	11	unresolved			1	0	0	1
D0_011215	chrX	49043817	49045655	+	11	9	other_v49_added_gene		ENSG00000302089	1	0	0	1
D0_011216	chrX	49138208	49140190	-	11	11	other_v49_added_gene		ENSG00000289245	1	1	0	2
D0_011217	chrX	53697786	53699370	-	11	8	unresolved			1	0	0	1
D0_011218	chrX	55042412	55042553	+	11	11	unresolved			1	0	0	1
D0_011219	chrX	55761886	55762860	+	11	10	unresolved			1	1	0	2
D0_011220	chrX	57214317	57215282	+	11	11	preexisting_v49_gene_span			1	0	0	1
D0_011221	chrX	57713627	57713727	+	11	11	unresolved			1	0	0	1
D0_011222	chrX	65320603	65321783	+	11	10	preexisting_v49_gene_span			1	0	0	1
D0_011223	chrX	79387299	79389740	+	11	10	other_v49_added_gene		ENSG00000294454	1	0	0	1
D0_011224	chrX	84268544	84294538	-	11	11	unresolved			1	0	0	1
D0_011225	chrX	89657054	89882372	+	11	11	unresolved			1	1	0	2
D0_011226	chrX	93422305	93563062	+	11	11	unresolved			1	1	0	2
D0_011227	chrX	100953382	100954256	+	11	9	unresolved			1	0	0	1
D0_011228	chrX	101858413	101870561	+	11	11	unresolved			1	0	0	1
D0_011229	chrX	101871749	101882106	-	11	10	unresolved			1	1	0	2
D0_011230	chrX	107703144	107704091	-	11	10	unresolved			1	0	0	1
D0_011231	chrX	115464605	115474722	+	11	11	unresolved			1	0	0	1
D0_011232	chrX	116141010	116141103	-	11	10	unresolved			0	0	0	0
D0_011233	chrX	118293254	118293364	-	11	9	unresolved			1	0	0	1
D0_011234	chrX	130414919	130415290	+	11	10	unresolved			1	1	0	2
D0_011235	chrX	134447924	134451969	+	11	11	unresolved			1	0	0	1
D0_011236	chrX	134862890	134863311	+	11	11	unresolved			1	0	0	1
D0_011237	chrX	135366434	135367433	+	11	9	unresolved			1	1	0	2
D0_011238	chrX	136819621	136821130	-	11	9	unresolved			1	1	0	2
D0_011239	chrX	136908501	136909064	-	11	7	other_v49_added_gene		ENSG00000299029	1	1	0	2
D0_011240	chrX	144180899	144274219	+	11	11	other_v49_added_gene		ENSG00000307263	1	1	0	2
D0_011241	chrX	155720865	155722506	+	11	9	preexisting_v49_gene_span			1	0	0	1
D0_011242	chrY	1728077	1732498	-	11	10	unresolved			1	0	0	1
D0_011243	chrY	1926987	1929587	-	11	11	unresolved			1	0	0	1
D0_011244	chrY	2174325	2175032	+	11	11	unresolved			1	0	0	1
D0_011245	chrY	2683043	2684207	+	11	10	unresolved			1	0	0	1
D0_011246	chrY	19606842	19607828	+	11	11	unresolved			1	1	0	2
D0_011247	chrY	21096099	21098441	+	11	9	unresolved			1	1	0	2
D0_011248	GL000194.1	105984	108198	+	11	11	unresolved			1	0	0	1
D0_011249	GL000195.1	42956	43296	-	11	8	unresolved			1	0	0	1
D0_011250	KI270712.1	1567	1892	-	11	10	unresolved			1	0	0	1
D0_011251	KI270713.1	20309	20719	+	11	10	unresolved			1	0	0	1
D0_011252	KI270719.1	62998	64231	+	11	11	unresolved			1	0	0	1
D0_011253	chr1	1606897	1607700	-	10	9	unresolved			1	0	0	1
D0_011254	chr1	1692960	1693199	-	10	10	preexisting_v49_gene_span			1	0	0	1
D0_011255	chr1	1746224	1746526	-	10	10	unresolved			1	0	0	1
D0_011256	chr1	6783115	6783866	-	10	9	unresolved			1	1	0	2
D0_011257	chr1	8881809	8884225	-	10	10	preexisting_v49_gene_span			1	1	0	2
D0_011258	chr1	8890742	8893151	-	10	9	unresolved			1	0	0	1
D0_011259	chr1	9828618	9838475	+	10	10	unresolved			1	0	0	1
D0_011260	chr1	9918670	9922058	-	10	10	unresolved			1	1	0	2
D0_011261	chr1	10182034	10185269	-	10	10	unresolved			1	1	0	2
D0_011262	chr1	11050631	11051732	-	10	10	unresolved			1	1	0	2
D0_011263	chr1	12211896	12214396	-	10	9	unresolved			1	0	0	1
D0_011264	chr1	15616118	15616958	-	10	10	other_v49_added_gene		ENSG00000294489	1	0	0	1
D0_011265	chr1	15810975	15811070	+	10	10	unresolved			1	0	0	1
D0_011266	chr1	16241636	16241977	+	10	10	unresolved			1	0	0	1
D0_011267	chr1	16460521	16460920	-	10	9	other_v49_added_gene		ENSG00000290842	1	1	0	2
D0_011268	chr1	17534426	17534510	-	10	10	unresolved			1	0	0	1
D0_011269	chr1	20510579	20521755	+	10	10	unresolved			1	0	0	1
D0_011270	chr1	21673794	21676900	-	10	10	unresolved			1	1	0	2
D0_011271	chr1	23293178	23293922	+	10	9	unresolved			1	1	0	2
D0_011272	chr1	23652871	23655518	+	10	10	unresolved			1	1	0	2
D0_011273	chr1	23660024	23660650	-	10	9	unresolved			1	0	0	1
D0_011274	chr1	23702690	23704075	+	10	9	unresolved			1	0	0	1
D0_011275	chr1	23788503	23790259	-	10	9	unresolved			1	1	0	2
D0_011276	chr1	23963480	23964271	+	10	10	preexisting_v49_gene_span			1	1	0	2
D0_011277	chr1	25591084	25593347	-	10	10	unresolved			1	1	0	2
D0_011278	chr1	26429890	26431912	-	10	9	preexisting_v49_gene_span			1	1	0	2
D0_011279	chr1	26494361	26496309	+	10	8	unresolved			1	0	0	1
D0_011280	chr1	27396036	27397698	+	10	9	unresolved			1	0	0	1
D0_011281	chr1	27826039	27827228	+	10	8	unresolved			1	1	0	2
D0_011282	chr1	28246930	28247137	-	10	9	preexisting_v49_gene_span			1	0	0	1
D0_011283	chr1	28505264	28505723	-	10	8	other_v49_added_gene		ENSG00000308327	1	1	0	2
D0_011284	chr1	29182180	29183676	+	10	10	unresolved			1	1	0	2
D0_011285	chr1	31107604	31107721	-	10	10	unresolved			1	0	0	1
D0_011286	chr1	31155059	31155800	+	10	10	other_v49_added_gene		ENSG00000308292	1	1	1	3
D0_011287	chr1	32982743	32984189	-	10	10	other_v49_added_gene		ENSG00000300688	1	0	0	1
D0_011288	chr1	34967167	34967304	-	10	10	unresolved			1	0	0	1
D0_011289	chr1	35596182	35599190	-	10	8	unresolved			1	1	0	2
D0_011290	chr1	36410817	36411711	+	10	8	other_v49_added_gene		ENSG00000297367	1	0	0	1
D0_011291	chr1	39068374	39074161	+	10	10	unresolved			1	1	0	2
D0_011292	chr1	39971222	39972362	+	10	7	unresolved			1	1	0	2
D0_011293	chr1	39989588	40010407	-	10	10	unresolved			1	1	0	2
D0_011294	chr1	40000294	40001374	+	10	10	unresolved			1	0	0	1
D0_011295	chr1	40863333	40863461	+	10	10	unresolved			0	0	0	0
D0_011296	chr1	40976644	40978818	-	10	10	other_v49_added_gene		ENSG00000301041	1	1	0	2
D0_011297	chr1	44806983	44808460	+	10	9	other_v49_added_gene		ENSG00000290041	1	0	0	1
D0_011298	chr1	44815710	44816400	-	10	10	unresolved			1	0	0	1
D0_011299	chr1	63438593	63440655	+	10	10	unresolved			1	1	0	2
D0_011300	chr1	67397120	67399971	-	10	10	unresolved			1	1	0	2
D0_011301	chr1	67406045	67407162	-	10	8	unresolved			1	1	0	2
D0_011302	chr1	67690527	67691669	+	10	6	unresolved			1	0	0	1
D0_011303	chr1	73255090	73255198	-	10	10	unresolved			1	0	0	1
D0_011304	chr1	77879605	77880023	+	10	9	unresolved			1	1	0	2
D0_011305	chr1	80653568	80653786	-	10	10	unresolved			1	0	0	1
D0_011306	chr1	83329100	83331096	-	10	7	preexisting_v49_gene_span			1	0	0	1
D0_011307	chr1	83368776	83370268	-	10	10	preexisting_v49_gene_span			1	0	0	1
D0_011308	chr1	85618024	85619271	-	10	8	unresolved			1	0	0	1
D0_011309	chr1	90902198	90904991	-	10	9	unresolved			1	1	0	2
D0_011310	chr1	90909511	90910644	+	10	10	unresolved			1	0	0	1
D0_011311	chr1	93076992	93078768	-	10	9	other_v49_added_gene		ENSG00000306346	1	1	0	2
D0_011312	chr1	93139476	93142365	-	10	10	unresolved			1	1	0	2
D0_011313	chr1	93391629	93393971	+	10	10	unresolved			1	1	0	2
D0_011314	chr1	100180955	100183019	-	10	9	preexisting_v49_gene_span			1	1	0	2
D0_011315	chr1	105242496	105426576	-	10	10	unresolved			0	1	0	1
D0_011316	chr1	109076339	109077408	+	10	9	unresolved			1	0	0	1
D0_011317	chr1	111428750	111431034	-	10	9	unresolved			1	1	0	2
D0_011318	chr1	113132807	113134179	+	10	8	unresolved			1	0	0	1
D0_011319	chr1	113921250	113923169	-	10	9	preexisting_v49_gene_span			1	1	0	2
D0_011320	chr1	115026289	115026575	-	10	10	unresolved			1	0	0	1
D0_011321	chr1	115149713	115149833	+	10	10	unresolved			1	0	0	1
D0_011322	chr1	116504542	116506495	-	10	9	unresolved			1	1	0	2
D0_011323	chr1	120417788	120419311	+	10	10	preexisting_v49_gene_span			1	0	0	1
D0_011324	chr1	120851430	120852675	+	10	9	unresolved			1	0	0	1
D0_011325	chr1	145287810	145289275	+	10	10	preexisting_v49_gene_span			1	1	0	2
D0_011326	chr1	146301354	146301560	-	10	10	unresolved			1	0	0	1
D0_011327	chr1	149818984	149819871	+	10	9	other_v49_added_gene		ENSG00000301450	1	0	0	1
D0_011328	chr1	150238471	150239085	+	10	10	unresolved			1	0	0	1
D0_011329	chr1	150638457	150641235	+	10	8	unresolved			1	1	0	2
D0_011330	chr1	150791943	150794920	+	10	10	unresolved			1	0	0	1
D0_011331	chr1	151272279	151274694	+	10	8	unresolved			1	0	0	1
D0_011332	chr1	151278424	151279674	-	10	8	preexisting_v49_gene_span			1	1	0	2
D0_011333	chr1	151374576	151391072	-	10	10	other_v49_added_gene		ENSG00000307595	1	0	0	1
D0_011334	chr1	153513610	153514601	-	10	9	unresolved			1	1	0	2
D0_011335	chr1	155331578	155333139	+	10	9	unresolved			1	0	0	1
D0_011336	chr1	155608669	155609585	-	10	9	unresolved			1	1	0	2
D0_011337	chr1	156602170	156602575	+	10	8	preexisting_v49_gene_span			1	0	0	1
D0_011338	chr1	158870899	158871113	-	10	10	unresolved			1	0	0	1
D0_011339	chr1	158994563	158994752	-	10	10	unresolved			1	0	0	1
D0_011340	chr1	159916762	159917333	+	10	8	unresolved			1	0	0	1
D0_011341	chr1	160523461	160524819	-	10	9	unresolved			1	0	0	1
D0_011342	chr1	160754930	160755900	+	10	9	unresolved			1	1	0	2
D0_011343	chr1	160793114	160795777	-	10	8	unresolved			1	0	0	1
D0_011344	chr1	161220903	161221555	+	10	8	unresolved			1	0	0	1
D0_011345	chr1	167711666	167712996	+	10	7	unresolved			1	0	0	1
D0_011346	chr1	168142536	168148339	+	10	10	unresolved			1	0	0	1
D0_011347	chr1	173227158	173227487	-	10	9	preexisting_v49_gene_span			1	0	0	1
D0_011348	chr1	173330928	173332076	-	10	10	preexisting_v49_gene_span			1	0	0	1
D0_011349	chr1	178712252	178712801	+	10	5	unresolved			1	0	0	1
D0_011350	chr1	180214478	180215018	-	10	10	unresolved			0	0	0	0
D0_011351	chr1	182026475	182029176	-	10	9	other_v49_added_gene		ENSG00000298667	1	1	0	2
D0_011352	chr1	182787444	182789223	-	10	9	other_v49_added_gene		ENSG00000303559	1	1	0	2
D0_011353	chr1	205634175	205639845	-	10	9	preexisting_v49_gene_span			1	1	0	2
D0_011354	chr1	205694667	205695785	+	10	10	unresolved			1	1	0	2
D0_011355	chr1	205705542	205706377	+	10	9	unresolved			1	0	0	1
D0_011356	chr1	206498458	206501498	+	10	9	unresolved			1	1	0	2
D0_011357	chr1	209859668	209859825	-	10	10	unresolved			1	0	0	1
D0_011358	chr1	211597633	211597841	+	10	1	unresolved			0	0	0	0
D0_011359	chr1	212362562	212363905	-	10	8	unresolved			1	0	0	1
D0_011360	chr1	213288892	213322178	+	10	9	unresolved			1	1	0	2
D0_011361	chr1	221697714	221699471	-	10	7	other_v49_added_gene		ENSG00000306602	1	0	0	1
D0_011362	chr1	221742171	221742697	-	10	10	unresolved			1	0	0	1
D0_011363	chr1	226120758	226122677	-	10	10	unresolved			1	1	0	2
D0_011364	chr1	226140786	226143528	-	10	9	unresolved			1	1	0	2
D0_011365	chr1	226345969	226357378	+	10	10	other_v49_added_gene		ENSG00000289348	1	1	0	2
D0_011366	chr1	226739382	226740805	+	10	9	unresolved			1	1	0	2
D0_011367	chr1	228165514	228165801	-	10	9	preexisting_v49_gene_span			1	0	0	1
D0_011368	chr1	228456083	228456944	-	10	10	preexisting_v49_gene_span			1	1	0	2
D0_011369	chr1	232045324	232046649	+	10	9	unresolved			1	0	0	1
D0_011370	chr1	232232126	232232944	+	10	10	unresolved			1	0	0	1
D0_011371	chr1	241491838	241493668	-	10	7	unresolved			1	1	0	2
D0_011372	chr1	241833935	241834983	-	10	7	other_v49_added_gene		ENSG00000288723	0	0	0	0
D0_011373	chr1	247098099	247098446	-	10	9	unresolved			1	1	0	2
D0_011374	chr2	2341077	2487937	-	10	10	unresolved			0	1	0	1
D0_011375	chr2	7079498	7082250	+	10	9	unresolved			1	0	0	1
D0_011376	chr2	9935795	9936314	-	10	10	unresolved			1	0	0	1
D0_011377	chr2	18636080	18637143	-	10	9	unresolved			1	0	0	1
D0_011378	chr2	18652680	18654003	+	10	9	other_v49_added_gene		ENSG00000304698	1	0	0	1
D0_011379	chr2	18773718	18774461	+	10	9	unresolved			1	1	0	2
D0_011380	chr2	18804492	18805749	+	10	9	unresolved			1	0	0	1
D0_011381	chr2	19817630	19817727	-	10	10	unresolved			1	1	0	2
D0_011382	chr2	19826729	19826855	+	10	10	unresolved			1	1	0	2
D0_011383	chr2	19894541	19895553	-	10	10	unresolved			1	1	0	2
D0_011384	chr2	20872866	20872972	-	10	9	unresolved			1	0	0	1
D0_011385	chr2	24488910	24491509	+	10	9	preexisting_v49_gene_span			1	0	0	1
D0_011386	chr2	25225724	25225850	+	10	10	unresolved			1	0	0	1
D0_011387	chr2	25722845	25723006	-	10	10	other_v49_added_gene		ENSG00000308999	1	1	0	2
D0_011388	chr2	31849008	31850851	+	10	10	unresolved			1	0	0	1
D0_011389	chr2	43143962	43144850	+	10	9	preexisting_v49_gene_span			1	1	0	2
D0_011390	chr2	43190102	43191329	+	10	9	unresolved			1	0	0	1
D0_011391	chr2	44810527	44810909	-	10	8	other_v49_added_gene		ENSG00000293954	0	0	0	0
D0_011392	chr2	46644363	46646644	-	10	10	unresolved			1	0	0	1
D0_011393	chr2	48523074	48525893	-	10	10	other_v49_added_gene		ENSG00000293776	1	0	0	1
D0_011394	chr2	53097179	53098024	-	10	10	unresolved			0	0	0	0
D0_011395	chr2	57525023	57527845	-	10	9	preexisting_v49_gene_span			1	0	0	1
D0_011396	chr2	57577011	57578601	-	10	8	preexisting_v49_gene_span			1	1	0	2
D0_011397	chr2	64629862	64630719	-	10	9	unresolved			1	1	0	2
D0_011398	chr2	71081199	71083444	-	10	10	unresolved			1	0	0	1
D0_011399	chr2	71435239	71437535	+	10	10	preexisting_v49_gene_span			1	1	0	2
D0_011400	chr2	71445128	71445505	+	10	10	unresolved			1	1	0	2
D0_011401	chr2	73748509	73749351	-	10	9	unresolved			1	1	0	2
D0_011402	chr2	74494928	74497494	+	10	7	preexisting_v49_gene_span			1	1	0	2
D0_011403	chr2	75235947	75237415	-	10	9	unresolved			1	0	0	1
D0_011404	chr2	81351194	81358306	-	10	10	unresolved			1	0	0	1
D0_011405	chr2	85675963	85677085	-	10	9	unresolved			1	0	0	1
D0_011406	chr2	87970325	87970449	-	10	10	unresolved			1	0	0	1
D0_011407	chr2	89229236	89230187	-	10	5	unresolved			0	0	1	1
D0_011408	chr2	95083788	95084873	-	10	9	unresolved			1	0	0	1
D0_011409	chr2	95992382	95993733	+	10	10	unresolved			1	1	0	2
D0_011410	chr2	96139585	96140254	+	10	9	unresolved			1	0	0	1
D0_011411	chr2	96162074	96165591	-	10	10	unresolved			1	1	0	2
D0_011412	chr2	97740946	97741268	-	10	9	unresolved			1	0	0	1
D0_011413	chr2	98595176	98598936	-	10	9	preexisting_v49_gene_span			1	1	0	2
D0_011414	chr2	99538668	99540244	+	10	9	unresolved			1	0	0	1
D0_011415	chr2	101897608	101898149	+	10	9	unresolved			1	0	0	1
D0_011416	chr2	109779866	109783028	+	10	9	unresolved			1	0	0	1
D0_011417	chr2	112210090	112210651	+	10	10	unresolved			1	0	0	1
D0_011418	chr2	112358847	112361401	-	10	8	unresolved			1	0	0	1
D0_011419	chr2	113563311	113564088	-	10	10	other_v49_added_gene		ENSG00000304410	1	0	0	1
D0_011420	chr2	113847602	113848945	-	10	6	preexisting_v49_gene_span			1	0	0	1
D0_011421	chr2	114276939	114277225	-	10	9	unresolved			1	0	0	1
D0_011422	chr2	119985128	119985605	-	10	9	unresolved			1	0	0	1
D0_011423	chr2	121773768	121775345	+	10	8	unresolved			1	1	0	2
D0_011424	chr2	123835930	123839924	-	10	4	other_v49_added_gene		ENSG00000300686	0	0	1	1
D0_011425	chr2	126709748	126710983	+	10	9	unresolved			1	1	0	2
D0_011426	chr2	126776608	126778206	-	10	4	unresolved			1	0	0	1
D0_011427	chr2	148643052	148644082	-	10	8	unresolved			1	0	0	1
D0_011428	chr2	150396372	150396478	+	10	10	unresolved			0	0	0	0
D0_011429	chr2	156434318	156435240	-	10	9	unresolved			1	1	0	2
D0_011430	chr2	159617458	159618270	+	10	10	preexisting_v49_gene_span			1	1	0	2
D0_011431	chr2	159654501	159658826	-	10	10	preexisting_v49_gene_span			1	1	0	2
D0_011432	chr2	170976217	170977786	+	10	9	unresolved			1	0	0	1
D0_011433	chr2	171756752	171758025	-	10	9	unresolved			1	0	0	1
D0_011434	chr2	173971785	173974016	+	10	10	unresolved			1	1	0	2
D0_011435	chr2	174309529	174309930	-	10	10	unresolved			0	0	0	0
D0_011436	chr2	174528672	174528955	+	10	10	unresolved			1	0	0	1
D0_011437	chr2	175171739	175175417	-	10	9	unresolved			1	1	0	2
D0_011438	chr2	185552122	185552356	+	10	10	preexisting_v49_gene_span			1	0	0	1
D0_011439	chr2	190858026	190858591	-	10	9	preexisting_v49_gene_span			1	0	0	1
D0_011440	chr2	193597427	193599339	+	10	8	unresolved			1	1	0	2
D0_011441	chr2	194951360	194953504	-	10	6	unresolved			1	0	0	1
D0_011442	chr2	202264612	202265476	+	10	10	unresolved			1	0	0	1
D0_011443	chr2	206425246	206425344	+	10	10	unresolved			1	0	0	1
D0_011444	chr2	219278578	219279164	+	10	8	unresolved			1	0	0	1
D0_011445	chr2	222818417	222818518	-	10	10	other_v49_added_gene		ENSG00000299568	1	0	0	1
D0_011446	chr2	225051510	225054567	+	10	6	unresolved			1	0	0	1
D0_011447	chr2	226829976	226832267	-	10	9	unresolved			1	0	0	1
D0_011448	chr2	227358384	227361127	+	10	10	preexisting_v49_gene_span			1	1	0	2
D0_011449	chr2	230841872	230857082	+	10	10	unresolved			1	0	0	1
D0_011450	chr2	231661195	231662314	-	10	7	unresolved			1	0	0	1
D0_011451	chr2	231704770	231705896	+	10	9	unresolved			1	0	0	1
D0_011452	chr2	231722186	231724660	+	10	9	unresolved			1	0	0	1
D0_011453	chr2	239863106	239863978	-	10	10	unresolved			1	0	0	1
D0_011454	chr2	241817743	241818085	+	10	9	unresolved			0	1	0	1
D0_011455	chr3	957768	957865	-	10	10	unresolved			1	0	0	1
D0_011456	chr3	10128915	10131838	-	10	10	unresolved			1	0	0	1
D0_011457	chr3	12193834	12194515	+	10	8	unresolved			1	0	0	1
D0_011458	chr3	12731388	12731645	-	10	10	unresolved			1	0	0	1
D0_011459	chr3	14366577	14367105	+	10	9	other_v49_added_gene		ENSG00000295017	0	0	0	0
D0_011460	chr3	27631939	27632052	+	10	10	unresolved			1	0	0	1
D0_011461	chr3	33487487	33488011	-	10	9	unresolved			1	0	0	1
D0_011462	chr3	37370640	37371616	-	10	10	unresolved			1	0	0	1
D0_011463	chr3	40475431	40476229	+	10	9	unresolved			1	0	0	1
D0_011464	chr3	40637096	40637708	+	10	9	other_v49_added_gene		ENSG00000289169	1	0	0	1
D0_011465	chr3	44478069	44484301	+	10	10	other_v49_added_gene		ENSG00000297106	1	1	1	3
D0_011466	chr3	46301939	46303066	-	10	10	unresolved			1	0	0	1
D0_011467	chr3	46362830	46363147	+	10	10	unresolved			1	1	0	2
D0_011468	chr3	48089293	48089809	+	10	7	other_v49_added_gene		ENSG00000302863	1	0	0	1
D0_011469	chr3	48509293	48513506	+	10	9	unresolved			1	1	0	2
D0_011470	chr3	49095262	49095546	+	10	9	unresolved			1	1	0	2
D0_011471	chr3	52251364	52253290	+	10	9	unresolved			1	0	0	1
D0_011472	chr3	53206517	53206987	-	10	9	unresolved			1	0	0	1
D0_011473	chr3	53217943	53219807	-	10	9	unresolved			1	1	0	2
D0_011474	chr3	58327076	58328266	-	10	9	unresolved			1	0	0	1
D0_011475	chr3	58465699	58468795	+	10	8	other_v49_added_gene		ENSG00000295019	1	0	0	1
D0_011476	chr3	66858071	66884529	+	10	9	unresolved			1	1	0	2
D0_011477	chr3	66970212	66970665	-	10	7	preexisting_v49_gene_span			1	0	0	1
D0_011478	chr3	67342473	67343659	-	10	8	unresolved			1	1	0	2
D0_011479	chr3	80570171	80570294	+	10	10	unresolved			1	0	0	1
D0_011480	chr3	87827210	87828996	+	10	10	preexisting_v49_gene_span			0	0	0	0
D0_011481	chr3	99816302	99817032	-	10	7	other_v49_added_gene		ENSG00000296790	1	1	0	2
D0_011482	chr3	104343306	104346257	-	10	7	unresolved			1	0	0	1
D0_011483	chr3	105005125	105125379	+	10	10	unresolved			1	0	0	1
D0_011484	chr3	112917140	112917555	+	10	10	unresolved			1	0	0	1
D0_011485	chr3	121947972	121949579	+	10	10	unresolved			1	1	0	2
D0_011486	chr3	122575268	122575844	+	10	8	unresolved			1	0	0	1
D0_011487	chr3	128419045	128420139	+	10	10	other_v49_added_gene		ENSG00000298850	1	0	0	1
D0_011488	chr3	128840396	128841585	+	10	10	unresolved			1	0	0	1
D0_011489	chr3	129190089	129200541	-	10	10	unresolved			1	0	0	1
D0_011490	chr3	137092120	137092293	+	10	10	unresolved			1	0	0	1
D0_011491	chr3	138646170	138646807	+	10	10	unresolved			1	0	0	1
D0_011492	chr3	143060754	143062221	+	10	10	unresolved			1	1	0	2
D0_011493	chr3	144074260	144075533	+	10	9	unresolved			1	0	0	1
D0_011494	chr3	150513757	150515139	+	10	9	unresolved			1	0	0	1
D0_011495	chr3	153263416	153266377	+	10	8	other_v49_added_gene		ENSG00000289885	1	0	0	1
D0_011496	chr3	156823750	156825131	+	10	10	unresolved			1	0	0	1
D0_011497	chr3	157144849	157146082	-	10	10	unresolved			1	1	0	2
D0_011498	chr3	167676109	167677036	+	10	10	unresolved			1	0	0	1
D0_011499	chr3	195599232	195599454	-	10	10	unresolved			0	1	0	1
D0_011500	chr3	196111387	196114228	+	10	10	other_v49_added_gene		ENSG00000294113	1	0	0	1
D0_011501	chr3	196340962	196343123	-	10	8	preexisting_v49_gene_span			1	1	0	2
D0_011502	chr4	1160729	1161140	+	10	9	other_v49_added_gene		ENSG00000306967	1	0	0	1
D0_011503	chr4	2243396	2245109	-	10	9	unresolved			1	0	0	1
D0_011504	chr4	2736860	2737914	-	10	9	unresolved			1	0	0	1
D0_011505	chr4	6682121	6682893	+	10	8	unresolved			1	0	0	1
D0_011506	chr4	6717685	6718840	+	10	9	unresolved			1	1	0	2
D0_011507	chr4	10059265	10060796	-	10	8	unresolved			1	0	0	1
D0_011508	chr4	12901747	12903694	-	10	7	other_v49_added_gene		ENSG00000302819	1	0	0	1
D0_011509	chr4	12967630	12968026	-	10	10	other_v49_added_gene		ENSG00000302819	1	1	0	2
D0_011510	chr4	13262998	13267131	-	10	10	unresolved			1	1	0	2
D0_011511	chr4	15468574	15469784	-	10	9	unresolved			1	0	0	1
D0_011512	chr4	25724399	25725308	+	10	10	unresolved			1	1	0	2
D0_011513	chr4	37875708	37876374	+	10	8	unresolved			1	1	0	2
D0_011514	chr4	38528807	38530940	+	10	8	preexisting_v49_gene_span			1	0	0	1
D0_011515	chr4	38858263	38858765	+	10	7	unresolved			1	0	0	1
D0_011516	chr4	38966008	38966294	-	10	10	preexisting_v49_gene_span			1	0	0	1
D0_011517	chr4	39033499	39033807	-	10	4	unresolved			1	0	0	1
D0_011518	chr4	39794575	39796722	+	10	9	unresolved			1	0	0	1
D0_011519	chr4	40651912	40667750	+	10	10	unresolved			1	0	0	1
D0_011520	chr4	48432949	48433332	-	10	10	unresolved			1	0	0	1
D0_011521	chr4	49584983	49585334	-	10	10	unresolved			1	0	0	1
D0_011522	chr4	56860452	56881711	+	10	10	unresolved			1	1	0	2
D0_011523	chr4	56906626	56907856	-	10	9	unresolved			1	0	0	1
D0_011524	chr4	70687395	70688184	-	10	10	other_v49_added_gene		ENSG00000306293	1	1	0	2
D0_011525	chr4	70860141	70862805	+	10	9	unresolved			1	0	0	1
D0_011526	chr4	71042704	71044907	-	10	10	unresolved			1	0	0	1
D0_011527	chr4	81023125	81023220	+	10	10	unresolved			1	0	0	1
D0_011528	chr4	81425308	81425848	-	10	9	unresolved			1	0	0	1
D0_011529	chr4	82129724	82129976	+	10	10	unresolved			1	1	0	2
D0_011530	chr4	88255832	88257553	-	10	10	unresolved			1	0	0	1
D0_011531	chr4	95930761	95930916	+	10	10	other_v49_added_gene		ENSG00000296420	1	0	0	1
D0_011532	chr4	98171997	98173072	+	10	10	unresolved			1	0	0	1
D0_011533	chr4	101016847	101018722	+	10	10	unresolved			1	0	0	1
D0_011534	chr4	106349645	106350586	+	10	10	unresolved			1	1	0	2
D0_011535	chr4	108668080	108669101	-	10	8	unresolved			1	1	0	2
D0_011536	chr4	112090822	112092444	+	10	9	unresolved			1	0	0	1
D0_011537	chr4	113762066	113764911	+	10	8	other_v49_added_gene		ENSG00000306624	1	1	0	2
D0_011538	chr4	127878006	127880239	-	10	8	other_v49_added_gene		ENSG00000295993	1	1	0	2
D0_011539	chr4	139637158	139641931	+	10	10	unresolved			1	0	0	1
D0_011540	chr4	140619819	140620153	-	10	9	unresolved			1	1	0	2
D0_011541	chr4	141509887	141511347	+	10	10	unresolved			1	0	0	1
D0_011542	chr4	141558418	141561929	+	10	9	unresolved			1	0	0	1
D0_011543	chr4	141791980	141792083	+	10	10	unresolved			1	0	0	1
D0_011544	chr4	146200225	146201325	+	10	7	preexisting_v49_gene_span			1	0	0	1
D0_011545	chr4	147684397	147687825	+	10	10	unresolved			1	1	0	2
D0_011546	chr4	164857940	164873683	+	10	10	unresolved			1	1	0	2
D0_011547	chr4	167813015	167813127	+	10	10	unresolved			1	0	0	1
D0_011548	chr4	182918769	182919038	-	10	9	unresolved			1	0	0	1
D0_011549	chr4	183512552	183515188	+	10	10	unresolved			1	1	0	2
D0_011550	chr4	184859191	184860028	-	10	10	other_v49_added_gene		ENSG00000289139	1	0	0	1
D0_011551	chr4	185150837	185154132	+	10	10	unresolved			1	0	0	1
D0_011552	chr4	185155698	185158014	+	10	10	unresolved			1	0	0	1
D0_011553	chr4	187437278	187437711	+	10	9	unresolved			1	1	0	2
D0_011554	chr4	189256543	189260019	-	10	9	unresolved			0	0	0	0
D0_011555	chr4	189751519	189751638	-	10	10	unresolved			1	0	0	1
D0_011556	chr5	5342883	5343711	-	10	8	preexisting_v49_gene_span			1	0	0	1
D0_011557	chr5	14651649	14651921	+	10	10	unresolved			1	0	0	1
D0_011558	chr5	27678362	27678496	+	10	10	unresolved			1	0	0	1
D0_011559	chr5	32219339	32221692	-	10	9	unresolved			1	0	0	1
D0_011560	chr5	32224997	32226442	-	10	10	unresolved			1	1	0	2
D0_011561	chr5	34153902	34154994	-	10	10	other_v49_added_gene		ENSG00000290548	1	0	0	1
D0_011562	chr5	36096478	36098190	-	10	9	unresolved			1	1	0	2
D0_011563	chr5	37253363	37255383	+	10	8	preexisting_v49_gene_span			1	0	0	1
D0_011564	chr5	42974444	42974807	-	10	10	preexisting_v49_gene_span			1	1	0	2
D0_011565	chr5	45940171	46047191	+	10	10	unresolved			0	1	0	1
D0_011566	chr5	50364599	50364858	-	10	10	unresolved			1	0	0	1
D0_011567	chr5	53883474	53883780	-	10	10	unresolved			1	1	0	2
D0_011568	chr5	56373129	56373345	+	10	10	unresolved			1	0	0	1
D0_011569	chr5	56408937	56409036	-	10	10	unresolved			1	0	0	1
D0_011570	chr5	56897537	56899765	+	10	10	unresolved			1	0	0	1
D0_011571	chr5	57161240	57164266	-	10	6	unresolved			1	1	0	2
D0_011572	chr5	62984345	62984443	-	10	10	unresolved			1	0	0	1
D0_011573	chr5	67176760	67178684	-	10	9	unresolved			1	1	0	2
D0_011574	chr5	69843842	69844758	-	10	10	other_v49_added_gene		ENSG00000296666	1	0	0	1
D0_011575	chr5	69930411	69931375	-	10	9	other_v49_added_gene		ENSG00000295635	1	0	0	1
D0_011576	chr5	69938925	69940015	+	10	8	other_v49_added_gene		ENSG00000295602	1	0	0	1
D0_011577	chr5	70136922	70137222	+	10	10	unresolved			1	0	0	1
D0_011578	chr5	70162362	70162587	+	10	10	unresolved			1	0	0	1
D0_011579	chr5	70268582	70268810	-	10	9	other_v49_added_gene		ENSG00000300022	1	0	0	1
D0_011580	chr5	70485121	70485583	-	10	9	other_v49_added_gene		ENSG00000300109	1	0	0	1
D0_011581	chr5	70485135	70485278	+	10	9	other_v49_added_gene		ENSG00000291221	1	0	0	1
D0_011582	chr5	70490208	70491668	+	10	10	other_v49_added_gene		ENSG00000291221,ENSG00000293691	1	0	0	1
D0_011583	chr5	70965768	70967064	-	10	10	unresolved			1	0	0	1
D0_011584	chr5	79611487	79612052	-	10	7	other_v49_added_gene		ENSG00000298401	1	1	0	2
D0_011585	chr5	81406023	81406358	+	10	9	unresolved			1	0	0	1
D0_011586	chr5	93351577	93351687	+	10	10	unresolved			1	0	0	1
D0_011587	chr5	100001441	100001528	-	10	10	other_v49_added_gene		ENSG00000300549	1	0	0	1
D0_011588	chr5	100780623	100781329	+	10	9	unresolved			1	0	0	1
D0_011589	chr5	104079182	104079375	-	10	10	unresolved			1	0	0	1
D0_011590	chr5	107362390	107362915	+	10	10	unresolved			1	0	0	1
D0_011591	chr5	116442513	116443449	+	10	9	preexisting_v49_gene_span			1	1	0	2
D0_011592	chr5	117066870	117222384	+	10	10	other_v49_added_gene		ENSG00000299365	1	1	0	2
D0_011593	chr5	119401256	119402076	+	10	8	unresolved			1	0	0	1
D0_011594	chr5	131401390	131402167	-	10	10	unresolved			1	0	0	1
D0_011595	chr5	132871135	132872828	-	10	9	unresolved			1	1	0	2
D0_011596	chr5	134752722	134754245	-	10	10	unresolved			1	0	0	1
D0_011597	chr5	138278431	138278534	+	10	10	unresolved			1	0	0	1
D0_011598	chr5	140149037	140149991	-	10	10	unresolved			1	0	0	1
D0_011599	chr5	140173666	140174971	-	10	9	unresolved			1	1	0	2
D0_011600	chr5	140611132	140612883	-	10	9	unresolved			1	0	0	1
D0_011601	chr5	142158259	142158670	-	10	9	other_v49_added_gene		ENSG00000300546	1	0	0	1
D0_011602	chr5	149474955	149476689	-	10	8	unresolved			1	0	0	1
D0_011603	chr5	151501342	151502276	+	10	10	unresolved			1	0	0	1
D0_011604	chr5	151726053	151729079	+	10	10	unresolved			1	1	0	2
D0_011605	chr5	154697791	154699428	+	10	9	preexisting_v49_gene_span			1	1	0	2
D0_011606	chr5	157072667	157073682	-	10	10	unresolved			1	0	0	1
D0_011607	chr6	849975	851867	+	10	8	unresolved			1	0	0	1
D0_011608	chr6	2885091	2886002	-	10	9	preexisting_v49_gene_span			1	1	0	2
D0_011609	chr6	3992520	3992860	-	10	9	preexisting_v49_gene_span			1	0	0	1
D0_011610	chr6	3998261	4000585	-	10	10	preexisting_v49_gene_span			1	1	0	2
D0_011611	chr6	4174451	4176007	+	10	10	preexisting_v49_gene_span			1	0	0	1
D0_011612	chr6	6767893	6768905	-	10	10	preexisting_v49_gene_span			1	0	0	1
D0_011613	chr6	7614861	7616716	-	10	9	unresolved			1	0	0	1
D0_011614	chr6	16772994	16774745	+	10	9	preexisting_v49_gene_span			1	1	0	2
D0_011615	chr6	17333538	17361673	-	10	10	other_v49_added_gene		ENSG00000302707	1	0	0	1
D0_011616	chr6	17709652	17712314	+	10	8	preexisting_v49_gene_span			1	1	0	2
D0_011617	chr6	18468896	18470176	+	10	9	unresolved			1	0	0	1
D0_011618	chr6	26184655	26186464	+	10	9	other_v49_added_gene		ENSG00000291336,ENSG00000291338	1	0	0	1
D0_011619	chr6	26235363	26236740	+	10	7	other_v49_added_gene		ENSG00000291336,ENSG00000291338	1	1	0	2
D0_011620	chr6	26260494	26264072	+	10	7	other_v49_added_gene		ENSG00000291336,ENSG00000291338	1	1	0	2
D0_011621	chr6	26532772	26533001	-	10	10	other_v49_added_gene		ENSG00000300261	1	1	0	2
D0_011622	chr6	27813232	27814201	-	10	7	unresolved			1	0	0	1
D0_011623	chr6	27902499	27903743	-	10	9	unresolved			1	1	0	2
D0_011624	chr6	28537585	28537843	+	10	7	unresolved			1	1	0	2
D0_011625	chr6	28665445	28709202	+	10	10	other_v49_added_gene		ENSG00000304852	1	1	0	2
D0_011626	chr6	30526573	30529293	-	10	10	unresolved			1	1	0	2
D0_011627	chr6	30538788	30541260	-	10	10	unresolved			1	1	0	2
D0_011628	chr6	30570375	30571043	+	10	9	unresolved			1	1	0	2
D0_011629	chr6	30726435	30727707	-	10	10	unresolved			1	0	0	1
D0_011630	chr6	31204063	31208042	-	10	10	unresolved			1	0	0	1
D0_011631	chr6	31617230	31618840	+	10	10	unresolved			1	0	0	1
D0_011632	chr6	31638412	31638838	+	10	10	unresolved			1	1	0	2
D0_011633	chr6	31796295	31796656	+	10	8	unresolved			1	0	0	1
D0_011634	chr6	31807030	31807986	+	10	8	other_v49_added_gene		ENSG00000308871	1	0	0	1
D0_011635	chr6	35254580	35255085	+	10	10	unresolved			1	0	0	1
D0_011636	chr6	36025951	36027373	-	10	6	preexisting_v49_gene_span			1	0	0	1
D0_011637	chr6	37168666	37170148	-	10	7	unresolved			1	1	0	2
D0_011638	chr6	38652041	38655241	-	10	10	unresolved			1	0	0	1
D0_011639	chr6	41252324	41253727	-	10	10	other_v49_added_gene		ENSG00000290563	1	0	0	1
D0_011640	chr6	41616860	41617896	+	10	10	unresolved			1	1	0	2
D0_011641	chr6	42205340	42206380	-	10	9	unresolved			1	1	0	2
D0_011642	chr6	53255135	53257349	+	10	10	other_v49_added_gene		ENSG00000296274	1	0	0	1
D0_011643	chr6	57030187	57030334	+	10	10	unresolved			1	0	0	1
D0_011644	chr6	57745346	57747330	-	10	9	unresolved			1	0	0	1
D0_011645	chr6	80800618	80800800	-	10	10	unresolved			1	1	0	2
D0_011646	chr6	87512378	87513887	-	10	10	preexisting_v49_gene_span			1	1	0	2
D0_011647	chr6	89823036	89824166	-	10	9	unresolved			1	1	0	2
D0_011648	chr6	90376713	90376986	+	10	10	other_v49_added_gene		ENSG00000296783	1	1	0	2
D0_011649	chr6	98852456	98854606	-	10	10	unresolved			1	1	0	2
D0_011650	chr6	100198086	100199322	+	10	10	unresolved			1	0	0	1
D0_011651	chr6	102556983	102557238	-	10	10	unresolved			1	0	0	1
D0_011652	chr6	107693224	107693491	-	10	10	unresolved			1	0	0	1
D0_011653	chr6	107694861	107695127	+	10	7	unresolved			1	0	0	1
D0_011654	chr6	107960897	107979040	-	10	8	other_v49_added_gene		ENSG00000297877	1	1	0	2
D0_011655	chr6	108270557	108271651	+	10	10	unresolved			1	0	0	1
D0_011656	chr6	110847864	110850970	+	10	9	other_v49_added_gene		ENSG00000298831	1	0	0	1
D0_011657	chr6	110899027	110901025	+	10	10	unresolved			1	0	0	1
D0_011658	chr6	110913949	110916691	+	10	9	unresolved			1	1	0	2
D0_011659	chr6	122253210	122253352	+	10	10	unresolved			1	0	0	1
D0_011660	chr6	125983640	125984429	+	10	9	unresolved			1	1	0	2
D0_011661	chr6	127345261	127346454	+	10	9	other_v49_added_gene		ENSG00000299250	1	1	0	2
D0_011662	chr6	128530223	128530401	+	10	10	unresolved			1	0	0	1
D0_011663	chr6	131306372	131309963	+	10	10	other_v49_added_gene		ENSG00000300391	1	1	0	2
D0_011664	chr6	136794196	136808668	+	10	7	unresolved			1	0	0	1
D0_011665	chr6	141714931	141717713	-	10	7	unresolved			1	1	0	2
D0_011666	chr6	141975695	141975996	+	10	9	unresolved			1	1	0	2
D0_011667	chr6	144067570	144067926	-	10	10	unresolved			1	0	0	1
D0_011668	chr6	147397923	147398610	+	10	10	unresolved			1	1	0	2
D0_011669	chr6	149501083	149503417	-	10	10	unresolved			1	1	0	2
D0_011670	chr6	152672645	152685565	+	10	10	other_v49_added_gene		ENSG00000297569	1	0	0	1
D0_011671	chr6	158647908	158649914	-	10	9	unresolved			1	1	0	2
D0_011672	chr6	158867943	158869815	+	10	9	preexisting_v49_gene_span			1	0	0	1
D0_011673	chr6	163623012	163653135	+	10	10	other_v49_added_gene		ENSG00000302832	1	0	0	1
D0_011674	chr7	807997	815003	+	10	10	unresolved			1	1	0	2
D0_011675	chr7	2850853	2858977	+	10	10	unresolved			1	1	0	2
D0_011676	chr7	4674659	4678690	-	10	7	unresolved			1	0	0	1
D0_011677	chr7	6314972	6318742	-	10	9	other_v49_added_gene		ENSG00000309727	1	1	0	2
D0_011678	chr7	6862915	6863033	-	10	10	unresolved			1	0	0	1
D0_011679	chr7	7547329	7547469	+	10	10	unresolved			1	1	0	2
D0_011680	chr7	26378100	26380432	+	10	7	unresolved			1	0	0	1
D0_011681	chr7	38305226	38305730	+	10	7	unresolved			1	0	0	1
D0_011682	chr7	39619761	39620169	-	10	8	unresolved			1	0	0	1
D0_011683	chr7	43741978	43751545	+	10	9	unresolved			1	0	0	1
D0_011684	chr7	44735050	44735180	+	10	10	unresolved			1	0	0	1
D0_011685	chr7	44825896	44826184	-	10	10	unresolved			1	0	0	1
D0_011686	chr7	47695721	47727512	-	10	10	unresolved			0	1	0	1
D0_011687	chr7	55776017	55776143	-	10	10	unresolved			1	0	0	1
D0_011688	chr7	64711794	64713790	+	10	10	unresolved			1	1	0	2
D0_011689	chr7	65489614	65490489	-	10	9	unresolved			1	0	0	1
D0_011690	chr7	66497912	66499608	-	10	10	unresolved			1	0	0	1
D0_011691	chr7	66593767	66593965	-	10	10	unresolved			1	0	0	1
D0_011692	chr7	70796446	70831410	-	10	8	unresolved			1	0	0	1
D0_011693	chr7	73122435	73123779	-	10	7	preexisting_v49_gene_span			1	0	0	1
D0_011694	chr7	73529424	73534918	+	10	10	unresolved			1	1	0	2
D0_011695	chr7	73558834	73565515	-	10	8	unresolved			1	0	0	1
D0_011696	chr7	73733118	73734749	+	10	8	other_v49_added_gene		ENSG00000293503	1	0	0	1
D0_011697	chr7	73797567	73798137	+	10	10	unresolved			1	0	0	1
D0_011698	chr7	74443255	74443406	-	10	10	unresolved			1	0	0	1
D0_011699	chr7	74921500	74922891	+	10	8	other_v49_added_gene		ENSG00000304176	1	0	0	1
D0_011700	chr7	75244174	75244305	-	10	10	unresolved			1	0	0	1
D0_011701	chr7	76642509	76643163	-	10	10	unresolved			1	0	0	1
D0_011702	chr7	92604373	92604861	+	10	9	unresolved			1	0	0	1
D0_011703	chr7	99644763	99647990	+	10	10	unresolved			1	1	0	2
D0_011704	chr7	99736772	99738481	+	10	8	unresolved			1	1	0	2
D0_011705	chr7	100042962	100044982	-	10	7	unresolved			1	1	0	2
D0_011706	chr7	100434245	100435242	+	10	9	unresolved			1	1	0	2
D0_011707	chr7	100608274	100611766	+	10	8	unresolved			1	0	0	1
D0_011708	chr7	102523608	102524687	+	10	10	unresolved			1	0	0	1
D0_011709	chr7	102526246	102527792	+	10	10	unresolved			1	0	0	1
D0_011710	chr7	106074640	106076100	-	10	10	unresolved			1	0	0	1
D0_011711	chr7	107890484	107891159	-	10	9	unresolved			1	1	0	2
D0_011712	chr7	113498989	113499151	+	10	10	unresolved			1	0	0	1
D0_011713	chr7	122279023	122279138	-	10	10	unresolved			1	0	0	1
D0_011714	chr7	125562182	125702326	-	10	10	unresolved			1	1	0	2
D0_011715	chr7	128126254	128156303	+	10	10	unresolved			1	1	0	2
D0_011716	chr7	128670456	128671833	+	10	10	preexisting_v49_gene_span			1	1	1	3
D0_011717	chr7	129602255	129603704	+	10	10	unresolved			1	0	0	1
D0_011718	chr7	132772393	132774853	-	10	9	unresolved			1	1	0	2
D0_011719	chr7	134116530	134117538	+	10	9	unresolved			1	0	0	1
D0_011720	chr7	135997060	135999654	+	10	9	preexisting_v49_gene_span			1	0	0	1
D0_011721	chr7	137849099	137851298	-	10	9	unresolved			1	1	0	2
D0_011722	chr7	140230410	140231728	+	10	8	other_v49_added_gene		ENSG00000293850,ENSG00000307342	1	0	0	1
D0_011723	chr7	141795663	141796664	+	10	8	unresolved			1	0	0	1
D0_011724	chr7	142514463	142516037	-	10	8	unresolved			1	0	0	1
D0_011725	chr7	142811663	142812023	-	10	10	unresolved			1	0	0	1
D0_011726	chr7	143050471	143050570	-	10	10	unresolved			1	0	0	1
D0_011727	chr7	143234595	143237234	-	10	6	unresolved			1	0	0	1
D0_011728	chr7	143737535	143739629	-	10	10	other_v49_added_gene		ENSG00000291149	1	0	0	1
D0_011729	chr7	148941687	148941961	+	10	9	unresolved			1	1	0	2
D0_011730	chr7	150362662	150363131	-	10	9	preexisting_v49_gene_span			1	1	0	2
D0_011731	chr7	150548426	150549357	-	10	10	unresolved			1	0	0	1
D0_011732	chr7	150575486	150579559	-	10	8	unresolved			1	0	0	1
D0_011733	chr7	150600001	150601597	+	10	10	unresolved			1	0	0	1
D0_011734	chr7	150644747	150646528	-	10	6	unresolved			1	0	0	1
D0_011735	chr7	150762250	150766577	+	10	9	unresolved			1	0	0	1
D0_011736	chr7	152123298	152123662	+	10	10	unresolved			1	0	0	1
D0_011737	chr8	208349	209565	-	10	8	other_v49_added_gene		ENSG00000292979	1	1	0	2
D0_011738	chr8	6307421	6307543	-	10	10	unresolved			1	0	0	1
D0_011739	chr8	11332642	11335223	+	10	9	unresolved			1	0	0	1
D0_011740	chr8	13920556	13920673	+	10	10	unresolved			1	0	0	1
D0_011741	chr8	17129284	17130460	+	10	7	unresolved			1	0	0	1
D0_011742	chr8	22241214	22242827	-	10	10	unresolved			1	1	0	2
D0_011743	chr8	22673553	22677578	-	10	7	unresolved			1	0	0	1
D0_011744	chr8	24253147	24254654	-	10	10	preexisting_v49_gene_span			1	0	0	1
D0_011745	chr8	25013401	25015037	+	10	10	unresolved			0	0	0	0
D0_011746	chr8	26658793	26661108	+	10	8	unresolved			1	0	0	1
D0_011747	chr8	28192152	28192493	-	10	9	other_v49_added_gene		ENSG00000309630	1	1	0	2
D0_011748	chr8	30767313	30768013	+	10	10	unresolved			1	0	0	1
D0_011749	chr8	38018629	38030301	-	10	10	unresolved			1	1	0	2
D0_011750	chr8	41488751	41490072	-	10	8	unresolved			1	0	0	1
D0_011751	chr8	42413180	42415745	+	10	8	unresolved			1	0	0	1
D0_011752	chr8	43139146	43139521	+	10	9	unresolved			1	1	0	2
D0_011753	chr8	48065143	48068795	-	10	10	unresolved			1	0	0	1
D0_011754	chr8	56028464	56030294	+	10	9	unresolved			1	0	0	1
D0_011755	chr8	64450209	64450330	-	10	10	preexisting_v49_gene_span			1	0	0	1
D0_011756	chr8	65980878	65981235	+	10	7	other_v49_added_gene		ENSG00000309050	1	0	0	1
D0_011757	chr8	66533859	66536523	+	10	9	unresolved			1	1	0	2
D0_011758	chr8	67345451	67347673	+	10	10	preexisting_v49_gene_span			1	0	0	1
D0_011759	chr8	67351126	67353285	+	10	9	preexisting_v49_gene_span			1	0	0	1
D0_011760	chr8	89927911	89928216	+	10	8	unresolved			1	0	0	1
D0_011761	chr8	102643218	102644337	-	10	9	unresolved			1	0	0	1
D0_011762	chr8	123156278	123157306	-	10	10	unresolved			1	0	0	1
D0_011763	chr8	127540385	127542079	-	10	8	unresolved			1	0	0	1
D0_011764	chr8	127566616	127566976	-	10	5	unresolved			1	1	0	2
D0_011765	chr8	130549155	130549271	+	10	8	unresolved			1	0	0	1
D0_011766	chr8	131836225	131837901	-	10	8	unresolved			1	0	0	1
D0_011767	chr8	131851427	131852558	-	10	8	unresolved			1	0	0	1
D0_011768	chr8	133577931	133579336	+	10	10	unresolved			1	0	0	1
D0_011769	chr8	140494660	140497816	-	10	9	unresolved			1	1	0	2
D0_011770	chr8	140517430	140519535	+	10	9	unresolved			1	1	0	2
D0_011771	chr8	143626241	143628042	-	10	10	preexisting_v49_gene_span			1	1	0	2
D0_011772	chr8	144145823	144147975	-	10	9	unresolved			1	1	0	2
D0_011773	chr8	144714951	144717312	-	10	8	unresolved			1	0	0	1
D0_011774	chr9	118915	119709	-	10	10	preexisting_v49_gene_span			1	0	0	1
D0_011775	chr9	194752	196944	-	10	10	preexisting_v49_gene_span			1	0	0	1
D0_011776	chr9	5840898	5842535	-	10	9	preexisting_v49_gene_span			1	1	0	2
D0_011777	chr9	5852337	5852833	-	10	9	preexisting_v49_gene_span			1	0	0	1
D0_011778	chr9	19228955	19229965	-	10	10	unresolved			1	0	0	1
D0_011779	chr9	24186915	24402514	+	10	9	unresolved			1	1	0	2
D0_011780	chr9	24869436	24869668	-	10	10	unresolved			1	1	0	2
D0_011781	chr9	27607203	27607456	-	10	9	other_v49_added_gene		ENSG00000307594	1	0	0	1
D0_011782	chr9	29210908	29213098	-	10	5	preexisting_v49_gene_span			1	1	0	2
D0_011783	chr9	32454802	32455244	+	10	8	unresolved			1	0	0	1
D0_011784	chr9	33455027	33455653	+	10	10	unresolved			1	0	0	1
D0_011785	chr9	35086981	35087478	+	10	10	unresolved			1	0	0	1
D0_011786	chr9	37372484	37376065	+	10	8	unresolved			1	1	0	2
D0_011787	chr9	37408034	37422227	-	10	10	other_v49_added_gene		ENSG00000301183,ENSG00000294170	1	1	0	2
D0_011788	chr9	39306502	39306632	+	10	10	unresolved			1	0	0	1
D0_011789	chr9	66315892	66316201	+	10	10	other_v49_added_gene		ENSG00000294531	1	0	0	1
D0_011790	chr9	67574342	67574485	-	10	10	unresolved			1	0	0	1
D0_011791	chr9	70359533	70362213	+	10	9	unresolved			1	1	0	2
D0_011792	chr9	80326693	80327466	-	10	10	unresolved			1	0	0	1
D0_011793	chr9	80529801	80531801	+	10	8	unresolved			1	0	0	1
D0_011794	chr9	80800312	80800617	-	10	10	unresolved			1	0	0	1
D0_011795	chr9	85938802	85940814	-	10	9	other_v49_added_gene		ENSG00000310455	1	0	0	1
D0_011796	chr9	86188395	86188788	-	10	10	unresolved			1	0	0	1
D0_011797	chr9	87479449	87486080	-	10	10	unresolved			1	0	0	1
D0_011798	chr9	93055393	93056829	-	10	8	unresolved			1	0	0	1
D0_011799	chr9	94113595	94113790	-	10	10	unresolved			1	0	0	1
D0_011800	chr9	97881034	97882881	-	10	9	unresolved			1	0	0	1
D0_011801	chr9	97889869	97892238	-	10	10	other_v49_added_gene		ENSG00000307471	1	1	0	2
D0_011802	chr9	103776232	103776892	-	10	10	unresolved			1	0	0	1
D0_011803	chr9	112355729	112358072	-	10	8	unresolved			1	1	0	2
D0_011804	chr9	112903546	112906695	+	10	10	unresolved			1	0	0	1
D0_011805	chr9	113309298	113310225	-	10	10	unresolved			1	1	0	2
D0_011806	chr9	114569532	114569736	+	10	10	unresolved			1	0	0	1
D0_011807	chr9	114752018	114754013	+	10	10	unresolved			1	0	0	1
D0_011808	chr9	122832598	122832813	-	10	2	unresolved			1	0	0	1
D0_011809	chr9	123293581	123293721	+	10	10	unresolved			1	0	0	1
D0_011810	chr9	127779053	127781863	+	10	9	unresolved			1	1	0	2
D0_011811	chr9	128337591	128338617	+	10	8	unresolved			1	0	0	1
D0_011812	chr9	131123442	131123549	+	10	9	unresolved			1	0	0	1
D0_011813	chr9	133028075	133030388	-	10	10	other_v49_added_gene		ENSG00000288989	1	1	0	2
D0_011814	chr9	135400872	135401174	-	10	10	unresolved			1	0	0	1
D0_011815	chr9	135451506	135451673	+	10	10	unresolved			1	0	0	1
D0_011816	chr9	136001763	136002179	-	10	9	unresolved			1	0	0	1
D0_011817	chr9	136730385	136732322	+	10	7	unresolved			1	1	0	2
D0_011818	chr9	137001194	137002400	+	10	9	unresolved			1	1	0	2
D0_011819	chr9	137291644	137292282	-	10	10	unresolved			1	0	0	1
D0_011820	chr10	745293	745428	-	10	10	unresolved			0	0	0	0
D0_011821	chr10	3791336	3791813	+	10	9	other_v49_added_gene		ENSG00000288755	1	0	0	1
D0_011822	chr10	7154945	7155849	-	10	9	unresolved			1	0	0	1
D0_011823	chr10	8078254	8080800	+	10	8	unresolved			1	0	0	1
D0_011824	chr10	8095028	8097216	+	10	8	other_v49_added_gene		ENSG00000298566	1	1	0	2
D0_011825	chr10	8709219	8712072	-	10	7	unresolved			1	1	0	2
D0_011826	chr10	8859439	8862234	-	10	8	unresolved			1	0	0	1
D0_011827	chr10	8889703	8891503	-	10	10	unresolved			1	0	0	1
D0_011828	chr10	15403115	15508213	+	10	9	unresolved			1	0	0	1
D0_011829	chr10	17628468	17628624	-	10	10	unresolved			0	1	0	1
D0_011830	chr10	17734211	17736029	+	10	10	unresolved			1	1	0	2
D0_011831	chr10	22516351	22516607	+	10	8	unresolved			1	0	0	1
D0_011832	chr10	30602074	30602180	-	10	10	unresolved			1	1	0	2
D0_011833	chr10	45704752	45705505	-	10	10	other_v49_added_gene		ENSG00000290460	1	0	0	1
D0_011834	chr10	46148529	46149664	-	10	8	other_v49_added_gene		ENSG00000299562	1	0	0	1
D0_011835	chr10	46576724	46577122	-	10	10	unresolved			1	1	0	2
D0_011836	chr10	46833066	46834414	+	10	10	other_v49_added_gene		ENSG00000305731	0	0	0	0
D0_011837	chr10	47683300	47683604	-	10	10	unresolved			1	0	0	1
D0_011838	chr10	50303947	50304792	+	10	8	unresolved			1	0	0	1
D0_011839	chr10	60733499	60733764	+	10	9	unresolved			1	1	0	2
D0_011840	chr10	62181324	62181624	+	10	10	unresolved			1	0	0	1
D0_011841	chr10	63163792	63164569	-	10	10	unresolved			1	0	0	1
D0_011842	chr10	68985598	68986641	-	10	9	unresolved			1	1	0	2
D0_011843	chr10	69061578	69063571	+	10	10	other_v49_added_gene		ENSG00000297252	1	0	0	1
D0_011844	chr10	69174694	69178271	+	10	10	unresolved			1	1	0	2
D0_011845	chr10	70587474	70590661	-	10	10	unresolved			1	0	0	1
D0_011846	chr10	71874524	71875462	-	10	10	unresolved			1	0	0	1
D0_011847	chr10	72279054	72281968	+	10	7	unresolved			1	1	0	2
D0_011848	chr10	72326989	72328472	-	10	8	other_v49_added_gene		ENSG00000297781	1	0	0	1
D0_011849	chr10	72363446	72365984	+	10	9	unresolved			1	1	0	2
D0_011850	chr10	73435487	73435891	+	10	9	unresolved			1	0	0	1
D0_011851	chr10	73626793	73627690	+	10	9	unresolved			1	1	0	2
D0_011852	chr10	75208511	75209853	+	10	9	unresolved			1	0	0	1
D0_011853	chr10	76803336	76803581	+	10	10	unresolved			1	0	0	1
D0_011854	chr10	79068376	79068666	+	10	6	unresolved			1	1	0	2
D0_011855	chr10	79357443	79358033	+	10	8	unresolved			1	1	0	2
D0_011856	chr10	86403463	86407313	+	10	7	unresolved			1	0	0	1
D0_011857	chr10	95707478	95708818	+	10	9	unresolved			1	0	0	1
D0_011858	chr10	96592216	96592614	+	10	9	unresolved			1	1	0	2
D0_011859	chr10	97345672	97352646	+	10	10	unresolved			0	0	0	0
D0_011860	chr10	97433868	97435889	-	10	9	preexisting_v49_gene_span			1	1	0	2
D0_011861	chr10	97774397	97775755	+	10	10	unresolved			1	0	0	1
D0_011862	chr10	99238923	99324625	+	10	10	unresolved			1	1	0	2
D0_011863	chr10	102081707	102082819	-	10	10	unresolved			1	0	0	1
D0_011864	chr10	102122569	102122909	-	10	10	unresolved			1	0	0	1
D0_011865	chr10	102437439	102437751	+	10	10	preexisting_v49_gene_span			1	1	0	2
D0_011866	chr10	110339551	110339941	-	10	10	unresolved			1	0	0	1
D0_011867	chr10	112842120	112842405	-	10	10	unresolved			1	1	0	2
D0_011868	chr10	114428521	114429039	-	10	9	unresolved			1	0	0	1
D0_011869	chr10	123185243	123189026	+	10	6	unresolved			1	0	0	1
D0_011870	chr10	130186231	130186567	-	10	9	unresolved			1	0	0	1
D0_011871	chr10	133783726	133784709	+	10	10	unresolved			1	0	0	1
D0_011872	chr11	331421	332503	+	10	8	unresolved			1	0	0	1
D0_011873	chr11	355186	356068	-	10	10	unresolved			1	1	0	2
D0_011874	chr11	729574	730689	+	10	9	unresolved			1	1	0	2
D0_011875	chr11	1533455	1534494	+	10	8	unresolved			1	0	0	1
D0_011876	chr11	1915742	1916900	+	10	10	other_v49_added_gene		ENSG00000304754	1	0	0	1
D0_011877	chr11	2292617	2293063	+	10	10	unresolved			1	0	0	1
D0_011878	chr11	10307679	10307990	+	10	9	unresolved			1	0	0	1
D0_011879	chr11	16763823	16766389	+	10	8	unresolved			1	0	0	1
D0_011880	chr11	22959058	22960084	+	10	9	unresolved			1	0	0	1
D0_011881	chr11	22979039	22979355	-	10	9	unresolved			1	0	0	1
D0_011882	chr11	23521215	23676524	+	10	6	unresolved			0	1	0	1
D0_011883	chr11	25628752	25628859	-	10	9	unresolved			1	0	0	1
D0_011884	chr11	33240076	33240821	-	10	10	unresolved			0	0	0	0
D0_011885	chr11	33251414	33252500	+	10	10	preexisting_v49_gene_span			1	0	0	1
D0_011886	chr11	33894790	33895703	+	10	9	other_v49_added_gene		ENSG00000308500	1	1	0	2
D0_011887	chr11	45843930	45846878	-	10	9	unresolved			1	1	0	2
D0_011888	chr11	46676297	46676798	-	10	9	unresolved			1	1	0	2
D0_011889	chr11	47917788	47929477	-	10	7	other_v49_added_gene		ENSG00000310235	1	1	0	2
D0_011890	chr11	58495350	58496722	-	10	10	unresolved			1	1	0	2
D0_011891	chr11	58514511	58515010	-	10	9	preexisting_v49_gene_span			1	0	0	1
D0_011892	chr11	58578285	58579045	+	10	8	preexisting_v49_gene_span			1	0	0	1
D0_011893	chr11	61892253	61895143	+	10	8	unresolved			1	0	0	1
D0_011894	chr11	62675158	62676094	-	10	10	unresolved			1	0	0	1
D0_011895	chr11	63967279	63970383	+	10	9	unresolved			1	0	0	1
D0_011896	chr11	64338496	64338774	+	10	6	other_v49_added_gene		ENSG00000305209	1	0	0	1
D0_011897	chr11	64373944	64385696	-	10	9	unresolved			1	0	0	1
D0_011898	chr11	64760044	64762174	+	10	9	unresolved			1	0	0	1
D0_011899	chr11	65563151	65566026	+	10	10	unresolved			1	0	0	1
D0_011900	chr11	65709334	65711902	-	10	8	unresolved			1	0	0	1
D0_011901	chr11	65711156	65711371	+	10	6	unresolved			1	0	0	1
D0_011902	chr11	65806554	65810158	-	10	8	unresolved			1	1	0	2
D0_011903	chr11	65993257	65993589	+	10	10	unresolved			1	0	0	1
D0_011904	chr11	66743988	66744416	-	10	10	preexisting_v49_gene_span			1	1	0	2
D0_011905	chr11	66984375	66991397	-	10	9	other_v49_added_gene		ENSG00000304624	1	0	0	1
D0_011906	chr11	67426556	67427316	+	10	9	unresolved			1	0	0	1
D0_011907	chr11	68881756	68882490	-	10	9	unresolved			1	0	0	1
D0_011908	chr11	70212983	70220162	+	10	10	unresolved			1	1	0	2
D0_011909	chr11	71659015	71660212	+	10	8	other_v49_added_gene		ENSG00000290775	1	0	0	1
D0_011910	chr11	73247341	73248110	+	10	8	other_v49_added_gene		ENSG00000308241	1	1	0	2
D0_011911	chr11	73673373	73674667	+	10	10	unresolved			1	0	0	1
D0_011912	chr11	74009538	74010536	-	10	10	unresolved			1	0	0	1
D0_011913	chr11	74981808	74984033	+	10	9	unresolved			1	1	0	2
D0_011914	chr11	78088040	78089666	-	10	10	unresolved			1	0	0	1
D0_011915	chr11	83154019	83156858	-	10	10	unresolved			1	1	0	2
D0_011916	chr11	86188267	86188373	+	10	10	unresolved			1	0	0	1
D0_011917	chr11	86424703	86425933	-	10	10	other_v49_added_gene		ENSG00000309946	1	0	0	1
D0_011918	chr11	93325261	93326780	-	10	9	unresolved			1	0	0	1
D0_011919	chr11	95071472	95072794	+	10	10	unresolved			1	1	0	2
D0_011920	chr11	102392291	102394169	-	10	9	unresolved			1	0	0	1
D0_011921	chr11	103033677	103033956	-	10	9	unresolved			1	0	0	1
D0_011922	chr11	107262564	107264375	-	10	5	unresolved			1	1	0	2
D0_011923	chr11	107318416	107319142	+	10	10	unresolved			1	0	0	1
D0_011924	chr11	117177425	117178636	-	10	6	unresolved			1	1	0	2
D0_011925	chr11	118323945	118326252	+	10	5	unresolved			1	1	0	2
D0_011926	chr11	118837398	118851265	-	10	9	other_v49_added_gene		ENSG00000306274	1	1	0	2
D0_011927	chr11	119061023	119064287	+	10	9	other_v49_added_gene		ENSG00000296527	1	0	0	1
D0_011928	chr11	121660966	121661860	-	10	9	unresolved			1	0	0	1
D0_011929	chr11	124701042	124702029	-	10	10	unresolved			1	0	0	1
D0_011930	chr11	124711085	124713681	-	10	9	unresolved			1	0	0	1
D0_011931	chr11	130564900	130565994	+	10	9	unresolved			1	0	0	1
D0_011932	chr12	14160	14345	+	10	9	unresolved			1	0	0	1
D0_011933	chr12	734650	746636	-	10	9	unresolved			1	1	0	2
D0_011934	chr12	3779460	3783197	+	10	9	unresolved			1	0	0	1
D0_011935	chr12	4076733	4078421	+	10	8	unresolved			1	0	0	1
D0_011936	chr12	4143436	4144063	+	10	8	unresolved			1	0	0	1
D0_011937	chr12	6163319	6168462	-	10	10	preexisting_v49_gene_span			1	0	0	1
D0_011938	chr12	7990633	7992370	+	10	8	preexisting_v49_gene_span			1	0	0	1
D0_011939	chr12	9773403	9774413	+	10	7	unresolved			1	1	0	2
D0_011940	chr12	9796042	9798935	+	10	9	unresolved			1	0	0	1
D0_011941	chr12	14299338	14345511	-	10	9	unresolved			1	1	0	2
D0_011942	chr12	20767462	20768470	-	10	10	unresolved			0	0	0	0
D0_011943	chr12	31255443	31257801	-	10	9	unresolved			1	1	0	2
D0_011944	chr12	31832715	31836097	-	10	10	unresolved			1	1	0	2
D0_011945	chr12	39472676	39474653	-	10	9	unresolved			1	0	0	1
D0_011946	chr12	43617926	43618034	-	10	10	unresolved			1	0	0	1
D0_011947	chr12	48643782	48644467	-	10	9	unresolved			1	1	0	2
D0_011948	chr12	49120521	49121276	-	10	7	unresolved			1	0	0	1
D0_011949	chr12	50491360	50504423	-	10	8	unresolved			1	1	0	2
D0_011950	chr12	51043206	51047384	-	10	10	other_v49_added_gene		ENSG00000307060	1	1	0	2
D0_011951	chr12	53209179	53210173	+	10	10	other_v49_added_gene		ENSG00000297487	1	1	0	2
D0_011952	chr12	60008729	60083219	-	10	10	unresolved			1	1	0	2
D0_011953	chr12	64503429	64505517	+	10	10	other_v49_added_gene		ENSG00000288665	1	0	0	1
D0_011954	chr12	65000693	65000793	-	10	10	unresolved			1	0	0	1
D0_011955	chr12	67899886	67906166	+	10	10	unresolved			1	0	0	1
D0_011956	chr12	68800053	68802394	+	10	8	unresolved			1	0	0	1
D0_011957	chr12	70355014	70358583	+	10	10	unresolved			1	1	0	2
D0_011958	chr12	74545982	74546813	+	10	10	unresolved			1	0	0	1
D0_011959	chr12	76019363	76020292	-	10	8	unresolved			1	1	0	2
D0_011960	chr12	83233370	83388509	-	10	10	unresolved			1	1	0	2
D0_011961	chr12	92238833	92241620	-	10	8	preexisting_v49_gene_span			1	1	0	2
D0_011962	chr12	92958527	92960959	+	10	8	preexisting_v49_gene_span			1	0	0	1
D0_011963	chr12	92986692	92989058	-	10	9	unresolved			1	0	0	1
D0_011964	chr12	93442276	93444607	+	10	8	other_v49_added_gene		ENSG00000298387	1	1	0	2
D0_011965	chr12	93446756	93447570	-	10	7	unresolved			1	0	0	1
D0_011966	chr12	94553254	94553877	-	10	10	unresolved			1	0	0	1
D0_011967	chr12	94709620	94711505	-	10	9	unresolved			1	0	0	1
D0_011968	chr12	94748446	94748847	-	10	9	unresolved			1	0	0	1
D0_011969	chr12	94799037	94799943	-	10	8	other_v49_added_gene		ENSG00000303924	1	0	0	1
D0_011970	chr12	97694532	97708087	-	10	10	other_v49_added_gene		ENSG00000293309	1	1	0	2
D0_011971	chr12	100147714	100148328	-	10	9	unresolved			1	0	0	1
D0_011972	chr12	105763417	105763747	+	10	7	other_v49_added_gene		ENSG00000289387	0	0	0	0
D0_011973	chr12	107720261	107722351	-	10	9	unresolved			1	0	0	1
D0_011974	chr12	110248777	110257675	-	10	9	other_v49_added_gene		ENSG00000289311	1	0	0	1
D0_011975	chr12	110767554	110783820	+	10	10	unresolved			1	1	0	2
D0_011976	chr12	111403794	111405092	-	10	8	other_v49_added_gene		ENSG00000294281,ENSG00000299832	1	0	0	1
D0_011977	chr12	111619337	111622225	-	10	10	unresolved			1	1	0	2
D0_011978	chr12	112025245	112026355	-	10	7	unresolved			1	0	0	1
D0_011979	chr12	113781002	113782782	-	10	9	unresolved			1	1	0	2
D0_011980	chr12	120315446	120317494	-	10	10	other_v49_added_gene		ENSG00000298788	1	1	0	2
D0_011981	chr12	120502175	120503166	+	10	10	unresolved			1	0	0	1
D0_011982	chr12	122430353	122448436	-	10	10	unresolved			1	1	0	2
D0_011983	chr12	122772682	122774149	-	10	8	unresolved			1	0	0	1
D0_011984	chr12	126722933	126723308	-	10	10	preexisting_v49_gene_span			1	0	0	1
D0_011985	chr12	126857834	126858171	-	10	10	unresolved			1	0	0	1
D0_011986	chr12	128843312	128843646	-	10	9	unresolved			1	1	0	2
D0_011987	chr12	131812761	131815045	-	10	10	unresolved			1	0	0	1
D0_011988	chr13	20949728	20954242	-	10	10	unresolved			1	0	0	1
D0_011989	chr13	21491185	21491457	+	10	10	other_v49_added_gene		ENSG00000291046	1	0	0	1
D0_011990	chr13	26553535	26553626	+	10	10	unresolved			0	0	0	0
D0_011991	chr13	27060101	27061710	-	10	10	unresolved			1	0	0	1
D0_011992	chr13	27262903	27263286	+	10	10	unresolved			1	0	0	1
D0_011993	chr13	30709147	30709261	-	10	10	unresolved			1	0	0	1
D0_011994	chr13	31671694	31673595	-	10	9	unresolved			1	0	0	1
D0_011995	chr13	31695776	31697139	-	10	10	unresolved			1	0	0	1
D0_011996	chr13	31705249	31708065	-	10	9	unresolved			1	0	0	1
D0_011997	chr13	31808498	31810206	-	10	10	other_v49_added_gene		ENSG00000289381	0	0	0	0
D0_011998	chr13	40700980	40701619	-	10	9	unresolved			1	0	0	1
D0_011999	chr13	42327128	42329351	+	10	8	unresolved			1	0	0	1
D0_012000	chr13	47670399	47670509	+	10	10	other_v49_added_gene		ENSG00000299661	0	0	0	0
D0_012001	chr13	48052109	48052561	-	10	9	unresolved			1	0	0	1
D0_012002	chr13	49654090	49654671	+	10	9	other_v49_added_gene		ENSG00000306766	1	0	0	1
D0_012003	chr13	49694772	49697896	-	10	9	preexisting_v49_gene_span			1	1	0	2
D0_012004	chr13	72154369	72154560	+	10	10	unresolved			1	0	0	1
D0_012005	chr13	73033814	73037829	+	10	10	preexisting_v49_gene_span			1	0	0	1
D0_012006	chr13	80288380	80293718	-	10	10	unresolved			1	1	0	2
D0_012007	chr13	86527074	86699137	+	10	10	unresolved			0	1	0	1
D0_012008	chr13	100028261	100044281	-	10	10	unresolved			1	1	0	2
D0_012009	chr13	103707179	103962259	-	10	10	unresolved			1	1	0	2
D0_012010	chr13	109419333	109421806	-	10	9	unresolved			1	0	0	1
D0_012011	chr13	111309117	111309814	+	10	10	unresolved			1	1	0	2
D0_012012	chr14	20791698	20799758	+	10	7	other_v49_added_gene		ENSG00000303743	1	0	1	2
D0_012013	chr14	21847664	21849534	-	10	10	unresolved			1	0	0	1
D0_012014	chr14	21998179	22001868	+	10	8	unresolved			1	1	0	2
D0_012015	chr14	22175154	22175603	+	10	10	unresolved			1	1	0	2
D0_012016	chr14	22854193	22864444	-	10	9	other_v49_added_gene		ENSG00000303741	1	1	0	2
D0_012017	chr14	39142094	39143811	+	10	8	unresolved			1	0	0	1
D0_012018	chr14	39145679	39146455	+	10	9	unresolved			1	0	0	1
D0_012019	chr14	39170539	39171033	+	10	9	unresolved			1	0	0	1
D0_012020	chr14	39393005	39393431	-	10	9	unresolved			1	0	0	1
D0_012021	chr14	49567112	49569691	-	10	9	unresolved			1	1	0	2
D0_012022	chr14	49615423	49617987	-	10	10	unresolved			1	1	0	2
D0_012023	chr14	49623489	49625123	-	10	8	unresolved			1	1	0	2
D0_012024	chr14	49856829	49858252	+	10	10	unresolved			1	0	0	1
D0_012025	chr14	52291123	52293183	-	10	9	other_v49_added_gene		ENSG00000289424	1	0	0	1
D0_012026	chr14	55070535	55073468	-	10	10	other_v49_added_gene		ENSG00000307927	1	1	0	2
D0_012027	chr14	55079835	55099398	-	10	8	other_v49_added_gene		ENSG00000307927	1	1	0	2
D0_012028	chr14	57454536	57454802	+	10	10	unresolved			1	0	0	1
D0_012029	chr14	65233091	65234246	-	10	9	unresolved			1	0	0	1
D0_012030	chr14	65352013	65353833	+	10	9	other_v49_added_gene		ENSG00000302621	1	0	0	1
D0_012031	chr14	65378936	65383701	-	10	10	other_v49_added_gene		ENSG00000300981	1	0	0	1
D0_012032	chr14	70677960	70680994	+	10	9	unresolved			1	1	0	2
D0_012033	chr14	73711181	73711773	-	10	10	unresolved			1	1	0	2
D0_012034	chr14	75234829	75235349	+	10	8	other_v49_added_gene		ENSG00000302861	1	0	0	1
D0_012035	chr14	75333349	75334042	-	10	8	unresolved			1	0	0	1
D0_012036	chr14	86240749	86241030	-	10	10	unresolved			1	0	0	1
D0_012037	chr14	92186652	92187381	-	10	10	unresolved			1	0	0	1
D0_012038	chr14	92511888	92513780	-	10	10	other_v49_added_gene		ENSG00000308283	1	1	0	2
D0_012039	chr14	93236504	93237346	-	10	10	unresolved			1	1	0	2
D0_012040	chr14	96951125	96953020	+	10	9	preexisting_v49_gene_span			1	0	0	1
D0_012041	chr14	97783471	97785033	+	10	9	unresolved			1	0	0	1
D0_012042	chr14	99122730	99123895	+	10	10	unresolved			1	0	0	1
D0_012043	chr14	99281876	99283721	+	10	9	unresolved			1	0	0	1
D0_012044	chr14	100169284	100170568	-	10	10	unresolved			1	0	0	1
D0_012045	chr14	100688643	100689109	+	10	9	other_v49_added_gene		ENSG00000289278	1	0	0	1
D0_012046	chr14	101118033	101120367	-	10	8	unresolved			1	1	0	2
D0_012047	chr14	102775314	102777052	-	10	9	unresolved			1	0	0	1
D0_012048	chr14	103511374	103512529	+	10	9	unresolved			1	1	0	2
D0_012049	chr14	104809078	104809913	-	10	7	preexisting_v49_gene_span			1	1	0	2
D0_012050	chr14	105039146	105040965	-	10	8	unresolved			1	0	0	1
D0_012051	chr14	105086366	105087262	-	10	9	other_v49_added_gene		ENSG00000307120	1	0	0	1
D0_012052	chr14	105708774	105711836	-	10	9	other_v49_added_gene		ENSG00000300403	1	0	0	1
D0_012053	chr14	106228978	106229447	+	10	10	other_v49_added_gene		ENSG00000289598	1	1	0	2
D0_012054	chr15	22604393	22605252	-	10	9	other_v49_added_gene		ENSG00000291261	1	0	0	1
D0_012055	chr15	22701330	22705288	-	10	10	unresolved			0	0	0	0
D0_012056	chr15	23721747	23732407	-	10	10	unresolved			1	0	0	1
D0_012057	chr15	30463091	30465640	-	10	9	other_v49_added_gene		ENSG00000289397	1	0	0	1
D0_012058	chr15	30539187	30540039	-	10	10	preexisting_v49_gene_span			1	0	0	1
D0_012059	chr15	40399413	40402482	-	10	9	unresolved			1	0	0	1
D0_012060	chr15	41404039	41404963	+	10	9	unresolved			1	0	0	1
D0_012061	chr15	43722065	43724823	-	10	9	unresolved			1	0	0	1
D0_012062	chr15	49833319	49836885	-	10	10	unresolved			1	0	0	1
D0_012063	chr15	50378784	50390228	+	10	8	unresolved			1	1	0	2
D0_012064	chr15	50549827	50552468	-	10	9	unresolved			1	1	0	2
D0_012065	chr15	52542509	52545473	-	10	7	unresolved			1	0	0	1
D0_012066	chr15	55200436	55201974	+	10	4	unresolved			1	0	0	1
D0_012067	chr15	63494284	63495387	-	10	10	preexisting_v49_gene_span			1	0	0	1
D0_012068	chr15	64686086	64687167	-	10	10	unresolved			1	1	0	2
D0_012069	chr15	64720045	64723930	-	10	8	unresolved			1	0	0	1
D0_012070	chr15	64840205	64841624	-	10	7	other_v49_added_gene		ENSG00000300775	1	0	0	1
D0_012071	chr15	65518083	65518833	+	10	9	unresolved			1	1	0	2
D0_012072	chr15	67195687	67197240	-	10	9	unresolved			1	0	0	1
D0_012073	chr15	67814303	67814632	+	10	10	unresolved			1	0	0	1
D0_012074	chr15	67817636	67819083	+	10	7	unresolved			1	0	0	1
D0_012075	chr15	70818999	70819121	+	10	10	unresolved			0	0	0	0
D0_012076	chr15	74054955	74056486	-	10	10	unresolved			1	0	0	1
D0_012077	chr15	75139859	75143759	+	10	9	unresolved			1	1	0	2
D0_012078	chr15	76954445	76958106	+	10	8	unresolved			1	1	0	2
D0_012079	chr15	81006620	81007018	-	10	10	unresolved			1	0	0	1
D0_012080	chr15	82723121	82725434	-	10	9	other_v49_added_gene		ENSG00000293222	1	1	0	2
D0_012081	chr15	85900706	85901982	+	10	10	unresolved			1	1	0	2
D0_012082	chr15	89230920	89232861	+	10	9	unresolved			1	0	0	1
D0_012083	chr15	89823110	89823616	-	10	9	unresolved			0	0	0	0
D0_012084	chr15	90322196	90331788	+	10	10	unresolved			1	1	0	2
D0_012085	chr15	91852135	91853581	-	10	10	other_v49_added_gene		ENSG00000299260	1	1	0	2
D0_012086	chr15	94647936	94648044	-	10	8	unresolved			1	1	0	2
D0_012087	chr15	96633495	96668222	+	10	10	unresolved			1	0	0	1
D0_012088	chr16	810878	812961	+	10	9	unresolved			1	1	0	2
D0_012089	chr16	2215423	2217762	+	10	9	unresolved			1	1	0	2
D0_012090	chr16	3101691	3102741	+	10	9	preexisting_v49_gene_span			1	0	0	1
D0_012091	chr16	3106182	3106513	-	10	9	preexisting_v49_gene_span			1	1	0	2
D0_012092	chr16	3340010	3345430	+	10	10	unresolved			1	1	0	2
D0_012093	chr16	4254506	4256250	-	10	8	unresolved			1	1	0	2
D0_012094	chr16	8998040	9026807	-	10	10	other_v49_added_gene		ENSG00000296326	1	1	0	2
D0_012095	chr16	10264016	10281829	-	10	10	unresolved			1	0	0	1
D0_012096	chr16	11532063	11534429	-	10	10	unresolved			1	0	0	1
D0_012097	chr16	15381280	15382996	-	10	10	unresolved			1	0	0	1
D0_012098	chr16	21397450	21399376	-	10	10	unresolved			1	0	0	1
D0_012099	chr16	22194433	22196873	-	10	9	other_v49_added_gene		ENSG00000296486	1	1	0	2
D0_012100	chr16	27369529	27371826	+	10	9	unresolved			1	1	0	2
D0_012101	chr16	28632580	28632818	-	10	10	unresolved			1	0	0	1
D0_012102	chr16	28967115	28968963	+	10	9	unresolved			1	0	0	1
D0_012103	chr16	31029596	31031753	+	10	7	unresolved			1	0	0	1
D0_012104	chr16	31052210	31054551	-	10	10	unresolved			1	1	0	2
D0_012105	chr16	31052658	31056326	+	10	10	unresolved			1	0	0	1
D0_012106	chr16	31172879	31173011	+	10	10	unresolved			1	0	0	1
D0_012107	chr16	31383788	31387015	+	10	10	unresolved			1	1	0	2
D0_012108	chr16	33987966	33988129	-	10	10	other_v49_added_gene		ENSG00000303944	1	0	0	1
D0_012109	chr16	34196549	34200690	-	10	10	unresolved			1	0	0	1
D0_012110	chr16	50656551	50657015	+	10	10	unresolved			1	0	0	1
D0_012111	chr16	55084102	55246227	+	10	10	unresolved			0	1	0	1
D0_012112	chr16	56917528	56918260	+	10	10	unresolved			1	0	0	1
D0_012113	chr16	62488575	62489616	-	10	10	unresolved			1	0	0	1
D0_012114	chr16	63771040	63828173	-	10	10	unresolved			1	1	0	2
D0_012115	chr16	67104760	67107573	+	10	8	unresolved			1	0	0	1
D0_012116	chr16	67721509	67722823	-	10	8	unresolved			1	0	0	1
D0_012117	chr16	67983935	67985373	+	10	10	unresolved			1	0	0	1
D0_012118	chr16	70089530	70091245	-	10	10	unresolved			1	0	0	1
D0_012119	chr16	70202475	70204044	-	10	10	unresolved			1	0	0	1
D0_012120	chr16	81717392	81718818	-	10	9	other_v49_added_gene		ENSG00000295517	1	1	0	2
D0_012121	chr16	81966775	81967390	-	10	9	unresolved			1	0	0	1
D0_012122	chr16	81981436	81982845	+	10	7	unresolved			1	0	0	1
D0_012123	chr16	85021081	85022432	+	10	9	unresolved			1	1	0	2
D0_012124	chr16	85766927	85769617	-	10	10	unresolved			1	0	0	1
D0_012125	chr16	85770938	85771487	-	10	10	unresolved			1	1	0	2
D0_012126	chr16	88801005	88803156	+	10	8	unresolved			1	0	0	1
D0_012127	chr16	89059272	89060522	+	10	10	unresolved			0	0	0	0
D0_012128	chr17	1229951	1232286	+	10	9	unresolved			1	0	0	1
D0_012129	chr17	3559432	3559946	+	10	10	unresolved			1	0	0	1
D0_012130	chr17	5028560	5029445	-	10	10	preexisting_v49_gene_span			1	1	0	2
D0_012131	chr17	5030546	5030943	-	10	7	preexisting_v49_gene_span			1	0	0	1
D0_012132	chr17	5176894	5177110	+	10	10	unresolved			1	0	0	1
D0_012133	chr17	7060172	7061611	-	10	8	unresolved			1	1	0	2
D0_012134	chr17	7153133	7155842	-	10	10	unresolved			1	0	0	1
D0_012135	chr17	8023284	8024041	-	10	10	unresolved			1	1	0	2
D0_012136	chr17	8190516	8191580	+	10	8	other_v49_added_gene		ENSG00000299228	1	1	0	2
D0_012137	chr17	8213916	8215203	-	10	8	unresolved			1	1	0	2
D0_012138	chr17	8387911	8390280	+	10	10	unresolved			1	1	0	2
D0_012139	chr17	10665252	10666023	-	10	10	unresolved			1	0	0	1
D0_012140	chr17	10666220	10669432	+	10	10	preexisting_v49_gene_span			1	1	0	2
D0_012141	chr17	10991534	11116180	+	10	10	unresolved			1	1	0	2
D0_012142	chr17	13317282	13317493	-	10	10	unresolved			1	0	0	1
D0_012143	chr17	15428310	15430742	-	10	9	unresolved			1	1	0	2
D0_012144	chr17	17471673	17471790	+	10	10	unresolved			1	0	0	1
D0_012145	chr17	18076634	18085745	+	10	10	unresolved			1	0	0	1
D0_012146	chr17	19191955	19193780	+	10	10	unresolved			1	0	0	1
D0_012147	chr17	29063883	29064173	-	10	9	unresolved			1	0	0	1
D0_012148	chr17	29220256	29220339	+	10	10	unresolved			1	0	0	1
D0_012149	chr17	29244294	29246509	-	10	10	unresolved			1	1	0	2
D0_012150	chr17	31928641	31929720	+	10	10	unresolved			1	0	0	1
D0_012151	chr17	35311097	35313015	-	10	9	unresolved			1	0	0	1
D0_012152	chr17	35448896	35450272	+	10	9	unresolved			1	1	0	2
D0_012153	chr17	38288030	38291247	-	10	9	other_v49_added_gene		ENSG00000296484	1	0	0	1
D0_012154	chr17	38751792	38752342	-	10	9	preexisting_v49_gene_span			1	0	0	1
D0_012155	chr17	38826924	38829959	+	10	9	unresolved			1	1	0	2
D0_012156	chr17	38867296	38867505	-	10	3	preexisting_v49_gene_span			1	1	0	2
D0_012157	chr17	38969253	38970182	-	10	10	unresolved			1	0	0	1
D0_012158	chr17	42277398	42280007	-	10	9	preexisting_v49_gene_span			1	0	0	1
D0_012159	chr17	42397783	42397959	-	10	10	unresolved			1	0	0	1
D0_012160	chr17	42523466	42524540	+	10	8	unresolved			1	0	0	1
D0_012161	chr17	45189630	45190904	-	10	8	preexisting_v49_gene_span			1	1	0	2
D0_012162	chr17	45317544	45318241	+	10	8	unresolved			1	1	0	2
D0_012163	chr17	46264184	46266254	-	10	8	other_v49_added_gene		ENSG00000305169	1	1	0	2
D0_012164	chr17	46270710	46273245	-	10	10	unresolved			1	1	0	2
D0_012165	chr17	49057270	49063116	+	10	10	unresolved			1	1	0	2
D0_012166	chr17	49697259	49698166	-	10	9	unresolved			1	0	0	1
D0_012167	chr17	50301658	50310406	-	10	10	unresolved			1	0	0	1
D0_012168	chr17	50343364	50345207	-	10	7	unresolved			1	1	0	2
D0_012169	chr17	50485978	50486604	+	10	9	preexisting_v49_gene_span			1	1	0	2
D0_012170	chr17	50756439	50759762	-	10	10	unresolved			1	1	0	2
D0_012171	chr17	51174572	51177208	-	10	10	unresolved			1	1	0	2
D0_012172	chr17	62065315	62065931	-	10	9	other_v49_added_gene		ENSG00000289293	1	0	0	1
D0_012173	chr17	62281506	62282531	-	10	9	unresolved			1	1	0	2
D0_012174	chr17	62988345	62988713	-	10	7	unresolved			1	0	0	1
D0_012175	chr17	63991166	63995271	-	10	9	preexisting_v49_gene_span			1	1	0	2
D0_012176	chr17	66810986	66811264	-	10	10	unresolved			1	1	0	2
D0_012177	chr17	67760498	67761717	+	10	9	unresolved			1	0	0	1
D0_012178	chr17	70436886	70545787	-	10	10	unresolved			0	1	0	1
D0_012179	chr17	74515815	74516640	-	10	7	unresolved			1	0	0	1
D0_012180	chr17	74626951	74633121	-	10	10	other_v49_added_gene		ENSG00000309557	1	1	0	2
D0_012181	chr17	75025854	75029419	+	10	10	unresolved			1	0	0	1
D0_012182	chr17	75419433	75424561	-	10	10	unresolved			1	1	0	2
D0_012183	chr17	75825808	75826385	+	10	9	unresolved			1	0	0	1
D0_012184	chr17	75864087	75872666	-	10	10	unresolved			1	0	0	1
D0_012185	chr17	76271408	76273849	+	10	8	other_v49_added_gene		ENSG00000296966	1	0	0	1
D0_012186	chr17	76595289	76604782	+	10	9	preexisting_v49_gene_span			1	1	0	2
D0_012187	chr17	78246220	78247951	-	10	8	other_v49_added_gene		ENSG00000308650	1	0	0	1
D0_012188	chr17	78666335	78669505	-	10	10	unresolved			1	0	0	1
D0_012189	chr17	81871687	81873042	-	10	10	unresolved			1	1	0	2
D0_012190	chr17	82452976	82453513	-	10	10	preexisting_v49_gene_span			1	1	0	2
D0_012191	chr17	83126108	83127893	+	10	9	other_v49_added_gene		ENSG00000300454	1	1	0	2
D0_012192	chr18	10561099	10562645	+	10	9	other_v49_added_gene		ENSG00000309112	1	1	0	2
D0_012193	chr18	13655506	13657815	+	10	9	unresolved			1	0	0	1
D0_012194	chr18	20941335	20943338	-	10	9	unresolved			1	0	0	1
D0_012195	chr18	20946050	20946234	-	10	10	preexisting_v49_gene_span			1	0	0	1
D0_012196	chr18	21639090	21643109	+	10	9	unresolved			1	1	0	2
D0_012197	chr18	21647055	21649892	+	10	10	unresolved			1	1	0	2
D0_012198	chr18	23987758	23988465	-	10	10	preexisting_v49_gene_span			1	1	0	2
D0_012199	chr18	35580248	35581098	-	10	9	unresolved			1	1	0	2
D0_012200	chr18	45973852	45976082	-	10	9	unresolved			1	0	0	1
D0_012201	chr18	46131667	46134286	+	10	9	unresolved			1	1	0	2
D0_012202	chr18	46142354	46144163	-	10	10	unresolved			1	0	0	1
D0_012203	chr18	46802664	46803102	+	10	10	unresolved			1	0	0	1
D0_012204	chr18	58773835	58786496	+	10	10	unresolved			1	0	0	1
D0_012205	chr18	59904492	59904886	-	10	10	unresolved			1	1	0	2
D0_012206	chr18	76282843	76283509	-	10	10	unresolved			1	0	0	1
D0_012207	chr18	76699277	76699344	+	10	8	other_v49_added_gene		ENSG00000306934	1	0	0	1
D0_012208	chr19	1653521	1654400	+	10	8	unresolved			1	1	0	2
D0_012209	chr19	2457140	2457825	+	10	6	unresolved			1	0	0	1
D0_012210	chr19	2818448	2819111	+	10	9	unresolved			1	0	0	1
D0_012211	chr19	3048626	3050633	-	10	8	unresolved			1	0	0	1
D0_012212	chr19	3956718	3958117	-	10	10	unresolved			1	1	0	2
D0_012213	chr19	5670406	5672646	+	10	9	unresolved			1	0	0	1
D0_012214	chr19	6370275	6372622	-	10	10	unresolved			1	1	0	2
D0_012215	chr19	7674952	7676582	-	10	8	unresolved			1	1	0	2
D0_012216	chr19	7687779	7688583	-	10	10	unresolved			1	0	0	1
D0_012217	chr19	11765711	11766628	-	10	9	unresolved			1	0	0	1
D0_012218	chr19	12295377	12298831	+	10	8	unresolved			1	0	0	1
D0_012219	chr19	13786163	13789465	-	10	9	unresolved			1	0	0	1
D0_012220	chr19	13860889	13861868	-	10	8	unresolved			1	0	0	1
D0_012221	chr19	14024416	14025116	-	10	9	unresolved			1	0	0	1
D0_012222	chr19	14500235	14501427	-	10	9	unresolved			1	0	0	1
D0_012223	chr19	17521314	17522250	+	10	9	unresolved			1	0	0	1
D0_012224	chr19	17739826	17740649	+	10	9	unresolved			1	1	0	2
D0_012225	chr19	17789159	17791208	+	10	10	unresolved			1	0	0	1
D0_012226	chr19	18416132	18417452	-	10	9	unresolved			1	1	0	2
D0_012227	chr19	18416563	18418525	+	10	8	unresolved			1	0	0	1
D0_012228	chr19	18549276	18550604	+	10	9	unresolved			1	0	0	1
D0_012229	chr19	22864118	22865134	-	10	10	unresolved			1	0	0	1
D0_012230	chr19	23878109	23880830	+	10	4	unresolved			1	1	0	2
D0_012231	chr19	28762740	28762865	+	10	10	unresolved			1	0	0	1
D0_012232	chr19	29683756	29685892	-	10	9	unresolved			1	1	0	2
D0_012233	chr19	34171290	34171772	-	10	8	unresolved			1	1	0	2
D0_012234	chr19	34242729	34242947	-	10	10	unresolved			1	0	0	1
D0_012235	chr19	35822283	35823916	+	10	10	unresolved			1	0	0	1
D0_012236	chr19	36491982	36493600	+	10	10	unresolved			1	1	0	2
D0_012237	chr19	38230419	38233046	+	10	7	unresolved			1	0	0	1
D0_012238	chr19	40305019	40314259	+	10	9	unresolved			1	1	0	2
D0_012239	chr19	40661458	40662919	-	10	7	unresolved			1	0	0	1
D0_012240	chr19	41520272	41520590	-	10	9	unresolved			1	0	0	1
D0_012241	chr19	46024028	46024891	+	10	9	unresolved			1	1	0	2
D0_012242	chr19	47219508	47220790	-	10	8	unresolved			1	1	0	2
D0_012243	chr19	47278238	47281387	-	10	10	unresolved			1	0	0	1
D0_012244	chr19	49325667	49326828	+	10	9	unresolved			1	0	0	1
D0_012245	chr19	49503698	49505617	+	10	8	unresolved			1	0	0	1
D0_012246	chr19	51744206	51744593	+	10	10	unresolved			1	0	0	1
D0_012247	chr19	52189079	52189415	+	10	9	preexisting_v49_gene_span			1	0	0	1
D0_012248	chr19	53791223	53792325	+	10	10	unresolved			1	0	0	1
D0_012249	chr19	54269976	54271150	-	10	10	other_v49_added_gene		ENSG00000300050	1	0	0	1
D0_012250	chr19	54371013	54372709	+	10	9	unresolved			1	1	0	2
D0_012251	chr19	54672621	54676084	+	10	9	unresolved			1	1	0	2
D0_012252	chr19	55335056	55335164	+	10	10	unresolved			1	0	0	1
D0_012253	chr19	55470694	55470835	-	10	10	unresolved			1	0	0	1
D0_012254	chr19	55618284	55620345	-	10	10	unresolved			1	0	0	1
D0_012255	chr19	57222934	57225470	+	10	9	unresolved			1	0	0	1
D0_012256	chr19	57239961	57240403	-	10	8	unresolved			1	0	0	1
D0_012257	chr20	5540533	5542149	+	10	10	unresolved			1	0	0	1
D0_012258	chr20	25003487	25005015	+	10	8	unresolved			1	0	0	1
D0_012259	chr20	33699360	33700675	+	10	10	unresolved			1	0	0	1
D0_012260	chr20	35148265	35149386	+	10	9	unresolved			1	0	0	1
D0_012261	chr20	35159442	35161359	+	10	9	unresolved			1	0	0	1
D0_012262	chr20	36650368	36651361	-	10	10	unresolved			1	0	0	1
D0_012263	chr20	37472384	37472793	+	10	10	unresolved			1	0	0	1
D0_012264	chr20	39308495	39308849	+	10	8	other_v49_added_gene		ENSG00000300599	1	0	0	1
D0_012265	chr20	39444693	39445038	-	10	8	unresolved			1	1	0	2
D0_012266	chr20	40689519	40689945	-	10	8	unresolved			1	0	0	1
D0_012267	chr20	43257889	43264951	+	10	10	unresolved			1	0	0	1
D0_012268	chr20	49217695	49218979	+	10	9	unresolved			1	0	0	1
D0_012269	chr20	50230607	50230708	-	10	10	unresolved			1	0	0	1
D0_012270	chr20	50785322	50786051	-	10	10	unresolved			1	0	0	1
D0_012271	chr20	52049101	52051047	-	10	7	unresolved			1	1	0	2
D0_012272	chr20	53536388	53538246	+	10	10	unresolved			1	0	0	1
D0_012273	chr20	56546137	56548166	+	10	9	unresolved			1	0	0	1
D0_012274	chr20	56599813	56600218	+	10	9	preexisting_v49_gene_span			0	0	0	0
D0_012275	chr20	56790335	57001787	+	10	10	other_v49_added_gene		ENSG00000304895,ENSG00000304933,ENSG00000304980,ENSG00000303393,ENSG00000300800,ENSG00000309136	1	1	0	2
D0_012276	chr20	57603574	57603840	-	10	9	preexisting_v49_gene_span			1	1	0	2
D0_012277	chr20	58388325	58389000	-	10	10	unresolved			1	1	0	2
D0_012278	chr20	58913478	58914674	+	10	10	unresolved			1	0	0	1
D0_012279	chr20	63849275	63850842	-	10	10	unresolved			1	0	0	1
D0_012280	chr21	6124420	6126308	+	10	9	unresolved			1	0	0	1
D0_012281	chr21	17291626	17291791	-	10	10	unresolved			1	0	0	1
D0_012282	chr21	31108793	31110019	-	10	10	unresolved			1	0	0	1
D0_012283	chr21	36298588	36299580	+	10	10	unresolved			1	0	0	1
D0_012284	chr21	39094786	39095132	+	10	9	unresolved			0	0	0	0
D0_012285	chr21	40932933	40933025	-	10	9	unresolved			1	0	0	1
D0_012286	chr21	41793140	41795620	-	10	9	unresolved			1	0	0	1
D0_012287	chr21	42303663	42304313	+	10	8	preexisting_v49_gene_span			1	1	0	2
D0_012288	chr21	43176983	43177851	+	10	10	other_v49_added_gene		ENSG00000304875	1	0	0	1
D0_012289	chr21	44001742	44003406	+	10	9	unresolved			1	0	0	1
D0_012290	chr21	44845036	44845644	-	10	9	unresolved			1	0	0	1
D0_012291	chr22	17733603	17733888	-	10	10	unresolved			1	1	0	2
D0_012292	chr22	18864251	18864413	+	10	9	other_v49_added_gene		ENSG00000293159	1	0	0	1
D0_012293	chr22	18905441	18905940	-	10	10	unresolved			1	0	0	1
D0_012294	chr22	20954850	20956210	-	10	9	unresolved			1	0	0	1
D0_012295	chr22	21625451	21626461	+	10	9	unresolved			1	0	0	1
D0_012296	chr22	21898860	21901902	+	10	10	unresolved			1	0	0	1
D0_012297	chr22	25418180	25419264	-	10	8	preexisting_v49_gene_span			1	1	0	2
D0_012298	chr22	34228033	34364264	+	10	10	other_v49_added_gene		ENSG00000302840	0	1	0	1
D0_012299	chr22	35459474	35462028	+	10	9	unresolved			1	0	0	1
D0_012300	chr22	35496468	35497270	+	10	9	unresolved			1	0	0	1
D0_012301	chr22	36275653	36277304	+	10	10	unresolved			1	0	0	1
D0_012302	chr22	37315472	37318211	+	10	10	unresolved			1	0	0	1
D0_012303	chr22	37452033	37452692	+	10	8	other_v49_added_gene		ENSG00000298484	1	0	0	1
D0_012304	chr22	38805814	38814466	-	10	9	unresolved			1	1	0	2
D0_012305	chr22	39113228	39113397	-	10	10	unresolved			1	0	0	1
D0_012306	chr22	39172635	39172943	+	10	8	other_v49_added_gene		ENSG00000297177	1	1	0	2
D0_012307	chr22	39333969	39342066	-	10	10	unresolved			1	1	0	2
D0_012308	chr22	40637032	40639086	+	10	9	other_v49_added_gene		ENSG00000301306	1	1	0	2
D0_012309	chr22	41050269	41061704	-	10	10	unresolved			0	1	0	1
D0_012310	chr22	41091757	41092500	+	10	9	preexisting_v49_gene_span			1	0	0	1
D0_012311	chr22	41431661	41432803	+	10	10	unresolved			1	1	0	2
D0_012312	chr22	42651647	42653514	+	10	9	unresolved			1	0	0	1
D0_012313	chr22	43016079	43017641	-	10	9	unresolved			1	0	0	1
D0_012314	chr22	44535029	44550701	-	10	10	unresolved			1	1	0	2
D0_012315	chr22	45342329	45344023	+	10	10	preexisting_v49_gene_span			1	1	0	2
D0_012316	chr22	47422418	47422749	+	10	8	unresolved			1	0	0	1
D0_012317	chr22	50341590	50341910	+	10	10	unresolved			1	0	0	1
D0_012318	chrX	5750491	5786400	+	10	10	unresolved			1	1	0	2
D0_012319	chrX	9457139	9457609	+	10	9	unresolved			1	0	0	1
D0_012320	chrX	19236740	19236832	+	10	10	unresolved			1	0	0	1
D0_012321	chrX	23495399	23601510	-	10	9	unresolved			1	0	0	1
D0_012322	chrX	23951148	23951587	+	10	10	unresolved			1	0	0	1
D0_012323	chrX	24464029	24464768	-	10	10	other_v49_added_gene		ENSG00000295515	1	1	0	2
D0_012324	chrX	26141245	26141388	+	10	10	unresolved			1	0	0	1
D0_012325	chrX	30732462	30733581	+	10	10	unresolved			1	1	0	2
D0_012326	chrX	42813677	42814785	-	10	9	unresolved			1	0	0	1
D0_012327	chrX	48610929	48613014	-	10	10	unresolved			1	0	0	1
D0_012328	chrX	48671201	48673386	-	10	8	other_v49_added_gene		ENSG00000297343	1	0	0	1
D0_012329	chrX	48921226	48921676	-	10	9	unresolved			1	1	0	2
D0_012330	chrX	49168507	49169558	+	10	9	preexisting_v49_gene_span			1	1	0	2
D0_012331	chrX	51923890	51923981	+	10	10	unresolved			1	0	0	1
D0_012332	chrX	53180746	53181897	+	10	10	unresolved			1	0	0	1
D0_012333	chrX	53365199	53366227	-	10	9	unresolved			1	1	0	2
D0_012334	chrX	54579538	54581523	-	10	10	unresolved			1	0	0	1
D0_012335	chrX	57241047	57242381	+	10	7	unresolved			1	0	0	1
D0_012336	chrX	57694108	57694784	-	10	10	unresolved			1	0	0	1
D0_012337	chrX	58468755	58516615	+	10	10	unresolved			1	0	0	1
D0_012338	chrX	64166492	64170326	-	10	9	unresolved			1	1	0	2
D0_012339	chrX	64263499	64264512	-	10	10	unresolved			1	1	0	2
D0_012340	chrX	65034965	65036257	+	10	9	preexisting_v49_gene_span			1	1	0	2
D0_012341	chrX	65279327	65280044	-	10	9	unresolved			1	0	0	1
D0_012342	chrX	75676947	75678866	+	10	8	unresolved			1	1	0	2
D0_012343	chrX	77490011	77490652	-	10	9	unresolved			1	0	0	1
D0_012344	chrX	78265151	78265490	-	10	10	unresolved			1	0	0	1
D0_012345	chrX	79333886	79334485	+	10	9	unresolved			1	0	0	1
D0_012346	chrX	84756207	84757674	+	10	10	other_v49_added_gene		ENSG00000309030	1	1	0	2
D0_012347	chrX	89481233	89482948	+	10	9	unresolved			1	0	0	1
D0_012348	chrX	89893370	89893461	+	10	10	unresolved			1	1	0	2
D0_012349	chrX	91626091	91626304	-	10	9	other_v49_added_gene		ENSG00000304513	1	0	0	1
D0_012350	chrX	101307888	101322968	+	10	10	unresolved			1	1	0	2
D0_012351	chrX	101621901	101622683	-	10	8	unresolved			1	0	0	1
D0_012352	chrX	103599320	103601736	-	10	8	other_v49_added_gene		ENSG00000304280	1	1	0	2
D0_012353	chrX	107660063	107661487	-	10	9	other_v49_added_gene		ENSG00000289923	1	0	0	1
D0_012354	chrX	116010757	116014737	+	10	10	unresolved			0	0	0	0
D0_012355	chrX	117760414	117877335	+	10	10	unresolved			1	1	0	2
D0_012356	chrX	118495630	118495875	+	10	10	preexisting_v49_gene_span			1	0	0	1
D0_012357	chrX	119049932	119050065	+	10	10	unresolved			1	0	0	1
D0_012358	chrX	119180951	119181356	+	10	10	unresolved			0	0	0	0
D0_012359	chrX	119464328	119465423	-	10	7	unresolved			1	0	0	1
D0_012360	chrX	119781734	119783355	-	10	10	unresolved			1	0	0	1
D0_012361	chrX	123858231	123859640	-	10	9	unresolved			1	1	0	2
D0_012362	chrX	130122604	130123679	+	10	9	preexisting_v49_gene_span			1	0	0	1
D0_012363	chrX	130125483	130126527	+	10	10	preexisting_v49_gene_span			1	0	0	1
D0_012364	chrX	132972530	133019255	-	10	10	unresolved			0	1	0	1
D0_012365	chrX	134523676	134526159	+	10	9	unresolved			1	1	0	2
D0_012366	chrX	134861740	134862479	-	10	9	unresolved			1	0	0	1
D0_012367	chrX	135040378	135042134	+	10	10	unresolved			1	1	0	2
D0_012368	chrX	136831393	136832423	-	10	10	unresolved			1	0	0	1
D0_012369	chrX	136839993	136840920	+	10	9	unresolved			1	0	0	1
D0_012370	chrX	144546609	144776052	-	10	10	unresolved			1	1	0	2
D0_012371	chrX	148197816	148198013	-	10	10	unresolved			1	0	0	1
D0_012372	chrX	150962304	150971173	+	10	10	unresolved			1	1	0	2
D0_012373	chrX	153038785	153039289	-	10	8	unresolved			1	0	0	1
D0_012374	chrX	153427988	153430586	-	10	9	unresolved			1	0	0	1
D0_012375	chrX	155681278	155684445	+	10	7	preexisting_v49_gene_span			1	0	0	1
D0_012376	chrX	155754915	155756810	+	10	10	preexisting_v49_gene_span			0	0	0	0
D0_012377	chrY	1765375	1766819	+	10	10	unresolved			1	0	0	1
D0_012378	chrY	1935653	1937693	-	10	10	unresolved			1	0	0	1
D0_012379	chrY	2670634	2672687	+	10	9	unresolved			1	0	0	1
D0_012380	chrY	2744186	2746000	-	10	10	unresolved			1	0	0	1
D0_012381	chrY	13179128	13182303	-	10	10	unresolved			1	0	0	1
D0_012382	chrY	15463609	15537541	-	10	10	unresolved			0	1	0	1
D0_012383	chrY	20953135	20953730	+	10	10	unresolved			1	0	0	1
D0_012384	chrY	21052451	21054204	-	10	9	unresolved			1	0	0	1
D0_012385	chrY	21285167	21287514	+	10	7	unresolved			1	0	0	1
D0_012386	KI270706.1	7546	8931	-	10	9	unresolved			1	0	0	1
D0_012387	KI270720.1	29545	31246	-	10	9	unresolved			1	0	0	1
D0_012388	KI270744.1	42291	43537	+	10	8	unresolved			1	0	0	1
D0_012389	KI270745.1	1346	1546	+	10	10	unresolved			1	0	0	1
