event_id	event_type	genes	fully_annotated	min_abs_delta	median_abs_delta	total_usage_denominator
cassette:chr5:39124278-39126004:39126135-39127740:39124278-39127740	cassette	FYB1	False	0.9312483621923441	0.9357756769912574	4311
alt_donor:chr5:39124278-39127740:39126135-39127740	alt_donor	FYB1	True	0.9302153247027064	0.9356143100338314	4266
cassette:chr5:39124278-39125971:39126135-39127740:39124278-39127740	cassette	FYB1	True	0.9265718952890293	0.9330450571873043	4293
alt_acceptor:chr5:39124278-39125997:39124278-39127740	alt_acceptor	FYB1	True	0.9157992856787391	0.927011468374652	6375
cassette:chr5:39124278-39125997:39126135-39127740:39124278-39127740	cassette	FYB1	True	0.9030717086590949	0.9224880988473259	7214
alt_donor:chr16:721941-722308:722083-722308	alt_donor	ANTKMT	True	0.38367823765020026	0.45982098272246086	356
alt_acceptor:chr3:108047292-108049618:108047292-108057476	alt_acceptor	CD47	True	0.29999999999999993	0.48797852474323067	630
cassette:chr10:110130486-110132304:110132400-110133325:110130486-110133325	cassette	ADD3	True	0.2673343605546996	0.30855005967959176	1163
alt_donor:chr10:110130486-110133325:110132400-110133325	alt_donor	ADD3	True	0.26461038961038963	0.33341434918685664	1083
cassette:chr3:108047292-108049618:108055566-108057476:108047292-108057476	cassette	CD47	True	0.19999999999999996	0.45315880598523917	647
alt_acceptor:chr17:6641227-6641752:6641227-6642248	alt_acceptor	TXNDC17	False	0.17000000000000004	0.17712070345846442	727
alt_acceptor:chr12:53295639-53297849:53295639-53298044	alt_acceptor	PFDN5	True	0.16826265389876882	0.18367691626125565	906
alt_donor:chr11:65499423-65499688:65499482-65499688	alt_donor	MALAT1	False	0.16450216450216448	0.24513672534245076	739
cassette:chr12:76450988-76459858:76459895-76487509:76450988-76487509	cassette	OSBPL8	True	0.15789473684210525	0.17524403457239277	732
alt_acceptor:chr3:108047292-108049618:108047292-108051938	alt_acceptor	CD47	True	0.14175133043057572	0.17959107304135696	3359
alt_acceptor:chr12:47206145-47206510:47206145-47209280	alt_acceptor	PCED1B-AS1	True	0.14072717542187213	0.14977574607555633	4532
cassette:chr12:76450988-76459858:76466488-76487509:76450988-76487509	cassette	OSBPL8	False	0.1381349442695482	0.15841200051726367	709
alt_acceptor:chr8:70598011-70598133:70598011-70600018	alt_acceptor	TRAM1	True	0.13713244860785834	0.23323499275695153	474
alt_donor:chr16:722083-722308:722134-722308	alt_donor	ANTKMT	True	0.13552063161030836	0.1951166377482167	1343
alt_acceptor:chr12:76450988-76459858:76450988-76487509	alt_acceptor	OSBPL8	True	0.1340277777777778	0.1643560564613196	703
cassette:chr12:47206145-47206510:47206588-47209280:47206145-47209280	cassette	PCED1B-AS1	True	0.1330884572808695	0.14581719954272226	5550
alt_donor:chr6:31587318-31588517:31587966-31588517	alt_donor	LST1	True	0.13272281346696613	0.1730074226717837	10732
cassette:chr6:31587318-31587815:31587966-31588517:31587318-31588517	cassette	LST1	True	0.1325342465753424	0.17249172050772416	10738
cassette:chr6:31587318-31587580:31587966-31588517:31587318-31588517	cassette	LST1	False	0.1317814731997481	0.17113297008674105	10750
cassette:chr12:25209911-25213113:25215560-25225613:25209911-25225613	cassette	KRAS	True	0.1316823899371069	0.16501677390969588	328
cassette:chr17:5422829-5426235:5426299-5432541:5422829-5432541	cassette	RPAIN	True	0.13163265306122446	0.15687776642832824	512
cassette:chr8:70598011-70598133:70598255-70600018:70598011-70600018	cassette	TRAM1	True	0.12866437045541523	0.2136095611705368	517
cassette:chr6:31587318-31587943:31587966-31588517:31587318-31588517	cassette	LST1	True	0.1254281949934124	0.1676484730246196	11095
alt_donor:chr17:5422829-5432541:5426299-5432541	alt_donor	RPAIN	True	0.12531305903398932	0.17358042873506793	500
cassette:chr6:31587318-31587948:31587966-31588517:31587318-31588517	cassette	LST1	False	0.12401904782241957	0.16787348079553677	10861
cassette:chr20:49280570-49280902:49280964-49289044:49280570-49289044	cassette	ZFAS1	True	0.12343686970552648	0.1321450625164558	23539
cassette:chr3:108047292-108049618:108050602-108051938:108047292-108051938	cassette	CD47	True	0.12129790940766551	0.17226008216850372	3610
alt_donor:chr20:49280570-49289044:49280964-49289044	alt_donor	ZFAS1	True	0.11446036852880959	0.13013219376309498	22457
cassette:chr20:49280570-49280863:49280964-49289044:49280570-49289044	cassette	ZFAS1	True	0.11446036852880959	0.13010410778206233	22461
alt_donor:chr12:47206145-47209280:47206588-47209280	alt_donor	PCED1B-AS1	True	0.11282051282051275	0.1523006504871763	3721
cassette:chr6:31587318-31587640:31587966-31588517:31587318-31588517	cassette	LST1	True	0.11030150753768853	0.1359152815790679	12276
alt_acceptor:chr13:27445156-27450141:27445156-27450508	alt_acceptor	MTIF3	True	0.10999999999999999	0.21868464575330773	495
alt_donor:chr17:8289414-8289812:8289588-8289812	alt_donor	RANGRF	True	0.10784313725490195	0.13053763440860217	401
cassette:chr17:8289414-8289502:8289588-8289812:8289414-8289812	cassette	RANGRF	True	0.10784313725490191	0.12330586080586081	428
alt_acceptor:chr16:66552793-66558189:66552793-66565885	alt_acceptor	CKLF,CKLF-CMTM1	True	0.10303030303030303	0.11524148360738279	878
cassette:chr12:47206145-47206510:47206585-47209280:47206145-47209280	cassette	PCED1B-AS1	True	0.10147991543340384	0.14284076396138423	5017
alt_acceptor:chr19:54201609-54206275:54201609-54207397	alt_acceptor	RPS9	True	0.10122208453080916	0.14449887549657459	5660
cassette:chr19:54201609-54206275:54206704-54207397:54201609-54207397	cassette	RPS9	False	0.10121342808715028	0.14392966719878214	5673
cassette:chr19:54201609-54206275:54206461-54207397:54201609-54207397	cassette	RPS9	False	0.10107560138587734	0.14407703020676055	5665
alt_acceptor:chr10:78037304-78040203:78037304-78040614	alt_acceptor	RPS24	True	0.09951737706089714	0.1504883269260695	172666
alt_donor:chr12:25209911-25225613:25215560-25225613	alt_donor	KRAS	True	0.09534883720930232	0.15330039525691697	315
alt_donor:chrX:123961856-124022530:124021431-124022530	alt_donor	STAG2	True	0.09444444444444444	0.24651231744584334	463
cassette:chr6:36598983-36599820:36600276-36601151:36598983-36601151	cassette	SRSF3	True	0.09411764705882353	0.2865271960800416	569
alt_acceptor:chr6:36598983-36599820:36598983-36601151	alt_acceptor	SRSF3	True	0.09411764705882353	0.2625639716815731	522
alt_acceptor:chr20:49280570-49280902:49280570-49289044	alt_acceptor	ZFAS1	True	0.09320911437871815	0.10270687893397895	17633
cassette:chr20:49280570-49280902:49283003-49289044:49280570-49289044	cassette	ZFAS1	True	0.09320911437871815	0.10263942940324763	17640
alt_donor:chr10:78037304-78040614:78040225-78040614	alt_donor	RPS24	True	0.09305622890546167	0.1444771321467337	145701
alt_acceptor:chr16:66552793-66558189:66552793-66563121	alt_acceptor	CKLF,CKLF-CMTM1	True	0.09181404214762257	0.1066007367710744	2258
cassette:chr8:85217502-85219322:85219363-85220305:85217502-85220305	cassette	RBIS	True	0.09130434782608697	0.19448442760942763	626
cassette:chr10:78037304-78040203:78040225-78040614:78037304-78040614	cassette	RPS24	True	0.09125724718759798	0.1409034738035247	180292
alt_acceptor:chr17:7403689-7403999:7403689-7404104	alt_acceptor	TMEM256-PLSCR3,TMEM256	False	0.0911764705882353	0.20057303807303806	481
cassette:chr20:49280570-49280902:49281818-49289044:49280570-49289044	cassette	ZFAS1	True	0.09072400214784321	0.10380298459885304	17944
cassette:chr10:78037304-78037964:78040225-78040614:78037304-78040614	cassette	RPS24	True	0.09007198828310381	0.14125215726607254	146956
alt_acceptor:chr12:53295639-53295838:53295639-53298044	alt_acceptor	PFDN5,ENSG00000288663	True	0.0899091343854615	0.14599656460945032	435
alt_acceptor:chr15:58932443-58933049:58932443-58933403	alt_acceptor	SLTM	False	0.08864190837625373	0.10478106336874374	633
cassette:chr10:14530515-14553321:14553387-14604239:14530515-14604239	cassette	FAM107B	True	0.08851224105461386	0.1449244948583705	1129
alt_acceptor:chr4:673401-673911:673401-674211	alt_acceptor	ATP5ME	True	0.08504876226922553	0.09399082230330968	7514
alt_donor:chr8:27748279-27752511:27748598-27752511	alt_donor	CCDC25	True	0.08503300817814563	0.1665455487548172	1149
alt_acceptor:chr19:55388048-55388246:55388048-55391553	alt_acceptor	RPL28	False	0.08484848484848495	0.0969621099356604	3134
alt_acceptor:chr12:57303217-57305639:57303217-57310263	alt_acceptor	R3HDM2	True	0.08293010752688172	0.10286521388216302	573
cassette:chr17:5426082-5426235:5428211-5432541:5426082-5432541	cassette	RPAIN	True	0.08244680851063835	0.09460273850292611	1157
alt_acceptor:chr8:27748279-27748494:27748279-27752511	alt_acceptor	CCDC25	True	0.08206502101858626	0.15129204265791635	1324
alt_donor:chr17:5426082-5432541:5428211-5432541	alt_donor	RPAIN	True	0.08141321044546851	0.09934451219512196	994
cassette:chr17:5426082-5428070:5428211-5432541:5426082-5432541	cassette	RPAIN	True	0.08141321044546845	0.09958738784279031	997
alt_donor:chr1:9922358-9931890:9930457-9931890	alt_donor	LZIC	True	0.07999999999999999	0.10286218635733199	823
alt_acceptor:chr8:97691188-97699753:97691188-97706625	alt_acceptor	MTDH	True	0.07612037546067241	0.10758928058211248	3111
alt_donor:chr16:2752846-2757471:2756606-2757471	alt_donor	SRRM2	True	0.07523761071156024	0.10783064577907153	2548
alt_acceptor:chr16:66558348-66563121:66558348-66565885	alt_acceptor	CKLF	True	0.07438884644766997	0.09429303427074204	3461
cassette:chr16:2752846-2756333:2756606-2757471:2752846-2757471	cassette	SRRM2	True	0.07410904870107515	0.10698472297133027	2605
alt_donor:chr1:40362436-40406735:40374223-40406735	alt_donor	SMAP2	True	0.07216494845360824	0.1079059424080462	1919
cassette:chr12:47206069-47206510:47206585-47209280:47206069-47209280	cassette	PCED1B-AS1	True	0.07153392330383479	0.13686833335213572	3939
cassette:chr8:27748279-27748494:27748598-27752511:27748279-27752511	cassette	CCDC25	True	0.07092876919204638	0.13369287208885378	1538
alt_acceptor:chr10:14530515-14553321:14530515-14604239	alt_acceptor	FAM107B	True	0.06944444444444442	0.15647547332339548	1088
cassette:chr10:14530515-14553321:14602850-14604239:14530515-14604239	cassette	FAM107B	True	0.06944444444444442	0.14321369147201185	1093
alt_donor:chr3:108047292-108051938:108050602-108051938	alt_donor	CD47	True	0.06780464675201525	0.10274211499874597	3394
cassette:chr3:108047292-108050577:108050602-108051938:108047292-108051938	cassette	CD47	True	0.06780464675201517	0.1168582978553297	3463
alt_acceptor:chr11:112085462-112085977:112085462-112086639	alt_acceptor	TIMM8B	True	0.06746626686656673	0.10146528847800035	887
cassette:chr11:105041719-105043482:105043545-105044391:105041719-105044391	cassette	CARD16	True	0.06712568884853531	0.11557094446501176	16501
alt_donor:chr10:78037309-78040207:78037971-78040207	alt_donor		False	0.06682893964749093	0.07927905965083662	3237
alt_donor:chr19:45413745-45414860:45414034-45414860	alt_donor	ERCC1	True	0.06425653089018199	0.08316604713432009	1748
cassette:chr17:5422829-5425970:5426299-5432541:5422829-5432541	cassette	RPAIN	True	0.06354166666666661	0.14341883749778486	579
alt_donor:chr10:72216072-72220053:72216138-72220053	alt_donor	ANAPC16	True	0.061514300989040316	0.16001552795031054	654
alt_acceptor:chr8:98042775-98044826:98042775-98045346	alt_acceptor	RPL30	True	0.06144781144781142	0.11314272791884727	836
alt_donor:chr8:97691188-97706625:97699852-97706625	alt_donor	MTDH	True	0.06063235010603431	0.07464993064748413	5417
alt_donor:chr21:41362055-41376835:41370645-41376835	alt_donor	MX2	True	0.06054018445322795	0.06793091168091164	609
alt_donor:chr5:62352653-62353274:62352710-62353274	alt_donor	KIF2A	True	0.060325203252032555	0.12450314682973643	793
cassette:chr8:97691188-97696203:97699852-97706625:97691188-97706625	cassette	MTDH	True	0.05995700905880541	0.07466317879381201	5422
alt_donor:chr7:26190460-26192494:26192338-26192494	alt_donor	HNRNPA2B1	True	0.05965608465608465	0.0950319829424307	876
cassette:chr12:62302920-62304672:62304786-62314789:62302920-62314789	cassette	USP15	False	0.05862937253300671	0.10988024513357367	2480
alt_acceptor:chr12:62302920-62304672:62302920-62314789	alt_acceptor	USP15	True	0.05862937253300671	0.10988024513357367	2479
alt_acceptor:chr13:27445156-27450063:27445156-27450508	alt_acceptor	MTIF3	True	0.05767882187938289	0.0621191085129704	397
cassette:chr8:97691188-97699753:97699852-97706625:97691188-97706625	cassette	MTDH	True	0.05625668022354502	0.06945578417162596	6001
alt_donor:chr12:122753807-122762186:122754493-122762186	alt_donor	DENR	False	0.05555555555555558	0.08948801742919388	438
cassette:chr20:35732135-35734185:35735081-35738967:35732135-35738967	cassette	RBM39	True	0.05476190476190479	0.07258564828506273	1042
alt_donor:chr15:75854487-75868950:75859982-75868950	alt_donor	UBE2Q2	True	0.05416666666666667	0.08012251955448102	520
alt_acceptor:chr10:14530515-14553321:14530515-14571762	alt_acceptor	FAM107B	True	0.05405405405405406	0.09769591675570216	635
cassette:chr10:14530515-14553321:14553387-14571762:14530515-14571762	cassette	FAM107B	True	0.05405405405405406	0.09734415089106163	639
alt_donor:chr8:85217502-85220305:85219363-85220305	alt_donor	RBIS	True	0.053113553113553036	0.20931298303214818	577
cassette:chr19:1272051-1272426:1272523-1274306:1272051-1274306	cassette	CIRBP	False	0.05294953802416491	0.06112265071259139	2351
cassette:chr10:14530515-14553321:14595680-14604239:14530515-14604239	cassette	FAM107B	False	0.05263157894736836	0.10405680373475573	1131
alt_donor:chr11:105041719-105044391:105043545-105044391	alt_donor	CARD16	True	0.05228496986940745	0.10483447201844587	14145
alt_donor:chr4:673401-674211:673966-674211	alt_donor	ATP5ME	True	0.05218225316333461	0.05509378505201303	9214
cassette:chr12:79798584-79805591:79806333-79807225:79798584-79807225	cassette	PPP1R12A	True	0.05192307692307685	0.13699272173196103	1152
alt_donor:chr16:66552793-66565885:66558348-66565885	alt_donor	CKLF	True	0.05079365079365081	0.07311885348678013	1830
cassette:chrX:123961856-124021366:124021431-124022530:123961856-124022530	cassette	STAG2	True	0.050000000000000044	0.21104484828947895	499
alt_donor:chr20:35732135-35738967:35735081-35738967	alt_donor	RBM39	True	0.04924242424242431	0.05937031879654825	997
cassette:chr7:26190460-26191055:26192338-26192494:26190460-26192494	cassette	HNRNPA2B1	True	0.04918374797892866	0.07183356530657092	1111
alt_acceptor:chr2:230470098-230473323:230470098-230473383	alt_acceptor	SP100	True	0.04767288486904098	0.09913036248602641	1062
cassette:chr21:41362055-41366858:41370645-41376835:41362055-41376835	cassette	MX2	False	0.04763761616949373	0.07488207547169812	623
alt_acceptor:chrX:76175613-76176880:76175613-76177615	alt_acceptor	PBDC1	True	0.0476062399139322	0.10576923076923078	546
alt_acceptor:chr11:105041719-105043482:105041719-105044391	alt_acceptor	CARD16	True	0.04759106933019974	0.11805325029260053	15156
alt_acceptor:chr12:79798584-79806165:79798584-79807225	alt_acceptor	PPP1R12A	True	0.0458821826602982	0.05282032478131038	2293
cassette:chr4:673401-673911:673966-674211:673401-674211	cassette	ATP5ME	True	0.043998626172064514	0.04713189261001466	12844
cassette:chr21:46287123-46291333:46291462-46296161:46287123-46296161	cassette	YBEY	True	0.04388714733542309	0.07701947096047479	514
alt_donor:chr16:66558348-66565885:66563217-66565885	alt_donor	CKLF	True	0.043844696969696964	0.0586047971397112	9018
alt_donor:chr6:85677492-85677953:85677868-85677953	alt_donor	ENSG00000271793,SNHG5	True	0.04367078943350128	0.08557886420539379	2584
cassette:chr12:79798584-79806165:79806297-79807225:79798584-79807225	cassette	PPP1R12A	True	0.043269230769230727	0.051666615844431996	2306
alt_acceptor:chr10:14530515-14553321:14530515-14572228	alt_acceptor	FAM107B	True	0.042328042328042326	0.09877688191429518	598
cassette:chr10:14530515-14553321:14553387-14572228:14530515-14572228	cassette	FAM107B	True	0.041884816753926746	0.0968418310320775	604
cassette:chr21:41362055-41363268:41370645-41376835:41362055-41376835	cassette	MX2	True	0.04164609053497942	0.06257183908045977	686
cassette:chr17:5422829-5426235:5428211-5432541:5422829-5432541	cassette	RPAIN	True	0.04074695086937552	0.12918152973377472	1147
alt_donor:chr11:65499482-65499688:65499512-65499688	alt_donor	MALAT1	False	0.04072106872686304	0.06221680484207212	4181
cassette:chr13:75526639-75527812:75527851-75530310:75526639-75530310	cassette	COMMD6	False	0.04064171122994653	0.09277598237791237	738
alt_acceptor:chr13:75526639-75527812:75526639-75530310	alt_acceptor	COMMD6	True	0.04064171122994653	0.0906417786242246	737
alt_donor:chr2:231711419-231712442:231711947-231712442	alt_donor		False	0.04052603327965647	0.08164601801357625	2547
alt_acceptor:chr19:1272051-1272426:1272051-1274306	alt_acceptor	CIRBP	True	0.039913436060019736	0.06430326739122487	2299
cassette:chr12:122511188-122514711:122514728-122515104:122511188-122515104	cassette	RSRC2	True	0.039327789327789325	0.05005373488670847	553
cassette:chr13:30461533-30461638:30461688-30462537:30461533-30462537	cassette	HMGB1	True	0.038961038961038974	0.04619173097433968	469
alt_acceptor:chr11:65499423-65499462:65499423-65499512	alt_acceptor		False	0.03893863134728287	0.11177042204886758	29733
alt_donor:chr7:26191128-26192494:26192338-26192494	alt_donor	HNRNPA2B1	True	0.038679643403492114	0.10503354800463476	1186
alt_donor:chrX:48902042-48902731:48902517-48902731	alt_donor	PQBP1	True	0.03832058381077361	0.08470016469410256	1809
cassette:chr12:79798584-79806165:79806333-79807225:79798584-79807225	cassette	PPP1R12A	True	0.03831417624521072	0.051079316152466636	2403
cassette:chr14:22565137-22569993:22575233-22588946:22565137-22588946	cassette	DAD1	False	0.038181818181818206	0.049535603715170295	487
cassette:chrX:48902042-48902232:48902517-48902731:48902042-48902731	cassette	PQBP1	True	0.03769514882522729	0.0839084018778467	1840
cassette:chr17:5422829-5428070:5428211-5432541:5422829-5432541	cassette	RPAIN	True	0.037666747513946164	0.1319099984969041	1118
alt_donor:chr17:5422829-5432541:5428211-5432541	alt_donor	RPAIN	True	0.036525004266939776	0.1319099984969041	1117
cassette:chr7:23522432-23531180:23531270-23531788:23522432-23531788	cassette	TRA2A	True	0.036199095022624445	0.21344760312151617	429
alt_acceptor:chr12:47206069-47206510:47206069-47209280	alt_acceptor	PCED1B-AS1	True	0.03615627274933264	0.13783506614111546	3707
cassette:chr7:26191128-26192300:26192338-26192494:26191128-26192494	cassette	HNRNPA2B1	True	0.03606209749201528	0.10503354800463477	1188
alt_acceptor:chr3:185931852-185934428:185931852-185937824	alt_acceptor	TRA2B	True	0.03597299426620562	0.0794436634152115	1921
cassette:chr17:5422829-5425970:5428211-5432541:5422829-5432541	cassette	RPAIN	True	0.03577044025157228	0.12227644437541207	1228
alt_acceptor:chr4:154536744-154537285:154536744-154537968	alt_acceptor	PLRG1	True	0.03518265619665417	0.0438316068692689	1078
cassette:chr14:22565137-22566267:22575233-22588946:22565137-22588946	cassette	DAD1	False	0.034984709480122334	0.049535603715170295	442
cassette:chr7:26191128-26191421:26192338-26192494:26191128-26192494	cassette	HNRNPA2B1	True	0.03473778574630204	0.09813454373720942	1229
alt_donor:chr21:46287123-46296161:46291462-46296161	alt_donor	YBEY	True	0.03367003367003368	0.07519799178071682	494
cassette:chr16:721941-722083:722083-722308:721941-722308	cassette	ANTKMT	True	0.033333333333333326	0.06982831708593118	840
alt_donor:chrX:76175613-76177615:76176992-76177615	alt_donor	PBDC1	True	0.03325064965745334	0.07144900104174418	947
alt_donor:chr14:22565137-22588946:22575233-22588946	alt_donor	DAD1	True	0.032894736842105254	0.046644469108398076	429
cassette:chr15:75854487-75859877:75859982-75868950:75854487-75868950	cassette	UBE2Q2	True	0.0328738069989396	0.06261580918588605	684
cassette:chr14:22565137-22567087:22575233-22588946:22565137-22588946	cassette	DAD1	True	0.032352941176470584	0.04650578179989945	455
cassette:chr4:154536744-154537285:154537479-154537968:154536744-154537968	cassette	PLRG1	True	0.032266936884771336	0.040209871745044756	1180
cassette:chr16:66558348-66563121:66563217-66565885:66558348-66565885	cassette	CKLF	True	0.03213443396226412	0.05810845199306103	9477
alt_donor:chr14:55580354-55612018:55601880-55612018	alt_donor	KTN1	True	0.03205128205128205	0.04739303955516361	1668
alt_acceptor:chr15:75854487-75859877:75854487-75868950	alt_acceptor	UBE2Q2	True	0.031746031746031744	0.06734765234765239	550
alt_donor:chr1:228147699-228148664:228148539-228148664	alt_donor	GUK1	True	0.031578947368421095	0.0596333375186133	1667
alt_donor:chr5:96695907-96722638:96702915-96722638	alt_donor	CAST	True	0.030927835051546393	0.1004901960784314	1438
alt_donor:chr6:166931118-166938894:166934136-166938894	alt_donor	ENSG00000249141,RNASET2	False	0.03043071161048689	0.08311184310162048	727
cassette:chr6:85677492-85677790:85677868-85677953:85677492-85677953	cassette	ENSG00000271793,SNHG5	True	0.03028619060850235	0.08463920685330989	2726
alt_acceptor:chr6:85677492-85677953:85677492-85678135	alt_acceptor	ENSG00000271793,SNHG5	True	0.030219780219780223	0.07053924378679854	1232
cassette:chr14:55580354-55601756:55601880-55612018:55580354-55612018	cassette	KTN1	True	0.030067567567567566	0.04518883061380924	1710
cassette:chr1:24646789-24647078:24647208-24648858:24646789-24648858	cassette	SRRM1	True	0.029729018679294922	0.04635961487223984	6201
cassette:chr16:66552793-66558189:66558348-66565885:66552793-66565885	cassette	CKLF,CKLF-CMTM1	True	0.029680365296803624	0.06169244975370447	2236
alt_acceptor:chr18:58723251-58726269:58723251-58733396	alt_acceptor	MALT1	False	0.029646902065289804	0.08954678362573099	656
alt_acceptor:chr1:228147699-228148370:228147699-228148664	alt_acceptor	GUK1	True	0.028956228956228847	0.05056335075416929	1831
alt_donor:chr2:27772692-27779432:27774530-27779432	alt_donor	MRPL33	True	0.028846153846153855	0.13104651819472216	1583
alt_acceptor:chr2:201272776-201272897:201272776-201276826	alt_acceptor	CASP8	True	0.02813299232736577	0.07878151260504201	379
cassette:chr2:201272776-201272897:201272942-201276826:201272776-201276826	cassette	CASP8	True	0.02813299232736577	0.07464349376114082	389
cassette:chr1:150577491-150578243:150578491-150578842:150577491-150578842	cassette	MCL1	True	0.02813299232736577	0.04446446430439266	675
cassette:chr12:79798584-79805591:79805768-79806165:79798584-79806165	cassette	PPP1R12A	True	0.027454333745724452	0.09090775125257884	2704
cassette:chr7:26190460-26190992:26192338-26192494:26190460-26192494	cassette	HNRNPA2B1	True	0.027448809354590153	0.05335451235734784	1655
cassette:chr5:57214193-57221375:57221396-57230845:57214193-57230845	cassette	GPBP1	True	0.0267857142857143	0.06702306443150308	658
cassette:chr5:179708380-179708977:179709059-179709872:179708380-179709872	cassette	CANX	True	0.0264130434782609	0.04095703874184886	792
alt_donor:chr2:32023808-32029593:32024256-32029593	alt_donor	DPY30	True	0.02623688155922039	0.05555555555555555	324
alt_donor:chr1:28738338-28768928:28743986-28768928	alt_donor	YTHDF2	True	0.026103294786051404	0.0935136161724952	1468
alt_donor:chr11:65499285-65499753:65499423-65499753	alt_donor		False	0.026094327056971567	0.049109413413613745	4114
alt_donor:chr12:94971620-95002738:94994257-95002738	alt_donor	NDUFA12	True	0.025974025974025983	0.07571603883154734	736
alt_donor:chr19:54206462-54207397:54206724-54207397	alt_donor	RPS9	True	0.025951141159426427	0.03374587435762122	158068
cassette:chr19:54206462-54206552:54206724-54207397:54206462-54207397	cassette	RPS9	True	0.025903528153656732	0.0340602522551335	158116
alt_donor:chr17:74203710-74203917:74203745-74203917	alt_donor	RPL38	True	0.02566513164534101	0.04355678121251144	23712
alt_acceptor:chr17:42998831-42999932:42998831-43002672	alt_acceptor	RPL27	True	0.025620915032679714	0.04783883262394323	6685
alt_donor:chr1:29149226-29154695:29150192-29154695	alt_donor	SRSF4	True	0.025518341307814996	0.04107030271270541	498
cassette:chr14:22565137-22571878:22575233-22588946:22565137-22588946	cassette	DAD1	False	0.025210084033613467	0.04629488158899925	452
alt_acceptor:chr10:78037304-78037964:78037304-78040203	alt_acceptor	RPS24	True	0.0250980330869567	0.02614692753331095	110331
cassette:chr1:24646789-24647078:24648166-24648858:24646789-24648858	cassette	SRRM1	True	0.025078369905956112	0.046541255521514294	6023
cassette:chr10:78037304-78037964:78037982-78040203:78037304-78040203	cassette	RPS24	True	0.025055336052431734	0.02614692753331095	110336
cassette:chr9:21008146-21010724:21011438-21011588:21008146-21011588	cassette	HACD4	False	0.024999999999999994	0.04129850186387829	1235
alt_acceptor:chr1:42457350-42459602:42457350-42473121	alt_acceptor	PPCS	True	0.02499999999999991	0.12040043290043295	365
alt_donor:chr17:6641227-6642248:6641834-6642248	alt_donor	TXNDC17	False	0.024963768976740873	0.0447204537724075	3357
alt_donor:chr13:45337021-45337207:45337091-45337207	alt_donor		False	0.02495975613932938	0.035736335659031115	8744
cassette:chr17:6641227-6641752:6641834-6642248:6641227-6642248	cassette	TXNDC17	False	0.024456455214847406	0.041262412256313	3560
cassette:chrX:76175613-76176880:76176992-76177615:76175613-76177615	cassette	PBDC1	True	0.024317617866004948	0.056174416624084456	1160
alt_acceptor:chr2:231711419-231711886:231711419-231712442	alt_acceptor	PTMA	False	0.024280377938914577	0.042460792305744954	5344
alt_acceptor:chr8:98042775-98045114:98042775-98045346	alt_acceptor	RPL30	False	0.024271844660194164	0.22163018433179726	456
cassette:chr1:29149226-29150102:29150192-29154695:29149226-29154695	cassette	SRSF4	True	0.024203307785397365	0.037357393564290076	560
alt_acceptor:chr12:79798584-79805591:79798584-79806165	alt_acceptor	PPP1R12A	True	0.023785150211005718	0.0801144842276394	2690
alt_donor:chr3:195345317-195381008:195365565-195381008	alt_donor	ACAP2	True	0.023714002444029325	0.03049990577399997	1476
cassette:chr1:228147699-228148370:228148539-228148664:228147699-228148664	cassette	GUK1	True	0.02361673414304999	0.033988806594905385	2743
alt_acceptor:chrX:47142440-47142583:47142440-47142613	alt_acceptor	NDUFB11	True	0.023543009626647432	0.04796910103039595	11191
alt_donor:chr12:122511188-122515104:122514728-122515104	alt_donor	RSRC2	True	0.023505054195591235	0.043705943916028	548
cassette:chr5:134741523-134743986:134744052-134750758:134741523-134750758	cassette	CAMLG	True	0.02314814814814814	0.0728727460678052	1203
alt_donor:chr12:76450979-76487509:76450988-76487509	alt_donor	OSBPL8	True	0.02262744191422955	0.1514678102032291	918
alt_donor:chr19:35742619-35743808:35742803-35743808	alt_donor	ENSG00000267120,U2AF1L4	True	0.022619047619047622	0.08136477457897405	762
alt_acceptor:chr12:56160320-56160625:56160320-56162263	alt_acceptor	MYL6	True	0.02258852258852262	0.06326632115950703	1767
cassette:chr12:62302920-62304672:62306058-62314789:62302920-62314789	cassette	USP15	True	0.022402024368979534	0.07253525757220339	2722
alt_donor:chr6:85677492-85678135:85678032-85678135	alt_donor	ENSG00000271793,SNHG5	True	0.022399373991294567	0.04680362246203841	3131
alt_donor:chr17:50737026-50740305:50737479-50740305	alt_donor	LUC7L3	True	0.022326674500587562	0.03975713253882268	1154
cassette:chr17:50737026-50737286:50737479-50740305:50737026-50740305	cassette	LUC7L3	True	0.022326674500587534	0.05072336422565195	1163
alt_acceptor:chr3:157150381-157151916:157150381-157152176	alt_acceptor	CCNL1	True	0.022324952080279625	0.025102866409284233	1029
alt_acceptor:chr11:124623233-124624175:124623233-124624930	alt_acceptor	TBRG1	False	0.022135416666666664	0.040866543406496175	1197
cassette:chr10:68901471-68906283:68906337-68906710:68901471-68906710	cassette	DDX50	True	0.022032693674484738	0.11869709238130288	281
alt_donor:chr4:2042068-2042735:2042484-2042735	alt_donor	NICOL1	False	0.022018768819981095	0.02696750804021354	6402
cassette:chr2:27772692-27774423:27774530-27779432:27772692-27779432	cassette	MRPL33	True	0.021975582685904604	0.14475475668416904	1746
cassette:chr4:2042068-2042326:2042484-2042735:2042068-2042735	cassette	NICOL1	False	0.021608118657299058	0.026525442652380604	6642
alt_acceptor:chr5:96722698-96726793:96722698-96727488	alt_acceptor	CAST	True	0.020924372428311695	0.04470899470899471	2282
cassette:chr12:94971620-94974170:94994257-95002738:94971620-95002738	cassette	NDUFA12	True	0.02083333333333337	0.07419617419617425	874
cassette:chr6:85677492-85677790:85678032-85678135:85677492-85678135	cassette	ENSG00000271793,SNHG5	True	0.020492348636061197	0.045071753749879484	3276
cassette:chr2:201272776-201272897:201274953-201276826:201272776-201276826	cassette	CASP8	True	0.0201271186440678	0.050489699425869616	606
cassette:chr6:31587733-31587943:31587966-31588517:31587733-31588517	cassette	LST1	True	0.020065789473684204	0.09234027288485402	9115
cassette:chr12:47206069-47206510:47206588-47209280:47206069-47209280	cassette	PCED1B-AS1	True	0.019429590017825293	0.12676242106008395	4235
alt_donor:chr5:86618053-86619352:86618130-86619352	alt_donor	COX7C	True	0.019141132421486975	0.029283913647244968	26862
alt_acceptor:chr12:76047718-76048392:76047718-76048420	alt_acceptor	NAP1L1	True	0.018931159420289778	0.0757931643182006	6193
alt_donor:chr16:2752854-2757471:2756606-2757471	alt_donor	SRRM2	True	0.0188607786698985	0.021818613651693484	2302
alt_acceptor:chr17:40628993-40630207:40628993-40630713	alt_acceptor	SMARCE1,ENSG00000264058	True	0.0186073363531397	0.07253247948664002	819
cassette:chr1:24646789-24647078:24647149-24648858:24646789-24648858	cassette	SRRM1	False	0.018573588625185655	0.03648099147110624	5963
alt_donor:chr8:85214631-85217385:85215037-85217385	alt_donor	RBIS	True	0.018267781585968992	0.033750833924315216	5924
cassette:chr16:2752854-2756333:2756606-2757471:2752854-2757471	cassette	SRRM2	True	0.0182548375319459	0.02171198739799607	2317
alt_donor:chr1:92834913-92840550:92837630-92840550	alt_donor	RPL5	False	0.01811594202898552	0.0872924116877517	1190
cassette:chr1:70246907-70247116:70247149-70249951:70246907-70249951	cassette	SRSF11	True	0.018115942028985504	0.021918224884285135	1169
cassette:chr1:92834913-92837455:92837630-92840550:92834913-92840550	cassette	RPL5	False	0.018115942028985477	0.0874093142149478	1198
alt_donor:chr17:8289072-8289812:8289588-8289812	alt_donor	RANGRF	True	0.018089315997738834	0.029799820169419337	371
cassette:chr1:42667440-42668046:42675448-42676583:42667440-42676583	cassette	PPIH	True	0.01794691097016678	0.03773626567744215	1587
alt_donor:chr16:88809706-88810069:88809840-88810069	alt_donor	APRT	True	0.017870831051967517	0.04240789687199448	5267
cassette:chr17:8289072-8289257:8289588-8289812:8289072-8289812	cassette	RANGRF	True	0.017697466467958223	0.029475144844744006	374
alt_donor:chr5:132866687-132866868:132866691-132866868	alt_donor	UQCRQ	True	0.01767526832610189	0.05836844021428206	1172
alt_acceptor:chr11:65499305-65499544:65499305-65499618	alt_acceptor	MALAT1	False	0.01755981283658515	0.027508954810291288	21811
alt_donor:chr18:58723251-58733396:58726333-58733396	alt_donor	MALT1	False	0.01748834110592934	0.037081052402448855	652
alt_acceptor:chr6:166931118-166934090:166931118-166938894	alt_acceptor	RNASET2	False	0.016541487839771163	0.021857095666387105	2418
alt_donor:chr1:145925927-145926481:145926177-145926481	alt_donor	ENSG00000289565,RBM8A	False	0.01639344262295082	0.026289682539682536	905
cassette:chr6:85677492-85677953:85678032-85678135:85677492-85678135	cassette	ENSG00000271793,SNHG5	True	0.016363636363636358	0.03810158357267862	3974
cassette:chr1:145925927-145926050:145926177-145926481:145925927-145926481	cassette	ENSG00000289565,RBM8A	False	0.016129032258064502	0.031189822995666028	922
cassette:chr2:231711419-231711886:231711977-231712442:231711419-231712442	cassette	PTMA	False	0.01595620778010709	0.04016667383681022	7357
alt_donor:chr5:134741523-134750758:134744052-134750758	alt_donor	CAMLG	True	0.015915119363395236	0.07782132656299587	1130
cassette:chr2:231711419-231711886:231711947-231712442:231711419-231712442	cassette	PTMA	False	0.015837716859826934	0.030886358148788318	7293
cassette:chr2:178485757-178488967:178489014-178490658:178485757-178490658	cassette	PLEKHA3	True	0.015810276679841917	0.062469357951285664	683
alt_acceptor:chr2:178485757-178488967:178485757-178490658	alt_acceptor	PLEKHA3	True	0.015810276679841917	0.05253933058811107	660
cassette:chr19:54201609-54206275:54206724-54207397:54201609-54207397	cassette	RPS9	True	0.015769406747392356	0.03510130053630206	15209
cassette:chr3:195345317-195365481:195365565-195381008:195345317-195381008	cassette	ACAP2	True	0.01567164179104477	0.04651201173665871	1495
alt_acceptor:chr1:24646789-24647078:24646789-24648858	alt_acceptor	SRRM1	True	0.015613091709712932	0.03648099147110624	5951
alt_acceptor:chr12:110492122-110492995:110492122-110496011	alt_acceptor	VPS29	True	0.015373515373515279	0.030738698420309574	4778
cassette:chr12:110492122-110492995:110493231-110496011:110492122-110496011	cassette	VPS29	True	0.015068850679110901	0.029213491370842226	4868
alt_acceptor:chr9:21008146-21010724:21008146-21011588	alt_acceptor	HACD4	False	0.01503164556962025	0.0373736181370556	1204
alt_acceptor:chrX:154399941-154400463:154399941-154400701	alt_acceptor	RPL10	True	0.015030585013137365	0.030827802354148837	46798
cassette:chr6:166931118-166934090:166934136-166938894:166931118-166938894	cassette	ENSG00000249141,RNASET2	False	0.014991955536053814	0.020624657909140698	2639
cassette:chr13:27253843-27255241:27255349-27256183:27253843-27256183	cassette	RPL21	False	0.014705882352941124	0.043000227222582676	378
cassette:chr7:101218217-101218318:101218485-101222603:101218217-101222603	cassette	ZNHIT1	True	0.014672741524593375	0.022911299996462416	1369
alt_acceptor:chr9:312166-314291:312166-317042	alt_acceptor	DOCK8	True	0.014661654135338344	0.03038601302383424	1470
alt_donor:chr12:56160320-56161386:56160670-56161386	alt_donor	MYL6	True	0.014631325435514153	0.015109491716596868	59362
alt_acceptor:chr5:171405403-171406396:171405403-171407699	alt_acceptor	NPM1	True	0.014568764568764603	0.11048314573023871	1031
alt_donor:chr8:99887618-99893638:99892052-99893638	alt_donor	COX6C	False	0.01455026455026455	0.04634230503795721	921
cassette:chr5:96722698-96726793:96726859-96727488:96722698-96727488	cassette	CAST	True	0.014545454545454542	0.0642079641934293	2351
cassette:chr7:92242137-92244001:92244149-92244901:92242137-92244901	cassette	ENSG00000289027,ENSG00000285953,KRIT1	True	0.01430299887650166	0.11200146885078394	685
alt_donor:chr2:99167712-99169549:99169470-99169549	alt_donor	MITD1	False	0.014285714285714277	0.023155597174543338	1261
alt_acceptor:chr6:29725563-29726010:29725563-29890263	alt_acceptor	HLA-F	False	0.013939255395421846	0.01541417976393733	9462
alt_donor:chr1:42667440-42676583:42675448-42676583	alt_donor	PPIH	True	0.013871196036801092	0.029967904095521247	1581
alt_donor:chr2:101004283-101005958:101004308-101005958	alt_donor	RPL31	False	0.013687435476563592	0.021834570471651105	37801
alt_acceptor:chr8:85214631-85214920:85214631-85217385	alt_acceptor	RBIS	True	0.013685480003311823	0.029166351921985467	7391
alt_donor:chr12:53295639-53297849:53295941-53297849	alt_donor	PFDN5	True	0.01348231600332439	0.021839868706406418	656
cassette:chr1:42667440-42675287:42675448-42676583:42667440-42676583	cassette	PPIH	True	0.013470666591621168	0.03820926189347242	1639
cassette:chr12:56160320-56160625:56160670-56161386:56160320-56161386	cassette	MYL6	True	0.013429901563832641	0.016011973755948407	59525
alt_donor:chr19:7647247-7647724:7647511-7647724	alt_donor	STXBP2	True	0.013257632802224832	0.01459666430664508	16589
cassette:chr19:7647247-7647451:7647511-7647724:7647247-7647724	cassette	STXBP2	False	0.01324311621615426	0.014604133450068335	16603
alt_acceptor:chr12:124912506-124913190:124912506-124913418	alt_acceptor		False	0.013032581453634062	0.0375393385956766	491
alt_donor:chr10:68901471-68906710:68906337-68906710	alt_donor	DDX50	True	0.012987012987012991	0.11869709238130291	280
cassette:chr7:77697055-77711368:77711482-77736409:77697055-77736409	cassette	RSBN1L	False	0.012987012987012984	0.019202441077441075	1203
alt_acceptor:chr7:77697055-77711368:77697055-77736409	alt_acceptor	RSBN1L	False	0.012987012987012984	0.015514192647743136	1198
alt_donor:chr6:31615736-31616343:31616145-31616343	alt_donor	AIF1	True	0.012852199703410776	0.021382682267671156	18748
cassette:chr1:42667440-42675366:42675448-42676583:42667440-42676583	cassette	PPIH	True	0.012819137524136454	0.02357150769912485	1584
alt_donor:chr6:70668141-70732377:70699450-70732377	alt_donor	SMAP1	False	0.012745098039215641	0.03904907420675274	940
alt_acceptor:chr17:7315119-7315251:7315119-7315330	alt_acceptor	GPS2,ENSG00000261915	True	0.01273277096928219	0.028603871563742236	779
alt_acceptor:chr4:26321048-26362445:26321048-26386352	alt_acceptor	RBPJ	True	0.012500000000000011	0.016648716982084866	711
cassette:chr19:7647247-7647353:7647511-7647724:7647247-7647724	cassette	ENSG00000268400,STXBP2	True	0.012461788009233254	0.013343235609648785	17847
alt_acceptor:chr11:77702495-77725534:77702495-77725544	alt_acceptor	RSF1	False	0.012331536388140163	0.052115543499029825	1025
alt_acceptor:chrX:154478058-154478282:154478058-154478305	alt_acceptor	LAGE3	False	0.012241577715170093	0.021657241828424822	1117
alt_donor:chr7:140696842-140702865:140697391-140702865	alt_donor	NDUFB2	True	0.012234889658484849	0.02348144112706746	1881
alt_donor:chr20:49279208-49289044:49280964-49289044	alt_donor	ZFAS1	True	0.012206874397687112	0.056577785675867666	12070
cassette:chr20:49279208-49280902:49280964-49289044:49279208-49289044	cassette	ZFAS1	True	0.012206874397687084	0.056586224434337584	12071
cassette:chr6:29725563-29726010:29889823-29890263:29725563-29890263	cassette	HLA-F,HLA-H,HLA-H	False	0.012129243776096477	0.01447246663968238	9859
alt_donor:chr2:186502552-186504031:186502587-186504031	alt_donor	ZC3H15	True	0.012126272264631043	0.03160458468508316	3116
alt_donor:chr1:70246907-70249951:70247149-70249951	alt_donor	SRSF11	True	0.012074303405572806	0.026321503110873723	1160
alt_donor:chr22:40364365-40366435:40365056-40366435	alt_donor	ADSL,ENSG00000284431	True	0.011980995662053295	0.02008235729310201	2305
alt_donor:chr1:42667440-42676583:42668151-42676583	alt_donor	PPIH	True	0.0119481358240493	0.02025909097434575	1532
alt_acceptor:chr10:32932600-32933350:32932600-32935491	alt_acceptor	ITGB1	True	0.011832524271844662	0.018839576302051613	1669
cassette:chr10:32932600-32933350:32933683-32935491:32932600-32935491	cassette	ITGB1	False	0.011832524271844662	0.017005561505773648	1673
alt_acceptor:chr6:29725563-29726402:29725563-29890263	alt_acceptor		False	0.011807924429283648	0.01666666666666667	515
alt_acceptor:chr12:120197462-120198553:120197462-120198853	alt_acceptor	RPLP0	True	0.011770585053332616	0.02880994711816759	6914
cassette:chr14:22830254-22830963:22831037-22833417:22830254-22833417	cassette	MRPL52	True	0.011740799277489278	0.031279848462761224	3048
cassette:chr10:32932600-32933350:32933583-32935491:32932600-32935491	cassette	ITGB1	True	0.011633986928104575	0.016739214964184533	1669
cassette:chr12:120197462-120198553:120198739-120198853:120197462-120198853	cassette	RPLP0	True	0.011541682098516914	0.028764715643121608	7064
alt_acceptor:chr20:62308178-62308367:62308178-62308654	alt_acceptor	ADRM1	False	0.01135632183908053	0.03750225184651418	1678
cassette:chr20:35739017-35739392:35739547-35740524:35739017-35740524	cassette	RBM39	True	0.011355074803573353	0.07936507936507936	901
alt_donor:chr17:40628993-40630713:40630286-40630713	alt_donor	SMARCE1,ENSG00000264058	True	0.011341761614900303	0.022729949673412575	773
alt_acceptor:chr16:87402281-87402922:87402281-87402925	alt_acceptor	MAP1LC3B	True	0.011299435028248594	0.03819647300659956	535
alt_acceptor:chr5:32591685-32598960:32591685-32601004	alt_acceptor	SUB1	True	0.011199844176080997	0.029183400267737636	1525
alt_acceptor:chr12:56116799-56117188:56116799-56117481	alt_acceptor	RPL41	True	0.011117533718689843	0.023020014073990902	3848
cassette:chr12:57395818-57422858:57422959-57430719:57395818-57430719	cassette	R3HDM2	True	0.01110654051830523	0.030207949944792048	523
alt_acceptor:chr1:70246907-70247116:70246907-70249951	alt_acceptor	SRSF11	True	0.01110577651993733	0.034636471668557225	1155
alt_acceptor:chr11:65499305-65499544:65499305-65499641	alt_acceptor		False	0.011101154918359224	0.02440944197014251	20465
cassette:chr11:65499305-65499544:65499603-65499641:65499305-65499641	cassette		False	0.011101154918359224	0.024284900200671946	20470
alt_acceptor:chr10:78037304-78037964:78037304-78040614	alt_acceptor	RPS24	True	0.011035488575595526	0.017424250269472006	69605
cassette:chr6:31615736-31616103:31616145-31616343:31615736-31616343	cassette	AIF1	True	0.010938157341186416	0.018776115032476726	21411
cassette:chr19:1272051-1272426:1273715-1274306:1272051-1274306	cassette	CIRBP	True	0.010936051899907318	0.06031815302589921	2760
alt_donor:chr7:4976436-4984909:4983773-4984909	alt_donor	RNF216P1,ENSG00000288620,RBAK-RBAKDN	False	0.010869565217391297	0.026249890428029582	450
cassette:chr16:66552793-66558189:66558348-66563121:66552793-66563121	cassette	CKLF,CKLF-CMTM1	True	0.010853404698186186	0.07788979922589595	4180
cassette:chr17:6641152-6641752:6641834-6642248:6641152-6642248	cassette	TXNDC17	False	0.010818405338953174	0.023631104254862922	3354
alt_donor:chr17:6641152-6642248:6641834-6642248	alt_donor	TXNDC17	False	0.010797459421312633	0.024091700803390115	3322
alt_acceptor:chr19:7630846-7631231:7630846-7631472	alt_acceptor	PET100	True	0.010687450751543806	0.030468773827557107	4886
alt_donor:chr17:31976614-31988319:31983104-31988319	alt_donor	SUZ12	False	0.010656682027649772	0.02115508808959385	872
cassette:chr16:89873859-89874798:89875166-89883350:89873859-89883350	cassette	TCF25	False	0.010587634875699962	0.022552864276110432	6135
alt_donor:chr6:29724448-29725446:29725306-29725446	alt_donor	HLA-F	True	0.010483586482792453	0.015907053172825366	5746
cassette:chr19:7630846-7631231:7631321-7631472:7630846-7631472	cassette	PET100	True	0.010444082382921835	0.0316474338771849	4916
cassette:chr6:29724448-29725030:29725306-29725446:29724448-29725446	cassette	HLA-F	True	0.01043760961628959	0.015873696813773486	5757
alt_donor:chr12:6944565-6945770:6944652-6945770	alt_donor	C12orf57	True	0.010408851274971737	0.0272989677341319	8696
alt_donor:chr19:35907261-35907445:35907264-35907445	alt_donor	TYROBP	True	0.01032550408745958	0.022586193365359872	41210
alt_acceptor:chr12:56160320-56160625:56160320-56161386	alt_acceptor	MYL6	True	0.01028151450025206	0.0109808753941088	58982
alt_donor:chr11:68030733-68036252:68033283-68036252	alt_donor	NDUFS8	True	0.010178117048346057	0.023455506841696748	1967
alt_donor:chr7:99417595-99419390:99419275-99419390	alt_donor	BUD31	False	0.010156840034002856	0.01742074866378096	4385
alt_donor:chr19:2324192-2328386:2324196-2328386	alt_donor	LSM7	True	0.010121457489878555	0.062323986939630524	499
cassette:chr8:85214631-85214920:85215037-85217385:85214631-85217385	cassette	RBIS	True	0.010073455454296054	0.02059485657591853	9799
alt_donor:chr3:197951241-197954002:197951328-197954002	alt_donor	RPL35A	False	0.009868421052631582	0.02310847782301952	675
cassette:chr3:197951241-197951282:197951328-197954002:197951241-197954002	cassette	RPL35A	False	0.009868421052631526	0.01856391540802832	866
alt_donor:chr6:138406033-138412879:138406151-138412879	alt_donor	HEBP2	True	0.009853890587835534	0.04508299710903605	3144
alt_donor:chr6:85677492-85677953:85677875-85677953	alt_donor	ENSG00000271793,SNHG5	True	0.009684795011160943	0.02480953541989375	19131
cassette:chr6:85677492-85677790:85677875-85677953:85677492-85677953	cassette	ENSG00000271793,SNHG5	True	0.009681079232849554	0.024789406733816077	19231
cassette:chr22:40364365-40364879:40365056-40366435:40364365-40366435	cassette	ADSL,ENSG00000284431	True	0.009661422708618361	0.01960695999577955	2645
cassette:chr6:166858259-166934090:166934136-166938894:166858259-166938894	cassette	ENSG00000249141,RNASET2	False	0.00948905109489051	0.0384697912146198	834
alt_acceptor:chr13:27440449-27441016:27440449-27445087	alt_acceptor	MTIF3	True	0.0094876660341556	0.22716517224789384	961
alt_donor:chr18:59152612-59155687:59152685-59155687	alt_donor	SEC11C	True	0.009419152276295131	0.031369731800766285	350
alt_donor:chr1:228147699-228148664:228148456-228148664	alt_donor	GUK1	True	0.009305773925937288	0.01634270489612879	7125
alt_donor:chr14:105487299-105488165:105488027-105488165	alt_donor	CRIP1,ENSG00000257341	False	0.009268509268509306	0.044541291028876495	3687
alt_donor:chr6:166858259-166938894:166934136-166938894	alt_donor	ENSG00000249141,RNASET2	False	0.009170685429678235	0.04303652968036529	827
cassette:chr7:99417595-99419161:99419275-99419390:99417595-99419390	cassette	BUD31	False	0.009015317582744715	0.018477053483171732	4387
alt_acceptor:chr1:156055425-156057977:156055425-156058314	alt_acceptor	LAMTOR2	True	0.008899059242308716	0.013575273381065178	3495
cassette:chr17:31976614-31982998:31983104-31988319:31976614-31988319	cassette	SUZ12	False	0.008894183045463522	0.015019592476488985	884
cassette:chr19:45413745-45413962:45414034-45414860:45413745-45414860	cassette	ERCC1	True	0.008706786171574943	0.049444799018007135	2639
cassette:chr1:228147699-228148370:228148456-228148664:228147699-228148664	cassette	GUK1	True	0.008672086720867167	0.016174324895922132	7582
cassette:chr12:47206069-47206510:47206588-47210639:47206069-47210639	cassette	PCED1B-AS1	True	0.008647461983294025	0.04002178789028499	2700
alt_donor:chr1:173864304-173864674:173864506-173864674	alt_donor	GAS5	True	0.008433308199572324	0.013420426414198515	15514
alt_acceptor:chr22:40364365-40364879:40364365-40366435	alt_acceptor	ADSL,ENSG00000284431	True	0.008404802744425455	0.07384965959207135	1152
alt_acceptor:chr10:119500259-119503213:119500259-119515508	alt_acceptor	RGS10	False	0.008367642378258502	0.015037656091010012	2064
alt_acceptor:chr12:112408656-112409049:112408656-112409586	alt_acceptor	RPL6	True	0.00827790499036819	0.012499594123001589	6123
alt_donor:chr19:7630846-7631472:7631321-7631472	alt_donor	PET100	True	0.008268029888452877	0.01710606466704029	4871
alt_donor:chr12:76049250-76049755:76049525-76049755	alt_donor	NAP1L1	True	0.008234758871701553	0.036862760514167536	5062
cassette:chr1:160679131-160681201:160681468-160684886:160679131-160684886	cassette	CD48	True	0.008190726927014724	0.020589624882151325	1885
alt_donor:chr11:94971065-94971374:94971272-94971374	alt_donor	CWC15	False	0.008175747363165509	0.01142412424740008	802
alt_donor:chr14:22830254-22833417:22831037-22833417	alt_donor	MRPL52	True	0.008083935328517367	0.03643435983907661	3028
alt_acceptor:chr16:88859972-88860910:88859972-88860913	alt_acceptor	TRAPPC2L	True	0.008000000000000007	0.036702305783910955	2900
alt_acceptor:chr1:160679131-160681201:160679131-160684886	alt_acceptor	CD48	True	0.007867820613689958	0.021322406526045334	1835
cassette:chr17:7016685-7016949:7017014-7017256:7016685-7017256	cassette	RNASEK-C17orf49,BACC1	True	0.007854592664719218	0.01768871742125594	1232
alt_donor:chr20:35739017-35740524:35739547-35740524	alt_donor	RBM39	True	0.00776397515527949	0.07415390850973674	878
alt_acceptor:chr1:173864304-173864483:173864304-173864674	alt_acceptor	GAS5	True	0.0077201041444078244	0.011447460853304614	18691
cassette:chr1:173864304-173864483:173864502-173864674:173864304-173864674	cassette	GAS5	True	0.00770477378539125	0.011433389752599221	18698
cassette:chr2:131484218-131491875:131492024-131492206:131484218-131492206	cassette	MZT2A	False	0.007694791218252228	0.011808037919491976	3275
alt_acceptor:chr2:131484218-131491875:131484218-131492206	alt_acceptor	MZT2A	False	0.007644529383659893	0.011858998489384931	3251
alt_donor:chr9:32553944-32572880:32571052-32572880	alt_donor	NDUFB6	True	0.0075825156110615535	0.012698726394378568	663
cassette:chr9:32553944-32570959:32571052-32572880:32553944-32572880	cassette	NDUFB6	True	0.0075524833589349916	0.011116116116116181	737
alt_donor:chr11:62676639-62677517:62677005-62677517	alt_donor	UBXN1	True	0.007518796992481203	0.03760383738063727	3034
cassette:chr1:173864304-173864483:173864506-173864674:173864304-173864674	cassette	GAS5	True	0.007428226681285288	0.010927187508969094	19757
alt_donor:chr17:64145995-64146229:64146000-64146229	alt_donor	SNHG25	True	0.007376908560645046	0.03203931003875654	4366
cassette:chr5:134767060-134768130:134768252-134770902:134767060-134770902	cassette	DDX46	False	0.007374954362906173	0.012972665449445633	2024
cassette:chr19:39329073-39329547:39329626-39333076:39329073-39333076	cassette	GMFG	True	0.007138403319787545	0.008638502417057548	5299
alt_donor:chr20:35740887-35741940:35740989-35741940	alt_donor	RBM39	True	0.007069356432765628	0.03231473382134031	3405
alt_donor:chr1:24646789-24648858:24647208-24648858	alt_donor	SRRM1	True	0.007018716577540163	0.028656845264092956	6119
alt_donor:chr8:98042718-98044942:98042775-98044942	alt_donor	RPL30	True	0.006955086249487763	0.011153609920637715	198746
alt_donor:chr19:39329073-39333076:39329626-39333076	alt_donor	GMFG	True	0.006775063284463673	0.009580422701758337	5197
alt_donor:chr16:89873859-89883350:89875166-89883350	alt_donor	TCF25	False	0.0067348966516403985	0.01637524717439126	6115
cassette:chr19:39329073-39329605:39329626-39333076:39329073-39333076	cassette	GMFG	False	0.006729286300246162	0.009334961452926449	5212
alt_acceptor:chr17:7017014-7017256:7017014-7017260	alt_acceptor	RNASEK-C17orf49,BACC1	True	0.006467065868263455	0.020080992762775404	3475
alt_donor:chr12:53296275-53297849:53296551-53297849	alt_donor	PFDN5,ENSG00000288663	True	0.006455303154110137	0.010765488856163796	6299
cassette:chr17:5426299-5428070:5428211-5432541:5426299-5432541	cassette	RPAIN	True	0.0064102564102564985	0.028681030487028525	1178
alt_donor:chr7:105063580-105066726:105064116-105066726	alt_donor	KMT2E	True	0.006341682147203986	0.016486928104575194	1042
cassette:chr13:75526639-75527812:75527851-75530113:75526639-75530113	cassette	COMMD6	True	0.00629296042911627	0.008682858275465416	24974
cassette:chr18:13726729-13730626:13730755-13731475:13726729-13731475	cassette	RNMT	True	0.0062893081761006275	0.09755747126436781	464
cassette:chr1:20779911-20780344:20780540-20787194:20779911-20787194	cassette	HP1BP3	True	0.006126616746085722	0.029469990461320372	1435
cassette:chr12:122519029-122520503:122520581-122521384:122519029-122521384	cassette	RSRC2	True	0.006111535523300238	0.10588023088023088	443
alt_acceptor:chr14:64924126-64926009:64924126-64932137	alt_acceptor	CHURC1,CHURC1-FNTB	True	0.006008461056123959	0.030981397578369707	2932
alt_acceptor:chr5:134767060-134768130:134767060-134770902	alt_acceptor	DDX46	False	0.0059954987354695	0.009358718084261627	2010
alt_acceptor:chr3:48892032-48905977:48892032-49039119	alt_acceptor		False	0.00584828851556677	0.09963034878120841	3512
alt_acceptor:chr2:9406905-9407448:9406905-9408112	alt_acceptor	ITGB1BP1	True	0.005827505827505797	0.02290470543650147	2777
cassette:chr12:124912506-124913190:124913190-124913418:124912506-124913418	cassette		False	0.0057870370370370905	0.03137407308139012	671
alt_acceptor:chr13:75526639-75527812:75526639-75530113	alt_acceptor	COMMD6	True	0.0057467716211349485	0.007282227030694428	24950
alt_donor:chr9:35813145-35813265:35813156-35813265	alt_donor	HINT2,ENSG00000285645	False	0.00574658465115907	0.009078115879035287	2174
alt_donor:chr17:7016685-7017256:7017014-7017256	alt_donor	RNASEK-C17orf49,BACC1	True	0.005682985279014063	0.017596682941951464	1214
cassette:chr16:634797-634888:635340-635611:634797-635611	cassette	METTL26	True	0.005675954592363253	0.022279579572465347	1604
cassette:chr17:40628993-40630207:40630286-40630713:40628993-40630713	cassette	SMARCE1,ENSG00000264058	True	0.00564749146309429	0.07368059864860207	824
alt_donor:chr8:98042775-98045346:98045088-98045346	alt_donor	RPL30	True	0.005587659130966219	0.008062456514660074	5948
cassette:chr8:98042775-98044988:98045088-98045346:98042775-98045346	cassette	RPL30	False	0.005587659130966149	0.008273009295281963	5954
cassette:chr8:98042775-98043566:98045088-98045346:98042775-98045346	cassette	RPL30	False	0.005587659130966149	0.008163744342813417	5965
alt_acceptor:chr6:41789336-41789530:41789336-41789567	alt_acceptor	ENSG00000124593,TOMM6	True	0.005532764763035741	0.04613647876220376	2661
cassette:chr8:98042775-98044826:98045088-98045346:98042775-98045346	cassette	RPL30	True	0.005514193473181717	0.008878060782971653	6549
cassette:chr1:156055425-156057977:156058067-156058314:156055425-156058314	cassette	LAMTOR2	True	0.005490295962530145	0.008131609059725209	7508
alt_donor:chr18:2951310-2954503:2951356-2954503	alt_donor	LPIN2	False	0.005448997384481256	0.01634256364618819	1412
alt_acceptor:chr1:32621948-32627507:32621948-32631826	alt_acceptor	ZBTB8OS	False	0.00537056928034374	0.012877180575200375	2001
cassette:chr18:58723251-58726269:58726333-58733396:58723251-58733396	cassette	MALT1	False	0.005355404089581295	0.09204242168843937	662
alt_donor:chr1:156055425-156058314:156058067-156058314	alt_donor	LAMTOR2	True	0.005343806262814832	0.008426256234092055	6912
alt_acceptor:chr12:54284317-54284548:54284317-54286661	alt_acceptor	HNRNPA1	True	0.005154639175257714	0.096570624452197	7500
cassette:chr12:54284317-54284548:54286112-54286661:54284317-54286661	cassette	HNRNPA1	True	0.005154639175257714	0.09612445964062938	7509
alt_acceptor:chr19:18900449-18903267:18900449-18904770	alt_acceptor	COPE	True	0.005150120534735958	0.007901548019200011	2103
cassette:chr12:124911899-124912127:124913267-124913723:124911899-124913723	cassette		False	0.005147458820329437	0.011387792206185979	25607
alt_donor:chr17:7885083-7889663:7887843-7889663	alt_donor	CHD3	True	0.00512820512820511	0.09212392420043042	784
alt_donor:chr18:13726729-13731475:13730755-13731475	alt_donor	RNMT	True	0.00512820512820511	0.07261984392419177	404
alt_acceptor:chr8:66922114-66922323:66922114-66922613	alt_acceptor	SNHG6	True	0.005109698174365462	0.023301961479200495	16433
cassette:chr11:64318386-64319733:64320792-64320864:64318386-64320864	cassette	PRDX5	True	0.005070993914807254	0.006052634695993819	2537
alt_acceptor:chr17:7856843-7856984:7856843-7857014	alt_acceptor	NAA38	True	0.005050505050505055	0.08188972365136696	5850
alt_donor:chr12:124911899-124913723:124913267-124913723	alt_donor		False	0.005013814388806215	0.012287406505076426	25383
cassette:chr6:85677492-85677794:85677868-85677953:85677492-85677953	cassette	ENSG00000271793,SNHG5	True	0.0049481046019025365	0.015491408043548593	32685
alt_acceptor:chr16:634797-634888:634797-635611	alt_acceptor	METTL26	True	0.0049450549450549275	0.023841668415670147	1498
alt_acceptor:chr6:85677492-85677794:85677492-85677953	alt_acceptor	ENSG00000271793,SNHG5	True	0.004918720101969143	0.015495395341895257	32597
cassette:chr6:85677492-85677794:85677899-85677953:85677492-85677953	cassette	ENSG00000271793,SNHG5	True	0.004902876504484954	0.015495395341895257	32601
cassette:chr19:18900449-18903267:18903423-18904770:18900449-18904770	cassette	COPE	True	0.004873294346978585	0.007966285111771498	2137
cassette:chr11:94971065-94971183:94971272-94971374:94971065-94971374	cassette	CWC15	False	0.004871213132256774	0.009059343434343434	809
cassette:chr2:9406905-9407448:9407598-9408112:9406905-9408112	cassette	ITGB1BP1	True	0.004830917874396046	0.023595735435226084	2819
cassette:chr16:89873859-89874798:89874893-89883350:89873859-89883350	cassette	TCF25	False	0.004804399336619976	0.011552041491189276	6098
alt_donor:chr11:64318386-64320864:64320792-64320864	alt_donor	PRDX5	True	0.004779788323659953	0.006074276504140759	2522
alt_donor:chr6:166893021-166938894:166934136-166938894	alt_donor	ENSG00000249141,RNASET2	False	0.004761904761904759	0.04219656747746635	754
cassette:chr6:166893021-166934090:166934136-166938894:166893021-166938894	cassette	ENSG00000249141,RNASET2	False	0.004761904761904745	0.042028866655732355	764
cassette:chr16:8801910-8804766:8804843-8806315:8801910-8806315	cassette	PMM2	True	0.004730965747807958	0.02683540502108467	555
alt_donor:chr15:85575329-85578929:85577871-85578929	alt_donor	AKAP13	False	0.004725029531434499	0.054338811311739954	792
alt_acceptor:chr15:43800784-43801131:43800784-43801517	alt_acceptor	SERF2,HYPK	True	0.00471861053155187	0.009341210997837468	1723
cassette:chr8:66922114-66922323:66922385-66922613:66922114-66922613	cassette	SNHG6	True	0.00471848040192524	0.022932515292817368	16467
alt_acceptor:chr1:39561122-39561684:39561122-39561727	alt_acceptor	PABPC4	True	0.004676180553872977	0.02544604518288729	1357
alt_acceptor:chr12:56116659-56116774:56116659-56117481	alt_acceptor	RPL41	False	0.0046511627906976605	0.018106237082484156	2349
cassette:chr17:16432300-16433573:16433698-16434889:16432300-16434889	cassette	TRPV2	True	0.004630140006614436	0.028147101949284103	718
cassette:chr12:56116659-56116774:56116799-56117481:56116659-56117481	cassette	RPL41	False	0.00462962962962965	0.017583115446800635	2384
cassette:chr16:634797-634888:635063-635280:634797-635280	cassette	METTL26	True	0.00462573591253157	0.06177262205359019	1840
alt_acceptor:chr16:634797-634888:634797-635280	alt_acceptor	METTL26	True	0.00462573591253157	0.06168883382477813	1834
cassette:chr16:634797-634888:634894-635280:634797-635280	cassette	METTL26	False	0.00462573591253157	0.06168883382477813	1834
alt_acceptor:chr5:57214193-57221375:57214193-57230845	alt_acceptor	GPBP1	True	0.004608294930875612	0.08188837815852576	636
alt_donor:chr16:89873859-89883350:89874893-89883350	alt_donor	TCF25	False	0.004578967085735464	0.010169414556572665	6089
alt_donor:chr13:75526639-75530113:75527851-75530113	alt_donor	COMMD6	True	0.004575209492815202	0.005880953727140925	24910
cassette:chr16:2772102-2773753:2775556-2776992:2772102-2776992	cassette	ELOB	True	0.004544750296958111	0.011232525832924944	12054
alt_donor:chr19:54201609-54207397:54206462-54207397	alt_donor	RPS9	True	0.004527383626980302	0.007848504268974115	154731
alt_donor:chr16:2772102-2776992:2775556-2776992	alt_donor	ELOB	True	0.0045267596161307835	0.011247286630095086	12017
alt_donor:chr8:66922114-66922613:66922392-66922613	alt_donor	SNHG6	True	0.0045013856791669415	0.023718394043713315	14749
cassette:chr14:64924126-64926009:64931104-64932137:64924126-64932137	cassette	CHURC1,CHURC1-FNTB	False	0.004491757624758508	0.031174585372940544	3027
alt_acceptor:chr13:114286629-114291488:114286629-114291633	alt_acceptor	UPF3A	False	0.004488471990882759	0.010730977613717552	962
cassette:chr19:54201609-54206275:54206462-54207397:54201609-54207397	cassette	RPS9	True	0.0044876873760082425	0.007778831514209883	156520
alt_donor:chr20:2461793-2462635:2461939-2462635	alt_donor	SNRPB	True	0.004470399189430929	0.03093198767710642	5890
alt_donor:chr1:92837630-92840550:92837633-92840550	alt_donor	RPL5	False	0.004462617061049152	0.006279939104819711	104265
cassette:chr6:85677492-85677794:85677875-85677953:85677492-85677953	cassette	ENSG00000271793,SNHG5	True	0.004399031458774516	0.013636432294559298	39147
alt_acceptor:chr5:77693352-77705565:77693352-77708241	alt_acceptor	TBCA	True	0.004342344866227763	0.017063492063492065	1234
alt_donor:chr6:166858259-166934090:166931118-166934090	alt_donor	ENSG00000249141,RNASET2	True	0.004291845493562232	0.014934840272171606	2424
cassette:chr1:109402090-109402312:109410014-109411010:109402090-109411010	cassette	PSMA5	True	0.004282951091461706	0.03072033898305082	1533
cassette:chr1:40374223-40403683:40403746-40406735:40374223-40406735	cassette	SMAP2	False	0.004275286757038584	0.009630453713425038	1827
cassette:chr6:166858259-166892949:166931118-166934090:166858259-166934090	cassette	ENSG00000249141,RNASET2	False	0.00421940928270037	0.013877170301318853	2515
alt_donor:chr12:56116799-56117481:56117211-56117481	alt_donor	RPL41	True	0.004215598091927073	0.005754327467064842	17241
cassette:chr12:56116799-56117197:56117211-56117481:56116799-56117481	cassette	RPL41	True	0.004215598091927064	0.005746586782096108	17250
cassette:chr12:56116799-56117193:56117211-56117481:56116799-56117481	cassette	RPL41	False	0.004205383898667869	0.005756987482548381	17256
alt_acceptor:chr22:39313310-39313624:39313310-39314106	alt_acceptor	RPL3	True	0.004167453402745934	0.011444017710641494	1673
alt_acceptor:chr12:56724523-56724961:56724523-56725262	alt_acceptor	NACA,ENSG00000285625	True	0.004147729779817321	0.02931750172665641	1360
alt_acceptor:chr17:7577916-7578164:7577916-7578226	alt_acceptor	SENP3-EIF4A1,EIF4A1	True	0.004093567251461927	0.0061270395059973	3002
alt_donor:chr1:109402090-109411010:109410014-109411010	alt_donor	PSMA5	True	0.003936649524416327	0.03134796238244514	1443
cassette:chr14:22830254-22830963:22833482-22834171:22830254-22834171	cassette	MRPL52	True	0.0038567493112947604	0.010407631457256483	4587
cassette:chr1:109402090-109409653:109410014-109411010:109402090-109411010	cassette	PSMA5	False	0.0038373328858309907	0.03094211822660098	1460
alt_donor:chr1:209777487-209782055:209781458-209782055	alt_donor	TRAF3IP3	True	0.0038094551397601364	0.013018266361446106	3232
cassette:chr1:209777487-209779314:209781458-209782055:209777487-209782055	cassette	TRAF3IP3	True	0.0038065345509792348	0.012825768228273526	3249
alt_donor:chr5:96722698-96727488:96722718-96727488	alt_donor	CAST	False	0.003798006557591438	0.020726495726495764	2220
alt_donor:chr14:22830254-22834171:22833482-22834171	alt_donor	MRPL52	True	0.00378735136038319	0.010663082219870283	4565
alt_acceptor:chr19:39433418-39433493:39433418-39433521	alt_acceptor	RPS16	True	0.0037851230288942894	0.006821539458077388	173689
alt_donor:chr11:17075197-17077167:17075623-17077167	alt_donor	RPS13	False	0.0037816530558785547	0.004664427849340819	25284
cassette:chr11:17075197-17075588:17075623-17077167:17075197-17077167	cassette	RPS13	False	0.003780179722959187	0.0046626431039168414	25299
cassette:chr11:17075197-17075491:17075623-17077167:17075197-17077167	cassette	RPS13	False	0.003778737379089403	0.0046647782765115164	25287
alt_acceptor:chr11:62676639-62676812:62676639-62677517	alt_acceptor	UBXN1	True	0.0037453183520599342	0.009142820680237251	11146
alt_donor:chr17:16432300-16434889:16433698-16434889	alt_donor	TRPV2	True	0.0037277537277537257	0.02928378052596981	691
alt_donor:chr2:231708751-231711347:231710676-231711347	alt_donor	PTMA	True	0.003727425266925488	0.004688089014248054	27432
alt_donor:chr1:40374223-40406735:40403746-40406735	alt_donor	SMAP2	False	0.0036866359447004227	0.0072142657385675935	1839
cassette:chr12:56116799-56117188:56117211-56117481:56116799-56117481	cassette	RPL41	True	0.0036799993965669353	0.005295296427855367	18799
alt_acceptor:chr4:673401-673911:673401-686531	alt_acceptor	ATP5ME	False	0.0036496350364964014	0.006600951073066352	6935
cassette:chr1:209777487-209779430:209781458-209782055:209777487-209782055	cassette	TRAF3IP3	False	0.003578322896558239	0.01258531948406999	3273
cassette:chr13:114286629-114291488:114291544-114291633:114286629-114291633	cassette	UPF3A	False	0.0035714285714285587	0.008990846526257312	1060
alt_acceptor:chr1:20779911-20780344:20779911-20787194	alt_acceptor	HP1BP3	True	0.003528581510232831	0.02927007042933316	1424
alt_donor:chr12:56116799-56117188:56116863-56117188	alt_donor	RPL41	False	0.0035147868237179747	0.01226658043878509	3862
cassette:chr5:134764092-134766902:134767060-134770902:134764092-134770902	cassette	DDX46	False	0.003459352606869359	0.0073386961622256	1995
alt_donor:chr5:134764092-134770902:134767060-134770902	alt_donor	DDX46	True	0.0034593526068692846	0.0073589044764334685	1987
alt_acceptor:chr1:145925927-145926040:145925927-145926481	alt_acceptor	ENSG00000289565,RBM8A	False	0.003434958013702305	0.0047119793100594	6108
alt_acceptor:chr1:32631879-32632207:32631879-32633644	alt_acceptor	ZBTB8OS	True	0.00343145226866157	0.016604555057836597	1664
alt_donor:chr11:65499423-65499688:65499512-65499688	alt_donor		False	0.0033777287818384516	0.014949118590064973	3952
cassette:chr1:145925927-145926040:145926177-145926481:145925927-145926481	cassette	ENSG00000289565,RBM8A	False	0.0033448237828849203	0.004565894022927786	6254
cassette:chr1:209777487-209778110:209779374-209782055:209777487-209782055	cassette	TRAF3IP3	False	0.0033333333333332993	0.008525012569130186	570
alt_acceptor:chr11:65499423-65499512:65499423-65499753	alt_acceptor		False	0.003330363844827766	0.00781557922668924	22847
alt_acceptor:chr6:30345573-30346431:30345573-30346438	alt_acceptor	TRIM39-RPP21,RPP21	False	0.003328901268476403	0.01344783445116593	1474
alt_acceptor:chr1:20779911-20780344:20779911-20780349	alt_acceptor	HP1BP3	True	0.003235354856474193	0.03524647579021095	1415
cassette:chr11:62676639-62676812:62677005-62677517:62676639-62677517	cassette	UBXN1	True	0.003225806451612856	0.008661163528402016	11808
alt_donor:chr13:45338776-45339993:45339602-45339993	alt_donor	TPT1	True	0.0031720856463124504	0.008202381556693283	12434
cassette:chr13:45338776-45339570:45339602-45339993:45338776-45339993	cassette	TPT1	False	0.003172085646312439	0.008194812360652448	12448
alt_acceptor:chr11:119017545-119017924:119017545-119017957	alt_acceptor	RPS25	True	0.0031271619988939925	0.005822877399393389	32538
cassette:chr12:53295639-53296243:53297924-53298044:53295639-53298044	cassette	PFDN5,ENSG00000288663	True	0.003098630131110447	0.005910204598096214	39455
alt_donor:chr12:53295639-53298044:53297924-53298044	alt_donor	PFDN5,ENSG00000288663	True	0.0030978962724607867	0.005908635053883557	39450
cassette:chr12:53295639-53295838:53297924-53298044:53295639-53298044	cassette	PFDN5,ENSG00000288663	True	0.003093679674877725	0.005891438492102108	39543
cassette:chr12:53295639-53297849:53297924-53298044:53295639-53298044	cassette	PFDN5,ENSG00000288663	True	0.003093031442682692	0.00586022960621424	39708
alt_acceptor:chr14:22565137-22569993:22565137-22575058	alt_acceptor	DAD1	False	0.003076923076923077	0.01835594470141134	7682
cassette:chr5:181237042-181238098:181238239-181239066:181237042-181239066	cassette	RACK1	True	0.0030621091627631714	0.003928509131810587	14131
alt_donor:chr5:181237042-181239066:181238239-181239066	alt_donor	RACK1	True	0.003061968235457251	0.003919614754322144	14119
cassette:chr5:181237042-181237586:181238239-181239066:181237042-181239066	cassette	RACK1	False	0.0030513436110597425	0.003886555698575933	14391
cassette:chr1:209777487-209778110:209781458-209782055:209777487-209782055	cassette	TRAF3IP3	True	0.003050921904709125	0.008594408040990542	3692
cassette:chr5:181237042-181237224:181238239-181239066:181237042-181239066	cassette	RACK1	True	0.003020623080298379	0.0037976416501105392	14246
alt_acceptor:chr10:7802854-7806973:7802854-7807658	alt_acceptor	ATP5F1C	True	0.003007696775358615	0.007499476882663614	10239
alt_donor:chr1:45616703-45618060:45617591-45618060	alt_donor	NASP	True	0.003003941170816111	0.01270789504038498	1826
alt_acceptor:chr12:53295941-53296243:53295941-53297849	alt_acceptor	PFDN5,ENSG00000288663	True	0.0029870129870129825	0.007702562227904497	2256
cassette:chr12:53295941-53296243:53296551-53297849:53295941-53297849	cassette	PFDN5,ENSG00000288663	True	0.0029761904761904656	0.007708397593481242	2417
cassette:chr8:66922114-66922323:66922392-66922613:66922114-66922613	cassette	SNHG6	True	0.002926562440655145	0.01667611068312508	21152
alt_acceptor:chr9:98005153-98007633:98005153-98011270	alt_acceptor	ANP32B	False	0.002894356005788712	0.006645352144726363	1958
alt_donor:chrY:19276932-19552862:19405187-19552862	alt_donor		False	0.0028848860118209085	0.020938403428376884	5431
alt_acceptor:chr14:69768674-69768797:69768674-69769181	alt_acceptor	SRSF5	True	0.002854910445967085	0.010445596995789452	3828
alt_donor:chr2:178485757-178490658:178489014-178490658	alt_donor	PLEKHA3	True	0.0028142589118198558	0.031578947368421095	649
alt_donor:chr7:22813185-22822676:22818048-22822676	alt_donor	TOMM7	True	0.002803714484306316	0.005944434523119545	22046
alt_acceptor:chr15:43793083-43793686:43793083-43793709	alt_acceptor	SERF2	True	0.002801815860405731	0.004009320370119377	10082
alt_donor:chr2:231711419-231712442:231711983-231712442	alt_donor	PTMA	False	0.0027788205218366446	0.004874373340519771	51834
cassette:chr7:22813185-22817411:22818048-22822676:22813185-22822676	cassette	TOMM7	True	0.0027739643488370325	0.005941773873044065	22094
alt_donor:chrX:154399941-154400701:154400626-154400701	alt_donor	RPL10	True	0.0027562133230798567	0.0030539465534055307	514836
cassette:chrX:154399941-154400557:154400626-154400701:154399941-154400701	cassette	RPL10	False	0.0027554469005400817	0.0030212112294429327	514923
alt_donor:chr13:46771496-46777455:46775692-46777455	alt_donor	ESD	True	0.0027422834384334127	0.009643497215788166	3346
cassette:chrX:154399941-154400463:154400626-154400701:154399941-154400701	cassette	RPL10	True	0.002706248273883216	0.002980674236897851	521092
cassette:chr10:68901471-68906225:68906337-68906710:68901471-68906710	cassette	DDX50	True	0.0026737967914438054	0.11411523259349343	290
alt_donor:chrX:153785973-153786354:153786272-153786354	alt_donor	IDH3G	False	0.0026595744680851063	0.006803530433163785	3025
cassette:chr2:231711419-231711886:231711983-231712442:231711419-231712442	cassette	PTMA	False	0.002648703330076718	0.004704005633763331	53489
alt_acceptor:chr16:2772102-2775450:2772102-2776992	alt_acceptor	ELOB	True	0.0026485183996941553	0.0061130987144644156	23940
alt_donor:chr10:7802854-7807658:7807010-7807658	alt_donor	ATP5F1C	True	0.002617719574019432	0.00826349460520312	10032
alt_acceptor:chr6:85677492-85677794:85677492-85678135	alt_acceptor	SNHG5	True	0.002605736509479817	0.008422586572406854	31695
cassette:chr6:85677492-85677794:85677875-85678135:85677492-85678135	cassette	SNHG5	True	0.0026016418127945418	0.008422309357292213	31701
cassette:chr3:172506919-172509216:172509321-172514860:172506919-172514860	cassette	TNFSF10	True	0.0025542784163474774	0.011854116460912223	2609
alt_acceptor:chr20:34228193-34335949:34228193-34409138	alt_acceptor		False	0.0025516121549524345	0.010506812326489132	13713
alt_donor:chr4:109684549-109685250:109684646-109685250	alt_donor	MCUB	False	0.002545754781890737	0.017573868197042892	1166
alt_acceptor:chr1:173486401-173487734:173486401-173499321	alt_acceptor	PRDX6	False	0.0025221637510074446	0.007201186549386118	2496
alt_donor:chr1:153990802-153991114:153991034-153991114	alt_donor	RPS27	True	0.002513138713329477	0.0038847499417090647	181603
cassette:chr1:153990802-153990913:153991034-153991114:153990802-153991114	cassette	RPS27	True	0.0024927370893945656	0.003878936740920959	181651
cassette:chr6:85677492-85677794:85678032-85678135:85677492-85678135	cassette	ENSG00000271793,SNHG5	True	0.0024702275887409364	0.007997453393386589	33052
alt_donor:chr1:153543923-153544653:153543939-153544653	alt_donor	S100A4	True	0.002456701251504101	0.0030000375765236176	61701
cassette:chr1:45616703-45617462:45617591-45618060:45616703-45618060	cassette	NASP	True	0.002452042022420775	0.012019070044622715	1937
cassette:chr16:2772102-2775450:2775556-2776992:2772102-2776992	cassette	ELOB	True	0.002439146632808198	0.005347948692680848	27637
alt_acceptor:chr20:35739017-35740524:35739017-35740823	alt_acceptor	RBM39	True	0.0024302093718843176	0.06718606833360932	1818
alt_donor:chr5:32591685-32601004:32599069-32601004	alt_donor	SUB1	True	0.0024034714238391243	0.006911609531926552	6034
alt_acceptor:chr10:100523929-100526195:100523929-100526398	alt_acceptor	NDUFB8	False	0.002290929409573478	0.009784872621916452	10458
cassette:chr10:72216138-72220053:72224056-72230365:72216138-72230365	cassette	ANAPC16	False	0.002274618585298205	0.025097570984528306	546
alt_acceptor:chr9:7798637-7799460:7798637-7799546	alt_acceptor	DMAC1	False	0.0022656471254601795	0.022875995532245508	923
alt_acceptor:chr14:22830254-22830963:22830254-22833417	alt_acceptor	MRPL52	True	0.0022379483457327792	0.012843100190775721	2949
cassette:chr5:32591685-32598960:32599069-32601004:32591685-32601004	cassette	SUB1	True	0.002211684772992606	0.0064044153767615075	6619
alt_acceptor:chr9:19376651-19378367:19376651-19378392	alt_acceptor	RPS6	False	0.0022075173978194362	0.0027420408081049175	114569
cassette:chr10:7802854-7806973:7807010-7807658:7802854-7807658	cassette	ATP5F1C	True	0.002205976657688846	0.00678474009477098	12027
alt_acceptor:chr2:231711419-231711889:231711419-231712442	alt_acceptor	PTMA	False	0.0021629601603452286	0.0048730153053098135	49808
alt_acceptor:chr3:101681215-101682428:101681215-101682770	alt_acceptor	RPL24	True	0.0021526984413997585	0.003667825473796127	102279
cassette:chr3:101681215-101682428:101682509-101682770:101681215-101682770	cassette	RPL24	False	0.0021526984413997585	0.0036676779208403842	102281
cassette:chr2:231711419-231711889:231711947-231712442:231711419-231712442	cassette	PTMA	False	0.0021493729282681118	0.004867759908722791	49910
alt_acceptor:chr9:32553944-32558909:32553944-32572880	alt_acceptor	NDUFB6	True	0.0021342559309849296	0.0047210709425055675	2852
cassette:chr2:231711419-231711889:231711977-231712442:231711419-231712442	cassette	PTMA	False	0.0021268977706102588	0.004848723649473363	50540
alt_donor:chr17:7313097-7313211:7313124-7313211	alt_donor	GPS2,ENSG00000261915	True	0.002122750346100599	0.016439501527754724	1430
alt_acceptor:chr14:92117642-92118848:92117642-92121641	alt_acceptor	NDUFB1	True	0.002122375254007677	0.006804792120706092	6380
cassette:chr16:66552793-66558189:66563217-66565885:66552793-66565885	cassette	CKLF,CKLF-CMTM1	True	0.0021163613975681006	0.004918936319478984	8369
alt_donor:chr16:56683230-56683957:56683386-56683957	alt_donor	MT1X	True	0.0021130229880281792	0.021146045946729253	1673
cassette:chr9:32553944-32558909:32558954-32572880:32553944-32572880	cassette	NDUFB6	True	0.0021124708624709054	0.004690629735593754	2868
cassette:chr2:230176724-230177537:230178255-230183571:230176724-230183571	cassette	SP110	False	0.0021099977423891803	0.00728958705474414	1688
alt_acceptor:chr2:74472252-74472357:74472252-74472568	alt_acceptor	MRPL53,CCDC142	True	0.0020525451559934016	0.02316271963330785	2224
alt_acceptor:chr6:29725306-29725446:29725306-29725451	alt_acceptor	HLA-F	True	0.0020288487781944253	0.009214411482859786	5807
alt_acceptor:chrX:153785973-153786211:153785973-153786354	alt_acceptor	IDH3G	False	0.001996007984031989	0.003954251539307729	4489
alt_donor:chr21:33903639-33903934:33903656-33903934	alt_donor	ATP5PO	True	0.001989405260357624	0.002412899778973576	17185
alt_acceptor:chr14:22565137-22575058:22565137-22588946	alt_acceptor	DAD1	True	0.0019823670896620404	0.0033685725316005	7656
cassette:chr14:22565137-22575058:22575233-22588946:22565137-22588946	cassette	DAD1	True	0.0019719336327148618	0.003150180396133906	7926
alt_donor:chr14:69768674-69769181:69768896-69769181	alt_donor	SRSF5	True	0.0019694094646656316	0.005470288568462118	8624
cassette:chr9:32553944-32558909:32571052-32572880:32553944-32572880	cassette	NDUFB6	True	0.0019057219662057534	0.004248136877311015	3087
cassette:chr6:10751234-10755141:10770204-10829006:10751234-10829006	cassette	TMEM14B	False	0.0019027849852966128	0.018257389162561533	911
alt_donor:chr17:41689069-41690087:41689941-41690087	alt_donor	EIF1	True	0.0018966428253478235	0.002900451798764584	26188
cassette:chr6:10751234-10755141:10827824-10829006:10751234-10829006	cassette	TMEM14B	False	0.0018634466308884434	0.02239096573208721	802
cassette:chr3:195345317-195357690:195365565-195381008:195345317-195381008	cassette	ACAP2	True	0.0018539951989026	0.041886852123685744	1513
cassette:chrX:153785973-153786211:153786272-153786354:153785973-153786354	cassette	IDH3G	False	0.0018501387604070718	0.0035819453039475646	4929
cassette:chr8:99887618-99891907:99892047-99893638:99887618-99893638	cassette	COX6C	False	0.0018301736035446492	0.003526835236382697	12019
alt_acceptor:chr8:99887618-99891907:99887618-99893638	alt_acceptor	COX6C	False	0.0018177964910967015	0.0035338245636877264	11992
alt_acceptor:chr19:39329073-39329543:39329073-39333076	alt_acceptor	GMFG	True	0.001815265796515475	0.002465342458899067	21745
alt_donor:chr20:37236709-37241302:37238449-37241302	alt_donor	RPN2	True	0.0018029350104821207	0.005736946007803723	2681
cassette:chr2:74472252-74472357:74472470-74472568:74472252-74472568	cassette	MRPL53,CCDC142	True	0.0017889326480208245	0.022722742439881205	2319
cassette:chr14:69768674-69768797:69768896-69769181:69768674-69769181	cassette	SRSF5	True	0.0017888871429779796	0.005052571334791478	9295
alt_donor:chr11:314356-314921:314809-314921	alt_donor	IFITM1	True	0.0017465329123536044	0.007641562500974475	6494
alt_donor:chr11:61964891-61965368:61965112-61965368	alt_donor	FTH1	True	0.0017301038062283738	0.006827327814994121	5032
alt_acceptor:chr19:38632496-38632600:38632496-38634992	alt_acceptor	EIF3K	True	0.001726102116201167	0.008810852176430795	20740
cassette:chr19:38632496-38632600:38633516-38634992:38632496-38634992	cassette	EIF3K	False	0.001726102116201167	0.008791421002302513	20759
cassette:chr2:231711419-231711889:231711983-231712442:231711419-231712442	cassette	PTMA	False	0.0017164788918236917	0.003610089109643333	68771
alt_acceptor:chr7:22813185-22817999:22813185-22822676	alt_acceptor	TOMM7	True	0.0017118323317660833	0.0037741563359741104	39344
cassette:chr20:62308178-62308367:62308470-62308654:62308178-62308654	cassette	ADRM1	False	0.0016967126193000448	0.01110761460846521	4090
cassette:chr8:99887618-99891907:99892052-99893638:99887618-99893638	cassette	COX6C	False	0.0016860703296680546	0.003466688032527643	12475
cassette:chr17:41689069-41689777:41689941-41690087:41689069-41690087	cassette	EIF1	True	0.0016852043801819372	0.002664691283833731	26888
cassette:chr19:39329073-39329543:39329626-39333076:39329073-39333076	cassette	GMFG	True	0.0016777568354663375	0.002093996207648441	23186
alt_acceptor:chr16:18789118-18790243:18789118-18790309	alt_acceptor	RPS15A	True	0.0016719967090858424	0.006015162235065927	9659
cassette:chr22:37886845-37886949:37887071-37888425:37886845-37888425	cassette	EIF3L	True	0.001658189764621694	0.0024677406068820736	23271
alt_donor:chr18:2667031-2688393:2674145-2688393	alt_donor	SMCHD1	False	0.0016571106618499983	0.008462672452158433	2858
cassette:chr18:2667031-2673016:2674145-2688393:2667031-2688393	cassette	SMCHD1	False	0.0016421718549378683	0.008462672452158426	2862
cassette:chr18:2667031-2673280:2674145-2688393:2667031-2688393	cassette	SMCHD1	False	0.0016202966389230467	0.008228632803965907	2976
alt_donor:chr17:42998831-43002672:43000102-43002672	alt_donor	RPL27	True	0.0016185121881985513	0.0029200583101414196	107176
cassette:chr15:43800784-43801131:43801187-43801517:43800784-43801517	cassette	SERF2,HYPK	True	0.0016122346974850599	0.005383256964875294	3540
cassette:chr17:42998831-42999932:43000102-43002672:42998831-43002672	cassette	RPL27	True	0.0015997250001746899	0.0028748186448648294	108772
alt_donor:chr1:173864304-173865228:173864704-173865228	alt_donor	GAS5	True	0.0015852276002536365	0.00225045610289668	13329
cassette:chr1:173864304-173864674:173864704-173865228:173864304-173865228	cassette	GAS5	True	0.0015850610342289517	0.002232908259106492	13503
alt_donor:chr19:38632496-38634992:38632678-38634992	alt_donor	EIF3K	True	0.0015615377206219297	0.005823029027889304	33035
alt_acceptor:chr6:33065347-33068637:33065347-33069018	alt_acceptor	HLA-DPA1	False	0.0015485203028217098	0.0030439899030730855	14035
cassette:chr14:64924126-64926009:64926080-64932137:64924126-64932137	cassette	CHURC1,CHURC1-FNTB	True	0.0015458225984542606	0.016595748449525216	5068
cassette:chr12:124911899-124913039:124913267-124913723:124911899-124913723	cassette		False	0.0015273462209662025	0.010535525380364615	25488
cassette:chr6:33065347-33068637:33068804-33069018:33065347-33069018	cassette	HLA-DPA1	False	0.0015154066341135364	0.0029719382280480877	14329
alt_donor:chr6:32517752-32580246:32579104-32580246	alt_donor	HLA-DRB1	False	0.0014749262536873156	0.006426573674148552	6680
cassette:chr7:22813185-22817999:22818048-22822676:22813185-22822676	cassette	TOMM7	True	0.0014669208886196605	0.0034977783999194934	42877
alt_donor:chr19:35903903-35904119:35903933-35904119	alt_donor	HCST	False	0.0014630012775928014	0.005956228527485452	20668
cassette:chr6:32517752-32518053:32579104-32580246:32517752-32580246	cassette	HLA-DRB5,HLA-DRB1	False	0.0014471780028944004	0.0061385680462536785	6919
cassette:chr3:157150381-157151728:157151930-157152176:157150381-157152176	cassette	CCNL1	True	0.001422475106685639	0.029163372859025025	1067
alt_donor:chrX:54815678-54815880:54815690-54815880	alt_donor	MAGED2	False	0.0014170133016409917	0.02286246102569616	1298
alt_donor:chr15:43800784-43801517:43801187-43801517	alt_donor	SERF2,HYPK	True	0.0014152004838051853	0.006045120248559573	3290
alt_donor:chr3:101681215-101682770:101682492-101682770	alt_donor	RPL24	True	0.0014091156377180041	0.003235892109185214	118158
cassette:chr3:101681215-101682470:101682492-101682770:101681215-101682770	cassette	RPL24	False	0.0014091156377179503	0.003235892109185179	118158
cassette:chr3:101681215-101682240:101682492-101682770:101681215-101682770	cassette	RPL24	False	0.0014091156377179503	0.003206530281832154	118178
alt_acceptor:chr19:7629860-7630572:7629860-7630623	alt_acceptor	PET100,ENSG00000268400	True	0.0013721494420184666	0.0030220283933155567	4441
alt_donor:chr5:140645678-140647255:140645725-140647255	alt_donor	NDUFA2	True	0.0013700336280980663	0.005837324681886968	6027
cassette:chr19:38632496-38632600:38632678-38634992:38632496-38634992	cassette	EIF3K	True	0.0013683591887426738	0.005482585171981913	36149
alt_acceptor:chr3:172506919-172509216:172506919-172514860	alt_acceptor	TNFSF10	True	0.001322751322751392	0.012068522096584156	2578
alt_acceptor:chr6:29944616-29945058:29944616-30009144	alt_acceptor	HLA-A	False	0.001303052866716281	0.016849477234748556	802
alt_acceptor:chr8:116645103-116646465:116645103-116646470	alt_acceptor	EIF3H	False	0.0012750896886840409	0.002817846458890554	11710
alt_donor:chr20:62308178-62308654:62308470-62308654	alt_donor	ADRM1	False	0.0012748597654258023	0.01248683737347403	3838
alt_donor:chr9:21007119-21011588:21008146-21011588	alt_donor	HACD4	True	0.0012673200405542429	0.009899512246681851	1040
alt_acceptor:chr19:1106459-1106539:1106459-1106572	alt_acceptor	GPX4	True	0.0011835329918800097	0.007751625686931163	17736
alt_acceptor:chr14:77715879-77717495:77715879-77717501	alt_acceptor	SLIRP	True	0.0011784511784511675	0.007593115878507306	2411
alt_acceptor:chr9:89332986-89334024:89332986-89334521	alt_acceptor	SECISBP2	True	0.0011750881316098527	0.07284582886992526	526
cassette:chr3:101681215-101682428:101682492-101682770:101681215-101682770	cassette	RPL24	True	0.001165325743892831	0.0027269260639524173	137125
alt_donor:chr11:105041719-105043482:105043134-105043482	alt_donor	CARD16	False	0.0011111111111110628	0.0029545992379616526	7331
cassette:chr14:22830254-22833417:22833482-22834171:22830254-22834171	cassette	MRPL52	True	0.0010990017400860363	0.0061328849820945774	5330
cassette:chr6:32517752-32553375:32579104-32580246:32517752-32580246	cassette	HLA-DRB1	False	0.0010857763300760048	0.0037823139771643866	11188
alt_acceptor:chr19:58394595-58394681:58394595-58394708	alt_acceptor	RPS5	True	0.0010727541472712598	0.002243528671803663	98988
alt_acceptor:chr19:55388048-55388242:55388048-55391553	alt_acceptor	RPL28	True	0.0010695980624976231	0.0011564518856883588	303570
alt_acceptor:chr11:65499305-65499618:65499305-65499641	alt_acceptor	MALAT1	False	0.0010692421197643354	0.01883339545503765	39416
alt_donor:chr14:64924126-64932137:64926080-64932137	alt_donor	CHURC1,CHURC1-FNTB	True	0.001064103949654574	0.015255240027045307	4410
alt_donor:chr2:231708751-231711347:231710584-231711347	alt_donor	PTMA	True	0.0010272213662043672	0.0021436063103930647	27406
alt_acceptor:chr21:33904021-33907340:33904021-33912288	alt_acceptor	ATP5PO	True	0.0010252292492592963	0.003929477210672161	9407
cassette:chr21:33904021-33907340:33909211-33912288:33904021-33912288	cassette	ENSG00000249209,ATP5PO	True	0.0010202743080354182	0.0039265677612778105	9443
alt_donor:chr12:56116659-56117481:56117211-56117481	alt_donor	RPL41	False	0.0009776763157349593	0.0024031634888711717	17177
alt_donor:chr12:53295941-53297849:53296275-53297849	alt_donor	PFDN5,ENSG00000288663	True	0.00097179005597137	0.002776053215668717	6170
alt_donor:chr18:9124983-9134185:9126907-9134185	alt_donor	NDUFV2,ENSG00000265257	False	0.0009624284085814037	0.0061076710881558865	8001
cassette:chr9:21007119-21008020:21008146-21011588:21007119-21011588	cassette	HACD4	True	0.0009316770186335033	0.0055589803879344535	3141
alt_acceptor:chr9:133350319-133350596:133350319-133350656	alt_acceptor	RPL7A	True	0.0009291521486642917	0.0024632842338690453	18854
cassette:chr1:155827028-155831534:155831620-155853275:155827028-155853275	cassette	GON4L	True	0.0009207754695324255	0.008257575160372867	1602
alt_donor:chr22:37886845-37888425:37887071-37888425	alt_donor	EIF3L	True	0.0009201872330759642	0.002338464959877329	23265
cassette:chr16:66552793-66563071:66563217-66565885:66552793-66565885	cassette	CKLF,CKLF-CMTM1	True	0.0009021651964715716	0.004059307160903414	7842
cassette:chr12:53295941-53296243:53296275-53297849:53295941-53297849	cassette	PFDN5,ENSG00000288663	True	0.000899191552549139	0.0026325440765476715	6452
alt_donor:chr16:66552793-66565885:66563217-66565885	alt_donor	CKLF	True	0.0008900756564307957	0.0040801596352402405	7832
cassette:chr12:56116659-56116774:56117211-56117481:56116659-56117481	cassette	RPL41	False	0.0008746209828478513	0.0021644205001953853	18952
cassette:chr18:9124983-9126830:9126907-9134185:9124983-9134185	cassette	NDUFV2,ENSG00000265257	False	0.0008480328017967942	0.0039058626892732318	9379
cassette:chr13:45338776-45339496:45339546-45339993:45338776-45339993	cassette	TPT1	False	0.0008315535330871704	0.0012231340051183648	94629
alt_acceptor:chr13:45338776-45339496:45338776-45339993	alt_acceptor	TPT1	True	0.0008315535330871704	0.0012231340051183648	94628
alt_donor:chr7:135900809-135950598:135930012-135950598	alt_donor	MTPN	False	0.000829798235323552	0.001657271067482335	5759
cassette:chr5:66170170-66170584:66170947-66174945:66170170-66174945	cassette	SREK1	True	0.0007949125596183881	0.03982597054886211	944
alt_donor:chr2:231708751-231711347:231710801-231711347	alt_donor	PTMA	False	0.0007945424508826182	0.0025048343272577878	27395
alt_donor:chr4:108620600-108621950:108620712-108621950	alt_donor	RPL34	True	0.0007666600043707561	0.0018468089414401812	38877
alt_donor:chr5:181237042-181237608:181237319-181237608	alt_donor	RACK1	True	0.0007666330405422528	0.0015860231745981612	94453
alt_acceptor:chrX:154399941-154400463:154399941-154400557	alt_acceptor	RPL10	False	0.000754984611468057	0.009874925014053293	41692
alt_acceptor:chr2:131484218-131491875:131484218-131492991	alt_acceptor	MZT2A	False	0.0007536463182161723	0.0039037332344500353	3240
cassette:chr13:45338776-45339496:45339602-45339993:45338776-45339993	cassette	TPT1	True	0.0007513290375241732	0.001101550117573069	102815
cassette:chr5:181237042-181237224:181237319-181237608:181237042-181237608	cassette	RACK1	True	0.0007232966661515469	0.002056817003055604	94493
alt_acceptor:chr4:151103079-151104176:151103079-151104471	alt_acceptor	RPS3A	False	0.0006950591916412563	0.0011224685734372297	197665
cassette:chr6:29944616-29945058:30008701-30009144:29944616-30009144	cassette	HLA-A,HLA-J	False	0.0006881705251270409	0.012296042834964993	840
alt_acceptor:chr1:40374223-40375746:40374223-40406735	alt_acceptor	SMAP2	False	0.0006764797995615392	0.018554213199161278	1811
alt_donor:chr1:44776714-44777613:44776774-44777613	alt_donor	RPS8	True	0.0006744992523452864	0.0020596554774915546	118109
cassette:chr16:18784823-18786239:18786336-18788062:18784823-18788062	cassette	RPS15A	True	0.0006696904355131357	0.0010309757136207707	254940
cassette:chr5:134764092-134766916:134768252-134770902:134764092-134770902	cassette	DDX46	False	0.000664108618654069	0.003526735232687206	3433
cassette:chr14:64924126-64926006:64926080-64932137:64924126-64932137	cassette	CHURC1,CHURC1-FNTB	True	0.0006586980271190424	0.01378495311020761	4505
cassette:chr6:10749698-10751132:10751234-10755141:10749698-10755141	cassette	TMEM14B	True	0.0006535947712418277	0.040270411443265874	925
alt_acceptor:chr1:42667440-42675287:42667440-42676583	alt_acceptor	PPIH	True	0.0006355932203389869	0.011453823953823956	1573
alt_donor:chr9:19376534-19378367:19376589-19378367	alt_donor		False	0.0006316875518098675	0.0027932976836710366	37147
cassette:chr9:19376534-19376559:19376589-19378367:19376534-19378367	cassette		False	0.0006316875518098345	0.0027538306508961543	37147
alt_acceptor:chr5:134764092-134766916:134764092-134770902	alt_acceptor	DDX46	True	0.0006056476644712427	0.003531616265323778	3405
cassette:chr5:134764092-134766916:134767060-134770902:134764092-134770902	cassette	DDX46	True	0.0005750176928520645	0.002824562459870006	4542
alt_acceptor:chr22:37886845-37886949:37886845-37888425	alt_acceptor	EIF3L	True	0.0005714285714285715	0.0013599744777380955	23222
alt_acceptor:chr5:181237042-181237608:181237042-181239066	alt_acceptor	RACK1	True	0.0005711929722326259	0.001301760245328576	94401
cassette:chr5:181237042-181237608:181237719-181239066:181237042-181239066	cassette	RACK1	True	0.0005711250928401856	0.0013014886533104786	94404
alt_donor:chr6:29725563-29726402:29726043-29726402	alt_donor	HLA-F	False	0.000570110566133246	0.002901280333988813	8163
cassette:chr6:29725563-29726014:29726043-29726402:29725563-29726402	cassette	HLA-F	False	0.0005685018117674856	0.002886905082421898	8175
cassette:chr6:29725563-29725992:29726043-29726402:29725563-29726402	cassette	HLA-F	False	0.0005678074358256291	0.00289388560533671	8186
alt_acceptor:chr6:29725563-29726010:29725563-29726402	alt_acceptor	HLA-F	False	0.0005567474803066519	0.00268217304443763	9003
alt_acceptor:chr2:70288192-70289349:70288192-70293617	alt_acceptor	SNRPG	True	0.0005527915975677145	0.023201559835970165	863
alt_donor:chr11:119017433-119017957:119017545-119017957	alt_donor	RPS25	True	0.0005510687119446404	0.0037866472108304622	32801
alt_donor:chr11:88326399-88328111:88326443-88328111	alt_donor	CTSC	True	0.0005494505494505614	0.01848427434634331	1035
cassette:chr5:181237042-181237608:181238239-181239066:181237042-181239066	cassette	RACK1	True	0.0005365774422529945	0.0010626738346745657	100789
alt_acceptor:chr16:18784823-18786239:18784823-18788062	alt_acceptor	RPS15A	True	0.0005020686784391448	0.001151133146000081	254923
alt_donor:chr15:58916999-58932355:58917020-58932355	alt_donor	SLTM	True	0.0004995004995005381	0.01947368421052631	950
alt_acceptor:chr9:19376534-19376598:19376534-19378367	alt_acceptor		False	0.0004716981132075472	0.0008055472676469041	36803
cassette:chr6:29725563-29726010:29726043-29726402:29725563-29726402	cassette	HLA-F	False	0.0004709068216995904	0.0022828900038148747	10046
alt_acceptor:chr1:145925927-145926040:145925927-145926050	alt_acceptor	ENSG00000289565,RBM8A	False	0.0004668967089284104	0.0030971526041267405	6112
cassette:chr15:74923770-74926765:74926887-74929115:74923770-74929115	cassette	COX5A	False	0.00046393741240124964	0.0033278312679272948	5218
alt_acceptor:chr19:1105809-1106180:1105809-1106241	alt_acceptor	GPX4	True	0.00043346337234503684	0.0024929688920257076	5806
alt_acceptor:chr2:218249921-218252944:218249921-218253890	alt_acceptor	ARPC2	True	0.0004201680672268908	0.0009096974922217641	23538
alt_acceptor:chr8:98042775-98044826:98042775-98044942	alt_acceptor	RPL30	True	0.0004006418172417996	0.0008994311196945614	193098
alt_acceptor:chr11:17075197-17075453:17075197-17077167	alt_acceptor	RPS13	False	0.0003824582713387592	0.0006266245754327215	242330
alt_donor:chr17:16382111-16382567:16382339-16382567	alt_donor		False	0.00038056806344988247	0.00136977933897357	7111
alt_acceptor:chr19:18573748-18574869:18573748-18574931	alt_acceptor	UBA52	False	0.00037737591178299557	0.0004604319429242776	73087
cassette:chr11:17075197-17075453:17075623-17077167:17075197-17077167	cassette	RPS13	False	0.00037607361941183193	0.0006143834661412884	247545
alt_acceptor:chr12:56160320-56161386:56160320-56162263	alt_acceptor	MYL6	True	0.0003722299746951041	0.0010034397858987854	57409
cassette:chr1:40374223-40375746:40375816-40406735:40374223-40406735	cassette	SMAP2	False	0.0003720861007237078	0.03377107439695461	1825
alt_acceptor:chr15:74923770-74926765:74923770-74929115	alt_acceptor	COX5A	False	0.0003695919807554793	0.003406069656960553	5076
alt_donor:chr11:17075163-17075453:17075197-17075453	alt_donor	RPS13	True	0.0003691518085870392	0.000948542996162375	243278
alt_acceptor:chr14:77715879-77717479:77715879-77717495	alt_acceptor	SLIRP	True	0.0003668064606844601	0.004400962734296067	2428
cassette:chr16:66552793-66563121:66563217-66565885:66552793-66565885	cassette	CKLF,CKLF-CMTM1	True	0.000350877192982435	0.002877263540296493	8490
alt_donor:chr4:151103079-151104471:151104286-151104471	alt_donor	RPS3A	False	0.00034051984029692044	0.0007952527282997412	352989
cassette:chr4:151103079-151104184:151104286-151104471:151103079-151104471	cassette	RPS3A	False	0.0003405103880215199	0.0007952566726126542	352993
cassette:chr4:151103079-151104168:151104286-151104471:151103079-151104471	cassette	RPS3A	False	0.000340499935535421	0.0007952566726126542	352995
cassette:chr4:151103079-151104176:151104286-151104471:151103079-151104471	cassette	RPS3A	False	0.000301263186506473	0.0006993210013828133	393940
alt_acceptor:chr18:49488566-49489358:49488566-49489376	alt_acceptor	RPL17-C18orf32,RPL17	False	0.0003007691755581021	0.0005485579454266865	90561
alt_donor:chr14:102085430-102085757:102085431-102085757	alt_donor	HSP90AA1	False	0.00027821706788496445	0.0011186312268160548	24278
alt_acceptor:chr8:144790470-144790677:144790470-144791276	alt_acceptor	RPL8	True	0.00022222726260411488	0.0003714925452338201	52505
alt_donor:chr11:65120806-65121499:65121036-65121499	alt_donor	FAU	True	0.00019058073123601427	0.0005211934745359172	141386
cassette:chr11:65120806-65120994:65121036-65121499:65120806-65121499	cassette	FAU	False	0.00019043647742778003	0.000521535962708819	141409
alt_donor:chr5:40834265-40835182:40834606-40835182	alt_donor	RPL37	False	0.00018477930713282442	0.00038473956984697705	64678
cassette:chr5:40834265-40834472:40834606-40835182:40834265-40835182	cassette	RPL37	False	0.0001847569034513219	0.00038428937317652734	64717
cassette:chr5:40834265-40834500:40834606-40835182:40834265-40835182	cassette	RPL37	False	0.0001845743917384679	0.00038459082446301585	64691
alt_acceptor:chr17:38850214-38850361:38850214-38852603	alt_acceptor	RPL23	False	0.00018232494093328722	0.00043138946773724207	59121
cassette:chr17:38850214-38850361:38850466-38852603:38850214-38852603	cassette	RPL23	False	0.00018228508882711658	0.0004312193981870771	59135
alt_donor:chr1:226065809-226071350:226065817-226071350	alt_donor	H3-3A	True	0.00017840721539230664	0.0005682220377484781	38758
alt_acceptor:chr11:61964891-61964986:61964891-61965368	alt_acceptor	FTH1	True	0.0001704448610874154	0.00031933031839070924	83303
alt_acceptor:chr11:65120806-65120980:65120806-65121499	alt_acceptor	FAU	True	0.00016709799343783693	0.0004452210602856055	169875
cassette:chr11:61964891-61964986:61965112-61965368:61964891-61965368	cassette	FTH1	True	0.00016097875080489654	0.0003082621207669556	87259
alt_acceptor:chr16:85805864-85806737:85805864-85806826	alt_acceptor	COX4I1	True	0.00015043416383386798	0.0025018963141784645	38058
cassette:chr11:65120806-65120980:65121036-65121499:65120806-65121499	cassette	FAU	True	0.00014281155107032095	0.00038396033781223915	191193
cassette:chr13:45337388-45337466:45337553-45338659:45337388-45338659	cassette	TPT1	True	0.0001366196594398269	0.00037574158830562207	457024
alt_acceptor:chr19:54206462-54206552:54206462-54207397	alt_acceptor	RPS9	True	0.0001313866086362699	0.0009965653922335606	153586
alt_acceptor:chr8:98042775-98044942:98042775-98045114	alt_acceptor	RPL30	False	0.00012963496929208063	0.0005331541677743856	192616
alt_donor:chr1:153534821-153535201:153534830-153535201	alt_donor	S100A6	True	0.0001283916802191218	0.0001358362849018027	122236
alt_donor:chr12:53642864-53669147:53665428-53669147	alt_donor	ATP5MC2	False	0.00011969815248503773	0.0012972873242872373	28454
alt_donor:chr5:132866687-132867487:132867035-132867487	alt_donor	UQCRQ	True	0.00011052166224580044	0.010409763434476941	8154
alt_donor:chr17:38850199-38850361:38850214-38850361	alt_donor	RPL23	True	0.00010931073924899757	0.00045149669895418605	59110
alt_donor:chr4:108620600-108622104:108622024-108622104	alt_donor	RPL34	False	0.00010596598151253311	0.0016219246176136823	57011
cassette:chr4:108620600-108621958:108622024-108622104:108620600-108622104	cassette	RPL34	False	0.00010530177980816458	0.0016202136714131288	57022
alt_acceptor:chr19:1438892-1440018:1438892-1440025	alt_acceptor	RPS15	True	0.00010477473432124462	0.000492282983337311	10261
alt_acceptor:chr18:9124983-9126830:9124983-9134185	alt_acceptor	NDUFV2,ENSG00000265257	False	0.00010425699348892703	0.005476601221282074	6335
alt_donor:chr16:18788142-18788980:18788155-18788980	alt_donor	RPS15A,ENSG00000260342	False	0.00010268699125204339	0.00012044777799069539	83753
alt_donor:chr17:38850214-38852603:38850475-38852603	alt_donor	RPL23	False	0.00010194516424209018	0.0002958868595536029	67553
alt_acceptor:chr6:34421807-34424668:34421807-34744477	alt_acceptor	RPS10-NUDT3,RPS10	False	9.714256678394761e-05	0.00018180526215200166	146426
alt_donor:chr11:75404030-75404671:75404207-75404671	alt_donor	RPS3	False	9.339169818138712e-05	0.00012125668587523717	155700
alt_acceptor:chr7:22818048-22822153:22818048-22822676	alt_acceptor	TOMM7	True	8.863983983312248e-05	0.0011980039364260613	21544
alt_donor:chr19:55386663-55387929:55386693-55387929	alt_donor	RPL28	True	8.581974669067598e-05	0.0002003297743343479	255593
alt_donor:chr8:96231132-96231773:96231621-96231773	alt_donor	UQCRB	True	8.510015425744477e-05	0.00040597404030617845	37457
alt_donor:chr14:49577853-49585949:49583675-49585949	alt_donor	RPS29	True	8.47789427603407e-05	0.001215316065565235	60456
alt_acceptor:chr5:40834265-40834470:40834265-40835182	alt_acceptor	RPL37	False	8.235794397992713e-05	0.00018762240431319244	172165
alt_acceptor:chr13:27255354-27256183:27255354-27266279	alt_acceptor	RPL21	False	8.214227041236644e-05	0.000257406197408272	131879
cassette:chrX:101391822-101392049:101392107-101395334:101391822-101395334	cassette	RPL36A,RPL36A-HNRNPH2	False	8.06006173690025e-05	0.000319099677801958	95866
alt_acceptor:chr13:45337388-45337466:45337388-45338659	alt_acceptor	TPT1	True	7.871916287004687e-05	0.00031859648332454346	456973
alt_donor:chr20:62387088-62387320:62387136-62387320	alt_donor	RPS21	True	7.83684612102642e-05	0.0003693810104759786	52033
cassette:chr17:38850214-38850361:38850475-38852603:38850214-38852603	cassette	RPL23	False	7.596124145492489e-05	0.00021336265767846196	94640
alt_acceptor:chr3:12836223-12838898:12836223-12839348	alt_acceptor	RPL32	False	7.205667624410247e-05	9.913220297363718e-05	338970
cassette:chr19:39328548-39328999:39329073-39335260:39328548-39335260	cassette	GMFG	False	7.182360123536569e-05	0.0016205083928442776	31879
alt_acceptor:chr6:35470351-35470579:35470351-35470615	alt_acceptor	RPL10A	False	6.839093565025323e-05	0.0005941064176001598	137288
alt_acceptor:chr19:39328548-39328999:39328548-39335260	alt_acceptor	GMFG	True	6.740543018146639e-05	0.0016170121856812214	31876
cassette:chr19:39328548-39328999:39329626-39335260:39328548-39335260	cassette	GMFG	False	6.740543018146639e-05	0.0016115468578586367	31879
cassette:chr19:39328548-39328999:39333126-39335260:39328548-39335260	cassette	GMFG	True	6.464503996239657e-05	0.0015737442419219705	32271
cassette:chr5:40834265-40834470:40834606-40835182:40834265-40835182	cassette	RPL37	False	6.40082639327133e-05	0.0001461471806601944	209925
alt_donor:chr2:3580260-3580804:3580263-3580804	alt_donor	RPS7	False	6.331107973811534e-05	0.0003792578233003385	137359
alt_donor:chr19:39433418-39433664:39433569-39433664	alt_donor	RPS16	True	6.121182326208853e-05	0.00010641731581318543	131612
cassette:chr19:39433418-39433517:39433569-39433664:39433418-39433664	cassette	RPS16	True	6.118515148234582e-05	0.00010642771275393148	131627
cassette:chr19:39433418-39433493:39433569-39433664:39433418-39433664	cassette	RPS16	True	5.8333061608739634e-05	0.00010387875471118413	132056
alt_acceptor:chr8:98042775-98044942:98042775-98045346	alt_acceptor	RPL30	True	5.6687248600639784e-05	0.00022222626859852435	192738
cassette:chr8:98042775-98044942:98045088-98045346:98042775-98045346	cassette	RPL30	True	5.5459033438065575e-05	0.00022094551254547845	195534
alt_donor:chr19:5691342-5691531:5691453-5691531	alt_donor	RPL36	True	5.331888284394607e-05	0.00020395499201989912	116553
cassette:chr3:12836223-12838898:12839015-12839348:12836223-12839348	cassette	RPL32	False	5.1558992557733605e-05	9.913220297363718e-05	338972
alt_acceptor:chr2:216500031-216501340:216500031-216529269	alt_acceptor	RPL37A	True	5.1444007552303717e-05	0.00024274624774617282	111001
cassette:chr19:39433418-39433521:39433545-39433664:39433418-39433664	cassette	RPS16	True	4.273385608311031e-05	7.841583746737157e-05	173265
alt_acceptor:chr19:39433418-39433521:39433418-39433664	alt_acceptor	RPS16	True	4.271490990293003e-05	7.841571410810433e-05	173260
cassette:chr19:39433418-39433521:39433558-39433664:39433418-39433664	cassette	RPS16	False	4.2703675573685373e-05	7.84137397221163e-05	173268
alt_donor:chr13:27253843-27256183:27255354-27256183	alt_donor	RPL21	False	4.041813718615433e-05	0.00030211681128295776	131931
cassette:chr19:39433418-39433521:39433569-39433664:39433418-39433664	cassette	RPS16	True	4.0022827640151526e-05	7.231832064968913e-05	185648
cassette:chr13:27253843-27255241:27255354-27256183:27253843-27256183	cassette	RPL21	False	3.9921813035803666e-05	0.0003014022970242447	132111
alt_acceptor:chr5:181237042-181237224:181237042-181237608	alt_acceptor	RACK1	True	3.0619739985124784e-05	0.001219960151807496	94426
alt_acceptor:chr12:53297924-53298018:53297924-53298044	alt_acceptor	PFDN5,ENSG00000288663	True	2.2287097808514284e-05	0.00042501746808675634	39192
alt_acceptor:chr2:55234962-55235409:55234962-55235427	alt_acceptor	RPS27A	True	2.1184766343193106e-05	8.800518951638121e-05	312228
alt_acceptor:chr2:84906117-84906365:84906117-84906388	alt_acceptor	TMSB10	False	1.2861192028953798e-05	0.0003795116003991314	115438
cassette:chr4:108620600-108621950:108622024-108622104:108620600-108622104	cassette	RPL34	False	1.0803207835086148e-05	0.000917370708757359	88923
alt_donor:chr3:197951241-197954002:197951311-197954002	alt_donor	RPL35A	False	9.684623097256392e-06	9.025547637613195e-05	156454
cassette:chr3:197951241-197951282:197951311-197954002:197951241-197954002	cassette	RPL35A	False	9.684623097250267e-06	9.023780831224348e-05	156461
cassette:chr13:27253843-27254219:27255354-27256183:27253843-27256183	cassette	RPL21	False	7.720246815834386e-06	0.00025283416240451384	149527
alt_acceptor:chr6:34417547-34417797:34417547-34418368	alt_acceptor	RPS10	True	2.722464219041712e-06	0.0002555416100959207	89229
cassette:chr6:34417547-34417797:34417927-34418368:34417547-34418368	cassette	RPS10	False	2.722464219041712e-06	0.0002524520237178991	89231
